utcTimeMillis,TimeNanos,LeapSecond,TimeUncertaintyNanos,FullBiasNanos,BiasNanos,BiasUncertaintyNanos,DriftNanosPerSecond,DriftUncertaintyNanosPerSecond,HardwareClockDiscontinuityCount,Svid,TimeOffsetNanos,State,ReceivedSvTimeNanos,ReceivedSvTimeUncertaintyNanos,Cn0DbHz,PseudorangeRateMetersPerSecond,PseudorangeRateUncertaintyMetersPerSecond,AccumulatedDeltaRangeState,AccumulatedDeltaRangeMeters,AccumulatedDeltaRangeUncertaintyMeters,CarrierFrequencyHz,CarrierCycles,CarrierPhase,CarrierPhaseUncertainty,MultipathIndicator,SnrInDb,ConstellationType,AgcDb,BasebandCn0DbHz,FullInterSignalBiasNanos,FullInterSignalBiasUncertaintyNanos,SatelliteInterSignalBiasNanos,SatelliteInterSignalBiasUncertaintyNanos,CodeType,ChipsetElapsedRealtimeNanos
1651867061999,68236000000,,,-1335902211763640518,0.0,5.361231105169039,340.0,1.0,7,2,0.0,16431,503879930283556,30,32.82544708251953,-34.67575114503828,0.6587497802780509,25,-2294.596602861705,0.003137018531560898,1.57542003E9,,,,0,,1,,28.725448608398438,0.0,1.0,0.0,1.0,C,8204951840074
1651867061999,68236000000,,,-1335902211763640518,0.0,5.361231105169039,340.0,1.0,7,6,0.0,16431,503879929047693,17,40.05247116088867,445.20645088364563,0.15,25,30251.452264914988,0.0014479117235168815,1.57542003E9,,,,0,,1,,35.95247268676758,0.320142130558394,1.0,0.320142130558394,1.0,C,8204951840074
1651867061999,68236000000,,,-1335902211763640518,0.0,5.361231105169039,340.0,1.0,7,12,0.0,16431,503879930832176,13,42.630706787109375,-182.72400767238457,0.15,25,-12289.05441354573,0.0010760448640212417,1.57542003E9,,,,0,,1,,38.53070831298828,-0.6984919076624261,1.0,-0.6984919076624261,1.0,C,8204951840074
1651867061999,68236000000,,,-1335902211763640518,0.0,5.361231105169039,340.0,1.0,7,17,0.0,16431,503879917394268,37,30.27802848815918,591.3936050504144,0.7745834022124831,16,40552.20037136496,3.4028234663852886E38,1.57542003E9,,,,0,,1,,26.178028106689453,-0.7858034271858065,1.0,-0.7858034271858065,1.0,C,8204951840074
1651867061999,68236000000,,,-1335902211763640518,0.0,5.361231105169039,340.0,1.0,7,19,0.0,16431,503879924051235,15,41.07344055175781,613.2694979344933,0.15,25,42006.13108783014,0.001287340885028243,1.57542003E9,,,,0,,1,,36.97344207763672,0.0,1.0,0.0,1.0,C,8204951840074
1651867061999,68236000000,,,-1335902211763640518,0.0,5.361231105169039,340.0,1.0,7,20,0.0,16431,503879920125448,26,34.481998443603516,-475.08360942593254,0.5860268712108874,25,-32022.26632571783,0.002592325210571289,1.57542003E9,,,,0,,1,,30.381999969482422,0.0,1.0,0.0,1.0,C,8204951840074
1651867061999,68236000000,,,-1335902211763640518,0.0,5.361231105169039,340.0,1.0,7,24,0.0,16431,503879927291316,12,46.26217269897461,501.67821841559453,0.15,25,34250.826025614326,7.466820534318686E-4,1.57542003E9,,,,0,,1,,42.162174224853516,-0.20372681261465636,1.0,-0.20372681261465636,1.0,C,8204951840074
1651867061999,68236000000,,,-1335902211763640518,0.0,5.361231105169039,340.0,1.0,7,25,0.0,16431,503879921999266,18,39.320556640625,-500.91276052454873,0.15,25,-33820.40119853335,0.001575207686983049,1.57542003E9,,,,0,,1,,35.220558166503906,-2.0372682255564105,1.0,-2.0372682255564105,1.0,C,8204951840074
1651867061999,68236000000,,,-1335902211763640518,0.0,5.361231105169039,340.0,1.0,7,6,0.0,81921,503879929048224,7,36.96928787231445,445.1835133904058,0.15,25,31718.692367169177,0.0027335321065038443,1.17645005E9,,,,0,,1,,32.96928787231445,1.9208527336454408,2.22618646483083,1.9208527336454408,1.0,Q,8204951840074
1651867061999,68236000000,,,-1335902211763640518,0.0,5.361231105169039,340.0,1.0,7,24,0.0,81921,503879927291841,6,39.91025924682617,501.73039865653095,0.15,25,35772.08292723952,0.001948388759046793,1.17645005E9,,,,0,,1,,35.91025924682617,3.143213708743226,2.22618646483083,3.143213708743226,1.0,Q,8204951840074
1651867061999,68236000000,,,-1335902211763640518,0.0,5.361231105169039,340.0,1.0,7,25,0.0,81921,503879921999798,7,35.225406646728516,-500.8961623682221,0.544839487281731,25,-35361.27488070101,0.003150227712467313,1.17645005E9,,,,0,,1,,31.225406646728516,1.0186341127782053,2.22618646483083,1.0186341127782053,1.0,Q,8204951840074
1651867061999,68236000000,,,-1335902211763640518,0.0,5.361231105169039,340.0,1.0,7,18,0.0,32995,82661935427039,39,38.234336853027344,173.0075083072096,0.15,17,11770.818304787455,0.09542412657645084,1.60031245E9,,,,0,,3,,34.13433837890625,48.42877388000488,2.0000000474974513,48.42877388000488,2.0000000474974513,C,8204951840074
1651867061999,68236000000,,,-1335902211763640518,0.0,5.361231105169039,340.0,1.0,7,9,0.0,32995,82661922141823,33,43.539546966552734,-662.5476858629117,0.15,25,-44314.89819974585,9.537337464280427E-4,1.60087501E9,,,,0,,3,,39.43954849243164,48.42877388000488,2.0000000474974513,48.42877388000488,2.0000000474974513,C,8204951840074
1651867061999,68236000000,,,-1335902211763640518,0.0,5.361231105169039,340.0,1.0,7,15,0.0,32995,82661932383182,52,34.79314041137695,582.948040488975,0.5706425695614143,17,37950.467695201536,0.09602779231176167,1.602E9,,,,0,,3,,30.69314193725586,48.42877388000488,2.0000000474974513,48.42877388000488,2.0000000474974513,C,8204951840074
1651867061999,68236000000,,,-1335902211763640518,0.0,5.361231105169039,340.0,1.0,7,19,0.0,32995,82661929227248,41,37.65656280517578,-407.51817270809147,0.15,25,-27955.25347642696,0.0018741919193416834,1.60368755E9,,,,0,,3,,33.55656433105469,48.42877388000488,2.0000000474974513,48.42877388000488,2.0000000474974513,C,8204951840074
1651867061999,68236000000,,,-1335902211763640518,0.0,5.361231105169039,340.0,1.0,7,17,0.0,32995,82661929092818,33,45.286094665527344,718.6587928399363,0.15,25,49629.94496101395,8.204725454561412E-4,1.60424998E9,,,,0,,3,,41.18609619140625,48.42877388000488,2.0000000474974513,48.42877388000488,2.0000000474974513,C,8204951840074
1651867061999,68236000000,,,-1335902211763640518,0.0,5.361231105169039,340.0,1.0,7,2,0.0,85026,503879914984316,24,35.499732971191406,489.0989290323296,0.5371772251737499,25,32904.277670992735,0.002445563906803727,1.57542003E9,,,,1,,6,,31.399734497070312,-4.423782229423522,1.5000000237487257,-4.423782229423522,1.5000000237487257,C,8204951840074
1651867061999,68236000000,,,-1335902211763640518,0.0,5.361231105169039,340.0,1.0,7,15,0.0,85026,503879918236744,17,42.32011032104492,-308.43133749793355,0.15,25,-20770.82420603508,0.0011755438754335046,1.57542003E9,,,,0,,6,,38.22011184692383,-4.423782229423522,1.5000000237487257,-4.423782229423522,1.5000000237487257,C,8204951840074
1651867061999,68236000000,,,-1335902211763640518,0.0,5.361231105169039,340.0,1.0,7,27,0.0,85026,503879913406223,19,40.86659240722656,-337.7184946353541,0.15,25,-22368.774233310607,0.0013896799646317959,1.57542003E9,,,,0,,6,,36.76659393310547,-4.423782229423522,1.5000000237487257,-4.423782229423522,1.5000000237487257,C,8204951840074
1651867061999,68236000000,,,-1335902211763640518,0.0,5.361231105169039,340.0,1.0,7,30,0.0,85026,503879921563960,23,36.11155700683594,73.28934671365141,0.15,25,5205.641858123969,0.002279228065162897,1.57542003E9,,,,1,,6,,32.011558532714844,-4.423782229423522,1.5000000237487257,-4.423782229423522,1.5000000237487257,C,8204951840074
1651867061999,68236000000,,,-1335902211763640518,0.0,5.361231105169039,340.0,1.0,7,2,0.0,84003,503879914984843,7,33.71971893310547,489.0998151761992,0.6148841942526402,25,33518.67719856648,0.0037465051282197237,1.17645005E9,,,,0,,6,,29.7197208404541,-2.7614412829279895,2.7261864885795557,-2.7614412829279895,1.5000000237487257,Q,8204951840074
1651867061999,68236000000,,,-1335902211763640518,0.0,5.361231105169039,340.0,1.0,7,15,0.0,84003,503879918237264,8,36.381736755371094,-308.4400966892599,0.15,25,-20544.130968647874,0.0029248371720314026,1.17645005E9,,,,0,,6,,32.381736755371094,-9.780214168131348,2.7261864885795557,-9.780214168131348,1.5000000237487257,Q,8204951840074
1651867061999,68236000000,,,-1335902211763640518,0.0,5.361231105169039,340.0,1.0,7,27,0.0,84003,503879913406744,8,33.825077056884766,-337.7207440774846,0.609862557001251,25,-22735.106352385257,0.0037013355176895857,1.17645005E9,,,,0,,6,,29.825077056884766,-6.6402368247508985,2.7261864885795557,-6.6402368247508985,1.5000000237487257,Q,8204951840074
1651867061999,68236000000,,,-1335902211763640518,0.0,5.361231105169039,340.0,1.0,7,30,0.0,84003,503879921564491,8,35.36212158203125,73.23986750739442,0.5422107114041645,25,5360.21519690258,0.0032891412265598774,1.17645005E9,,,,0,,6,,31.36212158203125,-6.27082772552967,2.7261864885795557,-6.27082772552967,1.5000000237487257,Q,8204951840074
1651867062999,69236000000,,,-1335902211763640179,0.0,5.39090772798039,339.0,1.0,7,2,0.0,16431,503880930283665,32,32.12285614013672,-34.768489509236844,0.6903446168784835,25,-2329.320861117457,0.0034013132099062204,1.57542003E9,,,,0,,1,,28.022855758666992,0.0,1.0,0.0,1.0,C,8205975110542
1651867062999,69236000000,,,-1335902211763640179,0.0,5.39090772798039,339.0,1.0,7,6,0.0,16431,503880929046216,15,41.205440521240234,445.16909651129663,0.15,25,30696.60438785529,0.0012679252540692687,1.57542003E9,,,,0,,1,,37.10544204711914,0.320142130558394,1.0,0.320142130558394,1.0,C,8205975110542
1651867062999,69236000000,,,-1335902211763640179,0.0,5.39090772798039,339.0,1.0,7,12,0.0,16431,503880930832790,14,41.95341110229492,-182.82419305333337,0.15,25,-12471.876401757878,0.0011633089743554592,1.57542003E9,,,,0,,1,,37.85341262817383,-0.6984919076624261,1.0,-0.6984919076624261,1.0,C,8205975110542
1651867062999,69236000000,,,-1335902211763640179,0.0,5.39090772798039,339.0,1.0,7,17,0.0,16431,503880917392278,41,29.083398818969727,590.8583741531802,0.8283042101241156,16,41143.69318472997,3.4028234663852886E38,1.57542003E9,,,,0,,1,,24.9833984375,-0.7858034271858065,1.0,-0.7858034271858065,1.0,C,8205975110542
1651867062999,69236000000,,,-1335902211763640179,0.0,5.39090772798039,339.0,1.0,7,19,0.0,16431,503880924049186,14,42.0355110168457,613.0363057669642,0.15,25,42619.237944734385,0.0011523651191964746,1.57542003E9,,,,0,,1,,37.93551254272461,0.0,1.0,0.0,1.0,C,8205975110542
1651867062999,69236000000,,,-1335902211763640179,0.0,5.39090772798039,339.0,1.0,7,20,0.0,16431,503880920127026,27,33.98139953613281,-475.2828554667649,0.6085386000133952,25,-32497.46763460914,0.0027461200952529907,1.57542003E9,,,,0,,1,,29.881399154663086,0.0,1.0,0.0,1.0,C,8205975110542
1651867062999,69236000000,,,-1335902211763640179,0.0,5.39090772798039,339.0,1.0,7,24,0.0,16431,503880927289637,13,45.50853729248047,501.5665302055693,0.15,25,34752.425652991005,8.143620216287673E-4,1.57542003E9,,,,0,,1,,41.408538818359375,-0.20372681261465636,1.0,-0.20372681261465636,1.0,C,8205975110542
1651867062999,69236000000,,,-1335902211763640179,0.0,5.39090772798039,339.0,1.0,7,25,0.0,16431,503880922000956,16,40.46273422241211,-501.0417967049441,0.15,25,-34321.39895736162,0.001381112146191299,1.57542003E9,,,,0,,1,,36.362735748291016,-2.0372682255564105,1.0,-2.0372682255564105,1.0,C,8205975110542
1651867062999,69236000000,,,-1335902211763640179,0.0,5.39090772798039,339.0,1.0,7,6,0.0,81921,503880929046742,7,37.16994857788086,445.11592787912105,0.15,25,32163.82661404408,0.002671106019988656,1.17645005E9,,,,0,,1,,33.16994857788086,1.9208527336454408,2.2107636235246737,1.9208527336454408,1.0,Q,8205975110542
1651867062999,69236000000,,,-1335902211763640179,0.0,5.39090772798039,339.0,1.0,7,24,0.0,81921,503880927290168,8,40.35179901123047,501.554908087895,0.15,25,36273.67717749517,0.0018518191063776612,1.17645005E9,,,,0,,1,,36.35179901123047,3.143213708743226,2.2107636235246737,3.143213708743226,1.0,Q,8205975110542
1651867062999,69236000000,,,-1335902211763640179,0.0,5.39090772798039,339.0,1.0,7,25,0.0,81921,503880922001468,6,36.095428466796875,-501.09656721257625,0.15,25,-35862.29137604462,0.0028499742038547993,1.17645005E9,,,,0,,1,,32.095428466796875,1.0186341127782053,2.2107636235246737,1.0186341127782053,1.0,Q,8205975110542
1651867062999,69236000000,,,-1335902211763640179,0.0,5.39090772798039,339.0,1.0,7,18,0.0,32995,82662935426454,45,36.575382232666016,172.95856589964285,0.15,17,11943.779457923967,0.09579394999780246,1.60031245E9,,,,0,,3,,32.47538375854492,48.42877388000488,2.0000000474974513,48.42877388000488,2.0000000474974513,C,8205975110542
1651867062999,69236000000,,,-1335902211763640179,0.0,5.39090772798039,339.0,1.0,7,9,0.0,32995,82662922144046,33,44.167423248291016,-662.7818323392235,0.15,25,-44977.59014114773,8.872242760844529E-4,1.60087501E9,,,,0,,3,,40.06742477416992,48.42877388000488,2.0000000474974513,48.42877388000488,2.0000000474974513,C,8205975110542
1651867062999,69236000000,,,-1335902211763640179,0.0,5.39090772798039,339.0,1.0,7,15,0.0,32995,82662932381247,53,34.50613784790039,582.9503580960186,0.583548570710215,17,38533.40180117017,0.09611042251021057,1.602E9,,,,0,,3,,30.406137466430664,48.42877388000488,2.0000000474974513,48.42877388000488,2.0000000474974513,C,8205975110542
1651867062999,69236000000,,,-1335902211763640179,0.0,5.39090772798039,339.0,1.0,7,19,0.0,32995,82662929228574,43,36.990272521972656,-407.63231485498636,0.15,25,-28362.87594045791,0.0020236182026565075,1.60368755E9,,,,0,,3,,32.89027404785156,48.42877388000488,2.0000000474974513,48.42877388000488,2.0000000474974513,C,8205975110542
1651867062999,69236000000,,,-1335902211763640179,0.0,5.39090772798039,339.0,1.0,7,17,0.0,32995,82662929090399,33,45.507347106933594,718.4488449077558,0.15,25,50348.43933638119,7.998368237167597E-4,1.60424998E9,,,,0,,3,,41.4073486328125,48.42877388000488,2.0000000474974513,48.42877388000488,2.0000000474974513,C,8205975110542
1651867062999,69236000000,,,-1335902211763640179,0.0,5.39090772798039,339.0,1.0,7,2,0.0,85026,503880914982686,22,36.85137176513672,489.0124618401312,0.15,25,33393.32639339813,0.0020931337494403124,1.57542003E9,,,,0,,6,,32.751373291015625,-4.423782229423522,1.5000000237487257,-4.423782229423522,1.5000000237487257,C,8205975110542
1651867062999,69236000000,,,-1335902211763640179,0.0,5.39090772798039,339.0,1.0,7,15,0.0,85026,503880918237767,17,41.94496536254883,-308.6086003543087,0.15,25,-21079.39369987408,0.0012274282053112984,1.57542003E9,,,,0,,6,,37.844966888427734,-4.423782229423522,1.5000000237487257,-4.423782229423522,1.5000000237487257,C,8205975110542
1651867062999,69236000000,,,-1335902211763640179,0.0,5.39090772798039,339.0,1.0,7,27,0.0,85026,503880913407352,18,41.618125915527344,-337.8621181071412,0.15,25,-22706.59426962776,0.0012744949199259281,1.57542003E9,,,,0,,6,,37.51812744140625,-4.423782229423522,1.5000000237487257,-4.423782229423522,1.5000000237487257,C,8205975110542
1651867062999,69236000000,,,-1335902211763640179,0.0,5.39090772798039,339.0,1.0,7,30,0.0,85026,503880921563716,24,35.60660171508789,73.1694531522183,0.5328355395867206,25,5278.829280395755,0.002415659371763468,1.57542003E9,,,,0,,6,,31.506601333618164,-4.423782229423522,1.5000000237487257,-4.423782229423522,1.5000000237487257,C,8205975110542
1651867062999,69236000000,,,-1335902211763640179,0.0,5.39090772798039,339.0,1.0,7,2,0.0,84003,503880914983212,9,33.02385330200195,488.9691430378907,0.6461762162149434,25,34007.72981155988,0.004059005994349718,1.17645005E9,,,,0,,6,,29.023853302001953,-2.7614412829279895,2.7107636472733994,-2.7614412829279895,1.5000000237487257,Q,8205975110542
1651867062999,69236000000,,,-1335902211763640179,0.0,5.39090772798039,339.0,1.0,7,15,0.0,84003,503880918238294,7,36.61989974975586,-308.57669917500334,0.15,25,-20852.703717840304,0.0028457287698984146,1.17645005E9,,,,0,,6,,32.61989974975586,-9.780214168131348,2.7107636472733994,-9.780214168131348,1.5000000237487257,Q,8205975110542
1651867062999,69236000000,,,-1335902211763640179,0.0,5.39090772798039,339.0,1.0,7,27,0.0,84003,503880913407870,7,34.70060348510742,-337.9356339658609,0.5704912620932965,25,-23072.943968271386,0.0033464336302131414,1.17645005E9,,,,0,,6,,30.700603485107422,-6.6402368247508985,2.7107636472733994,-6.6402368247508985,1.5000000237487257,Q,8205975110542
1651867062999,69236000000,,,-1335902211763640179,0.0,5.39090772798039,339.0,1.0,7,30,0.0,84003,503880921564246,8,34.238014221191406,73.11243320245563,0.5927604862295688,25,5433.402565860788,0.0035294867120683193,1.17645005E9,,,,0,,6,,30.23801612854004,-6.27082772552967,2.7107636472733994,-6.27082772552967,1.5000000237487257,Q,8205975110542
1651867063999,70236000000,,,-1335902211763639842,0.0,5.3939957954682365,338.0,1.0,7,2,0.0,16431,503881930283773,33,31.779905319213867,-35.028170135944734,0.7057666621858636,25,-2364.263530727855,0.0035382958594709635,1.57542003E9,,,,0,,1,,27.67990493774414,0.0,1.0,0.0,1.0,C,8206959579048
1651867063999,70236000000,,,-1335902211763639842,0.0,5.3939957954682365,338.0,1.0,7,6,0.0,16431,503881929044730,15,40.89394760131836,444.81334383011153,0.15,25,31141.523449209853,0.0013142206007614732,1.57542003E9,,,,0,,1,,36.793949127197266,0.320142130558394,1.0,0.320142130558394,1.0,C,8206959579048
1651867063999,70236000000,,,-1335902211763639842,0.0,5.3939957954682365,338.0,1.0,7,12,0.0,16431,503881930833393,13,42.54969024658203,-183.17638411781184,0.15,25,-12654.936706042681,0.0010861281771212816,1.57542003E9,,,,0,,1,,38.44969177246094,-0.6984919076624261,1.0,-0.6984919076624261,1.0,C,8206959579048
1651867063999,70236000000,,,-1335902211763639842,0.0,5.3939957954682365,338.0,1.0,7,17,0.0,16431,503881917390312,38,30.012834548950195,590.9246304486605,0.7865082013902951,16,41733.355693045356,3.4028234663852886E38,1.57542003E9,,,,0,,1,,25.91283416748047,-0.7858034271858065,1.0,-0.7858034271858065,1.0,C,8206959579048
1651867063999,70236000000,,,-1335902211763639842,0.0,5.3939957954682365,338.0,1.0,7,19,0.0,16431,503881924047155,14,41.65945816040039,612.689278194649,0.15,25,43232.06294079388,0.0012033522361889482,1.57542003E9,,,,0,,1,,37.5594596862793,0.0,1.0,0.0,1.0,C,8206959579048
1651867063999,70236000000,,,-1335902211763639842,0.0,5.3939957954682365,338.0,1.0,7,20,0.0,16431,503881920128615,30,32.89314651489258,-475.68260859932093,0.6574762813020003,25,-32972.964612631455,0.003112662583589554,1.57542003E9,,,,0,,1,,28.793148040771484,0.0,1.0,0.0,1.0,C,8206959579048
1651867063999,70236000000,,,-1335902211763639842,0.0,5.3939957954682365,338.0,1.0,7,24,0.0,16431,503881927287961,13,45.802406311035156,501.2594813547553,0.15,25,35253.81214655222,7.872704300098121E-4,1.57542003E9,,,,0,,1,,41.70240783691406,-0.20372681261465636,1.0,-0.20372681261465636,1.0,C,8206959579048
1651867063999,70236000000,,,-1335902211763639842,0.0,5.3939957954682365,338.0,1.0,7,25,0.0,16431,503881922002620,18,39.03450393676758,-501.4521153990222,0.15,25,-34822.70487022337,0.0016279475530609488,1.57542003E9,,,,0,,1,,34.934505462646484,-2.0372682255564105,1.0,-2.0372682255564105,1.0,C,8206959579048
1651867063999,70236000000,,,-1335902211763639842,0.0,5.3939957954682365,338.0,1.0,7,6,0.0,81921,503881929045256,9,36.24576187133789,444.8292603373077,0.15,25,32608.762633531387,0.0029709849040955305,1.17645005E9,,,,0,,1,,32.24576187133789,1.9208527336454408,2.1966952413841723,1.9208527336454408,1.0,Q,8206959579048
1651867063999,70236000000,,,-1335902211763639842,0.0,5.3939957954682365,338.0,1.0,7,24,0.0,81921,503881927288496,7,39.6810188293457,501.27335291456006,0.15,25,36775.06570807269,0.0020004957914352417,1.17645005E9,,,,0,,1,,35.6810188293457,3.143213708743226,2.1966952413841723,3.143213708743226,1.0,Q,8206959579048
1651867063999,70236000000,,,-1335902211763639842,0.0,5.3939957954682365,338.0,1.0,7,25,0.0,81921,503881922003141,7,36.1219482421875,-501.51360015058935,0.15,25,-36363.57795679404,0.002841285429894924,1.17645005E9,,,,0,,1,,32.1219482421875,1.0186341127782053,2.1966952413841723,1.0186341127782053,1.0,Q,8206959579048
1651867063999,70236000000,,,-1335902211763639842,0.0,5.3939957954682365,338.0,1.0,7,18,0.0,32995,82663935425933,42,37.45343017578125,172.62399546518668,0.15,17,12116.527117062416,0.09558943447079994,1.60031245E9,,,,0,,3,,33.353431701660156,48.42877388000488,2.0000000474974513,48.42877388000488,2.0000000474974513,C,8206959579048
1651867063999,70236000000,,,-1335902211763639842,0.0,5.3939957954682365,338.0,1.0,7,9,0.0,32995,82663922146259,33,43.99082565307617,-663.1281782624083,0.15,25,-45640.57066234705,9.054473484866321E-4,1.60087501E9,,,,0,,3,,39.89082717895508,48.42877388000488,2.0000000474974513,48.42877388000488,2.0000000474974513,C,8206959579048
1651867063999,70236000000,,,-1335902211763639842,0.0,5.3939957954682365,338.0,1.0,7,15,0.0,32995,82663932379307,57,33.68781280517578,582.6526137558353,0.6203473723909743,17,39116.1294695499,0.09636158018514901,1.602E9,,,,0,,3,,29.587812423706055,48.42877388000488,2.0000000474974513,48.42877388000488,2.0000000474974513,C,8206959579048
1651867063999,70236000000,,,-1335902211763639842,0.0,5.3939957954682365,338.0,1.0,7,19,0.0,32995,82663929229967,42,37.22381591796875,-407.92020936523454,0.15,25,-28770.707150877373,0.001969932811334729,1.60368755E9,,,,0,,3,,33.123817443847656,48.42877388000488,2.0000000474974513,48.42877388000488,2.0000000474974513,C,8206959579048
1651867063999,70236000000,,,-1335902211763639842,0.0,5.3939957954682365,338.0,1.0,7,17,0.0,32995,82663929088004,33,44.90653991699219,718.0749603597005,0.15,25,51066.68144930118,8.571200887672603E-4,1.60424998E9,,,,0,,3,,40.806541442871094,48.42877388000488,2.0000000474974513,48.42877388000488,2.0000000474974513,C,8206959579048
1651867063999,70236000000,,,-1335902211763639842,0.0,5.3939957954682365,338.0,1.0,7,2,0.0,85026,503881914981051,25,34.988216400146484,488.5607329613779,0.5601789225724221,25,33882.10102905285,0.0025939091574400663,1.57542003E9,,,,1,,6,,30.88821792602539,-4.423782229423522,1.5000000237487257,-4.423782229423522,1.5000000237487257,C,8206959579048
1651867063999,70236000000,,,-1335902211763639842,0.0,5.3939957954682365,338.0,1.0,7,15,0.0,85026,503881918238798,17,42.09125518798828,-308.9210001507968,0.15,25,-21388.205402717667,0.0012069287477061152,1.57542003E9,,,,0,,6,,37.99125671386719,-4.423782229423522,1.5000000237487257,-4.423782229423522,1.5000000237487257,C,8206959579048
1651867063999,70236000000,,,-1335902211763639842,0.0,5.3939957954682365,338.0,1.0,7,27,0.0,85026,503881913408481,20,40.307010650634766,-338.2638480221756,0.15,25,-23044.718097310568,0.0014821554068475962,1.57542003E9,,,,0,,6,,36.20701217651367,-4.423782229423522,1.5000000237487257,-4.423782229423522,1.5000000237487257,C,8206959579048
1651867063999,70236000000,,,-1335902211763639842,0.0,5.3939957954682365,338.0,1.0,7,30,0.0,85026,503881921563481,24,35.56955337524414,72.82028690575623,0.5345013529329219,25,5351.764308760085,0.002425984013825655,1.57542003E9,,,,1,,6,,31.469554901123047,-4.423782229423522,1.5000000237487257,-4.423782229423522,1.5000000237487257,C,8206959579048
1651867063999,70236000000,,,-1335902211763639842,0.0,5.3939957954682365,338.0,1.0,7,2,0.0,84003,503881914981581,8,33.063446044921875,488.58101202300895,0.6443956075635202,25,34496.5078803838,0.004040546715259552,1.17645005E9,,,,0,,6,,29.063444137573242,-2.7614412829279895,2.696695265132898,-2.7614412829279895,1.5000000237487257,Q,8206959579048
1651867063999,70236000000,,,-1335902211763639842,0.0,5.3939957954682365,338.0,1.0,7,15,0.0,84003,503881918239324,8,36.097442626953125,-308.87256898007786,0.15,25,-21161.508902061512,0.003022153163328767,1.17645005E9,,,,0,,6,,32.097442626953125,-9.780214168131348,2.696695265132898,-9.780214168131348,1.5000000237487257,Q,8206959579048
1651867063999,70236000000,,,-1335902211763639842,0.0,5.3939957954682365,338.0,1.0,7,27,0.0,84003,503881913408999,7,34.405311584472656,-338.2537596150448,0.583770306379507,25,-23411.047246421902,0.0034621560480445623,1.17645005E9,,,,0,,6,,30.40531349182129,-6.6402368247508985,2.696695265132898,-6.6402368247508985,1.5000000237487257,Q,8206959579048
1651867063999,70236000000,,,-1335902211763639842,0.0,5.3939957954682365,338.0,1.0,7,30,0.0,84003,503881921564003,7,33.80506134033203,72.83524910416975,0.6122299563836284,25,5506.341710978881,0.003709875512868166,1.17645005E9,,,,0,,6,,29.8050594329834,-6.27082772552967,2.696695265132898,-6.27082772552967,1.5000000237487257,Q,8206959579048
1651867064999,71236000000,,,-1335902211763639505,0.0,5.424851021425863,337.0,1.0,7,2,0.0,16431,503882930283892,32,32.16184616088867,-35.0912333312796,0.6885913673864956,25,-2399.3480535270987,0.0033860800322145224,1.57542003E9,,,,0,,1,,28.061845779418945,0.0,1.0,0.0,1.0,C,8207973930489
1651867064999,71236000000,,,-1335902211763639505,0.0,5.424851021425863,337.0,1.0,7,6,0.0,16431,503882929043245,15,40.87062072753906,444.801312722959,0.15,25,31586.310386955854,0.001317754853516817,1.57542003E9,,,,0,,1,,36.77062225341797,0.320142130558394,1.0,0.320142130558394,1.0,C,8207973930489
1651867064999,71236000000,,,-1335902211763639505,0.0,5.424851021425863,337.0,1.0,7,12,0.0,16431,503882930834007,13,42.80992889404297,-183.30134744465272,0.15,25,-12838.184877656377,0.0010540693765506148,1.57542003E9,,,,0,,1,,38.709930419921875,-0.6984919076624261,1.0,-0.6984919076624261,1.0,C,8207973930489
1651867064999,71236000000,,,-1335902211763639505,0.0,5.424851021425863,337.0,1.0,7,17,0.0,16431,503882917388337,30,32.69717788696289,590.5492462725183,0.6657959287603545,17,42323.92101332751,0.09833052466911053,1.57542003E9,,,,0,,1,,28.597177505493164,-0.7858034271858065,1.0,-0.7858034271858065,1.0,C,8207973930489
1651867064999,71236000000,,,-1335902211763639505,0.0,5.424851021425863,337.0,1.0,7,19,0.0,16431,503882924045100,15,41.01068878173828,612.526500382296,0.15,25,43844.64408692991,0.0012966750655323267,1.57542003E9,,,,0,,1,,36.91069030761719,0.0,1.0,0.0,1.0,C,8207973930489
1651867064999,71236000000,,,-1335902211763639505,0.0,5.424851021425863,337.0,1.0,7,20,0.0,16431,503882920130196,32,32.146366119384766,-475.85748568373947,0.6910584845811214,25,-33448.70015244571,0.0033921189606189728,1.57542003E9,,,,0,,1,,28.046367645263672,0.0,1.0,0.0,1.0,C,8207973930489
1651867064999,71236000000,,,-1335902211763639505,0.0,5.424851021425863,337.0,1.0,7,24,0.0,16431,503882927286294,12,46.023353576660156,501.1907370399488,0.15,25,35755.03841421841,7.674969383515418E-4,1.57542003E9,,,,0,,1,,41.92335510253906,-0.20372681261465636,1.0,-0.20372681261465636,1.0,C,8207973930489
1651867064999,71236000000,,,-1335902211763639505,0.0,5.424851021425863,337.0,1.0,7,25,0.0,16431,503882922004293,18,38.88615798950195,-501.6103602446576,0.15,25,-35324.23552341039,0.0016559900250285864,1.57542003E9,,,,0,,1,,34.78615951538086,-2.0372682255564105,1.0,-2.0372682255564105,1.0,C,8207973930489
1651867064999,71236000000,,,-1335902211763639505,0.0,5.424851021425863,337.0,1.0,7,6,0.0,81921,503882929043773,8,36.5399055480957,444.7315800169133,0.15,25,33053.536674979,0.002872058190405369,1.17645005E9,,,,0,,1,,32.5399055480957,1.9208527336454408,2.1831737128121307,1.9208527336454408,1.0,Q,8207973930489
1651867064999,71236000000,,,-1335902211763639505,0.0,5.424851021425863,337.0,1.0,7,24,0.0,81921,503882927286823,6,39.97675323486328,501.1729800801004,0.15,25,37276.286520946975,0.0019335299730300903,1.17645005E9,,,,0,,1,,35.97675323486328,3.143213708743226,2.1831737128121307,3.143213708743226,1.0,Q,8207973930489
1651867064999,71236000000,,,-1335902211763639505,0.0,5.424851021425863,337.0,1.0,7,25,0.0,81921,503882922004814,7,36.15308380126953,-501.63599025196277,0.15,25,-36865.113026427636,0.002831118879839778,1.17645005E9,,,,0,,1,,32.15308380126953,1.0186341127782053,2.1831737128121307,1.0186341127782053,1.0,Q,8207973930489
1651867064999,71236000000,,,-1335902211763639505,0.0,5.424851021425863,337.0,1.0,7,18,0.0,32995,82664935425349,39,38.3331413269043,172.64241703293726,0.15,17,12289.161710502305,0.09540424994081743,1.60031245E9,,,,0,,3,,34.2331428527832,48.42877388000488,2.0000000474974513,48.42877388000488,2.0000000474974513,C,8207973930489
1651867064999,71236000000,,,-1335902211763639505,0.0,5.424851021425863,337.0,1.0,7,9,0.0,32995,82664922148468,33,43.92140197753906,-663.2711200850649,0.15,25,-46303.77954470376,9.127135272137821E-4,1.60087501E9,,,,0,,3,,39.82140350341797,48.42877388000488,2.0000000474974513,48.42877388000488,2.0000000474974513,C,8207973930489
1651867064999,71236000000,,,-1335902211763639505,0.0,5.424851021425863,337.0,1.0,7,15,0.0,32995,82664932377376,62,32.629154205322266,582.5922196428769,0.6679535745870613,17,39698.723000575505,0.09672366373382896,1.602E9,,,,0,,3,,28.529155731201172,48.42877388000488,2.0000000474974513,48.42877388000488,2.0000000474974513,C,8207973930489
1651867064999,71236000000,,,-1335902211763639505,0.0,5.424851021425863,337.0,1.0,7,19,0.0,32995,82664929231281,42,37.22002410888672,-408.03482866652075,0.15,25,-29178.702483970716,0.0019707928877323866,1.60368755E9,,,,0,,3,,33.120025634765625,48.42877388000488,2.0000000474974513,48.42877388000488,2.0000000474974513,C,8207973930489
1651867064999,71236000000,,,-1335902211763639505,0.0,5.424851021425863,337.0,1.0,7,17,0.0,32995,82664929085620,33,44.88380432128906,717.9924126500023,0.15,25,51784.697738350354,8.593665552325547E-4,1.60424998E9,,,,0,,3,,40.78380584716797,48.42877388000488,2.0000000474974513,48.42877388000488,2.0000000474974513,C,8207973930489
1651867064999,71236000000,,,-1335902211763639505,0.0,5.424851021425863,337.0,1.0,7,2,0.0,85026,503882914979431,28,33.769466400146484,488.4901141114626,0.6149844446032717,25,34370.6811702211,0.002984642283990979,1.57542003E9,,,,1,,6,,29.66946792602539,-4.423782229423522,1.5000000237487257,-4.423782229423522,1.5000000237487257,C,8207973930489
1651867064999,71236000000,,,-1335902211763639505,0.0,5.424851021425863,337.0,1.0,7,15,0.0,85026,503882918239832,16,42.721351623535156,-309.0212707378869,0.15,25,-21697.211678885353,0.0011224752524867654,1.57542003E9,,,,0,,6,,38.62135314941406,-4.423782229423522,1.5000000237487257,-4.423782229423522,1.5000000237487257,C,8207973930489
1651867064999,71236000000,,,-1335902211763639505,0.0,5.424851021425863,337.0,1.0,7,27,0.0,85026,503882913409595,20,40.46703338623047,-338.396667355245,0.15,25,-23383.075419679342,0.0014550996711477637,1.57542003E9,,,,0,,6,,36.367034912109375,-4.423782229423522,1.5000000237487257,-4.423782229423522,1.5000000237487257,C,8207973930489
1651867064999,71236000000,,,-1335902211763639505,0.0,5.424851021425863,337.0,1.0,7,30,0.0,85026,503882921563232,23,36.12082290649414,72.72577625381848,0.15,25,5424.506128862029,0.0022767980117350817,1.57542003E9,,,,1,,6,,32.02082443237305,-4.423782229423522,1.5000000237487257,-4.423782229423522,1.5000000237487257,C,8207973930489
1651867064999,71236000000,,,-1335902211763639505,0.0,5.424851021425863,337.0,1.0,7,2,0.0,84003,503882914979950,9,33.325035095214844,488.45357771807016,0.6326319012466168,25,34985.0762781113,0.003920673858374357,1.17645005E9,,,,0,,6,,29.32503318786621,-2.7614412829279895,2.6831737365608563,-2.7614412829279895,1.5000000237487257,Q,8207973930489
1651867064999,71236000000,,,-1335902211763639505,0.0,5.424851021425863,337.0,1.0,7,15,0.0,84003,503882918240355,7,36.35392761230469,-309.08251691225837,0.15,25,-21470.528079262684,0.0029342169873416424,1.17645005E9,,,,0,,6,,32.35392761230469,-9.780214168131348,2.6831737365608563,-9.780214168131348,1.5000000237487257,Q,8207973930489
1651867064999,71236000000,,,-1335902211763639505,0.0,5.424851021425863,337.0,1.0,7,27,0.0,84003,503882913410128,7,34.575218200683594,-338.52693050407515,0.5761300447634805,25,-23749.42113111566,0.0033950910437852144,1.17645005E9,,,,0,,6,,30.575218200683594,-6.6402368247508985,2.6831737365608563,-6.6402368247508985,1.5000000237487257,Q,8207973930489
1651867064999,71236000000,,,-1335902211763639505,0.0,5.424851021425863,337.0,1.0,7,30,0.0,84003,503882921563760,7,34.05050277709961,72.69948163861113,0.6011926324213674,25,5579.082966219425,0.003606510814279318,1.17645005E9,,,,0,,6,,30.05050277709961,-6.27082772552967,2.6831737365608563,-6.27082772552967,1.5000000237487257,Q,8207973930489
1651867065999,72236000000,,,-1335902211763639169,0.0,5.288569664506,337.0,1.0,7,2,0.0,16431,503883930284006,28,33.66215896606445,-35.133555221666796,0.6211240130555282,25,-2434.543568623176,0.0028489285614341497,1.57542003E9,,,,0,,1,,29.562158584594727,0.0,1.0,0.0,1.0,C,8208957569405
1651867065999,72236000000,,,-1335902211763639169,0.0,5.288569664506,337.0,1.0,7,6,0.0,16431,503883929041756,14,41.970672607421875,444.6849552163901,0.15,25,32030.961336168184,0.0011609994107857347,1.57542003E9,,,,0,,1,,37.87067413330078,0.320142130558394,1.0,0.320142130558394,1.0,C,8208957569405
1651867065999,72236000000,,,-1335902211763639169,0.0,5.288569664506,337.0,1.0,7,12,0.0,16431,503883930834628,14,41.94506072998047,-183.4006637229602,0.15,25,-13021.593233584425,0.001164427725598216,1.57542003E9,,,,0,,1,,37.845062255859375,-0.6984919076624261,1.0,-0.6984919076624261,1.0,C,8208957569405
1651867065999,72236000000,,,-1335902211763639169,0.0,5.288569664506,337.0,1.0,7,17,0.0,16431,503883917386360,29,33.3572883605957,590.2333700654649,0.6361111076384551,17,42914.27702909497,0.09809753546778834,1.57542003E9,,,,0,,1,,29.25728988647461,-0.7858034271858065,1.0,-0.7858034271858065,1.0,C,8208957569405
1651867065999,72236000000,,,-1335902211763639169,0.0,5.288569664506,337.0,1.0,7,19,0.0,16431,503883924043054,15,41.384864807128906,612.3045554254195,0.15,25,44457.01905158113,0.001242002472281456,1.57542003E9,,,,0,,1,,37.28486633300781,0.0,1.0,0.0,1.0,C,8208957569405
1651867065999,72236000000,,,-1335902211763639169,0.0,5.288569664506,337.0,1.0,7,20,0.0,16431,503883920131766,35,30.83882713317871,-475.9089161106324,0.749857312245461,25,-33924.655087123676,0.003943193703889847,1.57542003E9,,,,0,,1,,26.738826751708984,0.0,1.0,0.0,1.0,C,8208957569405
1651867065999,72236000000,,,-1335902211763639169,0.0,5.288569664506,337.0,1.0,7,24,0.0,16431,503883927284627,12,46.111202239990234,501.12045901459874,0.15,25,36256.12443436282,7.597736548632383E-4,1.57542003E9,,,,0,,1,,42.01120376586914,-0.20372681261465636,1.0,-0.20372681261465636,1.0,C,8208957569405
1651867065999,72236000000,,,-1335902211763639169,0.0,5.288569664506,337.0,1.0,7,25,0.0,16431,503883922005962,17,40.064842224121094,-501.7283877915961,0.15,25,-35825.9787310887,0.0014458508230745792,1.57542003E9,,,,0,,1,,35.96484375,-2.0372682255564105,1.0,-2.0372682255564105,1.0,C,8208957569405
1651867065999,72236000000,,,-1335902211763639169,0.0,5.288569664506,337.0,1.0,7,6,0.0,81921,503883929042288,7,37.099422454833984,444.65605329325876,0.15,25,33498.18609292959,0.002692882902920246,1.17645005E9,,,,0,,1,,33.099422454833984,1.9208527336454408,2.1691172598532713,1.9208527336454408,1.0,Q,8208957569405
1651867065999,72236000000,,,-1335902211763639169,0.0,5.288569664506,337.0,1.0,7,24,0.0,81921,503883927285151,6,41.76861572265625,501.1090413916636,0.15,25,37777.37023888148,0.0015731052262708545,1.17645005E9,,,,0,,1,,37.76861572265625,3.143213708743226,2.1691172598532713,3.143213708743226,1.0,Q,8208957569405
1651867065999,72236000000,,,-1335902211763639169,0.0,5.288569664506,337.0,1.0,7,25,0.0,81921,503883922006488,7,37.587345123291016,-501.7047686492258,0.15,25,-37366.85046621561,0.002545782597735524,1.17645005E9,,,,0,,1,,33.587345123291016,1.0186341127782053,2.1691172598532713,1.0186341127782053,1.0,Q,8208957569405
1651867065999,72236000000,,,-1335902211763639169,0.0,5.288569664506,337.0,1.0,7,18,0.0,32995,82665935424741,47,36.0550422668457,172.60046152895768,0.15,17,12461.675695451935,0.09592527067177482,1.60031245E9,,,,0,,3,,31.95504379272461,48.42877388000488,2.0000000474974513,48.42877388000488,2.0000000474974513,C,8208957569405
1651867065999,72236000000,,,-1335902211763639169,0.0,5.288569664506,337.0,1.0,7,9,0.0,32995,82665922150694,33,44.35936737060547,-663.4283083745481,0.15,25,-46967.19195651215,8.678328595124185E-4,1.60087501E9,,,,0,,3,,40.259368896484375,48.42877388000488,2.0000000474974513,48.42877388000488,2.0000000474974513,C,8208957569405
1651867065999,72236000000,,,-1335902211763639169,0.0,5.288569664506,337.0,1.0,7,15,0.0,32995,82665932375437,75,30.25580596923828,582.5170337437876,0.7746801244963262,17,40281.22671284784,0.0977151732626596,1.602E9,,,,0,,3,,26.155805587768555,48.42877388000488,2.0000000474974513,48.42877388000488,2.0000000474974513,C,8208957569405
1651867065999,72236000000,,,-1335902211763639169,0.0,5.288569664506,337.0,1.0,7,19,0.0,32995,82665929232667,41,37.64185333251953,-408.11625165515375,0.15,25,-29586.82878281074,0.0018773683113977313,1.60368755E9,,,,0,,3,,33.54185485839844,48.42877388000488,2.0000000474974513,48.42877388000488,2.0000000474974513,C,8208957569405
1651867065999,72236000000,,,-1335902211763639169,0.0,5.288569664506,337.0,1.0,7,17,0.0,32995,82665929083241,33,45.35177230834961,717.8670573749114,0.15,25,52502.52990363433,8.142918813973665E-4,1.60424998E9,,,,0,,3,,41.251773834228516,48.42877388000488,2.0000000474974513,48.42877388000488,2.0000000474974513,C,8208957569405
1651867065999,72236000000,,,-1335902211763639169,0.0,5.288569664506,337.0,1.0,7,2,0.0,85026,503883914977805,26,34.69573974609375,488.4515327706788,0.5733306901850552,25,34859.0740977244,0.00268274056725204,1.57542003E9,,,,0,,6,,30.595741271972656,-4.423782229423522,1.5000000237487257,-4.423782229423522,1.5000000237487257,C,8208957569405
1651867065999,72236000000,,,-1335902211763639169,0.0,5.288569664506,337.0,1.0,7,15,0.0,85026,503883918240867,16,42.90345001220703,-309.1855481783268,0.15,25,-22006.391087248627,0.0010991878807544708,1.57542003E9,,,,0,,6,,38.80345153808594,-4.423782229423522,1.5000000237487257,-4.423782229423522,1.5000000237487257,C,8208957569405
1651867065999,72236000000,,,-1335902211763639169,0.0,5.288569664506,337.0,1.0,7,27,0.0,85026,503883913410724,18,41.47831726074219,-338.56022906409794,0.15,25,-23721.6473204219,0.0012951752869412303,1.57542003E9,,,,0,,6,,37.378318786621094,-4.423782229423522,1.5000000237487257,-4.423782229423522,1.5000000237487257,C,8208957569405
1651867065999,72236000000,,,-1335902211763639169,0.0,5.288569664506,337.0,1.0,7,30,0.0,85026,503883921562983,23,35.96815490722656,72.5615158546068,0.5165766102101905,25,5497.075616386893,0.0023171696811914444,1.57542003E9,,,,1,,6,,31.86815643310547,-4.423782229423522,1.5000000237487257,-4.423782229423522,1.5000000237487257,C,8208957569405
1651867065999,72236000000,,,-1335902211763639169,0.0,5.288569664506,337.0,1.0,7,2,0.0,84003,503883914978322,7,34.52207946777344,488.39754615954666,0.578801723264541,25,35473.47064100439,0.0034159242641180754,1.17645005E9,,,,0,,6,,30.52208137512207,-2.7614412829279895,2.669117283601997,-2.7614412829279895,1.5000000237487257,Q,8208957569405
1651867065999,72236000000,,,-1335902211763639169,0.0,5.288569664506,337.0,1.0,7,15,0.0,84003,503883918241386,7,37.747459411621094,-309.199249325849,0.15,25,-21779.700522156192,0.002499284455552697,1.17645005E9,,,,0,,6,,33.747459411621094,-9.780214168131348,2.669117283601997,-9.780214168131348,1.5000000237487257,Q,8208957569405
1651867065999,72236000000,,,-1335902211763639169,0.0,5.288569664506,337.0,1.0,7,27,0.0,84003,503883913411257,6,35.702247619628906,-338.5896422240771,0.5254490325102741,25,-24087.98148877812,0.0029819465707987547,1.17645005E9,,,,0,,6,,31.70224952697754,-6.6402368247508985,2.669117283601997,-6.6402368247508985,1.5000000237487257,Q,8208957569405
1651867065999,72236000000,,,-1335902211763639169,0.0,5.288569664506,337.0,1.0,7,30,0.0,84003,503883921563517,7,35.129913330078125,72.5781140109334,0.5526525908867448,25,5651.645783430569,0.003185052191838622,1.17645005E9,,,,0,,6,,31.129915237426758,-6.27082772552967,2.669117283601997,-6.27082772552967,1.5000000237487257,Q,8208957569405
1651867066999,73236000000,,,-1335902211763638834,0.0,5.288913224937303,336.0,1.0,7,2,0.0,16431,503884930284122,29,33.40530014038086,-35.32332846973934,0.6326745043172703,25,-2469.816921742194,0.0029344346839934587,1.57542003E9,,,,0,,1,,29.305301666259766,0.0,1.0,0.0,1.0,C,8209974105335
1651867066999,73236000000,,,-1335902211763638834,0.0,5.288913224937303,336.0,1.0,7,6,0.0,16431,503884929040274,16,40.263118743896484,444.5995104978874,0.15,25,32475.554234177238,0.0014132197247818112,1.57542003E9,,,,0,,1,,36.16312026977539,0.320142130558394,1.0,0.320142130558394,1.0,C,8209974105335
1651867066999,73236000000,,,-1335902211763638834,0.0,5.288913224937303,336.0,1.0,7,12,0.0,16431,503884930835241,13,43.33386993408203,-183.57729605388965,0.15,25,-13205.09113171052,9.923666948452592E-4,1.57542003E9,,,,0,,1,,39.23387145996094,-0.6984919076624261,1.0,-0.6984919076624261,1.0,C,8209974105335
1651867066999,73236000000,,,-1335902211763638834,0.0,5.288913224937303,336.0,1.0,7,17,0.0,16431,503884917384411,28,33.825401306152344,590.0747503128077,0.6150603313228733,17,43504.45576458648,0.09794272171621,1.57542003E9,,,,0,,1,,29.725400924682617,-0.7858034271858065,1.0,-0.7858034271858065,1.0,C,8209974105335
1651867066999,73236000000,,,-1335902211763638834,0.0,5.288913224937303,336.0,1.0,7,19,0.0,16431,503884924041004,16,40.5944938659668,612.1352337814142,0.15,25,45069.26117272936,0.0013603194383904338,1.57542003E9,,,,0,,1,,36.4944953918457,0.0,1.0,0.0,1.0,C,8209974105335
1651867066999,73236000000,,,-1335902211763638834,0.0,5.288913224937303,336.0,1.0,7,20,0.0,16431,503884920133384,38,29.99118995666504,-476.1424831851832,0.7879750783667339,25,-34400.75144460846,0.004347403068095446,1.57542003E9,,,,0,,1,,25.891189575195312,0.0,1.0,0.0,1.0,C,8209974105335
1651867066999,73236000000,,,-1335902211763638834,0.0,5.288913224937303,336.0,1.0,7,24,0.0,16431,503884927282951,12,46.47344207763672,500.97492692524634,0.15,25,36757.13509256367,7.287395419552922E-4,1.57542003E9,,,,0,,1,,42.373443603515625,-0.20372681261465636,1.0,-0.20372681261465636,1.0,C,8209974105335
1651867066999,73236000000,,,-1335902211763638834,0.0,5.288913224937303,336.0,1.0,7,25,0.0,16431,503884922007642,19,38.269569396972656,-501.9847560295607,0.15,25,-36327.87596447634,0.0017778173787519336,1.57542003E9,,,,0,,1,,34.16957092285156,-2.0372682255564105,1.0,-2.0372682255564105,1.0,C,8209974105335
1651867066999,73236000000,,,-1335902211763638834,0.0,5.288913224937303,336.0,1.0,7,6,0.0,81921,503884929040807,7,37.65128707885742,444.56907486421255,0.15,25,33942.79191336842,0.002527110278606415,1.17645005E9,,,,0,,1,,33.65128707885742,1.9208527336454408,2.156267543027395,1.9208527336454408,1.0,Q,8209974105335
1651867066999,73236000000,,,-1335902211763638834,0.0,5.288913224937303,336.0,1.0,7,24,0.0,81921,503884927283480,7,41.62359619140625,500.93852686168,0.15,25,38278.3869696505,0.0015995902940630913,1.17645005E9,,,,0,,1,,37.62359619140625,3.143213708743226,2.156267543027395,3.143213708743226,1.0,Q,8209974105335
1651867066999,73236000000,,,-1335902211763638834,0.0,5.288913224937303,336.0,1.0,7,25,0.0,81921,503884922008163,8,38.03596496582031,-501.9155686428194,0.15,25,-37868.740483557885,0.0024176330771297216,1.17645005E9,,,,0,,1,,34.03596496582031,1.0186341127782053,2.156267543027395,1.0186341127782053,1.0,Q,8209974105335
1651867066999,73236000000,,,-1335902211763638834,0.0,5.288913224937303,336.0,1.0,7,18,0.0,32995,82666935424165,37,39.02542495727539,172.4683920099318,0.15,17,12634.157190709528,0.09527114997506626,1.60031245E9,,,,0,,3,,34.9254264831543,48.42877388000488,2.0000000474974513,48.42877388000488,2.0000000474974513,C,8209974105335
1651867066999,73236000000,,,-1335902211763638834,0.0,5.288913224937303,336.0,1.0,7,9,0.0,32995,82666922152915,33,42.62809371948242,-663.631371650511,0.15,25,-47630.75537757621,0.001059253583662212,1.60087501E9,,,,0,,3,,38.52809524536133,48.42877388000488,2.0000000474974513,48.42877388000488,2.0000000474974513,C,8209974105335
1651867066999,73236000000,,,-1335902211763638834,0.0,5.288913224937303,336.0,1.0,7,15,0.0,32995,82666932373479,67,31.633928298950195,582.363730854348,0.7127071683664061,17,40863.660658944464,0.0971067460454294,1.602E9,,,,1,,3,,27.53392791748047,48.42877388000488,2.0000000474974513,48.42877388000488,2.0000000474974513,C,8209974105335
1651867066999,73236000000,,,-1335902211763638834,0.0,5.288913224937303,336.0,1.0,7,19,0.0,32995,82666929234031,37,38.79195022583008,-408.22834885465727,0.15,25,-29995.01008727132,0.0016445410437881947,1.60368755E9,,,,0,,3,,34.691951751708984,48.42877388000488,2.0000000474974513,48.42877388000488,2.0000000474974513,C,8209974105335
1651867066999,73236000000,,,-1335902211763638834,0.0,5.288913224937303,336.0,1.0,7,17,0.0,32995,82666929080824,33,45.92795944213867,717.6239812949907,0.15,25,53220.233923228705,7.620276883244514E-4,1.60424998E9,,,,0,,3,,41.82796096801758,48.42877388000488,2.0000000474974513,48.42877388000488,2.0000000474974513,C,8209974105335
1651867066999,73236000000,,,-1335902211763638834,0.0,5.288913224937303,336.0,1.0,7,2,0.0,85026,503884914976169,26,34.42747116088867,488.21806794349754,0.5853940824770869,25,35347.345917427876,0.002766891149803996,1.57542003E9,,,,1,,6,,30.327472686767578,-4.423782229423522,1.5000000237487257,-4.423782229423522,1.5000000237487257,C,8209974105335
1651867066999,73236000000,,,-1335902211763638834,0.0,5.288913224937303,336.0,1.0,7,15,0.0,85026,503884918241898,17,42.43387222290039,-309.2845917969821,0.15,25,-22315.66340780684,0.00116024783346802,1.57542003E9,,,,0,,6,,38.3338737487793,-4.423782229423522,1.5000000237487257,-4.423782229423522,1.5000000237487257,C,8209974105335
1651867066999,73236000000,,,-1335902211763638834,0.0,5.288913224937303,336.0,1.0,7,27,0.0,85026,503884913411867,19,40.83975601196289,-338.77764105425695,0.15,25,-24060.365072097116,0.0013939803466200829,1.57542003E9,,,,0,,6,,36.7397575378418,-4.423782229423522,1.5000000237487257,-4.423782229423522,1.5000000237487257,C,8209974105335
1651867066999,73236000000,,,-1335902211763638834,0.0,5.288913224937303,336.0,1.0,7,30,0.0,85026,503884921562742,25,35.30961990356445,72.411851267401,0.5461901710396921,25,5569.5396700337815,0.002499681431800127,1.57542003E9,,,,1,,6,,31.20962142944336,-4.423782229423522,1.5000000237487257,-4.423782229423522,1.5000000237487257,C,8209974105335
1651867066999,73236000000,,,-1335902211763638834,0.0,5.288913224937303,336.0,1.0,7,2,0.0,84003,503884914976692,7,35.28282165527344,488.22870166993266,0.5445918902172064,25,35961.739936547405,0.003129473654553294,1.17645005E9,,,,0,,6,,31.282819747924805,-2.7614412829279895,2.656267566776121,-2.7614412829279895,1.5000000237487257,Q,8209974105335
1651867066999,73236000000,,,-1335902211763638834,0.0,5.288913224937303,336.0,1.0,7,15,0.0,84003,503884918242416,6,37.59696960449219,-309.2818992829168,0.15,25,-22088.9616591625,0.0025429632514715195,1.17645005E9,,,,0,,6,,33.59696960449219,-9.780214168131348,2.656267566776121,-9.780214168131348,1.5000000237487257,Q,8209974105335
1651867066999,73236000000,,,-1335902211763638834,0.0,5.288913224937303,336.0,1.0,7,27,0.0,84003,503884913412387,7,35.20299530029297,-338.71874656938553,0.5479001185043986,25,-24426.684577627544,0.003158367471769452,1.17645005E9,,,,0,,6,,31.202993392944336,-6.6402368247508985,2.656267566776121,-6.6402368247508985,1.5000000237487257,Q,8209974105335
1651867066999,73236000000,,,-1335902211763638834,0.0,5.288913224937303,336.0,1.0,7,30,0.0,84003,503884921563276,7,35.45030975341797,72.43725121812463,0.538244698362812,25,5724.12018233936,0.003069705795496702,1.17645005E9,,,,0,,6,,31.4503116607666,-6.27082772552967,2.656267566776121,-6.27082772552967,1.5000000237487257,Q,8209974105335
1651867067999,74236000000,,,-1335902211763638499,0.0,5.364663926006352,335.0,1.0,7,2,0.0,16431,503885930284220,28,33.69058609008789,-35.53997786493365,0.6198456546667312,25,-2505.2042593986216,0.0028396190609782934,1.57542003E9,,,,0,,1,,29.590587615966797,0.0,1.0,0.0,1.0,C,8210975562652
1651867067999,74236000000,,,-1335902211763638499,0.0,5.364663926006352,335.0,1.0,7,6,0.0,16431,503885929038780,18,39.357154846191406,444.3030272085955,0.15,25,32919.995104311696,0.0015685843536630273,1.57542003E9,,,,0,,1,,35.25715637207031,0.320142130558394,1.0,0.320142130558394,1.0,C,8210975562652
1651867067999,74236000000,,,-1335902211763638499,0.0,5.364663926006352,335.0,1.0,7,12,0.0,16431,503885930835848,13,43.41787338256836,-183.81149365388615,0.15,25,-13388.758548055719,9.828153997659683E-4,1.57542003E9,,,,0,,1,,39.317874908447266,-0.6984919076624261,1.0,-0.6984919076624261,1.0,C,8210975562652
1651867067999,74236000000,,,-1335902211763638499,0.0,5.364663926006352,335.0,1.0,7,17,0.0,16431,503885917382445,29,33.40484619140625,589.7264276071446,0.6339717678186698,17,44094.37306954692,0.09808142382007813,1.57542003E9,,,,0,,1,,29.304847717285156,-0.7858034271858065,1.0,-0.7858034271858065,1.0,C,8210975562652
1651867067999,74236000000,,,-1335902211763638499,0.0,5.364663926006352,335.0,1.0,7,19,0.0,16431,503885924038977,17,39.535621643066406,611.7620308824894,0.15,25,45681.255128863966,0.0015366837615147233,1.57542003E9,,,,0,,1,,35.43562316894531,0.0,1.0,0.0,1.0,C,8210975562652
1651867067999,74236000000,,,-1335902211763638499,0.0,5.364663926006352,335.0,1.0,7,20,0.0,16431,503885920134975,46,27.6784725189209,-476.6737945999173,0.8919755642925571,29,-34877.07118353761,0.005673693493008614,1.57542003E9,,,,0,,1,,23.578472137451172,0.0,1.0,0.0,1.0,C,8210975562652
1651867067999,74236000000,,,-1335902211763638499,0.0,5.364663926006352,335.0,1.0,7,24,0.0,16431,503885927281284,12,46.60208511352539,500.7223759224123,0.15,25,37257.99425058835,7.180257816798985E-4,1.57542003E9,,,,0,,1,,42.5020866394043,-0.20372681261465636,1.0,-0.20372681261465636,1.0,C,8210975562652
1651867067999,74236000000,,,-1335902211763638499,0.0,5.364663926006352,335.0,1.0,7,25,0.0,16431,503885922009317,21,37.37399673461914,-502.2704351801349,0.15,25,-36829.99351158651,0.001970905577763915,1.57542003E9,,,,0,,1,,33.27399826049805,-2.0372682255564105,1.0,-2.0372682255564105,1.0,C,8210975562652
1651867067999,74236000000,,,-1335902211763638499,0.0,5.364663926006352,335.0,1.0,7,6,0.0,81921,503885929039325,7,37.81969451904297,444.40336596059865,0.15,25,34387.24932419142,0.002478585345670581,1.17645005E9,,,,0,,1,,33.81969451904297,1.9208527336454408,2.144310824857304,1.9208527336454408,1.0,Q,8210975562652
1651867067999,74236000000,,,-1335902211763638499,0.0,5.364663926006352,335.0,1.0,7,24,0.0,81921,503885927281810,7,41.52058410644531,500.715184524086,0.15,25,38779.24507095331,0.0016186736756935716,1.17645005E9,,,,0,,1,,37.52058410644531,3.143213708743226,2.144310824857304,3.143213708743226,1.0,Q,8210975562652
1651867067999,74236000000,,,-1335902211763638499,0.0,5.364663926006352,335.0,1.0,7,25,0.0,81921,503885922009837,7,37.705081939697266,-502.25932429930845,0.15,25,-38370.85311605658,0.002511507598683238,1.17645005E9,,,,0,,1,,33.705081939697266,1.0186341127782053,2.144310824857304,1.0186341127782053,1.0,Q,8210975562652
1651867067999,74236000000,,,-1335902211763638499,0.0,5.364663926006352,335.0,1.0,7,18,0.0,32995,82667935423605,33,40.25290298461914,172.20450859030393,0.15,17,12806.519896445274,0.09505972356889882,1.60031245E9,,,,0,,3,,36.15290451049805,48.42877388000488,2.0000000474974513,48.42877388000488,2.0000000474974513,C,8210975562652
1651867067999,74236000000,,,-1335902211763638499,0.0,5.364663926006352,335.0,1.0,7,9,0.0,32995,82667922155099,33,42.577842712402344,-663.9727415350435,0.15,25,-48294.54056799745,0.0010653992649167776,1.60087501E9,,,,0,,3,,38.47784423828125,48.42877388000488,2.0000000474974513,48.42877388000488,2.0000000474974513,C,8210975562652
1651867067999,74236000000,,,-1335902211763638499,0.0,5.364663926006352,335.0,1.0,7,15,0.0,32995,82667932371531,67,31.638559341430664,582.1727327679941,0.7124985464547997,17,41445.98700508596,0.09710485941872388,1.602E9,,,,0,,3,,27.538558959960938,48.42877388000488,2.0000000474974513,48.42877388000488,2.0000000474974513,C,8210975562652
1651867067999,74236000000,,,-1335902211763638499,0.0,5.364663926006352,335.0,1.0,7,19,0.0,32995,82667929235424,37,39.024410247802734,-408.47452643812153,0.15,25,-30403.342838683704,0.0016011118423193693,1.60368755E9,,,,0,,3,,34.92441177368164,48.42877388000488,2.0000000474974513,48.42877388000488,2.0000000474974513,C,8210975562652
1651867067999,74236000000,,,-1335902211763638499,0.0,5.364663926006352,335.0,1.0,7,17,0.0,32995,82667929078436,33,46.620567321777344,717.3470954181994,0.15,25,53937.74724843123,7.036232855170965E-4,1.60424998E9,,,,0,,3,,42.52056884765625,48.42877388000488,2.0000000474974513,48.42877388000488,2.0000000474974513,C,8210975562652
1651867067999,74236000000,,,-1335902211763638499,0.0,5.364663926006352,335.0,1.0,7,2,0.0,85026,503885914974552,28,33.82224655151367,487.88784302224803,0.6126101222219131,25,35835.42474937222,0.0029665615875273943,1.57542003E9,,,,0,,6,,29.722248077392578,-4.423782229423522,1.5000000237487257,-4.423782229423522,1.5000000237487257,C,8210975562652
1651867067999,74236000000,,,-1335902211763638499,0.0,5.364663926006352,335.0,1.0,7,15,0.0,85026,503885918242927,16,42.692413330078125,-309.6113062252098,0.15,25,-22625.12884070449,0.0011262212647125125,1.57542003E9,,,,0,,6,,38.59241485595703,-4.423782229423522,1.5000000237487257,-4.423782229423522,1.5000000237487257,C,8210975562652
1651867067999,74236000000,,,-1335902211763638499,0.0,5.364663926006352,335.0,1.0,7,27,0.0,85026,503885913412981,19,40.97712707519531,-339.0748741575924,0.15,25,-24399.30938195511,0.001372107188217342,1.57542003E9,,,,0,,6,,36.87712860107422,-4.423782229423522,1.5000000237487257,-4.423782229423522,1.5000000237487257,C,8210975562652
1651867067999,74236000000,,,-1335902211763638499,0.0,5.364663926006352,335.0,1.0,7,30,0.0,85026,503885921562504,26,34.67509460449219,72.12550750892461,0.5747240102973188,25,5641.81523023114,0.0026891243178397417,1.57542003E9,,,,1,,6,,30.575096130371094,-4.423782229423522,1.5000000237487257,-4.423782229423522,1.5000000237487257,C,8210975562652
1651867067999,74236000000,,,-1335902211763638499,0.0,5.364663926006352,335.0,1.0,7,2,0.0,84003,503885914975065,8,35.33589172363281,487.9203917682273,0.5422049200492476,25,36449.80607570691,0.0031104101799428463,1.17645005E9,,,,0,,6,,31.335893630981445,-2.7614412829279895,2.64431084860603,-2.7614412829279895,1.5000000237487257,Q,8210975562652
1651867067999,74236000000,,,-1335902211763638499,0.0,5.364663926006352,335.0,1.0,7,15,0.0,84003,503885918243449,8,37.84114074707031,-309.57245222477377,0.15,25,-22398.422974786867,0.0024724730756133795,1.17645005E9,,,,0,,6,,33.84114074707031,-9.780214168131348,2.64431084860603,-9.780214168131348,1.5000000237487257,Q,8210975562652
1651867067999,74236000000,,,-1335902211763638499,0.0,5.364663926006352,335.0,1.0,7,27,0.0,84003,503885913413519,8,34.97753143310547,-338.95769867206695,0.5580392499161473,25,-24765.627502465064,0.0032414232846349478,1.17645005E9,,,,0,,6,,30.977529525756836,-6.6402368247508985,2.64431084860603,-6.6402368247508985,1.5000000237487257,Q,8210975562652
1651867067999,74236000000,,,-1335902211763638499,0.0,5.364663926006352,335.0,1.0,7,30,0.0,84003,503885921563034,6,35.3360595703125,72.11912556894072,0.543382395698083,25,5796.3961933743885,0.0031103503424674273,1.17645005E9,,,,0,,6,,31.3360595703125,-6.27082772552967,2.64431084860603,-6.27082772552967,1.5000000237487257,Q,8210975562652
1651867068999,75236000000,,,-1335902211763638166,0.0,5.278618341179856,334.0,1.0,7,2,0.0,16431,503886930284344,29,33.18646240234375,-35.869476403828514,0.6425155473690403,25,-2540.935309205287,0.003009306499734521,1.57542003E9,,,,0,,1,,29.086462020874023,0.0,1.0,0.0,1.0,C,8211984640370
1651867068999,75236000000,,,-1335902211763638166,0.0,5.278618341179856,334.0,1.0,7,6,0.0,16431,503886929037303,20,38.023590087890625,443.9453318273886,0.15,25,33364.10317118232,0.0018288838909938931,1.57542003E9,,,,0,,1,,33.92359161376953,0.320142130558394,1.0,0.320142130558394,1.0,C,8211984640370
1651867068999,75236000000,,,-1335902211763638166,0.0,5.278618341179856,334.0,1.0,7,12,0.0,16431,503886930836471,13,43.14619827270508,-184.2051971504094,0.15,25,-13572.8065256302,0.0010140415979549289,1.57542003E9,,,,0,,1,,39.046199798583984,-0.6984919076624261,1.0,-0.6984919076624261,1.0,C,8211984640370
1651867068999,75236000000,,,-1335902211763638166,0.0,5.278618341179856,334.0,1.0,7,17,0.0,16431,503886917380492,32,31.875699996948242,589.2237795383462,0.7027354537088661,25,44683.921883723706,0.003499487414956093,1.57542003E9,,,,0,,1,,27.775699615478516,-0.7858034271858065,1.0,-0.7858034271858065,1.0,C,8211984640370
1651867068999,75236000000,,,-1335902211763638166,0.0,5.278618341179856,334.0,1.0,7,19,0.0,16431,503886924036937,18,38.80738830566406,611.416366608435,0.15,25,46292.844636163856,0.0016710762865841389,1.57542003E9,,,,0,,1,,34.70738983154297,0.0,1.0,0.0,1.0,C,8211984640370
1651867068999,75236000000,,,-1335902211763638166,0.0,5.278618341179856,334.0,1.0,7,20,0.0,16431,503886920136584,45,27.854251861572266,-476.95310033112173,0.8840711636384788,29,-35353.859068387166,0.005560026969760656,1.57542003E9,,,,0,,1,,23.75425148010254,0.0,1.0,0.0,1.0,C,8211984640370
1651867068999,75236000000,,,-1335902211763638166,0.0,5.278618341179856,334.0,1.0,7,24,0.0,16431,503886927279608,12,46.5233039855957,500.38683413794524,0.15,25,37758.506448074775,7.245680317282677E-4,1.57542003E9,,,,0,,1,,42.42330551147461,-0.20372681261465636,1.0,-0.20372681261465636,1.0,C,8211984640370
1651867068999,75236000000,,,-1335902211763638166,0.0,5.278618341179856,334.0,1.0,7,25,0.0,16431,503886922010994,21,37.186702728271484,-502.63958226673344,0.15,25,-37332.5288445291,0.002013865392655134,1.57542003E9,,,,0,,1,,33.08670425415039,-2.0372682255564105,1.0,-2.0372682255564105,1.0,C,8211984640370
1651867068999,75236000000,,,-1335902211763638166,0.0,5.278618341179856,334.0,1.0,7,6,0.0,81921,503886929037844,6,38.07413101196289,444.03622973893494,0.15,25,34831.368665064896,0.0024070332292467356,1.17645005E9,,,,0,,1,,34.07413101196289,1.9208527336454408,2.1324044080698052,1.9208527336454408,1.0,Q,8211984640370
1651867068999,75236000000,,,-1335902211763638166,0.0,5.278618341179856,334.0,1.0,7,24,0.0,81921,503886927280141,6,41.48042297363281,500.38570941688,0.15,25,39279.76101236855,0.001626175595447421,1.17645005E9,,,,0,,1,,37.48042297363281,3.143213708743226,2.1324044080698052,3.143213708743226,1.0,Q,8211984640370
1651867068999,75236000000,,,-1335902211763638166,0.0,5.278618341179856,334.0,1.0,7,25,0.0,81921,503886922011513,6,37.71044158935547,-502.66650740738646,0.15,25,-38873.38528323808,0.0025099581107497215,1.17645005E9,,,,0,,1,,33.71044158935547,1.0186341127782053,2.1324044080698052,1.0186341127782053,1.0,Q,8211984640370
1651867068999,75236000000,,,-1335902211763638166,0.0,5.278618341179856,334.0,1.0,7,18,0.0,32995,82668935423002,33,40.4341926574707,171.92085734589284,0.15,17,12978.576448620943,0.09503095303550847,1.60031245E9,,,,0,,3,,36.33419418334961,48.42877388000488,2.0000000474974513,48.42877388000488,2.0000000474974513,C,8211984640370
1651867068999,75236000000,,,-1335902211763638166,0.0,5.278618341179856,334.0,1.0,7,9,0.0,32995,82668922157316,33,44.06721878051758,-664.3327204408374,0.15,25,-48958.72940243892,8.975189994089305E-4,1.60087501E9,,,,0,,3,,39.967220306396484,48.42877388000488,2.0000000474974513,48.42877388000488,2.0000000474974513,C,8211984640370
1651867068999,75236000000,,,-1335902211763638166,0.0,5.278618341179856,334.0,1.0,7,15,0.0,32995,82668932369598,56,33.839630126953125,581.8437007327229,0.6135184995690035,17,42028.00075229347,0.0963131791181156,1.602E9,,,,0,,3,,29.7396297454834,48.42877388000488,2.0000000474974513,48.42877388000488,2.0000000474974513,C,8211984640370
1651867068999,75236000000,,,-1335902211763638166,0.0,5.278618341179856,334.0,1.0,7,19,0.0,32995,82668929236771,35,39.41524887084961,-408.8065236471102,0.15,25,-30812.007960082556,0.0015306634595617652,1.60368755E9,,,,0,,3,,35.315250396728516,48.42877388000488,2.0000000474974513,48.42877388000488,2.0000000474974513,C,8211984640370
1651867068999,75236000000,,,-1335902211763638166,0.0,5.278618341179856,334.0,1.0,7,17,0.0,32995,82668929076051,33,47.75175857543945,716.9862985334489,0.15,25,54654.86604649092,6.177044124342501E-4,1.60424998E9,,,,0,,3,,43.65176010131836,48.42877388000488,2.0000000474974513,48.42877388000488,2.0000000474974513,C,8211984640370
1651867068999,75236000000,,,-1335902211763638166,0.0,5.278618341179856,334.0,1.0,7,2,0.0,85026,503886914972926,24,35.62534713745117,487.48563595282235,0.5315264271062956,25,36323.10267078885,0.0024104504846036434,1.57542003E9,,,,0,,6,,31.525348663330078,-4.423782229423522,1.5000000237487257,-4.423782229423522,1.5000000237487257,C,8211984640370
1651867068999,75236000000,,,-1335902211763638166,0.0,5.278618341179856,334.0,1.0,7,15,0.0,85026,503886918243957,16,42.99387741088867,-309.96869486430796,0.15,25,-22934.959532104407,0.0010878036264330149,1.57542003E9,,,,0,,6,,38.89387893676758,-4.423782229423522,1.5000000237487257,-4.423782229423522,1.5000000237487257,C,8211984640370
1651867068999,75236000000,,,-1335902211763638166,0.0,5.278618341179856,334.0,1.0,7,27,0.0,85026,503886913414117,18,41.578372955322266,-339.60199343017416,0.15,25,-24738.69002506038,0.001280341180972755,1.57542003E9,,,,0,,6,,37.47837448120117,-4.423782229423522,1.5000000237487257,-4.423782229423522,1.5000000237487257,C,8211984640370
1651867068999,75236000000,,,-1335902211763638166,0.0,5.278618341179856,334.0,1.0,7,30,0.0,85026,503886921562260,25,35.04448699951172,71.75475002625535,0.5581128400639714,25,5713.711495139561,0.0025771595537662506,1.57542003E9,,,,0,,6,,30.944488525390625,-4.423782229423522,1.5000000237487257,-4.423782229423522,1.5000000237487257,C,8211984640370
1651867068999,75236000000,,,-1335902211763638166,0.0,5.278618341179856,334.0,1.0,7,2,0.0,84003,503886914973438,7,34.876426696777344,487.51300416541017,0.5628664440903819,25,36937.48046813807,0.003279374912381172,1.17645005E9,,,,0,,6,,30.87642478942871,-2.7614412829279895,2.632404431818531,-2.7614412829279895,1.5000000237487257,Q,8211984640370
1651867068999,75236000000,,,-1335902211763638166,0.0,5.278618341179856,334.0,1.0,7,15,0.0,84003,503886918244486,8,37.58954620361328,-309.9535281711553,0.15,25,-22708.259576133147,0.0025451374240219593,1.17645005E9,,,,0,,6,,33.58954620361328,-9.780214168131348,2.632404431818531,-9.780214168131348,1.5000000237487257,Q,8211984640370
1651867068999,75236000000,,,-1335902211763638166,0.0,5.278618341179856,334.0,1.0,7,27,0.0,84003,503886913414652,7,35.075904846191406,-339.5862473352606,0.5536156865527058,25,-25105.016459002767,0.0032049203291535378,1.17645005E9,,,,0,,6,,31.075902938842773,-6.6402368247508985,2.632404431818531,-6.6402368247508985,1.5000000237487257,Q,8211984640370
1651867068999,75236000000,,,-1335902211763638166,0.0,5.278618341179856,334.0,1.0,7,30,0.0,84003,503886921562793,7,35.14584732055664,71.71201062577575,0.55193609377584,25,5868.29296265483,0.0031792158260941505,1.17645005E9,,,,0,,6,,31.14584732055664,-6.27082772552967,2.632404431818531,-6.27082772552967,1.5000000237487257,Q,8211984640370
1651867069999,76236000000,,,-1335902211763637833,0.0,5.466367357017363,333.0,1.0,7,2,0.0,16431,503887930284468,27,34.3263053894043,-35.74335853377292,0.5912579957487556,25,-2576.732300857428,0.002639210782945156,1.57542003E9,,,,0,,1,,30.226306915283203,0.0,1.0,0.0,1.0,C,8212960526317
1651867069999,76236000000,,,-1335902211763637833,0.0,5.466367357017363,333.0,1.0,7,6,0.0,16431,503887929035832,18,38.76506805419922,444.1025541993283,0.15,25,33808.13772465356,0.0016792379319667816,1.57542003E9,,,,0,,1,,34.665069580078125,0.320142130558394,1.0,0.320142130558394,1.0,C,8212960526317
1651867069999,76236000000,,,-1335902211763637833,0.0,5.466367357017363,333.0,1.0,7,12,0.0,16431,503887930837087,12,43.83051681518555,-184.10177393609092,0.15,25,-13756.96702319639,9.372162166982889E-4,1.57542003E9,,,,0,,1,,39.73051834106445,-0.6984919076624261,1.0,-0.6984919076624261,1.0,C,8212960526317
1651867069999,76236000000,,,-1335902211763637833,0.0,5.466367357017363,333.0,1.0,7,17,0.0,16431,503887917378528,34,31.28557586669922,589.1474348357351,0.7292723738805562,25,45273.20151645268,0.003745507448911667,1.57542003E9,,,,0,,1,,27.185575485229492,-0.7858034271858065,1.0,-0.7858034271858065,1.0,C,8212960526317
1651867069999,76236000000,,,-1335902211763637833,0.0,5.466367357017363,333.0,1.0,7,19,0.0,16431,503887924034900,19,38.43635559082031,611.464082047567,0.15,25,46904.26152595361,0.0017440055962651968,1.57542003E9,,,,0,,1,,34.33635711669922,0.0,1.0,0.0,1.0,C,8212960526317
1651867069999,76236000000,,,-1335902211763637833,0.0,5.466367357017363,333.0,1.0,7,20,0.0,16430,503887920138126,1000000000,24.662534713745117,-477.4045906326794,2.99792458E8,16,-35830.63413600289,3.4028234663852886E38,1.57542003E9,,,,0,,1,,20.56253433227539,0.0,1.0,0.0,1.0,C,8212960526317
1651867069999,76236000000,,,-1335902211763637833,0.0,5.466367357017363,333.0,1.0,7,24,0.0,16431,503887927277939,11,47.72378921508789,500.46096348088236,0.15,25,38258.92131447447,6.310371099971235E-4,1.57542003E9,,,,0,,1,,43.6237907409668,-0.20372681261465636,1.0,-0.20372681261465636,1.0,C,8212960526317
1651867069999,76236000000,,,-1335902211763637833,0.0,5.466367357017363,333.0,1.0,7,25,0.0,16431,503887922012671,18,38.84976577758789,-502.78450087186843,0.15,25,-37835.24648310662,0.0016629428137093782,1.57542003E9,,,,0,,1,,34.7497673034668,-2.0372682255564105,1.0,-2.0372682255564105,1.0,C,8212960526317
1651867069999,76236000000,,,-1335902211763637833,0.0,5.466367357017363,333.0,1.0,7,6,0.0,81921,503887929036362,7,38.457515716552734,444.1086208765894,0.15,25,35275.39232261388,0.002303099725395441,1.17645005E9,,,,0,,1,,34.457515716552734,1.9208527336454408,2.12105140590067,1.9208527336454408,1.0,Q,8212960526317
1651867069999,76236000000,,,-1335902211763637833,0.0,5.466367357017363,333.0,1.0,7,24,0.0,81921,503887927278472,6,41.17771911621094,500.5068725498186,0.15,25,39780.17921102307,0.0016838466981425881,1.17645005E9,,,,0,,1,,37.17771911621094,3.143213708743226,2.12105140590067,3.143213708743226,1.0,Q,8212960526317
1651867069999,76236000000,,,-1335902211763637833,0.0,5.466367357017363,333.0,1.0,7,25,0.0,81921,503887922013190,7,37.1497917175293,-502.66228118277763,0.15,25,-39376.09754772375,0.0026773123536258936,1.17645005E9,,,,0,,1,,33.1497917175293,1.0186341127782053,2.12105140590067,1.0186341127782053,1.0,Q,8212960526317
1651867069999,76236000000,,,-1335902211763637833,0.0,5.466367357017363,333.0,1.0,7,18,0.0,32995,82669935422460,36,39.23497772216797,172.09363835923523,0.15,17,13150.560505458589,0.09523290882241466,1.60031245E9,,,,0,,3,,35.134979248046875,48.42877388000488,2.0000000474974513,48.42877388000488,2.0000000474974513,C,8212960526317
1651867069999,76236000000,,,-1335902211763637833,0.0,5.466367357017363,333.0,1.0,7,9,0.0,32995,82669922159531,33,43.941650390625,-664.3482620410118,0.15,25,-49623.09964225174,9.105882490985096E-4,1.60087501E9,,,,0,,3,,39.841651916503906,48.42877388000488,2.0000000474974513,48.42877388000488,2.0000000474974513,C,8212960526317
1651867069999,76236000000,,,-1335902211763637833,0.0,5.466367357017363,333.0,1.0,7,15,0.0,32995,82669932367657,46,36.23395919799805,582.0289048014679,0.15,17,42609.95849386682,0.09565183531634897,1.602E9,,,,0,,3,,32.13396072387695,48.42877388000488,2.0000000474974513,48.42877388000488,2.0000000474974513,C,8212960526317
1651867069999,76236000000,,,-1335902211763637833,0.0,5.466367357017363,333.0,1.0,7,19,0.0,32995,82669929238097,34,39.88796615600586,-408.7164096320639,0.15,25,-31220.76438741357,0.001449585659429431,1.60368755E9,,,,0,,3,,35.787967681884766,48.42877388000488,2.0000000474974513,48.42877388000488,2.0000000474974513,C,8212960526317
1651867069999,76236000000,,,-1335902211763637833,0.0,5.466367357017363,333.0,1.0,7,17,0.0,32995,82669929073664,33,47.448341369628906,716.9642131016221,0.15,25,55371.82196989478,6.39663718175143E-4,1.60424998E9,,,,0,,3,,43.34834289550781,48.42877388000488,2.0000000474974513,48.42877388000488,2.0000000474974513,C,8212960526317
1651867069999,76236000000,,,-1335902211763637833,0.0,5.466367357017363,333.0,1.0,7,2,0.0,85026,503887914971275,24,35.416221618652344,487.72693974500385,0.5409302561454838,25,36810.64814374789,0.00246919016353786,1.57542003E9,,,,1,,6,,31.31622314453125,-4.423782229423522,1.5000000237487257,-4.423782229423522,1.5000000237487257,C,8212960526317
1651867069999,76236000000,,,-1335902211763637833,0.0,5.466367357017363,333.0,1.0,7,15,0.0,85026,503887918244997,17,42.558570861816406,-309.94282627980715,0.15,25,-23244.929615094614,0.0011437098728492856,1.57542003E9,,,,0,,6,,38.45857238769531,-4.423782229423522,1.5000000237487257,-4.423782229423522,1.5000000237487257,C,8212960526317
1651867069999,76236000000,,,-1335902211763637833,0.0,5.466367357017363,333.0,1.0,7,27,0.0,85026,503887913415258,18,41.838279724121094,-339.54507572778107,0.15,25,-25078.222169714627,0.0012425973545759916,1.57542003E9,,,,0,,6,,37.73828125,-4.423782229423522,1.5000000237487257,-4.423782229423522,1.5000000237487257,C,8212960526317
1651867069999,76236000000,,,-1335902211763637833,0.0,5.466367357017363,333.0,1.0,7,30,0.0,85026,503887921562014,21,37.04308319091797,71.82904978147508,0.15,25,5785.494146077349,0.002047441666945815,1.57542003E9,,,,0,,6,,32.943084716796875,-4.423782229423522,1.5000000237487257,-4.423782229423522,1.5000000237487257,C,8212960526317
1651867069999,76236000000,,,-1335902211763637833,0.0,5.466367357017363,333.0,1.0,7,2,0.0,84003,503887914971814,11,32.88914489746094,487.5346124428456,0.6522318433045529,25,37425.01055318722,0.004122446291148663,1.17645005E9,,,,0,,6,,28.889144897460938,-2.7614412829279895,2.6210514296493956,-2.7614412829279895,1.5000000237487257,Q,8212960526317
1651867069999,76236000000,,,-1335902211763637833,0.0,5.466367357017363,333.0,1.0,7,15,0.0,84003,503887918245516,8,37.5630989074707,-309.9453142991333,0.15,25,-23018.23107011696,0.002552898833528161,1.17645005E9,,,,0,,6,,33.5630989074707,-9.780214168131348,2.6210514296493956,-9.780214168131348,1.5000000237487257,Q,8212960526317
1651867069999,76236000000,,,-1335902211763637833,0.0,5.466367357017363,333.0,1.0,7,27,0.0,84003,503887913415783,7,34.560420989990234,-339.5203318643455,0.5767965831173143,25,-25444.551268237017,0.0034008792135864496,1.17645005E9,,,,0,,6,,30.560420989990234,-6.6402368247508985,2.6210514296493956,-6.6402368247508985,1.5000000237487257,Q,8212960526317
1651867069999,76236000000,,,-1335902211763637833,0.0,5.466367357017363,333.0,1.0,7,30,0.0,84003,503887921562556,7,35.054054260253906,71.86885809069372,0.5560637987837822,25,5940.071227820152,0.0032129911705851555,1.17645005E9,,,,0,,6,,31.05405616760254,-6.27082772552967,2.6210514296493956,-6.27082772552967,1.5000000237487257,Q,8212960526317
1651867070999,77236000000,,,-1335902211763637501,0.0,5.422797611625806,333.0,1.0,7,2,0.0,16431,503888930284592,29,33.39790344238281,-35.78875210555424,0.633007274239453,25,-2612.4919517300464,0.002936934120953083,1.57542003E9,,,,0,,1,,29.29790496826172,0.0,1.0,0.0,1.0,C,8213961747834
1651867070999,77236000000,,,-1335902211763637501,0.0,5.422797611625806,333.0,1.0,7,6,0.0,16431,503888929034336,20,37.961212158203125,444.034866440674,0.15,25,34252.19691280533,0.0018420654814690351,1.57542003E9,,,,0,,1,,33.86121368408203,0.320142130558394,1.0,0.320142130558394,1.0,C,8213961747834
1651867070999,77236000000,,,-1335902211763637501,0.0,5.422797611625806,333.0,1.0,7,12,0.0,16431,503888930837696,13,42.85775375366211,-184.20681606709422,0.15,25,-13941.13970899901,0.0010482815559953451,1.57542003E9,,,,0,,1,,38.757755279541016,-0.6984919076624261,1.0,-0.6984919076624261,1.0,C,8213961747834
1651867070999,77236000000,,,-1335902211763637501,0.0,5.422797611625806,333.0,1.0,7,17,0.0,16431,503888917376571,26,34.67813491821289,589.1317569057346,0.5767124420527736,25,45862.40010792005,0.002534444211050868,1.57542003E9,,,,0,,1,,30.578134536743164,-0.7858034271858065,1.0,-0.7858034271858065,1.0,C,8213961747834
1651867070999,77236000000,,,-1335902211763637501,0.0,5.422797611625806,333.0,1.0,7,19,0.0,16431,503888924032852,15,41.30297088623047,611.3045761510402,0.15,25,47515.59009425311,0.0012537676375359297,1.57542003E9,,,,0,,1,,37.202972412109375,0.0,1.0,0.0,1.0,C,8213961747834
1651867070999,77236000000,,,-1335902211763637501,0.0,5.422797611625806,333.0,1.0,7,20,0.0,16431,503888920139725,38,30.121816635131836,-477.27780389441455,0.7821019122406576,21,-36307.477732724896,0.09942934863556897,1.57542003E9,,,,0,,1,,26.02181625366211,0.0,1.0,0.0,1.0,C,8213961747834
1651867070999,77236000000,,,-1335902211763637501,0.0,5.422797611625806,333.0,1.0,7,24,0.0,16431,503888927276268,11,47.604461669921875,500.4078630136198,0.15,25,38759.34744408817,6.397662800736725E-4,1.57542003E9,,,,0,,1,,43.50446319580078,-0.20372681261465636,1.0,-0.20372681261465636,1.0,C,8213961747834
1651867070999,77236000000,,,-1335902211763637501,0.0,5.422797611625806,333.0,1.0,7,25,0.0,16431,503888922014357,18,39.222740173339844,-502.81278931078236,0.15,25,-38338.00683552207,0.0015930470544844866,1.57542003E9,,,,0,,1,,35.12274169921875,-2.0372682255564105,1.0,-2.0372682255564105,1.0,C,8213961747834
1651867070999,77236000000,,,-1335902211763637501,0.0,5.422797611625806,333.0,1.0,7,6,0.0,81921,503888929034881,6,38.530635833740234,444.06359795152275,0.15,25,35719.44024708183,0.002283793408423662,1.17645005E9,,,,0,,1,,34.530635833740234,1.9208527336454408,2.1094154833069148,1.9208527336454408,1.0,Q,8213961747834
1651867070999,77236000000,,,-1335902211763637501,0.0,5.422797611625806,333.0,1.0,7,24,0.0,81921,503888927276802,6,40.89891815185547,500.3684296114229,0.15,25,40280.591495754175,0.001738772145472467,1.17645005E9,,,,0,,1,,36.89891815185547,3.143213708743226,2.1094154833069148,3.143213708743226,1.0,Q,8213961747834
1651867070999,77236000000,,,-1335902211763637501,0.0,5.422797611625806,333.0,1.0,7,25,0.0,81921,503888922014865,6,37.48086166381836,-502.8320799811743,0.15,25,-39878.871826723574,0.0025771844666451216,1.17645005E9,,,,0,,1,,33.48086166381836,1.0186341127782053,2.1094154833069148,1.0186341127782053,1.0,Q,8213961747834
1651867070999,77236000000,,,-1335902211763637501,0.0,5.422797611625806,333.0,1.0,7,18,0.0,32995,82670935421860,35,39.57460021972656,172.0538300500166,0.15,17,13322.581770134648,0.09517285656072684,1.60031245E9,,,,0,,3,,35.47460174560547,48.42877388000488,2.0000000474974513,48.42877388000488,2.0000000474974513,C,8213961747834
1651867070999,77236000000,,,-1335902211763637501,0.0,5.422797611625806,333.0,1.0,7,9,0.0,32995,82670922161766,33,44.67206573486328,-664.4897724004945,0.15,25,-50287.53236511283,8.371462463401258E-4,1.60087501E9,,,,0,,3,,40.57206726074219,48.42877388000488,2.0000000474974513,48.42877388000488,2.0000000474974513,C,8213961747834
1651867070999,77236000000,,,-1335902211763637501,0.0,5.422797611625806,333.0,1.0,7,15,0.0,32995,82670932365708,45,36.613670349121094,582.0194298785545,0.15,17,43191.93957664274,0.09556270914294213,1.602E9,,,,0,,3,,32.513671875,48.42877388000488,2.0000000474974513,48.42877388000488,2.0000000474974513,C,8213961747834
1651867070999,77236000000,,,-1335902211763637501,0.0,5.422797611625806,333.0,1.0,7,19,0.0,32995,82670929239496,34,39.80998992919922,-408.75696775532606,0.15,25,-31629.504980934216,0.0014626578195020556,1.60368755E9,,,,0,,3,,35.709991455078125,48.42877388000488,2.0000000474974513,48.42877388000488,2.0000000474974513,C,8213961747834
1651867070999,77236000000,,,-1335902211763637501,0.0,5.422797611625806,333.0,1.0,7,17,0.0,32995,82670929071272,33,47.27102279663086,716.8695320374018,0.15,25,56088.73932966232,6.528562516905367E-4,1.60424998E9,,,,0,,3,,43.171024322509766,48.42877388000488,2.0000000474974513,48.42877388000488,2.0000000474974513,C,8213961747834
1651867070999,77236000000,,,-1335902211763637501,0.0,5.422797611625806,333.0,1.0,7,2,0.0,85026,503888914969663,20,37.68455123901367,487.41692572047236,0.15,25,37298.11850294069,0.0019016830483451486,1.57542003E9,,,,0,,6,,33.58455276489258,-4.423782229423522,1.5000000237487257,-4.423782229423522,1.5000000237487257,C,8213961747834
1651867070999,77236000000,,,-1335902211763637501,0.0,5.422797611625806,333.0,1.0,7,15,0.0,85026,503888918246039,17,42.269500732421875,-310.0194095596139,0.15,25,-23554.90890383525,0.0011824133107438684,1.57542003E9,,,,0,,6,,38.16950225830078,-4.423782229423522,1.5000000237487257,-4.423782229423522,1.5000000237487257,C,8213961747834
1651867070999,77236000000,,,-1335902211763637501,0.0,5.422797611625806,333.0,1.0,7,27,0.0,85026,503888913416385,18,41.52891540527344,-339.6479365815669,0.15,25,-25417.82576045648,0.0012876521795988083,1.57542003E9,,,,0,,6,,37.428916931152344,-4.423782229423522,1.5000000237487257,-4.423782229423522,1.5000000237487257,C,8213961747834
1651867070999,77236000000,,,-1335902211763637501,0.0,5.422797611625806,333.0,1.0,7,30,0.0,85026,503888921561775,21,36.9730339050293,71.71058768321592,0.15,25,5857.241828103645,0.002064020372927189,1.57542003E9,,,,0,,6,,32.8730354309082,-4.423782229423522,1.5000000237487257,-4.423782229423522,1.5000000237487257,C,8213961747834
1651867070999,77236000000,,,-1335902211763637501,0.0,5.422797611625806,333.0,1.0,7,2,0.0,84003,503888914970185,11,32.430023193359375,487.50312025301855,0.6728776241797347,25,37912.52375280973,0.004346213303506374,1.17645005E9,,,,0,,6,,28.430025100708008,-2.7614412829279895,2.6094155070556404,-2.7614412829279895,1.5000000237487257,Q,8213961747834
1651867070999,77236000000,,,-1335902211763637501,0.0,5.422797611625806,333.0,1.0,7,15,0.0,84003,503888918246552,7,37.55118942260742,-309.97735180826476,0.15,25,-23328.206929085613,0.00255640153773129,1.17645005E9,,,,0,,6,,33.55118942260742,-9.780214168131348,2.6094155070556404,-9.780214168131348,1.5000000237487257,Q,8213961747834
1651867070999,77236000000,,,-1335902211763637501,0.0,5.422797611625806,333.0,1.0,7,27,0.0,84003,503888913416917,7,34.50434112548828,-339.64081334815364,0.5793185517654065,25,-25784.162069433263,0.0034229070879518986,1.17645005E9,,,,0,,6,,30.504343032836914,-6.6402368247508985,2.6094155070556404,-6.6402368247508985,1.5000000237487257,Q,8213961747834
1651867070999,77236000000,,,-1335902211763637501,0.0,5.422797611625806,333.0,1.0,7,30,0.0,84003,503888921562316,6,34.56884002685547,71.7999433636046,0.5778832942554684,25,6011.825496071588,0.0033975846599787474,1.17645005E9,,,,0,,6,,30.56884002685547,-6.27082772552967,2.6094155070556404,-6.27082772552967,1.5000000237487257,Q,8213961747834
1651867071999,78236000000,,,-1335902211763637169,0.0,5.653410165301636,332.0,1.0,7,2,0.0,16431,503889930284711,31,32.6184196472168,-35.66238713768885,0.6680597494272056,25,-2648.235922352429,0.0032126868609339,1.57542003E9,,,,0,,1,,28.518421173095703,0.0,1.0,0.0,1.0,C,8214945984203
1651867071999,78236000000,,,-1335902211763637169,0.0,5.653410165301636,332.0,1.0,7,6,0.0,16431,503889929032864,20,37.82841873168945,444.1019407151109,0.15,25,34696.26862756312,0.0018704438116401434,1.57542003E9,,,,0,,1,,33.72842025756836,0.320142130558394,1.0,0.320142130558394,1.0,C,8214945984203
1651867071999,78236000000,,,-1335902211763637169,0.0,5.653410165301636,332.0,1.0,7,12,0.0,16431,503889930838311,13,42.804954528808594,-184.17685758781067,0.15,25,-14125.327369676552,0.001054673339240253,1.57542003E9,,,,0,,1,,38.7049560546875,-0.6984919076624261,1.0,-0.6984919076624261,1.0,C,8214945984203
1651867071999,78236000000,,,-1335902211763637169,0.0,5.653410165301636,332.0,1.0,7,17,0.0,16431,503889917374597,27,33.9908561706543,589.0801560665591,0.6076182405526835,25,46451.501460503365,0.0027431314811110497,1.57542003E9,,,,0,,1,,29.89085578918457,-0.7858034271858065,1.0,-0.7858034271858065,1.0,C,8214945984203
1651867071999,78236000000,,,-1335902211763637169,0.0,5.653410165301636,332.0,1.0,7,19,0.0,16431,503889924030817,21,37.033546447753906,611.3211402249103,0.15,25,48126.878628153165,0.002049690578132868,1.57542003E9,,,,0,,1,,32.93354797363281,0.0,1.0,0.0,1.0,C,8214945984203
1651867071999,78236000000,,,-1335902211763637169,0.0,5.653410165301636,332.0,1.0,7,20,0.0,16431,503889920141317,30,32.71493148803711,-477.09447436077835,0.6654928478530335,17,-36784.56714623129,0.09832402473603165,1.57542003E9,,,,0,,1,,28.614931106567383,0.0,1.0,0.0,1.0,C,8214945984203
1651867071999,78236000000,,,-1335902211763637169,0.0,5.653410165301636,332.0,1.0,7,24,0.0,16431,503889927274608,11,47.45990753173828,500.47875452318726,0.15,25,39259.77979907251,6.505025667138398E-4,1.57542003E9,,,,0,,1,,43.35990905761719,-0.20372681261465636,1.0,-0.20372681261465636,1.0,C,8214945984203
1651867071999,78236000000,,,-1335902211763637169,0.0,5.653410165301636,332.0,1.0,7,25,0.0,16431,503889922016030,19,38.694026947021484,-502.8537564235228,0.15,25,-38840.84487899371,0.0016930288402363658,1.57542003E9,,,,0,,1,,34.59402847290039,-2.0372682255564105,1.0,-2.0372682255564105,1.0,C,8214945984203
1651867071999,78236000000,,,-1335902211763637169,0.0,5.653410165301636,332.0,1.0,7,6,0.0,81921,503889929033405,8,37.90042495727539,444.109575185372,0.15,25,36163.50453849892,0.002455654786899686,1.17645005E9,,,,0,,1,,33.90042495727539,1.9208527336454408,2.0990209908827513,1.9208527336454408,1.0,Q,8214945984203
1651867071999,78236000000,,,-1335902211763637169,0.0,5.653410165301636,332.0,1.0,7,24,0.0,81921,503889927275133,7,40.586830139160156,500.4423544596209,0.15,25,40781.0261827143,0.0018023829907178879,1.17645005E9,,,,0,,1,,36.586830139160156,3.143213708743226,2.0990209908827513,3.143213708743226,1.0,Q,8214945984203
1651867071999,78236000000,,,-1335902211763637169,0.0,5.653410165301636,332.0,1.0,7,25,0.0,81921,503889922016545,8,36.87761306762695,-502.90822018904623,0.15,25,-40381.714169021245,0.0027625360526144505,1.17645005E9,,,,0,,1,,32.87761306762695,1.0186341127782053,2.0990209908827513,1.0186341127782053,1.0,Q,8214945984203
1651867071999,78236000000,,,-1335902211763637169,0.0,5.653410165301636,332.0,1.0,7,18,0.0,32995,82671935421301,34,39.93964767456055,172.0687922484301,0.15,17,13494.630139058812,0.09511087436583378,1.60031245E9,,,,0,,3,,35.83964920043945,48.42877388000488,2.0000000474974513,48.42877388000488,2.0000000474974513,C,8214945984203
1651867071999,78236000000,,,-1335902211763637169,0.0,5.653410165301636,332.0,1.0,7,9,0.0,32995,82671922163967,33,44.7318115234375,-664.4998608076253,0.15,25,-50952.02640798081,8.31407611258328E-4,1.60087501E9,,,,0,,3,,40.631813049316406,48.42877388000488,2.0000000474974513,48.42877388000488,2.0000000474974513,C,8214945984203
1651867071999,78236000000,,,-1335902211763637169,0.0,5.653410165301636,332.0,1.0,7,15,0.0,32995,82671932363749,41,37.57188034057617,582.0764157458607,0.15,17,43773.96331297736,0.09546273038398861,1.602E9,,,,0,,3,,33.47188186645508,48.42877388000488,2.0000000474974513,48.42877388000488,2.0000000474974513,C,8214945984203
1651867071999,78236000000,,,-1335902211763637169,0.0,5.653410165301636,332.0,1.0,7,19,0.0,32995,82671929240865,36,39.308807373046875,-408.69810735291117,0.15,25,-32038.237013676848,0.001549536595121026,1.60368755E9,,,,0,,3,,35.20880889892578,48.42877388000488,2.0000000474974513,48.42877388000488,2.0000000474974513,C,8214945984203
1651867071999,78236000000,,,-1335902211763637169,0.0,5.653410165301636,332.0,1.0,7,17,0.0,32995,82671929068858,33,46.418487548828125,716.9120669431422,0.15,25,56805.623113752736,7.201855187304318E-4,1.60424998E9,,,,0,,3,,42.31848907470703,48.42877388000488,2.0000000474974513,48.42877388000488,2.0000000474974513,C,8214945984203
1651867071999,78236000000,,,-1335902211763637169,0.0,5.653410165301636,332.0,1.0,7,2,0.0,85026,503889914968055,28,33.728553771972656,487.32606189138255,0.6168221679962897,25,37785.56853534611,0.0029987338930368423,1.57542003E9,,,,1,,6,,29.628555297851562,-4.423782229423522,1.5000000237487257,-4.423782229423522,1.5000000237487257,C,8214945984203
1651867071999,78236000000,,,-1335902211763637169,0.0,5.653410165301636,332.0,1.0,7,15,0.0,85026,503889918247059,17,42.2845344543457,-309.9744547994603,0.15,25,-23864.913677932233,0.001180368708446622,1.57542003E9,,,,0,,6,,38.18453598022461,-4.423782229423522,1.5000000237487257,-4.423782229423522,1.5000000237487257,C,8214945984203
1651867071999,78236000000,,,-1335902211763637169,0.0,5.653410165301636,332.0,1.0,7,27,0.0,85026,503889913417518,17,42.320919036865234,-339.6991625137207,0.15,25,-25757.506943565477,0.0011754344450309873,1.57542003E9,,,,0,,6,,38.22092056274414,-4.423782229423522,1.5000000237487257,-4.423782229423522,1.5000000237487257,C,8214945984203
1651867071999,78236000000,,,-1335902211763637169,0.0,5.653410165301636,332.0,1.0,7,30,0.0,85026,503889921561549,24,35.57759475708008,71.77579594315819,0.5341393932506118,25,5928.971224770374,0.002423739293590188,1.57542003E9,,,,1,,6,,31.477596282958984,-4.423782229423522,1.5000000237487257,-4.423782229423522,1.5000000237487257,C,8214945984203
1651867071999,78236000000,,,-1335902211763637169,0.0,5.653410165301636,332.0,1.0,7,2,0.0,84003,503889914968559,23,29.000171661376953,487.2756198557288,0.827114053405031,25,38399.95137745677,0.00645065400749445,1.17645005E9,,,,0,,6,,25.000171661376953,-2.7614412829279895,2.599021014631477,-2.7614412829279895,1.5000000237487257,Q,8214945984203
1651867071999,78236000000,,,-1335902211763637169,0.0,5.653410165301636,332.0,1.0,7,15,0.0,84003,503889918247584,9,36.99241256713867,-309.9306588428285,0.15,25,-23638.20542999563,0.002726264065131545,1.17645005E9,,,,0,,6,,32.99241256713867,-9.780214168131348,2.599021014631477,-9.780214168131348,1.5000000237487257,Q,8214945984203
1651867071999,78236000000,,,-1335902211763637169,0.0,5.653410165301636,332.0,1.0,7,27,0.0,84003,503889913418050,6,33.95911407470703,-339.7608858424835,0.6038371514648864,25,-26123.84854373181,0.003644657554104924,1.17645005E9,,,,0,,6,,29.9591121673584,-6.6402368247508985,2.599021014631477,-6.6402368247508985,1.5000000237487257,Q,8214945984203
1651867071999,78236000000,,,-1335902211763637169,0.0,5.653410165301636,332.0,1.0,7,30,0.0,84003,503889921562077,8,33.16638946533203,71.75106912095089,0.6409498179552258,25,6083.5501672766495,0.003992939833551645,1.17645005E9,,,,0,,6,,29.166391372680664,-6.27082772552967,2.599021014631477,-6.27082772552967,1.5000000237487257,Q,8214945984203
1651867072999,79236000000,,,-1335902211763636837,0.0,5.732140378305585,332.0,1.0,7,2,0.0,16431,503890930284840,30,32.75028610229492,-35.7494720744117,0.6621298679633218,25,-2683.975834353274,0.0031642806716263294,1.57542003E9,,,,0,,1,,28.650287628173828,0.0,1.0,0.0,1.0,C,8215969741162
1651867072999,79236000000,,,-1335902211763636837,0.0,5.732140378305585,332.0,1.0,7,6,0.0,16431,503890929031377,19,38.543399810791016,444.06942605158815,0.15,25,35140.3408051612,0.0017226440832018852,1.57542003E9,,,,0,,1,,34.44340133666992,0.320142130558394,1.0,0.320142130558394,1.0,C,8215969741162
1651867072999,79236000000,,,-1335902211763636837,0.0,5.732140378305585,332.0,1.0,7,12,0.0,16431,503890930838922,14,42.482696533203125,-184.2420573271388,0.15,25,-14309.547815612817,0.0010945380199700594,1.57542003E9,,,,0,,1,,38.38269805908203,-0.6984919076624261,1.0,-0.6984919076624261,1.0,C,8215969741162
1651867072999,79236000000,,,-1335902211763636837,0.0,5.732140378305585,332.0,1.0,7,17,0.0,16431,503890917372630,30,32.8543586730957,589.0488002065581,0.6587248175413398,25,47040.52466692821,0.003126593306660652,1.57542003E9,,,,0,,1,,28.75436019897461,-0.7858034271858065,1.0,-0.7858034271858065,1.0,C,8215969741162
1651867072999,79236000000,,,-1335902211763636837,0.0,5.732140378305585,332.0,1.0,7,19,0.0,16431,503890924028761,18,38.77619934082031,611.18774149008,0.15,25,48738.08350134235,0.0016770872753113508,1.57542003E9,,,,0,,1,,34.67620086669922,0.0,1.0,0.0,1.0,C,8215969741162
1651867072999,79236000000,,,-1335902211763636837,0.0,5.732140378305585,332.0,1.0,7,20,0.0,16431,503890920142901,28,33.51897430419922,-477.1613100580196,0.6293360211931844,17,-37261.74102609591,0.09804311689276969,1.57542003E9,,,,0,,1,,29.418975830078125,0.0,1.0,0.0,1.0,C,8215969741162
1651867072999,79236000000,,,-1335902211763636837,0.0,5.732140378305585,332.0,1.0,7,24,0.0,16431,503890927272930,11,47.35588836669922,500.4130776294678,0.15,25,39760.20078303429,6.583394133485854E-4,1.57542003E9,,,,0,,1,,43.255889892578125,-0.20372681261465636,1.0,-0.20372681261465636,1.0,C,8215969741162
1651867072999,79236000000,,,-1335902211763636837,0.0,5.732140378305585,332.0,1.0,7,25,0.0,16431,503890922017701,19,38.387813568115234,-502.94022361572115,0.15,25,-39343.76013960276,0.0017537791281938553,1.57542003E9,,,,0,,1,,34.28781509399414,-2.0372682255564105,1.0,-2.0372682255564105,1.0,C,8215969741162
1651867072999,79236000000,,,-1335902211763636837,0.0,5.732140378305585,332.0,1.0,7,6,0.0,81921,503890929031918,8,38.4675178527832,444.0626095602836,0.15,25,36607.574659438906,0.002300449414178729,1.17645005E9,,,,0,,1,,34.4675178527832,1.9208527336454408,2.0892049643584016,1.9208527336454408,1.0,Q,8215969741162
1651867072999,79236000000,,,-1335902211763636837,0.0,5.732140378305585,332.0,1.0,7,24,0.0,81921,503890927273464,8,40.59770965576172,500.41372519614174,0.15,25,41281.45570349778,0.0018001265125349164,1.17645005E9,,,,0,,1,,36.59770965576172,3.143213708743226,2.0892049643584016,3.143213708743226,1.0,Q,8215969741162
1651867072999,79236000000,,,-1335902211763636837,0.0,5.732140378305585,332.0,1.0,7,25,0.0,81921,503890922018219,8,37.504398345947266,-503.01759079202793,0.15,25,-40884.622860293624,0.0025702104903757572,1.17645005E9,,,,0,,1,,33.504398345947266,1.0186341127782053,2.0892049643584016,1.0186341127782053,1.0,Q,8215969741162
1651867072999,79236000000,,,-1335902211763636837,0.0,5.732140378305585,332.0,1.0,7,18,0.0,32995,82672935420751,34,39.76142120361328,172.07013850546275,0.15,17,13666.707547335045,0.09514081033301093,1.60031245E9,,,,0,,3,,35.66142272949219,48.42877388000488,2.0000000474974513,48.42877388000488,2.0000000474974513,C,8215969741162
1651867072999,79236000000,,,-1335902211763636837,0.0,5.732140378305585,332.0,1.0,7,9,0.0,32995,82672922166179,33,44.65300750732422,-664.5894976682803,0.15,25,-51616.589766567726,8.38985200971365E-4,1.60087501E9,,,,0,,3,,40.553009033203125,48.42877388000488,2.0000000474974513,48.42877388000488,2.0000000474974513,C,8215969741162
1651867072999,79236000000,,,-1335902211763636837,0.0,5.732140378305585,332.0,1.0,7,15,0.0,32995,82672932361822,40,37.92463684082031,582.029041131294,0.15,17,44356.00780297155,0.09538732899494856,1.602E9,,,,0,,3,,33.82463836669922,48.42877388000488,2.0000000474974513,48.42877388000488,2.0000000474974513,C,8215969741162
1651867072999,79236000000,,,-1335902211763636837,0.0,5.732140378305585,332.0,1.0,7,19,0.0,32995,82672929242187,37,39.044986724853516,-408.73201939715136,0.15,25,-32446.97026656704,0.001597323571331799,1.60368755E9,,,,0,,3,,34.94498825073242,48.42877388000488,2.0000000474974513,48.42877388000488,2.0000000474974513,C,8215969741162
1651867072999,79236000000,,,-1335902211763636837,0.0,5.732140378305585,332.0,1.0,7,17,0.0,32995,82672929066482,33,46.654788970947266,716.8301327176614,0.15,25,57522.451707916036,7.008569082245231E-4,1.60424998E9,,,,0,,3,,42.55479049682617,48.42877388000488,2.0000000474974513,48.42877388000488,2.0000000474974513,C,8215969741162
1651867072999,79236000000,,,-1335902211763636837,0.0,5.732140378305585,332.0,1.0,7,2,0.0,85026,503890914966430,28,33.664676666259766,487.3300495387957,0.6196945469005071,25,38272.988907077466,0.0030208693351596594,1.57542003E9,,,,0,,6,,29.56467628479004,-4.423782229423522,1.5000000237487257,-4.423782229423522,1.5000000237487257,C,8215969741162
1651867072999,79236000000,,,-1335902211763636837,0.0,5.732140378305585,332.0,1.0,7,15,0.0,85026,503890918248090,17,42.00900650024414,-310.06596619522406,0.15,25,-24174.95817183973,0.0012184118386358023,1.57542003E9,,,,0,,6,,37.90900802612305,-4.423782229423522,1.5000000237487257,-4.423782229423522,1.5000000237487257,C,8215969741162
1651867072999,79236000000,,,-1335902211763636837,0.0,5.732140378305585,332.0,1.0,7,27,0.0,85026,503890913418659,18,41.71211242675781,-339.79905819378905,0.15,25,-26097.26915389962,0.0012607785174623132,1.57542003E9,,,,0,,6,,37.61211395263672,-4.423782229423522,1.5000000237487257,-4.423782229423522,1.5000000237487257,C,8215969741162
1651867072999,79236000000,,,-1335902211763636837,0.0,5.732140378305585,332.0,1.0,7,30,0.0,85026,503890921561303,23,36.03532409667969,71.65049179175207,0.15,25,6000.654070277887,0.002299320185557008,1.57542003E9,,,,0,,6,,31.93532371520996,-4.423782229423522,1.5000000237487257,-4.423782229423522,1.5000000237487257,C,8215969741162
1651867072999,79236000000,,,-1335902211763636837,0.0,5.732140378305585,332.0,1.0,7,2,0.0,84003,503890914966933,22,28.991230010986328,487.38778522014536,0.827515787047834,25,38887.39411725847,0.0064572966657578945,1.17645005E9,,,,0,,6,,24.991230010986328,-2.7614412829279895,2.5892049881071273,-2.7614412829279895,1.5000000237487257,Q,8215969741162
1651867072999,79236000000,,,-1335902211763636837,0.0,5.732140378305585,332.0,1.0,7,15,0.0,84003,503890918248621,9,37.19551086425781,-310.00332264013514,0.15,25,-23948.248086913085,0.0026632570661604404,1.17645005E9,,,,0,,6,,33.19551086425781,-9.780214168131348,2.5892049881071273,-9.780214168131348,1.5000000237487257,Q,8215969741162
1651867072999,79236000000,,,-1335902211763636837,0.0,5.732140378305585,332.0,1.0,7,27,0.0,84003,503890913419183,8,34.094444274902344,-339.7383573387219,0.5977515025239257,25,-26463.589353242183,0.003588309744372964,1.17645005E9,,,,0,,6,,30.094446182250977,-6.6402368247508985,2.5892049881071273,-6.6402368247508985,1.5000000237487257,Q,8215969741162
1651867072999,79236000000,,,-1335902211763636837,0.0,5.732140378305585,332.0,1.0,7,30,0.0,84003,503890921561838,9,33.549476623535156,71.66182420854591,0.6237228669326904,25,6155.239258397847,0.00382066098973155,1.17645005E9,,,,0,,6,,29.549476623535156,-6.27082772552967,2.5892049881071273,-6.27082772552967,1.5000000237487257,Q,8215969741162
1651867073999,80236000000,,,-1335902211763636505,0.0,5.568363052978613,332.0,1.0,7,2,0.0,16431,503891930284945,30,32.85429763793945,-35.784466236646495,0.657452783045843,25,-2719.748001355327,0.003126616822555661,1.57542003E9,,,,0,,1,,28.754297256469727,0.0,1.0,0.0,1.0,C,8216953118766
1651867073999,80236000000,,,-1335902211763636505,0.0,5.568363052978613,332.0,1.0,7,6,0.0,16431,503891929029908,18,39.355247497558594,443.9733816891069,0.15,25,35584.369294716416,0.001568928943015635,1.57542003E9,,,,0,,1,,35.2552490234375,0.320142130558394,1.0,0.320142130558394,1.0,C,8216953118766
1651867073999,80236000000,,,-1335902211763636505,0.0,5.568363052978613,332.0,1.0,7,12,0.0,16431,503891930839548,14,42.45099639892578,-184.32883126144588,0.15,25,-14493.845716479487,0.001098540029488504,1.57542003E9,,,,0,,1,,38.35099792480469,-0.6984919076624261,1.0,-0.6984919076624261,1.0,C,8216953118766
1651867073999,80236000000,,,-1335902211763636505,0.0,5.568363052978613,332.0,1.0,7,17,0.0,16431,503891917370673,34,31.31652069091797,588.7956357195067,0.7278793866047821,25,47629.370026314085,0.0037321874406188726,1.57542003E9,,,,0,,1,,27.216520309448242,-0.7858034271858065,1.0,-0.7858034271858065,1.0,C,8216953118766
1651867073999,80236000000,,,-1335902211763636505,0.0,5.568363052978613,332.0,1.0,7,19,0.0,16431,503891924026740,14,41.954891204833984,611.0838581625985,0.15,25,49349.191998194634,0.0011631106026470661,1.57542003E9,,,,0,,1,,37.85489273071289,0.0,1.0,0.0,1.0,C,8216953118766
1651867073999,80236000000,,,-1335902211763636505,0.0,5.568363052978613,332.0,1.0,7,20,0.0,16431,503891920144502,29,33.219696044921875,-477.4205753047886,0.6427945974818208,17,-37739.065412179676,0.09814465014551556,1.57542003E9,,,,0,,1,,29.11969757080078,0.0,1.0,0.0,1.0,C,8216953118766
1651867073999,80236000000,,,-1335902211763636505,0.0,5.568363052978613,332.0,1.0,7,24,0.0,16431,503891927271265,12,46.917415618896484,500.30691077739925,0.15,25,40260.57413729951,6.924265180714428E-4,1.57542003E9,,,,0,,1,,42.81741714477539,-0.20372681261465636,1.0,-0.20372681261465636,1.0,C,8216953118766
1651867073999,80236000000,,,-1335902211763636505,0.0,5.568363052978613,332.0,1.0,7,25,0.0,16431,503891922019369,19,38.400856018066406,-503.20020459407715,0.15,25,-39846.811434798576,0.0017511480255052447,1.57542003E9,,,,0,,1,,34.30085754394531,-2.0372682255564105,1.0,-2.0372682255564105,1.0,C,8216953118766
1651867073999,80236000000,,,-1335902211763636505,0.0,5.568363052978613,332.0,1.0,7,6,0.0,81921,503891929030437,7,38.943904876708984,443.9846629822159,0.15,25,37051.60537827086,0.0021776764187961817,1.17645005E9,,,,0,,1,,34.943904876708984,1.9208527336454408,2.0790157532683358,1.9208527336454408,1.0,Q,8216953118766
1651867073999,80236000000,,,-1335902211763636505,0.0,5.568363052978613,332.0,1.0,7,24,0.0,81921,503891927271796,8,40.82347106933594,500.3071152721384,0.15,25,41781.82248921099,0.0017539412947371602,1.17645005E9,,,,0,,1,,36.82347106933594,3.143213708743226,2.0790157532683358,3.143213708743226,1.0,Q,8216953118766
1651867073999,80236000000,,,-1335902211763636505,0.0,5.568363052978613,332.0,1.0,7,25,0.0,81921,503891922019898,8,37.31536865234375,-503.20753232222955,0.15,25,-41387.67639175778,0.0026267587672919035,1.17645005E9,,,,0,,1,,33.31536865234375,1.0186341127782053,2.0790157532683358,1.0186341127782053,1.0,Q,8216953118766
1651867073999,80236000000,,,-1335902211763636505,0.0,5.568363052978613,332.0,1.0,7,18,0.0,32995,82673935420157,35,39.69739532470703,172.0490073824186,0.15,17,13838.773445804587,0.09515171577111371,1.60031245E9,,,,0,,3,,35.59739685058594,48.42877388000488,2.0000000474974513,48.42877388000488,2.0000000474974513,C,8216953118766
1651867073999,80236000000,,,-1335902211763636505,0.0,5.568363052978613,332.0,1.0,7,9,0.0,32995,82673922168387,33,44.0301513671875,-664.8218036919397,0.15,25,-52281.28356471794,9.013573289848864E-4,1.60087501E9,,,,0,,3,,39.930152893066406,48.42877388000488,2.0000000474974513,48.42877388000488,2.0000000474974513,C,8216953118766
1651867073999,80236000000,,,-1335902211763636505,0.0,5.568363052978613,332.0,1.0,7,15,0.0,32995,82673932359944,46,36.349971771240234,581.9397450952042,0.15,17,44938.02848015074,0.09574890823245436,1.602E9,,,,0,,3,,32.24997329711914,48.42877388000488,2.0000000474974513,48.42877388000488,2.0000000474974513,C,8216953118766
1651867073999,80236000000,,,-1335902211763636505,0.0,5.568363052978613,332.0,1.0,7,19,0.0,32995,82673929243576,37,38.83603286743164,-408.78604009074,0.15,25,-32855.742360023425,0.0016362157184630632,1.60368755E9,,,,0,,3,,34.73603439331055,48.42877388000488,2.0000000474974513,48.42877388000488,2.0000000474974513,C,8216953118766
1651867073999,80236000000,,,-1335902211763636505,0.0,5.568363052978613,332.0,1.0,7,17,0.0,32995,82673929064073,33,47.22657775878906,716.644178834873,0.15,25,58239.17209170282,6.562054622918367E-4,1.60424998E9,,,,0,,3,,43.12657928466797,48.42877388000488,2.0000000474974513,48.42877388000488,2.0000000474974513,C,8216953118766
1651867073999,80236000000,,,-1335902211763636505,0.0,5.568363052978613,332.0,1.0,7,2,0.0,85026,503891914964789,23,36.279212951660156,487.2643044801632,0.15,25,38760.32005118346,0.0022356559056788683,1.57542003E9,,,,0,,6,,32.17921447753906,-4.423782229423522,1.5000000237487257,-4.423782229423522,1.5000000237487257,C,8216953118766
1651867073999,80236000000,,,-1335902211763636505,0.0,5.568363052978613,332.0,1.0,7,15,0.0,85026,503891918249133,16,42.630252838134766,-310.20457954590233,0.15,25,-24485.0876898954,0.0011343100341036916,1.57542003E9,,,,0,,6,,38.53025436401367,-4.423782229423522,1.5000000237487257,-4.423782229423522,1.5000000237487257,C,8216953118766
1651867073999,80236000000,,,-1335902211763636505,0.0,5.568363052978613,332.0,1.0,7,27,0.0,85026,503891913419790,18,41.61785888671875,-339.9659940658378,0.15,25,-26437.154895041123,0.0012745341518893838,1.57542003E9,,,,0,,6,,37.517860412597656,-4.423782229423522,1.5000000237487257,-4.423782229423522,1.5000000237487257,C,8216953118766
1651867073999,80236000000,,,-1335902211763636505,0.0,5.568363052978613,332.0,1.0,7,30,0.0,85026,503891921561068,22,36.75568389892578,71.56746692766251,0.15,25,6072.26111185926,0.0021163206547498703,1.57542003E9,,,,0,,6,,32.65568542480469,-4.423782229423522,1.5000000237487257,-4.423782229423522,1.5000000237487257,C,8216953118766
1651867073999,80236000000,,,-1335902211763636505,0.0,5.568363052978613,332.0,1.0,7,2,0.0,84003,503891914965307,14,31.349468231201172,487.2598055959022,0.7214682235771095,25,39374.71220009006,0.004921969957649708,1.17645005E9,,,,0,,6,,27.349468231201172,-2.7614412829279895,2.5790157770170614,-2.7614412829279895,1.5000000237487257,Q,8216953118766
1651867073999,80236000000,,,-1335902211763636505,0.0,5.568363052978613,332.0,1.0,7,15,0.0,84003,503891918249655,7,37.71421432495117,-310.22683539001173,0.15,25,-24258.38954305044,0.002508868696168065,1.17645005E9,,,,0,,6,,33.71421432495117,-9.780214168131348,2.5790157770170614,-9.780214168131348,1.5000000237487257,Q,8216953118766
1651867073999,80236000000,,,-1335902211763636505,0.0,5.568363052978613,332.0,1.0,7,27,0.0,84003,503891913420318,7,33.97613525390625,-339.97028845535965,0.6030719603755705,25,-26803.48261170145,0.003637520829215646,1.17645005E9,,,,0,,6,,29.976137161254883,-6.6402368247508985,2.5790157770170614,-6.6402368247508985,1.5000000237487257,Q,8216953118766
1651867073999,80236000000,,,-1335902211763636505,0.0,5.568363052978613,332.0,1.0,7,30,0.0,84003,503891921561597,7,34.71288299560547,71.4597578444363,0.5714056304971975,25,6226.826770618187,0.0033417041413486004,1.17645005E9,,,,0,,6,,30.7128849029541,-6.27082772552967,2.5790157770170614,-6.27082772552967,1.5000000237487257,Q,8216953118766
1651867074999,81236000000,,,-1335902211763636175,0.0,5.3935349314174506,331.0,1.0,7,2,0.0,16431,503892930285079,34,31.183210372924805,-35.79396246109516,0.7325996736985956,25,-2755.570679130115,0.003789910115301609,1.57542003E9,,,,0,,1,,27.083209991455078,0.0,1.0,0.0,1.0,C,8217981653191
1651867074999,81236000000,,,-1335902211763636175,0.0,5.3935349314174506,331.0,1.0,7,6,0.0,16431,503892929028427,19,38.61338424682617,443.90896584627876,0.15,25,36028.33855083494,0.0017088204622268677,1.57542003E9,,,,0,,1,,34.51338577270508,0.320142130558394,1.0,0.320142130558394,1.0,C,8217981653191
1651867074999,81236000000,,,-1335902211763636175,0.0,5.3935349314174506,331.0,1.0,7,12,0.0,16431,503892930840159,13,43.0433349609375,-184.4483073127866,0.15,25,-14678.235193786524,0.0010261217830702662,1.57542003E9,,,,0,,1,,38.943336486816406,-0.6984919076624261,1.0,-0.6984919076624261,1.0,C,8217981653191
1651867074999,81236000000,,,-1335902211763636175,0.0,5.3935349314174506,331.0,1.0,7,17,0.0,16431,503892917368699,43,28.44125747680664,588.3439750056664,0.8571764442405971,16,48217.147696697524,3.4028234663852886E38,1.57542003E9,,,,0,,1,,24.341257095336914,-0.7858034271858065,1.0,-0.7858034271858065,1.0,C,8217981653191
1651867074999,81236000000,,,-1335902211763636175,0.0,5.3935349314174506,331.0,1.0,7,19,0.0,16431,503892924024705,15,41.047698974609375,610.7804561346325,0.15,25,49960.12881124001,0.0012911618687212467,1.57542003E9,,,,0,,1,,36.94770050048828,0.0,1.0,0.0,1.0,C,8217981653191
1651867074999,81236000000,,,-1335902211763636175,0.0,5.3935349314174506,331.0,1.0,7,20,0.0,16431,503892920146108,32,32.14718246459961,-477.58198981888063,0.6910246683937902,25,-38216.49920003035,0.003391800681129098,1.57542003E9,,,,0,,1,,28.047182083129883,0.0,1.0,0.0,1.0,C,8217981653191
1651867074999,81236000000,,,-1335902211763636175,0.0,5.3935349314174506,331.0,1.0,7,24,0.0,16431,503892927269595,12,46.63663864135742,500.22651026246194,0.15,25,40760.87176932351,7.151751779019833E-4,1.57542003E9,,,,0,,1,,42.53664016723633,-0.20372681261465636,1.0,-0.20372681261465636,1.0,C,8217981653191
1651867074999,81236000000,,,-1335902211763636175,0.0,5.3935349314174506,331.0,1.0,7,25,0.0,16431,503892922021053,19,38.42074966430664,-503.3658112503215,0.15,25,-40350.00196278312,0.0017471419414505363,1.57542003E9,,,,0,,1,,34.32075119018555,-2.0372682255564105,1.0,-2.0372682255564105,1.0,C,8217981653191
1651867074999,81236000000,,,-1335902211763636175,0.0,5.3935349314174506,331.0,1.0,7,6,0.0,81921,503892929028957,8,39.05643081665039,443.94945580462786,0.15,25,37495.581788342,0.002149646170437336,1.17645005E9,,,,0,,1,,35.05643081665039,1.9208527336454408,2.069162646871047,1.9208527336454408,1.0,Q,8217981653191
1651867074999,81236000000,,,-1335902211763636175,0.0,5.3935349314174506,331.0,1.0,7,24,0.0,81921,503892927270124,8,41.86932373046875,500.2558893399846,0.15,25,42282.12522624559,0.001554971095174551,1.17645005E9,,,,0,,1,,37.86932373046875,3.143213708743226,2.069162646871047,3.143213708743226,1.0,Q,8217981653191
1651867074999,81236000000,,,-1335902211763636175,0.0,5.3935349314174506,331.0,1.0,7,25,0.0,81921,503892922021579,8,37.584808349609375,-503.21288326790363,0.15,25,-41890.844830015696,0.002546526025980711,1.17645005E9,,,,0,,1,,33.584808349609375,1.0186341127782053,2.069162646871047,1.0186341127782053,1.0,Q,8217981653191
1651867074999,81236000000,,,-1335902211763636175,0.0,5.3935349314174506,331.0,1.0,7,18,0.0,32995,82674935419582,36,39.244850158691406,171.95720628577442,0.15,17,14010.789122129287,0.09523112941422053,1.60031245E9,,,,0,,3,,35.14485168457031,48.42877388000488,2.0000000474974513,48.42877388000488,2.0000000474974513,C,8217981653191
1651867074999,81236000000,,,-1335902211763636175,0.0,5.3935349314174506,331.0,1.0,7,9,0.0,32995,82674922170625,33,44.25574493408203,-664.9127356859426,0.15,25,-52946.113739102235,8.782484801486135E-4,1.60087501E9,,,,0,,3,,40.15574645996094,48.42877388000488,2.0000000474974513,48.42877388000488,2.0000000474974513,C,8217981653191
1651867074999,81236000000,,,-1335902211763636175,0.0,5.3935349314174506,331.0,1.0,7,15,0.0,32995,82674932357986,50,35.122901916503906,581.8813277647241,0.5558091455856806,17,45520.024778873216,0.09593616414025813,1.602E9,,,,0,,3,,31.02290153503418,48.42877388000488,2.0000000474974513,48.42877388000488,2.0000000474974513,C,8217981653191
1651867074999,81236000000,,,-1335902211763636175,0.0,5.3935349314174506,331.0,1.0,7,19,0.0,32995,82674929244927,37,38.984039306640625,-408.89503578669996,0.15,25,-33264.59013080531,0.001608571270480752,1.60368755E9,,,,0,,3,,34.88404083251953,48.42877388000488,2.0000000474974513,48.42877388000488,2.0000000474974513,C,8217981653191
1651867074999,81236000000,,,-1335902211763636175,0.0,5.3935349314174506,331.0,1.0,7,17,0.0,32995,82674929061673,33,46.58552169799805,716.4748571908676,0.15,25,58955.76634259021,7.064681849442422E-4,1.60424998E9,,,,0,,3,,42.48552322387695,48.42877388000488,2.0000000474974513,48.42877388000488,2.0000000474974513,C,8217981653191
1651867074999,81236000000,,,-1335902211763636175,0.0,5.3935349314174506,331.0,1.0,7,2,0.0,85026,503892914963152,21,37.258663177490234,487.1348933927461,0.15,25,39247.51687796293,0.0019972501322627068,1.57542003E9,,,,0,,6,,33.15866470336914,-4.423782229423522,1.5000000237487257,-4.423782229423522,1.5000000237487257,C,8217981653191
1651867074999,81236000000,,,-1335902211763636175,0.0,5.3935349314174506,331.0,1.0,7,15,0.0,85026,503892918250162,16,42.81283950805664,-310.28511639066573,0.15,25,-24795.31567090961,0.001110714627429843,1.57542003E9,,,,0,,6,,38.71284103393555,-4.423782229423522,1.5000000237487257,-4.423782229423522,1.5000000237487257,C,8217981653191
1651867074999,81236000000,,,-1335902211763636175,0.0,5.3935349314174506,331.0,1.0,7,27,0.0,85026,503892913420919,17,41.949161529541016,-340.1377014817997,0.15,25,-26777.191510174784,0.0012268353020772338,1.57542003E9,,,,0,,6,,37.84916305541992,-4.423782229423522,1.5000000237487257,-4.423782229423522,1.5000000237487257,C,8217981653191
1651867074999,81236000000,,,-1335902211763636175,0.0,5.3935349314174506,331.0,1.0,7,30,0.0,85026,503892921560822,21,37.052066802978516,71.39532070007286,0.15,25,6143.754319693989,0.002045324770733714,1.57542003E9,,,,0,,6,,32.95206832885742,-4.423782229423522,1.5000000237487257,-4.423782229423522,1.5000000237487257,C,8217981653191
1651867074999,81236000000,,,-1335902211763636175,0.0,5.3935349314174506,331.0,1.0,7,2,0.0,84003,503892914963682,9,34.6898193359375,487.16243201761654,0.5712561869134207,25,39861.91334619938,0.0033505912870168686,1.17645005E9,,,,0,,6,,30.689817428588867,-2.7614412829279895,2.5691626706197725,-2.7614412829279895,1.5000000237487257,Q,8217981653191
1651867074999,81236000000,,,-1335902211763636175,0.0,5.3935349314174506,331.0,1.0,7,15,0.0,84003,503892918250690,6,38.244930267333984,-310.3764914566034,0.15,25,-24568.622259843727,0.0023601632565259933,1.17645005E9,,,,0,,6,,34.244930267333984,-9.780214168131348,2.5691626706197725,-9.780214168131348,1.5000000237487257,Q,8217981653191
1651867074999,81236000000,,,-1335902211763636175,0.0,5.3935349314174506,331.0,1.0,7,27,0.0,84003,503892913421451,7,34.046287536621094,-340.09148567075476,0.5999176023974653,25,-27143.507333521175,0.0036082614678889513,1.17645005E9,,,,0,,6,,30.046287536621094,-6.6402368247508985,2.5691626706197725,-6.6402368247508985,1.5000000237487257,Q,8217981653191
1651867074999,81236000000,,,-1335902211763636175,0.0,5.3935349314174506,331.0,1.0,7,30,0.0,84003,503892921561359,7,35.72102355957031,71.37452614128688,0.5260708376399217,25,6298.3310144207735,0.0029755085706710815,1.17645005E9,,,,0,,6,,31.72102165222168,-6.27082772552967,2.5691626706197725,-6.27082772552967,1.5000000237487257,Q,8217981653191
1651867075999,82236000000,,,-1335902211763635845,0.0,5.123808976972302,330.0,1.0,7,2,0.0,16431,503893930285207,36,30.457557678222656,-35.852430915260044,0.765231429098356,25,-2791.4107779578108,0.004120136145502329,1.57542003E9,,,,0,,1,,26.35755729675293,0.0,1.0,0.0,1.0,C,8218978791497
1651867075999,82236000000,,,-1335902211763635845,0.0,5.123808976972302,330.0,1.0,7,6,0.0,16431,503893929026952,18,38.79573059082031,444.01370123517336,0.15,25,36472.30984225908,0.0016733203083276749,1.57542003E9,,,,0,,1,,34.69573211669922,0.320142130558394,1.0,0.320142130558394,1.0,C,8218978791497
1651867075999,82236000000,,,-1335902211763635845,0.0,5.123808976972302,330.0,1.0,7,12,0.0,16431,503893930840772,13,42.647613525390625,-184.47993583243976,0.15,25,-14862.661335736155,0.0010739521821960807,1.57542003E9,,,,0,,1,,38.54761505126953,-0.6984919076624261,1.0,-0.6984919076624261,1.0,C,8218978791497
1651867075999,82236000000,,,-1335902211763635845,0.0,5.123808976972302,330.0,1.0,7,17,0.0,16431,503893917366742,27,33.992034912109375,588.6498991354151,0.6075638550703024,17,48805.68271504551,0.09788959604975557,1.57542003E9,,,,0,,1,,29.89203453063965,-0.7858034271858065,1.0,-0.7858034271858065,1.0,C,8218978791497
1651867075999,82236000000,,,-1335902211763635845,0.0,5.123808976972302,330.0,1.0,7,19,0.0,16431,503893924022670,13,43.19301223754883,610.8026097313723,0.15,25,50570.97762815789,0.0010085910325869918,1.57542003E9,,,,0,,1,,39.093013763427734,0.0,1.0,0.0,1.0,C,8218978791497
1651867075999,82236000000,,,-1335902211763635845,0.0,5.123808976972302,330.0,1.0,7,20,0.0,16431,503893920147707,32,32.004661560058594,-477.61177788588157,0.6974339009698238,25,-38694.05211669171,0.0034479128662496805,1.57542003E9,,,,0,,1,,27.9046630859375,0.0,1.0,0.0,1.0,C,8218978791497
1651867075999,82236000000,,,-1335902211763635845,0.0,5.123808976972302,330.0,1.0,7,24,0.0,16431,503893927267927,12,46.53830337524414,500.27207850683294,0.15,25,41261.152015122236,7.233177311718464E-4,1.57542003E9,,,,0,,1,,42.43830490112305,-0.20372681261465636,1.0,-0.20372681261465636,1.0,C,8218978791497
1651867075999,82236000000,,,-1335902211763635845,0.0,5.123808976972302,330.0,1.0,7,25,0.0,16431,503893922022721,18,38.729034423828125,-503.421842808845,0.15,25,-40853.28583051796,0.0016862188931554556,1.57542003E9,,,,0,,1,,34.62903594970703,-2.0372682255564105,1.0,-2.0372682255564105,1.0,C,8218978791497
1651867075999,82236000000,,,-1335902211763635845,0.0,5.123808976972302,330.0,1.0,7,6,0.0,81921,503893929027476,7,39.5549201965332,443.87471297747334,0.15,25,37939.54000641004,0.0020297502633184195,1.17645005E9,,,,0,,1,,35.5549201965332,1.9208527336454408,2.057900306482394,1.9208527336454408,1.0,Q,8218978791497
1651867075999,82236000000,,,-1335902211763635845,0.0,5.123808976972302,330.0,1.0,7,24,0.0,81921,503893927268457,7,40.86185073852539,500.268431683985,0.15,25,42782.40664172576,0.0017462080577388406,1.17645005E9,,,,0,,1,,36.86185073852539,3.143213708743226,2.057900306482394,3.143213708743226,1.0,Q,8218978791497
1651867075999,82236000000,,,-1335902211763635845,0.0,5.123808976972302,330.0,1.0,7,25,0.0,81921,503893922023260,7,36.77430725097656,-503.33885202721194,0.15,25,-42394.13916795716,0.002795588690787554,1.17645005E9,,,,0,,1,,32.77430725097656,1.0186341127782053,2.057900306482394,1.0186341127782053,1.0,Q,8218978791497
1651867075999,82236000000,,,-1335902211763635845,0.0,5.123808976972302,330.0,1.0,7,18,0.0,32995,82675935418985,34,39.99806594848633,172.00055917047143,0.15,17,14182.816532774119,0.09510119478106983,1.60031245E9,,,,0,,3,,35.898067474365234,48.42877388000488,2.0000000474974513,48.42877388000488,2.0000000474974513,C,8218978791497
1651867075999,82236000000,,,-1335902211763635845,0.0,5.123808976972302,330.0,1.0,7,9,0.0,32995,82675922172842,33,44.8364372253418,-664.9224832685081,0.15,25,-53611.038913182,8.214531699195504E-4,1.60087501E9,,,,0,,3,,40.7364387512207,48.42877388000488,2.0000000474974513,48.42877388000488,2.0000000474974513,C,8218978791497
1651867075999,82236000000,,,-1335902211763635845,0.0,5.123808976972302,330.0,1.0,7,15,0.0,32995,82675932356017,48,35.71938705444336,582.002252320467,0.528985520061952,17,46102.02085309676,0.09577900601692885,1.602E9,,,,0,,3,,31.619386672973633,48.42877388000488,2.0000000474974513,48.42877388000488,2.0000000474974513,C,8218978791497
1651867075999,82236000000,,,-1335902211763635845,0.0,5.123808976972302,330.0,1.0,7,19,0.0,32995,82675929246322,37,38.87904357910156,-408.7999116505448,0.15,25,-33673.434461230376,0.0016281335847452283,1.60368755E9,,,,0,,3,,34.77904510498047,48.42877388000488,2.0000000474974513,48.42877388000488,2.0000000474974513,C,8218978791497
1651867075999,82236000000,,,-1335902211763635845,0.0,5.123808976972302,330.0,1.0,7,17,0.0,32995,82675929059302,33,47.13145446777344,716.4880811839985,0.15,25,59672.28602749883,6.634314777329564E-4,1.60424998E9,,,,0,,3,,43.031455993652344,48.42877388000488,2.0000000474974513,48.42877388000488,2.0000000474974513,C,8218978791497
1651867075999,82236000000,,,-1335902211763635845,0.0,5.123808976972302,330.0,1.0,7,2,0.0,85026,503893914961534,19,38.27103042602539,487.09610755722315,0.15,25,39734.65109162099,0.0017775181913748384,1.57542003E9,,,,0,,6,,34.1710319519043,-4.423782229423522,1.5000000237487257,-4.423782229423522,1.5000000237487257,C,8218978791497
1651867075999,82236000000,,,-1335902211763635845,0.0,5.123808976972302,330.0,1.0,7,15,0.0,85026,503893918251200,16,42.67915344238281,-310.29367108725296,0.15,25,-25105.59508271043,0.0011279418831691146,1.57542003E9,,,,0,,6,,38.57915496826172,-4.423782229423522,1.5000000237487257,-4.423782229423522,1.5000000237487257,C,8218978791497
1651867075999,82236000000,,,-1335902211763635845,0.0,5.123808976972302,330.0,1.0,7,27,0.0,85026,503893913422052,17,41.99824523925781,-340.2010607684756,0.15,25,-27117.31758110215,0.001219922094605863,1.57542003E9,,,,0,,6,,37.89824676513672,-4.423782229423522,1.5000000237487257,-4.423782229423522,1.5000000237487257,C,8218978791497
1651867075999,82236000000,,,-1335902211763635845,0.0,5.123808976972302,330.0,1.0,7,30,0.0,85026,503893921560594,21,37.04543685913086,71.42547941378848,0.15,25,6215.1988454570765,0.0020468870643526316,1.57542003E9,,,,0,,6,,32.945438385009766,-4.423782229423522,1.5000000237487257,-4.423782229423522,1.5000000237487257,C,8218978791497
1651867075999,82236000000,,,-1335902211763635845,0.0,5.123808976972302,330.0,1.0,7,2,0.0,84003,503893914962058,7,34.33980941772461,487.0295786020906,0.5869953588279779,25,40349.02575992934,0.003488364862278104,1.17645005E9,,,,0,,6,,30.33980941772461,-2.7614412829279895,2.55790033023112,-2.7614412829279895,1.5000000237487257,Q,8218978791497
1651867075999,82236000000,,,-1335902211763635845,0.0,5.123808976972302,330.0,1.0,7,15,0.0,84003,503893918251726,8,37.64100646972656,-310.3115302944709,0.15,25,-24878.891391771172,0.0025301033165305853,1.17645005E9,,,,0,,6,,33.64100646972656,-9.780214168131348,2.55790033023112,-9.780214168131348,1.5000000237487257,Q,8218978791497
1651867075999,82236000000,,,-1335902211763635845,0.0,5.123808976972302,330.0,1.0,7,27,0.0,84003,503893913422584,6,34.70439910888672,-340.21442109143254,0.5703231796661088,25,-27483.647899197917,0.003344970289617777,1.17645005E9,,,,0,,6,,30.70440101623535,-6.6402368247508985,2.55790033023112,-6.6402368247508985,1.5000000237487257,Q,8218978791497
1651867075999,82236000000,,,-1335902211763635845,0.0,5.123808976972302,330.0,1.0,7,30,0.0,84003,503893921561123,7,35.30318069458008,71.40858729627436,0.5448605891151641,25,6369.779385737231,0.0031221460085362196,1.17645005E9,,,,0,,6,,31.303180694580078,-6.27082772552967,2.55790033023112,-6.27082772552967,1.5000000237487257,Q,8218978791497
1651867076999,83236000000,,,-1335902211763635515,0.0,5.143932313484979,330.0,1.0,7,2,0.0,16431,503894930285316,33,31.55864143371582,-35.8632691364343,0.7157170087407789,25,-2827.2774801598025,0.0036295882891863585,1.57542003E9,,,,0,,1,,27.458641052246094,0.0,1.0,0.0,1.0,C,8219962291294
1651867076999,83236000000,,,-1335902211763635515,0.0,5.143932313484979,330.0,1.0,7,6,0.0,16431,503894929025468,19,38.26133346557617,443.9178613674312,0.15,25,36916.22175471239,0.0017795042367652059,1.57542003E9,,,,0,,1,,34.16133499145508,0.320142130558394,1.0,0.320142130558394,1.0,C,8219962291294
1651867076999,83236000000,,,-1335902211763635515,0.0,5.143932313484979,330.0,1.0,7,12,0.0,16431,503894930841386,13,42.662803649902344,-184.5506569297246,0.15,25,-15047.16614512421,0.0010720755672082305,1.57542003E9,,,,0,,1,,38.56280517578125,-0.6984919076624261,1.0,-0.6984919076624261,1.0,C,8219962291294
1651867076999,83236000000,,,-1335902211763635515,0.0,5.143932313484979,330.0,1.0,7,17,0.0,16431,503894917364774,29,33.306358337402344,588.450993919148,0.638397494619293,16,49394.33953689239,3.4028234663852886E38,1.57542003E9,,,,0,,1,,29.20635986328125,-0.7858034271858065,1.0,-0.7858034271858065,1.0,C,8219962291294
1651867076999,83236000000,,,-1335902211763635515,0.0,5.143932313484979,330.0,1.0,7,19,0.0,16431,503894924020628,14,42.22269058227539,610.6518971086284,0.15,25,51181.69835604958,0.0011277974117547274,1.57542003E9,,,,0,,1,,38.1226921081543,0.0,1.0,0.0,1.0,C,8219962291294
1651867076999,83236000000,,,-1335902211763635515,0.0,5.143932313484979,330.0,1.0,7,20,0.0,16431,503894920149301,33,31.530441284179688,-477.8092175565182,0.7187594005238229,25,-39171.769340411454,0.0036413914058357477,1.57542003E9,,,,0,,1,,27.43044090270996,0.0,1.0,0.0,1.0,C,8219962291294
1651867076999,83236000000,,,-1335902211763635515,0.0,5.143932313484979,330.0,1.0,7,24,0.0,16431,503894927266266,12,46.64148712158203,500.19287087787393,0.15,25,41761.37837539451,7.147761061787605E-4,1.57542003E9,,,,0,,1,,42.54148864746094,-0.20372681261465636,1.0,-0.20372681261465636,1.0,C,8219962291294
1651867076999,83236000000,,,-1335902211763635515,0.0,5.143932313484979,330.0,1.0,7,25,0.0,16431,503894922024420,19,38.11014175415039,-503.4986305833909,0.15,25,-41356.68500928308,0.001810750225558877,1.57542003E9,,,,0,,1,,34.0101432800293,-2.0372682255564105,1.0,-2.0372682255564105,1.0,C,8219962291294
1651867076999,83236000000,,,-1335902211763635515,0.0,5.143932313484979,330.0,1.0,7,6,0.0,81921,503894929025994,9,38.9826545715332,443.86503355982086,0.15,25,38383.46896099411,0.0021679827477782965,1.17645005E9,,,,0,,1,,34.9826545715332,1.9208527336454408,2.047660495780195,1.9208527336454408,1.0,Q,8219962291294
1651867076999,83236000000,,,-1335902211763635515,0.0,5.143932313484979,330.0,1.0,7,24,0.0,81921,503894927266789,7,41.19036102294922,500.2192847816791,0.15,25,43282.63244377997,0.0016813980182632804,1.17645005E9,,,,0,,1,,37.19036102294922,3.143213708743226,2.047660495780195,3.143213708743226,1.0,Q,8219962291294
1651867076999,83236000000,,,-1335902211763635515,0.0,5.143932313484979,330.0,1.0,7,25,0.0,81921,503894922024937,7,36.96791076660156,-503.4281480633017,0.15,25,-42897.53850980692,0.002733965404331684,1.17645005E9,,,,0,,1,,32.96791076660156,1.0186341127782053,2.047660495780195,1.0186341127782053,1.0,Q,8219962291294
1651867076999,83236000000,,,-1335902211763635515,0.0,5.143932313484979,330.0,1.0,7,18,0.0,32995,82676935418421,35,39.42757797241211,171.97939396497077,0.15,17,14354.829430403059,0.09519856513832249,1.60031245E9,,,,0,,3,,35.327579498291016,48.42877388000488,2.0000000474974513,48.42877388000488,2.0000000474974513,C,8219962291294
1651867076999,83236000000,,,-1335902211763635515,0.0,5.143932313484979,330.0,1.0,7,9,0.0,32995,82676922175055,33,44.67530822753906,-665.0997802073398,0.15,25,-54276.0899421238,8.368338458240032E-4,1.60087501E9,,,,0,,3,,40.57530975341797,48.42877388000488,2.0000000474974513,48.42877388000488,2.0000000474974513,C,8219962291294
1651867076999,83236000000,,,-1335902211763635515,0.0,5.143932313484979,330.0,1.0,7,15,0.0,32995,82676932354063,49,35.55116653442383,581.9163645300296,0.5365497951074301,17,46683.96975861343,0.09582223987348765,1.602E9,,,,0,,3,,31.451168060302734,48.42877388000488,2.0000000474974513,48.42877388000488,2.0000000474974513,C,8219962291294
1651867076999,83236000000,,,-1335902211763635515,0.0,5.143932313484979,330.0,1.0,7,19,0.0,32995,82676929247672,35,39.600868225097656,-408.91323581848314,0.15,25,-34082.336849605366,0.0014983001165091991,1.60368755E9,,,,0,,3,,35.50086975097656,48.42877388000488,2.0000000474974513,48.42877388000488,2.0000000474974513,C,8219962291294
1651867076999,83236000000,,,-1335902211763635515,0.0,5.143932313484979,330.0,1.0,7,17,0.0,32995,82676929056913,33,47.448753356933594,716.3700195546035,0.15,25,60388.705227521015,6.396332173608243E-4,1.60424998E9,,,,0,,3,,43.3487548828125,48.42877388000488,2.0000000474974513,48.42877388000488,2.0000000474974513,C,8219962291294
1651867076999,83236000000,,,-1335902211763635515,0.0,5.143932313484979,330.0,1.0,7,2,0.0,85026,503894914959908,19,38.08646774291992,487.0032328631985,0.15,25,40221.67717983491,0.0018156925216317177,1.57542003E9,,,,0,,6,,33.98646926879883,-4.423782229423522,1.5000000237487257,-4.423782229423522,1.5000000237487257,C,8219962291294
1651867076999,83236000000,,,-1335902211763635515,0.0,5.143932313484979,330.0,1.0,7,15,0.0,85026,503894918252238,17,42.40561294555664,-310.4105398306697,0.15,25,-25415.95552455837,0.0011640290031209588,1.57542003E9,,,,0,,6,,38.30561447143555,-4.423782229423522,1.5000000237487257,-4.423782229423522,1.5000000237487257,C,8219962291294
1651867076999,83236000000,,,-1335902211763635515,0.0,5.143932313484979,330.0,1.0,7,27,0.0,85026,503894913423185,18,41.742431640625,-340.31963363471846,0.15,25,-27457.571339100512,0.0012563851196318865,1.57542003E9,,,,0,,6,,37.642433166503906,-4.423782229423522,1.5000000237487257,-4.423782229423522,1.5000000237487257,C,8219962291294
1651867076999,83236000000,,,-1335902211763635515,0.0,5.143932313484979,330.0,1.0,7,30,0.0,85026,503894921560350,22,36.67330551147461,71.3451002003865,0.15,25,6286.563146940256,0.0021364877466112375,1.57542003E9,,,,0,,6,,32.573307037353516,-4.423782229423522,1.5000000237487257,-4.423782229423522,1.5000000237487257,C,8219962291294
1651867076999,83236000000,,,-1335902211763635515,0.0,5.143932313484979,330.0,1.0,7,2,0.0,84003,503894914960432,7,34.867679595947266,487.04099622502576,0.5632573938309258,25,40836.06117765507,0.003282678546383977,1.17645005E9,,,,0,,6,,30.867679595947266,-2.7614412829279895,2.547660519528921,-2.7614412829279895,1.5000000237487257,Q,8219962291294
1651867076999,83236000000,,,-1335902211763635515,0.0,5.143932313484979,330.0,1.0,7,15,0.0,84003,503894918252760,8,37.83094024658203,-310.3751963232555,0.15,25,-25189.24589892142,0.002475378103554249,1.17645005E9,,,,0,,6,,33.83094024658203,-9.780214168131348,2.547660519528921,-9.780214168131348,1.5000000237487257,Q,8219962291294
1651867076999,83236000000,,,-1335902211763635515,0.0,5.143932313484979,330.0,1.0,7,27,0.0,84003,503894913423720,8,34.827674865722656,-340.2638065709341,0.5647799876357036,25,-27823.895899792355,0.003297833725810051,1.17645005E9,,,,0,,6,,30.827672958374023,-6.6402368247508985,2.547660519528921,-6.6402368247508985,1.5000000237487257,Q,8219962291294
1651867076999,83236000000,,,-1335902211763635515,0.0,5.143932313484979,330.0,1.0,7,30,0.0,84003,503894921560884,6,35.47472381591797,71.33282625573122,0.537146404514824,25,6441.144753662336,0.0030610894318670034,1.17645005E9,,,,0,,6,,31.4747257232666,-6.27082772552967,2.547660519528921,-6.27082772552967,1.5000000237487257,Q,8219962291294
1651867077999,84236000000,,,-1335902211763635186,0.0,5.025206735548944,330.0,1.0,7,2,0.0,16431,503895930285438,36,30.593509674072266,-35.75696595453965,0.7591179550268747,25,-2863.1406009714588,0.00405615009367466,1.57542003E9,,,,0,,1,,26.49350929260254,0.0,1.0,0.0,1.0,C,8220973444371
1651867077999,84236000000,,,-1335902211763635186,0.0,5.025206735548944,330.0,1.0,7,6,0.0,16431,503895929024001,20,37.68395233154297,444.1143467292852,0.15,25,37360.13734272071,0.0019018141319975257,1.57542003E9,,,,0,,1,,33.583953857421875,0.320142130558394,1.0,0.320142130558394,1.0,C,8220973444371
1651867077999,84236000000,,,-1335902211763635186,0.0,5.025206735548944,330.0,1.0,7,12,0.0,16431,503895930842006,14,42.46470260620117,-184.566590478149,0.15,25,-15231.742515844813,0.001096807885915041,1.57542003E9,,,,0,,1,,38.36470413208008,-0.6984919076624261,1.0,-0.6984919076624261,1.0,C,8220973444371
1651867077999,84236000000,,,-1335902211763635186,0.0,5.025206735548944,330.0,1.0,7,17,0.0,16431,503895917362809,30,32.662353515625,588.3497690232753,0.6673573978671037,16,49982.71581133775,3.4028234663852886E38,1.57542003E9,,,,0,,1,,28.562353134155273,-0.7858034271858065,1.0,-0.7858034271858065,1.0,C,8220973444371
1651867077999,84236000000,,,-1335902211763635186,0.0,5.025206735548944,330.0,1.0,7,19,0.0,16431,503895924018589,15,41.307640075683594,610.6185644661491,0.15,25,51792.302402419875,0.0012530939420685172,1.57542003E9,,,,0,,1,,37.2076416015625,0.0,1.0,0.0,1.0,C,8220973444371
1651867077999,84236000000,,,-1335902211763635186,0.0,5.025206735548944,330.0,1.0,7,20,0.0,16431,503895920150899,34,31.333049774169922,-478.0127239044159,0.7276361496982697,25,-39649.61934829178,0.003725091926753521,1.57542003E9,,,,0,,1,,27.233049392700195,0.0,1.0,0.0,1.0,C,8220973444371
1651867077999,84236000000,,,-1335902211763635186,0.0,5.025206735548944,330.0,1.0,7,24,0.0,16431,503895927264584,12,46.465003967285156,500.16287831613386,0.15,25,42261.55423329795,7.294475799426436E-4,1.57542003E9,,,,0,,1,,42.36500549316406,-0.20372681261465636,1.0,-0.20372681261465636,1.0,C,8220973444371
1651867077999,84236000000,,,-1335902211763635186,0.0,5.025206735548944,330.0,1.0,7,25,0.0,16431,503895922026092,19,38.27854919433594,-503.57061273156705,0.15,25,-41860.2156222004,0.0017759804613888264,1.57542003E9,,,,0,,1,,34.178550720214844,-2.0372682255564105,1.0,-2.0372682255564105,1.0,C,8220973444371
1651867077999,84236000000,,,-1335902211763635186,0.0,5.025206735548944,330.0,1.0,7,6,0.0,81921,503895929024512,7,38.50379943847656,443.9100564848875,0.15,25,38827.3396001272,0.0022908607497811317,1.17645005E9,,,,0,,1,,34.50379943847656,1.9208527336454408,2.0375515084366755,1.9208527336454408,1.0,Q,8220973444371
1651867077999,84236000000,,,-1335902211763635186,0.0,5.025206735548944,330.0,1.0,7,24,0.0,81921,503895927265121,7,40.63446807861328,500.14689364402466,0.15,25,43782.795805195376,0.0017925247084349394,1.17645005E9,,,,0,,1,,36.63446807861328,3.143213708743226,2.0375515084366755,3.143213708743226,1.0,Q,8220973444371
1651867077999,84236000000,,,-1335902211763635186,0.0,5.025206735548944,330.0,1.0,7,25,0.0,81921,503895922026616,7,37.35929870605469,-503.61260231800316,0.15,25,-43401.0758744383,0.0026135069783777,1.17645005E9,,,,0,,1,,33.35929870605469,1.0186341127782053,2.0375515084366755,1.0186341127782053,1.0,Q,8220973444371
1651867077999,84236000000,,,-1335902211763635186,0.0,5.025206735548944,330.0,1.0,7,18,0.0,32995,82677935417865,37,38.95500183105469,171.99987752134098,0.15,17,14526.817185216287,0.0952842104936067,1.60031245E9,,,,0,,3,,34.855003356933594,48.42877388000488,2.0000000474974513,48.42877388000488,2.0000000474974513,C,8220973444371
1651867077999,84236000000,,,-1335902211763635186,0.0,5.025206735548944,330.0,1.0,7,9,0.0,32995,82677922177271,33,44.42214584350586,-665.2575138161274,0.15,25,-54941.274133228246,8.61583452206105E-4,1.60087501E9,,,,0,,3,,40.322147369384766,48.42877388000488,2.0000000474974513,48.42877388000488,2.0000000474974513,C,8220973444371
1651867077999,84236000000,,,-1335902211763635186,0.0,5.025206735548944,330.0,1.0,7,15,0.0,32995,82677932352127,50,35.30825424194336,581.8514715328101,0.5474729561537992,17,47265.920103109696,0.09588616748482376,1.602E9,,,,0,,3,,31.208255767822266,48.42877388000488,2.0000000474974513,48.42877388000488,2.0000000474974513,C,8220973444371
1651867077999,84236000000,,,-1335902211763635186,0.0,5.025206735548944,330.0,1.0,7,19,0.0,32995,82677929249054,36,39.23369216918945,-408.943671452158,0.15,25,-34491.287096404485,0.0015629951376467943,1.60368755E9,,,,0,,3,,35.13369369506836,48.42877388000488,2.0000000474974513,48.42877388000488,2.0000000474974513,C,8220973444371
1651867077999,84236000000,,,-1335902211763635186,0.0,5.025206735548944,330.0,1.0,7,17,0.0,32995,82677929054546,33,46.69915008544922,716.4030795374306,0.15,25,61105.036534224324,6.972861592657864E-4,1.60424998E9,,,,0,,3,,42.599151611328125,48.42877388000488,2.0000000474974513,48.42877388000488,2.0000000474974513,C,8220973444371
1651867077999,84236000000,,,-1335902211763635186,0.0,5.025206735548944,330.0,1.0,7,2,0.0,85026,503895914958279,21,37.19694519042969,486.8372853823889,0.15,25,40708.60616606352,0.002011492382735014,1.57542003E9,,,,0,,6,,33.096946716308594,-4.423782229423522,1.5000000237487257,-4.423782229423522,1.5000000237487257,C,8220973444371
1651867077999,84236000000,,,-1335902211763635186,0.0,5.025206735548944,330.0,1.0,7,15,0.0,85026,503895918253269,17,42.21226501464844,-310.49922238254203,0.15,25,-25726.405218727657,0.0011902307160198689,1.57542003E9,,,,0,,6,,38.112266540527344,-4.423782229423522,1.5000000237487257,-4.423782229423522,1.5000000237487257,C,8220973444371
1651867077999,84236000000,,,-1335902211763635186,0.0,5.025206735548944,330.0,1.0,7,27,0.0,85026,503895913424336,19,41.21444320678711,-340.44795408352684,0.15,25,-27797.964615192242,0.0013351259985938668,1.57542003E9,,,,0,,6,,37.114444732666016,-4.423782229423522,1.5000000237487257,-4.423782229423522,1.5000000237487257,C,8220973444371
1651867077999,84236000000,,,-1335902211763635186,0.0,5.025206735548944,330.0,1.0,7,30,0.0,85026,503895921560106,23,36.257728576660156,71.39974715911376,0.15,25,6357.8578574688545,0.0022411926183849573,1.57542003E9,,,,0,,6,,32.15773010253906,-4.423782229423522,1.5000000237487257,-4.423782229423522,1.5000000237487257,C,8220973444371
1651867077999,84236000000,,,-1335902211763635186,0.0,5.025206735548944,330.0,1.0,7,2,0.0,84003,503895914958808,6,34.28618621826172,486.8212666278232,0.5894062266558815,25,41322.99137375318,0.0035099678207188845,1.17645005E9,,,,0,,6,,30.286184310913086,-2.7614412829279895,2.537551532185401,-2.7614412829279895,1.5000000237487257,Q,8220973444371
1651867077999,84236000000,,,-1335902211763635186,0.0,5.025206735548944,330.0,1.0,7,15,0.0,84003,503895918253797,7,37.42290115356445,-310.53289584958657,0.15,25,-25499.711116978906,0.0025944390799850225,1.17645005E9,,,,0,,6,,33.42290115356445,-9.780214168131348,2.537551532185401,-9.780214168131348,1.5000000237487257,Q,8220973444371
1651867077999,84236000000,,,-1335902211763635186,0.0,5.025206735548944,330.0,1.0,7,27,0.0,84003,503895913424857,6,34.5244026184082,-340.3936948127425,0.578417896224872,25,-28164.277484487302,0.0034150120336562395,1.17645005E9,,,,0,,6,,30.524402618408203,-6.6402368247508985,2.537551532185401,-6.6402368247508985,1.5000000237487257,Q,8220973444371
1651867077999,84236000000,,,-1335902211763635186,0.0,5.025206735548944,330.0,1.0,7,30,0.0,84003,503895921560647,7,34.836509704589844,71.21631537810799,0.5658461960461056,25,6512.412607686276,0.003294479101896286,1.17645005E9,,,,0,,6,,30.836509704589844,-6.27082772552967,2.537551532185401,-6.27082772552967,1.5000000237487257,Q,8220973444371
1651867078999,85236000000,,,-1335902211763634857,0.0,5.2146166911104705,329.0,1.0,7,2,0.0,16431,503896930285563,43,28.420291900634766,-36.098578676574846,0.8568450722316703,29,-2898.9805434593977,0.005209245719015598,1.57542003E9,,,,0,,1,,24.32029151916504,0.0,1.0,0.0,1.0,C,8221971950353
1651867078999,85236000000,,,-1335902211763634857,0.0,5.2146166911104705,329.0,1.0,7,6,0.0,16431,503896929022504,23,35.95292282104492,443.85709234745104,0.5178839586572213,25,37804.04774911223,0.0021884837187826633,1.57542003E9,,,,0,,1,,31.852922439575195,0.320142130558394,1.0,0.320142130558394,1.0,C,8221971950353
1651867078999,85236000000,,,-1335902211763634857,0.0,5.2146166911104705,329.0,1.0,7,12,0.0,16431,503896930842618,17,39.667423248291016,-184.51878983287577,0.15,25,-15416.347730868249,0.001513542141765356,1.57542003E9,,,,0,,1,,35.56742477416992,-0.6984919076624261,1.0,-0.6984919076624261,1.0,C,8221971950353
1651867078999,85236000000,,,-1335902211763634857,0.0,5.2146166911104705,329.0,1.0,7,17,0.0,16431,503896917360824,36,30.57752799987793,588.2771733908817,0.761109315743437,16,50571.01379141625,3.4028234663852886E38,1.57542003E9,,,,0,,1,,26.477527618408203,-0.7858034271858065,1.0,-0.7858034271858065,1.0,C,8221971950353
1651867078999,85236000000,,,-1335902211763634857,0.0,5.2146166911104705,329.0,1.0,7,19,0.0,16431,503896924016560,20,37.81102752685547,610.5692812340171,0.15,25,52402.820160346724,0.001767006004229188,1.57542003E9,,,,0,,1,,33.711029052734375,0.0,1.0,0.0,1.0,C,8221971950353
1651867078999,85236000000,,,-1335902211763634857,0.0,5.2146166911104705,329.0,1.0,7,20,0.0,16431,503896920152479,30,32.76039505004883,-477.9571695002837,0.6634502303170913,25,-40127.551664809434,0.0031606003176420927,1.57542003E9,,,,1,,1,,28.660396575927734,0.0,1.0,0.0,1.0,C,8221971950353
1651867078999,85236000000,,,-1335902211763634857,0.0,5.2146166911104705,329.0,1.0,7,24,0.0,16431,503896927262921,15,43.97256851196289,500.1853727374389,0.15,25,42761.70375170989,9.71887493506074E-4,1.57542003E9,,,,0,,1,,39.8725700378418,-0.20372681261465636,1.0,-0.20372681261465636,1.0,C,8221971950353
1651867078999,85236000000,,,-1335902211763634857,0.0,5.2146166911104705,329.0,1.0,7,25,0.0,16431,503896922027778,22,36.47514724731445,-503.6224180654817,0.15,25,-42363.842237446814,0.00206078146584332,1.57542003E9,,,,0,,1,,32.37514877319336,-2.0372682255564105,1.0,-2.0372682255564105,1.0,C,8221971950353
1651867078999,85236000000,,,-1335902211763634857,0.0,5.2146166911104705,329.0,1.0,7,6,0.0,81921,503896929023029,7,36.585697174072266,443.9838790857159,0.15,25,39271.20791030408,0.002693565096706152,1.17645005E9,,,,0,,1,,32.585697174072266,1.9208527336454408,2.0299680282567127,1.9208527336454408,1.0,Q,8221971950353
1651867078999,85236000000,,,-1335902211763634857,0.0,5.2146166911104705,329.0,1.0,7,24,0.0,81921,503896927263451,6,42.046974182128906,500.2323042800708,0.15,25,44282.94036557021,0.0015234906459227204,1.17645005E9,,,,0,,1,,38.046974182128906,3.143213708743226,2.0299680282567127,3.143213708743226,1.0,Q,8221971950353
1651867078999,85236000000,,,-1335902211763634857,0.0,5.2146166911104705,329.0,1.0,7,25,0.0,81921,503896922028295,7,36.234474182128906,-503.58584758963275,0.15,25,-43904.72000390955,0.002804714487865567,1.17645005E9,,,,0,,1,,32.234474182128906,1.0186341127782053,2.0299680282567127,1.0186341127782053,1.0,Q,8221971950353
1651867078999,85236000000,,,-1335902211763634857,0.0,5.2146166911104705,329.0,1.0,7,18,0.0,32995,82678935417216,52,34.797054290771484,172.17656097595523,0.5710123509012273,16,14698.788174341213,3.4028234663852886E38,1.60031245E9,,,,1,,3,,30.69705581665039,48.42877388000488,2.0000000474974513,48.42877388000488,2.0000000474974513,C,8221971950353
1651867078999,85236000000,,,-1335902211763634857,0.0,5.2146166911104705,329.0,1.0,7,9,0.0,32995,82678922179493,33,42.90309524536133,-665.2646029670841,0.15,25,-55606.53355687733,0.0010262421565130353,1.60087501E9,,,,0,,3,,38.803096771240234,48.42877388000488,2.0000000474974513,48.42877388000488,2.0000000474974513,C,8221971950353
1651867078999,85236000000,,,-1335902211763634857,0.0,5.2146166911104705,329.0,1.0,7,15,0.0,32995,82678932350197,64,32.1356315612793,582.0011616818583,0.6901419860236877,17,47847.848745459145,0.09690814639583617,1.602E9,,,,0,,3,,28.03563117980957,48.42877388000488,2.0000000474974513,48.42877388000488,2.0000000474974513,C,8221971950353
1651867078999,85236000000,,,-1335902211763634857,0.0,5.2146166911104705,329.0,1.0,7,19,0.0,32995,82678929250408,43,37.11928939819336,-408.9705625103545,0.15,25,-34900.26038326177,0.0019937825854867697,1.60368755E9,,,,0,,3,,33.019290924072266,48.42877388000488,2.0000000474974513,48.42877388000488,2.0000000474974513,C,8221971950353
1651867078999,85236000000,,,-1335902211763634857,0.0,5.2146166911104705,329.0,1.0,7,17,0.0,32995,82678929052131,33,45.19938659667969,716.2844725887312,0.15,25,61821.288534231804,8.287040400318801E-4,1.60424998E9,,,,0,,3,,41.099388122558594,48.42877388000488,2.0000000474974513,48.42877388000488,2.0000000474974513,C,8221971950353
1651867078999,85236000000,,,-1335902211763634857,0.0,5.2146166911104705,329.0,1.0,7,2,0.0,85026,503896914956650,23,35.86012649536133,486.8541221159112,0.5209658248479176,25,41195.44842610049,0.002346169203519821,1.57542003E9,,,,1,,6,,31.760128021240234,-4.423782229423522,1.5000000237487257,-4.423782229423522,1.5000000237487257,C,8221971950353
1651867078999,85236000000,,,-1335902211763634857,0.0,5.2146166911104705,329.0,1.0,7,15,0.0,85026,503896918254312,16,40.15964126586914,-310.53719023910844,0.15,25,-26036.898471687367,0.0014301566407084465,1.57542003E9,,,,0,,6,,36.05964279174805,-4.423782229423522,1.5000000237487257,-4.423782229423522,1.5000000237487257,C,8221971950353
1651867078999,85236000000,,,-1335902211763634857,0.0,5.2146166911104705,329.0,1.0,7,27,0.0,85026,503896913425465,17,39.655975341796875,-340.49297700859347,0.15,25,-28138.438043906343,0.0015155378496274352,1.57542003E9,,,,0,,6,,35.55597686767578,-4.423782229423522,1.5000000237487257,-4.423782229423522,1.5000000237487257,C,8221971950353
1651867078999,85236000000,,,-1335902211763634857,0.0,5.2146166911104705,329.0,1.0,7,30,0.0,85026,503896921559877,29,33.35885238647461,71.22094633188803,0.6339134548657128,25,6429.131271119167,0.0029501679819077253,1.57542003E9,,,,1,,6,,29.258853912353516,-4.423782229423522,1.5000000237487257,-4.423782229423522,1.5000000237487257,C,8221971950353
1651867078999,85236000000,,,-1335902211763634857,0.0,5.2146166911104705,329.0,1.0,7,2,0.0,84003,503896914957185,7,34.155338287353516,486.90858588143465,0.5952899104150253,25,41809.85342271723,0.0035632422659546137,1.17645005E9,,,,0,,6,,30.155338287353516,-2.7614412829279895,2.5299680520054384,-2.7614412829279895,1.5000000237487257,Q,8221971950353
1651867078999,85236000000,,,-1335902211763634857,0.0,5.2146166911104705,329.0,1.0,7,15,0.0,84003,503896918254832,8,38.39023208618164,-310.5304078302604,0.15,25,-25810.221786362457,0.0023210097569972277,1.17645005E9,,,,0,,6,,34.39023208618164,-9.780214168131348,2.5299680520054384,-9.780214168131348,1.5000000237487257,Q,8221971950353
1651867078999,85236000000,,,-1335902211763634857,0.0,5.2146166911104705,329.0,1.0,7,27,0.0,84003,503896913425990,8,34.444541931152344,-340.4917841226152,0.5820093350809632,25,-28504.769494896962,0.003446555696427822,1.17645005E9,,,,0,,6,,30.444541931152344,-6.6402368247508985,2.5299680520054384,-6.6402368247508985,1.5000000237487257,Q,8221971950353
1651867078999,85236000000,,,-1335902211763634857,0.0,5.2146166911104705,329.0,1.0,7,30,0.0,84003,503896921560409,8,34.31531524658203,71.25774260401147,0.5892837428277526,25,6583.62847922047,0.0034982161596417427,1.17645005E9,,,,0,,6,,30.3153133392334,-6.27082772552967,2.5299680520054384,-6.27082772552967,1.5000000237487257,Q,8221971950353
1651867079999,86236000000,,,-1335902211763634528,0.0,5.301919214042696,329.0,1.0,7,2,0.0,16431,503897930285655,45,27.765352249145508,-36.03656990723866,0.8862970409455291,29,-2934.961459342126,0.005617225542664528,1.57542003E9,,,,0,,1,,23.66535186767578,0.0,1.0,0.0,1.0,C,8222951442825
1651867079999,86236000000,,,-1335902211763634528,0.0,5.301919214042696,329.0,1.0,7,6,0.0,16431,503897929021018,21,37.024906158447266,443.7780210483181,0.15,25,38247.79375553119,0.0019343903986737132,1.57542003E9,,,,0,,1,,32.92490768432617,0.320142130558394,1.0,0.320142130558394,1.0,C,8222951442825
1651867079999,86236000000,,,-1335902211763634528,0.0,5.301919214042696,329.0,1.0,7,12,0.0,16431,503897930843238,12,43.47911834716797,-184.73403758704558,0.15,25,-15601.098026475995,9.759098757058382E-4,1.57542003E9,,,,0,,1,,39.379119873046875,-0.6984919076624261,1.0,-0.6984919076624261,1.0,C,8222951442825
1651867079999,86236000000,,,-1335902211763634528,0.0,5.301919214042696,329.0,1.0,7,17,0.0,16431,503897917358864,41,29.03609848022461,587.86532098626,0.8304253770715753,17,51158.90239495085,0.09999954808790958,1.57542003E9,,,,1,,1,,24.936098098754883,-0.7858034271858065,1.0,-0.7858034271858065,1.0,C,8222951442825
1651867079999,86236000000,,,-1335902211763634528,0.0,5.301919214042696,329.0,1.0,7,19,0.0,16431,503897924014519,17,39.45939254760742,610.2958036028781,0.15,25,53013.13902480543,0.0015502296155318618,1.57542003E9,,,,0,,1,,35.35939407348633,0.0,1.0,0.0,1.0,C,8222951442825
1651867079999,86236000000,,,-1335902211763634528,0.0,5.301919214042696,329.0,1.0,7,20,0.0,16431,503897920154073,26,34.47863006591797,-478.2024950223349,0.5861835040628369,25,-40605.65857655382,0.00259333080612123,1.57542003E9,,,,0,,1,,30.378629684448242,0.0,1.0,0.0,1.0,C,8222951442825
1651867079999,86236000000,,,-1335902211763634528,0.0,5.301919214042696,329.0,1.0,7,24,0.0,16431,503897927261252,12,46.82891845703125,500.05780210267403,0.15,25,43261.76732201101,6.995172589085996E-4,1.57542003E9,,,,0,,1,,42.728919982910156,-0.20372681261465636,1.0,-0.20372681261465636,1.0,C,8222951442825
1651867079999,86236000000,,,-1335902211763634528,0.0,5.301919214042696,329.0,1.0,7,25,0.0,16431,503897922029452,17,39.66851043701172,-503.81055322548764,0.15,25,-42867.638120289004,0.0015133528504520655,1.57542003E9,,,,0,,1,,35.568511962890625,-2.0372682255564105,1.0,-2.0372682255564105,1.0,C,8222951442825
1651867079999,86236000000,,,-1335902211763634528,0.0,5.301919214042696,329.0,1.0,7,6,0.0,81921,503897929021552,11,35.632789611816406,443.75818505862185,0.5277829485418097,25,39714.986103456664,0.0030058883130550385,1.17645005E9,,,,0,,1,,31.632789611816406,1.9208527336454408,2.0217676105661404,1.9208527336454408,1.0,Q,8222951442825
1651867079999,86236000000,,,-1335902211763634528,0.0,5.301919214042696,329.0,1.0,7,24,0.0,81921,503897927261784,7,40.629920959472656,500.006167181042,0.15,25,44783.0012684837,0.0017934637144207954,1.17645005E9,,,,0,,1,,36.629920959472656,3.143213708743226,2.0217676105661404,3.143213708743226,1.0,Q,8222951442825
1651867079999,86236000000,,,-1335902211763634528,0.0,5.301919214042696,329.0,1.0,7,25,0.0,81921,503897922029975,6,34.93401336669922,-503.8629038787067,0.5579485852564128,25,-44408.498831777586,0.0032577046658843756,1.17645005E9,,,,0,,1,,30.934011459350586,1.0186341127782053,2.0217676105661404,1.0186341127782053,1.0,Q,8222951442825
1651867079999,86236000000,,,-1335902211763634528,0.0,5.301919214042696,329.0,1.0,7,18,0.0,32995,82679935416724,38,38.702449798583984,171.9236521073277,0.15,17,14870.736743093676,0.0953319271549631,1.60031245E9,,,,0,,3,,34.60245132446289,48.42877388000488,2.0000000474974513,48.42877388000488,2.0000000474974513,C,8222951442825
1651867079999,86236000000,,,-1335902211763634528,0.0,5.301919214042696,329.0,1.0,7,9,0.0,32995,82679922181693,33,43.878570556640625,-665.4743464045255,0.15,25,-56271.96306720936,9.172254358418286E-4,1.60087501E9,,,,0,,3,,39.77857208251953,48.42877388000488,2.0000000474974513,48.42877388000488,2.0000000474974513,C,8222951442825
1651867079999,86236000000,,,-1335902211763634528,0.0,5.301919214042696,329.0,1.0,7,15,0.0,32995,82679932348287,70,31.023784637451172,581.8419966098968,0.7401400843677779,17,48429.73510714046,0.09736425161503642,1.602E9,,,,0,,3,,26.923784255981445,48.42877388000488,2.0000000474974513,48.42877388000488,2.0000000474974513,C,8222951442825
1651867079999,86236000000,,,-1335902211763634528,0.0,5.301919214042696,329.0,1.0,7,19,0.0,32995,82679929251771,39,38.220458984375,-409.05236040600926,0.15,25,-35309.29339561317,0.001756383222527802,1.60368755E9,,,,0,,3,,34.120460510253906,48.42877388000488,2.0000000474974513,48.42877388000488,2.0000000474974513,C,8222951442825
1651867079999,86236000000,,,-1335902211763634528,0.0,5.301919214042696,329.0,1.0,7,17,0.0,32995,82679929049731,33,46.188636779785156,716.1237397237696,0.15,25,62537.39303191943,7.394977146759629E-4,1.60424998E9,,,,0,,3,,42.08863830566406,48.42877388000488,2.0000000474974513,48.42877388000488,2.0000000474974513,C,8222951442825
1651867079999,86236000000,,,-1335902211763634528,0.0,5.301919214042696,329.0,1.0,7,2,0.0,85026,503897914955032,25,35.290828704833984,486.7283237688855,0.5465662429891562,25,41682.18290034059,0.0025050954427570105,1.57542003E9,,,,0,,6,,31.190828323364258,-4.423782229423522,1.5000000237487257,-4.423782229423522,1.5000000237487257,C,8222951442825
1651867079999,86236000000,,,-1335902211763634528,0.0,5.301919214042696,329.0,1.0,7,15,0.0,85026,503897918255343,15,41.55076599121094,-310.62430499798074,0.15,25,-26347.51687609435,0.0012185052037239075,1.57542003E9,,,,0,,6,,37.450767517089844,-4.423782229423522,1.5000000237487257,-4.423782229423522,1.5000000237487257,C,8222951442825
1651867079999,86236000000,,,-1335902211763634528,0.0,5.301919214042696,329.0,1.0,7,27,0.0,85026,503897913426608,16,40.58483123779297,-340.7264077533182,0.15,25,-28479.097968653612,0.001361833536066115,1.57542003E9,,,,0,,6,,36.484832763671875,-4.423782229423522,1.5000000237487257,-4.423782229423522,1.5000000237487257,C,8222951442825
1651867079999,86236000000,,,-1335902211763634528,0.0,5.301919214042696,329.0,1.0,7,30,0.0,85026,503897921559643,35,30.974929809570312,71.12587757972472,0.7411158278203391,25,6500.162826293815,0.003881887998431921,1.57542003E9,,,,1,,6,,26.874929428100586,-4.423782229423522,1.5000000237487257,-4.423782229423522,1.5000000237487257,C,8222951442825
1651867079999,86236000000,,,-1335902211763634528,0.0,5.301919214042696,329.0,1.0,7,2,0.0,84003,503897914955561,8,33.00855255126953,486.6007531341206,0.6468591966913575,25,42296.566632430644,0.0040661608800292015,1.17645005E9,,,,0,,6,,29.008554458618164,-2.7614412829279895,2.521767634314866,-2.7614412829279895,1.5000000237487257,Q,8222951442825
1651867079999,86236000000,,,-1335902211763634528,0.0,5.301919214042696,329.0,1.0,7,15,0.0,84003,503897918255869,8,36.609832763671875,-310.6723612616779,0.15,25,-26120.822830932106,0.0028490296099334955,1.17645005E9,,,,0,,6,,32.609832763671875,-9.780214168131348,2.521767634314866,-9.780214168131348,1.5000000237487257,Q,8222951442825
1651867079999,86236000000,,,-1335902211763634528,0.0,5.301919214042696,329.0,1.0,7,27,0.0,84003,503897913427126,8,33.68511962890625,-340.7963108716465,0.6161598233822234,25,-28845.414663826206,0.0037614586763083935,1.17645005E9,,,,0,,6,,29.685121536254883,-6.6402368247508985,2.521767634314866,-6.6402368247508985,1.5000000237487257,Q,8222951442825
1651867079999,86236000000,,,-1335902211763634528,0.0,5.301919214042696,329.0,1.0,7,30,0.0,84003,503897921560171,7,33.96959686279297,71.09648146097379,0.6048303355494964,25,6654.739120746768,0.0036402614787220955,1.17645005E9,,,,0,,6,,29.969594955444336,-6.27082772552967,2.521767634314866,-6.27082772552967,1.5000000237487257,Q,8222951442825
1651867080999,87236000000,,,-1335902211763634200,0.0,5.3330488111781005,328.0,1.0,7,2,0.0,16431,503898930285774,45,27.891647338867188,-35.90599149568564,0.8806177187909263,16,-2971.053472353878,3.4028234663852886E38,1.57542003E9,,,,0,,1,,23.79164695739746,0.0,1.0,0.0,1.0,C,8223963409256
1651867080999,87236000000,,,-1335902211763634200,0.0,5.3330488111781005,328.0,1.0,7,6,0.0,16431,503898929019538,19,38.31621170043945,443.651609217075,0.15,25,38691.49533665041,0.0017682963516563177,1.57542003E9,,,,0,,1,,34.21621322631836,0.320142130558394,1.0,0.320142130558394,1.0,C,8223963409256
1651867080999,87236000000,,,-1335902211763634200,0.0,5.3330488111781005,328.0,1.0,7,12,0.0,16431,503898930843850,13,43.3958854675293,-184.87738839918052,0.15,25,-15785.916257693492,9.85306454822421E-4,1.57542003E9,,,,0,,1,,39.2958869934082,-0.6984919076624261,1.0,-0.6984919076624261,1.0,C,8223963409256
1651867080999,87236000000,,,-1335902211763634200,0.0,5.3330488111781005,328.0,1.0,7,17,0.0,16431,503898917356912,43,28.52488136291504,587.9605473697848,0.8534137277270193,25,51746.823195799465,0.005146895535290241,1.57542003E9,,,,0,,1,,24.424880981445312,-0.7858034271858065,1.0,-0.7858034271858065,1.0,C,8223963409256
1651867080999,87236000000,,,-1335902211763634200,0.0,5.3330488111781005,328.0,1.0,7,19,0.0,16431,503898924012481,16,40.28932189941406,610.0723590179146,0.15,25,53623.32647061968,0.0014089628821238875,1.57542003E9,,,,0,,1,,36.18932342529297,0.0,1.0,0.0,1.0,C,8223963409256
1651867080999,87236000000,,,-1335902211763634200,0.0,5.3330488111781005,328.0,1.0,7,20,0.0,16431,503898920155673,27,34.32200241088867,-478.3227720114039,0.5932272561224163,25,-41083.90667580729,0.0026405195239931345,1.57542003E9,,,,0,,1,,30.222002029418945,0.0,1.0,0.0,1.0,C,8223963409256
1651867080999,87236000000,,,-1335902211763634200,0.0,5.3330488111781005,328.0,1.0,7,24,0.0,16431,503898927259584,11,47.04151153564453,499.968880973606,0.15,25,43761.76014754159,6.826039170846343E-4,1.57542003E9,,,,0,,1,,42.94151306152344,-0.20372681261465636,1.0,-0.20372681261465636,1.0,C,8223963409256
1651867080999,87236000000,,,-1335902211763634200,0.0,5.3330488111781005,328.0,1.0,7,25,0.0,16431,503898922031130,16,40.17869186401367,-503.9778299221016,0.15,25,-43371.56944662161,0.0014270232059061527,1.57542003E9,,,,0,,1,,36.07869338989258,-2.0372682255564105,1.0,-2.0372682255564105,1.0,C,8223963409256
1651867080999,87236000000,,,-1335902211763634200,0.0,5.3330488111781005,328.0,1.0,7,6,0.0,81921,503898929020073,8,36.43938446044922,443.7134007107509,0.15,25,40158.72644541467,0.002739321906119585,1.17645005E9,,,,0,,1,,32.43938446044922,1.9208527336454408,2.01338626695399,1.9208527336454408,1.0,Q,8223963409256
1651867080999,87236000000,,,-1335902211763634200,0.0,5.3330488111781005,328.0,1.0,7,24,0.0,81921,503898927260116,6,41.252052307128906,499.9719824771496,0.15,25,45283.00331451692,0.0016694982768967748,1.17645005E9,,,,0,,1,,37.252052307128906,3.143213708743226,2.01338626695399,3.143213708743226,1.0,Q,8223963409256
1651867080999,87236000000,,,-1335902211763634200,0.0,5.3330488111781005,328.0,1.0,7,25,0.0,81921,503898922031656,6,35.31253433227539,-503.95114335864423,0.5409271274824827,25,-44912.424814783044,0.0031187860295176506,1.17645005E9,,,,0,,1,,31.31253433227539,1.0186341127782053,2.01338626695399,1.0186341127782053,1.0,Q,8223963409256
1651867080999,87236000000,,,-1335902211763634200,0.0,5.3330488111781005,328.0,1.0,7,18,0.0,32995,82680935416122,37,38.74137496948242,171.86443383911933,0.15,17,15042.626557816639,0.09532448227871694,1.60031245E9,,,,0,,3,,34.64137649536133,48.42877388000488,2.0000000474974513,48.42877388000488,2.0000000474974513,C,8223963409256
1651867080999,87236000000,,,-1335902211763634200,0.0,5.3330488111781005,328.0,1.0,7,9,0.0,32995,82680922183940,33,43.80815887451172,-665.6725018067491,0.15,25,-56937.52879402893,9.246909175999463E-4,1.60087501E9,,,,0,,3,,39.708160400390625,48.42877388000488,2.0000000474974513,48.42877388000488,2.0000000474974513,C,8223963409256
1651867080999,87236000000,,,-1335902211763634200,0.0,5.3330488111781005,328.0,1.0,7,15,0.0,32995,82680932346249,76,30.01593589782715,581.8583561890277,0.7854614971981766,17,49011.60754503269,0.0978312928895691,1.602E9,,,,0,,3,,25.915935516357422,48.42877388000488,2.0000000474974513,48.42877388000488,2.0000000474974513,C,8223963409256
1651867080999,87236000000,,,-1335902211763634200,0.0,5.3330488111781005,328.0,1.0,7,19,0.0,32995,82680929253123,39,38.37574768066406,-409.1362714139684,0.15,25,-35718.401111708496,0.0017252612160518765,1.60368755E9,,,,0,,3,,34.27574920654297,48.42877388000488,2.0000000474974513,48.42877388000488,2.0000000474974513,C,8223963409256
1651867080999,87236000000,,,-1335902211763634200,0.0,5.3330488111781005,328.0,1.0,7,17,0.0,32995,82680929047366,33,46.30903244018555,715.9274247741982,0.15,25,63253.36635673831,7.29318184312433E-4,1.60424998E9,,,,0,,3,,42.20903396606445,48.42877388000488,2.0000000474974513,48.42877388000488,2.0000000474974513,C,8223963409256
1651867080999,87236000000,,,-1335902211763634200,0.0,5.3330488111781005,328.0,1.0,7,2,0.0,85026,503898914953408,26,34.37529373168945,486.56956768640225,0.5877364525554554,25,42168.815527766914,0.002783562522381544,1.57542003E9,,,,1,,6,,30.27529525756836,-4.423782229423522,1.5000000237487257,-4.423782229423522,1.5000000237487257,C,8223963409256
1651867080999,87236000000,,,-1335902211763634200,0.0,5.3330488111781005,328.0,1.0,7,15,0.0,85026,503898918256385,14,42.079200744628906,-310.75463631172397,0.15,25,-26658.231699981985,0.001146583235822618,1.57542003E9,,,,0,,6,,37.97920227050781,-4.423782229423522,1.5000000237487257,-4.423782229423522,1.5000000237487257,C,8223963409256
1651867080999,87236000000,,,-1335902211763634200,0.0,5.3330488111781005,328.0,1.0,7,27,0.0,85026,503898913427732,16,40.832183837890625,-340.8808694462796,0.15,25,-28819.891901913372,0.001323599019087851,1.57542003E9,,,,0,,6,,36.73218536376953,-4.423782229423522,1.5000000237487257,-4.423782229423522,1.5000000237487257,C,8223963409256
1651867080999,87236000000,,,-1335902211763634200,0.0,5.3330488111781005,328.0,1.0,7,30,0.0,85026,503898921559403,32,32.14016342163086,70.9123893323729,0.6887165139065403,25,6571.151581084519,0.003394542494788766,1.57542003E9,,,,0,,6,,28.040163040161133,-4.423782229423522,1.5000000237487257,-4.423782229423522,1.5000000237487257,C,8223963409256
1651867080999,87236000000,,,-1335902211763634200,0.0,5.3330488111781005,328.0,1.0,7,2,0.0,84003,503898914953939,9,33.407081604003906,486.5877336357289,0.6289376159152762,25,42783.20492603368,0.0038838123437017202,1.17645005E9,,,,0,,6,,29.407081604003906,-2.7614412829279895,2.513386290702716,-2.7614412829279895,1.5000000237487257,Q,8223963409256
1651867080999,87236000000,,,-1335902211763634200,0.0,5.3330488111781005,328.0,1.0,7,15,0.0,84003,503898918256905,7,37.273250579833984,-310.73650444485384,0.15,25,-26431.52578231278,0.0026395265012979507,1.17645005E9,,,,0,,6,,33.273250579833984,-9.780214168131348,2.513386290702716,-9.780214168131348,1.5000000237487257,Q,8223963409256
1651867080999,87236000000,,,-1335902211763634200,0.0,5.3330488111781005,328.0,1.0,7,27,0.0,84003,503898913428264,7,33.69188690185547,-340.96835911217363,0.6158556773981361,25,-29186.21089638957,0.0037585285026580095,1.17645005E9,,,,0,,6,,29.6918888092041,-6.6402368247508985,2.513386290702716,-6.6402368247508985,1.5000000237487257,Q,8223963409256
1651867080999,87236000000,,,-1335902211763634200,0.0,5.3330488111781005,328.0,1.0,7,30,0.0,84003,503898921559935,7,34.7955436706543,70.93221680145504,0.5676883128807848,25,6725.737923253779,0.003310054773464799,1.17645005E9,,,,0,,6,,30.795543670654297,-6.27082772552967,2.513386290702716,-6.27082772552967,1.5000000237487257,Q,8223963409256
1651867081999,88236000000,,,-1335902211763633873,0.0,5.1955188665796594,328.0,1.0,7,2,0.0,16431,503899930285907,34,31.13966941833496,-36.1115683528171,0.7345578173335077,17,-3007.1935456641254,0.09895579322528815,1.57542003E9,,,,0,,1,,27.039669036865234,0.0,1.0,0.0,1.0,C,8224969514319
1651867081999,88236000000,,,-1335902211763633873,0.0,5.1955188665796594,328.0,1.0,7,6,0.0,16431,503899929018060,18,39.033851623535156,443.6676961365538,0.15,25,39135.11829074697,0.001628069905564189,1.57542003E9,,,,0,,1,,34.93385314941406,0.320142130558394,1.0,0.320142130558394,1.0,C,8224969514319
1651867081999,88236000000,,,-1335902211763633873,0.0,5.1955188665796594,328.0,1.0,7,12,0.0,16431,503899930844475,13,42.5145149230957,-184.95066568070456,0.15,25,-15970.877044390034,0.0010905357776209712,1.57542003E9,,,,0,,1,,38.41451644897461,-0.6984919076624261,1.0,-0.6984919076624261,1.0,C,8224969514319
1651867081999,88236000000,,,-1335902211763633873,0.0,5.1955188665796594,328.0,1.0,7,17,0.0,16431,503899917354963,31,32.33064270019531,587.5405833405107,0.6822725997683028,25,52334.389123225046,0.003320911433547735,1.57542003E9,,,,0,,1,,28.230642318725586,-0.7858034271858065,1.0,-0.7858034271858065,1.0,C,8224969514319
1651867081999,88236000000,,,-1335902211763633873,0.0,5.1955188665796594,328.0,1.0,7,19,0.0,16431,503899924010457,14,42.41556167602539,609.9671805570852,0.15,25,54233.33974185617,0.0011030306341126561,1.57542003E9,,,,0,,1,,38.3155632019043,0.0,1.0,0.0,1.0,C,8224969514319
1651867081999,88236000000,,,-1335902211763633873,0.0,5.1955188665796594,328.0,1.0,7,20,0.0,16431,503899920157269,36,30.76056671142578,-478.4846977623438,0.7533812518614855,16,-41562.32743805126,3.4028234663852886E38,1.57542003E9,,,,0,,1,,26.660566329956055,0.0,1.0,0.0,1.0,C,8224969514319
1651867081999,88236000000,,,-1335902211763633873,0.0,5.1955188665796594,328.0,1.0,7,24,0.0,16431,503899927257921,11,47.081787109375,499.8668040163202,0.15,25,44261.632241901,6.794462678954005E-4,1.57542003E9,,,,0,,1,,42.981788635253906,-0.20372681261465636,1.0,-0.20372681261465636,1.0,C,8224969514319
1651867081999,88236000000,,,-1335902211763633873,0.0,5.1955188665796594,328.0,1.0,7,25,0.0,16431,503899922032823,20,38.002017974853516,-504.22475731960935,0.15,25,-43875.70344548851,0.0018334316555410624,1.57542003E9,,,,0,,1,,33.90201950073242,-2.0372682255564105,1.0,-2.0372682255564105,1.0,C,8224969514319
1651867081999,88236000000,,,-1335902211763633873,0.0,5.1955188665796594,328.0,1.0,7,6,0.0,81921,503899929018593,6,37.19437789916992,443.6424751187269,0.15,25,40602.364199059804,0.002663604449480772,1.17645005E9,,,,0,,1,,33.19437789916992,1.9208527336454408,2.004925395464224,1.9208527336454408,1.0,Q,8224969514319
1651867081999,88236000000,,,-1335902211763633873,0.0,5.1955188665796594,328.0,1.0,7,24,0.0,81921,503899927258450,6,40.47528076171875,499.86135082327655,0.15,25,45782.873119774136,0.0018256793264299631,1.17645005E9,,,,0,,1,,36.47528076171875,3.143213708743226,2.004925395464224,3.143213708743226,1.0,Q,8224969514319
1651867081999,88236000000,,,-1335902211763633873,0.0,5.1955188665796594,328.0,1.0,7,25,0.0,81921,503899922033337,7,35.39704895019531,-504.23160789337044,0.5371269668638383,25,-45416.55512125346,0.0030885876622051,1.17645005E9,,,,0,,1,,31.39704704284668,1.0186341127782053,2.004925395464224,1.0186341127782053,1.0,Q,8224969514319
1651867081999,88236000000,,,-1335902211763633873,0.0,5.1955188665796594,328.0,1.0,7,18,0.0,32995,82681935415547,36,39.108612060546875,171.8255968799116,0.15,17,15214.433710492027,0.09525585870612897,1.60031245E9,,,,0,,3,,35.00861358642578,48.42877388000488,2.0000000474974513,48.42877388000488,2.0000000474974513,C,8224969514319
1651867081999,88236000000,,,-1335902211763633873,0.0,5.1955188665796594,328.0,1.0,7,9,0.0,32995,82681922186166,33,44.53868865966797,-665.7899499519267,0.15,25,-57603.2821525781,8.50100361276418E-4,1.60087501E9,,,,0,,3,,40.438690185546875,48.42877388000488,2.0000000474974513,48.42877388000488,2.0000000474974513,C,8224969514319
1651867081999,88236000000,,,-1335902211763633873,0.0,5.1955188665796594,328.0,1.0,7,15,0.0,32995,82681932344328,57,33.691162109375,581.7906002654604,0.6201903401352373,17,49593.358581117565,0.09636050241209954,1.602E9,,,,0,,3,,29.591163635253906,48.42877388000488,2.0000000474974513,48.42877388000488,2.0000000474974513,C,8224969514319
1651867081999,88236000000,,,-1335902211763633873,0.0,5.1955188665796594,328.0,1.0,7,19,0.0,32995,82681929254477,38,38.600303649902344,-409.2493229222546,0.15,25,-36127.61395297233,0.0016812296817079186,1.60368755E9,,,,0,,3,,34.50030517578125,48.42877388000488,2.0000000474974513,48.42877388000488,2.0000000474974513,C,8224969514319
1651867081999,88236000000,,,-1335902211763633873,0.0,5.1955188665796594,328.0,1.0,7,17,0.0,32995,82681929044966,33,47.30012893676758,715.8166567904991,0.15,25,63969.18785430587,6.506721256300807E-4,1.60424998E9,,,,0,,3,,43.200130462646484,48.42877388000488,2.0000000474974513,48.42877388000488,2.0000000474974513,C,8224969514319
1651867081999,88236000000,,,-1335902211763633873,0.0,5.1955188665796594,328.0,1.0,7,2,0.0,85026,503899914951780,22,36.38636779785156,486.4478251517028,0.15,25,42655.26325822723,0.0022082447540014982,1.57542003E9,,,,0,,6,,32.28636932373047,-4.423782229423522,1.5000000237487257,-4.423782229423522,1.5000000237487257,C,8224969514319
1651867081999,88236000000,,,-1335902211763633873,0.0,5.1955188665796594,328.0,1.0,7,15,0.0,85026,503899918257418,14,41.736351013183594,-310.8621323795969,0.15,25,-26969.089921364342,0.001192746451124549,1.57542003E9,,,,0,,6,,37.6363525390625,-4.423782229423522,1.5000000237487257,-4.423782229423522,1.5000000237487257,C,8224969514319
1651867081999,88236000000,,,-1335902211763633873,0.0,5.1955188665796594,328.0,1.0,7,27,0.0,85026,503899913428878,16,40.115230560302734,-341.0422498779151,0.15,25,-29160.866882640614,0.001437487662769854,1.57542003E9,,,,0,,6,,36.01523208618164,-4.423782229423522,1.5000000237487257,-4.423782229423522,1.5000000237487257,C,8224969514319
1651867081999,88236000000,,,-1335902211763633873,0.0,5.1955188665796594,328.0,1.0,7,30,0.0,85026,503899921559166,25,35.271278381347656,70.79472391153496,0.5479137315168183,25,6642.007717204516,0.002510740188881755,1.57542003E9,,,,0,,6,,31.171279907226562,-4.423782229423522,1.5000000237487257,-4.423782229423522,1.5000000237487257,C,8224969514319
1651867081999,88236000000,,,-1335902211763633873,0.0,5.1955188665796594,328.0,1.0,7,2,0.0,84003,503899914952317,8,33.31230926513672,486.44226971128955,0.6331991877592875,25,43269.63516191852,0.003926421515643597,1.17645005E9,,,,0,,6,,29.312307357788086,-2.7614412829279895,2.5049254192129498,-2.7614412829279895,1.5000000237487257,Q,8224969514319
1651867081999,88236000000,,,-1335902211763633873,0.0,5.1955188665796594,328.0,1.0,7,15,0.0,84003,503899918257941,6,36.969322204589844,-310.83036753011766,0.15,25,-26742.376393921077,0.002733521396294236,1.17645005E9,,,,0,,6,,32.969322204589844,-9.780214168131348,2.5049254192129498,-9.780214168131348,1.5000000237487257,Q,8224969514319
1651867081999,88236000000,,,-1335902211763633873,0.0,5.1955188665796594,328.0,1.0,7,27,0.0,84003,503899913429401,7,33.646514892578125,-341.13979386848337,0.6178962979151414,25,-29527.20645818763,0.003778213867917657,1.17645005E9,,,,0,,6,,29.646514892578125,-6.6402368247508985,2.5049254192129498,-6.6402368247508985,1.5000000237487257,Q,8224969514319
1651867081999,88236000000,,,-1335902211763633873,0.0,5.1955188665796594,328.0,1.0,7,30,0.0,84003,503899921559699,8,34.61760330200195,70.80718957000818,0.5756900349243872,25,6796.582290178003,0.0033785635605454445,1.17645005E9,,,,0,,6,,30.617603302001953,-6.27082772552967,2.5049254192129498,-6.27082772552967,1.5000000237487257,Q,8224969514319
1651867082999,89236000000,,,-1335902211763633546,0.0,5.183471188399545,327.0,1.0,7,2,0.0,16431,503900930286029,33,31.867740631103516,-36.18206365382747,0.7018172244016871,17,-3043.352718726207,0.09864953315173065,1.57542003E9,,,,0,,1,,27.76774024963379,0.0,1.0,0.0,1.0,C,8225951651445
1651867082999,89236000000,,,-1335902211763633546,0.0,5.183471188399545,327.0,1.0,7,6,0.0,16431,503900929016595,18,39.004234313964844,443.5456127772891,0.15,25,39578.72037238244,0.0016336307162418962,1.57542003E9,,,,0,,1,,34.90423583984375,0.320142130558394,1.0,0.320142130558394,1.0,C,8225951651445
1651867082999,89236000000,,,-1335902211763633546,0.0,5.183471188399545,327.0,1.0,7,12,0.0,16431,503900930845083,13,42.98640441894531,-185.03761002729425,0.15,25,-16155.909564165091,0.0010328693315386772,1.57542003E9,,,,0,,1,,38.88640594482422,-0.6984919076624261,1.0,-0.6984919076624261,1.0,C,8225951651445
1651867082999,89236000000,,,-1335902211763633546,0.0,5.183471188399545,327.0,1.0,7,17,0.0,16431,503900917353002,36,30.565223693847656,587.4709869642911,0.7616612252102937,25,52921.76168881626,0.004069380462169647,1.57542003E9,,,,0,,1,,26.46522331237793,-0.7858034271858065,1.0,-0.7858034271858065,1.0,C,8225951651445
1651867082999,89236000000,,,-1335902211763633546,0.0,5.183471188399545,327.0,1.0,7,19,0.0,16431,503900924008417,16,40.79570007324219,609.8723631630387,0.15,25,54843.225093523695,0.0013291703071445227,1.57542003E9,,,,0,,1,,36.695701599121094,0.0,1.0,0.0,1.0,C,8225951651445
1651867082999,89236000000,,,-1335902211763633546,0.0,5.183471188399545,327.0,1.0,7,20,0.0,16431,503900920158868,29,33.146156311035156,-478.71758318776415,0.6461041903986198,17,-42040.93519655725,0.09817013928022957,1.57542003E9,,,,0,,1,,29.04615592956543,0.0,1.0,0.0,1.0,C,8225951651445
1651867082999,89236000000,,,-1335902211763633546,0.0,5.183471188399545,327.0,1.0,7,24,0.0,16431,503900927256244,12,46.79200744628906,499.8547388267111,0.15,25,44761.45517125325,7.0249626878649E-4,1.57542003E9,,,,0,,1,,42.69200897216797,-0.20372681261465636,1.0,-0.20372681261465636,1.0,C,8225951651445
1651867082999,89236000000,,,-1335902211763633546,0.0,5.183471188399545,327.0,1.0,7,25,0.0,16431,503900922034506,17,39.49971389770508,-504.2778577868719,0.15,25,-44379.95135479989,0.0015430498169735074,1.57542003E9,,,,0,,1,,35.399715423583984,-2.0372682255564105,1.0,-2.0372682255564105,1.0,C,8225951651445
1651867082999,89236000000,,,-1335902211763633546,0.0,5.183471188399545,327.0,1.0,7,6,0.0,81921,503900929017115,8,37.89431381225586,443.60607505516055,0.15,25,41045.935054331916,0.002457382855936885,1.17645005E9,,,,0,,1,,33.89431381225586,1.9208527336454408,1.996546040049015,1.9208527336454408,1.0,Q,8225951651445
1651867082999,89236000000,,,-1335902211763633546,0.0,5.183471188399545,327.0,1.0,7,24,0.0,81921,503900927256780,7,40.67633819580078,499.80634173844874,0.15,25,46282.68439985551,0.0017839049687609076,1.17645005E9,,,,0,,1,,36.67633819580078,3.143213708743226,1.996546040049015,3.143213708743226,1.0,Q,8225951651445
1651867082999,89236000000,,,-1335902211763633546,0.0,5.183471188399545,327.0,1.0,7,25,0.0,81921,503900922035020,8,35.458213806152344,-504.32202865052545,0.5343768055185583,25,-45920.801648735585,0.0030669153202325106,1.17645005E9,,,,0,,1,,31.45821189880371,1.0186341127782053,1.996546040049015,1.0186341127782053,1.0,Q,8225951651445
1651867082999,89236000000,,,-1335902211763633546,0.0,5.183471188399545,327.0,1.0,7,18,0.0,32995,82682935415007,37,38.79784393310547,171.78865149704086,0.15,17,15386.224166449168,0.09531374063697197,1.60031245E9,,,,0,,3,,34.697845458984375,48.42877388000488,2.0000000474974513,48.42877388000488,2.0000000474974513,C,8225951651445
1651867082999,89236000000,,,-1335902211763633546,0.0,5.183471188399545,327.0,1.0,7,9,0.0,32995,82682922188367,33,44.14077377319336,-665.9320056307138,0.15,25,-58269.16080249209,8.899506065063179E-4,1.60087501E9,,,,0,,3,,40.040775299072266,48.42877388000488,2.0000000474974513,48.42877388000488,2.0000000474974513,C,8225951651445
1651867082999,89236000000,,,-1335902211763633546,0.0,5.183471188399545,327.0,1.0,7,15,0.0,32995,82682932342377,54,34.33196258544922,581.834771129114,0.5913739559816906,17,50175.14964292986,0.09616191533536106,1.602E9,,,,0,,3,,30.231962203979492,48.42877388000488,2.0000000474974513,48.42877388000488,2.0000000474974513,C,8225951651445
1651867082999,89236000000,,,-1335902211763633546,0.0,5.183471188399545,327.0,1.0,7,19,0.0,32995,82682929255859,37,38.74273681640625,-409.2384165361673,0.15,25,-36536.8749740671,0.0016538850031793118,1.60368755E9,,,,0,,3,,34.642738342285156,48.42877388000488,2.0000000474974513,48.42877388000488,2.0000000474974513,C,8225951651445
1651867082999,89236000000,,,-1335902211763633546,0.0,5.183471188399545,327.0,1.0,7,17,0.0,32995,82682929042561,33,46.55361557006836,715.6997539646259,0.15,25,64684.90076148695,7.090679719112813E-4,1.60424998E9,,,,0,,3,,42.453617095947266,48.42877388000488,2.0000000474974513,48.42877388000488,2.0000000474974513,C,8225951651445
1651867082999,89236000000,,,-1335902211763633546,0.0,5.183471188399545,327.0,1.0,7,2,0.0,85026,503900914950171,23,36.25925064086914,486.29462450963274,0.15,25,43141.61848869356,0.002240800065919757,1.57542003E9,,,,1,,6,,32.15925216674805,-4.423782229423522,1.5000000237487257,-4.423782229423522,1.5000000237487257,C,8225951651445
1651867082999,89236000000,,,-1335902211763633546,0.0,5.183471188399545,327.0,1.0,7,15,0.0,85026,503900918258454,14,41.85911560058594,-310.91656206266384,0.15,25,-27280.035724662328,0.0011760067427530885,1.57542003E9,,,,0,,6,,37.759117126464844,-4.423782229423522,1.5000000237487257,-4.423782229423522,1.5000000237487257,C,8225951651445
1651867082999,89236000000,,,-1335902211763633546,0.0,5.183471188399545,327.0,1.0,7,27,0.0,85026,503900913430014,16,40.61785125732422,-341.1470534317227,0.15,25,-29501.984778467508,0.0013566663255915046,1.57542003E9,,,,0,,6,,36.517852783203125,-4.423782229423522,1.5000000237487257,-4.423782229423522,1.5000000237487257,C,8225951651445
1651867082999,89236000000,,,-1335902211763633546,0.0,5.183471188399545,327.0,1.0,7,30,0.0,85026,503900921558927,23,36.074310302734375,70.71969990411412,0.15,25,6712.77464547537,0.0022890230175107718,1.57542003E9,,,,0,,6,,31.97431182861328,-4.423782229423522,1.5000000237487257,-4.423782229423522,1.5000000237487257,C,8225951651445
1651867082999,89236000000,,,-1335902211763633546,0.0,5.183471188399545,327.0,1.0,7,2,0.0,84003,503900914950694,8,33.360572814941406,486.1065915969964,0.6310284281748952,25,43755.986621629396,0.003904663724824786,1.17645005E9,,,,0,,6,,29.360572814941406,-2.7614412829279895,2.496546063797741,-2.7614412829279895,1.5000000237487257,Q,8225951651445
1651867082999,89236000000,,,-1335902211763633546,0.0,5.183471188399545,327.0,1.0,7,15,0.0,84003,503900918258977,7,37.07359313964844,-311.06195782219015,0.15,25,-27053.35430843901,0.0027009027544409037,1.17645005E9,,,,0,,6,,33.07359313964844,-9.780214168131348,2.496546063797741,-9.780214168131348,1.5000000237487257,Q,8225951651445
1651867082999,89236000000,,,-1335902211763633546,0.0,5.183471188399545,327.0,1.0,7,27,0.0,84003,503900913430537,7,34.186920166015625,-341.18427147424563,0.5935951735778882,25,-29868.29701913412,0.0035503115504980087,1.17645005E9,,,,0,,6,,30.186918258666992,-6.6402368247508985,2.496546063797741,-6.6402368247508985,1.5000000237487257,Q,8225951651445
1651867082999,89236000000,,,-1335902211763633546,0.0,5.183471188399545,327.0,1.0,7,30,0.0,84003,503900921559464,7,34.586097717285156,70.69939528064066,0.5771067867255102,25,6867.353153064927,0.003390841418877244,1.17645005E9,,,,0,,6,,30.586097717285156,-6.27082772552967,2.496546063797741,-6.27082772552967,1.5000000237487257,Q,8225951651445
1651867083999,90236000000,,,-1335902211763633220,0.0,5.256482949363484,327.0,1.0,7,2,0.0,16431,503901930286158,34,31.373151779174805,-36.10931465037953,0.7240584237055452,17,-3079.521696440493,0.09885476894032931,1.57542003E9,,,,0,,1,,27.273151397705078,0.0,1.0,0.0,1.0,C,8226958977414
1651867083999,90236000000,,,-1335902211763633220,0.0,5.256482949363484,327.0,1.0,7,6,0.0,16431,503901929015108,18,38.93041229248047,443.56422179855053,0.15,25,40022.3545001025,0.001647574594244361,1.57542003E9,,,,0,,1,,34.830413818359375,0.320142130558394,1.0,0.320142130558394,1.0,C,8226958977414
1651867083999,90236000000,,,-1335902211763633220,0.0,5.256482949363484,327.0,1.0,7,12,0.0,16431,503901930845697,12,43.472801208496094,-185.0492832686533,0.15,25,-16340.922760310852,9.766201255843043E-4,1.57542003E9,,,,0,,1,,39.372802734375,-0.6984919076624261,1.0,-0.6984919076624261,1.0,C,8226958977414
1651867083999,90236000000,,,-1335902211763633220,0.0,5.256482949363484,327.0,1.0,7,17,0.0,16431,503901917351051,45,27.827150344848633,587.2671057093717,0.8847888256770968,29,53509.13314912608,0.005577401723712683,1.57542003E9,,,,0,,1,,23.727149963378906,-0.7858034271858065,1.0,-0.7858034271858065,1.0,C,8226958977414
1651867083999,90236000000,,,-1335902211763633220,0.0,5.256482949363484,327.0,1.0,7,19,0.0,16431,503901924006385,15,41.587947845458984,609.7799315409488,0.15,25,55453.07564921087,0.0012133000418543816,1.57542003E9,,,,0,,1,,37.48794937133789,0.0,1.0,0.0,1.0,C,8226958977414
1651867083999,90236000000,,,-1335902211763633220,0.0,5.256482949363484,327.0,1.0,7,20,0.0,16431,503901920160464,26,34.54758071899414,-478.72831916156883,0.583084064105496,17,-42519.557516135596,0.09771966227617836,1.57542003E9,,,,0,,1,,30.447580337524414,0.0,1.0,0.0,1.0,C,8226958977414
1651867083999,90236000000,,,-1335902211763633220,0.0,5.256482949363484,327.0,1.0,7,24,0.0,16431,503901927254583,12,46.53989028930664,499.84846765471093,0.15,25,45261.3274170528,7.231858908198774E-4,1.57542003E9,,,,0,,1,,42.43989181518555,-0.20372681261465636,1.0,-0.20372681261465636,1.0,C,8226958977414
1651867083999,90236000000,,,-1335902211763633220,0.0,5.256482949363484,327.0,1.0,7,25,0.0,16431,503901922036172,17,39.91484832763672,-504.35386166491776,0.15,25,-44884.220968235095,0.0014710357645526528,1.57542003E9,,,,0,,1,,35.814849853515625,-2.0372682255564105,1.0,-2.0372682255564105,1.0,C,8226958977414
1651867083999,90236000000,,,-1335902211763633220,0.0,5.256482949363484,327.0,1.0,7,6,0.0,81921,503901929015636,8,37.67206573486328,443.6130619587477,0.15,25,41489.5769222379,0.002521072281524539,1.17645005E9,,,,0,,1,,33.67206573486328,1.9208527336454408,1.988269872055013,1.9208527336454408,1.0,Q,8226958977414
1651867083999,90236000000,,,-1335902211763633220,0.0,5.256482949363484,327.0,1.0,7,24,0.0,81921,503901927255113,7,40.59645080566406,499.85954445308084,0.15,25,46782.56145766081,0.001800387748517096,1.17645005E9,,,,0,,1,,36.59645080566406,3.143213708743226,1.988269872055013,3.143213708743226,1.0,Q,8226958977414
1651867083999,90236000000,,,-1335902211763633220,0.0,5.256482949363484,327.0,1.0,7,25,0.0,81921,503901922036702,7,34.686279296875,-504.33112866641704,0.5690900870398812,25,-46425.066430247934,0.003351957071572542,1.17645005E9,,,,0,,1,,30.686277389526367,1.0186341127782053,1.988269872055013,1.0186341127782053,1.0,Q,8226958977414
1651867083999,90236000000,,,-1335902211763633220,0.0,5.256482949363484,327.0,1.0,7,18,0.0,32995,82683935414418,38,38.53432846069336,171.87300557693482,0.15,17,15558.078666550371,0.0953644698940266,1.60031245E9,,,,0,,3,,34.434329986572266,48.42877388000488,2.0000000474974513,48.42877388000488,2.0000000474974513,C,8226958977414
1651867083999,90236000000,,,-1335902211763633220,0.0,5.256482949363484,327.0,1.0,7,9,0.0,32995,82683922190581,33,43.878509521484375,-665.9733817329325,0.15,25,-58935.06472598076,9.172317804768682E-4,1.60087501E9,,,,0,,3,,39.77851104736328,48.42877388000488,2.0000000474974513,48.42877388000488,2.0000000474974513,C,8226958977414
1651867083999,90236000000,,,-1335902211763633220,0.0,5.256482949363484,327.0,1.0,7,15,0.0,32995,82683932340442,73,30.548051834106445,581.7916227391561,0.7615318849504815,16,50757.19245275448,3.4028234663852886E38,1.602E9,,,,0,,3,,26.44805145263672,48.42877388000488,2.0000000474974513,48.42877388000488,2.0000000474974513,C,8226958977414
1651867083999,90236000000,,,-1335902211763633220,0.0,5.256482949363484,327.0,1.0,7,19,0.0,32995,82683929257217,37,38.779258728027344,-409.23330416768886,0.15,25,-36946.08220977348,0.0016469454858452082,1.60368755E9,,,,0,,3,,34.67926025390625,48.42877388000488,2.0000000474974513,48.42877388000488,2.0000000474974513,C,8226958977414
1651867083999,90236000000,,,-1335902211763633220,0.0,5.256482949363484,327.0,1.0,7,17,0.0,32995,82683929040191,33,46.41124725341797,715.6638992203639,0.15,25,65400.62067334861,7.207859889604151E-4,1.60424998E9,,,,0,,3,,42.311248779296875,48.42877388000488,2.0000000474974513,48.42877388000488,2.0000000474974513,C,8226958977414
1651867083999,90236000000,,,-1335902211763633220,0.0,5.256482949363484,327.0,1.0,7,2,0.0,85026,503901914948546,26,34.78853988647461,486.20781649286914,0.569152327463414,25,43627.9491895944,0.0026542306877672672,1.57542003E9,,,,0,,6,,30.688541412353516,-4.423782229423522,1.5000000237487257,-4.423782229423522,1.5000000237487257,C,8226958977414
1651867083999,90236000000,,,-1335902211763633220,0.0,5.256482949363484,327.0,1.0,7,15,0.0,85026,503901918259492,15,41.25575637817383,-311.0006094004491,0.15,25,-27590.96277774407,0.001260601682588458,1.57542003E9,,,,0,,6,,37.155757904052734,-4.423782229423522,1.5000000237487257,-4.423782229423522,1.5000000237487257,C,8226958977414
1651867083999,90236000000,,,-1335902211763633220,0.0,5.256482949363484,327.0,1.0,7,27,0.0,85026,503901913431148,16,40.459022521972656,-341.20373255692016,0.15,25,-29843.12207473237,0.0013817024882882833,1.57542003E9,,,,0,,6,,36.35902404785156,-4.423782229423522,1.5000000237487257,-4.423782229423522,1.5000000237487257,C,8226958977414
1651867083999,90236000000,,,-1335902211763633220,0.0,5.256482949363484,327.0,1.0,7,30,0.0,85026,503901921558685,24,35.38276290893555,70.74797556210686,0.5429002820430704,25,6783.567864439341,0.0024787203874439,1.57542003E9,,,,0,,6,,31.282764434814453,-4.423782229423522,1.5000000237487257,-4.423782229423522,1.5000000237487257,C,8226958977414
1651867083999,90236000000,,,-1335902211763633220,0.0,5.256482949363484,327.0,1.0,7,2,0.0,84003,503901914949071,10,32.046295166015625,486.29660129211106,0.6901296710735769,25,44242.35477716112,0.0045425258576869965,1.17645005E9,,,,0,,6,,28.046297073364258,-2.7614412829279895,2.4882698958037386,-2.7614412829279895,1.5000000237487257,Q,8226958977414
1651867083999,90236000000,,,-1335902211763633220,0.0,5.256482949363484,327.0,1.0,7,15,0.0,84003,503901918260019,7,36.31227111816406,-310.94137409101245,0.15,25,-27364.258180269546,0.0029483225662261248,1.17645005E9,,,,0,,6,,32.31227111816406,-9.780214168131348,2.4882698958037386,-9.780214168131348,1.5000000237487257,Q,8226958977414
1651867083999,90236000000,,,-1335902211763633220,0.0,5.256482949363484,327.0,1.0,7,27,0.0,84003,503901913431674,6,34.63318634033203,-341.2601049400089,0.5735271968484446,25,-30209.43393860793,0.003372507868334651,1.17645005E9,,,,0,,6,,30.63318634033203,-6.6402368247508985,2.4882698958037386,-6.6402368247508985,1.5000000237487257,Q,8226958977414
1651867083999,90236000000,,,-1335902211763633220,0.0,5.256482949363484,327.0,1.0,7,30,0.0,84003,503901921559228,7,34.18632888793945,70.6597488630905,0.595083818060739,25,6938.129901339855,0.0035505518317222595,1.17645005E9,,,,0,,6,,30.186328887939453,-6.27082772552967,2.4882698958037386,-6.27082772552967,1.5000000237487257,Q,8226958977414
1651867084999,91236000000,,,-1335902211763632894,0.0,5.234827110649137,326.0,1.0,7,2,0.0,16431,503902930286267,35,31.118730545043945,-36.20562315189886,0.7354994117622482,17,-3115.703646187445,0.09896498584476089,1.57542003E9,,,,0,,1,,27.01873016357422,0.0,1.0,0.0,1.0,C,8227957304522
1651867084999,91236000000,,,-1335902211763632894,0.0,5.234827110649137,326.0,1.0,7,6,0.0,16431,503902929013620,19,38.211456298828125,443.5925784023775,0.15,25,40465.916269738365,0.001789752277545631,1.57542003E9,,,,0,,1,,34.11145782470703,0.320142130558394,1.0,0.320142130558394,1.0,C,8227957304522
1651867084999,91236000000,,,-1335902211763632894,0.0,5.234827110649137,326.0,1.0,7,12,0.0,16431,503902930846310,12,43.98969268798828,-185.15042295838475,0.15,25,-16526.040324405563,9.201974608004093E-4,1.57542003E9,,,,0,,1,,39.88969421386719,-0.6984919076624261,1.0,-0.6984919076624261,1.0,C,8227957304522
1651867084999,91236000000,,,-1335902211763632894,0.0,5.234827110649137,326.0,1.0,7,17,0.0,16431,503902917349107,42,28.629545211791992,587.6819573701673,0.8487056890160187,16,54095.98518773844,3.4028234663852886E38,1.57542003E9,,,,0,,1,,24.529544830322266,-0.7858034271858065,1.0,-0.7858034271858065,1.0,C,8227957304522
1651867084999,91236000000,,,-1335902211763632894,0.0,5.234827110649137,326.0,1.0,7,19,0.0,16431,503902924004347,14,41.74068069458008,609.6549852553362,0.15,25,56062.770131450794,0.0011921521509066224,1.57542003E9,,,,0,,1,,37.640682220458984,0.0,1.0,0.0,1.0,C,8227957304522
1651867084999,91236000000,,,-1335902211763632894,0.0,5.234827110649137,326.0,1.0,7,20,0.0,16431,503902920162054,24,35.49515914916992,-478.82620397670235,0.5404727723906928,17,-42998.34279181355,0.09745375105467415,1.57542003E9,,,,0,,1,,31.395158767700195,0.0,1.0,0.0,1.0,C,8227957304522
1651867084999,91236000000,,,-1335902211763632894,0.0,5.234827110649137,326.0,1.0,7,24,0.0,16431,503902927252913,12,46.590431213378906,499.7509918290557,0.15,25,45761.10686290651,7.189898169599473E-4,1.57542003E9,,,,0,,1,,42.49043273925781,-0.20372681261465636,1.0,-0.20372681261465636,1.0,C,8227957304522
1651867084999,91236000000,,,-1335902211763632894,0.0,5.234827110649137,326.0,1.0,7,25,0.0,16431,503902922037870,18,39.12581253051758,-504.52775035809714,0.15,25,-45388.66163736246,0.0016109239077195525,1.57542003E9,,,,0,,1,,35.025814056396484,-2.0372682255564105,1.0,-2.0372682255564105,1.0,C,8227957304522
1651867084999,91236000000,,,-1335902211763632894,0.0,5.234827110649137,326.0,1.0,7,6,0.0,81921,503902929014154,8,36.722415924072266,443.63913503798767,0.15,25,41933.1577415007,0.002812339458614588,1.17645005E9,,,,0,,1,,32.722415924072266,1.9208527336454408,1.980208131101034,1.9208527336454408,1.0,Q,8227957304522
1651867084999,91236000000,,,-1335902211763632894,0.0,5.234827110649137,326.0,1.0,7,24,0.0,81921,503902927253446,7,40.7872314453125,499.834391600167,0.15,25,47282.35401811736,0.0017612744122743607,1.17645005E9,,,,0,,1,,36.7872314453125,3.143213708743226,1.980208131101034,3.143213708743226,1.0,Q,8227957304522
1651867084999,91236000000,,,-1335902211763632894,0.0,5.234827110649137,326.0,1.0,7,25,0.0,81921,503902922038386,6,34.89311981201172,-504.43201273772456,0.5597889713413466,25,-46929.4989314728,0.0032730773091316223,1.17645005E9,,,,0,,1,,30.89311981201172,1.0186341127782053,1.980208131101034,1.0186341127782053,1.0,Q,8227957304522
1651867084999,91236000000,,,-1335902211763632894,0.0,5.234827110649137,326.0,1.0,7,18,0.0,32995,82684935413819,36,39.36896896362305,171.84635309593398,0.15,17,15729.886209919407,0.0952089357644368,1.60031245E9,,,,0,,3,,35.26897048950195,48.42877388000488,2.0000000474974513,48.42877388000488,2.0000000474974513,C,8227957304522
1651867084999,91236000000,,,-1335902211763632894,0.0,5.234827110649137,326.0,1.0,7,9,0.0,32995,82684922192839,33,43.40762710571289,-666.1200044608936,0.15,25,-59601.13607950003,9.683296666480601E-4,1.60087501E9,,,,0,,3,,39.3076286315918,48.42877388000488,2.0000000474974513,48.42877388000488,2.0000000474974513,C,8227957304522
1651867084999,91236000000,,,-1335902211763632894,0.0,5.234827110649137,326.0,1.0,7,15,0.0,32995,82684932338510,72,30.790624618530273,581.8274774834181,0.7506233021423516,17,51339.61654471209,0.09746753179610163,1.602E9,,,,0,,3,,26.690624237060547,48.42877388000488,2.0000000474974513,48.42877388000488,2.0000000474974513,C,8227957304522
1651867084999,91236000000,,,-1335902211763632894,0.0,5.234827110649137,326.0,1.0,7,19,0.0,32995,82684929258597,37,38.77649688720703,-409.2613199469506,0.15,25,-37355.37079302536,0.001647469005547464,1.60368755E9,,,,0,,3,,34.67649841308594,48.42877388000488,2.0000000474974513,48.42877388000488,2.0000000474974513,C,8227957304522
1651867084999,91236000000,,,-1335902211763632894,0.0,5.234827110649137,326.0,1.0,7,17,0.0,32995,82684929037797,33,46.238243103027344,715.5454286014906,0.15,25,66116.19286227012,7.352865650318563E-4,1.60424998E9,,,,0,,3,,42.13824462890625,48.42877388000488,2.0000000474974513,48.42877388000488,2.0000000474974513,C,8227957304522
1651867084999,91236000000,,,-1335902211763632894,0.0,5.234827110649137,326.0,1.0,7,2,0.0,85026,503902914946924,26,34.53121566772461,486.2492607600009,0.5807235877220998,25,44114.180002439774,0.0027340396773070097,1.57542003E9,,,,0,,6,,30.431217193603516,-4.423782229423522,1.5000000237487257,-4.423782229423522,1.5000000237487257,C,8227957304522
1651867084999,91236000000,,,-1335902211763632894,0.0,5.234827110649137,326.0,1.0,7,15,0.0,85026,503902918260527,14,42.07883071899414,-311.04416677988524,0.15,25,-27902.0075897422,0.0011466320138424635,1.57542003E9,,,,0,,6,,37.97883224487305,-4.423782229423522,1.5000000237487257,-4.423782229423522,1.5000000237487257,C,8227957304522
1651867084999,91236000000,,,-1335902211763632894,0.0,5.234827110649137,326.0,1.0,7,27,0.0,85026,503902913432291,16,40.21138381958008,-341.3559107252945,0.15,25,-30184.42817276874,0.0014216621639207006,1.57542003E9,,,,0,,6,,36.111385345458984,-4.423782229423522,1.5000000237487257,-4.423782229423522,1.5000000237487257,C,8227957304522
1651867084999,91236000000,,,-1335902211763632894,0.0,5.234827110649137,326.0,1.0,7,30,0.0,85026,503902921558467,25,34.959259033203125,70.65997465936496,0.5619446867164144,25,6854.221165190898,0.002602571388706565,1.57542003E9,,,,0,,6,,30.85926055908203,-4.423782229423522,1.5000000237487257,-4.423782229423522,1.5000000237487257,C,8227957304522
1651867084999,91236000000,,,-1335902211763632894,0.0,5.234827110649137,326.0,1.0,7,2,0.0,84003,503902914947450,9,32.7138671875,486.215041973652,0.6601093507702811,25,44728.56683814415,0.004206479527056217,1.17645005E9,,,,0,,6,,28.713869094848633,-2.7614412829279895,2.48020815484976,-2.7614412829279895,1.5000000237487257,Q,8227957304522
1651867084999,91236000000,,,-1335902211763632894,0.0,5.234827110649137,326.0,1.0,7,15,0.0,84003,503902918261052,7,36.77418899536133,-311.0626053888641,0.15,25,-27675.29607109665,0.002795626176521182,1.17645005E9,,,,0,,6,,32.77418899536133,-9.780214168131348,2.48020815484976,-9.780214168131348,1.5000000237487257,Q,8227957304522
1651867084999,91236000000,,,-1335902211763632894,0.0,5.234827110649137,326.0,1.0,7,27,0.0,84003,503902913432813,7,33.6912727355957,-341.2263633080513,0.6158842347689335,25,-30550.731357358556,0.003758795792236924,1.17645005E9,,,,0,,6,,29.691272735595703,-6.6402368247508985,2.48020815484976,-6.6402368247508985,1.5000000237487257,Q,8227957304522
1651867084999,91236000000,,,-1335902211763632894,0.0,5.234827110649137,326.0,1.0,7,30,0.0,84003,503902921558992,7,34.56320571899414,70.61332429699937,0.5781361168528778,25,7008.801471775967,0.003399789333343506,1.17645005E9,,,,0,,6,,30.56320571899414,-6.27082772552967,2.48020815484976,-6.27082772552967,1.5000000237487257,Q,8227957304522
1651867085999,92236000000,,,-1335902211763632569,0.0,5.030131101730954,326.0,1.0,7,2,0.0,16431,503903930286396,31,32.4041748046875,-36.121729185167965,0.6776944338554975,17,-3151.867202369878,0.09843975204330659,1.57542003E9,,,,0,,1,,28.304176330566406,0.0,1.0,0.0,1.0,C,8228971164508
1651867085999,92236000000,,,-1335902211763632569,0.0,5.030131101730954,326.0,1.0,7,6,0.0,16431,503903929012155,19,38.56720733642578,443.51643819450555,0.15,25,40909.46898759249,0.0017179293790832162,1.57542003E9,,,,0,,1,,34.46720886230469,0.320142130558394,1.0,0.320142130558394,1.0,C,8228971164508
1651867085999,92236000000,,,-1335902211763632569,0.0,5.030131101730954,326.0,1.0,7,12,0.0,16431,503903930846937,12,43.71591567993164,-185.1693046392984,0.15,25,-16711.19479225083,9.496637503616512E-4,1.57542003E9,,,,0,,1,,39.61591720581055,-0.6984919076624261,1.0,-0.6984919076624261,1.0,C,8228971164508
1651867085999,92236000000,,,-1335902211763632569,0.0,5.030131101730954,326.0,1.0,7,17,0.0,16431,503903917347139,32,31.984683990478516,586.9098534000996,0.6978286450463478,16,54682.21103808885,3.4028234663852886E38,1.57542003E9,,,,0,,1,,27.88468360900879,-0.7858034271858065,1.0,-0.7858034271858065,1.0,C,8228971164508
1651867085999,92236000000,,,-1335902211763632569,0.0,5.030131101730954,326.0,1.0,7,19,0.0,16431,503903924002317,14,42.157470703125,609.5796630264208,0.15,25,56672.380772001,0.0011362975928932428,1.57542003E9,,,,0,,1,,38.057472229003906,0.0,1.0,0.0,1.0,C,8228971164508
1651867085999,92236000000,,,-1335902211763632569,0.0,5.030131101730954,326.0,1.0,7,20,0.0,16431,503903920163655,23,35.968292236328125,-478.9169996408791,0.5191967989063284,17,-43477.219062016906,0.09733145093832886,1.57542003E9,,,,0,,1,,31.86829376220703,0.0,1.0,0.0,1.0,C,8228971164508
1651867085999,92236000000,,,-1335902211763632569,0.0,5.030131101730954,326.0,1.0,7,24,0.0,16431,503903927251254,11,47.046958923339844,499.78081397851315,0.15,25,46260.87221021227,6.821762653999031E-4,1.57542003E9,,,,0,,1,,42.94696044921875,-0.20372681261465636,1.0,-0.20372681261465636,1.0,C,8228971164508
1651867085999,92236000000,,,-1335902211763632569,0.0,5.030131101730954,326.0,1.0,7,25,0.0,16431,503903922039534,20,37.82719802856445,-504.58173696922927,0.15,25,-45893.19090304644,0.0018707067938521504,1.57542003E9,,,,0,,1,,33.72719955444336,-2.0372682255564105,1.0,-2.0372682255564105,1.0,C,8228971164508
1651867085999,92236000000,,,-1335902211763632569,0.0,5.030131101730954,326.0,1.0,7,6,0.0,81921,503903929012674,7,38.32410430908203,443.5686525178985,0.15,25,42376.71666850555,0.0023387474939227104,1.17645005E9,,,,0,,1,,34.32410430908203,1.9208527336454408,1.9719432958295924,1.9208527336454408,1.0,Q,8228971164508
1651867085999,92236000000,,,-1335902211763632569,0.0,5.030131101730954,326.0,1.0,7,24,0.0,81921,503903927251780,7,41.90088653564453,499.7442775851207,0.15,25,47782.113677784095,0.0015493311220780015,1.17645005E9,,,,0,,1,,37.90088653564453,3.143213708743226,1.9719432958295924,3.143213708743226,1.0,Q,8228971164508
1651867085999,92236000000,,,-1335902211763632569,0.0,5.030131101730954,326.0,1.0,7,25,0.0,81921,503903922040066,6,36.44136047363281,-504.64731161557916,0.15,25,-47434.038387291854,0.0027386988513171673,1.17645005E9,,,,0,,1,,32.44136047363281,1.0186341127782053,1.9719432958295924,1.0186341127782053,1.0,Q,8228971164508
1651867085999,92236000000,,,-1335902211763632569,0.0,5.030131101730954,326.0,1.0,7,18,0.0,32995,82685935413274,34,39.84225845336914,171.89759606931602,0.15,17,15901.718622987828,0.09512715644557514,1.60031245E9,,,,0,,3,,35.74225997924805,48.42877388000488,2.0000000474974513,48.42877388000488,2.0000000474974513,C,8228971164508
1651867085999,92236000000,,,-1335902211763632569,0.0,5.030131101730954,326.0,1.0,7,9,0.0,32995,82685922195043,33,43.763771057128906,-666.171468970243,0.15,25,-60267.282696425566,9.294285555370152E-4,1.60087501E9,,,,0,,3,,39.66377258300781,48.42877388000488,2.0000000474974513,48.42877388000488,2.0000000474974513,C,8228971164508
1651867085999,92236000000,,,-1335902211763632569,0.0,5.030131101730954,326.0,1.0,7,15,0.0,32995,82685932336569,54,34.201873779296875,581.799052714678,0.5972228916113327,17,51921.381227600454,0.09620105416655927,1.602E9,,,,0,,3,,30.10187339782715,48.42877388000488,2.0000000474974513,48.42877388000488,2.0000000474974513,C,8228971164508
1651867085999,92236000000,,,-1335902211763632569,0.0,5.030131101730954,326.0,1.0,7,19,0.0,32995,82685929259956,35,39.46854019165039,-409.29352786836466,0.15,25,-37764.6669242282,0.0015213011065497994,1.60368755E9,,,,0,,3,,35.3685417175293,48.42877388000488,2.0000000474974513,48.42877388000488,2.0000000474974513,C,8228971164508
1651867085999,92236000000,,,-1335902211763632569,0.0,5.030131101730954,326.0,1.0,7,17,0.0,32995,82685929035404,33,46.887508392333984,715.4733782884014,0.15,25,66831.69462761695,6.823281873948872E-4,1.60424998E9,,,,0,,3,,42.78750991821289,48.42877388000488,2.0000000474974513,48.42877388000488,2.0000000474974513,C,8228971164508
1651867085999,92236000000,,,-1335902211763632569,0.0,5.030131101730954,326.0,1.0,7,2,0.0,85026,503903914945309,23,35.970130920410156,486.11637326201844,0.51601691236948,25,44600.33603214261,0.0023166430182754993,1.57542003E9,,,,1,,6,,31.870132446289062,-4.423782229423522,1.5000000237487257,-4.423782229423522,1.5000000237487257,C,8228971164508
1651867085999,92236000000,,,-1335902211763632569,0.0,5.030131101730954,326.0,1.0,7,15,0.0,85026,503903918261563,13,42.943328857421875,-311.1157058561266,0.15,25,-28213.099235457677,0.0010380042949691415,1.57542003E9,,,,0,,6,,38.84333038330078,-4.423782229423522,1.5000000237487257,-4.423782229423522,1.5000000237487257,C,8228971164508
1651867085999,92236000000,,,-1335902211763632569,0.0,5.030131101730954,326.0,1.0,7,27,0.0,85026,503903913433426,15,41.22050094604492,-341.40441006092647,0.15,25,-30525.817072424725,0.0012657286133617163,1.57542003E9,,,,0,,6,,37.12050247192383,-4.423782229423522,1.5000000237487257,-4.423782229423522,1.5000000237487257,C,8228971164508
1651867085999,92236000000,,,-1335902211763632569,0.0,5.030131101730954,326.0,1.0,7,30,0.0,85026,503903921558225,24,35.5833854675293,70.61951878347239,0.5338784161592101,25,6924.835730206919,0.002422123681753874,1.57542003E9,,,,1,,6,,31.483386993408203,-4.423782229423522,1.5000000237487257,-4.423782229423522,1.5000000237487257,C,8228971164508
1651867085999,92236000000,,,-1335902211763632569,0.0,5.030131101730954,326.0,1.0,7,2,0.0,84003,503903914945826,6,33.821563720703125,486.0886642248654,0.6102974411584063,25,45214.70722276526,0.003702833317220211,1.17645005E9,,,,0,,6,,29.821561813354492,-2.7614412829279895,2.471943319578318,-2.7614412829279895,1.5000000237487257,Q,8228971164508
1651867085999,92236000000,,,-1335902211763632569,0.0,5.030131101730954,326.0,1.0,7,15,0.0,84003,503903918262092,7,38.17130661010742,-311.1223519351486,0.15,25,-27986.38845457587,0.002380253514274955,1.17645005E9,,,,0,,6,,34.17130661010742,-9.780214168131348,2.471943319578318,-9.780214168131348,1.5000000237487257,Q,8228971164508
1651867085999,92236000000,,,-1335902211763632569,0.0,5.030131101730954,326.0,1.0,7,27,0.0,84003,503903913433954,7,33.95402526855469,-341.4727794687112,0.6040688722288627,25,-30892.145824816886,0.003646793542429805,1.17645005E9,,,,0,,6,,29.954023361206055,-6.6402368247508985,2.471943319578318,-6.6402368247508985,1.5000000237487257,Q,8228971164508
1651867085999,92236000000,,,-1335902211763632569,0.0,5.030131101730954,326.0,1.0,7,30,0.0,84003,503903921558756,6,35.670127868652344,70.5897733195421,0.5283589553705048,25,7079.412963401821,0.002992994850501418,1.17645005E9,,,,0,,6,,31.670127868652344,-6.27082772552967,2.471943319578318,-6.27082772552967,1.5000000237487257,Q,8228971164508
1651867086999,93236000000,,,-1335902211763632244,0.0,4.981335977140611,325.0,1.0,7,2,0.0,16431,503904930286510,27,34.021942138671875,-36.29301909103748,0.604945297272963,25,-3188.0036280989325,0.0027333309408277273,1.57542003E9,,,,0,,1,,29.92194366455078,0.0,1.0,0.0,1.0,C,8229966843830
1651867086999,93236000000,,,-1335902211763632244,0.0,4.981335977140611,325.0,1.0,7,6,0.0,16431,503904929010660,18,39.10366439819336,443.43920734802487,0.15,25,41352.95245838348,0.0016150367446243763,1.57542003E9,,,,0,,1,,35.003665924072266,0.320142130558394,1.0,0.320142130558394,1.0,C,8229966843830
1651867086999,93236000000,,,-1335902211763632244,0.0,4.981335977140611,325.0,1.0,7,12,0.0,16431,503904930847547,12,43.93684768676758,-185.2893089687152,0.15,25,-16896.452129891844,9.258127538487315E-4,1.57542003E9,,,,0,,1,,39.836849212646484,-0.6984919076624261,1.0,-0.6984919076624261,1.0,C,8229966843830
1651867086999,93236000000,,,-1335902211763632244,0.0,4.981335977140611,325.0,1.0,7,17,0.0,16431,503904917345178,30,32.837276458740234,586.6981331801799,0.6594880781790167,25,55269.177850285065,0.003132748883217573,1.57542003E9,,,,0,,1,,28.73727798461914,-0.7858034271858065,1.0,-0.7858034271858065,1.0,C,8229966843830
1651867086999,93236000000,,,-1335902211763632244,0.0,4.981335977140611,325.0,1.0,7,19,0.0,16431,503904924000275,14,41.95924377441406,609.3592176976313,0.15,25,57281.833522730536,0.001162528176791966,1.57542003E9,,,,0,,1,,37.85924530029297,0.0,1.0,0.0,1.0,C,8229966843830
1651867086999,93236000000,,,-1335902211763632244,0.0,4.981335977140611,325.0,1.0,7,20,0.0,16431,503904920165244,23,36.11846923828125,-479.1078954798634,0.15,25,-43956.267879720785,0.002147167455404997,1.57542003E9,,,,0,,1,,32.018470764160156,0.0,1.0,0.0,1.0,C,8229966843830
1651867086999,93236000000,,,-1335902211763632244,0.0,4.981335977140611,325.0,1.0,7,24,0.0,16431,503904927249577,11,47.39482498168945,499.6516755507482,0.15,25,46760.55482908137,6.553950370289385E-4,1.57542003E9,,,,0,,1,,43.29482650756836,-0.20372681261465636,1.0,-0.20372681261465636,1.0,C,8229966843830
1651867086999,93236000000,,,-1335902211763632244,0.0,4.981335977140611,325.0,1.0,7,25,0.0,16431,503904922041223,20,37.83549499511719,-504.78265305043124,0.15,25,-46397.870034070955,0.0018689206335693598,1.57542003E9,,,,0,,1,,33.735496520996094,-2.0372682255564105,1.0,-2.0372682255564105,1.0,C,8229966843830
1651867086999,93236000000,,,-1335902211763632244,0.0,4.981335977140611,325.0,1.0,7,6,0.0,81921,503904929011196,7,38.81032180786133,443.3703948683053,0.15,25,42820.203264138654,0.002211426617577672,1.17645005E9,,,,0,,1,,34.81032180786133,1.9208527336454408,1.9637628595182712,1.9208527336454408,1.0,Q,8229966843830
1651867086999,93236000000,,,-1335902211763632244,0.0,4.981335977140611,325.0,1.0,7,24,0.0,81921,503904927250113,6,42.20195388793945,499.6268294399431,0.15,25,48281.790019677916,0.0014965487644076347,1.17645005E9,,,,0,,1,,38.20195388793945,3.143213708743226,1.9637628595182712,3.143213708743226,1.0,Q,8229966843830
1651867086999,93236000000,,,-1335902211763632244,0.0,4.981335977140611,325.0,1.0,7,25,0.0,81921,503904922041752,8,37.053287506103516,-504.7819714013008,0.15,25,-47938.70876231279,0.002707223640754819,1.17645005E9,,,,0,,1,,33.053287506103516,1.0186341127782053,1.9637628595182712,1.0186341127782053,1.0,Q,8229966843830
1651867086999,93236000000,,,-1335902211763632244,0.0,4.981335977140611,325.0,1.0,7,18,0.0,32995,82686935412711,33,40.157989501953125,171.79766630679114,0.15,17,16073.490589997817,0.09507502729427554,1.60031245E9,,,,0,,3,,36.05799102783203,48.42877388000488,2.0000000474974513,48.42877388000488,2.0000000474974513,C,8229966843830
1651867086999,93236000000,,,-1335902211763632244,0.0,4.981335977140611,325.0,1.0,7,9,0.0,32995,82686922197260,33,44.37843322753906,-666.3812124076844,0.15,25,-60933.58466783505,8.659302839078009E-4,1.60087501E9,,,,0,,3,,40.27843475341797,48.42877388000488,2.0000000474974513,48.42877388000488,2.0000000474974513,C,8229966843830
1651867086999,93236000000,,,-1335902211763632244,0.0,4.981335977140611,325.0,1.0,7,15,0.0,32995,82686932334626,50,35.291481018066406,581.7312967911107,0.5482240016923121,17,52503.10376082959,0.09589064807773023,1.602E9,,,,0,,3,,31.191482543945312,48.42877388000488,2.0000000474974513,48.42877388000488,2.0000000474974513,C,8229966843830
1651867086999,93236000000,,,-1335902211763632244,0.0,4.981335977140611,325.0,1.0,7,19,0.0,32995,82686929261297,33,40.24619674682617,-409.4223595540209,0.15,25,-38174.03640874084,0.0013910169946029782,1.60368755E9,,,,0,,3,,36.14619827270508,48.42877388000488,2.0000000474974513,48.42877388000488,2.0000000474974513,C,8229966843830
1651867086999,93236000000,,,-1335902211763632244,0.0,4.981335977140611,325.0,1.0,7,17,0.0,32995,82686929033038,33,47.399192810058594,715.3167353182225,0.15,25,67547.06575723631,6.432933732867241E-4,1.60424998E9,,,,0,,3,,43.2991943359375,48.42877388000488,2.0000000474974513,48.42877388000488,2.0000000474974513,C,8229966843830
1651867086999,93236000000,,,-1335902211763632244,0.0,4.981335977140611,325.0,1.0,7,2,0.0,85026,503904914943680,22,36.59162902832031,485.98907528690575,0.15,25,45086.37077312345,0.002156672300770879,1.57542003E9,,,,1,,6,,32.49163055419922,-4.423782229423522,1.5000000237487257,-4.423782229423522,1.5000000237487257,C,8229966843830
1651867086999,93236000000,,,-1335902211763632244,0.0,4.981335977140611,325.0,1.0,7,15,0.0,85026,503904918262602,16,43.309696197509766,-311.2785177509361,0.15,25,-28524.301282352462,0.0010489615378901362,1.57542003E9,,,,0,,6,,39.20969772338867,-4.423782229423522,1.5000000237487257,-4.423782229423522,1.5000000237487257,C,8229966843830
1651867086999,93236000000,,,-1335902211763632244,0.0,4.981335977140611,325.0,1.0,7,27,0.0,85026,503904913434567,15,41.45092010498047,-341.6085639754981,0.15,25,-30867.369132785723,0.0012325928546488285,1.57542003E9,,,,0,,6,,37.350921630859375,-4.423782229423522,1.5000000237487257,-4.423782229423522,1.5000000237487257,C,8229966843830
1651867086999,93236000000,,,-1335902211763632244,0.0,4.981335977140611,325.0,1.0,7,30,0.0,85026,503904921557981,24,35.66706848144531,70.40249874156339,0.5301152336745469,25,6995.3351248322715,0.0023988999892026186,1.57542003E9,,,,1,,6,,31.56707000732422,-4.423782229423522,1.5000000237487257,-4.423782229423522,1.5000000237487257,C,8229966843830
1651867086999,93236000000,,,-1335902211763632244,0.0,4.981335977140611,325.0,1.0,7,2,0.0,84003,503904914944208,7,34.716346740722656,486.00059515721045,0.5700596397337381,25,45700.74164673602,0.003340372582897544,1.17645005E9,,,,0,,6,,30.71634864807129,-2.7614412829279895,2.463762883266997,-2.7614412829279895,1.5000000237487257,Q,8229966843830
1651867086999,93236000000,,,-1335902211763632244,0.0,4.981335977140611,325.0,1.0,7,15,0.0,84003,503904918263127,7,38.79010009765625,-311.1695902198892,0.15,25,-28297.580309816472,0.002216580556705594,1.17645005E9,,,,0,,6,,34.79010009765625,-9.780214168131348,2.463762883266997,-9.780214168131348,1.5000000237487257,Q,8229966843830
1651867086999,93236000000,,,-1335902211763632244,0.0,4.981335977140611,325.0,1.0,7,27,0.0,84003,503904913435094,7,34.95889663696289,-341.6538254777604,0.5588810599653415,25,-31233.692307960475,0.003248385153710842,1.17645005E9,,,,0,,6,,30.95889663696289,-6.6402368247508985,2.463762883266997,-6.6402368247508985,1.5000000237487257,Q,8229966843830
1651867086999,93236000000,,,-1335902211763632244,0.0,4.981335977140611,325.0,1.0,7,30,0.0,84003,503904921558519,9,35.999534606933594,70.40125047159324,0.5135459009879273,25,7149.904894268486,0.0028816121630370617,1.17645005E9,,,,0,,6,,31.999534606933594,-6.27082772552967,2.463762883266997,-6.27082772552967,1.5000000237487257,Q,8229966843830
1651867087999,94236000000,,,-1335902211763631919,0.0,5.217818085823921,325.0,1.0,7,2,0.0,16431,503905930286640,25,35.03582000732422,-36.25716008646842,0.5593524895690418,25,-3224.2367874191114,0.0024321957025676966,1.57542003E9,,,,0,,1,,30.935819625854492,0.0,1.0,0.0,1.0,C,8230970714151
1651867087999,94236000000,,,-1335902211763631919,0.0,5.217818085823921,325.0,1.0,7,6,0.0,16431,503905929009183,17,39.90876770019531,443.45904333772114,0.15,25,41796.44382894146,0.001472066156566143,1.57542003E9,,,,0,,1,,35.80876922607422,0.320142130558394,1.0,0.320142130558394,1.0,C,8230970714151
1651867087999,94236000000,,,-1335902211763631919,0.0,5.217818085823921,325.0,1.0,7,12,0.0,16431,503905930848165,11,45.15766143798828,-185.34985645272798,0.15,25,-17081.759400564417,8.044194546528161E-4,1.57542003E9,,,,0,,1,,41.05766296386719,-0.6984919076624261,1.0,-0.6984919076624261,1.0,C,8230970714151
1651867087999,94236000000,,,-1335902211763631919,0.0,5.217818085823921,325.0,1.0,7,17,0.0,16431,503905917343223,36,30.7104549407959,586.5844341052198,0.7551285102966627,25,55855.918088733124,0.004001904278993607,1.57542003E9,,,,0,,1,,26.610454559326172,-0.7858034271858065,1.0,-0.7858034271858065,1.0,C,8230970714151
1651867087999,94236000000,,,-1335902211763631919,0.0,5.217818085823921,325.0,1.0,7,19,0.0,16431,503905923998256,17,39.58536911010742,609.2709441352372,0.15,25,57891.194186644214,0.0015279079088941216,1.57542003E9,,,,0,,1,,35.48537063598633,0.0,1.0,0.0,1.0,C,8230970714151
1651867087999,94236000000,,,-1335902211763631919,0.0,5.217818085823921,325.0,1.0,7,20,0.0,16431,503905920166845,28,33.906959533691406,-479.2307286531716,0.611893192423572,25,-44435.41013542196,0.0027697556652128696,1.57542003E9,,,,0,,1,,29.80695915222168,0.0,1.0,0.0,1.0,C,8230970714151
1651867087999,94236000000,,,-1335902211763631919,0.0,5.217818085823921,325.0,1.0,7,24,0.0,16431,503905927247915,10,48.38531494140625,499.6092088099208,0.15,25,47260.2109576649,5.847613210789859E-4,1.57542003E9,,,,0,,1,,44.285316467285156,-0.20372681261465636,1.0,-0.20372681261465636,1.0,C,8230970714151
1651867087999,94236000000,,,-1335902211763631919,0.0,5.217818085823921,325.0,1.0,7,25,0.0,16431,503905922042918,18,39.349891662597656,-504.85034080908554,0.15,25,-46902.64167737588,0.0015698963543400168,1.57542003E9,,,,0,,1,,35.24989318847656,-2.0372682255564105,1.0,-2.0372682255564105,1.0,C,8230970714151
1651867087999,94236000000,,,-1335902211763631919,0.0,5.217818085823921,325.0,1.0,7,6,0.0,81921,503905929009718,7,38.691741943359375,443.47608456598255,0.15,25,43263.690234349495,0.0022418240550905466,1.17645005E9,,,,0,,1,,34.691741943359375,1.9208527336454408,1.9561256980209172,1.9208527336454408,1.0,Q,8230970714151
1651867087999,94236000000,,,-1335902211763631919,0.0,5.217818085823921,325.0,1.0,7,24,0.0,81921,503905927248446,6,41.78873825073242,499.67699881594467,0.15,25,48781.45392279268,0.0015694649191573262,1.17645005E9,,,,0,,1,,37.78873825073242,3.143213708743226,1.9561256980209172,3.143213708743226,1.0,Q,8230970714151
1651867087999,94236000000,,,-1335902211763631919,0.0,5.217818085823921,325.0,1.0,7,25,0.0,81921,503905922043439,7,37.36422348022461,-504.80197780327967,0.15,25,-48443.4795173236,0.002612025011330843,1.17645005E9,,,,0,,1,,33.36422348022461,1.0186341127782053,1.9561256980209172,1.0186341127782053,1.0,Q,8230970714151
1651867087999,94236000000,,,-1335902211763631919,0.0,5.217818085823921,325.0,1.0,7,18,0.0,32995,82687935412136,36,39.38697814941406,171.8416156344773,0.15,17,16245.277156034075,0.09520574144442119,1.60031245E9,,,,0,,3,,35.28697967529297,48.42877388000488,2.0000000474974513,48.42877388000488,2.0000000474974513,C,8230970714151
1651867087999,94236000000,,,-1335902211763631919,0.0,5.217818085823921,325.0,1.0,7,9,0.0,32995,82687922199481,33,44.55747985839844,-666.4495136505561,0.15,25,-61599.97143887278,8.482629782520235E-4,1.60087501E9,,,,0,,3,,40.457481384277344,48.42877388000488,2.0000000474974513,48.42877388000488,2.0000000474974513,C,8230970714151
1651867087999,94236000000,,,-1335902211763631919,0.0,5.217818085823921,325.0,1.0,7,15,0.0,32995,82687932332723,47,35.95977783203125,581.7074390715447,0.5181712631149409,17,53084.829624780956,0.09571865817673891,1.602E9,,,,0,,3,,31.859777450561523,48.42877388000488,2.0000000474974513,48.42877388000488,2.0000000474974513,C,8230970714151
1651867087999,94236000000,,,-1335902211763631919,0.0,5.217818085823921,325.0,1.0,7,19,0.0,32995,82687929262673,34,40.000221252441406,-409.4029666362594,0.15,25,-38583.414799202845,0.0014309720136225224,1.60368755E9,,,,0,,3,,35.90022277832031,48.42877388000488,2.0000000474974513,48.42877388000488,2.0000000474974513,C,8230970714151
1651867087999,94236000000,,,-1335902211763631919,0.0,5.217818085823921,325.0,1.0,7,17,0.0,32995,82687929030641,33,47.926856994628906,715.2175553697411,0.15,25,68262.36896909607,6.053770193830132E-4,1.60424998E9,,,,0,,3,,43.82685852050781,48.42877388000488,2.0000000474974513,48.42877388000488,2.0000000474974513,C,8230970714151
1651867087999,94236000000,,,-1335902211763631919,0.0,5.217818085823921,325.0,1.0,7,2,0.0,85026,503905914942061,26,34.47748565673828,485.9296695651865,0.5831389155589624,25,45572.340520288635,0.0027510046493262053,1.57542003E9,,,,1,,6,,30.377487182617188,-4.423782229423522,1.5000000237487257,-4.423782229423522,1.5000000237487257,C,8230970714151
1651867087999,94236000000,,,-1335902211763631919,0.0,5.217818085823921,325.0,1.0,7,15,0.0,85026,503905918263643,16,42.79987716674805,-311.29521815463227,0.15,25,-28835.553517379874,0.0011123730801045895,1.57542003E9,,,,0,,6,,38.69987869262695,-4.423782229423522,1.5000000237487257,-4.423782229423522,1.5000000237487257,C,8230970714151
1651867087999,94236000000,,,-1335902211763631919,0.0,5.217818085823921,325.0,1.0,7,27,0.0,85026,503905913435704,16,40.77332305908203,-341.74762039811117,0.15,25,-31209.02400898373,0.0013325990876182914,1.57542003E9,,,,0,,6,,36.67332458496094,-4.423782229423522,1.5000000237487257,-4.423782229423522,1.5000000237487257,C,8230970714151
1651867087999,94236000000,,,-1335902211763631919,0.0,5.217818085823921,325.0,1.0,7,30,0.0,85026,503905921557756,22,36.74485397338867,70.44484193348592,0.15,25,7065.787676442271,0.0021189607214182615,1.57542003E9,,,,0,,6,,32.64485549926758,-4.423782229423522,1.5000000237487257,-4.423782229423522,1.5000000237487257,C,8230970714151
1651867087999,94236000000,,,-1335902211763631919,0.0,5.217818085823921,325.0,1.0,7,2,0.0,84003,503905914942585,12,32.30753707885742,485.88301068220676,0.6783808092641044,25,46186.698494262884,0.00440793763846159,1.17645005E9,,,,0,,6,,28.307537078857422,-2.7614412829279895,2.456125721769643,-2.7614412829279895,1.5000000237487257,Q,8230970714151
1651867087999,94236000000,,,-1335902211763631919,0.0,5.217818085823921,325.0,1.0,7,15,0.0,84003,503905918264166,6,38.54673767089844,-311.31491781450245,0.15,25,-28608.842574929255,0.0022795635741204023,1.17645005E9,,,,0,,6,,34.54673767089844,-9.780214168131348,2.456125721769643,-9.780214168131348,1.5000000237487257,Q,8230970714151
1651867087999,94236000000,,,-1335902211763631919,0.0,5.217818085823921,325.0,1.0,7,27,0.0,84003,503905913436233,8,35.318241119384766,-341.7428829366545,0.5427219482520067,25,-31575.344469348303,0.003116738051176071,1.17645005E9,,,,0,,6,,31.318241119384766,-6.6402368247508985,2.456125721769643,-6.6402368247508985,1.5000000237487257,Q,8230970714151
1651867087999,94236000000,,,-1335902211763631919,0.0,5.217818085823921,325.0,1.0,7,30,0.0,84003,503905921558285,7,36.24820327758789,70.47119619299218,0.15,25,7220.352194658673,0.002800284419208765,1.17645005E9,,,,0,,6,,32.24820327758789,-6.27082772552967,2.456125721769643,-6.27082772552967,1.5000000237487257,Q,8230970714151
1651867088999,95236000000,,,-1335902211763631595,0.0,5.3736923283127584,324.0,1.0,7,2,0.0,16431,503906930286764,24,35.44431686401367,-36.378169848352655,0.5409828110271728,25,-3260.4980797754056,0.002320457948371768,1.57542003E9,,,,0,,1,,31.344316482543945,0.0,1.0,0.0,1.0,C,8231971189778
1651867088999,95236000000,,,-1335902211763631595,0.0,5.3736923283127584,324.0,1.0,7,6,0.0,16431,503906929007696,17,39.877342224121094,443.354205701457,0.15,25,42239.88344781921,0.0014774013543501496,1.57542003E9,,,,0,,1,,35.77734375,0.320142130558394,1.0,0.320142130558394,1.0,C,8231971189778
1651867088999,95236000000,,,-1335902211763631595,0.0,5.3736923283127584,324.0,1.0,7,12,0.0,16431,503906930848784,10,45.63930130004883,-185.50689137115683,0.15,25,-17267.134859544796,7.610280881635845E-4,1.57542003E9,,,,0,,1,,41.539302825927734,-0.6984919076624261,1.0,-0.6984919076624261,1.0,C,8231971189778
1651867088999,95236000000,,,-1335902211763631595,0.0,5.3736923283127584,324.0,1.0,7,17,0.0,16431,503906917341253,43,28.469282150268555,586.4528076581287,0.8559111996094857,25,56442.53031358423,0.00517994724214077,1.57542003E9,,,,0,,1,,24.369281768798828,-0.7858034271858065,1.0,-0.7858034271858065,1.0,C,8231971189778
1651867088999,95236000000,,,-1335902211763631595,0.0,5.3736923283127584,324.0,1.0,7,19,0.0,16431,503906923996214,20,37.7233772277832,609.0800823787094,0.15,25,58500.43767084327,0.0018932013772428036,1.57542003E9,,,,0,,1,,33.62337875366211,0.0,1.0,0.0,1.0,C,8231971189778
1651867088999,95236000000,,,-1335902211763631595,0.0,5.3736923283127584,324.0,1.0,7,20,0.0,16431,503906920168447,33,31.529592514038086,-479.46375040841804,0.718801005085008,25,-44914.683802843596,0.003641747171059251,1.57542003E9,,,,0,,1,,27.42959213256836,0.0,1.0,0.0,1.0,C,8231971189778
1651867088999,95236000000,,,-1335902211763631595,0.0,5.3736923283127584,324.0,1.0,7,24,0.0,16431,503906927246253,10,48.800559997558594,499.47795726985146,0.15,25,47759.82253343144,5.574634415097535E-4,1.57542003E9,,,,0,,1,,44.7005615234375,-0.20372681261465636,1.0,-0.20372681261465636,1.0,C,8231971189778
1651867088999,95236000000,,,-1335902211763631595,0.0,5.3736923283127584,324.0,1.0,7,25,0.0,16431,503906922044598,17,39.676368713378906,-505.05923218511384,0.15,25,-47407.54154186073,0.0015119841555133462,1.57542003E9,,,,0,,1,,35.57637023925781,-2.0372682255564105,1.0,-2.0372682255564105,1.0,C,8231971189778
1651867088999,95236000000,,,-1335902211763631595,0.0,5.3736923283127584,324.0,1.0,7,6,0.0,81921,503906929008237,7,38.470069885253906,443.32380415023863,0.15,25,43707.138302854626,0.0022997737396508455,1.17645005E9,,,,0,,1,,34.470069885253906,1.9208527336454408,1.948976141823199,1.9208527336454408,1.0,Q,8231971189778
1651867088999,95236000000,,,-1335902211763631595,0.0,5.3736923283127584,324.0,1.0,7,24,0.0,81921,503906927246780,7,41.89148712158203,499.49005654191706,0.15,25,49281.058929785475,0.001551008434034884,1.17645005E9,,,,0,,1,,37.89148712158203,3.143213708743226,1.948976141823199,3.143213708743226,1.0,Q,8231971189778
1651867088999,95236000000,,,-1335902211763631595,0.0,5.3736923283127584,324.0,1.0,7,25,0.0,81921,503906922045119,10,37.64251708984375,-505.0167313618299,0.15,25,-48948.377084671745,0.0025296637322753668,1.17645005E9,,,,0,,1,,33.64251708984375,1.0186341127782053,1.948976141823199,1.0186341127782053,1.0,Q,8231971189778
1651867088999,95236000000,,,-1335902211763631595,0.0,5.3736923283127584,324.0,1.0,7,18,0.0,32995,82688935411563,37,38.90110397338867,171.6683574667436,0.15,17,16417.032420963045,0.09529427750856169,1.60031245E9,,,,0,,3,,34.80110549926758,48.42877388000488,2.0000000474974513,48.42877388000488,2.0000000474974513,C,8231971189778
1651867088999,95236000000,,,-1335902211763631595,0.0,5.3736923283127584,324.0,1.0,7,9,0.0,32995,82688922201715,33,44.66813659667969,-666.6633469827802,0.15,25,-62266.48501967989,8.375250035896897E-4,1.60087501E9,,,,0,,3,,40.568138122558594,48.42877388000488,2.0000000474974513,48.42877388000488,2.0000000474974513,C,8231971189778
1651867088999,95236000000,,,-1335902211763631595,0.0,5.3736923283127584,324.0,1.0,7,15,0.0,32995,82688932330789,44,36.67514419555664,581.5953759544977,0.15,17,53666.53620962747,0.09554864314526706,1.602E9,,,,0,,3,,32.57514572143555,48.42877388000488,2.0000000474974513,48.42877388000488,2.0000000474974513,C,8231971189778
1651867088999,95236000000,,,-1335902211763631595,0.0,5.3736923283127584,324.0,1.0,7,19,0.0,32995,82688929264042,35,39.61024475097656,-409.5220166568936,0.15,25,-38992.84477054681,0.0014966833405196667,1.60368755E9,,,,0,,3,,35.51024627685547,48.42877388000488,2.0000000474974513,48.42877388000488,2.0000000474974513,C,8231971189778
1651867088999,95236000000,,,-1335902211763631595,0.0,5.3736923283127584,324.0,1.0,7,17,0.0,32995,82688929028248,33,47.987525939941406,715.0333737746919,0.15,25,68977.56994806636,6.011630757711828E-4,1.60424998E9,,,,0,,3,,43.88752746582031,48.42877388000488,2.0000000474974513,48.42877388000488,2.0000000474974513,C,8231971189778
1651867088999,95236000000,,,-1335902211763631595,0.0,5.3736923283127584,324.0,1.0,7,2,0.0,85026,503906914940432,29,33.463096618652344,485.71205308028834,0.6287546224133598,25,46058.2047677939,0.003091795602813363,1.57542003E9,,,,0,,6,,29.36309814453125,-4.423782229423522,1.5000000237487257,-4.423782229423522,1.5000000237487257,C,8231971189778
1651867088999,95236000000,,,-1335902211763631595,0.0,5.3736923283127584,324.0,1.0,7,15,0.0,85026,503906918264684,17,42.52046585083008,-311.47657090579014,0.15,25,-29146.885916164265,0.0011487381998449564,1.57542003E9,,,,0,,6,,38.420467376708984,-4.423782229423522,1.5000000237487257,-4.423782229423522,1.5000000237487257,C,8231971189778
1651867088999,95236000000,,,-1335902211763631595,0.0,5.3736923283127584,324.0,1.0,7,27,0.0,85026,503906913436853,16,40.78578567504883,-341.9283255825951,0.15,25,-31550.79583196958,0.0013306885957717896,1.57542003E9,,,,0,,6,,36.685787200927734,-4.423782229423522,1.5000000237487257,-4.423782229423522,1.5000000237487257,C,8231971189778
1651867088999,95236000000,,,-1335902211763631595,0.0,5.3736923283127584,324.0,1.0,7,30,0.0,85026,503906921557513,21,37.39787673950195,70.23748000769407,0.15,25,7136.151306534635,0.001965494593605399,1.57542003E9,,,,0,,6,,33.29787826538086,-4.423782229423522,1.5000000237487257,-4.423782229423522,1.5000000237487257,C,8231971189778
1651867088999,95236000000,,,-1335902211763631595,0.0,5.3736923283127584,324.0,1.0,7,2,0.0,84003,503906914940964,14,30.587818145751953,485.6571121603736,0.7557143690854464,25,46672.559674564225,0.005373056977987289,1.17645005E9,,,,0,,6,,26.587818145751953,-2.7614412829279895,2.4489761655719247,-2.7614412829279895,1.5000000237487257,Q,8231971189778
1651867088999,95236000000,,,-1335902211763631595,0.0,5.3736923283127584,324.0,1.0,7,15,0.0,84003,503906918265206,6,38.785621643066406,-311.55819838916227,0.15,25,-28920.18208842208,0.002217724220827222,1.17645005E9,,,,0,,6,,34.785621643066406,-9.780214168131348,2.4489761655719247,-9.780214168131348,1.5000000237487257,Q,8231971189778
1651867088999,95236000000,,,-1335902211763631595,0.0,5.3736923283127584,324.0,1.0,7,27,0.0,84003,503906913437372,8,35.54715347290039,-341.9398454528998,0.5324281810072453,25,-31917.11458247477,0.003035671077668667,1.17645005E9,,,,0,,6,,31.54715347290039,-6.6402368247508985,2.4489761655719247,-6.6402368247508985,1.5000000237487257,Q,8231971189778
1651867088999,95236000000,,,-1335902211763631595,0.0,5.3736923283127584,324.0,1.0,7,30,0.0,84003,503906921558051,7,36.334693908691406,70.19920966932602,0.15,25,7290.713862968183,0.0027725384570658207,1.17645005E9,,,,0,,6,,32.334693908691406,-6.27082772552967,2.4489761655719247,-6.27082772552967,1.5000000237487257,Q,8231971189778
1651867089999,96236000000,,,-1335902211763631271,0.0,5.421343842022979,324.0,1.0,7,2,0.0,16431,503907930286881,23,35.85932922363281,-36.21084202805392,0.522320169807263,25,-3296.7549947264315,0.002212192863225937,1.57542003E9,,,,0,,1,,31.759328842163086,0.0,1.0,0.0,1.0,C,8232967635091
1651867089999,96236000000,,,-1335902211763631271,0.0,5.421343842022979,324.0,1.0,7,6,0.0,16431,503907929006234,17,39.68442916870117,443.45246542361224,0.15,25,42683.31318613604,0.0015105817001312971,1.57542003E9,,,,0,,1,,35.58443069458008,0.320142130558394,1.0,0.320142130558394,1.0,C,8232967635091
1651867089999,96236000000,,,-1335902211763631271,0.0,5.421343842022979,324.0,1.0,7,12,0.0,16431,503907930849404,10,45.84453582763672,-185.41456199643653,0.15,25,-17452.551948988712,7.432567654177547E-4,1.57542003E9,,,,0,,1,,41.744537353515625,-0.6984919076624261,1.0,-0.6984919076624261,1.0,C,8232967635091
1651867089999,96236000000,,,-1335902211763631271,0.0,5.421343842022979,324.0,1.0,7,17,0.0,16431,503907917339321,45,27.78362464904785,586.451785184433,0.8867441069181994,25,57028.989931929784,0.005605421494692564,1.57542003E9,,,,0,,1,,23.683624267578125,-0.7858034271858065,1.0,-0.7858034271858065,1.0,C,8232967635091
1651867089999,96236000000,,,-1335902211763631271,0.0,5.421343842022979,324.0,1.0,7,19,0.0,16431,503907923994195,20,37.72818374633789,609.0812411822312,0.15,25,59109.57392647626,0.0018921539885923266,1.57542003E9,,,,0,,1,,33.6281852722168,0.0,1.0,0.0,1.0,C,8232967635091
1651867089999,96236000000,,,-1335902211763631271,0.0,5.421343842022979,324.0,1.0,7,20,0.0,16431,503907920170051,34,31.469579696655273,-479.32646627354416,0.7215000427455038,25,-45394.05026774126,0.0036669960245490074,1.57542003E9,,,,0,,1,,27.369579315185547,0.0,1.0,0.0,1.0,C,8232967635091
1651867089999,96236000000,,,-1335902211763631271,0.0,5.421343842022979,324.0,1.0,7,24,0.0,16431,503907927244588,10,48.66029357910156,499.6059028116381,0.15,25,48259.41219963007,5.665388889610767E-4,1.57542003E9,,,,0,,1,,44.56029510498047,-0.20372681261465636,1.0,-0.20372681261465636,1.0,C,8232967635091
1651867089999,96236000000,,,-1335902211763631271,0.0,5.421343842022979,324.0,1.0,7,25,0.0,16431,503907922046275,17,39.75639724731445,-505.03534038309135,0.15,25,-47912.53404546661,0.0014981169952079654,1.57542003E9,,,,0,,1,,35.65639877319336,-2.0372682255564105,1.0,-2.0372682255564105,1.0,C,8232967635091
1651867089999,96236000000,,,-1335902211763631271,0.0,5.421343842022979,324.0,1.0,7,6,0.0,81921,503907929006757,7,38.50636291503906,443.4075447459152,0.15,25,44150.55759729273,0.00229018391110003,1.17645005E9,,,,0,,1,,34.50636291503906,1.9208527336454408,1.9417451689607712,1.9208527336454408,1.0,Q,8232967635091
1651867089999,96236000000,,,-1335902211763631271,0.0,5.421343842022979,324.0,1.0,7,24,0.0,81921,503907927245114,6,41.68029022216797,499.634123085639,0.15,25,49780.6541993969,0.001589183695614338,1.17645005E9,,,,0,,1,,37.68029022216797,3.143213708743226,1.9417451689607712,3.143213708743226,1.0,Q,8232967635091
1651867089999,96236000000,,,-1335902211763631271,0.0,5.421343842022979,324.0,1.0,7,25,0.0,81921,503907922046803,7,37.63893508911133,-504.97453728065466,0.15,25,-49453.36884015757,0.0025307065807282925,1.17645005E9,,,,0,,1,,33.63893508911133,1.0186341127782053,1.9417451689607712,1.0186341127782053,1.0,Q,8232967635091
1651867089999,96236000000,,,-1335902211763631271,0.0,5.421343842022979,324.0,1.0,7,18,0.0,32995,82689935411011,37,38.77415084838867,171.7871348277256,0.15,17,16588.799870710318,0.09531823880859204,1.60031245E9,,,,0,,3,,34.67415237426758,48.42877388000488,2.0000000474974513,48.42877388000488,2.0000000474974513,C,8232967635091
1651867089999,96236000000,,,-1335902211763631271,0.0,5.421343842022979,324.0,1.0,7,9,0.0,32995,82689922203932,33,44.852577209472656,-666.6422840246491,0.15,25,-62933.08232913501,8.199280709959567E-4,1.60087501E9,,,,0,,3,,40.75257873535156,48.42877388000488,2.0000000474974513,48.42877388000488,2.0000000474974513,C,8232967635091
1651867089999,96236000000,,,-1335902211763631271,0.0,5.421343842022979,324.0,1.0,7,15,0.0,32995,82689932328836,44,36.83148956298828,581.7640159493726,0.15,17,54248.25369613509,0.09551331353981435,1.602E9,,,,0,,3,,32.73149108886719,48.42877388000488,2.0000000474974513,48.42877388000488,2.0000000474974513,C,8232967635091
1651867089999,96236000000,,,-1335902211763631271,0.0,5.421343842022979,324.0,1.0,7,19,0.0,32995,82689929265426,34,39.895240783691406,-409.4212007504991,0.15,25,-39402.288276090796,0.001448372146114707,1.60368755E9,,,,0,,3,,35.79524230957031,48.42877388000488,2.0000000474974513,48.42877388000488,2.0000000474974513,C,8232967635091
1651867089999,96236000000,,,-1335902211763631271,0.0,5.421343842022979,324.0,1.0,7,17,0.0,32995,82689929025871,33,47.97691345214844,715.1018113473897,0.15,25,69692.69582496288,6.01898180320859E-4,1.60424998E9,,,,0,,3,,43.876914978027344,48.42877388000488,2.0000000474974513,48.42877388000488,2.0000000474974513,C,8232967635091
1651867089999,96236000000,,,-1335902211763631271,0.0,5.421343842022979,324.0,1.0,7,2,0.0,85026,503907914938822,28,33.73077392578125,485.78989741098644,0.6167171248002097,25,46544.012394188816,0.0029979676473885775,1.57542003E9,,,,0,,6,,29.630775451660156,-4.423782229423522,1.5000000237487257,-4.423782229423522,1.5000000237487257,C,8232967635091
1651867089999,96236000000,,,-1335902211763631271,0.0,5.421343842022979,324.0,1.0,7,15,0.0,85026,503907918265717,17,42.54877471923828,-311.4258562104842,0.15,25,-29458.272763564666,0.0011450002202764153,1.57542003E9,,,,0,,6,,38.44877624511719,-4.423782229423522,1.5000000237487257,-4.423782229423522,1.5000000237487257,C,8232967635091
1651867089999,96236000000,,,-1335902211763631271,0.0,5.421343842022979,324.0,1.0,7,27,0.0,85026,503907913437988,16,40.761573791503906,-341.89086896287654,0.15,25,-31892.664950186765,0.001334402826614678,1.57542003E9,,,,0,,6,,36.66157531738281,-4.423782229423522,1.5000000237487257,-4.423782229423522,1.5000000237487257,C,8232967635091
1651867089999,96236000000,,,-1335902211763631271,0.0,5.421343842022979,324.0,1.0,7,30,0.0,85026,503907921557291,21,37.05812454223633,70.38792423109282,0.15,25,7206.468406123254,0.002043898915871978,1.57542003E9,,,,0,,6,,32.958126068115234,-4.423782229423522,1.5000000237487257,-4.423782229423522,1.5000000237487257,C,8232967635091
1651867089999,96236000000,,,-1335902211763631271,0.0,5.421343842022979,324.0,1.0,7,2,0.0,84003,503907914939345,17,30.40455436706543,485.7786502003339,0.7639552674303896,25,47158.369340123936,0.005487626884132624,1.17645005E9,,,,0,,6,,26.40455436706543,-2.7614412829279895,2.441745192709497,-2.7614412829279895,1.5000000237487257,Q,8232967635091
1651867089999,96236000000,,,-1335902211763631271,0.0,5.421343842022979,324.0,1.0,7,15,0.0,84003,503907918266247,6,38.95889663696289,-311.3378553077423,0.15,25,-29231.551230360234,0.0021739208605140448,1.17645005E9,,,,0,,6,,34.95889663696289,-9.780214168131348,2.441745192709497,-9.780214168131348,1.5000000237487257,Q,8232967635091
1651867089999,96236000000,,,-1335902211763631271,0.0,5.421343842022979,324.0,1.0,7,27,0.0,84003,503907913438513,7,34.96717834472656,-341.91182967363807,0.558509148471996,25,-32258.98196688167,0.003245288971811533,1.17645005E9,,,,0,,6,,30.967178344726562,-6.6402368247508985,2.441745192709497,-6.6402368247508985,1.5000000237487257,Q,8232967635091
1651867089999,96236000000,,,-1335902211763631271,0.0,5.421343842022979,324.0,1.0,7,30,0.0,84003,503907921557816,7,36.512657165527344,70.33550541296074,0.15,25,7361.035111324816,0.002716310787945986,1.17645005E9,,,,0,,6,,32.512657165527344,-6.27082772552967,2.441745192709497,-6.27082772552967,1.5000000237487257,Q,8232967635091
1651867090999,97236000000,,,-1335902211763630948,0.0,5.334077504275069,324.0,1.0,7,2,0.0,16431,503908930287004,22,36.4924430847168,-36.26508425760997,0.15,25,-3333.019271432133,0.0020566824823617935,1.57542003E9,,,,0,,1,,32.3924446105957,0.0,1.0,0.0,1.0,C,8233965251791
1651867090999,97236000000,,,-1335902211763630948,0.0,5.334077504275069,324.0,1.0,7,6,0.0,16431,503908929004748,16,40.83820724487305,443.40260278971937,0.15,25,43126.742444959615,0.0013226813171058893,1.57542003E9,,,,0,,1,,36.73820877075195,0.320142130558394,1.0,0.320142130558394,1.0,C,8233965251791
1651867090999,97236000000,,,-1335902211763630948,0.0,5.334077504275069,324.0,1.0,7,12,0.0,16431,503908930850025,11,44.531009674072266,-185.491843966602,0.15,25,-17638.000447487844,8.645995985716581E-4,1.57542003E9,,,,0,,1,,40.43101119995117,-0.6984919076624261,1.0,-0.6984919076624261,1.0,C,8233965251791
1651867090999,97236000000,,,-1335902211763630948,0.0,5.334077504275069,324.0,1.0,7,17,0.0,16431,503908917337361,53,25.897851943969727,586.1527457109019,0.971544853381038,29,57615.32795876383,0.0069646104238927364,1.57542003E9,,,,0,,1,,21.7978515625,-0.7858034271858065,1.0,-0.7858034271858065,1.0,C,8233965251791
1651867090999,97236000000,,,-1335902211763630948,0.0,5.334077504275069,324.0,1.0,7,19,0.0,16431,503908923992152,19,38.16804122924805,608.9769488652714,0.15,25,59718.63338683623,0.0017987198662012815,1.57542003E9,,,,0,,1,,34.06804275512695,0.0,1.0,0.0,1.0,C,8233965251791
1651867090999,97236000000,,,-1335902211763630948,0.0,5.334077504275069,324.0,1.0,7,20,0.0,16431,503908920171647,35,30.912405014038086,-479.5912869607264,0.7465558405390054,25,-45873.52959265512,0.003909931983798742,1.57542003E9,,,,0,,1,,26.81240463256836,0.0,1.0,0.0,1.0,C,8233965251791
1651867090999,97236000000,,,-1335902211763630948,0.0,5.334077504275069,324.0,1.0,7,24,0.0,16431,503908927242922,10,48.19797897338867,499.54322517409264,0.15,25,48758.986062136595,5.975102540105581E-4,1.57542003E9,,,,0,,1,,44.09798049926758,-0.20372681261465636,1.0,-0.20372681261465636,1.0,C,8233965251791
1651867090999,97236000000,,,-1335902211763630948,0.0,5.334077504275069,324.0,1.0,7,25,0.0,16431,503908922047956,17,39.656211853027344,-505.17490804255226,0.15,25,-48417.61428989202,0.0015154967550188303,1.57542003E9,,,,0,,1,,35.55621337890625,-2.0372682255564105,1.0,-2.0372682255564105,1.0,C,8233965251791
1651867090999,97236000000,,,-1335902211763630948,0.0,5.334077504275069,324.0,1.0,7,6,0.0,81921,503908929005280,9,38.726234436035156,443.40481814939335,0.15,25,44593.99409288694,0.002232939237728715,1.17645005E9,,,,0,,1,,34.726234436035156,1.9208527336454408,1.9347571537644614,1.9208527336454408,1.0,Q,8233965251791
1651867090999,97236000000,,,-1335902211763630948,0.0,5.334077504275069,324.0,1.0,7,24,0.0,81921,503908927243447,7,41.58509826660156,499.57059338668046,0.15,25,50280.22548881043,0.00160669581964612,1.17645005E9,,,,0,,1,,37.58509826660156,3.143213708743226,1.9347571537644614,3.143213708743226,1.0,Q,8233965251791
1651867090999,97236000000,,,-1335902211763630948,0.0,5.334077504275069,324.0,1.0,7,25,0.0,81921,503908922048488,7,37.73310470581055,-505.14692634574703,0.15,25,-49958.45113594815,0.002503417432308197,1.17645005E9,,,,0,,1,,33.73310470581055,1.0186341127782053,1.9347571537644614,1.0186341127782053,1.0,Q,8233965251791
1651867090999,97236000000,,,-1335902211763630948,0.0,5.334077504275069,324.0,1.0,7,18,0.0,32995,82690935410387,35,39.57866287231445,171.72728603407154,0.15,17,16760.579267852307,0.09517215248086043,1.60031245E9,,,,0,,3,,35.47866439819336,48.42877388000488,2.0000000474974513,48.42877388000488,2.0000000474974513,C,8233965251791
1651867090999,97236000000,,,-1335902211763630948,0.0,5.334077504275069,324.0,1.0,7,9,0.0,32995,82690922206169,33,44.87375259399414,-666.7560512645223,0.15,25,-63599.7656766454,8.179315482266247E-4,1.60087501E9,,,,0,,3,,40.77375411987305,48.42877388000488,2.0000000474974513,48.42877388000488,2.0000000474974513,C,8233965251791
1651867090999,97236000000,,,-1335902211763630948,0.0,5.334077504275069,324.0,1.0,7,15,0.0,32995,82690932326892,42,37.341243743896484,581.7058031136316,0.15,17,54829.98949344117,0.09540244331259667,1.602E9,,,,0,,3,,33.24124526977539,48.42877388000488,2.0000000474974513,48.42877388000488,2.0000000474974513,C,8233965251791
1651867090999,97236000000,,,-1335902211763630948,0.0,5.334077504275069,324.0,1.0,7,19,0.0,32995,82690929266789,34,39.97786331176758,-409.4709270545659,0.15,25,-39811.738702968454,0.0014346602838486433,1.60368755E9,,,,0,,3,,35.877864837646484,48.42877388000488,2.0000000474974513,48.42877388000488,2.0000000474974513,C,8233965251791
1651867090999,97236000000,,,-1335902211763630948,0.0,5.334077504275069,324.0,1.0,7,17,0.0,32995,82690929023492,33,47.694847106933594,715.0013362655604,0.15,25,70407.75911428852,6.217652116902173E-4,1.60424998E9,,,,0,,3,,43.5948486328125,48.42877388000488,2.0000000474974513,48.42877388000488,2.0000000474974513,C,8233965251791
1651867090999,97236000000,,,-1335902211763630948,0.0,5.334077504275069,324.0,1.0,7,2,0.0,85026,503908914937203,23,36.18673324584961,485.5932416368498,0.15,25,47029.74249308964,0.0022595867048949003,1.57542003E9,,,,1,,6,,32.086734771728516,-4.423782229423522,1.5000000237487257,-4.423782229423522,1.5000000237487257,C,8233965251791
1651867090999,97236000000,,,-1335902211763630948,0.0,5.334077504275069,324.0,1.0,7,15,0.0,85026,503908918266765,16,42.76984405517578,-311.4769798952684,0.15,25,-29769.69475386715,0.0011162260780110955,1.57542003E9,,,,0,,6,,38.66984558105469,-4.423782229423522,1.5000000237487257,-4.423782229423522,1.5000000237487257,C,8233965251791
1651867090999,97236000000,,,-1335902211763630948,0.0,5.334077504275069,324.0,1.0,7,27,0.0,85026,503908913439130,15,41.04307556152344,-342.0278122731852,0.15,25,-32234.62158920011,0.0012918493011966348,1.57542003E9,,,,0,,6,,36.943077087402344,-4.423782229423522,1.5000000237487257,-4.423782229423522,1.5000000237487257,C,8233965251791
1651867090999,97236000000,,,-1335902211763630948,0.0,5.334077504275069,324.0,1.0,7,30,0.0,85026,503908921557046,23,36.199607849121094,70.26890829291517,0.15,25,7276.734129514631,0.0022562399972230196,1.57542003E9,,,,1,,6,,32.099609375,-4.423782229423522,1.5000000237487257,-4.423782229423522,1.5000000237487257,C,8233965251791
1651867090999,97236000000,,,-1335902211763630948,0.0,5.334077504275069,324.0,1.0,7,2,0.0,84003,503908914937724,11,31.98538589477539,485.6683593710261,0.6928667186611714,25,47644.10898798854,0.0045744930393993855,1.17645005E9,,,,0,,6,,27.98538589477539,-2.7614412829279895,2.434757177513187,-2.7614412829279895,1.5000000237487257,Q,8233965251791
1651867090999,97236000000,,,-1335902211763630948,0.0,5.334077504275069,324.0,1.0,7,15,0.0,84003,503908918267285,8,38.112648010253906,-311.5187649869654,0.15,25,-29542.98591371876,0.0023963823914527893,1.17645005E9,,,,0,,6,,34.112648010253906,-9.780214168131348,2.434757177513187,-9.780214168131348,1.5000000237487257,Q,8233965251791
1651867090999,97236000000,,,-1335902211763630948,0.0,5.334077504275069,324.0,1.0,7,27,0.0,84003,503908913439652,7,35.443946838378906,-342.0288688293374,0.5370697855549456,25,-32600.941252834848,0.0030719570349901915,1.17645005E9,,,,0,,6,,31.443944931030273,-6.6402368247508985,2.434757177513187,-6.6402368247508985,1.5000000237487257,Q,8233965251791
1651867090999,97236000000,,,-1335902211763630948,0.0,5.334077504275069,324.0,1.0,7,30,0.0,84003,503908921557582,7,35.9600715637207,70.20849713872849,0.5153203521642951,25,7431.294363141733,0.0028947340324521065,1.17645005E9,,,,0,,6,,31.960071563720703,-6.27082772552967,2.434757177513187,-6.27082772552967,1.5000000237487257,Q,8233965251791
1651867091999,98236000000,,,-1335902211763630625,0.0,5.2987102641808725,323.0,1.0,7,2,0.0,16431,503909930287120,23,35.931617736816406,-36.2746955103494,0.5190694889491021,25,-3369.3289994023608,0.0021938583813607693,1.57542003E9,,,,0,,1,,31.83161735534668,0.0,1.0,0.0,1.0,C,8234946262900
1651867091999,98236000000,,,-1335902211763630625,0.0,5.2987102641808725,323.0,1.0,7,6,0.0,16431,503909929003264,17,39.864768981933594,443.390844342219,0.15,25,43570.110195412446,0.001479541533626616,1.57542003E9,,,,0,,1,,35.7647705078125,0.320142130558394,1.0,0.320142130558394,1.0,C,8234946262900
1651867091999,98236000000,,,-1335902211763630625,0.0,5.2987102641808725,323.0,1.0,7,12,0.0,16431,503909930850647,11,44.70602035522461,-185.55155643042997,0.15,25,-17823.545962000964,8.473534835502505E-4,1.57542003E9,,,,0,,1,,40.606021881103516,-0.6984919076624261,1.0,-0.6984919076624261,1.0,C,8234946262900
1651867091999,98236000000,,,-1335902211763630625,0.0,5.2987102641808725,323.0,1.0,7,17,0.0,16431,503909917335419,47,27.264272689819336,585.5622330691876,0.9100981117409868,16,58201.60962544345,3.4028234663852886E38,1.57542003E9,,,,0,,1,,23.16427230834961,-0.7858034271858065,1.0,-0.7858034271858065,1.0,C,8234946262900
1651867091999,98236000000,,,-1335902211763630625,0.0,5.2987102641808725,323.0,1.0,7,19,0.0,16431,503909923990126,19,38.35722351074219,608.8719748991812,0.15,25,60327.55066881333,0.0017599666025489569,1.57542003E9,,,,0,,1,,34.257225036621094,0.0,1.0,0.0,1.0,C,8234946262900
1651867091999,98236000000,,,-1335902211763630625,0.0,5.2987102641808725,323.0,1.0,7,20,0.0,16431,503909920173260,36,30.498258590698242,-479.6463982929238,0.7651797728751886,25,-46353.15377237727,0.004100874997675419,1.57542003E9,,,,0,,1,,26.398258209228516,0.0,1.0,0.0,1.0,C,8234946262900
1651867091999,98236000000,,,-1335902211763630625,0.0,5.2987102641808725,323.0,1.0,7,24,0.0,16431,503909927241250,10,48.26738739013672,499.4953734051346,0.15,25,49258.488084033794,5.927546299062669E-4,1.57542003E9,,,,0,,1,,44.167388916015625,-0.20372681261465636,1.0,-0.20372681261465636,1.0,C,8234946262900
1651867091999,98236000000,,,-1335902211763630625,0.0,5.2987102641808725,323.0,1.0,7,25,0.0,16431,503909922049655,17,39.73912811279297,-505.2865962525775,0.15,25,-48922.835540692526,0.0015010987408459187,1.57542003E9,,,,0,,1,,35.639129638671875,-2.0372682255564105,1.0,-2.0372682255564105,1.0,C,8234946262900
1651867091999,98236000000,,,-1335902211763630625,0.0,5.2987102641808725,323.0,1.0,7,6,0.0,81921,503909929003799,7,38.395729064941406,443.35877275063103,0.15,25,45037.35643129253,0.00231954175978899,1.17645005E9,,,,0,,1,,34.395729064941406,1.9208527336454408,1.9279151716334249,1.9208527336454408,1.0,Q,8234946262900
1651867091999,98236000000,,,-1335902211763630625,0.0,5.2987102641808725,323.0,1.0,7,24,0.0,81921,503909927241782,7,41.41936492919922,499.4602343924596,0.15,25,50779.72137042302,0.0016376471612602472,1.17645005E9,,,,0,,1,,37.41936492919922,3.143213708743226,1.9279151716334249,3.143213708743226,1.0,Q,8234946262900
1651867091999,98236000000,,,-1335902211763630625,0.0,5.2987102641808725,323.0,1.0,7,25,0.0,81921,503909922050175,8,37.940643310546875,-505.2571490101418,0.15,25,-50463.67570862939,0.0024443105794489384,1.17645005E9,,,,0,,1,,33.940643310546875,1.0186341127782053,1.9279151716334249,1.0186341127782053,1.0,Q,8234946262900
1651867091999,98236000000,,,-1335902211763630625,0.0,5.2987102641808725,323.0,1.0,7,18,0.0,32995,82691935409817,35,39.47254943847656,171.7884129198452,0.15,17,16932.326580086843,0.09519065518286564,1.60031245E9,,,,0,,3,,35.37255096435547,48.42877388000488,2.0000000474974513,48.42877388000488,2.0000000474974513,C,8234946262900
1651867091999,98236000000,,,-1335902211763630625,0.0,5.2987102641808725,323.0,1.0,7,9,0.0,32995,82691922208383,33,44.646568298339844,-666.8803159010045,0.15,25,-64266.59688649149,8.396071498282254E-4,1.60087501E9,,,,0,,3,,40.54656982421875,48.42877388000488,2.0000000474974513,48.42877388000488,2.0000000474974513,C,8234946262900
1651867091999,98236000000,,,-1335902211763630625,0.0,5.2987102641808725,323.0,1.0,7,15,0.0,32995,82691932324929,39,38.10280990600586,581.6934652643704,0.15,17,55411.67912780016,0.09535039332371592,1.602E9,,,,0,,3,,34.002811431884766,48.42877388000488,2.0000000474974513,48.42877388000488,2.0000000474974513,C,8234946262900
1651867091999,98236000000,,,-1335902211763630625,0.0,5.2987102641808725,323.0,1.0,7,19,0.0,32995,82691929268124,34,40.03228759765625,-409.49420537237097,0.15,25,-40221.249564701306,0.0014256990980356932,1.60368755E9,,,,0,,3,,35.932289123535156,48.42877388000488,2.0000000474974513,48.42877388000488,2.0000000474974513,C,8234946262900
1651867091999,98236000000,,,-1335902211763630625,0.0,5.2987102641808725,323.0,1.0,7,17,0.0,32995,82691929021087,33,47.88193130493164,714.9131990329925,0.15,25,71122.69884928165,6.085161003284156E-4,1.60424998E9,,,,0,,3,,43.78193283081055,48.42877388000488,2.0000000474974513,48.42877388000488,2.0000000474974513,C,8234946262900
1651867091999,98236000000,,,-1335902211763630625,0.0,5.2987102641808725,323.0,1.0,7,2,0.0,85026,503909914935586,23,36.16019058227539,485.62302970385076,0.15,25,47515.37559212986,0.0022665022406727076,1.57542003E9,,,,1,,6,,32.0601921081543,-4.423782229423522,1.5000000237487257,-4.423782229423522,1.5000000237487257,C,8234946262900
1651867091999,98236000000,,,-1335902211763630625,0.0,5.2987102641808725,323.0,1.0,7,15,0.0,85026,503909918267794,16,42.87848663330078,-311.5295350432266,0.15,25,-30081.22182806358,0.0011023512342944741,1.57542003E9,,,,0,,6,,38.77848815917969,-4.423782229423522,1.5000000237487257,-4.423782229423522,1.5000000237487257,C,8234946262900
1651867091999,98236000000,,,-1335902211763630625,0.0,5.2987102641808725,323.0,1.0,7,27,0.0,85026,503909913440266,15,41.343074798583984,-342.161960822059,0.15,25,-32576.73111345599,0.0012479922734200954,1.57542003E9,,,,0,,6,,37.24307632446289,-4.423782229423522,1.5000000237487257,-4.423782229423522,1.5000000237487257,C,8234946262900
1651867091999,98236000000,,,-1335902211763630625,0.0,5.2987102641808725,323.0,1.0,7,30,0.0,85026,503909921556812,22,36.37546157836914,70.14282876562316,0.15,25,7346.889301640968,0.0022110198624432087,1.57542003E9,,,,1,,6,,32.27546310424805,-4.423782229423522,1.5000000237487257,-4.423782229423522,1.5000000237487257,C,8234946262900
1651867091999,98236000000,,,-1335902211763630625,0.0,5.2987102641808725,323.0,1.0,7,2,0.0,84003,503909914936102,10,32.111480712890625,485.5329838537175,0.6871961168225931,25,48129.72615115297,0.004508563783019781,1.17645005E9,,,,0,,6,,28.111480712890625,-2.7614412829279895,2.4279151953821505,-2.7614412829279895,1.5000000237487257,Q,8234946262900
1651867091999,98236000000,,,-1335902211763630625,0.0,5.2987102641808725,323.0,1.0,7,15,0.0,84003,503909918268322,6,38.24176025390625,-311.578716027989,0.15,25,-29854.516979154454,0.0023610249627381563,1.17645005E9,,,,0,,6,,34.24176025390625,-9.780214168131348,2.4279151953821505,-9.780214168131348,1.5000000237487257,Q,8234946262900
1651867091999,98236000000,,,-1335902211763630625,0.0,5.2987102641808725,323.0,1.0,7,27,0.0,84003,503909913440795,7,35.408714294433594,-342.12051655492724,0.5386543202304157,25,-32943.04564896396,0.0030844425782561302,1.17645005E9,,,,0,,6,,31.40871238708496,-6.6402368247508985,2.4279151953821505,-6.6402368247508985,1.5000000237487257,Q,8234946262900
1651867091999,98236000000,,,-1335902211763630625,0.0,5.2987102641808725,323.0,1.0,7,30,0.0,84003,503909921557347,6,35.962852478027344,70.11534552474458,0.5151952056442504,25,7501.452358149963,0.0028938078321516514,1.17645005E9,,,,0,,6,,31.962852478027344,-6.27082772552967,2.4279151953821505,-6.27082772552967,1.5000000237487257,Q,8234946262900
1651867092999,99236000000,,,-1335902211763630303,0.0,5.3066209021673805,323.0,1.0,7,2,0.0,16431,503910930287238,25,34.975433349609375,-36.40901021119873,0.562067969352118,25,-3405.709214307028,0.0024491632357239723,1.57542003E9,,,,0,,1,,30.87543487548828,0.0,1.0,0.0,1.0,C,8235968635133
1651867092999,99236000000,,,-1335902211763630303,0.0,5.3066209021673805,323.0,1.0,7,6,0.0,16431,503910929001785,19,38.50910949707031,443.3028093570206,0.15,25,44013.421825436235,0.0017294585704803467,1.57542003E9,,,,0,,1,,34.40911102294922,0.320142130558394,1.0,0.320142130558394,1.0,C,8235968635133
1651867092999,99236000000,,,-1335902211763630303,0.0,5.3066209021673805,323.0,1.0,7,12,0.0,16431,503910930851264,12,44.21098327636719,-185.69606604608668,0.15,25,-18009.180958691933,8.970497874543071E-4,1.57542003E9,,,,0,,1,,40.110984802246094,-0.6984919076624261,1.0,-0.6984919076624261,1.0,C,8235968635133
1651867092999,99236000000,,,-1335902211763630303,0.0,5.3066209021673805,323.0,1.0,7,17,0.0,16431,503910917333456,46,27.632604598999023,585.7879952611947,0.8935342375727946,16,58787.68425081261,3.4028234663852886E38,1.57542003E9,,,,0,,1,,23.532604217529297,-0.7858034271858065,1.0,-0.7858034271858065,1.0,C,8235968635133
1651867092999,99236000000,,,-1335902211763630303,0.0,5.3066209021673805,323.0,1.0,7,19,0.0,16431,503910923988087,18,38.8700065612793,608.7162180728719,0.15,25,60936.323672514474,0.0016590725863352418,1.57542003E9,,,,0,,1,,34.7700080871582,0.0,1.0,0.0,1.0,C,8235968635133
1651867092999,99236000000,,,-1335902211763630303,0.0,5.3066209021673805,323.0,1.0,7,20,0.0,16431,503910920174829,39,29.80157470703125,-479.86122001638705,0.7965091390916115,25,-46832.92518150349,0.004443351645022631,1.57542003E9,,,,0,,1,,25.701574325561523,0.0,1.0,0.0,1.0,C,8235968635133
1651867092999,99236000000,,,-1335902211763630303,0.0,5.3066209021673805,323.0,1.0,7,24,0.0,16431,503910927239583,11,47.7847900390625,499.4312302219587,0.15,25,49757.922881136525,6.266208365559578E-4,1.57542003E9,,,,0,,1,,43.684791564941406,-0.20372681261465636,1.0,-0.20372681261465636,1.0,C,8235968635133
1651867092999,99236000000,,,-1335902211763630303,0.0,5.3066209021673805,323.0,1.0,7,25,0.0,16431,503910922051329,18,39.14753723144531,-505.44835159123477,0.15,25,-49428.20604724383,0.0016068998957052827,1.57542003E9,,,,0,,1,,35.04753875732422,-2.0372682255564105,1.0,-2.0372682255564105,1.0,C,8235968635133
1651867092999,99236000000,,,-1335902211763630303,0.0,5.3066209021673805,323.0,1.0,7,6,0.0,81921,503910929002320,7,38.36845397949219,443.3161015150645,0.15,25,45480.672422648735,0.0023268365766853094,1.17645005E9,,,,0,,1,,34.36845397949219,1.9208527336454408,1.9213684367480393,1.9208527336454408,1.0,Q,8235968635133
1651867092999,99236000000,,,-1335902211763630303,0.0,5.3066209021673805,323.0,1.0,7,24,0.0,81921,503910927240114,7,41.425926208496094,499.4178358165452,0.15,25,51279.15847841975,0.0016364105977118015,1.17645005E9,,,,0,,1,,37.425926208496094,3.143213708743226,1.9213684367480393,3.143213708743226,1.0,Q,8235968635133
1651867092999,99236000000,,,-1335902211763630303,0.0,5.3066209021673805,323.0,1.0,7,25,0.0,81921,503910922051860,9,37.735538482666016,-505.4316511875386,0.15,25,-50969.042590344514,0.002502716612070799,1.17645005E9,,,,0,,1,,33.735538482666016,1.0186341127782053,1.9213684367480393,1.0186341127782053,1.0,Q,8235968635133
1651867092999,99236000000,,,-1335902211763630303,0.0,5.3066209021673805,323.0,1.0,7,18,0.0,32995,82692935409215,34,39.8520622253418,171.70864293035356,0.15,17,17104.038252562368,0.09512550905235596,1.60031245E9,,,,0,,3,,35.7520637512207,48.42877388000488,2.0000000474974513,48.42877388000488,2.0000000474974513,C,8235968635133
1651867092999,99236000000,,,-1335902211763630303,0.0,5.3066209021673805,323.0,1.0,7,9,0.0,32995,82692922210598,33,44.70716857910156,-667.0397536326182,0.15,25,-64933.56553158668,8.337696781381965E-4,1.60087501E9,,,,0,,3,,40.60717010498047,48.42877388000488,2.0000000474974513,48.42877388000488,2.0000000474974513,C,8235968635133
1651867092999,99236000000,,,-1335902211763630303,0.0,5.3066209021673805,323.0,1.0,7,15,0.0,32995,82692932323021,39,38.310264587402344,581.6957147065009,0.15,17,55993.337708113206,0.09530833118737131,1.602E9,,,,0,,3,,34.21026611328125,48.42877388000488,2.0000000474974513,48.42877388000488,2.0000000474974513,C,8235968635133
1651867092999,99236000000,,,-1335902211763630303,0.0,5.3066209021673805,323.0,1.0,7,19,0.0,32995,82692929269501,34,40.07692337036133,-409.5736174960691,0.15,25,-40630.82831829409,0.001418391359038651,1.60368755E9,,,,0,,3,,35.976924896240234,48.42877388000488,2.0000000474974513,48.42877388000488,2.0000000474974513,C,8235968635133
1651867092999,99236000000,,,-1335902211763630303,0.0,5.3066209021673805,323.0,1.0,7,17,0.0,32995,82692929018735,33,47.702388763427734,714.7725748173793,0.15,25,71837.51688195419,6.212253938429058E-4,1.60424998E9,,,,0,,3,,43.60239028930664,48.42877388000488,2.0000000474974513,48.42877388000488,2.0000000474974513,C,8235968635133
1651867092999,99236000000,,,-1335902211763630303,0.0,5.3066209021673805,323.0,1.0,7,2,0.0,85026,503910914933963,21,37.32711410522461,485.4133203488659,0.15,25,48000.883406101726,0.0019815724808722734,1.57542003E9,,,,0,,6,,33.227115631103516,-4.423782229423522,1.5000000237487257,-4.423782229423522,1.5000000237487257,C,8235968635133
1651867092999,99236000000,,,-1335902211763630303,0.0,5.3066209021673805,323.0,1.0,7,15,0.0,85026,503910918268836,16,43.22053527832031,-311.66572853949174,0.15,25,-30392.853768649322,0.0010597846703603864,1.57542003E9,,,,0,,6,,39.12053680419922,-4.423782229423522,1.5000000237487257,-4.423782229423522,1.5000000237487257,C,8235968635133
1651867092999,99236000000,,,-1335902211763630303,0.0,5.3066209021673805,323.0,1.0,7,27,0.0,85026,503910913441410,15,41.220672607421875,-342.3015284815199,0.15,25,-32918.976904600124,0.0012657037004828453,1.57542003E9,,,,0,,6,,37.12067413330078,-4.423782229423522,1.5000000237487257,-4.423782229423522,1.5000000237487257,C,8235968635133
1651867092999,99236000000,,,-1335902211763630303,0.0,5.3066209021673805,323.0,1.0,7,30,0.0,85026,503910921556583,23,36.15424346923828,69.94671831079091,0.15,25,7416.944009599234,0.0022680540569126606,1.57542003E9,,,,0,,6,,32.05424499511719,-4.423782229423522,1.5000000237487257,-4.423782229423522,1.5000000237487257,C,8235968635133
1651867092999,99236000000,,,-1335902211763630303,0.0,5.3066209021673805,323.0,1.0,7,2,0.0,84003,503910914934486,11,33.182701110839844,485.45074288612795,0.6390242257289849,25,48615.24105596045,0.003985449206084013,1.17645005E9,,,,0,,6,,29.182701110839844,-2.7614412829279895,2.421368460496765,-2.7614412829279895,1.5000000237487257,Q,8235968635133
1651867092999,99236000000,,,-1335902211763630303,0.0,5.3066209021673805,323.0,1.0,7,15,0.0,84003,503910918269364,7,38.370384216308594,-311.67530570977465,0.15,25,-30166.14149964916,0.002326319459825754,1.17645005E9,,,,0,,6,,34.370384216308594,-9.780214168131348,2.421368460496765,-9.780214168131348,1.5000000237487257,Q,8235968635133
1651867092999,99236000000,,,-1335902211763630303,0.0,5.3066209021673805,323.0,1.0,7,27,0.0,84003,503910913441935,7,35.40633773803711,-342.30490264471564,0.5387613271617837,25,-33285.300942922666,0.003085286123678088,1.17645005E9,,,,0,,6,,31.40633773803711,-6.6402368247508985,2.421368460496765,-6.6402368247508985,1.5000000237487257,Q,8235968635133
1651867092999,99236000000,,,-1335902211763630303,0.0,5.3066209021673805,323.0,1.0,7,30,0.0,84003,503910921557115,7,35.66618347167969,70.0039938789775,0.5285360576665574,25,7571.51908458634,0.0029943538829684258,1.17645005E9,,,,0,,6,,31.666183471679688,-6.27082772552967,2.421368460496765,-6.27082772552967,1.5000000237487257,Q,8235968635133
1651867093999,100236000000,,,-1335902211763629981,0.0,5.1026000849301605,322.0,1.0,7,2,0.0,16431,503911930287356,26,34.540733337402344,-36.44202333064814,0.581616055484993,25,-3442.1460182259752,0.0025748549960553646,1.57542003E9,,,,0,,1,,30.440732955932617,0.0,1.0,0.0,1.0,C,8236965400108
1651867093999,100236000000,,,-1335902211763629981,0.0,5.1026000849301605,322.0,1.0,7,6,0.0,16431,503911929000293,19,38.561279296875,443.1323970744065,0.15,25,44456.651053517,0.0017191021470353007,1.57542003E9,,,,0,,1,,34.461280822753906,0.320142130558394,1.0,0.320142130558394,1.0,C,8236965400108
1651867093999,100236000000,,,-1335902211763629981,0.0,5.1026000849301605,322.0,1.0,7,12,0.0,16431,503911930851888,12,43.7406005859375,-185.82799923528648,0.15,25,-18194.934239024362,9.469686192460358E-4,1.57542003E9,,,,0,,1,,39.640602111816406,-0.6984919076624261,1.0,-0.6984919076624261,1.0,C,8236965400108
1651867093999,100236000000,,,-1335902211763629981,0.0,5.1026000849301605,322.0,1.0,7,17,0.0,16431,503911917331498,50,26.612781524658203,585.8472305706314,0.9393941798431729,21,59373.51261092464,0.10156115299378311,1.57542003E9,,,,0,,1,,22.512781143188477,-0.7858034271858065,1.0,-0.7858034271858065,1.0,C,8236965400108
1651867093999,100236000000,,,-1335902211763629981,0.0,5.1026000849301605,322.0,1.0,7,19,0.0,16431,503911923986057,18,39.32667541503906,608.481730771995,0.15,25,61544.928548486256,0.0015740985982120037,1.57542003E9,,,,0,,1,,35.22667694091797,0.0,1.0,0.0,1.0,C,8236965400108
1651867093999,100236000000,,,-1335902211763629981,0.0,5.1026000849301605,322.0,1.0,7,20,0.0,16431,503911920176428,37,30.162921905517578,-480.0588300993063,0.78026006167517,25,-47312.86906885136,0.0042622932232916355,1.57542003E9,,,,0,,1,,26.06292152404785,0.0,1.0,0.0,1.0,C,8236965400108
1651867093999,100236000000,,,-1335902211763629981,0.0,5.1026000849301605,322.0,1.0,7,24,0.0,16431,503911927237925,11,47.308963775634766,499.3094536048027,0.15,25,50257.26048360831,6.619057385250926E-4,1.57542003E9,,,,0,,1,,43.20896530151367,-0.20372681261465636,1.0,-0.20372681261465636,1.0,C,8236965400108
1651867093999,100236000000,,,-1335902211763629981,0.0,5.1026000849301605,322.0,1.0,7,25,0.0,16431,503911922053024,19,38.50061798095703,-505.6289204458926,0.15,25,-49933.73973486634,0.001731150085106492,1.57542003E9,,,,0,,1,,34.40061950683594,-2.0372682255564105,1.0,-2.0372682255564105,1.0,C,8236965400108
1651867093999,100236000000,,,-1335902211763629981,0.0,5.1026000849301605,322.0,1.0,7,6,0.0,81921,503911929000844,8,38.3436279296875,443.21150245599597,0.15,25,45923.89859077536,0.0023334964644163847,1.17645005E9,,,,0,,1,,34.3436279296875,1.9208527336454408,1.9149394031215263,1.9208527336454408,1.0,Q,8236965400108
1651867093999,100236000000,,,-1335902211763629981,0.0,5.1026000849301605,322.0,1.0,7,24,0.0,81921,503911927238450,8,41.43203353881836,499.30969218199834,0.15,25,51778.50163813287,0.0016352601815015078,1.17645005E9,,,,0,,1,,37.43203353881836,3.143213708743226,1.9149394031215263,3.143213708743226,1.0,Q,8236965400108
1651867093999,100236000000,,,-1335902211763629981,0.0,5.1026000849301605,322.0,1.0,7,25,0.0,81921,503911922053545,7,37.83133316040039,-505.5755473189779,0.15,25,-51474.5695988463,0.0024752661120146513,1.17645005E9,,,,0,,1,,33.83133316040039,1.0186341127782053,1.9149394031215263,1.0186341127782053,1.0,Q,8236965400108
1651867093999,100236000000,,,-1335902211763629981,0.0,5.1026000849301605,322.0,1.0,7,18,0.0,32995,82693935408683,34,39.866886138916016,171.59369984573038,0.15,17,17275.6812614919,0.09512302148975917,1.60031245E9,,,,0,,3,,35.76688766479492,48.42877388000488,2.0000000474974513,48.42877388000488,2.0000000474974513,C,8236965400108
1651867093999,100236000000,,,-1335902211763629981,0.0,5.1026000849301605,322.0,1.0,7,9,0.0,32995,82693922212859,33,44.34674835205078,-667.2526326560596,0.15,25,-65600.69888877869,8.690949180163443E-4,1.60087501E9,,,,0,,3,,40.24674987792969,48.42877388000488,2.0000000474974513,48.42877388000488,2.0000000474974513,C,8236965400108
1651867093999,100236000000,,,-1335902211763629981,0.0,5.1026000849301605,322.0,1.0,7,15,0.0,32995,82693932321085,41,37.70191192626953,581.5297331432348,0.15,17,56574.91802622744,0.09543457918011039,1.602E9,,,,0,,3,,33.60191345214844,48.42877388000488,2.0000000474974513,48.42877388000488,2.0000000474974513,C,8236965400108
1651867093999,100236000000,,,-1335902211763629981,0.0,5.1026000849301605,322.0,1.0,7,19,0.0,32995,82693929270857,34,39.88513946533203,-409.7469267874876,0.15,25,-41040.49520234735,0.0014500576071441174,1.60368755E9,,,,0,,3,,35.78514099121094,48.42877388000488,2.0000000474974513,48.42877388000488,2.0000000474974513,C,8236965400108
1651867093999,100236000000,,,-1335902211763629981,0.0,5.1026000849301605,322.0,1.0,7,17,0.0,32995,82693929016334,33,47.084205627441406,714.6303828087662,0.15,25,72552.2032868699,6.670498987659812E-4,1.60424998E9,,,,0,,3,,42.98420715332031,48.42877388000488,2.0000000474974513,48.42877388000488,2.0000000474974513,C,8236965400108
1651867093999,100236000000,,,-1335902211763629981,0.0,5.1026000849301605,322.0,1.0,7,2,0.0,85026,503911914932350,21,37.29424285888672,485.2250829414904,0.15,25,48486.24990452722,0.00198908569291234,1.57542003E9,,,,0,,6,,33.194244384765625,-4.423782229423522,1.5000000237487257,-4.423782229423522,1.5000000237487257,C,8236965400108
1651867093999,100236000000,,,-1335902211763629981,0.0,5.1026000849301605,322.0,1.0,7,15,0.0,85026,503911918269875,16,43.15188217163086,-311.82322357108364,0.15,25,-30704.60701149156,0.0010681943967938423,1.57542003E9,,,,0,,6,,39.051883697509766,-4.423782229423522,1.5000000237487257,-4.423782229423522,1.5000000237487257,C,8236965400108
1651867093999,100236000000,,,-1335902211763629981,0.0,5.1026000849301605,322.0,1.0,7,27,0.0,85026,503911913442547,15,41.47934341430664,-342.5111696715917,0.15,25,-33261.40308932919,0.0012285656994208694,1.57542003E9,,,,0,,6,,37.37934494018555,-4.423782229423522,1.5000000237487257,-4.423782229423522,1.5000000237487257,C,8236965400108
1651867093999,100236000000,,,-1335902211763629981,0.0,5.1026000849301605,322.0,1.0,7,30,0.0,85026,503911921556354,22,36.40419006347656,69.94365941031799,0.15,25,7486.887683914169,0.0022037182934582233,1.57542003E9,,,,0,,6,,32.30419158935547,-4.423782229423522,1.5000000237487257,-4.423782229423522,1.5000000237487257,C,8236965400108
1651867093999,100236000000,,,-1335902211763629981,0.0,5.1026000849301605,322.0,1.0,7,2,0.0,84003,503911914932866,7,34.00312805175781,485.148261084488,0.6021302328122342,25,49100.601528557,0.0036262348294258118,1.17645005E9,,,,0,,6,,30.003128051757812,-2.7614412829279895,2.414939426870252,-2.7614412829279895,1.5000000237487257,Q,8236965400108
1651867093999,100236000000,,,-1335902211763629981,0.0,5.1026000849301605,322.0,1.0,7,15,0.0,84003,503911918270403,7,38.37263488769531,-311.881265994542,0.15,25,-30477.896892928326,0.002325716894119978,1.17645005E9,,,,0,,6,,34.37263488769531,-9.780214168131348,2.414939426870252,-9.780214168131348,1.5000000237487257,Q,8236965400108
1651867093999,100236000000,,,-1335902211763629981,0.0,5.1026000849301605,322.0,1.0,7,27,0.0,84003,503911913443077,7,35.20613098144531,-342.4224189548063,0.5477645209185842,25,-33627.70292689098,0.003157225903123617,1.17645005E9,,,,0,,6,,31.206132888793945,-6.6402368247508985,2.414939426870252,-6.6402368247508985,1.5000000237487257,Q,8236965400108
1651867093999,100236000000,,,-1335902211763629981,0.0,5.1026000849301605,322.0,1.0,7,30,0.0,84003,503911921556881,8,35.455474853515625,69.84057276025769,0.538011446550984,25,7641.4596338957435,0.003067881567403674,1.17645005E9,,,,0,,6,,31.455472946166992,-6.27082772552967,2.414939426870252,-6.27082772552967,1.5000000237487257,Q,8236965400108
1651867094999,101236000000,,,-1335902211763629660,0.0,5.120091843972509,321.0,1.0,7,2,0.0,16431,503912930287484,32,31.96840476989746,-36.45822953872474,0.6972907812793472,25,-3478.632735149366,0.003462335793301463,1.57542003E9,,,,0,,1,,27.868404388427734,0.0,1.0,0.0,1.0,C,8237962947756
1651867094999,101236000000,,,-1335902211763629660,0.0,5.120091843972509,321.0,1.0,7,6,0.0,16431,503912928998834,16,40.432559967041016,443.23808677208376,0.15,25,44899.821212842646,0.0013859182363376021,1.57542003E9,,,,0,,1,,36.33256149291992,0.320142130558394,1.0,0.320142130558394,1.0,C,8237962947756
1651867094999,101236000000,,,-1335902211763629660,0.0,5.120091843972509,321.0,1.0,7,12,0.0,16431,503912930852499,12,43.886085510253906,-185.82818668879736,0.15,25,-18380.79308233482,9.312395704910159E-4,1.57542003E9,,,,0,,1,,39.78608703613281,-0.6984919076624261,1.0,-0.6984919076624261,1.0,C,8237962947756
1651867094999,101236000000,,,-1335902211763629660,0.0,5.120091843972509,321.0,1.0,7,17,0.0,16431,503912917329538,34,31.413129806518555,585.5947477327104,0.7235275495048237,17,59959.165064624765,0.09883774273385083,1.57542003E9,,,,0,,1,,27.313129425048828,-0.7858034271858065,1.0,-0.7858034271858065,1.0,C,8237962947756
1651867094999,101236000000,,,-1335902211763629660,0.0,5.120091843972509,321.0,1.0,7,19,0.0,16431,503912923984032,15,41.5991096496582,608.4377644030806,0.15,25,62153.38354522905,0.0012117420556023717,1.57542003E9,,,,0,,1,,37.49911117553711,0.0,1.0,0.0,1.0,C,8237962947756
1651867094999,101236000000,,,-1335902211763629660,0.0,5.120091843972509,321.0,1.0,7,20,0.0,16431,503912920178043,37,30.2470645904541,-480.1350043896348,0.7764765761646486,25,-47792.97931182532,0.004221202339977026,1.57542003E9,,,,0,,1,,26.147064208984375,0.0,1.0,0.0,1.0,C,8237962947756
1651867094999,101236000000,,,-1335902211763629660,0.0,5.120091843972509,321.0,1.0,7,24,0.0,16431,503912927236251,11,47.249271392822266,499.3169858276942,0.15,25,50756.518503674044,6.664704415015876E-4,1.57542003E9,,,,0,,1,,43.14927291870117,-0.20372681261465636,1.0,-0.20372681261465636,1.0,C,8237962947756
1651867094999,101236000000,,,-1335902211763629660,0.0,5.120091843972509,321.0,1.0,7,25,0.0,16431,503912922054695,19,38.60008239746094,-505.6777265236333,0.15,25,-50439.42339313453,0.0017114392248913646,1.57542003E9,,,,0,,1,,34.500083923339844,-2.0372682255564105,1.0,-2.0372682255564105,1.0,C,8237962947756
1651867094999,101236000000,,,-1335902211763629660,0.0,5.120091843972509,321.0,1.0,7,6,0.0,81921,503912928999365,7,38.48743438720703,443.20996874545244,0.15,25,46367.04798552514,0.0022951809223741293,1.17645005E9,,,,0,,1,,34.48743438720703,1.9208527336454408,1.9086689282010108,1.9208527336454408,1.0,Q,8237962947756
1651867094999,101236000000,,,-1335902211763629660,0.0,5.120091843972509,321.0,1.0,7,24,0.0,81921,503912927236785,7,42.20225524902344,499.2752689009103,0.15,25,52277.74521739897,0.0014964969595894217,1.17645005E9,,,,0,,1,,38.20225524902344,3.143213708743226,1.9086689282010108,3.143213708743226,1.0,Q,8237962947756
1651867094999,101236000000,,,-1335902211763629660,0.0,5.120091843972509,321.0,1.0,7,25,0.0,81921,503912922055233,8,37.67809295654297,-505.65649315321957,0.15,25,-51980.26018393273,0.0025193234905600548,1.17645005E9,,,,0,,1,,33.67809295654297,1.0186341127782053,1.9086689282010108,1.0186341127782053,1.0,Q,8237962947756
1651867094999,101236000000,,,-1335902211763629660,0.0,5.120091843972509,321.0,1.0,7,18,0.0,32995,82694935408100,35,39.65507125854492,171.65450294816708,0.15,17,17447.274778590694,0.0951589687949095,1.60031245E9,,,,0,,3,,35.55507278442383,48.42877388000488,2.0000000474974513,48.42877388000488,2.0000000474974513,C,8237962947756
1651867094999,101236000000,,,-1335902211763629660,0.0,5.120091843972509,321.0,1.0,7,9,0.0,32995,82694922215056,33,43.3480339050293,-667.3152762111486,0.15,25,-66267.98743360814,9.749960736371577E-4,1.60087501E9,,,,0,,3,,39.2480354309082,48.42877388000488,2.0000000474974513,48.42877388000488,2.0000000474974513,C,8237962947756
1651867094999,101236000000,,,-1335902211763629660,0.0,5.120091843972509,321.0,1.0,7,15,0.0,32995,82694932319106,46,36.2882080078125,581.6281632776727,0.15,17,57156.45553492126,0.0957644697013536,1.602E9,,,,0,,3,,32.188209533691406,48.42877388000488,2.0000000474974513,48.42877388000488,2.0000000474974513,C,8237962947756
1651867094999,101236000000,,,-1335902211763629660,0.0,5.120091843972509,321.0,1.0,7,19,0.0,32995,82694929272248,34,39.77793502807617,-409.6991091009861,0.15,25,-41450.23123883191,0.0014680656604468822,1.60368755E9,,,,0,,3,,35.67793655395508,48.42877388000488,2.0000000474974513,48.42877388000488,2.0000000474974513,C,8237962947756
1651867094999,101236000000,,,-1335902211763629660,0.0,5.120091843972509,321.0,1.0,7,17,0.0,32995,82694929013955,33,46.443702697753906,714.5586733202422,0.15,25,73266.76163283676,7.180979009717703E-4,1.60424998E9,,,,0,,3,,42.34370422363281,48.42877388000488,2.0000000474974513,48.42877388000488,2.0000000474974513,C,8237962947756
1651867094999,101236000000,,,-1335902211763629660,0.0,5.120091843972509,321.0,1.0,7,2,0.0,85026,503912914930723,21,37.30839920043945,485.2650616629917,0.15,25,48971.49161254344,0.0019858465529978275,1.57542003E9,,,,0,,6,,33.20840072631836,-4.423782229423522,1.5000000237487257,-4.423782229423522,1.5000000237487257,C,8237962947756
1651867094999,101236000000,,,-1335902211763629660,0.0,5.120091843972509,321.0,1.0,7,15,0.0,85026,503912918270915,16,43.19677734375,-311.838697006345,0.15,25,-31016.47107943007,0.0010626872535794973,1.57542003E9,,,,0,,6,,39.096778869628906,-4.423782229423522,1.5000000237487257,-4.423782229423522,1.5000000237487257,C,8237962947756
1651867094999,101236000000,,,-1335902211763629660,0.0,5.120091843972509,321.0,1.0,7,27,0.0,85026,503912913443696,16,40.64010238647461,-342.56672407572387,0.15,25,-33603.97752047154,0.0013531956356018782,1.57542003E9,,,,0,,6,,36.540103912353516,-4.423782229423522,1.5000000237487257,-4.423782229423522,1.5000000237487257,C,8237962947756
1651867094999,101236000000,,,-1335902211763629660,0.0,5.120091843972509,321.0,1.0,7,30,0.0,85026,503912921556112,26,34.62492752075195,69.88528042260148,0.5769789775135497,25,7556.717248849557,0.002704701852053404,1.57542003E9,,,,0,,6,,30.524927139282227,-4.423782229423522,1.5000000237487257,-4.423782229423522,1.5000000237487257,C,8237962947756
1651867094999,101236000000,,,-1335902211763629660,0.0,5.120091843972509,321.0,1.0,7,2,0.0,84003,503912914931247,8,35.01567840576172,485.29328193699257,0.5565968031380364,25,49585.85869496766,0.0032272192183882,1.17645005E9,,,,0,,6,,31.015676498413086,-2.7614412829279895,2.4086689519497364,-2.7614412829279895,1.5000000237487257,Q,8237962947756
1651867094999,101236000000,,,-1335902211763629660,0.0,5.120091843972509,321.0,1.0,7,15,0.0,84003,503912918271444,6,38.63383483886719,-311.839480902845,0.15,25,-30789.76239355087,0.0022568197455257177,1.17645005E9,,,,0,,6,,34.63383483886719,-9.780214168131348,2.4086689519497364,-9.780214168131348,1.5000000237487257,Q,8237962947756
1651867094999,101236000000,,,-1335902211763629660,0.0,5.120091843972509,321.0,1.0,7,27,0.0,84003,503912913444221,8,35.17181396484375,-342.5139985154831,0.5493080834221993,25,-33970.28076699579,0.003169725649058819,1.17645005E9,,,,0,,6,,31.171812057495117,-6.6402368247508985,2.4086689519497364,-6.6402368247508985,1.5000000237487257,Q,8237962947756
1651867094999,101236000000,,,-1335902211763629660,0.0,5.120091843972509,321.0,1.0,7,30,0.0,84003,503912921556648,7,35.96623229980469,69.82905288995298,0.5150431326522067,25,7711.282802931946,0.0028926818631589413,1.17645005E9,,,,0,,6,,31.966232299804688,-6.27082772552967,2.4086689519497364,-6.27082772552967,1.5000000237487257,Q,8237962947756
1651867095999,102236000000,,,-1335902211763629339,0.0,5.0288133247988505,321.0,1.0,7,2,0.0,16431,503913930287610,30,32.81052780151367,-36.49893677273417,0.6594213777465248,25,-3515.0897592320534,0.003142410656437278,1.57542003E9,,,,0,,1,,28.710529327392578,0.0,1.0,0.0,1.0,C,8238945060794
1651867095999,102236000000,,,-1335902211763629339,0.0,5.0288133247988505,321.0,1.0,7,6,0.0,16431,503913928997346,16,40.19966125488281,443.0708100754698,0.15,25,45342.99913837955,0.001423582318238914,1.57542003E9,,,,0,,1,,36.09966278076172,0.320142130558394,1.0,0.320142130558394,1.0,C,8238945060794
1651867095999,102236000000,,,-1335902211763629339,0.0,5.0288133247988505,321.0,1.0,7,12,0.0,16431,503913930853128,13,42.97032928466797,-185.97688844660638,0.15,25,-18566.65322031579,0.0010347828501835465,1.57542003E9,,,,0,,1,,38.870330810546875,-0.6984919076624261,1.0,-0.6984919076624261,1.0,C,8238945060794
1651867095999,102236000000,,,-1335902211763629339,0.0,5.0288133247988505,321.0,1.0,7,17,0.0,16431,503913917327586,35,31.049352645874023,585.6984265654528,0.7398858638571126,17,60544.77260182641,0.09899560493704652,1.57542003E9,,,,0,,1,,26.949352264404297,-0.7858034271858065,1.0,-0.7858034271858065,1.0,C,8238945060794
1651867095999,102236000000,,,-1335902211763629339,0.0,5.0288133247988505,321.0,1.0,7,19,0.0,16431,503913923982002,14,42.380741119384766,608.250174562379,0.15,25,62761.77950791546,0.0011074614012613893,1.57542003E9,,,,0,,1,,38.28074264526367,0.0,1.0,0.0,1.0,C,8238945060794
1651867095999,102236000000,,,-1335902211763629339,0.0,5.0288133247988505,321.0,1.0,7,20,0.0,16431,503913920179645,32,32.234214782714844,-480.325048167206,0.6871169017380967,25,-48273.14618885573,0.0033579838927835226,1.57542003E9,,,,0,,1,,28.13421630859375,0.0,1.0,0.0,1.0,C,8238945060794
1651867095999,102236000000,,,-1335902211763629339,0.0,5.0288133247988505,321.0,1.0,7,24,0.0,16431,503913927234592,12,46.57307052612305,499.19238036664683,0.15,25,51255.78429741726,7.204284192994237E-4,1.57542003E9,,,,0,,1,,42.47307205200195,-0.20372681261465636,1.0,-0.20372681261465636,1.0,C,8238945060794
1651867095999,102236000000,,,-1335902211763629339,0.0,5.0288133247988505,321.0,1.0,7,25,0.0,16431,503913922056397,15,41.25203323364258,-505.91030520694494,0.15,25,-50945.177252167116,0.0012611419660970569,1.57542003E9,,,,0,,1,,37.152034759521484,-2.0372682255564105,1.0,-2.0372682255564105,1.0,C,8238945060794
1651867095999,102236000000,,,-1335902211763629339,0.0,5.0288133247988505,321.0,1.0,7,6,0.0,81921,503913928997887,7,38.1134147644043,443.1701945186903,0.15,25,46810.228140403626,0.002396171446889639,1.17645005E9,,,,0,,1,,34.1134147644043,1.9208527336454408,1.9023355268473314,1.9208527336454408,1.0,Q,8238945060794
1651867095999,102236000000,,,-1335902211763629339,0.0,5.0288133247988505,321.0,1.0,7,24,0.0,81921,503913927235117,7,42.542518615722656,499.20853545103864,0.15,25,52777.0071437408,0.0014390061842277646,1.17645005E9,,,,0,,1,,38.542518615722656,3.143213708743226,1.9023355268473314,3.143213708743226,1.0,Q,8238945060794
1651867095999,102236000000,,,-1335902211763629339,0.0,5.0288133247988505,321.0,1.0,7,25,0.0,81921,503913922056922,8,37.90224838256836,-505.8388002131601,0.15,25,-52486.01225720027,0.0024551390670239925,1.17645005E9,,,,0,,1,,33.90224838256836,1.0186341127782053,1.9023355268473314,1.0186341127782053,1.0,Q,8238945060794
1651867095999,102236000000,,,-1335902211763629339,0.0,5.0288133247988505,321.0,1.0,7,18,0.0,32995,82695935407534,42,37.26833724975586,171.57318220690365,0.15,17,17618.92353608416,0.095518520776001,1.60031245E9,,,,0,,3,,33.168338775634766,48.42877388000488,2.0000000474974513,48.42877388000488,2.0000000474974513,C,8238945060794
1651867095999,102236000000,,,-1335902211763629339,0.0,5.0288133247988505,321.0,1.0,7,9,0.0,32995,82695922217283,33,44.36521911621094,-667.4719191813274,0.15,25,-66935.33120671408,8.672485128045082E-4,1.60087501E9,,,,0,,3,,40.265220642089844,48.42877388000488,2.0000000474974513,48.42877388000488,2.0000000474974513,C,8238945060794
1651867095999,102236000000,,,-1335902211763629339,0.0,5.0288133247988505,321.0,1.0,7,15,0.0,32995,82695932317166,52,34.64599609375,581.6199153231942,0.5772476431278584,17,57738.054526628344,0.09606981498331219,1.602E9,,,,0,,3,,30.545997619628906,48.42877388000488,2.0000000474974513,48.42877388000488,2.0000000474974513,C,8238945060794
1651867095999,102236000000,,,-1335902211763629339,0.0,5.0288133247988505,321.0,1.0,7,19,0.0,32995,82695929273603,38,38.69999694824219,-409.73625897859597,0.15,25,-41859.93773727743,0.0016620435053482652,1.60368755E9,,,,0,,3,,34.599998474121094,48.42877388000488,2.0000000474974513,48.42877388000488,2.0000000474974513,C,8238945060794
1651867095999,102236000000,,,-1335902211763629339,0.0,5.0288133247988505,321.0,1.0,7,17,0.0,32995,82695929011584,33,46.075714111328125,714.3792632691061,0.15,25,73981.26813831113,7.491743308492005E-4,1.60424998E9,,,,0,,3,,41.97571563720703,48.42877388000488,2.0000000474974513,48.42877388000488,2.0000000474974513,C,8238945060794
1651867095999,102236000000,,,-1335902211763629339,0.0,5.0288133247988505,321.0,1.0,7,2,0.0,85026,503913914929107,22,36.616455078125,485.0872875697687,0.15,25,49456.70371857317,0.002150517189875245,1.57542003E9,,,,1,,6,,32.516456604003906,-4.423782229423522,1.5000000237487257,-4.423782229423522,1.5000000237487257,C,8238945060794
1651867095999,102236000000,,,-1335902211763629339,0.0,5.0288133247988505,321.0,1.0,7,15,0.0,85026,503913918271955,16,42.6419792175293,-311.9869556922192,0.15,25,-31328.352148007838,0.0011327797546982765,1.57542003E9,,,,0,,6,,38.5419807434082,-4.423782229423522,1.5000000237487257,-4.423782229423522,1.5000000237487257,C,8238945060794
1651867095999,102236000000,,,-1335902211763629339,0.0,5.0288133247988505,321.0,1.0,7,27,0.0,85026,503913913444833,15,41.14828872680664,-342.8143331223621,0.15,25,-33946.62707176559,0.0012762955157086253,1.57542003E9,,,,0,,6,,37.04829025268555,-4.423782229423522,1.5000000237487257,-4.423782229423522,1.5000000237487257,C,8238945060794
1651867095999,102236000000,,,-1335902211763629339,0.0,5.0288133247988505,321.0,1.0,7,30,0.0,85026,503913921555881,24,35.378910064697266,69.6221255154818,0.5430730907484087,25,7626.5206481782725,0.002479820279404521,1.57542003E9,,,,1,,6,,31.278911590576172,-4.423782229423522,1.5000000237487257,-4.423782229423522,1.5000000237487257,C,8238945060794
1651867095999,102236000000,,,-1335902211763629339,0.0,5.0288133247988505,321.0,1.0,7,2,0.0,84003,503913914929629,7,35.1103630065918,485.14607980727055,0.5523385929425688,25,50071.071118481894,0.0031922298949211836,1.17645005E9,,,,0,,6,,31.110363006591797,-2.7614412829279895,2.402335550596057,-2.7614412829279895,1.5000000237487257,Q,8238945060794
1651867095999,102236000000,,,-1335902211763629339,0.0,5.0288133247988505,321.0,1.0,7,15,0.0,84003,503913918272484,7,38.27812194824219,-311.9579174392618,0.15,25,-31101.64896080688,0.0023511615581810474,1.17645005E9,,,,0,,6,,34.27812194824219,-9.780214168131348,2.402335550596057,-9.780214168131348,1.5000000237487257,Q,8238945060794
1651867095999,102236000000,,,-1335902211763629339,0.0,5.0288133247988505,321.0,1.0,7,27,0.0,84003,503913913445365,8,36.039764404296875,-342.8194454908405,0.15,25,-34312.94094509528,0.002868297277018428,1.17645005E9,,,,0,,6,,32.039764404296875,-6.6402368247508985,2.402335550596057,-6.6402368247508985,1.5000000237487257,Q,8238945060794
1651867095999,102236000000,,,-1335902211763629339,0.0,5.0288133247988505,321.0,1.0,7,30,0.0,84003,503913921556414,8,35.56840896606445,69.74613027323298,0.5329327944089468,25,7781.090877330655,0.0030282512307167053,1.17645005E9,,,,0,,6,,31.568408966064453,-6.27082772552967,2.402335550596057,-6.27082772552967,1.5000000237487257,Q,8238945060794
1651867096999,103236000000,,,-1335902211763629019,0.0,4.966146947794646,320.0,1.0,7,2,0.0,16431,503914930287734,29,33.33729553222656,-36.69890706576763,0.6357332716555968,25,-3551.669236520219,0.0029574991203844547,1.57542003E9,,,,0,,1,,29.23729705810547,0.0,1.0,0.0,1.0,C,8239971689985
1651867096999,103236000000,,,-1335902211763629019,0.0,4.966146947794646,320.0,1.0,7,6,0.0,16431,503914928995877,16,40.27790451049805,442.857453897637,0.15,25,45786.08735165258,0.0014108159812167287,1.57542003E9,,,,0,,1,,36.17790603637695,0.320142130558394,1.0,0.320142130558394,1.0,C,8239971689985
1651867096999,103236000000,,,-1335902211763629019,0.0,4.966146947794646,320.0,1.0,7,12,0.0,16431,503914930853747,13,42.77639389038086,-186.09259838650132,0.15,25,-18752.63048309002,0.0010581468231976032,1.57542003E9,,,,0,,1,,38.676395416259766,-0.6984919076624261,1.0,-0.6984919076624261,1.0,C,8239971689985
1651867096999,103236000000,,,-1335902211763629019,0.0,4.966146947794646,320.0,1.0,7,17,0.0,16431,503914917325626,41,29.165170669555664,585.1746473736102,0.824615050474713,16,61130.25298100582,3.4028234663852886E38,1.57542003E9,,,,0,,1,,25.065170288085938,-0.7858034271858065,1.0,-0.7858034271858065,1.0,C,8239971689985
1651867096999,103236000000,,,-1335902211763629019,0.0,4.966146947794646,320.0,1.0,7,19,0.0,16431,503914923979971,15,41.59573745727539,608.1355211786363,0.15,25,63370.00819341881,0.0012122124899178743,1.57542003E9,,,,0,,1,,37.4957389831543,0.0,1.0,0.0,1.0,C,8239971689985
1651867096999,103236000000,,,-1335902211763629019,0.0,4.966146947794646,320.0,1.0,7,20,0.0,16431,503914920181262,26,34.62771987915039,-480.5250099396253,0.5794840380679762,25,-48753.49347861307,0.002549197291955352,1.57542003E9,,,,0,,1,,30.527719497680664,0.0,1.0,0.0,1.0,C,8239971689985
1651867096999,103236000000,,,-1335902211763629019,0.0,4.966146947794646,320.0,1.0,7,24,0.0,16431,503914927232926,12,46.70975875854492,499.1201255588185,0.15,25,51754.960399484815,7.091800798662007E-4,1.57542003E9,,,,0,,1,,42.60976028442383,-0.20372681261465636,1.0,-0.20372681261465636,1.0,C,8239971689985
1651867096999,103236000000,,,-1335902211763629019,0.0,4.966146947794646,320.0,1.0,7,25,0.0,16431,503914922058072,15,40.961212158203125,-506.03477433816624,0.15,25,-51451.089005300455,0.0013040821067988873,1.57542003E9,,,,0,,1,,36.86121368408203,-2.0372682255564105,1.0,-2.0372682255564105,1.0,C,8239971689985
1651867096999,103236000000,,,-1335902211763629019,0.0,4.966146947794646,320.0,1.0,7,6,0.0,81921,503914928996410,7,36.77921676635742,443.0969513196228,0.15,25,47253.325270999645,0.002794008469209075,1.17645005E9,,,,0,,1,,32.77921676635742,1.9208527336454408,1.8960321472674524,1.9208527336454408,1.0,Q,8239971689985
1651867096999,103236000000,,,-1335902211763629019,0.0,4.966146947794646,320.0,1.0,7,24,0.0,81921,503914927233453,7,40.83478546142578,499.0278302665547,0.15,25,53276.181532591836,0.001751657691784203,1.17645005E9,,,,0,,1,,36.83478546142578,3.143213708743226,1.8960321472674524,3.143213708743226,1.0,Q,8239971689985
1651867096999,103236000000,,,-1335902211763629019,0.0,4.966146947794646,320.0,1.0,7,25,0.0,81921,503914922058608,8,37.78606414794922,-506.00222559218696,0.15,25,-52991.91923963647,0.0024882007855921984,1.17645005E9,,,,0,,1,,33.78606414794922,1.0186341127782053,1.8960321472674524,1.0186341127782053,1.0,Q,8239971689985
1651867096999,103236000000,,,-1335902211763629019,0.0,4.966146947794646,320.0,1.0,7,18,0.0,32995,82696935406977,39,38.317134857177734,171.38508112935426,0.15,17,17790.48420800154,0.09540745473821201,1.60031245E9,,,,0,,3,,34.21713638305664,48.42877388000488,2.0000000474974513,48.42877388000488,2.0000000474974513,C,8239971689985
1651867096999,103236000000,,,-1335902211763629019,0.0,4.966146947794646,320.0,1.0,7,9,0.0,32995,82696922219514,33,44.28770446777344,-667.6242677619844,0.15,25,-67602.83358808745,8.750227279961109E-4,1.60087501E9,,,,0,,3,,40.187705993652344,48.42877388000488,2.0000000474974513,48.42877388000488,2.0000000474974513,C,8239971689985
1651867096999,103236000000,,,-1335902211763629019,0.0,4.966146947794646,320.0,1.0,7,15,0.0,32995,82696932315243,53,34.580448150634766,581.3963344084045,0.5801949102422088,17,58319.56292761937,0.09608876506939917,1.602E9,,,,0,,3,,30.480449676513672,48.42877388000488,2.0000000474974513,48.42877388000488,2.0000000474974513,C,8239971689985
1651867096999,103236000000,,,-1335902211763629019,0.0,4.966146947794646,320.0,1.0,7,19,0.0,32995,82696929274968,39,38.16953659057617,-409.86440901512174,0.15,25,-42269.74112633686,0.0017667101928964257,1.60368755E9,,,,0,,3,,34.06953811645508,48.42877388000488,2.0000000474974513,48.42877388000488,2.0000000474974513,C,8239971689985
1651867096999,103236000000,,,-1335902211763629019,0.0,4.966146947794646,320.0,1.0,7,17,0.0,32995,82696929009195,33,46.18257522583008,714.2758570960159,0.15,25,74695.63196147545,7.400139584206045E-4,1.60424998E9,,,,0,,3,,42.082576751708984,48.42877388000488,2.0000000474974513,48.42877388000488,2.0000000474974513,C,8239971689985
1651867096999,103236000000,,,-1335902211763629019,0.0,4.966146947794646,320.0,1.0,7,2,0.0,85026,503914914927492,23,35.954898834228516,485.0108065373315,0.5166987612018299,25,49941.77816826772,0.002320709638297558,1.57542003E9,,,,1,,6,,31.85489845275879,-4.423782229423522,1.5000000237487257,-4.423782229423522,1.5000000237487257,C,8239971689985
1651867096999,103236000000,,,-1335902211763629019,0.0,4.966146947794646,320.0,1.0,7,15,0.0,85026,503914918273000,17,42.5782356262207,-312.1234900130496,0.15,25,-31640.357013323406,0.0011411234736442566,1.57542003E9,,,,0,,6,,38.47823715209961,-4.423782229423522,1.5000000237487257,-4.423782229423522,1.5000000237487257,C,8239971689985
1651867096999,103236000000,,,-1335902211763629019,0.0,4.966146947794646,320.0,1.0,7,27,0.0,85026,503914913445980,15,41.05891418457031,-342.9332468131702,0.15,25,-34289.42673133857,0.0012894958490505815,1.57542003E9,,,,0,,6,,36.95891571044922,-4.423782229423522,1.5000000237487257,-4.423782229423522,1.5000000237487257,C,8239971689985
1651867096999,103236000000,,,-1335902211763629019,0.0,4.966146947794646,320.0,1.0,7,30,0.0,85026,503914921555655,22,36.547828674316406,69.45389024977814,0.15,25,7696.183942090387,0.002167575526982546,1.57542003E9,,,,1,,6,,32.44783020019531,-4.423782229423522,1.5000000237487257,-4.423782229423522,1.5000000237487257,C,8239971689985
1651867096999,103236000000,,,-1335902211763629019,0.0,4.966146947794646,320.0,1.0,7,2,0.0,84003,503914914928009,7,34.906707763671875,484.92539590128536,0.561496422532382,25,50556.14896944945,0.003267961088567972,1.17645005E9,,,,0,,6,,30.906707763671875,-2.7614412829279895,2.396032171016178,-2.7614412829279895,1.5000000237487257,Q,8239971689985
1651867096999,103236000000,,,-1335902211763629019,0.0,4.966146947794646,320.0,1.0,7,15,0.0,84003,503914918273522,7,37.132015228271484,-312.13790689215875,0.15,25,-31413.64789672047,0.0026827973779290915,1.17645005E9,,,,0,,6,,33.132015228271484,-9.780214168131348,2.396032171016178,-9.780214168131348,1.5000000237487257,Q,8239971689985
1651867096999,103236000000,,,-1335902211763629019,0.0,4.966146947794646,320.0,1.0,7,27,0.0,84003,503914913446507,7,35.55951690673828,-342.9529805554969,0.5318737752667175,25,-34655.733870876975,0.0030313520692288876,1.17645005E9,,,,0,,6,,31.559518814086914,-6.6402368247508985,2.396032171016178,-6.6402368247508985,1.5000000237487257,Q,8239971689985
1651867096999,103236000000,,,-1335902211763629019,0.0,4.966146947794646,320.0,1.0,7,30,0.0,84003,503914921556183,9,35.02574157714844,69.55972905820266,0.5573359664138748,25,7850.7658698077175,0.003223482985049486,1.17645005E9,,,,0,,6,,31.025739669799805,-6.27082772552967,2.396032171016178,-6.27082772552967,1.5000000237487257,Q,8239971689985
1651867097999,104236000000,,,-1335902211763628699,0.0,4.96703368363007,320.0,1.0,7,2,0.0,16431,503915930287853,28,33.88166427612305,-36.54505033640953,0.6112537469599819,25,-3588.249054381609,0.0027778339572250843,1.57542003E9,,,,0,,1,,29.78166389465332,0.0,1.0,0.0,1.0,C,8240965352421
1651867097999,104236000000,,,-1335902211763628699,0.0,4.96703368363007,320.0,1.0,7,6,0.0,16431,503915928994403,20,37.816768646240234,443.1486544061679,0.15,25,46229.16950407114,0.0018729546573013067,1.57542003E9,,,,0,,1,,33.71677017211914,0.320142130558394,1.0,0.320142130558394,1.0,C,8240965352421
1651867097999,104236000000,,,-1335902211763628699,0.0,4.96703368363007,320.0,1.0,7,12,0.0,16431,503915930854366,16,40.30574035644531,-186.08927534699035,0.15,25,-18938.723302732862,0.0014063020935282111,1.57542003E9,,,,0,,1,,36.20574188232422,-0.6984919076624261,1.0,-0.6984919076624261,1.0,C,8240965352421
1651867097999,104236000000,,,-1335902211763628699,0.0,4.96703368363007,320.0,1.0,7,17,0.0,16431,503915917323680,41,29.02318000793457,585.150380664566,0.8309998528524187,17,61715.43227677325,0.1000067714257983,1.57542003E9,,,,0,,1,,24.923179626464844,-0.7858034271858065,1.0,-0.7858034271858065,1.0,C,8240965352421
1651867097999,104236000000,,,-1335902211763628699,0.0,4.96703368363007,320.0,1.0,7,19,0.0,16431,503915923977949,17,39.70418167114258,608.0506558618945,0.15,25,63978.06617559451,0.0015071501256898046,1.57542003E9,,,,0,,1,,35.604183197021484,0.0,1.0,0.0,1.0,C,8240965352421
1651867097999,104236000000,,,-1335902211763628699,0.0,4.96703368363007,320.0,1.0,7,20,0.0,16431,503915920182850,28,33.88837814331055,-480.48993909186333,0.6127316741078714,25,-49234.0229989834,0.002775687724351883,1.57542003E9,,,,0,,1,,29.78837776184082,0.0,1.0,0.0,1.0,C,8240965352421
1651867097999,104236000000,,,-1335902211763628699,0.0,4.96703368363007,320.0,1.0,7,24,0.0,16431,503915927231261,13,45.56309127807617,499.11947799214454,0.15,25,52254.04698172454,8.092631469480693E-4,1.57542003E9,,,,0,,1,,41.46309280395508,-0.20372681261465636,1.0,-0.20372681261465636,1.0,C,8240965352421
1651867097999,104236000000,,,-1335902211763628699,0.0,4.96703368363007,320.0,1.0,7,25,0.0,16431,503915922059773,15,41.083133697509766,-506.10232576699445,0.15,25,-51957.172563265565,0.0012859052512794733,1.57542003E9,,,,0,,1,,36.98313522338867,-2.0372682255564105,1.0,-2.0372682255564105,1.0,C,8240965352421
1651867097999,104236000000,,,-1335902211763628699,0.0,4.96703368363007,320.0,1.0,7,6,0.0,81921,503915928994929,6,37.49913024902344,443.08386365631804,0.15,25,47696.349260411385,0.00257176929153502,1.17645005E9,,,,0,,1,,33.49913024902344,1.9208527336454408,1.890153645373739,1.9208527336454408,1.0,Q,8240965352421
1651867097999,104236000000,,,-1335902211763628699,0.0,4.96703368363007,320.0,1.0,7,24,0.0,81921,503915927231790,7,41.46005630493164,499.18433690690745,0.15,25,53775.26929020525,0.0016299932030960917,1.17645005E9,,,,0,,1,,37.46005630493164,3.143213708743226,1.890153645373739,3.143213708743226,1.0,Q,8240965352421
1651867097999,104236000000,,,-1335902211763628699,0.0,4.96703368363007,320.0,1.0,7,25,0.0,81921,503915922060295,7,37.25687026977539,-506.0840234878417,0.15,25,-53498.00474145696,0.002644509309902787,1.17645005E9,,,,0,,1,,33.25687026977539,1.0186341127782053,1.890153645373739,1.0186341127782053,1.0,Q,8240965352421
1651867097999,104236000000,,,-1335902211763628699,0.0,4.96703368363007,320.0,1.0,7,18,0.0,32995,82697935406439,48,35.579105377197266,171.5747499999037,0.5358425175672838,17,17962.010381799086,0.09591603660844751,1.60031245E9,,,,0,,3,,31.479106903076172,48.42877388000488,2.0000000474974513,48.42877388000488,2.0000000474974513,C,8240965352421
1651867097999,104236000000,,,-1335902211763628699,0.0,4.96703368363007,320.0,1.0,7,9,0.0,32995,82697922221722,33,44.016876220703125,-667.7251518332919,0.15,25,-68270.50947012131,9.027359774336219E-4,1.60087501E9,,,,0,,3,,39.91687774658203,48.42877388000488,2.0000000474974513,48.42877388000488,2.0000000474974513,C,8240965352421
1651867097999,104236000000,,,-1335902211763628699,0.0,4.96703368363007,320.0,1.0,7,15,0.0,32995,82697932313313,66,31.749414443969727,581.5393443959742,0.7075030035841858,17,58900.99294645248,0.09706000878617554,1.602E9,,,,0,,3,,27.6494140625,48.42877388000488,2.0000000474974513,48.42877388000488,2.0000000474974513,C,8240965352421
1651867097999,104236000000,,,-1335902211763628699,0.0,4.96703368363007,320.0,1.0,7,19,0.0,32995,82697929276321,42,37.383888244628906,-409.8484925079256,0.15,25,-42679.62237269512,0.0019339615246281028,1.60368755E9,,,,0,,3,,33.28388977050781,48.42877388000488,2.0000000474974513,48.42877388000488,2.0000000474974513,C,8240965352421
1651867097999,104236000000,,,-1335902211763628699,0.0,4.96703368363007,320.0,1.0,7,17,0.0,32995,82697929006813,33,44.24549865722656,714.1892194915349,0.15,25,75409.84624378067,9.2489761300385E-4,1.60424998E9,,,,0,,3,,40.14550018310547,48.42877388000488,2.0000000474974513,48.42877388000488,2.0000000474974513,C,8240965352421
1651867097999,104236000000,,,-1335902211763628699,0.0,4.96703368363007,320.0,1.0,7,2,0.0,85026,503915914925878,24,35.74746322631836,484.9175569362851,0.5260265703868208,25,50426.7008549786,0.0023767994716763496,1.57542003E9,,,,1,,6,,31.647462844848633,-4.423782229423522,1.5000000237487257,-4.423782229423522,1.5000000237487257,C,8240965352421
1651867097999,104236000000,,,-1335902211763628699,0.0,4.96703368363007,320.0,1.0,7,15,0.0,85026,503915918274026,17,42.14958953857422,-312.06156218954766,0.15,25,-31952.4677549756,0.001198850222863257,1.57542003E9,,,,0,,6,,38.049591064453125,-4.423782229423522,1.5000000237487257,-4.423782229423522,1.5000000237487257,C,8240965352421
1651867097999,104236000000,,,-1335902211763628699,0.0,4.96703368363007,320.0,1.0,7,27,0.0,85026,503915913447121,16,40.68464660644531,-342.97714501717155,0.15,25,-34632.40042553162,0.001346273347735405,1.57542003E9,,,,0,,6,,36.58464813232422,-4.423782229423522,1.5000000237487257,-4.423782229423522,1.5000000237487257,C,8240965352421
1651867097999,104236000000,,,-1335902211763628699,0.0,4.96703368363007,320.0,1.0,7,30,0.0,85026,503915921555400,28,33.49303436279297,69.47883860795284,0.6278787964749406,25,7765.767243869211,0.003081158036366105,1.57542003E9,,,,1,,6,,29.393033981323242,-4.423782229423522,1.5000000237487257,-4.423782229423522,1.5000000237487257,C,8240965352421
1651867097999,104236000000,,,-1335902211763628699,0.0,4.96703368363007,320.0,1.0,7,2,0.0,84003,503915914926392,7,34.09377670288086,484.96261394380826,0.5980527195469056,25,51041.07327508814,0.003588586812838912,1.17645005E9,,,,0,,6,,30.09377670288086,-2.7614412829279895,2.3901536691224647,-2.7614412829279895,1.5000000237487257,Q,8240965352421
1651867097999,104236000000,,,-1335902211763628699,0.0,4.96703368363007,320.0,1.0,7,15,0.0,84003,503915918274565,6,37.22246170043945,-312.07052587561316,0.15,25,-31725.767849894244,0.0026550062466412783,1.17645005E9,,,,0,,6,,33.22246170043945,-9.780214168131348,2.3901536691224647,-9.780214168131348,1.5000000237487257,Q,8240965352421
1651867097999,104236000000,,,-1335902211763628699,0.0,4.96703368363007,320.0,1.0,7,27,0.0,84003,503915913447651,7,36.04899597167969,-342.95400302919256,0.15,25,-34998.705601954745,0.002865249989554286,1.17645005E9,,,,0,,6,,32.04899597167969,-6.6402368247508985,2.3901536691224647,-6.6402368247508985,1.5000000237487257,Q,8240965352421
1651867097999,104236000000,,,-1335902211763628699,0.0,4.96703368363007,320.0,1.0,7,30,0.0,84003,503915921555952,8,34.50025939941406,69.58688851574428,0.580966292090229,25,7920.343460374794,0.0034245182760059834,1.17645005E9,,,,0,,6,,30.50025749206543,-6.27082772552967,2.3901536691224647,-6.27082772552967,1.5000000237487257,Q,8240965352421
1651867098999,105236000000,,,-1335902211763628380,0.0,5.08382116718859,320.0,1.0,7,2,0.0,16431,503916930287975,30,32.8918342590332,-36.599501321011786,0.6557652354768786,25,-3624.949741895595,0.0031131331343203783,1.57542003E9,,,,0,,1,,28.79183578491211,0.0,1.0,0.0,1.0,C,8241961231612
1651867098999,105236000000,,,-1335902211763628380,0.0,5.08382116718859,320.0,1.0,7,6,0.0,16431,503916928992919,16,40.533660888671875,443.0783082159048,0.15,25,46672.08321646471,0.0013698800466954708,1.57542003E9,,,,0,,1,,36.43366241455078,0.320142130558394,1.0,0.320142130558394,1.0,C,8241961231612
1651867098999,105236000000,,,-1335902211763628380,0.0,5.08382116718859,320.0,1.0,7,12,0.0,16431,503916930854982,14,42.38791275024414,-186.16737529611237,0.15,25,-19124.913354970085,0.001106547424569726,1.57542003E9,,,,0,,1,,38.28791427612305,-0.6984919076624261,1.0,-0.6984919076624261,1.0,C,8241961231612
1651867098999,105236000000,,,-1335902211763628380,0.0,5.08382116718859,320.0,1.0,7,17,0.0,16431,503916917321722,39,29.535348892211914,585.0240029157794,0.8079679006168528,25,62300.405015480945,0.004581652116030455,1.57542003E9,,,,0,,1,,25.435348510742188,-0.7858034271858065,1.0,-0.7858034271858065,1.0,C,8241961231612
1651867098999,105236000000,,,-1335902211763628380,0.0,5.08382116718859,320.0,1.0,7,19,0.0,16431,503916923975922,14,41.86942672729492,607.8976937970201,0.15,25,64585.97859399254,0.0011746118543669581,1.57542003E9,,,,0,,1,,37.76942825317383,0.0,1.0,0.0,1.0,C,8241961231612
1651867098999,105236000000,,,-1335902211763628380,0.0,5.08382116718859,320.0,1.0,7,20,0.0,16431,503916920184464,28,33.64009094238281,-480.7515219456759,0.6238970735512845,25,-49714.7107821771,0.002856174949556589,1.57542003E9,,,,0,,1,,29.54009246826172,0.0,1.0,0.0,1.0,C,8241961231612
1651867098999,105236000000,,,-1335902211763628380,0.0,5.08382116718859,320.0,1.0,7,24,0.0,16431,503916927229592,12,46.347686767578125,499.00172310485823,0.15,25,52753.03746730359,7.39367154892534E-4,1.57542003E9,,,,0,,1,,42.24768829345703,-0.20372681261465636,1.0,-0.20372681261465636,1.0,C,8241961231612
1651867098999,105236000000,,,-1335902211763628380,0.0,5.08382116718859,320.0,1.0,7,25,0.0,16431,503916922061450,16,40.72243881225586,-506.2795886233696,0.15,25,-52463.40129896619,0.00134042848367244,1.57542003E9,,,,0,,1,,36.622440338134766,-2.0372682255564105,1.0,-2.0372682255564105,1.0,C,8241961231612
1651867098999,105236000000,,,-1335902211763628380,0.0,5.08382116718859,320.0,1.0,7,6,0.0,81921,503916928993456,10,35.88160705566406,442.9753451147494,0.5165888918766524,25,48139.2881691266,0.003098191460594535,1.17645005E9,,,,0,,1,,31.881607055664062,1.9208527336454408,1.884509253669759,1.9208527336454408,1.0,Q,8241961231612
1651867098999,105236000000,,,-1335902211763628380,0.0,5.08382116718859,320.0,1.0,7,24,0.0,81921,503916927230124,7,42.33051300048828,498.97053765713986,0.15,25,54274.264402939116,0.001474561751820147,1.17645005E9,,,,0,,1,,38.33051300048828,3.143213708743226,1.884509253669759,3.143213708743226,1.0,Q,8241961231612
1651867098999,105236000000,,,-1335902211763628380,0.0,5.08382116718859,320.0,1.0,7,25,0.0,81921,503916922061985,8,36.460838317871094,-506.32178270454483,0.15,25,-54004.24025951246,0.0028983224183321,1.17645005E9,,,,0,,1,,32.460838317871094,1.0186341127782053,1.884509253669759,1.0186341127782053,1.0,Q,8241961231612
1651867098999,105236000000,,,-1335902211763628380,0.0,5.08382116718859,320.0,1.0,7,18,0.0,32995,82698935405845,43,36.99756622314453,171.54562654080496,0.15,17,18133.4696970224,0.0956930328149397,1.60031245E9,,,,0,,3,,32.89756774902344,48.42877388000488,2.0000000474974513,48.42877388000488,2.0000000474974513,C,8241961231612
1651867098999,105236000000,,,-1335902211763628380,0.0,5.08382116718859,320.0,1.0,7,9,0.0,32995,82698922223962,33,44.3731575012207,-667.876273445514,0.15,25,-68938.3155791939,8.664561901241541E-4,1.60087501E9,,,,0,,3,,40.27315902709961,48.42877388000488,2.0000000474974513,48.42877388000488,2.0000000474974513,C,8241961231612
1651867098999,105236000000,,,-1335902211763628380,0.0,5.08382116718859,320.0,1.0,7,15,0.0,32995,82698932311381,73,30.595882415771484,581.5020581885383,0.7593757036043285,17,59482.396209948136,0.0975559450420776,1.602E9,,,,0,,3,,26.495882034301758,48.42877388000488,2.0000000474974513,48.42877388000488,2.0000000474974513,C,8241961231612
1651867098999,105236000000,,,-1335902211763628380,0.0,5.08382116718859,320.0,1.0,7,19,0.0,32995,82698929277699,40,37.926292419433594,-409.9241555614062,0.15,25,-43089.58589570225,0.0018168860115110874,1.60368755E9,,,,0,,3,,33.8262939453125,48.42877388000488,2.0000000474974513,48.42877388000488,2.0000000474974513,C,8241961231612
1651867098999,105236000000,,,-1335902211763628380,0.0,5.08382116718859,320.0,1.0,7,17,0.0,32995,82698929004425,33,45.43956756591797,714.0764747253575,0.15,25,76123.93406904387,8.061026455834508E-4,1.60424998E9,,,,0,,3,,41.339569091796875,48.42877388000488,2.0000000474974513,48.42877388000488,2.0000000474974513,C,8241961231612
1651867098999,105236000000,,,-1335902211763628380,0.0,5.08382116718859,320.0,1.0,7,2,0.0,85026,503916914924246,24,35.68739700317383,484.8337481756955,0.5287274719316577,25,50911.51216268632,0.0023932931944727898,1.57542003E9,,,,1,,6,,31.5873966217041,-4.423782229423522,1.5000000237487257,-4.423782229423522,1.5000000237487257,C,8241961231612
1651867098999,105236000000,,,-1335902211763628380,0.0,5.08382116718859,320.0,1.0,7,15,0.0,85026,503916918275089,18,41.674705505371094,-312.2748502024674,0.15,25,-32264.71982346445,0.0012662200024351478,1.57542003E9,,,,0,,6,,37.57470703125,-4.423782229423522,1.5000000237487257,-4.423782229423522,1.5000000237487257,C,8241961231612
1651867098999,105236000000,,,-1335902211763628380,0.0,5.08382116718859,320.0,1.0,7,27,0.0,85026,503916913448267,16,40.81757354736328,-343.16183784906866,0.15,25,-34975.5297150017,0.0013258274411782622,1.57542003E9,,,,0,,6,,36.71757507324219,-4.423782229423522,1.5000000237487257,-4.423782229423522,1.5000000237487257,C,8241961231612
1651867098999,105236000000,,,-1335902211763628380,0.0,5.08382116718859,320.0,1.0,7,30,0.0,85026,503916921555185,28,33.8887825012207,69.46160566587349,0.6100822290843082,25,7835.201367648352,0.0027755573391914368,1.57542003E9,,,,0,,6,,29.78878402709961,-4.423782229423522,1.5000000237487257,-4.423782229423522,1.5000000237487257,C,8241961231612
1651867098999,105236000000,,,-1335902211763628380,0.0,5.08382116718859,320.0,1.0,7,2,0.0,84003,503916914924775,8,34.73583984375,484.83811073013044,0.5691795534882536,25,51525.87825051,0.0033328847493976355,1.17645005E9,,,,0,,6,,30.73583984375,-2.7614412829279895,2.3845092774184846,-2.7614412829279895,1.5000000237487257,Q,8241961231612
1651867098999,105236000000,,,-1335902211763628380,0.0,5.08382116718859,320.0,1.0,7,15,0.0,84003,503916918275604,6,38.23086166381836,-312.27130562698903,0.15,25,-32038.007210166776,0.0023639893624931574,1.17645005E9,,,,0,,6,,34.23086166381836,-9.780214168131348,2.3845092774184846,-9.780214168131348,1.5000000237487257,Q,8241961231612
1651867098999,105236000000,,,-1335902211763628380,0.0,5.08382116718859,320.0,1.0,7,27,0.0,84003,503916913448796,7,35.5842399597168,-343.1775498615257,0.5307625007956398,25,-35341.84209954913,0.0030227371025830507,1.17645005E9,,,,0,,6,,31.584239959716797,-6.6402368247508985,2.3845092774184846,-6.6402368247508985,1.5000000237487257,Q,8241961231612
1651867098999,105236000000,,,-1335902211763628380,0.0,5.08382116718859,320.0,1.0,7,30,0.0,84003,503916921555719,9,33.85363006591797,69.48960866421405,0.6100442191572095,25,7989.769195559107,0.0036891873460263014,1.17645005E9,,,,0,,6,,29.8536319732666,-6.27082772552967,2.3845092774184846,-6.27082772552967,1.5000000237487257,Q,8241961231612
1651867099999,106236000000,,,-1335902211763628061,0.0,4.96682213947561,319.0,1.0,7,2,0.0,16431,503917930288104,30,32.66291046142578,-36.843489106644455,0.6660597349619168,25,-3661.719362252158,0.003196273697540164,1.57542003E9,,,,0,,1,,28.562910079956055,0.0,1.0,0.0,1.0,C,8242965146245
1651867099999,106236000000,,,-1335902211763628061,0.0,4.96682213947561,319.0,1.0,7,6,0.0,16431,503917928991440,18,39.34574508666992,442.779745896765,0.15,25,47114.93582976464,0.0015706460690125823,1.57542003E9,,,,0,,1,,35.24574661254883,0.320142130558394,1.0,0.320142130558394,1.0,C,8242965146245
1651867099999,106236000000,,,-1335902211763628061,0.0,4.96682213947561,319.0,1.0,7,12,0.0,16431,503917930855609,14,42.06025314331055,-186.42220982353342,0.15,25,-19311.226625151892,0.0011490870965644717,1.57542003E9,,,,0,,1,,37.96025466918945,-0.6984919076624261,1.0,-0.6984919076624261,1.0,C,8242965146245
1651867099999,106236000000,,,-1335902211763628061,0.0,4.96682213947561,319.0,1.0,7,17,0.0,16431,503917917319763,35,30.936174392700195,584.6758847048554,0.7449740018391,25,62885.194153136654,0.0038992473855614662,1.57542003E9,,,,0,,1,,26.83617401123047,-0.7858034271858065,1.0,-0.7858034271858065,1.0,C,8242965146245
1651867099999,106236000000,,,-1335902211763628061,0.0,4.96682213947561,319.0,1.0,7,19,0.0,16431,503917923973893,15,40.89594650268555,607.6339637484466,0.15,25,65193.72440169023,0.0013139182701706886,1.57542003E9,,,,0,,1,,36.79594802856445,0.0,1.0,0.0,1.0,C,8242965146245
1651867099999,106236000000,,,-1335902211763628061,0.0,4.96682213947561,319.0,1.0,7,20,0.0,16431,503917920186061,29,33.439537048339844,-480.94272452676887,0.6329161436086332,25,-50195.553673714836,0.0029228907078504562,1.57542003E9,,,,0,,1,,29.339536666870117,0.0,1.0,0.0,1.0,C,8242965146245
1651867099999,106236000000,,,-1335902211763628061,0.0,4.96682213947561,319.0,1.0,7,24,0.0,16431,503917927227927,12,46.083152770996094,498.8354007170269,0.15,25,53251.948637839974,7.622310076840222E-4,1.57542003E9,,,,0,,1,,41.983154296875,-0.20372681261465636,1.0,-0.20372681261465636,1.0,C,8242965146245
1651867099999,106236000000,,,-1335902211763628061,0.0,4.96682213947561,319.0,1.0,7,25,0.0,16431,503917922063149,15,41.338382720947266,-506.52965160687745,0.15,25,-52969.797038980134,0.0012486667837947607,1.57542003E9,,,,0,,1,,37.23838424682617,-2.0372682255564105,1.0,-2.0372682255564105,1.0,C,8242965146245
1651867099999,106236000000,,,-1335902211763628061,0.0,4.96682213947561,319.0,1.0,7,6,0.0,81921,503917928991976,8,36.03474807739258,442.75636533159036,0.15,25,48582.15143487555,0.0030440459959208965,1.17645005E9,,,,0,,1,,32.03474807739258,1.9208527336454408,1.8788999536417774,1.9208527336454408,1.0,Q,8242965146245
1651867099999,106236000000,,,-1335902211763628061,0.0,4.96682213947561,319.0,1.0,7,24,0.0,81921,503917927228460,6,41.78984069824219,498.7687354320683,0.15,25,54773.167924323774,0.001569265965372324,1.17645005E9,,,,0,,1,,37.78984069824219,3.143213708743226,1.8788999536417774,3.143213708743226,1.0,Q,8242965146245
1651867099999,106236000000,,,-1335902211763628061,0.0,4.96682213947561,319.0,1.0,7,25,0.0,81921,503917922063673,9,34.97331237792969,-506.60153150768406,0.5561873809723263,25,-54510.636640746954,0.0032429988496005535,1.17645005E9,,,,0,,1,,30.973310470581055,1.0186341127782053,1.8788999536417774,1.0186341127782053,1.0,Q,8242965146245
1651867099999,106236000000,,,-1335902211763628061,0.0,4.96682213947561,319.0,1.0,7,18,0.0,32995,82699935405285,44,36.652496337890625,171.34309154291816,0.15,17,18304.874486097742,0.09565457315072902,1.60031245E9,,,,0,,3,,32.55249786376953,48.42877388000488,2.0000000474974513,48.42877388000488,2.0000000474974513,C,8242965146245
1651867099999,106236000000,,,-1335902211763628061,0.0,4.96682213947561,319.0,1.0,7,9,0.0,32995,82699922226189,33,44.35841751098633,-668.0867666969989,0.15,25,-69606.2850226213,8.679282036609948E-4,1.60087501E9,,,,0,,3,,40.258419036865234,48.42877388000488,2.0000000474974513,48.42877388000488,2.0000000474974513,C,8242965146245
1651867099999,106236000000,,,-1335902211763628061,0.0,4.96682213947561,319.0,1.0,7,15,0.0,32995,82699932309507,80,29.376802444458008,581.3156271513585,0.814196070142609,17,60063.726548719394,0.09815681480944544,1.602E9,,,,0,,3,,25.27680206298828,48.42877388000488,2.0000000474974513,48.42877388000488,2.0000000474974513,C,8242965146245
1651867099999,106236000000,,,-1335902211763628061,0.0,4.96682213947561,319.0,1.0,7,19,0.0,32995,82699929279088,40,37.815887451171875,-410.1475319814567,0.15,25,-43499.635092911456,0.0018401271663606167,1.60368755E9,,,,0,,3,,33.71588897705078,48.42877388000488,2.0000000474974513,48.42877388000488,2.0000000474974513,C,8242965146245
1651867099999,106236000000,,,-1335902211763628061,0.0,4.96682213947561,319.0,1.0,7,17,0.0,32995,82699929002064,33,44.28583526611328,713.8597103018724,0.15,25,76837.88829111248,9.206124814227223E-4,1.60424998E9,,,,0,,3,,40.18583679199219,48.42877388000488,2.0000000474974513,48.42877388000488,2.0000000474974513,C,8242965146245
1651867099999,106236000000,,,-1335902211763628061,0.0,4.96682213947561,319.0,1.0,7,2,0.0,85026,503917914922623,23,35.97607421875,484.5258131810119,0.5157456506305533,25,51396.17450081721,0.002315058372914791,1.57542003E9,,,,0,,6,,31.876075744628906,-4.423782229423522,1.5000000237487257,-4.423782229423522,1.5000000237487257,C,8242965146245
1651867099999,106236000000,,,-1335902211763628061,0.0,4.96682213947561,319.0,1.0,7,15,0.0,85026,503917918276123,18,41.2777099609375,-312.49263709964816,0.15,25,-32577.071924761633,0.0013254365185275674,1.57542003E9,,,,0,,6,,37.177711486816406,-4.423782229423522,1.5000000237487257,-4.423782229423522,1.5000000237487257,C,8242965146245
1651867099999,106236000000,,,-1335902211763628061,0.0,4.96682213947561,319.0,1.0,7,27,0.0,85026,503917913449413,15,41.014976501464844,-343.3800678181842,0.15,25,-35318.82053844669,0.0012960353633388877,1.57542003E9,,,,0,,6,,36.91497802734375,-4.423782229423522,1.5000000237487257,-4.423782229423522,1.5000000237487257,C,8242965146245
1651867099999,106236000000,,,-1335902211763628061,0.0,4.96682213947561,319.0,1.0,7,30,0.0,85026,503917921554954,30,32.99388122558594,69.26882251085928,0.6503250230563187,25,7904.521810652954,0.0030767726711928844,1.57542003E9,,,,0,,6,,28.89388084411621,-4.423782229423522,1.5000000237487257,-4.423782229423522,1.5000000237487257,C,8242965146245
1651867099999,106236000000,,,-1335902211763628061,0.0,4.96682213947561,319.0,1.0,7,2,0.0,84003,503917914923160,6,34.21200942993164,484.57533499033957,0.592735390358262,25,52010.54353877229,0.0035400702618062496,1.17645005E9,,,,0,,6,,30.21200942993164,-2.7614412829279895,2.3788999773905033,-2.7614412829279895,1.5000000237487257,Q,8242965146245
1651867099999,106236000000,,,-1335902211763628061,0.0,4.96682213947561,319.0,1.0,7,15,0.0,84003,503917918276649,7,37.7720832824707,-312.5469645353455,0.15,25,-32350.36971593641,0.0024922089651226997,1.17645005E9,,,,0,,6,,33.7720832824707,-9.780214168131348,2.3788999773905033,-9.780214168131348,1.5000000237487257,Q,8242965146245
1651867099999,106236000000,,,-1335902211763628061,0.0,4.96682213947561,319.0,1.0,7,27,0.0,84003,503917913449941,7,35.265438079833984,-343.4208304361855,0.5450988667579832,25,-35685.13754619442,0.0031357426196336746,1.17645005E9,,,,0,,6,,31.265438079833984,-6.6402368247508985,2.3788999773905033,-6.6402368247508985,1.5000000237487257,Q,8242965146245
1651867099999,106236000000,,,-1335902211763628061,0.0,4.96682213947561,319.0,1.0,7,30,0.0,84003,503917921555488,8,33.402061462402344,69.2796522114194,0.6303507730823128,25,8059.0908663116625,0.0038860582280904055,1.17645005E9,,,,0,,6,,29.402061462402344,-6.27082772552967,2.3788999773905033,-6.27082772552967,1.5000000237487257,Q,8242965146245
1651867100999,107236000000,,,-1335902211763627743,0.0,4.98711884676149,318.0,1.0,7,2,0.0,16431,503918930288228,33,31.778074264526367,-36.67962491598985,0.7058498047409358,25,-3698.505166223502,0.0035390418488532305,1.57542003E9,,,,0,,1,,27.67807388305664,0.0,1.0,0.0,1.0,C,8243963769130
1651867100999,107236000000,,,-1335902211763627743,0.0,4.98711884676149,318.0,1.0,7,6,0.0,16431,503918928989958,15,41.068912506103516,442.8499216747455,0.15,25,47557.761376137416,0.0012880124850198627,1.57542003E9,,,,0,,1,,36.96891403198242,0.320142130558394,1.0,0.320142130558394,1.0,C,8243963769130
1651867100999,107236000000,,,-1335902211763627743,0.0,4.98711884676149,318.0,1.0,7,12,0.0,16431,503918930856223,12,43.54792785644531,-186.35080707711813,0.15,25,-19497.595564821047,9.682092349976301E-4,1.57542003E9,,,,0,,1,,39.44792938232422,-0.6984919076624261,1.0,-0.6984919076624261,1.0,C,8243963769130
1651867100999,107236000000,,,-1335902211763627743,0.0,4.98711884676149,318.0,1.0,7,17,0.0,16431,503918917317825,31,32.42203903198242,584.6583663222027,0.6781558783645134,25,63469.85884621635,0.003286150051280856,1.57542003E9,,,,0,,1,,28.322040557861328,-0.7858034271858065,1.0,-0.7858034271858065,1.0,C,8243963769130
1651867100999,107236000000,,,-1335902211763627743,0.0,4.98711884676149,318.0,1.0,7,19,0.0,16431,503918923971861,13,42.728206634521484,607.6672963909259,0.15,25,65801.35262104202,0.001064033480361104,1.57542003E9,,,,0,,1,,38.62820816040039,0.0,1.0,0.0,1.0,C,8243963769130
1651867100999,107236000000,,,-1335902211763627743,0.0,4.98711884676149,318.0,1.0,7,20,0.0,16431,503918920187674,30,32.80009841918945,-480.94790506016034,0.6616711527135197,25,-50676.53220565186,0.0031461867038160563,1.57542003E9,,,,0,,1,,28.70009994506836,0.0,1.0,0.0,1.0,C,8243963769130
1651867100999,107236000000,,,-1335902211763627743,0.0,4.98711884676149,318.0,1.0,7,24,0.0,16431,503918927226270,12,46.72238540649414,498.889319163246,0.15,25,53750.80980781207,7.081498624756932E-4,1.57542003E9,,,,0,,1,,42.62238693237305,-0.20372681261465636,1.0,-0.20372681261465636,1.0,C,8243963769130
1651867100999,107236000000,,,-1335902211763627743,0.0,4.98711884676149,318.0,1.0,7,25,0.0,16431,503918922064832,15,41.36308670043945,-506.5107358435073,0.15,25,-53476.30492762678,0.001245120307430625,1.57542003E9,,,,0,,1,,37.26308822631836,-2.0372682255564105,1.0,-2.0372682255564105,1.0,C,8243963769130
1651867100999,107236000000,,,-1335902211763627743,0.0,4.98711884676149,318.0,1.0,7,6,0.0,81921,503918928990500,8,36.21774673461914,442.79262906533063,0.15,25,49024.97847274135,0.002980583580210805,1.17645005E9,,,,0,,1,,32.21774673461914,1.9208527336454408,1.872992026433346,1.9208527336454408,1.0,Q,8243963769130
1651867100999,107236000000,,,-1335902211763627743,0.0,4.98711884676149,318.0,1.0,7,24,0.0,81921,503918927226795,7,41.48949432373047,498.92268588818183,0.15,25,55272.040125484,0.0016244779108092189,1.17645005E9,,,,0,,1,,37.48949432373047,3.143213708743226,1.872992026433346,3.143213708743226,1.0,Q,8243963769130
1651867100999,107236000000,,,-1335902211763627743,0.0,4.98711884676149,318.0,1.0,7,25,0.0,81921,503918922065362,7,34.94187545776367,-506.5631887440959,0.5576013369469377,25,-55017.14281985911,0.0032547572627663612,1.17645005E9,,,,0,,1,,30.941875457763672,1.0186341127782053,1.872992026433346,1.0186341127782053,1.0,Q,8243963769130
1651867100999,107236000000,,,-1335902211763627743,0.0,4.98711884676149,318.0,1.0,7,18,0.0,32995,82700935404681,38,38.58294677734375,171.46122133722622,0.15,17,18476.267001315937,0.09535499415249117,1.60031245E9,,,,0,,3,,34.482948303222656,48.42877388000488,2.0000000474974513,48.42877388000488,2.0000000474974513,C,8243963769130
1651867100999,107236000000,,,-1335902211763627743,0.0,4.98711884676149,318.0,1.0,7,9,0.0,32995,82700922228407,33,44.54561996459961,-668.0826086373031,0.15,25,-70274.3754347441,8.494218927808106E-4,1.60087501E9,,,,0,,3,,40.445621490478516,48.42877388000488,2.0000000474974513,48.42877388000488,2.0000000474974513,C,8243963769130
1651867100999,107236000000,,,-1335902211763627743,0.0,4.98711884676149,318.0,1.0,7,15,0.0,32995,82700932307535,80,29.385190963745117,581.4088767524049,0.8138185004289422,17,60645.05952463727,0.09815238450795799,1.602E9,,,,0,,3,,25.28519058227539,48.42877388000488,2.0000000474974513,48.42877388000488,2.0000000474974513,C,8243963769130
1651867100999,107236000000,,,-1335902211763627743,0.0,4.98711884676149,318.0,1.0,7,19,0.0,32995,82700929280478,38,38.478267669677734,-410.0245283958659,0.15,25,-43909.72111808897,0.0017050175229087472,1.60368755E9,,,,0,,3,,34.37826919555664,48.42877388000488,2.0000000474974513,48.42877388000488,2.0000000474974513,C,8243963769130
1651867100999,107236000000,,,-1335902211763627743,0.0,4.98711884676149,318.0,1.0,7,17,0.0,32995,82700928999653,33,46.16428756713867,713.8607327755681,0.15,25,77551.74258033061,7.415735744871199E-4,1.60424998E9,,,,0,,3,,42.06428909301758,48.42877388000488,2.0000000474974513,48.42877388000488,2.0000000474974513,C,8243963769130
1651867100999,107236000000,,,-1335902211763627743,0.0,4.98711884676149,318.0,1.0,7,2,0.0,85026,503918914921030,23,36.0925178527832,484.6002151836012,0.15,25,51880.75948964478,0.0022842297330498695,1.57542003E9,,,,1,,6,,31.99251937866211,-4.423782229423522,1.5000000237487257,-4.423782229423522,1.5000000237487257,C,8243963769130
1651867100999,107236000000,,,-1335902211763627743,0.0,4.98711884676149,318.0,1.0,7,15,0.0,85026,503918918277172,18,41.4564208984375,-312.40119386879746,0.15,25,-32889.500782521274,0.0012984444620087743,1.57542003E9,,,,0,,6,,37.356422424316406,-4.423782229423522,1.5000000237487257,-4.423782229423522,1.5000000237487257,C,8243963769130
1651867100999,107236000000,,,-1335902211763627743,0.0,4.98711884676149,318.0,1.0,7,27,0.0,85026,503918913450559,15,41.63121032714844,-343.4216143326855,0.15,25,-35662.23896977108,0.0012072720564901829,1.57542003E9,,,,0,,6,,37.531211853027344,-4.423782229423522,1.5000000237487257,-4.423782229423522,1.5000000237487257,C,8243963769130
1651867100999,107236000000,,,-1335902211763627743,0.0,4.98711884676149,318.0,1.0,7,30,0.0,85026,503918921554719,27,34.06843566894531,69.33820161141853,0.6020034221097421,25,7973.75612217277,0.002883658278733492,1.57542003E9,,,,0,,6,,29.96843719482422,-4.423782229423522,1.5000000237487257,-4.423782229423522,1.5000000237487257,C,8243963769130
1651867100999,107236000000,,,-1335902211763627743,0.0,4.98711884676149,318.0,1.0,7,2,0.0,84003,503918914921542,8,34.9193000793457,484.61521146447126,0.5609290028851155,25,52495.11620285534,0.003263227641582489,1.17645005E9,,,,0,,6,,30.919300079345703,-2.7614412829279895,2.372992050182072,-2.7614412829279895,1.5000000237487257,Q,8243963769130
1651867100999,107236000000,,,-1335902211763627743,0.0,4.98711884676149,318.0,1.0,7,15,0.0,84003,503918918277689,8,37.574806213378906,-312.3417540646217,0.15,25,-32662.77755545583,0.002549460856243968,1.17645005E9,,,,0,,6,,33.574806213378906,-9.780214168131348,2.372992050182072,-9.780214168131348,1.5000000237487257,Q,8243963769130
1651867100999,107236000000,,,-1335902211763627743,0.0,4.98711884676149,318.0,1.0,7,27,0.0,84003,503918913451086,7,35.18592071533203,-343.37710264446673,0.5486749285682604,25,-36028.547687765815,0.0031645814888179302,1.17645005E9,,,,0,,6,,31.18592071533203,-6.6402368247508985,2.372992050182072,-6.6402368247508985,1.5000000237487257,Q,8243963769130
1651867100999,107236000000,,,-1335902211763627743,0.0,4.98711884676149,318.0,1.0,7,30,0.0,84003,503918921555257,8,33.80037307739258,69.3413286768045,0.6124391774009159,25,8128.3364495399765,0.003711878089234233,1.17645005E9,,,,0,,6,,29.800373077392578,-6.27082772552967,2.372992050182072,-6.27082772552967,1.5000000237487257,Q,8243963769130
1651867101999,108236000000,,,-1335902211763627426,0.0,4.920699946851954,318.0,1.0,7,2,0.0,16431,503919930288364,31,32.285667419433594,-37.10132715054658,0.6830239448596562,25,-3735.4453877295073,0.003338151378557086,1.57542003E9,,,,0,,1,,28.1856689453125,0.0,1.0,0.0,1.0,C,8244972557745
1651867101999,108236000000,,,-1335902211763627426,0.0,4.920699946851954,318.0,1.0,7,6,0.0,16431,503919928988484,16,40.41633605957031,442.5877253367155,0.15,25,48000.45841885884,0.0013885095249861479,1.57542003E9,,,,0,,1,,36.31633758544922,0.320142130558394,1.0,0.320142130558394,1.0,C,8244972557745
1651867101999,108236000000,,,-1335902211763627426,0.0,4.920699946851954,318.0,1.0,7,12,0.0,16431,503919930856854,12,44.044857025146484,-186.71564273296656,0.15,25,-19684.132088094655,9.143716306425631E-4,1.57542003E9,,,,0,,1,,39.94485855102539,-0.6984919076624261,1.0,-0.6984919076624261,1.0,C,8244972557745
1651867101999,108236000000,,,-1335902211763627426,0.0,4.920699946851954,318.0,1.0,7,17,0.0,16431,503919917315864,34,31.22545623779297,584.6418704132457,0.7319645551093688,25,64054.288257403474,0.0037715218495577574,1.57542003E9,,,,0,,1,,27.125455856323242,-0.7858034271858065,1.0,-0.7858034271858065,1.0,C,8244972557745
1651867101999,108236000000,,,-1335902211763627426,0.0,4.920699946851954,318.0,1.0,7,19,0.0,16431,503919923969847,15,41.53599166870117,607.2700994426091,0.15,25,66408.75911408715,0.0012205792590975761,1.57542003E9,,,,0,,1,,37.43599319458008,0.0,1.0,0.0,1.0,C,8244972557745
1651867101999,108236000000,,,-1335902211763627426,0.0,4.920699946851954,318.0,1.0,7,20,0.0,16431,503919920189284,31,32.639434814453125,-481.31354165373705,0.668896367227164,25,-51157.71402096372,0.003204923588782549,1.57542003E9,,,,0,,1,,28.53943634033203,0.0,1.0,0.0,1.0,C,8244972557745
1651867101999,108236000000,,,-1335902211763627426,0.0,4.920699946851954,318.0,1.0,7,24,0.0,16431,503919927224602,12,46.78046798706055,498.5416440242568,0.15,25,54249.52551106043,7.034302107058465E-4,1.57542003E9,,,,0,,1,,42.68046951293945,-0.20372681261465636,1.0,-0.20372681261465636,1.0,C,8244972557745
1651867101999,108236000000,,,-1335902211763627426,0.0,4.920699946851954,318.0,1.0,7,25,0.0,16431,503919922066516,15,40.910850524902344,-506.9422879079991,0.15,25,-53983.04637324805,0.0013116657501086593,1.57542003E9,,,,0,,1,,36.81085205078125,-2.0372682255564105,1.0,-2.0372682255564105,1.0,C,8244972557745
1651867101999,108236000000,,,-1335902211763627426,0.0,4.920699946851954,318.0,1.0,7,6,0.0,81921,503919928989022,7,36.93256378173828,442.63158945826035,0.15,25,49467.68930280497,0.0027451144997030497,1.17645005E9,,,,0,,1,,32.93256378173828,1.9208527336454408,1.867178836809125,1.9208527336454408,1.0,Q,8244972557745
1651867101999,108236000000,,,-1335902211763627426,0.0,4.920699946851954,318.0,1.0,7,24,0.0,81921,503919927225131,6,41.81687927246094,498.57289763688823,0.15,25,55770.759486684445,0.001564388396218419,1.17645005E9,,,,0,,1,,37.81687927246094,3.143213708743226,1.867178836809125,3.143213708743226,1.0,Q,8244972557745
1651867101999,108236000000,,,-1335902211763627426,0.0,4.920699946851954,318.0,1.0,7,25,0.0,81921,503919922067051,7,36.001220703125,-506.96713401880424,0.15,25,-55523.86789031114,0.0028810531366616488,1.17645005E9,,,,0,,1,,32.001220703125,1.0186341127782053,1.867178836809125,1.0186341127782053,1.0,Q,8244972557745
1651867101999,108236000000,,,-1335902211763627426,0.0,4.920699946851954,318.0,1.0,7,18,0.0,32995,82701935404090,35,39.53946304321289,171.17008899360837,0.15,17,18647.548655736136,0.09517896103095748,1.60031245E9,,,,0,,3,,35.4394645690918,48.42877388000488,2.0000000474974513,48.42877388000488,2.0000000474974513,C,8244972557745
1651867101999,108236000000,,,-1335902211763627426,0.0,4.920699946851954,318.0,1.0,7,9,0.0,32995,82701922230646,33,44.20231628417969,-668.5239082843605,0.15,25,-70942.68486121247,8.836670313030481E-4,1.60087501E9,,,,0,,3,,40.102317810058594,48.42877388000488,2.0000000474974513,48.42877388000488,2.0000000474974513,C,8244972557745
1651867101999,108236000000,,,-1335902211763627426,0.0,4.920699946851954,318.0,1.0,7,15,0.0,32995,82701932305582,68,31.371417999267578,581.0536012256111,0.7244996983232985,17,61226.24668679515,0.09721532219231516,1.602E9,,,,0,,3,,27.27141761779785,48.42877388000488,2.0000000474974513,48.42877388000488,2.0000000474974513,C,8244972557745
1651867101999,108236000000,,,-1335902211763627426,0.0,4.920699946851954,318.0,1.0,7,19,0.0,32995,82701929281805,38,38.582820892333984,-410.4021279316821,0.15,25,-44319.9517994117,0.0016846169019117951,1.60368755E9,,,,0,,3,,34.48282241821289,48.42877388000488,2.0000000474974513,48.42877388000488,2.0000000474974513,C,8244972557745
1651867101999,108236000000,,,-1335902211763627426,0.0,4.920699946851954,318.0,1.0,7,17,0.0,32995,82701928997273,33,46.76813507080078,713.4672167325557,0.15,25,78265.39147687933,6.917702266946435E-4,1.60424998E9,,,,0,,3,,42.66813659667969,48.42877388000488,2.0000000474974513,48.42877388000488,2.0000000474974513,C,8244972557745
1651867101999,108236000000,,,-1335902211763627426,0.0,4.920699946851954,318.0,1.0,7,2,0.0,85026,503919914919401,25,35.21893310546875,484.1847841210447,0.5497927932018298,25,52365.14077794377,0.0025259165558964014,1.57542003E9,,,,1,,6,,31.118934631347656,-4.423782229423522,1.5000000237487257,-4.423782229423522,1.5000000237487257,C,8244972557745
1651867101999,108236000000,,,-1335902211763627426,0.0,4.920699946851954,318.0,1.0,7,15,0.0,85026,503919918278206,17,42.30998992919922,-312.792699046875,0.15,25,-33202.11250315882,0.001176914433017373,1.57542003E9,,,,0,,6,,38.209991455078125,-4.423782229423522,1.5000000237487257,-4.423782229423522,1.5000000237487257,C,8244972557745
1651867101999,108236000000,,,-1335902211763627426,0.0,4.920699946851954,318.0,1.0,7,27,0.0,85026,503919913451704,15,40.96969223022461,-343.7802981051316,0.15,25,-36005.88080756209,0.0013028099201619625,1.57542003E9,,,,0,,6,,36.869693756103516,-4.423782229423522,1.5000000237487257,-4.423782229423522,1.5000000237487257,C,8244972557745
1651867101999,108236000000,,,-1335902211763627426,0.0,4.920699946851954,318.0,1.0,7,30,0.0,85026,503919921554482,24,35.52912902832031,68.8293590561471,0.5363175750887195,25,8042.807451925933,0.002437300980091095,1.57542003E9,,,,1,,6,,31.42913055419922,-4.423782229423522,1.5000000237487257,-4.423782229423522,1.5000000237487257,C,8244972557745
1651867101999,108236000000,,,-1335902211763627426,0.0,4.920699946851954,318.0,1.0,7,2,0.0,84003,503919914919925,7,35.76207733154297,484.1583702172395,0.5230299436210804,25,52979.495322224255,0.0029614772647619247,1.17645005E9,,,,0,,6,,31.76207733154297,-2.7614412829279895,2.3671788605578508,-2.7614412829279895,1.5000000237487257,Q,8244972557745
1651867101999,108236000000,,,-1335902211763627426,0.0,4.920699946851954,318.0,1.0,7,15,0.0,84003,503919918278733,8,37.814144134521484,-312.81682942609314,0.15,25,-32975.3968771127,0.002480169525370002,1.17645005E9,,,,0,,6,,33.814144134521484,-9.780214168131348,2.3671788605578508,-9.780214168131348,1.5000000237487257,Q,8244972557745
1651867101999,108236000000,,,-1335902211763627426,0.0,4.920699946851954,318.0,1.0,7,27,0.0,84003,503919913452232,6,35.61247253417969,-343.8384427759595,0.5294934285448993,25,-36372.187214679725,0.003012926783412695,1.17645005E9,,,,0,,6,,31.61247444152832,-6.6402368247508985,2.3671788605578508,-6.6402368247508985,1.5000000237487257,Q,8244972557745
1651867101999,108236000000,,,-1335902211763627426,0.0,4.920699946851954,318.0,1.0,7,30,0.0,84003,503919921555026,7,34.98349380493164,68.9029601210081,0.5592355308266383,25,8197.3910054924,0.0032391990534961224,1.17645005E9,,,,0,,6,,30.98349380493164,-6.27082772552967,2.3671788605578508,-6.27082772552967,1.5000000237487257,Q,8244972557745
1651867102999,109236000000,,,-1335902211763627111,0.0,4.977004888925619,317.0,1.0,7,2,0.0,16431,503920930288468,34,31.42514991760254,-37.65868608267823,0.7217205136361358,25,-3772.758369884362,0.0036858024541288614,1.57542003E9,,,,0,,1,,27.325149536132812,0.0,1.0,0.0,1.0,C,8245971540127
1651867102999,109236000000,,,-1335902211763627111,0.0,4.977004888925619,317.0,1.0,7,6,0.0,16431,503920928987006,17,39.97243118286133,442.04898394645943,0.15,25,48442.754261094626,0.0014613157836720347,1.57542003E9,,,,0,,1,,35.872432708740234,0.320142130558394,1.0,0.320142130558394,1.0,C,8245971540127
1651867102999,109236000000,,,-1335902211763627111,0.0,4.977004888925619,317.0,1.0,7,12,0.0,16431,503920930857465,11,44.64989471435547,-187.30664957030035,0.15,25,-19871.1019712617,8.528464823029935E-4,1.57542003E9,,,,0,,1,,40.549896240234375,-0.6984919076624261,1.0,-0.6984919076624261,1.0,C,8245971540127
1651867102999,109236000000,,,-1335902211763627111,0.0,4.977004888925619,317.0,1.0,7,17,0.0,16431,503920917313927,34,31.360063552856445,583.5810880364297,0.7259111247405898,25,64638.168763375186,0.0037135251332074404,1.57542003E9,,,,0,,1,,27.26006317138672,-0.7858034271858065,1.0,-0.7858034271858065,1.0,C,8245971540127
1651867102999,109236000000,,,-1335902211763627111,0.0,4.977004888925619,317.0,1.0,7,19,0.0,16431,503920923967820,15,40.93223190307617,606.642505088198,0.15,25,67015.68765448828,0.0013084408128634095,1.57542003E9,,,,0,,1,,36.83223342895508,0.0,1.0,0.0,1.0,C,8245971540127
1651867102999,109236000000,,,-1335902211763627111,0.0,4.977004888925619,317.0,1.0,7,20,0.0,16431,503920920190888,37,30.454133987426758,-482.05572122697777,0.767167206121175,25,-51639.44023015809,0.004121760372072458,1.57542003E9,,,,0,,1,,26.35413360595703,0.0,1.0,0.0,1.0,C,8245971540127
1651867102999,109236000000,,,-1335902211763627111,0.0,4.977004888925619,317.0,1.0,7,24,0.0,16431,503920927222941,12,46.89554977416992,497.95954974930373,0.15,25,54747.833889890906,6.941715255379677E-4,1.57542003E9,,,,0,,1,,42.79555130004883,-0.20372681261465636,1.0,-0.20372681261465636,1.0,C,8245971540127
1651867102999,109236000000,,,-1335902211763627111,0.0,4.977004888925619,317.0,1.0,7,25,0.0,16431,503920922068207,17,39.63431167602539,-507.5902976538673,0.15,25,-54490.26055985512,0.0015193228609859943,1.57542003E9,,,,0,,1,,35.5343132019043,-2.0372682255564105,1.0,-2.0372682255564105,1.0,C,8245971540127
1651867102999,109236000000,,,-1335902211763627111,0.0,4.977004888925619,317.0,1.0,7,6,0.0,81921,503920928987547,7,36.62639236450195,442.0708989660036,0.15,25,49909.99982627917,0.002843602793291211,1.17645005E9,,,,0,,1,,32.62639236450195,1.9208527336454408,1.8615940910133575,1.9208527336454408,1.0,Q,8245971540127
1651867102999,109236000000,,,-1335902211763627111,0.0,4.977004888925619,317.0,1.0,7,24,0.0,81921,503920927223470,7,41.33991622924805,498.0011985111746,0.15,25,56269.06755182024,0.0016526952385902405,1.17645005E9,,,,0,,1,,37.33991622924805,3.143213708743226,1.8615940910133575,3.143213708743226,1.0,Q,8245971540127
1651867102999,109236000000,,,-1335902211763627111,0.0,4.977004888925619,317.0,1.0,7,25,0.0,81921,503920922068743,7,35.26747512817383,-507.5761193519538,0.5429600594765811,25,-56031.0774967558,0.0031350068747997284,1.17645005E9,,,,0,,1,,31.267475128173828,1.0186341127782053,1.8615940910133575,1.0186341127782053,1.0,Q,8245971540127
1651867102999,109236000000,,,-1335902211763627111,0.0,4.977004888925619,317.0,1.0,7,18,0.0,32995,82702935403555,33,40.54126739501953,170.62666126558042,0.15,17,18818.44714943703,0.09501424056832232,1.60031245E9,,,,0,,3,,36.44126892089844,48.42877388000488,2.0000000474974513,48.42877388000488,2.0000000474974513,C,8245971540127
1651867102999,109236000000,,,-1335902211763627111,0.0,4.977004888925619,317.0,1.0,7,9,0.0,32995,82702922232911,33,42.93073654174805,-669.117965501553,0.15,25,-71611.47035667578,0.0010229813633486629,1.60087501E9,,,,0,,3,,38.83073806762695,48.42877388000488,2.0000000474974513,48.42877388000488,2.0000000474974513,C,8245971540127
1651867102999,109236000000,,,-1335902211763627111,0.0,4.977004888925619,317.0,1.0,7,15,0.0,32995,82702932303601,54,34.18092727661133,580.567858055248,0.598158827819752,17,61807.06186381777,0.09620741067596167,1.602E9,,,,0,,3,,30.080928802490234,48.42877388000488,2.0000000474974513,48.42877388000488,2.0000000474974513,C,8245971540127
1651867102999,109236000000,,,-1335902211763627111,0.0,4.977004888925619,317.0,1.0,7,19,0.0,32995,82702929283166,36,39.27826690673828,-410.949526265895,0.15,25,-44730.57670142767,0.0015549944946542382,1.60368755E9,,,,0,,3,,35.17826843261719,48.42877388000488,2.0000000474974513,48.42877388000488,2.0000000474974513,C,8245971540127
1651867102999,109236000000,,,-1335902211763627111,0.0,4.977004888925619,317.0,1.0,7,17,0.0,32995,82702928994907,33,46.638389587402344,712.8793625224503,0.15,25,78978.59147745228,7.021813071332872E-4,1.60424998E9,,,,0,,3,,42.53839111328125,48.42877388000488,2.0000000474974513,48.42877388000488,2.0000000474974513,C,8245971540127
1651867102999,109236000000,,,-1335902211763627111,0.0,4.977004888925619,317.0,1.0,7,2,0.0,85026,503920914917798,23,35.860591888427734,483.57017518256885,0.5209378998664502,25,52849.06902313292,0.0023460437078028917,1.57542003E9,,,,1,,6,,31.760591506958008,-4.423782229423522,1.5000000237487257,-4.423782229423522,1.5000000237487257,C,8245971540127
1651867102999,109236000000,,,-1335902211763627111,0.0,4.977004888925619,317.0,1.0,7,15,0.0,85026,503920918279257,17,42.31305694580078,-313.38239370963265,0.15,25,-33515.15201986212,0.0011764990631490946,1.57542003E9,,,,0,,6,,38.21305847167969,-4.423782229423522,1.5000000237487257,-4.423782229423522,1.5000000237487257,C,8245971540127
1651867102999,109236000000,,,-1335902211763627111,0.0,4.977004888925619,317.0,1.0,7,27,0.0,85026,503920913452863,15,41.324180603027344,-344.48208996739277,0.15,25,-36349.99916024517,0.0012507097562775016,1.57542003E9,,,,0,,6,,37.22418212890625,-4.423782229423522,1.5000000237487257,-4.423782229423522,1.5000000237487257,C,8245971540127
1651867102999,109236000000,,,-1335902211763627111,0.0,4.977004888925619,317.0,1.0,7,30,0.0,85026,503920921554257,22,36.361080169677734,68.34052716316162,0.15,25,8111.440552364526,0.0022146834526211023,1.57542003E9,,,,0,,6,,32.26108169555664,-4.423782229423522,1.5000000237487257,-4.423782229423522,1.5000000237487257,C,8245971540127
1651867102999,109236000000,,,-1335902211763627111,0.0,4.977004888925619,317.0,1.0,7,2,0.0,84003,503920914918313,8,36.30850601196289,483.63411387100564,0.15,25,53463.42519094045,0.002780910348519683,1.17645005E9,,,,0,,6,,32.30850601196289,-2.7614412829279895,2.361594114762083,-2.7614412829279895,1.5000000237487257,Q,8245971540127
1651867102999,109236000000,,,-1335902211763627111,0.0,4.977004888925619,317.0,1.0,7,15,0.0,84003,503920918279777,7,38.029415130615234,-313.40345666776375,0.15,25,-33288.436026451534,0.0024194566067308187,1.17645005E9,,,,0,,6,,34.029415130615234,-9.780214168131348,2.361594114762083,-9.780214168131348,1.5000000237487257,Q,8245971540127
1651867102999,109236000000,,,-1335902211763627111,0.0,4.977004888925619,317.0,1.0,7,27,0.0,84003,503920913453381,6,34.38177490234375,-344.53498593991617,0.5848369141936964,25,-36716.30840064633,0.003471552161499858,1.17645005E9,,,,0,,6,,30.381772994995117,-6.6402368247508985,2.361594114762083,-6.6402368247508985,1.5000000237487257,Q,8245971540127
1651867102999,109236000000,,,-1335902211763627111,0.0,4.977004888925619,317.0,1.0,7,30,0.0,84003,503920921554796,7,34.7344856262207,68.26671734325441,0.5704330822749353,25,8266.009668793942,0.003333404427394271,1.17645005E9,,,,0,,6,,30.734485626220703,-6.27082772552967,2.361594114762083,-6.27082772552967,1.5000000237487257,Q,8245971540127
1651867103999,110236000000,,,-1335902211763626798,0.0,4.971846710783416,314.0,1.0,7,2,0.0,16431,503921930288608,35,30.880935668945312,-38.06904311951993,0.7461932484673652,25,-3810.654752087206,0.003924124408513308,1.57542003E9,,,,0,,1,,26.780935287475586,0.0,1.0,0.0,1.0,C,8246977624478
1651867103999,110236000000,,,-1335902211763626798,0.0,4.971846710783416,314.0,1.0,7,6,0.0,16431,503921928985537,17,40.075199127197266,441.49139495774625,0.15,25,48884.44411458961,0.0014441278763115406,1.57542003E9,,,,0,,1,,35.97520065307617,0.320142130558394,1.0,0.320142130558394,1.0,C,8246977624478
1651867103999,110236000000,,,-1335902211763626798,0.0,4.971846710783416,314.0,1.0,7,12,0.0,16431,503921930858092,11,44.854026794433594,-187.85363891503494,0.15,25,-20058.711324089476,8.330371929332614E-4,1.57542003E9,,,,0,,1,,40.7540283203125,-0.6984919076624261,1.0,-0.6984919076624261,1.0,C,8246977624478
1651867103999,110236000000,,,-1335902211763626798,0.0,4.971846710783416,314.0,1.0,7,17,0.0,16431,503921917311977,32,32.01243209838867,582.8226170489711,0.6965744505866871,25,65221.353270749554,0.003444830421358347,1.57542003E9,,,,0,,1,,27.912433624267578,-0.7858034271858065,1.0,-0.7858034271858065,1.0,C,8246977624478
1651867103999,110236000000,,,-1335902211763626798,0.0,4.971846710783416,314.0,1.0,7,19,0.0,16431,503921923965789,15,41.31105041503906,605.9374753925672,0.15,25,67621.91537518824,0.0012526020873337984,1.57542003E9,,,,0,,1,,37.21105194091797,0.0,1.0,0.0,1.0,C,8246977624478
1651867103999,110236000000,,,-1335902211763626798,0.0,4.971846710783416,314.0,1.0,7,20,0.0,16431,503921920192515,40,29.257061004638672,-482.67053466019274,0.820998515747315,25,-52121.83170689744,0.004730819724500179,1.57542003E9,,,,0,,1,,25.157060623168945,0.0,1.0,0.0,1.0,C,8246977624478
1651867103999,110236000000,,,-1335902211763626798,0.0,4.971846710783416,314.0,1.0,7,24,0.0,16431,503921927221280,11,47.11091232299805,497.47080732276663,0.15,25,55245.524975906505,6.771718035452068E-4,1.57542003E9,,,,0,,1,,43.01091384887695,-0.20372681261465636,1.0,-0.20372681261465636,1.0,C,8246977624478
1651867103999,110236000000,,,-1335902211763626798,0.0,4.971846710783416,314.0,1.0,7,25,0.0,16431,503921922069914,17,39.39522933959961,-508.14556903553694,0.15,25,-54998.160808774664,0.0015617235330864787,1.57542003E9,,,,0,,1,,35.295230865478516,-2.0372682255564105,1.0,-2.0372682255564105,1.0,C,8246977624478
1651867103999,110236000000,,,-1335902211763626798,0.0,4.971846710783416,314.0,1.0,7,6,0.0,81921,503921928986075,9,37.073272705078125,441.42817200089644,0.15,25,50351.67755834663,0.0027010024059563875,1.17645005E9,,,,0,,1,,33.073272705078125,1.9208527336454408,1.8562686060986198,1.9208527336454408,1.0,Q,8246977624478
1651867103999,110236000000,,,-1335902211763626798,0.0,4.971846710783416,314.0,1.0,7,24,0.0,81921,503921927221809,7,41.66509246826172,497.4646724805925,0.15,25,56766.75601325029,0.001591966487467289,1.17645005E9,,,,0,,1,,37.66509246826172,3.143213708743226,1.8562686060986198,3.143213708743226,1.0,Q,8246977624478
1651867103999,110236000000,,,-1335902211763626798,0.0,4.971846710783416,314.0,1.0,7,25,0.0,81921,503921922070437,8,35.03618621826172,-508.09090077527435,0.553361133205551,25,-56538.97926943475,0.0032196082174777985,1.17645005E9,,,,0,,1,,31.03618621826172,1.0186341127782053,1.8562686060986198,1.0186341127782053,1.0,Q,8246977624478
1651867103999,110236000000,,,-1335902211763626798,0.0,4.971846710783416,314.0,1.0,7,18,0.0,32995,82703935402970,33,40.84776306152344,170.0737245321826,0.15,17,18988.74446724904,0.09496752449665703,1.60031245E9,,,,0,,3,,36.747764587402344,48.42877388000488,2.0000000474974513,48.42877388000488,2.0000000474974513,C,8246977624478
1651867103999,110236000000,,,-1335902211763626798,0.0,4.971846710783416,314.0,1.0,7,9,0.0,32995,82703922235108,33,43.07215118408203,-669.7160444486153,0.15,25,-72280.94254800491,0.0010064609814435244,1.60087501E9,,,,0,,3,,38.97215270996094,48.42877388000488,2.0000000474974513,48.42877388000488,2.0000000474974513,C,8246977624478
1651867103999,110236000000,,,-1335902211763626798,0.0,4.971846710783416,314.0,1.0,7,15,0.0,32995,82703932301676,51,34.962562561035156,580.0021574418824,0.563009230944369,17,62387.289292238376,0.0959802815891096,1.602E9,,,,0,,3,,30.862564086914062,48.42877388000488,2.0000000474974513,48.42877388000488,2.0000000474974513,C,8246977624478
1651867103999,110236000000,,,-1335902211763626798,0.0,4.971846710783416,314.0,1.0,7,19,0.0,32995,82703929284526,34,39.753578186035156,-411.44198368019306,0.15,25,-45141.81303865274,0.0014721882762387395,1.60368755E9,,,,0,,3,,35.65357971191406,48.42877388000488,2.0000000474974513,48.42877388000488,2.0000000474974513,C,8246977624478
1651867103999,110236000000,,,-1335902211763626798,0.0,4.971846710783416,314.0,1.0,7,17,0.0,32995,82703928992526,33,46.74201202392578,712.2551764136915,0.15,25,79691.10743517149,6.938541191630065E-4,1.60424998E9,,,,0,,3,,42.64201354980469,48.42877388000488,2.0000000474974513,48.42877388000488,2.0000000474974513,C,8246977624478
1651867103999,110236000000,,,-1335902211763626798,0.0,4.971846710783416,314.0,1.0,7,2,0.0,85026,503921914916180,22,36.55011749267578,483.00955285522514,0.15,25,53332.33737821156,0.002167004393413663,1.57542003E9,,,,0,,6,,32.45011901855469,-4.423782229423522,1.5000000237487257,-4.423782229423522,1.5000000237487257,C,8246977624478
1651867103999,110236000000,,,-1335902211763626798,0.0,4.971846710783416,314.0,1.0,7,15,0.0,85026,503921918280300,16,42.62474822998047,-313.90433244882297,0.15,25,-33828.84507978096,0.0011350291315466166,1.57542003E9,,,,0,,6,,38.524749755859375,-4.423782229423522,1.5000000237487257,-4.423782229423522,1.5000000237487257,C,8246977624478
1651867103999,110236000000,,,-1335902211763626798,0.0,4.971846710783416,314.0,1.0,7,27,0.0,85026,503921913454003,15,40.991851806640625,-345.06091232651966,0.15,25,-36694.81349040117,0.0012994903372600675,1.57542003E9,,,,0,,6,,36.89185333251953,-4.423782229423522,1.5000000237487257,-4.423782229423522,1.5000000237487257,C,8246977624478
1651867103999,110236000000,,,-1335902211763626798,0.0,4.971846710783416,314.0,1.0,7,30,0.0,85026,503921921554042,22,36.45905303955078,67.65033185673232,0.15,25,8179.400655558425,0.0021898429840803146,1.57542003E9,,,,0,,6,,32.35905456542969,-4.423782229423522,1.5000000237487257,-4.423782229423522,1.5000000237487257,C,8246977624478
1651867103999,110236000000,,,-1335902211763626798,0.0,4.971846710783416,314.0,1.0,7,2,0.0,84003,503921914916701,7,36.12115478515625,483.03436488357374,0.15,25,53946.68887910106,0.0028415450360625982,1.17645005E9,,,,0,,6,,32.12115478515625,-2.7614412829279895,2.3562686298473454,-2.7614412829279895,1.5000000237487257,Q,8246977624478
1651867103999,110236000000,,,-1335902211763626798,0.0,4.971846710783416,314.0,1.0,7,15,0.0,84003,503921918280826,7,37.95298385620117,-313.9280197561063,0.15,25,-33602.12306061347,0.002440840005874634,1.17645005E9,,,,0,,6,,33.95298385620117,-9.780214168131348,2.3562686298473454,-9.780214168131348,1.5000000237487257,Q,8246977624478
1651867103999,110236000000,,,-1335902211763626798,0.0,4.971846710783416,314.0,1.0,7,27,0.0,84003,503921913454531,6,34.248748779296875,-345.0671153336068,0.5908189844191307,25,-37061.11510624724,0.003525126725435257,1.17645005E9,,,,0,,6,,30.248750686645508,-6.6402368247508985,2.3562686298473454,-6.6402368247508985,1.5000000237487257,Q,8246977624478
1651867103999,110236000000,,,-1335902211763626798,0.0,4.971846710783416,314.0,1.0,7,30,0.0,84003,503921921554572,6,34.88922882080078,67.76465719683102,0.5634743366547692,25,8333.993383397003,0.0032745441421866417,1.17645005E9,,,,0,,6,,30.889230728149414,-6.27082772552967,2.3562686298473454,-6.27082772552967,1.5000000237487257,Q,8246977624478
1651867104999,111236000000,,,-1335902211763626486,0.0,4.898586425201927,312.0,1.0,7,2,0.0,16431,503922930288732,34,31.374916076660156,-38.48232698731553,0.7239795414575383,25,-3848.958134130808,0.0037071797996759415,1.57542003E9,,,,0,,1,,27.27491569519043,0.0,1.0,0.0,1.0,C,8247968713549
1651867104999,111236000000,,,-1335902211763626486,0.0,4.898586425201927,312.0,1.0,7,6,0.0,16431,503922928984061,17,39.91509246826172,441.02146604720974,0.15,25,49325.73107901897,0.001470994553528726,1.57542003E9,,,,0,,1,,35.815093994140625,0.320142130558394,1.0,0.320142130558394,1.0,C,8247968713549
1651867104999,111236000000,,,-1335902211763626486,0.0,4.898586425201927,312.0,1.0,7,12,0.0,16431,503922930858728,11,44.72100830078125,-188.23512385089475,0.15,25,-20246.745483126473,8.458925876766443E-4,1.57542003E9,,,,0,,1,,40.621009826660156,-0.6984919076624261,1.0,-0.6984919076624261,1.0,C,8247968713549
1651867104999,111236000000,,,-1335902211763626486,0.0,4.898586425201927,312.0,1.0,7,17,0.0,16431,503922917310045,34,31.160818099975586,582.5794728041374,0.734870284229832,25,65804.05499188913,0.00379969272762537,1.57542003E9,,,,0,,1,,27.06081771850586,-0.7858034271858065,1.0,-0.7858034271858065,1.0,C,8247968713549
1651867104999,111236000000,,,-1335902211763626486,0.0,4.898586425201927,312.0,1.0,7,19,0.0,16431,503922923963771,14,41.90132522583008,605.5172387036409,0.15,25,68227.67946683317,0.0011703057680279016,1.57542003E9,,,,0,,1,,37.801326751708984,0.0,1.0,0.0,1.0,C,8247968713549
1651867104999,111236000000,,,-1335902211763626486,0.0,4.898586425201927,312.0,1.0,7,20,0.0,16431,503922920194121,43,28.581838607788086,-483.0343308011172,0.8513628558461379,25,-52604.687572125156,0.00511325616389513,1.57542003E9,,,,0,,1,,24.48183822631836,0.0,1.0,0.0,1.0,C,8247968713549
1651867104999,111236000000,,,-1335902211763626486,0.0,4.898586425201927,312.0,1.0,7,24,0.0,16431,503922927219635,11,46.98493957519531,497.0976725887549,0.15,25,55742.80886891301,6.870643119327724E-4,1.57542003E9,,,,0,,1,,42.88494110107422,-0.20372681261465636,1.0,-0.20372681261465636,1.0,C,8247968713549
1651867104999,111236000000,,,-1335902211763626486,0.0,4.898586425201927,312.0,1.0,7,25,0.0,16431,503922922071595,17,39.5634765625,-508.5979113985077,0.15,25,-55506.546833528635,0.0015317638171836734,1.57542003E9,,,,0,,1,,35.463478088378906,-2.0372682255564105,1.0,-2.0372682255564105,1.0,C,8247968713549
1651867104999,111236000000,,,-1335902211763626486,0.0,4.898586425201927,312.0,1.0,7,6,0.0,81921,503922928984603,7,36.68294143676758,441.204148014172,0.15,25,50792.98621710338,0.0028251500334590673,1.17645005E9,,,,0,,1,,32.68294143676758,1.9208527336454408,1.8508720431432617,1.9208527336454408,1.0,Q,8247968713549
1651867104999,111236000000,,,-1335902211763626486,0.0,4.898586425201927,312.0,1.0,7,24,0.0,81921,503922927220151,6,41.78285598754883,497.11955352584255,0.15,25,57264.04161739938,0.001570528605952859,1.17645005E9,,,,0,,1,,37.78285598754883,3.143213708743226,1.8508720431432617,3.143213708743226,1.0,Q,8247968713549
1651867104999,111236000000,,,-1335902211763626486,0.0,4.898586425201927,312.0,1.0,7,25,0.0,81921,503922922072134,7,35.43272399902344,-508.6357770077045,0.5355296179835232,25,-57047.373702508085,0.003075927495956421,1.17645005E9,,,,0,,1,,31.432723999023438,1.0186341127782053,1.8508720431432617,1.0186341127782053,1.0,Q,8247968713549
1651867104999,111236000000,,,-1335902211763626486,0.0,4.898586425201927,312.0,1.0,7,18,0.0,32995,82704935402407,33,40.67857360839844,169.77497475953191,0.15,17,19158.672826576298,0.09499310850985833,1.60031245E9,,,,0,,3,,36.578575134277344,48.42877388000488,2.0000000474974513,48.42877388000488,2.0000000474974513,C,8247968713549
1651867104999,111236000000,,,-1335902211763626486,0.0,4.898586425201927,312.0,1.0,7,9,0.0,32995,82704922237355,33,43.44635009765625,-670.1452107411505,0.15,25,-72950.88737432954,9.640222415328026E-4,1.60087501E9,,,,0,,3,,39.346351623535156,48.42877388000488,2.0000000474974513,48.42877388000488,2.0000000474974513,C,8247968713549
1651867104999,111236000000,,,-1335902211763626486,0.0,4.898586425201927,312.0,1.0,7,15,0.0,32995,82704932299740,52,34.683326721191406,579.7681472953968,0.5755658869138109,17,62967.16924297236,0.0960590866129139,1.602E9,,,,0,,3,,30.58332633972168,48.42877388000488,2.0000000474974513,48.42877388000488,2.0000000474974513,C,8247968713549
1651867104999,111236000000,,,-1335902211763626486,0.0,4.898586425201927,312.0,1.0,7,19,0.0,32995,82704929285909,34,39.8450927734375,-411.88021590616336,0.15,25,-45553.456222303874,0.0014567587058991194,1.60368755E9,,,,0,,3,,35.745094299316406,48.42877388000488,2.0000000474974513,48.42877388000488,2.0000000474974513,C,8247968713549
1651867104999,111236000000,,,-1335902211763626486,0.0,4.898586425201927,312.0,1.0,7,17,0.0,32995,82704928990154,33,46.798057556152344,711.8626828443748,0.15,25,80403.1768722458,6.893912795931101E-4,1.60424998E9,,,,0,,3,,42.69805908203125,48.42877388000488,2.0000000474974513,48.42877388000488,2.0000000474974513,C,8247968713549
1651867104999,111236000000,,,-1335902211763626486,0.0,4.898586425201927,312.0,1.0,7,2,0.0,85026,503922914914569,22,36.515480041503906,482.6519256389313,0.15,25,53815.16698895745,0.0021756633650511503,1.57542003E9,,,,0,,6,,32.41548156738281,-4.423782229423522,1.5000000237487257,-4.423782229423522,1.5000000237487257,C,8247968713549
1651867104999,111236000000,,,-1335902211763626486,0.0,4.898586425201927,312.0,1.0,7,15,0.0,85026,503922918281351,16,42.68431854248047,-314.35302798894577,0.15,25,-34142.97666206181,0.0011272713309153914,1.57542003E9,,,,0,,6,,38.584320068359375,-4.423782229423522,1.5000000237487257,-4.423782229423522,1.5000000237487257,C,8247968713549
1651867104999,111236000000,,,-1335902211763626486,0.0,4.898586425201927,312.0,1.0,7,27,0.0,85026,503922913455153,15,41.157188415527344,-345.52736482649084,0.15,25,-37040.1114051608,0.0012749885208904743,1.57542003E9,,,,0,,6,,37.05718994140625,-4.423782229423522,1.5000000237487257,-4.423782229423522,1.5000000237487257,C,8247968713549
1651867104999,111236000000,,,-1335902211763626486,0.0,4.898586425201927,312.0,1.0,7,30,0.0,85026,503922921553815,22,36.49309539794922,67.34500416997273,0.15,25,8246.945103065074,0.002181276911869645,1.57542003E9,,,,0,,6,,32.393096923828125,-4.423782229423522,1.5000000237487257,-4.423782229423522,1.5000000237487257,C,8247968713549
1651867104999,111236000000,,,-1335902211763626486,0.0,4.898586425201927,312.0,1.0,7,2,0.0,84003,503922914915090,6,36.07603073120117,482.6451091476267,0.15,25,54429.51083042039,0.0028563463129103184,1.17645005E9,,,,0,,6,,32.07603073120117,-2.7614412829279895,2.3508720668919874,-2.7614412829279895,1.5000000237487257,Q,8247968713549
1651867104999,111236000000,,,-1335902211763626486,0.0,4.898586425201927,312.0,1.0,7,15,0.0,84003,503922918281872,7,38.21171188354492,-314.3344189676843,0.15,25,-33916.25219261321,0.002369206864386797,1.17645005E9,,,,0,,6,,34.21171188354492,-9.780214168131348,2.3508720668919874,-9.780214168131348,1.5000000237487257,Q,8247968713549
1651867104999,111236000000,,,-1335902211763626486,0.0,4.898586425201927,312.0,1.0,7,27,0.0,84003,503922913455683,7,34.46650695800781,-345.5710585357531,0.5810269348986123,25,-37406.42064482322,0.003437850158661604,1.17645005E9,,,,0,,6,,30.466506958007812,-6.6402368247508985,2.3508720668919874,-6.6402368247508985,1.5000000237487257,Q,8247968713549
1651867104999,111236000000,,,-1335902211763626486,0.0,4.898586425201927,312.0,1.0,7,30,0.0,84003,503922921554343,9,35.09864807128906,67.36370691798962,0.554057027737757,25,8401.531191938726,0.0031965388916432858,1.17645005E9,,,,0,,6,,31.098648071289062,-6.27082772552967,2.3508720668919874,-6.27082772552967,1.5000000237487257,Q,8247968713549
1651867105999,112236000000,,,-1335902211763626176,0.0,4.935288938361303,311.0,1.0,7,2,0.0,16431,503923930288855,26,34.82286834716797,-38.55201709029055,0.5689289941789726,25,-3887.524199532481,0.0024925624020397663,1.57542003E9,,,,0,,1,,30.722867965698242,0.0,1.0,0.0,1.0,C,8248968314339
1651867105999,112236000000,,,-1335902211763626176,0.0,4.935288938361303,311.0,1.0,7,6,0.0,16431,503923928982591,18,39.006263732910156,441.03237243329704,0.15,25,49766.75479119727,0.0016332491068169475,1.57542003E9,,,,0,,1,,34.90626525878906,0.320142130558394,1.0,0.320142130558394,1.0,C,8248968314339
1651867105999,112236000000,,,-1335902211763626176,0.0,4.935288938361303,311.0,1.0,7,12,0.0,16431,503923930859350,11,44.73295211791992,-188.39156232633445,0.15,25,-20435.089476995527,8.447302971035242E-4,1.57542003E9,,,,0,,1,,40.63295364379883,-0.6984919076624261,1.0,-0.6984919076624261,1.0,C,8248968314339
1651867105999,112236000000,,,-1335902211763626176,0.0,4.935288938361303,311.0,1.0,7,17,0.0,16431,503923917308110,41,29.141828536987305,582.5059910278742,0.8256615549649378,16,66386.40979174087,3.4028234663852886E38,1.57542003E9,,,,0,,1,,25.041828155517578,-0.7858034271858065,1.0,-0.7858034271858065,1.0,C,8248968314339
1651867105999,112236000000,,,-1335902211763626176,0.0,4.935288938361303,311.0,1.0,7,19,0.0,16431,503923923961757,17,39.9503173828125,605.2822742483727,0.15,25,68833.07043655419,0.001465040841139853,1.57542003E9,,,,0,,1,,35.850318908691406,0.0,1.0,0.0,1.0,C,8248968314339
1651867105999,112236000000,,,-1335902211763626176,0.0,4.935288938361303,311.0,1.0,7,20,0.0,16431,503923920195746,40,29.441450119018555,-483.2280895664494,0.8127073590924603,25,-53087.92901691812,0.004631450399756432,1.57542003E9,,,,0,,1,,25.341449737548828,0.0,1.0,0.0,1.0,C,8248968314339
1651867105999,112236000000,,,-1335902211763626176,0.0,4.935288938361303,311.0,1.0,7,24,0.0,16431,503923927217963,11,47.05240249633789,497.0093990263608,0.15,25,56239.80378242173,6.817485555075109E-4,1.57542003E9,,,,0,,1,,42.9524040222168,-0.20372681261465636,1.0,-0.20372681261465636,1.0,C,8248968314339
1651867105999,112236000000,,,-1335902211763626176,0.0,4.935288938361303,311.0,1.0,7,25,0.0,16431,503923922073302,17,39.640018463134766,-508.7042145804023,0.15,25,-56015.286851543606,0.0015183250652626157,1.57542003E9,,,,0,,1,,35.54001998901367,-2.0372682255564105,1.0,-2.0372682255564105,1.0,C,8248968314339
1651867105999,112236000000,,,-1335902211763626176,0.0,4.935288938361303,311.0,1.0,7,6,0.0,81921,503923928983129,7,37.52568054199219,440.9509153622075,0.15,25,51233.99282747318,0.0025639201048761606,1.17645005E9,,,,0,,1,,33.52568054199219,1.9208527336454408,1.8455108700934435,1.9208527336454408,1.0,Q,8248968314339
1651867105999,112236000000,,,-1335902211763626176,0.0,4.935288938361303,311.0,1.0,7,24,0.0,81921,503923927218493,7,41.31129455566406,496.9748734979032,0.15,25,57761.03053615485,0.001658150227740407,1.17645005E9,,,,0,,1,,37.31129455566406,3.143213708743226,1.8455108700934435,3.143213708743226,1.0,Q,8248968314339
1651867105999,112236000000,,,-1335902211763626176,0.0,4.935288938361303,311.0,1.0,7,25,0.0,81921,503923922073832,7,35.92182922363281,-508.7201992525115,0.5135355164894555,25,-57556.109482207095,0.002907508285716176,1.17645005E9,,,,0,,1,,31.92182731628418,1.0186341127782053,1.8455108700934435,1.0186341127782053,1.0,Q,8248968314339
1651867105999,112236000000,,,-1335902211763626176,0.0,4.935288938361303,311.0,1.0,7,18,0.0,32995,82705935401850,33,40.802513122558594,169.65469777046292,0.15,17,19328.340777368892,0.09497431849483885,1.60031245E9,,,,0,,3,,36.7025146484375,48.42877388000488,2.0000000474974513,48.42877388000488,2.0000000474974513,C,8248968314339
1651867105999,112236000000,,,-1335902211763626176,0.0,4.935288938361303,311.0,1.0,7,9,0.0,32995,82705922239571,33,44.563045501708984,-670.3683826664619,0.15,25,-73621.1950994643,8.47719784360379E-4,1.60087501E9,,,,0,,3,,40.46304702758789,48.42877388000488,2.0000000474974513,48.42877388000488,2.0000000474974513,C,8248968314339
1651867105999,112236000000,,,-1335902211763626176,0.0,4.935288938361303,311.0,1.0,7,15,0.0,32995,82705932297811,48,35.71031188964844,579.6357028693492,0.5293831265322855,17,63546.75458658795,0.09578131662823647,1.602E9,,,,0,,3,,31.610313415527344,48.42877388000488,2.0000000474974513,48.42877388000488,2.0000000474974513,C,8248968314339
1651867105999,112236000000,,,-1335902211763626176,0.0,4.935288938361303,311.0,1.0,7,19,0.0,32995,82705929287320,34,40.005271911621094,-411.92322796629514,0.15,25,-45965.36170249501,0.0014301403425633907,1.60368755E9,,,,0,,3,,35.9052734375,48.42877388000488,2.0000000474974513,48.42877388000488,2.0000000474974513,C,8248968314339
1651867105999,112236000000,,,-1335902211763626176,0.0,4.935288938361303,311.0,1.0,7,17,0.0,32995,82705928987780,33,47.40244674682617,711.6998368671088,0.15,25,81114.91362938513,6.430522189475596E-4,1.60424998E9,,,,0,,3,,43.30244827270508,48.42877388000488,2.0000000474974513,48.42877388000488,2.0000000474974513,C,8248968314339
1651867105999,112236000000,,,-1335902211763626176,0.0,4.935288938361303,311.0,1.0,7,2,0.0,85026,503923914912950,21,37.026084899902344,482.45550844199033,0.15,25,54297.639771714654,0.0020514519419521093,1.57542003E9,,,,0,,6,,32.92608642578125,-4.423782229423522,1.5000000237487257,-4.423782229423522,1.5000000237487257,C,8248968314339
1651867105999,112236000000,,,-1335902211763626176,0.0,4.935288938361303,311.0,1.0,7,15,0.0,85026,503923918282402,17,42.545379638671875,-314.4563319146664,0.15,25,-34457.4203870306,0.0011454480700194836,1.57542003E9,,,,0,,6,,38.44538116455078,-4.423782229423522,1.5000000237487257,-4.423782229423522,1.5000000237487257,C,8248968314339
1651867105999,112236000000,,,-1335902211763626176,0.0,4.935288938361303,311.0,1.0,7,27,0.0,85026,503923913456308,14,42.255184173583984,-345.70455951795293,0.15,25,-37385.76469680948,0.0011235862039029598,1.57542003E9,,,,0,,6,,38.15518569946289,-4.423782229423522,1.5000000237487257,-4.423782229423522,1.5000000237487257,C,8248968314339
1651867105999,112236000000,,,-1335902211763626176,0.0,4.935288938361303,311.0,1.0,7,30,0.0,85026,503923921553587,22,36.55337905883789,67.18755600175854,0.15,25,8314.16564266074,0.0021661908831447363,1.57542003E9,,,,0,,6,,32.4533805847168,-4.423782229423522,1.5000000237487257,-4.423782229423522,1.5000000237487257,C,8248968314339
1651867105999,112236000000,,,-1335902211763626176,0.0,4.935288938361303,311.0,1.0,7,2,0.0,84003,503923914913481,7,35.07627487182617,482.43969418216375,0.5538685757174131,25,54911.97236051736,0.003204782959073782,1.17645005E9,,,,0,,6,,31.076274871826172,-2.7614412829279895,2.345510893842169,-2.7614412829279895,1.5000000237487257,Q,8248968314339
1651867105999,112236000000,,,-1335902211763626176,0.0,4.935288938361303,311.0,1.0,7,15,0.0,84003,503923918282921,7,37.89265441894531,-314.43802963551366,0.15,25,-34230.694961781555,0.0024578527081757784,1.17645005E9,,,,0,,6,,33.89265441894531,-9.780214168131348,2.345510893842169,-9.780214168131348,1.5000000237487257,Q,8248968314339
1651867105999,112236000000,,,-1335902211763626176,0.0,4.935288938361303,311.0,1.0,7,27,0.0,84003,503923913456835,9,34.93910217285156,-345.7874139697599,0.5597750587760864,25,-37752.08121862924,0.0032557963859289885,1.17645005E9,,,,0,,6,,30.939102172851562,-6.6402368247508985,2.345510893842169,-6.6402368247508985,1.5000000237487257,Q,8248968314339
1651867105999,112236000000,,,-1335902211763626176,0.0,4.935288938361303,311.0,1.0,7,30,0.0,84003,503923921554120,7,34.718055725097656,67.20551745634606,0.5711717130123906,25,8468.736254013538,0.0033397155348211527,1.17645005E9,,,,0,,6,,30.71805763244629,-6.27082772552967,2.345510893842169,-6.27082772552967,1.5000000237487257,Q,8248968314339
1651867106999,113236000000,,,-1335902211763625866,0.0,4.892821449353511,310.0,1.0,7,2,0.0,16431,503924930288974,24,35.4806022644043,-38.36373707984441,0.5393515128249307,25,-3925.981511180084,0.002310784300789237,1.57542003E9,,,,0,,1,,31.38060188293457,0.0,1.0,0.0,1.0,C,8249975442025
1651867106999,113236000000,,,-1335902211763625866,0.0,4.892821449353511,310.0,1.0,7,6,0.0,16431,503924928981123,17,39.54944610595703,441.21389559673753,0.15,25,50207.881136200514,0.001534240203909576,1.57542003E9,,,,0,,1,,35.44944763183594,0.320142130558394,1.0,0.320142130558394,1.0,C,8249975442025
1651867106999,113236000000,,,-1335902211763625866,0.0,4.892821449353511,310.0,1.0,7,12,0.0,16431,503924930859984,11,44.61249923706055,-188.23515793335127,0.15,25,-20623.378806185006,8.565263706259429E-4,1.57542003E9,,,,0,,1,,40.51250076293945,-0.6984919076624261,1.0,-0.6984919076624261,1.0,C,8249975442025
1651867106999,113236000000,,,-1335902211763625866,0.0,4.892821449353511,310.0,1.0,7,17,0.0,16431,503924917306148,36,30.616506576538086,582.780559297622,0.7593466136951479,21,66968.68609275874,0.09919226138208782,1.57542003E9,,,,0,,1,,26.51650619506836,-0.7858034271858065,1.0,-0.7858034271858065,1.0,C,8249975442025
1651867106999,113236000000,,,-1335902211763625866,0.0,4.892821449353511,310.0,1.0,7,19,0.0,16431,503924923959722,17,39.664791107177734,605.4053800813331,0.15,25,69438.48187488412,0.001514000934548676,1.57542003E9,,,,0,,1,,35.56479263305664,0.0,1.0,0.0,1.0,C,8249975442025
1651867106999,113236000000,,,-1335902211763625866,0.0,4.892821449353511,310.0,1.0,7,20,0.0,16431,503924920197337,33,31.662874221801758,-483.1962565520571,0.7128126775335715,25,-53571.161840554545,0.0035862931981682777,1.57542003E9,,,,0,,1,,27.56287384033203,0.0,1.0,0.0,1.0,C,8249975442025
1651867106999,113236000000,,,-1335902211763625866,0.0,4.892821449353511,310.0,1.0,7,24,0.0,16431,503924927216314,11,47.65473937988281,497.1094992011683,0.15,25,56736.87235141764,6.36073702480644E-4,1.57542003E9,,,,0,,1,,43.55474090576172,-0.20372681261465636,1.0,-0.20372681261465636,1.0,C,8249975442025
1651867106999,113236000000,,,-1335902211763625866,0.0,4.892821449353511,310.0,1.0,7,25,0.0,16431,503924922075003,16,40.266944885253906,-508.72814046488133,0.15,25,-56524.028584254076,0.0014125973684713244,1.57542003E9,,,,0,,1,,36.16694641113281,-2.0372682255564105,1.0,-2.0372682255564105,1.0,C,8249975442025
1651867106999,113236000000,,,-1335902211763625866,0.0,4.892821449353511,310.0,1.0,7,6,0.0,81921,503924928981660,7,38.20640563964844,441.145151281931,0.15,25,51675.099822269476,0.002370655070990324,1.17645005E9,,,,0,,1,,34.20640563964844,1.9208527336454408,1.8397775065763802,1.9208527336454408,1.0,Q,8249975442025
1651867106999,113236000000,,,-1335902211763625866,0.0,4.892821449353511,310.0,1.0,7,24,0.0,81921,503924927216834,7,41.4306640625,497.1492052630174,0.15,25,58258.10507090196,0.001635518274269998,1.17645005E9,,,,0,,1,,37.4306640625,3.143213708743226,1.8397775065763802,3.143213708743226,1.0,Q,8249975442025
1651867106999,113236000000,,,-1335902211763625866,0.0,4.892821449353511,310.0,1.0,7,25,0.0,81921,503924922075529,7,36.1042366027832,-508.76191617929544,0.15,25,-58064.85015894425,0.0028470850083976984,1.17645005E9,,,,0,,1,,32.1042366027832,1.0186341127782053,1.8397775065763802,1.0186341127782053,1.0,Q,8249975442025
1651867106999,113236000000,,,-1335902211763625866,0.0,4.892821449353511,310.0,1.0,7,18,0.0,32995,82706935401285,34,39.936424255371094,169.95504941857018,0.15,17,19498.137710774183,0.09511141034197547,1.60031245E9,,,,0,,3,,35.83642578125,48.42877388000488,2.0000000474974513,48.42877388000488,2.0000000474974513,C,8249975442025
1651867106999,113236000000,,,-1335902211763625866,0.0,4.892821449353511,310.0,1.0,7,9,0.0,32995,82706922241837,33,44.52341842651367,-670.2225779174573,0.15,25,-74291.48852065002,8.515958907082677E-4,1.60087501E9,,,,0,,3,,40.42341995239258,48.42877388000488,2.0000000474974513,48.42877388000488,2.0000000474974513,C,8249975442025
1651867106999,113236000000,,,-1335902211763625866,0.0,4.892821449353511,310.0,1.0,7,15,0.0,32995,82706932295886,46,36.17162322998047,579.8497406963124,0.15,17,64126.49412775062,0.0956668431139776,1.602E9,,,,0,,3,,32.071624755859375,48.42877388000488,2.0000000474974513,48.42877388000488,2.0000000474974513,C,8249975442025
1651867106999,113236000000,,,-1335902211763625866,0.0,4.892821449353511,310.0,1.0,7,19,0.0,32995,82706929288664,34,39.96941375732422,-411.7580984644421,0.15,25,-46377.194473303876,0.0014360565692186356,1.60368755E9,,,,0,,3,,35.869415283203125,48.42877388000488,2.0000000474974513,48.42877388000488,2.0000000474974513,C,8249975442025
1651867106999,113236000000,,,-1335902211763625866,0.0,4.892821449353511,310.0,1.0,7,17,0.0,32995,82706928985410,33,47.4681396484375,711.7915868400682,0.15,25,81826.67165262526,6.38207362499088E-4,1.60424998E9,,,,0,,3,,43.368141174316406,48.42877388000488,2.0000000474974513,48.42877388000488,2.0000000474974513,C,8249975442025
1651867106999,113236000000,,,-1335902211763625866,0.0,4.892821449353511,310.0,1.0,7,2,0.0,85026,503924914911350,22,36.87339782714844,482.5879869504945,0.15,25,54780.16624087357,0.0020878328941762447,1.57542003E9,,,,0,,6,,32.773399353027344,-4.423782229423522,1.5000000237487257,-4.423782229423522,1.5000000237487257,C,8249975442025
1651867106999,113236000000,,,-1335902211763625866,0.0,4.892821449353511,310.0,1.0,7,15,0.0,85026,503924918283451,17,42.48038101196289,-314.38840557881645,0.15,25,-34771.822808253295,0.0011540519772097468,1.57542003E9,,,,0,,6,,38.3803825378418,-4.423782229423522,1.5000000237487257,-4.423782229423522,1.5000000237487257,C,8249975442025
1651867106999,113236000000,,,-1335902211763625866,0.0,4.892821449353511,310.0,1.0,7,27,0.0,85026,503924913457462,14,41.84717559814453,-345.6517317103426,0.15,25,-37731.42416395732,0.0011776244500651956,1.57542003E9,,,,0,,6,,37.74717712402344,-4.423782229423522,1.5000000237487257,-4.423782229423522,1.5000000237487257,C,8249975442025
1651867106999,113236000000,,,-1335902211763625866,0.0,4.892821449353511,310.0,1.0,7,30,0.0,85026,503924921553370,22,36.48784637451172,67.26607346097296,0.15,25,8381.43265261693,0.0021825958974659443,1.57542003E9,,,,0,,6,,32.387847900390625,-4.423782229423522,1.5000000237487257,-4.423782229423522,1.5000000237487257,C,8249975442025
1651867106999,113236000000,,,-1335902211763625866,0.0,4.892821449353511,310.0,1.0,7,2,0.0,84003,503924914911872,7,34.41509246826172,482.5685599502765,0.5836008926063614,25,55394.51221749212,0.0034582610242068768,1.17645005E9,,,,0,,6,,30.41509246826172,-2.7614412829279895,2.339777530325106,-2.7614412829279895,1.5000000237487257,Q,8249975442025
1651867106999,113236000000,,,-1335902211763625866,0.0,4.892821449353511,310.0,1.0,7,15,0.0,84003,503924918283966,8,37.96001052856445,-314.3082777235313,0.15,25,-34545.095804376884,0.0024388665333390236,1.17645005E9,,,,0,,6,,33.96001052856445,-9.780214168131348,2.339777530325106,-9.780214168131348,1.5000000237487257,Q,8249975442025
1651867106999,113236000000,,,-1335902211763625866,0.0,4.892821449353511,310.0,1.0,7,27,0.0,84003,503924913457988,7,35.15436553955078,-345.5794769025142,0.550095108585225,25,-38097.718852349135,0.003176098922267556,1.17645005E9,,,,0,,6,,31.15436553955078,-6.6402368247508985,2.339777530325106,-6.6402368247508985,1.5000000237487257,Q,8249975442025
1651867106999,113236000000,,,-1335902211763625866,0.0,4.892821449353511,310.0,1.0,7,30,0.0,84003,503924921553898,8,35.063568115234375,67.26591156930448,0.5556343731450544,25,8536.001190855666,0.00320947403088212,1.17645005E9,,,,0,,6,,31.063568115234375,-6.27082772552967,2.339777530325106,-6.27082772552967,1.5000000237487257,Q,8249975442025
1651867107999,114236000000,,,-1335902211763625555,0.0,4.870719856885125,310.0,1.0,7,2,0.0,16431,503925930289103,25,35.07735824584961,-38.148020691897415,0.5574849773102153,25,-3964.2737385953196,0.0024205916561186314,1.57542003E9,,,,0,,1,,30.977357864379883,0.0,1.0,0.0,1.0,C,8250972700814
1651867107999,114236000000,,,-1335902211763625555,0.0,4.870719856885125,310.0,1.0,7,6,0.0,16431,503925928979661,18,38.76591110229492,441.37398089502517,0.15,25,50649.15148979548,0.001679074834100902,1.57542003E9,,,,0,,1,,34.66591262817383,0.320142130558394,1.0,0.320142130558394,1.0,C,8250972700814
1651867107999,114236000000,,,-1335902211763625555,0.0,4.870719856885125,310.0,1.0,7,12,0.0,16431,503925930860604,14,42.226951599121094,-188.09272734754245,0.15,25,-20811.539317341743,0.0011272444389760494,1.57542003E9,,,,0,,1,,38.126953125,-0.6984919076624261,1.0,-0.6984919076624261,1.0,C,8250972700814
1651867107999,114236000000,,,-1335902211763625555,0.0,4.870719856885125,310.0,1.0,7,17,0.0,16431,503925917304191,31,32.49889373779297,582.4575939396118,0.6746973744023208,17,67551.02029390543,0.09840403838370716,1.57542003E9,,,,0,,1,,28.398895263671875,-0.7858034271858065,1.0,-0.7858034271858065,1.0,C,8250972700814
1651867107999,114236000000,,,-1335902211763625555,0.0,4.870719856885125,310.0,1.0,7,19,0.0,16431,503925923957713,13,42.987125396728516,605.5991729291218,0.15,25,70043.97703039079,0.0010327837662771344,1.57542003E9,,,,0,,1,,38.88712692260742,0.0,1.0,0.0,1.0,C,8250972700814
1651867107999,114236000000,,,-1335902211763625555,0.0,4.870719856885125,310.0,1.0,7,20,0.0,16431,503925920198943,26,34.819583892822266,-483.09026011227115,0.5708591795487683,25,-54054.34341919257,0.0024935046676546335,1.57542003E9,,,,0,,1,,30.719585418701172,0.0,1.0,0.0,1.0,C,8250972700814
1651867107999,114236000000,,,-1335902211763625555,0.0,4.870719856885125,310.0,1.0,7,24,0.0,16431,503925927214651,11,47.150604248046875,497.33379584754493,0.15,25,57234.09736761389,6.740843527950346E-4,1.57542003E9,,,,0,,1,,43.05060577392578,-0.20372681261465636,1.0,-0.20372681261465636,1.0,C,8250972700814
1651867107999,114236000000,,,-1335902211763625555,0.0,4.870719856885125,310.0,1.0,7,25,0.0,16431,503925922076701,14,41.91170120239258,-508.61744064609525,0.15,25,-57032.69122010492,0.0011689085513353348,1.57542003E9,,,,0,,1,,37.811702728271484,-2.0372682255564105,1.0,-2.0372682255564105,1.0,C,8250972700814
1651867107999,114236000000,,,-1335902211763625555,0.0,4.870719856885125,310.0,1.0,7,6,0.0,81921,503925928980189,6,36.85303497314453,441.4471218467231,0.15,25,52116.37908884151,0.0027703638188540936,1.17645005E9,,,,0,,1,,32.85303497314453,1.9208527336454408,1.8343225900408213,1.9208527336454408,1.0,Q,8250972700814
1651867107999,114236000000,,,-1335902211763625555,0.0,4.870719856885125,310.0,1.0,7,24,0.0,81921,503925927215177,7,41.59431457519531,497.3643678110459,0.15,25,58755.32840786715,0.0016049920814111829,1.17645005E9,,,,0,,1,,37.59431457519531,3.143213708743226,1.8343225900408213,3.143213708743226,1.0,Q,8250972700814
1651867107999,114236000000,,,-1335902211763625555,0.0,4.870719856885125,310.0,1.0,7,25,0.0,81921,503925922077225,6,36.072509765625,-508.5400053048754,0.15,25,-58573.4959445787,0.002857503481209278,1.17645005E9,,,,0,,1,,32.072509765625,1.0186341127782053,1.8343225900408213,1.0186341127782053,1.0,Q,8250972700814
1651867107999,114236000000,,,-1335902211763625555,0.0,4.870719856885125,310.0,1.0,7,18,0.0,32995,82707935400714,35,39.53036880493164,170.05555858285595,0.15,17,19668.100838116738,0.09518054544348754,1.60031245E9,,,,0,,3,,35.43037033081055,48.42877388000488,2.0000000474974513,48.42877388000488,2.0000000474974513,C,8250972700814
1651867107999,114236000000,,,-1335902211763625555,0.0,4.870719856885125,310.0,1.0,7,9,0.0,32995,82707922244064,33,44.913238525390625,-670.1334182111937,0.15,25,-74961.71093811802,8.14221624750644E-4,1.60087501E9,,,,0,,3,,40.81324005126953,48.42877388000488,2.0000000474974513,48.42877388000488,2.0000000474974513,C,8250972700814
1651867107999,114236000000,,,-1335902211763625555,0.0,4.870719856885125,310.0,1.0,7,15,0.0,32995,82707932293963,50,35.16447067260742,579.9723693748815,0.5539283864345728,17,64706.382270696115,0.09592485858269423,1.602E9,,,,0,,3,,31.064470291137695,48.42877388000488,2.0000000474974513,48.42877388000488,2.0000000474974513,C,8250972700814
1651867107999,114236000000,,,-1335902211763625555,0.0,4.870719856885125,310.0,1.0,7,19,0.0,32995,82707929290016,37,38.895729064941406,-411.55970448502285,0.15,25,-46788.8628471558,0.0016250091139227152,1.60368755E9,,,,0,,3,,34.79573059082031,48.42877388000488,2.0000000474974513,48.42877388000488,2.0000000474974513,C,8250972700814
1651867107999,114236000000,,,-1335902211763625555,0.0,4.870719856885125,310.0,1.0,7,17,0.0,32995,82707928983030,33,47.6140022277832,711.9464575225079,0.15,25,82538.53260404975,6.27579283900559E-4,1.60424998E9,,,,0,,3,,43.51400375366211,48.42877388000488,2.0000000474974513,48.42877388000488,2.0000000474974513,C,8250972700814
1651867107999,114236000000,,,-1335902211763625555,0.0,4.870719856885125,310.0,1.0,7,2,0.0,85026,503925914909738,23,35.93939971923828,482.66842154788833,0.5173925255805032,25,55262.77317123526,0.0023248542565852404,1.57542003E9,,,,1,,6,,31.839399337768555,-4.423782229423522,1.5000000237487257,-4.423782229423522,1.5000000237487257,C,8250972700814
1651867107999,114236000000,,,-1335902211763625555,0.0,4.870719856885125,310.0,1.0,7,15,0.0,85026,503925918284487,17,42.28822326660156,-314.1722546395488,0.15,25,-35086.09300632247,0.0011798676569014788,1.57542003E9,,,,0,,6,,38.18822479248047,-4.423782229423522,1.5000000237487257,-4.423782229423522,1.5000000237487257,C,8250972700814
1651867107999,114236000000,,,-1335902211763625555,0.0,4.870719856885125,310.0,1.0,7,27,0.0,85026,503925913458613,14,42.19933319091797,-345.51410675090347,0.15,25,-38076.99416432818,0.0011308344546705484,1.57542003E9,,,,0,,6,,38.099334716796875,-4.423782229423522,1.5000000237487257,-4.423782229423522,1.5000000237487257,C,8250972700814
1651867107999,114236000000,,,-1335902211763625555,0.0,4.870719856885125,310.0,1.0,7,30,0.0,85026,503925921553142,22,36.74941635131836,67.5923235157305,0.15,25,8448.826914711108,0.0021178482566028833,1.57542003E9,,,,0,,6,,32.649417877197266,-4.423782229423522,1.5000000237487257,-4.423782229423522,1.5000000237487257,C,8250972700814
1651867107999,114236000000,,,-1335902211763625555,0.0,4.870719856885125,310.0,1.0,7,2,0.0,84003,503925914910260,7,35.555992126464844,482.6822931076931,0.532295712084432,25,55877.141240738514,0.003032583510503173,1.17645005E9,,,,0,,6,,31.55599021911621,-2.7614412829279895,2.334322613789547,-2.7614412829279895,1.5000000237487257,Q,8250972700814
1651867107999,114236000000,,,-1335902211763625555,0.0,4.870719856885125,310.0,1.0,7,15,0.0,84003,503925918285016,7,37.33586120605469,-314.13169651628664,0.15,25,-34859.37045923659,0.0026205682661384344,1.17645005E9,,,,0,,6,,33.33586120605469,-9.780214168131348,2.334322613789547,-9.780214168131348,1.5000000237487257,Q,8250972700814
1651867107999,114236000000,,,-1335902211763625555,0.0,4.870719856885125,310.0,1.0,7,27,0.0,84003,503925913459141,7,36.25529098510742,-345.4984629033595,0.15,25,-38443.2903060352,0.0027980003505945206,1.17645005E9,,,,0,,6,,32.25529098510742,-6.6402368247508985,2.334322613789547,-6.6402368247508985,1.5000000237487257,Q,8250972700814
1651867107999,114236000000,,,-1335902211763625555,0.0,4.870719856885125,310.0,1.0,7,30,0.0,84003,503925921553672,6,34.84601974487305,67.43693307582888,0.565417302945761,25,8603.386364757582,0.0032908751163631678,1.17645005E9,,,,0,,6,,30.846019744873047,-6.27082772552967,2.334322613789547,-6.27082772552967,1.5000000237487257,Q,8250972700814
1651867108999,115236000000,,,-1335902211763625245,0.0,4.908751678518861,311.0,1.0,7,2,0.0,16431,503926930289220,27,34.110443115234375,-38.22584798136725,0.6009659707720312,25,-4002.490602579652,0.0027056224644184113,1.57542003E9,,,,0,,1,,30.01044464111328,0.0,1.0,0.0,1.0,C,8251957327035
1651867108999,115236000000,,,-1335902211763625245,0.0,4.908751678518861,311.0,1.0,7,6,0.0,16431,503926928978187,15,40.949867248535156,441.3547924720028,0.15,25,51090.49411144247,0.0013057870091870427,1.57542003E9,,,,0,,1,,36.84986877441406,0.320142130558394,1.0,0.320142130558394,1.0,C,8251957327035
1651867108999,115236000000,,,-1335902211763625245,0.0,4.908751678518861,311.0,1.0,7,12,0.0,16431,503926930861233,12,43.699806213378906,-188.1407495287831,0.15,25,-20999.653137625453,9.514268022030592E-4,1.57542003E9,,,,0,,1,,39.59980773925781,-0.6984919076624261,1.0,-0.6984919076624261,1.0,C,8251957327035
1651867108999,115236000000,,,-1335902211763625245,0.0,4.908751678518861,311.0,1.0,7,17,0.0,16431,503926917302235,32,32.055904388427734,582.0877992863393,0.6946177048650308,16,68133.33764009719,3.4028234663852886E38,1.57542003E9,,,,0,,1,,27.95590591430664,-0.7858034271858065,1.0,-0.7858034271858065,1.0,C,8251957327035
1651867108999,115236000000,,,-1335902211763625245,0.0,4.908751678518861,311.0,1.0,7,19,0.0,16431,503926923955694,14,41.895748138427734,605.4676146469437,0.15,25,70649.44935726005,0.0011710576945915818,1.57542003E9,,,,0,,1,,37.79574966430664,0.0,1.0,0.0,1.0,C,8251957327035
1651867108999,115236000000,,,-1335902211763625245,0.0,4.908751678518861,311.0,1.0,7,20,0.0,16431,503926920200559,28,33.90022277832031,-483.20259588897034,0.6122021978204057,25,-54537.52325570354,0.002771904459223151,1.57542003E9,,,,0,,1,,29.80022430419922,0.0,1.0,0.0,1.0,C,8251957327035
1651867108999,115236000000,,,-1335902211763625245,0.0,4.908751678518861,311.0,1.0,7,24,0.0,16431,503926927212986,12,46.55225372314453,497.24651067639,0.15,25,57731.38469400696,7.221572450362146E-4,1.57542003E9,,,,0,,1,,42.45225524902344,-0.20372681261465636,1.0,-0.20372681261465636,1.0,C,8251957327035
1651867108999,115236000000,,,-1335902211763625245,0.0,4.908751678518861,311.0,1.0,7,25,0.0,16431,503926922078388,16,40.196678161621094,-508.74013748957736,0.15,25,-57541.35890309215,0.0014240711461752653,1.57542003E9,,,,0,,1,,36.0966796875,-2.0372682255564105,1.0,-2.0372682255564105,1.0,C,8251957327035
1651867108999,115236000000,,,-1335902211763625245,0.0,4.908751678518861,311.0,1.0,7,6,0.0,81921,503926928978716,7,36.296974182128906,441.3340021735239,0.15,25,52557.72219551008,0.002953519579023123,1.17645005E9,,,,0,,1,,32.296974182128906,1.9208527336454408,1.8293405661475393,1.9208527336454408,1.0,Q,8251957327035
1651867108999,115236000000,,,-1335902211763625245,0.0,4.908751678518861,311.0,1.0,7,24,0.0,81921,503926927213516,7,40.62006378173828,497.23717208330277,0.15,25,59252.603725537054,0.0017954998183995485,1.17645005E9,,,,0,,1,,36.62006378173828,3.143213708743226,1.8293405661475393,3.143213708743226,1.0,Q,8251957327035
1651867108999,115236000000,,,-1335902211763625245,0.0,4.908751678518861,311.0,1.0,7,25,0.0,81921,503926922078921,7,35.606483459472656,-508.78001396370905,0.5277170469168926,25,-59082.17118534074,0.0030150057282298803,1.17645005E9,,,,0,,1,,31.606483459472656,1.0186341127782053,1.8293405661475393,1.0186341127782053,1.0,Q,8251957327035
1651867108999,115236000000,,,-1335902211763625245,0.0,4.908751678518861,311.0,1.0,7,18,0.0,32995,82708935400166,37,38.90884017944336,170.0392842098663,0.15,17,19838.149203575325,0.09529282883629688,1.60031245E9,,,,0,,3,,34.808841705322266,48.42877388000488,2.0000000474974513,48.42877388000488,2.0000000474974513,C,8251957327035
1651867108999,115236000000,,,-1335902211763625245,0.0,4.908751678518861,311.0,1.0,7,9,0.0,32995,82708922246296,33,44.27671813964844,-670.3043758131121,0.15,25,-75631.93951770288,8.761301287449896E-4,1.60087501E9,,,,0,,3,,40.176719665527344,48.42877388000488,2.0000000474974513,48.42877388000488,2.0000000474974513,C,8251957327035
1651867108999,115236000000,,,-1335902211763625245,0.0,4.908751678518861,311.0,1.0,7,15,0.0,32995,82708932292021,60,32.977378845214844,579.9324929007498,0.6522789729514633,17,65286.34920875474,0.0965996602284947,1.602E9,,,,0,,3,,28.87738037109375,48.42877388000488,2.0000000474974513,48.42877388000488,2.0000000474974513,C,8251957327035
1651867108999,115236000000,,,-1335902211763625245,0.0,4.908751678518861,311.0,1.0,7,19,0.0,32995,82708929291418,40,38.02192306518555,-411.62572220330753,0.15,25,-47200.46582725683,0.0017969919135794044,1.60368755E9,,,,0,,3,,33.92192459106445,48.42877388000488,2.0000000474974513,48.42877388000488,2.0000000474974513,C,8251957327035
1651867108999,115236000000,,,-1335902211763625245,0.0,4.908751678518861,311.0,1.0,7,17,0.0,32995,82708928980634,33,45.77593231201172,711.8339172510696,0.15,25,83250.39342027449,7.754825055599213E-4,1.60424998E9,,,,0,,3,,41.675933837890625,48.42877388000488,2.0000000474974513,48.42877388000488,2.0000000474974513,C,8251957327035
1651867108999,115236000000,,,-1335902211763625245,0.0,4.908751678518861,311.0,1.0,7,2,0.0,85026,503926914908123,24,35.553367614746094,482.6039716226037,0.5347516792566602,25,55745.40992574463,0.002430509775876999,1.57542003E9,,,,1,,6,,31.453367233276367,-4.423782229423522,1.5000000237487257,-4.423782229423522,1.5000000237487257,C,8251957327035
1651867108999,115236000000,,,-1335902211763625245,0.0,4.908751678518861,311.0,1.0,7,15,0.0,85026,503926918285545,18,41.73169708251953,-314.3339077308365,0.15,25,-35400.33921803973,0.0012579389149323106,1.57542003E9,,,,0,,6,,37.63169860839844,-4.423782229423522,1.5000000237487257,-4.423782229423522,1.5000000237487257,C,8251957327035
1651867108999,115236000000,,,-1335902211763625245,0.0,4.908751678518861,311.0,1.0,7,27,0.0,85026,503926913459768,16,40.59184265136719,-345.6211256643851,0.15,25,-38422.58025250464,0.0013607348082587123,1.57542003E9,,,,0,,6,,36.491844177246094,-4.423782229423522,1.5000000237487257,-4.423782229423522,1.5000000237487257,C,8251957327035
1651867108999,115236000000,,,-1335902211763625245,0.0,4.908751678518861,311.0,1.0,7,30,0.0,85026,503926921552916,22,36.51445007324219,67.35903336113893,0.15,25,8516.231196120205,0.002175921341404319,1.57542003E9,,,,0,,6,,32.414451599121094,-4.423782229423522,1.5000000237487257,-4.423782229423522,1.5000000237487257,C,8251957327035
1651867108999,115236000000,,,-1335902211763625245,0.0,4.908751678518861,311.0,1.0,7,2,0.0,84003,503926914908650,7,34.797462463378906,482.5381243166016,0.5664054944830288,25,56359.759615046605,0.0033093225210905075,1.17645005E9,,,,0,,6,,30.79746437072754,-2.7614412829279895,2.329340589896265,-2.7614412829279895,1.5000000237487257,Q,8251957327035
1651867108999,115236000000,,,-1335902211763625245,0.0,4.908751678518861,311.0,1.0,7,15,0.0,84003,503926918286065,6,36.834537506103516,-314.2894301250742,0.15,25,-35173.6176503785,0.0027762700337916613,1.17645005E9,,,,0,,6,,32.834537506103516,-9.780214168131348,2.329340589896265,-9.780214168131348,1.5000000237487257,Q,8251957327035
1651867108999,115236000000,,,-1335902211763625245,0.0,4.908751678518861,311.0,1.0,7,27,0.0,84003,503926913460293,7,35.548736572265625,-345.6166949450371,0.5323612475892108,25,-38788.878978705776,0.003035118104889989,1.17645005E9,,,,0,,6,,31.548734664916992,-6.6402368247508985,2.329340589896265,-6.6402368247508985,1.5000000237487257,Q,8251957327035
1651867108999,115236000000,,,-1335902211763625245,0.0,4.908751678518861,311.0,1.0,7,30,0.0,84003,503926921553447,6,34.16656494140625,67.41828145149677,0.5959716261127794,25,8670.806855048095,0.0035586406011134386,1.17645005E9,,,,0,,6,,30.16656494140625,-6.27082772552967,2.329340589896265,-6.27082772552967,1.5000000237487257,Q,8251957327035
1651867109999,116236000000,,,-1335902211763624935,0.0,5.009967603640082,310.0,1.0,7,2,0.0,16431,503927930289354,27,34.33427810668945,-38.19670748104025,0.5909004627917556,25,-4040.709477157375,0.0026367902755737305,1.57542003E9,,,,0,,1,,30.234277725219727,0.0,1.0,0.0,1.0,C,8252972247487
1651867109999,116236000000,,,-1335902211763624935,0.0,5.009967603640082,310.0,1.0,7,6,0.0,16431,503927928976716,17,39.783119201660156,441.5035623947249,0.15,25,51531.844626446895,0.0014935152139514685,1.57542003E9,,,,0,,1,,35.68312072753906,0.320142130558394,1.0,0.320142130558394,1.0,C,8252972247487
1651867109999,116236000000,,,-1335902211763624935,0.0,5.009967603640082,310.0,1.0,7,12,0.0,16431,503927930861862,12,44.0860595703125,-188.0830308886617,0.15,25,-21187.786633998596,9.10044414922595E-4,1.57542003E9,,,,0,,1,,39.986061096191406,-0.6984919076624261,1.0,-0.6984919076624261,1.0,C,8252972247487
1651867109999,116236000000,,,-1335902211763624935,0.0,5.009967603640082,310.0,1.0,7,17,0.0,16431,503927917300310,30,32.81822967529297,582.2124729122997,0.6603365449580005,17,68715.51789546914,0.0982864628667829,1.57542003E9,,,,0,,1,,28.718229293823242,-0.7858034271858065,1.0,-0.7858034271858065,1.0,C,8252972247487
1651867109999,116236000000,,,-1335902211763624935,0.0,5.009967603640082,310.0,1.0,7,19,0.0,16431,503927923953678,17,39.593116760253906,605.4520048818563,0.15,25,71254.84810585208,0.0015265456167981029,1.57542003E9,,,,0,,1,,35.49311828613281,0.0,1.0,0.0,1.0,C,8252972247487
1651867109999,116236000000,,,-1335902211763624935,0.0,5.009967603640082,310.0,1.0,7,20,0.0,16431,503927920202170,34,31.30192756652832,-483.25249260531973,0.7290449134236452,25,-55020.79284283998,0.0037384633906185627,1.57542003E9,,,,0,,1,,27.201927185058594,0.0,1.0,0.0,1.0,C,8252972247487
1651867109999,116236000000,,,-1335902211763624935,0.0,5.009967603640082,310.0,1.0,7,24,0.0,16431,503927927211336,12,46.158782958984375,497.33008085978395,0.15,25,58228.66080452693,7.556232740171254E-4,1.57542003E9,,,,0,,1,,42.05878448486328,-0.20372681261465636,1.0,-0.20372681261465636,1.0,C,8252972247487
1651867109999,116236000000,,,-1335902211763624935,0.0,5.009967603640082,310.0,1.0,7,25,0.0,16431,503927922080091,18,39.258888244628906,-508.8191065413407,0.15,25,-58050.11475633968,0.0015864312881603837,1.57542003E9,,,,0,,1,,35.15888977050781,-2.0372682255564105,1.0,-2.0372682255564105,1.0,C,8252972247487
1651867109999,116236000000,,,-1335902211763624935,0.0,5.009967603640082,310.0,1.0,7,6,0.0,81921,503927928977243,7,36.564788818359375,441.47868220146324,0.15,25,52999.09067081244,0.002863842761144042,1.17645005E9,,,,0,,1,,32.564788818359375,1.9208527336454408,1.8246606487793529,1.9208527336454408,1.0,Q,8252972247487
1651867109999,116236000000,,,-1335902211763624935,0.0,5.009967603640082,310.0,1.0,7,24,0.0,81921,503927927211858,7,41.010597229003906,497.31154000343554,0.15,25,59749.8853957758,0.0017165588214993477,1.17645005E9,,,,0,,1,,37.010597229003906,3.143213708743226,1.8246606487793529,3.143213708743226,1.0,Q,8252972247487
1651867109999,116236000000,,,-1335902211763624935,0.0,5.009967603640082,310.0,1.0,7,25,0.0,81921,503927922080619,7,36.04460525512695,-508.73127605088143,0.15,25,-59590.9155800554,0.002866698196157813,1.17645005E9,,,,0,,1,,32.04460525512695,1.0186341127782053,1.8246606487793529,1.0186341127782053,1.0,Q,8252972247487
1651867109999,116236000000,,,-1335902211763624935,0.0,5.009967603640082,310.0,1.0,7,18,0.0,32995,82709935399579,33,40.39220428466797,170.16020876560924,0.15,17,20008.24010362785,0.09503756344672777,1.60031245E9,,,,0,,3,,36.292205810546875,48.42877388000488,2.0000000474974513,48.42877388000488,2.0000000474974513,C,8252972247487
1651867109999,116236000000,,,-1335902211763624935,0.0,5.009967603640082,310.0,1.0,7,9,0.0,32995,82709922248523,33,43.78080368041992,-670.275882879459,0.15,25,-76302.23530717757,9.27607761695981E-4,1.60087501E9,,,,0,,3,,39.68080520629883,48.42877388000488,2.0000000474974513,48.42877388000488,2.0000000474974513,C,8252972247487
1651867109999,116236000000,,,-1335902211763624935,0.0,5.009967603640082,310.0,1.0,7,15,0.0,32995,82709932290112,59,33.244720458984375,580.0739350953195,0.6402565861149356,17,65866.3392704673,0.09650777617611378,1.602E9,,,,0,,3,,29.14472198486328,48.42877388000488,2.0000000474974513,48.42877388000488,2.0000000474974513,C,8252972247487
1651867109999,116236000000,,,-1335902211763624935,0.0,5.009967603640082,310.0,1.0,7,19,0.0,32995,82709929292806,38,38.608970642089844,-411.5199984231738,0.15,25,-47612.05692248453,0.0016795528354123235,1.60368755E9,,,,0,,3,,34.50897216796875,48.42877388000488,2.0000000474974513,48.42877388000488,2.0000000474974513,C,8252972247487
1651867109999,116236000000,,,-1335902211763624935,0.0,5.009967603640082,310.0,1.0,7,17,0.0,32995,82709928978288,33,47.53003692626953,711.8727030865925,0.15,25,83962.20374105676,6.336754304356873E-4,1.60424998E9,,,,0,,3,,43.43003845214844,48.42877388000488,2.0000000474974513,48.42877388000488,2.0000000474974513,C,8252972247487
1651867109999,116236000000,,,-1335902211763624935,0.0,5.009967603640082,310.0,1.0,7,2,0.0,85026,503927914906511,25,35.153507232666016,482.62629563162614,0.5527326713461138,25,56228.00402792368,0.0025450149551033974,1.57542003E9,,,,0,,6,,31.05350685119629,-4.423782229423522,1.5000000237487257,-4.423782229423522,1.5000000237487257,C,8252972247487
1651867109999,116236000000,,,-1335902211763624935,0.0,5.009967603640082,310.0,1.0,7,15,0.0,85026,503927918286583,17,42.078590393066406,-314.2863967864437,0.15,25,-35714.61681343979,0.0012086898786947131,1.57542003E9,,,,0,,6,,37.97859191894531,-4.423782229423522,1.5000000237487257,-4.423782229423522,1.5000000237487257,C,8252972247487
1651867109999,116236000000,,,-1335902211763624935,0.0,5.009967603640082,310.0,1.0,7,27,0.0,85026,503927913460917,15,41.20635986328125,-345.72085093217083,0.15,25,-38768.260079418666,0.0012677910272032022,1.57542003E9,,,,0,,6,,37.106361389160156,-4.423782229423522,1.5000000237487257,-4.423782229423522,1.5000000237487257,C,8252972247487
1651867109999,116236000000,,,-1335902211763624935,0.0,5.009967603640082,310.0,1.0,7,30,0.0,85026,503927921552685,25,35.04743576049805,67.41935504887724,0.5579784739731681,25,8583.59913174607,0.002576284809038043,1.57542003E9,,,,1,,6,,30.947437286376953,-4.423782229423522,1.5000000237487257,-4.423782229423522,1.5000000237487257,C,8252972247487
1651867109999,116236000000,,,-1335902211763624935,0.0,5.009967603640082,310.0,1.0,7,2,0.0,84003,503927914907041,8,34.927093505859375,482.5576535641892,0.5605757968024787,25,56842.327342016004,0.0032603000290691853,1.17645005E9,,,,0,,6,,30.927095413208008,-2.7614412829279895,2.3246606725280783,-2.7614412829279895,1.5000000237487257,Q,8252972247487
1651867109999,116236000000,,,-1335902211763624935,0.0,5.009967603640082,310.0,1.0,7,15,0.0,84003,503927918287112,6,37.23069381713867,-314.25142818605127,0.15,25,-35487.88893692897,0.002652491210028529,1.17645005E9,,,,0,,6,,33.23069381713867,-9.780214168131348,2.3246606725280783,-9.780214168131348,1.5000000237487257,Q,8252972247487
1651867109999,116236000000,,,-1335902211763624935,0.0,5.009967603640082,310.0,1.0,7,27,0.0,84003,503927913461448,9,35.30775833129883,-345.61240055551525,0.543197837864666,25,-39134.55670835876,0.0031205012928694487,1.17645005E9,,,,0,,6,,31.307758331298828,-6.6402368247508985,2.3246606725280783,-6.6402368247508985,1.5000000237487257,Q,8252972247487
1651867109999,116236000000,,,-1335902211763624935,0.0,5.009967603640082,310.0,1.0,7,30,0.0,84003,503927921553223,6,34.23249816894531,67.37051062837298,0.5930065855298907,25,8738.180418083088,0.0035317291039973497,1.17645005E9,,,,0,,6,,30.232498168945312,-6.27082772552967,2.3246606725280783,-6.27082772552967,1.5000000237487257,Q,8252972247487
1651867110999,117236000000,,,-1335902211763624625,0.0,4.985690923718887,310.0,1.0,7,2,0.0,16431,503928930289468,27,34.257789611816406,-38.028442393187134,0.5943400616413457,25,-4078.775376114953,0.0026601122226566076,1.57542003E9,,,,0,,1,,30.157791137695312,0.0,1.0,0.0,1.0,C,8253977645274
1651867110999,117236000000,,,-1335902211763624625,0.0,4.985690923718887,310.0,1.0,7,6,0.0,16431,503928928975242,18,39.06009292602539,441.6120809362935,0.15,25,51973.32092383145,0.0016231588087975979,1.57542003E9,,,,0,,1,,34.9600944519043,0.320142130558394,1.0,0.320142130558394,1.0,C,8253977645274
1651867110999,117236000000,,,-1335902211763624625,0.0,4.985690923718887,310.0,1.0,7,12,0.0,16431,503928930862492,12,44.18189239501953,-188.07916252984637,0.15,25,-21375.84497587444,9.00059356354177E-4,1.57542003E9,,,,0,,1,,40.08189392089844,-0.6984919076624261,1.0,-0.6984919076624261,1.0,C,8253977645274
1651867110999,117236000000,,,-1335902211763624625,0.0,4.985690923718887,310.0,1.0,7,17,0.0,16431,503928917298370,27,34.22846984863281,582.3808402475224,0.5969192781656285,25,69297.831616438,0.002669106936082244,1.57542003E9,,,,0,,1,,30.128469467163086,-0.7858034271858065,1.0,-0.7858034271858065,1.0,C,8253977645274
1651867110999,117236000000,,,-1335902211763624625,0.0,4.985690923718887,310.0,1.0,7,19,0.0,16431,503928923951660,18,39.31794357299805,605.4286243166816,0.15,25,71860.28174135517,0.0015756814973428845,1.57542003E9,,,,0,,1,,35.21794509887695,0.0,1.0,0.0,1.0,C,8253977645274
1651867110999,117236000000,,,-1335902211763624625,0.0,4.985690923718887,310.0,1.0,7,20,0.0,16431,503928920203789,40,29.305387496948242,-483.2812922810815,0.8188273567591353,25,-55504.05212478873,0.004704570863395929,1.57542003E9,,,,0,,1,,25.205387115478516,0.0,1.0,0.0,1.0,C,8253977645274
1651867110999,117236000000,,,-1335902211763624625,0.0,4.985690923718887,310.0,1.0,7,24,0.0,16431,503928927209674,11,47.470664978027344,497.3553700425239,0.15,25,58726.044824790064,6.496974383480847E-4,1.57542003E9,,,,0,,1,,43.37066650390625,-0.20372681261465636,1.0,-0.20372681261465636,1.0,C,8253977645274
1651867110999,117236000000,,,-1335902211763624625,0.0,4.985690923718887,310.0,1.0,7,25,0.0,16431,503928922081780,18,39.24052429199219,-508.67272239057525,0.15,25,-58558.809726928244,0.0015897885896265507,1.57542003E9,,,,0,,1,,35.140525817871094,-2.0372682255564105,1.0,-2.0372682255564105,1.0,C,8253977645274
1651867110999,117236000000,,,-1335902211763624625,0.0,4.985690923718887,310.0,1.0,7,6,0.0,81921,503928928975770,8,37.203712463378906,441.65349112096874,0.15,25,53440.55163532804,0.0026607434265315533,1.17645005E9,,,,0,,1,,33.203712463378906,1.9208527336454408,1.819886888515579,1.9208527336454408,1.0,Q,8253977645274
1651867110999,117236000000,,,-1335902211763624625,0.0,4.985690923718887,310.0,1.0,7,24,0.0,81921,503928927210200,6,41.39864730834961,497.3653902847416,0.15,25,60247.272108418394,0.0016415577847510576,1.17645005E9,,,,0,,1,,37.39864730834961,3.143213708743226,1.819886888515579,3.143213708743226,1.0,Q,8253977645274
1651867110999,117236000000,,,-1335902211763624625,0.0,4.985690923718887,310.0,1.0,7,25,0.0,81921,503928922082315,6,36.053558349609375,-508.7940218533399,0.15,25,-60099.63666231101,0.002863745205104351,1.17645005E9,,,,0,,1,,32.053558349609375,1.0186341127782053,1.819886888515579,1.0186341127782053,1.0,Q,8253977645274
1651867110999,117236000000,,,-1335902211763624625,0.0,4.985690923718887,310.0,1.0,7,18,0.0,32995,82710935399032,33,40.35251998901367,170.28570037052623,0.15,17,20178.459403285273,0.09504384009521939,1.60031245E9,,,,0,,3,,36.25252151489258,48.42877388000488,2.0000000474974513,48.42877388000488,2.0000000474974513,C,8253977645274
1651867110999,117236000000,,,-1335902211763624625,0.0,4.985690923718887,310.0,1.0,7,9,0.0,32995,82710922250769,33,44.05718994140625,-670.2715884899371,0.15,25,-76972.49435173851,8.985557942651212E-4,1.60087501E9,,,,0,,3,,39.957191467285156,48.42877388000488,2.0000000474974513,48.42877388000488,2.0000000474974513,C,8253977645274
1651867110999,117236000000,,,-1335902211763624625,0.0,4.985690923718887,310.0,1.0,7,15,0.0,32995,82710932288156,46,36.21613693237305,580.2296237567157,0.15,17,66446.49769922557,0.09565611497640997,1.602E9,,,,0,,3,,32.11613845825195,48.42877388000488,2.0000000474974513,48.42877388000488,2.0000000474974513,C,8253977645274
1651867110999,117236000000,,,-1335902211763624625,0.0,4.985690923718887,310.0,1.0,7,19,0.0,32995,82710929294154,35,39.58280563354492,-411.48451858593353,0.15,25,-48023.54316064332,0.0015014191158115864,1.60368755E9,,,,0,,3,,35.48280715942383,48.42877388000488,2.0000000474974513,48.42877388000488,2.0000000474974513,C,8253977645274
1651867110999,117236000000,,,-1335902211763624625,0.0,4.985690923718887,310.0,1.0,7,17,0.0,32995,82710928975921,33,47.43259048461914,711.856956991679,0.15,25,84674.07887598043,6.408246699720621E-4,1.60424998E9,,,,0,,3,,43.33259201049805,48.42877388000488,2.0000000474974513,48.42877388000488,2.0000000474974513,C,8253977645274
1651867110999,117236000000,,,-1335902211763624625,0.0,4.985690923718887,310.0,1.0,7,2,0.0,85026,503928914904904,21,36.980621337890625,482.66307060221425,0.15,25,56710.64061391032,0.0020622180309146643,1.57542003E9,,,,0,,6,,32.88062286376953,-4.423782229423522,1.5000000237487257,-4.423782229423522,1.5000000237487257,C,8253977645274
1651867110999,117236000000,,,-1335902211763624625,0.0,4.985690923718887,310.0,1.0,7,15,0.0,85026,503928918287634,17,42.189552307128906,-314.16830107459214,0.15,25,-36028.803990813125,0.001193347037769854,1.57542003E9,,,,0,,6,,38.08955383300781,-4.423782229423522,1.5000000237487257,-4.423782229423522,1.5000000237487257,C,8253977645274
1651867110999,117236000000,,,-1335902211763624625,0.0,4.985690923718887,310.0,1.0,7,27,0.0,85026,503928913462076,14,42.08245849609375,-345.6492096085599,0.15,25,-39113.88925964173,0.001146153430454433,1.57542003E9,,,,0,,6,,37.982460021972656,-4.423782229423522,1.5000000237487257,-4.423782229423522,1.5000000237487257,C,8253977645274
1651867110999,117236000000,,,-1335902211763624625,0.0,4.985690923718887,310.0,1.0,7,30,0.0,85026,503928921552460,22,36.49368667602539,67.55088776921289,0.15,25,8651.068159950926,0.0021811285987496376,1.57542003E9,,,,0,,6,,32.3936882019043,-4.423782229423522,1.5000000237487257,-4.423782229423522,1.5000000237487257,C,8253977645274
1651867110999,117236000000,,,-1335902211763624625,0.0,4.985690923718887,310.0,1.0,7,2,0.0,84003,503928914905430,8,33.913604736328125,482.7241122818466,0.6061510973070532,25,57324.989864022995,0.0036638029851019382,1.17645005E9,,,,0,,6,,29.913604736328125,-2.7614412829279895,2.3198869122643044,-2.7614412829279895,1.5000000237487257,Q,8253977645274
1651867110999,117236000000,,,-1335902211763624625,0.0,4.985690923718887,310.0,1.0,7,15,0.0,84003,503928918288161,7,37.752262115478516,-314.18909137307105,0.15,25,-35802.08317288565,0.002497902372851968,1.17645005E9,,,,0,,6,,33.752262115478516,-9.780214168131348,2.3198869122643044,-9.780214168131348,1.5000000237487257,Q,8253977645274
1651867110999,117236000000,,,-1335902211763624625,0.0,4.985690923718887,310.0,1.0,7,27,0.0,84003,503928913462600,8,34.97034454345703,-345.76911169060713,0.5583712875980531,25,-39480.20798209218,0.0032441073562949896,1.17645005E9,,,,0,,6,,30.9703426361084,-6.6402368247508985,2.3198869122643044,-6.6402368247508985,1.5000000237487257,Q,8253977645274
1651867110999,117236000000,,,-1335902211763624625,0.0,4.985690923718887,310.0,1.0,7,30,0.0,84003,503928921552997,6,34.34286117553711,67.50965225712736,0.5880436606352459,25,8805.64526997457,0.00348713924176991,1.17645005E9,,,,0,,6,,30.34286117553711,-6.27082772552967,2.3198869122643044,-6.27082772552967,1.5000000237487257,Q,8253977645274
1651867111999,118236000000,,,-1335902211763624314,0.0,5.048559699171625,310.0,1.0,7,2,0.0,16431,503929930289614,28,33.57671356201172,-37.85737402328502,0.6249673425668583,25,-4116.775695412779,0.0028770919889211655,1.57542003E9,,,,0,,1,,29.476713180541992,0.0,1.0,0.0,1.0,C,8254970684337
1651867111999,118236000000,,,-1335902211763624314,0.0,5.048559699171625,310.0,1.0,7,6,0.0,16431,503929928973761,17,39.486961364746094,441.5280676809648,0.15,25,52414.86190830511,0.0015453168889507651,1.57542003E9,,,,0,,1,,35.386962890625,0.320142130558394,1.0,0.320142130558394,1.0,C,8254970684337
1651867111999,118236000000,,,-1335902211763624314,0.0,5.048559699171625,310.0,1.0,7,12,0.0,16431,503929930863123,12,43.69357681274414,-187.94866080382053,0.15,25,-21563.838835289775,9.521092870272696E-4,1.57542003E9,,,,0,,1,,39.59357833862305,-0.6984919076624261,1.0,-0.6984919076624261,1.0,C,8254970684337
1651867111999,118236000000,,,-1335902211763624314,0.0,5.048559699171625,310.0,1.0,7,17,0.0,16431,503929917296424,20,37.90633773803711,582.0880719459915,0.15,25,69879.96731190504,0.0018537399591878057,1.57542003E9,,,,0,,1,,33.806339263916016,-0.7858034271858065,1.0,-0.7858034271858065,1.0,C,8254970684337
1651867111999,118236000000,,,-1335902211763624314,0.0,5.048559699171625,310.0,1.0,7,19,0.0,16431,503929923949636,14,41.808250427246094,605.4375539202906,0.15,25,72465.70260530138,0.0011829138966277242,1.57542003E9,,,,0,,1,,37.708251953125,0.0,1.0,0.0,1.0,C,8254970684337
1651867111999,118236000000,,,-1335902211763624314,0.0,5.048559699171625,310.0,1.0,7,20,0.0,16431,503929920205422,43,28.341440200805664,-483.10218897205414,0.8621752489088079,16,-55987.28911408421,3.4028234663852886E38,1.57542003E9,,,,0,,1,,24.241439819335938,0.0,1.0,0.0,1.0,C,8254970684337
1651867111999,118236000000,,,-1335902211763624314,0.0,5.048559699171625,310.0,1.0,7,24,0.0,16431,503929927208009,11,47.48921585083008,497.57315693970463,0.15,25,59223.5228318344,6.483113975264132E-4,1.57542003E9,,,,0,,1,,43.389217376708984,-0.20372681261465636,1.0,-0.20372681261465636,1.0,C,8254970684337
1651867111999,118236000000,,,-1335902211763624314,0.0,5.048559699171625,310.0,1.0,7,25,0.0,16431,503929922083483,17,40.04513168334961,-508.64971673242235,0.15,25,-59067.51730275625,0.0014491354813799262,1.57542003E9,,,,0,,1,,35.945133209228516,-2.0372682255564105,1.0,-2.0372682255564105,1.0,C,8254970684337
1651867111999,118236000000,,,-1335902211763624314,0.0,5.048559699171625,310.0,1.0,7,6,0.0,81921,503929928974295,7,38.39500427246094,441.6120127713805,0.15,25,53882.10875356549,0.0023197350092232227,1.17645005E9,,,,0,,1,,34.39500427246094,1.9208527336454408,1.815241317249538,1.9208527336454408,1.0,Q,8254970684337
1651867111999,118236000000,,,-1335902211763624314,0.0,5.048559699171625,310.0,1.0,7,24,0.0,81921,503929927208540,7,41.238250732421875,497.5242826970509,0.15,25,60744.74159503104,0.0016721532447263598,1.17645005E9,,,,0,,1,,37.238250732421875,3.143213708743226,1.815241317249538,3.143213708743226,1.0,Q,8254970684337
1651867111999,118236000000,,,-1335902211763624314,0.0,5.048559699171625,310.0,1.0,7,25,0.0,81921,503929922084013,8,36.370216369628906,-508.66945047474906,0.15,25,-60608.32813002758,0.0027612231206148863,1.17645005E9,,,,0,,1,,32.370216369628906,1.0186341127782053,1.815241317249538,1.0186341127782053,1.0,Q,8254970684337
1651867111999,118236000000,,,-1335902211763624314,0.0,5.048559699171625,310.0,1.0,7,18,0.0,32995,82711935398406,34,40.018699645996094,170.4249272054219,0.15,17,20348.788630235736,0.09509779161196687,1.60031245E9,,,,0,,3,,35.918701171875,48.42877388000488,2.0000000474974513,48.42877388000488,2.0000000474974513,C,8254970684337
1651867111999,118236000000,,,-1335902211763624314,0.0,5.048559699171625,310.0,1.0,7,9,0.0,32995,82711922252999,33,44.51743698120117,-670.2195786612833,0.15,25,-77642.73847965084,8.521828567609191E-4,1.60087501E9,,,,0,,3,,40.41743850708008,48.42877388000488,2.0000000474974513,48.42877388000488,2.0000000474974513,C,8254970684337
1651867111999,118236000000,,,-1335902211763624314,0.0,5.048559699171625,310.0,1.0,7,15,0.0,32995,82711932286208,47,35.86131286621094,580.3244411507621,0.522590632738615,17,67026.7143144744,0.09574317454502373,1.602E9,,,,0,,3,,31.761314392089844,48.42877388000488,2.0000000474974513,48.42877388000488,2.0000000474974513,C,8254970684337
1651867111999,118236000000,,,-1335902211763624314,0.0,5.048559699171625,310.0,1.0,7,19,0.0,32995,82711929295543,34,39.98229217529297,-411.2690152133398,0.15,25,-48434.920697031055,0.001433928613550961,1.60368755E9,,,,0,,3,,35.882293701171875,48.42877388000488,2.0000000474974513,48.42877388000488,2.0000000474974513,C,8254970684337
1651867111999,118236000000,,,-1335902211763624314,0.0,5.048559699171625,310.0,1.0,7,17,0.0,32995,82711928973524,33,47.92272186279297,711.9172829397244,0.15,25,85385.97904895003,6.056652055121958E-4,1.60424998E9,,,,0,,3,,43.822723388671875,48.42877388000488,2.0000000474974513,48.42877388000488,2.0000000474974513,C,8254970684337
1651867111999,118236000000,,,-1335902211763624314,0.0,5.048559699171625,310.0,1.0,7,2,0.0,85026,503929914903288,21,37.15507125854492,482.7203632116291,0.15,25,57193.3089150661,0.0020212132949382067,1.57542003E9,,,,0,,6,,33.05507278442383,-4.423782229423522,1.5000000237487257,-4.423782229423522,1.5000000237487257,C,8254970684337
1651867111999,118236000000,,,-1335902211763624314,0.0,5.048559699171625,310.0,1.0,7,15,0.0,85026,503929918288688,17,42.15869903564453,-314.03715178189236,0.15,25,-36342.955323514245,0.0011975935194641352,1.57542003E9,,,,0,,6,,38.05870056152344,-4.423782229423522,1.5000000237487257,-4.423782229423522,1.5000000237487257,C,8254970684337
1651867111999,118236000000,,,-1335902211763624314,0.0,5.048559699171625,310.0,1.0,7,27,0.0,85026,503929913463225,15,41.583770751953125,-345.56877501116605,0.15,25,-39459.51725616193,0.0012138836318627,1.57542003E9,,,,0,,6,,37.48377227783203,-4.423782229423522,1.5000000237487257,-4.423782229423522,1.5000000237487257,C,8254970684337
1651867111999,118236000000,,,-1335902211763624314,0.0,5.048559699171625,310.0,1.0,7,30,0.0,85026,503929921552249,22,36.4193000793457,67.58566465578735,0.15,25,8718.569670561537,0.0021998879965394735,1.57542003E9,,,,0,,6,,32.31930160522461,-4.423782229423522,1.5000000237487257,-4.423782229423522,1.5000000237487257,C,8254970684337
1651867111999,118236000000,,,-1335902211763624314,0.0,5.048559699171625,310.0,1.0,7,2,0.0,84003,503929914903820,8,32.98207473754883,482.83027913391516,0.6480406996617156,25,57807.67654360672,0.004078575875610113,1.17645005E9,,,,0,,6,,28.982074737548828,-2.7614412829279895,2.3152413409982637,-2.7614412829279895,1.5000000237487257,Q,8254970684337
1651867111999,118236000000,,,-1335902211763624314,0.0,5.048559699171625,310.0,1.0,7,15,0.0,84003,503929918289211,8,37.42107009887695,-314.00695472541315,0.15,25,-36116.22172878785,0.002594986231997609,1.17645005E9,,,,0,,6,,33.42107009887695,-9.780214168131348,2.3152413409982637,-9.780214168131348,1.5000000237487257,Q,8254970684337
1651867111999,118236000000,,,-1335902211763624314,0.0,5.048559699171625,310.0,1.0,7,27,0.0,84003,503929913463751,8,35.61210632324219,-345.5245019001429,0.5295121339556081,25,-39825.81435379616,0.0030130548402667046,1.17645005E9,,,,0,,6,,31.612104415893555,-6.6402368247508985,2.3152413409982637,-6.6402368247508985,1.5000000237487257,Q,8254970684337
1651867111999,118236000000,,,-1335902211763624314,0.0,5.048559699171625,310.0,1.0,7,30,0.0,84003,503929921552772,6,34.373939514160156,67.59782357215187,0.5866459470813212,25,8873.136028634044,0.0034746837336570024,1.17645005E9,,,,0,,6,,30.37394142150879,-6.27082772552967,2.3152413409982637,-6.27082772552967,1.5000000237487257,Q,8254970684337
1651867112999,119236000000,,,-1335902211763624004,0.0,5.311412059154383,310.0,1.0,7,2,0.0,16431,503930930289756,26,34.77911376953125,-37.71062774641899,0.5708967900720796,25,-4154.58986587271,0.002505150157958269,1.57542003E9,,,,0,,1,,30.679113388061523,0.0,1.0,0.0,1.0,C,8255969779227
1651867112999,119236000000,,,-1335902211763624004,0.0,5.311412059154383,310.0,1.0,7,6,0.0,16431,503930928972288,20,38.076194763183594,441.73641373768874,0.15,25,52856.58914720772,0.0018178407335653901,1.57542003E9,,,,0,,1,,33.9761962890625,0.320142130558394,1.0,0.320142130558394,1.0,C,8255969779227
1651867112999,119236000000,,,-1335902211763624004,0.0,5.311412059154383,310.0,1.0,7,12,0.0,16431,503930930863746,12,44.2932243347168,-187.80638358906606,0.15,25,-21751.711520628996,8.885963470675051E-4,1.57542003E9,,,,0,,1,,40.1932258605957,-0.6984919076624261,1.0,-0.6984919076624261,1.0,C,8255969779227
1651867112999,119236000000,,,-1335902211763624004,0.0,5.311412059154383,310.0,1.0,7,17,0.0,16431,503930917294474,19,38.68537521362305,582.084322875774,0.15,25,70462.20246366062,0.0016947159310802817,1.57542003E9,,,,0,,1,,34.58537673950195,-0.7858034271858065,1.0,-0.7858034271858065,1.0,C,8255969779227
1651867112999,119236000000,,,-1335902211763624004,0.0,5.311412059154383,310.0,1.0,7,19,0.0,16431,503930923947623,18,38.816566467285156,605.4768850751179,0.15,25,73071.21529321135,0.0016693113138899207,1.57542003E9,,,,0,,1,,34.71656799316406,0.0,1.0,0.0,1.0,C,8255969779227
1651867112999,119236000000,,,-1335902211763624004,0.0,5.311412059154383,310.0,1.0,7,20,0.0,16431,503930920207035,35,30.86308479309082,-483.2728057494073,0.7487801202309061,17,-56470.503546645225,0.09907903304611122,1.57542003E9,,,,0,,1,,26.763084411621094,0.0,1.0,0.0,1.0,C,8255969779227
1651867112999,119236000000,,,-1335902211763624004,0.0,5.311412059154383,310.0,1.0,7,24,0.0,16431,503930927206355,10,48.733787536621094,497.68314102690374,0.15,25,59721.12836226009,5.617653951048851E-4,1.57542003E9,,,,0,,1,,44.6337890625,-0.20372681261465636,1.0,-0.20372681261465636,1.0,C,8255969779227
1651867112999,119236000000,,,-1335902211763624004,0.0,5.311412059154383,310.0,1.0,7,25,0.0,16431,503930922085180,18,39.267513275146484,-508.5635903647892,0.15,25,-59576.15286435424,0.001584856421686709,1.57542003E9,,,,0,,1,,35.16751480102539,-2.0372682255564105,1.0,-2.0372682255564105,1.0,C,8255969779227
1651867112999,119236000000,,,-1335902211763624004,0.0,5.311412059154383,310.0,1.0,7,6,0.0,81921,503930928972822,7,38.75410079956055,441.7499785553848,0.15,25,54323.82546580324,0.0022257869131863117,1.17645005E9,,,,0,,1,,34.75410079956055,1.9208527336454408,1.8107685202976187,1.9208527336454408,1.0,Q,8255969779227
1651867112999,119236000000,,,-1335902211763624004,0.0,5.311412059154383,310.0,1.0,7,24,0.0,81921,503930927206881,6,42.26575469970703,497.7260849221225,0.15,25,61242.35186415861,0.0014855965273454785,1.17645005E9,,,,0,,1,,38.26575469970703,3.143213708743226,1.8107685202976187,3.143213708743226,1.0,Q,8255969779227
1651867112999,119236000000,,,-1335902211763624004,0.0,5.311412059154383,310.0,1.0,7,25,0.0,81921,503930922085710,7,36.02309799194336,-508.5509116909627,0.15,25,-61116.9582523579,0.0028738058172166348,1.17645005E9,,,,0,,1,,32.02309799194336,1.0186341127782053,1.8107685202976187,1.0186341127782053,1.0,Q,8255969779227
1651867112999,119236000000,,,-1335902211763624004,0.0,5.311412059154383,310.0,1.0,7,18,0.0,32995,82712935397874,33,40.552978515625,170.61277266454738,0.15,17,20519.2977828866,0.09501242507137843,1.60031245E9,,,,0,,3,,36.452980041503906,48.42877388000488,2.0000000474974513,48.42877388000488,2.0000000474974513,C,8255969779227
1651867112999,119236000000,,,-1335902211763624004,0.0,5.311412059154383,310.0,1.0,7,9,0.0,32995,82712922255243,33,44.765769958496094,-670.129464646237,0.15,25,-78312.9108195855,8.281636983156204E-4,1.60087501E9,,,,0,,3,,40.665771484375,48.42877388000488,2.0000000474974513,48.42877388000488,2.0000000474974513,C,8255969779227
1651867112999,119236000000,,,-1335902211763624004,0.0,5.311412059154383,310.0,1.0,7,15,0.0,32995,82712932284280,47,35.89803695678711,580.5025560685503,0.5209388650922697,17,67607.14973288882,0.09573399822369605,1.602E9,,,,0,,3,,31.798038482666016,48.42877388000488,2.0000000474974513,48.42877388000488,2.0000000474974513,C,8255969779227
1651867112999,119236000000,,,-1335902211763624004,0.0,5.311412059154383,310.0,1.0,7,19,0.0,32995,82712929296910,33,40.23518371582031,-411.16134873318424,0.15,25,-48846.169268550504,0.001392781618051231,1.60368755E9,,,,0,,3,,36.13518524169922,48.42877388000488,2.0000000474974513,48.42877388000488,2.0000000474974513,C,8255969779227
1651867112999,119236000000,,,-1335902211763624004,0.0,5.311412059154383,310.0,1.0,7,17,0.0,32995,82712928971160,33,47.12596130371094,712.0189849899884,0.15,25,86097.97438418791,6.638511549681425E-4,1.60424998E9,,,,0,,3,,43.025962829589844,48.42877388000488,2.0000000474974513,48.42877388000488,2.0000000474974513,C,8255969779227
1651867112999,119236000000,,,-1335902211763624004,0.0,5.311412059154383,310.0,1.0,7,2,0.0,85026,503930914901662,28,33.58548355102539,482.7692374542828,0.6232441149262216,25,57676.08841161166,0.0030485375318676233,1.57542003E9,,,,1,,6,,29.485483169555664,-4.423782229423522,1.5000000237487257,-4.423782229423522,1.5000000237487257,C,8255969779227
1651867112999,119236000000,,,-1335902211763624004,0.0,5.311412059154383,310.0,1.0,7,15,0.0,85026,503930918289731,18,41.802520751953125,-313.9216804191931,0.15,25,-36656.98502378304,0.001247723470441997,1.57542003E9,,,,0,,6,,37.70252227783203,-4.423782229423522,1.5000000237487257,-4.423782229423522,1.5000000237487257,C,8255969779227
1651867112999,119236000000,,,-1335902211763624004,0.0,5.311412059154383,310.0,1.0,7,27,0.0,85026,503930913464379,16,40.42378234863281,-345.52944385633873,0.15,25,-39805.07565326212,0.0013873197603970766,1.57542003E9,,,,0,,6,,36.32378387451172,-4.423782229423522,1.5000000237487257,-4.423782229423522,1.5000000237487257,C,8255969779227
1651867112999,119236000000,,,-1335902211763624004,0.0,5.311412059154383,310.0,1.0,7,30,0.0,85026,503930921552017,22,36.35165786743164,67.65454956072702,0.15,25,8786.181208531252,0.002217087196186185,1.57542003E9,,,,0,,6,,32.25165939331055,-4.423782229423522,1.5000000237487257,-4.423782229423522,1.5000000237487257,C,8255969779227
1651867112999,119236000000,,,-1335902211763624004,0.0,5.311412059154383,310.0,1.0,7,2,0.0,84003,503930914902211,24,28.51705551147461,483.04932708198726,0.848827240901977,25,58290.47090746812,0.006819610949605703,1.17645005E9,,,,0,,6,,24.51705551147461,-2.7614412829279895,2.3107685440463444,-2.7614412829279895,1.5000000237487257,Q,8255969779227
1651867112999,119236000000,,,-1335902211763624004,0.0,5.311412059154383,310.0,1.0,7,15,0.0,84003,503930918290258,7,37.79550552368164,-313.980540821608,0.15,25,-36430.26432752672,0.002485497621819377,1.17645005E9,,,,0,,6,,33.79550552368164,-9.780214168131348,2.3107685440463444,-9.780214168131348,1.5000000237487257,Q,8255969779227
1651867112999,119236000000,,,-1335902211763624004,0.0,5.311412059154383,310.0,1.0,7,27,0.0,84003,503930913464904,7,35.80958557128906,-345.45981339766263,0.5206318899980218,25,-40171.38151722724,0.0029453239403665066,1.17645005E9,,,,0,,6,,31.809585571289062,-6.6402368247508985,2.3107685440463444,-6.6402368247508985,1.5000000237487257,Q,8255969779227
1651867112999,119236000000,,,-1335902211763624004,0.0,5.311412059154383,310.0,1.0,7,30,0.0,84003,503930921552546,7,34.718048095703125,67.71773417481324,0.5711719127142842,25,8940.757159293635,0.0033397197257727385,1.17645005E9,,,,0,,6,,30.718046188354492,-6.27082772552967,2.3107685440463444,-6.27082772552967,1.5000000237487257,Q,8255969779227
1651867113999,120236000000,,,-1335902211763623694,0.0,5.4931054247507864,310.0,1.0,7,2,0.0,16431,503931930289879,27,33.93961715698242,-37.75136480257788,0.6086480366511364,25,-4192.309964366447,0.0027593618724495173,1.57542003E9,,,,0,,1,,29.839616775512695,0.0,1.0,0.0,1.0,C,8256977641043
1651867113999,120236000000,,,-1335902211763623694,0.0,5.4931054247507864,310.0,1.0,7,6,0.0,16431,503931928970826,21,37.22183609008789,441.82369890884365,0.15,25,53298.40195635001,0.0020057361107319593,1.57542003E9,,,,0,,1,,33.1218376159668,0.320142130558394,1.0,0.320142130558394,1.0,C,8256977641043
1651867113999,120236000000,,,-1335902211763623694,0.0,5.4931054247507864,310.0,1.0,7,12,0.0,16431,503931930864374,12,43.652809143066406,-187.79617589333748,0.15,25,-21939.51505631958,9.565885411575437E-4,1.57542003E9,,,,0,,1,,39.55281066894531,-0.6984919076624261,1.0,-0.6984919076624261,1.0,C,8256977641043
1651867113999,120236000000,,,-1335902211763623694,0.0,5.4931054247507864,310.0,1.0,7,17,0.0,16431,503931917292522,22,36.6226692199707,582.1179281779055,0.15,25,71044.40857509682,0.0021489786449819803,1.57542003E9,,,,0,,1,,32.52267074584961,-0.7858034271858065,1.0,-0.7858034271858065,1.0,C,8256977641043
1651867113999,120236000000,,,-1335902211763623694,0.0,5.4931054247507864,310.0,1.0,7,19,0.0,16431,503931923945599,18,39.026512145996094,605.5160799001192,0.15,25,73676.74251121239,0.0016294460510835052,1.57542003E9,,,,0,,1,,34.926513671875,0.0,1.0,0.0,1.0,C,8256977641043
1651867113999,120236000000,,,-1335902211763623694,0.0,5.4931054247507864,310.0,1.0,7,20,0.0,16431,503931920208639,38,29.825231552124023,-483.18350971331756,0.795451517862638,17,-56953.65746933115,0.09957810320247686,1.57542003E9,,,,0,,1,,25.725231170654297,0.0,1.0,0.0,1.0,C,8256977641043
1651867113999,120236000000,,,-1335902211763623694,0.0,5.4931054247507864,310.0,1.0,7,24,0.0,16431,503931927204699,10,48.30802917480469,497.6957515358172,0.15,25,60218.82738585937,5.899877287447453E-4,1.57542003E9,,,,0,,1,,44.208030700683594,-0.20372681261465636,1.0,-0.20372681261465636,1.0,C,8256977641043
1651867113999,120236000000,,,-1335902211763623694,0.0,5.4931054247507864,310.0,1.0,7,25,0.0,16431,503931922086874,19,38.12513732910156,-508.60401215822526,0.15,25,-60084.76843124982,0.0018076265696436167,1.57542003E9,,,,0,,1,,34.02513885498047,-2.0372682255564105,1.0,-2.0372682255564105,1.0,C,8256977641043
1651867113999,120236000000,,,-1335902211763623694,0.0,5.4931054247507864,310.0,1.0,7,6,0.0,81921,503931928971350,9,39.007965087890625,441.8908754306501,0.15,25,54765.646990510046,0.0021616744343191385,1.17645005E9,,,,0,,1,,35.007965087890625,1.9208527336454408,1.8066511632537217,1.9208527336454408,1.0,Q,8256977641043
1651867113999,120236000000,,,-1335902211763623694,0.0,5.4931054247507864,310.0,1.0,7,24,0.0,81921,503931927205219,6,41.6276741027832,497.6950698866867,0.15,25,61740.04718930438,0.001598839764483273,1.17645005E9,,,,0,,1,,37.6276741027832,3.143213708743226,1.8066511632537217,3.143213708743226,1.0,Q,8256977641043
1651867113999,120236000000,,,-1335902211763623694,0.0,5.4931054247507864,310.0,1.0,7,25,0.0,81921,503931922087405,7,37.35184860229492,-508.6218372829867,0.15,25,-61625.57002649976,0.002615749603137374,1.17645005E9,,,,0,,1,,33.35184860229492,1.0186341127782053,1.8066511632537217,1.0186341127782053,1.0,Q,8256977641043
1651867113999,120236000000,,,-1335902211763623694,0.0,5.4931054247507864,310.0,1.0,7,18,0.0,32995,82713935397292,34,40.08500671386719,170.61887342426496,0.15,17,20689.920794457543,0.09508690957334377,1.60031245E9,,,,0,,3,,35.985008239746094,48.42877388000488,2.0000000474974513,48.42877388000488,2.0000000474974513,C,8256977641043
1651867113999,120236000000,,,-1335902211763623694,0.0,5.4931054247507864,310.0,1.0,7,9,0.0,32995,82713922257488,33,44.623844146728516,-670.1709089133687,0.15,25,-78983.06678533177,8.418068755418062E-4,1.60087501E9,,,,0,,3,,40.52384567260742,48.42877388000488,2.0000000474974513,48.42877388000488,2.0000000474974513,C,8256977641043
1651867113999,120236000000,,,-1335902211763623694,0.0,5.4931054247507864,310.0,1.0,7,15,0.0,32995,82713932282352,46,36.306949615478516,580.585717262466,0.15,17,68187.6990171782,0.09563439909510701,1.602E9,,,,0,,3,,32.20695114135742,48.42877388000488,2.0000000474974513,48.42877388000488,2.0000000474974513,C,8256977641043
1651867113999,120236000000,,,-1335902211763623694,0.0,5.4931054247507864,310.0,1.0,7,19,0.0,32995,82713929298286,34,40.097190856933594,-411.14117191892274,0.15,25,-49257.31243127152,0.0014150852803140879,1.60368755E9,,,,0,,3,,35.9971923828125,48.42877388000488,2.0000000474974513,48.42877388000488,2.0000000474974513,C,8256977641043
1651867113999,120236000000,,,-1335902211763623694,0.0,5.4931054247507864,310.0,1.0,7,17,0.0,32995,82713928968763,33,47.42876434326172,712.0199392987711,0.15,25,86810.001162003,6.411068607121706E-4,1.60424998E9,,,,0,,3,,43.328765869140625,48.42877388000488,2.0000000474974513,48.42877388000488,2.0000000474974513,C,8256977641043
1651867113999,120236000000,,,-1335902211763623694,0.0,5.4931054247507864,310.0,1.0,7,2,0.0,85026,503931914900073,24,35.49816131591797,482.8432304673938,0.5372327090165463,25,58158.92371137988,0.0024460062850266695,1.57542003E9,,,,0,,6,,31.398162841796875,-4.423782229423522,1.5000000237487257,-4.423782229423522,1.5000000237487257,C,8256977641043
1651867113999,120236000000,,,-1335902211763623694,0.0,5.4931054247507864,310.0,1.0,7,15,0.0,85026,503931918290789,18,41.871864318847656,-313.9712022285207,0.15,25,-36970.959698574494,0.0012378019746392965,1.57542003E9,,,,0,,6,,37.77186584472656,-4.423782229423522,1.5000000237487257,-4.423782229423522,1.5000000237487257,C,8256977641043
1651867113999,120236000000,,,-1335902211763623694,0.0,5.4931054247507864,310.0,1.0,7,27,0.0,85026,503931913465537,16,40.239784240722656,-345.5715356901444,0.15,25,-40150.62486444687,0.0014170213835313916,1.57542003E9,,,,0,,6,,36.13978576660156,-4.423782229423522,1.5000000237487257,-4.423782229423522,1.5000000237487257,C,8256977641043
1651867113999,120236000000,,,-1335902211763623694,0.0,5.4931054247507864,310.0,1.0,7,30,0.0,85026,503931921551788,24,35.80740737915039,67.69273895326083,0.5238033557716864,25,8853.859184345609,0.002360453363507986,1.57542003E9,,,,1,,6,,31.707406997680664,-4.423782229423522,1.5000000237487257,-4.423782229423522,1.5000000237487257,C,8256977641043
1651867113999,120236000000,,,-1335902211763623694,0.0,5.4931054247507864,310.0,1.0,7,2,0.0,84003,503931914900600,27,27.991172790527344,482.74657262069513,0.8724753400468694,25,58773.25931128626,0.007245255168527365,1.17645005E9,,,,0,,6,,23.991172790527344,-2.7614412829279895,2.3066511870024473,-2.7614412829279895,1.5000000237487257,Q,8256977641043
1651867113999,120236000000,,,-1335902211763623694,0.0,5.4931054247507864,310.0,1.0,7,15,0.0,84003,503931918291304,9,37.562713623046875,-313.96738499339017,0.15,25,-36744.23715713115,0.002553012687712908,1.17645005E9,,,,0,,6,,33.562713623046875,-9.780214168131348,2.3066511870024473,-9.780214168131348,1.5000000237487257,Q,8256977641043
1651867113999,120236000000,,,-1335902211763623694,0.0,5.4931054247507864,310.0,1.0,7,27,0.0,84003,503931913466056,7,36.33673095703125,-345.5498592477959,0.15,25,-40516.92618160791,0.002771888393908739,1.17645005E9,,,,0,,6,,32.33673095703125,-6.6402368247508985,2.3066511870024473,-6.6402368247508985,1.5000000237487257,Q,8256977641043
1651867113999,120236000000,,,-1335902211763623694,0.0,5.4931054247507864,310.0,1.0,7,30,0.0,84003,503931921552320,7,34.51508331298828,67.6877756955297,0.5802988217942247,25,9008.42339114017,0.003418677020817995,1.17645005E9,,,,0,,6,,30.515085220336914,-6.27082772552967,2.3066511870024473,-6.27082772552967,1.5000000237487257,Q,8256977641043
1651867114999,121236000000,,,-1335902211763623384,0.0,5.567422238186411,310.0,1.0,7,2,0.0,16431,503932930290001,27,34.26969909667969,-37.63463238898726,0.5938045942970693,25,-4229.995214430774,0.00265646749176085,1.57542003E9,,,,0,,1,,30.16969871520996,0.0,1.0,0.0,1.0,C,8257981255220
1651867114999,121236000000,,,-1335902211763623384,0.0,5.567422238186411,310.0,1.0,7,6,0.0,16431,503932928969344,20,37.55149841308594,441.8738001199322,0.15,25,53740.243635223684,0.0019310376374050975,1.57542003E9,,,,0,,1,,33.451499938964844,0.320142130558394,1.0,0.320142130558394,1.0,C,8257981255220
1651867114999,121236000000,,,-1335902211763623384,0.0,5.567422238186411,310.0,1.0,7,12,0.0,16431,503932930865000,12,43.635738372802734,-187.7975732740549,0.15,25,-22127.330495119582,9.584705112501979E-4,1.57542003E9,,,,0,,1,,39.53573989868164,-0.6984919076624261,1.0,-0.6984919076624261,1.0,C,8257981255220
1651867114999,121236000000,,,-1335902211763623384,0.0,5.567422238186411,310.0,1.0,7,17,0.0,16431,503932917290587,19,38.13004684448242,582.094820272383,0.15,25,71626.53679651901,0.001806605258025229,1.57542003E9,,,,0,,1,,34.03004837036133,-0.7858034271858065,1.0,-0.7858034271858065,1.0,C,8257981255220
1651867114999,121236000000,,,-1335902211763623384,0.0,5.567422238186411,310.0,1.0,7,19,0.0,16431,503932923943578,18,38.756656646728516,605.432100727247,0.15,25,74282.21262568714,0.001680864836089313,1.57542003E9,,,,0,,1,,34.65665817260742,0.0,1.0,0.0,1.0,C,8257981255220
1651867114999,121236000000,,,-1335902211763623384,0.0,5.567422238186411,310.0,1.0,7,20,0.0,16431,503932920210258,41,29.005491256713867,-483.1662299078605,0.8323144904185691,17,-57436.88482581927,0.10001667883534705,1.57542003E9,,,,0,,1,,24.90549087524414,0.0,1.0,0.0,1.0,C,8257981255220
1651867114999,121236000000,,,-1335902211763623384,0.0,5.567422238186411,310.0,1.0,7,24,0.0,16431,503932927203023,10,48.60662841796875,497.7374343801446,0.15,25,60716.5377464981,5.700499750673771E-4,1.57542003E9,,,,0,,1,,44.506629943847656,-0.20372681261465636,1.0,-0.20372681261465636,1.0,C,8257981255220
1651867114999,121236000000,,,-1335902211763623384,0.0,5.567422238186411,310.0,1.0,7,25,0.0,16431,503932922088571,18,38.74278259277344,-508.6660763115533,0.15,25,-60593.44801701456,0.0016835517017170787,1.57542003E9,,,,0,,1,,34.642784118652344,-2.0372682255564105,1.0,-2.0372682255564105,1.0,C,8257981255220
1651867114999,121236000000,,,-1335902211763623384,0.0,5.567422238186411,310.0,1.0,7,6,0.0,81921,503932928969874,7,39.21954345703125,441.9376024785429,0.15,25,55207.484235194104,0.0021096549462527037,1.17645005E9,,,,0,,1,,35.21954345703125,1.9208527336454408,1.8025357944067648,1.9208527336454408,1.0,Q,8257981255220
1651867114999,121236000000,,,-1335902211763623384,0.0,5.567422238186411,310.0,1.0,7,24,0.0,81921,503932927203560,7,41.993282318115234,497.74711379779706,0.15,25,62237.75436848035,0.0015329374000430107,1.17645005E9,,,,0,,1,,37.993282318115234,3.143213708743226,1.8025357944067648,3.143213708743226,1.0,Q,8257981255220
1651867114999,121236000000,,,-1335902211763623384,0.0,5.567422238186411,310.0,1.0,7,25,0.0,81921,503932922089103,7,37.92841720581055,-508.6493759078571,0.15,25,-62134.24307249679,0.002447753446176648,1.17645005E9,,,,0,,1,,33.92841720581055,1.0186341127782053,1.8025357944067648,1.0186341127782053,1.0,Q,8257981255220
1651867114999,121236000000,,,-1335902211763623384,0.0,5.567422238186411,310.0,1.0,7,18,0.0,32995,82714935396730,33,40.176124572753906,170.77122200492192,0.15,17,20860.60412568308,0.09507209036853649,1.60031245E9,,,,0,,3,,36.07612609863281,48.42877388000488,2.0000000474974513,48.42877388000488,2.0000000474974513,C,8257981255220
1651867114999,121236000000,,,-1335902211763623384,0.0,5.567422238186411,310.0,1.0,7,9,0.0,32995,82714922259719,33,44.88709259033203,-670.2247591946748,0.15,25,-79653.27721672099,8.166761253960431E-4,1.60087501E9,,,,0,,3,,40.78709411621094,48.42877388000488,2.0000000474974513,48.42877388000488,2.0000000474974513,C,8257981255220
1651867114999,121236000000,,,-1335902211763623384,0.0,5.567422238186411,310.0,1.0,7,15,0.0,32995,82714932280414,45,36.48861312866211,580.6640387475554,0.15,17,68768.2812480969,0.09559163299531132,1.602E9,,,,0,,3,,32.388614654541016,48.42877388000488,2.0000000474974513,48.42877388000488,2.0000000474974513,C,8257981255220
1651867114999,121236000000,,,-1335902211763623384,0.0,5.567422238186411,310.0,1.0,7,19,0.0,32995,82714929299644,33,40.40082931518555,-411.0652362057899,0.15,25,-49668.4365485834,0.0013664719881489873,1.60368755E9,,,,0,,3,,36.30083084106445,48.42877388000488,2.0000000474974513,48.42877388000488,2.0000000474974513,C,8257981255220
1651867114999,121236000000,,,-1335902211763623384,0.0,5.567422238186411,310.0,1.0,7,17,0.0,32995,82714928966411,33,47.516510009765625,712.004943017901,0.15,25,87521.98932837072,6.346631562337279E-4,1.60424998E9,,,,0,,3,,43.41651153564453,48.42877388000488,2.0000000474974513,48.42877388000488,2.0000000474974513,C,8257981255220
1651867114999,121236000000,,,-1335902211763623384,0.0,5.567422238186411,310.0,1.0,7,2,0.0,85026,503932914898449,28,33.562103271484375,482.8299042268934,0.6242948131562138,25,58641.71354687468,0.0028819357976317406,1.57542003E9,,,,1,,6,,29.46210479736328,-4.423782229423522,1.5000000237487257,-4.423782229423522,1.5000000237487257,C,8257981255220
1651867114999,121236000000,,,-1335902211763623384,0.0,5.567422238186411,310.0,1.0,7,15,0.0,85026,503932918291825,17,42.085880279541016,-313.9852101181516,0.15,25,-37284.95277802138,0.0012076756684109569,1.57542003E9,,,,0,,6,,37.98588180541992,-4.423782229423522,1.5000000237487257,-4.423782229423522,1.5000000237487257,C,8257981255220
1651867114999,121236000000,,,-1335902211763623384,0.0,5.567422238186411,310.0,1.0,7,27,0.0,85026,503932913466688,17,39.78337097167969,-345.59791551149306,0.15,25,-40496.23473890727,0.0014934721402823925,1.57542003E9,,,,0,,6,,35.683372497558594,-4.423782229423522,1.5000000237487257,-4.423782229423522,1.5000000237487257,C,8257981255220
1651867114999,121236000000,,,-1335902211763623384,0.0,5.567422238186411,310.0,1.0,7,30,0.0,85026,503932921551564,24,35.32011032104492,67.67875236516528,0.5457163782969165,25,8921.511219815602,0.0024966641794890165,1.57542003E9,,,,1,,6,,31.220111846923828,-4.423782229423522,1.5000000237487257,-4.423782229423522,1.5000000237487257,C,8257981255220
1651867114999,121236000000,,,-1335902211763623384,0.0,5.567422238186411,310.0,1.0,7,2,0.0,84003,503932914898990,42,26.283775329589844,482.8333465550022,0.9492547271132263,25,59256.071333513835,0.008819086477160454,1.17645005E9,,,,0,,6,,22.283775329589844,-2.7614412829279895,2.3025358181554907,-2.7614412829279895,1.5000000237487257,Q,8257981255220
1651867114999,121236000000,,,-1335902211763623384,0.0,5.567422238186411,310.0,1.0,7,15,0.0,84003,503932918292352,7,38.133182525634766,-313.92011262619303,0.15,25,-37058.222195183036,0.0023907243739813566,1.17645005E9,,,,0,,6,,34.133182525634766,-9.780214168131348,2.3025358181554907,-9.780214168131348,1.5000000237487257,Q,8257981255220
1651867114999,121236000000,,,-1335902211763623384,0.0,5.567422238186411,310.0,1.0,7,27,0.0,84003,503932913467210,7,36.59412384033203,-345.59788142903653,0.15,25,-40862.541710128324,0.00269095366820693,1.17645005E9,,,,0,,6,,32.59412384033203,-6.6402368247508985,2.3025358181554907,-6.6402368247508985,1.5000000237487257,Q,8257981255220
1651867114999,121236000000,,,-1335902211763623384,0.0,5.567422238186411,310.0,1.0,7,30,0.0,84003,503932921552096,7,34.601409912109375,67.65932110464021,0.5764168832501149,25,9076.065862384681,0.0033848690800368786,1.17645005E9,,,,0,,6,,30.601408004760742,-6.27082772552967,2.3025358181554907,-6.27082772552967,1.5000000237487257,Q,8257981255220
1651867115999,122236000000,,,-1335902211763623074,0.0,5.563981464561336,310.0,1.0,7,2,0.0,16431,503933930290124,28,33.7445182800293,-37.62028367479115,0.6174215399465464,25,-4267.6216392651095,0.002822042675688863,1.57542003E9,,,,0,,1,,29.64451789855957,0.0,1.0,0.0,1.0,C,8258963948133
1651867115999,122236000000,,,-1335902211763623074,0.0,5.563981464561336,310.0,1.0,7,6,0.0,16431,503933928967871,19,38.255401611328125,441.9662999069351,0.15,25,54182.12265614667,0.0017807199619710445,1.57542003E9,,,,0,,1,,34.15540313720703,0.320142130558394,1.0,0.320142130558394,1.0,C,8258963948133
1651867115999,122236000000,,,-1335902211763623074,0.0,5.563981464561336,310.0,1.0,7,12,0.0,16431,503933930865622,12,43.46092224121094,-187.7434503330967,0.15,25,-22315.135756420394,9.779564570635557E-4,1.57542003E9,,,,0,,1,,39.360923767089844,-0.6984919076624261,1.0,-0.6984919076624261,1.0,C,8258963948133
1651867115999,122236000000,,,-1335902211763623074,0.0,5.563981464561336,310.0,1.0,7,17,0.0,16431,503933917288653,22,36.87553405761719,582.1478525747325,0.15,25,72208.61116018229,0.002087319502606988,1.57542003E9,,,,0,,1,,32.775535583496094,-0.7858034271858065,1.0,-0.7858034271858065,1.0,C,8258963948133
1651867115999,122236000000,,,-1335902211763623074,0.0,5.563981464561336,310.0,1.0,7,19,0.0,16431,503933923941557,18,38.834228515625,605.497948033249,0.15,25,74887.63448075099,0.0016659203683957458,1.57542003E9,,,,0,,1,,34.734230041503906,0.0,1.0,0.0,1.0,C,8258963948133
1651867115999,122236000000,,,-1335902211763623074,0.0,5.563981464561336,310.0,1.0,7,20,0.0,16431,503933920211876,43,28.35652732849121,-483.16200368325167,0.8614979932200129,17,-57920.18000609584,0.10039446471546566,1.57542003E9,,,,0,,1,,24.256526947021484,0.0,1.0,0.0,1.0,C,8258963948133
1651867115999,122236000000,,,-1335902211763623074,0.0,5.563981464561336,310.0,1.0,7,24,0.0,16431,503933927201368,10,48.138916015625,497.8265600039517,0.15,25,61214.27347012775,6.015872932039201E-4,1.57542003E9,,,,0,,1,,44.038917541503906,-0.20372681261465636,1.0,-0.20372681261465636,1.0,C,8258963948133
1651867115999,122236000000,,,-1335902211763623074,0.0,5.563981464561336,310.0,1.0,7,25,0.0,16431,503933922090275,20,37.51396560668945,-508.6771190274667,0.15,25,-61102.16988715968,0.0019393994007259607,1.57542003E9,,,,0,,1,,33.41396713256836,-2.0372682255564105,1.0,-2.0372682255564105,1.0,C,8258963948133
1651867115999,122236000000,,,-1335902211763623074,0.0,5.563981464561336,310.0,1.0,7,6,0.0,81921,503933928968402,7,38.89115524291992,441.8913185025849,0.15,25,55649.34813132973,0.002190941944718361,1.17645005E9,,,,0,,1,,34.89115524291992,1.9208527336454408,1.7984100372307943,1.9208527336454408,1.0,Q,8258963948133
1651867115999,122236000000,,,-1335902211763623074,0.0,5.563981464561336,310.0,1.0,7,24,0.0,81921,503933927201898,6,41.45556640625,497.75723628738433,0.15,25,62735.49233074222,0.001630835933610797,1.17645005E9,,,,0,,1,,37.45556640625,3.143213708743226,1.7984100372307943,3.143213708743226,1.0,Q,8258963948133
1651867115999,122236000000,,,-1335902211763623074,0.0,5.563981464561336,310.0,1.0,7,25,0.0,81921,503933922090798,7,38.09904479980469,-508.78942072170935,0.15,25,-62642.97641576184,0.002400138881057501,1.17645005E9,,,,0,,1,,34.09904479980469,1.0186341127782053,1.7984100372307943,1.0186341127782053,1.0,Q,8258963948133
1651867115999,122236000000,,,-1335902211763623074,0.0,5.563981464561336,310.0,1.0,7,18,0.0,32995,82715935396127,34,39.96891403198242,170.83981294867408,0.15,17,21031.33502527156,0.09510601682011523,1.60031245E9,,,,0,,3,,35.86891555786133,48.42877388000488,2.0000000474974513,48.42877388000488,2.0000000474974513,C,8258963948133
1651867115999,122236000000,,,-1335902211763623074,0.0,5.563981464561336,310.0,1.0,7,9,0.0,32995,82715922261949,33,44.40078353881836,-670.2243502051965,0.15,25,-80323.53061007468,8.63705005031079E-4,1.60087501E9,,,,0,,3,,40.300785064697266,48.42877388000488,2.0000000474974513,48.42877388000488,2.0000000474974513,C,8258963948133
1651867115999,122236000000,,,-1335902211763623074,0.0,5.563981464561336,310.0,1.0,7,15,0.0,32995,82715932278475,45,36.431949615478516,580.7798509348199,0.15,17,69348.93715139187,0.09560487686798363,1.602E9,,,,0,,3,,32.33195114135742,48.42877388000488,2.0000000474974513,48.42877388000488,2.0000000474974513,C,8258963948133
1651867115999,122236000000,,,-1335902211763623074,0.0,5.563981464561336,310.0,1.0,7,19,0.0,32995,82715929301042,33,40.126564025878906,-411.01585072628836,0.15,25,-50079.530395674716,0.0014103081775829196,1.60368755E9,,,,0,,3,,36.02656555175781,48.42877388000488,2.0000000474974513,48.42877388000488,2.0000000474974513,C,8258963948133
1651867115999,122236000000,,,-1335902211763623074,0.0,5.563981464561336,310.0,1.0,7,17,0.0,32995,82715928964024,33,47.51365661621094,712.0321408182062,0.15,25,88233.95682628766,6.348715396597981E-4,1.60424998E9,,,,0,,3,,43.413658142089844,48.42877388000488,2.0000000474974513,48.42877388000488,2.0000000474974513,C,8258963948133
1651867115999,122236000000,,,-1335902211763623074,0.0,5.563981464561336,310.0,1.0,7,2,0.0,85026,503933914896835,29,33.09541320800781,482.8163053267408,0.6452810857601343,25,59124.48882121525,0.0030410161707550287,1.57542003E9,,,,0,,6,,28.995412826538086,-4.423782229423522,1.5000000237487257,-4.423782229423522,1.5000000237487257,C,8258963948133
1651867115999,122236000000,,,-1335902211763623074,0.0,5.563981464561336,310.0,1.0,7,15,0.0,85026,503933918292885,18,41.86750030517578,-313.9254635718671,0.15,25,-37598.93836164873,0.0012384240981191397,1.57542003E9,,,,0,,6,,37.76750183105469,-4.423782229423522,1.5000000237487257,-4.423782229423522,1.5000000237487257,C,8258963948133
1651867115999,122236000000,,,-1335902211763623074,0.0,5.563981464561336,310.0,1.0,7,27,0.0,85026,503933913467838,16,40.78460693359375,-345.60146008697143,0.15,25,-40841.89309094366,0.0013308690395206213,1.57542003E9,,,,0,,6,,36.684608459472656,-4.423782229423522,1.5000000237487257,-4.423782229423522,1.5000000237487257,C,8258963948133
1651867115999,122236000000,,,-1335902211763623074,0.0,5.563981464561336,310.0,1.0,7,30,0.0,85026,503933921551338,24,35.688472747802734,67.69488614802177,0.5291516054702028,25,8989.157923810859,0.002392996335402131,1.57542003E9,,,,0,,6,,31.588472366333008,-4.423782229423522,1.5000000237487257,-4.423782229423522,1.5000000237487257,C,8258963948133
1651867115999,122236000000,,,-1335902211763623074,0.0,5.563981464561336,310.0,1.0,7,2,0.0,84003,503933914897380,27,28.012653350830078,482.7824955298702,0.87150871631412,25,59738.8338956301,0.007227358408272266,1.17645005E9,,,,0,,6,,24.012653350830078,-2.7614412829279895,2.2984100609795197,-2.7614412829279895,1.5000000237487257,Q,8258963948133
1651867115999,122236000000,,,-1335902211763623074,0.0,5.563981464561336,310.0,1.0,7,15,0.0,84003,503933918293399,7,37.579010009765625,-313.99154945506484,0.15,25,-37372.22000316418,0.002548226621001959,1.17645005E9,,,,0,,6,,33.579010009765625,-9.780214168131348,2.2984100609795197,-9.780214168131348,1.5000000237487257,Q,8258963948133
1651867115999,122236000000,,,-1335902211763623074,0.0,5.563981464561336,310.0,1.0,7,27,0.0,84003,503933913468362,7,36.3034782409668,-345.68414412649577,0.15,25,-41208.20440131052,0.002782520605251193,1.17645005E9,,,,0,,6,,32.3034782409668,-6.6402368247508985,2.2984100609795197,-6.6402368247508985,1.5000000237487257,Q,8258963948133
1651867115999,122236000000,,,-1335902211763623074,0.0,5.563981464561336,310.0,1.0,7,30,0.0,84003,503933921551870,7,34.67633056640625,67.66644007774642,0.5730477126016988,25,9143.733161203429,0.0033557976130396128,1.17645005E9,,,,0,,6,,30.67633056640625,-6.27082772552967,2.2984100609795197,-6.27082772552967,1.5000000237487257,Q,8258963948133
1651867116999,123236000000,,,-1335902211763622765,0.0,5.414751776247352,310.0,1.0,7,2,0.0,16431,503934930290252,30,32.68597412109375,-37.574634484585914,0.6650230158644828,25,-4305.184092762436,0.0031877984292805195,1.57542003E9,,,,0,,1,,28.585973739624023,0.0,1.0,0.0,1.0,C,8259971571912
1651867116999,123236000000,,,-1335902211763622765,0.0,5.414751776247352,310.0,1.0,7,6,0.0,16431,503934928966394,17,39.74602127075195,441.95951749808705,0.15,25,54624.05807525495,0.0014999076956883073,1.57542003E9,,,,0,,1,,35.64602279663086,0.320142130558394,1.0,0.320142130558394,1.0,C,8259971571912
1651867116999,123236000000,,,-1335902211763622765,0.0,5.414751776247352,310.0,1.0,7,12,0.0,16431,503934930866248,12,43.62394714355469,-187.8347572341213,0.15,25,-22502.92007277606,9.597723837941885E-4,1.57542003E9,,,,0,,1,,39.523948669433594,-0.6984919076624261,1.0,-0.6984919076624261,1.0,C,8259971571912
1651867116999,123236000000,,,-1335902211763622765,0.0,5.414751776247352,310.0,1.0,7,17,0.0,16431,503934917286722,28,33.80607604980469,581.9809167026838,0.6159117936302625,25,72790.6191772849,0.002802112605422735,1.57542003E9,,,,1,,1,,29.706077575683594,-0.7858034271858065,1.0,-0.7858034271858065,1.0,C,8259971571912
1651867116999,123236000000,,,-1335902211763622765,0.0,5.414751776247352,310.0,1.0,7,19,0.0,16431,503934923939522,16,40.4881477355957,605.3800227336801,0.15,25,75493.03146643908,0.0013770769583061337,1.57542003E9,,,,0,,1,,36.38814926147461,0.0,1.0,0.0,1.0,C,8259971571912
1651867116999,123236000000,,,-1335902211763622765,0.0,5.414751776247352,310.0,1.0,7,20,0.0,16431,503934920213489,44,28.258710861206055,-483.3587957872144,0.8658968933995839,25,-58403.51780431849,0.0053070588037371635,1.57542003E9,,,,0,,1,,24.158710479736328,0.0,1.0,0.0,1.0,C,8259971571912
1651867116999,123236000000,,,-1335902211763622765,0.0,5.414751776247352,310.0,1.0,7,24,0.0,16431,503934927199718,12,46.763187408447266,497.7700172085804,0.15,25,61712.05592641645,7.04831094481051E-4,1.57542003E9,,,,0,,1,,42.66318893432617,-0.20372681261465636,1.0,-0.20372681261465636,1.0,C,8259971571912
1651867116999,123236000000,,,-1335902211763622765,0.0,5.414751776247352,310.0,1.0,7,25,0.0,16431,503934922091974,22,36.501346588134766,-508.8077230008621,0.15,25,-61610.91261341142,0.0021792063489556313,1.57542003E9,,,,0,,1,,32.40134811401367,-2.0372682255564105,1.0,-2.0372682255564105,1.0,C,8259971571912
1651867116999,123236000000,,,-1335902211763622765,0.0,5.414751776247352,310.0,1.0,7,6,0.0,81921,503934928966927,8,38.24708938598633,441.9271391643904,0.15,25,56091.28046114422,0.0023595772217959166,1.17645005E9,,,,0,,1,,34.24708938598633,1.9208527336454408,1.7943912947551415,1.9208527336454408,1.0,Q,8259971571912
1651867116999,123236000000,,,-1335902211763622765,0.0,5.414751776247352,310.0,1.0,7,24,0.0,81921,503934927200239,6,40.89551544189453,497.7939090106029,0.15,25,63233.278063300146,0.0017394532915204763,1.17645005E9,,,,0,,1,,36.89551544189453,3.143213708743226,1.7943912947551415,3.143213708743226,1.0,Q,8259971571912
1651867116999,123236000000,,,-1335902211763622765,0.0,5.414751776247352,310.0,1.0,7,25,0.0,81921,503934922092496,8,38.59231185913086,-508.72503896133776,0.15,25,-63151.714401459685,0.0022676342632621527,1.17645005E9,,,,0,,1,,34.59231185913086,1.0186341127782053,1.7943912947551415,1.0186341127782053,1.0,Q,8259971571912
1651867116999,123236000000,,,-1335902211763622765,0.0,5.414751776247352,310.0,1.0,7,18,0.0,32995,82716935395595,34,40.031734466552734,170.81379099311891,0.15,17,21202.142557888597,0.09509564584475495,1.60031245E9,,,,0,,3,,35.93173599243164,48.42877388000488,2.0000000474974513,48.42877388000488,2.0000000474974513,C,8259971571912
1651867116999,123236000000,,,-1335902211763622765,0.0,5.414751776247352,310.0,1.0,7,9,0.0,32995,82716922264179,33,43.43923568725586,-670.3179406308082,0.15,25,-80993.8081318445,9.648121194913983E-4,1.60087501E9,,,,0,,3,,39.339237213134766,48.42877388000488,2.0000000474974513,48.42877388000488,2.0000000474974513,C,8259971571912
1651867116999,123236000000,,,-1335902211763622765,0.0,5.414751776247352,310.0,1.0,7,15,0.0,32995,82716932276505,45,36.584983825683594,580.7556523906887,0.15,17,69929.65348515291,0.09556930733055263,1.602E9,,,,0,,3,,32.4849853515625,48.42877388000488,2.0000000474974513,48.42877388000488,2.0000000474974513,C,8259971571912
1651867116999,123236000000,,,-1335902211763622765,0.0,5.414751776247352,310.0,1.0,7,19,0.0,32995,82716929302426,34,40.02275466918945,-411.0584537969419,0.15,25,-50490.57213546171,0.0014272645348683,1.60368755E9,,,,0,,3,,35.92275619506836,48.42877388000488,2.0000000474974513,48.42877388000488,2.0000000474974513,C,8259971571912
1651867116999,123236000000,,,-1335902211763622765,0.0,5.414751776247352,310.0,1.0,7,17,0.0,32995,82716928961643,33,47.69621658325195,711.915306157246,0.15,25,88945.92026171682,6.216669571585953E-4,1.60424998E9,,,,0,,3,,43.59621810913086,48.42877388000488,2.0000000474974513,48.42877388000488,2.0000000474974513,C,8259971571912
1651867116999,123236000000,,,-1335902211763622765,0.0,5.414751776247352,310.0,1.0,7,2,0.0,85026,503934914895243,25,34.964969635009766,482.75468424534756,0.5612088518054708,25,59607.26999885755,0.0026008610147982836,1.57542003E9,,,,0,,6,,30.864971160888672,-4.423782229423522,1.5000000237487257,-4.423782229423522,1.5000000237487257,C,8259971571912
1651867116999,123236000000,,,-1335902211763622765,0.0,5.414751776247352,310.0,1.0,7,15,0.0,85026,503934918293926,17,42.142642974853516,-314.01022664123934,0.15,25,-37912.91408120443,0.0011998091358691454,1.57542003E9,,,,0,,6,,38.04264450073242,-4.423782229423522,1.5000000237487257,-4.423782229423522,1.5000000237487257,C,8259971571912
1651867116999,123236000000,,,-1335902211763622765,0.0,5.414751776247352,310.0,1.0,7,27,0.0,85026,503934913468992,15,41.306365966796875,-345.7315187410625,0.15,25,-41187.58128420913,0.001253277761861682,1.57542003E9,,,,0,,6,,37.20636749267578,-4.423782229423522,1.5000000237487257,-4.423782229423522,1.5000000237487257,C,8259971571912
1651867116999,123236000000,,,-1335902211763622765,0.0,5.414751776247352,310.0,1.0,7,30,0.0,85026,503934921551111,23,36.08782196044922,67.68946277712757,0.15,25,9056.827681619034,0.002285465132445097,1.57542003E9,,,,0,,6,,31.987821578979492,-4.423782229423522,1.5000000237487257,-4.423782229423522,1.5000000237487257,C,8259971571912
1651867116999,123236000000,,,-1335902211763622765,0.0,5.414751776247352,310.0,1.0,7,2,0.0,84003,503934914895769,12,31.410572052001953,482.8454117446113,0.7187079440025492,25,60221.61869407642,0.004887465853244066,1.17645005E9,,,,0,,6,,27.410572052001953,-2.7614412829279895,2.294391318503867,-2.7614412829279895,1.5000000237487257,Q,8259971571912
1651867116999,123236000000,,,-1335902211763622765,0.0,5.414751776247352,310.0,1.0,7,15,0.0,84003,503934918294446,6,37.26217269897461,-313.9278493438237,0.15,25,-37686.18363792251,0.0026428955607116222,1.17645005E9,,,,0,,6,,33.26217269897461,-9.780214168131348,2.294391318503867,-9.780214168131348,1.5000000237487257,Q,8259971571912
1651867116999,123236000000,,,-1335902211763622765,0.0,5.414751776247352,310.0,1.0,7,27,0.0,84003,503934913469518,9,35.64443588256836,-345.75506971851974,0.5280593026790255,25,-41553.88823749321,0.003001861274242401,1.17645005E9,,,,0,,6,,31.64443588256836,-6.6402368247508985,2.294391318503867,-6.6402368247508985,1.5000000237487257,Q,8259971571912
1651867116999,123236000000,,,-1335902211763622765,0.0,5.414751776247352,310.0,1.0,7,30,0.0,84003,503934921551645,7,35.250823974609375,67.5671664025096,0.5472133769756533,25,9211.394995500812,0.003141022752970457,1.17645005E9,,,,0,,6,,31.250823974609375,-6.27082772552967,2.294391318503867,-6.27082772552967,1.5000000237487257,Q,8259971571912
1651867117999,124236000000,,,-1335902211763622455,0.0,5.253196459820983,309.0,1.0,7,2,0.0,16431,503935930290374,34,31.349592208862305,-37.59821102388557,0.7251186410591366,25,-4342.706308061126,0.003718004561960697,1.57542003E9,,,,0,,1,,27.249591827392578,0.0,1.0,0.0,1.0,C,8260979678806
1651867117999,124236000000,,,-1335902211763622455,0.0,5.253196459820983,309.0,1.0,7,6,0.0,16431,503935928964925,16,40.34669494628906,441.9567568191087,0.15,25,55066.04584226066,0.0013996870256960392,1.57542003E9,,,,0,,1,,36.24669647216797,0.320142130558394,1.0,0.320142130558394,1.0,C,8260979678806
1651867117999,124236000000,,,-1335902211763622455,0.0,5.253196459820983,309.0,1.0,7,12,0.0,16431,503935930866885,12,43.617523193359375,-187.79004105116337,0.15,25,-22690.684526540983,9.604826336726546E-4,1.57542003E9,,,,0,,1,,39.51752471923828,-0.6984919076624261,1.0,-0.6984919076624261,1.0,C,8260979678806
1651867117999,124236000000,,,-1335902211763622455,0.0,5.253196459820983,309.0,1.0,7,17,0.0,16431,503935917284768,35,30.868314743041992,581.8983008280725,0.7480191894486556,25,73372.52219869534,0.003929829690605402,1.57542003E9,,,,0,,1,,26.768314361572266,-0.7858034271858065,1.0,-0.7858034271858065,1.0,C,8260979678806
1651867117999,124236000000,,,-1335902211763622455,0.0,5.253196459820983,309.0,1.0,7,19,0.0,16431,503935923937513,14,41.986515045166016,605.3342159121135,0.15,25,76098.4016717572,0.0011588837951421738,1.57542003E9,,,,0,,1,,37.88651657104492,0.0,1.0,0.0,1.0,C,8260979678806
1651867117999,124236000000,,,-1335902211763622455,0.0,5.253196459820983,309.0,1.0,7,20,0.0,16431,503935920215097,44,28.21004295349121,-483.4284262458905,0.8680857592890039,25,-58886.88123625865,0.005336878355592489,1.57542003E9,,,,0,,1,,24.110042572021484,0.0,1.0,0.0,1.0,C,8260979678806
1651867117999,124236000000,,,-1335902211763622455,0.0,5.253196459820983,309.0,1.0,7,24,0.0,16431,503935927198052,12,46.62138748168945,497.84005665673476,0.15,25,62209.881616115876,7.16431881301105E-4,1.57542003E9,,,,0,,1,,42.52138900756836,-0.20372681261465636,1.0,-0.20372681261465636,1.0,C,8260979678806
1651867117999,124236000000,,,-1335902211763622455,0.0,5.253196459820983,309.0,1.0,7,25,0.0,16431,503935922093672,19,38.095542907714844,-508.8190724588842,0.15,25,-62119.69172618636,0.001813796116039157,1.57542003E9,,,,0,,1,,33.99554443359375,-2.0372682255564105,1.0,-2.0372682255564105,1.0,C,8260979678806
1651867117999,124236000000,,,-1335902211763622455,0.0,5.253196459820983,309.0,1.0,7,6,0.0,81921,503935928965451,7,38.2243766784668,442.01449250045835,0.15,25,56533.256950430456,0.0023657549172639847,1.17645005E9,,,,0,,1,,34.2243766784668,1.9208527336454408,1.7902695636779753,1.9208527336454408,1.0,Q,8260979678806
1651867117999,124236000000,,,-1335902211763622455,0.0,5.253196459820983,309.0,1.0,7,24,0.0,81921,503935927198578,7,41.813350677490234,497.8372618952999,0.15,25,63731.097424045685,0.0015650240238755941,1.17645005E9,,,,0,,1,,37.813350677490234,3.143213708743226,1.7902695636779753,3.143213708743226,1.0,Q,8260979678806
1651867117999,124236000000,,,-1335902211763622455,0.0,5.253196459820983,309.0,1.0,7,25,0.0,81921,503935922094193,6,38.910491943359375,-508.83785189242826,0.15,25,-63660.50422062614,0.0021860694978386164,1.17645005E9,,,,0,,1,,34.910491943359375,1.0186341127782053,1.7902695636779753,1.0186341127782053,1.0,Q,8260979678806
1651867117999,124236000000,,,-1335902211763622455,0.0,5.253196459820983,309.0,1.0,7,18,0.0,32995,82717935395019,33,40.150917053222656,170.87513941485997,0.15,17,21373.01868113462,0.09507617456727215,1.60031245E9,,,,0,,3,,36.05091857910156,48.42877388000488,2.0000000474974513,48.42877388000488,2.0000000474974513,C,8260979678806
1651867117999,124236000000,,,-1335902211763622455,0.0,5.253196459820983,309.0,1.0,7,9,0.0,32995,82717922266421,33,43.879058837890625,-670.3575444452877,0.15,25,-81664.11101000715,9.171738638542593E-4,1.60087501E9,,,,0,,3,,39.77906036376953,48.42877388000488,2.0000000474974513,48.42877388000488,2.0000000474974513,C,8260979678806
1651867117999,124236000000,,,-1335902211763622455,0.0,5.253196459820983,309.0,1.0,7,15,0.0,32995,82717932274573,49,35.46874237060547,580.8403132126914,0.540241950285238,17,70510.4514896197,0.09584373130605012,1.602E9,,,,0,,3,,31.368743896484375,48.42877388000488,2.0000000474974513,48.42877388000488,2.0000000474974513,C,8260979678806
1651867117999,124236000000,,,-1335902211763622455,0.0,5.253196459820983,309.0,1.0,7,19,0.0,32995,82717929303769,35,39.59513854980469,-410.9702143170043,0.15,25,-50901.56050505237,0.0014992888318374753,1.60368755E9,,,,0,,3,,35.495140075683594,48.42877388000488,2.0000000474974513,48.42877388000488,2.0000000474974513,C,8260979678806
1651867117999,124236000000,,,-1335902211763622455,0.0,5.253196459820983,309.0,1.0,7,17,0.0,32995,82717928959280,33,47.69646453857422,711.9367099399424,0.15,25,89657.8777833181,6.216492038220167E-4,1.60424998E9,,,,0,,3,,43.596466064453125,48.42877388000488,2.0000000474974513,48.42877388000488,2.0000000474974513,C,8260979678806
1651867117999,124236000000,,,-1335902211763622455,0.0,5.253196459820983,309.0,1.0,7,2,0.0,85026,503935914893619,23,36.32500076293945,482.7321898240425,0.15,25,60090.03122290777,0.0022239016834646463,1.57542003E9,,,,0,,6,,32.22500228881836,-4.423782229423522,1.5000000237487257,-4.423782229423522,1.5000000237487257,C,8260979678806
1651867117999,124236000000,,,-1335902211763622455,0.0,5.253196459820983,309.0,1.0,7,15,0.0,85026,503935918294972,16,42.76103973388672,-314.0088292605219,0.15,25,-38226.88033738155,0.0011173581006005406,1.57542003E9,,,,0,,6,,38.661041259765625,-4.423782229423522,1.5000000237487257,-4.423782229423522,1.5000000237487257,C,8260979678806
1651867117999,124236000000,,,-1335902211763622455,0.0,5.253196459820983,309.0,1.0,7,27,0.0,85026,503935913470149,16,40.50712203979492,-345.77422405908555,0.15,25,-41533.301448033155,0.0013740722788497806,1.57542003E9,,,,0,,6,,36.40712356567383,-4.423782229423522,1.5000000237487257,-4.423782229423522,1.5000000237487257,C,8260979678806
1651867117999,124236000000,,,-1335902211763622455,0.0,5.253196459820983,309.0,1.0,7,30,0.0,85026,503935921550880,23,35.892967224121094,67.66739438652905,0.5199555662513973,25,9124.503020825785,0.0023373146541416645,1.57542003E9,,,,0,,6,,31.79296875,-4.423782229423522,1.5000000237487257,-4.423782229423522,1.5000000237487257,C,8260979678806
1651867117999,124236000000,,,-1335902211763622455,0.0,5.253196459820983,309.0,1.0,7,2,0.0,84003,503935914894156,11,32.29864501953125,482.71552350280285,0.6787718255719462,25,60704.388391577224,0.004412451758980751,1.17645005E9,,,,0,,6,,28.298646926879883,-2.7614412829279895,2.290269587426701,-2.7614412829279895,1.5000000237487257,Q,8260979678806
1651867117999,124236000000,,,-1335902211763622455,0.0,5.253196459820983,309.0,1.0,7,15,0.0,84003,503935918295495,7,38.084068298339844,-313.94134599660674,0.15,25,-38000.15271712738,0.002404280938208103,1.17645005E9,,,,0,,6,,34.084068298339844,-9.780214168131348,2.290269587426701,-9.780214168131348,1.5000000237487257,Q,8260979678806
1651867117999,124236000000,,,-1335902211763622455,0.0,5.253196459820983,309.0,1.0,7,27,0.0,84003,503935913470671,7,35.0142822265625,-345.81127168932585,0.5563967351242096,25,-41899.60172630588,0.0032277365680783987,1.17645005E9,,,,0,,6,,31.014284133911133,-6.6402368247508985,2.290269587426701,-6.6402368247508985,1.5000000237487257,Q,8260979678806
1651867117999,124236000000,,,-1335902211763622455,0.0,5.253196459820983,309.0,1.0,7,30,0.0,84003,503935921551419,7,35.57781219482422,67.65655190504773,0.5325089937068912,25,9279.074971094793,0.0030249739065766335,1.17645005E9,,,,0,,6,,31.57781410217285,-6.27082772552967,2.290269587426701,-6.27082772552967,1.5000000237487257,Q,8260979678806
1651867118999,125236000000,,,-1335902211763622146,0.0,4.992764530793481,309.0,1.0,7,2,0.0,16431,503936930290488,34,31.493305206298828,-37.433729088706485,0.7186560215101903,25,-4380.156525460899,0.003656993852928281,1.57542003E9,,,,0,,1,,27.3933048248291,0.0,1.0,0.0,1.0,C,8261977439833
1651867118999,125236000000,,,-1335902211763622146,0.0,4.992764530793481,309.0,1.0,7,6,0.0,16431,503936928963460,18,39.30856704711914,442.16704557585444,0.15,25,55508.0972223624,0.0015773833729326725,1.57542003E9,,,,0,,1,,35.20856857299805,0.320142130558394,1.0,0.320142130558394,1.0,C,8261977439833
1651867118999,125236000000,,,-1335902211763622146,0.0,4.992764530793481,309.0,1.0,7,12,0.0,16431,503936930867510,12,43.753089904785156,-187.6852886210405,0.15,25,-22878.41477454619,9.456080733798444E-4,1.57542003E9,,,,0,,1,,39.65309143066406,-0.6984919076624261,1.0,-0.6984919076624261,1.0,C,8261977439833
1651867118999,125236000000,,,-1335902211763622146,0.0,4.992764530793481,309.0,1.0,7,17,0.0,16431,503936917282826,34,31.333965301513672,581.9021862281161,0.727079114549475,25,73954.43471075922,0.003724699141457677,1.57542003E9,,,,0,,1,,27.233964920043945,-0.7858034271858065,1.0,-0.7858034271858065,1.0,C,8261977439833
1651867118999,125236000000,,,-1335902211763622146,0.0,4.992764530793481,309.0,1.0,7,19,0.0,16431,503936923935501,14,42.21062469482422,605.3868392249847,0.15,25,76703.75875033088,0.0011293651768937707,1.57542003E9,,,,0,,1,,38.110626220703125,0.0,1.0,0.0,1.0,C,8261977439833
1651867118999,125236000000,,,-1335902211763622146,0.0,4.992764530793481,309.0,1.0,7,20,0.0,16431,503936920216701,37,30.211458206176758,-483.4012625280418,0.7780847755145208,25,-59370.25760488961,0.004238543100655079,1.57542003E9,,,,0,,1,,26.11145782470703,0.0,1.0,0.0,1.0,C,8261977439833
1651867118999,125236000000,,,-1335902211763622146,0.0,4.992764530793481,309.0,1.0,7,24,0.0,16431,503936927196389,12,46.74443435668945,497.92161597519384,0.15,25,62707.74811588757,7.063545635901392E-4,1.57542003E9,,,,0,,1,,42.64443588256836,-0.20372681261465636,1.0,-0.20372681261465636,1.0,C,8261977439833
1651867118999,125236000000,,,-1335902211763622146,0.0,4.992764530793481,309.0,1.0,7,25,0.0,16431,503936922095361,19,38.499610900878906,-508.86068713829854,0.15,25,-62628.50776952821,0.0017313507851213217,1.57542003E9,,,,0,,1,,34.39961242675781,-2.0372682255564105,1.0,-2.0372682255564105,1.0,C,8261977439833
1651867118999,125236000000,,,-1335902211763622146,0.0,4.992764530793481,309.0,1.0,7,6,0.0,81921,503936928963978,7,38.15993881225586,442.1868815655507,0.15,25,56975.32328992647,0.002383370650932193,1.17645005E9,,,,0,,1,,34.15993881225586,1.9208527336454408,1.7857458688843817,1.9208527336454408,1.0,Q,8261977439833
1651867118999,125236000000,,,-1335902211763622146,0.0,4.992764530793481,309.0,1.0,7,24,0.0,81921,503936927196916,6,42.39741516113281,497.8958837205191,0.15,25,64228.96246907177,0.001463247579522431,1.17645005E9,,,,0,,1,,38.39741516113281,3.143213708743226,1.7857458688843817,3.143213708743226,1.0,Q,8261977439833
1651867118999,125236000000,,,-1335902211763622146,0.0,4.992764530793481,309.0,1.0,7,25,0.0,81921,503936922095889,8,38.28095245361328,-508.86460662079867,0.15,25,-64169.30696770072,0.0023503953125327826,1.17645005E9,,,,0,,1,,34.28095245361328,1.0186341127782053,1.7857458688843817,1.0186341127782053,1.0,Q,8261977439833
1651867118999,125236000000,,,-1335902211763622146,0.0,4.992764530793481,309.0,1.0,7,18,0.0,32995,82718935394478,35,39.71099853515625,171.0077712944185,0.15,17,21543.97110298779,0.09514939165562876,1.60031245E9,,,,0,,3,,35.611000061035156,48.42877388000488,2.0000000474974513,48.42877388000488,2.0000000474974513,C,8261977439833
1651867118999,125236000000,,,-1335902211763622146,0.0,4.992764530793481,309.0,1.0,7,9,0.0,32995,82718922268647,33,43.640567779541016,-670.3210080518952,0.15,25,-82334.4417515154,9.427056065760553E-4,1.60087501E9,,,,0,,3,,39.54056930541992,48.42877388000488,2.0000000474974513,48.42877388000488,2.0000000474974513,C,8261977439833
1651867118999,125236000000,,,-1335902211763622146,0.0,4.992764530793481,309.0,1.0,7,15,0.0,32995,82718932272635,49,35.376834869384766,580.8987987080845,0.5443748142587672,17,71091.30062620454,0.09586793800957888,1.602E9,,,,0,,3,,31.27683448791504,48.42877388000488,2.0000000474974513,48.42877388000488,2.0000000474974513,C,8261977439833
1651867118999,125236000000,,,-1335902211763622146,0.0,4.992764530793481,309.0,1.0,7,19,0.0,32995,82718929305112,35,39.57115936279297,-410.8911771003279,0.15,25,-51312.49114634763,0.0015034335665404797,1.60368755E9,,,,0,,3,,35.471160888671875,48.42877388000488,2.0000000474974513,48.42877388000488,2.0000000474974513,C,8261977439833
1651867118999,125236000000,,,-1335902211763622146,0.0,4.992764530793481,309.0,1.0,7,17,0.0,32995,82718928956906,33,47.497100830078125,712.0375258463368,0.15,25,90369.82632668223,6.360828410834074E-4,1.60424998E9,,,,0,,3,,43.39710235595703,48.42877388000488,2.0000000474974513,48.42877388000488,2.0000000474974513,C,8261977439833
1651867118999,125236000000,,,-1335902211763622146,0.0,4.992764530793481,309.0,1.0,7,2,0.0,85026,503936914892011,21,37.23516845703125,482.83655030591535,0.15,25,60572.81580425816,0.0020026599522680044,1.57542003E9,,,,0,,6,,33.135169982910156,-4.423782229423522,1.5000000237487257,-4.423782229423522,1.5000000237487257,C,8261977439833
1651867118999,125236000000,,,-1335902211763622146,0.0,4.992764530793481,309.0,1.0,7,15,0.0,85026,503936918296024,16,42.63284683227539,-313.9395055439545,0.15,25,-38540.83020990419,0.0011339712655171752,1.57542003E9,,,,0,,6,,38.5328483581543,-4.423782229423522,1.5000000237487257,-4.423782229423522,1.5000000237487257,C,8261977439833
1651867118999,125236000000,,,-1335902211763622146,0.0,4.992764530793481,309.0,1.0,7,27,0.0,85026,503936913471296,15,41.11412811279297,-345.7478101552804,0.15,25,-41879.050939261535,0.0012813248904421926,1.57542003E9,,,,0,,6,,37.014129638671875,-4.423782229423522,1.5000000237487257,-4.423782229423522,1.5000000237487257,C,8261977439833
1651867118999,125236000000,,,-1335902211763622146,0.0,4.992764530793481,309.0,1.0,7,30,0.0,85026,503936921550656,23,36.069087982177734,67.7935420787341,0.15,25,9192.19770834465,0.0022903995122760534,1.57542003E9,,,,0,,6,,31.96908950805664,-4.423782229423522,1.5000000237487257,-4.423782229423522,1.5000000237487257,C,8261977439833
1651867118999,125236000000,,,-1335902211763622146,0.0,4.992764530793481,309.0,1.0,7,2,0.0,84003,503936914892548,8,34.499237060546875,482.8907073293301,0.5798134130579662,25,61187.17174440643,0.0034249192103743553,1.17645005E9,,,,0,,6,,30.499238967895508,-2.7614412829279895,2.2857458926331073,-2.7614412829279895,1.5000000237487257,Q,8261977439833
1651867118999,125236000000,,,-1335902211763622146,0.0,4.992764530793481,309.0,1.0,7,15,0.0,84003,503936918296539,7,38.445350646972656,-313.96090932665084,0.15,25,-38314.110854759194,0.002306327922269702,1.17645005E9,,,,0,,6,,34.445350646972656,-9.780214168131348,2.2857458926331073,-9.780214168131348,1.5000000237487257,Q,8261977439833
1651867118999,125236000000,,,-1335902211763622146,0.0,4.992764530793481,309.0,1.0,7,27,0.0,84003,503936913471826,6,34.99371337890625,-345.7197602935621,0.5573219872813167,25,-42245.338408349686,0.003235390642657876,1.17645005E9,,,,0,,6,,30.993711471557617,-6.6402368247508985,2.2857458926331073,-6.6402368247508985,1.5000000237487257,Q,8261977439833
1651867118999,125236000000,,,-1335902211763622146,0.0,4.992764530793481,309.0,1.0,7,30,0.0,84003,503936921551192,7,35.992366790771484,67.65886951209129,0.5138669550656803,25,9346.754272171871,0.0028839914593845606,1.17645005E9,,,,0,,6,,31.992366790771484,-6.27082772552967,2.2857458926331073,-6.27082772552967,1.5000000237487257,Q,8261977439833
1651867119999,126236000000,,,-1335902211763621837,0.0,4.858121448152517,309.0,1.0,7,2,0.0,16431,503937930290614,26,34.77357482910156,-37.30027070957729,0.5711460180354027,25,-4417.540476426772,0.0025067480746656656,1.57542003E9,,,,0,,1,,30.673574447631836,0.0,1.0,0.0,1.0,C,8262973737156
1651867119999,126236000000,,,-1335902211763621837,0.0,4.858121448152517,309.0,1.0,7,6,0.0,16431,503937928961975,20,37.85531234741211,442.2298936256825,0.15,25,55950.20349417065,0.0018646612297743559,1.57542003E9,,,,0,,1,,33.755313873291016,0.320142130558394,1.0,0.320142130558394,1.0,C,8262973737156
1651867119999,126236000000,,,-1335902211763621837,0.0,4.858121448152517,309.0,1.0,7,12,0.0,16431,503937930868136,13,43.37579345703125,-187.63828891349556,0.15,25,-23066.129927183014,9.875884279608727E-4,1.57542003E9,,,,0,,1,,39.275794982910156,-0.6984919076624261,1.0,-0.6984919076624261,1.0,C,8262973737156
1651867119999,126236000000,,,-1335902211763621837,0.0,4.858121448152517,309.0,1.0,7,17,0.0,16431,503937917280874,29,33.20388412475586,581.8186842096352,0.6429905716068269,25,74536.27215713442,0.0030032757204025984,1.57542003E9,,,,0,,1,,29.103885650634766,-0.7858034271858065,1.0,-0.7858034271858065,1.0,C,8262973737156
1651867119999,126236000000,,,-1335902211763621837,0.0,4.858121448152517,309.0,1.0,7,19,0.0,16431,503937923933478,13,42.67376708984375,605.3842489582889,0.15,25,77309.0793134639,0.0010707234032452106,1.57542003E9,,,,0,,1,,38.573768615722656,0.0,1.0,0.0,1.0,C,8262973737156
1651867119999,126236000000,,,-1335902211763621837,0.0,4.858121448152517,309.0,1.0,7,20,0.0,16431,503937920218305,25,34.94021224975586,-483.3366762729311,0.5654382716445983,25,-59853.68316849468,0.0024591153487563133,1.57542003E9,,,,0,,1,,30.840211868286133,0.0,1.0,0.0,1.0,C,8262973737156
1651867119999,126236000000,,,-1335902211763621837,0.0,4.858121448152517,309.0,1.0,7,24,0.0,16431,503937927194731,11,47.70536804199219,497.9974153585006,0.15,25,63205.65672077357,6.323767593130469E-4,1.57542003E9,,,,0,,1,,43.605369567871094,-0.20372681261465636,1.0,-0.20372681261465636,1.0,C,8262973737156
1651867119999,126236000000,,,-1335902211763621837,0.0,4.858121448152517,309.0,1.0,7,25,0.0,16431,503937922097065,17,40.084434509277344,-508.756803810817,0.15,25,-63137.326386205306,0.0014425934059545398,1.57542003E9,,,,0,,1,,35.98443603515625,-2.0372682255564105,1.0,-2.0372682255564105,1.0,C,8262973737156
1651867119999,126236000000,,,-1335902211763621837,0.0,4.858121448152517,309.0,1.0,7,6,0.0,81921,503937928962503,7,37.706851959228516,442.1780201268548,0.15,25,57417.41772898311,0.002510996302589774,1.17645005E9,,,,0,,1,,33.706851959228516,1.9208527336454408,1.780923845139879,1.9208527336454408,1.0,Q,8262973737156
1651867119999,126236000000,,,-1335902211763621837,0.0,4.858121448152517,309.0,1.0,7,24,0.0,81921,503937927195257,7,42.62812805175781,498.0222614693057,0.15,25,64726.875314532044,0.0014248929219320416,1.17645005E9,,,,0,,1,,38.62812805175781,3.143213708743226,1.780923845139879,3.143213708743226,1.0,Q,8262973737156
1651867119999,126236000000,,,-1335902211763621837,0.0,4.858121448152517,309.0,1.0,7,25,0.0,81921,503937922097588,7,37.827735900878906,-508.8106881745796,0.15,25,-64678.13593754356,0.002476291498169303,1.17645005E9,,,,0,,1,,33.827735900878906,1.0186341127782053,1.780923845139879,1.0186341127782053,1.0,Q,8262973737156
1651867119999,126236000000,,,-1335902211763621837,0.0,4.858121448152517,309.0,1.0,7,18,0.0,32995,82719935393868,37,39.042198181152344,171.12407767730258,0.15,17,21715.00231704634,0.0952680550737355,1.60031245E9,,,,0,,3,,34.94219970703125,48.42877388000488,2.0000000474974513,48.42877388000488,2.0000000474974513,C,8262973737156
1651867119999,126236000000,,,-1335902211763621837,0.0,4.858121448152517,309.0,1.0,7,9,0.0,32995,82719922270902,33,43.18110656738281,-670.2868574304593,0.15,25,-83004.79324673812,9.939149022102356E-4,1.60087501E9,,,,0,,3,,39.08110809326172,48.42877388000488,2.0000000474974513,48.42877388000488,2.0000000474974513,C,8262973737156
1651867119999,126236000000,,,-1335902211763621837,0.0,4.858121448152517,309.0,1.0,7,15,0.0,32995,82719932270703,51,34.94758605957031,581.0730963907422,0.5636772337787566,17,71672.26206417815,0.09598444506667941,1.602E9,,,,0,,3,,30.847585678100586,48.42877388000488,2.0000000474974513,48.42877388000488,2.0000000474974513,C,8262973737156
1651867119999,126236000000,,,-1335902211763621837,0.0,4.858121448152517,309.0,1.0,7,19,0.0,32995,82719929306507,35,39.42461013793945,-410.7882139991725,0.15,25,-51723.37378024138,0.001529014902189374,1.60368755E9,,,,0,,3,,35.32461166381836,48.42877388000488,2.0000000474974513,48.42877388000488,2.0000000474974513,C,8262973737156
1651867119999,126236000000,,,-1335902211763621837,0.0,4.858121448152517,309.0,1.0,7,17,0.0,32995,82719928954515,33,47.62031555175781,712.0010576178574,0.15,25,91081.75397496723,6.271232850849628E-4,1.60424998E9,,,,0,,3,,43.52031707763672,48.42877388000488,2.0000000474974513,48.42877388000488,2.0000000474974513,C,8262973737156
1651867119999,126236000000,,,-1335902211763621837,0.0,4.858121448152517,309.0,1.0,7,2,0.0,85026,503937914890427,21,37.38044738769531,482.87059867998164,0.15,25,61055.6046541878,0.0019694422371685505,1.57542003E9,,,,0,,6,,33.28044891357422,-4.423782229423522,1.5000000237487257,-4.423782229423522,1.5000000237487257,C,8262973737156
1651867119999,126236000000,,,-1335902211763621837,0.0,4.858121448152517,309.0,1.0,7,15,0.0,85026,503937918297068,17,42.563720703125,-313.8007217809936,0.15,25,-38854.7599597016,0.0011430321028456092,1.57542003E9,,,,0,,6,,38.463722229003906,-4.423782229423522,1.5000000237487257,-4.423782229423522,1.5000000237487257,C,8262973737156
1651867119999,126236000000,,,-1335902211763621837,0.0,4.858121448152517,309.0,1.0,7,27,0.0,85026,503937913472448,13,42.76132583618164,-345.7215325813013,0.15,25,-42224.83164304025,0.0010599842062219977,1.57542003E9,,,,0,,6,,38.66132736206055,-4.423782229423522,1.5000000237487257,-4.423782229423522,1.5000000237487257,C,8262973737156
1651867119999,126236000000,,,-1335902211763621837,0.0,4.858121448152517,309.0,1.0,7,30,0.0,85026,503937921550432,22,36.583404541015625,67.75845418974387,0.15,25,9259.897043313083,0.0021587153896689415,1.57542003E9,,,,0,,6,,32.48340606689453,-4.423782229423522,1.5000000237487257,-4.423782229423522,1.5000000237487257,C,8262973737156
1651867119999,126236000000,,,-1335902211763621837,0.0,4.858121448152517,309.0,1.0,7,2,0.0,84003,503937914890936,7,36.134033203125,482.830790370763,0.15,25,61669.93839993735,0.0028373354580253363,1.17645005E9,,,,0,,6,,32.134033203125,-2.7614412829279895,2.2809238688886047,-2.7614412829279895,1.5000000237487257,Q,8262973737156
1651867119999,126236000000,,,-1335902211763621837,0.0,4.858121448152517,309.0,1.0,7,15,0.0,84003,503937918297590,7,38.186492919921875,-313.8730106712785,0.15,25,-38628.04107074874,0.0023760960903018713,1.17645005E9,,,,0,,6,,34.186492919921875,-9.780214168131348,2.2809238688886047,-9.780214168131348,1.5000000237487257,Q,8262973737156
1651867119999,126236000000,,,-1335902211763621837,0.0,4.858121448152517,309.0,1.0,7,27,0.0,84003,503937913472979,7,34.87653350830078,-345.72010111812733,0.5625915877173688,25,-42591.11418066557,0.0032793337013572454,1.17645005E9,,,,0,,6,,30.87653350830078,-6.6402368247508985,2.2809238688886047,-6.6402368247508985,1.5000000237487257,Q,8262973737156
1651867119999,126236000000,,,-1335902211763621837,0.0,4.858121448152517,309.0,1.0,7,30,0.0,84003,503937921550966,7,36.13196563720703,67.76033298515969,0.15,25,9414.462311667758,0.00283801113255322,1.17645005E9,,,,0,,6,,32.13196563720703,-6.27082772552967,2.2809238688886047,-6.27082772552967,1.5000000237487257,Q,8262973737156
1651867120999,127236000000,,,-1335902211763621528,0.0,4.853323928935305,309.0,1.0,7,2,0.0,16431,503938930290740,24,35.532005310058594,-37.21658123758553,0.5370402629583286,25,-4454.818756946793,0.0022971495054662228,1.57542003E9,,,,0,,1,,31.432004928588867,0.0,1.0,0.0,1.0,C,8263973509618
1651867120999,127236000000,,,-1335902211763621528,0.0,4.853323928935305,309.0,1.0,7,6,0.0,16431,503938928960501,21,36.915260314941406,442.25030901713967,0.15,25,56392.401540396575,0.0020777948666363955,1.57542003E9,,,,0,,1,,32.81526184082031,0.320142130558394,1.0,0.320142130558394,1.0,C,8263973509618
1651867120999,127236000000,,,-1335902211763621528,0.0,4.853323928935305,309.0,1.0,7,12,0.0,16431,503938930868761,13,42.80804443359375,-187.6020592622118,0.15,25,-23253.77261221622,0.0010542981326580048,1.57542003E9,,,,0,,1,,38.708045959472656,-0.6984919076624261,1.0,-0.6984919076624261,1.0,C,8263973509618
1651867120999,127236000000,,,-1335902211763621528,0.0,4.853323928935305,309.0,1.0,7,17,0.0,16431,503938917278935,30,32.7150764465332,581.9581496217265,0.6649713596413154,25,75118.12718733799,0.003177133621647954,1.57542003E9,,,,0,,1,,28.61507797241211,-0.7858034271858065,1.0,-0.7858034271858065,1.0,C,8263973509618
1651867120999,127236000000,,,-1335902211763621528,0.0,4.853323928935305,309.0,1.0,7,19,0.0,16431,503938923931464,13,42.987892150878906,605.345463122766,0.15,25,77914.40755617857,0.0010326923802495003,1.57542003E9,,,,0,,1,,38.88789367675781,0.0,1.0,0.0,1.0,C,8263973509618
1651867120999,127236000000,,,-1335902211763621528,0.0,4.853323928935305,309.0,1.0,7,20,0.0,16431,503938920219915,24,35.542945861816406,-483.4050115982593,0.5383341980948333,25,-60337.10736731408,0.002294256817549467,1.57542003E9,,,,0,,1,,31.442947387695312,0.0,1.0,0.0,1.0,C,8263973509618
1651867120999,127236000000,,,-1335902211763621528,0.0,4.853323928935305,309.0,1.0,7,24,0.0,16431,503938927193073,11,47.65244674682617,498.06043382061125,0.15,25,63703.65854809672,6.362416897900403E-4,1.57542003E9,,,,0,,1,,43.55244827270508,-0.20372681261465636,1.0,-0.20372681261465636,1.0,C,8263973509618
1651867120999,127236000000,,,-1335902211763621528,0.0,4.853323928935305,309.0,1.0,7,25,0.0,16431,503938922098760,15,41.28081512451172,-508.77749186192636,0.15,25,-63646.14486617649,0.0012569698737934232,1.57542003E9,,,,0,,1,,37.180816650390625,-2.0372682255564105,1.0,-2.0372682255564105,1.0,C,8263973509618
1651867120999,127236000000,,,-1335902211763621528,0.0,4.853323928935305,309.0,1.0,7,6,0.0,81921,503938928961028,6,37.0335693359375,442.2802334139667,0.15,25,57859.62019042933,0.0027133773546665907,1.17645005E9,,,,0,,1,,33.0335693359375,1.9208527336454408,1.776149090777635,1.9208527336454408,1.0,Q,8263973509618
1651867120999,127236000000,,,-1335902211763621528,0.0,4.853323928935305,309.0,1.0,7,24,0.0,81921,503938927193596,7,42.276084899902344,498.06428513819833,0.15,25,65224.87365232342,0.001483830506913364,1.17645005E9,,,,0,,1,,38.276084899902344,3.143213708743226,1.776149090777635,3.143213708743226,1.0,Q,8263973509618
1651867120999,127236000000,,,-1335902211763621528,0.0,4.853323928935305,309.0,1.0,7,25,0.0,81921,503938922099282,7,37.76479721069336,-508.71907453144627,0.15,25,-65186.93933274899,0.0024943004827946424,1.17645005E9,,,,0,,1,,33.76479721069336,1.0186341127782053,1.776149090777635,1.0186341127782053,1.0,Q,8263973509618
1651867120999,127236000000,,,-1335902211763621528,0.0,4.853323928935305,309.0,1.0,7,18,0.0,32995,82720935393319,36,39.1218147277832,171.25705038142632,0.15,17,21886.155597633893,0.09525344553292282,1.60031245E9,,,,0,,3,,35.02181625366211,48.42877388000488,2.0000000474974513,48.42877388000488,2.0000000474974513,C,8263973509618
1651867120999,127236000000,,,-1335902211763621528,0.0,4.853323928935305,309.0,1.0,7,9,0.0,32995,82720922273141,33,43.072757720947266,-670.3168499921994,0.15,25,-83675.12743853968,0.0010063908994197845,1.60087501E9,,,,0,,3,,38.97275924682617,48.42877388000488,2.0000000474974513,48.42877388000488,2.0000000474974513,C,8263973509618
1651867120999,127236000000,,,-1335902211763621528,0.0,4.853323928935305,309.0,1.0,7,15,0.0,32995,82720932268768,52,34.68667984008789,581.1681864444408,0.5754093871964572,17,72253.32140122386,0.09605812502235561,1.602E9,,,,0,,3,,30.586681365966797,48.42877388000488,2.0000000474974513,48.42877388000488,2.0000000474974513,C,8263973509618
1651867120999,127236000000,,,-1335902211763621528,0.0,4.853323928935305,309.0,1.0,7,19,0.0,32995,82720929307867,36,39.30075454711914,-410.7332049143447,0.15,25,-52134.15796694546,0.0015509737422689795,1.60368755E9,,,,0,,3,,35.20075607299805,48.42877388000488,2.0000000474974513,48.42877388000488,2.0000000474974513,C,8263973509618
1651867120999,127236000000,,,-1335902211763621528,0.0,4.853323928935305,309.0,1.0,7,17,0.0,32995,82720928952140,33,47.37556457519531,711.9997624845096,0.15,25,91793.73121882847,6.450456567108631E-4,1.60424998E9,,,,0,,3,,43.27556610107422,48.42877388000488,2.0000000474974513,48.42877388000488,2.0000000474974513,C,8263973509618
1651867120999,127236000000,,,-1335902211763621528,0.0,4.853323928935305,309.0,1.0,7,2,0.0,85026,503938914888803,22,36.8819580078125,482.85151250432887,0.15,25,61538.41685766553,0.0020857765339314938,1.57542003E9,,,,0,,6,,32.781959533691406,-4.423782229423522,1.5000000237487257,-4.423782229423522,1.5000000237487257,C,8263973509618
1651867120999,127236000000,,,-1335902211763621528,0.0,4.853323928935305,309.0,1.0,7,15,0.0,85026,503938918298114,16,42.83234405517578,-313.83320236205986,0.15,25,-39168.635825887264,0.0011082231067121029,1.57542003E9,,,,0,,6,,38.73234558105469,-4.423782229423522,1.5000000237487257,-4.423782229423522,1.5000000237487257,C,8263973509618
1651867120999,127236000000,,,-1335902211763621528,0.0,4.853323928935305,309.0,1.0,7,27,0.0,85026,503938913473605,13,42.73889923095703,-345.7206805198882,0.15,25,-42570.59223265,0.0010627243900671601,1.57542003E9,,,,0,,6,,38.63890075683594,-4.423782229423522,1.5000000237487257,-4.423782229423522,1.5000000237487257,C,8263973509618
1651867120999,127236000000,,,-1335902211763621528,0.0,4.853323928935305,309.0,1.0,7,30,0.0,85026,503938921550218,21,37.08622360229492,67.80138104373435,0.15,25,9327.659753027292,0.002037297235801816,1.57542003E9,,,,0,,6,,32.98622512817383,-4.423782229423522,1.5000000237487257,-4.423782229423522,1.5000000237487257,C,8263973509618
1651867120999,127236000000,,,-1335902211763621528,0.0,4.853323928935305,309.0,1.0,7,2,0.0,84003,503938914889327,8,36.35919952392578,482.8681788255685,0.15,25,62152.756866359814,0.0027647274546325207,1.17645005E9,,,,0,,6,,32.35919952392578,-2.7614412829279895,2.2761491145263606,-2.7614412829279895,1.5000000237487257,Q,8263973509618
1651867120999,127236000000,,,-1335902211763621528,0.0,4.853323928935305,309.0,1.0,7,15,0.0,84003,503938918298635,7,37.827205657958984,-313.8723631046046,0.15,25,-38941.91588961991,0.0024764430709183216,1.17645005E9,,,,0,,6,,33.827205657958984,-9.780214168131348,2.2761491145263606,-9.780214168131348,1.5000000237487257,Q,8263973509618
1651867120999,127236000000,,,-1335902211763621528,0.0,4.853323928935305,309.0,1.0,7,27,0.0,84003,503938913474130,8,35.12740707397461,-345.69157410201774,0.5513103278919675,25,-42936.87332926342,0.003185971872881055,1.17645005E9,,,,0,,6,,31.12740707397461,-6.6402368247508985,2.2761491145263606,-6.6402368247508985,1.5000000237487257,Q,8263973509618
1651867120999,127236000000,,,-1335902211763621528,0.0,4.853323928935305,309.0,1.0,7,30,0.0,84003,503938921550742,8,36.13872146606445,67.8171143577267,0.15,25,9482.227344652694,0.0028358041308820248,1.17645005E9,,,,0,,6,,32.13872146606445,-6.27082772552967,2.2761491145263606,-6.27082772552967,1.5000000237487257,Q,8263973509618
1651867121999,128236000000,,,-1335902211763621219,0.0,4.7164500893272,309.0,1.0,7,2,0.0,16431,503939930290857,24,35.39779281616211,-37.1163745551014,0.5430756868730267,25,-4492.029012176338,0.002332919742912054,1.57542003E9,,,,0,,1,,31.297792434692383,0.0,1.0,0.0,1.0,C,8264993424617
1651867121999,128236000000,,,-1335902211763621219,0.0,4.7164500893272,309.0,1.0,7,6,0.0,16431,503939928959017,20,38.04960632324219,442.4008171451444,0.15,25,56834.66783770181,0.0018234140006825328,1.57542003E9,,,,0,,1,,33.949607849121094,0.320142130558394,1.0,0.320142130558394,1.0,C,8264993424617
1651867121999,128236000000,,,-1335902211763621219,0.0,4.7164500893272,309.0,1.0,7,12,0.0,16431,503939930869387,13,42.54016876220703,-187.54539717824264,0.15,25,-23441.389439093127,0.0010873195715248585,1.57542003E9,,,,0,,1,,38.44017028808594,-0.6984919076624261,1.0,-0.6984919076624261,1.0,C,8264993424617
1651867121999,128236000000,,,-1335902211763621219,0.0,4.7164500893272,309.0,1.0,7,17,0.0,16431,503939917276995,32,32.250457763671875,581.8247508868963,0.6858643048935855,25,75699.9072075316,0.0033517112024128437,1.57542003E9,,,,0,,1,,28.15045928955078,-0.7858034271858065,1.0,-0.7858034271858065,1.0,C,8264993424617
1651867121999,128236000000,,,-1335902211763621219,0.0,4.7164500893272,309.0,1.0,7,19,0.0,16431,503939923929436,12,43.606781005859375,605.3560968492011,0.15,25,78519.72035810644,9.616708848625422E-4,1.57542003E9,,,,0,,1,,39.50678253173828,0.0,1.0,0.0,1.0,C,8264993424617
1651867121999,128236000000,,,-1335902211763621219,0.0,4.7164500893272,309.0,1.0,7,20,0.0,16431,503939920221525,25,35.21982955932617,-483.4574644988479,0.5528647408651397,25,-60820.563701620194,0.002381211146712303,1.57542003E9,,,,0,,1,,31.119831085205078,0.0,1.0,0.0,1.0,C,8264993424617
1651867121999,128236000000,,,-1335902211763621219,0.0,4.7164500893272,309.0,1.0,7,24,0.0,16431,503939927191411,11,47.67755126953125,498.1358242144397,0.15,25,64201.706255472964,6.344054127112031E-4,1.57542003E9,,,,0,,1,,43.577552795410156,-0.20372681261465636,1.0,-0.20372681261465636,1.0,C,8264993424617
1651867121999,128236000000,,,-1335902211763621219,0.0,4.7164500893272,309.0,1.0,7,25,0.0,16431,503939922100466,15,41.527679443359375,-508.73550227549026,0.15,25,-64154.978010198894,0.0012217481853440404,1.57542003E9,,,,0,,1,,37.42768096923828,-2.0372682255564105,1.0,-2.0372682255564105,1.0,C,8264993424617
1651867121999,128236000000,,,-1335902211763621219,0.0,4.7164500893272,309.0,1.0,7,6,0.0,81921,503939928959555,7,36.863311767578125,442.3455013182079,0.15,25,58301.88585708204,0.0027670881245285273,1.17645005E9,,,,0,,1,,32.863311767578125,1.9208527336454408,1.7714900991822464,1.9208527336454408,1.0,Q,8264993424617
1651867121999,128236000000,,,-1335902211763621219,0.0,4.7164500893272,309.0,1.0,7,24,0.0,81921,503939927191934,7,42.29763412475586,498.16261302526664,0.15,25,65722.92712300013,0.0014801538782194257,1.17645005E9,,,,0,,1,,38.29763412475586,3.143213708743226,1.7714900991822464,3.143213708743226,1.0,Q,8264993424617
1651867121999,128236000000,,,-1335902211763621219,0.0,4.7164500893272,309.0,1.0,7,25,0.0,81921,503939922100982,9,36.99850845336914,-508.7233007560551,0.15,25,-65695.7832046658,0.0027243513613939285,1.17645005E9,,,,0,,1,,32.99850845336914,1.0186341127782053,1.7714900991822464,1.0186341127782053,1.0,Q,8264993424617
1651867121999,128236000000,,,-1335902211763621219,0.0,4.7164500893272,309.0,1.0,7,18,0.0,32995,82721935392765,37,38.92951965332031,171.33220219805912,0.15,17,22057.37750334884,0.09528896233421304,1.60031245E9,,,,0,,3,,34.82952117919922,48.42877388000488,2.0000000474974513,48.42877388000488,2.0000000474974513,C,8264993424617
1651867121999,128236000000,,,-1335902211763621219,0.0,4.7164500893272,309.0,1.0,7,9,0.0,32995,82721922275356,33,43.20616149902344,-670.3049211324164,0.15,25,-84345.48017221357,9.910520166158676E-4,1.60087501E9,,,,0,,3,,39.106163024902344,48.42877388000488,2.0000000474974513,48.42877388000488,2.0000000474974513,C,8264993424617
1651867121999,128236000000,,,-1335902211763621219,0.0,4.7164500893272,309.0,1.0,7,15,0.0,32995,82721932266844,52,34.69365310668945,581.225172311747,0.575095522386877,17,72834.45386579259,0.09605612663694113,1.602E9,,,,0,,3,,30.59365463256836,48.42877388000488,2.0000000474974513,48.42877388000488,2.0000000474974513,C,8264993424617
1651867121999,128236000000,,,-1335902211763621219,0.0,4.7164500893272,309.0,1.0,7,19,0.0,32995,82721929309233,36,39.29736328125,-410.6024986935797,0.15,25,-52544.8832545659,0.0015515796840190887,1.60368755E9,,,,0,,3,,35.197364807128906,48.42877388000488,2.0000000474974513,48.42877388000488,2.0000000474974513,C,8264993424617
1651867121999,128236000000,,,-1335902211763621219,0.0,4.7164500893272,309.0,1.0,7,17,0.0,32995,82721928949785,33,47.44191360473633,712.0543625798591,0.15,25,92505.71788496127,6.40137295704335E-4,1.60424998E9,,,,0,,3,,43.341915130615234,48.42877388000488,2.0000000474974513,48.42877388000488,2.0000000474974513,C,8264993424617
1651867121999,128236000000,,,-1335902211763621219,0.0,4.7164500893272,309.0,1.0,7,2,0.0,85026,503939914887186,22,36.66236877441406,482.91153171026554,0.15,25,62021.235856105464,0.00213917950168252,1.57542003E9,,,,0,,6,,32.56237030029297,-4.423782229423522,1.5000000237487257,-4.423782229423522,1.5000000237487257,C,8264993424617
1651867121999,128236000000,,,-1335902211763621219,0.0,4.7164500893272,309.0,1.0,7,15,0.0,85026,503939918299163,16,42.819034576416016,-313.7210369976433,0.15,25,-39482.484788824935,0.0011099224211648107,1.57542003E9,,,,0,,6,,38.71903610229492,-4.423782229423522,1.5000000237487257,-4.423782229423522,1.5000000237487257,C,8264993424617
1651867121999,128236000000,,,-1335902211763621219,0.0,4.7164500893272,309.0,1.0,7,27,0.0,85026,503939913474756,14,42.117652893066406,-345.6883703511046,0.15,25,-42916.3765473343,0.0011415185872465372,1.57542003E9,,,,0,,6,,38.01765441894531,-4.423782229423522,1.5000000237487257,-4.423782229423522,1.5000000237487257,C,8264993424617
1651867121999,128236000000,,,-1335902211763621219,0.0,4.7164500893272,309.0,1.0,7,30,0.0,85026,503939921549977,21,37.16148376464844,67.8613533862933,0.15,25,9395.438031430085,0.0020197213161736727,1.57542003E9,,,,0,,6,,33.061485290527344,-4.423782229423522,1.5000000237487257,-4.423782229423522,1.5000000237487257,C,8264993424617
1651867121999,128236000000,,,-1335902211763621219,0.0,4.7164500893272,309.0,1.0,7,2,0.0,84003,503939914887716,6,35.999473571777344,482.82922257776295,0.5123486548516167,25,62635.57079163639,0.002881632186472416,1.17645005E9,,,,0,,6,,31.999475479125977,-2.7614412829279895,2.271490122930972,-2.7614412829279895,1.5000000237487257,Q,8264993424617
1651867121999,128236000000,,,-1335902211763621219,0.0,4.7164500893272,309.0,1.0,7,15,0.0,84003,503939918299682,6,37.83910369873047,-313.8483690552125,0.15,25,-39255.76757096752,0.002473052591085434,1.17645005E9,,,,0,,6,,33.83910369873047,-9.780214168131348,2.271490122930972,-9.780214168131348,1.5000000237487257,Q,8264993424617
1651867121999,128236000000,,,-1335902211763621219,0.0,4.7164500893272,309.0,1.0,7,27,0.0,84003,503939913475283,6,34.64134216308594,-345.7650217958244,0.5731683991127845,25,-43282.659347944675,0.0033693432342261076,1.17645005E9,,,,0,,6,,30.641340255737305,-6.6402368247508985,2.271490122930972,-6.6402368247508985,1.5000000237487257,Q,8264993424617
1651867121999,128236000000,,,-1335902211763621219,0.0,4.7164500893272,309.0,1.0,7,30,0.0,84003,503939921550516,8,35.91516876220703,67.84596515717325,0.5173382399490689,25,9550.007373990109,0.002909736940637231,1.17645005E9,,,,0,,6,,31.915170669555664,-6.27082772552967,2.271490122930972,-6.27082772552967,1.5000000237487257,Q,8264993424617
1651867122999,129236000000,,,-1335902211763620910,0.0,4.78200730468276,309.0,1.0,7,2,0.0,16431,503940930290990,27,34.05372619628906,-37.41411463497761,0.6035168296274103,25,-4529.080350419484,0.0027233478613197803,1.57542003E9,,,,0,,1,,29.95372772216797,0.0,1.0,0.0,1.0,C,8265994047339
1651867122999,129236000000,,,-1335902211763620910,0.0,4.78200730468276,309.0,1.0,7,6,0.0,16431,503940928957551,16,40.80082702636719,442.1228747122009,0.15,25,57277.079932165616,0.0013283861335366964,1.57542003E9,,,,0,,1,,36.700828552246094,0.320142130558394,1.0,0.320142130558394,1.0,C,8265994047339
1651867122999,129236000000,,,-1335902211763620910,0.0,4.78200730468276,309.0,1.0,7,12,0.0,16431,503940930870009,11,44.580196380615234,-187.8136090698489,0.15,25,-23628.875340657127,8.59717489220202E-4,1.57542003E9,,,,0,,1,,40.48019790649414,-0.6984919076624261,1.0,-0.6984919076624261,1.0,C,8265994047339
1651867122999,129236000000,,,-1335902211763620910,0.0,4.78200730468276,309.0,1.0,7,17,0.0,16431,503940917275054,33,31.836421966552734,581.7207993945017,0.7044827787113412,16,76281.46805752978,3.4028234663852886E38,1.57542003E9,,,,0,,1,,27.736421585083008,-0.7858034271858065,1.0,-0.7858034271858065,1.0,C,8265994047339
1651867122999,129236000000,,,-1335902211763620910,0.0,4.78200730468276,309.0,1.0,7,19,0.0,16431,503940923927415,14,42.07505416870117,605.0132955014947,0.15,25,79125.10415116313,0.00114713073708117,1.57542003E9,,,,0,,1,,37.97505569458008,0.0,1.0,0.0,1.0,C,8265994047339
1651867122999,129236000000,,,-1335902211763620910,0.0,4.78200730468276,309.0,1.0,7,20,0.0,16431,503940920223140,27,34.358253479003906,-483.7700347076186,0.5916092048124555,25,-61303.94877670849,0.0026295222342014313,1.57542003E9,,,,0,,1,,30.25825309753418,0.0,1.0,0.0,1.0,C,8265994047339
1651867122999,129236000000,,,-1335902211763620910,0.0,4.78200730468276,309.0,1.0,7,24,0.0,16431,503940927189734,11,47.181419372558594,497.87891065717076,0.15,25,64699.90803584856,6.716969073750079E-4,1.57542003E9,,,,0,,1,,43.0814208984375,-0.20372681261465636,1.0,-0.20372681261465636,1.0,C,8265994047339
1651867122999,129236000000,,,-1335902211763620910,0.0,4.78200730468276,309.0,1.0,7,25,0.0,16431,503940922102165,19,38.67621612548828,-509.120565869285,0.15,25,-64663.75678908419,0.0016965036047622561,1.57542003E9,,,,0,,1,,34.57621765136719,-2.0372682255564105,1.0,-2.0372682255564105,1.0,C,8265994047339
1651867122999,129236000000,,,-1335902211763620910,0.0,4.78200730468276,309.0,1.0,7,6,0.0,81921,503940928958077,8,36.89714431762695,442.11084360504833,0.15,25,58744.29664523532,0.0027563313487917185,1.17645005E9,,,,0,,1,,32.89714431762695,1.9208527336454408,1.7675038140216457,1.9208527336454408,1.0,Q,8265994047339
1651867122999,129236000000,,,-1335902211763620910,0.0,4.78200730468276,309.0,1.0,7,24,0.0,81921,503940927190274,6,41.01780700683594,497.8544394533874,0.15,25,66221.11669513982,0.001715134596452117,1.17645005E9,,,,0,,1,,37.01780700683594,3.143213708743226,1.7675038140216457,3.143213708743226,1.0,Q,8265994047339
1651867122999,129236000000,,,-1335902211763620910,0.0,4.78200730468276,309.0,1.0,7,25,0.0,81921,503940922102679,8,36.70657730102539,-509.1198842201545,0.15,25,-66204.54529852435,0.0026563385035842657,1.17645005E9,,,,0,,1,,32.70657730102539,1.0186341127782053,1.7675038140216457,1.0186341127782053,1.0,Q,8265994047339
1651867122999,129236000000,,,-1335902211763620910,0.0,4.78200730468276,309.0,1.0,7,18,0.0,32995,82722935392162,35,39.4918098449707,171.07515231096409,0.15,17,22228.761245088393,0.09518727972060927,1.60031245E9,,,,0,,3,,35.39181137084961,48.42877388000488,2.0000000474974513,48.42877388000488,2.0000000474974513,C,8265994047339
1651867122999,129236000000,,,-1335902211763620910,0.0,4.78200730468276,309.0,1.0,7,9,0.0,32995,82722922277579,33,42.40142059326172,-670.6804416383848,0.15,25,-85015.76756345658,0.0010872601997107267,1.60087501E9,,,,0,,3,,38.301422119140625,48.42877388000488,2.0000000474974513,48.42877388000488,2.0000000474974513,C,8265994047339
1651867122999,129236000000,,,-1335902211763620910,0.0,4.78200730468276,309.0,1.0,7,15,0.0,32995,82722932264873,57,33.669647216796875,581.0526469168285,0.6211435838411097,17,73415.76967497982,0.09636742819242566,1.602E9,,,,0,,3,,29.56964683532715,48.42877388000488,2.0000000474974513,48.42877388000488,2.0000000474974513,C,8265994047339
1651867122999,129236000000,,,-1335902211763620910,0.0,4.78200730468276,309.0,1.0,7,19,0.0,32995,82722929310646,38,38.593048095703125,-410.90344678467613,0.15,25,-52955.460655908646,0.0016826343489810824,1.60368755E9,,,,0,,3,,34.49304962158203,48.42877388000488,2.0000000474974513,48.42877388000488,2.0000000474974513,C,8265994047339
1651867122999,129236000000,,,-1335902211763620910,0.0,4.78200730468276,309.0,1.0,7,17,0.0,32995,82722928947403,33,45.645477294921875,711.7204908357617,0.15,25,93217.7951251837,7.872178102843463E-4,1.60424998E9,,,,0,,3,,41.54547882080078,48.42877388000488,2.0000000474974513,48.42877388000488,2.0000000474974513,C,8265994047339
1651867122999,129236000000,,,-1335902211763620910,0.0,4.78200730468276,309.0,1.0,7,2,0.0,85026,503940914885573,23,36.21256637573242,482.5623228607328,0.15,25,62504.14175677216,0.002252876525744796,1.57542003E9,,,,1,,6,,32.11256790161133,-4.423782229423522,1.5000000237487257,-4.423782229423522,1.5000000237487257,C,8265994047339
1651867122999,129236000000,,,-1335902211763620910,0.0,4.78200730468276,309.0,1.0,7,15,0.0,85026,503940918300204,17,42.320858001708984,-314.02607498352245,0.15,25,-39796.21677975187,0.0011754429433494806,1.57542003E9,,,,0,,6,,38.22085952758789,-4.423782229423522,1.5000000237487257,-4.423782229423522,1.5000000237487257,C,8265994047339
1651867122999,129236000000,,,-1335902211763620910,0.0,4.78200730468276,309.0,1.0,7,27,0.0,85026,503940913475909,15,41.04237365722656,-346.08096616779085,0.15,25,-43262.09695680077,0.0012919538421556354,1.57542003E9,,,,0,,6,,36.94237518310547,-4.423782229423522,1.5000000237487257,-4.423782229423522,1.5000000237487257,C,8265994047339
1651867122999,129236000000,,,-1335902211763620910,0.0,4.78200730468276,309.0,1.0,7,30,0.0,85026,503940921549743,22,36.38275146484375,67.55499470522389,0.15,25,9463.327561646633,0.002209164435043931,1.57542003E9,,,,0,,6,,32.282752990722656,-4.423782229423522,1.5000000237487257,-4.423782229423522,1.5000000237487257,C,8265994047339
1651867122999,129236000000,,,-1335902211763620910,0.0,4.78200730468276,309.0,1.0,7,2,0.0,84003,503940914886105,7,34.77935791015625,482.53260295864493,0.5672156184984245,25,63118.472905978284,0.003316227812319994,1.17645005E9,,,,0,,6,,30.779359817504883,-2.7614412829279895,2.2675038377703713,-2.7614412829279895,1.5000000237487257,Q,8265994047339
1651867122999,129236000000,,,-1335902211763620910,0.0,4.78200730468276,309.0,1.0,7,15,0.0,84003,503940918300728,8,36.69207000732422,-314.0188495027396,0.15,25,-39569.489050225246,0.0028221821412444115,1.17645005E9,,,,0,,6,,32.69207000732422,-9.780214168131348,2.2675038377703713,-9.780214168131348,1.5000000237487257,Q,8265994047339
1651867122999,129236000000,,,-1335902211763620910,0.0,4.78200730468276,309.0,1.0,7,27,0.0,84003,503940913476437,7,33.96669387817383,-346.0601077043989,0.6035066448308322,25,-43628.38564878095,0.0036414777860045433,1.17645005E9,,,,0,,6,,29.966693878173828,-6.6402368247508985,2.2675038377703713,-6.6402368247508985,1.5000000237487257,Q,8265994047339
1651867122999,129236000000,,,-1335902211763620910,0.0,4.78200730468276,309.0,1.0,7,30,0.0,84003,503940921550287,7,35.1517219543457,67.59415970807567,0.5516696914496597,25,9617.903361217872,0.0031770658679306507,1.17645005E9,,,,0,,6,,31.151721954345703,-6.27082772552967,2.2675038377703713,-6.27082772552967,1.5000000237487257,Q,8265994047339
1651867123999,130236000000,,,-1335902211763620602,0.0,4.7714801995226725,308.0,1.0,7,2,0.0,16431,503941930291118,27,34.33644104003906,-37.81767222174301,0.5908035408060188,25,-4566.638938125637,0.00263613392598927,1.57542003E9,,,,0,,1,,30.236440658569336,0.0,1.0,0.0,1.0,C,8267005831152
1651867123999,130236000000,,,-1335902211763620602,0.0,4.7714801995226725,308.0,1.0,7,6,0.0,16431,503941928956074,16,40.414634704589844,441.56610370244425,0.15,25,57718.95557134295,0.0013887814711779356,1.57542003E9,,,,0,,1,,36.31463623046875,0.320142130558394,1.0,0.320142130558394,1.0,C,8267005831152
1651867123999,130236000000,,,-1335902211763620602,0.0,4.7714801995226725,308.0,1.0,7,12,0.0,16431,503941930870642,12,43.993282318115234,-188.28483311373327,0.15,25,-23816.92330777158,9.198170737363398E-4,1.57542003E9,,,,0,,1,,39.89328384399414,-0.6984919076624261,1.0,-0.6984919076624261,1.0,C,8267005831152
1651867123999,130236000000,,,-1335902211763620602,0.0,4.7714801995226725,308.0,1.0,7,17,0.0,16431,503941917273110,29,33.291446685791016,580.8327469073433,0.639051718023016,17,76862.6480198145,0.09811998872373974,1.57542003E9,,,,0,,1,,29.19144630432129,-0.7858034271858065,1.0,-0.7858034271858065,1.0,C,8267005831152
1651867123999,130236000000,,,-1335902211763620602,0.0,4.7714801995226725,308.0,1.0,7,19,0.0,16431,503941923925406,16,40.215694427490234,604.438528954694,0.15,25,79729.86623142859,0.0014209568034857512,1.57542003E9,,,,0,,1,,36.11569595336914,0.0,1.0,0.0,1.0,C,8267005831152
1651867123999,130236000000,,,-1335902211763620602,0.0,4.7714801995226725,308.0,1.0,7,20,0.0,16431,503941920224759,33,31.72029685974121,-484.0084755734522,0.7102353914609276,25,-61787.91117939166,0.0035626620519906282,1.57542003E9,,,,0,,1,,27.620296478271484,0.0,1.0,0.0,1.0,C,8267005831152
1651867123999,130236000000,,,-1335902211763620602,0.0,4.7714801995226725,308.0,1.0,7,24,0.0,16431,503941927188084,11,47.012176513671875,497.3935083113729,0.15,25,65197.566157631685,6.849131896160543E-4,1.57542003E9,,,,0,,1,,42.91217803955078,-0.20372681261465636,1.0,-0.20372681261465636,1.0,C,8267005831152
1651867123999,130236000000,,,-1335902211763620602,0.0,4.7714801995226725,308.0,1.0,7,25,0.0,16431,503941922103866,20,37.825504302978516,-509.64928701732333,0.15,25,-65173.12642176851,0.0018710718723013997,1.57542003E9,,,,0,,1,,33.72550582885742,-2.0372682255564105,1.0,-2.0372682255564105,1.0,C,8267005831152
1651867123999,130236000000,,,-1335902211763620602,0.0,4.7714801995226725,308.0,1.0,7,6,0.0,81921,503941928956606,7,37.57518005371094,441.69940018990496,0.15,25,59186.1975571415,0.0025493507273495197,1.17645005E9,,,,0,,1,,33.57518005371094,1.9208527336454408,1.76362379798751,1.9208527336454408,1.0,Q,8267005831152
1651867123999,130236000000,,,-1335902211763620602,0.0,4.7714801995226725,308.0,1.0,7,24,0.0,81921,503941927188612,6,42.25513458251953,497.47394290876673,0.15,25,66718.78551115433,0.0014874140033498406,1.17645005E9,,,,0,,1,,38.25513458251953,3.143213708743226,1.76362379798751,3.143213708743226,1.0,Q,8267005831152
1651867123999,130236000000,,,-1335902211763620602,0.0,4.7714801995226725,308.0,1.0,7,25,0.0,81921,503941922104377,7,36.665531158447266,-509.63647201367075,0.15,25,-66713.913975801,0.0026689209043979645,1.17645005E9,,,,0,,1,,32.665531158447266,1.0186341127782053,1.76362379798751,1.0186341127782053,1.0,Q,8267005831152
1651867123999,130236000000,,,-1335902211763620602,0.0,4.7714801995226725,308.0,1.0,7,18,0.0,32995,82723935391596,35,39.52888488769531,170.6846866478105,0.15,17,22399.666024247803,0.09518080400191732,1.60031245E9,,,,0,,3,,35.42888641357422,48.42877388000488,2.0000000474974513,48.42877388000488,2.0000000474974513,C,8267005831152
1651867123999,130236000000,,,-1335902211763620602,0.0,4.7714801995226725,308.0,1.0,7,9,0.0,32995,82723922279840,33,41.39966583251953,-671.1969953494445,0.15,25,-85686.64740971754,0.0012201728532090783,1.60087501E9,,,,0,,3,,37.29966735839844,48.42877388000488,2.0000000474974513,48.42877388000488,2.0000000474974513,C,8267005831152
1651867123999,130236000000,,,-1335902211763620602,0.0,4.7714801995226725,308.0,1.0,7,15,0.0,32995,82723932262943,58,33.43836212158203,580.576719493944,0.631543792195207,17,73996.55468846232,0.09644296590380758,1.602E9,,,,0,,3,,29.338363647460938,48.42877388000488,2.0000000474974513,48.42877388000488,2.0000000474974513,C,8267005831152
1651867123999,130236000000,,,-1335902211763620602,0.0,4.7714801995226725,308.0,1.0,7,19,0.0,32995,82723929312015,38,38.47268295288086,-411.29089615042744,0.15,25,-53366.55795806942,0.0017061139224097133,1.60368755E9,,,,0,,3,,34.372684478759766,48.42877388000488,2.0000000474974513,48.42877388000488,2.0000000474974513,C,8267005831152
1651867123999,130236000000,,,-1335902211763620602,0.0,4.7714801995226725,308.0,1.0,7,17,0.0,32995,82723928945029,33,46.7481803894043,711.2032554755715,0.15,25,93929.27385998049,6.93361391313374E-4,1.60424998E9,,,,0,,3,,42.6481819152832,48.42877388000488,2.0000000474974513,48.42877388000488,2.0000000474974513,C,8267005831152
1651867123999,130236000000,,,-1335902211763620602,0.0,4.7714801995226725,308.0,1.0,7,2,0.0,85026,503941914883970,26,34.52023696899414,482.21573836035236,0.5812060009299529,25,62986.49574364545,0.002737497678026557,1.57542003E9,,,,0,,6,,30.420238494873047,-4.423782229423522,1.5000000237487257,-4.423782229423522,1.5000000237487257,C,8267005831152
1651867123999,130236000000,,,-1335902211763620602,0.0,4.7714801995226725,308.0,1.0,7,15,0.0,85026,503941918301249,16,42.95492935180664,-314.5695538352352,0.15,25,-40110.51447506829,0.0010926923714578152,1.57542003E9,,,,0,,6,,38.85493087768555,-4.423782229423522,1.5000000237487257,-4.423782229423522,1.5000000237487257,C,8267005831152
1651867123999,130236000000,,,-1335902211763620602,0.0,4.7714801995226725,308.0,1.0,7,27,0.0,85026,503941913477066,15,41.213260650634766,-346.6289439037646,0.15,25,-43608.41940792941,0.001266784267500043,1.57542003E9,,,,0,,6,,37.11326217651367,-4.423782229423522,1.5000000237487257,-4.423782229423522,1.5000000237487257,C,8267005831152
1651867123999,130236000000,,,-1335902211763620602,0.0,4.7714801995226725,308.0,1.0,7,30,0.0,85026,503941921549534,23,35.86800003051758,67.02078628168536,0.5210780573121705,25,9530.656056836227,0.0023440432269126177,1.57542003E9,,,,1,,6,,31.768001556396484,-4.423782229423522,1.5000000237487257,-4.423782229423522,1.5000000237487257,C,8267005831152
1651867123999,130236000000,,,-1335902211763620602,0.0,4.7714801995226725,308.0,1.0,7,2,0.0,84003,503941914884495,7,35.5792236328125,482.18104241961214,0.5312464783349935,25,63600.82173268695,0.0030244833324104548,1.17645005E9,,,,0,,6,,31.579221725463867,-2.7614412829279895,2.2636238217362354,-2.7614412829279895,1.5000000237487257,Q,8267005831152
1651867123999,130236000000,,,-1335902211763620602,0.0,4.7714801995226725,308.0,1.0,7,15,0.0,84003,503941918301777,7,38.41013717651367,-314.54099273666907,0.15,25,-39883.78285142245,0.0023156965617090464,1.17645005E9,,,,0,,6,,34.41013717651367,-9.780214168131348,2.2636238217362354,-9.780214168131348,1.5000000237487257,Q,8267005831152
1651867123999,130236000000,,,-1335902211763620602,0.0,4.7714801995226725,308.0,1.0,7,27,0.0,84003,503941913477591,7,35.06352996826172,-346.598201527981,0.5541834057528128,25,-43974.7106525029,0.003209488233551383,1.17645005E9,,,,0,,6,,31.06352996826172,-6.6402368247508985,2.2636238217362354,-6.6402368247508985,1.5000000237487257,Q,8267005831152
1651867123999,130236000000,,,-1335902211763620602,0.0,4.7714801995226725,308.0,1.0,7,30,0.0,84003,503941921550063,7,35.9307861328125,67.0978509761905,0.516635921672616,25,9685.230125256228,0.0029045112896710634,1.17645005E9,,,,0,,6,,31.9307861328125,-6.27082772552967,2.2636238217362354,-6.27082772552967,1.5000000237487257,Q,8267005831152
1651867124999,131236000000,,,-1335902211763620297,0.0,4.883975165886845,306.0,1.0,7,2,0.0,16431,503942930291240,27,34.194007873535156,-38.195501814140755,0.5972086462095829,25,-4604.691261961893,0.0026797177270054817,1.57542003E9,,,,0,,1,,30.09400749206543,0.0,1.0,0.0,1.0,C,8267994389462
1651867124999,131236000000,,,-1335902211763620297,0.0,4.883975165886845,306.0,1.0,7,6,0.0,16431,503942928954600,18,38.85179901123047,441.17879066651903,0.15,25,58160.35624810001,0.0016625536372885108,1.57542003E9,,,,0,,1,,34.751800537109375,0.320142130558394,1.0,0.320142130558394,1.0,C,8267994389462
1651867124999,131236000000,,,-1335902211763620297,0.0,4.883975165886845,306.0,1.0,7,12,0.0,16431,503942930871266,12,43.93552780151367,-188.80750462573883,0.15,25,-24005.487486044152,9.259535581804812E-4,1.57542003E9,,,,0,,1,,39.83552932739258,-0.6984919076624261,1.0,-0.6984919076624261,1.0,C,8267994389462
1651867124999,131236000000,,,-1335902211763620297,0.0,4.883975165886845,306.0,1.0,7,17,0.0,16431,503942917271187,32,32.21862030029297,580.3688846740679,0.6872951689618625,17,77443.22432885657,0.09851085549508011,1.57542003E9,,,,0,,1,,28.118619918823242,-0.7858034271858065,1.0,-0.7858034271858065,1.0,C,8267994389462
1651867124999,131236000000,,,-1335902211763620297,0.0,4.883975165886845,306.0,1.0,7,19,0.0,16431,503942923923383,20,37.993858337402344,604.0032278199847,0.15,25,80334.07534452814,0.0018351550679653883,1.57542003E9,,,,0,,1,,33.89385986328125,0.0,1.0,0.0,1.0,C,8267994389462
1651867124999,131236000000,,,-1335902211763620297,0.0,4.883975165886845,306.0,1.0,7,20,0.0,16431,503942920226386,39,29.591306686401367,-484.89175651669734,0.8059740103429704,25,-62272.504818119276,0.004552228841930628,1.57542003E9,,,,0,,1,,25.49130630493164,0.0,1.0,0.0,1.0,C,8267994389462
1651867124999,131236000000,,,-1335902211763620297,0.0,4.883975165886845,306.0,1.0,7,24,0.0,16431,503942927186425,11,47.12958908081055,496.9224205973146,0.15,25,65694.72020531967,6.757171940989792E-4,1.57542003E9,,,,0,,1,,43.02959060668945,-0.20372681261465636,1.0,-0.20372681261465636,1.0,C,8267994389462
1651867124999,131236000000,,,-1335902211763620297,0.0,4.883975165886845,306.0,1.0,7,25,0.0,16431,503942922105551,19,38.216575622558594,-510.19259545675345,0.15,25,-65683.07769835339,0.0017886970890685916,1.57542003E9,,,,0,,1,,34.1165771484375,-2.0372682255564105,1.0,-2.0372682255564105,1.0,C,8267994389462
1651867124999,131236000000,,,-1335902211763620297,0.0,4.883975165886845,306.0,1.0,7,6,0.0,81921,503942928955131,7,37.59706497192383,441.123440757126,0.15,25,59627.5915808453,0.0025429357774555683,1.17645005E9,,,,0,,1,,33.59706497192383,1.9208527336454408,1.759954332009364,1.9208527336454408,1.0,Q,8267994389462
1651867124999,131236000000,,,-1335902211763620297,0.0,4.883975165886845,306.0,1.0,7,24,0.0,81921,503942927186955,7,42.303321838378906,496.94665322390233,0.15,25,67215.93857238867,0.0014791848370805383,1.17645005E9,,,,0,,1,,38.303321838378906,3.143213708743226,1.759954332009364,3.143213708743226,1.0,Q,8267994389462
1651867124999,131236000000,,,-1335902211763620297,0.0,4.883975165886845,306.0,1.0,7,25,0.0,81921,503942922106080,8,36.78908157348633,-510.2153625377107,0.15,25,-67223.86677732268,0.002631226321682334,1.17645005E9,,,,0,,1,,32.78908157348633,1.0186341127782053,1.759954332009364,1.0186341127782053,1.0,Q,8267994389462
1651867124999,131236000000,,,-1335902211763620297,0.0,4.883975165886845,306.0,1.0,7,18,0.0,32995,82724935391043,33,40.459468841552734,170.23878586912258,0.15,17,22570.100695875444,0.09502698944304623,1.60031245E9,,,,0,,3,,36.35947036743164,48.42877388000488,2.0000000474974513,48.42877388000488,2.0000000474974513,C,8267994389462
1651867124999,131236000000,,,-1335902211763620297,0.0,4.883975165886845,306.0,1.0,7,9,0.0,32995,82724922282064,33,43.172725677490234,-671.7010067165038,0.15,25,-86358.09214586923,9.948743972927332E-4,1.60087501E9,,,,0,,3,,39.07272720336914,48.42877388000488,2.0000000474974513,48.42877388000488,2.0000000474974513,C,8267994389462
1651867124999,131236000000,,,-1335902211763620297,0.0,4.883975165886845,306.0,1.0,7,15,0.0,32995,82724932260983,49,35.55244064331055,580.1311254573648,0.5364757389885206,17,74576.87577874177,0.0958219094868043,1.602E9,,,,0,,3,,31.452442169189453,48.42877388000488,2.0000000474974513,48.42877388000488,2.0000000474974513,C,8267994389462
1651867124999,131236000000,,,-1335902211763620297,0.0,4.883975165886845,306.0,1.0,7,19,0.0,32995,82724929313365,36,39.14481735229492,-411.8497802724885,0.15,25,-53778.160921129136,0.0015790702309459448,1.60368755E9,,,,0,,3,,35.04481887817383,48.42877388000488,2.0000000474974513,48.42877388000488,2.0000000474974513,C,8267994389462
1651867124999,131236000000,,,-1335902211763620297,0.0,4.883975165886845,306.0,1.0,7,17,0.0,32995,82724928942673,33,48.2449951171875,710.6847249820335,0.15,25,94640.20721495915,5.836047930642962E-4,1.60424998E9,,,,0,,3,,44.144996643066406,48.42877388000488,2.0000000474974513,48.42877388000488,2.0000000474974513,C,8267994389462
1651867124999,131236000000,,,-1335902211763620297,0.0,4.883975165886845,306.0,1.0,7,2,0.0,85026,503942914882359,24,35.7269401550293,481.5013019067212,0.5269416044637008,25,63468.26223129421,0.0023824216332286596,1.57542003E9,,,,0,,6,,31.626941680908203,-4.423782229423522,1.5000000237487257,-4.423782229423522,1.5000000237487257,C,8267994389462
1651867124999,131236000000,,,-1335902211763620297,0.0,4.883975165886845,306.0,1.0,7,15,0.0,85026,503942918302302,15,43.40967559814453,-315.0520591722286,0.15,25,-40425.34609560001,0.001036956557072699,1.57542003E9,,,,0,,6,,39.30967712402344,-4.423782229423522,1.5000000237487257,-4.423782229423522,1.5000000237487257,C,8267994389462
1651867124999,131236000000,,,-1335902211763620297,0.0,4.883975165886845,306.0,1.0,7,27,0.0,85026,503942913478231,15,41.40391159057617,-347.16226618343353,0.15,25,-43955.31807786572,0.0012392818462103605,1.57542003E9,,,,0,,6,,37.30391311645508,-4.423782229423522,1.5000000237487257,-4.423782229423522,1.5000000237487257,C,8267994389462
1651867124999,131236000000,,,-1335902211763620297,0.0,4.883975165886845,306.0,1.0,7,30,0.0,85026,503942921549305,25,34.8543701171875,66.55654914138816,0.5666598481282898,25,9597.443781418968,0.0026341904886066914,1.57542003E9,,,,1,,6,,30.754371643066406,-4.423782229423522,1.5000000237487257,-4.423782229423522,1.5000000237487257,C,8267994389462
1651867124999,131236000000,,,-1335902211763620297,0.0,4.883975165886845,306.0,1.0,7,2,0.0,84003,503942914882889,8,34.32297897338867,481.54751771776614,0.587737983603307,25,64082.58735922322,0.003495130455121398,1.17645005E9,,,,0,,6,,30.322978973388672,-2.7614412829279895,2.2599543557580897,-2.7614412829279895,1.5000000237487257,Q,8267994389462
1651867124999,131236000000,,,-1335902211763620297,0.0,4.883975165886845,306.0,1.0,7,15,0.0,84003,503942918302827,7,38.13956832885742,-315.0895157919472,0.15,25,-40198.6181657974,0.002388966968283057,1.17645005E9,,,,0,,6,,34.13956832885742,-9.780214168131348,2.2599543557580897,-9.780214168131348,1.5000000237487257,Q,8267994389462
1651867124999,131236000000,,,-1335902211763620297,0.0,4.883975165886845,306.0,1.0,7,27,0.0,84003,503942913478748,7,35.36894226074219,-347.18199992576024,0.5404494738364292,25,-44321.614361905034,0.0030985968187451363,1.17645005E9,,,,0,,6,,31.36894416809082,-6.6402368247508985,2.2599543557580897,-6.6402368247508985,1.5000000237487257,Q,8267994389462
1651867124999,131236000000,,,-1335902211763620297,0.0,4.883975165886845,306.0,1.0,7,30,0.0,84003,503942921549841,7,35.3762092590332,66.5659132963178,0.5415745277381714,25,9752.013546487344,0.003096006577834487,1.17645005E9,,,,0,,6,,31.376209259033203,-6.27082772552967,2.2599543557580897,-6.27082772552967,1.5000000237487257,Q,8267994389462
1651867125999,132236000000,,,-1335902211763619994,0.0,4.838878485245055,304.0,1.0,7,2,0.0,16431,503943930291370,26,34.613895416259766,-38.6698529234111,0.5783266324594565,25,-4643.188845729988,0.002553257392719388,1.57542003E9,,,,0,,1,,30.513896942138672,0.0,1.0,0.0,1.0,C,8268995614886
1651867125999,132236000000,,,-1335902211763619994,0.0,4.838878485245055,304.0,1.0,7,6,0.0,16431,503943928953142,18,39.2205924987793,440.8018727798333,0.15,25,58601.31241224555,0.001593441003933549,1.57542003E9,,,,0,,1,,35.1205940246582,0.320142130558394,1.0,0.320142130558394,1.0,C,8268995614886
1651867125999,132236000000,,,-1335902211763619994,0.0,4.838878485245055,304.0,1.0,7,12,0.0,16431,503943930871895,12,43.87338638305664,-189.23820462881758,0.15,25,-24194.54957305734,9.326019790023565E-4,1.57542003E9,,,,0,,1,,39.77338790893555,-0.6984919076624261,1.0,-0.6984919076624261,1.0,C,8268995614886
1651867125999,132236000000,,,-1335902211763619994,0.0,4.838878485245055,304.0,1.0,7,17,0.0,16431,503943917269251,26,34.56880569458008,579.7569682496573,0.5816095318897991,17,78023.24881601908,0.0977133832993803,1.57542003E9,,,,0,,1,,30.46880531311035,-0.7858034271858065,1.0,-0.7858034271858065,1.0,C,8268995614886
1651867125999,132236000000,,,-1335902211763619994,0.0,4.838878485245055,304.0,1.0,7,19,0.0,16431,503943923921388,21,37.36037826538086,603.4495242313151,0.15,25,80937.72857165443,0.0019739982672035694,1.57542003E9,,,,0,,1,,33.260379791259766,0.0,1.0,0.0,1.0,C,8268995614886
1651867125999,132236000000,,,-1335902211763619994,0.0,4.838878485245055,304.0,1.0,7,20,0.0,16431,503943920227981,38,30.019460678100586,-485.367888434321,0.7867206176378816,25,-62757.637654229315,0.004333276301622391,1.57542003E9,,,,0,,1,,25.91946029663086,0.0,1.0,0.0,1.0,C,8268995614886
1651867125999,132236000000,,,-1335902211763619994,0.0,4.838878485245055,304.0,1.0,7,24,0.0,16431,503943927184767,11,47.23484420776367,496.5433555158679,0.15,25,66191.41414409185,6.675781332887709E-4,1.57542003E9,,,,0,,1,,43.13484573364258,-0.20372681261465636,1.0,-0.20372681261465636,1.0,C,8268995614886
1651867125999,132236000000,,,-1335902211763619994,0.0,4.838878485245055,304.0,1.0,7,25,0.0,16431,503943922107262,20,37.9798698425293,-510.6992993378781,0.15,25,-66193.5635786807,0.0018381128320470452,1.57542003E9,,,,0,,1,,33.8798713684082,-2.0372682255564105,1.0,-2.0372682255564105,1.0,C,8268995614886
1651867125999,132236000000,,,-1335902211763619994,0.0,4.838878485245055,304.0,1.0,7,6,0.0,81921,503943928953660,7,38.03961944580078,440.79185253761557,0.15,25,60068.54101880608,0.002416615840047598,1.17645005E9,,,,0,,1,,34.03961944580078,1.9208527336454408,1.7563401379061612,1.9208527336454408,1.0,Q,8268995614886
1651867125999,132236000000,,,-1335902211763619994,0.0,4.838878485245055,304.0,1.0,7,24,0.0,81921,503943927185298,8,42.079437255859375,496.5472409159115,0.15,25,67712.63044191313,0.0015178074827417731,1.17645005E9,,,,0,,1,,38.079437255859375,3.143213708743226,1.7563401379061612,3.143213708743226,1.0,Q,8268995614886
1651867125999,132236000000,,,-1335902211763619994,0.0,4.838878485245055,304.0,1.0,7,25,0.0,81921,503943922107784,7,36.80582046508789,-510.6857686026385,0.15,25,-67734.34633781861,0.002626161091029644,1.17645005E9,,,,0,,1,,32.80582046508789,1.0186341127782053,1.7563401379061612,1.0186341127782053,1.0,Q,8268995614886
1651867125999,132236000000,,,-1335902211763619994,0.0,4.838878485245055,304.0,1.0,7,18,0.0,32995,82725935390487,33,40.185455322265625,169.8525634718061,0.15,17,22740.090458862604,0.09507058150955029,1.60031245E9,,,,0,,3,,36.08545684814453,48.42877388000488,2.0000000474974513,48.42877388000488,2.0000000474974513,C,8268995614886
1651867125999,132236000000,,,-1335902211763619994,0.0,4.838878485245055,304.0,1.0,7,9,0.0,32995,82725922284308,33,42.597694396972656,-672.1919985851714,0.15,25,-87030.0818899991,0.0010629671160131693,1.60087501E9,,,,0,,3,,38.49769592285156,48.42877388000488,2.0000000474974513,48.42877388000488,2.0000000474974513,C,8268995614886
1651867125999,132236000000,,,-1335902211763619994,0.0,4.838878485245055,304.0,1.0,7,15,0.0,32995,82725932259089,47,35.968196868896484,579.7471525021788,0.5177793481485775,17,75156.77360409088,0.09571657434247821,1.602E9,,,,0,,3,,31.86819839477539,48.42877388000488,2.0000000474974513,48.42877388000488,2.0000000474974513,C,8268995614886
1651867125999,132236000000,,,-1335902211763619994,0.0,4.838878485245055,304.0,1.0,7,19,0.0,32995,82725929314736,35,39.59036636352539,-412.18024377093366,0.15,25,-54190.212533635975,0.0015001128194853663,1.60368755E9,,,,0,,3,,35.4903678894043,48.42877388000488,2.0000000474974513,48.42877388000488,2.0000000474974513,C,8268995614886
1651867125999,132236000000,,,-1335902211763619994,0.0,4.838878485245055,304.0,1.0,7,17,0.0,32995,82725928940293,33,47.83529281616211,710.2147279065839,0.15,25,95350.61993444033,6.117923767305911E-4,1.60424998E9,,,,0,,3,,43.735294342041016,48.42877388000488,2.0000000474974513,48.42877388000488,2.0000000474974513,C,8268995614886
1651867125999,132236000000,,,-1335902211763619994,0.0,4.838878485245055,304.0,1.0,7,2,0.0,85026,503943914880750,24,35.732879638671875,481.11228474796985,0.5266742036280521,25,63949.54961641718,0.0023807932157069445,1.57542003E9,,,,0,,6,,31.63288116455078,-4.423782229423522,1.5000000237487257,-4.423782229423522,1.5000000237487257,C,8268995614886
1651867125999,132236000000,,,-1335902211763619994,0.0,4.838878485245055,304.0,1.0,7,15,0.0,85026,503943918303357,15,43.476593017578125,-315.47856703315506,0.15,25,-40740.6708583764,0.0010289984056726098,1.57542003E9,,,,0,,6,,39.37659454345703,-4.423782229423522,1.5000000237487257,-4.423782229423522,1.5000000237487257,C,8268995614886
1651867125999,132236000000,,,-1335902211763619994,0.0,4.838878485245055,304.0,1.0,7,27,0.0,85026,503943913479381,15,41.324798583984375,-347.6352965975136,0.15,25,-44302.75969432458,0.0012506208149716258,1.57542003E9,,,,0,,6,,37.22480010986328,-4.423782229423522,1.5000000237487257,-4.423782229423522,1.5000000237487257,C,8268995614886
1651867125999,132236000000,,,-1335902211763619994,0.0,4.838878485245055,304.0,1.0,7,30,0.0,85026,503943921549084,25,35.0859489440918,66.11170065854537,0.556245926910826,25,9663.74410105054,0.002564886352047324,1.57542003E9,,,,1,,6,,30.985950469970703,-4.423782229423522,1.5000000237487257,-4.423782229423522,1.5000000237487257,C,8268995614886
1651867125999,132236000000,,,-1335902211763619994,0.0,4.838878485245055,304.0,1.0,7,2,0.0,84003,503943914881283,7,33.76142883300781,481.1255087411007,0.6129900217910063,25,64563.879216791596,0.0037285578437149525,1.17645005E9,,,,0,,6,,29.761428833007812,-2.7614412829279895,2.2563401616548866,-2.7614412829279895,1.5000000237487257,Q,8268995614886
1651867125999,132236000000,,,-1335902211763619994,0.0,4.838878485245055,304.0,1.0,7,15,0.0,84003,503943918303880,7,38.49562072753906,-315.5873923168324,0.15,25,-40513.94735838332,0.0022930181585252285,1.17645005E9,,,,0,,6,,34.49562072753906,-9.780214168131348,2.2563401616548866,-9.780214168131348,1.5000000237487257,Q,8268995614886
1651867125999,132236000000,,,-1335902211763619994,0.0,4.838878485245055,304.0,1.0,7,27,0.0,84003,503943913479907,8,35.18468475341797,-347.6627329750145,0.5487357045112395,25,-44669.056514272466,0.003165032248944044,1.17645005E9,,,,0,,6,,31.184682846069336,-6.6402368247508985,2.2563401616548866,-6.6402368247508985,1.5000000237487257,Q,8268995614886
1651867125999,132236000000,,,-1335902211763619994,0.0,4.838878485245055,304.0,1.0,7,30,0.0,84003,503943921549620,6,35.38361358642578,66.14120328497293,0.5412414915467971,25,9818.319197635232,0.0030933679081499577,1.17645005E9,,,,0,,6,,31.383615493774414,-6.27082772552967,2.2563401616548866,-6.27082772552967,1.5000000237487257,Q,8268995614886
1651867126999,133236000000,,,-1335902211763619692,0.0,4.742811990199497,303.0,1.0,7,2,0.0,16431,503944930291492,26,34.74880599975586,-39.02976366429198,0.5722599551983962,25,-4682.057463928908,0.0025139066856354475,1.57542003E9,,,,0,,1,,30.648805618286133,0.0,1.0,0.0,1.0,C,8269991596860
1651867126999,133236000000,,,-1335902211763619692,0.0,4.742811990199497,303.0,1.0,7,6,0.0,16431,503944928951665,17,40.02157974243164,440.38753235588547,0.15,25,59041.87194102602,0.0014530704356729984,1.57542003E9,,,,0,,1,,35.92158126831055,0.320142130558394,1.0,0.320142130558394,1.0,C,8269991596860
1651867126999,133236000000,,,-1335902211763619692,0.0,4.742811990199497,303.0,1.0,7,12,0.0,16431,503944930872529,12,44.2750358581543,-189.65893551336342,0.15,25,-24384.011602253206,8.904588175937533E-4,1.57542003E9,,,,0,,1,,40.1750373840332,-0.6984919076624261,1.0,-0.6984919076624261,1.0,C,8269991596860
1651867126999,133236000000,,,-1335902211763619692,0.0,4.742811990199497,303.0,1.0,7,17,0.0,16431,503944917267316,25,34.98857879638672,579.2460040614674,0.562732444119717,17,78602.7795657708,0.09759229623068845,1.57542003E9,,,,0,,1,,30.888578414916992,-0.7858034271858065,1.0,-0.7858034271858065,1.0,C,8269991596860
1651867126999,133236000000,,,-1335902211763619692,0.0,4.742811990199497,303.0,1.0,7,19,0.0,16431,503944923919370,20,37.81718444824219,602.9859346576918,0.15,25,81540.92522219087,0.0018728646682575345,1.57542003E9,,,,0,,1,,33.717185974121094,0.0,1.0,0.0,1.0,C,8269991596860
1651867126999,133236000000,,,-1335902211763619692,0.0,4.742811990199497,303.0,1.0,7,20,0.0,16431,503944920229586,36,30.696910858154297,-485.79320340926915,0.7562566928614061,25,-63243.212937879405,0.004008149262517691,1.57542003E9,,,,0,,1,,26.59691047668457,0.0,1.0,0.0,1.0,C,8269991596860
1651867126999,133236000000,,,-1335902211763619692,0.0,4.742811990199497,303.0,1.0,7,24,0.0,16431,503944927183117,12,46.86207580566406,496.1113603794413,0.15,25,66687.71064356784,6.96851871907711E-4,1.57542003E9,,,,0,,1,,42.76207733154297,-0.20372681261465636,1.0,-0.20372681261465636,1.0,C,8269991596860
1651867126999,133236000000,,,-1335902211763619692,0.0,4.742811990199497,303.0,1.0,7,25,0.0,16431,503944922108965,21,37.41801452636719,-511.15228926752275,0.15,25,-66704.5109850181,0.0019609425216913223,1.57542003E9,,,,0,,1,,33.318016052246094,-2.0372682255564105,1.0,-2.0372682255564105,1.0,C,8269991596860
1651867126999,133236000000,,,-1335902211763619692,0.0,4.742811990199497,303.0,1.0,7,6,0.0,81921,503944928952191,7,37.54465103149414,440.3234573376226,0.15,25,60509.1008761179,0.0025583270471543074,1.17645005E9,,,,0,,1,,33.54465103149414,1.9208527336454408,1.7524783635789538,1.9208527336454408,1.0,Q,8269991596860
1651867126999,133236000000,,,-1335902211763619692,0.0,4.742811990199497,303.0,1.0,7,24,0.0,81921,503944927183641,7,42.1767578125,496.173663109965,0.15,25,68208.93229385215,0.001500896061770618,1.17645005E9,,,,0,,1,,38.1767578125,3.143213708743226,1.7524783635789538,3.143213708743226,1.0,Q,8269991596860
1651867126999,133236000000,,,-1335902211763619692,0.0,4.742811990199497,303.0,1.0,7,25,0.0,81921,503944922109488,7,36.80249786376953,-511.18231591171934,0.15,25,-68245.29525019642,0.002627165289595723,1.17645005E9,,,,0,,1,,32.80249786376953,1.0186341127782053,1.7524783635789538,1.0186341127782053,1.0,Q,8269991596860
1651867126999,133236000000,,,-1335902211763619692,0.0,4.742811990199497,303.0,1.0,7,18,0.0,32995,82726935389893,35,39.68488693237305,169.51702168733902,0.15,17,22909.728347316475,0.09515385548472889,1.60031245E9,,,,0,,3,,35.58488845825195,48.42877388000488,2.0000000474974513,48.42877388000488,2.0000000474974513,C,8269991596860
1651867126999,133236000000,,,-1335902211763619692,0.0,4.742811990199497,303.0,1.0,7,9,0.0,32995,82726922286564,33,41.7122688293457,-672.6640406080123,0.15,25,-87702.53170728836,0.001177039579488337,1.60087501E9,,,,0,,3,,37.61227035522461,48.42877388000488,2.0000000474974513,48.42877388000488,2.0000000474974513,C,8269991596860
1651867126999,133236000000,,,-1335902211763619692,0.0,4.742811990199497,303.0,1.0,7,15,0.0,32995,82726932257149,48,35.58855056762695,579.3463428134705,0.5348513637852597,17,75736.30154144063,0.09581255993947774,1.602E9,,,,0,,3,,31.488550186157227,48.42877388000488,2.0000000474974513,48.42877388000488,2.0000000474974513,C,8269991596860
1651867126999,133236000000,,,-1335902211763619692,0.0,4.742811990199497,303.0,1.0,7,19,0.0,32995,82726929316137,35,39.42802047729492,-412.6077741055558,0.15,25,-54602.65107927317,0.0015284147812053561,1.60368755E9,,,,0,,3,,35.32802200317383,48.42877388000488,2.0000000474974513,48.42877388000488,2.0000000474974513,C,8269991596860
1651867126999,133236000000,,,-1335902211763619692,0.0,4.742811990199497,303.0,1.0,7,17,0.0,32995,82726928937924,33,47.56270217895508,709.7821533683964,0.15,25,96060.59430790812,6.312966579571366E-4,1.60424998E9,,,,0,,3,,43.462703704833984,48.42877388000488,2.0000000474974513,48.42877388000488,2.0000000474974513,C,8269991596860
1651867126999,133236000000,,,-1335902211763619692,0.0,4.742811990199497,303.0,1.0,7,2,0.0,85026,503944914879146,25,35.02362060546875,480.63325582154175,0.5585685930690172,25,64430.38742806356,0.0025833589024841785,1.57542003E9,,,,0,,6,,30.923620223999023,-4.423782229423522,1.5000000237487257,-4.423782229423522,1.5000000237487257,C,8269991596860
1651867126999,133236000000,,,-1335902211763619692,0.0,4.742811990199497,303.0,1.0,7,15,0.0,85026,503944918304404,15,43.590335845947266,-315.90050784490745,0.15,25,-41056.41647064117,0.001015611574985087,1.57542003E9,,,,0,,6,,39.49033737182617,-4.423782229423522,1.5000000237487257,-4.423782229423522,1.5000000237487257,C,8269991596860
1651867126999,133236000000,,,-1335902211763619692,0.0,4.742811990199497,303.0,1.0,7,27,0.0,85026,503944913480548,15,41.47492599487305,-348.0992269957021,0.15,25,-44650.6681396956,0.0012291907332837582,1.57542003E9,,,,0,,6,,37.37492752075195,-4.423782229423522,1.5000000237487257,-4.423782229423522,1.5000000237487257,C,8269991596860
1651867126999,133236000000,,,-1335902211763619692,0.0,4.742811990199497,303.0,1.0,7,30,0.0,85026,503944921548875,26,34.64651107788086,65.75158542292536,0.5760068952623727,25,9729.616769322289,0.002697988413274288,1.57542003E9,,,,1,,6,,30.546512603759766,-4.423782229423522,1.5000000237487257,-4.423782229423522,1.5000000237487257,C,8269991596860
1651867126999,133236000000,,,-1335902211763619692,0.0,4.742811990199497,303.0,1.0,7,2,0.0,84003,503944914879679,6,34.082698822021484,480.58455199117066,0.5985424551575274,25,65044.704920477205,0.0035931672900915146,1.17645005E9,,,,0,,6,,30.082698822021484,-2.7614412829279895,2.2524783873276792,-2.7614412829279895,1.5000000237487257,Q,8269991596860
1651867126999,133236000000,,,-1335902211763619692,0.0,4.742811990199497,303.0,1.0,7,15,0.0,84003,503944918304935,7,38.0972900390625,-315.992462312606,0.15,25,-40829.69309213064,0.002400623634457588,1.17645005E9,,,,0,,6,,34.0972900390625,-9.780214168131348,2.2524783873276792,-9.780214168131348,1.5000000237487257,Q,8269991596860
1651867126999,133236000000,,,-1335902211763619692,0.0,4.742811990199497,303.0,1.0,7,27,0.0,84003,503944913481068,8,34.82228088378906,-348.0898202377018,0.5650326770985172,25,-45016.96357676778,0.0032998803071677685,1.17645005E9,,,,0,,6,,30.822282791137695,-6.6402368247508985,2.2524783873276792,-6.6402368247508985,1.5000000237487257,Q,8269991596860
1651867126999,133236000000,,,-1335902211763619692,0.0,4.742811990199497,303.0,1.0,7,30,0.0,84003,503944921549398,8,35.807533264160156,65.64276013924803,0.5221784480300422,25,9884.185195798009,0.0029460201039910316,1.17645005E9,,,,0,,6,,31.807531356811523,-6.27082772552967,2.2524783873276792,-6.27082772552967,1.5000000237487257,Q,8269991596860
1651867127999,134236000000,,,-1335902211763619392,0.0,4.883039122767301,301.0,1.0,7,2,0.0,16431,503945930291617,25,34.85717010498047,-39.34319019478281,0.567387029290507,25,-4721.300184881116,0.002482738345861435,1.57542003E9,,,,0,,1,,30.757169723510742,0.0,1.0,0.0,1.0,C,8270978359393
1651867127999,134236000000,,,-1335902211763619392,0.0,4.883039122767301,301.0,1.0,7,6,0.0,16431,503945928950197,18,39.17525100708008,440.05717110480987,0.15,25,59482.05304701084,0.0016017811140045524,1.57542003E9,,,,0,,1,,35.075252532958984,0.320142130558394,1.0,0.320142130558394,1.0,C,8270978359393
1651867127999,134236000000,,,-1335902211763619392,0.0,4.883039122767301,301.0,1.0,7,12,0.0,16431,503945930873157,11,44.44813537597656,-190.00231626283073,0.15,25,-24573.890060932696,8.728885441087186E-4,1.57542003E9,,,,0,,1,,40.34813690185547,-0.6984919076624261,1.0,-0.6984919076624261,1.0,C,8270978359393
1651867127999,134236000000,,,-1335902211763619392,0.0,4.883039122767301,301.0,1.0,7,17,0.0,16431,503945917265389,27,33.944496154785156,578.8938641206737,0.6096833578353147,17,79181.80736262884,0.09790464831803715,1.57542003E9,,,,0,,1,,29.84449577331543,-0.7858034271858065,1.0,-0.7858034271858065,1.0,C,8270978359393
1651867127999,134236000000,,,-1335902211763619392,0.0,4.883039122767301,301.0,1.0,7,19,0.0,16431,503945923917366,20,37.98479080200195,602.5866927619836,0.15,25,82143.6564924189,0.0018370716134086251,1.57542003E9,,,,0,,1,,33.88479232788086,0.0,1.0,0.0,1.0,C,8270978359393
1651867127999,134236000000,,,-1335902211763619392,0.0,4.883039122767301,301.0,1.0,7,20,0.0,16431,503945920231219,40,29.352170944213867,-486.1959217155427,0.8167284898564708,25,-63729.27521457937,0.004679300356656313,1.57542003E9,,,,0,,1,,25.25217056274414,0.0,1.0,0.0,1.0,C,8270978359393
1651867127999,134236000000,,,-1335902211763619392,0.0,4.883039122767301,301.0,1.0,7,24,0.0,16431,503945927181457,11,47.44625473022461,495.7717287001915,0.15,25,67183.61772531865,6.515257409773767E-4,1.57542003E9,,,,0,,1,,43.346256256103516,-0.20372681261465636,1.0,-0.20372681261465636,1.0,C,8270978359393
1651867127999,134236000000,,,-1335902211763619392,0.0,4.883039122767301,301.0,1.0,7,25,0.0,16431,503945922110669,19,38.54115295410156,-511.55977911770947,0.15,25,-67215.9145896626,0.001723090186715126,1.57542003E9,,,,0,,1,,34.44115447998047,-2.0372682255564105,1.0,-2.0372682255564105,1.0,C,8270978359393
1651867127999,134236000000,,,-1335902211763619392,0.0,4.883039122767301,301.0,1.0,7,6,0.0,81921,503945928950724,7,38.13202667236328,440.0336201273526,0.15,25,60949.29053833002,0.0023910419549793005,1.17645005E9,,,,0,,1,,34.13202667236328,1.9208527336454408,1.748594818495249,1.9208527336454408,1.0,Q,8270978359393
1651867127999,134236000000,,,-1335902211763619392,0.0,4.883039122767301,301.0,1.0,7,24,0.0,81921,503945927181988,7,42.011863708496094,495.7859410845615,0.15,25,68704.8353334325,0.0015296617057174444,1.17645005E9,,,,0,,1,,38.011863708496094,3.143213708743226,1.748594818495249,3.143213708743226,1.0,Q,8270978359393
1651867127999,134236000000,,,-1335902211763619392,0.0,4.883039122767301,301.0,1.0,7,25,0.0,81921,503945922111193,7,37.54586410522461,-511.5729690283838,0.15,25,-68756.7044124481,0.002557969419285655,1.17645005E9,,,,0,,1,,33.54586410522461,1.0186341127782053,1.748594818495249,1.0186341127782053,1.0,Q,8270978359393
1651867127999,134236000000,,,-1335902211763619392,0.0,4.883039122767301,301.0,1.0,7,18,0.0,32995,82727935389328,34,40.03365707397461,169.17715143089356,0.15,17,23078.994704908466,0.0950953293114949,1.60031245E9,,,,0,,3,,35.933658599853516,48.42877388000488,2.0000000474974513,48.42877388000488,2.0000000474974513,C,8270978359393
1651867127999,134236000000,,,-1335902211763619392,0.0,4.883039122767301,301.0,1.0,7,9,0.0,32995,82727922288831,33,42.64268493652344,-673.040106433285,0.15,25,-88375.43605789314,0.001057475688867271,1.60087501E9,,,,0,,3,,38.542686462402344,48.42877388000488,2.0000000474974513,48.42877388000488,2.0000000474974513,C,8270978359393
1651867127999,134236000000,,,-1335902211763619392,0.0,4.883039122767301,301.0,1.0,7,15,0.0,32995,82727932255234,44,36.89436721801758,579.0912015439408,0.15,17,76315.48005968178,0.09561642433658629,1.602E9,,,,0,,3,,32.794368743896484,48.42877388000488,2.0000000474974513,48.42877388000488,2.0000000474974513,C,8270978359393
1651867127999,134236000000,,,-1335902211763619392,0.0,4.883039122767301,301.0,1.0,7,19,0.0,32995,82727929317485,34,39.9544563293457,-412.9593346445886,0.15,25,-55015.469659064736,0.0014385314425453544,1.60368755E9,,,,0,,3,,35.85445785522461,48.42877388000488,2.0000000474974513,48.42877388000488,2.0000000474974513,C,8270978359393
1651867127999,134236000000,,,-1335902211763619392,0.0,4.883039122767301,301.0,1.0,7,17,0.0,32995,82727928935550,33,48.364341735839844,709.3877511815144,0.15,25,96770.12617985133,5.756407044827938E-4,1.60424998E9,,,,0,,3,,44.26434326171875,48.42877388000488,2.0000000474974513,48.42877388000488,2.0000000474974513,C,8270978359393
1651867127999,134236000000,,,-1335902211763619392,0.0,4.883039122767301,301.0,1.0,7,2,0.0,85026,503945914877550,22,36.44492721557617,480.22522065205067,0.15,25,64910.781744310785,0.0021934073884040117,1.57542003E9,,,,0,,6,,32.34492874145508,-4.423782229423522,1.5000000237487257,-4.423782229423522,1.5000000237487257,C,8270978359393
1651867127999,134236000000,,,-1335902211763619392,0.0,4.883039122767301,301.0,1.0,7,15,0.0,85026,503945918305462,15,43.75492477416992,-316.29225160018063,0.15,25,-41372.580532016334,9.965476347133517E-4,1.57542003E9,,,,0,,6,,39.65492630004883,-4.423782229423522,1.5000000237487257,-4.423782229423522,1.5000000237487257,C,8270978359393
1651867127999,134236000000,,,-1335902211763619392,0.0,4.883039122767301,301.0,1.0,7,27,0.0,85026,503945913481705,15,41.365848541259766,-348.5162258512587,0.15,25,-44999.04567994109,0.0012447246117517352,1.57542003E9,,,,0,,6,,37.26585006713867,-4.423782229423522,1.5000000237487257,-4.423782229423522,1.5000000237487257,C,8270978359393
1651867127999,134236000000,,,-1335902211763619392,0.0,4.883039122767301,301.0,1.0,7,30,0.0,85026,503945921548649,24,35.38724899291992,65.30214432906612,0.5426967192461041,25,9795.06440658018,0.0024774400517344475,1.57542003E9,,,,0,,6,,31.287250518798828,-4.423782229423522,1.5000000237487257,-4.423782229423522,1.5000000237487257,C,8270978359393
1651867127999,134236000000,,,-1335902211763619392,0.0,4.883039122767301,301.0,1.0,7,2,0.0,84003,503945914878078,11,32.90301513671875,480.2523162049863,0.6515911996296007,25,65525.1047275483,0.0041158683598041534,1.17645005E9,,,,0,,6,,28.903017044067383,-2.7614412829279895,2.2485948422439748,-2.7614412829279895,1.5000000237487257,Q,8270978359393
1651867127999,134236000000,,,-1335902211763619392,0.0,4.883039122767301,301.0,1.0,7,15,0.0,84003,503945918305987,9,37.97909164428711,-316.37251578529185,0.15,25,-41145.85626450012,0.0024335149209946394,1.17645005E9,,,,0,,6,,33.97909164428711,-9.780214168131348,2.2485948422439748,-9.780214168131348,1.5000000237487257,Q,8270978359393
1651867127999,134236000000,,,-1335902211763619392,0.0,4.883039122767301,301.0,1.0,7,27,0.0,84003,503945913482229,6,35.16988754272461,-348.50047975634516,0.5494015106247965,25,-45365.33185863233,0.0031704287976026535,1.17645005E9,,,,0,,6,,31.16988754272461,-6.6402368247508985,2.2485948422439748,-6.6402368247508985,1.5000000237487257,Q,8270978359393
1651867127999,134236000000,,,-1335902211763619392,0.0,4.883039122767301,301.0,1.0,7,30,0.0,84003,503945921549182,6,35.742919921875,65.27859761191593,0.525083877597665,25,9949.634540830062,0.0029680165462195873,1.17645005E9,,,,0,,6,,31.742921829223633,-6.27082772552967,2.2485948422439748,-6.27082772552967,1.5000000237487257,Q,8270978359393
1651867128999,135236000000,,,-1335902211763619094,0.0,5.13271252051085,300.0,1.0,7,2,0.0,16431,503946930291745,24,35.654747009277344,-39.65674027417853,0.5315208021696234,25,-4760.848019916112,0.0022649154998362064,1.57542003E9,,,,0,,1,,31.55474853515625,0.0,1.0,0.0,1.0,C,8271980643126
1651867128999,135236000000,,,-1335902211763619094,0.0,5.13271252051085,300.0,1.0,7,6,0.0,16431,503946928948721,17,39.69086837768555,439.70465625699444,0.15,25,59921.93170683092,0.0015094620175659657,1.57542003E9,,,,0,,1,,35.59086990356445,0.320142130558394,1.0,0.320142130558394,1.0,C,8271980643126
1651867128999,135236000000,,,-1335902211763619094,0.0,5.13271252051085,300.0,1.0,7,12,0.0,16431,503946930873790,11,44.46685028076172,-190.3976386760388,0.15,25,-24764.107914497363,8.71010241098702E-4,1.57542003E9,,,,0,,1,,40.366851806640625,-0.6984919076624261,1.0,-0.6984919076624261,1.0,C,8271980643126
1651867128999,135236000000,,,-1335902211763619094,0.0,5.13271252051085,300.0,1.0,7,17,0.0,16431,503946917263452,30,32.6655158996582,578.3148031843511,0.6671973035156635,25,79760.51314429242,0.00319531443528831,1.57542003E9,,,,0,,1,,28.565515518188477,-0.7858034271858065,1.0,-0.7858034271858065,1.0,C,8271980643126
1651867128999,135236000000,,,-1335902211763619094,0.0,5.13271252051085,300.0,1.0,7,19,0.0,16431,503946923915347,20,37.958900451660156,602.1263751041865,0.15,25,82745.99573221461,0.0018425557063892484,1.57542003E9,,,,0,,1,,33.85890197753906,0.0,1.0,0.0,1.0,C,8271980643126
1651867128999,135236000000,,,-1335902211763619094,0.0,5.13271252051085,300.0,1.0,7,20,0.0,16431,503946920232857,46,27.6766414642334,-486.60157111307717,0.8920754152394013,29,-64215.73172834952,0.00567488931119442,1.57542003E9,,,,0,,1,,23.576641082763672,0.0,1.0,0.0,1.0,C,8271980643126
1651867128999,135236000000,,,-1335902211763619094,0.0,5.13271252051085,300.0,1.0,7,24,0.0,16431,503946927179813,10,48.49846649169922,495.4104205785932,0.15,25,67679.20667999545,5.771928699687123E-4,1.57542003E9,,,,0,,1,,44.398468017578125,-0.20372681261465636,1.0,-0.20372681261465636,1.0,C,8271980643126
1651867128999,135236000000,,,-1335902211763619094,0.0,5.13271252051085,300.0,1.0,7,25,0.0,16431,503946922112382,18,39.15538024902344,-512.0007379402016,0.15,25,-67727.71911905725,0.0016054492443799973,1.57542003E9,,,,0,,1,,35.055381774902344,-2.0372682255564105,1.0,-2.0372682255564105,1.0,C,8271980643126
1651867128999,135236000000,,,-1335902211763619094,0.0,5.13271252051085,300.0,1.0,7,6,0.0,81921,503946928949252,7,38.65930938720703,439.7213225782341,0.15,25,61389.17022210154,0.0022502103820443153,1.17645005E9,,,,0,,1,,34.65930938720703,1.9208527336454408,1.745075560795951,1.9208527336454408,1.0,Q,8271980643126
1651867128999,135236000000,,,-1335902211763619094,0.0,5.13271252051085,300.0,1.0,7,24,0.0,81921,503946927180334,7,41.778560638427734,495.41812321376733,0.15,25,69200.4194469673,0.0015713050961494446,1.17645005E9,,,,0,,1,,37.778560638427734,3.143213708743226,1.745075560795951,3.143213708743226,1.0,Q,8271980643126
1651867128999,135236000000,,,-1335902211763619094,0.0,5.13271252051085,300.0,1.0,7,25,0.0,81921,503946922112899,7,37.38724899291992,-512.0064297104409,0.15,25,-69268.50802810266,0.0026051101740449667,1.17645005E9,,,,0,,1,,33.38724899291992,1.0186341127782053,1.745075560795951,1.0186341127782053,1.0,Q,8271980643126
1651867128999,135236000000,,,-1335902211763619094,0.0,5.13271252051085,300.0,1.0,7,18,0.0,32995,82728935388753,39,38.22441101074219,168.84414878943744,0.15,17,23247.968366596222,0.09542613555565961,1.60031245E9,,,,0,,3,,34.124412536621094,48.42877388000488,2.0000000474974513,48.42877388000488,2.0000000474974513,C,8271980643126
1651867128999,135236000000,,,-1335902211763619094,0.0,5.13271252051085,300.0,1.0,7,9,0.0,32995,82728922291041,33,41.92803192138672,-673.5161701859956,0.15,25,-89048.73385990405,0.0011481614783406258,1.60087501E9,,,,0,,3,,37.828033447265625,48.42877388000488,2.0000000474974513,48.42877388000488,2.0000000474974513,C,8271980643126
1651867128999,135236000000,,,-1335902211763619094,0.0,5.13271252051085,300.0,1.0,7,15,0.0,32995,82728932253280,38,38.48225784301758,578.7107731642332,0.15,17,76894.35576230603,0.09527421241768091,1.602E9,,,,0,,3,,34.382259368896484,48.42877388000488,2.0000000474974513,48.42877388000488,2.0000000474974513,C,8271980643126
1651867128999,135236000000,,,-1335902211763619094,0.0,5.13271252051085,300.0,1.0,7,19,0.0,32995,82728929318887,34,40.087074279785156,-413.2688374322722,0.15,25,-55428.60161319866,0.0014167344197630882,1.60368755E9,,,,0,,3,,35.98707580566406,48.42877388000488,2.0000000474974513,48.42877388000488,2.0000000474974513,C,8271980643126
1651867128999,135236000000,,,-1335902211763619094,0.0,5.13271252051085,300.0,1.0,7,17,0.0,32995,82728928933205,33,48.05854034423828,708.9548358187617,0.15,25,97479.28606083868,5.962683935649693E-4,1.60424998E9,,,,0,,3,,43.95854187011719,48.42877388000488,2.0000000474974513,48.42877388000488,2.0000000474974513,C,8271980643126
1651867128999,135236000000,,,-1335902211763619094,0.0,5.13271252051085,300.0,1.0,7,2,0.0,85026,503946914875953,24,35.71510314941406,479.89663168871425,0.5274728447845607,25,65390.82799860246,0.0023856712505221367,1.57542003E9,,,,1,,6,,31.615102767944336,-4.423782229423522,1.5000000237487257,-4.423782229423522,1.5000000237487257,C,8271980643126
1651867128999,135236000000,,,-1335902211763619094,0.0,5.13271252051085,300.0,1.0,7,15,0.0,85026,503946918306519,16,42.951332092285156,-316.678269502758,0.15,25,-41689.09585948286,0.001093145227059722,1.57542003E9,,,,0,,6,,38.85133361816406,-4.423782229423522,1.5000000237487257,-4.423782229423522,1.5000000237487257,C,8271980643126
1651867128999,135236000000,,,-1335902211763619094,0.0,5.13271252051085,300.0,1.0,7,27,0.0,85026,503946913482869,15,41.384342193603516,-348.9658416177076,0.15,25,-45347.81232783151,0.001242077094502747,1.57542003E9,,,,0,,6,,37.28434371948242,-4.423782229423522,1.5000000237487257,-4.423782229423522,1.5000000237487257,C,8271980643126
1651867128999,135236000000,,,-1335902211763619094,0.0,5.13271252051085,300.0,1.0,7,30,0.0,85026,503946921548423,21,37.0350227355957,64.9346289400736,0.15,25,9860.172186603051,0.0020493424963206053,1.57542003E9,,,,0,,6,,32.93502426147461,-4.423782229423522,1.5000000237487257,-4.423782229423522,1.5000000237487257,C,8271980643126
1651867128999,135236000000,,,-1335902211763619094,0.0,5.13271252051085,300.0,1.0,7,2,0.0,84003,503946914876477,19,29.52457618713379,479.8269671475816,0.8035156134643691,25,66005.14953781359,0.006072723772376776,1.17645005E9,,,,0,,6,,25.52457618713379,-2.7614412829279895,2.2450755845446766,-2.7614412829279895,1.5000000237487257,Q,8271980643126
1651867128999,135236000000,,,-1335902211763619094,0.0,5.13271252051085,300.0,1.0,7,15,0.0,84003,503946918307044,7,38.06380081176758,-316.6973897608673,0.15,25,-41462.365929170184,0.002409897046163678,1.17645005E9,,,,0,,6,,34.06380081176758,-9.780214168131348,2.2450755845446766,-9.780214168131348,1.5000000237487257,Q,8271980643126
1651867128999,135236000000,,,-1335902211763619094,0.0,5.13271252051085,300.0,1.0,7,27,0.0,84003,503946913483392,7,35.073890686035156,-348.9658416177076,0.5537185663116042,25,-45714.100689819934,0.0032056625932455063,1.17645005E9,,,,0,,6,,31.073890686035156,-6.6402368247508985,2.2450755845446766,-6.6402368247508985,1.5000000237487257,Q,8271980643126
1651867128999,135236000000,,,-1335902211763619094,0.0,5.13271252051085,300.0,1.0,7,30,0.0,84003,503946921548965,8,35.881134033203125,64.89645658876805,0.5188686554113495,25,10014.73207127899,0.0029211624059826136,1.17645005E9,,,,0,,6,,31.881132125854492,-6.27082772552967,2.2450755845446766,-6.27082772552967,1.5000000237487257,Q,8271980643126
1651867129999,136236000000,,,-1335902211763618797,0.0,5.223149237099939,298.0,1.0,7,2,0.0,16431,503947930291895,24,35.4676628112793,-40.08688643733879,0.5399338102632769,25,-4800.743553251999,0.0023142285645008087,1.57542003E9,,,,0,,1,,31.367664337158203,0.0,1.0,0.0,1.0,C,8273000562357
1651867129999,136236000000,,,-1335902211763618797,0.0,5.223149237099939,298.0,1.0,7,6,0.0,16431,503947928947264,18,39.11869430541992,439.30841361746025,0.15,25,60361.44259882837,0.001612244639545679,1.57542003E9,,,,0,,1,,35.01869583129883,0.320142130558394,1.0,0.320142130558394,1.0,C,8273000562357
1651867129999,136236000000,,,-1335902211763618797,0.0,5.223149237099939,298.0,1.0,7,12,0.0,16431,503947930874434,12,44.41086959838867,-190.80057851827974,0.15,25,-24954.720624220874,8.766418904997408E-4,1.57542003E9,,,,0,,1,,40.31087112426758,-0.6984919076624261,1.0,-0.6984919076624261,1.0,C,8273000562357
1651867129999,136236000000,,,-1335902211763618797,0.0,5.223149237099939,298.0,1.0,7,17,0.0,16431,503947917261539,21,36.97218322753906,577.9388055239915,0.15,25,80338.68746155182,0.0020642222370952368,1.57542003E9,,,,0,,1,,32.87218475341797,-0.7858034271858065,1.0,-0.7858034271858065,1.0,C,8273000562357
1651867129999,136236000000,,,-1335902211763618797,0.0,5.223149237099939,298.0,1.0,7,19,0.0,16431,503947923913342,16,40.84479904174805,601.7032754889124,0.15,25,83347.8872741256,0.0013216781662777066,1.57542003E9,,,,0,,1,,36.74480056762695,0.0,1.0,0.0,1.0,C,8273000562357
1651867129999,136236000000,,,-1335902211763618797,0.0,5.223149237099939,298.0,1.0,7,20,0.0,16431,503947920234461,38,29.893821716308594,-487.1333596822026,0.7923716486908785,25,-64702.680278050095,0.004396411590278149,1.57542003E9,,,,0,,1,,25.793821334838867,0.0,1.0,0.0,1.0,C,8273000562357
1651867129999,136236000000,,,-1335902211763618797,0.0,5.223149237099939,298.0,1.0,7,24,0.0,16431,503947927178154,10,48.82025146484375,495.0722885274304,0.15,25,68174.4262002722,5.562010337598622E-4,1.57542003E9,,,,0,,1,,44.720252990722656,-0.20372681261465636,1.0,-0.20372681261465636,1.0,C,8273000562357
1651867129999,136236000000,,,-1335902211763618797,0.0,5.223149237099939,298.0,1.0,7,25,0.0,16431,503947922114104,19,38.471717834472656,-512.4221334326496,0.15,25,-68239.9516262229,0.0017369197448715568,1.57542003E9,,,,0,,1,,34.37171936035156,-2.0372682255564105,1.0,-2.0372682255564105,1.0,C,8273000562357
1651867129999,136236000000,,,-1335902211763618797,0.0,5.223149237099939,298.0,1.0,7,6,0.0,81921,503947928947788,8,39.194793701171875,439.37548789189714,0.15,25,61828.691041797116,0.002115675015375018,1.17645005E9,,,,0,,1,,35.194793701171875,1.9208527336454408,1.7416035227739874,1.9208527336454408,1.0,Q,8273000562357
1651867129999,136236000000,,,-1335902211763618797,0.0,5.223149237099939,298.0,1.0,7,24,0.0,81921,503947927178685,6,41.836761474609375,495.03772891651624,0.15,25,69695.62923181857,0.0015608117682859302,1.17645005E9,,,,0,,1,,37.836761474609375,3.143213708743226,1.7416035227739874,3.143213708743226,1.0,Q,8273000562357
1651867129999,136236000000,,,-1335902211763618797,0.0,5.223149237099939,298.0,1.0,7,25,0.0,81921,503947922114610,7,38.29978942871094,-512.4491949031287,0.15,25,-69780.75190681602,0.002345304237678647,1.17645005E9,,,,0,,1,,34.29978942871094,1.0186341127782053,1.7416035227739874,1.0186341127782053,1.0,Q,8273000562357
1651867129999,136236000000,,,-1335902211763618797,0.0,5.223149237099939,298.0,1.0,7,18,0.0,32995,82729935388206,36,39.364524841308594,168.49069667406764,0.15,17,23416.605908174024,0.09520972482748814,1.60031245E9,,,,0,,3,,35.2645263671875,48.42877388000488,2.0000000474974513,48.42877388000488,2.0000000474974513,C,8273000562357
1651867129999,136236000000,,,-1335902211763618797,0.0,5.223149237099939,298.0,1.0,7,9,0.0,32995,82729922293290,33,42.4511833190918,-673.9728751034013,0.15,25,-89722.4638214939,0.0010810488602146506,1.60087501E9,,,,0,,3,,38.3511848449707,48.42877388000488,2.0000000474974513,48.42877388000488,2.0000000474974513,C,8273000562357
1651867129999,136236000000,,,-1335902211763618797,0.0,5.223149237099939,298.0,1.0,7,15,0.0,32995,82729932251350,37,39.001888275146484,578.351953061961,0.15,17,77472.88316816371,0.09517514274597555,1.602E9,,,,0,,3,,34.90188980102539,48.42877388000488,2.0000000474974513,48.42877388000488,2.0000000474974513,C,8273000562357
1651867129999,136236000000,,,-1335902211763618797,0.0,5.223149237099939,298.0,1.0,7,19,0.0,32995,82729929320247,34,40.069129943847656,-413.67094225432834,0.15,25,-55842.10113573582,0.0014196645934134722,1.60368755E9,,,,0,,3,,35.96913146972656,48.42877388000488,2.0000000474974513,48.42877388000488,2.0000000474974513,C,8273000562357
1651867129999,136236000000,,,-1335902211763618797,0.0,5.223149237099939,298.0,1.0,7,17,0.0,32995,82729928930829,33,48.08051300048828,708.5091054523564,0.15,25,98188.01972583651,5.947619210928679E-4,1.60424998E9,,,,0,,3,,43.98051452636719,48.42877388000488,2.0000000474974513,48.42877388000488,2.0000000474974513,C,8273000562357
1651867129999,136236000000,,,-1335902211763618797,0.0,5.223149237099939,298.0,1.0,7,2,0.0,85026,503947914874355,21,37.41197967529297,479.44929944685236,0.15,25,65870.44695456407,0.001962305512279272,1.57542003E9,,,,0,,6,,33.311981201171875,-4.423782229423522,1.5000000237487257,-4.423782229423522,1.5000000237487257,C,8273000562357
1651867129999,136236000000,,,-1335902211763618797,0.0,5.223149237099939,298.0,1.0,7,15,0.0,85026,503947918307576,17,42.38536071777344,-317.1519134010555,0.15,25,-42006.01605736141,0.0011667460203170776,1.57542003E9,,,,0,,6,,38.285362243652344,-4.423782229423522,1.5000000237487257,-4.423782229423522,1.5000000237487257,C,8273000562357
1651867129999,136236000000,,,-1335902211763618797,0.0,5.223149237099939,298.0,1.0,7,27,0.0,85026,503947913484034,15,41.11690139770508,-349.43001059309177,0.15,25,-45697.0262141015,0.0012809158070012927,1.57542003E9,,,,0,,6,,37.016902923583984,-4.423782229423522,1.5000000237487257,-4.423782229423522,1.5000000237487257,C,8273000562357
1651867129999,136236000000,,,-1335902211763618797,0.0,5.223149237099939,298.0,1.0,7,30,0.0,85026,503947921548217,21,37.22486877441406,64.51587483800608,0.15,25,9924.871351968408,0.002005035988986492,1.57542003E9,,,,0,,6,,33.12487030029297,-4.423782229423522,1.5000000237487257,-4.423782229423522,1.5000000237487257,C,8273000562357
1651867129999,136236000000,,,-1335902211763618797,0.0,5.223149237099939,298.0,1.0,7,2,0.0,84003,503947914874880,21,29.50611686706543,479.61903008033596,0.8043453082653462,25,66484.7987757347,0.006085643079131842,1.17645005E9,,,,0,,6,,25.50611686706543,-2.7614412829279895,2.241603546522713,-2.7614412829279895,1.5000000237487257,Q,8273000562357
1651867129999,136236000000,,,-1335902211763618797,0.0,5.223149237099939,298.0,1.0,7,15,0.0,84003,503947918308101,8,37.773704528808594,-317.0504840104436,0.15,25,-41779.27500269067,0.0024917437694966793,1.17645005E9,,,,0,,6,,33.773704528808594,-9.780214168131348,2.241603546522713,-9.780214168131348,1.5000000237487257,Q,8273000562357
1651867129999,136236000000,,,-1335902211763618797,0.0,5.223149237099939,298.0,1.0,7,27,0.0,84003,503947913484559,8,34.7519416809082,-349.4139577560695,0.5681964210656258,25,-46063.32128910137,0.0033267124090343714,1.17645005E9,,,,0,,6,,30.751941680908203,-6.6402368247508985,2.241603546522713,-6.6402368247508985,1.5000000237487257,Q,8273000562357
1651867129999,136236000000,,,-1335902211763618797,0.0,5.223149237099939,298.0,1.0,7,30,0.0,84003,503947921548749,8,35.44044876098633,64.45094775833013,0.5386855735767779,25,10079.430098915485,0.0030731933657079935,1.17645005E9,,,,0,,6,,31.440448760986328,-6.27082772552967,2.241603546522713,-6.27082772552967,1.5000000237487257,Q,8273000562357
1651867130999,137236000000,,,-1335902211763618501,0.0,5.247734087546898,297.0,1.0,7,2,0.0,16431,503948930292035,24,35.73050308227539,-40.24122032108821,0.5281142206997897,25,-4840.889453895466,0.002245247596874833,1.57542003E9,,,,0,,1,,31.630504608154297,0.0,1.0,0.0,1.0,C,8273979482279
1651867130999,137236000000,,,-1335902211763618501,0.0,5.247734087546898,297.0,1.0,7,6,0.0,16431,503948928945794,16,40.26881790161133,439.05947535501764,0.15,25,60800.703994356525,0.001412292942404747,1.57542003E9,,,,0,,1,,36.168819427490234,0.320142130558394,1.0,0.320142130558394,1.0,C,8273979482279
1651867130999,137236000000,,,-1335902211763618501,0.0,5.247734087546898,297.0,1.0,7,12,0.0,16431,503948930875068,12,44.245357513427734,-191.14581676162754,0.15,25,-25145.6262473952,8.935066289268434E-4,1.57542003E9,,,,0,,1,,40.14535903930664,-0.6984919076624261,1.0,-0.6984919076624261,1.0,C,8273979482279
1651867130999,137236000000,,,-1335902211763618501,0.0,5.247734087546898,297.0,1.0,7,17,0.0,16431,503948917259610,22,36.550811767578125,577.4894624171948,0.15,25,80916.46359961317,0.0020429075229912996,1.57542003E9,,,,0,,1,,32.45081329345703,-0.7858034271858065,1.0,-0.7858034271858065,1.0,C,8273979482279
1651867130999,137236000000,,,-1335902211763618501,0.0,5.247734087546898,297.0,1.0,7,19,0.0,16431,503948923911326,16,40.82710266113281,601.4170510190338,0.15,25,83949.4595047361,0.0013243736466392875,1.57542003E9,,,,0,,1,,36.72710418701172,0.0,1.0,0.0,1.0,C,8273979482279
1651867130999,137236000000,,,-1335902211763618501,0.0,5.247734087546898,297.0,1.0,7,20,0.0,16431,503948920236085,30,32.76931381225586,-487.8200870986807,0.6630643396911875,25,-65190.0098859329,0.0031573574524372816,1.57542003E9,,,,0,,1,,28.669313430786133,0.0,1.0,0.0,1.0,C,8273979482279
1651867130999,137236000000,,,-1335902211763618501,0.0,5.247734087546898,297.0,1.0,7,24,0.0,16431,503948927176502,10,49.01424026489258,494.74935725187675,0.15,25,68669.3576139848,5.439167725853622E-4,1.57542003E9,,,,0,,1,,44.914241790771484,-0.20372681261465636,1.0,-0.20372681261465636,1.0,C,8273979482279
1651867130999,137236000000,,,-1335902211763618501,0.0,5.247734087546898,297.0,1.0,7,25,0.0,16431,503948922115800,21,37.36912155151367,-512.6212090611994,0.15,25,-68752.550018007,0.0019720119889825583,1.57542003E9,,,,0,,1,,33.26912307739258,-2.0372682255564105,1.0,-2.0372682255564105,1.0,C,8273979482279
1651867130999,137236000000,,,-1335902211763618501,0.0,5.247734087546898,297.0,1.0,7,6,0.0,81921,503948928946324,6,39.50547790527344,439.10255558006247,0.15,25,62267.92270978967,0.002041336614638567,1.17645005E9,,,,0,,1,,35.50547790527344,1.9208527336454408,1.737949713846747,1.9208527336454408,1.0,Q,8273979482279
1651867130999,137236000000,,,-1335902211763618501,0.0,5.247734087546898,297.0,1.0,7,24,0.0,81921,503948927177033,6,42.967918395996094,494.828905705401,0.15,25,70190.57456235157,0.0013702271971851587,1.17645005E9,,,,0,,1,,38.967918395996094,3.143213708743226,1.737949713846747,3.143213708743226,1.0,Q,8273979482279
1651867130999,137236000000,,,-1335902211763618501,0.0,5.247734087546898,297.0,1.0,7,25,0.0,81921,503948922116319,6,37.989158630371094,-512.854435311185,0.15,25,-70293.36320422418,0.0024306962732225657,1.17645005E9,,,,0,,1,,33.989158630371094,1.0186341127782053,1.737949713846747,1.0186341127782053,1.0,Q,8273979482279
1651867130999,137236000000,,,-1335902211763618501,0.0,5.247734087546898,297.0,1.0,7,18,0.0,32995,82730935387616,36,39.34798812866211,168.31921079407311,0.15,17,23584.993692006865,0.0952126650128562,1.60031245E9,,,,0,,3,,35.247989654541016,48.42877388000488,2.0000000474974513,48.42877388000488,2.0000000474974513,C,8273979482279
1651867130999,137236000000,,,-1335902211763618501,0.0,5.247734087546898,297.0,1.0,7,9,0.0,32995,82730922295552,33,43.002925872802734,-674.3230382617166,0.15,25,-90396.54125089975,0.0010145145934075117,1.60087501E9,,,,0,,3,,38.90292739868164,48.42877388000488,2.0000000474974513,48.42877388000488,2.0000000474974513,C,8273979482279
1651867130999,137236000000,,,-1335902211763618501,0.0,5.247734087546898,297.0,1.0,7,15,0.0,32995,82730932249455,40,37.91191101074219,578.0898589713006,0.15,17,78051.20245543003,0.09538999641921758,1.602E9,,,,0,,3,,33.811912536621094,48.42877388000488,2.0000000474974513,48.42877388000488,2.0000000474974513,C,8273979482279
1651867130999,137236000000,,,-1335902211763618501,0.0,5.247734087546898,297.0,1.0,7,19,0.0,32995,82730929321623,36,39.15094757080078,-413.9631311540984,0.15,25,-56255.870346638825,0.0015779555542394519,1.60368755E9,,,,0,,3,,35.05094909667969,48.42877388000488,2.0000000474974513,48.42877388000488,2.0000000474974513,C,8273979482279
1651867130999,137236000000,,,-1335902211763618501,0.0,5.247734087546898,297.0,1.0,7,17,0.0,32995,82730928928460,33,46.93612289428711,708.221654014043,0.15,25,98896.43784561387,6.785198929719627E-4,1.60424998E9,,,,0,,3,,42.836124420166016,48.42877388000488,2.0000000474974513,48.42877388000488,2.0000000474974513,C,8273979482279
1651867130999,137236000000,,,-1335902211763618501,0.0,5.247734087546898,297.0,1.0,7,2,0.0,85026,503948914872751,26,34.38446044921875,478.883223926465,0.5873096896086434,25,66349.7649383435,0.002621599705889821,1.57542003E9,,,,1,,6,,30.284461975097656,-4.423782229423522,1.5000000237487257,-4.423782229423522,1.5000000237487257,C,8273979482279
1651867130999,137236000000,,,-1335902211763618501,0.0,5.247734087546898,297.0,1.0,7,15,0.0,85026,503948918308631,15,43.885902404785156,-317.35255682260527,0.15,25,-42323.23266328618,9.816332021728158E-4,1.57542003E9,,,,0,,6,,39.78590393066406,-4.423782229423522,1.5000000237487257,-4.423782229423522,1.5000000237487257,C,8273979482279
1651867130999,137236000000,,,-1335902211763618501,0.0,5.247734087546898,297.0,1.0,7,27,0.0,85026,503948913485198,13,42.58943176269531,-349.82202700801713,0.15,25,-46046.59711555322,0.0010811701649799943,1.57542003E9,,,,0,,6,,38.48943328857422,-4.423782229423522,1.5000000237487257,-4.423782229423522,1.5000000237487257,C,8273979482279
1651867130999,137236000000,,,-1335902211763618501,0.0,5.247734087546898,297.0,1.0,7,30,0.0,85026,503948921547998,23,36.15863037109375,64.29489271052631,0.15,25,9989.271152561074,0.002266908995807171,1.57542003E9,,,,0,,6,,32.058631896972656,-4.423782229423522,1.5000000237487257,-4.423782229423522,1.5000000237487257,C,8273979482279
1651867130999,137236000000,,,-1335902211763618501,0.0,5.247734087546898,297.0,1.0,7,2,0.0,84003,503948914873277,32,27.83702278137207,479.23233052862815,0.879402399633237,25,66964.10710842971,0.007374986074864864,1.17645005E9,,,,0,,6,,23.83702278137207,-2.7614412829279895,2.2379497375954727,-2.7614412829279895,1.5000000237487257,Q,8273979482279
1651867130999,137236000000,,,-1335902211763618501,0.0,5.247734087546898,297.0,1.0,7,15,0.0,84003,503948918309159,6,37.851783752441406,-317.30310317819067,0.15,25,-42096.48650301248,0.002469445578753948,1.17645005E9,,,,0,,6,,33.851783752441406,-9.780214168131348,2.2379497375954727,-9.780214168131348,1.5000000237487257,Q,8273979482279
1651867130999,137236000000,,,-1335902211763618501,0.0,5.247734087546898,297.0,1.0,7,27,0.0,84003,503948913485726,9,34.472572326660156,-349.7160646506877,0.5807596671975594,25,-46412.8871002362,0.003435450838878751,1.17645005E9,,,,0,,6,,30.472572326660156,-6.6402368247508985,2.2379497375954727,-6.6402368247508985,1.5000000237487257,Q,8273979482279
1651867130999,137236000000,,,-1335902211763618501,0.0,5.247734087546898,297.0,1.0,7,30,0.0,84003,503948921548533,8,37.784420013427734,64.21180820213783,0.15,25,10143.831848479327,0.0024886715691536665,1.17645005E9,,,,0,,6,,33.784420013427734,-6.27082772552967,2.2379497375954727,-6.27082772552967,1.5000000237487257,Q,8273979482279
1651867131999,138236000000,,,-1335902211763618206,0.0,5.2179922518759,295.0,1.0,7,2,0.0,16431,503949930292164,28,33.61106491088867,-40.42193402618628,0.6234229812556684,25,-4881.298246612744,0.0028657359071075916,1.57542003E9,,,,0,,1,,29.511066436767578,0.0,1.0,0.0,1.0,C,8274996485575
1651867131999,138236000000,,,-1335902211763618206,0.0,5.2179922518759,295.0,1.0,7,6,0.0,16431,503949928944329,21,37.420284271240234,439.06458772349606,0.15,25,61239.800896020686,0.0018483113963156939,1.57542003E9,,,,0,,1,,33.32028579711914,0.320142130558394,1.0,0.320142130558394,1.0,C,8274996485575
1651867131999,138236000000,,,-1335902211763618206,0.0,5.2179922518759,295.0,1.0,7,12,0.0,16431,503949930875702,14,41.94432067871094,-191.2945526018931,0.15,25,-25336.726578435904,0.001164527260698378,1.57542003E9,,,,0,,1,,37.844322204589844,-0.6984919076624261,1.0,-0.6984919076624261,1.0,C,8274996485575
1651867131999,138236000000,,,-1335902211763618206,0.0,5.2179922518759,295.0,1.0,7,17,0.0,16431,503949917257684,21,37.14472961425781,577.2655406778399,0.15,25,81493.77564113145,0.0020236207637935877,1.57542003E9,,,,0,,1,,33.04473114013672,-0.7858034271858065,1.0,-0.7858034271858065,1.0,C,8274996485575
1651867131999,138236000000,,,-1335902211763618206,0.0,5.2179922518759,295.0,1.0,7,19,0.0,16431,503949923909325,19,38.491092681884766,601.1335531456771,0.15,25,84550.74921188895,0.0016339350258931518,1.57542003E9,,,,0,,1,,34.39109420776367,0.0,1.0,0.0,1.0,C,8274996485575
1651867131999,138236000000,,,-1335902211763618206,0.0,5.2179922518759,295.0,1.0,7,20,0.0,16431,503949920237710,30,32.70310592651367,-487.55574356588977,0.6660418949260807,16,-65677.58583078576,3.4028234663852886E38,1.57542003E9,,,,0,,1,,28.603105545043945,0.0,1.0,0.0,1.0,C,8274996485575
1651867131999,138236000000,,,-1335902211763618206,0.0,5.2179922518759,295.0,1.0,7,24,0.0,16431,503949927174858,10,45.90227127075195,494.49666991921663,0.15,25,69164.05662868716,7.383326883427799E-4,1.57542003E9,,,,0,,1,,41.80227279663086,-0.20372681261465636,1.0,-0.20372681261465636,1.0,C,8274996485575
1651867131999,138236000000,,,-1335902211763618206,0.0,5.2179922518759,295.0,1.0,7,25,0.0,16431,503949922117506,21,37.21879196166992,-513.057055515213,0.15,25,-69265.39461369903,0.002006439259275794,1.57542003E9,,,,0,,1,,33.11879348754883,-2.0372682255564105,1.0,-2.0372682255564105,1.0,C,8274996485575
1651867131999,138236000000,,,-1335902211763618206,0.0,5.2179922518759,295.0,1.0,7,6,0.0,81921,503949928944860,6,38.34898376464844,438.91213689546953,0.15,25,62707.015201696224,0.002198685659095645,1.17645005E9,,,,0,,1,,34.34898376464844,1.9208527336454408,1.7347797326449559,1.9208527336454408,1.0,Q,8274996485575
1651867131999,138236000000,,,-1335902211763618206,0.0,5.2179922518759,295.0,1.0,7,24,0.0,81921,503949927175382,7,43.09618377685547,494.59383900276316,0.15,25,70685.27524451703,0.0013501419452950358,1.17645005E9,,,,0,,1,,39.09618377685547,3.143213708743226,1.7347797326449559,3.143213708743226,1.0,Q,8274996485575
1651867131999,138236000000,,,-1335902211763618206,0.0,5.2179922518759,295.0,1.0,7,25,0.0,81921,503949922118029,7,37.39221954345703,-512.9611815650144,0.15,25,-70806.2398866439,0.002603620057925582,1.17645005E9,,,,0,,1,,33.39221954345703,1.0186341127782053,1.7347797326449559,1.0186341127782053,1.0,Q,8274996485575
1651867131999,138236000000,,,-1335902211763618206,0.0,5.2179922518759,295.0,1.0,7,18,0.0,32995,82731935387083,43,36.912540435791016,168.72342872843365,0.15,17,23753.415013432957,0.09559594511408843,1.60031245E9,,,,0,,3,,32.81254196166992,48.42877388000488,2.0000000474974513,48.42877388000488,2.0000000474974513,C,8274996485575
1651867131999,138236000000,,,-1335902211763618206,0.0,5.2179922518759,295.0,1.0,7,9,0.0,32995,82731922297808,33,41.27241516113281,-674.7168951292942,0.15,25,-91070.87331167432,0.0012381799751892686,1.60087501E9,,,,0,,3,,37.17241668701172,48.42877388000488,2.0000000474974513,48.42877388000488,2.0000000474974513,C,8274996485575
1651867131999,138236000000,,,-1335902211763618206,0.0,5.2179922518759,295.0,1.0,7,15,0.0,32995,82731932247456,53,34.51510238647461,577.8240158104227,0.5831212752250199,17,78629.16278599598,0.09610779920734852,1.602E9,,,,0,,3,,30.415103912353516,48.42877388000488,2.0000000474974513,48.42877388000488,2.0000000474974513,C,8274996485575
1651867131999,138236000000,,,-1335902211763618206,0.0,5.2179922518759,295.0,1.0,7,19,0.0,32995,82731929322985,40,38.000144958496094,-414.21336454988887,0.15,25,-56669.86942269353,0.0016984733520075679,1.60368755E9,,,,0,,3,,33.900146484375,48.42877388000488,2.0000000474974513,48.42877388000488,2.0000000474974513,C,8274996485575
1651867131999,138236000000,,,-1335902211763618206,0.0,5.2179922518759,295.0,1.0,7,17,0.0,32995,82731928926069,33,44.00641632080078,707.8593575012055,0.15,25,99604.61054620592,9.019221761263907E-4,1.60424998E9,,,,0,,3,,39.90641784667969,48.42877388000488,2.0000000474974513,48.42877388000488,2.0000000474974513,C,8274996485575
1651867131999,138236000000,,,-1335902211763618206,0.0,5.2179922518759,295.0,1.0,7,2,0.0,85026,503949914871160,23,36.173702239990234,478.66243777311024,0.15,25,66828.837049296,0.002262979047372937,1.57542003E9,,,,0,,6,,32.07370376586914,-4.423782229423522,1.5000000237487257,-4.423782229423522,1.5000000237487257,C,8274996485575
1651867131999,138236000000,,,-1335902211763618206,0.0,5.2179922518759,295.0,1.0,7,15,0.0,85026,503949918309680,16,40.45035934448242,-317.9133836446881,0.15,25,-42640.72790419905,0.0013830814277753234,1.57542003E9,,,,0,,6,,36.35036087036133,-4.423782229423522,1.5000000237487257,-4.423782229423522,1.5000000237487257,C,8274996485575
1651867131999,138236000000,,,-1335902211763618206,0.0,5.2179922518759,295.0,1.0,7,27,0.0,85026,503949913486368,17,39.98459243774414,-350.21591795805125,0.15,25,-46396.41767882476,0.0014592710649594665,1.57542003E9,,,,0,,6,,35.88459396362305,-4.423782229423522,1.5000000237487257,-4.423782229423522,1.5000000237487257,C,8274996485575
1651867131999,138236000000,,,-1335902211763618206,0.0,5.2179922518759,295.0,1.0,7,30,0.0,85026,503949921547785,25,34.97149658203125,63.929234815414276,0.5613925109803661,25,10053.376484522754,0.002450273372232914,1.57542003E9,,,,1,,6,,30.871498107910156,-4.423782229423522,1.5000000237487257,-4.423782229423522,1.5000000237487257,C,8274996485575
1651867131999,138236000000,,,-1335902211763618206,0.0,5.2179922518759,295.0,1.0,7,2,0.0,84003,503949914871678,15,30.540929794311523,478.7027232367202,0.7578103735943014,25,67443.10774948404,0.005402139853686094,1.17645005E9,,,,0,,6,,26.540929794311523,-2.7614412829279895,2.2347797563936815,-2.7614412829279895,1.5000000237487257,Q,8274996485575
1651867131999,138236000000,,,-1335902211763618206,0.0,5.2179922518759,295.0,1.0,7,15,0.0,84003,503949918310218,8,37.31009292602539,-317.63268053276624,0.15,25,-42413.97690450624,0.002628353890031576,1.17645005E9,,,,0,,6,,33.31009292602539,-9.780214168131348,2.2347797563936815,-9.780214168131348,1.5000000237487257,Q,8274996485575
1651867131999,138236000000,,,-1335902211763618206,0.0,5.2179922518759,295.0,1.0,7,27,0.0,84003,503949913486894,8,34.20948028564453,-349.9788744729351,0.5925908727545295,25,-46762.74763957224,0.0035411014687269926,1.17645005E9,,,,0,,6,,30.2094783782959,-6.6402368247508985,2.2347797563936815,-6.6402368247508985,1.5000000237487257,Q,8274996485575
1651867131999,138236000000,,,-1335902211763618206,0.0,5.2179922518759,295.0,1.0,7,30,0.0,84003,503949921548318,8,35.84052276611328,63.94766916408605,0.5206946962435868,25,10207.977588674745,0.00293485214933753,1.17645005E9,,,,0,,6,,31.84052276611328,-6.27082772552967,2.2347797563936815,-6.27082772552967,1.5000000237487257,Q,8274996485575
1651867132999,139236000000,,,-1335902211763617912,0.0,5.59816095580333,294.0,1.0,7,2,0.0,16431,503950930292293,40,29.336000442504883,-39.893080808628895,0.8156678730990921,16,-4921.864805738638,3.4028234663852886E38,1.57542003E9,,,,0,,1,,25.236000061035156,0.0,1.0,0.0,1.0,C,8275976932638
1651867132999,139236000000,,,-1335902211763617912,0.0,5.59816095580333,294.0,1.0,7,6,0.0,16431,503950928942868,27,33.96751022338867,438.38903935275744,0.6071514040925381,25,61678.5755601388,0.002750514540821314,1.57542003E9,,,,0,,1,,29.867509841918945,0.320142130558394,1.0,0.320142130558394,1.0,C,8275976932638
1651867132999,139236000000,,,-1335902211763617912,0.0,5.59816095580333,294.0,1.0,7,12,0.0,16431,503950930876331,22,36.75267791748047,-191.72128199878694,0.15,16,-25527.289167448336,3.4028234663852886E38,1.57542003E9,,,,1,,1,,32.652679443359375,-0.6984919076624261,1.0,-0.6984919076624261,1.0,C,8275976932638
1651867132999,139236000000,,,-1335902211763617912,0.0,5.59816095580333,294.0,1.0,7,17,0.0,16431,503950917255765,24,35.4529914855957,577.1710641083587,0.5418462887318323,25,82070.96806601695,0.002458759816363454,1.57542003E9,,,,1,,1,,31.352991104125977,-0.7858034271858065,1.0,-0.7858034271858065,1.0,C,8275976932638
1651867132999,139236000000,,,-1335902211763617912,0.0,5.59816095580333,294.0,1.0,7,19,0.0,16431,503950923907315,24,35.517337799072266,600.9145392800615,0.5365516257081222,25,85151.7566659481,0.0023010317236185074,1.57542003E9,,,,0,,1,,31.41733741760254,0.0,1.0,0.0,1.0,C,8275976932638
1651867132999,139236000000,,,-1335902211763617912,0.0,5.59816095580333,294.0,1.0,7,20,0.0,16431,503950920239354,31,32.37523651123047,-488.0996654895373,0.6807860188716868,16,-66164.62732931034,3.4028234663852886E38,1.57542003E9,,,,0,,1,,28.275238037109375,0.0,1.0,0.0,1.0,C,8275976932638
1651867132999,139236000000,,,-1335902211763617912,0.0,5.59816095580333,294.0,1.0,7,24,0.0,16431,503950927173215,16,40.74824523925781,494.28869876951444,0.15,25,69658.49221348518,0.0012600190239027143,1.57542003E9,,,,0,,1,,36.64824676513672,-0.20372681261465636,1.0,-0.20372681261465636,1.0,C,8275976932638
1651867132999,139236000000,,,-1335902211763617912,0.0,5.59816095580333,294.0,1.0,7,25,0.0,16431,503950922119206,23,35.825408935546875,-513.1894658588042,0.5223763526066874,25,-69778.48436546675,0.0022208483424037695,1.57542003E9,,,,0,,1,,31.72541046142578,-2.0372682255564105,1.0,-2.0372682255564105,1.0,C,8275976932638
1651867132999,139236000000,,,-1335902211763617912,0.0,5.59816095580333,294.0,1.0,7,6,0.0,81921,503950928943395,9,35.18611145019531,438.6512356907874,0.5478555184148082,25,63145.79847837022,0.003164512338116765,1.17645005E9,,,,0,,1,,31.186111450195312,1.9208527336454408,1.733128385971174,1.9208527336454408,1.0,Q,8275976932638
1651867132999,139236000000,,,-1335902211763617912,0.0,5.59816095580333,294.0,1.0,7,24,0.0,81921,503950927173733,7,41.66654586791992,494.5897150255239,0.15,25,71179.82715532708,0.0015917003620415926,1.17645005E9,,,,0,,1,,37.66654586791992,3.143213708743226,1.733128385971174,3.143213708743226,1.0,Q,8275976932638
1651867132999,139236000000,,,-1335902211763617912,0.0,5.59816095580333,294.0,1.0,7,25,0.0,81921,503950922119742,7,40.507503509521484,-513.0993177613013,0.15,25,-71319.3330805058,0.0018189189722761512,1.17645005E9,,,,0,,1,,36.507503509521484,1.0186341127782053,1.733128385971174,1.0186341127782053,1.0,Q,8275976932638
1651867132999,139236000000,,,-1335902211763617912,0.0,5.59816095580333,294.0,1.0,7,18,0.0,32995,82732935386593,65,31.882356643676758,168.81548544350176,0.7020775691037588,16,23918.797244099234,3.4028234663852886E38,1.60031245E9,,,,1,,3,,27.78235626220703,48.42877388000488,2.0000000474974513,48.42877388000488,2.0000000474974513,C,8275976932638
1651867132999,139236000000,,,-1335902211763617912,0.0,5.59816095580333,294.0,1.0,7,9,0.0,32995,82732922300033,44,36.75604248046875,-674.650706998727,0.15,25,-91745.4268238041,0.0019634782802313566,1.60087501E9,,,,0,,3,,32.656044006347656,48.42877388000488,2.0000000474974513,48.42877388000488,2.0000000474974513,C,8275976932638
1651867132999,139236000000,,,-1335902211763617912,0.0,5.59816095580333,294.0,1.0,7,15,0.0,32995,82732932245586,47,35.979766845703125,577.6844822334183,0.5172565618745504,17,79207.14494929225,0.09584386262253314,1.602E9,,,,0,,3,,31.87976837158203,48.42877388000488,2.0000000474974513,48.42877388000488,2.0000000474974513,C,8275976932638
1651867132999,139236000000,,,-1335902211763617912,0.0,5.59816095580333,294.0,1.0,7,19,0.0,32995,82732929324361,61,32.799076080322266,-413.99397577725153,0.6597632673885192,29,-57084.06803981877,0.003091093385592103,1.60368755E9,,,,1,,3,,28.699077606201172,48.42877388000488,2.0000000474974513,48.42877388000488,2.0000000474974513,C,8275976932638
1651867132999,139236000000,,,-1335902211763617912,0.0,5.59816095580333,294.0,1.0,7,17,0.0,32995,82732928923723,37,38.909149169921875,707.4291687349746,0.15,16,100312.06118750223,3.4028234663852886E38,1.60424998E9,,,,1,,3,,34.80915069580078,48.42877388000488,2.0000000474974513,48.42877388000488,2.0000000474974513,C,8275976932638
1651867132999,139236000000,,,-1335902211763617912,0.0,5.59816095580333,294.0,1.0,7,2,0.0,85026,503950914869563,23,35.93685531616211,478.5005461046269,0.517499632362818,25,67307.48632640882,0.002325534587725997,1.57542003E9,,,,1,,6,,31.836856842041016,-4.423782229423522,1.5000000237487257,-4.423782229423522,1.5000000237487257,C,8275976932638
1651867132999,139236000000,,,-1335902211763617912,0.0,5.59816095580333,294.0,1.0,7,15,0.0,85026,503950918310740,25,35.27973175048828,-316.5720685682329,0.5476687305769117,16,-42957.46487301392,3.4028234663852886E38,1.57542003E9,,,,1,,6,,31.179733276367188,-4.423782229423522,1.5000000237487257,-4.423782229423522,1.5000000237487257,C,8275976932638
1651867132999,139236000000,,,-1335902211763617912,0.0,5.59816095580333,294.0,1.0,7,27,0.0,85026,503950913487527,29,33.35077667236328,-350.19114001215917,0.6342635988526464,25,-46746.48912017257,0.0031320364214479923,1.57542003E9,,,,1,,6,,29.250778198242188,-4.423782229423522,1.5000000237487257,-4.423782229423522,1.5000000237487257,C,8275976932638
1651867132999,139236000000,,,-1335902211763617912,0.0,5.59816095580333,294.0,1.0,7,30,0.0,85026,503950921547573,35,30.902217864990234,63.37350332058159,0.7443833502048678,16,10117.28606285714,3.4028234663852886E38,1.57542003E9,,,,1,,6,,26.802217483520508,-4.423782229423522,1.5000000237487257,-4.423782229423522,1.5000000237487257,C,8275976932638
1651867132999,139236000000,,,-1335902211763617912,0.0,5.59816095580333,294.0,1.0,7,2,0.0,84003,503950914870083,26,28.070613861083984,478.0623479611131,0.8688974143522512,25,67921.81910395122,0.0071792928501963615,1.17645005E9,,,,0,,6,,24.070613861083984,-2.7614412829279895,2.2331284097198996,-2.7614412829279895,1.5000000237487257,Q,8275976932638
1651867132999,139236000000,,,-1335902211763617912,0.0,5.59816095580333,294.0,1.0,7,15,0.0,84003,503950918311277,7,36.0518913269043,-317.7452889691176,0.15,25,-42731.6356880448,0.003038043389096856,1.17645005E9,,,,0,,6,,32.0518913269043,-9.780214168131348,2.2331284097198996,-9.780214168131348,1.5000000237487257,Q,8275976932638
1651867132999,139236000000,,,-1335902211763617912,0.0,5.59816095580333,294.0,1.0,7,27,0.0,84003,503950913488061,7,35.354183197021484,-350.1433564081142,0.5411149803971456,25,-47112.841229521786,0.0031038669403642416,1.17645005E9,,,,0,,6,,31.354183197021484,-6.6402368247508985,2.2331284097198996,-6.6402368247508985,1.5000000237487257,Q,8275976932638
1651867132999,139236000000,,,-1335902211763617912,0.0,5.59816095580333,294.0,1.0,7,30,0.0,84003,503950921548107,13,31.175920486450195,63.91959800083245,0.7304565395428302,25,10271.858356287563,0.005021301563829184,1.17645005E9,,,,0,,6,,27.175920486450195,-6.27082772552967,2.2331284097198996,-6.27082772552967,1.5000000237487257,Q,8275976932638
1651867133999,140236000000,,,-1335902211763617619,0.0,5.789419139240663,294.0,1.0,7,2,0.0,16431,503951930292434,39,29.533620834350586,-41.1568710774159,0.8067811388299608,16,-4962.5526532198255,3.4028234663852886E38,1.57542003E9,,,,0,,1,,25.43362045288086,0.0,1.0,0.0,1.0,C,8276957829448
1651867133999,140236000000,,,-1335902211763617619,0.0,5.789419139240663,294.0,1.0,7,6,0.0,16431,503951928941408,21,36.965614318847656,438.8481300421197,0.15,25,62117.19857303974,0.0020657842978835106,1.57542003E9,,,,0,,1,,32.86561584472656,0.320142130558394,1.0,0.320142130558394,1.0,C,8276957829448
1651867133999,140236000000,,,-1335902211763617619,0.0,5.789419139240663,294.0,1.0,7,12,0.0,16431,503951930876996,27,33.992557525634766,-191.94274980127216,0.606372899543643,16,-25719.072197842896,3.4028234663852886E38,1.57542003E9,,,,0,,1,,29.892559051513672,-0.6984919076624261,1.0,-0.6984919076624261,1.0,C,8276957829448
1651867133999,140236000000,,,-1335902211763617619,0.0,5.789419139240663,294.0,1.0,7,17,0.0,16431,503951917253843,27,34.09259033203125,577.3727640860607,0.603021702065659,16,82648.13059826683,3.4028234663852886E38,1.57542003E9,,,,0,,1,,29.992589950561523,-0.7858034271858065,1.0,-0.7858034271858065,1.0,C,8276957829448
1651867133999,140236000000,,,-1335902211763617619,0.0,5.789419139240663,294.0,1.0,7,19,0.0,16431,503951923905331,34,31.466215133666992,600.1673155032554,0.7187257174710875,16,85752.61119263891,3.4028234663852886E38,1.57542003E9,,,,0,,1,,27.366214752197266,0.0,1.0,0.0,1.0,C,8276957829448
1651867133999,140236000000,,,-1335902211763617619,0.0,5.789419139240663,294.0,1.0,7,20,0.0,16431,503951920240968,33,31.837018966674805,-488.01071027801277,0.7049894224156286,16,-66652.4532214607,3.4028234663852886E38,1.57542003E9,,,,0,,1,,27.737018585205078,0.0,1.0,0.0,1.0,C,8276957829448
1651867133999,140236000000,,,-1335902211763617619,0.0,5.789419139240663,294.0,1.0,7,24,0.0,16431,503951927171553,20,37.883453369140625,494.53511493017436,0.15,25,70152.7877116822,0.001752333133481443,1.57542003E9,,,,0,,1,,33.78345489501953,-0.20372681261465636,1.0,-0.20372681261465636,1.0,C,8276957829448
1651867133999,140236000000,,,-1335902211763617619,0.0,5.789419139240663,294.0,1.0,7,25,0.0,16431,503951922120915,26,34.633155822753906,-513.1093720859756,0.5759909191108776,16,-70292.3203844226,3.4028234663852886E38,1.57542003E9,,,,0,,1,,30.533157348632812,-2.0372682255564105,1.0,-2.0372682255564105,1.0,C,8276957829448
1651867133999,140236000000,,,-1335902211763617619,0.0,5.789419139240663,294.0,1.0,7,6,0.0,81921,503951928941932,7,34.38816452026367,438.6725713085707,0.5837380212400274,25,63584.440646991825,0.0034689984750002623,1.17645005E9,,,,0,,1,,30.388164520263672,1.9208527336454408,1.7317040416830634,1.9208527336454408,1.0,Q,8276957829448
1651867133999,140236000000,,,-1335902211763617619,0.0,5.789419139240663,294.0,1.0,7,24,0.0,81921,503951927172084,7,41.58971405029297,494.29800328014517,0.15,25,71673.96490744178,0.0016058421460911632,1.17645005E9,,,,0,,1,,37.58971405029297,3.143213708743226,1.7317040416830634,3.143213708743226,1.0,Q,8276957829448
1651867133999,140236000000,,,-1335902211763617619,0.0,5.789419139240663,294.0,1.0,7,25,0.0,81921,503951922121454,6,39.7696418762207,-513.6790603467543,0.15,25,-71833.02030736647,0.001866939477622509,1.17645005E9,,,,0,,1,,35.7696418762207,1.0186341127782053,1.7317040416830634,1.0186341127782053,1.0,Q,8276957829448
1651867133999,140236000000,,,-1335902211763617619,0.0,5.789419139240663,294.0,1.0,7,18,0.0,32995,82733935385963,67,31.627294540405273,168.31391097208382,0.7135473808004509,16,24086.593098493267,3.4028234663852886E38,1.60031245E9,,,,1,,3,,27.527294158935547,48.42877388000488,2.0000000474974513,48.42877388000488,2.0000000474974513,C,8276957829448
1651867133999,140236000000,,,-1335902211763617619,0.0,5.789419139240663,294.0,1.0,7,9,0.0,32995,82733922302304,48,35.64543151855469,-674.7412300032515,0.5305028217665471,25,-92420.32815924028,0.0022312940564006567,1.60087501E9,,,,0,,3,,31.54543113708496,48.42877388000488,2.0000000474974513,48.42877388000488,2.0000000474974513,C,8276957829448
1651867133999,140236000000,,,-1335902211763617619,0.0,5.789419139240663,294.0,1.0,7,15,0.0,32995,82733932243634,53,34.41473388671875,577.8613020178586,0.5876340054839932,17,79785.09094352605,0.09613731514804452,1.602E9,,,,0,,3,,30.314735412597656,48.42877388000488,2.0000000474974513,48.42877388000488,2.0000000474974513,C,8276957829448
1651867133999,140236000000,,,-1335902211763617619,0.0,5.789419139240663,294.0,1.0,7,19,0.0,32995,82733929325905,88,28.239625930786133,-413.79871738383235,0.8647968688018506,16,-57498.767511659484,3.4028234663852886E38,1.60368755E9,,,,0,,3,,24.139625549316406,48.42877388000488,2.0000000474974513,48.42877388000488,2.0000000474974513,C,8276957829448
1651867133999,140236000000,,,-1335902211763617619,0.0,5.789419139240663,294.0,1.0,7,17,0.0,32995,82733928921365,43,37.130210876464844,707.7406823875931,0.15,17,101019.6149796914,0.09542753029197382,1.60424998E9,,,,0,,3,,33.03021240234375,48.42877388000488,2.0000000474974513,48.42877388000488,2.0000000474974513,C,8276957829448
1651867133999,140236000000,,,-1335902211763617619,0.0,5.789419139240663,294.0,1.0,7,2,0.0,85026,503951914867959,22,36.47930145263672,478.55518028243296,0.15,25,67786.27480139224,0.002184743992984295,1.57542003E9,,,,0,,6,,32.379302978515625,-4.423782229423522,1.5000000237487257,-4.423782229423522,1.5000000237487257,C,8276957829448
1651867133999,140236000000,,,-1335902211763617619,0.0,5.789419139240663,294.0,1.0,7,15,0.0,85026,503951918311799,38,32.3268928527832,-316.6748953395622,299.79358196416206,16,-43272.970160134595,3.4028234663852886E38,1.57542003E9,,,,1,,6,,28.22689437866211,-4.423782229423522,1.5000000237487257,-4.423782229423522,1.5000000237487257,C,8276957829448
1651867133999,140236000000,,,-1335902211763617619,0.0,5.789419139240663,294.0,1.0,7,27,0.0,85026,503951913488704,28,33.85935974121094,-350.2809472850968,0.6113935382855638,25,-47096.964896632024,0.0029539132956415415,1.57542003E9,,,,1,,6,,29.75935935974121,-4.423782229423522,1.5000000237487257,-4.423782229423522,1.5000000237487257,C,8276957829448
1651867133999,140236000000,,,-1335902211763617619,0.0,5.789419139240663,294.0,1.0,7,30,0.0,85026,503951921547364,35,30.930986404418945,63.83934233633536,0.7430897479048526,25,10181.030518299207,0.003901576856151223,1.57542003E9,,,,0,,6,,26.83098602294922,-4.423782229423522,1.5000000237487257,-4.423782229423522,1.5000000237487257,C,8276957829448
1651867133999,140236000000,,,-1335902211763617619,0.0,5.789419139240663,294.0,1.0,7,2,0.0,84003,503951914868486,28,27.924013137817383,478.48507266936554,0.8754896404302013,16,68399.90029434103,3.4028234663852886E38,1.17645005E9,,,,0,,6,,23.924013137817383,-2.7614412829279895,2.231704065431789,-2.7614412829279895,1.5000000237487257,Q,8276957829448
1651867133999,140236000000,,,-1335902211763617619,0.0,5.789419139240663,294.0,1.0,7,15,0.0,84003,503951918312338,6,35.29756546020508,-317.78969840996683,0.5445287844188009,25,-43049.720507242906,0.003124165814369917,1.17645005E9,,,,0,,6,,31.297565460205078,-9.780214168131348,2.231704065431789,-9.780214168131348,1.5000000237487257,Q,8276957829448
1651867133999,140236000000,,,-1335902211763617619,0.0,5.789419139240663,294.0,1.0,7,27,0.0,84003,503951913489230,9,34.90571594238281,-350.6347913487166,0.5612822755350502,25,-47463.45018106807,0.003268335247412324,1.17645005E9,,,,0,,6,,30.90571403503418,-6.6402368247508985,2.231704065431789,-6.6402368247508985,1.5000000237487257,Q,8276957829448
1651867133999,140236000000,,,-1335902211763617619,0.0,5.789419139240663,294.0,1.0,7,30,0.0,84003,503951921547895,34,26.89311981201172,63.376579262282775,0.9230491789504631,16,10334.94394077415,3.4028234663852886E38,1.17645005E9,,,,0,,6,,22.89311981201172,-6.27082772552967,2.231704065431789,-6.27082772552967,1.5000000237487257,Q,8276957829448
1651867134999,141236000000,,,-1335902211763617327,0.0,6.112623217349599,293.0,1.0,7,2,0.0,16431,503952930292594,47,27.28972816467285,-41.43829418123181,0.9076865116728063,16,-5003.551737913635,3.4028234663852886E38,1.57542003E9,,,,0,,1,,23.189727783203125,0.0,1.0,0.0,1.0,C,8277991207745
1651867134999,141236000000,,,-1335902211763617327,0.0,6.112623217349599,293.0,1.0,7,6,0.0,16431,503952928939942,25,35.267189025878906,438.8650008580985,0.5487057159435373,25,62555.83976012759,0.002368262968957424,1.57542003E9,,,,1,,1,,31.167190551757812,0.320142130558394,1.0,0.320142130558394,1.0,C,8277991207745
1651867134999,141236000000,,,-1335902211763617327,0.0,6.112623217349599,293.0,1.0,7,12,0.0,16431,503952930877624,24,35.81870651245117,-191.66511411043734,0.5242532175708683,16,-25910.888433638687,3.4028234663852886E38,1.57542003E9,,,,0,,1,,31.718706130981445,-0.6984919076624261,1.0,-0.6984919076624261,1.0,C,8277991207745
1651867134999,141236000000,,,-1335902211763617327,0.0,6.112623217349599,293.0,1.0,7,17,0.0,16431,503952917251925,26,34.389488220214844,576.1695852058924,0.5896701659920396,16,83224.79143373216,3.4028234663852886E38,1.57542003E9,,,,0,,1,,30.289487838745117,-0.7858034271858065,1.0,-0.7858034271858065,1.0,C,8277991207745
1651867134999,141236000000,,,-1335902211763617327,0.0,6.112623217349599,293.0,1.0,7,19,0.0,16431,503952923903309,23,36.164764404296875,600.4974381771353,0.15,16,86353.09752088634,3.4028234663852886E38,1.57542003E9,,,,0,,1,,32.06476593017578,0.0,1.0,0.0,1.0,C,8277991207745
1651867134999,141236000000,,,-1335902211763617327,0.0,6.112623217349599,293.0,1.0,7,20,0.0,16431,503952920242596,41,29.135671615600586,-487.83917327433346,0.826466220461906,16,-67140.83265506638,3.4028234663852886E38,1.57542003E9,,,,0,,1,,25.03567123413086,0.0,1.0,0.0,1.0,C,8277991207745
1651867134999,141236000000,,,-1335902211763617327,0.0,6.112623217349599,293.0,1.0,7,24,0.0,16431,503952927169918,23,36.003257751464844,493.60994664786267,0.15,25,70646.96326304993,0.0021758372895419598,1.57542003E9,,,,0,,1,,31.90325927734375,-0.20372681261465636,1.0,-0.20372681261465636,1.0,C,8277991207745
1651867134999,141236000000,,,-1335902211763617327,0.0,6.112623217349599,293.0,1.0,7,25,0.0,16431,503952922122642,21,37.33563995361328,-514.0067631662212,0.15,25,-70805.80906952356,0.0018664117669686675,1.57542003E9,,,,0,,1,,33.23564147949219,-2.0372682255564105,1.0,-2.0372682255564105,1.0,C,8277991207745
1651867134999,141236000000,,,-1335902211763617327,0.0,6.112623217349599,293.0,1.0,7,6,0.0,81921,503952928940468,11,32.49232482910156,439.81269764417175,0.6689914918958575,25,64023.33803126205,0.004315150901675224,1.17645005E9,,,,0,,1,,28.492326736450195,1.9208527336454408,1.730480654400705,1.9208527336454408,1.0,Q,8277991207745
1651867134999,141236000000,,,-1335902211763617327,0.0,6.112623217349599,293.0,1.0,7,24,0.0,81921,503952927170434,7,40.14139175415039,493.880118280719,0.15,25,72168.26001477937,0.0018972259713336825,1.17645005E9,,,,0,,1,,36.14139175415039,3.143213708743226,1.730480654400705,3.143213708743226,1.0,Q,8277991207745
1651867134999,141236000000,,,-1335902211763617327,0.0,6.112623217349599,293.0,1.0,7,25,0.0,81921,503952922123170,10,36.15713882446289,-513.7912257111709,0.15,25,-72346.43877621126,0.0028297973331063986,1.17645005E9,,,,0,,1,,32.15713882446289,1.0186341127782053,1.730480654400705,1.0186341127782053,1.0,Q,8277991207745
1651867134999,141236000000,,,-1335902211763617327,0.0,6.112623217349599,293.0,1.0,7,18,0.0,32995,82734935385429,70,31.058908462524414,168.20433587436298,0.7391069599044302,16,24254.30461637244,3.4028234663852886E38,1.60031245E9,,,,0,,3,,26.958908081054688,48.42877388000488,2.0000000474974513,48.42877388000488,2.0000000474974513,C,8277991207745
1651867134999,141236000000,,,-1335902211763617327,0.0,6.112623217349599,293.0,1.0,7,9,0.0,32995,82734922304569,40,38.082061767578125,-675.2984781673995,0.15,25,-93095.38113281099,0.0017877285135909915,1.60087501E9,,,,0,,3,,33.98206329345703,48.42877388000488,2.0000000474974513,48.42877388000488,2.0000000474974513,C,8277991207745
1651867134999,141236000000,,,-1335902211763617327,0.0,6.112623217349599,293.0,1.0,7,15,0.0,32995,82734932241723,75,30.278047561645508,577.5170692069782,0.7736558534835987,16,80362.71580788001,3.4028234663852886E38,1.602E9,,,,0,,3,,26.17804718017578,48.42877388000488,2.0000000474974513,48.42877388000488,2.0000000474974513,C,8277991207745
1651867134999,141236000000,,,-1335902211763617327,0.0,6.112623217349599,293.0,1.0,7,19,0.0,32995,82734929327280,101,26.586076736450195,-413.7448671025263,0.9391554029456195,16,-57913.77593023266,3.4028234663852886E38,1.60368755E9,,,,0,,3,,22.48607635498047,48.42877388000488,2.0000000474974513,48.42877388000488,2.0000000474974513,C,8277991207745
1651867134999,141236000000,,,-1335902211763617327,0.0,6.112623217349599,293.0,1.0,7,17,0.0,32995,82734928919029,42,37.34952926635742,708.0598305104727,0.15,16,101727.12274263709,3.4028234663852886E38,1.60424998E9,,,,0,,3,,33.24953079223633,48.42877388000488,2.0000000474974513,48.42877388000488,2.0000000474974513,C,8277991207745
1651867134999,141236000000,,,-1335902211763617327,0.0,6.112623217349599,293.0,1.0,7,2,0.0,85026,503952914866366,24,35.617332458496094,478.30924127616436,0.5318676510753111,16,68264.55909008543,3.4028234663852886E38,1.57542003E9,,,,0,,6,,31.517333984375,-4.423782229423522,1.5000000237487257,-4.423782229423522,1.5000000237487257,C,8277991207745
1651867134999,141236000000,,,-1335902211763617327,0.0,6.112623217349599,293.0,1.0,7,15,0.0,85026,503952918312885,38,32.138404846191406,-316.57046669277634,299.79358196416206,16,-43587.14827317798,3.4028234663852886E38,1.57542003E9,,,,0,,6,,28.038406372070312,-4.423782229423522,1.5000000237487257,-4.423782229423522,1.5000000237487257,C,8277991207745
1651867134999,141236000000,,,-1335902211763617327,0.0,6.112623217349599,293.0,1.0,7,27,0.0,85026,503952913489864,24,35.370872497558594,-351.07189885362163,0.5434226689133101,25,-47447.55243123723,0.002482115989550948,1.57542003E9,,,,1,,6,,31.2708740234375,-4.423782229423522,1.5000000237487257,-4.423782229423522,1.5000000237487257,C,8277991207745
1651867134999,141236000000,,,-1335902211763617327,0.0,6.112623217349599,293.0,1.0,7,30,0.0,85026,503952921547147,35,30.97923469543457,63.52966913636911,0.7409199868299288,16,10244.658454303473,3.4028234663852886E38,1.57542003E9,,,,0,,6,,26.879234313964844,-4.423782229423522,1.5000000237487257,-4.423782229423522,1.5000000237487257,C,8277991207745
1651867134999,141236000000,,,-1335902211763617327,0.0,6.112623217349599,293.0,1.0,7,2,0.0,84003,503952914866891,51,25.815017700195312,478.7144135193075,0.9703285357138802,25,68878.31998889716,0.009308107197284698,1.17645005E9,,,,0,,6,,21.815017700195312,-2.7614412829279895,2.230480678149431,-2.7614412829279895,1.5000000237487257,Q,8277991207745
1651867134999,141236000000,,,-1335902211763617327,0.0,6.112623217349599,293.0,1.0,7,15,0.0,84003,503952918313399,8,34.857173919677734,-317.357362448975,0.5643328550957354,25,-43367.60123223189,0.0032866511028259993,1.17645005E9,,,,0,,6,,30.857173919677734,-9.780214168131348,2.230480678149431,-9.780214168131348,1.5000000237487257,Q,8277991207745
1651867134999,141236000000,,,-1335902211763617327,0.0,6.112623217349599,293.0,1.0,7,27,0.0,84003,503952913490397,9,33.76262664794922,-351.0467460007078,0.6126859423742168,25,-47813.903394929315,0.0037280439864844084,1.17645005E9,,,,0,,6,,29.762624740600586,-6.6402368247508985,2.230480678149431,-6.6402368247508985,1.5000000237487257,Q,8277991207745
1651867134999,141236000000,,,-1335902211763617327,0.0,6.112623217349599,293.0,1.0,7,30,0.0,84003,503952921547679,45,25.72989273071289,63.80352167452989,0.9753581610410169,16,10395.598306344982,3.4028234663852886E38,1.17645005E9,,,,0,,6,,21.72989273071289,-6.27082772552967,2.230480678149431,-6.27082772552967,1.5000000237487257,Q,8277991207745
1651867135999,142236000000,,,-1335902211763617035,0.0,5.894720013795653,292.0,1.0,7,2,0.0,16431,503953930292729,27,33.91353225708008,-40.77781025627627,0.609821551545747,17,-5044.335617643354,0.09791449682143306,1.57542003E9,,,,0,,1,,29.81353187561035,0.0,1.0,0.0,1.0,C,8279007255312
1651867135999,142236000000,,,-1335902211763617035,0.0,5.894720013795653,292.0,1.0,7,6,0.0,16431,503953928938471,13,42.51080322265625,438.590057681329,0.15,25,62994.364852008344,0.0010910019045695662,1.57542003E9,,,,0,,1,,38.410804748535156,0.320142130558394,1.0,0.320142130558394,1.0,C,8279007255312
1651867135999,142236000000,,,-1335902211763617035,0.0,5.894720013795653,292.0,1.0,7,12,0.0,16431,503953930878260,15,40.969200134277344,-191.8922225594771,0.15,17,-26102.604043925046,0.09644972001024311,1.57542003E9,,,,0,,1,,36.86920166015625,-0.6984919076624261,1.0,-0.6984919076624261,1.0,C,8279007255312
1651867135999,142236000000,,,-1335902211763617035,0.0,5.894720013795653,292.0,1.0,7,17,0.0,16431,503953917249990,21,37.36730194091797,576.4220680438134,0.15,17,83801.33608568547,0.09711926189538812,1.57542003E9,,,,0,,1,,33.267303466796875,-0.7858034271858065,1.0,-0.7858034271858065,1.0,C,8279007255312
1651867135999,142236000000,,,-1335902211763617035,0.0,5.894720013795653,292.0,1.0,7,19,0.0,16431,503953923901307,13,42.595985412597656,600.3390910841304,0.15,17,86953.57446821296,0.09622719119124835,1.57542003E9,,,,0,,1,,38.49598693847656,0.0,1.0,0.0,1.0,C,8279007255312
1651867135999,142236000000,,,-1335902211763617035,0.0,5.894720013795653,292.0,1.0,7,20,0.0,16431,503953920244236,45,27.919160842895508,-488.2692597931948,0.8811716918440178,21,-67629.20770513164,0.10066546840880787,1.57542003E9,,,,0,,1,,23.81916046142578,0.0,1.0,0.0,1.0,C,8279007255312
1651867135999,142236000000,,,-1335902211763617035,0.0,5.894720013795653,292.0,1.0,7,24,0.0,16431,503953927168252,13,43.07771301269531,494.1984143421855,0.15,25,71141.18252922251,0.0010220686672255397,1.57542003E9,,,,0,,1,,38.97771453857422,-0.20372681261465636,1.0,-0.20372681261465636,1.0,C,8279007255312
1651867135999,142236000000,,,-1335902211763617035,0.0,5.894720013795653,292.0,1.0,7,25,0.0,16431,503953922124355,15,41.19171142578125,-513.7480091563,0.15,25,-71319.49986228776,0.0012699307408183813,1.57542003E9,,,,0,,1,,37.091712951660156,-2.0372682255564105,1.0,-2.0372682255564105,1.0,C,8279007255312
1651867135999,142236000000,,,-1335902211763617035,0.0,5.894720013795653,292.0,1.0,7,6,0.0,81921,503953928939008,18,30.40485954284668,438.43566415328064,0.7628621658316375,16,64463.63660554787,3.4028234663852886E38,1.17645005E9,,,,0,,1,,26.40485954284668,1.9208527336454408,1.7286854616782843,1.9208527336454408,1.0,Q,8279007255312
1651867135999,142236000000,,,-1335902211763617035,0.0,5.894720013795653,292.0,1.0,7,24,0.0,81921,503953927168786,7,36.40907669067383,494.1267048536615,0.15,16,72662.73671493963,3.4028234663852886E38,1.17645005E9,,,,0,,1,,32.40907669067383,3.143213708743226,1.7286854616782843,3.143213708743226,1.0,Q,8279007255312
1651867135999,142236000000,,,-1335902211763617035,0.0,5.894720013795653,292.0,1.0,7,25,0.0,81921,503953922124879,8,37.06951904296875,-513.8122545868455,0.15,25,-72860.11629056225,0.0027021695859730244,1.17645005E9,,,,0,,1,,33.06951904296875,1.0186341127782053,1.7286854616782843,1.0186341127782053,1.0,Q,8279007255312
1651867135999,142236000000,,,-1335902211763617035,0.0,5.894720013795653,292.0,1.0,7,18,0.0,32995,82735935384842,33,42.770938873291016,167.76629110190356,0.15,17,24422.095799071212,0.09470919086486586,1.60031245E9,,,,0,,3,,38.67094039916992,48.42877388000488,2.0000000474974513,48.42877388000488,2.0000000474974513,C,8279007255312
1651867135999,142236000000,,,-1335902211763617035,0.0,5.894720013795653,292.0,1.0,7,9,0.0,32995,82735922306774,33,41.88801574707031,-675.2449005457456,0.15,25,-93770.54974720314,0.0011534633813425899,1.60087501E9,,,,0,,3,,37.78801727294922,48.42877388000488,2.0000000474974513,48.42877388000488,2.0000000474974513,C,8279007255312
1651867135999,142236000000,,,-1335902211763617035,0.0,5.894720013795653,292.0,1.0,7,15,0.0,32995,82735932239830,95,27.249631881713867,577.1155097042265,0.9098399637597456,16,80940.3456140507,3.4028234663852886E38,1.602E9,,,,0,,3,,23.14963150024414,48.42877388000488,2.0000000474974513,48.42877388000488,2.0000000474974513,C,8279007255312
1651867135999,142236000000,,,-1335902211763617035,0.0,5.894720013795653,292.0,1.0,7,19,0.0,32995,82735929328520,58,33.3575325012207,-414.50381524437626,0.6346508208245081,17,-58328.2759363247,0.09636833178925135,1.60368755E9,,,,0,,3,,29.25753402709961,48.42877388000488,2.0000000474974513,48.42877388000488,2.0000000474974513,C,8279007255312
1651867135999,142236000000,,,-1335902211763617035,0.0,5.894720013795653,292.0,1.0,7,17,0.0,32995,82735928916648,33,44.376861572265625,707.311720589797,0.15,17,102434.54114203466,0.09430121624424981,1.60424998E9,,,,0,,3,,40.27686309814453,48.42877388000488,2.0000000474974513,48.42877388000488,2.0000000474974513,C,8279007255312
1651867135999,142236000000,,,-1335902211763617035,0.0,5.894720013795653,292.0,1.0,7,2,0.0,85026,503953914864775,23,35.87338638305664,478.2289089261401,0.5203528731688902,25,68742.95438314318,0.0023425898980349302,1.57542003E9,,,,0,,6,,31.773387908935547,-4.423782229423522,1.5000000237487257,-4.423782229423522,1.5000000237487257,C,8279007255312
1651867135999,142236000000,,,-1335902211763617035,0.0,5.894720013795653,292.0,1.0,7,15,0.0,85026,503953918313946,19,38.21818161010742,-318.4987839179239,0.15,16,-43903.324683046274,3.4028234663852886E38,1.57542003E9,,,,0,,6,,34.11818313598633,-4.423782229423522,1.5000000237487257,-4.423782229423522,1.5000000237487257,C,8279007255312
1651867135999,142236000000,,,-1335902211763617035,0.0,5.894720013795653,292.0,1.0,7,27,0.0,85026,503953913491017,27,34.200889587402344,-350.634689101347,0.5960356638533555,29,-47798.22210452563,0.0028400192968547344,1.57542003E9,,,,1,,6,,30.100889205932617,-4.423782229423522,1.5000000237487257,-4.423782229423522,1.5000000237487257,C,8279007255312
1651867135999,142236000000,,,-1335902211763617035,0.0,5.894720013795653,292.0,1.0,7,30,0.0,85026,503953921546940,16,42.77722930908203,63.42074586562927,0.15,25,10308.133271062843,0.0011152776423841715,1.57542003E9,,,,0,,6,,38.67723083496094,-4.423782229423522,1.5000000237487257,-4.423782229423522,1.5000000237487257,C,8279007255312
1651867135999,142236000000,,,-1335902211763617035,0.0,5.894720013795653,292.0,1.0,7,2,0.0,84003,503953914865296,19,29.681377410888672,478.1316716776805,0.7964623422811905,25,69356.606594584,0.005964080803096294,1.17645005E9,,,,0,,6,,25.681377410888672,-2.7614412829279895,2.22868548542701,-2.7614412829279895,1.5000000237487257,Q,8279007255312
1651867135999,142236000000,,,-1335902211763617035,0.0,5.894720013795653,292.0,1.0,7,15,0.0,84003,503953918314458,13,32.34666442871094,-318.4363448575741,0.6772277970972458,16,-43685.58205385249,3.4028234663852886E38,1.17645005E9,,,,0,,6,,28.34666633605957,-9.780214168131348,2.22868548542701,-9.780214168131348,1.5000000237487257,Q,8279007255312
1651867135999,142236000000,,,-1335902211763617035,0.0,5.894720013795653,292.0,1.0,7,27,0.0,84003,503953913491568,7,35.461788177490234,-350.7582380062422,0.5362767360514602,25,-48164.564566939625,0.0030656526796519756,1.17645005E9,,,,0,,6,,31.461788177490234,-6.6402368247508985,2.22868548542701,-6.6402368247508985,1.5000000237487257,Q,8279007255312
1651867135999,142236000000,,,-1335902211763617035,0.0,5.894720013795653,292.0,1.0,7,30,0.0,84003,503953921547472,10,32.58409881591797,63.487781797302574,0.667132267265619,25,10457.931988957698,0.004269798286259174,1.17645005E9,,,,0,,6,,28.58409881591797,-6.27082772552967,2.22868548542701,-6.27082772552967,1.5000000237487257,Q,8279007255312
1651867136999,143236000000,,,-1335902211763616744,0.0,6.075513919096214,292.0,1.0,7,2,0.0,16431,503954930292853,23,35.9296875,-40.928203355990235,0.519157357782325,17,-5085.223262407167,0.09734118232791102,1.57542003E9,,,,0,,1,,31.829687118530273,0.0,1.0,0.0,1.0,C,8280010202212
1651867136999,143236000000,,,-1335902211763616744,0.0,6.075513919096214,292.0,1.0,7,6,0.0,16431,503954928937013,15,40.94966506958008,438.41821393554096,0.15,25,63432.8486348964,0.0013058173935860395,1.57542003E9,,,,0,,1,,36.849666595458984,0.320142130558394,1.0,0.320142130558394,1.0,C,8280010202212
1651867136999,143236000000,,,-1335902211763616744,0.0,6.075513919096214,292.0,1.0,7,12,0.0,16431,503954930878909,14,41.946617126464844,-191.98276260522994,0.15,17,-26294.491181806774,0.0963110558577699,1.57542003E9,,,,0,,1,,37.84661865234375,-0.6984919076624261,1.0,-0.6984919076624261,1.0,C,8280010202212
1651867136999,143236000000,,,-1335902211763616744,0.0,6.075513919096214,292.0,1.0,7,17,0.0,16431,503954917248069,24,35.75819778442383,576.003058323322,0.5281200120547067,17,84377.64410122912,0.09738493656095838,1.57542003E9,,,,0,,1,,31.658199310302734,-0.7858034271858065,1.0,-0.7858034271858065,1.0,C,8280010202212
1651867136999,143236000000,,,-1335902211763616744,0.0,6.075513919096214,292.0,1.0,7,19,0.0,16431,503954923899297,15,40.98155975341797,600.1602945172117,0.15,17,87553.84968813436,0.09644786737681156,1.57542003E9,,,,0,,1,,36.881561279296875,0.0,1.0,0.0,1.0,C,8280010202212
1651867136999,143236000000,,,-1335902211763616744,0.0,6.075513919096214,292.0,1.0,7,20,0.0,16431,503954920245854,44,28.225727081298828,-488.6619237747941,0.8673860038535199,16,-68117.74802678238,3.4028234663852886E38,1.57542003E9,,,,0,,1,,24.1257266998291,0.0,1.0,0.0,1.0,C,8280010202212
1651867136999,143236000000,,,-1335902211763616744,0.0,6.075513919096214,292.0,1.0,7,24,0.0,16431,503954927166604,13,42.947696685791016,494.1507670679666,0.15,25,71635.31362434196,0.0010374825214967132,1.57542003E9,,,,0,,1,,38.84769821166992,-0.20372681261465636,1.0,-0.20372681261465636,1.0,C,8280010202212
1651867136999,143236000000,,,-1335902211763616744,0.0,6.075513919096214,292.0,1.0,7,25,0.0,16431,503954922126065,14,41.98441696166992,-513.9503567006759,0.15,25,-71833.35736801285,0.0011591636575758457,1.57542003E9,,,,0,,1,,37.88441848754883,-2.0372682255564105,1.0,-2.0372682255564105,1.0,C,8280010202212
1651867136999,143236000000,,,-1335902211763616744,0.0,6.075513919096214,292.0,1.0,7,6,0.0,81921,503954928937544,38,27.456680297851562,438.58211646895916,0.8954381954272193,16,64901.0028909203,3.4028234663852886E38,1.17645005E9,,,,0,,1,,23.456680297851562,1.9208527336454408,1.7268785882988387,1.9208527336454408,1.0,Q,8280010202212
1651867136999,143236000000,,,-1335902211763616744,0.0,6.075513919096214,292.0,1.0,7,24,0.0,81921,503954927167138,11,32.57820129394531,493.95745137456925,0.66481079931879,16,73156.57619837165,3.4028234663852886E38,1.17645005E9,,,,0,,1,,28.578201293945312,3.143213708743226,1.7268785882988387,3.143213708743226,1.0,Q,8280010202212
1651867136999,143236000000,,,-1335902211763616744,0.0,6.075513919096214,292.0,1.0,7,25,0.0,81921,503954922126595,9,36.473876953125,-513.8591520470209,0.15,25,-73373.98817518586,0.002893974771723151,1.17645005E9,,,,0,,1,,32.473876953125,1.0186341127782053,1.7268785882988387,1.0186341127782053,1.0,Q,8280010202212
1651867136999,143236000000,,,-1335902211763616744,0.0,6.075513919096214,292.0,1.0,7,18,0.0,32995,82736935384272,33,42.639060974121094,167.73103280063071,0.15,17,24589.836545118877,0.09472513766848036,1.60031245E9,,,,0,,3,,38.5390625,48.42877388000488,2.0000000474974513,48.42877388000488,2.0000000474974513,C,8280010202212
1651867136999,143236000000,,,-1335902211763616744,0.0,6.075513919096214,292.0,1.0,7,9,0.0,32995,82736922309039,33,40.78294372558594,-675.4843638852749,0.15,25,-94445.8892570992,0.0013099581701681018,1.60087501E9,,,,0,,3,,36.682945251464844,48.42877388000488,2.0000000474974513,48.42877388000488,2.0000000474974513,C,8280010202212
1651867136999,143236000000,,,-1335902211763616744,0.0,6.075513919096214,292.0,1.0,7,15,0.0,32995,82736932237918,78,29.699247360229492,577.5452213160661,0.799683200989894,16,81518.23448647402,3.4028234663852886E38,1.602E9,,,,0,,3,,25.599246978759766,48.42877388000488,2.0000000474974513,48.42877388000488,2.0000000474974513,C,8280010202212
1651867136999,143236000000,,,-1335902211763616744,0.0,6.075513919096214,292.0,1.0,7,19,0.0,32995,82736929329952,55,34.127376556396484,-414.6185027105755,0.6000321647171445,17,-58742.81396739155,0.09612248055751242,1.60368755E9,,,,0,,3,,30.027376174926758,48.42877388000488,2.0000000474974513,48.42877388000488,2.0000000474974513,C,8280010202212
1651867136999,143236000000,,,-1335902211763616744,0.0,6.075513919096214,292.0,1.0,7,17,0.0,32995,82736928914302,33,42.52689743041992,707.1582132056183,0.15,17,103141.8227641423,0.09450636309154259,1.60424998E9,,,,0,,3,,38.42689895629883,48.42877388000488,2.0000000474974513,48.42877388000488,2.0000000474974513,C,8280010202212
1651867136999,143236000000,,,-1335902211763616744,0.0,6.075513919096214,292.0,1.0,7,2,0.0,85026,503954914863199,27,34.10551452636719,478.10542818615795,0.5998518339071439,25,69221.21938483426,0.002707158215343952,1.57542003E9,,,,1,,6,,30.005516052246094,-4.423782229423522,1.5000000237487257,-4.423782229423522,1.5000000237487257,C,8280010202212
1651867136999,143236000000,,,-1335902211763616744,0.0,6.075513919096214,292.0,1.0,7,15,0.0,85026,503954918315007,21,36.921043395996094,-317.89627425151366,0.15,25,-44221.505526044515,0.0020764118526130915,1.57542003E9,,,,0,,6,,32.821044921875,-4.423782229423522,1.5000000237487257,-4.423782229423522,1.5000000237487257,C,8280010202212
1651867136999,143236000000,,,-1335902211763616744,0.0,6.075513919096214,292.0,1.0,7,27,0.0,85026,503954913492198,28,33.84495544433594,-351.0638213114257,0.612041837199774,25,-48149.108786502475,0.0027895979583263397,1.57542003E9,,,,0,,6,,29.744956970214844,-4.423782229423522,1.5000000237487257,-4.423782229423522,1.5000000237487257,C,8280010202212
1651867136999,143236000000,,,-1335902211763616744,0.0,6.075513919096214,292.0,1.0,7,30,0.0,85026,503954921546725,14,44.37501525878906,63.22410713272092,0.15,25,10371.513878653202,9.278838988393545E-4,1.57542003E9,,,,0,,6,,40.27501678466797,-4.423782229423522,1.5000000237487257,-4.423782229423522,1.5000000237487257,C,8280010202212
1651867136999,143236000000,,,-1335902211763616744,0.0,6.075513919096214,292.0,1.0,7,2,0.0,84003,503954914863699,26,28.206829071044922,477.99782987091544,0.8627708930903824,25,69834.80571992241,0.007067582104355097,1.17645005E9,,,,0,,6,,24.206829071044922,-2.7614412829279895,2.2268786120475643,-2.7614412829279895,1.5000000237487257,Q,8280010202212
1651867136999,143236000000,,,-1335902211763616744,0.0,6.075513919096214,292.0,1.0,7,15,0.0,84003,503954918315519,23,28.87717056274414,-317.77136204835756,0.8332472313966894,25,-44003.728901520066,0.006542650517076254,1.17645005E9,,,,0,,6,,24.87717056274414,-9.780214168131348,2.2268786120475643,-9.780214168131348,1.5000000237487257,Q,8280010202212
1651867136999,143236000000,,,-1335902211763616744,0.0,6.075513919096214,292.0,1.0,7,27,0.0,84003,503954913492740,9,33.955604553222656,-350.8246987964617,0.6040083625550752,25,-48515.396112677634,0.0036461306735873222,1.17645005E9,,,,0,,6,,29.955602645874023,-6.6402368247508985,2.2268786120475643,-6.6402368247508985,1.5000000237487257,Q,8280010202212
1651867136999,143236000000,,,-1335902211763616744,0.0,6.075513919096214,292.0,1.0,7,30,0.0,84003,503954921547261,7,33.790069580078125,63.20067970416855,0.6129009547464213,25,10521.30637050767,0.003716282080858946,1.17645005E9,,,,0,,6,,29.790071487426758,-6.27082772552967,2.2268786120475643,-6.27082772552967,1.5000000237487257,Q,8280010202212
1651867137999,144236000000,,,-1335902211763616454,0.0,6.457744780890238,291.0,1.0,7,2,0.0,16431,503955930292984,26,34.6292724609375,-40.90517639630201,0.577635530772699,17,-5126.161037303028,0.0976955782743988,1.57542003E9,,,,0,,1,,30.529272079467773,0.0,1.0,0.0,1.0,C,8280995227074
1651867137999,144236000000,,,-1335902211763616454,0.0,6.457744780890238,291.0,1.0,7,6,0.0,16431,503955928935566,22,36.594093322753906,438.4319832479762,0.15,25,63871.188199411634,0.00215606065467,1.57542003E9,,,,0,,1,,32.49409484863281,0.320142130558394,1.0,0.320142130558394,1.0,C,8280995227074
1651867137999,144236000000,,,-1335902211763616454,0.0,6.457744780890238,291.0,1.0,7,12,0.0,16431,503955930879554,15,41.65087127685547,-191.92289677034762,0.15,17,-26486.435072493365,0.0963513786327911,1.57542003E9,,,,0,,1,,37.550872802734375,-0.6984919076624261,1.0,-0.6984919076624261,1.0,C,8280995227074
1651867137999,144236000000,,,-1335902211763616454,0.0,6.457744780890238,291.0,1.0,7,17,0.0,16431,503955917246124,35,30.96489143371582,576.738285075432,0.743669415934932,16,84953.1117720914,3.4028234663852886E38,1.57542003E9,,,,0,,1,,26.864891052246094,-0.7858034271858065,1.0,-0.7858034271858065,1.0,C,8280995227074
1651867137999,144236000000,,,-1335902211763616454,0.0,6.457744780890238,291.0,1.0,7,19,0.0,16431,503955923897314,18,39.11699295043945,600.0896756672964,0.15,17,88153.9714056922,0.09675939687349623,1.57542003E9,,,,0,,1,,35.01699447631836,0.0,1.0,0.0,1.0,C,8280995227074
1651867137999,144236000000,,,-1335902211763616454,0.0,6.457744780890238,291.0,1.0,7,20,0.0,16431,503955920247514,39,29.668323516845703,-488.72460141233955,0.8025144413040115,17,-68606.50257604408,0.09965888006900227,1.57542003E9,,,,0,,1,,25.568323135375977,0.0,1.0,0.0,1.0,C,8280995227074
1651867137999,144236000000,,,-1335902211763616454,0.0,6.457744780890238,291.0,1.0,7,24,0.0,16431,503955927164960,17,39.80363845825195,494.0158346225928,0.15,25,72129.32715927536,0.0014899912057444453,1.57542003E9,,,,0,,1,,35.70363998413086,-0.20372681261465636,1.0,-0.20372681261465636,1.0,C,8280995227074
1651867137999,144236000000,,,-1335902211763616454,0.0,6.457744780890238,291.0,1.0,7,25,0.0,16431,503955922127787,14,41.988990783691406,-513.9716582360027,0.15,25,-72347.37007106486,0.0011585535248741508,1.57542003E9,,,,0,,1,,37.88899230957031,-2.0372682255564105,1.0,-2.0372682255564105,1.0,C,8280995227074
1651867137999,144236000000,,,-1335902211763616454,0.0,6.457744780890238,291.0,1.0,7,6,0.0,81921,503955928936083,36,26.860488891601562,438.44987653765065,0.9222480415202834,25,65339.540214636836,0.00825254525989294,1.17645005E9,,,,0,,1,,22.860488891601562,1.9208527336454408,1.7254672667006878,1.9208527336454408,1.0,Q,8280995227074
1651867137999,144236000000,,,-1335902211763616454,0.0,6.457744780890238,291.0,1.0,7,24,0.0,81921,503955927165490,29,28.159597396850586,494.0682875231814,0.8635100563662208,16,73648.45965987667,3.4028234663852886E38,1.17645005E9,,,,0,,1,,24.159597396850586,3.143213708743226,1.7254672667006878,3.143213708743226,1.0,Q,8280995227074
1651867137999,144236000000,,,-1335902211763616454,0.0,6.457744780890238,291.0,1.0,7,25,0.0,81921,503955922128310,8,34.12287139892578,-514.0471167947442,0.5944424421455099,25,-73888.00788964954,0.003576587652787566,1.17645005E9,,,,0,,1,,30.12286949157715,1.0186341127782053,1.7254672667006878,1.0186341127782053,1.0,Q,8280995227074
1651867137999,144236000000,,,-1335902211763616454,0.0,6.457744780890238,291.0,1.0,7,18,0.0,32995,82737935383721,33,41.85401153564453,167.7276415962067,0.15,17,24757.532045845634,0.0948252435529653,1.60031245E9,,,,0,,3,,37.75401306152344,48.42877388000488,2.0000000474974513,48.42877388000488,2.0000000474974513,C,8280995227074
1651867137999,144236000000,,,-1335902211763616454,0.0,6.457744780890238,291.0,1.0,7,9,0.0,32995,82737922311284,33,43.569393157958984,-675.4182439196206,0.15,25,-95121.36108221015,9.50462301261723E-4,1.60087501E9,,,,0,,3,,39.46939468383789,48.42877388000488,2.0000000474974513,48.42877388000488,2.0000000474974513,C,8280995227074
1651867137999,144236000000,,,-1335902211763616454,0.0,6.457744780890238,291.0,1.0,7,15,0.0,32995,82737932235941,90,27.981632232666016,577.8766391232939,0.8769221021136278,16,82095.85375534548,3.4028234663852886E38,1.602E9,,,,0,,3,,23.88163185119629,48.42877388000488,2.0000000474974513,48.42877388000488,2.0000000474974513,C,8280995227074
1651867137999,144236000000,,,-1335902211763616454,0.0,6.457744780890238,291.0,1.0,7,19,0.0,32995,82737929331292,64,32.128578186035156,-414.60020043142276,0.6899160566146283,17,-59157.42730519166,0.09680888368862488,1.60368755E9,,,,0,,3,,28.02857780456543,48.42877388000488,2.0000000474974513,48.42877388000488,2.0000000474974513,C,8280995227074
1651867137999,144236000000,,,-1335902211763616454,0.0,6.457744780890238,291.0,1.0,7,17,0.0,32995,82737928911937,33,41.97541809082031,707.2336717643598,0.15,17,103848.97590678974,0.09457646362531857,1.60424998E9,,,,0,,3,,37.87541961669922,48.42877388000488,2.0000000474974513,48.42877388000488,2.0000000474974513,C,8280995227074
1651867137999,144236000000,,,-1335902211763616454,0.0,6.457744780890238,291.0,1.0,7,2,0.0,85026,503955914861594,33,31.50303077697754,478.1292859057239,0.7168824024250462,25,69699.28283658289,0.0036529013887047768,1.57542003E9,,,,1,,6,,27.403030395507812,-4.423782229423522,1.5000000237487257,-4.423782229423522,1.5000000237487257,C,8280995227074
1651867137999,144236000000,,,-1335902211763616454,0.0,6.457744780890238,291.0,1.0,7,15,0.0,85026,503955918316067,28,33.63340377807617,-318.4022624010513,0.6217032816818202,25,-44539.87478818303,0.0030317644122987986,1.57542003E9,,,,0,,6,,29.533405303955078,-4.423782229423522,1.5000000237487257,-4.423782229423522,1.5000000237487257,C,8280995227074
1651867137999,144236000000,,,-1335902211763616454,0.0,6.457744780890238,291.0,1.0,7,27,0.0,85026,503955913493387,22,36.851280212402344,-350.8898303708768,0.15,25,-48500.0791292789,0.0020931565668433905,1.57542003E9,,,,0,,6,,32.75128173828125,-4.423782229423522,1.5000000237487257,-4.423782229423522,1.5000000237487257,C,8280995227074
1651867137999,144236000000,,,-1335902211763616454,0.0,6.457744780890238,291.0,1.0,7,30,0.0,85026,503955921546504,19,40.6675910949707,63.29753352499225,0.15,25,10434.775847776402,0.0014218861469998956,1.57542003E9,,,,0,,6,,36.56759262084961,-4.423782229423522,1.5000000237487257,-4.423782229423522,1.5000000237487257,C,8280995227074
1651867137999,144236000000,,,-1335902211763616454,0.0,6.457744780890238,291.0,1.0,7,2,0.0,84003,503955914862102,56,24.754018783569336,477.4467506313981,1.0180395148368557,16,70312.86987926999,3.4028234663852886E38,1.17645005E9,,,,0,,6,,20.754018783569336,-2.7614412829279895,2.2254672904494135,-2.7614412829279895,1.5000000237487257,Q,8280995227074
1651867137999,144236000000,,,-1335902211763616454,0.0,6.457744780890238,291.0,1.0,7,15,0.0,84003,503955918316581,32,27.451433181762695,-318.3524679320715,0.8973612580961401,25,-44322.07300510656,0.00770975649356842,1.17645005E9,,,,0,,6,,23.451433181762695,-9.780214168131348,2.2254672904494135,-9.780214168131348,1.5000000237487257,Q,8280995227074
1651867137999,144236000000,,,-1335902211763616454,0.0,6.457744780890238,291.0,1.0,7,27,0.0,84003,503955913493913,15,30.9060115814209,-351.0265691864463,0.7411453171333071,25,-48866.4205647877,0.005179785657674074,1.17645005E9,,,,0,,6,,26.9060115814209,-6.6402368247508985,2.2254672904494135,-6.6402368247508985,1.5000000237487257,Q,8280995227074
1651867137999,144236000000,,,-1335902211763616454,0.0,6.457744780890238,291.0,1.0,7,30,0.0,84003,503955921547048,16,30.608402252197266,63.38516378101946,0.7559769770756466,25,10584.60502929575,0.0053603374399244785,1.17645005E9,,,,0,,6,,26.608402252197266,-6.27082772552967,2.2254672904494135,-6.27082772552967,1.5000000237487257,Q,8280995227074
1651867138999,145236000000,,,-1335902211763616163,0.0,6.250182587262757,291.0,1.0,7,2,0.0,16431,503956930293116,19,38.57395935058594,-40.99136240823407,0.15,17,-5167.083840115156,0.09686343072735494,1.57542003E9,,,,0,,1,,34.473960876464844,0.0,1.0,0.0,1.0,C,8281998698469
1651867138999,145236000000,,,-1335902211763616163,0.0,6.250182587262757,291.0,1.0,7,6,0.0,16431,503956928934084,19,38.2351188659668,438.3520598874302,0.15,25,64309.685282345046,0.001784882857464254,1.57542003E9,,,,0,,1,,34.1351203918457,0.320142130558394,1.0,0.320142130558394,1.0,C,8281998698469
1651867138999,145236000000,,,-1335902211763616163,0.0,6.250182587262757,291.0,1.0,7,12,0.0,16431,503956930880195,16,40.77294158935547,-192.0199976889811,0.15,17,-26678.41915681466,0.0964794940437076,1.57542003E9,,,,0,,1,,36.672943115234375,-0.6984919076624261,1.0,-0.6984919076624261,1.0,C,8281998698469
1651867138999,145236000000,,,-1335902211763616163,0.0,6.250182587262757,291.0,1.0,7,17,0.0,16431,503956917244193,32,31.887025833129883,576.1070779806296,0.7022017171143351,17,85529.15044906584,0.09864176382598257,1.57542003E9,,,,1,,1,,27.787025451660156,-0.7858034271858065,1.0,-0.7858034271858065,1.0,C,8281998698469
1651867138999,145236000000,,,-1335902211763616163,0.0,6.250182587262757,291.0,1.0,7,19,0.0,16431,503956923895306,23,36.07939910888672,599.9106064407256,0.15,17,88754.041667986,0.09730368378859734,1.57542003E9,,,,0,,1,,31.979400634765625,0.0,1.0,0.0,1.0,C,8281998698469
1651867138999,145236000000,,,-1335902211763616163,0.0,6.250182587262757,291.0,1.0,7,20,0.0,16431,503956920249132,37,30.296405792236328,-488.8643394840831,0.7742704693450735,17,-69095.2702125786,0.09934412796337878,1.57542003E9,,,,0,,1,,26.1964054107666,0.0,1.0,0.0,1.0,C,8281998698469
1651867138999,145236000000,,,-1335902211763616163,0.0,6.250182587262757,291.0,1.0,7,24,0.0,16431,503956927163317,13,42.96455764770508,493.92217603206814,0.15,25,72623.3280349048,0.0010354705154895782,1.57542003E9,,,,0,,1,,38.864559173583984,-0.20372681261465636,1.0,-0.20372681261465636,1.0,C,8281998698469
1651867138999,145236000000,,,-1335902211763616163,0.0,6.250182587262757,291.0,1.0,7,25,0.0,16431,503956922129491,14,42.302982330322266,-514.1413888694863,0.15,25,-72861.44603731658,0.0011174201499670744,1.57542003E9,,,,0,,1,,38.20298385620117,-2.0372682255564105,1.0,-2.0372682255564105,1.0,C,8281998698469
1651867138999,145236000000,,,-1335902211763616163,0.0,6.250182587262757,291.0,1.0,7,6,0.0,81921,503956928934617,21,29.29985237121582,438.21845665786077,0.8125523904229581,25,65777.87508545205,0.0062318891286849976,1.17645005E9,,,,0,,1,,25.29985237121582,1.9208527336454408,1.723663276206806,1.9208527336454408,1.0,Q,8281998698469
1651867138999,145236000000,,,-1335902211763616163,0.0,6.250182587262757,291.0,1.0,7,24,0.0,81921,503956927163844,12,31.807994842529297,493.86123659980535,0.6994454981449465,25,74142.5249759916,0.004668878857046366,1.17645005E9,,,,0,,1,,27.807994842529297,3.143213708743226,1.723663276206806,3.143213708743226,1.0,Q,8281998698469
1651867138999,145236000000,,,-1335902211763616163,0.0,6.250182587262757,291.0,1.0,7,25,0.0,81921,503956922130024,8,35.30754852294922,-514.2983044993173,0.5411689997593883,25,-74402.09468500559,0.0031205767299979925,1.17645005E9,,,,0,,1,,31.30755043029785,1.0186341127782053,1.723663276206806,1.0186341127782053,1.0,Q,8281998698469
1651867138999,145236000000,,,-1335902211763616163,0.0,6.250182587262757,291.0,1.0,7,18,0.0,32995,82738935383139,33,43.08187484741211,167.7291412242937,0.15,17,24925.263075682906,0.094672537267958,1.60031245E9,,,,0,,3,,38.981876373291016,48.42877388000488,2.0000000474974513,48.42877388000488,2.0000000474974513,C,8281998698469
1651867138999,145236000000,,,-1335902211763616163,0.0,6.250182587262757,291.0,1.0,7,9,0.0,32995,82738922313519,33,43.45249557495117,-675.6158540025399,0.15,25,-95796.89871462248,9.633403969928622E-4,1.60087501E9,,,,0,,3,,39.35249710083008,48.42877388000488,2.0000000474974513,48.42877388000488,2.0000000474974513,C,8281998698469
1651867138999,145236000000,,,-1335902211763616163,0.0,6.250182587262757,291.0,1.0,7,15,0.0,32995,82738932234092,87,28.37211799621582,577.5489703862836,0.8593621148997181,17,82673.49964227655,0.09871948964104443,1.602E9,,,,0,,3,,24.272117614746094,48.42877388000488,2.0000000474974513,48.42877388000488,2.0000000474974513,C,8281998698469
1651867138999,145236000000,,,-1335902211763616163,0.0,6.250182587262757,291.0,1.0,7,19,0.0,32995,82738929332672,56,33.752708435058594,-414.7003346886868,0.6168810134876299,17,-59572.04495405343,0.09623941043506183,1.60368755E9,,,,0,,3,,29.6527099609375,48.42877388000488,2.0000000474974513,48.42877388000488,2.0000000474974513,C,8281998698469
1651867138999,145236000000,,,-1335902211763616163,0.0,6.250182587262757,291.0,1.0,7,17,0.0,32995,82738928909594,37,38.7772331237793,706.9332008276547,0.15,17,104556.03485331635,0.0950837036925547,1.60424998E9,,,,0,,3,,34.6772346496582,48.42877388000488,2.0000000474974513,48.42877388000488,2.0000000474974513,C,8281998698469
1651867138999,145236000000,,,-1335902211763616163,0.0,6.250182587262757,291.0,1.0,7,2,0.0,85026,503956914859996,37,30.114925384521484,477.95509047043583,0.7793036227389987,25,70177.25450213831,0.004285912029445171,1.57542003E9,,,,0,,6,,26.014925003051758,-4.423782229423522,1.5000000237487257,-4.423782229423522,1.5000000237487257,C,8281998698469
1651867138999,145236000000,,,-1335902211763616163,0.0,6.250182587262757,291.0,1.0,7,15,0.0,85026,503956918317125,19,38.40657043457031,-318.4917629318802,0.15,25,-44858.26567439528,0.0017499963287264109,1.57542003E9,,,,0,,6,,34.30657196044922,-4.423782229423522,1.5000000237487257,-4.423782229423522,1.5000000237487257,C,8281998698469
1651867138999,145236000000,,,-1335902211763616163,0.0,6.250182587262757,291.0,1.0,7,27,0.0,85026,503956913494555,21,37.120933532714844,-351.1821556004729,0.15,25,-48851.15413695764,0.002029172610491514,1.57542003E9,,,,0,,6,,33.02093505859375,-4.423782229423522,1.5000000237487257,-4.423782229423522,1.5000000237487257,C,8281998698469
1651867138999,145236000000,,,-1335902211763616163,0.0,6.250182587262757,291.0,1.0,7,30,0.0,85026,503956921546313,17,42.285362243652344,63.13867945544649,0.15,25,10497.996057071812,0.001180256251245737,1.57542003E9,,,,0,,6,,38.18536376953125,-4.423782229423522,1.5000000237487257,-4.423782229423522,1.5000000237487257,C,8281998698469
1651867138999,145236000000,,,-1335902211763616163,0.0,6.250182587262757,291.0,1.0,7,2,0.0,84003,503956914860505,41,26.408538818359375,477.89503718204264,0.9436373791129649,25,70790.88300772333,0.008693315088748932,1.17645005E9,,,,0,,6,,22.408538818359375,-2.7614412829279895,2.2236632999555317,-2.7614412829279895,1.5000000237487257,Q,8281998698469
1651867138999,145236000000,,,-1335902211763616163,0.0,6.250182587262757,291.0,1.0,7,15,0.0,84003,503956918317646,53,25.532779693603516,-318.3828013183768,0.9836410633509325,16,-44639.98241529771,3.4028234663852886E38,1.17645005E9,,,,0,,6,,21.532779693603516,-9.780214168131348,2.2236632999555317,-9.780214168131348,1.5000000237487257,Q,8281998698469
1651867138999,145236000000,,,-1335902211763616163,0.0,6.250182587262757,291.0,1.0,7,27,0.0,84003,503956913495082,11,32.02729034423828,-351.1759525933858,0.6907228522651292,25,-49217.487037092185,0.004552477039396763,1.17645005E9,,,,0,,6,,28.02729034423828,-6.6402368247508985,2.2236632999555317,-6.6402368247508985,1.5000000237487257,Q,8281998698469
1651867138999,145236000000,,,-1335902211763616163,0.0,6.250182587262757,291.0,1.0,7,30,0.0,84003,503956921546836,13,31.063573837280273,63.15093635887351,0.7355083983474642,25,10647.803350033148,0.005086670629680157,1.17645005E9,,,,0,,6,,27.063573837280273,-6.27082772552967,2.2236632999555317,-6.27082772552967,1.5000000237487257,Q,8281998698469
1651867139999,146236000000,,,-1335902211763615873,0.0,5.893613383378621,290.0,1.0,7,2,0.0,16431,503957930293239,16,40.82865905761719,-40.77190547068369,0.15,17,-5207.946703231289,0.0964709725585652,1.57542003E9,,,,0,,1,,36.728660583496094,0.0,1.0,0.0,1.0,C,8282990977523
1651867139999,146236000000,,,-1335902211763615873,0.0,5.893613383378621,290.0,1.0,7,6,0.0,16431,503957928932627,12,43.683555603027344,438.5745842460676,0.15,25,64748.16167246369,9.532085387036204E-4,1.57542003E9,,,,0,,1,,39.58355712890625,0.320142130558394,1.0,0.320142130558394,1.0,C,8282990977523
1651867139999,146236000000,,,-1335902211763615873,0.0,5.893613383378621,290.0,1.0,7,12,0.0,16431,503957930880828,15,40.89093017578125,-191.86098598807394,0.15,17,-26870.376917227717,0.09646151358083611,1.57542003E9,,,,0,,1,,36.790931701660156,-0.6984919076624261,1.0,-0.6984919076624261,1.0,C,8282990977523
1651867139999,146236000000,,,-1335902211763615873,0.0,5.893613383378621,290.0,1.0,7,17,0.0,16431,503957917242254,32,32.00069808959961,576.0989663559772,0.6970895483378072,17,86105.20765673518,0.09859632389907515,1.57542003E9,,,,0,,1,,27.900697708129883,-0.7858034271858065,1.0,-0.7858034271858065,1.0,C,8282990977523
1651867139999,146236000000,,,-1335902211763615873,0.0,5.893613383378621,290.0,1.0,7,19,0.0,16431,503957923893290,15,41.08176803588867,600.0709303162089,0.15,17,89354.07055917515,0.09643294398029124,1.57542003E9,,,,0,,1,,36.98176956176758,0.0,1.0,0.0,1.0,C,8282990977523
1651867139999,146236000000,,,-1335902211763615873,0.0,5.893613383378621,290.0,1.0,7,20,0.0,16431,503957920250761,42,28.862524032592773,-488.36063485913246,0.8387509490194422,21,-69584.13024314368,0.1000974985427109,1.57542003E9,,,,0,,1,,24.762523651123047,0.0,1.0,0.0,1.0,C,8282990977523
1651867139999,146236000000,,,-1335902211763615873,0.0,5.893613383378621,290.0,1.0,7,24,0.0,16431,503957927161670,13,43.17609786987305,494.13529363270527,0.15,25,73117.38258201009,0.0010105568217113614,1.57542003E9,,,,0,,1,,39.07609939575195,-0.20372681261465636,1.0,-0.20372681261465636,1.0,C,8282990977523
1651867139999,146236000000,,,-1335902211763615873,0.0,5.893613383378621,290.0,1.0,7,25,0.0,16431,503957922131213,14,42.42694091796875,-514.0462306508746,0.15,25,-73375.5664449404,0.0011015863856300712,1.57542003E9,,,,0,,1,,38.326942443847656,-2.0372682255564105,1.0,-2.0372682255564105,1.0,C,8282990977523
1651867139999,146236000000,,,-1335902211763615873,0.0,5.893613383378621,290.0,1.0,7,6,0.0,81921,503957928933157,17,30.722362518310547,438.70672193000655,0.7485834138656231,25,66216.37727536666,0.005290469154715538,1.17645005E9,,,,0,,1,,26.722362518310547,1.9208527336454408,1.721392208546698,1.9208527336454408,1.0,Q,8282990977523
1651867139999,146236000000,,,-1335902211763615873,0.0,5.893613383378621,290.0,1.0,7,24,0.0,81921,503957927162193,11,33.10552978515625,494.13525955024875,0.6410963325778951,25,74636.59251128169,0.0040210154838860035,1.17645005E9,,,,0,,1,,29.105531692504883,3.143213708743226,1.721392208546698,3.143213708743226,1.0,Q,8282990977523
1651867139999,146236000000,,,-1335902211763615873,0.0,5.893613383378621,290.0,1.0,7,25,0.0,81921,503957922131740,8,33.03190612792969,-513.8543123381946,0.6435024075603502,25,-74916.18955354649,0.004055244382470846,1.17645005E9,,,,0,,1,,29.031906127929688,1.0186341127782053,1.721392208546698,1.0186341127782053,1.0,Q,8282990977523
1651867139999,146236000000,,,-1335902211763615873,0.0,5.893613383378621,290.0,1.0,7,18,0.0,32995,82739935382592,33,44.14386749267578,167.90938629561458,0.15,17,25093.06116349663,0.0945567951759372,1.60031245E9,,,,0,,3,,40.04386901855469,48.42877388000488,2.0000000474974513,48.42877388000488,2.0000000474974513,C,8282990977523
1651867139999,146236000000,,,-1335902211763615873,0.0,5.893613383378621,290.0,1.0,7,9,0.0,32995,82739922315794,33,40.574466705322266,-675.5339879419721,0.15,25,-96472.46401250458,0.0013417795998975635,1.60087501E9,,,,0,,3,,36.47446823120117,48.42877388000488,2.0000000474974513,48.42877388000488,2.0000000474974513,C,8282990977523
1651867139999,146236000000,,,-1335902211763615873,0.0,5.893613383378621,290.0,1.0,7,15,0.0,32995,82739932232108,87,28.395475387573242,577.8924533831205,0.8583112835351301,17,83251.1859960109,0.09870565530985981,1.602E9,,,,0,,3,,24.295475006103516,48.42877388000488,2.0000000474974513,48.42877388000488,2.0000000474974513,C,8282990977523
1651867139999,146236000000,,,-1335902211763615873,0.0,5.893613383378621,290.0,1.0,7,19,0.0,32995,82739929334064,49,35.48285675048828,-414.3792438657854,0.5390784204853118,17,-59986.60749677122,0.0957391882326714,1.60368755E9,,,,0,,3,,31.382856369018555,48.42877388000488,2.0000000474974513,48.42877388000488,2.0000000474974513,C,8282990977523
1651867139999,146236000000,,,-1335902211763615873,0.0,5.893613383378621,290.0,1.0,7,17,0.0,32995,82739928907246,33,42.19883346557617,707.1260393666607,0.15,17,105263.11820903937,0.0945475270836793,1.60424998E9,,,,0,,3,,38.09883499145508,48.42877388000488,2.0000000474974513,48.42877388000488,2.0000000474974513,C,8282990977523
1651867139999,146236000000,,,-1335902211763615873,0.0,5.893613383378621,290.0,1.0,7,2,0.0,85026,503957914858391,25,34.991485595703125,478.1455091550288,0.560009841635766,25,70655.27266346409,0.0025929331313818693,1.57542003E9,,,,0,,6,,30.89148712158203,-4.423782229423522,1.5000000237487257,-4.423782229423522,1.5000000237487257,C,8282990977523
1651867139999,146236000000,,,-1335902211763615873,0.0,5.893613383378621,290.0,1.0,7,15,0.0,85026,503957918318192,18,38.726341247558594,-318.2827352260258,0.15,25,-45176.61610569217,0.0016867417143657804,1.57542003E9,,,,0,,6,,34.6263427734375,-4.423782229423522,1.5000000237487257,-4.423782229423522,1.5000000237487257,C,8282990977523
1651867139999,146236000000,,,-1335902211763615873,0.0,5.893613383378621,290.0,1.0,7,27,0.0,85026,503957913495729,21,36.905052185058594,-351.0609243026213,0.15,25,-49202.261926426945,0.0020802379585802555,1.57542003E9,,,,0,,6,,32.8050537109375,-4.423782229423522,1.5000000237487257,-4.423782229423522,1.5000000237487257,C,8282990977523
1651867139999,146236000000,,,-1335902211763615873,0.0,5.893613383378621,290.0,1.0,7,30,0.0,85026,503957921546096,15,43.40863037109375,63.2759848918557,0.15,25,10561.231299266421,0.0010370814707130194,1.57542003E9,,,,0,,6,,39.308631896972656,-4.423782229423522,1.5000000237487257,-4.423782229423522,1.5000000237487257,C,8282990977523
1651867139999,146236000000,,,-1335902211763615873,0.0,5.893613383378621,290.0,1.0,7,2,0.0,84003,503957914858916,34,27.76305389404297,478.077139747244,0.882726038249892,25,71268.91820153521,0.00743805943056941,1.17645005E9,,,,0,,6,,23.76305389404297,-2.7614412829279895,2.2213922322954236,-2.7614412829279895,1.5000000237487257,Q,8282990977523
1651867139999,146236000000,,,-1335902211763615873,0.0,5.893613383378621,290.0,1.0,7,15,0.0,84003,503957918318708,24,28.523618698120117,-318.1037000819115,0.8491466307972826,25,-44958.33955471203,0.006814459338784218,1.17645005E9,,,,0,,6,,24.523618698120117,-9.780214168131348,2.2213922322954236,-9.780214168131348,1.5000000237487257,Q,8282990977523
1651867139999,146236000000,,,-1335902211763615873,0.0,5.893613383378621,290.0,1.0,7,27,0.0,84003,503957913496252,8,33.5348014831543,-350.8641662811151,0.6229319808663867,25,-49568.571720342836,0.003827121574431658,1.17645005E9,,,,0,,6,,29.534801483154297,-6.6402368247508985,2.2213922322954236,-6.6402368247508985,1.5000000237487257,Q,8282990977523
1651867139999,146236000000,,,-1335902211763615873,0.0,5.893613383378621,290.0,1.0,7,30,0.0,84003,503957921546625,10,33.338443756103516,63.315341608525415,0.6332100382288446,25,10711.043740272591,0.00391462491825223,1.17645005E9,,,,0,,6,,29.338443756103516,-6.27082772552967,2.2213922322954236,-6.27082772552967,1.5000000237487257,Q,8282990977523
1651867140999,147236000000,,,-1335902211763615582,0.0,5.816319443844424,290.0,1.0,7,2,0.0,16431,503958930293388,14,41.7845458984375,-40.736672731253236,0.15,25,-5248.629919955959,0.0011861464008688927,1.57542003E9,,,,0,,1,,37.684547424316406,0.0,1.0,0.0,1.0,C,8283971183496
1651867140999,147236000000,,,-1335902211763615582,0.0,5.816319443844424,290.0,1.0,7,6,0.0,16431,503958928931155,12,43.757118225097656,438.5745842460676,0.15,25,65186.71732168099,9.451694786548615E-4,1.57542003E9,,,,0,,1,,39.65711975097656,0.320142130558394,1.0,0.320142130558394,1.0,C,8283971183496
1651867140999,147236000000,,,-1335902211763615582,0.0,5.816319443844424,290.0,1.0,7,12,0.0,16431,503958930881468,15,41.215370178222656,-191.91253570356469,0.15,25,-27062.20367874724,0.0012664765818044543,1.57542003E9,,,,0,,1,,37.11537170410156,-0.6984919076624261,1.0,-0.6984919076624261,1.0,C,8283971183496
1651867140999,147236000000,,,-1335902211763615582,0.0,5.816319443844424,290.0,1.0,7,17,0.0,16431,503958917240334,42,28.827688217163086,575.9957646776261,0.8397759522724466,21,86681.19853331594,0.10011739345554983,1.57542003E9,,,,0,,1,,24.72768783569336,-0.7858034271858065,1.0,-0.7858034271858065,1.0,C,8283971183496
1651867140999,147236000000,,,-1335902211763615582,0.0,5.816319443844424,290.0,1.0,7,19,0.0,16431,503958923891301,15,41.50282287597656,599.9832702380322,0.15,25,89954.09441944203,0.0012252492597326636,1.57542003E9,,,,0,,1,,37.40282440185547,0.0,1.0,0.0,1.0,C,8283971183496
1651867140999,147236000000,,,-1335902211763615582,0.0,5.816319443844424,290.0,1.0,7,20,0.0,16431,503958920252403,43,28.507808685302734,-488.83039335738636,0.8547022709123944,25,-70073.01165379584,0.00515702273696661,1.57542003E9,,,,0,,1,,24.407808303833008,0.0,1.0,0.0,1.0,C,8283971183496
1651867140999,147236000000,,,-1335902211763615582,0.0,5.816319443844424,290.0,1.0,7,24,0.0,16431,503958927160017,11,44.75361251831055,494.1367250958792,0.15,25,73611.50347653814,8.42723180539906E-4,1.57542003E9,,,,0,,1,,40.65361404418945,-0.20372681261465636,1.0,-0.20372681261465636,1.0,C,8283971183496
1651867140999,147236000000,,,-1335902211763615582,0.0,5.816319443844424,290.0,1.0,7,25,0.0,16431,503958922132921,15,40.8685417175293,-514.0942187496587,0.15,25,-73889.68762464012,0.0013180701062083244,1.57542003E9,,,,0,,1,,36.7685432434082,-2.0372682255564105,1.0,-2.0372682255564105,1.0,C,8283971183496
1651867140999,147236000000,,,-1335902211763615582,0.0,5.816319443844424,290.0,1.0,7,6,0.0,81921,503958928931692,14,31.084196090698242,438.60604235343817,0.7323119032697907,25,66654.94483948362,0.005074608605355024,1.17645005E9,,,,0,,1,,27.084196090698242,1.9208527336454408,1.7191758163024513,1.9208527336454408,1.0,Q,8283971183496
1651867140999,147236000000,,,-1335902211763615582,0.0,5.816319443844424,290.0,1.0,7,24,0.0,81921,503958927160544,20,29.861602783203125,494.1141625096611,0.7869719091874394,25,75130.72421099572,0.005841604899615049,1.17645005E9,,,,0,,1,,25.861602783203125,3.143213708743226,1.7191758163024513,3.143213708743226,1.0,Q,8283971183496
1651867140999,147236000000,,,-1335902211763615582,0.0,5.816319443844424,290.0,1.0,7,25,0.0,81921,503958922133454,7,35.33159637451172,-514.1680413504871,0.5400883462453427,25,-75430.34978100186,0.003111950121819973,1.17645005E9,,,,0,,1,,31.331594467163086,1.0186341127782053,1.7191758163024513,1.0186341127782053,1.0,Q,8283971183496
1651867140999,147236000000,,,-1335902211763615582,0.0,5.816319443844424,290.0,1.0,7,18,0.0,32995,82740935382037,33,45.33915710449219,167.92716029669123,0.15,17,25260.94970423649,0.09444238027679287,1.60031245E9,,,,0,,3,,41.239158630371094,48.42877388000488,2.0000000474974513,48.42877388000488,2.0000000474974513,C,8283971183496
1651867140999,147236000000,,,-1335902211763615582,0.0,5.816319443844424,290.0,1.0,7,9,0.0,32995,82740922318047,33,42.0913200378418,-675.6027663392351,0.15,25,-97148.0384548689,0.0011267786612734199,1.60087501E9,,,,0,,3,,37.9913215637207,48.42877388000488,2.0000000474974513,48.42877388000488,2.0000000474974513,C,8283971183496
1651867140999,147236000000,,,-1335902211763615582,0.0,5.816319443844424,290.0,1.0,7,15,0.0,32995,82740932230238,71,30.926563262939453,577.8242884700749,0.74449085639097,17,83828.95234872159,0.09740697976343721,1.602E9,,,,0,,3,,26.826562881469727,48.42877388000488,2.0000000474974513,48.42877388000488,2.0000000474974513,C,8283971183496
1651867140999,147236000000,,,-1335902211763615582,0.0,5.816319443844424,290.0,1.0,7,19,0.0,32995,82740929335438,46,36.282562255859375,-414.46032602985315,0.15,17,-60401.10898400924,0.09553956971618154,1.60368755E9,,,,0,,3,,32.18256378173828,48.42877388000488,2.0000000474974513,48.42877388000488,2.0000000474974513,C,8283971183496
1651867140999,147236000000,,,-1335902211763615582,0.0,5.816319443844424,290.0,1.0,7,17,0.0,32995,82740928904831,33,41.731693267822266,707.0530347447889,0.15,17,105970.20269215874,0.09460889088038282,1.60424998E9,,,,0,,3,,37.63169479370117,48.42877388000488,2.0000000474974513,48.42877388000488,2.0000000474974513,C,8283971183496
1651867140999,147236000000,,,-1335902211763615582,0.0,5.816319443844424,290.0,1.0,7,2,0.0,85026,503958914856798,22,36.75907897949219,477.9886276076543,0.15,25,71133.3071641441,0.0021154938731342554,1.57542003E9,,,,0,,6,,32.659080505371094,-4.423782229423522,1.5000000237487257,-4.423782229423522,1.5000000237487257,C,8283971183496
1651867140999,147236000000,,,-1335902211763615582,0.0,5.816319443844424,290.0,1.0,7,15,0.0,85026,503958918319250,16,40.63581848144531,-318.32496338965757,0.15,25,-45494.942186728455,0.0013538628118112683,1.57542003E9,,,,0,,6,,36.53582000732422,-4.423782229423522,1.5000000237487257,-4.423782229423522,1.5000000237487257,C,8283971183496
1651867140999,147236000000,,,-1335902211763615582,0.0,5.816319443844424,290.0,1.0,7,27,0.0,85026,503958913496895,20,37.897743225097656,-351.10151650833996,0.15,25,-49553.35587817884,0.0018555745482444763,1.57542003E9,,,,0,,6,,33.79774475097656,-4.423782229423522,1.5000000237487257,-4.423782229423522,1.5000000237487257,C,8283971183496
1651867140999,147236000000,,,-1335902211763615582,0.0,5.816319443844424,290.0,1.0,7,30,0.0,85026,503958921545886,15,43.94050598144531,63.274118877361076,0.15,25,10624.501925877723,9.754815837368369E-4,1.57542003E9,,,,0,,6,,39.84050750732422,-4.423782229423522,1.5000000237487257,-4.423782229423522,1.5000000237487257,C,8283971183496
1651867140999,147236000000,,,-1335902211763615582,0.0,5.816319443844424,290.0,1.0,7,2,0.0,84003,503958914857324,30,27.502845764160156,478.04762433989526,0.8944270381721773,25,71746.9352397059,0.007664256263524294,1.17645005E9,,,,0,,6,,23.502845764160156,-2.7614412829279895,2.219175840051177,-2.7614412829279895,1.5000000237487257,Q,8283971183496
1651867140999,147236000000,,,-1335902211763615582,0.0,5.816319443844424,290.0,1.0,7,15,0.0,84003,503958918319767,29,28.173364639282227,-318.33627876522314,0.8648973854216737,25,-45276.66167064195,0.00709486473351717,1.17645005E9,,,,0,,6,,24.173364639282227,-9.780214168131348,2.219175840051177,-9.780214168131348,1.5000000237487257,Q,8283971183496
1651867140999,147236000000,,,-1335902211763615582,0.0,5.816319443844424,290.0,1.0,7,27,0.0,84003,503958913497424,10,32.59238052368164,-351.134440161341,0.6653117848027561,25,-49919.71969163406,0.004265728872269392,1.17645005E9,,,,0,,6,,28.59238052368164,-6.6402368247508985,2.219175840051177,-6.6402368247508985,1.5000000237487257,Q,8283971183496
1651867140999,147236000000,,,-1335902211763615582,0.0,5.816319443844424,290.0,1.0,7,30,0.0,84003,503958921546413,9,32.47540283203125,63.29204198918501,0.6720199711136412,25,10774.316516675894,0.00432356633245945,1.17645005E9,,,,0,,6,,28.47540283203125,-6.27082772552967,2.219175840051177,-6.27082772552967,1.5000000237487257,Q,8283971183496
1651867141999,148236000000,,,-1335902211763615292,0.0,5.746803330741117,290.0,1.0,7,2,0.0,16431,503959930293515,13,42.70804214477539,-40.65897325099536,0.15,25,-5289.367085676456,0.0010665066074579954,1.57542003E9,,,,0,,1,,38.6080436706543,0.0,1.0,0.0,1.0,C,8284960273300
1651867141999,148236000000,,,-1335902211763615292,0.0,5.746803330741117,290.0,1.0,7,6,0.0,16431,503959928929696,14,42.1420783996582,438.62482178698224,0.15,25,65625.30355513349,0.001138312858529389,1.57542003E9,,,,0,,1,,38.04207992553711,0.320142130558394,1.0,0.320142130558394,1.0,C,8284960273300
1651867141999,148236000000,,,-1335902211763615292,0.0,5.746803330741117,290.0,1.0,7,12,0.0,16431,503959930882095,16,40.43056869506836,-191.84561480018215,0.15,25,-27254.1073918661,0.0013862359337508678,1.57542003E9,,,,0,,1,,36.330570220947266,-0.6984919076624261,1.0,-0.6984919076624261,1.0,C,8284960273300
1651867141999,148236000000,,,-1335902211763615292,0.0,5.746803330741117,290.0,1.0,7,17,0.0,16431,503959917238444,24,35.64521789550781,575.9356432243198,0.5331988306149886,17,87257.09364138325,0.09741423806463158,1.57542003E9,,,,0,,1,,31.54521942138672,-0.7858034271858065,1.0,-0.7858034271858065,1.0,C,8284960273300
1651867141999,148236000000,,,-1335902211763615292,0.0,5.746803330741117,290.0,1.0,7,19,0.0,16431,503959923889304,13,43.18955612182617,599.9964942311631,0.15,25,90554.07154686106,0.0010089921997860074,1.57542003E9,,,,0,,1,,39.08955764770508,0.0,1.0,0.0,1.0,C,8284960273300
1651867141999,148236000000,,,-1335902211763615292,0.0,5.746803330741117,290.0,1.0,7,20,0.0,16431,503959920254033,33,31.86515998840332,-488.8745301385834,0.7037263745053477,25,-70561.92024771612,0.003503736574202776,1.57542003E9,,,,0,,1,,27.765159606933594,0.0,1.0,0.0,1.0,C,8284960273300
1651867141999,148236000000,,,-1335902211763615292,0.0,5.746803330741117,290.0,1.0,7,24,0.0,16431,503959927158379,11,44.7578125,494.23730242507804,0.15,25,74105.6498713914,8.423157851211727E-4,1.57542003E9,,,,0,,1,,40.657814025878906,-0.20372681261465636,1.0,-0.20372681261465636,1.0,C,8284960273300
1651867141999,148236000000,,,-1335902211763615292,0.0,5.746803330741117,290.0,1.0,7,25,0.0,16431,503959922134640,17,39.940608978271484,-514.1148727183115,0.15,25,-74403.86935221289,0.0014666791539639235,1.57542003E9,,,,0,,1,,35.84061050415039,-2.0372682255564105,1.0,-2.0372682255564105,1.0,C,8284960273300
1651867141999,148236000000,,,-1335902211763615292,0.0,5.746803330741117,290.0,1.0,7,6,0.0,81921,503959928930233,7,34.01276779174805,438.7010983246803,0.6006170915637576,25,67093.53025659763,0.003622212912887335,1.17645005E9,,,,0,,1,,30.012767791748047,1.9208527336454408,1.7167475816742037,1.9208527336454408,1.0,Q,8284960273300
1651867141999,148236000000,,,-1335902211763615292,0.0,5.746803330741117,290.0,1.0,7,24,0.0,81921,503959927158902,34,27.384925842285156,494.19248399475055,0.8983449896244489,25,75624.84340028651,0.007769015152007341,1.17645005E9,,,,0,,1,,23.384925842285156,3.143213708743226,1.7167475816742037,3.143213708743226,1.0,Q,8284960273300
1651867141999,148236000000,,,-1335902211763615292,0.0,5.746803330741117,290.0,1.0,7,25,0.0,81921,503959922135166,7,37.539337158203125,-514.0376077893743,0.15,25,-75944.50581418647,0.002559891901910305,1.17645005E9,,,,0,,1,,33.539337158203125,1.0186341127782053,1.7167475816742037,1.0186341127782053,1.0,Q,8284960273300
1651867141999,148236000000,,,-1335902211763615292,0.0,5.746803330741117,290.0,1.0,7,18,0.0,32995,82741935381518,33,46.0657958984375,168.05907644466276,0.15,17,25428.905716969482,0.09441872450877466,1.60031245E9,,,,0,,3,,41.965797424316406,48.42877388000488,2.0000000474974513,48.42877388000488,2.0000000474974513,C,8284960273300
1651867141999,148236000000,,,-1335902211763615292,0.0,5.746803330741117,290.0,1.0,7,9,0.0,32995,82741922320278,33,41.85762405395508,-675.5495295421465,0.15,25,-97823.65822014556,0.0011575063690543175,1.60087501E9,,,,0,,3,,37.757625579833984,48.42877388000488,2.0000000474974513,48.42877388000488,2.0000000474974513,C,8284960273300
1651867141999,148236000000,,,-1335902211763615292,0.0,5.746803330741117,290.0,1.0,7,15,0.0,32995,82741932228275,75,30.210969924926758,577.8955889691206,0.7766697544631431,17,84406.77713972713,0.09773663559139162,1.602E9,,,,0,,3,,26.11096954345703,48.42877388000488,2.0000000474974513,48.42877388000488,2.0000000474974513,C,8284960273300
1651867141999,148236000000,,,-1335902211763615292,0.0,5.746803330741117,290.0,1.0,7,19,0.0,32995,82741929336821,45,36.61907196044922,-414.35456816726287,0.15,17,-60815.5682620793,0.09546091300549724,1.60368755E9,,,,0,,3,,32.519073486328125,48.42877388000488,2.0000000474974513,48.42877388000488,2.0000000474974513,C,8284960273300
1651867141999,148236000000,,,-1335902211763615292,0.0,5.746803330741117,290.0,1.0,7,17,0.0,32995,82741928902518,33,42.72557830810547,707.0931157136597,0.15,17,106677.26358965294,0.0944821792054169,1.60424998E9,,,,0,,3,,38.625579833984375,48.42877388000488,2.0000000474974513,48.42877388000488,2.0000000474974513,C,8284960273300
1651867141999,148236000000,,,-1335902211763615292,0.0,5.746803330741117,290.0,1.0,7,2,0.0,85026,503959914855214,25,35.28471374511719,478.05236180135194,0.5468231261917373,25,71611.32391705595,0.002506858902052045,1.57542003E9,,,,1,,6,,31.184715270996094,-4.423782229423522,1.5000000237487257,-4.423782229423522,1.5000000237487257,C,8284960273300
1651867141999,148236000000,,,-1335902211763615292,0.0,5.746803330741117,290.0,1.0,7,15,0.0,85026,503959918320316,16,40.83521270751953,-318.26712546093836,0.15,25,-45813.26549541982,0.001323137548752129,1.57542003E9,,,,0,,6,,36.73521423339844,-4.423782229423522,1.5000000237487257,-4.423782229423522,1.5000000237487257,C,8284960273300
1651867141999,148236000000,,,-1335902211763615292,0.0,5.746803330741117,290.0,1.0,7,27,0.0,85026,503959913498058,22,36.76325225830078,-351.1313386577974,0.15,25,-49904.52410240734,0.002114477101713419,1.57542003E9,,,,0,,6,,32.66325378417969,-4.423782229423522,1.5000000237487257,-4.423782229423522,1.5000000237487257,C,8284960273300
1651867141999,148236000000,,,-1335902211763615292,0.0,5.746803330741117,290.0,1.0,7,30,0.0,85026,503959921545671,15,44.03400802612305,63.316551535731975,0.15,25,10687.756251520268,9.650369174778461E-4,1.57542003E9,,,,0,,6,,39.93400955200195,-4.423782229423522,1.5000000237487257,-4.423782229423522,1.5000000237487257,C,8284960273300
1651867141999,148236000000,,,-1335902211763615292,0.0,5.746803330741117,290.0,1.0,7,2,0.0,84003,503959914855726,42,26.25804901123047,477.9887980199369,0.950403878376807,25,72224.99162826921,0.008845246396958828,1.17645005E9,,,,0,,6,,22.25804901123047,-2.7614412829279895,2.2167476054229294,-2.7614412829279895,1.5000000237487257,Q,8284960273300
1651867141999,148236000000,,,-1335902211763615292,0.0,5.746803330741117,290.0,1.0,7,15,0.0,84003,503959918320829,39,26.870088577270508,-318.2448014519159,0.9235044327007746,25,-45594.97670066298,0.008243429474532604,1.17645005E9,,,,0,,6,,22.870088577270508,-9.780214168131348,2.2167476054229294,-9.780214168131348,1.5000000237487257,Q,8284960273300
1651867141999,148236000000,,,-1335902211763615292,0.0,5.746803330741117,290.0,1.0,7,27,0.0,84003,503959913498596,12,32.11260986328125,-351.05352840955584,0.6868868451565677,25,-50270.85732410131,0.0045079803094267845,1.17645005E9,,,,0,,6,,28.112607955932617,-6.6402368247508985,2.2167476054229294,-6.6402368247508985,1.5000000237487257,Q,8284960273300
1651867141999,148236000000,,,-1335902211763615292,0.0,5.746803330741117,290.0,1.0,7,30,0.0,84003,503959921546202,14,30.670562744140625,63.30118034784019,0.7531814834004993,25,10837.590396157491,0.005322113633155823,1.17645005E9,,,,0,,6,,26.670562744140625,-6.27082772552967,2.2167476054229294,-6.27082772552967,1.5000000237487257,Q,8284960273300
1651867142999,149236000000,,,-1335902211763615003,0.0,5.6755658367268005,290.0,1.0,7,2,0.0,16431,503960930293659,13,42.69514846801758,-40.69498136631171,0.15,25,-5330.097740792573,0.0010680909035727382,1.57542003E9,,,,0,,1,,38.595149993896484,0.0,1.0,0.0,1.0,C,8285977787054
1651867142999,149236000000,,,-1335902211763615003,0.0,5.6755658367268005,290.0,1.0,7,6,0.0,16431,503960928928220,15,41.58881759643555,438.6440442924611,0.15,25,66063.89987885201,0.0012131788535043597,1.57542003E9,,,,0,,1,,37.48881912231445,0.320142130558394,1.0,0.320142130558394,1.0,C,8285977787054
1651867142999,149236000000,,,-1335902211763615003,0.0,5.6755658367268005,290.0,1.0,7,12,0.0,16431,503960930882741,16,40.764347076416016,-191.8706654057264,0.15,25,-27446.057762719276,0.0013339770957827568,1.57542003E9,,,,0,,1,,36.66434860229492,-0.6984919076624261,1.0,-0.6984919076624261,1.0,C,8285977787054
1651867142999,149236000000,,,-1335902211763615003,0.0,5.6755658367268005,290.0,1.0,7,17,0.0,16431,503960917236524,24,35.82234191894531,575.8204445212727,0.5252334875996865,17,87832.8917590745,0.09736846938085532,1.57542003E9,,,,0,,1,,31.72234344482422,-0.7858034271858065,1.0,-0.7858034271858065,1.0,C,8285977787054
1651867142999,149236000000,,,-1335902211763615003,0.0,5.6755658367268005,290.0,1.0,7,19,0.0,16431,503960923887300,12,43.440101623535156,599.9011315178122,0.15,25,91153.96104242894,9.803035063669086E-4,1.57542003E9,,,,0,,1,,39.34010314941406,0.0,1.0,0.0,1.0,C,8285977787054
1651867142999,149236000000,,,-1335902211763615003,0.0,5.6755658367268005,290.0,1.0,7,20,0.0,16431,503960920255653,27,34.05809020996094,-488.9827078555868,0.6051130468636612,25,-71050.9235833432,0.00272197974845767,1.57542003E9,,,,0,,1,,29.95808982849121,0.0,1.0,0.0,1.0,C,8285977787054
1651867142999,149236000000,,,-1335902211763615003,0.0,5.6755658367268005,290.0,1.0,7,24,0.0,16431,503960927156727,11,44.55620574951172,494.1963353123376,0.15,25,74599.78676177916,8.620952721685171E-4,1.57542003E9,,,,0,,1,,40.456207275390625,-0.20372681261465636,1.0,-0.20372681261465636,1.0,C,8285977787054
1651867142999,149236000000,,,-1335902211763615003,0.0,5.6755658367268005,290.0,1.0,7,25,0.0,16431,503960922136367,15,41.11322021484375,-514.273901460447,0.15,25,-74918.12472900112,0.0012814588844776154,1.57542003E9,,,,0,,1,,37.013221740722656,-2.0372682255564105,1.0,-2.0372682255564105,1.0,C,8285977787054
1651867142999,149236000000,,,-1335902211763615003,0.0,5.6755658367268005,290.0,1.0,7,6,0.0,81921,503960928928769,7,34.700767517089844,438.6020206235685,0.5696780759821976,25,67532.10777688141,0.003346369368955493,1.17645005E9,,,,0,,1,,30.700769424438477,1.9208527336454408,1.7145964022896025,1.9208527336454408,1.0,Q,8285977787054
1651867142999,149236000000,,,-1335902211763615003,0.0,5.6755658367268005,290.0,1.0,7,24,0.0,81921,503960927157248,20,29.450834274291992,494.09494000418226,0.8054431361422489,25,76118.957274687,0.006124498788267374,1.17645005E9,,,,0,,1,,25.450834274291992,3.143213708743226,1.7145964022896025,3.143213708743226,1.0,Q,8285977787054
1651867142999,149236000000,,,-1335902211763615003,0.0,5.6755658367268005,290.0,1.0,7,25,0.0,81921,503960922136884,8,36.990020751953125,-514.2653808463162,0.15,25,-76458.76169964907,0.002727014943957329,1.17645005E9,,,,0,,1,,32.990020751953125,1.0186341127782053,1.7145964022896025,1.0186341127782053,1.0,Q,8285977787054
1651867142999,149236000000,,,-1335902211763615003,0.0,5.6755658367268005,290.0,1.0,7,18,0.0,32995,82742935380942,33,45.55454635620117,168.0489028313907,0.15,17,25596.869145461555,0.09446430820860453,1.60031245E9,,,,0,,3,,41.45454788208008,48.42877388000488,2.0000000474974513,48.42877388000488,2.0000000474974513,C,8285977787054
1651867142999,149236000000,,,-1335902211763615003,0.0,5.6755658367268005,290.0,1.0,7,9,0.0,32995,82742922322546,33,43.02940368652344,-675.6941754876293,0.15,25,-98499.35247248434,0.0010114266769960523,1.60087501E9,,,,0,,3,,38.929405212402344,48.42877388000488,2.0000000474974513,48.42877388000488,2.0000000474974513,C,8285977787054
1651867142999,149236000000,,,-1335902211763615003,0.0,5.6755658367268005,290.0,1.0,7,15,0.0,32995,82742932226335,74,30.33912467956543,577.9084721376862,0.7709065575131913,17,84984.64080926414,0.09767558413699656,1.602E9,,,,0,,3,,26.239124298095703,48.42877388000488,2.0000000474974513,48.42877388000488,2.0000000474974513,C,8285977787054
1651867142999,149236000000,,,-1335902211763615003,0.0,5.6755658367268005,290.0,1.0,7,19,0.0,32995,82742929338203,45,36.3827018737793,-414.36482698667623,0.15,17,-61230.035302612014,0.09551584357510128,1.60368755E9,,,,0,,3,,32.2827033996582,48.42877388000488,2.0000000474974513,48.42877388000488,2.0000000474974513,C,8285977787054
1651867142999,149236000000,,,-1335902211763615003,0.0,5.6755658367268005,290.0,1.0,7,17,0.0,32995,82742928900124,33,41.40138244628906,707.0419920288755,0.15,17,107384.26617076604,0.09465431637179034,1.60424998E9,,,,0,,3,,37.30138397216797,48.42877388000488,2.0000000474974513,48.42877388000488,2.0000000474974513,C,8285977787054
1651867142999,149236000000,,,-1335902211763615003,0.0,5.6755658367268005,290.0,1.0,7,2,0.0,85026,503960914853618,22,36.761199951171875,478.0919315333749,0.15,25,72089.29757392044,0.002114976989105344,1.57542003E9,,,,0,,6,,32.66120147705078,-4.423782229423522,1.5000000237487257,-4.423782229423522,1.5000000237487257,C,8285977787054
1651867142999,149236000000,,,-1335902211763615003,0.0,5.6755658367268005,290.0,1.0,7,15,0.0,85026,503960918321368,16,40.37641906738281,-318.3120461386354,0.15,25,-46131.6270701594,0.0013949050335213542,1.57542003E9,,,,0,,6,,36.27642059326172,-4.423782229423522,1.5000000237487257,-4.423782229423522,1.5000000237487257,C,8285977787054
1651867142999,149236000000,,,-1335902211763615003,0.0,5.6755658367268005,290.0,1.0,7,27,0.0,85026,503960913499225,22,36.75299835205078,-351.32683562841225,0.15,25,-50255.778813853634,0.0021169749088585377,1.57542003E9,,,,1,,6,,32.65299987792969,-4.423782229423522,1.5000000237487257,-4.423782229423522,1.5000000237487257,C,8285977787054
1651867142999,149236000000,,,-1335902211763615003,0.0,5.6755658367268005,290.0,1.0,7,30,0.0,85026,503960921545459,14,44.316001892089844,63.25152220868645,0.15,25,10750.987947372956,9.342096745967865E-4,1.57542003E9,,,,0,,6,,40.21600341796875,-4.423782229423522,1.5000000237487257,-4.423782229423522,1.5000000237487257,C,8285977787054
1651867142999,149236000000,,,-1335902211763615003,0.0,5.6755658367268005,290.0,1.0,7,2,0.0,84003,503960914854139,39,26.841432571411133,477.87864352045517,0.9241694400067568,25,72702.88393795353,0.008270670659840107,1.17645005E9,,,,0,,6,,22.841432571411133,-2.7614412829279895,2.2145964260383284,-2.7614412829279895,1.5000000237487257,Q,8285977787054
1651867142999,149236000000,,,-1335902211763615003,0.0,5.6755658367268005,290.0,1.0,7,15,0.0,84003,503960918321891,53,25.164813995361328,-318.5678349748391,1.0001888948003317,25,-45913.373402206445,0.010031634010374546,1.17645005E9,,,,0,,6,,21.164813995361328,-9.780214168131348,2.2145964260383284,-9.780214168131348,1.5000000237487257,Q,8285977787054
1651867142999,149236000000,,,-1335902211763615003,0.0,5.6755658367268005,290.0,1.0,7,27,0.0,84003,503960913499766,9,33.24406814575195,-351.26466922771465,0.6360065304134603,25,-50622.118547591555,0.003957390785217285,1.17645005E9,,,,0,,6,,29.244068145751953,-6.6402368247508985,2.2145964260383284,-6.6402368247508985,1.5000000237487257,Q,8285977787054
1651867142999,149236000000,,,-1335902211763615003,0.0,5.6755658367268005,290.0,1.0,7,30,0.0,84003,503960921545993,12,32.40868377685547,63.280066266024306,0.6750200926625212,25,10900.808281680136,0.004356905352324247,1.17645005E9,,,,0,,6,,28.4086856842041,-6.27082772552967,2.2145964260383284,-6.27082772552967,1.5000000237487257,Q,8285977787054
1651867143999,150236000000,,,-1335902211763614713,0.0,5.5250776197495375,290.0,1.0,7,2,0.0,16431,503961930293796,11,44.425567626953125,-40.56057293870694,0.15,25,-5370.749028443181,8.751593995839357E-4,1.57542003E9,,,,0,,1,,40.32556915283203,0.0,1.0,0.0,1.0,C,8286969263250
1651867143999,150236000000,,,-1335902211763614713,0.0,5.5250776197495375,290.0,1.0,7,6,0.0,16431,503961928926763,15,41.42290496826172,438.5394452333926,0.15,25,66502.51863028169,0.001236574724316597,1.57542003E9,,,,0,,1,,37.322906494140625,0.320142130558394,1.0,0.320142130558394,1.0,C,8286969263250
1651867143999,150236000000,,,-1335902211763614713,0.0,5.5250776197495375,290.0,1.0,7,12,0.0,16431,503961930883386,14,41.72832489013672,-191.82061531832267,0.15,25,-27637.99133468333,0.00119384890422225,1.57542003E9,,,,0,,1,,37.628326416015625,-0.6984919076624261,1.0,-0.6984919076624261,1.0,C,8286969263250
1651867143999,150236000000,,,-1335902211763614713,0.0,5.5250776197495375,290.0,1.0,7,17,0.0,16431,503961917234609,31,32.4957275390625,575.6589618422677,0.674827313767814,17,88408.63319956411,0.09840522651848173,1.57542003E9,,,,0,,1,,28.395727157592773,-0.7858034271858065,1.0,-0.7858034271858065,1.0,C,8286969263250
1651867143999,150236000000,,,-1335902211763614713,0.0,5.5250776197495375,290.0,1.0,7,19,0.0,16431,503961923885314,16,40.71724319458008,599.8542340576369,0.15,25,91753.82893258896,0.0013412305852398276,1.57542003E9,,,,0,,1,,36.617244720458984,0.0,1.0,0.0,1.0,C,8286969263250
1651867143999,150236000000,,,-1335902211763614713,0.0,5.5250776197495375,290.0,1.0,7,20,0.0,16431,503961920257274,25,34.89006042480469,-489.059972784524,0.5677005612635977,25,-71539.9697624042,0.0024733550380915403,1.57542003E9,,,,0,,1,,30.79006004333496,0.0,1.0,0.0,1.0,C,8286969263250
1651867143999,150236000000,,,-1335902211763614713,0.0,5.5250776197495375,290.0,1.0,7,24,0.0,16431,503961927155065,12,44.25210189819336,494.2794965062533,0.15,25,75093.974587293,8.928132010623813E-4,1.57542003E9,,,,0,,1,,40.152103424072266,-0.20372681261465636,1.0,-0.20372681261465636,1.0,C,8286969263250
1651867143999,150236000000,,,-1335902211763614713,0.0,5.5250776197495375,290.0,1.0,7,25,0.0,16431,503961922138078,13,42.930301666259766,-514.2423751881634,0.15,25,-75432.39848373234,0.0010395622812211514,1.57542003E9,,,,0,,1,,38.83030319213867,-2.0372682255564105,1.0,-2.0372682255564105,1.0,C,8286969263250
1651867143999,150236000000,,,-1335902211763614713,0.0,5.5250776197495375,290.0,1.0,7,6,0.0,81921,503961928927303,7,36.17315673828125,438.76735462016063,0.15,25,67970.77121410398,0.002824584022164345,1.17645005E9,,,,0,,1,,32.17315673828125,1.9208527336454408,1.7121710505469185,1.9208527336454408,1.0,Q,8286969263250
1651867143999,150236000000,,,-1335902211763614713,0.0,5.5250776197495375,290.0,1.0,7,24,0.0,81921,503961927155603,12,31.197322845458984,494.3611239896254,0.7269053073346683,25,76613.18125155722,0.005008943844586611,1.17645005E9,,,,0,,1,,27.197322845458984,3.143213708743226,1.7121710505469185,3.143213708743226,1.0,Q,8286969263250
1651867143999,150236000000,,,-1335902211763614713,0.0,5.5250776197495375,290.0,1.0,7,25,0.0,81921,503961922138599,7,36.60871887207031,-514.4312260797562,0.15,25,-76973.03136722959,0.002849395154044032,1.17645005E9,,,,0,,1,,32.60871887207031,1.0186341127782053,1.7121710505469185,1.0186341127782053,1.0,Q,8286969263250
1651867143999,150236000000,,,-1335902211763614713,0.0,5.5250776197495375,290.0,1.0,7,18,0.0,32995,82743935380356,33,45.736968994140625,168.113591333871,0.15,17,25764.91847381198,0.09444773439206668,1.60031245E9,,,,0,,3,,41.63697052001953,48.42877388000488,2.0000000474974513,48.42877388000488,2.0000000474974513,C,8286969263250
1651867143999,150236000000,,,-1335902211763614713,0.0,5.5250776197495375,290.0,1.0,7,9,0.0,32995,82743922324811,33,42.20248031616211,-675.6318045921926,0.15,25,-99175.06124819085,0.0011124502634629607,1.60087501E9,,,,0,,3,,38.102481842041016,48.42877388000488,2.0000000474974513,48.42877388000488,2.0000000474974513,C,8286969263250
1651867143999,150236000000,,,-1335902211763614713,0.0,5.5250776197495375,290.0,1.0,7,15,0.0,32995,82743932224379,51,35.00188446044922,578.0925174029094,0.5612271578123922,17,85562.57198391731,0.09596938721046239,1.602E9,,,,0,,3,,30.901884078979492,48.42877388000488,2.0000000474974513,48.42877388000488,2.0000000474974513,C,8286969263250
1651867143999,150236000000,,,-1335902211763614713,0.0,5.5250776197495375,290.0,1.0,7,19,0.0,32995,82743929339593,49,35.487422943115234,-414.3801640921115,0.5388740255971218,17,-61644.449857953754,0.09573799497562267,1.60368755E9,,,,0,,3,,31.38742446899414,48.42877388000488,2.0000000474974513,48.42877388000488,2.0000000474974513,C,8286969263250
1651867143999,150236000000,,,-1335902211763614713,0.0,5.5250776197495375,290.0,1.0,7,17,0.0,32995,82743928897777,37,38.837547302246094,706.9828930492649,0.15,17,108091.26054501347,0.09507230814594703,1.60424998E9,,,,0,,3,,34.737548828125,48.42877388000488,2.0000000474974513,48.42877388000488,2.0000000474974513,C,8286969263250
1651867143999,150236000000,,,-1335902211763614713,0.0,5.5250776197495375,290.0,1.0,7,2,0.0,85026,503961914852047,27,33.93442153930664,477.9305511017394,0.6075438183136357,25,72567.23829855943,0.002928496338427067,1.57542003E9,,,,1,,6,,29.834421157836914,-4.423782229423522,1.5000000237487257,-4.423782229423522,1.5000000237487257,C,8286969263250
1651867143999,150236000000,,,-1335902211763614713,0.0,5.5250776197495375,290.0,1.0,7,15,0.0,85026,503961918322431,17,39.69801330566406,-318.24575576069856,0.15,25,-46449.97339213775,0.0015082207974046469,1.57542003E9,,,,0,,6,,35.59801483154297,-4.423782229423522,1.5000000237487257,-4.423782229423522,1.5000000237487257,C,8286969263250
1651867143999,150236000000,,,-1335902211763614713,0.0,5.5250776197495375,290.0,1.0,7,27,0.0,85026,503961913500398,28,33.722747802734375,-351.1509019878415,0.6175388315254393,25,-50607.068672561625,0.0028291235212236643,1.57542003E9,,,,1,,6,,29.62274932861328,-4.423782229423522,1.5000000237487257,-4.423782229423522,1.5000000237487257,C,8286969263250
1651867143999,150236000000,,,-1335902211763614713,0.0,5.5250776197495375,290.0,1.0,7,30,0.0,85026,503961921545245,14,44.93336486816406,63.302126136008695,0.15,25,10814.216098579636,8.701138431206346E-4,1.57542003E9,,,,0,,6,,40.83336639404297,-4.423782229423522,1.5000000237487257,-4.423782229423522,1.5000000237487257,C,8286969263250
1651867143999,150236000000,,,-1335902211763614713,0.0,5.5250776197495375,290.0,1.0,7,2,0.0,84003,503961914852541,46,26.061904907226562,477.826088372497,0.9592237125115526,25,73180.83352852068,0.009047259576618671,1.17645005E9,,,,0,,6,,22.061904907226562,-2.7614412829279895,2.212171074295644,-2.7614412829279895,1.5000000237487257,Q,8286969263250
1651867143999,150236000000,,,-1335902211763614713,0.0,5.5250776197495375,290.0,1.0,7,15,0.0,84003,503961918322957,59,24.52309226989746,-318.32479297737495,1.029046550678574,25,-46231.71395860968,0.010800843127071857,1.17645005E9,,,,0,,6,,20.52309226989746,-9.780214168131348,2.212171074295644,-9.780214168131348,1.5000000237487257,Q,8286969263250
1651867143999,150236000000,,,-1335902211763614713,0.0,5.5250776197495375,290.0,1.0,7,27,0.0,84003,503961913500936,7,36.402503967285156,-351.30229625971583,0.15,25,-50973.397737461535,0.002917853184044361,1.17645005E9,,,,0,,6,,32.402503967285156,-6.6402368247508985,2.212171074295644,-6.6402368247508985,1.5000000237487257,Q,8286969263250
1651867143999,150236000000,,,-1335902211763614713,0.0,5.5250776197495375,290.0,1.0,7,30,0.0,84003,503961921545781,10,33.24608612060547,63.31163514137856,0.6373631719445831,25,10964.038937774167,0.00395647156983614,1.17645005E9,,,,0,,6,,29.246084213256836,-6.27082772552967,2.212171074295644,-6.27082772552967,1.5000000237487257,Q,8286969263250
1651867144999,151236000000,,,-1335902211763614424,0.0,5.5945022757935865,290.0,1.0,7,2,0.0,16431,503962930293937,11,44.75578308105469,-40.494107888180395,0.15,25,-5411.34232238227,8.42512643430382E-4,1.57542003E9,,,,0,,1,,40.655784606933594,0.0,1.0,0.0,1.0,C,8287969130764
1651867144999,151236000000,,,-1335902211763614424,0.0,5.5945022757935865,290.0,1.0,7,6,0.0,16431,503962928925304,17,39.675575256347656,438.7989831398138,0.15,25,66941.22823528101,0.0015121223405003548,1.57542003E9,,,,0,,1,,35.57557678222656,0.320142130558394,1.0,0.320142130558394,1.0,C,8287969130764
1651867144999,151236000000,,,-1335902211763614424,0.0,5.5945022757935865,290.0,1.0,7,12,0.0,16431,503962930884029,14,42.44395446777344,-191.80437502778955,0.15,25,-27829.872304174907,0.0010994307231158018,1.57542003E9,,,,0,,1,,38.343955993652344,-0.6984919076624261,1.0,-0.6984919076624261,1.0,C,8287969130764
1651867144999,151236000000,,,-1335902211763614424,0.0,5.5945022757935865,290.0,1.0,7,17,0.0,16431,503962917232681,34,31.352893829345703,575.5316979496115,0.7262189319260615,17,88984.27301567043,0.09886342744630551,1.57542003E9,,,,0,,1,,27.252893447875977,-0.7858034271858065,1.0,-0.7858034271858065,1.0,C,8287969130764
1651867144999,151236000000,,,-1335902211763614424,0.0,5.5945022757935865,290.0,1.0,7,19,0.0,16431,503962923883290,16,40.59096908569336,599.8802730544203,0.15,25,92353.65214403855,0.0013608718290925026,1.57542003E9,,,,0,,1,,36.490970611572266,0.0,1.0,0.0,1.0,C,8287969130764
1651867144999,151236000000,,,-1335902211763614424,0.0,5.5945022757935865,290.0,1.0,7,20,0.0,16431,503962920258909,30,32.853668212890625,-489.05513307569777,0.659275129393047,25,-72028.93845956148,0.0031268433667719364,1.57542003E9,,,,0,,1,,28.7536678314209,0.0,1.0,0.0,1.0,C,8287969130764
1651867144999,151236000000,,,-1335902211763614424,0.0,5.5945022757935865,290.0,1.0,7,24,0.0,16431,503962927153419,12,43.803749084472656,494.2989235064713,0.15,25,75588.19896353317,9.401089628227055E-4,1.57542003E9,,,,0,,1,,39.70375061035156,-0.20372681261465636,1.0,-0.20372681261465636,1.0,C,8287969130764
1651867144999,151236000000,,,-1335902211763614424,0.0,5.5945022757935865,290.0,1.0,7,25,0.0,16431,503962922139791,15,41.402278900146484,-514.2335478319239,0.15,25,-75946.71211950622,0.001239514909684658,1.57542003E9,,,,0,,1,,37.30228042602539,-2.0372682255564105,1.0,-2.0372682255564105,1.0,C,8287969130764
1651867144999,151236000000,,,-1335902211763614424,0.0,5.5945022757935865,290.0,1.0,7,6,0.0,81921,503962928925843,8,36.72062683105469,438.78603180633513,0.15,25,68409.4779719434,0.0028129187412559986,1.17645005E9,,,,0,,1,,32.72062683105469,1.9208527336454408,1.7100791194311418,1.9208527336454408,1.0,Q,8287969130764
1651867144999,151236000000,,,-1335902211763614424,0.0,5.5945022757935865,290.0,1.0,7,24,0.0,81921,503962927153955,17,31.233251571655273,494.2403357637086,0.7252892530436443,25,77107.39168946979,0.004988267086446285,1.17645005E9,,,,0,,1,,27.233251571655273,3.143213708743226,1.7100791194311418,3.143213708743226,1.0,Q,8287969130764
1651867144999,151236000000,,,-1335902211763614424,0.0,5.5945022757935865,290.0,1.0,7,25,0.0,81921,503962922140316,8,39.780128479003906,-514.2203920037061,0.15,25,-77487.31803811452,0.001977798994630575,1.17645005E9,,,,0,,1,,35.780128479003906,1.0186341127782053,1.7100791194311418,1.0186341127782053,1.0,Q,8287969130764
1651867144999,151236000000,,,-1335902211763614424,0.0,5.5945022757935865,290.0,1.0,7,18,0.0,32995,82744935379808,33,46.29597473144531,168.2280402228746,0.15,17,25933.049338289242,0.09439906132063382,1.60031245E9,,,,0,,3,,42.19597625732422,48.42877388000488,2.0000000474974513,48.42877388000488,2.0000000474974513,C,8287969130764
1651867144999,151236000000,,,-1335902211763614424,0.0,5.5945022757935865,290.0,1.0,7,9,0.0,32995,82744922327081,33,43.65387725830078,-675.660911010063,0.15,25,-99850.81135490068,9.412625222466886E-4,1.60087501E9,,,,0,,3,,39.55387878417969,48.42877388000488,2.0000000474974513,48.42877388000488,2.0000000474974513,C,8287969130764
1651867144999,151236000000,,,-1335902211763614424,0.0,5.5945022757935865,290.0,1.0,7,15,0.0,32995,82744932222444,40,38.09027099609375,578.1184882347798,0.15,17,86140.57499518375,0.09535296784855812,1.602E9,,,,0,,3,,33.990272521972656,48.42877388000488,2.0000000474974513,48.42877388000488,2.0000000474974513,C,8287969130764
1651867144999,151236000000,,,-1335902211763614424,0.0,5.5945022757935865,290.0,1.0,7,19,0.0,32995,82744929340949,49,35.36030578613281,-414.2431185344333,0.5445906254385464,17,-62058.79613820879,0.09577143527681746,1.60368755E9,,,,0,,3,,31.26030731201172,48.42877388000488,2.0000000474974513,48.42877388000488,2.0000000474974513,C,8287969130764
1651867144999,151236000000,,,-1335902211763614424,0.0,5.5945022757935865,290.0,1.0,7,17,0.0,32995,82744928895416,33,41.815399169921875,707.0572609693977,0.15,17,108798.26082414929,0.09459765109747575,1.60424998E9,,,,0,,3,,37.71540069580078,48.42877388000488,2.0000000474974513,48.42877388000488,2.0000000474974513,C,8287969130764
1651867144999,151236000000,,,-1335902211763614424,0.0,5.5945022757935865,290.0,1.0,7,2,0.0,85026,503962914850431,38,30.081214904785156,477.74606276458144,0.7808178290642416,16,73044.20337460533,3.4028234663852886E38,1.57542003E9,,,,1,,6,,25.98121452331543,-4.423782229423522,1.5000000237487257,-4.423782229423522,1.5000000237487257,C,8287969130764
1651867144999,151236000000,,,-1335902211763614424,0.0,5.5945022757935865,290.0,1.0,7,15,0.0,85026,503962918323504,16,40.64097213745117,-318.25785503276416,0.15,25,-46768.29597721908,0.0013530600117519498,1.57542003E9,,,,0,,6,,36.54097366333008,-4.423782229423522,1.5000000237487257,-4.423782229423522,1.5000000237487257,C,8287969130764
1651867144999,151236000000,,,-1335902211763614424,0.0,5.5945022757935865,290.0,1.0,7,27,0.0,85026,503962913501571,37,30.266197204589844,-351.0525741007732,0.7729762679393772,16,-50957.49091109549,3.4028234663852886E38,1.57542003E9,,,,1,,6,,26.166196823120117,-4.423782229423522,1.5000000237487257,-4.423782229423522,1.5000000237487257,C,8287969130764
1651867144999,151236000000,,,-1335902211763614424,0.0,5.5945022757935865,290.0,1.0,7,30,0.0,85026,503962921545039,12,46.9006462097168,63.3284505733655,0.15,25,10877.480509641378,6.937646539881825E-4,1.57542003E9,,,,0,,6,,42.8006477355957,-4.423782229423522,1.5000000237487257,-4.423782229423522,1.5000000237487257,C,8287969130764
1651867144999,151236000000,,,-1335902211763614424,0.0,5.5945022757935865,290.0,1.0,7,2,0.0,84003,503962914850950,76,23.4680118560791,477.71845597479796,1.075867857865168,16,73659.00807872188,3.4028234663852886E38,1.17645005E9,,,,0,,6,,19.4680118560791,-2.7614412829279895,2.2100791431798674,-2.7614412829279895,1.5000000237487257,Q,8287969130764
1651867144999,151236000000,,,-1335902211763614424,0.0,5.5945022757935865,290.0,1.0,7,15,0.0,84003,503962918324013,36,26.82171630859375,-318.2727490662646,0.925680251399807,25,-46550.0185497506,0.008289463818073273,1.17645005E9,,,,0,,6,,22.82171630859375,-9.780214168131348,2.2100791431798674,-9.780214168131348,1.5000000237487257,Q,8287969130764
1651867144999,151236000000,,,-1335902211763614424,0.0,5.5945022757935865,290.0,1.0,7,27,0.0,84003,503962913502109,7,37.716861724853516,-351.24820740121413,0.15,25,-51324.70790012259,0.002508103381842375,1.17645005E9,,,,0,,6,,33.716861724853516,-6.6402368247508985,2.2100791431798674,-6.6402368247508985,1.5000000237487257,Q,8287969130764
1651867144999,151236000000,,,-1335902211763614424,0.0,5.5945022757935865,290.0,1.0,7,30,0.0,84003,503962921545572,7,35.5571403503418,63.30604135820175,0.5334374743779462,25,11027.28485894515,0.0030321823433041573,1.17645005E9,,,,0,,6,,31.557140350341797,-6.27082772552967,2.2100791431798674,-6.27082772552967,1.5000000237487257,Q,8287969130764
1651867145999,152236000000,,,-1335902211763614134,0.0,5.529959040877634,290.0,1.0,7,2,0.0,16431,503963930294068,11,45.0818977355957,-40.45103192344263,0.15,25,-5451.8174214387,8.114668889902532E-4,1.57542003E9,,,,0,,1,,40.98189926147461,0.0,1.0,0.0,1.0,C,8288974595283
1651867145999,152236000000,,,-1335902211763614134,0.0,5.529959040877634,290.0,1.0,7,6,0.0,16431,503963928923847,18,38.8104362487793,438.82413599272763,0.15,25,67380.05305067399,0.001670489669777453,1.57542003E9,,,,0,,1,,34.7104377746582,0.320142130558394,1.0,0.320142130558394,1.0,C,8288974595283
1651867145999,152236000000,,,-1335902211763614134,0.0,5.529959040877634,290.0,1.0,7,12,0.0,16431,503963930884669,15,41.22074890136719,-191.82584697539892,0.15,25,-28021.683844191757,0.00126569252461195,1.57542003E9,,,,0,,1,,37.120750427246094,-0.6984919076624261,1.0,-0.6984919076624261,1.0,C,8288974595283
1651867145999,152236000000,,,-1335902211763614134,0.0,5.529959040877634,290.0,1.0,7,17,0.0,16431,503963917230744,40,29.435775756835938,575.6747079371812,0.8124291743545524,21,89559.91147834156,0.09978131359730637,1.57542003E9,,,,0,,1,,25.33577537536621,-0.7858034271858065,1.0,-0.7858034271858065,1.0,C,8288974595283
1651867145999,152236000000,,,-1335902211763614134,0.0,5.529959040877634,290.0,1.0,7,19,0.0,16431,503963923881299,16,40.76428985595703,599.8626183419415,0.15,25,92953.54829354267,0.001333985710516572,1.57542003E9,,,,0,,1,,36.66429138183594,0.0,1.0,0.0,1.0,C,8288974595283
1651867145999,152236000000,,,-1335902211763614134,0.0,5.529959040877634,290.0,1.0,7,20,0.0,16431,503963920260543,32,32.12260818481445,-489.1142320553083,0.6921502548339156,25,-72517.9673250454,0.003401410300284624,1.57542003E9,,,,0,,1,,28.02260971069336,0.0,1.0,0.0,1.0,C,8288974595283
1651867145999,152236000000,,,-1335902211763614134,0.0,5.529959040877634,290.0,1.0,7,24,0.0,16431,503963927151775,11,44.78034973144531,494.3443554210162,0.15,25,76082.53646935309,8.401332306675613E-4,1.57542003E9,,,,0,,1,,40.68035125732422,-0.20372681261465636,1.0,-0.20372681261465636,1.0,C,8288974595283
1651867145999,152236000000,,,-1335902211763614134,0.0,5.529959040877634,290.0,1.0,7,25,0.0,16431,503963922141511,14,41.81270217895508,-514.2997018800347,0.15,25,-76460.96650091655,0.0011823078384622931,1.57542003E9,,,,0,,1,,37.712703704833984,-2.0372682255564105,1.0,-2.0372682255564105,1.0,C,8288974595283
1651867145999,152236000000,,,-1335902211763614134,0.0,5.529959040877634,290.0,1.0,7,6,0.0,81921,503963928924376,7,37.32361602783203,438.82430640501025,0.15,25,68848.2951509861,0.002624264918267727,1.17645005E9,,,,0,,1,,33.32361602783203,1.9208527336454408,1.707707846645237,1.9208527336454408,1.0,Q,8288974595283
1651867145999,152236000000,,,-1335902211763614134,0.0,5.529959040877634,290.0,1.0,7,24,0.0,81921,503963927152305,11,32.119075775146484,494.27765605360105,0.6854544500404391,25,77601.72096943867,0.004504624288529158,1.17645005E9,,,,0,,1,,28.119075775146484,3.143213708743226,1.707707846645237,3.143213708743226,1.0,Q,8288974595283
1651867145999,152236000000,,,-1335902211763614134,0.0,5.529959040877634,290.0,1.0,7,25,0.0,81921,503963922142032,7,39.80830001831055,-514.2342976459674,0.15,25,-78001.56380876637,0.001971394522115588,1.17645005E9,,,,0,,1,,35.80830001831055,1.0186341127782053,1.707707846645237,1.0186341127782053,1.0,Q,8288974595283
1651867145999,152236000000,,,-1335902211763614134,0.0,5.529959040877634,290.0,1.0,7,18,0.0,32995,82745935379230,33,46.620540618896484,168.28744594459386,0.15,17,26101.31154209445,0.09437220576107987,1.60031245E9,,,,0,,3,,42.52054214477539,48.42877388000488,2.0000000474974513,48.42877388000488,2.0000000474974513,C,8288974595283
1651867145999,152236000000,,,-1335902211763614134,0.0,5.529959040877634,290.0,1.0,7,9,0.0,32995,82745922329327,33,42.38220977783203,-675.7109440562385,0.15,25,-100526.50923983121,0.0010896677849814296,1.60087501E9,,,,0,,3,,38.28221130371094,48.42877388000488,2.0000000474974513,48.42877388000488,2.0000000474974513,C,8288974595283
1651867145999,152236000000,,,-1335902211763614134,0.0,5.529959040877634,290.0,1.0,7,15,0.0,32995,82745932220529,45,36.62895584106445,578.1396193578239,0.15,17,86718.71330870189,0.09567997732341676,1.602E9,,,,0,,3,,32.52895736694336,48.42877388000488,2.0000000474974513,48.42877388000488,2.0000000474974513,C,8288974595283
1651867145999,152236000000,,,-1335902211763614134,0.0,5.529959040877634,290.0,1.0,7,19,0.0,32995,82745929342348,52,34.79233932495117,-414.251707313477,0.5701315989827638,17,-62473.03505307599,0.09592697220037498,1.60368755E9,,,,0,,3,,30.692340850830078,48.42877388000488,2.0000000474974513,48.42877388000488,2.0000000474974513,C,8288974595283
1651867145999,152236000000,,,-1335902211763614134,0.0,5.529959040877634,290.0,1.0,7,17,0.0,32995,82745928893054,33,41.30032730102539,707.0787329170071,0.15,17,109505.30970921791,0.09466856223113762,1.60424998E9,,,,0,,3,,37.2003288269043,48.42877388000488,2.0000000474974513,48.42877388000488,2.0000000474974513,C,8288974595283
1651867145999,152236000000,,,-1335902211763614134,0.0,5.529959040877634,290.0,1.0,7,2,0.0,85026,503963914848837,38,29.867774963378906,477.8496734324108,0.7904157683440949,16,73519.55030440711,3.4028234663852886E38,1.57542003E9,,,,1,,6,,25.76777458190918,-4.423782229423522,1.5000000237487257,-4.423782229423522,1.5000000237487257,C,8288974595283
1651867145999,152236000000,,,-1335902211763614134,0.0,5.529959040877634,290.0,1.0,7,15,0.0,85026,503963918324559,15,41.03610610961914,-318.25932057839464,0.15,25,-47086.54954061126,0.001292886445298791,1.57542003E9,,,,0,,6,,36.93610763549805,-4.423782229423522,1.5000000237487257,-4.423782229423522,1.5000000237487257,C,8288974595283
1651867145999,152236000000,,,-1335902211763614134,0.0,5.529959040877634,290.0,1.0,7,27,0.0,85026,503963913502745,41,29.028528213500977,-351.0589816025995,0.8286330525757224,16,-51306.58053382178,3.4028234663852886E38,1.57542003E9,,,,0,,6,,24.92852783203125,-4.423782229423522,1.5000000237487257,-4.423782229423522,1.5000000237487257,C,8288974595283
1651867145999,152236000000,,,-1335902211763614134,0.0,5.529959040877634,290.0,1.0,7,30,0.0,85026,503963921544824,12,45.99205780029297,63.32967328149326,0.15,25,10940.815807536845,7.702671573497355E-4,1.57542003E9,,,,0,,6,,41.892059326171875,-4.423782229423522,1.5000000237487257,-4.423782229423522,1.5000000237487257,C,8288974595283
1651867145999,152236000000,,,-1335902211763614134,0.0,5.529959040877634,290.0,1.0,7,2,0.0,16384,503963914849356,1000000000,20.78558349609375,478.5654050193898,2.99792458E8,16,74139.97403043305,3.4028234663852886E38,1.17645005E9,,,,0,,6,,16.78558349609375,-2.7614412829279895,2.2077078703939623,-2.7614412829279895,1.5000000237487257,Q,8288974595283
1651867145999,152236000000,,,-1335902211763614134,0.0,5.529959040877634,290.0,1.0,7,15,0.0,84003,503963918325076,45,25.703182220458984,-318.4412527313134,0.975979633334175,25,-46868.28830783462,0.00942873116582632,1.17645005E9,,,,0,,6,,21.703182220458984,-9.780214168131348,2.2077078703939623,-9.780214168131348,1.5000000237487257,Q,8288974595283
1651867145999,152236000000,,,-1335902211763614134,0.0,5.529959040877634,290.0,1.0,7,27,0.0,84003,503963913503280,7,38.659278869628906,-351.3687570499353,0.15,25,-51675.969566278814,0.0022502182982861996,1.17645005E9,,,,0,,6,,34.659278869628906,-6.6402368247508985,2.2077078703939623,-6.6402368247508985,1.5000000237487257,Q,8288974595283
1651867145999,152236000000,,,-1335902211763614134,0.0,5.529959040877634,290.0,1.0,7,30,0.0,84003,503963921545360,7,35.24860763549805,63.29508384842967,0.5473118632928906,25,11090.6224850698,0.003141824621707201,1.17645005E9,,,,0,,6,,31.248607635498047,-6.27082772552967,2.2077078703939623,-6.27082772552967,1.5000000237487257,Q,8288974595283
1651867146999,153236000000,,,-1335902211763613845,0.0,5.528554578558927,289.0,1.0,7,2,0.0,16431,503964930294203,11,45.152587890625,-40.43563943401551,0.15,25,-5492.228459205177,8.048895397223532E-4,1.57542003E9,,,,0,,1,,41.052589416503906,0.0,1.0,0.0,1.0,C,8289986188911
1651867146999,153236000000,,,-1335902211763613845,0.0,5.528554578558927,289.0,1.0,7,6,0.0,16431,503964928922380,22,36.5191650390625,438.7024616229412,0.15,25,67818.90731149401,0.0020503646228462458,1.57542003E9,,,,0,,1,,32.419166564941406,0.320142130558394,1.0,0.320142130558394,1.0,C,8289986188911
1651867146999,153236000000,,,-1335902211763613845,0.0,5.528554578558927,289.0,1.0,7,12,0.0,16431,503964930885303,14,41.655277252197266,-191.89556264021633,0.15,25,-28213.48297828626,0.0012039314024150372,1.57542003E9,,,,0,,1,,37.55527877807617,-0.6984919076624261,1.0,-0.6984919076624261,1.0,C,8289986188911
1651867146999,153236000000,,,-1335902211763613845,0.0,5.528554578558927,289.0,1.0,7,17,0.0,16431,503964917228822,34,31.396413803100586,575.5924328871351,0.7242611211276389,25,90135.66582832427,0.0036980153527110815,1.57542003E9,,,,0,,1,,27.29641342163086,-0.7858034271858065,1.0,-0.7858034271858065,1.0,C,8289986188911
1651867146999,153236000000,,,-1335902211763613845,0.0,5.528554578558927,289.0,1.0,7,19,0.0,16431,503964923879292,16,40.69829559326172,599.7993613026351,0.15,25,93553.39217442655,0.001344159827567637,1.57542003E9,,,,0,,1,,36.598297119140625,0.0,1.0,0.0,1.0,C,8289986188911
1651867146999,153236000000,,,-1335902211763613845,0.0,5.528554578558927,289.0,1.0,7,20,0.0,16431,503964920262173,28,33.52191162109375,-489.2079928932026,0.629225452911379,25,-73006.95104230694,0.002895301440730691,1.57542003E9,,,,0,,1,,29.421913146972656,0.0,1.0,0.0,1.0,C,8289986188911
1651867146999,153236000000,,,-1335902211763613845,0.0,5.528554578558927,289.0,1.0,7,24,0.0,16431,503964927150123,10,45.62110900878906,494.267090492079,0.15,25,76576.90897791216,7.626235601492226E-4,1.57542003E9,,,,0,,1,,41.52111053466797,-0.20372681261465636,1.0,-0.20372681261465636,1.0,C,8289986188911
1651867146999,153236000000,,,-1335902211763613845,0.0,5.528554578558927,289.0,1.0,7,25,0.0,16431,503964922143221,15,40.8450927734375,-514.451027986996,0.15,25,-76975.27037556251,0.0013216332299634814,1.57542003E9,,,,0,,1,,36.745094299316406,-2.0372682255564105,1.0,-2.0372682255564105,1.0,C,8289986188911
1651867146999,153236000000,,,-1335902211763613845,0.0,5.528554578558927,289.0,1.0,7,6,0.0,81921,503964928922911,7,39.49461364746094,438.92202080786114,0.15,25,69287.18089976013,0.0020438916981220245,1.17645005E9,,,,0,,1,,35.49461364746094,1.9208527336454408,1.7054742067925321,1.9208527336454408,1.0,Q,8289986188911
1651867146999,153236000000,,,-1335902211763613845,0.0,5.528554578558927,289.0,1.0,7,24,0.0,81921,503964927150655,12,32.27027130126953,494.3177711049284,0.6786551330987343,25,78096.09974079482,0.004426891449838877,1.17645005E9,,,,0,,1,,28.2702693939209,3.143213708743226,1.7054742067925321,3.143213708743226,1.0,Q,8289986188911
1651867146999,153236000000,,,-1335902211763613845,0.0,5.528554578558927,289.0,1.0,7,25,0.0,81921,503964922143746,6,38.88512420654297,-514.260609302403,0.15,25,-78515.8736494882,0.0021924632601439953,1.17645005E9,,,,0,,1,,34.88512420654297,1.0186341127782053,1.7054742067925321,1.0186341127782053,1.0,Q,8289986188911
1651867146999,153236000000,,,-1335902211763613845,0.0,5.528554578558927,289.0,1.0,7,18,0.0,32995,82746935378691,33,46.43489074707031,168.31570030105127,0.15,17,26269.64513800149,0.09438744429387637,1.60031245E9,,,,0,,3,,42.33489227294922,48.42877388000488,2.0000000474974513,48.42877388000488,2.0000000474974513,C,8289986188911
1651867146999,153236000000,,,-1335902211763613845,0.0,5.528554578558927,289.0,1.0,7,9,0.0,32995,82746922331570,33,40.878028869628906,-675.9168020936363,0.15,25,-101202.24937762886,0.0012956960126757622,1.60087501E9,,,,0,,3,,36.77803039550781,48.42877388000488,2.0000000474974513,48.42877388000488,2.0000000474974513,C,8289986188911
1651867146999,153236000000,,,-1335902211763613845,0.0,5.528554578558927,289.0,1.0,7,15,0.0,32995,82746932218565,47,35.95691680908203,578.1499804246068,0.5182792019884794,17,87296.91807181902,0.0958498573131153,1.602E9,,,,0,,3,,31.856918334960938,48.42877388000488,2.0000000474974513,48.42877388000488,2.0000000474974513,C,8289986188911
1651867146999,153236000000,,,-1335902211763613845,0.0,5.528554578558927,289.0,1.0,7,19,0.0,32995,82746929343729,54,34.3310546875,-414.27355416810815,0.5908755000550445,17,-62887.2283697378,0.09606099859925725,1.60368755E9,,,,0,,3,,30.231054306030273,48.42877388000488,2.0000000474974513,48.42877388000488,2.0000000474974513,C,8289986188911
1651867146999,153236000000,,,-1335902211763613845,0.0,5.528554578558927,289.0,1.0,7,17,0.0,32995,82746928890629,39,38.14289474487305,707.0136354250485,0.15,17,110212.34620944998,0.09520846773918645,1.60424998E9,,,,0,,3,,34.04289627075195,48.42877388000488,2.0000000474974513,48.42877388000488,2.0000000474974513,C,8289986188911
1651867146999,153236000000,,,-1335902211763613845,0.0,5.528554578558927,289.0,1.0,7,2,0.0,85026,503964914847247,29,33.22911834716797,478.020358374677,0.6392595411270476,25,73995.75089706654,0.002994562964886427,1.57542003E9,,,,1,,6,,29.129119873046875,-4.423782229423522,1.5000000237487257,-4.423782229423522,1.5000000237487257,C,8289986188911
1651867146999,153236000000,,,-1335902211763613845,0.0,5.528554578558927,289.0,1.0,7,15,0.0,85026,503964918325620,16,40.71065139770508,-318.41160099413855,0.15,25,-47404.79348366517,0.0013422489864751697,1.57542003E9,,,,0,,6,,36.610652923583984,-4.423782229423522,1.5000000237487257,-4.423782229423522,1.5000000237487257,C,8289986188911
1651867146999,153236000000,,,-1335902211763613845,0.0,5.528554578558927,289.0,1.0,7,27,0.0,85026,503964913503923,37,30.230411529541016,-351.1977653655604,0.7745858652025053,16,-51655.09135774592,3.4028234663852886E38,1.57542003E9,,,,0,,6,,26.13041114807129,-4.423782229423522,1.5000000237487257,-4.423782229423522,1.5000000237487257,C,8289986188911
1651867146999,153236000000,,,-1335902211763613845,0.0,5.528554578558927,289.0,1.0,7,30,0.0,85026,503964921544612,13,45.207847595214844,63.27407627429042,0.15,25,11004.156475469017,8.430472807958722E-4,1.57542003E9,,,,0,,6,,41.10784912109375,-4.423782229423522,1.5000000237487257,-4.423782229423522,1.5000000237487257,C,8289986188911
1651867146999,153236000000,,,-1335902211763613845,0.0,5.528554578558927,289.0,1.0,7,2,0.0,16384,503964914847760,1000000000,22.510295867919922,478.5621331035636,2.99792458E8,16,74618.9218054141,3.4028234663852886E38,1.17645005E9,,,,0,,6,,18.510295867919922,-2.7614412829279895,2.205474230541258,-2.7614412829279895,1.5000000237487257,Q,8289986188911
1651867146999,153236000000,,,-1335902211763613845,0.0,5.528554578558927,289.0,1.0,7,15,0.0,84003,503964918326136,49,25.567319869995117,-318.45372691040075,0.982089446204272,25,-47186.52796026074,0.009577370248734951,1.17645005E9,,,,0,,6,,21.567319869995117,-9.780214168131348,2.205474230541258,-9.780214168131348,1.5000000237487257,Q,8289986188911
1651867146999,153236000000,,,-1335902211763613845,0.0,5.528554578558927,289.0,1.0,7,27,0.0,84003,503964913504452,7,38.64059829711914,-351.49206737763484,0.15,25,-52027.28505940028,0.0022550630383193493,1.17645005E9,,,,0,,6,,34.64059829711914,-6.6402368247508985,2.205474230541258,-6.6402368247508985,1.5000000237487257,Q,8289986188911
1651867146999,153236000000,,,-1335902211763613845,0.0,5.528554578558927,289.0,1.0,7,30,0.0,84003,503964921545149,9,34.05781173706055,63.265185013445034,0.6008605281721637,25,11153.971381529205,0.0036034765653312206,1.17645005E9,,,,0,,6,,30.057811737060547,-6.27082772552967,2.205474230541258,-6.27082772552967,1.5000000237487257,Q,8289986188911
1651867147999,154236000000,,,-1335902211763613556,0.0,5.622312776956667,289.0,1.0,7,2,0.0,16431,503965930294336,12,44.11963653564453,-40.229244597927504,0.15,25,-5532.551860884797,9.065335034392774E-4,1.57542003E9,,,,0,,1,,40.01963806152344,0.0,1.0,0.0,1.0,C,8290964629748
1651867147999,154236000000,,,-1335902211763613556,0.0,5.622312776956667,289.0,1.0,7,6,0.0,16431,503965928920917,18,38.773399353027344,439.11373462580195,0.15,25,68257.8987992227,0.0016776283737272024,1.57542003E9,,,,0,,1,,34.67340087890625,0.320142130558394,1.0,0.320142130558394,1.0,C,8290964629748
1651867147999,154236000000,,,-1335902211763613556,0.0,5.622312776956667,289.0,1.0,7,12,0.0,16431,503965930885944,14,41.711753845214844,-191.64147792683877,0.15,25,-28405.203030279183,0.0011961286654695868,1.57542003E9,,,,0,,1,,37.61175537109375,-0.6984919076624261,1.0,-0.6984919076624261,1.0,C,8290964629748
1651867147999,154236000000,,,-1335902211763613556,0.0,5.622312776956667,289.0,1.0,7,17,0.0,16431,503965917226921,32,32.24728012084961,575.7485305380096,0.6859982382969525,25,90711.32506170051,0.0033529363572597504,1.57542003E9,,,,0,,1,,28.147281646728516,-0.7858034271858065,1.0,-0.7858034271858065,1.0,C,8290964629748
1651867147999,154236000000,,,-1335902211763613556,0.0,5.622312776956667,289.0,1.0,7,19,0.0,16431,503965923877319,19,38.49427032470703,599.9134012021605,0.15,25,94153.22706831152,0.0017324157524853945,1.57542003E9,,,,0,,1,,34.39427185058594,0.0,1.0,0.0,1.0,C,8290964629748
1651867147999,154236000000,,,-1335902211763613556,0.0,5.622312776956667,289.0,1.0,7,20,0.0,16431,503965920263798,32,32.19685745239258,-489.1832149473105,0.6888120379790212,25,-73496.00191931934,0.0033724585082381964,1.57542003E9,,,,0,,1,,28.09685707092285,0.0,1.0,0.0,1.0,C,8290964629748
1651867147999,154236000000,,,-1335902211763613556,0.0,5.622312776956667,289.0,1.0,7,24,0.0,16431,503965927148479,11,45.36723709106445,494.5601314532621,0.15,25,77071.35354891935,7.852424751035869E-4,1.57542003E9,,,,0,,1,,41.26723861694336,-0.20372681261465636,1.0,-0.20372681261465636,1.0,C,8290964629748
1651867147999,154236000000,,,-1335902211763613556,0.0,5.622312776956667,289.0,1.0,7,25,0.0,16431,503965922144942,17,39.75468826293945,-514.3151412328396,0.15,25,-77489.56402368743,0.0014984117588028312,1.57542003E9,,,,0,,1,,35.65468978881836,-2.0372682255564105,1.0,-2.0372682255564105,1.0,C,8290964629748
1651867147999,154236000000,,,-1335902211763613556,0.0,5.622312776956667,289.0,1.0,7,6,0.0,81921,503965928921448,9,37.74795150756836,439.0235524458426,0.15,25,69726.11587584106,0.0024991424288600683,1.17645005E9,,,,0,,1,,33.74795150756836,1.9208527336454408,1.7035165783800799,1.9208527336454408,1.0,Q,8290964629748
1651867147999,154236000000,,,-1335902211763613556,0.0,5.622312776956667,289.0,1.0,7,24,0.0,81921,503965927149007,15,31.577232360839844,494.4982377122167,0.709819944954758,25,78590.53427783142,0.004794581327587366,1.17645005E9,,,,0,,1,,27.577232360839844,3.143213708743226,1.7035165783800799,3.143213708743226,1.0,Q,8290964629748
1651867147999,154236000000,,,-1335902211763613556,0.0,5.622312776956667,289.0,1.0,7,25,0.0,81921,503965922145460,7,40.060791015625,-514.235831356511,0.15,25,-79030.17520160959,0.001914912834763527,1.17645005E9,,,,0,,1,,36.060791015625,1.0186341127782053,1.7035165783800799,1.0186341127782053,1.0,Q,8290964629748
1651867147999,154236000000,,,-1335902211763613556,0.0,5.622312776956667,289.0,1.0,7,18,0.0,32995,82747935378098,33,45.73686981201172,168.51634372260105,0.15,17,26438.057715452043,0.09444774341425412,1.60031245E9,,,,0,,3,,41.636871337890625,48.42877388000488,2.0000000474974513,48.42877388000488,2.0000000474974513,C,8290964629748
1651867147999,154236000000,,,-1335902211763613556,0.0,5.622312776956667,289.0,1.0,7,9,0.0,32995,82747922333817,33,41.91134262084961,-675.7635673691098,0.15,25,-101877.98146973396,0.0011503698769956827,1.60087501E9,,,,0,,3,,37.811344146728516,48.42877388000488,2.0000000474974513,48.42877388000488,2.0000000474974513,C,8290964629748
1651867147999,154236000000,,,-1335902211763613556,0.0,5.622312776956667,289.0,1.0,7,15,0.0,32995,82747932216674,52,34.695648193359375,578.2046486848694,0.5749967365167992,17,87875.24594763092,0.09605555503771096,1.602E9,,,,0,,3,,30.59564971923828,48.42877388000488,2.0000000474974513,48.42877388000488,2.0000000474974513,C,8290964629748
1651867147999,154236000000,,,-1335902211763613556,0.0,5.622312776956667,289.0,1.0,7,19,0.0,32995,82747929345116,49,35.385765075683594,-414.0487462848837,0.5434465332896059,17,-63301.342683354174,0.09576469878780462,1.60368755E9,,,,0,,3,,31.285764694213867,48.42877388000488,2.0000000474974513,48.42877388000488,2.0000000474974513,C,8290964629748
1651867147999,154236000000,,,-1335902211763613556,0.0,5.622312776956667,289.0,1.0,7,17,0.0,32995,82747928888353,33,40.771018981933594,707.2047016763154,0.15,17,110919.42349495507,0.09474594908349143,1.60424998E9,,,,0,,3,,36.6710205078125,48.42877388000488,2.0000000474974513,48.42877388000488,2.0000000474974513,C,8290964629748
1651867147999,154236000000,,,-1335902211763613556,0.0,5.622312776956667,289.0,1.0,7,2,0.0,85026,503965914845646,22,36.82915496826172,478.0677329892437,0.15,25,74473.79698777744,0.00209849514067173,1.57542003E9,,,,0,,6,,32.729156494140625,-4.423782229423522,1.5000000237487257,-4.423782229423522,1.5000000237487257,C,8290964629748
1651867147999,154236000000,,,-1335902211763613556,0.0,5.622312776956667,289.0,1.0,7,15,0.0,85026,503965918326682,16,40.61884307861328,-318.1192416820859,0.15,25,-47722.98159471552,0.001356511376798153,1.57542003E9,,,,0,,6,,36.51884460449219,-4.423782229423522,1.5000000237487257,-4.423782229423522,1.5000000237487257,C,8290964629748
1651867147999,154236000000,,,-1335902211763613556,0.0,5.622312776956667,289.0,1.0,7,27,0.0,85026,503965913505094,41,29.086254119873047,-351.3868548343489,0.8260376601980508,16,-52003.52060411579,3.4028234663852886E38,1.57542003E9,,,,0,,6,,24.98625373840332,-4.423782229423522,1.5000000237487257,-4.423782229423522,1.5000000237487257,C,8290964629748
1651867147999,154236000000,,,-1335902211763613556,0.0,5.622312776956667,289.0,1.0,7,30,0.0,85026,503965921544405,13,45.58289337158203,63.444718613486,0.15,25,11067.542940659248,8.07420234195888E-4,1.57542003E9,,,,0,,6,,41.48289489746094,-4.423782229423522,1.5000000237487257,-4.423782229423522,1.5000000237487257,C,8290964629748
1651867147999,154236000000,,,-1335902211763613556,0.0,5.622312776956667,289.0,1.0,7,2,0.0,84003,503965914846163,54,25.328838348388672,478.1697417816165,0.9921877052951125,16,75097.03540645805,3.4028234663852886E38,1.17645005E9,,,,0,,6,,21.328838348388672,-2.7614412829279895,2.2035166021288055,-2.7614412829279895,1.5000000237487257,Q,8290964629748
1651867147999,154236000000,,,-1335902211763613556,0.0,5.622312776956667,289.0,1.0,7,15,0.0,84003,503965918327199,40,26.70358657836914,-318.3185558878313,0.9309929874448959,25,-47504.734082820505,0.008402974344789982,1.17645005E9,,,,0,,6,,22.70358657836914,-9.780214168131348,2.2035166021288055,-9.780214168131348,1.5000000237487257,Q,8290964629748
1651867147999,154236000000,,,-1335902211763613556,0.0,5.622312776956667,289.0,1.0,7,27,0.0,84003,503965913505624,8,37.52164840698242,-351.2477302468228,0.15,25,-52378.585000233754,0.002565111266449094,1.17645005E9,,,,0,,6,,33.52164840698242,-6.6402368247508985,2.2035166021288055,-6.6402368247508985,1.5000000237487257,Q,8290964629748
1651867147999,154236000000,,,-1335902211763613556,0.0,5.622312776956667,289.0,1.0,7,30,0.0,84003,503965921544938,8,33.88462829589844,63.49226790064239,0.6086485026222217,25,11217.363267735454,0.0036760461516678333,1.17645005E9,,,,0,,6,,29.884626388549805,-6.27082772552967,2.2035166021288055,-6.27082772552967,1.5000000237487257,Q,8290964629748
1651867148999,155236000000,,,-1335902211763613267,0.0,5.453078248667655,289.0,1.0,7,2,0.0,16431,503966930294466,17,39.832550048828125,-40.175820347328,0.15,25,-5572.792965335965,0.0014850400621071458,1.57542003E9,,,,0,,1,,35.73255157470703,0.0,1.0,0.0,1.0,C,8291973151030
1651867148999,155236000000,,,-1335902211763613267,0.0,5.453078248667655,289.0,1.0,7,6,0.0,16431,503966928919453,15,41.45719909667969,439.10105595197547,0.15,25,68696.90011034695,0.001231701928190887,1.57542003E9,,,,0,,1,,37.357200622558594,0.320142130558394,1.0,0.320142130558394,1.0,C,8291973151030
1651867148999,155236000000,,,-1335902211763613267,0.0,5.453078248667655,289.0,1.0,7,12,0.0,16431,503966930886579,13,43.3094482421875,-191.62644756351222,0.15,25,-28596.9168836285,9.951607789844275E-4,1.57542003E9,,,,0,,1,,39.209449768066406,-0.6984919076624261,1.0,-0.6984919076624261,1.0,C,8291973151030
1651867148999,155236000000,,,-1335902211763613267,0.0,5.453078248667655,289.0,1.0,7,17,0.0,16431,503966917225003,38,29.848878860473633,575.8629794270132,0.7938513731558112,16,91286.87751665524,3.4028234663852886E38,1.57542003E9,,,,0,,1,,25.748878479003906,-0.7858034271858065,1.0,-0.7858034271858065,1.0,C,8291973151030
1651867148999,155236000000,,,-1335902211763613267,0.0,5.453078248667655,289.0,1.0,7,19,0.0,16431,503966923875298,18,39.33952331542969,599.9064483810298,0.15,25,94753.04996583452,0.001571771572344005,1.57542003E9,,,,0,,1,,35.239524841308594,0.0,1.0,0.0,1.0,C,8291973151030
1651867148999,155236000000,,,-1335902211763613267,0.0,5.453078248667655,289.0,1.0,7,20,0.0,16431,503966920265427,30,32.6895866394043,-489.1384305994395,0.6666547800378102,25,-73985.11740663157,0.0031864719931036234,1.57542003E9,,,,0,,1,,28.58958625793457,0.0,1.0,0.0,1.0,C,8291973151030
1651867148999,155236000000,,,-1335902211763613267,0.0,5.453078248667655,289.0,1.0,7,24,0.0,16431,503966927146824,11,44.7962646484375,494.60818771695926,0.15,25,77565.85114367594,8.38595035020262E-4,1.57542003E9,,,,0,,1,,40.696266174316406,-0.20372681261465636,1.0,-0.20372681261465636,1.0,C,8291973151030
1651867148999,155236000000,,,-1335902211763613267,0.0,5.453078248667655,289.0,1.0,7,25,0.0,16431,503966922146654,15,41.08689880371094,-514.2423070232503,0.15,25,-78003.88845436332,0.0012853480875492096,1.57542003E9,,,,0,,1,,36.986900329589844,-2.0372682255564105,1.0,-2.0372682255564105,1.0,C,8291973151030
1651867148999,155236000000,,,-1335902211763613267,0.0,5.453078248667655,289.0,1.0,7,6,0.0,81921,503966928919984,7,37.87749099731445,439.21039247250064,0.15,25,70165.13547595347,0.0024621470365673304,1.17645005E9,,,,0,,1,,33.87749099731445,1.9208527336454408,1.7011595709072225,1.9208527336454408,1.0,Q,8291973151030
1651867148999,155236000000,,,-1335902211763613267,0.0,5.453078248667655,289.0,1.0,7,24,0.0,81921,503966927147356,16,30.404848098754883,494.6525971578085,0.7625404460809055,25,79085.05419396424,0.005487441550940275,1.17645005E9,,,,0,,1,,26.404848098754883,3.143213708743226,1.7011595709072225,3.143213708743226,1.0,Q,8291973151030
1651867148999,155236000000,,,-1335902211763613267,0.0,5.453078248667655,289.0,1.0,7,25,0.0,81921,503966922147177,9,39.21704864501953,-514.350961894645,0.15,25,-79544.48630804809,0.002110260771587491,1.17645005E9,,,,0,,1,,35.21704864501953,1.0186341127782053,1.7011595709072225,1.0186341127782053,1.0,Q,8291973151030
1651867148999,155236000000,,,-1335902211763613267,0.0,5.453078248667655,289.0,1.0,7,18,0.0,32995,82748935377564,33,45.84595489501953,168.60221447181027,0.15,17,26606.574110693422,0.09443799758917205,1.60031245E9,,,,0,,3,,41.74595642089844,48.42877388000488,2.0000000474974513,48.42877388000488,2.0000000474974513,C,8291973151030
1651867148999,155236000000,,,-1335902211763613267,0.0,5.453078248667655,289.0,1.0,7,9,0.0,32995,82748922336109,33,41.278934478759766,-675.6831327717159,0.15,25,-102553.71834487123,0.0012372510973364115,1.60087501E9,,,,0,,3,,37.17893600463867,48.42877388000488,2.0000000474974513,48.42877388000488,2.0000000474974513,C,8291973151030
1651867148999,155236000000,,,-1335902211763613267,0.0,5.453078248667655,289.0,1.0,7,15,0.0,32995,82748932214776,73,30.523160934448242,578.3166436370034,0.7626285146160221,21,88453.73802236818,0.09758947172344118,1.602E9,,,,0,,3,,26.423160552978516,48.42877388000488,2.0000000474974513,48.42877388000488,2.0000000474974513,C,8291973151030
1651867148999,155236000000,,,-1335902211763613267,0.0,5.453078248667655,289.0,1.0,7,19,0.0,32995,82748929346509,49,35.51416015625,-413.9021576393791,0.5376730184084801,17,-63715.383375552745,0.09573102356049039,1.60368755E9,,,,0,,3,,31.414159774780273,48.42877388000488,2.0000000474974513,48.42877388000488,2.0000000474974513,C,8291973151030
1651867148999,155236000000,,,-1335902211763613267,0.0,5.453078248667655,289.0,1.0,7,17,0.0,32995,82748928886011,34,39.871856689453125,707.229581869577,0.15,17,111626.47684508533,0.09488871873870419,1.60424998E9,,,,0,,3,,35.77185821533203,48.42877388000488,2.0000000474974513,48.42877388000488,2.0000000474974513,C,8291973151030
1651867148999,155236000000,,,-1335902211763613267,0.0,5.453078248667655,289.0,1.0,7,2,0.0,85026,503966914844053,19,38.702857971191406,478.14683837083317,0.15,25,74951.8689215249,0.0016913083381950855,1.57542003E9,,,,0,,6,,34.60285949707031,-4.423782229423522,1.5000000237487257,-4.423782229423522,1.5000000237487257,C,8291973151030
1651867148999,155236000000,,,-1335902211763613267,0.0,5.453078248667655,289.0,1.0,7,15,0.0,85026,503966918327733,16,40.09742736816406,-318.10397274156367,0.15,25,-48041.14591165157,0.0014404369285330176,1.57542003E9,,,,0,,6,,35.99742889404297,-4.423782229423522,1.5000000237487257,-4.423782229423522,1.5000000237487257,C,8291973151030
1651867148999,155236000000,,,-1335902211763613267,0.0,5.453078248667655,289.0,1.0,7,27,0.0,85026,503966913506244,36,30.739728927612305,-351.475128396743,0.7516829869575599,16,-52351.080290322956,3.4028234663852886E38,1.57542003E9,,,,0,,6,,26.639728546142578,-4.423782229423522,1.5000000237487257,-4.423782229423522,1.5000000237487257,C,8291973151030
1651867148999,155236000000,,,-1335902211763613267,0.0,5.453078248667655,289.0,1.0,7,30,0.0,85026,503966921544190,14,44.7169189453125,63.48654204794656,0.15,25,11130.949523976928,8.920688997022808E-4,1.57542003E9,,,,0,,6,,40.616920471191406,-4.423782229423522,1.5000000237487257,-4.423782229423522,1.5000000237487257,C,8291973151030
1651867148999,155236000000,,,-1335902211763613267,0.0,5.453078248667655,289.0,1.0,7,2,0.0,84003,503966914844569,17,30.858125686645508,478.1784328080298,0.7435415401556735,25,75575.10591241131,0.005208421032875776,1.17645005E9,,,,0,,6,,26.858125686645508,-2.7614412829279895,2.201159594655948,-2.7614412829279895,1.5000000237487257,Q,8291973151030
1651867148999,155236000000,,,-1335902211763613267,0.0,5.453078248667655,289.0,1.0,7,15,0.0,84003,503966918328261,37,26.933626174926758,-317.88100531099144,0.9206485624864356,25,-47822.86443209256,0.008183347061276436,1.17645005E9,,,,0,,6,,22.933626174926758,-9.780214168131348,2.201159594655948,-9.780214168131348,1.5000000237487257,Q,8291973151030
1651867148999,155236000000,,,-1335902211763613267,0.0,5.453078248667655,289.0,1.0,7,27,0.0,84003,503966913506796,7,38.338504791259766,-351.24929803982286,0.15,25,-52729.914399746915,0.00233487319201231,1.17645005E9,,,,0,,6,,34.338504791259766,-6.6402368247508985,2.201159594655948,-6.6402368247508985,1.5000000237487257,Q,8291973151030
1651867148999,155236000000,,,-1335902211763613267,0.0,5.453078248667655,289.0,1.0,7,30,0.0,84003,503966921544725,7,34.087310791015625,63.6545089143051,0.5995339084923921,25,11280.776586436374,0.0035912590101361275,1.17645005E9,,,,0,,6,,30.087310791015625,-6.27082772552967,2.201159594655948,-6.27082772552967,1.5000000237487257,Q,8291973151030
1651867149999,156236000000,,,-1335902211763612978,0.0,5.378513705893256,289.0,1.0,7,2,0.0,16431,503967930294611,18,38.800235748291016,-40.178189078056334,0.15,25,-5612.9685997178385,0.0016724530141800642,1.57542003E9,,,,0,,1,,34.70023727416992,0.0,1.0,0.0,1.0,C,8292979271554
1651867149999,156236000000,,,-1335902211763612978,0.0,5.378513705893256,289.0,1.0,7,6,0.0,16431,503967928917988,15,41.43354797363281,439.1602912614121,0.15,25,69136.00662477649,0.0012350603938102722,1.57542003E9,,,,0,,1,,37.33354949951172,0.320142130558394,1.0,0.320142130558394,1.0,C,8292979271554
1651867149999,156236000000,,,-1335902211763612978,0.0,5.378513705893256,289.0,1.0,7,12,0.0,16431,503967930887214,12,44.2759895324707,-191.6056572650333,0.15,25,-28788.563162157145,8.903610287234187E-4,1.57542003E9,,,,0,,1,,40.17599105834961,-0.6984919076624261,1.0,-0.6984919076624261,1.0,C,8292979271554
1651867149999,156236000000,,,-1335902211763612978,0.0,5.378513705893256,289.0,1.0,7,17,0.0,16431,503967917223100,44,28.299972534179688,575.8239890967511,0.8635035993383249,16,91862.3818778007,3.4028234663852886E38,1.57542003E9,,,,0,,1,,24.19997215270996,-0.7858034271858065,1.0,-0.7858034271858065,1.0,C,8292979271554
1651867149999,156236000000,,,-1335902211763612978,0.0,5.378513705893256,289.0,1.0,7,19,0.0,16431,503967923873280,17,40.03535079956055,599.9008588581601,0.15,25,95352.87906861096,0.0014507684390991926,1.57542003E9,,,,0,,1,,35.93535232543945,0.0,1.0,0.0,1.0,C,8292979271554
1651867149999,156236000000,,,-1335902211763612978,0.0,5.378513705893256,289.0,1.0,7,20,0.0,16431,503967920267044,39,29.6789608001709,-489.19122432459335,0.8020396167681185,29,-74474.21019023731,0.004506520926952362,1.57542003E9,,,,0,,1,,25.578960418701172,0.0,1.0,0.0,1.0,C,8292979271554
1651867149999,156236000000,,,-1335902211763612978,0.0,5.378513705893256,289.0,1.0,7,24,0.0,16431,503967927145172,12,44.194393157958984,494.55495091987063,0.15,25,78060.40805413506,8.987645851448178E-4,1.57542003E9,,,,0,,1,,40.09439468383789,-0.20372681261465636,1.0,-0.20372681261465636,1.0,C,8292979271554
1651867149999,156236000000,,,-1335902211763612978,0.0,5.378513705893256,289.0,1.0,7,25,0.0,16431,503967922148372,17,39.47152328491211,-514.2865801342734,0.15,25,-78518.20528365097,0.0015480658039450645,1.57542003E9,,,,0,,1,,35.371524810791016,-2.0372682255564105,1.0,-2.0372682255564105,1.0,C,8292979271554
1651867149999,156236000000,,,-1335902211763612978,0.0,5.378513705893256,289.0,1.0,7,6,0.0,81921,503967928918521,8,37.1580810546875,439.05010267947387,0.15,25,70604.22659030253,0.0026747584342956543,1.17645005E9,,,,0,,1,,33.1580810546875,1.9208527336454408,1.69890217210108,1.9208527336454408,1.0,Q,8292979271554
1651867149999,156236000000,,,-1335902211763612978,0.0,5.378513705893256,289.0,1.0,7,24,0.0,81921,503967927145707,17,29.891036987304688,494.4364462185408,0.7856456889114551,25,79579.58601434853,0.0058218431659042835,1.17645005E9,,,,0,,1,,25.891036987304688,3.143213708743226,1.69890217210108,3.143213708743226,1.0,Q,8292979271554
1651867149999,156236000000,,,-1335902211763612978,0.0,5.378513705893256,289.0,1.0,7,25,0.0,81921,503967922148891,7,39.43299865722656,-514.424171011256,0.15,25,-80058.80777077802,0.002058441983535886,1.17645005E9,,,,0,,1,,35.43299865722656,1.0186341127782053,1.69890217210108,1.0186341127782053,1.0,Q,8292979271554
1651867149999,156236000000,,,-1335902211763612978,0.0,5.378513705893256,289.0,1.0,7,18,0.0,32995,82749935376977,33,46.26944351196289,168.65153178639878,0.15,17,26775.187188725624,0.09440130126784109,1.60031245E9,,,,0,,3,,42.1694450378418,48.42877388000488,2.0000000474974513,48.42877388000488,2.0000000474974513,C,8292979271554
1651867149999,156236000000,,,-1335902211763612978,0.0,5.378513705893256,289.0,1.0,7,9,0.0,32995,82749922338358,33,41.17572784423828,-675.734051961761,0.15,25,-103229.45943107916,0.0012520399177446961,1.60087501E9,,,,0,,3,,37.07572937011719,48.42877388000488,2.0000000474974513,48.42877388000488,2.0000000474974513,C,8292979271554
1651867149999,156236000000,,,-1335902211763612978,0.0,5.378513705893256,289.0,1.0,7,15,0.0,32995,82749932212819,80,29.413557052612305,578.2795619243066,0.8125258966383955,16,89032.31121160528,3.4028234663852886E38,1.602E9,,,,0,,3,,25.313556671142578,48.42877388000488,2.0000000474974513,48.42877388000488,2.0000000474974513,C,8292979271554
1651867149999,156236000000,,,-1335902211763612978,0.0,5.378513705893256,289.0,1.0,7,19,0.0,32995,82749929347886,49,35.34378433227539,-413.97260607701173,0.5453347812617271,17,-64129.36563443925,0.09577581691670038,1.60368755E9,,,,0,,3,,31.243785858154297,48.42877388000488,2.0000000474974513,48.42877388000488,2.0000000474974513,C,8292979271554
1651867149999,156236000000,,,-1335902211763612978,0.0,5.378513705893256,289.0,1.0,7,17,0.0,32995,82749928883625,33,41.601844787597656,707.17280049701,0.15,17,112333.56287733813,0.09462654235355483,1.60424998E9,,,,0,,3,,37.50184631347656,48.42877388000488,2.0000000474974513,48.42877388000488,2.0000000474974513,C,8292979271554
1651867149999,156236000000,,,-1335902211763612978,0.0,5.378513705893256,289.0,1.0,7,2,0.0,85026,503967914842437,18,38.9007453918457,478.06016668389566,0.15,25,75429.93958055551,0.001653211540542543,1.57542003E9,,,,0,,6,,34.80074691772461,-4.423782229423522,1.5000000237487257,-4.423782229423522,1.5000000237487257,C,8292979271554
1651867149999,156236000000,,,-1335902211763612978,0.0,5.378513705893256,289.0,1.0,7,15,0.0,85026,503967918328802,17,39.76313781738281,-318.1364192401734,0.15,25,-48359.28153956578,0.001496954937465489,1.57542003E9,,,,0,,6,,35.66313934326172,-4.423782229423522,1.5000000237487257,-4.423782229423522,1.5000000237487257,C,8292979271554
1651867149999,156236000000,,,-1335902211763612978,0.0,5.378513705893256,289.0,1.0,7,27,0.0,85026,503967913507418,31,32.3071403503418,-351.339923291717,0.6811983367148553,25,-52701.37090091383,0.0033299089409410954,1.57542003E9,,,,0,,6,,28.207141876220703,-4.423782229423522,1.5000000237487257,-4.423782229423522,1.5000000237487257,C,8292979271554
1651867149999,156236000000,,,-1335902211763612978,0.0,5.378513705893256,289.0,1.0,7,30,0.0,85026,503967921543979,15,43.83831024169922,63.41053816990069,0.15,25,11194.386666529374,9.870267240330577E-4,1.57542003E9,,,,0,,6,,39.738311767578125,-4.423782229423522,1.5000000237487257,-4.423782229423522,1.5000000237487257,C,8292979271554
1651867149999,156236000000,,,-1335902211763612978,0.0,5.378513705893256,289.0,1.0,7,2,0.0,84003,503967914842971,20,29.981021881103516,478.131637595224,0.7829836626685895,25,76053.18989727554,0.005761840846389532,1.17645005E9,,,,0,,6,,25.981021881103516,-2.7614412829279895,2.1989021958498056,-2.7614412829279895,1.5000000237487257,Q,8292979271554
1651867149999,156236000000,,,-1335902211763612978,0.0,5.378513705893256,289.0,1.0,7,15,0.0,84003,503967918329321,55,25.224409103393555,-318.0027137632344,0.99751029330029,25,-48140.97171259392,0.009963041171431541,1.17645005E9,,,,0,,6,,21.224409103393555,-9.780214168131348,2.1989021958498056,-9.780214168131348,1.5000000237487257,Q,8292979271554
1651867149999,156236000000,,,-1335902211763612978,0.0,5.378513705893256,289.0,1.0,7,27,0.0,84003,503967913507967,6,38.347923278808594,-351.37093832715277,0.15,25,-53081.25493152267,0.0023323430214077234,1.17645005E9,,,,0,,6,,34.347923278808594,-6.6402368247508985,2.1989021958498056,-6.6402368247508985,1.5000000237487257,Q,8292979271554
1651867149999,156236000000,,,-1335902211763612978,0.0,5.378513705893256,289.0,1.0,7,30,0.0,84003,503967921544513,9,32.83848571777344,63.38196429041338,0.6556922777183845,25,11344.196348037187,0.0041465614922344685,1.17645005E9,,,,0,,6,,28.838483810424805,-6.27082772552967,2.1989021958498056,-6.27082772552967,1.5000000237487257,Q,8292979271554
1651867150999,157236000000,,,-1335902211763612689,0.0,5.279224343607293,289.0,1.0,7,2,0.0,16431,503968930294746,13,45.58208465576172,-40.09146200712698,0.15,25,-5653.113066274248,8.074955549091101E-4,1.57542003E9,,,,0,,1,,41.482086181640625,0.0,1.0,0.0,1.0,C,8293972907744
1651867150999,157236000000,,,-1335902211763612689,0.0,5.279224343607293,289.0,1.0,7,6,0.0,16431,503968928916513,16,40.58165740966797,439.0888544325403,0.15,25,69575.10196609909,0.0013623313279822469,1.57542003E9,,,,0,,1,,36.481658935546875,0.320142130558394,1.0,0.320142130558394,1.0,C,8293972907744
1651867150999,157236000000,,,-1335902211763612689,0.0,5.279224343607293,289.0,1.0,7,12,0.0,16431,503968930887863,13,42.84349060058594,-191.61301907564223,0.15,25,-28980.251383659463,0.0010500045027583838,1.57542003E9,,,,0,,1,,38.743492126464844,-0.6984919076624261,1.0,-0.6984919076624261,1.0,C,8293972907744
1651867150999,157236000000,,,-1335902211763612689,0.0,5.279224343607293,289.0,1.0,7,17,0.0,16431,503968917221150,31,32.58053970336914,575.3997988428682,0.6710108108775361,17,92437.92916262445,0.09837356457774317,1.57542003E9,,,,1,,1,,28.480541229248047,-0.7858034271858065,1.0,-0.7858034271858065,1.0,C,8293972907744
1651867150999,157236000000,,,-1335902211763612689,0.0,5.279224343607293,289.0,1.0,7,19,0.0,16431,503968923871299,17,39.59230422973633,599.8759104999854,0.15,25,95952.59973064443,0.0015266884583979845,1.57542003E9,,,,0,,1,,35.492305755615234,0.0,1.0,0.0,1.0,C,8293972907744
1651867150999,157236000000,,,-1335902211763612689,0.0,5.279224343607293,289.0,1.0,7,20,0.0,16431,503968920268650,26,34.42162322998047,-489.2511072007039,0.5887676465671641,25,-74963.39840981251,0.002610407304018736,1.57542003E9,,,,0,,1,,30.321624755859375,0.0,1.0,0.0,1.0,C,8293972907744
1651867150999,157236000000,,,-1335902211763612689,0.0,5.279224343607293,289.0,1.0,7,24,0.0,16431,503968927143529,11,44.99415588378906,494.56466441997964,0.15,25,78554.95897164349,8.197057177312672E-4,1.57542003E9,,,,0,,1,,40.89415740966797,-0.20372681261465636,1.0,-0.20372681261465636,1.0,C,8293972907744
1651867150999,157236000000,,,-1335902211763612689,0.0,5.279224343607293,289.0,1.0,7,25,0.0,16431,503968922150096,18,39.236183166503906,-514.4712048012575,0.15,25,-79032.60335485547,0.001590583473443985,1.57542003E9,,,,0,,1,,35.13618469238281,-2.0372682255564105,1.0,-2.0372682255564105,1.0,C,8293972907744
1651867150999,157236000000,,,-1335902211763612689,0.0,5.279224343607293,289.0,1.0,7,6,0.0,81921,503968928917057,8,36.23543930053711,439.1358882225418,0.15,25,71043.32359051339,0.0029745183419436216,1.17645005E9,,,,0,,1,,32.23543930053711,1.9208527336454408,1.6965216044944786,1.9208527336454408,1.0,Q,8293972907744
1651867150999,157236000000,,,-1335902211763612689,0.0,5.279224343607293,289.0,1.0,7,24,0.0,81921,503968927144059,11,32.25135040283203,494.48504780154235,0.6795047315217824,25,80074.14824959257,0.004436544142663479,1.17645005E9,,,,0,,1,,28.25135040283203,3.143213708743226,1.6965216044944786,3.143213708743226,1.0,Q,8293972907744
1651867150999,157236000000,,,-1335902211763612689,0.0,5.279224343607293,289.0,1.0,7,25,0.0,81921,503968922150608,8,39.61803436279297,-514.3317053067096,0.15,25,-80573.20627972377,0.002015054924413562,1.17645005E9,,,,0,,1,,35.61803436279297,1.0186341127782053,1.6965216044944786,1.0186341127782053,1.0,Q,8293972907744
1651867150999,157236000000,,,-1335902211763612689,0.0,5.279224343607293,289.0,1.0,7,18,0.0,32995,82750935376423,33,45.80581283569336,168.6738217129647,0.15,17,26943.818644778028,0.09444156990973764,1.60031245E9,,,,0,,3,,41.705814361572266,48.42877388000488,2.0000000474974513,48.42877388000488,2.0000000474974513,C,8293972907744
1651867150999,157236000000,,,-1335902211763612689,0.0,5.279224343607293,289.0,1.0,7,9,0.0,32995,82750922340580,33,41.670372009277344,-675.7814947412407,0.15,25,-103905.28866985817,0.0011827307753264904,1.60087501E9,,,,0,,3,,37.57037353515625,48.42877388000488,2.0000000474974513,48.42877388000488,2.0000000474974513,C,8293972907744
1651867150999,157236000000,,,-1335902211763612689,0.0,5.279224343607293,289.0,1.0,7,15,0.0,32995,82750932210885,47,35.88014602661133,578.6713738444928,0.5217302836969566,17,89610.78909565379,0.09573846414827197,1.602E9,,,,0,,3,,31.7801456451416,48.42877388000488,2.0000000474974513,48.42877388000488,2.0000000474974513,C,8293972907744
1651867150999,157236000000,,,-1335902211763612689,0.0,5.279224343607293,289.0,1.0,7,19,0.0,32995,82750929349264,49,35.473934173583984,-413.97301506649,0.5394824506998923,17,-64543.33666681003,0.09574152049722888,1.60368755E9,,,,0,,3,,31.373933792114258,48.42877388000488,2.0000000474974513,48.42877388000488,2.0000000474974513,C,8293972907744
1651867150999,157236000000,,,-1335902211763612689,0.0,5.279224343607293,289.0,1.0,7,17,0.0,32995,82750928881282,33,41.133209228515625,707.0111814881789,0.15,17,113040.55652792894,0.09469248837374078,1.60424998E9,,,,0,,3,,37.03321075439453,48.42877388000488,2.0000000474974513,48.42877388000488,2.0000000474974513,C,8293972907744
1651867150999,157236000000,,,-1335902211763612689,0.0,5.279224343607293,289.0,1.0,7,2,0.0,85026,503968914840862,18,39.315467834472656,477.96766689689275,0.15,25,75907.95355438595,0.0015761307440698147,1.57542003E9,,,,0,,6,,35.21546936035156,-4.423782229423522,1.5000000237487257,-4.423782229423522,1.5000000237487257,C,8293972907744
1651867150999,157236000000,,,-1335902211763612689,0.0,5.279224343607293,289.0,1.0,7,15,0.0,85026,503968918329861,14,42.01301956176758,-318.1256832663687,0.15,25,-48677.45201072385,0.001155352802015841,1.57542003E9,,,,0,,6,,37.913021087646484,-4.423782229423522,1.5000000237487257,-4.423782229423522,1.5000000237487257,C,8293972907744
1651867150999,157236000000,,,-1335902211763612689,0.0,5.279224343607293,289.0,1.0,7,27,0.0,85026,503968913508588,33,31.638214111328125,-351.39837470465363,0.7112794995284282,25,-53052.810475578975,0.003596489317715168,1.57542003E9,,,,0,,6,,27.5382137298584,-4.423782229423522,1.5000000237487257,-4.423782229423522,1.5000000237487257,C,8293972907744
1651867150999,157236000000,,,-1335902211763612689,0.0,5.279224343607293,289.0,1.0,7,30,0.0,85026,503968921543765,13,45.84811019897461,63.41300488769153,0.15,25,11257.784707875362,7.831387920305133E-4,1.57542003E9,,,,0,,6,,41.748111724853516,-4.423782229423522,1.5000000237487257,-4.423782229423522,1.5000000237487257,C,8293972907744
1651867150999,157236000000,,,-1335902211763612689,0.0,5.279224343607293,289.0,1.0,7,2,0.0,84003,503968914841377,26,28.230287551879883,477.78450777553917,0.861711940515451,25,76531.1750159556,0.0070485202595591545,1.17645005E9,,,,0,,6,,24.230287551879883,-2.7614412829279895,2.1965216282432043,-2.7614412829279895,1.5000000237487257,Q,8293972907744
1651867150999,157236000000,,,-1335902211763612689,0.0,5.279224343607293,289.0,1.0,7,15,0.0,84003,503968918330383,22,29.06764793395996,-318.0827734536065,0.8246843470318228,25,-48459.19927867185,0.00640073511749506,1.17645005E9,,,,0,,6,,25.06764793395996,-9.780214168131348,2.1965216282432043,-9.780214168131348,1.5000000237487257,Q,8293972907744
1651867150999,157236000000,,,-1335902211763612689,0.0,5.279224343607293,289.0,1.0,7,27,0.0,84003,503968913509140,8,37.44292449951172,-351.372063048218,0.15,25,-53432.67224291563,0.002588465344160795,1.17645005E9,,,,0,,6,,33.44292449951172,-6.6402368247508985,2.1965216282432043,-6.6402368247508985,1.5000000237487257,Q,8293972907744
1651867150999,157236000000,,,-1335902211763612689,0.0,5.279224343607293,289.0,1.0,7,30,0.0,84003,503968921544302,8,34.517578125,63.407739148158754,0.5801853911186097,25,11407.594301728292,0.0034176968038082123,1.17645005E9,,,,0,,6,,30.517576217651367,-6.27082772552967,2.1965216282432043,-6.27082772552967,1.5000000237487257,Q,8293972907744
1651867151999,158236000000,,,-1335902211763612401,0.0,5.080191117214787,289.0,1.0,7,2,0.0,16431,503969930294876,13,45.73209762573242,-40.205480605116975,0.15,25,-5693.245255554218,7.936691399663687E-4,1.57542003E9,,,,0,,1,,41.63209915161133,0.0,1.0,0.0,1.0,C,8294983351267
1651867151999,158236000000,,,-1335902211763612401,0.0,5.080191117214787,289.0,1.0,7,6,0.0,16431,503969928915056,19,38.354393005371094,438.9862321559501,0.15,25,70014.21734542723,0.0017605404136702418,1.57542003E9,,,,0,,1,,34.25439453125,0.320142130558394,1.0,0.320142130558394,1.0,C,8294983351267
1651867151999,158236000000,,,-1335902211763612401,0.0,5.080191117214787,289.0,1.0,7,12,0.0,16431,503969930888505,15,41.21257781982422,-191.73033089099374,0.15,25,-29171.938567797006,0.0012668836861848831,1.57542003E9,,,,0,,1,,37.112579345703125,-0.6984919076624261,1.0,-0.6984919076624261,1.0,C,8294983351267
1651867151999,158236000000,,,-1335902211763612401,0.0,5.080191117214787,289.0,1.0,7,17,0.0,16431,503969917219224,26,34.565086364746094,575.2531761149071,0.5817678289241961,17,93013.28041771516,0.09771448249284899,1.57542003E9,,,,1,,1,,30.465085983276367,-0.7858034271858065,1.0,-0.7858034271858065,1.0,C,8294983351267
1651867151999,158236000000,,,-1335902211763612401,0.0,5.080191117214787,289.0,1.0,7,19,0.0,16431,503969923869296,18,38.902626037597656,599.5868912686719,0.15,25,96552.27532246796,0.0016528535634279251,1.57542003E9,,,,0,,1,,34.80262756347656,0.0,1.0,0.0,1.0,C,8294983351267
1651867151999,158236000000,,,-1335902211763612401,0.0,5.080191117214787,289.0,1.0,7,20,0.0,16431,503969920270317,18,38.91974639892578,-489.30117432933594,0.15,25,-75452.66582491608,0.001649598591029644,1.57542003E9,,,,0,,1,,34.81974792480469,0.0,1.0,0.0,1.0,C,8294983351267
1651867151999,158236000000,,,-1335902211763612401,0.0,5.080191117214787,289.0,1.0,7,24,0.0,16431,503969927141883,12,43.77783966064453,494.62086639078575,0.15,25,79049.54282725301,9.429173078387976E-4,1.57542003E9,,,,0,,1,,39.67784118652344,-0.20372681261465636,1.0,-0.20372681261465636,1.0,C,8294983351267
1651867151999,158236000000,,,-1335902211763612401,0.0,5.080191117214787,289.0,1.0,7,25,0.0,16431,503969922151791,18,39.33932113647461,-514.6040582167834,0.15,25,-79547.0610942568,0.0015718082431703806,1.57542003E9,,,,0,,1,,35.239322662353516,-2.0372682255564105,1.0,-2.0372682255564105,1.0,C,8294983351267
1651867151999,158236000000,,,-1335902211763612401,0.0,5.080191117214787,289.0,1.0,7,6,0.0,81921,503969928915592,11,35.78242492675781,439.0851053623228,0.5210350215540807,25,71482.4494390298,0.0029545484576374292,1.17645005E9,,,,0,,1,,31.782424926757812,1.9208527336454408,1.6939373958162558,1.9208527336454408,1.0,Q,8294983351267
1651867151999,158236000000,,,-1335902211763612401,0.0,5.080191117214787,289.0,1.0,7,24,0.0,81921,503969927142411,7,34.471580505371094,494.66970655098294,0.5796633038012104,25,80568.74196876543,0.003435844089835882,1.17645005E9,,,,0,,1,,30.47157859802246,3.143213708743226,1.6939373958162558,3.143213708743226,1.0,Q,8294983351267
1651867151999,158236000000,,,-1335902211763612401,0.0,5.080191117214787,289.0,1.0,7,25,0.0,81921,503969922152325,7,39.93309783935547,-514.5782237147391,0.15,25,-81087.6646023545,0.0019432720728218555,1.17645005E9,,,,0,,1,,35.93309783935547,1.0186341127782053,1.6939373958162558,1.0186341127782053,1.0,Q,8294983351267
1651867151999,158236000000,,,-1335902211763612401,0.0,5.080191117214787,289.0,1.0,7,18,0.0,32995,82751935375854,33,45.658084869384766,168.6361094748222,0.15,17,27112.503716031013,0.09445485895155482,1.60031245E9,,,,0,,3,,41.55808639526367,48.42877388000488,2.0000000474974513,48.42877388000488,2.0000000474974513,C,8294983351267
1651867151999,158236000000,,,-1335902211763612401,0.0,5.080191117214787,289.0,1.0,7,9,0.0,32995,82751922342806,33,40.95894241333008,-675.9249137182887,0.15,25,-104581.15438427177,0.0012836818350479007,1.60087501E9,,,,0,,3,,36.858943939208984,48.42877388000488,2.0000000474974513,48.42877388000488,2.0000000474974513,C,8294983351267
1651867151999,158236000000,,,-1335902211763612401,0.0,5.080191117214787,289.0,1.0,7,15,0.0,32995,82751932208950,33,43.112030029296875,578.4792851195302,0.15,17,90189.32956544783,0.09456933010045826,1.602E9,,,,0,,3,,39.01203155517578,48.42877388000488,2.0000000474974513,48.42877388000488,2.0000000474974513,C,8294983351267
1651867151999,158236000000,,,-1335902211763612401,0.0,5.080191117214787,289.0,1.0,7,19,0.0,32995,82751929350667,51,34.87333297729492,-413.88930855327,0.5664911000281232,17,-64957.27059849931,0.09590416667165973,1.60368755E9,,,,0,,3,,30.773332595825195,48.42877388000488,2.0000000474974513,48.42877388000488,2.0000000474974513,C,8294983351267
1651867151999,158236000000,,,-1335902211763612401,0.0,5.080191117214787,289.0,1.0,7,17,0.0,32995,82751928878961,36,39.21128845214844,706.8913475710447,0.15,17,113747.50985921235,0.09500343369834052,1.60424998E9,,,,0,,3,,35.111289978027344,48.42877388000488,2.0000000474974513,48.42877388000488,2.0000000474974513,C,8294983351267
1651867151999,158236000000,,,-1335902211763612401,0.0,5.080191117214787,289.0,1.0,7,2,0.0,85026,503969914839260,15,41.262855529785156,477.98228827074104,0.15,25,76385.95711365489,0.0012595716398209333,1.57542003E9,,,,0,,6,,37.16285705566406,-4.423782229423522,1.5000000237487257,-4.423782229423522,1.5000000237487257,C,8294983351267
1651867151999,158236000000,,,-1335902211763612401,0.0,5.080191117214787,289.0,1.0,7,15,0.0,85026,503969918330915,13,42.87629318237305,-318.18600921441407,0.15,25,-48995.62659962048,0.001046046381816268,1.57542003E9,,,,0,,6,,38.77629470825195,-4.423782229423522,1.5000000237487257,-4.423782229423522,1.5000000237487257,C,8294983351267
1651867151999,158236000000,,,-1335902211763612401,0.0,5.080191117214787,289.0,1.0,7,27,0.0,85026,503969913509777,29,33.18152618408203,-351.44561298939425,0.6418785648954723,25,-53404.26286561887,0.0030110159423202276,1.57542003E9,,,,0,,6,,29.081527709960938,-4.423782229423522,1.5000000237487257,-4.423782229423522,1.5000000237487257,C,8294983351267
1651867151999,158236000000,,,-1335902211763612401,0.0,5.080191117214787,289.0,1.0,7,30,0.0,85026,503969921543558,12,45.994876861572266,63.33955719388487,0.15,25,11321.17503476283,7.700173300690949E-4,1.57542003E9,,,,0,,6,,41.89487838745117,-4.423782229423522,1.5000000237487257,-4.423782229423522,1.5000000237487257,C,8294983351267
1651867151999,158236000000,,,-1335902211763612401,0.0,5.080191117214787,289.0,1.0,7,2,0.0,84003,503969914839784,18,29.750823974609375,477.94002602465275,0.7933348774914353,25,77009.17468413968,0.005916586145758629,1.17645005E9,,,,0,,6,,25.750823974609375,-2.7614412829279895,2.1939374195649815,-2.7614412829279895,1.5000000237487257,Q,8294983351267
1651867151999,158236000000,,,-1335902211763612401,0.0,5.080191117214787,289.0,1.0,7,15,0.0,84003,503969918331448,9,32.556461334228516,-318.0983832186939,0.6677965423313243,25,-48777.37486850011,0.004283406306058168,1.17645005E9,,,,0,,6,,28.556461334228516,-9.780214168131348,2.1939374195649815,-9.780214168131348,1.5000000237487257,Q,8294983351267
1651867151999,158236000000,,,-1335902211763612401,0.0,5.080191117214787,289.0,1.0,7,27,0.0,84003,503969913510313,7,37.78380584716797,-351.67270439720573,0.15,25,-53784.15791805549,0.002488847589120269,1.17645005E9,,,,0,,6,,33.78380584716797,-6.6402368247508985,2.1939374195649815,-6.6402368247508985,1.5000000237487257,Q,8294983351267
1651867151999,158236000000,,,-1335902211763612401,0.0,5.080191117214787,289.0,1.0,7,30,0.0,84003,503969921544090,6,35.5363883972168,63.311933362873134,0.5343704150579602,25,11470.976955856459,0.003039435250684619,1.17645005E9,,,,0,,6,,31.536388397216797,-6.27082772552967,2.1939374195649815,-6.27082772552967,1.5000000237487257,Q,8294983351267
1651867152999,159236000000,,,-1335902211763612113,0.0,5.124886977353393,288.0,1.0,7,2,0.0,16431,503970930295010,12,46.30851745605469,-39.893080808628895,0.15,25,-5733.263999777574,7.427087402902544E-4,1.57542003E9,,,,0,,1,,42.208518981933594,0.0,1.0,0.0,1.0,C,8295958957631
1651867152999,159236000000,,,-1335902211763612113,0.0,5.124886977353393,288.0,1.0,7,6,0.0,16431,503970928913592,19,38.70486831665039,439.2935536664163,0.15,25,70453.45253676346,0.0016909168334677815,1.57542003E9,,,,0,,1,,34.6048698425293,0.320142130558394,1.0,0.320142130558394,1.0,C,8295958957631
1651867152999,159236000000,,,-1335902211763612113,0.0,5.124886977353393,288.0,1.0,7,12,0.0,16431,503970930889131,14,42.38983917236328,-191.51469118857392,0.15,25,-29363.561125540702,0.0011063020210713148,1.57542003E9,,,,0,,1,,38.28984069824219,-0.6984919076624261,1.0,-0.6984919076624261,1.0,C,8295958957631
1651867152999,159236000000,,,-1335902211763612113,0.0,5.124886977353393,288.0,1.0,7,17,0.0,16431,503970917217307,27,34.35957336425781,575.3616946564757,0.591009100621922,25,93588.70495248097,0.0026291224639862776,1.57542003E9,,,,1,,1,,30.259572982788086,-0.7858034271858065,1.0,-0.7858034271858065,1.0,C,8295958957631
1651867152999,159236000000,,,-1335902211763612113,0.0,5.124886977353393,288.0,1.0,7,19,0.0,16431,503970923867320,19,38.25204086303711,599.7657560005036,0.15,25,97151.9708775543,0.0017814089078456163,1.57542003E9,,,,0,,1,,34.152042388916016,0.0,1.0,0.0,1.0,C,8295958957631
1651867152999,159236000000,,,-1335902211763612113,0.0,5.124886977353393,288.0,1.0,7,20,0.0,16431,503970920271965,21,37.228145599365234,-489.2014831440067,0.15,25,-75941.98344927619,0.0020042797550559044,1.57542003E9,,,,0,,1,,33.12814712524414,0.0,1.0,0.0,1.0,C,8295958957631
1651867152999,159236000000,,,-1335902211763612113,0.0,5.124886977353393,288.0,1.0,7,24,0.0,16431,503970927140225,11,44.538475036621094,494.84901435474944,0.15,25,79544.19964021369,8.638571598567069E-4,1.57542003E9,,,,0,,1,,40.4384765625,-0.20372681261465636,1.0,-0.20372681261465636,1.0,C,8295958957631
1651867152999,159236000000,,,-1335902211763612113,0.0,5.124886977353393,288.0,1.0,7,25,0.0,16431,503970922153520,18,39.382896423339844,-514.3430206822752,0.15,25,-80061.49263850079,0.0015639426419511437,1.57542003E9,,,,0,,1,,35.28289794921875,-2.0372682255564105,1.0,-2.0372682255564105,1.0,C,8295958957631
1651867152999,159236000000,,,-1335902211763612113,0.0,5.124886977353393,288.0,1.0,7,6,0.0,81921,503970928914125,6,37.6563606262207,439.43455278905117,0.15,25,71921.67878272115,0.0025256345979869366,1.17645005E9,,,,0,,1,,33.6563606262207,1.9208527336454408,1.6913518451050984,1.9208527336454408,1.0,Q,8295958957631
1651867152999,159236000000,,,-1335902211763612113,0.0,5.124886977353393,288.0,1.0,7,24,0.0,81921,503970927140759,8,36.014305114746094,494.84499262487975,0.15,25,81063.36609036573,0.0028767164330929518,1.17645005E9,,,,0,,1,,32.014305114746094,3.143213708743226,1.6913518451050984,3.143213708743226,1.0,Q,8295958957631
1651867152999,159236000000,,,-1335902211763612113,0.0,5.124886977353393,288.0,1.0,7,25,0.0,81921,503970922154040,8,40.382179260253906,-514.2942146045345,0.15,25,-81602.09935574695,0.001845353515818715,1.17645005E9,,,,0,,1,,36.382179260253906,1.0186341127782053,1.6913518451050984,1.0186341127782053,1.0,Q,8295958957631
1651867152999,159236000000,,,-1335902211763612113,0.0,5.124886977353393,288.0,1.0,7,18,0.0,32995,82752935375313,33,45.818965911865234,168.92926972460316,0.15,17,27281.2982127732,0.0944403973746162,1.60031245E9,,,,0,,3,,41.71896743774414,48.42877388000488,2.0000000474974513,48.42877388000488,2.0000000474974513,C,8295958957631
1651867152999,159236000000,,,-1335902211763612113,0.0,5.124886977353393,288.0,1.0,7,9,0.0,32995,82752922345081,33,40.91035461425781,-675.7301665617174,0.15,25,-105257.00436122407,0.0012908829376101494,1.60087501E9,,,,0,,3,,36.81035614013672,48.42877388000488,2.0000000474974513,48.42877388000488,2.0000000474974513,C,8295958957631
1651867152999,159236000000,,,-1335902211763612113,0.0,5.124886977353393,288.0,1.0,7,15,0.0,32995,82752932207017,33,43.18306350708008,578.8431494253678,0.15,17,90767.99704455693,0.09456117613848686,1.602E9,,,,0,,3,,39.083065032958984,48.42877388000488,2.0000000474974513,48.42877388000488,2.0000000474974513,C,8295958957631
1651867152999,159236000000,,,-1335902211763612113,0.0,5.124886977353393,288.0,1.0,7,19,0.0,32995,82752929352049,58,33.36444091796875,-413.68587037028533,0.6343444781195902,17,-65371.130601704455,0.09636602769720175,1.60368755E9,,,,0,,3,,29.264440536499023,48.42877388000488,2.0000000474974513,48.42877388000488,2.0000000474974513,C,8295958957631
1651867152999,159236000000,,,-1335902211763612113,0.0,5.124886977353393,288.0,1.0,7,17,0.0,32995,82752928876578,38,38.58414840698242,707.1112475805298,0.15,17,114454.53511928974,0.09512072003960537,1.60424998E9,,,,0,,3,,34.48414993286133,48.42877388000488,2.0000000474974513,48.42877388000488,2.0000000474974513,C,8295958957631
1651867152999,159236000000,,,-1335902211763612113,0.0,5.124886977353393,288.0,1.0,7,2,0.0,85026,503970914837651,21,37.082435607910156,478.1512350077246,0.15,25,76864.0060092514,0.0020381861831992865,1.57542003E9,,,,0,,6,,32.98243713378906,-4.423782229423522,1.5000000237487257,-4.423782229423522,1.5000000237487257,C,8295958957631
1651867152999,159236000000,,,-1335902211763612113,0.0,5.124886977353393,288.0,1.0,7,15,0.0,85026,503970918331987,19,40.9777717590332,-317.9349237572105,0.15,25,-49313.74875328362,0.0013720054412260652,1.57542003E9,,,,0,,6,,36.87777328491211,-4.423782229423522,1.5000000237487257,-4.423782229423522,1.5000000237487257,C,8295958957631
1651867152999,159236000000,,,-1335902211763612113,0.0,5.124886977353393,288.0,1.0,7,27,0.0,85026,503970913510964,27,33.993839263916016,-351.36476940252214,0.6053499598768735,25,-53755.76102165232,0.0029085304122418165,1.57542003E9,,,,0,,6,,29.893840789794922,-4.423782229423522,1.5000000237487257,-4.423782229423522,1.5000000237487257,C,8295958957631
1651867152999,159236000000,,,-1335902211763612113,0.0,5.124886977353393,288.0,1.0,7,30,0.0,85026,503970921543342,13,45.46380615234375,63.532310526749626,0.15,25,11384.611786894302,8.185668266378343E-4,1.57542003E9,,,,0,,6,,41.363807678222656,-4.423782229423522,1.5000000237487257,-4.423782229423522,1.5000000237487257,C,8295958957631
1651867152999,159236000000,,,-1335902211763612113,0.0,5.124886977353393,288.0,1.0,7,2,0.0,84003,503970914838187,37,27.530614852905273,478.4545007058646,0.8931748407314535,25,77487.32319614895,0.007639792747795582,1.17645005E9,,,,0,,6,,23.530614852905273,-2.7614412829279895,2.191351868853824,-2.7614412829279895,1.5000000237487257,Q,8295958957631
1651867152999,159236000000,,,-1335902211763612113,0.0,5.124886977353393,288.0,1.0,7,15,0.0,84003,503970918332506,9,33.696861267089844,-317.87013300736066,0.6165142276762223,25,-49095.47485429515,0.0037563780788332224,1.17645005E9,,,,0,,6,,29.696861267089844,-9.780214168131348,2.191351868853824,-9.780214168131348,1.5000000237487257,Q,8295958957631
1651867152999,159236000000,,,-1335902211763612113,0.0,5.124886977353393,288.0,1.0,7,27,0.0,84003,503970913511485,8,38.021480560302734,-351.3094194931291,0.15,25,-54135.6116987211,0.002421668032184243,1.17645005E9,,,,0,,6,,34.021480560302734,-6.6402368247508985,2.191351868853824,-6.6402368247508985,1.5000000237487257,Q,8295958957631
1651867152999,159236000000,,,-1335902211763612113,0.0,5.124886977353393,288.0,1.0,7,30,0.0,84003,503970921543878,8,35.94220733642578,63.57652399347384,0.5161212566089322,25,11534.420907679938,0.0029006940312683582,1.17645005E9,,,,0,,6,,31.94220733642578,-6.27082772552967,2.191351868853824,-6.27082772552967,1.5000000237487257,Q,8295958957631
1651867153999,160236000000,,,-1335902211763611824,0.0,5.211567592282657,289.0,1.0,7,2,0.0,16431,503971930295144,13,45.70577621459961,-39.83768403585813,0.15,25,-5773.113387738857,7.960778893902898E-4,1.57542003E9,,,,0,,1,,41.605777740478516,0.0,1.0,0.0,1.0,C,8296980840241
1651867153999,160236000000,,,-1335902211763611824,0.0,5.211567592282657,289.0,1.0,7,6,0.0,16431,503971928912123,20,37.510833740234375,439.20146286889167,0.15,25,70892.80395803756,0.0019400991732254624,1.57542003E9,,,,0,,1,,33.41083526611328,0.320142130558394,1.0,0.320142130558394,1.0,C,8296980840241
1651867153999,160236000000,,,-1335902211763611824,0.0,5.211567592282657,289.0,1.0,7,12,0.0,16431,503971930889769,14,42.31624984741211,-191.50456869898665,0.15,25,-29555.05379011617,0.001115714549086988,1.57542003E9,,,,0,,1,,38.216251373291016,-0.6984919076624261,1.0,-0.6984919076624261,1.0,C,8296980840241
1651867153999,160236000000,,,-1335902211763611824,0.0,5.211567592282657,289.0,1.0,7,17,0.0,16430,503971917215378,1000000000,33.0185546875,575.1154829905549,2.99792458E8,25,94164.0708245036,0.0030680440831929445,1.57542003E9,,,,0,,1,,28.918556213378906,-0.7858034271858065,1.0,-0.7858034271858065,1.0,C,8296980840241
1651867153999,160236000000,,,-1335902211763611824,0.0,5.211567592282657,289.0,1.0,7,19,0.0,16431,503971923865300,21,37.379573822021484,599.6695753081963,0.15,25,97751.71697026704,0.0019696401432156563,1.57542003E9,,,,0,,1,,33.27957534790039,0.0,1.0,0.0,1.0,C,8296980840241
1651867153999,160236000000,,,-1335902211763611824,0.0,5.211567592282657,289.0,1.0,7,20,0.0,16431,503971920273580,19,38.57963562011719,-489.2558787446171,0.15,25,-76431.18877620739,0.0017154731322079897,1.57542003E9,,,,0,,1,,34.479637145996094,0.0,1.0,0.0,1.0,C,8296980840241
1651867153999,160236000000,,,-1335902211763611824,0.0,5.211567592282657,289.0,1.0,7,24,0.0,16431,503971927138571,12,44.34370422363281,494.80358244020454,0.15,25,80038.99005776855,8.834467153064907E-4,1.57542003E9,,,,0,,1,,40.24370574951172,-0.20372681261465636,1.0,-0.20372681261465636,1.0,C,8296980840241
1651867153999,160236000000,,,-1335902211763611824,0.0,5.211567592282657,289.0,1.0,7,25,0.0,16431,503971922155234,21,37.38837814331055,-514.4054938250815,0.15,25,-80575.86693901345,0.0019676450174301863,1.57542003E9,,,,0,,1,,33.28837966918945,-2.0372682255564105,1.0,-2.0372682255564105,1.0,C,8296980840241
1651867153999,160236000000,,,-1335902211763611824,0.0,5.211567592282657,289.0,1.0,7,6,0.0,81921,503971928912661,7,39.580230712890625,439.400708909724,0.15,25,72361.05530612983,0.0020238442812114954,1.17645005E9,,,,0,,1,,35.580230712890625,1.9208527336454408,1.6889556701525148,1.9208527336454408,1.0,Q,8296980840241
1651867153999,160236000000,,,-1335902211763611824,0.0,5.211567592282657,289.0,1.0,7,24,0.0,81921,503971927139108,7,35.901397705078125,494.90593205714254,0.5153651852394281,25,81558.17562706742,0.002914353972300887,1.17645005E9,,,,0,,1,,31.901399612426758,3.143213708743226,1.6889556701525148,3.143213708743226,1.0,Q,8296980840241
1651867153999,160236000000,,,-1335902211763611824,0.0,5.211567592282657,289.0,1.0,7,25,0.0,81921,503971922155755,6,40.497894287109375,-514.4753969434098,0.15,25,-82116.47583544612,0.0018209328409284353,1.17645005E9,,,,0,,1,,36.497894287109375,1.0186341127782053,1.6889556701525148,1.0186341127782053,1.0,Q,8296980840241
1651867153999,160236000000,,,-1335902211763611824,0.0,5.211567592282657,289.0,1.0,7,18,0.0,32995,82753935374730,33,45.49987030029297,168.95546209244094,0.15,17,27450.271139871,0.09446934416080378,1.60031245E9,,,,0,,3,,41.399871826171875,48.42877388000488,2.0000000474974513,48.42877388000488,2.0000000474974513,C,8296980840241
1651867153999,160236000000,,,-1335902211763611824,0.0,5.211567592282657,289.0,1.0,7,9,0.0,32995,82753922347365,33,40.341670989990234,-675.8270970680683,0.15,25,-105932.7923885348,0.0013782279565930367,1.60087501E9,,,,0,,3,,36.24167251586914,48.42877388000488,2.0000000474974513,48.42877388000488,2.0000000474974513,C,8296980840241
1651867153999,160236000000,,,-1335902211763611824,0.0,5.211567592282657,289.0,1.0,7,15,0.0,32995,82753932205105,33,41.982276916503906,578.8428086008025,0.15,17,91346.8624472251,0.09470839507088452,1.602E9,,,,0,,3,,37.88227844238281,48.42877388000488,2.0000000474974513,48.42877388000488,2.0000000474974513,C,8296980840241
1651867153999,160236000000,,,-1335902211763611824,0.0,5.211567592282657,289.0,1.0,7,19,0.0,32995,82753929353452,63,32.30891036987305,-413.73089329535196,0.6818106892882017,17,-65784.83203746464,0.09674027222323038,1.60368755E9,,,,0,,3,,28.208911895751953,48.42877388000488,2.0000000474974513,48.42877388000488,2.0000000474974513,C,8296980840241
1651867153999,160236000000,,,-1335902211763611824,0.0,5.211567592282657,289.0,1.0,7,17,0.0,32995,82753928874195,37,38.78721618652344,706.9715095087863,0.15,17,115161.64120321508,0.09508181194357501,1.60424998E9,,,,0,,3,,34.687217712402344,48.42877388000488,2.0000000474974513,48.42877388000488,2.0000000474974513,C,8296980840241
1651867153999,160236000000,,,-1335902211763611824,0.0,5.211567592282657,289.0,1.0,7,2,0.0,85026,503971914836047,27,34.02373504638672,478.11664131435396,0.6035244182993704,25,77342.15906055181,0.0028985370881855488,1.57542003E9,,,,1,,6,,29.923736572265625,-4.423782229423522,1.5000000237487257,-4.423782229423522,1.5000000237487257,C,8296980840241
1651867153999,160236000000,,,-1335902211763611824,0.0,5.211567592282657,289.0,1.0,7,15,0.0,85026,503971918333056,20,40.061824798583984,-318.0472254514532,0.15,25,-49631.75441491562,0.0015245904214680195,1.57542003E9,,,,0,,6,,35.96182632446289,-4.423782229423522,1.5000000237487257,-4.423782229423522,1.5000000237487257,C,8296980840241
1651867153999,160236000000,,,-1335902211763611824,0.0,5.211567592282657,289.0,1.0,7,27,0.0,85026,503971913512129,27,34.06437301635742,-351.3322888214559,0.6021784941032089,25,-54107.126613169814,0.0028850084636360407,1.57542003E9,,,,0,,6,,29.964372634887695,-4.423782229423522,1.5000000237487257,-4.423782229423522,1.5000000237487257,C,8296980840241
1651867153999,160236000000,,,-1335902211763611824,0.0,5.211567592282657,289.0,1.0,7,30,0.0,85026,503971921543135,13,45.70807647705078,63.50699152186024,0.15,25,11448.173470975025,7.958672940731049E-4,1.57542003E9,,,,0,,6,,41.60807800292969,-4.423782229423522,1.5000000237487257,-4.423782229423522,1.5000000237487257,C,8296980840241
1651867153999,160236000000,,,-1335902211763611824,0.0,5.211567592282657,289.0,1.0,7,2,0.0,84003,503971914836591,45,26.22081184387207,478.06466556815667,0.952074983823191,25,77965.42729016395,0.008883247151970863,1.17645005E9,,,,0,,6,,22.22081184387207,-2.7614412829279895,2.1889556939012405,-2.7614412829279895,1.5000000237487257,Q,8296980840241
1651867153999,160236000000,,,-1335902211763611824,0.0,5.211567592282657,289.0,1.0,7,15,0.0,84003,503971918333566,9,33.48138427734375,-317.9519309030154,0.6262040963944702,25,-49413.489818985545,0.0038507289718836546,1.17645005E9,,,,0,,6,,29.481386184692383,-9.780214168131348,2.1889556939012405,-9.780214168131348,1.5000000237487257,Q,8296980840241
1651867153999,160236000000,,,-1335902211763611824,0.0,5.211567592282657,289.0,1.0,7,27,0.0,84003,503971913512656,7,37.88011932373047,-351.47158382126463,0.15,25,-54487.00777777487,0.002461401978507638,1.17645005E9,,,,0,,6,,33.88011932373047,-6.6402368247508985,2.1889556939012405,-6.6402368247508985,1.5000000237487257,Q,8296980840241
1651867153999,160236000000,,,-1335902211763611824,0.0,5.211567592282657,289.0,1.0,7,30,0.0,84003,503971921543667,7,35.39906311035156,63.496962759028406,0.5405457634328359,25,11597.971417446135,0.0030878710094839334,1.17645005E9,,,,0,,6,,31.399063110351562,-6.27082772552967,2.1889556939012405,-6.27082772552967,1.5000000237487257,Q,8296980840241
1651867154999,161236000000,,,-1335902211763611535,0.0,5.171163454059623,288.0,1.0,7,2,0.0,16431,503972930295270,12,46.090293884277344,-39.48436825031442,0.15,25,-5812.805247283453,7.616049260832369E-4,1.57542003E9,,,,0,,1,,41.99029541015625,0.0,1.0,0.0,1.0,C,8297980252961
1651867154999,161236000000,,,-1335902211763611535,0.0,5.171163454059623,288.0,1.0,7,6,0.0,16431,503972928910655,17,39.7836799621582,439.7779335385185,0.15,25,71332.35760785926,0.001493418705649674,1.57542003E9,,,,0,,1,,35.68368148803711,0.320142130558394,1.0,0.320142130558394,1.0,C,8297980252961
1651867154999,161236000000,,,-1335902211763611535,0.0,5.171163454059623,288.0,1.0,7,12,0.0,16431,503972930890414,14,42.46006393432617,-191.1747186847589,0.15,25,-29746.424197782755,0.0010973934549838305,1.57542003E9,,,,0,,1,,38.36006546020508,-0.6984919076624261,1.0,-0.6984919076624261,1.0,C,8297980252961
1651867154999,161236000000,,,-1335902211763611535,0.0,5.171163454059623,288.0,1.0,7,17,0.0,16431,503972917213458,27,34.12964630126953,575.5753916588737,0.6013480670619549,25,94739.5265402392,0.0026996484957635403,1.57542003E9,,,,1,,1,,30.029645919799805,-0.7858034271858065,1.0,-0.7858034271858065,1.0,C,8297980252961
1651867154999,161236000000,,,-1335902211763611535,0.0,5.171163454059623,288.0,1.0,7,19,0.0,16431,503972923863300,15,41.01093292236328,599.9736589852928,0.15,25,98351.56157234474,0.0012966387439519167,1.57542003E9,,,,0,,1,,36.91093444824219,0.0,1.0,0.0,1.0,C,8297980252961
1651867154999,161236000000,,,-1335902211763611535,0.0,5.171163454059623,288.0,1.0,7,20,0.0,16431,503972920275199,23,36.352073669433594,-489.0269809666099,0.15,25,-76920.27168293289,0.002090189605951309,1.57542003E9,,,,0,,1,,32.2520751953125,0.0,1.0,0.0,1.0,C,8297980252961
1651867154999,161236000000,,,-1335902211763611535,0.0,5.171163454059623,288.0,1.0,7,24,0.0,16431,503972927136928,13,43.03382110595703,495.0908975486918,0.15,25,80533.94093923848,0.0010272462386637926,1.57542003E9,,,,0,,1,,38.93382263183594,-0.20372681261465636,1.0,-0.20372681261465636,1.0,C,8297980252961
1651867154999,161236000000,,,-1335902211763611535,0.0,5.171163454059623,288.0,1.0,7,25,0.0,16431,503972922156943,18,38.91475296020508,-514.1242794763118,0.15,25,-81090.15793571348,0.0016505474923178554,1.57542003E9,,,,0,,1,,34.814754486083984,-2.0372682255564105,1.0,-2.0372682255564105,1.0,C,8297980252961
1651867154999,161236000000,,,-1335902211763611535,0.0,5.171163454059623,288.0,1.0,7,6,0.0,81921,503972928911193,7,38.48143005371094,439.7177098378427,0.15,25,72800.58421684022,0.0022967676632106304,1.17645005E9,,,,0,,1,,34.48143005371094,1.9208527336454408,1.6866076095658897,1.9208527336454408,1.0,Q,8297980252961
1651867154999,161236000000,,,-1335902211763611535,0.0,5.171163454059623,288.0,1.0,7,24,0.0,81921,503972927137455,6,37.143341064453125,495.13711335973676,0.15,25,82053.11900127448,0.002679301192983985,1.17645005E9,,,,0,,1,,33.143341064453125,3.143213708743226,1.6866076095658897,3.143213708743226,1.0,Q,8297980252961
1651867154999,161236000000,,,-1335902211763611535,0.0,5.171163454059623,288.0,1.0,7,25,0.0,81921,503972922157472,6,40.37993240356445,-514.2348088828153,0.15,25,-82630.7715195397,0.0018458307022228837,1.17645005E9,,,,0,,1,,36.37993240356445,1.0186341127782053,1.6866076095658897,1.0186341127782053,1.0,Q,8297980252961
1651867154999,161236000000,,,-1335902211763611535,0.0,5.171163454059623,288.0,1.0,7,18,0.0,32995,82754935374169,33,46.28224182128906,169.3521989275947,0.15,17,27619.420570201917,0.09440021988591664,1.60031245E9,,,,0,,3,,42.18224334716797,48.42877388000488,2.0000000474974513,48.42877388000488,2.0000000474974513,C,8297980252961
1651867154999,161236000000,,,-1335902211763611535,0.0,5.171163454059623,288.0,1.0,7,9,0.0,32995,82754922349590,33,40.73170852661133,-675.5294890577111,0.15,25,-106608.49484942002,0.001317707821726799,1.60087501E9,,,,0,,3,,36.631710052490234,48.42877388000488,2.0000000474974513,48.42877388000488,2.0000000474974513,C,8297980252961
1651867154999,161236000000,,,-1335902211763611535,0.0,5.171163454059623,288.0,1.0,7,15,0.0,32995,82754932203158,33,44.287105560302734,579.2490033176414,0.15,17,91925.87464887166,0.0944426515456514,1.602E9,,,,0,,3,,40.18710708618164,48.42877388000488,2.0000000474974513,48.42877388000488,2.0000000474974513,C,8297980252961
1651867154999,161236000000,,,-1335902211763611535,0.0,5.171163454059623,288.0,1.0,7,19,0.0,32995,82754929354840,59,33.2203369140625,-413.2979779325992,0.6408252039735642,17,-66198.380731892,0.0964144802198074,1.60368755E9,,,,0,,3,,29.120336532592773,48.42877388000488,2.0000000474974513,48.42877388000488,2.0000000474974513,C,8297980252961
1651867154999,161236000000,,,-1335902211763611535,0.0,5.171163454059623,288.0,1.0,7,17,0.0,32995,82754928871842,34,39.84720230102539,707.3941319696692,0.15,17,115868.84610724608,0.09489284542903231,1.60424998E9,,,,0,,3,,35.7472038269043,48.42877388000488,2.0000000474974513,48.42877388000488,2.0000000474974513,C,8297980252961
1651867154999,161236000000,,,-1335902211763611535,0.0,5.171163454059623,288.0,1.0,7,2,0.0,85026,503972914834476,17,40.05528259277344,478.49079852206137,0.15,25,77820.37329737135,0.0014474433846771717,1.57542003E9,,,,0,,6,,35.955284118652344,-4.423782229423522,1.5000000237487257,-4.423782229423522,1.5000000237487257,C,8297980252961
1651867154999,161236000000,,,-1335902211763611535,0.0,5.171163454059623,288.0,1.0,7,15,0.0,85026,503972918334101,19,41.0896110534668,-317.6867012263549,0.15,25,-49949.65636405287,0.0013544525718316436,1.57542003E9,,,,0,,6,,36.9896125793457,-4.423782229423522,1.5000000237487257,-4.423782229423522,1.5000000237487257,C,8297980252961
1651867154999,161236000000,,,-1335902211763611535,0.0,5.171163454059623,288.0,1.0,7,27,0.0,85026,503972913513294,28,33.78977584838867,-350.99047586498864,0.6145269941321296,25,-54458.442621049995,0.002807376440614462,1.57542003E9,,,,1,,6,,29.689777374267578,-4.423782229423522,1.5000000237487257,-4.423782229423522,1.5000000237487257,C,8297980252961
1651867154999,161236000000,,,-1335902211763611535,0.0,5.171163454059623,288.0,1.0,7,30,0.0,85026,503972921542923,14,44.99068069458008,63.855727477308704,0.15,25,11511.842953156614,8.643908658996224E-4,1.57542003E9,,,,0,,6,,40.890682220458984,-4.423782229423522,1.5000000237487257,-4.423782229423522,1.5000000237487257,C,8297980252961
1651867154999,161236000000,,,-1335902211763611535,0.0,5.171163454059623,288.0,1.0,7,2,0.0,84003,503972914834999,28,28.151126861572266,478.5498975016719,0.8652705616936793,25,78443.62044689343,0.007113052066415548,1.17645005E9,,,,0,,6,,24.151126861572266,-2.7614412829279895,2.1866076333146154,-2.7614412829279895,1.5000000237487257,Q,8297980252961
1651867154999,161236000000,,,-1335902211763611535,0.0,5.171163454059623,288.0,1.0,7,15,0.0,84003,503972918334628,8,32.86347198486328,-317.74010843572614,0.653991283555245,25,-49731.39786170918,0.004134650342166424,1.17645005E9,,,,0,,6,,28.86347007751465,-9.780214168131348,2.1866076333146154,-9.780214168131348,1.5000000237487257,Q,8297980252961
1651867154999,161236000000,,,-1335902211763611535,0.0,5.171163454059623,288.0,1.0,7,27,0.0,84003,503972913513831,7,37.72566223144531,-351.08464569236116,0.15,25,-54838.321157981794,0.002505563898012042,1.17645005E9,,,,0,,6,,33.72566223144531,-6.6402368247508985,2.1866076333146154,-6.6402368247508985,1.5000000237487257,Q,8297980252961
1651867154999,161236000000,,,-1335902211763611535,0.0,5.171163454059623,288.0,1.0,7,30,0.0,84003,503972921543455,7,35.64318084716797,63.88837421035049,0.529567950634894,25,11661.656274207564,0.0030022934079170227,1.17645005E9,,,,0,,6,,31.6431827545166,-6.27082772552967,2.1866076333146154,-6.27082772552967,1.5000000237487257,Q,8297980252961
1651867155999,162236000000,,,-1335902211763611246,0.0,5.180941406612566,289.0,1.0,7,2,0.0,16431,503973930295412,11,47.02435302734375,-39.546176785218535,0.15,25,-5852.339929087099,6.839535781182349E-4,1.57542003E9,,,,0,,1,,42.924354553222656,0.0,1.0,0.0,1.0,C,8298973738761
1651867155999,162236000000,,,-1335902211763611246,0.0,5.180941406612566,289.0,1.0,7,6,0.0,16431,503973928909196,17,39.55863571166992,439.6390134457315,0.15,25,71772.03391366285,0.0015326180728152394,1.57542003E9,,,,0,,1,,35.45863723754883,0.320142130558394,1.0,0.320142130558394,1.0,C,8298973738761
1651867155999,162236000000,,,-1335902211763611246,0.0,5.180941406612566,289.0,1.0,7,12,0.0,16431,503973930891050,14,42.35386657714844,-191.2873441623385,0.15,25,-29937.681681972696,0.0011108932085335255,1.57542003E9,,,,0,,1,,38.253868103027344,-0.6984919076624261,1.0,-0.6984919076624261,1.0,C,8298973738761
1651867155999,162236000000,,,-1335902211763611246,0.0,5.180941406612566,289.0,1.0,7,17,0.0,16431,503973917211526,29,33.311798095703125,575.3822122953025,0.6381253675054936,25,95314.96466872582,0.0029661941807717085,1.57542003E9,,,,1,,1,,29.2117977142334,-0.7858034271858065,1.0,-0.7858034271858065,1.0,C,8298973738761
1651867155999,162236000000,,,-1335902211763611246,0.0,5.180941406612566,289.0,1.0,7,19,0.0,16431,503973923861298,18,39.0591926574707,599.8027013833744,0.15,25,98951.45654394607,0.0016233267961069942,1.57542003E9,,,,0,,1,,34.95919418334961,0.0,1.0,0.0,1.0,C,8298973738761
1651867155999,162236000000,,,-1335902211763611246,0.0,5.180941406612566,289.0,1.0,7,20,0.0,16431,503973920276832,25,35.31302261352539,-489.14398603985273,0.5486839484371253,25,-77409.34464541126,0.00235580001026392,1.57542003E9,,,,0,,1,,31.213022232055664,0.0,1.0,0.0,1.0,C,8298973738761
1651867155999,162236000000,,,-1335902211763611246,0.0,5.180941406612566,289.0,1.0,7,24,0.0,16431,503973927135279,17,40.05287170410156,495.02038094614613,0.15,25,81029.00199380642,0.0014478449011221528,1.57542003E9,,,,0,,1,,35.95287322998047,-0.20372681261465636,1.0,-0.20372681261465636,1.0,C,8298973738761
1651867155999,162236000000,,,-1335902211763611246,0.0,5.180941406612566,289.0,1.0,7,25,0.0,16431,503973922158667,19,38.25857162475586,-514.3465993402101,0.15,25,-81604.39053216236,0.0017800701316446066,1.57542003E9,,,,0,,1,,34.158573150634766,-2.0372682255564105,1.0,-2.0372682255564105,1.0,C,8298973738761
1651867155999,162236000000,,,-1335902211763611246,0.0,5.180941406612566,289.0,1.0,7,6,0.0,81921,503973928909727,7,38.61183166503906,439.5766766327513,0.15,25,73240.25958638923,0.002262543886899948,1.17645005E9,,,,0,,1,,34.61183166503906,1.9208527336454408,1.6843754111559666,1.9208527336454408,1.0,Q,8298973738761
1651867155999,162236000000,,,-1335902211763611246,0.0,5.180941406612566,289.0,1.0,7,24,0.0,81921,503973927135806,7,40.12843704223633,495.0124397337763,0.15,25,82548.20053992784,0.0019000573083758354,1.17645005E9,,,,0,,1,,36.12843704223633,3.143213708743226,1.6843754111559666,3.143213708743226,1.0,Q,8298973738761
1651867155999,162236000000,,,-1335902211763611246,0.0,5.180941406612566,289.0,1.0,7,25,0.0,81921,503973922159188,6,39.46483612060547,-514.3043370941218,0.15,25,-83145.00042430466,0.0020509110763669014,1.17645005E9,,,,0,,1,,35.46483612060547,1.0186341127782053,1.6843754111559666,1.0186341127782053,1.0,Q,8298973738761
1651867155999,162236000000,,,-1335902211763611246,0.0,5.180941406612566,289.0,1.0,7,18,0.0,32995,82755935373618,33,46.151084899902344,169.30842001219116,0.15,17,27788.73080793625,0.09441137800347545,1.60031245E9,,,,0,,3,,42.05108642578125,48.42877388000488,2.0000000474974513,48.42877388000488,2.0000000474974513,C,8298973738761
1651867155999,162236000000,,,-1335902211763611246,0.0,5.180941406612566,289.0,1.0,7,9,0.0,32995,82755922351795,34,40.075340270996094,-675.7157156001517,0.15,25,-107284.14020170218,0.0014211423695087433,1.60087501E9,,,,0,,3,,35.975341796875,48.42877388000488,2.0000000474974513,48.42877388000488,2.0000000474974513,C,8298973738761
1651867155999,162236000000,,,-1335902211763611246,0.0,5.180941406612566,289.0,1.0,7,15,0.0,32995,82755932201221,33,45.4664306640625,579.1631155272039,0.15,17,92505.05316115961,0.09433162805766254,1.602E9,,,,0,,3,,41.366432189941406,48.42877388000488,2.0000000474974513,48.42877388000488,2.0000000474974513,C,8298973738761
1651867155999,162236000000,,,-1335902211763611246,0.0,5.180941406612566,289.0,1.0,7,19,0.0,32995,82755929356189,52,34.661468505859375,-413.4458957939082,0.5760192767797814,17,-66611.7900906747,0.0959642763261012,1.60368755E9,,,,0,,3,,30.56147003173828,48.42877388000488,2.0000000474974513,48.42877388000488,2.0000000474974513,C,8298973738761
1651867155999,162236000000,,,-1335902211763611246,0.0,5.180941406612566,289.0,1.0,7,17,0.0,32995,82755928869469,33,40.57707214355469,707.2485998803168,0.15,17,116576.12478867148,0.09477550635162668,1.60424998E9,,,,0,,3,,36.477073669433594,48.42877388000488,2.0000000474974513,48.42877388000488,2.0000000474974513,C,8298973738761
1651867155999,162236000000,,,-1335902211763611246,0.0,5.180941406612566,289.0,1.0,7,2,0.0,85026,503973914832874,16,40.23322296142578,478.2531074702713,0.15,25,78298.69431919302,0.0014180921716615558,1.57542003E9,,,,0,,6,,36.13322448730469,-4.423782229423522,1.5000000237487257,-4.423782229423522,1.5000000237487257,C,8298973738761
1651867155999,162236000000,,,-1335902211763611246,0.0,5.180941406612566,289.0,1.0,7,15,0.0,85026,503973918335157,16,42.98576736450195,-317.8082051838587,0.15,25,-50267.440159858146,0.0010888196993619204,1.57542003E9,,,,0,,6,,38.88576889038086,-4.423782229423522,1.5000000237487257,-4.423782229423522,1.5000000237487257,C,8298973738761
1651867155999,162236000000,,,-1335902211763611246,0.0,5.180941406612566,289.0,1.0,7,27,0.0,85026,503973913514465,25,35.029640197753906,-351.32022363184683,0.558771823029494,25,-54809.708886753535,0.0025815684348344803,1.57542003E9,,,,0,,6,,30.929641723632812,-4.423782229423522,1.5000000237487257,-4.423782229423522,1.5000000237487257,C,8298973738761
1651867155999,162236000000,,,-1335902211763611246,0.0,5.180941406612566,289.0,1.0,7,30,0.0,85026,503973921542708,13,45.092227935791016,63.719742736089756,0.15,25,11575.61752749549,8.54344165418297E-4,1.57542003E9,,,,0,,6,,40.99222946166992,-4.423782229423522,1.5000000237487257,-4.423782229423522,1.5000000237487257,C,8298973738761
1651867155999,162236000000,,,-1335902211763611246,0.0,5.180941406612566,289.0,1.0,7,2,0.0,84003,503973914833402,19,29.888996124267578,478.20045007494355,0.7871202876944499,25,78921.92638518903,0.005823210813105106,1.17645005E9,,,,0,,6,,25.888996124267578,-2.7614412829279895,2.184375434904692,-2.7614412829279895,1.5000000237487257,Q,8298973738761
1651867155999,162236000000,,,-1335902211763611246,0.0,5.180941406612566,289.0,1.0,7,15,0.0,84003,503973918335686,17,30.375844955444336,-317.8902075742526,0.7658572282658773,25,-50049.208363313905,0.00550579559057951,1.17645005E9,,,,0,,6,,26.375844955444336,-9.780214168131348,2.184375434904692,-9.780214168131348,1.5000000237487257,Q,8298973738761
1651867155999,162236000000,,,-1335902211763611246,0.0,5.180941406612566,289.0,1.0,7,27,0.0,84003,503973913515001,7,38.6437873840332,-351.3409457654127,0.15,25,-55189.58722062521,0.0022542348597198725,1.17645005E9,,,,0,,6,,34.6437873840332,-6.6402368247508985,2.184375434904692,-6.6402368247508985,1.5000000237487257,Q,8298973738761
1651867155999,162236000000,,,-1335902211763611246,0.0,5.180941406612566,289.0,1.0,7,30,0.0,84003,503973921543242,6,35.271507263183594,63.66610973044405,0.5462817676415972,25,11725.413774901306,0.003133552148938179,1.17645005E9,,,,0,,6,,31.271507263183594,-6.27082772552967,2.184375434904692,-6.27082772552967,1.5000000237487257,Q,8298973738761
1651867156999,163236000000,,,-1335902211763610957,0.0,5.037080247677078,289.0,1.0,7,2,0.0,16431,503974930295536,12,46.71415328979492,-39.232613924901614,0.15,25,-5891.737055533842,7.088212296366692E-4,1.57542003E9,,,,0,,1,,42.61415481567383,0.0,1.0,0.0,1.0,C,8299978867708
1651867156999,163236000000,,,-1335902211763610957,0.0,5.037080247677078,289.0,1.0,7,6,0.0,16431,503974928907717,18,38.786651611328125,440.0243837816349,0.15,25,72211.84989818,0.001675070496276021,1.57542003E9,,,,0,,1,,34.68665313720703,0.320142130558394,1.0,0.320142130558394,1.0,C,8299978867708
1651867156999,163236000000,,,-1335902211763610957,0.0,5.037080247677078,289.0,1.0,7,12,0.0,16431,503974930891702,13,43.23640823364258,-191.03886601305896,0.15,25,-30128.83014235824,0.0010035643354058266,1.57542003E9,,,,0,,1,,39.136409759521484,-0.6984919076624261,1.0,-0.6984919076624261,1.0,C,8299978867708
1651867156999,163236000000,,,-1335902211763610957,0.0,5.037080247677078,289.0,1.0,7,17,0.0,16430,503974917209608,1000000000,34.4142951965332,575.6396711718758,2.99792458E8,25,95890.46262044649,0.002612610813230276,1.57542003E9,,,,1,,1,,30.314294815063477,-0.7858034271858065,1.0,-0.7858034271858065,1.0,C,8299978867708
1651867156999,163236000000,,,-1335902211763610957,0.0,5.037080247677078,289.0,1.0,7,19,0.0,16431,503974923859289,16,40.26953887939453,600.0107406979896,0.15,25,99551.40765701189,0.0014121754793450236,1.57542003E9,,,,0,,1,,36.16954040527344,0.0,1.0,0.0,1.0,C,8299978867708
1651867156999,163236000000,,,-1335902211763610957,0.0,5.037080247677078,289.0,1.0,7,20,0.0,16431,503974920278474,19,38.451751708984375,-488.93172050062867,0.15,25,-77898.36877807013,0.0017409167485311627,1.57542003E9,,,,0,,1,,34.35175323486328,0.0,1.0,0.0,1.0,C,8299978867708
1651867156999,163236000000,,,-1335902211763610957,0.0,5.037080247677078,289.0,1.0,7,24,0.0,16431,503974927133627,15,41.43154525756836,495.3842793344402,0.15,25,81524.20904869206,0.001235345145687461,1.57542003E9,,,,0,,1,,37.331546783447266,-0.20372681261465636,1.0,-0.20372681261465636,1.0,C,8299978867708
1651867156999,163236000000,,,-1335902211763610957,0.0,5.037080247677078,289.0,1.0,7,25,0.0,16431,503974922160378,20,37.657894134521484,-514.0665437949622,0.15,25,-82118.57661190958,0.0019075279124081135,1.57542003E9,,,,0,,1,,33.55789566040039,-2.0372682255564105,1.0,-2.0372682255564105,1.0,C,8299978867708
1651867156999,163236000000,,,-1335902211763610957,0.0,5.037080247677078,289.0,1.0,7,6,0.0,81921,503974928908259,7,38.11284637451172,440.02155493774353,0.15,25,73680.08469265026,0.0023963279090821743,1.17645005E9,,,,0,,1,,34.11284637451172,1.9208527336454408,1.6820242688640834,1.9208527336454408,1.0,Q,8299978867708
1651867156999,163236000000,,,-1335902211763610957,0.0,5.037080247677078,289.0,1.0,7,24,0.0,81921,503974927134152,7,39.41435241699219,495.29863012119836,0.15,25,83043.40098837337,0.002062865998595953,1.17645005E9,,,,0,,1,,35.41435241699219,3.143213708743226,1.6820242688640834,3.143213708743226,1.0,Q,8299978867708
1651867156999,163236000000,,,-1335902211763610957,0.0,5.037080247677078,289.0,1.0,7,25,0.0,81921,503974922160901,7,39.60480499267578,-514.0506613702225,0.15,25,-83659.1730155758,0.0020181259606033564,1.17645005E9,,,,0,,1,,35.60480499267578,1.0186341127782053,1.6820242688640834,1.0186341127782053,1.0,Q,8299978867708
1651867156999,163236000000,,,-1335902211763610957,0.0,5.037080247677078,289.0,1.0,7,18,0.0,32995,82756935373022,33,45.703609466552734,169.63164098862524,0.15,17,27958.202237822243,0.09445073930435367,1.60031245E9,,,,0,,3,,41.60361099243164,48.42877388000488,2.0000000474974513,48.42877388000488,2.0000000474974513,C,8299978867708
1651867156999,163236000000,,,-1335902211763610957,0.0,5.037080247677078,289.0,1.0,7,9,0.0,32995,82756922354134,33,41.289554595947266,-675.421788495099,0.15,25,-107959.7034692021,0.001235739211551845,1.60087501E9,,,,0,,3,,37.18955612182617,48.42877388000488,2.0000000474974513,48.42877388000488,2.0000000474974513,C,8299978867708
1651867156999,163236000000,,,-1335902211763610957,0.0,5.037080247677078,289.0,1.0,7,15,0.0,32995,82756932199272,33,46.05364990234375,579.4988277239536,0.15,17,93084.38473748506,0.09432031795990109,1.602E9,,,,0,,3,,41.953651428222656,48.42877388000488,2.0000000474974513,48.42877388000488,2.0000000474974513,C,8299978867708
1651867156999,163236000000,,,-1335902211763610957,0.0,5.037080247677078,289.0,1.0,7,19,0.0,32995,82756929357576,51,34.86050033569336,-413.0838378582664,0.5670693035776488,17,-67025.06422110286,0.09590776576774933,1.60368755E9,,,,0,,3,,30.760499954223633,48.42877388000488,2.0000000474974513,48.42877388000488,2.0000000474974513,C,8299978867708
1651867156999,163236000000,,,-1335902211763610957,0.0,5.037080247677078,289.0,1.0,7,17,0.0,32995,82756928867125,33,40.69399642944336,707.4792699460631,0.15,17,117283.47689371041,0.09475760854363369,1.60424998E9,,,,0,,3,,36.593997955322266,48.42877388000488,2.0000000474974513,48.42877388000488,2.0000000474974513,C,8299978867708
1651867156999,163236000000,,,-1335902211763610957,0.0,5.037080247677078,289.0,1.0,7,2,0.0,85026,503974914831279,15,41.501617431640625,478.5392296927803,0.15,25,78777.0957197364,0.0012254194589331746,1.57542003E9,,,,0,,6,,37.40161895751953,-4.423782229423522,1.5000000237487257,-4.423782229423522,1.5000000237487257,C,8299978867708
1651867156999,163236000000,,,-1335902211763610957,0.0,5.037080247677078,289.0,1.0,7,15,0.0,85026,503974918336222,16,42.79159927368164,-317.5242983210237,0.15,25,-50585.13250746541,0.0011134336236864328,1.57542003E9,,,,0,,6,,38.69160079956055,-4.423782229423522,1.5000000237487257,-4.423782229423522,1.5000000237487257,C,8299978867708
1651867156999,163236000000,,,-1335902211763610957,0.0,5.037080247677078,289.0,1.0,7,27,0.0,85026,503974913515651,30,32.67753219604492,-351.06385539388225,0.6645437313196307,25,-55160.92253572583,0.003384457202628255,1.57542003E9,,,,1,,6,,28.577533721923828,-4.423782229423522,1.5000000237487257,-4.423782229423522,1.5000000237487257,C,8299978867708
1651867156999,163236000000,,,-1335902211763610957,0.0,5.037080247677078,289.0,1.0,7,30,0.0,85026,503974921542492,13,45.23007583618164,63.97637085278532,0.15,25,11639.482201833347,8.40892898850143E-4,1.57542003E9,,,,0,,6,,41.13007736206055,-4.423782229423522,1.5000000237487257,-4.423782229423522,1.5000000237487257,C,8299978867708
1651867156999,163236000000,,,-1335902211763610957,0.0,5.037080247677078,289.0,1.0,7,2,0.0,84003,503974914831806,12,32.05348205566406,478.5068513590836,0.689785518143454,25,79400.33095086274,0.004538770765066147,1.17645005E9,,,,0,,6,,28.053482055664062,-2.7614412829279895,2.182024292612809,-2.7614412829279895,1.5000000237487257,Q,8299978867708
1651867156999,163236000000,,,-1335902211763610957,0.0,5.037080247677078,289.0,1.0,7,15,0.0,84003,503974918336744,16,31.172792434692383,-317.6403490854839,0.7300195917994401,25,-50366.882639549665,0.005023110657930374,1.17645005E9,,,,0,,6,,27.172792434692383,-9.780214168131348,2.182024292612809,-9.780214168131348,1.5000000237487257,Q,8299978867708
1651867156999,163236000000,,,-1335902211763610957,0.0,5.037080247677078,289.0,1.0,7,27,0.0,84003,503974913516174,8,38.059165954589844,-351.07909025194795,0.15,25,-55540.79067136663,0.002411183202639222,1.17645005E9,,,,0,,6,,34.059165954589844,-6.6402368247508985,2.182024292612809,-6.6402368247508985,1.5000000237487257,Q,8299978867708
1651867156999,163236000000,,,-1335902211763610957,0.0,5.037080247677078,289.0,1.0,7,30,0.0,84003,503974921543030,8,36.21308898925781,63.95699071594504,0.15,25,11789.283093532147,0.002811627695336938,1.17645005E9,,,,0,,6,,32.21308898925781,-6.27082772552967,2.182024292612809,-6.27082772552967,1.5000000237487257,Q,8299978867708
1651867157999,164236000000,,,-1335902211763610667,0.0,5.004202230152279,289.0,1.0,7,2,0.0,16431,503975930295664,12,46.045616149902344,-39.17332323147312,0.15,25,-5930.925299671275,7.655322551727295E-4,1.57542003E9,,,,0,,1,,41.94561767578125,0.0,1.0,0.0,1.0,C,8300974575879
1651867157999,164236000000,,,-1335902211763610667,0.0,5.004202230152279,289.0,1.0,7,6,0.0,16431,503975928906247,18,39.11608123779297,439.97959943376395,0.15,25,72651.84763846864,0.00161272962577641,1.57542003E9,,,,0,,1,,35.016082763671875,0.320142130558394,1.0,0.320142130558394,1.0,C,8300974575879
1651867157999,164236000000,,,-1335902211763610667,0.0,5.004202230152279,289.0,1.0,7,12,0.0,16431,503975930892326,12,43.61075210571289,-191.06689883354898,0.15,25,-30319.821889724375,9.612315916456282E-4,1.57542003E9,,,,0,,1,,39.5107536315918,-0.6984919076624261,1.0,-0.6984919076624261,1.0,C,8300974575879
1651867157999,164236000000,,,-1335902211763610667,0.0,5.004202230152279,289.0,1.0,7,17,0.0,16430,503975917207709,1000000000,32.2872314453125,575.4414476047391,2.99792458E8,25,96466.0285378626,0.0033375504426658154,1.57542003E9,,,,1,,1,,28.187232971191406,-0.7858034271858065,1.0,-0.7858034271858065,1.0,C,8300974575879
1651867157999,164236000000,,,-1335902211763610667,0.0,5.004202230152279,289.0,1.0,7,19,0.0,16431,503975923857277,18,39.37296676635742,600.0489130492952,0.15,25,100151.47814525264,0.0015657315962016582,1.57542003E9,,,,0,,1,,35.27296829223633,0.0,1.0,0.0,1.0,C,8300974575879
1651867157999,164236000000,,,-1335902211763610667,0.0,5.004202230152279,289.0,1.0,7,20,0.0,16431,503975920280110,21,37.354637145996094,-488.93649204454186,0.15,25,-78387.35795928085,0.0018623340874910355,1.57542003E9,,,,0,,1,,33.254638671875,0.0,1.0,0.0,1.0,C,8300974575879
1651867157999,164236000000,,,-1335902211763610667,0.0,5.004202230152279,289.0,1.0,7,24,0.0,16431,503975927131971,13,43.16836166381836,495.369794290418,0.15,25,82019.58697985923,0.0010114572942256927,1.57542003E9,,,,0,,1,,39.068363189697266,-0.20372681261465636,1.0,-0.20372681261465636,1.0,C,8300974575879
1651867157999,164236000000,,,-1335902211763610667,0.0,5.004202230152279,289.0,1.0,7,25,0.0,16431,503975922162086,20,37.887081146240234,-514.140911715095,0.15,25,-82632.65954281265,0.0018578538438305259,1.57542003E9,,,,0,,1,,33.78708267211914,-2.0372682255564105,1.0,-2.0372682255564105,1.0,C,8300974575879
1651867157999,164236000000,,,-1335902211763610667,0.0,5.004202230152279,289.0,1.0,7,6,0.0,81921,503975928906795,8,37.61198806762695,439.9881882128077,0.15,25,74120.08132988292,0.0025385702028870583,1.17645005E9,,,,0,,1,,33.61198806762695,1.9208527336454408,1.6796700448669428,1.9208527336454408,1.0,Q,8300974575879
1651867157999,164236000000,,,-1335902211763610667,0.0,5.004202230152279,289.0,1.0,7,24,0.0,81921,503975927132499,7,38.785823822021484,495.3598422131133,0.15,25,83538.790011632,0.0022176725324243307,1.17645005E9,,,,0,,1,,34.785823822021484,3.143213708743226,1.6796700448669428,3.143213708743226,1.0,Q,8300974575879
1651867157999,164236000000,,,-1335902211763610667,0.0,5.004202230152279,289.0,1.0,7,25,0.0,81921,503975922162618,7,39.64572525024414,-514.2090766281406,0.15,25,-84173.25093752783,0.002008640905842185,1.17645005E9,,,,0,,1,,35.64572525024414,1.0186341127782053,1.6796700448669428,1.0186341127782053,1.0,Q,8300974575879
1651867157999,164236000000,,,-1335902211763610667,0.0,5.004202230152279,289.0,1.0,7,18,0.0,32995,82757935372484,33,45.94597625732422,169.6668481662133,0.15,17,28127.88149441191,0.09442916841833406,1.60031245E9,,,,0,,3,,41.845977783203125,48.42877388000488,2.0000000474974513,48.42877388000488,2.0000000474974513,C,8300974575879
1651867157999,164236000000,,,-1335902211763610667,0.0,5.004202230152279,289.0,1.0,7,9,0.0,32995,82757922356348,33,41.24541473388672,-675.6330997255404,0.15,25,-108635.17591034384,0.0012420349521562457,1.60087501E9,,,,0,,3,,37.145416259765625,48.42877388000488,2.0000000474974513,48.42877388000488,2.0000000474974513,C,8300974575879
1651867157999,164236000000,,,-1335902211763610667,0.0,5.004202230152279,289.0,1.0,7,15,0.0,32995,82757932197373,33,44.70459747314453,579.5256165347805,0.15,17,93663.93664483975,0.09444669616317763,1.602E9,,,,0,,3,,40.60459899902344,48.42877388000488,2.0000000474974513,48.42877388000488,2.0000000474974513,C,8300974575879
1651867157999,164236000000,,,-1335902211763610667,0.0,5.004202230152279,289.0,1.0,7,19,0.0,32995,82757929358956,54,34.1841926574707,-413.0022785398073,0.5974823709385317,17,-67438.14419189075,0.09610518450031795,1.60368755E9,,,,0,,3,,30.084192276000977,48.42877388000488,2.0000000474974513,48.42877388000488,2.0000000474974513,C,8300974575879
1651867157999,164236000000,,,-1335902211763610667,0.0,5.004202230152279,289.0,1.0,7,17,0.0,32995,82757928864765,37,38.8060188293457,707.5595682136309,0.15,17,117990.98281206183,0.09507825510624723,1.60424998E9,,,,0,,3,,34.70602035522461,48.42877388000488,2.0000000474974513,48.42877388000488,2.0000000474974513,C,8300974575879
1651867157999,164236000000,,,-1335902211763610667,0.0,5.004202230152279,289.0,1.0,7,2,0.0,85026,503975914829682,20,37.67041778564453,478.4558640041255,0.15,25,79255.65245609377,0.0019047800451517105,1.57542003E9,,,,0,,6,,33.57041931152344,-4.423782229423522,1.5000000237487257,-4.423782229423522,1.5000000237487257,C,8300974575879
1651867157999,164236000000,,,-1335902211763610667,0.0,5.004202230152279,289.0,1.0,7,15,0.0,85026,503975918337281,16,42.9553337097168,-317.61328761500477,0.15,25,-50902.672207040654,0.001092641381546855,1.57542003E9,,,,0,,6,,38.8553352355957,-4.423782229423522,1.5000000237487257,-4.423782229423522,1.5000000237487257,C,8300974575879
1651867157999,164236000000,,,-1335902211763610667,0.0,5.004202230152279,289.0,1.0,7,27,0.0,85026,503975913516814,27,33.99397659301758,-351.35747575682626,0.6053449673295312,25,-55512.07311105288,0.002908485708758235,1.57542003E9,,,,1,,6,,29.89397621154785,-4.423782229423522,1.5000000237487257,-4.423782229423522,1.5000000237487257,C,8300974575879
1651867157999,164236000000,,,-1335902211763610667,0.0,5.004202230152279,289.0,1.0,7,30,0.0,85026,503975921542285,13,45.31975555419922,63.95418743389604,0.15,25,11703.497217114573,8.32255173008889E-4,1.57542003E9,,,,0,,6,,41.219757080078125,-4.423782229423522,1.5000000237487257,-4.423782229423522,1.5000000237487257,C,8300974575879
1651867157999,164236000000,,,-1335902211763610667,0.0,5.004202230152279,289.0,1.0,7,2,0.0,84003,503975914830209,17,30.279935836791992,478.55368065434595,0.7695395980508946,25,79878.9256050761,0.0055669271387159824,1.17645005E9,,,,0,,6,,26.279935836791992,-2.7614412829279895,2.1796700686156685,-2.7614412829279895,1.5000000237487257,Q,8300974575879
1651867157999,164236000000,,,-1335902211763610667,0.0,5.004202230152279,289.0,1.0,7,15,0.0,84003,503975918337807,14,32.39482116699219,-317.559062426677,0.6750664235018569,25,-50684.43185865798,0.0043638632632792,1.17645005E9,,,,0,,6,,28.39482307434082,-9.780214168131348,2.1796700686156685,-9.780214168131348,1.5000000237487257,Q,8300974575879
1651867157999,164236000000,,,-1335902211763610667,0.0,5.004202230152279,289.0,1.0,7,27,0.0,84003,503975913517344,7,37.23403549194336,-351.1992990761039,0.15,25,-55891.89114154654,0.0026514704804867506,1.17645005E9,,,,0,,6,,33.23403549194336,-6.6402368247508985,2.1796700686156685,-6.6402368247508985,1.5000000237487257,Q,8300974575879
1651867157999,164236000000,,,-1335902211763610667,0.0,5.004202230152279,289.0,1.0,7,30,0.0,84003,503975921542815,8,36.216148376464844,63.95746787033636,0.15,25,11853.298975438627,0.002810638165101409,1.17645005E9,,,,0,,6,,32.216148376464844,-6.27082772552967,2.1796700686156685,-6.27082772552967,1.5000000237487257,Q,8300974575879
1651867158999,165236000000,,,-1335902211763610378,0.0,5.0844116616798924,289.0,1.0,7,2,0.0,16431,503976930295799,12,46.30644226074219,-39.05276080183074,0.15,25,-5969.973144416984,7.428860408253968E-4,1.57542003E9,,,,0,,1,,42.206443786621094,0.0,1.0,0.0,1.0,C,8301959359815
1651867158999,165236000000,,,-1335902211763610378,0.0,5.0844116616798924,289.0,1.0,7,6,0.0,16431,503976928904776,19,38.460777282714844,440.15219299359546,0.15,25,73091.99325422588,0.0017391088185831904,1.57542003E9,,,,0,,1,,34.36077880859375,0.320142130558394,1.0,0.320142130558394,1.0,C,8301959359815
1651867158999,165236000000,,,-1335902211763610378,0.0,5.0844116616798924,289.0,1.0,7,12,0.0,16431,503976930892967,14,42.156715393066406,-190.93593699436008,0.15,25,-30510.698556452076,0.001136396429501474,1.57542003E9,,,,0,,1,,38.05671691894531,-0.6984919076624261,1.0,-0.6984919076624261,1.0,C,8301959359815
1651867158999,165236000000,,,-1335902211763610378,0.0,5.0844116616798924,289.0,1.0,7,17,0.0,16431,503976917205775,34,31.4495906829834,575.7718429382712,0.7218656969128472,25,97041.53793701559,0.0036754447501152754,1.57542003E9,,,,1,,1,,27.349590301513672,-0.7858034271858065,1.0,-0.7858034271858065,1.0,C,8301959359815
1651867158999,165236000000,,,-1335902211763610378,0.0,5.0844116616798924,289.0,1.0,7,19,0.0,16431,503976923855281,17,39.93853759765625,600.1773357454731,0.15,25,100751.60039713992,0.0014670290984213352,1.57542003E9,,,,0,,1,,35.838539123535156,0.0,1.0,0.0,1.0,C,8301959359815
1651867158999,165236000000,,,-1335902211763610378,0.0,5.0844116616798924,289.0,1.0,7,20,0.0,16431,503976920281746,25,35.147850036621094,-488.6118225637056,0.5561124261948953,25,-78876.13662234851,0.002401026664301753,1.57542003E9,,,,0,,1,,31.047849655151367,0.0,1.0,0.0,1.0,C,8301959359815
1651867158999,165236000000,,,-1335902211763610378,0.0,5.0844116616798924,289.0,1.0,7,24,0.0,16431,503976927130321,13,43.003116607666016,495.50598778668314,0.15,25,82515.09996378777,0.0010308841010555625,1.57542003E9,,,,0,,1,,38.90311813354492,-0.20372681261465636,1.0,-0.20372681261465636,1.0,C,8301959359815
1651867158999,165236000000,,,-1335902211763610378,0.0,5.0844116616798924,289.0,1.0,7,25,0.0,16431,503976922163812,19,38.30195236206055,-514.0716902458971,0.15,25,-83146.65728595377,0.0017712017288431525,1.57542003E9,,,,0,,1,,34.20195388793945,-2.0372682255564105,1.0,-2.0372682255564105,1.0,C,8301959359815
1651867158999,165236000000,,,-1335902211763610378,0.0,5.0844116616798924,289.0,1.0,7,6,0.0,81921,503976928905323,9,37.7547492980957,440.20822455211896,0.15,25,74560.22352285651,0.0024971873499453068,1.17645005E9,,,,0,,1,,33.7547492980957,1.9208527336454408,1.6774965976766087,1.9208527336454408,1.0,Q,8301959359815
1651867158999,165236000000,,,-1335902211763610378,0.0,5.0844116616798924,289.0,1.0,7,24,0.0,81921,503976927130849,6,38.479129791259766,495.48884431105216,0.15,25,84034.27965718019,0.002297376049682498,1.17645005E9,,,,0,,1,,34.479129791259766,3.143213708743226,1.6774965976766087,3.143213708743226,1.0,Q,8301959359815
1651867158999,165236000000,,,-1335902211763610378,0.0,5.0844116616798924,289.0,1.0,7,25,0.0,81921,503976922164331,7,40.01432418823242,-513.8856681981956,0.15,25,-84687.23886344627,0.0019251848571002483,1.17645005E9,,,,0,,1,,36.01432418823242,1.0186341127782053,1.6774965976766087,1.0186341127782053,1.0,Q,8301959359815
1651867158999,165236000000,,,-1335902211763610378,0.0,5.0844116616798924,289.0,1.0,7,18,0.0,32995,82758935371918,33,45.630592346191406,169.8526486779474,0.15,17,28297.723762645313,0.09445735687511526,1.60031245E9,,,,0,,3,,41.53059387207031,48.42877388000488,2.0000000474974513,48.42877388000488,2.0000000474974513,C,8301959359815
1651867158999,165236000000,,,-1335902211763610378,0.0,5.0844116616798924,289.0,1.0,7,9,0.0,32995,82758922358637,33,41.27109146118164,-675.3981352702722,0.15,25,-109310.57820632317,0.0012383689172565937,1.60087501E9,,,,0,,3,,37.17109298706055,48.42877388000488,2.0000000474974513,48.42877388000488,2.0000000474974513,C,8301959359815
1651867158999,165236000000,,,-1335902211763610378,0.0,5.0844116616798924,289.0,1.0,7,15,0.0,32995,82758932195406,33,42.393943786621094,579.7121157368733,0.15,17,94243.63215827018,0.09465561527435123,1.602E9,,,,0,,3,,38.2939453125,48.42877388000488,2.0000000474974513,48.42877388000488,2.0000000474974513,C,8301959359815
1651867158999,165236000000,,,-1335902211763610378,0.0,5.0844116616798924,289.0,1.0,7,19,0.0,32995,82758929360303,54,34.14293670654297,-412.939021500501,0.5993378012327901,17,-67851.1046291051,0.09611773104521253,1.60368755E9,,,,0,,3,,30.042938232421875,48.42877388000488,2.0000000474974513,48.42877388000488,2.0000000474974513,C,8301959359815
1651867158999,165236000000,,,-1335902211763610378,0.0,5.0844116616798924,289.0,1.0,7,17,0.0,32995,82758928862388,34,39.74861526489258,707.5901060946753,0.15,17,118698.54836541414,0.0949094641818844,1.60424998E9,,,,0,,3,,35.648616790771484,48.42877388000488,2.0000000474974513,48.42877388000488,2.0000000474974513,C,8301959359815
1651867158999,165236000000,,,-1335902211763610378,0.0,5.0844116616798924,289.0,1.0,7,2,0.0,85026,503976914828087,24,35.722999572753906,478.5580432087809,0.5271090212179095,25,79734.25604671115,0.0023835026659071445,1.57542003E9,,,,0,,6,,31.623001098632812,-4.423782229423522,1.5000000237487257,-4.423782229423522,1.5000000237487257,C,8301959359815
1651867158999,165236000000,,,-1335902211763610378,0.0,5.0844116616798924,289.0,1.0,7,15,0.0,85026,503976918338338,16,42.714202880859375,-317.4243003935858,0.15,25,-51220.1044414454,0.0011233994737267494,1.57542003E9,,,,0,,6,,38.61420440673828,-4.423782229423522,1.5000000237487257,-4.423782229423522,1.5000000237487257,C,8301959359815
1651867158999,165236000000,,,-1335902211763610378,0.0,5.0844116616798924,289.0,1.0,7,27,0.0,85026,503976913517983,30,32.90102005004883,-350.8839000234418,0.6544941329235523,25,-55863.06121821899,0.003109842073172331,1.57542003E9,,,,1,,6,,28.801021575927734,-4.423782229423522,1.5000000237487257,-4.423782229423522,1.5000000237487257,C,8301959359815
1651867158999,165236000000,,,-1335902211763610378,0.0,5.0844116616798924,289.0,1.0,7,30,0.0,85026,503976921542067,14,44.857627868652344,64.1133610264717,0.15,25,11767.62150170045,8.777343318797648E-4,1.57542003E9,,,,0,,6,,40.75762939453125,-4.423782229423522,1.5000000237487257,-4.423782229423522,1.5000000237487257,C,8301959359815
1651867158999,165236000000,,,-1335902211763610378,0.0,5.0844116616798924,289.0,1.0,7,2,0.0,84003,503976914828610,25,28.211109161376953,478.57610691073796,0.8625720565715667,25,80357.48958547016,0.007064100820571184,1.17645005E9,,,,0,,6,,24.211109161376953,-2.7614412829279895,2.1774966214253344,-2.7614412829279895,1.5000000237487257,Q,8301959359815
1651867158999,165236000000,,,-1335902211763610378,0.0,5.0844116616798924,289.0,1.0,7,15,0.0,84003,503976918338867,11,32.297035217285156,-317.41424606891155,0.679463925768172,25,-51001.86415753764,0.004413270391523838,1.17645005E9,,,,0,,6,,28.297035217285156,-9.780214168131348,2.1774966214253344,-9.780214168131348,1.5000000237487257,Q,8301959359815
1651867158999,165236000000,,,-1335902211763610378,0.0,5.0844116616798924,289.0,1.0,7,27,0.0,84003,503976913518515,7,37.545013427734375,-351.1071060312097,0.15,25,-56242.95287125541,0.002558220410719514,1.17645005E9,,,,0,,6,,33.545013427734375,-6.6402368247508985,2.1774966214253344,-6.6402368247508985,1.5000000237487257,Q,8301959359815
1651867158999,165236000000,,,-1335902211763610378,0.0,5.0844116616798924,289.0,1.0,7,30,0.0,84003,503976921542601,7,35.218231201171875,64.11608762299352,0.5486774581255804,25,11917.42504684745,0.0031528323888778687,1.17645005E9,,,,0,,6,,31.218229293823242,-6.27082772552967,2.1774966214253344,-6.27082772552967,1.5000000237487257,Q,8301959359815
1651867159999,166236000000,,,-1335902211763610089,0.0,4.850297097913224,289.0,1.0,7,2,0.0,16431,503977930295931,13,45.27309036254883,-39.07545545756787,0.15,25,-6009.008730207055,8.367388509213924E-4,1.57542003E9,,,,0,,1,,41.173091888427734,0.0,1.0,0.0,1.0,C,8302978637322
1651867159999,166236000000,,,-1335902211763610089,0.0,4.850297097913224,289.0,1.0,7,6,0.0,16431,503977928903309,19,38.35877990722656,440.10618167728967,0.15,25,73532.13176545793,0.0017596514662727714,1.57542003E9,,,,0,,1,,34.25878143310547,0.320142130558394,1.0,0.320142130558394,1.0,C,8302978637322
1651867159999,166236000000,,,-1335902211763610089,0.0,4.850297097913224,289.0,1.0,7,12,0.0,16431,503977930893602,13,43.14667892456055,-190.96110688850217,0.15,25,-30701.595717898643,0.0010139852529391646,1.57542003E9,,,,0,,1,,39.04668045043945,-0.6984919076624261,1.0,-0.6984919076624261,1.0,C,8302978637322
1651867159999,166236000000,,,-1335902211763610089,0.0,4.850297097913224,289.0,1.0,7,17,0.0,16431,503977917203898,36,30.655847549438477,575.4475142820002,0.7575590820447435,25,97617.0329128089,0.004027142655104399,1.57542003E9,,,,1,,1,,26.55584716796875,-0.7858034271858065,1.0,-0.7858034271858065,1.0,C,8302978637322
1651867159999,166236000000,,,-1335902211763610089,0.0,4.850297097913224,289.0,1.0,7,19,0.0,16431,503977923853289,15,40.890960693359375,599.9553907885966,0.15,25,101351.62245138777,0.0013146726414561272,1.57542003E9,,,,0,,1,,36.79096221923828,0.0,1.0,0.0,1.0,C,8302978637322
1651867159999,166236000000,,,-1335902211763610089,0.0,4.850297097913224,289.0,1.0,7,20,0.0,16431,503977920283373,23,36.150978088378906,-489.0378191877842,0.15,25,-79365.13257563142,0.0021391462069004774,1.57542003E9,,,,0,,1,,32.05097961425781,0.0,1.0,0.0,1.0,C,8302978637322
1651867159999,166236000000,,,-1335902211763610089,0.0,4.850297097913224,289.0,1.0,7,24,0.0,16431,503977927128668,13,43.01152038574219,495.4667929616819,0.15,25,83010.59987648041,0.0010298871202394366,1.57542003E9,,,,0,,1,,38.911521911621094,-0.20372681261465636,1.0,-0.20372681261465636,1.0,C,8302978637322
1651867159999,166236000000,,,-1335902211763610089,0.0,4.850297097913224,289.0,1.0,7,25,0.0,16431,503977922165523,19,38.33494186401367,-514.1277218044206,0.15,25,-83660.74194126633,0.0017644872423261404,1.57542003E9,,,,0,,1,,34.23494338989258,-2.0372682255564105,1.0,-2.0372682255564105,1.0,C,8302978637322
1651867159999,166236000000,,,-1335902211763610089,0.0,4.850297097913224,289.0,1.0,7,6,0.0,81921,503977928903853,8,37.23601150512695,440.1922739624663,0.15,25,75000.37303838048,0.0026508672162890434,1.17645005E9,,,,0,,1,,33.23601150512695,1.9208527336454408,1.6750028519591749,1.9208527336454408,1.0,Q,8302978637322
1651867159999,166236000000,,,-1335902211763610089,0.0,4.850297097913224,289.0,1.0,7,24,0.0,81921,503977927129196,7,37.02472686767578,495.3617849131351,0.15,25,84529.7746979877,0.0027161408215761185,1.17645005E9,,,,0,,1,,33.02472686767578,3.143213708743226,1.6750028519591749,3.143213708743226,1.0,Q,8302978637322
1651867159999,166236000000,,,-1335902211763610089,0.0,4.850297097913224,289.0,1.0,7,25,0.0,81921,503977922166046,6,40.18677520751953,-514.1446607853125,0.15,25,-85201.34379737958,0.0018873383523896337,1.17645005E9,,,,0,,1,,36.18677520751953,1.0186341127782053,1.6750028519591749,1.0186341127782053,1.0,Q,8302978637322
1651867159999,166236000000,,,-1335902211763610089,0.0,4.850297097913224,289.0,1.0,7,18,0.0,32995,82759935371350,33,46.10082244873047,169.84993912265384,0.15,17,28467.590121249897,0.0944156989909757,1.60031245E9,,,,0,,3,,42.000823974609375,48.42877388000488,2.0000000474974513,48.42877388000488,2.0000000474974513,C,8302978637322
1651867159999,166236000000,,,-1335902211763610089,0.0,4.850297097913224,289.0,1.0,7,9,0.0,32995,82759922360883,33,41.02480697631836,-675.5155152505367,0.15,25,-109986.04853634488,0.0012739847879856825,1.60087501E9,,,,0,,3,,36.924808502197266,48.42877388000488,2.0000000474974513,48.42877388000488,2.0000000474974513,C,8302978637322
1651867159999,166236000000,,,-1335902211763610089,0.0,4.850297097913224,289.0,1.0,7,15,0.0,32995,82759932193502,33,44.91022872924805,579.7352918073088,0.15,17,94823.35942083834,0.0943821145305635,1.602E9,,,,0,,3,,40.81023025512695,48.42877388000488,2.0000000474974513,48.42877388000488,2.0000000474974513,C,8302978637322
1651867159999,166236000000,,,-1335902211763610089,0.0,4.850297097913224,289.0,1.0,7,19,0.0,32995,82759929361647,52,34.68183135986328,-412.9550402550667,0.5751046421066888,17,-68264.04848078515,0.0959584355365745,1.60368755E9,,,,0,,3,,30.581830978393555,48.42877388000488,2.0000000474974513,48.42877388000488,2.0000000474974513,C,8302978637322
1651867159999,166236000000,,,-1335902211763610089,0.0,4.850297097913224,289.0,1.0,7,17,0.0,32995,82759928860074,36,39.39500427246094,707.4490728895839,0.15,17,119406.04759887721,0.09497064916465359,1.60424998E9,,,,0,,3,,35.295005798339844,48.42877388000488,2.0000000474974513,48.42877388000488,2.0000000474974513,C,8302978637322
1651867159999,166236000000,,,-1335902211763610089,0.0,4.850297097913224,289.0,1.0,7,2,0.0,85026,503977914826491,15,43.40203094482422,478.52525588560593,0.15,25,80212.83029892022,0.0010378698352724314,1.57542003E9,,,,0,,6,,39.302032470703125,-4.423782229423522,1.5000000237487257,-4.423782229423522,1.5000000237487257,C,8302978637322
1651867159999,166236000000,,,-1335902211763610089,0.0,4.850297097913224,289.0,1.0,7,15,0.0,85026,503977918339394,17,41.922813415527344,-317.4927720487401,0.15,25,-51537.579878985154,0.0012305625714361668,1.57542003E9,,,,0,,6,,37.82281494140625,-4.423782229423522,1.5000000237487257,-4.423782229423522,1.5000000237487257,C,8302978637322
1651867159999,166236000000,,,-1335902211763610089,0.0,4.850297097913224,289.0,1.0,7,27,0.0,85026,503977913519133,29,33.32509994506836,-351.25089991527943,0.6354239999895714,25,-56214.2079467266,0.003141308669000864,1.57542003E9,,,,0,,6,,29.225101470947266,-4.423782229423522,1.5000000237487257,-4.423782229423522,1.5000000237487257,C,8302978637322
1651867159999,166236000000,,,-1335902211763610089,0.0,4.850297097913224,289.0,1.0,7,30,0.0,85026,503977921541854,13,45.696876525878906,64.02106147390086,0.15,25,11831.70013677858,7.968938443809748E-4,1.57542003E9,,,,0,,6,,41.59687805175781,-4.423782229423522,1.5000000237487257,-4.423782229423522,1.5000000237487257,C,8302978637322
1651867159999,166236000000,,,-1335902211763610089,0.0,4.850297097913224,289.0,1.0,7,2,0.0,84003,503977914827018,11,33.04201126098633,478.552964922759,0.6453315437719396,25,80836.0508377998,0.004050529561936855,1.17645005E9,,,,0,,6,,29.042011260986328,-2.7614412829279895,2.1750028757079005,-2.7614412829279895,1.5000000237487257,Q,8302978637322
1651867159999,166236000000,,,-1335902211763610089,0.0,4.850297097913224,289.0,1.0,7,15,0.0,84003,503977918339926,9,33.25371551513672,-317.4456700938256,0.6364432784549567,25,-51319.33248847519,0.003952997270971537,1.17645005E9,,,,0,,6,,29.25371742248535,-9.780214168131348,2.1750028757079005,-9.780214168131348,1.5000000237487257,Q,8302978637322
1651867159999,166236000000,,,-1335902211763610089,0.0,4.850297097913224,289.0,1.0,7,27,0.0,84003,503977913519685,7,37.519142150878906,-351.29319624382424,0.15,25,-56594.0806541238,0.002565851202234626,1.17645005E9,,,,0,,6,,33.519142150878906,-6.6402368247508985,2.1750028757079005,-6.6402368247508985,1.5000000237487257,Q,8302978637322
1651867159999,166236000000,,,-1335902211763610089,0.0,4.850297097913224,289.0,1.0,7,30,0.0,84003,503977921542387,7,35.62696075439453,64.06766071258167,0.530297195383346,25,11981.503766926535,0.0030079048592597246,1.17645005E9,,,,0,,6,,31.626962661743164,-6.27082772552967,2.1750028757079005,-6.27082772552967,1.5000000237487257,Q,8302978637322
1651867160999,167236000000,,,-1335902211763609799,0.0,4.6781709359940775,289.0,1.0,7,2,0.0,16431,503978930296058,13,45.11784744262695,-38.838237299862044,0.15,25,-6047.922332218107,8.518283721059561E-4,1.57542003E9,,,,0,,1,,41.01784896850586,0.0,1.0,0.0,1.0,C,8303992079177
1651867160999,167236000000,,,-1335902211763609799,0.0,4.6781709359940775,289.0,1.0,7,6,0.0,16431,503978928901851,19,38.50437927246094,440.3541315484931,0.15,25,73972.39577078761,0.0017304009525105357,1.57542003E9,,,,0,,1,,34.404380798339844,0.320142130558394,1.0,0.320142130558394,1.0,C,8303992079177
1651867160999,167236000000,,,-1335902211763609799,0.0,4.6781709359940775,289.0,1.0,7,12,0.0,16431,503978930894239,14,41.93551254272461,-190.77658446888768,0.15,25,-30892.416069234427,0.001165708526968956,1.57542003E9,,,,0,,1,,37.835514068603516,-0.6984919076624261,1.0,-0.6984919076624261,1.0,C,8303992079177
1651867160999,167236000000,,,-1335902211763609799,0.0,4.6781709359940775,289.0,1.0,7,17,0.0,16431,503978917201990,35,31.107070922851562,575.4225659238255,0.7372677720308585,25,98192.51030729419,0.0038232787046581507,1.57542003E9,,,,0,,1,,27.007070541381836,-0.7858034271858065,1.0,-0.7858034271858065,1.0,C,8303992079177
1651867160999,167236000000,,,-1335902211763609799,0.0,4.6781709359940775,289.0,1.0,7,19,0.0,16431,503978923851285,15,41.419193267822266,600.1325513976021,0.15,25,101951.69167267534,0.0012371032498776913,1.57542003E9,,,,0,,1,,37.31919479370117,0.0,1.0,0.0,1.0,C,8303992079177
1651867160999,167236000000,,,-1335902211763609799,0.0,4.6781709359940775,289.0,1.0,7,20,0.0,16431,503978920284996,21,36.99042510986328,-488.8908215528013,0.15,25,-79854.06215862914,0.0019420846365392208,1.57542003E9,,,,0,,1,,32.89042663574219,0.0,1.0,0.0,1.0,C,8303992079177
1651867160999,167236000000,,,-1335902211763609799,0.0,4.6781709359940775,289.0,1.0,7,24,0.0,16431,503978927127023,14,42.387001037597656,495.6719352674927,0.15,25,83506.19975177894,0.0011066633742302656,1.57542003E9,,,,0,,1,,38.28700256347656,-0.20372681261465636,1.0,-0.20372681261465636,1.0,C,8303992079177
1651867160999,167236000000,,,-1335902211763609799,0.0,4.6781709359940775,289.0,1.0,7,25,0.0,16431,503978922167241,18,38.85648727416992,-514.0413227771353,0.15,25,-84174.80307858333,0.0016616566572338343,1.57542003E9,,,,0,,1,,34.75648880004883,-2.0372682255564105,1.0,-2.0372682255564105,1.0,C,8303992079177
1651867160999,167236000000,,,-1335902211763609799,0.0,4.6781709359940775,289.0,1.0,7,6,0.0,81921,503978928902388,8,36.702728271484375,440.33310267281854,0.15,25,75440.62957859103,0.0028187218122184277,1.17645005E9,,,,0,,1,,32.702728271484375,1.9208527336454408,1.6723490563880379,1.9208527336454408,1.0,Q,8303992079177
1651867160999,167236000000,,,-1335902211763609799,0.0,4.6781709359940775,289.0,1.0,7,24,0.0,81921,503978927127542,7,36.54145431518555,495.64334008647006,0.15,25,85025.38366723836,0.002871546894311905,1.17645005E9,,,,0,,1,,32.54145431518555,3.143213708743226,1.6723490563880379,3.143213708743226,1.0,Q,8303992079177
1651867160999,167236000000,,,-1335902211763609799,0.0,4.6781709359940775,289.0,1.0,7,25,0.0,81921,503978922167761,6,40.76046371459961,-514.0312343700045,0.15,25,-85715.40250740314,0.0017667105421423912,1.17645005E9,,,,0,,1,,36.76046371459961,1.0186341127782053,1.6723490563880379,1.0186341127782053,1.0,Q,8303992079177
1651867160999,167236000000,,,-1335902211763609799,0.0,4.6781709359940775,289.0,1.0,7,18,0.0,32995,82760935370758,33,45.592769622802734,170.08103521910675,0.15,17,28637.583152004525,0.09446080666855462,1.60031245E9,,,,0,,3,,41.49277114868164,48.42877388000488,2.0000000474974513,48.42877388000488,2.0000000474974513,C,8303992079177
1651867160999,167236000000,,,-1335902211763609799,0.0,4.6781709359940775,289.0,1.0,7,9,0.0,32995,82760922363174,36,39.14338684082031,-675.414222189751,0.15,25,-110661.50069100887,0.0015821049455553293,1.60087501E9,,,,0,,3,,35.04338836669922,48.42877388000488,2.0000000474974513,48.42877388000488,2.0000000474974513,C,8303992079177
1651867160999,167236000000,,,-1335902211763609799,0.0,4.6781709359940775,289.0,1.0,7,15,0.0,32995,82760932191551,33,45.35667419433594,579.931197767402,0.15,17,95403.21237801344,0.09434133645521864,1.602E9,,,,0,,3,,41.256675720214844,48.42877388000488,2.0000000474974513,48.42877388000488,2.0000000474974513,C,8303992079177
1651867160999,167236000000,,,-1335902211763609799,0.0,4.6781709359940775,289.0,1.0,7,19,0.0,32995,82760929363018,52,34.7350959777832,-412.7352765754076,0.5727095507283866,17,-68676.87924800364,0.09594322028684237,1.60368755E9,,,,0,,3,,30.63509750366211,48.42877388000488,2.0000000474974513,48.42877388000488,2.0000000474974513,C,8303992079177
1651867160999,167236000000,,,-1335902211763609799,0.0,4.6781709359940775,289.0,1.0,7,17,0.0,32995,82760928857784,38,38.53424072265625,707.5989675333713,0.15,17,120113.59082128154,0.09513042279101835,1.60424998E9,,,,0,,3,,34.434242248535156,48.42877388000488,2.0000000474974513,48.42877388000488,2.0000000474974513,C,8303992079177
1651867160999,167236000000,,,-1335902211763609799,0.0,4.6781709359940775,289.0,1.0,7,2,0.0,85026,503978914824899,14,44.39326858520508,478.6753550241324,0.15,25,80691.45918816786,9.259360958822072E-4,1.57542003E9,,,,0,,6,,40.293270111083984,-4.423782229423522,1.5000000237487257,-4.423782229423522,1.5000000237487257,C,8303992079177
1651867160999,167236000000,,,-1335902211763609799,0.0,4.6781709359940775,289.0,1.0,7,15,0.0,85026,503978918340465,17,41.968116760253906,-317.34280924003974,0.15,25,-51854.981475357956,0.0012241611257195473,1.57542003E9,,,,0,,6,,37.86811828613281,-4.423782229423522,1.5000000237487257,-4.423782229423522,1.5000000237487257,C,8303992079177
1651867160999,167236000000,,,-1335902211763609799,0.0,4.6781709359940775,289.0,1.0,7,27,0.0,85026,503978913520337,28,33.5284309387207,-351.15618476860254,0.6262806487870507,25,-56565.31225613896,0.0030686266254633665,1.57542003E9,,,,1,,6,,29.42843246459961,-4.423782229423522,1.5000000237487257,-4.423782229423522,1.5000000237487257,C,8303992079177
1651867160999,167236000000,,,-1335902211763609799,0.0,4.6781709359940775,289.0,1.0,7,30,0.0,85026,503978921541638,13,45.3797492980957,64.20472757179522,0.15,25,11895.851641208408,8.265268988907337E-4,1.57542003E9,,,,0,,6,,41.27975082397461,-4.423782229423522,1.5000000237487257,-4.423782229423522,1.5000000237487257,C,8303992079177
1651867160999,167236000000,,,-1335902211763609799,0.0,4.6781709359940775,289.0,1.0,7,2,0.0,84003,503978914825421,7,34.435829162597656,478.6862614102197,0.5826528411497249,25,81314.67683495324,0.0034500141628086567,1.17645005E9,,,,0,,6,,30.435829162597656,-2.7614412829279895,2.1723490801367635,-2.7614412829279895,1.5000000237487257,Q,8303992079177
1651867160999,167236000000,,,-1335902211763609799,0.0,4.6781709359940775,289.0,1.0,7,15,0.0,84003,503978918340983,9,33.27694320678711,-317.34775119623555,0.6353990372528604,25,-51636.7409968945,0.00394244072958827,1.17645005E9,,,,0,,6,,29.27694320678711,-9.780214168131348,2.1723490801367635,-9.780214168131348,1.5000000237487257,Q,8303992079177
1651867160999,167236000000,,,-1335902211763609799,0.0,4.6781709359940775,289.0,1.0,7,27,0.0,84003,503978913520857,8,36.931339263916016,-351.02796656716373,0.15,25,-56945.17417694036,0.002745500998571515,1.17645005E9,,,,0,,6,,32.931339263916016,-6.6402368247508985,2.1723490801367635,-6.6402368247508985,1.5000000237487257,Q,8303992079177
1651867160999,167236000000,,,-1335902211763609799,0.0,4.6781709359940775,289.0,1.0,7,30,0.0,84003,503978921542172,7,35.80695724487305,64.16628256083749,0.5222029780793169,25,12045.645642962303,0.0029462147504091263,1.17645005E9,,,,0,,6,,31.806957244873047,-6.27082772552967,2.1723490801367635,-6.27082772552967,1.5000000237487257,Q,8303992079177
1651867161999,168236000000,,,-1335902211763609510,0.0,4.628427839102545,289.0,1.0,7,2,0.0,16431,503979930296190,13,45.06934356689453,-38.72987212934777,0.15,25,-6086.720312314823,8.565984899178147E-4,1.57542003E9,,,,0,,1,,40.96934509277344,0.0,1.0,0.0,1.0,C,8304962362421
1651867161999,168236000000,,,-1335902211763609510,0.0,4.628427839102545,289.0,1.0,7,6,0.0,16431,503979928900382,20,37.957298278808594,440.46622874799664,0.15,25,74412.76990811042,0.0018428954062983394,1.57542003E9,,,,0,,1,,33.8572998046875,0.320142130558394,1.0,0.320142130558394,1.0,C,8304962362421
1651867161999,168236000000,,,-1335902211763609510,0.0,4.628427839102545,289.0,1.0,7,12,0.0,16431,503979930894879,14,42.392425537109375,-190.68122175553685,0.15,25,-31083.156999811137,0.0011059725657105446,1.57542003E9,,,,0,,1,,38.29242706298828,-0.6984919076624261,1.0,-0.6984919076624261,1.0,C,8304962362421
1651867161999,168236000000,,,-1335902211763609510,0.0,4.628427839102545,289.0,1.0,7,17,0.0,16431,503979917200101,37,30.38663101196289,575.5098851774369,0.769664877705535,25,98768.01937050528,0.004153918009251356,1.57542003E9,,,,0,,1,,26.286630630493164,-0.7858034271858065,1.0,-0.7858034271858065,1.0,C,8304962362421
1651867161999,168236000000,,,-1335902211763609510,0.0,4.628427839102545,289.0,1.0,7,19,0.0,16431,503979923849278,16,40.843727111816406,600.1296203063412,0.15,25,102551.78362499776,0.0013218412641435862,1.57542003E9,,,,0,,1,,36.74372863769531,0.0,1.0,0.0,1.0,C,8304962362421
1651867161999,168236000000,,,-1335902211763609510,0.0,4.628427839102545,289.0,1.0,7,20,0.0,16431,503979920286627,21,37.236427307128906,-488.89910358973634,0.15,25,-80342.97344914703,0.001887851976789534,1.57542003E9,,,,0,,1,,33.13642883300781,0.0,1.0,0.0,1.0,C,8304962362421
1651867161999,168236000000,,,-1335902211763609510,0.0,4.628427839102545,289.0,1.0,7,24,0.0,16431,503979927125369,13,42.66753005981445,495.7901332267138,0.15,25,84001.90465648164,0.001071492675691843,1.57542003E9,,,,0,,1,,38.56753158569336,-0.20372681261465636,1.0,-0.20372681261465636,1.0,C,8304962362421
1651867161999,168236000000,,,-1335902211763609510,0.0,4.628427839102545,289.0,1.0,7,25,0.0,16431,503979922168968,19,38.39889907836914,-514.0325976682655,0.15,25,-84688.83676436766,0.0017515424406155944,1.57542003E9,,,,0,,1,,34.29890060424805,-2.0372682255564105,1.0,-2.0372682255564105,1.0,C,8304962362421
1651867161999,168236000000,,,-1335902211763609510,0.0,4.628427839102545,289.0,1.0,7,6,0.0,81921,503979928900917,6,36.462013244628906,440.4520845285397,0.15,25,75880.99931902207,0.002897930331528187,1.17645005E9,,,,0,,1,,32.462013244628906,1.9208527336454408,1.6696698616009868,1.9208527336454408,1.0,Q,8304962362421
1651867161999,168236000000,,,-1335902211763609510,0.0,4.628427839102545,289.0,1.0,7,24,0.0,81921,503979927125887,7,36.65285873413086,495.8487209694765,0.15,25,85521.08771643227,0.0028349512722343206,1.17645005E9,,,,0,,1,,32.65285873413086,3.143213708743226,1.6696698616009868,3.143213708743226,1.0,Q,8304962362421
1651867161999,168236000000,,,-1335902211763609510,0.0,4.628427839102545,289.0,1.0,7,25,0.0,81921,503979922169476,7,40.73418426513672,-513.9761912027202,0.15,25,-86229.4313396727,0.0017720636678859591,1.17645005E9,,,,0,,1,,36.73418426513672,1.0186341127782053,1.6696698616009868,1.0186341127782053,1.0,Q,8304962362421
1651867161999,168236000000,,,-1335902211763609510,0.0,4.628427839102545,289.0,1.0,7,18,0.0,32995,82761935370212,33,45.67693328857422,170.20979873984993,0.15,17,28807.7093806731,0.09445315073133,1.60031245E9,,,,0,,3,,41.576934814453125,48.42877388000488,2.0000000474974513,48.42877388000488,2.0000000474974513,C,8304962362421
1651867161999,168236000000,,,-1335902211763609510,0.0,4.628427839102545,289.0,1.0,7,9,0.0,32995,82761922365423,34,40.0419921875,-675.3631666698798,0.15,25,-111336.90863102095,0.0014266088837757707,1.60087501E9,,,,0,,3,,35.941993713378906,48.42877388000488,2.0000000474974513,48.42877388000488,2.0000000474974513,C,8304962362421
1651867161999,168236000000,,,-1335902211763609510,0.0,4.628427839102545,289.0,1.0,7,15,0.0,32995,82761932189631,33,45.37430191040039,580.0872272533634,0.15,17,95983.20680242432,0.0943397689811179,1.602E9,,,,0,,3,,41.2743034362793,48.42877388000488,2.0000000474974513,48.42877388000488,2.0000000474974513,C,8304962362421
1651867161999,168236000000,,,-1335902211763609510,0.0,4.628427839102545,289.0,1.0,7,19,0.0,32995,82761929364427,52,34.61752700805664,-412.6245085917085,0.5779968580656791,17,-69089.60604826204,0.09597692927459993,1.60368755E9,,,,0,,3,,30.517526626586914,48.42877388000488,2.0000000474974513,48.42877388000488,2.0000000474974513,C,8304962362421
1651867161999,168236000000,,,-1335902211763609510,0.0,4.628427839102545,289.0,1.0,7,17,0.0,32995,82761928855451,38,38.59939193725586,707.641843263677,0.15,17,120821.19573717871,0.09511776797987448,1.60424998E9,,,,0,,3,,34.499393463134766,48.42877388000488,2.0000000474974513,48.42877388000488,2.0000000474974513,C,8304962362421
1651867161999,168236000000,,,-1335902211763609510,0.0,4.628427839102545,289.0,1.0,7,2,0.0,85026,503979914823303,14,44.20759963989258,478.7087217490682,0.15,25,81170.14535621475,9.459416032768786E-4,1.57542003E9,,,,0,,6,,40.107601165771484,-4.423782229423522,1.5000000237487257,-4.423782229423522,1.5000000237487257,C,8304962362421
1651867161999,168236000000,,,-1335902211763609510,0.0,4.628427839102545,289.0,1.0,7,15,0.0,85026,503979918341511,17,41.962982177734375,-317.25361545131955,0.15,25,-52172.30697777394,0.001224885112605989,1.57542003E9,,,,0,,6,,37.86298370361328,-4.423782229423522,1.5000000237487257,-4.423782229423522,1.5000000237487257,C,8304962362421
1651867161999,168236000000,,,-1335902211763609510,0.0,4.628427839102545,289.0,1.0,7,27,0.0,85026,503979913521495,28,33.70293426513672,-351.1147064190143,0.6184336291437589,25,-56916.38579455469,0.003007592400535941,1.57542003E9,,,,1,,6,,29.602935791015625,-4.423782229423522,1.5000000237487257,-4.423782229423522,1.5000000237487257,C,8304962362421
1651867161999,168236000000,,,-1335902211763609510,0.0,4.628427839102545,289.0,1.0,7,30,0.0,85026,503979921541424,13,45.402191162109375,64.28200102134656,0.15,25,11960.072928795142,8.243939373642206E-4,1.57542003E9,,,,0,,6,,41.30219268798828,-4.423782229423522,1.5000000237487257,-4.423782229423522,1.5000000237487257,C,8304962362421
1651867161999,168236000000,,,-1335902211763609510,0.0,4.628427839102545,289.0,1.0,7,2,0.0,84003,503979914823825,7,34.633705139160156,478.6905898821981,0.5737541913342703,25,81793.3540288569,0.003372306004166603,1.17645005E9,,,,0,,6,,30.63370704650879,-2.7614412829279895,2.1696698853497125,-2.7614412829279895,1.5000000237487257,Q,8304962362421
1651867161999,168236000000,,,-1335902211763609510,0.0,4.628427839102545,289.0,1.0,7,15,0.0,84003,503979918342042,8,33.25434875488281,-317.3042278992559,0.6364151870552446,25,-51954.07497319499,0.003952708560973406,1.17645005E9,,,,0,,6,,29.254350662231445,-9.780214168131348,2.1696698853497125,-9.780214168131348,1.5000000237487257,Q,8304962362421
1651867161999,168236000000,,,-1335902211763609510,0.0,4.628427839102545,289.0,1.0,7,27,0.0,84003,503979913522029,8,37.02131271362305,-351.0890423292526,0.15,25,-57296.25082697641,0.0027172090485692024,1.17645005E9,,,,0,,6,,33.02131271362305,-6.6402368247508985,2.1696698853497125,-6.6402368247508985,1.5000000237487257,Q,8304962362421
1651867161999,168236000000,,,-1335902211763609510,0.0,4.628427839102545,289.0,1.0,7,30,0.0,84003,503979921541958,7,35.53459930419922,64.2475564387232,0.5344505620846272,25,12109.865406668105,0.0030400610994547606,1.17645005E9,,,,0,,6,,31.53459930419922,-6.27082772552967,2.1696698853497125,-6.27082772552967,1.5000000237487257,Q,8304962362421
