<?xml version="1.0" encoding="utf-8"?>
<kml xmlns="http://www.opengis.net/kml/2.2">
  <Document>
    <name>gnss_log_2026_04_19_10_57_18_rawPr.kml</name>
    <Placemark>
      <Snippet maxLines="0"> </Snippet>
      <description> </description>
      <name>Line 1</name>
      <Style>
        <LineStyle>
          <color>80ffffff</color>
        </LineStyle>
      </Style>
      <LineString>
        <altitudeMode>clampToGround</altitudeMode>
        <coordinates> 87.3263918921841,22.314901904398,0 87.3264341377872,22.3148558167165,0 87.3264307496599,22.3148890545686,0 87.3263960515071,22.3148170344705,0 87.3264025234624,22.3148567935395,0 87.3262973766283,22.3148300798831,0 87.3263633599679,22.3148603395173,0 87.3263391628834,22.3148590625985,0 87.3264090411369,22.3149287233737,0 87.3263592868287,22.314885268059,0 87.3264001044138,22.3149142908889,0 87.3263787501243,22.3148364394362,0 87.3263438413267,22.314848441239,0 87.3263661613385,22.3148947619476,0 87.3263883229741,22.3148471330976,0 87.3263513059473,22.3148761099472,0 87.3263059539549,22.3148303101894,0 87.3263696171696,22.3148648678884,0 87.3263930962912,22.3148659568247,0 87.3264021867437,22.3148576057853,0 87.3263726127575,22.3148479588621,0 87.3263339779194,22.314867538115,0 87.3263560625369,22.3148499126181,0 87.3263380322399,22.3148464649927,0 87.326276343883,22.3148298797996,0 87.3263547006254,22.3148248069478,0 87.3262840653532,22.3148968902241,0 87.3263302263706,22.314857344076,0 87.326289339142,22.3148843980329,0 87.3263255397475,22.3149077029623,0 87.3263100916699,22.3148882885535,0 87.3263700456003,22.3149325180172,0 87.3263198910177,22.3148508362469,0 87.3262907333538,22.3148686141483,0 87.3263105078829,22.3148926636662,0 87.3263405885758,22.3148943368442,0 87.3263502119849,22.3148703864609,0 87.3263939661235,22.3148383656022,0 87.3262917433289,22.3148489652511,0 87.3263483380007,22.3148702084249,0 87.3263866760761,22.3149039982659,0 87.3262693625189,22.3148342479278,0 87.3263547132524,22.3148293162385,0 87.3263130206446,22.3148519333277,0 87.3263517001699,22.3148112519451,0 87.3263111512572,22.3148617629464,0 87.3263073420518,22.3148747922638,0 87.3262763402076,22.314776137804,0 87.3262863471214,22.3148672943798,0 87.3263034386926,22.3148139647799,0 87.3262325142921,22.314862752749,0 87.3262200226511,22.3148436649627,0 87.3262736612841,22.3148474061496,0 87.3262903035005,22.3148170284654,0 87.3262694853275,22.3147980939897,0 87.3263218746147,22.3148666567307,0 87.3263119002454,22.3148935880236,0 87.3263247152768,22.3148714406449,0 87.3263131873773,22.3148792104114,0 87.3263280067309,22.314882800852,0 87.3263337733825,22.3148616280598,0 87.3263212322548,22.3148211102041,0 87.3263395739373,22.3149004996389,0 87.3262964638219,22.3148324557669,0 87.3263313989377,22.3148727426981,0 87.3263167955972,22.3148469910624,0 87.3263065318672,22.3148970522329,0 87.3263161556458,22.3148562470338,0 87.3263400459283,22.3149162775778,0 87.3263861197459,22.3148497076725,0 87.3263281611463,22.3148974412608,0 87.3263052073732,22.3148588239097,0 87.3263670739715,22.3148780386732,0 87.326346033321,22.3148645018552,0 87.3263177116267,22.3148309288004,0 87.3263509415617,22.3148816169117,0 87.3263681520985,22.3148361710788,0 87.3263329292549,22.3148492864927,0 87.3263907916268,22.3148174914954,0 87.3263399919244,22.3148925993599,0 87.3263696510787,22.3149143098033,0 87.32634219751,22.3148376593047,0 87.326388301795,22.3148955668836,0 87.3263152906296,22.314820203433,0 87.326307921851,22.3148672920196,0 87.3263561765748,22.3148974968609,0 87.3264157327627,22.3149055368557,0 87.3263540657827,22.3148595092352,0 87.326339006866,22.3148483007067,0 87.3263844581253,22.3148577647813,0 87.3263364465627,22.3148309758728,0 87.3263671260642,22.3148966299372,0 87.3263684950506,22.3148351325352,0 87.3263601854994,22.3148269335246,0 87.3263527663143,22.3148817419926,0 87.3263556476939,22.31490421466,0 87.326273112626,22.3148257841648,0 87.3263683353032,22.3148743650454,0 87.3262853650605,22.3149045493948,0 87.3263056360097,22.3148474255223,0 87.3264038014664,22.3148723603327,0 87.3264251523549,22.3148807123143,0 87.3263712759062,22.3149168269798,0 87.3263814904285,22.3148489547413,0 87.3264062616784,22.3149036733572,0 87.3263932506884,22.3148120963773,0 87.3264694019222,22.3148944088518,0 87.3264706116862,22.3148844500677,0 87.3264152581686,22.3148105636848,0 87.326401417306,22.3148704453623,0 87.3263509706938,22.3148703946162,0 87.3263487053678,22.3148726093173,0 87.3263420965925,22.3148435275118,0 87.3263743195052,22.3148473027808,0 87.326371020363,22.3148479337718,0 87.3263796241282,22.3148467289726,0 87.3263396994595,22.3148471593901,0 87.3264022209341,22.3148285941166,0 87.3263797511307,22.3148325265556,0 87.3263473293313,22.3148677462642,0 87.326421845751,22.3148542422734,0 87.3264768409037,22.3148211736986,0 87.3264232241134,22.3148052444475,0 87.3264475374098,22.3147973687973,0 87.3264220101112,22.3147877871029,0 87.3264357619216,22.3148137098111,0 87.3264010918618,22.3148484246278,0 87.3263494451741,22.3148331679153,0 87.3263860230573,22.3148291767714,0 87.326350612065,22.3148132764634,0 87.3263305032956,22.3148688263357,0 87.3264150804428,22.3148368824813,0 87.326421575605,22.3148342466219,0 87.3263499996509,22.3148566816596,0 87.326425339278,22.3148459421281,0 87.3263641183771,22.3148272356597,0 87.3263298060185,22.3148281616915,0 87.3263845262527,22.3148237777071,0 87.3263714675816,22.3148227787575,0 87.3263644918318,22.3148022632149,0 87.3263764984538,22.3148032586093,0 87.326319554648,22.3147872643199,0 87.3263856718045,22.3147812420831,0 87.3263396448107,22.3148427729176,0 87.3263030807561,22.3147839713589,0 87.3263288574047,22.3148434265929,0 87.3263828634091,22.3147973641442,0 87.3263628851559,22.3148025170543,0 87.3263654990417,22.3148583590041,0 87.3263724334871,22.3148297388853,0 87.3264150934818,22.3148248656248,0 87.3263912376873,22.3148483525354,0 87.3263459362092,22.3148107025449,0 87.3264238009393,22.3148070566129,0 87.3264055210829,22.3148350021252,0 87.3263924610539,22.3148593808937,0 87.3264537963357,22.3148421265454,0 87.3263922939502,22.3149118992189,0 87.3263588173405,22.3148031678533,0 87.3263748334141,22.3148464815689,0 87.3263367148306,22.314878521605,0 87.3264038032212,22.3148165668778,0 87.3263638755919,22.3148940917712,0 87.3263838504741,22.3148825618988,0 87.3263305595679,22.3148733918687,0 87.3263644779045,22.3148434978471,0 87.3264086913693,22.3148165439942,0 87.3263330348772,22.3148333462252,0 87.3263500063976,22.3148655342908,0 87.3263312059252,22.3148212479112,0 87.3263351866611,22.3149184415949,0 87.3263153377455,22.3148361379584,0 87.3262970513848,22.3148776182276,0 87.3262603052563,22.3148532006466,0 87.3262899546688,22.3148573916788,0 87.3262689069122,22.3148802412622,0 87.3263354083696,22.3148376391619,0 87.3262682702528,22.3149121925628,0 87.3262605456444,22.3148895858709,0 87.3262836507177,22.3148976356591,0 87.3262874808998,22.3148639687402,0 87.3262317110986,22.3149155216706,0 87.3262519164739,22.3148768866433,0 87.3263136496828,22.3148268679584,0 87.3263255628311,22.314841783079,0 87.3263513860526,22.3148662537318,0 87.3263279471695,22.3148689786412,0 87.3263616033059,22.3148858256954,0 87.3263403224562,22.3148852068227,0 87.3263523632663,22.3148918234309,0 87.3263982355035,22.3149307858012,0 87.3263585697472,22.3149201564477,0 87.3263475944316,22.314870799252,0 87.3263668242563,22.3149166016428,0 87.3262899164864,22.3148309699358,0 87.3263271674997,22.3149275058034,0 87.3263093235918,22.3148621109843,0 87.3263789026615,22.3149209306169,0 87.3264024698377,22.3149478808732,0 87.3263163812137,22.3149531262001,0 87.3263518636634,22.3148990377141,0 87.3263833259398,22.3149336563604,0 87.3264231855935,22.3149484648753,0 87.3263597853367,22.3149850710444,0 87.3263992953654,22.3149079730946,0 87.3263505123273,22.3148874314071,0 87.3263314612279,22.3148466532949,0 87.326370060685,22.3148542281746,0 87.3263134100799,22.3148836914306,0 87.326384828507,22.3148643995917,0 87.3263390595,22.3148367508325,0 87.3263919544482,22.3148185042948,0 87.3263519684369,22.3148346587139,0 87.3264214205005,22.3148437596076,0 87.3264271733936,22.3148574988487,0 87.326356227687,22.3149291499201,0 87.3263318089686,22.3148757448136,0 87.3263155615038,22.3148527575722,0 87.326416396668,22.3148696170681,0 87.3263608927933,22.3148872595843,0 87.3263467982922,22.3148439896941,0 87.3263648292781,22.3148680186717,0 87.3263808356733,22.3148527186329,0 87.3263570415339,22.3148733974531,0 87.326344699722,22.3148598139156,0 87.326346518453,22.3148727242391,0 87.3263456213527,22.3148539610466,0 87.3263101848107,22.3148945814125,0 87.3263670488942,22.3148740730956,0 87.3263227152289,22.314847486304,0 87.3262811673812,22.3148309330787,0 87.3263058234083,22.3148697448387,0 87.3263511619389,22.3148508268009,0 87.326297279033,22.3148818133165,0 87.326316684472,22.3148510694011,0 87.3263238464783,22.3148858085984,0 87.3262899386273,22.3149041402551,0 87.3263230684709,22.3148711210675,0 87.3263105896547,22.3148503355945,0 87.3263637862928,22.3148333582792,0 87.3263930043646,22.3148510668589,0 87.3263225859601,22.3148492636025,0 87.3262982205586,22.3148754996157,0 87.3263288371748,22.314833408023,0 87.3263028916667,22.3148286980074,0 87.3263323895499,22.3148165522952,0 87.3263159015232,22.314861047721,0 87.3263104742987,22.3148204924179,0 87.3263066879094,22.31485145055,0 87.326274243605,22.3149386481009,0 87.3263108042889,22.3148659948057,0 87.3263184027601,22.3148494936105,0 87.3263396626508,22.3148955439311,0 87.3263428904028,22.3148926700166,0 87.3263248848521,22.3148367030092,0 87.3262765770625,22.3148518053759,0 87.3263289686249,22.3148026256056,0 87.3262897199477,22.3148355160077,0 87.3262974209357,22.3148330187763,0 87.3262844094651,22.314850577846,0 87.3263146366264,22.3149279946321,0 87.3263530210488,22.3148817325671,0 87.3263238335552,22.3148717588927,0 87.3263328181538,22.3148482388345,0 87.3263450269533,22.314858161918,0 87.3263606492092,22.3148589719611,0 87.3263701000117,22.3148395931966,0 87.3263435715113,22.3149104460766,0 87.3264008902947,22.3148432946941,0 87.3262947910298,22.3148499749358,0 87.3263311289286,22.3149202250313,0 87.3263711751347,22.314884704543,0 87.3263433570454,22.314837128827,0 87.3263876899323,22.3148961787962,0 87.3263840733486,22.3148009746,0 87.3263653458841,22.314961129914,0 87.3264064646148,22.3149055216535,0 87.3264049058464,22.3148771589755,0 87.3264111743011,22.3149005028761,0 87.3264099450929,22.3148027471576,0 87.3263120656052,22.3148535986302,0 87.3263856431341,22.3148821962745,0 87.3263499966712,22.3148123616704,0 87.3263195932344,22.3148101340986,0 87.3263070305293,22.3148273832862,0 87.3263334860575,22.3148167294378,0 87.326323765129,22.3148460906854,0 87.3263142752129,22.3148205143686,0 87.3263377877167,22.3148046965382,0 87.326307110318,22.3149378755807,0 87.3263850077075,22.3149076624101,0 87.3263111864063,22.3149125645191,0 87.3263484323304,22.3149271423361,0 87.3263593503797,22.3149096960309,0 87.3263159241736,22.3149486988648,0 87.3263746571502,22.314973535585,0 87.3263645653277,22.3148918031664,0 87.3263356472821,22.3149456003584,0 87.3263436763414,22.3149579082506,0 87.3263411374079,22.3149050114568,0</coordinates>
      </LineString>
    </Placemark>
    <Placemark>
      <Snippet maxLines="0"> </Snippet>
      <description>1
UTC 19-04-2026 05:27:19.77
GpsMilliseconds 1460611657770
22.3149019,87.3263919, EA(3m)
AltWgs84 -3.1 m, EA(5m)
Hdg 87 deg, Spd 0.0 m/s
EA(47.7 deg, 3.1 m/s)</description>
      <Style>
        <IconStyle>
          <Icon>
            <href>http://maps.google.com/mapfiles/kml/shapes/shaded_dot.png</href>
          </Icon>
          <scale>0.6</scale>
          <color>bf3744db</color>
        </IconStyle>
      </Style>
      <Point>
        <altitudeMode>clampToGround</altitudeMode>
        <coordinates>87.3263918921841,22.314901904398,0</coordinates>
      </Point>
    </Placemark>
    <Placemark>
      <Snippet maxLines="0"> </Snippet>
      <description>2
UTC 19-04-2026 05:27:20.75
GpsMilliseconds 1460611658746
22.3148558,87.3264341, EA(3m)
AltWgs84 -13.1 m, EA(6m)
Hdg 316 deg, Spd 0.2 m/s
EA(52.5 deg, 3.3 m/s)</description>
      <Style>
        <IconStyle>
          <Icon>
            <href>http://maps.google.com/mapfiles/kml/shapes/shaded_dot.png</href>
          </Icon>
          <scale>0.6</scale>
          <color>bf3744db</color>
        </IconStyle>
      </Style>
      <Point>
        <altitudeMode>clampToGround</altitudeMode>
        <coordinates>87.3264341377872,22.3148558167165,0</coordinates>
      </Point>
    </Placemark>
    <Placemark>
      <Snippet maxLines="0"> </Snippet>
      <description>3
UTC 19-04-2026 05:27:21.77
GpsMilliseconds 1460611659769
22.3148891,87.3264307, EA(3m)
AltWgs84 -13.2 m, EA(6m)
Hdg 45 deg, Spd 0.0 m/s
EA(46.6 deg, 3.3 m/s)</description>
      <Style>
        <IconStyle>
          <Icon>
            <href>http://maps.google.com/mapfiles/kml/shapes/shaded_dot.png</href>
          </Icon>
          <scale>0.6</scale>
          <color>bf3744db</color>
        </IconStyle>
      </Style>
      <Point>
        <altitudeMode>clampToGround</altitudeMode>
        <coordinates>87.3264307496599,22.3148890545686,0</coordinates>
      </Point>
    </Placemark>
    <Placemark>
      <Snippet maxLines="0"> </Snippet>
      <description>4
UTC 19-04-2026 05:27:22.75
GpsMilliseconds 1460611660750
22.3148170,87.3263961, EA(3m)
AltWgs84 -12.1 m, EA(6m)
Hdg 241 deg, Spd 0.1 m/s
EA(53.1 deg, 3.2 m/s)</description>
      <Style>
        <IconStyle>
          <Icon>
            <href>http://maps.google.com/mapfiles/kml/shapes/shaded_dot.png</href>
          </Icon>
          <scale>0.6</scale>
          <color>bf3744db</color>
        </IconStyle>
      </Style>
      <Point>
        <altitudeMode>clampToGround</altitudeMode>
        <coordinates>87.3263960515071,22.3148170344705,0</coordinates>
      </Point>
    </Placemark>
    <Placemark>
      <Snippet maxLines="0"> </Snippet>
      <description>5
UTC 19-04-2026 05:27:23.75
GpsMilliseconds 1460611661749
22.3148568,87.3264025, EA(3m)
AltWgs84 -28.4 m, EA(7m)
Hdg 187 deg, Spd 0.0 m/s
EA(47.7 deg, 3.2 m/s)</description>
      <Style>
        <IconStyle>
          <Icon>
            <href>http://maps.google.com/mapfiles/kml/shapes/shaded_dot.png</href>
          </Icon>
          <scale>0.6</scale>
          <color>bf3744db</color>
        </IconStyle>
      </Style>
      <Point>
        <altitudeMode>clampToGround</altitudeMode>
        <coordinates>87.3264025234624,22.3148567935395,0</coordinates>
      </Point>
    </Placemark>
    <Placemark>
      <Snippet maxLines="0"> </Snippet>
      <description>6
UTC 19-04-2026 05:27:24.77
GpsMilliseconds 1460611662769
22.3148301,87.3262974, EA(3m)
AltWgs84 -34.0 m, EA(6m)
Hdg 253 deg, Spd 0.0 m/s
EA(53.2 deg, 3.6 m/s)</description>
      <Style>
        <IconStyle>
          <Icon>
            <href>http://maps.google.com/mapfiles/kml/shapes/shaded_dot.png</href>
          </Icon>
          <scale>0.6</scale>
          <color>bf3744db</color>
        </IconStyle>
      </Style>
      <Point>
        <altitudeMode>clampToGround</altitudeMode>
        <coordinates>87.3262973766283,22.3148300798831,0</coordinates>
      </Point>
    </Placemark>
    <Placemark>
      <Snippet maxLines="0"> </Snippet>
      <description>7
UTC 19-04-2026 05:27:25.75
GpsMilliseconds 1460611663752
22.3148603,87.3263634, EA(3m)
AltWgs84 -15.3 m, EA(6m)
Hdg 126 deg, Spd 0.0 m/s
EA(46.4 deg, 3.0 m/s)</description>
      <Style>
        <IconStyle>
          <Icon>
            <href>http://maps.google.com/mapfiles/kml/shapes/shaded_dot.png</href>
          </Icon>
          <scale>0.6</scale>
          <color>bf3744db</color>
        </IconStyle>
      </Style>
      <Point>
        <altitudeMode>clampToGround</altitudeMode>
        <coordinates>87.3263633599679,22.3148603395173,0</coordinates>
      </Point>
    </Placemark>
    <Placemark>
      <Snippet maxLines="0"> </Snippet>
      <description>8
UTC 19-04-2026 05:27:26.78
GpsMilliseconds 1460611664779
22.3148591,87.3263392, EA(3m)
AltWgs84 -15.7 m, EA(6m)
Hdg 252 deg, Spd 0.0 m/s
EA(42.7 deg, 2.8 m/s)</description>
      <Style>
        <IconStyle>
          <Icon>
            <href>http://maps.google.com/mapfiles/kml/shapes/shaded_dot.png</href>
          </Icon>
          <scale>0.6</scale>
          <color>bf3744db</color>
        </IconStyle>
      </Style>
      <Point>
        <altitudeMode>clampToGround</altitudeMode>
        <coordinates>87.3263391628834,22.3148590625985,0</coordinates>
      </Point>
    </Placemark>
    <Placemark>
      <Snippet maxLines="0"> </Snippet>
      <description>9
UTC 19-04-2026 05:27:27.75
GpsMilliseconds 1460611665751
22.3149287,87.3264090, EA(3m)
AltWgs84 -26.8 m, EA(6m)
Hdg 342 deg, Spd 0.0 m/s
EA(41.6 deg, 2.7 m/s)</description>
      <Style>
        <IconStyle>
          <Icon>
            <href>http://maps.google.com/mapfiles/kml/shapes/shaded_dot.png</href>
          </Icon>
          <scale>0.6</scale>
          <color>bf3744db</color>
        </IconStyle>
      </Style>
      <Point>
        <altitudeMode>clampToGround</altitudeMode>
        <coordinates>87.3264090411369,22.3149287233737,0</coordinates>
      </Point>
    </Placemark>
    <Placemark>
      <Snippet maxLines="0"> </Snippet>
      <description>10
UTC 19-04-2026 05:27:28.75
GpsMilliseconds 1460611666754
22.3148853,87.3263593, EA(3m)
AltWgs84 -23.2 m, EA(6m)
Hdg 5 deg, Spd 0.0 m/s
EA(40.1 deg, 2.7 m/s)</description>
      <Style>
        <IconStyle>
          <Icon>
            <href>http://maps.google.com/mapfiles/kml/shapes/shaded_dot.png</href>
          </Icon>
          <scale>0.6</scale>
          <color>bf3744db</color>
        </IconStyle>
      </Style>
      <Point>
        <altitudeMode>clampToGround</altitudeMode>
        <coordinates>87.3263592868287,22.314885268059,0</coordinates>
      </Point>
    </Placemark>
    <Placemark>
      <Snippet maxLines="0"> </Snippet>
      <description>11
UTC 19-04-2026 05:27:29.77
GpsMilliseconds 1460611667766
22.3149143,87.3264001, EA(3m)
AltWgs84 -21.1 m, EA(6m)
Hdg 344 deg, Spd 0.0 m/s
EA(44.7 deg, 2.9 m/s)</description>
      <Style>
        <IconStyle>
          <Icon>
            <href>http://maps.google.com/mapfiles/kml/shapes/shaded_dot.png</href>
          </Icon>
          <scale>0.6</scale>
          <color>bf3744db</color>
        </IconStyle>
      </Style>
      <Point>
        <altitudeMode>clampToGround</altitudeMode>
        <coordinates>87.3264001044138,22.3149142908889,0</coordinates>
      </Point>
    </Placemark>
    <Placemark>
      <Snippet maxLines="0"> </Snippet>
      <description>12
UTC 19-04-2026 05:27:30.76
GpsMilliseconds 1460611668758
22.3148364,87.3263788, EA(3m)
AltWgs84 0.1 m, EA(6m)
Hdg 266 deg, Spd 0.1 m/s
EA(42.6 deg, 3.0 m/s)</description>
      <Style>
        <IconStyle>
          <Icon>
            <href>http://maps.google.com/mapfiles/kml/shapes/shaded_dot.png</href>
          </Icon>
          <scale>0.6</scale>
          <color>bf3744db</color>
        </IconStyle>
      </Style>
      <Point>
        <altitudeMode>clampToGround</altitudeMode>
        <coordinates>87.3263787501243,22.3148364394362,0</coordinates>
      </Point>
    </Placemark>
    <Placemark>
      <Snippet maxLines="0"> </Snippet>
      <description>13
UTC 19-04-2026 05:27:31.77
GpsMilliseconds 1460611669771
22.3148484,87.3263438, EA(3m)
AltWgs84 -18.8 m, EA(6m)
Hdg 156 deg, Spd 0.0 m/s
EA(37.7 deg, 2.7 m/s)</description>
      <Style>
        <IconStyle>
          <Icon>
            <href>http://maps.google.com/mapfiles/kml/shapes/shaded_dot.png</href>
          </Icon>
          <scale>0.6</scale>
          <color>bf3744db</color>
        </IconStyle>
      </Style>
      <Point>
        <altitudeMode>clampToGround</altitudeMode>
        <coordinates>87.3263438413267,22.314848441239,0</coordinates>
      </Point>
    </Placemark>
    <Placemark>
      <Snippet maxLines="0"> </Snippet>
      <description>14
UTC 19-04-2026 05:27:32.76
GpsMilliseconds 1460611670755
22.3148948,87.3263662, EA(3m)
AltWgs84 -23.8 m, EA(5m)
Hdg 244 deg, Spd 0.0 m/s
EA(37.0 deg, 2.8 m/s)</description>
      <Style>
        <IconStyle>
          <Icon>
            <href>http://maps.google.com/mapfiles/kml/shapes/shaded_dot.png</href>
          </Icon>
          <scale>0.6</scale>
          <color>bf3744db</color>
        </IconStyle>
      </Style>
      <Point>
        <altitudeMode>clampToGround</altitudeMode>
        <coordinates>87.3263661613385,22.3148947619476,0</coordinates>
      </Point>
    </Placemark>
    <Placemark>
      <Snippet maxLines="0"> </Snippet>
      <description>15
UTC 19-04-2026 05:27:33.75
GpsMilliseconds 1460611671749
22.3148471,87.3263883, EA(3m)
AltWgs84 -11.9 m, EA(5m)
Hdg 357 deg, Spd 0.0 m/s
EA(43.8 deg, 3.0 m/s)</description>
      <Style>
        <IconStyle>
          <Icon>
            <href>http://maps.google.com/mapfiles/kml/shapes/shaded_dot.png</href>
          </Icon>
          <scale>0.6</scale>
          <color>bf3744db</color>
        </IconStyle>
      </Style>
      <Point>
        <altitudeMode>clampToGround</altitudeMode>
        <coordinates>87.3263883229741,22.3148471330976,0</coordinates>
      </Point>
    </Placemark>
    <Placemark>
      <Snippet maxLines="0"> </Snippet>
      <description>16
UTC 19-04-2026 05:27:34.77
GpsMilliseconds 1460611672772
22.3148761,87.3263513, EA(3m)
AltWgs84 -23.7 m, EA(5m)
Hdg 47 deg, Spd 0.0 m/s
EA(37.4 deg, 2.8 m/s)</description>
      <Style>
        <IconStyle>
          <Icon>
            <href>http://maps.google.com/mapfiles/kml/shapes/shaded_dot.png</href>
          </Icon>
          <scale>0.6</scale>
          <color>bf3744db</color>
        </IconStyle>
      </Style>
      <Point>
        <altitudeMode>clampToGround</altitudeMode>
        <coordinates>87.3263513059473,22.3148761099472,0</coordinates>
      </Point>
    </Placemark>
    <Placemark>
      <Snippet maxLines="0"> </Snippet>
      <description>17
UTC 19-04-2026 05:27:35.76
GpsMilliseconds 1460611673756
22.3148303,87.3263060, EA(3m)
AltWgs84 -3.7 m, EA(6m)
Hdg 21 deg, Spd 0.0 m/s
EA(39.1 deg, 2.8 m/s)</description>
      <Style>
        <IconStyle>
          <Icon>
            <href>http://maps.google.com/mapfiles/kml/shapes/shaded_dot.png</href>
          </Icon>
          <scale>0.6</scale>
          <color>bf3744db</color>
        </IconStyle>
      </Style>
      <Point>
        <altitudeMode>clampToGround</altitudeMode>
        <coordinates>87.3263059539549,22.3148303101894,0</coordinates>
      </Point>
    </Placemark>
    <Placemark>
      <Snippet maxLines="0"> </Snippet>
      <description>18
UTC 19-04-2026 05:27:36.78
GpsMilliseconds 1460611674782
22.3148649,87.3263696, EA(3m)
AltWgs84 -11.0 m, EA(6m)
Hdg 81 deg, Spd 0.0 m/s
EA(39.1 deg, 2.8 m/s)</description>
      <Style>
        <IconStyle>
          <Icon>
            <href>http://maps.google.com/mapfiles/kml/shapes/shaded_dot.png</href>
          </Icon>
          <scale>0.6</scale>
          <color>bf3744db</color>
        </IconStyle>
      </Style>
      <Point>
        <altitudeMode>clampToGround</altitudeMode>
        <coordinates>87.3263696171696,22.3148648678884,0</coordinates>
      </Point>
    </Placemark>
    <Placemark>
      <Snippet maxLines="0"> </Snippet>
      <description>19
UTC 19-04-2026 05:27:37.75
GpsMilliseconds 1460611675751
22.3148660,87.3263931, EA(3m)
AltWgs84 -14.6 m, EA(6m)
Hdg 115 deg, Spd 0.0 m/s
EA(38.0 deg, 2.8 m/s)</description>
      <Style>
        <IconStyle>
          <Icon>
            <href>http://maps.google.com/mapfiles/kml/shapes/shaded_dot.png</href>
          </Icon>
          <scale>0.6</scale>
          <color>bf3744db</color>
        </IconStyle>
      </Style>
      <Point>
        <altitudeMode>clampToGround</altitudeMode>
        <coordinates>87.3263930962912,22.3148659568247,0</coordinates>
      </Point>
    </Placemark>
    <Placemark>
      <Snippet maxLines="0"> </Snippet>
      <description>20
UTC 19-04-2026 05:27:38.76
GpsMilliseconds 1460611676758
22.3148576,87.3264022, EA(3m)
AltWgs84 -13.1 m, EA(6m)
Hdg 330 deg, Spd 0.0 m/s
EA(38.6 deg, 2.8 m/s)</description>
      <Style>
        <IconStyle>
          <Icon>
            <href>http://maps.google.com/mapfiles/kml/shapes/shaded_dot.png</href>
          </Icon>
          <scale>0.6</scale>
          <color>bf3744db</color>
        </IconStyle>
      </Style>
      <Point>
        <altitudeMode>clampToGround</altitudeMode>
        <coordinates>87.3264021867437,22.3148576057853,0</coordinates>
      </Point>
    </Placemark>
    <Placemark>
      <Snippet maxLines="0"> </Snippet>
      <description>21
UTC 19-04-2026 05:27:39.78
GpsMilliseconds 1460611677776
22.3148480,87.3263726, EA(3m)
AltWgs84 -0.3 m, EA(6m)
Hdg 125 deg, Spd 0.0 m/s
EA(39.4 deg, 2.8 m/s)</description>
      <Style>
        <IconStyle>
          <Icon>
            <href>http://maps.google.com/mapfiles/kml/shapes/shaded_dot.png</href>
          </Icon>
          <scale>0.6</scale>
          <color>bf3744db</color>
        </IconStyle>
      </Style>
      <Point>
        <altitudeMode>clampToGround</altitudeMode>
        <coordinates>87.3263726127575,22.3148479588621,0</coordinates>
      </Point>
    </Placemark>
    <Placemark>
      <Snippet maxLines="0"> </Snippet>
      <description>22
UTC 19-04-2026 05:27:40.75
GpsMilliseconds 1460611678753
22.3148675,87.3263340, EA(3m)
AltWgs84 -8.3 m, EA(6m)
Hdg 235 deg, Spd 0.0 m/s
EA(40.6 deg, 2.7 m/s)</description>
      <Style>
        <IconStyle>
          <Icon>
            <href>http://maps.google.com/mapfiles/kml/shapes/shaded_dot.png</href>
          </Icon>
          <scale>0.6</scale>
          <color>bf3744db</color>
        </IconStyle>
      </Style>
      <Point>
        <altitudeMode>clampToGround</altitudeMode>
        <coordinates>87.3263339779194,22.314867538115,0</coordinates>
      </Point>
    </Placemark>
    <Placemark>
      <Snippet maxLines="0"> </Snippet>
      <description>23
UTC 19-04-2026 05:27:41.75
GpsMilliseconds 1460611679750
22.3148499,87.3263561, EA(3m)
AltWgs84 -9.7 m, EA(6m)
Hdg 331 deg, Spd 0.0 m/s
EA(44.7 deg, 3.0 m/s)</description>
      <Style>
        <IconStyle>
          <Icon>
            <href>http://maps.google.com/mapfiles/kml/shapes/shaded_dot.png</href>
          </Icon>
          <scale>0.6</scale>
          <color>bf3744db</color>
        </IconStyle>
      </Style>
      <Point>
        <altitudeMode>clampToGround</altitudeMode>
        <coordinates>87.3263560625369,22.3148499126181,0</coordinates>
      </Point>
    </Placemark>
    <Placemark>
      <Snippet maxLines="0"> </Snippet>
      <description>24
UTC 19-04-2026 05:27:42.78
GpsMilliseconds 1460611680780
22.3148465,87.3263380, EA(3m)
AltWgs84 -8.4 m, EA(6m)
Hdg 93 deg, Spd 0.0 m/s
EA(40.3 deg, 2.8 m/s)</description>
      <Style>
        <IconStyle>
          <Icon>
            <href>http://maps.google.com/mapfiles/kml/shapes/shaded_dot.png</href>
          </Icon>
          <scale>0.6</scale>
          <color>bf3744db</color>
        </IconStyle>
      </Style>
      <Point>
        <altitudeMode>clampToGround</altitudeMode>
        <coordinates>87.3263380322399,22.3148464649927,0</coordinates>
      </Point>
    </Placemark>
    <Placemark>
      <Snippet maxLines="0"> </Snippet>
      <description>25
UTC 19-04-2026 05:27:43.75
GpsMilliseconds 1460611681750
22.3148299,87.3262763, EA(3m)
AltWgs84 -12.9 m, EA(6m)
Hdg 27 deg, Spd 0.0 m/s
EA(45.1 deg, 3.0 m/s)</description>
      <Style>
        <IconStyle>
          <Icon>
            <href>http://maps.google.com/mapfiles/kml/shapes/shaded_dot.png</href>
          </Icon>
          <scale>0.6</scale>
          <color>bf3744db</color>
        </IconStyle>
      </Style>
      <Point>
        <altitudeMode>clampToGround</altitudeMode>
        <coordinates>87.326276343883,22.3148298797996,0</coordinates>
      </Point>
    </Placemark>
    <Placemark>
      <Snippet maxLines="0"> </Snippet>
      <description>26
UTC 19-04-2026 05:27:44.78
GpsMilliseconds 1460611682782
22.3148248,87.3263547, EA(3m)
AltWgs84 5.2 m, EA(6m)
Hdg 347 deg, Spd 0.0 m/s
EA(40.4 deg, 2.9 m/s)</description>
      <Style>
        <IconStyle>
          <Icon>
            <href>http://maps.google.com/mapfiles/kml/shapes/shaded_dot.png</href>
          </Icon>
          <scale>0.6</scale>
          <color>bf3744db</color>
        </IconStyle>
      </Style>
      <Point>
        <altitudeMode>clampToGround</altitudeMode>
        <coordinates>87.3263547006254,22.3148248069478,0</coordinates>
      </Point>
    </Placemark>
    <Placemark>
      <Snippet maxLines="0"> </Snippet>
      <description>27
UTC 19-04-2026 05:27:45.75
GpsMilliseconds 1460611683752
22.3148969,87.3262841, EA(3m)
AltWgs84 -17.4 m, EA(6m)
Hdg 14 deg, Spd 0.0 m/s
EA(46.2 deg, 3.0 m/s)</description>
      <Style>
        <IconStyle>
          <Icon>
            <href>http://maps.google.com/mapfiles/kml/shapes/shaded_dot.png</href>
          </Icon>
          <scale>0.6</scale>
          <color>bf3744db</color>
        </IconStyle>
      </Style>
      <Point>
        <altitudeMode>clampToGround</altitudeMode>
        <coordinates>87.3262840653532,22.3148968902241,0</coordinates>
      </Point>
    </Placemark>
    <Placemark>
      <Snippet maxLines="0"> </Snippet>
      <description>28
UTC 19-04-2026 05:27:46.76
GpsMilliseconds 1460611684763
22.3148573,87.3263302, EA(3m)
AltWgs84 -3.5 m, EA(6m)
Hdg 8 deg, Spd 0.0 m/s
EA(38.8 deg, 2.8 m/s)</description>
      <Style>
        <IconStyle>
          <Icon>
            <href>http://maps.google.com/mapfiles/kml/shapes/shaded_dot.png</href>
          </Icon>
          <scale>0.6</scale>
          <color>bf3744db</color>
        </IconStyle>
      </Style>
      <Point>
        <altitudeMode>clampToGround</altitudeMode>
        <coordinates>87.3263302263706,22.314857344076,0</coordinates>
      </Point>
    </Placemark>
    <Placemark>
      <Snippet maxLines="0"> </Snippet>
      <description>29
UTC 19-04-2026 05:27:47.78
GpsMilliseconds 1460611685777
22.3148844,87.3262893, EA(3m)
AltWgs84 -4.3 m, EA(6m)
Hdg 20 deg, Spd 0.0 m/s
EA(39.4 deg, 2.8 m/s)</description>
      <Style>
        <IconStyle>
          <Icon>
            <href>http://maps.google.com/mapfiles/kml/shapes/shaded_dot.png</href>
          </Icon>
          <scale>0.6</scale>
          <color>bf3744db</color>
        </IconStyle>
      </Style>
      <Point>
        <altitudeMode>clampToGround</altitudeMode>
        <coordinates>87.326289339142,22.3148843980329,0</coordinates>
      </Point>
    </Placemark>
    <Placemark>
      <Snippet maxLines="0"> </Snippet>
      <description>30
UTC 19-04-2026 05:27:48.76
GpsMilliseconds 1460611686762
22.3149077,87.3263255, EA(3m)
AltWgs84 -3.8 m, EA(6m)
Hdg 51 deg, Spd 0.0 m/s
EA(39.4 deg, 2.8 m/s)</description>
      <Style>
        <IconStyle>
          <Icon>
            <href>http://maps.google.com/mapfiles/kml/shapes/shaded_dot.png</href>
          </Icon>
          <scale>0.6</scale>
          <color>bf3744db</color>
        </IconStyle>
      </Style>
      <Point>
        <altitudeMode>clampToGround</altitudeMode>
        <coordinates>87.3263255397475,22.3149077029623,0</coordinates>
      </Point>
    </Placemark>
    <Placemark>
      <Snippet maxLines="0"> </Snippet>
      <description>31
UTC 19-04-2026 05:27:49.78
GpsMilliseconds 1460611687784
22.3148883,87.3263101, EA(3m)
AltWgs84 -1.0 m, EA(6m)
Hdg 163 deg, Spd 0.0 m/s
EA(39.5 deg, 2.8 m/s)</description>
      <Style>
        <IconStyle>
          <Icon>
            <href>http://maps.google.com/mapfiles/kml/shapes/shaded_dot.png</href>
          </Icon>
          <scale>0.6</scale>
          <color>bf3744db</color>
        </IconStyle>
      </Style>
      <Point>
        <altitudeMode>clampToGround</altitudeMode>
        <coordinates>87.3263100916699,22.3148882885535,0</coordinates>
      </Point>
    </Placemark>
    <Placemark>
      <Snippet maxLines="0"> </Snippet>
      <description>32
UTC 19-04-2026 05:27:50.77
GpsMilliseconds 1460611688767
22.3149325,87.3263700, EA(3m)
AltWgs84 -22.3 m, EA(6m)
Hdg 7 deg, Spd 0.0 m/s
EA(39.8 deg, 2.8 m/s)</description>
      <Style>
        <IconStyle>
          <Icon>
            <href>http://maps.google.com/mapfiles/kml/shapes/shaded_dot.png</href>
          </Icon>
          <scale>0.6</scale>
          <color>bf3744db</color>
        </IconStyle>
      </Style>
      <Point>
        <altitudeMode>clampToGround</altitudeMode>
        <coordinates>87.3263700456003,22.3149325180172,0</coordinates>
      </Point>
    </Placemark>
    <Placemark>
      <Snippet maxLines="0"> </Snippet>
      <description>33
UTC 19-04-2026 05:27:51.78
GpsMilliseconds 1460611689781
22.3148508,87.3263199, EA(3m)
AltWgs84 -12.7 m, EA(6m)
Hdg 172 deg, Spd 0.0 m/s
EA(40.3 deg, 2.8 m/s)</description>
      <Style>
        <IconStyle>
          <Icon>
            <href>http://maps.google.com/mapfiles/kml/shapes/shaded_dot.png</href>
          </Icon>
          <scale>0.6</scale>
          <color>bf3744db</color>
        </IconStyle>
      </Style>
      <Point>
        <altitudeMode>clampToGround</altitudeMode>
        <coordinates>87.3263198910177,22.3148508362469,0</coordinates>
      </Point>
    </Placemark>
    <Placemark>
      <Snippet maxLines="0"> </Snippet>
      <description>34
UTC 19-04-2026 05:27:52.76
GpsMilliseconds 1460611690761
22.3148686,87.3262907, EA(3m)
AltWgs84 -17.8 m, EA(6m)
Hdg 206 deg, Spd 0.0 m/s
EA(40.5 deg, 2.9 m/s)</description>
      <Style>
        <IconStyle>
          <Icon>
            <href>http://maps.google.com/mapfiles/kml/shapes/shaded_dot.png</href>
          </Icon>
          <scale>0.6</scale>
          <color>bf3744db</color>
        </IconStyle>
      </Style>
      <Point>
        <altitudeMode>clampToGround</altitudeMode>
        <coordinates>87.3262907333538,22.3148686141483,0</coordinates>
      </Point>
    </Placemark>
    <Placemark>
      <Snippet maxLines="0"> </Snippet>
      <description>35
UTC 19-04-2026 05:27:53.79
GpsMilliseconds 1460611691790
22.3148927,87.3263105, EA(3m)
AltWgs84 -17.3 m, EA(6m)
Hdg 63 deg, Spd 0.0 m/s
EA(41.4 deg, 2.8 m/s)</description>
      <Style>
        <IconStyle>
          <Icon>
            <href>http://maps.google.com/mapfiles/kml/shapes/shaded_dot.png</href>
          </Icon>
          <scale>0.6</scale>
          <color>bf3744db</color>
        </IconStyle>
      </Style>
      <Point>
        <altitudeMode>clampToGround</altitudeMode>
        <coordinates>87.3263105078829,22.3148926636662,0</coordinates>
      </Point>
    </Placemark>
    <Placemark>
      <Snippet maxLines="0"> </Snippet>
      <description>36
UTC 19-04-2026 05:27:54.76
GpsMilliseconds 1460611692763
22.3148943,87.3263406, EA(3m)
AltWgs84 -13.9 m, EA(6m)
Hdg 253 deg, Spd 0.0 m/s
EA(41.5 deg, 2.8 m/s)</description>
      <Style>
        <IconStyle>
          <Icon>
            <href>http://maps.google.com/mapfiles/kml/shapes/shaded_dot.png</href>
          </Icon>
          <scale>0.6</scale>
          <color>bf3744db</color>
        </IconStyle>
      </Style>
      <Point>
        <altitudeMode>clampToGround</altitudeMode>
        <coordinates>87.3263405885758,22.3148943368442,0</coordinates>
      </Point>
    </Placemark>
    <Placemark>
      <Snippet maxLines="0"> </Snippet>
      <description>37
UTC 19-04-2026 05:27:55.76
GpsMilliseconds 1460611693764
22.3148704,87.3263502, EA(3m)
AltWgs84 -17.0 m, EA(6m)
Hdg 331 deg, Spd 0.0 m/s
EA(39.5 deg, 2.9 m/s)</description>
      <Style>
        <IconStyle>
          <Icon>
            <href>http://maps.google.com/mapfiles/kml/shapes/shaded_dot.png</href>
          </Icon>
          <scale>0.6</scale>
          <color>bf3744db</color>
        </IconStyle>
      </Style>
      <Point>
        <altitudeMode>clampToGround</altitudeMode>
        <coordinates>87.3263502119849,22.3148703864609,0</coordinates>
      </Point>
    </Placemark>
    <Placemark>
      <Snippet maxLines="0"> </Snippet>
      <description>38
UTC 19-04-2026 05:27:56.79
GpsMilliseconds 1460611694787
22.3148384,87.3263940, EA(3m)
AltWgs84 -19.1 m, EA(6m)
Hdg 339 deg, Spd 0.0 m/s
EA(42.2 deg, 2.9 m/s)</description>
      <Style>
        <IconStyle>
          <Icon>
            <href>http://maps.google.com/mapfiles/kml/shapes/shaded_dot.png</href>
          </Icon>
          <scale>0.6</scale>
          <color>bf3744db</color>
        </IconStyle>
      </Style>
      <Point>
        <altitudeMode>clampToGround</altitudeMode>
        <coordinates>87.3263939661235,22.3148383656022,0</coordinates>
      </Point>
    </Placemark>
    <Placemark>
      <Snippet maxLines="0"> </Snippet>
      <description>39
UTC 19-04-2026 05:27:57.76
GpsMilliseconds 1460611695761
22.3148490,87.3262917, EA(3m)
AltWgs84 -17.5 m, EA(6m)
Hdg 6 deg, Spd 0.1 m/s
EA(45.6 deg, 3.2 m/s)</description>
      <Style>
        <IconStyle>
          <Icon>
            <href>http://maps.google.com/mapfiles/kml/shapes/shaded_dot.png</href>
          </Icon>
          <scale>0.6</scale>
          <color>bf3744db</color>
        </IconStyle>
      </Style>
      <Point>
        <altitudeMode>clampToGround</altitudeMode>
        <coordinates>87.3262917433289,22.3148489652511,0</coordinates>
      </Point>
    </Placemark>
    <Placemark>
      <Snippet maxLines="0"> </Snippet>
      <description>40
UTC 19-04-2026 05:27:58.79
GpsMilliseconds 1460611696791
22.3148702,87.3263483, EA(3m)
AltWgs84 -25.2 m, EA(6m)
Hdg 320 deg, Spd 0.0 m/s
EA(40.1 deg, 2.9 m/s)</description>
      <Style>
        <IconStyle>
          <Icon>
            <href>http://maps.google.com/mapfiles/kml/shapes/shaded_dot.png</href>
          </Icon>
          <scale>0.6</scale>
          <color>bf3744db</color>
        </IconStyle>
      </Style>
      <Point>
        <altitudeMode>clampToGround</altitudeMode>
        <coordinates>87.3263483380007,22.3148702084249,0</coordinates>
      </Point>
    </Placemark>
    <Placemark>
      <Snippet maxLines="0"> </Snippet>
      <description>41
UTC 19-04-2026 05:27:59.76
GpsMilliseconds 1460611697758
22.3149040,87.3263867, EA(3m)
AltWgs84 -44.3 m, EA(6m)
Hdg 30 deg, Spd 0.0 m/s
EA(43.4 deg, 3.4 m/s)</description>
      <Style>
        <IconStyle>
          <Icon>
            <href>http://maps.google.com/mapfiles/kml/shapes/shaded_dot.png</href>
          </Icon>
          <scale>0.6</scale>
          <color>bf3744db</color>
        </IconStyle>
      </Style>
      <Point>
        <altitudeMode>clampToGround</altitudeMode>
        <coordinates>87.3263866760761,22.3149039982659,0</coordinates>
      </Point>
    </Placemark>
    <Placemark>
      <Snippet maxLines="0"> </Snippet>
      <description>42
UTC 19-04-2026 05:28:00.77
GpsMilliseconds 1460611698769
22.3148342,87.3262694, EA(3m)
AltWgs84 -18.6 m, EA(6m)
Hdg 22 deg, Spd 0.0 m/s
EA(40.8 deg, 2.9 m/s)</description>
      <Style>
        <IconStyle>
          <Icon>
            <href>http://maps.google.com/mapfiles/kml/shapes/shaded_dot.png</href>
          </Icon>
          <scale>0.6</scale>
          <color>bf3744db</color>
        </IconStyle>
      </Style>
      <Point>
        <altitudeMode>clampToGround</altitudeMode>
        <coordinates>87.3262693625189,22.3148342479278,0</coordinates>
      </Point>
    </Placemark>
    <Placemark>
      <Snippet maxLines="0"> </Snippet>
      <description>43
UTC 19-04-2026 05:28:01.77
GpsMilliseconds 1460611699765
22.3148293,87.3263547, EA(3m)
AltWgs84 -15.0 m, EA(6m)
Hdg 163 deg, Spd 0.0 m/s
EA(38.9 deg, 2.9 m/s)</description>
      <Style>
        <IconStyle>
          <Icon>
            <href>http://maps.google.com/mapfiles/kml/shapes/shaded_dot.png</href>
          </Icon>
          <scale>0.6</scale>
          <color>bf3744db</color>
        </IconStyle>
      </Style>
      <Point>
        <altitudeMode>clampToGround</altitudeMode>
        <coordinates>87.3263547132524,22.3148293162385,0</coordinates>
      </Point>
    </Placemark>
    <Placemark>
      <Snippet maxLines="0"> </Snippet>
      <description>44
UTC 19-04-2026 05:28:02.79
GpsMilliseconds 1460611700791
22.3148519,87.3263130, EA(3m)
AltWgs84 -37.0 m, EA(7m)
Hdg 316 deg, Spd 0.0 m/s
EA(40.0 deg, 2.9 m/s)</description>
      <Style>
        <IconStyle>
          <Icon>
            <href>http://maps.google.com/mapfiles/kml/shapes/shaded_dot.png</href>
          </Icon>
          <scale>0.6</scale>
          <color>bf3744db</color>
        </IconStyle>
      </Style>
      <Point>
        <altitudeMode>clampToGround</altitudeMode>
        <coordinates>87.3263130206446,22.3148519333277,0</coordinates>
      </Point>
    </Placemark>
    <Placemark>
      <Snippet maxLines="0"> </Snippet>
      <description>45
UTC 19-04-2026 05:28:03.79
GpsMilliseconds 1460611701790
22.3148113,87.3263517, EA(3m)
AltWgs84 -20.2 m, EA(7m)
Hdg 85 deg, Spd 0.0 m/s
EA(39.6 deg, 3.0 m/s)</description>
      <Style>
        <IconStyle>
          <Icon>
            <href>http://maps.google.com/mapfiles/kml/shapes/shaded_dot.png</href>
          </Icon>
          <scale>0.6</scale>
          <color>bf3744db</color>
        </IconStyle>
      </Style>
      <Point>
        <altitudeMode>clampToGround</altitudeMode>
        <coordinates>87.3263517001699,22.3148112519451,0</coordinates>
      </Point>
    </Placemark>
    <Placemark>
      <Snippet maxLines="0"> </Snippet>
      <description>46
UTC 19-04-2026 05:28:04.78
GpsMilliseconds 1460611702782
22.3148618,87.3263112, EA(3m)
AltWgs84 -29.4 m, EA(7m)
Hdg 158 deg, Spd 0.0 m/s
EA(39.9 deg, 3.0 m/s)</description>
      <Style>
        <IconStyle>
          <Icon>
            <href>http://maps.google.com/mapfiles/kml/shapes/shaded_dot.png</href>
          </Icon>
          <scale>0.6</scale>
          <color>bf3744db</color>
        </IconStyle>
      </Style>
      <Point>
        <altitudeMode>clampToGround</altitudeMode>
        <coordinates>87.3263111512572,22.3148617629464,0</coordinates>
      </Point>
    </Placemark>
    <Placemark>
      <Snippet maxLines="0"> </Snippet>
      <description>47
UTC 19-04-2026 05:28:05.76
GpsMilliseconds 1460611703763
22.3148748,87.3263073, EA(3m)
AltWgs84 -27.0 m, EA(7m)
Hdg 86 deg, Spd 0.1 m/s
EA(46.8 deg, 3.3 m/s)</description>
      <Style>
        <IconStyle>
          <Icon>
            <href>http://maps.google.com/mapfiles/kml/shapes/shaded_dot.png</href>
          </Icon>
          <scale>0.6</scale>
          <color>bf3744db</color>
        </IconStyle>
      </Style>
      <Point>
        <altitudeMode>clampToGround</altitudeMode>
        <coordinates>87.3263073420518,22.3148747922638,0</coordinates>
      </Point>
    </Placemark>
    <Placemark>
      <Snippet maxLines="0"> </Snippet>
      <description>48
UTC 19-04-2026 05:28:06.80
GpsMilliseconds 1460611704797
22.3147761,87.3262763, EA(3m)
AltWgs84 -25.5 m, EA(7m)
Hdg 99 deg, Spd 0.0 m/s
EA(41.5 deg, 3.0 m/s)</description>
      <Style>
        <IconStyle>
          <Icon>
            <href>http://maps.google.com/mapfiles/kml/shapes/shaded_dot.png</href>
          </Icon>
          <scale>0.6</scale>
          <color>bf3744db</color>
        </IconStyle>
      </Style>
      <Point>
        <altitudeMode>clampToGround</altitudeMode>
        <coordinates>87.3262763402076,22.314776137804,0</coordinates>
      </Point>
    </Placemark>
    <Placemark>
      <Snippet maxLines="0"> </Snippet>
      <description>49
UTC 19-04-2026 05:28:07.77
GpsMilliseconds 1460611705765
22.3148673,87.3262863, EA(3m)
AltWgs84 -24.7 m, EA(6m)
Hdg 26 deg, Spd 0.0 m/s
EA(46.1 deg, 3.2 m/s)</description>
      <Style>
        <IconStyle>
          <Icon>
            <href>http://maps.google.com/mapfiles/kml/shapes/shaded_dot.png</href>
          </Icon>
          <scale>0.6</scale>
          <color>bf3744db</color>
        </IconStyle>
      </Style>
      <Point>
        <altitudeMode>clampToGround</altitudeMode>
        <coordinates>87.3262863471214,22.3148672943798,0</coordinates>
      </Point>
    </Placemark>
    <Placemark>
      <Snippet maxLines="0"> </Snippet>
      <description>50
UTC 19-04-2026 05:28:08.77
GpsMilliseconds 1460611706773
22.3148140,87.3263034, EA(3m)
AltWgs84 -8.2 m, EA(6m)
Hdg 200 deg, Spd 0.0 m/s
EA(39.8 deg, 2.9 m/s)</description>
      <Style>
        <IconStyle>
          <Icon>
            <href>http://maps.google.com/mapfiles/kml/shapes/shaded_dot.png</href>
          </Icon>
          <scale>0.6</scale>
          <color>bf3744db</color>
        </IconStyle>
      </Style>
      <Point>
        <altitudeMode>clampToGround</altitudeMode>
        <coordinates>87.3263034386926,22.3148139647799,0</coordinates>
      </Point>
    </Placemark>
    <Placemark>
      <Snippet maxLines="0"> </Snippet>
      <description>51
UTC 19-04-2026 05:28:09.80
GpsMilliseconds 1460611707795
22.3148628,87.3262325, EA(3m)
AltWgs84 -27.8 m, EA(7m)
Hdg 327 deg, Spd 0.0 m/s
EA(41.5 deg, 2.9 m/s)</description>
      <Style>
        <IconStyle>
          <Icon>
            <href>http://maps.google.com/mapfiles/kml/shapes/shaded_dot.png</href>
          </Icon>
          <scale>0.6</scale>
          <color>bf3744db</color>
        </IconStyle>
      </Style>
      <Point>
        <altitudeMode>clampToGround</altitudeMode>
        <coordinates>87.3262325142921,22.314862752749,0</coordinates>
      </Point>
    </Placemark>
    <Placemark>
      <Snippet maxLines="0"> </Snippet>
      <description>52
UTC 19-04-2026 05:28:10.77
GpsMilliseconds 1460611708770
22.3148437,87.3262200, EA(3m)
AltWgs84 -26.1 m, EA(7m)
Hdg 347 deg, Spd 0.0 m/s
EA(41.3 deg, 2.9 m/s)</description>
      <Style>
        <IconStyle>
          <Icon>
            <href>http://maps.google.com/mapfiles/kml/shapes/shaded_dot.png</href>
          </Icon>
          <scale>0.6</scale>
          <color>bf3744db</color>
        </IconStyle>
      </Style>
      <Point>
        <altitudeMode>clampToGround</altitudeMode>
        <coordinates>87.3262200226511,22.3148436649627,0</coordinates>
      </Point>
    </Placemark>
    <Placemark>
      <Snippet maxLines="0"> </Snippet>
      <description>53
UTC 19-04-2026 05:28:11.80
GpsMilliseconds 1460611709798
22.3148474,87.3262737, EA(3m)
AltWgs84 -3.1 m, EA(7m)
Hdg 184 deg, Spd 0.0 m/s
EA(40.6 deg, 2.9 m/s)</description>
      <Style>
        <IconStyle>
          <Icon>
            <href>http://maps.google.com/mapfiles/kml/shapes/shaded_dot.png</href>
          </Icon>
          <scale>0.6</scale>
          <color>bf3744db</color>
        </IconStyle>
      </Style>
      <Point>
        <altitudeMode>clampToGround</altitudeMode>
        <coordinates>87.3262736612841,22.3148474061496,0</coordinates>
      </Point>
    </Placemark>
    <Placemark>
      <Snippet maxLines="0"> </Snippet>
      <description>54
UTC 19-04-2026 05:28:12.78
GpsMilliseconds 1460611710775
22.3148170,87.3262903, EA(3m)
AltWgs84 -11.1 m, EA(7m)
Hdg 35 deg, Spd 0.0 m/s
EA(41.1 deg, 2.9 m/s)</description>
      <Style>
        <IconStyle>
          <Icon>
            <href>http://maps.google.com/mapfiles/kml/shapes/shaded_dot.png</href>
          </Icon>
          <scale>0.6</scale>
          <color>bf3744db</color>
        </IconStyle>
      </Style>
      <Point>
        <altitudeMode>clampToGround</altitudeMode>
        <coordinates>87.3262903035005,22.3148170284654,0</coordinates>
      </Point>
    </Placemark>
    <Placemark>
      <Snippet maxLines="0"> </Snippet>
      <description>55
UTC 19-04-2026 05:28:13.77
GpsMilliseconds 1460611711766
22.3147981,87.3262695, EA(3m)
AltWgs84 -4.7 m, EA(7m)
Hdg 35 deg, Spd 0.1 m/s
EA(43.8 deg, 3.3 m/s)</description>
      <Style>
        <IconStyle>
          <Icon>
            <href>http://maps.google.com/mapfiles/kml/shapes/shaded_dot.png</href>
          </Icon>
          <scale>0.6</scale>
          <color>bf3744db</color>
        </IconStyle>
      </Style>
      <Point>
        <altitudeMode>clampToGround</altitudeMode>
        <coordinates>87.3262694853275,22.3147980939897,0</coordinates>
      </Point>
    </Placemark>
    <Placemark>
      <Snippet maxLines="0"> </Snippet>
      <description>56
UTC 19-04-2026 05:28:14.80
GpsMilliseconds 1460611712797
22.3148667,87.3263219, EA(3m)
AltWgs84 -9.8 m, EA(7m)
Hdg 356 deg, Spd 0.0 m/s
EA(41.1 deg, 2.8 m/s)</description>
      <Style>
        <IconStyle>
          <Icon>
            <href>http://maps.google.com/mapfiles/kml/shapes/shaded_dot.png</href>
          </Icon>
          <scale>0.6</scale>
          <color>bf3744db</color>
        </IconStyle>
      </Style>
      <Point>
        <altitudeMode>clampToGround</altitudeMode>
        <coordinates>87.3263218746147,22.3148666567307,0</coordinates>
      </Point>
    </Placemark>
    <Placemark>
      <Snippet maxLines="0"> </Snippet>
      <description>57
UTC 19-04-2026 05:28:15.77
GpsMilliseconds 1460611713767
22.3148936,87.3263119, EA(3m)
AltWgs84 -10.9 m, EA(7m)
Hdg 10 deg, Spd 0.0 m/s
EA(47.3 deg, 3.1 m/s)</description>
      <Style>
        <IconStyle>
          <Icon>
            <href>http://maps.google.com/mapfiles/kml/shapes/shaded_dot.png</href>
          </Icon>
          <scale>0.6</scale>
          <color>bf3744db</color>
        </IconStyle>
      </Style>
      <Point>
        <altitudeMode>clampToGround</altitudeMode>
        <coordinates>87.3263119002454,22.3148935880236,0</coordinates>
      </Point>
    </Placemark>
    <Placemark>
      <Snippet maxLines="0"> </Snippet>
      <description>58
UTC 19-04-2026 05:28:16.81
GpsMilliseconds 1460611714810
22.3148714,87.3263247, EA(3m)
AltWgs84 -5.0 m, EA(7m)
Hdg 112 deg, Spd 0.0 m/s
EA(44.8 deg, 3.1 m/s)</description>
      <Style>
        <IconStyle>
          <Icon>
            <href>http://maps.google.com/mapfiles/kml/shapes/shaded_dot.png</href>
          </Icon>
          <scale>0.6</scale>
          <color>bf3744db</color>
        </IconStyle>
      </Style>
      <Point>
        <altitudeMode>clampToGround</altitudeMode>
        <coordinates>87.3263247152768,22.3148714406449,0</coordinates>
      </Point>
    </Placemark>
    <Placemark>
      <Snippet maxLines="0"> </Snippet>
      <description>59
UTC 19-04-2026 05:28:17.77
GpsMilliseconds 1460611715773
22.3148792,87.3263132, EA(3m)
AltWgs84 -20.9 m, EA(7m)
Hdg 16 deg, Spd 0.0 m/s
EA(40.2 deg, 2.8 m/s)</description>
      <Style>
        <IconStyle>
          <Icon>
            <href>http://maps.google.com/mapfiles/kml/shapes/shaded_dot.png</href>
          </Icon>
          <scale>0.6</scale>
          <color>bf3744db</color>
        </IconStyle>
      </Style>
      <Point>
        <altitudeMode>clampToGround</altitudeMode>
        <coordinates>87.3263131873773,22.3148792104114,0</coordinates>
      </Point>
    </Placemark>
    <Placemark>
      <Snippet maxLines="0"> </Snippet>
      <description>60
UTC 19-04-2026 05:28:18.79
GpsMilliseconds 1460611716786
22.3148828,87.3263280, EA(3m)
AltWgs84 -15.8 m, EA(6m)
Hdg 42 deg, Spd 0.0 m/s
EA(41.7 deg, 2.8 m/s)</description>
      <Style>
        <IconStyle>
          <Icon>
            <href>http://maps.google.com/mapfiles/kml/shapes/shaded_dot.png</href>
          </Icon>
          <scale>0.6</scale>
          <color>bf3744db</color>
        </IconStyle>
      </Style>
      <Point>
        <altitudeMode>clampToGround</altitudeMode>
        <coordinates>87.3263280067309,22.314882800852,0</coordinates>
      </Point>
    </Placemark>
    <Placemark>
      <Snippet maxLines="0"> </Snippet>
      <description>61
UTC 19-04-2026 05:28:19.79
GpsMilliseconds 1460611717794
22.3148616,87.3263338, EA(3m)
AltWgs84 -12.0 m, EA(7m)
Hdg 314 deg, Spd 0.0 m/s
EA(39.5 deg, 2.8 m/s)</description>
      <Style>
        <IconStyle>
          <Icon>
            <href>http://maps.google.com/mapfiles/kml/shapes/shaded_dot.png</href>
          </Icon>
          <scale>0.6</scale>
          <color>bf3744db</color>
        </IconStyle>
      </Style>
      <Point>
        <altitudeMode>clampToGround</altitudeMode>
        <coordinates>87.3263337733825,22.3148616280598,0</coordinates>
      </Point>
    </Placemark>
    <Placemark>
      <Snippet maxLines="0"> </Snippet>
      <description>62
UTC 19-04-2026 05:28:20.78
GpsMilliseconds 1460611718778
22.3148211,87.3263212, EA(3m)
AltWgs84 -13.9 m, EA(7m)
Hdg 324 deg, Spd 0.0 m/s
EA(41.0 deg, 2.8 m/s)</description>
      <Style>
        <IconStyle>
          <Icon>
            <href>http://maps.google.com/mapfiles/kml/shapes/shaded_dot.png</href>
          </Icon>
          <scale>0.6</scale>
          <color>bf3744db</color>
        </IconStyle>
      </Style>
      <Point>
        <altitudeMode>clampToGround</altitudeMode>
        <coordinates>87.3263212322548,22.3148211102041,0</coordinates>
      </Point>
    </Placemark>
    <Placemark>
      <Snippet maxLines="0"> </Snippet>
      <description>63
UTC 19-04-2026 05:28:21.80
GpsMilliseconds 1460611719799
22.3149005,87.3263396, EA(3m)
AltWgs84 -27.4 m, EA(6m)
Hdg 339 deg, Spd 0.0 m/s
EA(40.4 deg, 2.8 m/s)</description>
      <Style>
        <IconStyle>
          <Icon>
            <href>http://maps.google.com/mapfiles/kml/shapes/shaded_dot.png</href>
          </Icon>
          <scale>0.6</scale>
          <color>bf3744db</color>
        </IconStyle>
      </Style>
      <Point>
        <altitudeMode>clampToGround</altitudeMode>
        <coordinates>87.3263395739373,22.3149004996389,0</coordinates>
      </Point>
    </Placemark>
    <Placemark>
      <Snippet maxLines="0"> </Snippet>
      <description>64
UTC 19-04-2026 05:28:22.78
GpsMilliseconds 1460611720778
22.3148325,87.3262965, EA(3m)
AltWgs84 4.7 m, EA(7m)
Hdg 78 deg, Spd 0.0 m/s
EA(40.3 deg, 2.7 m/s)</description>
      <Style>
        <IconStyle>
          <Icon>
            <href>http://maps.google.com/mapfiles/kml/shapes/shaded_dot.png</href>
          </Icon>
          <scale>0.6</scale>
          <color>bf3744db</color>
        </IconStyle>
      </Style>
      <Point>
        <altitudeMode>clampToGround</altitudeMode>
        <coordinates>87.3262964638219,22.3148324557669,0</coordinates>
      </Point>
    </Placemark>
    <Placemark>
      <Snippet maxLines="0"> </Snippet>
      <description>65
UTC 19-04-2026 05:28:23.78
GpsMilliseconds 1460611721777
22.3148727,87.3263314, EA(3m)
AltWgs84 -7.5 m, EA(7m)
Hdg 352 deg, Spd 0.0 m/s
EA(40.2 deg, 2.8 m/s)</description>
      <Style>
        <IconStyle>
          <Icon>
            <href>http://maps.google.com/mapfiles/kml/shapes/shaded_dot.png</href>
          </Icon>
          <scale>0.6</scale>
          <color>bf3744db</color>
        </IconStyle>
      </Style>
      <Point>
        <altitudeMode>clampToGround</altitudeMode>
        <coordinates>87.3263313989377,22.3148727426981,0</coordinates>
      </Point>
    </Placemark>
    <Placemark>
      <Snippet maxLines="0"> </Snippet>
      <description>66
UTC 19-04-2026 05:28:24.80
GpsMilliseconds 1460611722799
22.3148470,87.3263168, EA(3m)
AltWgs84 10.6 m, EA(7m)
Hdg 355 deg, Spd 0.0 m/s
EA(39.9 deg, 2.8 m/s)</description>
      <Style>
        <IconStyle>
          <Icon>
            <href>http://maps.google.com/mapfiles/kml/shapes/shaded_dot.png</href>
          </Icon>
          <scale>0.6</scale>
          <color>bf3744db</color>
        </IconStyle>
      </Style>
      <Point>
        <altitudeMode>clampToGround</altitudeMode>
        <coordinates>87.3263167955972,22.3148469910624,0</coordinates>
      </Point>
    </Placemark>
    <Placemark>
      <Snippet maxLines="0"> </Snippet>
      <description>67
UTC 19-04-2026 05:28:25.79
GpsMilliseconds 1460611723790
22.3148971,87.3263065, EA(3m)
AltWgs84 -16.9 m, EA(7m)
Hdg 25 deg, Spd 0.1 m/s
EA(43.6 deg, 3.3 m/s)</description>
      <Style>
        <IconStyle>
          <Icon>
            <href>http://maps.google.com/mapfiles/kml/shapes/shaded_dot.png</href>
          </Icon>
          <scale>0.6</scale>
          <color>bf3744db</color>
        </IconStyle>
      </Style>
      <Point>
        <altitudeMode>clampToGround</altitudeMode>
        <coordinates>87.3263065318672,22.3148970522329,0</coordinates>
      </Point>
    </Placemark>
    <Placemark>
      <Snippet maxLines="0"> </Snippet>
      <description>68
UTC 19-04-2026 05:28:26.80
GpsMilliseconds 1460611724800
22.3148562,87.3263162, EA(3m)
AltWgs84 2.8 m, EA(7m)
Hdg 287 deg, Spd 0.0 m/s
EA(38.8 deg, 2.8 m/s)</description>
      <Style>
        <IconStyle>
          <Icon>
            <href>http://maps.google.com/mapfiles/kml/shapes/shaded_dot.png</href>
          </Icon>
          <scale>0.6</scale>
          <color>bf3744db</color>
        </IconStyle>
      </Style>
      <Point>
        <altitudeMode>clampToGround</altitudeMode>
        <coordinates>87.3263161556458,22.3148562470338,0</coordinates>
      </Point>
    </Placemark>
    <Placemark>
      <Snippet maxLines="0"> </Snippet>
      <description>69
UTC 19-04-2026 05:28:27.79
GpsMilliseconds 1460611725788
22.3149163,87.3263400, EA(3m)
AltWgs84 -17.4 m, EA(7m)
Hdg 275 deg, Spd 0.0 m/s
EA(41.5 deg, 2.8 m/s)</description>
      <Style>
        <IconStyle>
          <Icon>
            <href>http://maps.google.com/mapfiles/kml/shapes/shaded_dot.png</href>
          </Icon>
          <scale>0.6</scale>
          <color>bf3744db</color>
        </IconStyle>
      </Style>
      <Point>
        <altitudeMode>clampToGround</altitudeMode>
        <coordinates>87.3263400459283,22.3149162775778,0</coordinates>
      </Point>
    </Placemark>
    <Placemark>
      <Snippet maxLines="0"> </Snippet>
      <description>70
UTC 19-04-2026 05:28:28.78
GpsMilliseconds 1460611726781
22.3148497,87.3263861, EA(3m)
AltWgs84 -12.7 m, EA(7m)
Hdg 331 deg, Spd 0.0 m/s
EA(38.5 deg, 2.9 m/s)</description>
      <Style>
        <IconStyle>
          <Icon>
            <href>http://maps.google.com/mapfiles/kml/shapes/shaded_dot.png</href>
          </Icon>
          <scale>0.6</scale>
          <color>bf3744db</color>
        </IconStyle>
      </Style>
      <Point>
        <altitudeMode>clampToGround</altitudeMode>
        <coordinates>87.3263861197459,22.3148497076725,0</coordinates>
      </Point>
    </Placemark>
    <Placemark>
      <Snippet maxLines="0"> </Snippet>
      <description>71
UTC 19-04-2026 05:28:29.80
GpsMilliseconds 1460611727801
22.3148974,87.3263282, EA(3m)
AltWgs84 3.5 m, EA(7m)
Hdg 298 deg, Spd 0.0 m/s
EA(40.0 deg, 2.8 m/s)</description>
      <Style>
        <IconStyle>
          <Icon>
            <href>http://maps.google.com/mapfiles/kml/shapes/shaded_dot.png</href>
          </Icon>
          <scale>0.6</scale>
          <color>bf3744db</color>
        </IconStyle>
      </Style>
      <Point>
        <altitudeMode>clampToGround</altitudeMode>
        <coordinates>87.3263281611463,22.3148974412608,0</coordinates>
      </Point>
    </Placemark>
    <Placemark>
      <Snippet maxLines="0"> </Snippet>
      <description>72
UTC 19-04-2026 05:28:30.80
GpsMilliseconds 1460611728796
22.3148588,87.3263052, EA(3m)
AltWgs84 -10.3 m, EA(7m)
Hdg 334 deg, Spd 0.0 m/s
EA(47.4 deg, 3.1 m/s)</description>
      <Style>
        <IconStyle>
          <Icon>
            <href>http://maps.google.com/mapfiles/kml/shapes/shaded_dot.png</href>
          </Icon>
          <scale>0.6</scale>
          <color>bf3744db</color>
        </IconStyle>
      </Style>
      <Point>
        <altitudeMode>clampToGround</altitudeMode>
        <coordinates>87.3263052073732,22.3148588239097,0</coordinates>
      </Point>
    </Placemark>
    <Placemark>
      <Snippet maxLines="0"> </Snippet>
      <description>73
UTC 19-04-2026 05:28:31.80
GpsMilliseconds 1460611729796
22.3148780,87.3263671, EA(3m)
AltWgs84 -23.3 m, EA(6m)
Hdg 51 deg, Spd 0.0 m/s
EA(47.9 deg, 3.0 m/s)</description>
      <Style>
        <IconStyle>
          <Icon>
            <href>http://maps.google.com/mapfiles/kml/shapes/shaded_dot.png</href>
          </Icon>
          <scale>0.6</scale>
          <color>bf3744db</color>
        </IconStyle>
      </Style>
      <Point>
        <altitudeMode>clampToGround</altitudeMode>
        <coordinates>87.3263670739715,22.3148780386732,0</coordinates>
      </Point>
    </Placemark>
    <Placemark>
      <Snippet maxLines="0"> </Snippet>
      <description>74
UTC 19-04-2026 05:28:32.80
GpsMilliseconds 1460611730796
22.3148645,87.3263460, EA(3m)
AltWgs84 -8.5 m, EA(6m)
Hdg 102 deg, Spd 0.1 m/s
EA(47.5 deg, 3.0 m/s)</description>
      <Style>
        <IconStyle>
          <Icon>
            <href>http://maps.google.com/mapfiles/kml/shapes/shaded_dot.png</href>
          </Icon>
          <scale>0.6</scale>
          <color>bf3744db</color>
        </IconStyle>
      </Style>
      <Point>
        <altitudeMode>clampToGround</altitudeMode>
        <coordinates>87.326346033321,22.3148645018552,0</coordinates>
      </Point>
    </Placemark>
    <Placemark>
      <Snippet maxLines="0"> </Snippet>
      <description>75
UTC 19-04-2026 05:28:33.78
GpsMilliseconds 1460611731776
22.3148309,87.3263177, EA(3m)
AltWgs84 -15.2 m, EA(7m)
Hdg 87 deg, Spd 0.0 m/s
EA(48.6 deg, 3.1 m/s)</description>
      <Style>
        <IconStyle>
          <Icon>
            <href>http://maps.google.com/mapfiles/kml/shapes/shaded_dot.png</href>
          </Icon>
          <scale>0.6</scale>
          <color>bf3744db</color>
        </IconStyle>
      </Style>
      <Point>
        <altitudeMode>clampToGround</altitudeMode>
        <coordinates>87.3263177116267,22.3148309288004,0</coordinates>
      </Point>
    </Placemark>
    <Placemark>
      <Snippet maxLines="0"> </Snippet>
      <description>76
UTC 19-04-2026 05:28:34.80
GpsMilliseconds 1460611732800
22.3148816,87.3263509, EA(3m)
AltWgs84 -31.5 m, EA(6m)
Hdg 176 deg, Spd 0.0 m/s
EA(39.7 deg, 2.9 m/s)</description>
      <Style>
        <IconStyle>
          <Icon>
            <href>http://maps.google.com/mapfiles/kml/shapes/shaded_dot.png</href>
          </Icon>
          <scale>0.6</scale>
          <color>bf3744db</color>
        </IconStyle>
      </Style>
      <Point>
        <altitudeMode>clampToGround</altitudeMode>
        <coordinates>87.3263509415617,22.3148816169117,0</coordinates>
      </Point>
    </Placemark>
    <Placemark>
      <Snippet maxLines="0"> </Snippet>
      <description>77
UTC 19-04-2026 05:28:35.78
GpsMilliseconds 1460611733783
22.3148362,87.3263682, EA(3m)
AltWgs84 -0.2 m, EA(7m)
Hdg 337 deg, Spd 0.0 m/s
EA(41.4 deg, 2.8 m/s)</description>
      <Style>
        <IconStyle>
          <Icon>
            <href>http://maps.google.com/mapfiles/kml/shapes/shaded_dot.png</href>
          </Icon>
          <scale>0.6</scale>
          <color>bf3744db</color>
        </IconStyle>
      </Style>
      <Point>
        <altitudeMode>clampToGround</altitudeMode>
        <coordinates>87.3263681520985,22.3148361710788,0</coordinates>
      </Point>
    </Placemark>
    <Placemark>
      <Snippet maxLines="0"> </Snippet>
      <description>78
UTC 19-04-2026 05:28:36.81
GpsMilliseconds 1460611734812
22.3148493,87.3263329, EA(3m)
AltWgs84 2.3 m, EA(7m)
Hdg 21 deg, Spd 0.0 m/s
EA(42.4 deg, 2.7 m/s)</description>
      <Style>
        <IconStyle>
          <Icon>
            <href>http://maps.google.com/mapfiles/kml/shapes/shaded_dot.png</href>
          </Icon>
          <scale>0.6</scale>
          <color>bf3744db</color>
        </IconStyle>
      </Style>
      <Point>
        <altitudeMode>clampToGround</altitudeMode>
        <coordinates>87.3263329292549,22.3148492864927,0</coordinates>
      </Point>
    </Placemark>
    <Placemark>
      <Snippet maxLines="0"> </Snippet>
      <description>79
UTC 19-04-2026 05:28:37.79
GpsMilliseconds 1460611735786
22.3148175,87.3263908, EA(3m)
AltWgs84 -7.0 m, EA(7m)
Hdg 130 deg, Spd 0.0 m/s
EA(47.1 deg, 2.9 m/s)</description>
      <Style>
        <IconStyle>
          <Icon>
            <href>http://maps.google.com/mapfiles/kml/shapes/shaded_dot.png</href>
          </Icon>
          <scale>0.6</scale>
          <color>bf3744db</color>
        </IconStyle>
      </Style>
      <Point>
        <altitudeMode>clampToGround</altitudeMode>
        <coordinates>87.3263907916268,22.3148174914954,0</coordinates>
      </Point>
    </Placemark>
    <Placemark>
      <Snippet maxLines="0"> </Snippet>
      <description>80
UTC 19-04-2026 05:28:38.79
GpsMilliseconds 1460611736787
22.3148926,87.3263400, EA(3m)
AltWgs84 -1.1 m, EA(7m)
Hdg 155 deg, Spd 0.0 m/s
EA(40.4 deg, 2.8 m/s)</description>
      <Style>
        <IconStyle>
          <Icon>
            <href>http://maps.google.com/mapfiles/kml/shapes/shaded_dot.png</href>
          </Icon>
          <scale>0.6</scale>
          <color>bf3744db</color>
        </IconStyle>
      </Style>
      <Point>
        <altitudeMode>clampToGround</altitudeMode>
        <coordinates>87.3263399919244,22.3148925993599,0</coordinates>
      </Point>
    </Placemark>
    <Placemark>
      <Snippet maxLines="0"> </Snippet>
      <description>81
UTC 19-04-2026 05:28:39.81
GpsMilliseconds 1460611737805
22.3149143,87.3263697, EA(3m)
AltWgs84 -24.1 m, EA(6m)
Hdg 331 deg, Spd 0.0 m/s
EA(43.3 deg, 2.9 m/s)</description>
      <Style>
        <IconStyle>
          <Icon>
            <href>http://maps.google.com/mapfiles/kml/shapes/shaded_dot.png</href>
          </Icon>
          <scale>0.6</scale>
          <color>bf3744db</color>
        </IconStyle>
      </Style>
      <Point>
        <altitudeMode>clampToGround</altitudeMode>
        <coordinates>87.3263696510787,22.3149143098033,0</coordinates>
      </Point>
    </Placemark>
    <Placemark>
      <Snippet maxLines="0"> </Snippet>
      <description>82
UTC 19-04-2026 05:28:40.79
GpsMilliseconds 1460611738791
22.3148377,87.3263422, EA(3m)
AltWgs84 -11.5 m, EA(7m)
Hdg 4 deg, Spd 0.0 m/s
EA(47.4 deg, 3.2 m/s)</description>
      <Style>
        <IconStyle>
          <Icon>
            <href>http://maps.google.com/mapfiles/kml/shapes/shaded_dot.png</href>
          </Icon>
          <scale>0.6</scale>
          <color>bf3744db</color>
        </IconStyle>
      </Style>
      <Point>
        <altitudeMode>clampToGround</altitudeMode>
        <coordinates>87.32634219751,22.3148376593047,0</coordinates>
      </Point>
    </Placemark>
    <Placemark>
      <Snippet maxLines="0"> </Snippet>
      <description>83
UTC 19-04-2026 05:28:41.79
GpsMilliseconds 1460611739790
22.3148956,87.3263883, EA(3m)
AltWgs84 -7.5 m, EA(7m)
Hdg 75 deg, Spd 0.0 m/s
EA(41.2 deg, 2.8 m/s)</description>
      <Style>
        <IconStyle>
          <Icon>
            <href>http://maps.google.com/mapfiles/kml/shapes/shaded_dot.png</href>
          </Icon>
          <scale>0.6</scale>
          <color>bf3744db</color>
        </IconStyle>
      </Style>
      <Point>
        <altitudeMode>clampToGround</altitudeMode>
        <coordinates>87.326388301795,22.3148955668836,0</coordinates>
      </Point>
    </Placemark>
    <Placemark>
      <Snippet maxLines="0"> </Snippet>
      <description>84
UTC 19-04-2026 05:28:42.81
GpsMilliseconds 1460611740806
22.3148202,87.3263153, EA(3m)
AltWgs84 -6.9 m, EA(7m)
Hdg 166 deg, Spd 0.0 m/s
EA(43.1 deg, 2.8 m/s)</description>
      <Style>
        <IconStyle>
          <Icon>
            <href>http://maps.google.com/mapfiles/kml/shapes/shaded_dot.png</href>
          </Icon>
          <scale>0.6</scale>
          <color>bf3744db</color>
        </IconStyle>
      </Style>
      <Point>
        <altitudeMode>clampToGround</altitudeMode>
        <coordinates>87.3263152906296,22.314820203433,0</coordinates>
      </Point>
    </Placemark>
    <Placemark>
      <Snippet maxLines="0"> </Snippet>
      <description>85
UTC 19-04-2026 05:28:43.79
GpsMilliseconds 1460611741790
22.3148673,87.3263079, EA(3m)
AltWgs84 -13.0 m, EA(6m)
Hdg 239 deg, Spd 0.0 m/s
EA(41.7 deg, 2.8 m/s)</description>
      <Style>
        <IconStyle>
          <Icon>
            <href>http://maps.google.com/mapfiles/kml/shapes/shaded_dot.png</href>
          </Icon>
          <scale>0.6</scale>
          <color>bf3744db</color>
        </IconStyle>
      </Style>
      <Point>
        <altitudeMode>clampToGround</altitudeMode>
        <coordinates>87.326307921851,22.3148672920196,0</coordinates>
      </Point>
    </Placemark>
    <Placemark>
      <Snippet maxLines="0"> </Snippet>
      <description>86
UTC 19-04-2026 05:28:44.82
GpsMilliseconds 1460611742817
22.3148975,87.3263562, EA(3m)
AltWgs84 -17.0 m, EA(6m)
Hdg 43 deg, Spd 0.0 m/s
EA(41.6 deg, 2.8 m/s)</description>
      <Style>
        <IconStyle>
          <Icon>
            <href>http://maps.google.com/mapfiles/kml/shapes/shaded_dot.png</href>
          </Icon>
          <scale>0.6</scale>
          <color>bf3744db</color>
        </IconStyle>
      </Style>
      <Point>
        <altitudeMode>clampToGround</altitudeMode>
        <coordinates>87.3263561765748,22.3148974968609,0</coordinates>
      </Point>
    </Placemark>
    <Placemark>
      <Snippet maxLines="0"> </Snippet>
      <description>87
UTC 19-04-2026 05:28:45.79
GpsMilliseconds 1460611743787
22.3149055,87.3264157, EA(3m)
AltWgs84 -12.5 m, EA(7m)
Hdg 273 deg, Spd 0.0 m/s
EA(42.7 deg, 2.8 m/s)</description>
      <Style>
        <IconStyle>
          <Icon>
            <href>http://maps.google.com/mapfiles/kml/shapes/shaded_dot.png</href>
          </Icon>
          <scale>0.6</scale>
          <color>bf3744db</color>
        </IconStyle>
      </Style>
      <Point>
        <altitudeMode>clampToGround</altitudeMode>
        <coordinates>87.3264157327627,22.3149055368557,0</coordinates>
      </Point>
    </Placemark>
    <Placemark>
      <Snippet maxLines="0"> </Snippet>
      <description>88
UTC 19-04-2026 05:28:46.81
GpsMilliseconds 1460611744813
22.3148595,87.3263541, EA(3m)
AltWgs84 -9.8 m, EA(7m)
Hdg 74 deg, Spd 0.0 m/s
EA(41.7 deg, 2.8 m/s)</description>
      <Style>
        <IconStyle>
          <Icon>
            <href>http://maps.google.com/mapfiles/kml/shapes/shaded_dot.png</href>
          </Icon>
          <scale>0.6</scale>
          <color>bf3744db</color>
        </IconStyle>
      </Style>
      <Point>
        <altitudeMode>clampToGround</altitudeMode>
        <coordinates>87.3263540657827,22.3148595092352,0</coordinates>
      </Point>
    </Placemark>
    <Placemark>
      <Snippet maxLines="0"> </Snippet>
      <description>89
UTC 19-04-2026 05:28:47.79
GpsMilliseconds 1460611745786
22.3148483,87.3263390, EA(3m)
AltWgs84 -13.9 m, EA(7m)
Hdg 59 deg, Spd 0.0 m/s
EA(45.1 deg, 3.0 m/s)</description>
      <Style>
        <IconStyle>
          <Icon>
            <href>http://maps.google.com/mapfiles/kml/shapes/shaded_dot.png</href>
          </Icon>
          <scale>0.6</scale>
          <color>bf3744db</color>
        </IconStyle>
      </Style>
      <Point>
        <altitudeMode>clampToGround</altitudeMode>
        <coordinates>87.326339006866,22.3148483007067,0</coordinates>
      </Point>
    </Placemark>
    <Placemark>
      <Snippet maxLines="0"> </Snippet>
      <description>90
UTC 19-04-2026 05:28:48.79
GpsMilliseconds 1460611746793
22.3148578,87.3263845, EA(3m)
AltWgs84 -29.1 m, EA(7m)
Hdg 317 deg, Spd 0.0 m/s
EA(42.9 deg, 2.9 m/s)</description>
      <Style>
        <IconStyle>
          <Icon>
            <href>http://maps.google.com/mapfiles/kml/shapes/shaded_dot.png</href>
          </Icon>
          <scale>0.6</scale>
          <color>bf3744db</color>
        </IconStyle>
      </Style>
      <Point>
        <altitudeMode>clampToGround</altitudeMode>
        <coordinates>87.3263844581253,22.3148577647813,0</coordinates>
      </Point>
    </Placemark>
    <Placemark>
      <Snippet maxLines="0"> </Snippet>
      <description>91
UTC 19-04-2026 05:28:49.81
GpsMilliseconds 1460611747809
22.3148310,87.3263364, EA(3m)
AltWgs84 -13.6 m, EA(6m)
Hdg 157 deg, Spd 0.0 m/s
EA(45.9 deg, 3.0 m/s)</description>
      <Style>
        <IconStyle>
          <Icon>
            <href>http://maps.google.com/mapfiles/kml/shapes/shaded_dot.png</href>
          </Icon>
          <scale>0.6</scale>
          <color>bf3744db</color>
        </IconStyle>
      </Style>
      <Point>
        <altitudeMode>clampToGround</altitudeMode>
        <coordinates>87.3263364465627,22.3148309758728,0</coordinates>
      </Point>
    </Placemark>
    <Placemark>
      <Snippet maxLines="0"> </Snippet>
      <description>92
UTC 19-04-2026 05:28:50.79
GpsMilliseconds 1460611748790
22.3148966,87.3263671, EA(3m)
AltWgs84 -23.2 m, EA(6m)
Hdg 352 deg, Spd 0.0 m/s
EA(38.8 deg, 3.0 m/s)</description>
      <Style>
        <IconStyle>
          <Icon>
            <href>http://maps.google.com/mapfiles/kml/shapes/shaded_dot.png</href>
          </Icon>
          <scale>0.6</scale>
          <color>bf3744db</color>
        </IconStyle>
      </Style>
      <Point>
        <altitudeMode>clampToGround</altitudeMode>
        <coordinates>87.3263671260642,22.3148966299372,0</coordinates>
      </Point>
    </Placemark>
    <Placemark>
      <Snippet maxLines="0"> </Snippet>
      <description>93
UTC 19-04-2026 05:28:51.82
GpsMilliseconds 1460611749816
22.3148351,87.3263685, EA(3m)
AltWgs84 -12.1 m, EA(6m)
Hdg 307 deg, Spd 0.0 m/s
EA(37.9 deg, 2.9 m/s)</description>
      <Style>
        <IconStyle>
          <Icon>
            <href>http://maps.google.com/mapfiles/kml/shapes/shaded_dot.png</href>
          </Icon>
          <scale>0.6</scale>
          <color>bf3744db</color>
        </IconStyle>
      </Style>
      <Point>
        <altitudeMode>clampToGround</altitudeMode>
        <coordinates>87.3263684950506,22.3148351325352,0</coordinates>
      </Point>
    </Placemark>
    <Placemark>
      <Snippet maxLines="0"> </Snippet>
      <description>94
UTC 19-04-2026 05:28:52.80
GpsMilliseconds 1460611750802
22.3148269,87.3263602, EA(3m)
AltWgs84 9.1 m, EA(6m)
Hdg 322 deg, Spd 0.0 m/s
EA(42.4 deg, 2.8 m/s)</description>
      <Style>
        <IconStyle>
          <Icon>
            <href>http://maps.google.com/mapfiles/kml/shapes/shaded_dot.png</href>
          </Icon>
          <scale>0.6</scale>
          <color>bf3744db</color>
        </IconStyle>
      </Style>
      <Point>
        <altitudeMode>clampToGround</altitudeMode>
        <coordinates>87.3263601854994,22.3148269335246,0</coordinates>
      </Point>
    </Placemark>
    <Placemark>
      <Snippet maxLines="0"> </Snippet>
      <description>95
UTC 19-04-2026 05:28:53.79
GpsMilliseconds 1460611751787
22.3148817,87.3263528, EA(3m)
AltWgs84 -5.6 m, EA(7m)
Hdg 52 deg, Spd 0.0 m/s
EA(49.2 deg, 3.1 m/s)</description>
      <Style>
        <IconStyle>
          <Icon>
            <href>http://maps.google.com/mapfiles/kml/shapes/shaded_dot.png</href>
          </Icon>
          <scale>0.6</scale>
          <color>bf3744db</color>
        </IconStyle>
      </Style>
      <Point>
        <altitudeMode>clampToGround</altitudeMode>
        <coordinates>87.3263527663143,22.3148817419926,0</coordinates>
      </Point>
    </Placemark>
    <Placemark>
      <Snippet maxLines="0"> </Snippet>
      <description>96
UTC 19-04-2026 05:28:54.81
GpsMilliseconds 1460611752814
22.3149042,87.3263556, EA(3m)
AltWgs84 -0.8 m, EA(6m)
Hdg 357 deg, Spd 0.0 m/s
EA(42.4 deg, 2.8 m/s)</description>
      <Style>
        <IconStyle>
          <Icon>
            <href>http://maps.google.com/mapfiles/kml/shapes/shaded_dot.png</href>
          </Icon>
          <scale>0.6</scale>
          <color>bf3744db</color>
        </IconStyle>
      </Style>
      <Point>
        <altitudeMode>clampToGround</altitudeMode>
        <coordinates>87.3263556476939,22.31490421466,0</coordinates>
      </Point>
    </Placemark>
    <Placemark>
      <Snippet maxLines="0"> </Snippet>
      <description>97
UTC 19-04-2026 05:28:55.79
GpsMilliseconds 1460611753794
22.3148258,87.3262731, EA(3m)
AltWgs84 31.0 m, EA(6m)
Hdg 354 deg, Spd 0.0 m/s
EA(40.3 deg, 2.9 m/s)</description>
      <Style>
        <IconStyle>
          <Icon>
            <href>http://maps.google.com/mapfiles/kml/shapes/shaded_dot.png</href>
          </Icon>
          <scale>0.6</scale>
          <color>bf3744db</color>
        </IconStyle>
      </Style>
      <Point>
        <altitudeMode>clampToGround</altitudeMode>
        <coordinates>87.326273112626,22.3148257841648,0</coordinates>
      </Point>
    </Placemark>
    <Placemark>
      <Snippet maxLines="0"> </Snippet>
      <description>98
UTC 19-04-2026 05:28:56.81
GpsMilliseconds 1460611754812
22.3148744,87.3263683, EA(3m)
AltWgs84 -1.1 m, EA(7m)
Hdg 311 deg, Spd 0.0 m/s
EA(43.3 deg, 3.0 m/s)</description>
      <Style>
        <IconStyle>
          <Icon>
            <href>http://maps.google.com/mapfiles/kml/shapes/shaded_dot.png</href>
          </Icon>
          <scale>0.6</scale>
          <color>bf3744db</color>
        </IconStyle>
      </Style>
      <Point>
        <altitudeMode>clampToGround</altitudeMode>
        <coordinates>87.3263683353032,22.3148743650454,0</coordinates>
      </Point>
    </Placemark>
    <Placemark>
      <Snippet maxLines="0"> </Snippet>
      <description>99
UTC 19-04-2026 05:28:57.79
GpsMilliseconds 1460611755793
22.3149045,87.3262854, EA(3m)
AltWgs84 -4.8 m, EA(6m)
Hdg 111 deg, Spd 0.0 m/s
EA(42.0 deg, 2.9 m/s)</description>
      <Style>
        <IconStyle>
          <Icon>
            <href>http://maps.google.com/mapfiles/kml/shapes/shaded_dot.png</href>
          </Icon>
          <scale>0.6</scale>
          <color>bf3744db</color>
        </IconStyle>
      </Style>
      <Point>
        <altitudeMode>clampToGround</altitudeMode>
        <coordinates>87.3262853650605,22.3149045493948,0</coordinates>
      </Point>
    </Placemark>
    <Placemark>
      <Snippet maxLines="0"> </Snippet>
      <description>100
UTC 19-04-2026 05:28:58.81
GpsMilliseconds 1460611756805
22.3148474,87.3263056, EA(3m)
AltWgs84 3.8 m, EA(6m)
Hdg 316 deg, Spd 0.0 m/s
EA(43.6 deg, 2.9 m/s)</description>
      <Style>
        <IconStyle>
          <Icon>
            <href>http://maps.google.com/mapfiles/kml/shapes/shaded_dot.png</href>
          </Icon>
          <scale>0.6</scale>
          <color>bf3744db</color>
        </IconStyle>
      </Style>
      <Point>
        <altitudeMode>clampToGround</altitudeMode>
        <coordinates>87.3263056360097,22.3148474255223,0</coordinates>
      </Point>
    </Placemark>
    <Placemark>
      <Snippet maxLines="0"> </Snippet>
      <description>101
UTC 19-04-2026 05:28:59.81
GpsMilliseconds 1460611757807
22.3148724,87.3264038, EA(3m)
AltWgs84 -11.1 m, EA(6m)
Hdg 56 deg, Spd 0.1 m/s
EA(46.7 deg, 3.2 m/s)</description>
      <Style>
        <IconStyle>
          <Icon>
            <href>http://maps.google.com/mapfiles/kml/shapes/shaded_dot.png</href>
          </Icon>
          <scale>0.6</scale>
          <color>bf3744db</color>
        </IconStyle>
      </Style>
      <Point>
        <altitudeMode>clampToGround</altitudeMode>
        <coordinates>87.3264038014664,22.3148723603327,0</coordinates>
      </Point>
    </Placemark>
    <Placemark>
      <Snippet maxLines="0"> </Snippet>
      <description>102
UTC 19-04-2026 05:29:00.80
GpsMilliseconds 1460611758797
22.3148807,87.3264252, EA(3m)
AltWgs84 -11.1 m, EA(6m)
Hdg 270 deg, Spd 0.0 m/s
EA(40.3 deg, 2.9 m/s)</description>
      <Style>
        <IconStyle>
          <Icon>
            <href>http://maps.google.com/mapfiles/kml/shapes/shaded_dot.png</href>
          </Icon>
          <scale>0.6</scale>
          <color>bf3744db</color>
        </IconStyle>
      </Style>
      <Point>
        <altitudeMode>clampToGround</altitudeMode>
        <coordinates>87.3264251523549,22.3148807123143,0</coordinates>
      </Point>
    </Placemark>
    <Placemark>
      <Snippet maxLines="0"> </Snippet>
      <description>103
UTC 19-04-2026 05:29:01.80
GpsMilliseconds 1460611759797
22.3149168,87.3263713, EA(3m)
AltWgs84 -26.8 m, EA(7m)
Hdg 226 deg, Spd 0.0 m/s
EA(47.4 deg, 3.0 m/s)</description>
      <Style>
        <IconStyle>
          <Icon>
            <href>http://maps.google.com/mapfiles/kml/shapes/shaded_dot.png</href>
          </Icon>
          <scale>0.6</scale>
          <color>bf3744db</color>
        </IconStyle>
      </Style>
      <Point>
        <altitudeMode>clampToGround</altitudeMode>
        <coordinates>87.3263712759062,22.3149168269798,0</coordinates>
      </Point>
    </Placemark>
    <Placemark>
      <Snippet maxLines="0"> </Snippet>
      <description>104
UTC 19-04-2026 05:29:02.82
GpsMilliseconds 1460611760816
22.3148490,87.3263815, EA(3m)
AltWgs84 -0.5 m, EA(7m)
Hdg 155 deg, Spd 0.0 m/s
EA(41.0 deg, 2.9 m/s)</description>
      <Style>
        <IconStyle>
          <Icon>
            <href>http://maps.google.com/mapfiles/kml/shapes/shaded_dot.png</href>
          </Icon>
          <scale>0.6</scale>
          <color>bf3744db</color>
        </IconStyle>
      </Style>
      <Point>
        <altitudeMode>clampToGround</altitudeMode>
        <coordinates>87.3263814904285,22.3148489547413,0</coordinates>
      </Point>
    </Placemark>
    <Placemark>
      <Snippet maxLines="0"> </Snippet>
      <description>105
UTC 19-04-2026 05:29:03.80
GpsMilliseconds 1460611761797
22.3149037,87.3264063, EA(3m)
AltWgs84 -28.7 m, EA(6m)
Hdg 306 deg, Spd 0.0 m/s
EA(41.2 deg, 3.0 m/s)</description>
      <Style>
        <IconStyle>
          <Icon>
            <href>http://maps.google.com/mapfiles/kml/shapes/shaded_dot.png</href>
          </Icon>
          <scale>0.6</scale>
          <color>bf3744db</color>
        </IconStyle>
      </Style>
      <Point>
        <altitudeMode>clampToGround</altitudeMode>
        <coordinates>87.3264062616784,22.3149036733572,0</coordinates>
      </Point>
    </Placemark>
    <Placemark>
      <Snippet maxLines="0"> </Snippet>
      <description>106
UTC 19-04-2026 05:29:04.83
GpsMilliseconds 1460611762833
22.3148121,87.3263933, EA(3m)
AltWgs84 -9.4 m, EA(6m)
Hdg 303 deg, Spd 0.0 m/s
EA(45.5 deg, 3.1 m/s)</description>
      <Style>
        <IconStyle>
          <Icon>
            <href>http://maps.google.com/mapfiles/kml/shapes/shaded_dot.png</href>
          </Icon>
          <scale>0.6</scale>
          <color>bf3744db</color>
        </IconStyle>
      </Style>
      <Point>
        <altitudeMode>clampToGround</altitudeMode>
        <coordinates>87.3263932506884,22.3148120963773,0</coordinates>
      </Point>
    </Placemark>
    <Placemark>
      <Snippet maxLines="0"> </Snippet>
      <description>107
UTC 19-04-2026 05:29:05.80
GpsMilliseconds 1460611763796
22.3148944,87.3264694, EA(3m)
AltWgs84 -29.2 m, EA(6m)
Hdg 103 deg, Spd 0.0 m/s
EA(45.4 deg, 3.1 m/s)</description>
      <Style>
        <IconStyle>
          <Icon>
            <href>http://maps.google.com/mapfiles/kml/shapes/shaded_dot.png</href>
          </Icon>
          <scale>0.6</scale>
          <color>bf3744db</color>
        </IconStyle>
      </Style>
      <Point>
        <altitudeMode>clampToGround</altitudeMode>
        <coordinates>87.3264694019222,22.3148944088518,0</coordinates>
      </Point>
    </Placemark>
    <Placemark>
      <Snippet maxLines="0"> </Snippet>
      <description>108
UTC 19-04-2026 05:29:06.82
GpsMilliseconds 1460611764818
22.3148845,87.3264706, EA(3m)
AltWgs84 -27.6 m, EA(7m)
Hdg 267 deg, Spd 0.0 m/s
EA(44.8 deg, 3.0 m/s)</description>
      <Style>
        <IconStyle>
          <Icon>
            <href>http://maps.google.com/mapfiles/kml/shapes/shaded_dot.png</href>
          </Icon>
          <scale>0.6</scale>
          <color>bf3744db</color>
        </IconStyle>
      </Style>
      <Point>
        <altitudeMode>clampToGround</altitudeMode>
        <coordinates>87.3264706116862,22.3148844500677,0</coordinates>
      </Point>
    </Placemark>
    <Placemark>
      <Snippet maxLines="0"> </Snippet>
      <description>109
UTC 19-04-2026 05:29:07.81
GpsMilliseconds 1460611765808
22.3148106,87.3264153, EA(3m)
AltWgs84 -14.7 m, EA(6m)
Hdg 58 deg, Spd 0.0 m/s
EA(42.2 deg, 2.9 m/s)</description>
      <Style>
        <IconStyle>
          <Icon>
            <href>http://maps.google.com/mapfiles/kml/shapes/shaded_dot.png</href>
          </Icon>
          <scale>0.6</scale>
          <color>bf3744db</color>
        </IconStyle>
      </Style>
      <Point>
        <altitudeMode>clampToGround</altitudeMode>
        <coordinates>87.3264152581686,22.3148105636848,0</coordinates>
      </Point>
    </Placemark>
    <Placemark>
      <Snippet maxLines="0"> </Snippet>
      <description>110
UTC 19-04-2026 05:29:08.80
GpsMilliseconds 1460611766799
22.3148704,87.3264014, EA(3m)
AltWgs84 -10.1 m, EA(6m)
Hdg 235 deg, Spd 0.0 m/s
EA(41.8 deg, 2.9 m/s)</description>
      <Style>
        <IconStyle>
          <Icon>
            <href>http://maps.google.com/mapfiles/kml/shapes/shaded_dot.png</href>
          </Icon>
          <scale>0.6</scale>
          <color>bf3744db</color>
        </IconStyle>
      </Style>
      <Point>
        <altitudeMode>clampToGround</altitudeMode>
        <coordinates>87.326401417306,22.3148704453623,0</coordinates>
      </Point>
    </Placemark>
    <Placemark>
      <Snippet maxLines="0"> </Snippet>
      <description>111
UTC 19-04-2026 05:29:09.82
GpsMilliseconds 1460611767819
22.3148704,87.3263510, EA(3m)
AltWgs84 -19.9 m, EA(7m)
Hdg 335 deg, Spd 0.0 m/s
EA(48.6 deg, 3.1 m/s)</description>
      <Style>
        <IconStyle>
          <Icon>
            <href>http://maps.google.com/mapfiles/kml/shapes/shaded_dot.png</href>
          </Icon>
          <scale>0.6</scale>
          <color>bf3744db</color>
        </IconStyle>
      </Style>
      <Point>
        <altitudeMode>clampToGround</altitudeMode>
        <coordinates>87.3263509706938,22.3148703946162,0</coordinates>
      </Point>
    </Placemark>
    <Placemark>
      <Snippet maxLines="0"> </Snippet>
      <description>112
UTC 19-04-2026 05:29:10.80
GpsMilliseconds 1460611768803
22.3148726,87.3263487, EA(3m)
AltWgs84 -14.9 m, EA(7m)
Hdg 262 deg, Spd 0.0 m/s
EA(45.6 deg, 3.1 m/s)</description>
      <Style>
        <IconStyle>
          <Icon>
            <href>http://maps.google.com/mapfiles/kml/shapes/shaded_dot.png</href>
          </Icon>
          <scale>0.6</scale>
          <color>bf3744db</color>
        </IconStyle>
      </Style>
      <Point>
        <altitudeMode>clampToGround</altitudeMode>
        <coordinates>87.3263487053678,22.3148726093173,0</coordinates>
      </Point>
    </Placemark>
    <Placemark>
      <Snippet maxLines="0"> </Snippet>
      <description>113
UTC 19-04-2026 05:29:11.82
GpsMilliseconds 1460611769818
22.3148435,87.3263421, EA(3m)
AltWgs84 -10.1 m, EA(6m)
Hdg 273 deg, Spd 0.0 m/s
EA(41.9 deg, 2.9 m/s)</description>
      <Style>
        <IconStyle>
          <Icon>
            <href>http://maps.google.com/mapfiles/kml/shapes/shaded_dot.png</href>
          </Icon>
          <scale>0.6</scale>
          <color>bf3744db</color>
        </IconStyle>
      </Style>
      <Point>
        <altitudeMode>clampToGround</altitudeMode>
        <coordinates>87.3263420965925,22.3148435275118,0</coordinates>
      </Point>
    </Placemark>
    <Placemark>
      <Snippet maxLines="0"> </Snippet>
      <description>114
UTC 19-04-2026 05:29:12.80
GpsMilliseconds 1460611770801
22.3148473,87.3263743, EA(3m)
AltWgs84 -10.0 m, EA(6m)
Hdg 50 deg, Spd 0.0 m/s
EA(41.0 deg, 2.9 m/s)</description>
      <Style>
        <IconStyle>
          <Icon>
            <href>http://maps.google.com/mapfiles/kml/shapes/shaded_dot.png</href>
          </Icon>
          <scale>0.6</scale>
          <color>bf3744db</color>
        </IconStyle>
      </Style>
      <Point>
        <altitudeMode>clampToGround</altitudeMode>
        <coordinates>87.3263743195052,22.3148473027808,0</coordinates>
      </Point>
    </Placemark>
    <Placemark>
      <Snippet maxLines="0"> </Snippet>
      <description>115
UTC 19-04-2026 05:29:13.80
GpsMilliseconds 1460611771802
22.3148479,87.3263710, EA(3m)
AltWgs84 -10.2 m, EA(7m)
Hdg 319 deg, Spd 0.0 m/s
EA(42.4 deg, 3.0 m/s)</description>
      <Style>
        <IconStyle>
          <Icon>
            <href>http://maps.google.com/mapfiles/kml/shapes/shaded_dot.png</href>
          </Icon>
          <scale>0.6</scale>
          <color>bf3744db</color>
        </IconStyle>
      </Style>
      <Point>
        <altitudeMode>clampToGround</altitudeMode>
        <coordinates>87.326371020363,22.3148479337718,0</coordinates>
      </Point>
    </Placemark>
    <Placemark>
      <Snippet maxLines="0"> </Snippet>
      <description>116
UTC 19-04-2026 05:29:14.83
GpsMilliseconds 1460611772830
22.3148467,87.3263796, EA(3m)
AltWgs84 -10.6 m, EA(7m)
Hdg 69 deg, Spd 0.0 m/s
EA(43.2 deg, 3.0 m/s)</description>
      <Style>
        <IconStyle>
          <Icon>
            <href>http://maps.google.com/mapfiles/kml/shapes/shaded_dot.png</href>
          </Icon>
          <scale>0.6</scale>
          <color>bf3744db</color>
        </IconStyle>
      </Style>
      <Point>
        <altitudeMode>clampToGround</altitudeMode>
        <coordinates>87.3263796241282,22.3148467289726,0</coordinates>
      </Point>
    </Placemark>
    <Placemark>
      <Snippet maxLines="0"> </Snippet>
      <description>117
UTC 19-04-2026 05:29:15.80
GpsMilliseconds 1460611773800
22.3148472,87.3263397, EA(3m)
AltWgs84 1.7 m, EA(7m)
Hdg 117 deg, Spd 0.0 m/s
EA(46.8 deg, 3.2 m/s)</description>
      <Style>
        <IconStyle>
          <Icon>
            <href>http://maps.google.com/mapfiles/kml/shapes/shaded_dot.png</href>
          </Icon>
          <scale>0.6</scale>
          <color>bf3744db</color>
        </IconStyle>
      </Style>
      <Point>
        <altitudeMode>clampToGround</altitudeMode>
        <coordinates>87.3263396994595,22.3148471593901,0</coordinates>
      </Point>
    </Placemark>
    <Placemark>
      <Snippet maxLines="0"> </Snippet>
      <description>118
UTC 19-04-2026 05:29:16.83
GpsMilliseconds 1460611774827
22.3148286,87.3264022, EA(3m)
AltWgs84 -9.6 m, EA(7m)
Hdg 256 deg, Spd 0.0 m/s
EA(40.3 deg, 2.9 m/s)</description>
      <Style>
        <IconStyle>
          <Icon>
            <href>http://maps.google.com/mapfiles/kml/shapes/shaded_dot.png</href>
          </Icon>
          <scale>0.6</scale>
          <color>bf3744db</color>
        </IconStyle>
      </Style>
      <Point>
        <altitudeMode>clampToGround</altitudeMode>
        <coordinates>87.3264022209341,22.3148285941166,0</coordinates>
      </Point>
    </Placemark>
    <Placemark>
      <Snippet maxLines="0"> </Snippet>
      <description>119
UTC 19-04-2026 05:29:17.80
GpsMilliseconds 1460611775804
22.3148325,87.3263798, EA(3m)
AltWgs84 -9.5 m, EA(7m)
Hdg 77 deg, Spd 0.0 m/s
EA(47.7 deg, 3.1 m/s)</description>
      <Style>
        <IconStyle>
          <Icon>
            <href>http://maps.google.com/mapfiles/kml/shapes/shaded_dot.png</href>
          </Icon>
          <scale>0.6</scale>
          <color>bf3744db</color>
        </IconStyle>
      </Style>
      <Point>
        <altitudeMode>clampToGround</altitudeMode>
        <coordinates>87.3263797511307,22.3148325265556,0</coordinates>
      </Point>
    </Placemark>
    <Placemark>
      <Snippet maxLines="0"> </Snippet>
      <description>120
UTC 19-04-2026 05:29:18.81
GpsMilliseconds 1460611776812
22.3148677,87.3263473, EA(3m)
AltWgs84 -8.8 m, EA(6m)
Hdg 289 deg, Spd 0.0 m/s
EA(41.5 deg, 2.9 m/s)</description>
      <Style>
        <IconStyle>
          <Icon>
            <href>http://maps.google.com/mapfiles/kml/shapes/shaded_dot.png</href>
          </Icon>
          <scale>0.6</scale>
          <color>bf3744db</color>
        </IconStyle>
      </Style>
      <Point>
        <altitudeMode>clampToGround</altitudeMode>
        <coordinates>87.3263473293313,22.3148677462642,0</coordinates>
      </Point>
    </Placemark>
    <Placemark>
      <Snippet maxLines="0"> </Snippet>
      <description>121
UTC 19-04-2026 05:29:19.82
GpsMilliseconds 1460611777823
22.3148542,87.3264218, EA(3m)
AltWgs84 -15.4 m, EA(6m)
Hdg 247 deg, Spd 0.0 m/s
EA(48.0 deg, 3.0 m/s)</description>
      <Style>
        <IconStyle>
          <Icon>
            <href>http://maps.google.com/mapfiles/kml/shapes/shaded_dot.png</href>
          </Icon>
          <scale>0.6</scale>
          <color>bf3744db</color>
        </IconStyle>
      </Style>
      <Point>
        <altitudeMode>clampToGround</altitudeMode>
        <coordinates>87.326421845751,22.3148542422734,0</coordinates>
      </Point>
    </Placemark>
    <Placemark>
      <Snippet maxLines="0"> </Snippet>
      <description>122
UTC 19-04-2026 05:29:20.81
GpsMilliseconds 1460611778805
22.3148212,87.3264768, EA(3m)
AltWgs84 -16.2 m, EA(7m)
Hdg 155 deg, Spd 0.0 m/s
EA(43.0 deg, 3.0 m/s)</description>
      <Style>
        <IconStyle>
          <Icon>
            <href>http://maps.google.com/mapfiles/kml/shapes/shaded_dot.png</href>
          </Icon>
          <scale>0.6</scale>
          <color>bf3744db</color>
        </IconStyle>
      </Style>
      <Point>
        <altitudeMode>clampToGround</altitudeMode>
        <coordinates>87.3264768409037,22.3148211736986,0</coordinates>
      </Point>
    </Placemark>
    <Placemark>
      <Snippet maxLines="0"> </Snippet>
      <description>123
UTC 19-04-2026 05:29:21.83
GpsMilliseconds 1460611779828
22.3148052,87.3264232, EA(3m)
AltWgs84 -8.4 m, EA(7m)
Hdg 3 deg, Spd 0.0 m/s
EA(42.6 deg, 3.0 m/s)</description>
      <Style>
        <IconStyle>
          <Icon>
            <href>http://maps.google.com/mapfiles/kml/shapes/shaded_dot.png</href>
          </Icon>
          <scale>0.6</scale>
          <color>bf3744db</color>
        </IconStyle>
      </Style>
      <Point>
        <altitudeMode>clampToGround</altitudeMode>
        <coordinates>87.3264232241134,22.3148052444475,0</coordinates>
      </Point>
    </Placemark>
    <Placemark>
      <Snippet maxLines="0"> </Snippet>
      <description>124
UTC 19-04-2026 05:29:22.81
GpsMilliseconds 1460611780811
22.3147974,87.3264475, EA(3m)
AltWgs84 8.3 m, EA(7m)
Hdg 262 deg, Spd 0.0 m/s
EA(44.3 deg, 3.1 m/s)</description>
      <Style>
        <IconStyle>
          <Icon>
            <href>http://maps.google.com/mapfiles/kml/shapes/shaded_dot.png</href>
          </Icon>
          <scale>0.6</scale>
          <color>bf3744db</color>
        </IconStyle>
      </Style>
      <Point>
        <altitudeMode>clampToGround</altitudeMode>
        <coordinates>87.3264475374098,22.3147973687973,0</coordinates>
      </Point>
    </Placemark>
    <Placemark>
      <Snippet maxLines="0"> </Snippet>
      <description>125
UTC 19-04-2026 05:29:23.80
GpsMilliseconds 1460611781799
22.3147878,87.3264220, EA(3m)
AltWgs84 4.0 m, EA(7m)
Hdg 71 deg, Spd 0.0 m/s
EA(46.7 deg, 3.2 m/s)</description>
      <Style>
        <IconStyle>
          <Icon>
            <href>http://maps.google.com/mapfiles/kml/shapes/shaded_dot.png</href>
          </Icon>
          <scale>0.6</scale>
          <color>bf3744db</color>
        </IconStyle>
      </Style>
      <Point>
        <altitudeMode>clampToGround</altitudeMode>
        <coordinates>87.3264220101112,22.3147877871029,0</coordinates>
      </Point>
    </Placemark>
    <Placemark>
      <Snippet maxLines="0"> </Snippet>
      <description>126
UTC 19-04-2026 05:29:24.84
GpsMilliseconds 1460611782835
22.3148137,87.3264358, EA(3m)
AltWgs84 8.0 m, EA(7m)
Hdg 70 deg, Spd 0.0 m/s
EA(40.7 deg, 2.9 m/s)</description>
      <Style>
        <IconStyle>
          <Icon>
            <href>http://maps.google.com/mapfiles/kml/shapes/shaded_dot.png</href>
          </Icon>
          <scale>0.6</scale>
          <color>bf3744db</color>
        </IconStyle>
      </Style>
      <Point>
        <altitudeMode>clampToGround</altitudeMode>
        <coordinates>87.3264357619216,22.3148137098111,0</coordinates>
      </Point>
    </Placemark>
    <Placemark>
      <Snippet maxLines="0"> </Snippet>
      <description>127
UTC 19-04-2026 05:29:25.80
GpsMilliseconds 1460611783802
22.3148484,87.3264011, EA(3m)
AltWgs84 -2.0 m, EA(6m)
Hdg 116 deg, Spd 0.0 m/s
EA(46.6 deg, 3.1 m/s)</description>
      <Style>
        <IconStyle>
          <Icon>
            <href>http://maps.google.com/mapfiles/kml/shapes/shaded_dot.png</href>
          </Icon>
          <scale>0.6</scale>
          <color>bf3744db</color>
        </IconStyle>
      </Style>
      <Point>
        <altitudeMode>clampToGround</altitudeMode>
        <coordinates>87.3264010918618,22.3148484246278,0</coordinates>
      </Point>
    </Placemark>
    <Placemark>
      <Snippet maxLines="0"> </Snippet>
      <description>128
UTC 19-04-2026 05:29:26.83
GpsMilliseconds 1460611784832
22.3148332,87.3263494, EA(3m)
AltWgs84 -3.3 m, EA(7m)
Hdg 269 deg, Spd 0.0 m/s
EA(42.0 deg, 2.8 m/s)</description>
      <Style>
        <IconStyle>
          <Icon>
            <href>http://maps.google.com/mapfiles/kml/shapes/shaded_dot.png</href>
          </Icon>
          <scale>0.6</scale>
          <color>bf3744db</color>
        </IconStyle>
      </Style>
      <Point>
        <altitudeMode>clampToGround</altitudeMode>
        <coordinates>87.3263494451741,22.3148331679153,0</coordinates>
      </Point>
    </Placemark>
    <Placemark>
      <Snippet maxLines="0"> </Snippet>
      <description>129
UTC 19-04-2026 05:29:27.81
GpsMilliseconds 1460611785811
22.3148292,87.3263860, EA(3m)
AltWgs84 -16.4 m, EA(7m)
Hdg 217 deg, Spd 0.0 m/s
EA(42.3 deg, 2.9 m/s)</description>
      <Style>
        <IconStyle>
          <Icon>
            <href>http://maps.google.com/mapfiles/kml/shapes/shaded_dot.png</href>
          </Icon>
          <scale>0.6</scale>
          <color>bf3744db</color>
        </IconStyle>
      </Style>
      <Point>
        <altitudeMode>clampToGround</altitudeMode>
        <coordinates>87.3263860230573,22.3148291767714,0</coordinates>
      </Point>
    </Placemark>
    <Placemark>
      <Snippet maxLines="0"> </Snippet>
      <description>130
UTC 19-04-2026 05:29:28.82
GpsMilliseconds 1460611786817
22.3148133,87.3263506, EA(3m)
AltWgs84 -10.3 m, EA(7m)
Hdg 170 deg, Spd 0.0 m/s
EA(42.8 deg, 2.9 m/s)</description>
      <Style>
        <IconStyle>
          <Icon>
            <href>http://maps.google.com/mapfiles/kml/shapes/shaded_dot.png</href>
          </Icon>
          <scale>0.6</scale>
          <color>bf3744db</color>
        </IconStyle>
      </Style>
      <Point>
        <altitudeMode>clampToGround</altitudeMode>
        <coordinates>87.326350612065,22.3148132764634,0</coordinates>
      </Point>
    </Placemark>
    <Placemark>
      <Snippet maxLines="0"> </Snippet>
      <description>131
UTC 19-04-2026 05:29:29.82
GpsMilliseconds 1460611787824
22.3148688,87.3263305, EA(3m)
AltWgs84 -28.4 m, EA(7m)
Hdg 126 deg, Spd 0.0 m/s
EA(47.8 deg, 3.3 m/s)</description>
      <Style>
        <IconStyle>
          <Icon>
            <href>http://maps.google.com/mapfiles/kml/shapes/shaded_dot.png</href>
          </Icon>
          <scale>0.6</scale>
          <color>bf3744db</color>
        </IconStyle>
      </Style>
      <Point>
        <altitudeMode>clampToGround</altitudeMode>
        <coordinates>87.3263305032956,22.3148688263357,0</coordinates>
      </Point>
    </Placemark>
    <Placemark>
      <Snippet maxLines="0"> </Snippet>
      <description>132
UTC 19-04-2026 05:29:30.82
GpsMilliseconds 1460611788817
22.3148369,87.3264151, EA(3m)
AltWgs84 -19.5 m, EA(7m)
Hdg 179 deg, Spd 0.0 m/s
EA(43.0 deg, 3.0 m/s)</description>
      <Style>
        <IconStyle>
          <Icon>
            <href>http://maps.google.com/mapfiles/kml/shapes/shaded_dot.png</href>
          </Icon>
          <scale>0.6</scale>
          <color>bf3744db</color>
        </IconStyle>
      </Style>
      <Point>
        <altitudeMode>clampToGround</altitudeMode>
        <coordinates>87.3264150804428,22.3148368824813,0</coordinates>
      </Point>
    </Placemark>
    <Placemark>
      <Snippet maxLines="0"> </Snippet>
      <description>133
UTC 19-04-2026 05:29:31.84
GpsMilliseconds 1460611789843
22.3148342,87.3264216, EA(3m)
AltWgs84 -16.6 m, EA(7m)
Hdg 235 deg, Spd 0.0 m/s
EA(45.5 deg, 3.1 m/s)</description>
      <Style>
        <IconStyle>
          <Icon>
            <href>http://maps.google.com/mapfiles/kml/shapes/shaded_dot.png</href>
          </Icon>
          <scale>0.6</scale>
          <color>bf3744db</color>
        </IconStyle>
      </Style>
      <Point>
        <altitudeMode>clampToGround</altitudeMode>
        <coordinates>87.326421575605,22.3148342466219,0</coordinates>
      </Point>
    </Placemark>
    <Placemark>
      <Snippet maxLines="0"> </Snippet>
      <description>134
UTC 19-04-2026 05:29:32.81
GpsMilliseconds 1460611790814
22.3148567,87.3263500, EA(3m)
AltWgs84 -19.5 m, EA(6m)
Hdg 6 deg, Spd 0.0 m/s
EA(42.3 deg, 2.9 m/s)</description>
      <Style>
        <IconStyle>
          <Icon>
            <href>http://maps.google.com/mapfiles/kml/shapes/shaded_dot.png</href>
          </Icon>
          <scale>0.6</scale>
          <color>bf3744db</color>
        </IconStyle>
      </Style>
      <Point>
        <altitudeMode>clampToGround</altitudeMode>
        <coordinates>87.3263499996509,22.3148566816596,0</coordinates>
      </Point>
    </Placemark>
    <Placemark>
      <Snippet maxLines="0"> </Snippet>
      <description>135
UTC 19-04-2026 05:29:33.81
GpsMilliseconds 1460611791808
22.3148459,87.3264253, EA(3m)
AltWgs84 -4.6 m, EA(6m)
Hdg 347 deg, Spd 0.0 m/s
EA(46.9 deg, 3.1 m/s)</description>
      <Style>
        <IconStyle>
          <Icon>
            <href>http://maps.google.com/mapfiles/kml/shapes/shaded_dot.png</href>
          </Icon>
          <scale>0.6</scale>
          <color>bf3744db</color>
        </IconStyle>
      </Style>
      <Point>
        <altitudeMode>clampToGround</altitudeMode>
        <coordinates>87.326425339278,22.3148459421281,0</coordinates>
      </Point>
    </Placemark>
    <Placemark>
      <Snippet maxLines="0"> </Snippet>
      <description>136
UTC 19-04-2026 05:29:34.83
GpsMilliseconds 1460611792831
22.3148272,87.3263641, EA(3m)
AltWgs84 -0.2 m, EA(6m)
Hdg 246 deg, Spd 0.0 m/s
EA(41.6 deg, 2.9 m/s)</description>
      <Style>
        <IconStyle>
          <Icon>
            <href>http://maps.google.com/mapfiles/kml/shapes/shaded_dot.png</href>
          </Icon>
          <scale>0.6</scale>
          <color>bf3744db</color>
        </IconStyle>
      </Style>
      <Point>
        <altitudeMode>clampToGround</altitudeMode>
        <coordinates>87.3263641183771,22.3148272356597,0</coordinates>
      </Point>
    </Placemark>
    <Placemark>
      <Snippet maxLines="0"> </Snippet>
      <description>137
UTC 19-04-2026 05:29:35.81
GpsMilliseconds 1460611793812
22.3148282,87.3263298, EA(3m)
AltWgs84 -22.8 m, EA(6m)
Hdg 126 deg, Spd 0.0 m/s
EA(41.7 deg, 2.9 m/s)</description>
      <Style>
        <IconStyle>
          <Icon>
            <href>http://maps.google.com/mapfiles/kml/shapes/shaded_dot.png</href>
          </Icon>
          <scale>0.6</scale>
          <color>bf3744db</color>
        </IconStyle>
      </Style>
      <Point>
        <altitudeMode>clampToGround</altitudeMode>
        <coordinates>87.3263298060185,22.3148281616915,0</coordinates>
      </Point>
    </Placemark>
    <Placemark>
      <Snippet maxLines="0"> </Snippet>
      <description>138
UTC 19-04-2026 05:29:36.83
GpsMilliseconds 1460611794834
22.3148238,87.3263845, EA(3m)
AltWgs84 -8.7 m, EA(6m)
Hdg 309 deg, Spd 0.0 m/s
EA(42.1 deg, 2.9 m/s)</description>
      <Style>
        <IconStyle>
          <Icon>
            <href>http://maps.google.com/mapfiles/kml/shapes/shaded_dot.png</href>
          </Icon>
          <scale>0.6</scale>
          <color>bf3744db</color>
        </IconStyle>
      </Style>
      <Point>
        <altitudeMode>clampToGround</altitudeMode>
        <coordinates>87.3263845262527,22.3148237777071,0</coordinates>
      </Point>
    </Placemark>
    <Placemark>
      <Snippet maxLines="0"> </Snippet>
      <description>139
UTC 19-04-2026 05:29:37.81
GpsMilliseconds 1460611795812
22.3148228,87.3263715, EA(3m)
AltWgs84 -14.0 m, EA(6m)
Hdg 311 deg, Spd 0.0 m/s
EA(41.3 deg, 2.9 m/s)</description>
      <Style>
        <IconStyle>
          <Icon>
            <href>http://maps.google.com/mapfiles/kml/shapes/shaded_dot.png</href>
          </Icon>
          <scale>0.6</scale>
          <color>bf3744db</color>
        </IconStyle>
      </Style>
      <Point>
        <altitudeMode>clampToGround</altitudeMode>
        <coordinates>87.3263714675816,22.3148227787575,0</coordinates>
      </Point>
    </Placemark>
    <Placemark>
      <Snippet maxLines="0"> </Snippet>
      <description>140
UTC 19-04-2026 05:29:38.84
GpsMilliseconds 1460611796844
22.3148023,87.3263645, EA(3m)
AltWgs84 -24.5 m, EA(6m)
Hdg 162 deg, Spd 0.0 m/s
EA(42.0 deg, 3.0 m/s)</description>
      <Style>
        <IconStyle>
          <Icon>
            <href>http://maps.google.com/mapfiles/kml/shapes/shaded_dot.png</href>
          </Icon>
          <scale>0.6</scale>
          <color>bf3744db</color>
        </IconStyle>
      </Style>
      <Point>
        <altitudeMode>clampToGround</altitudeMode>
        <coordinates>87.3263644918318,22.3148022632149,0</coordinates>
      </Point>
    </Placemark>
    <Placemark>
      <Snippet maxLines="0"> </Snippet>
      <description>141
UTC 19-04-2026 05:29:39.81
GpsMilliseconds 1460611797808
22.3148033,87.3263765, EA(3m)
AltWgs84 0.1 m, EA(7m)
Hdg 20 deg, Spd 0.1 m/s
EA(47.5 deg, 3.3 m/s)</description>
      <Style>
        <IconStyle>
          <Icon>
            <href>http://maps.google.com/mapfiles/kml/shapes/shaded_dot.png</href>
          </Icon>
          <scale>0.6</scale>
          <color>bf3744db</color>
        </IconStyle>
      </Style>
      <Point>
        <altitudeMode>clampToGround</altitudeMode>
        <coordinates>87.3263764984538,22.3148032586093,0</coordinates>
      </Point>
    </Placemark>
    <Placemark>
      <Snippet maxLines="0"> </Snippet>
      <description>142
UTC 19-04-2026 05:29:40.83
GpsMilliseconds 1460611798827
22.3147873,87.3263196, EA(3m)
AltWgs84 -10.7 m, EA(6m)
Hdg 136 deg, Spd 0.0 m/s
EA(41.6 deg, 2.9 m/s)</description>
      <Style>
        <IconStyle>
          <Icon>
            <href>http://maps.google.com/mapfiles/kml/shapes/shaded_dot.png</href>
          </Icon>
          <scale>0.6</scale>
          <color>bf3744db</color>
        </IconStyle>
      </Style>
      <Point>
        <altitudeMode>clampToGround</altitudeMode>
        <coordinates>87.326319554648,22.3147872643199,0</coordinates>
      </Point>
    </Placemark>
    <Placemark>
      <Snippet maxLines="0"> </Snippet>
      <description>143
UTC 19-04-2026 05:29:41.81
GpsMilliseconds 1460611799814
22.3147812,87.3263857, EA(3m)
AltWgs84 9.4 m, EA(6m)
Hdg 96 deg, Spd 0.0 m/s
EA(47.5 deg, 3.0 m/s)</description>
      <Style>
        <IconStyle>
          <Icon>
            <href>http://maps.google.com/mapfiles/kml/shapes/shaded_dot.png</href>
          </Icon>
          <scale>0.6</scale>
          <color>bf3744db</color>
        </IconStyle>
      </Style>
      <Point>
        <altitudeMode>clampToGround</altitudeMode>
        <coordinates>87.3263856718045,22.3147812420831,0</coordinates>
      </Point>
    </Placemark>
    <Placemark>
      <Snippet maxLines="0"> </Snippet>
      <description>144
UTC 19-04-2026 05:29:42.84
GpsMilliseconds 1460611800838
22.3148428,87.3263396, EA(3m)
AltWgs84 -17.8 m, EA(6m)
Hdg 145 deg, Spd 0.0 m/s
EA(42.7 deg, 2.9 m/s)</description>
      <Style>
        <IconStyle>
          <Icon>
            <href>http://maps.google.com/mapfiles/kml/shapes/shaded_dot.png</href>
          </Icon>
          <scale>0.6</scale>
          <color>bf3744db</color>
        </IconStyle>
      </Style>
      <Point>
        <altitudeMode>clampToGround</altitudeMode>
        <coordinates>87.3263396448107,22.3148427729176,0</coordinates>
      </Point>
    </Placemark>
    <Placemark>
      <Snippet maxLines="0"> </Snippet>
      <description>145
UTC 19-04-2026 05:29:43.82
GpsMilliseconds 1460611801819
22.3147840,87.3263031, EA(3m)
AltWgs84 3.7 m, EA(6m)
Hdg 162 deg, Spd 0.0 m/s
EA(40.8 deg, 2.9 m/s)</description>
      <Style>
        <IconStyle>
          <Icon>
            <href>http://maps.google.com/mapfiles/kml/shapes/shaded_dot.png</href>
          </Icon>
          <scale>0.6</scale>
          <color>bf3744db</color>
        </IconStyle>
      </Style>
      <Point>
        <altitudeMode>clampToGround</altitudeMode>
        <coordinates>87.3263030807561,22.3147839713589,0</coordinates>
      </Point>
    </Placemark>
    <Placemark>
      <Snippet maxLines="0"> </Snippet>
      <description>146
UTC 19-04-2026 05:29:44.84
GpsMilliseconds 1460611802843
22.3148434,87.3263289, EA(3m)
AltWgs84 -9.8 m, EA(6m)
Hdg 168 deg, Spd 0.1 m/s
EA(41.6 deg, 2.9 m/s)</description>
      <Style>
        <IconStyle>
          <Icon>
            <href>http://maps.google.com/mapfiles/kml/shapes/shaded_dot.png</href>
          </Icon>
          <scale>0.6</scale>
          <color>bf3744db</color>
        </IconStyle>
      </Style>
      <Point>
        <altitudeMode>clampToGround</altitudeMode>
        <coordinates>87.3263288574047,22.3148434265929,0</coordinates>
      </Point>
    </Placemark>
    <Placemark>
      <Snippet maxLines="0"> </Snippet>
      <description>147
UTC 19-04-2026 05:29:45.82
GpsMilliseconds 1460611803820
22.3147974,87.3263829, EA(3m)
AltWgs84 -2.2 m, EA(6m)
Hdg 10 deg, Spd 0.0 m/s
EA(38.3 deg, 3.0 m/s)</description>
      <Style>
        <IconStyle>
          <Icon>
            <href>http://maps.google.com/mapfiles/kml/shapes/shaded_dot.png</href>
          </Icon>
          <scale>0.6</scale>
          <color>bf3744db</color>
        </IconStyle>
      </Style>
      <Point>
        <altitudeMode>clampToGround</altitudeMode>
        <coordinates>87.3263828634091,22.3147973641442,0</coordinates>
      </Point>
    </Placemark>
    <Placemark>
      <Snippet maxLines="0"> </Snippet>
      <description>148
UTC 19-04-2026 05:29:46.86
GpsMilliseconds 1460611804862
22.3148025,87.3263629, EA(3m)
AltWgs84 16.2 m, EA(6m)
Hdg 122 deg, Spd 0.0 m/s
EA(41.5 deg, 2.8 m/s)</description>
      <Style>
        <IconStyle>
          <Icon>
            <href>http://maps.google.com/mapfiles/kml/shapes/shaded_dot.png</href>
          </Icon>
          <scale>0.6</scale>
          <color>bf3744db</color>
        </IconStyle>
      </Style>
      <Point>
        <altitudeMode>clampToGround</altitudeMode>
        <coordinates>87.3263628851559,22.3148025170543,0</coordinates>
      </Point>
    </Placemark>
    <Placemark>
      <Snippet maxLines="0"> </Snippet>
      <description>149
UTC 19-04-2026 05:29:47.82
GpsMilliseconds 1460611805820
22.3148584,87.3263655, EA(3m)
AltWgs84 -10.5 m, EA(7m)
Hdg 214 deg, Spd 0.0 m/s
EA(39.5 deg, 2.8 m/s)</description>
      <Style>
        <IconStyle>
          <Icon>
            <href>http://maps.google.com/mapfiles/kml/shapes/shaded_dot.png</href>
          </Icon>
          <scale>0.6</scale>
          <color>bf3744db</color>
        </IconStyle>
      </Style>
      <Point>
        <altitudeMode>clampToGround</altitudeMode>
        <coordinates>87.3263654990417,22.3148583590041,0</coordinates>
      </Point>
    </Placemark>
    <Placemark>
      <Snippet maxLines="0"> </Snippet>
      <description>150
UTC 19-04-2026 05:29:48.84
GpsMilliseconds 1460611806836
22.3148297,87.3263724, EA(3m)
AltWgs84 11.7 m, EA(6m)
Hdg 125 deg, Spd 0.0 m/s
EA(46.0 deg, 3.0 m/s)</description>
      <Style>
        <IconStyle>
          <Icon>
            <href>http://maps.google.com/mapfiles/kml/shapes/shaded_dot.png</href>
          </Icon>
          <scale>0.6</scale>
          <color>bf3744db</color>
        </IconStyle>
      </Style>
      <Point>
        <altitudeMode>clampToGround</altitudeMode>
        <coordinates>87.3263724334871,22.3148297388853,0</coordinates>
      </Point>
    </Placemark>
    <Placemark>
      <Snippet maxLines="0"> </Snippet>
      <description>151
UTC 19-04-2026 05:29:49.82
GpsMilliseconds 1460611807824
22.3148249,87.3264151, EA(3m)
AltWgs84 -6.4 m, EA(6m)
Hdg 305 deg, Spd 0.0 m/s
EA(38.3 deg, 2.8 m/s)</description>
      <Style>
        <IconStyle>
          <Icon>
            <href>http://maps.google.com/mapfiles/kml/shapes/shaded_dot.png</href>
          </Icon>
          <scale>0.6</scale>
          <color>bf3744db</color>
        </IconStyle>
      </Style>
      <Point>
        <altitudeMode>clampToGround</altitudeMode>
        <coordinates>87.3264150934818,22.3148248656248,0</coordinates>
      </Point>
    </Placemark>
    <Placemark>
      <Snippet maxLines="0"> </Snippet>
      <description>152
UTC 19-04-2026 05:29:50.82
GpsMilliseconds 1460611808820
22.3148484,87.3263912, EA(3m)
AltWgs84 -11.4 m, EA(6m)
Hdg 199 deg, Spd 0.0 m/s
EA(47.4 deg, 3.0 m/s)</description>
      <Style>
        <IconStyle>
          <Icon>
            <href>http://maps.google.com/mapfiles/kml/shapes/shaded_dot.png</href>
          </Icon>
          <scale>0.6</scale>
          <color>bf3744db</color>
        </IconStyle>
      </Style>
      <Point>
        <altitudeMode>clampToGround</altitudeMode>
        <coordinates>87.3263912376873,22.3148483525354,0</coordinates>
      </Point>
    </Placemark>
    <Placemark>
      <Snippet maxLines="0"> </Snippet>
      <description>153
UTC 19-04-2026 05:29:51.84
GpsMilliseconds 1460611809841
22.3148107,87.3263459, EA(3m)
AltWgs84 12.2 m, EA(6m)
Hdg 123 deg, Spd 0.0 m/s
EA(39.2 deg, 2.8 m/s)</description>
      <Style>
        <IconStyle>
          <Icon>
            <href>http://maps.google.com/mapfiles/kml/shapes/shaded_dot.png</href>
          </Icon>
          <scale>0.6</scale>
          <color>bf3744db</color>
        </IconStyle>
      </Style>
      <Point>
        <altitudeMode>clampToGround</altitudeMode>
        <coordinates>87.3263459362092,22.3148107025449,0</coordinates>
      </Point>
    </Placemark>
    <Placemark>
      <Snippet maxLines="0"> </Snippet>
      <description>154
UTC 19-04-2026 05:29:52.83
GpsMilliseconds 1460611810831
22.3148071,87.3264238, EA(3m)
AltWgs84 7.2 m, EA(6m)
Hdg 59 deg, Spd 0.0 m/s
EA(40.4 deg, 2.8 m/s)</description>
      <Style>
        <IconStyle>
          <Icon>
            <href>http://maps.google.com/mapfiles/kml/shapes/shaded_dot.png</href>
          </Icon>
          <scale>0.6</scale>
          <color>bf3744db</color>
        </IconStyle>
      </Style>
      <Point>
        <altitudeMode>clampToGround</altitudeMode>
        <coordinates>87.3264238009393,22.3148070566129,0</coordinates>
      </Point>
    </Placemark>
    <Placemark>
      <Snippet maxLines="0"> </Snippet>
      <description>155
UTC 19-04-2026 05:29:53.82
GpsMilliseconds 1460611811816
22.3148350,87.3264055, EA(3m)
AltWgs84 -7.0 m, EA(6m)
Hdg 116 deg, Spd 0.0 m/s
EA(47.5 deg, 3.1 m/s)</description>
      <Style>
        <IconStyle>
          <Icon>
            <href>http://maps.google.com/mapfiles/kml/shapes/shaded_dot.png</href>
          </Icon>
          <scale>0.6</scale>
          <color>bf3744db</color>
        </IconStyle>
      </Style>
      <Point>
        <altitudeMode>clampToGround</altitudeMode>
        <coordinates>87.3264055210829,22.3148350021252,0</coordinates>
      </Point>
    </Placemark>
    <Placemark>
      <Snippet maxLines="0"> </Snippet>
      <description>156
UTC 19-04-2026 05:29:54.84
GpsMilliseconds 1460611812842
22.3148594,87.3263925, EA(3m)
AltWgs84 -16.0 m, EA(6m)
Hdg 69 deg, Spd 0.0 m/s
EA(40.6 deg, 2.8 m/s)</description>
      <Style>
        <IconStyle>
          <Icon>
            <href>http://maps.google.com/mapfiles/kml/shapes/shaded_dot.png</href>
          </Icon>
          <scale>0.6</scale>
          <color>bf3744db</color>
        </IconStyle>
      </Style>
      <Point>
        <altitudeMode>clampToGround</altitudeMode>
        <coordinates>87.3263924610539,22.3148593808937,0</coordinates>
      </Point>
    </Placemark>
    <Placemark>
      <Snippet maxLines="0"> </Snippet>
      <description>157
UTC 19-04-2026 05:29:55.82
GpsMilliseconds 1460611813822
22.3148421,87.3264538, EA(3m)
AltWgs84 -10.1 m, EA(6m)
Hdg 9 deg, Spd 0.0 m/s
EA(40.6 deg, 2.8 m/s)</description>
      <Style>
        <IconStyle>
          <Icon>
            <href>http://maps.google.com/mapfiles/kml/shapes/shaded_dot.png</href>
          </Icon>
          <scale>0.6</scale>
          <color>bf3744db</color>
        </IconStyle>
      </Style>
      <Point>
        <altitudeMode>clampToGround</altitudeMode>
        <coordinates>87.3264537963357,22.3148421265454,0</coordinates>
      </Point>
    </Placemark>
    <Placemark>
      <Snippet maxLines="0"> </Snippet>
      <description>158
UTC 19-04-2026 05:29:56.82
GpsMilliseconds 1460611814823
22.3149119,87.3263923, EA(3m)
AltWgs84 -19.2 m, EA(6m)
Hdg 248 deg, Spd 0.0 m/s
EA(37.5 deg, 2.9 m/s)</description>
      <Style>
        <IconStyle>
          <Icon>
            <href>http://maps.google.com/mapfiles/kml/shapes/shaded_dot.png</href>
          </Icon>
          <scale>0.6</scale>
          <color>bf3744db</color>
        </IconStyle>
      </Style>
      <Point>
        <altitudeMode>clampToGround</altitudeMode>
        <coordinates>87.3263922939502,22.3149118992189,0</coordinates>
      </Point>
    </Placemark>
    <Placemark>
      <Snippet maxLines="0"> </Snippet>
      <description>159
UTC 19-04-2026 05:29:57.84
GpsMilliseconds 1460611815844
22.3148032,87.3263588, EA(3m)
AltWgs84 18.6 m, EA(6m)
Hdg 76 deg, Spd 0.0 m/s
EA(38.2 deg, 2.8 m/s)</description>
      <Style>
        <IconStyle>
          <Icon>
            <href>http://maps.google.com/mapfiles/kml/shapes/shaded_dot.png</href>
          </Icon>
          <scale>0.6</scale>
          <color>bf3744db</color>
        </IconStyle>
      </Style>
      <Point>
        <altitudeMode>clampToGround</altitudeMode>
        <coordinates>87.3263588173405,22.3148031678533,0</coordinates>
      </Point>
    </Placemark>
    <Placemark>
      <Snippet maxLines="0"> </Snippet>
      <description>160
UTC 19-04-2026 05:29:58.85
GpsMilliseconds 1460611816849
22.3148465,87.3263748, EA(3m)
AltWgs84 -7.1 m, EA(6m)
Hdg 184 deg, Spd 0.0 m/s
EA(39.0 deg, 2.8 m/s)</description>
      <Style>
        <IconStyle>
          <Icon>
            <href>http://maps.google.com/mapfiles/kml/shapes/shaded_dot.png</href>
          </Icon>
          <scale>0.6</scale>
          <color>bf3744db</color>
        </IconStyle>
      </Style>
      <Point>
        <altitudeMode>clampToGround</altitudeMode>
        <coordinates>87.3263748334141,22.3148464815689,0</coordinates>
      </Point>
    </Placemark>
    <Placemark>
      <Snippet maxLines="0"> </Snippet>
      <description>161
UTC 19-04-2026 05:29:59.83
GpsMilliseconds 1460611817827
22.3148785,87.3263367, EA(3m)
AltWgs84 -0.4 m, EA(6m)
Hdg 60 deg, Spd 0.0 m/s
EA(38.8 deg, 2.7 m/s)</description>
      <Style>
        <IconStyle>
          <Icon>
            <href>http://maps.google.com/mapfiles/kml/shapes/shaded_dot.png</href>
          </Icon>
          <scale>0.6</scale>
          <color>bf3744db</color>
        </IconStyle>
      </Style>
      <Point>
        <altitudeMode>clampToGround</altitudeMode>
        <coordinates>87.3263367148306,22.314878521605,0</coordinates>
      </Point>
    </Placemark>
    <Placemark>
      <Snippet maxLines="0"> </Snippet>
      <description>162
UTC 19-04-2026 05:30:00.83
GpsMilliseconds 1460611818825
22.3148166,87.3264038, EA(3m)
AltWgs84 6.7 m, EA(6m)
Hdg 162 deg, Spd 0.0 m/s
EA(39.2 deg, 2.8 m/s)</description>
      <Style>
        <IconStyle>
          <Icon>
            <href>http://maps.google.com/mapfiles/kml/shapes/shaded_dot.png</href>
          </Icon>
          <scale>0.6</scale>
          <color>bf3744db</color>
        </IconStyle>
      </Style>
      <Point>
        <altitudeMode>clampToGround</altitudeMode>
        <coordinates>87.3264038032212,22.3148165668778,0</coordinates>
      </Point>
    </Placemark>
    <Placemark>
      <Snippet maxLines="0"> </Snippet>
      <description>163
UTC 19-04-2026 05:30:01.85
GpsMilliseconds 1460611819845
22.3148941,87.3263639, EA(3m)
AltWgs84 -7.3 m, EA(6m)
Hdg 66 deg, Spd 0.0 m/s
EA(46.2 deg, 2.9 m/s)</description>
      <Style>
        <IconStyle>
          <Icon>
            <href>http://maps.google.com/mapfiles/kml/shapes/shaded_dot.png</href>
          </Icon>
          <scale>0.6</scale>
          <color>bf3744db</color>
        </IconStyle>
      </Style>
      <Point>
        <altitudeMode>clampToGround</altitudeMode>
        <coordinates>87.3263638755919,22.3148940917712,0</coordinates>
      </Point>
    </Placemark>
    <Placemark>
      <Snippet maxLines="0"> </Snippet>
      <description>164
UTC 19-04-2026 05:30:02.83
GpsMilliseconds 1460611820826
22.3148826,87.3263839, EA(3m)
AltWgs84 -8.6 m, EA(6m)
Hdg 302 deg, Spd 0.0 m/s
EA(40.6 deg, 2.8 m/s)</description>
      <Style>
        <IconStyle>
          <Icon>
            <href>http://maps.google.com/mapfiles/kml/shapes/shaded_dot.png</href>
          </Icon>
          <scale>0.6</scale>
          <color>bf3744db</color>
        </IconStyle>
      </Style>
      <Point>
        <altitudeMode>clampToGround</altitudeMode>
        <coordinates>87.3263838504741,22.3148825618988,0</coordinates>
      </Point>
    </Placemark>
    <Placemark>
      <Snippet maxLines="0"> </Snippet>
      <description>165
UTC 19-04-2026 05:30:03.85
GpsMilliseconds 1460611821853
22.3148734,87.3263306, EA(3m)
AltWgs84 -13.3 m, EA(6m)
Hdg 56 deg, Spd 0.0 m/s
EA(39.0 deg, 2.9 m/s)</description>
      <Style>
        <IconStyle>
          <Icon>
            <href>http://maps.google.com/mapfiles/kml/shapes/shaded_dot.png</href>
          </Icon>
          <scale>0.6</scale>
          <color>bf3744db</color>
        </IconStyle>
      </Style>
      <Point>
        <altitudeMode>clampToGround</altitudeMode>
        <coordinates>87.3263305595679,22.3148733918687,0</coordinates>
      </Point>
    </Placemark>
    <Placemark>
      <Snippet maxLines="0"> </Snippet>
      <description>166
UTC 19-04-2026 05:30:04.83
GpsMilliseconds 1460611822829
22.3148435,87.3263645, EA(3m)
AltWgs84 -3.6 m, EA(6m)
Hdg 213 deg, Spd 0.0 m/s
EA(38.5 deg, 2.8 m/s)</description>
      <Style>
        <IconStyle>
          <Icon>
            <href>http://maps.google.com/mapfiles/kml/shapes/shaded_dot.png</href>
          </Icon>
          <scale>0.6</scale>
          <color>bf3744db</color>
        </IconStyle>
      </Style>
      <Point>
        <altitudeMode>clampToGround</altitudeMode>
        <coordinates>87.3263644779045,22.3148434978471,0</coordinates>
      </Point>
    </Placemark>
    <Placemark>
      <Snippet maxLines="0"> </Snippet>
      <description>167
UTC 19-04-2026 05:30:05.83
GpsMilliseconds 1460611823829
22.3148165,87.3264087, EA(3m)
AltWgs84 -8.6 m, EA(6m)
Hdg 153 deg, Spd 0.0 m/s
EA(46.7 deg, 3.0 m/s)</description>
      <Style>
        <IconStyle>
          <Icon>
            <href>http://maps.google.com/mapfiles/kml/shapes/shaded_dot.png</href>
          </Icon>
          <scale>0.6</scale>
          <color>bf3744db</color>
        </IconStyle>
      </Style>
      <Point>
        <altitudeMode>clampToGround</altitudeMode>
        <coordinates>87.3264086913693,22.3148165439942,0</coordinates>
      </Point>
    </Placemark>
    <Placemark>
      <Snippet maxLines="0"> </Snippet>
      <description>168
UTC 19-04-2026 05:30:06.86
GpsMilliseconds 1460611824855
22.3148333,87.3263330, EA(3m)
AltWgs84 8.5 m, EA(6m)
Hdg 327 deg, Spd 0.0 m/s
EA(38.0 deg, 2.8 m/s)</description>
      <Style>
        <IconStyle>
          <Icon>
            <href>http://maps.google.com/mapfiles/kml/shapes/shaded_dot.png</href>
          </Icon>
          <scale>0.6</scale>
          <color>bf3744db</color>
        </IconStyle>
      </Style>
      <Point>
        <altitudeMode>clampToGround</altitudeMode>
        <coordinates>87.3263330348772,22.3148333462252,0</coordinates>
      </Point>
    </Placemark>
    <Placemark>
      <Snippet maxLines="0"> </Snippet>
      <description>169
UTC 19-04-2026 05:30:07.83
GpsMilliseconds 1460611825828
22.3148655,87.3263500, EA(3m)
AltWgs84 -0.1 m, EA(6m)
Hdg 46 deg, Spd 0.0 m/s
EA(37.6 deg, 2.9 m/s)</description>
      <Style>
        <IconStyle>
          <Icon>
            <href>http://maps.google.com/mapfiles/kml/shapes/shaded_dot.png</href>
          </Icon>
          <scale>0.6</scale>
          <color>bf3744db</color>
        </IconStyle>
      </Style>
      <Point>
        <altitudeMode>clampToGround</altitudeMode>
        <coordinates>87.3263500063976,22.3148655342908,0</coordinates>
      </Point>
    </Placemark>
    <Placemark>
      <Snippet maxLines="0"> </Snippet>
      <description>170
UTC 19-04-2026 05:30:08.84
GpsMilliseconds 1460611826840
22.3148212,87.3263312, EA(3m)
AltWgs84 8.4 m, EA(6m)
Hdg 315 deg, Spd 0.0 m/s
EA(38.2 deg, 2.8 m/s)</description>
      <Style>
        <IconStyle>
          <Icon>
            <href>http://maps.google.com/mapfiles/kml/shapes/shaded_dot.png</href>
          </Icon>
          <scale>0.6</scale>
          <color>bf3744db</color>
        </IconStyle>
      </Style>
      <Point>
        <altitudeMode>clampToGround</altitudeMode>
        <coordinates>87.3263312059252,22.3148212479112,0</coordinates>
      </Point>
    </Placemark>
    <Placemark>
      <Snippet maxLines="0"> </Snippet>
      <description>171
UTC 19-04-2026 05:30:09.85
GpsMilliseconds 1460611827848
22.3149184,87.3263352, EA(3m)
AltWgs84 -4.9 m, EA(6m)
Hdg 56 deg, Spd 0.0 m/s
EA(46.3 deg, 2.9 m/s)</description>
      <Style>
        <IconStyle>
          <Icon>
            <href>http://maps.google.com/mapfiles/kml/shapes/shaded_dot.png</href>
          </Icon>
          <scale>0.6</scale>
          <color>bf3744db</color>
        </IconStyle>
      </Style>
      <Point>
        <altitudeMode>clampToGround</altitudeMode>
        <coordinates>87.3263351866611,22.3149184415949,0</coordinates>
      </Point>
    </Placemark>
    <Placemark>
      <Snippet maxLines="0"> </Snippet>
      <description>172
UTC 19-04-2026 05:30:10.83
GpsMilliseconds 1460611828834
22.3148361,87.3263153, EA(3m)
AltWgs84 0.1 m, EA(6m)
Hdg 136 deg, Spd 0.0 m/s
EA(37.7 deg, 2.8 m/s)</description>
      <Style>
        <IconStyle>
          <Icon>
            <href>http://maps.google.com/mapfiles/kml/shapes/shaded_dot.png</href>
          </Icon>
          <scale>0.6</scale>
          <color>bf3744db</color>
        </IconStyle>
      </Style>
      <Point>
        <altitudeMode>clampToGround</altitudeMode>
        <coordinates>87.3263153377455,22.3148361379584,0</coordinates>
      </Point>
    </Placemark>
    <Placemark>
      <Snippet maxLines="0"> </Snippet>
      <description>173
UTC 19-04-2026 05:30:11.85
GpsMilliseconds 1460611829849
22.3148776,87.3262971, EA(3m)
AltWgs84 -19.9 m, EA(6m)
Hdg 14 deg, Spd 0.0 m/s
EA(37.5 deg, 2.9 m/s)</description>
      <Style>
        <IconStyle>
          <Icon>
            <href>http://maps.google.com/mapfiles/kml/shapes/shaded_dot.png</href>
          </Icon>
          <scale>0.6</scale>
          <color>bf3744db</color>
        </IconStyle>
      </Style>
      <Point>
        <altitudeMode>clampToGround</altitudeMode>
        <coordinates>87.3262970513848,22.3148776182276,0</coordinates>
      </Point>
    </Placemark>
    <Placemark>
      <Snippet maxLines="0"> </Snippet>
      <description>174
UTC 19-04-2026 05:30:12.83
GpsMilliseconds 1460611830825
22.3148532,87.3262603, EA(3m)
AltWgs84 -11.9 m, EA(6m)
Hdg 103 deg, Spd 0.1 m/s
EA(45.7 deg, 3.1 m/s)</description>
      <Style>
        <IconStyle>
          <Icon>
            <href>http://maps.google.com/mapfiles/kml/shapes/shaded_dot.png</href>
          </Icon>
          <scale>0.6</scale>
          <color>bf3744db</color>
        </IconStyle>
      </Style>
      <Point>
        <altitudeMode>clampToGround</altitudeMode>
        <coordinates>87.3262603052563,22.3148532006466,0</coordinates>
      </Point>
    </Placemark>
    <Placemark>
      <Snippet maxLines="0"> </Snippet>
      <description>175
UTC 19-04-2026 05:30:13.83
GpsMilliseconds 1460611831834
22.3148574,87.3262900, EA(3m)
AltWgs84 -13.8 m, EA(6m)
Hdg 92 deg, Spd 0.0 m/s
EA(36.6 deg, 2.9 m/s)</description>
      <Style>
        <IconStyle>
          <Icon>
            <href>http://maps.google.com/mapfiles/kml/shapes/shaded_dot.png</href>
          </Icon>
          <scale>0.6</scale>
          <color>bf3744db</color>
        </IconStyle>
      </Style>
      <Point>
        <altitudeMode>clampToGround</altitudeMode>
        <coordinates>87.3262899546688,22.3148573916788,0</coordinates>
      </Point>
    </Placemark>
    <Placemark>
      <Snippet maxLines="0"> </Snippet>
      <description>176
UTC 19-04-2026 05:30:14.85
GpsMilliseconds 1460611832853
22.3148802,87.3262689, EA(3m)
AltWgs84 2.6 m, EA(6m)
Hdg 229 deg, Spd 0.0 m/s
EA(36.6 deg, 2.9 m/s)</description>
      <Style>
        <IconStyle>
          <Icon>
            <href>http://maps.google.com/mapfiles/kml/shapes/shaded_dot.png</href>
          </Icon>
          <scale>0.6</scale>
          <color>bf3744db</color>
        </IconStyle>
      </Style>
      <Point>
        <altitudeMode>clampToGround</altitudeMode>
        <coordinates>87.3262689069122,22.3148802412622,0</coordinates>
      </Point>
    </Placemark>
    <Placemark>
      <Snippet maxLines="0"> </Snippet>
      <description>177
UTC 19-04-2026 05:30:15.83
GpsMilliseconds 1460611833832
22.3148376,87.3263354, EA(3m)
AltWgs84 -16.1 m, EA(6m)
Hdg 327 deg, Spd 0.0 m/s
EA(38.7 deg, 2.8 m/s)</description>
      <Style>
        <IconStyle>
          <Icon>
            <href>http://maps.google.com/mapfiles/kml/shapes/shaded_dot.png</href>
          </Icon>
          <scale>0.6</scale>
          <color>bf3744db</color>
        </IconStyle>
      </Style>
      <Point>
        <altitudeMode>clampToGround</altitudeMode>
        <coordinates>87.3263354083696,22.3148376391619,0</coordinates>
      </Point>
    </Placemark>
    <Placemark>
      <Snippet maxLines="0"> </Snippet>
      <description>178
UTC 19-04-2026 05:30:16.87
GpsMilliseconds 1460611834867
22.3149122,87.3262683, EA(3m)
AltWgs84 -12.4 m, EA(6m)
Hdg 85 deg, Spd 0.0 m/s
EA(45.3 deg, 3.3 m/s)</description>
      <Style>
        <IconStyle>
          <Icon>
            <href>http://maps.google.com/mapfiles/kml/shapes/shaded_dot.png</href>
          </Icon>
          <scale>0.6</scale>
          <color>bf3744db</color>
        </IconStyle>
      </Style>
      <Point>
        <altitudeMode>clampToGround</altitudeMode>
        <coordinates>87.3262682702528,22.3149121925628,0</coordinates>
      </Point>
    </Placemark>
    <Placemark>
      <Snippet maxLines="0"> </Snippet>
      <description>179
UTC 19-04-2026 05:30:17.83
GpsMilliseconds 1460611835829
22.3148896,87.3262605, EA(3m)
AltWgs84 -14.4 m, EA(6m)
Hdg 266 deg, Spd 0.0 m/s
EA(47.8 deg, 3.0 m/s)</description>
      <Style>
        <IconStyle>
          <Icon>
            <href>http://maps.google.com/mapfiles/kml/shapes/shaded_dot.png</href>
          </Icon>
          <scale>0.6</scale>
          <color>bf3744db</color>
        </IconStyle>
      </Style>
      <Point>
        <altitudeMode>clampToGround</altitudeMode>
        <coordinates>87.3262605456444,22.3148895858709,0</coordinates>
      </Point>
    </Placemark>
    <Placemark>
      <Snippet maxLines="0"> </Snippet>
      <description>180
UTC 19-04-2026 05:30:18.86
GpsMilliseconds 1460611836862
22.3148976,87.3262837, EA(3m)
AltWgs84 -28.7 m, EA(6m)
Hdg 250 deg, Spd 0.0 m/s
EA(38.4 deg, 2.9 m/s)</description>
      <Style>
        <IconStyle>
          <Icon>
            <href>http://maps.google.com/mapfiles/kml/shapes/shaded_dot.png</href>
          </Icon>
          <scale>0.6</scale>
          <color>bf3744db</color>
        </IconStyle>
      </Style>
      <Point>
        <altitudeMode>clampToGround</altitudeMode>
        <coordinates>87.3262836507177,22.3148976356591,0</coordinates>
      </Point>
    </Placemark>
    <Placemark>
      <Snippet maxLines="0"> </Snippet>
      <description>181
UTC 19-04-2026 05:30:19.83
GpsMilliseconds 1460611837834
22.3148640,87.3262875, EA(3m)
AltWgs84 -8.2 m, EA(6m)
Hdg 315 deg, Spd 0.0 m/s
EA(38.1 deg, 2.8 m/s)</description>
      <Style>
        <IconStyle>
          <Icon>
            <href>http://maps.google.com/mapfiles/kml/shapes/shaded_dot.png</href>
          </Icon>
          <scale>0.6</scale>
          <color>bf3744db</color>
        </IconStyle>
      </Style>
      <Point>
        <altitudeMode>clampToGround</altitudeMode>
        <coordinates>87.3262874808998,22.3148639687402,0</coordinates>
      </Point>
    </Placemark>
    <Placemark>
      <Snippet maxLines="0"> </Snippet>
      <description>182
UTC 19-04-2026 05:30:20.83
GpsMilliseconds 1460611838834
22.3149155,87.3262317, EA(3m)
AltWgs84 -14.7 m, EA(6m)
Hdg 317 deg, Spd 0.0 m/s
EA(38.5 deg, 2.9 m/s)</description>
      <Style>
        <IconStyle>
          <Icon>
            <href>http://maps.google.com/mapfiles/kml/shapes/shaded_dot.png</href>
          </Icon>
          <scale>0.6</scale>
          <color>bf3744db</color>
        </IconStyle>
      </Style>
      <Point>
        <altitudeMode>clampToGround</altitudeMode>
        <coordinates>87.3262317110986,22.3149155216706,0</coordinates>
      </Point>
    </Placemark>
    <Placemark>
      <Snippet maxLines="0"> </Snippet>
      <description>183
UTC 19-04-2026 05:30:21.85
GpsMilliseconds 1460611839853
22.3148769,87.3262519, EA(3m)
AltWgs84 -6.9 m, EA(6m)
Hdg 159 deg, Spd 0.0 m/s
EA(47.0 deg, 3.0 m/s)</description>
      <Style>
        <IconStyle>
          <Icon>
            <href>http://maps.google.com/mapfiles/kml/shapes/shaded_dot.png</href>
          </Icon>
          <scale>0.6</scale>
          <color>bf3744db</color>
        </IconStyle>
      </Style>
      <Point>
        <altitudeMode>clampToGround</altitudeMode>
        <coordinates>87.3262519164739,22.3148768866433,0</coordinates>
      </Point>
    </Placemark>
    <Placemark>
      <Snippet maxLines="0"> </Snippet>
      <description>184
UTC 19-04-2026 05:30:22.84
GpsMilliseconds 1460611840836
22.3148269,87.3263136, EA(3m)
AltWgs84 -0.3 m, EA(6m)
Hdg 106 deg, Spd 0.0 m/s
EA(39.9 deg, 2.8 m/s)</description>
      <Style>
        <IconStyle>
          <Icon>
            <href>http://maps.google.com/mapfiles/kml/shapes/shaded_dot.png</href>
          </Icon>
          <scale>0.6</scale>
          <color>bf3744db</color>
        </IconStyle>
      </Style>
      <Point>
        <altitudeMode>clampToGround</altitudeMode>
        <coordinates>87.3263136496828,22.3148268679584,0</coordinates>
      </Point>
    </Placemark>
    <Placemark>
      <Snippet maxLines="0"> </Snippet>
      <description>185
UTC 19-04-2026 05:30:23.84
GpsMilliseconds 1460611841835
22.3148418,87.3263256, EA(3m)
AltWgs84 3.3 m, EA(6m)
Hdg 169 deg, Spd 0.0 m/s
EA(38.1 deg, 2.8 m/s)</description>
      <Style>
        <IconStyle>
          <Icon>
            <href>http://maps.google.com/mapfiles/kml/shapes/shaded_dot.png</href>
          </Icon>
          <scale>0.6</scale>
          <color>bf3744db</color>
        </IconStyle>
      </Style>
      <Point>
        <altitudeMode>clampToGround</altitudeMode>
        <coordinates>87.3263255628311,22.314841783079,0</coordinates>
      </Point>
    </Placemark>
    <Placemark>
      <Snippet maxLines="0"> </Snippet>
      <description>186
UTC 19-04-2026 05:30:24.87
GpsMilliseconds 1460611842867
22.3148663,87.3263514, EA(3m)
AltWgs84 -10.0 m, EA(6m)
Hdg 68 deg, Spd 0.0 m/s
EA(39.1 deg, 2.9 m/s)</description>
      <Style>
        <IconStyle>
          <Icon>
            <href>http://maps.google.com/mapfiles/kml/shapes/shaded_dot.png</href>
          </Icon>
          <scale>0.6</scale>
          <color>bf3744db</color>
        </IconStyle>
      </Style>
      <Point>
        <altitudeMode>clampToGround</altitudeMode>
        <coordinates>87.3263513860526,22.3148662537318,0</coordinates>
      </Point>
    </Placemark>
    <Placemark>
      <Snippet maxLines="0"> </Snippet>
      <description>187
UTC 19-04-2026 05:30:25.84
GpsMilliseconds 1460611843840
22.3148690,87.3263279, EA(3m)
AltWgs84 -9.7 m, EA(6m)
Hdg 95 deg, Spd 0.0 m/s
EA(46.5 deg, 3.1 m/s)</description>
      <Style>
        <IconStyle>
          <Icon>
            <href>http://maps.google.com/mapfiles/kml/shapes/shaded_dot.png</href>
          </Icon>
          <scale>0.6</scale>
          <color>bf3744db</color>
        </IconStyle>
      </Style>
      <Point>
        <altitudeMode>clampToGround</altitudeMode>
        <coordinates>87.3263279471695,22.3148689786412,0</coordinates>
      </Point>
    </Placemark>
    <Placemark>
      <Snippet maxLines="0"> </Snippet>
      <description>188
UTC 19-04-2026 05:30:26.86
GpsMilliseconds 1460611844860
22.3148858,87.3263616, EA(3m)
AltWgs84 -12.1 m, EA(6m)
Hdg 67 deg, Spd 0.0 m/s
EA(40.5 deg, 2.8 m/s)</description>
      <Style>
        <IconStyle>
          <Icon>
            <href>http://maps.google.com/mapfiles/kml/shapes/shaded_dot.png</href>
          </Icon>
          <scale>0.6</scale>
          <color>bf3744db</color>
        </IconStyle>
      </Style>
      <Point>
        <altitudeMode>clampToGround</altitudeMode>
        <coordinates>87.3263616033059,22.3148858256954,0</coordinates>
      </Point>
    </Placemark>
    <Placemark>
      <Snippet maxLines="0"> </Snippet>
      <description>189
UTC 19-04-2026 05:30:27.84
GpsMilliseconds 1460611845839
22.3148852,87.3263403, EA(3m)
AltWgs84 -10.2 m, EA(7m)
Hdg 41 deg, Spd 0.0 m/s
EA(40.3 deg, 2.8 m/s)</description>
      <Style>
        <IconStyle>
          <Icon>
            <href>http://maps.google.com/mapfiles/kml/shapes/shaded_dot.png</href>
          </Icon>
          <scale>0.6</scale>
          <color>bf3744db</color>
        </IconStyle>
      </Style>
      <Point>
        <altitudeMode>clampToGround</altitudeMode>
        <coordinates>87.3263403224562,22.3148852068227,0</coordinates>
      </Point>
    </Placemark>
    <Placemark>
      <Snippet maxLines="0"> </Snippet>
      <description>190
UTC 19-04-2026 05:30:28.85
GpsMilliseconds 1460611846846
22.3148918,87.3263524, EA(3m)
AltWgs84 -29.2 m, EA(6m)
Hdg 346 deg, Spd 0.0 m/s
EA(40.2 deg, 2.8 m/s)</description>
      <Style>
        <IconStyle>
          <Icon>
            <href>http://maps.google.com/mapfiles/kml/shapes/shaded_dot.png</href>
          </Icon>
          <scale>0.6</scale>
          <color>bf3744db</color>
        </IconStyle>
      </Style>
      <Point>
        <altitudeMode>clampToGround</altitudeMode>
        <coordinates>87.3263523632663,22.3148918234309,0</coordinates>
      </Point>
    </Placemark>
    <Placemark>
      <Snippet maxLines="0"> </Snippet>
      <description>191
UTC 19-04-2026 05:30:29.86
GpsMilliseconds 1460611847864
22.3149308,87.3263982, EA(3m)
AltWgs84 3.4 m, EA(7m)
Hdg 324 deg, Spd 0.0 m/s
EA(38.8 deg, 2.8 m/s)</description>
      <Style>
        <IconStyle>
          <Icon>
            <href>http://maps.google.com/mapfiles/kml/shapes/shaded_dot.png</href>
          </Icon>
          <scale>0.6</scale>
          <color>bf3744db</color>
        </IconStyle>
      </Style>
      <Point>
        <altitudeMode>clampToGround</altitudeMode>
        <coordinates>87.3263982355035,22.3149307858012,0</coordinates>
      </Point>
    </Placemark>
    <Placemark>
      <Snippet maxLines="0"> </Snippet>
      <description>192
UTC 19-04-2026 05:30:30.85
GpsMilliseconds 1460611848847
22.3149202,87.3263586, EA(3m)
AltWgs84 -10.4 m, EA(7m)
Hdg 50 deg, Spd 0.0 m/s
EA(40.3 deg, 2.9 m/s)</description>
      <Style>
        <IconStyle>
          <Icon>
            <href>http://maps.google.com/mapfiles/kml/shapes/shaded_dot.png</href>
          </Icon>
          <scale>0.6</scale>
          <color>bf3744db</color>
        </IconStyle>
      </Style>
      <Point>
        <altitudeMode>clampToGround</altitudeMode>
        <coordinates>87.3263585697472,22.3149201564477,0</coordinates>
      </Point>
    </Placemark>
    <Placemark>
      <Snippet maxLines="0"> </Snippet>
      <description>193
UTC 19-04-2026 05:30:31.87
GpsMilliseconds 1460611849865
22.3148708,87.3263476, EA(3m)
AltWgs84 -3.5 m, EA(7m)
Hdg 94 deg, Spd 0.0 m/s
EA(39.8 deg, 3.0 m/s)</description>
      <Style>
        <IconStyle>
          <Icon>
            <href>http://maps.google.com/mapfiles/kml/shapes/shaded_dot.png</href>
          </Icon>
          <scale>0.6</scale>
          <color>bf3744db</color>
        </IconStyle>
      </Style>
      <Point>
        <altitudeMode>clampToGround</altitudeMode>
        <coordinates>87.3263475944316,22.314870799252,0</coordinates>
      </Point>
    </Placemark>
    <Placemark>
      <Snippet maxLines="0"> </Snippet>
      <description>194
UTC 19-04-2026 05:30:32.84
GpsMilliseconds 1460611850841
22.3149166,87.3263668, EA(3m)
AltWgs84 -3.9 m, EA(7m)
Hdg 213 deg, Spd 0.0 m/s
EA(37.8 deg, 3.1 m/s)</description>
      <Style>
        <IconStyle>
          <Icon>
            <href>http://maps.google.com/mapfiles/kml/shapes/shaded_dot.png</href>
          </Icon>
          <scale>0.6</scale>
          <color>bf3744db</color>
        </IconStyle>
      </Style>
      <Point>
        <altitudeMode>clampToGround</altitudeMode>
        <coordinates>87.3263668242563,22.3149166016428,0</coordinates>
      </Point>
    </Placemark>
    <Placemark>
      <Snippet maxLines="0"> </Snippet>
      <description>195
UTC 19-04-2026 05:30:33.85
GpsMilliseconds 1460611851848
22.3148310,87.3262899, EA(3m)
AltWgs84 17.3 m, EA(7m)
Hdg 219 deg, Spd 0.0 m/s
EA(40.5 deg, 2.8 m/s)</description>
      <Style>
        <IconStyle>
          <Icon>
            <href>http://maps.google.com/mapfiles/kml/shapes/shaded_dot.png</href>
          </Icon>
          <scale>0.6</scale>
          <color>bf3744db</color>
        </IconStyle>
      </Style>
      <Point>
        <altitudeMode>clampToGround</altitudeMode>
        <coordinates>87.3262899164864,22.3148309699358,0</coordinates>
      </Point>
    </Placemark>
    <Placemark>
      <Snippet maxLines="0"> </Snippet>
      <description>196
UTC 19-04-2026 05:30:34.87
GpsMilliseconds 1460611852866
22.3149275,87.3263272, EA(3m)
AltWgs84 -14.5 m, EA(7m)
Hdg 95 deg, Spd 0.0 m/s
EA(39.9 deg, 2.8 m/s)</description>
      <Style>
        <IconStyle>
          <Icon>
            <href>http://maps.google.com/mapfiles/kml/shapes/shaded_dot.png</href>
          </Icon>
          <scale>0.6</scale>
          <color>bf3744db</color>
        </IconStyle>
      </Style>
      <Point>
        <altitudeMode>clampToGround</altitudeMode>
        <coordinates>87.3263271674997,22.3149275058034,0</coordinates>
      </Point>
    </Placemark>
    <Placemark>
      <Snippet maxLines="0"> </Snippet>
      <description>197
UTC 19-04-2026 05:30:35.84
GpsMilliseconds 1460611853842
22.3148621,87.3263093, EA(3m)
AltWgs84 -1.2 m, EA(7m)
Hdg 340 deg, Spd 0.0 m/s
EA(38.7 deg, 2.8 m/s)</description>
      <Style>
        <IconStyle>
          <Icon>
            <href>http://maps.google.com/mapfiles/kml/shapes/shaded_dot.png</href>
          </Icon>
          <scale>0.6</scale>
          <color>bf3744db</color>
        </IconStyle>
      </Style>
      <Point>
        <altitudeMode>clampToGround</altitudeMode>
        <coordinates>87.3263093235918,22.3148621109843,0</coordinates>
      </Point>
    </Placemark>
    <Placemark>
      <Snippet maxLines="0"> </Snippet>
      <description>198
UTC 19-04-2026 05:30:36.85
GpsMilliseconds 1460611854848
22.3149209,87.3263789, EA(3m)
AltWgs84 -13.3 m, EA(7m)
Hdg 305 deg, Spd 0.0 m/s
EA(39.6 deg, 2.9 m/s)</description>
      <Style>
        <IconStyle>
          <Icon>
            <href>http://maps.google.com/mapfiles/kml/shapes/shaded_dot.png</href>
          </Icon>
          <scale>0.6</scale>
          <color>bf3744db</color>
        </IconStyle>
      </Style>
      <Point>
        <altitudeMode>clampToGround</altitudeMode>
        <coordinates>87.3263789026615,22.3149209306169,0</coordinates>
      </Point>
    </Placemark>
    <Placemark>
      <Snippet maxLines="0"> </Snippet>
      <description>199
UTC 19-04-2026 05:30:37.87
GpsMilliseconds 1460611855869
22.3149479,87.3264025, EA(3m)
AltWgs84 -22.6 m, EA(6m)
Hdg 322 deg, Spd 0.0 m/s
EA(40.5 deg, 2.8 m/s)</description>
      <Style>
        <IconStyle>
          <Icon>
            <href>http://maps.google.com/mapfiles/kml/shapes/shaded_dot.png</href>
          </Icon>
          <scale>0.6</scale>
          <color>bf3744db</color>
        </IconStyle>
      </Style>
      <Point>
        <altitudeMode>clampToGround</altitudeMode>
        <coordinates>87.3264024698377,22.3149478808732,0</coordinates>
      </Point>
    </Placemark>
    <Placemark>
      <Snippet maxLines="0"> </Snippet>
      <description>200
UTC 19-04-2026 05:30:38.85
GpsMilliseconds 1460611856847
22.3149531,87.3263164, EA(3m)
AltWgs84 -21.5 m, EA(7m)
Hdg 143 deg, Spd 0.0 m/s
EA(41.0 deg, 2.9 m/s)</description>
      <Style>
        <IconStyle>
          <Icon>
            <href>http://maps.google.com/mapfiles/kml/shapes/shaded_dot.png</href>
          </Icon>
          <scale>0.6</scale>
          <color>bf3744db</color>
        </IconStyle>
      </Style>
      <Point>
        <altitudeMode>clampToGround</altitudeMode>
        <coordinates>87.3263163812137,22.3149531262001,0</coordinates>
      </Point>
    </Placemark>
    <Placemark>
      <Snippet maxLines="0"> </Snippet>
      <description>201
UTC 19-04-2026 05:30:39.88
GpsMilliseconds 1460611857877
22.3148990,87.3263519, EA(3m)
AltWgs84 -20.6 m, EA(7m)
Hdg 328 deg, Spd 0.0 m/s
EA(43.5 deg, 2.9 m/s)</description>
      <Style>
        <IconStyle>
          <Icon>
            <href>http://maps.google.com/mapfiles/kml/shapes/shaded_dot.png</href>
          </Icon>
          <scale>0.6</scale>
          <color>bf3744db</color>
        </IconStyle>
      </Style>
      <Point>
        <altitudeMode>clampToGround</altitudeMode>
        <coordinates>87.3263518636634,22.3148990377141,0</coordinates>
      </Point>
    </Placemark>
    <Placemark>
      <Snippet maxLines="0"> </Snippet>
      <description>202
UTC 19-04-2026 05:30:40.85
GpsMilliseconds 1460611858847
22.3149337,87.3263833, EA(3m)
AltWgs84 -26.7 m, EA(7m)
Hdg 170 deg, Spd 0.0 m/s
EA(41.5 deg, 2.8 m/s)</description>
      <Style>
        <IconStyle>
          <Icon>
            <href>http://maps.google.com/mapfiles/kml/shapes/shaded_dot.png</href>
          </Icon>
          <scale>0.6</scale>
          <color>bf3744db</color>
        </IconStyle>
      </Style>
      <Point>
        <altitudeMode>clampToGround</altitudeMode>
        <coordinates>87.3263833259398,22.3149336563604,0</coordinates>
      </Point>
    </Placemark>
    <Placemark>
      <Snippet maxLines="0"> </Snippet>
      <description>203
UTC 19-04-2026 05:30:41.87
GpsMilliseconds 1460611859872
22.3149485,87.3264232, EA(3m)
AltWgs84 -14.4 m, EA(6m)
Hdg 82 deg, Spd 0.0 m/s
EA(41.6 deg, 2.8 m/s)</description>
      <Style>
        <IconStyle>
          <Icon>
            <href>http://maps.google.com/mapfiles/kml/shapes/shaded_dot.png</href>
          </Icon>
          <scale>0.6</scale>
          <color>bf3744db</color>
        </IconStyle>
      </Style>
      <Point>
        <altitudeMode>clampToGround</altitudeMode>
        <coordinates>87.3264231855935,22.3149484648753,0</coordinates>
      </Point>
    </Placemark>
    <Placemark>
      <Snippet maxLines="0"> </Snippet>
      <description>204
UTC 19-04-2026 05:30:42.85
GpsMilliseconds 1460611860847
22.3149851,87.3263598, EA(3m)
AltWgs84 -25.2 m, EA(7m)
Hdg 46 deg, Spd 0.0 m/s
EA(42.3 deg, 2.9 m/s)</description>
      <Style>
        <IconStyle>
          <Icon>
            <href>http://maps.google.com/mapfiles/kml/shapes/shaded_dot.png</href>
          </Icon>
          <scale>0.6</scale>
          <color>bf3744db</color>
        </IconStyle>
      </Style>
      <Point>
        <altitudeMode>clampToGround</altitudeMode>
        <coordinates>87.3263597853367,22.3149850710444,0</coordinates>
      </Point>
    </Placemark>
    <Placemark>
      <Snippet maxLines="0"> </Snippet>
      <description>205
UTC 19-04-2026 05:30:43.86
GpsMilliseconds 1460611861859
22.3149080,87.3263993, EA(3m)
AltWgs84 -16.0 m, EA(6m)
Hdg 102 deg, Spd 0.0 m/s
EA(42.6 deg, 2.9 m/s)</description>
      <Style>
        <IconStyle>
          <Icon>
            <href>http://maps.google.com/mapfiles/kml/shapes/shaded_dot.png</href>
          </Icon>
          <scale>0.6</scale>
          <color>bf3744db</color>
        </IconStyle>
      </Style>
      <Point>
        <altitudeMode>clampToGround</altitudeMode>
        <coordinates>87.3263992953654,22.3149079730946,0</coordinates>
      </Point>
    </Placemark>
    <Placemark>
      <Snippet maxLines="0"> </Snippet>
      <description>206
UTC 19-04-2026 05:30:44.87
GpsMilliseconds 1460611862869
22.3148874,87.3263505, EA(3m)
AltWgs84 -17.3 m, EA(6m)
Hdg 80 deg, Spd 0.0 m/s
EA(41.6 deg, 2.9 m/s)</description>
      <Style>
        <IconStyle>
          <Icon>
            <href>http://maps.google.com/mapfiles/kml/shapes/shaded_dot.png</href>
          </Icon>
          <scale>0.6</scale>
          <color>bf3744db</color>
        </IconStyle>
      </Style>
      <Point>
        <altitudeMode>clampToGround</altitudeMode>
        <coordinates>87.3263505123273,22.3148874314071,0</coordinates>
      </Point>
    </Placemark>
    <Placemark>
      <Snippet maxLines="0"> </Snippet>
      <description>207
UTC 19-04-2026 05:30:45.85
GpsMilliseconds 1460611863848
22.3148467,87.3263315, EA(3m)
AltWgs84 -16.7 m, EA(6m)
Hdg 75 deg, Spd 0.1 m/s
EA(58.6 deg, 4.2 m/s)</description>
      <Style>
        <IconStyle>
          <Icon>
            <href>http://maps.google.com/mapfiles/kml/shapes/shaded_dot.png</href>
          </Icon>
          <scale>0.6</scale>
          <color>bf3744db</color>
        </IconStyle>
      </Style>
      <Point>
        <altitudeMode>clampToGround</altitudeMode>
        <coordinates>87.3263314612279,22.3148466532949,0</coordinates>
      </Point>
    </Placemark>
    <Placemark>
      <Snippet maxLines="0"> </Snippet>
      <description>208
UTC 19-04-2026 05:30:46.87
GpsMilliseconds 1460611864871
22.3148542,87.3263701, EA(3m)
AltWgs84 -16.5 m, EA(6m)
Hdg 269 deg, Spd 0.0 m/s
EA(41.2 deg, 2.8 m/s)</description>
      <Style>
        <IconStyle>
          <Icon>
            <href>http://maps.google.com/mapfiles/kml/shapes/shaded_dot.png</href>
          </Icon>
          <scale>0.6</scale>
          <color>bf3744db</color>
        </IconStyle>
      </Style>
      <Point>
        <altitudeMode>clampToGround</altitudeMode>
        <coordinates>87.326370060685,22.3148542281746,0</coordinates>
      </Point>
    </Placemark>
    <Placemark>
      <Snippet maxLines="0"> </Snippet>
      <description>209
UTC 19-04-2026 05:30:47.85
GpsMilliseconds 1460611865849
22.3148837,87.3263134, EA(3m)
AltWgs84 -11.0 m, EA(6m)
Hdg 341 deg, Spd 0.0 m/s
EA(40.2 deg, 2.9 m/s)</description>
      <Style>
        <IconStyle>
          <Icon>
            <href>http://maps.google.com/mapfiles/kml/shapes/shaded_dot.png</href>
          </Icon>
          <scale>0.6</scale>
          <color>bf3744db</color>
        </IconStyle>
      </Style>
      <Point>
        <altitudeMode>clampToGround</altitudeMode>
        <coordinates>87.3263134100799,22.3148836914306,0</coordinates>
      </Point>
    </Placemark>
    <Placemark>
      <Snippet maxLines="0"> </Snippet>
      <description>210
UTC 19-04-2026 05:30:48.87
GpsMilliseconds 1460611866873
22.3148644,87.3263848, EA(3m)
AltWgs84 -9.1 m, EA(6m)
Hdg 293 deg, Spd 0.0 m/s
EA(40.6 deg, 2.8 m/s)</description>
      <Style>
        <IconStyle>
          <Icon>
            <href>http://maps.google.com/mapfiles/kml/shapes/shaded_dot.png</href>
          </Icon>
          <scale>0.6</scale>
          <color>bf3744db</color>
        </IconStyle>
      </Style>
      <Point>
        <altitudeMode>clampToGround</altitudeMode>
        <coordinates>87.326384828507,22.3148643995917,0</coordinates>
      </Point>
    </Placemark>
    <Placemark>
      <Snippet maxLines="0"> </Snippet>
      <description>211
UTC 19-04-2026 05:30:49.85
GpsMilliseconds 1460611867851
22.3148368,87.3263391, EA(3m)
AltWgs84 -3.3 m, EA(6m)
Hdg 42 deg, Spd 0.0 m/s
EA(41.7 deg, 2.8 m/s)</description>
      <Style>
        <IconStyle>
          <Icon>
            <href>http://maps.google.com/mapfiles/kml/shapes/shaded_dot.png</href>
          </Icon>
          <scale>0.6</scale>
          <color>bf3744db</color>
        </IconStyle>
      </Style>
      <Point>
        <altitudeMode>clampToGround</altitudeMode>
        <coordinates>87.3263390595,22.3148367508325,0</coordinates>
      </Point>
    </Placemark>
    <Placemark>
      <Snippet maxLines="0"> </Snippet>
      <description>212
UTC 19-04-2026 05:30:50.86
GpsMilliseconds 1460611868857
22.3148185,87.3263920, EA(3m)
AltWgs84 -14.9 m, EA(6m)
Hdg 275 deg, Spd 0.0 m/s
EA(43.1 deg, 2.9 m/s)</description>
      <Style>
        <IconStyle>
          <Icon>
            <href>http://maps.google.com/mapfiles/kml/shapes/shaded_dot.png</href>
          </Icon>
          <scale>0.6</scale>
          <color>bf3744db</color>
        </IconStyle>
      </Style>
      <Point>
        <altitudeMode>clampToGround</altitudeMode>
        <coordinates>87.3263919544482,22.3148185042948,0</coordinates>
      </Point>
    </Placemark>
    <Placemark>
      <Snippet maxLines="0"> </Snippet>
      <description>213
UTC 19-04-2026 05:30:51.88
GpsMilliseconds 1460611869879
22.3148347,87.3263520, EA(3m)
AltWgs84 -12.9 m, EA(7m)
Hdg 197 deg, Spd 0.0 m/s
EA(43.7 deg, 2.9 m/s)</description>
      <Style>
        <IconStyle>
          <Icon>
            <href>http://maps.google.com/mapfiles/kml/shapes/shaded_dot.png</href>
          </Icon>
          <scale>0.6</scale>
          <color>bf3744db</color>
        </IconStyle>
      </Style>
      <Point>
        <altitudeMode>clampToGround</altitudeMode>
        <coordinates>87.3263519684369,22.3148346587139,0</coordinates>
      </Point>
    </Placemark>
    <Placemark>
      <Snippet maxLines="0"> </Snippet>
      <description>214
UTC 19-04-2026 05:30:52.85
GpsMilliseconds 1460611870850
22.3148438,87.3264214, EA(3m)
AltWgs84 -16.6 m, EA(7m)
Hdg 310 deg, Spd 0.0 m/s
EA(50.2 deg, 3.3 m/s)</description>
      <Style>
        <IconStyle>
          <Icon>
            <href>http://maps.google.com/mapfiles/kml/shapes/shaded_dot.png</href>
          </Icon>
          <scale>0.6</scale>
          <color>bf3744db</color>
        </IconStyle>
      </Style>
      <Point>
        <altitudeMode>clampToGround</altitudeMode>
        <coordinates>87.3264214205005,22.3148437596076,0</coordinates>
      </Point>
    </Placemark>
    <Placemark>
      <Snippet maxLines="0"> </Snippet>
      <description>215
UTC 19-04-2026 05:30:53.86
GpsMilliseconds 1460611871857
22.3148575,87.3264272, EA(3m)
AltWgs84 -9.6 m, EA(7m)
Hdg 159 deg, Spd 0.0 m/s
EA(41.4 deg, 2.9 m/s)</description>
      <Style>
        <IconStyle>
          <Icon>
            <href>http://maps.google.com/mapfiles/kml/shapes/shaded_dot.png</href>
          </Icon>
          <scale>0.6</scale>
          <color>bf3744db</color>
        </IconStyle>
      </Style>
      <Point>
        <altitudeMode>clampToGround</altitudeMode>
        <coordinates>87.3264271733936,22.3148574988487,0</coordinates>
      </Point>
    </Placemark>
    <Placemark>
      <Snippet maxLines="0"> </Snippet>
      <description>216
UTC 19-04-2026 05:30:54.88
GpsMilliseconds 1460611872875
22.3149291,87.3263562, EA(3m)
AltWgs84 -15.0 m, EA(6m)
Hdg 102 deg, Spd 0.1 m/s
EA(41.3 deg, 3.2 m/s)</description>
      <Style>
        <IconStyle>
          <Icon>
            <href>http://maps.google.com/mapfiles/kml/shapes/shaded_dot.png</href>
          </Icon>
          <scale>0.6</scale>
          <color>bf3744db</color>
        </IconStyle>
      </Style>
      <Point>
        <altitudeMode>clampToGround</altitudeMode>
        <coordinates>87.326356227687,22.3149291499201,0</coordinates>
      </Point>
    </Placemark>
    <Placemark>
      <Snippet maxLines="0"> </Snippet>
      <description>217
UTC 19-04-2026 05:30:55.85
GpsMilliseconds 1460611873854
22.3148757,87.3263318, EA(3m)
AltWgs84 -12.4 m, EA(6m)
Hdg 181 deg, Spd 0.0 m/s
EA(42.0 deg, 2.9 m/s)</description>
      <Style>
        <IconStyle>
          <Icon>
            <href>http://maps.google.com/mapfiles/kml/shapes/shaded_dot.png</href>
          </Icon>
          <scale>0.6</scale>
          <color>bf3744db</color>
        </IconStyle>
      </Style>
      <Point>
        <altitudeMode>clampToGround</altitudeMode>
        <coordinates>87.3263318089686,22.3148757448136,0</coordinates>
      </Point>
    </Placemark>
    <Placemark>
      <Snippet maxLines="0"> </Snippet>
      <description>218
UTC 19-04-2026 05:30:56.88
GpsMilliseconds 1460611874881
22.3148528,87.3263156, EA(3m)
AltWgs84 -7.0 m, EA(6m)
Hdg 107 deg, Spd 0.0 m/s
EA(41.8 deg, 2.9 m/s)</description>
      <Style>
        <IconStyle>
          <Icon>
            <href>http://maps.google.com/mapfiles/kml/shapes/shaded_dot.png</href>
          </Icon>
          <scale>0.6</scale>
          <color>bf3744db</color>
        </IconStyle>
      </Style>
      <Point>
        <altitudeMode>clampToGround</altitudeMode>
        <coordinates>87.3263155615038,22.3148527575722,0</coordinates>
      </Point>
    </Placemark>
    <Placemark>
      <Snippet maxLines="0"> </Snippet>
      <description>219
UTC 19-04-2026 05:30:57.86
GpsMilliseconds 1460611875856
22.3148696,87.3264164, EA(3m)
AltWgs84 -19.9 m, EA(6m)
Hdg 6 deg, Spd 0.0 m/s
EA(42.2 deg, 2.9 m/s)</description>
      <Style>
        <IconStyle>
          <Icon>
            <href>http://maps.google.com/mapfiles/kml/shapes/shaded_dot.png</href>
          </Icon>
          <scale>0.6</scale>
          <color>bf3744db</color>
        </IconStyle>
      </Style>
      <Point>
        <altitudeMode>clampToGround</altitudeMode>
        <coordinates>87.326416396668,22.3148696170681,0</coordinates>
      </Point>
    </Placemark>
    <Placemark>
      <Snippet maxLines="0"> </Snippet>
      <description>220
UTC 19-04-2026 05:30:58.86
GpsMilliseconds 1460611876864
22.3148873,87.3263609, EA(3m)
AltWgs84 -9.0 m, EA(6m)
Hdg 24 deg, Spd 0.0 m/s
EA(43.7 deg, 2.8 m/s)</description>
      <Style>
        <IconStyle>
          <Icon>
            <href>http://maps.google.com/mapfiles/kml/shapes/shaded_dot.png</href>
          </Icon>
          <scale>0.6</scale>
          <color>bf3744db</color>
        </IconStyle>
      </Style>
      <Point>
        <altitudeMode>clampToGround</altitudeMode>
        <coordinates>87.3263608927933,22.3148872595843,0</coordinates>
      </Point>
    </Placemark>
    <Placemark>
      <Snippet maxLines="0"> </Snippet>
      <description>221
UTC 19-04-2026 05:30:59.88
GpsMilliseconds 1460611877881
22.3148440,87.3263468, EA(3m)
AltWgs84 -6.8 m, EA(6m)
Hdg 41 deg, Spd 0.0 m/s
EA(41.3 deg, 2.9 m/s)</description>
      <Style>
        <IconStyle>
          <Icon>
            <href>http://maps.google.com/mapfiles/kml/shapes/shaded_dot.png</href>
          </Icon>
          <scale>0.6</scale>
          <color>bf3744db</color>
        </IconStyle>
      </Style>
      <Point>
        <altitudeMode>clampToGround</altitudeMode>
        <coordinates>87.3263467982922,22.3148439896941,0</coordinates>
      </Point>
    </Placemark>
    <Placemark>
      <Snippet maxLines="0"> </Snippet>
      <description>222
UTC 19-04-2026 05:31:00.87
GpsMilliseconds 1460611878870
22.3148680,87.3263648, EA(3m)
AltWgs84 -17.3 m, EA(6m)
Hdg 40 deg, Spd 0.0 m/s
EA(42.5 deg, 2.9 m/s)</description>
      <Style>
        <IconStyle>
          <Icon>
            <href>http://maps.google.com/mapfiles/kml/shapes/shaded_dot.png</href>
          </Icon>
          <scale>0.6</scale>
          <color>bf3744db</color>
        </IconStyle>
      </Style>
      <Point>
        <altitudeMode>clampToGround</altitudeMode>
        <coordinates>87.3263648292781,22.3148680186717,0</coordinates>
      </Point>
    </Placemark>
    <Placemark>
      <Snippet maxLines="0"> </Snippet>
      <description>223
UTC 19-04-2026 05:31:01.88
GpsMilliseconds 1460611879879
22.3148527,87.3263808, EA(3m)
AltWgs84 -4.8 m, EA(6m)
Hdg 130 deg, Spd 0.0 m/s
EA(46.0 deg, 3.2 m/s)</description>
      <Style>
        <IconStyle>
          <Icon>
            <href>http://maps.google.com/mapfiles/kml/shapes/shaded_dot.png</href>
          </Icon>
          <scale>0.6</scale>
          <color>bf3744db</color>
        </IconStyle>
      </Style>
      <Point>
        <altitudeMode>clampToGround</altitudeMode>
        <coordinates>87.3263808356733,22.3148527186329,0</coordinates>
      </Point>
    </Placemark>
    <Placemark>
      <Snippet maxLines="0"> </Snippet>
      <description>224
UTC 19-04-2026 05:31:02.86
GpsMilliseconds 1460611880862
22.3148734,87.3263570, EA(3m)
AltWgs84 -10.1 m, EA(6m)
Hdg 138 deg, Spd 0.0 m/s
EA(42.0 deg, 2.9 m/s)</description>
      <Style>
        <IconStyle>
          <Icon>
            <href>http://maps.google.com/mapfiles/kml/shapes/shaded_dot.png</href>
          </Icon>
          <scale>0.6</scale>
          <color>bf3744db</color>
        </IconStyle>
      </Style>
      <Point>
        <altitudeMode>clampToGround</altitudeMode>
        <coordinates>87.3263570415339,22.3148733974531,0</coordinates>
      </Point>
    </Placemark>
    <Placemark>
      <Snippet maxLines="0"> </Snippet>
      <description>225
UTC 19-04-2026 05:31:03.85
GpsMilliseconds 1460611881852
22.3148598,87.3263447, EA(3m)
AltWgs84 -23.3 m, EA(6m)
Hdg 65 deg, Spd 0.0 m/s
EA(46.7 deg, 3.2 m/s)</description>
      <Style>
        <IconStyle>
          <Icon>
            <href>http://maps.google.com/mapfiles/kml/shapes/shaded_dot.png</href>
          </Icon>
          <scale>0.6</scale>
          <color>bf3744db</color>
        </IconStyle>
      </Style>
      <Point>
        <altitudeMode>clampToGround</altitudeMode>
        <coordinates>87.326344699722,22.3148598139156,0</coordinates>
      </Point>
    </Placemark>
    <Placemark>
      <Snippet maxLines="0"> </Snippet>
      <description>226
UTC 19-04-2026 05:31:04.88
GpsMilliseconds 1460611882879
22.3148727,87.3263465, EA(3m)
AltWgs84 -19.8 m, EA(6m)
Hdg 70 deg, Spd 0.0 m/s
EA(41.3 deg, 2.9 m/s)</description>
      <Style>
        <IconStyle>
          <Icon>
            <href>http://maps.google.com/mapfiles/kml/shapes/shaded_dot.png</href>
          </Icon>
          <scale>0.6</scale>
          <color>bf3744db</color>
        </IconStyle>
      </Style>
      <Point>
        <altitudeMode>clampToGround</altitudeMode>
        <coordinates>87.326346518453,22.3148727242391,0</coordinates>
      </Point>
    </Placemark>
    <Placemark>
      <Snippet maxLines="0"> </Snippet>
      <description>227
UTC 19-04-2026 05:31:05.86
GpsMilliseconds 1460611883862
22.3148540,87.3263456, EA(3m)
AltWgs84 -14.4 m, EA(6m)
Hdg 214 deg, Spd 0.0 m/s
EA(40.7 deg, 2.8 m/s)</description>
      <Style>
        <IconStyle>
          <Icon>
            <href>http://maps.google.com/mapfiles/kml/shapes/shaded_dot.png</href>
          </Icon>
          <scale>0.6</scale>
          <color>bf3744db</color>
        </IconStyle>
      </Style>
      <Point>
        <altitudeMode>clampToGround</altitudeMode>
        <coordinates>87.3263456213527,22.3148539610466,0</coordinates>
      </Point>
    </Placemark>
    <Placemark>
      <Snippet maxLines="0"> </Snippet>
      <description>228
UTC 19-04-2026 05:31:06.89
GpsMilliseconds 1460611884886
22.3148946,87.3263102, EA(3m)
AltWgs84 -18.1 m, EA(6m)
Hdg 305 deg, Spd 0.0 m/s
EA(41.6 deg, 2.9 m/s)</description>
      <Style>
        <IconStyle>
          <Icon>
            <href>http://maps.google.com/mapfiles/kml/shapes/shaded_dot.png</href>
          </Icon>
          <scale>0.6</scale>
          <color>bf3744db</color>
        </IconStyle>
      </Style>
      <Point>
        <altitudeMode>clampToGround</altitudeMode>
        <coordinates>87.3263101848107,22.3148945814125,0</coordinates>
      </Point>
    </Placemark>
    <Placemark>
      <Snippet maxLines="0"> </Snippet>
      <description>229
UTC 19-04-2026 05:31:07.86
GpsMilliseconds 1460611885861
22.3148741,87.3263670, EA(3m)
AltWgs84 -8.5 m, EA(6m)
Hdg 248 deg, Spd 0.0 m/s
EA(39.5 deg, 3.0 m/s)</description>
      <Style>
        <IconStyle>
          <Icon>
            <href>http://maps.google.com/mapfiles/kml/shapes/shaded_dot.png</href>
          </Icon>
          <scale>0.6</scale>
          <color>bf3744db</color>
        </IconStyle>
      </Style>
      <Point>
        <altitudeMode>clampToGround</altitudeMode>
        <coordinates>87.3263670488942,22.3148740730956,0</coordinates>
      </Point>
    </Placemark>
    <Placemark>
      <Snippet maxLines="0"> </Snippet>
      <description>230
UTC 19-04-2026 05:31:08.88
GpsMilliseconds 1460611886877
22.3148475,87.3263227, EA(3m)
AltWgs84 -24.6 m, EA(7m)
Hdg 284 deg, Spd 0.0 m/s
EA(47.3 deg, 3.4 m/s)</description>
      <Style>
        <IconStyle>
          <Icon>
            <href>http://maps.google.com/mapfiles/kml/shapes/shaded_dot.png</href>
          </Icon>
          <scale>0.6</scale>
          <color>bf3744db</color>
        </IconStyle>
      </Style>
      <Point>
        <altitudeMode>clampToGround</altitudeMode>
        <coordinates>87.3263227152289,22.314847486304,0</coordinates>
      </Point>
    </Placemark>
    <Placemark>
      <Snippet maxLines="0"> </Snippet>
      <description>231
UTC 19-04-2026 05:31:09.88
GpsMilliseconds 1460611887876
22.3148309,87.3262812, EA(3m)
AltWgs84 -20.2 m, EA(7m)
Hdg 155 deg, Spd 0.0 m/s
EA(48.4 deg, 3.3 m/s)</description>
      <Style>
        <IconStyle>
          <Icon>
            <href>http://maps.google.com/mapfiles/kml/shapes/shaded_dot.png</href>
          </Icon>
          <scale>0.6</scale>
          <color>bf3744db</color>
        </IconStyle>
      </Style>
      <Point>
        <altitudeMode>clampToGround</altitudeMode>
        <coordinates>87.3262811673812,22.3148309330787,0</coordinates>
      </Point>
    </Placemark>
    <Placemark>
      <Snippet maxLines="0"> </Snippet>
      <description>232
UTC 19-04-2026 05:31:10.86
GpsMilliseconds 1460611888863
22.3148697,87.3263058, EA(3m)
AltWgs84 -4.3 m, EA(7m)
Hdg 100 deg, Spd 0.0 m/s
EA(36.1 deg, 3.1 m/s)</description>
      <Style>
        <IconStyle>
          <Icon>
            <href>http://maps.google.com/mapfiles/kml/shapes/shaded_dot.png</href>
          </Icon>
          <scale>0.6</scale>
          <color>bf3744db</color>
        </IconStyle>
      </Style>
      <Point>
        <altitudeMode>clampToGround</altitudeMode>
        <coordinates>87.3263058234083,22.3148697448387,0</coordinates>
      </Point>
    </Placemark>
    <Placemark>
      <Snippet maxLines="0"> </Snippet>
      <description>233
UTC 19-04-2026 05:31:11.89
GpsMilliseconds 1460611889891
22.3148508,87.3263512, EA(3m)
AltWgs84 -14.5 m, EA(6m)
Hdg 207 deg, Spd 0.0 m/s
EA(38.6 deg, 2.9 m/s)</description>
      <Style>
        <IconStyle>
          <Icon>
            <href>http://maps.google.com/mapfiles/kml/shapes/shaded_dot.png</href>
          </Icon>
          <scale>0.6</scale>
          <color>bf3744db</color>
        </IconStyle>
      </Style>
      <Point>
        <altitudeMode>clampToGround</altitudeMode>
        <coordinates>87.3263511619389,22.3148508268009,0</coordinates>
      </Point>
    </Placemark>
    <Placemark>
      <Snippet maxLines="0"> </Snippet>
      <description>234
UTC 19-04-2026 05:31:12.86
GpsMilliseconds 1460611890862
22.3148818,87.3262973, EA(3m)
AltWgs84 -29.5 m, EA(6m)
Hdg 212 deg, Spd 0.0 m/s
EA(44.6 deg, 3.3 m/s)</description>
      <Style>
        <IconStyle>
          <Icon>
            <href>http://maps.google.com/mapfiles/kml/shapes/shaded_dot.png</href>
          </Icon>
          <scale>0.6</scale>
          <color>bf3744db</color>
        </IconStyle>
      </Style>
      <Point>
        <altitudeMode>clampToGround</altitudeMode>
        <coordinates>87.326297279033,22.3148818133165,0</coordinates>
      </Point>
    </Placemark>
    <Placemark>
      <Snippet maxLines="0"> </Snippet>
      <description>235
UTC 19-04-2026 05:31:13.87
GpsMilliseconds 1460611891869
22.3148511,87.3263167, EA(3m)
AltWgs84 -7.6 m, EA(6m)
Hdg 152 deg, Spd 0.0 m/s
EA(36.2 deg, 3.1 m/s)</description>
      <Style>
        <IconStyle>
          <Icon>
            <href>http://maps.google.com/mapfiles/kml/shapes/shaded_dot.png</href>
          </Icon>
          <scale>0.6</scale>
          <color>bf3744db</color>
        </IconStyle>
      </Style>
      <Point>
        <altitudeMode>clampToGround</altitudeMode>
        <coordinates>87.326316684472,22.3148510694011,0</coordinates>
      </Point>
    </Placemark>
    <Placemark>
      <Snippet maxLines="0"> </Snippet>
      <description>236
UTC 19-04-2026 05:31:14.89
GpsMilliseconds 1460611892894
22.3148858,87.3263238, EA(3m)
AltWgs84 -15.6 m, EA(7m)
Hdg 191 deg, Spd 0.0 m/s
EA(36.5 deg, 3.1 m/s)</description>
      <Style>
        <IconStyle>
          <Icon>
            <href>http://maps.google.com/mapfiles/kml/shapes/shaded_dot.png</href>
          </Icon>
          <scale>0.6</scale>
          <color>bf3744db</color>
        </IconStyle>
      </Style>
      <Point>
        <altitudeMode>clampToGround</altitudeMode>
        <coordinates>87.3263238464783,22.3148858085984,0</coordinates>
      </Point>
    </Placemark>
    <Placemark>
      <Snippet maxLines="0"> </Snippet>
      <description>237
UTC 19-04-2026 05:31:15.86
GpsMilliseconds 1460611893862
22.3149041,87.3262899, EA(3m)
AltWgs84 -17.8 m, EA(7m)
Hdg 91 deg, Spd 0.1 m/s
EA(42.4 deg, 3.4 m/s)</description>
      <Style>
        <IconStyle>
          <Icon>
            <href>http://maps.google.com/mapfiles/kml/shapes/shaded_dot.png</href>
          </Icon>
          <scale>0.6</scale>
          <color>bf3744db</color>
        </IconStyle>
      </Style>
      <Point>
        <altitudeMode>clampToGround</altitudeMode>
        <coordinates>87.3262899386273,22.3149041402551,0</coordinates>
      </Point>
    </Placemark>
    <Placemark>
      <Snippet maxLines="0"> </Snippet>
      <description>238
UTC 19-04-2026 05:31:16.89
GpsMilliseconds 1460611894886
22.3148711,87.3263231, EA(3m)
AltWgs84 -14.9 m, EA(7m)
Hdg 122 deg, Spd 0.0 m/s
EA(35.7 deg, 3.1 m/s)</description>
      <Style>
        <IconStyle>
          <Icon>
            <href>http://maps.google.com/mapfiles/kml/shapes/shaded_dot.png</href>
          </Icon>
          <scale>0.6</scale>
          <color>bf3744db</color>
        </IconStyle>
      </Style>
      <Point>
        <altitudeMode>clampToGround</altitudeMode>
        <coordinates>87.3263230684709,22.3148711210675,0</coordinates>
      </Point>
    </Placemark>
    <Placemark>
      <Snippet maxLines="0"> </Snippet>
      <description>239
UTC 19-04-2026 05:31:17.87
GpsMilliseconds 1460611895867
22.3148503,87.3263106, EA(3m)
AltWgs84 -16.1 m, EA(7m)
Hdg 316 deg, Spd 0.0 m/s
EA(42.8 deg, 3.2 m/s)</description>
      <Style>
        <IconStyle>
          <Icon>
            <href>http://maps.google.com/mapfiles/kml/shapes/shaded_dot.png</href>
          </Icon>
          <scale>0.6</scale>
          <color>bf3744db</color>
        </IconStyle>
      </Style>
      <Point>
        <altitudeMode>clampToGround</altitudeMode>
        <coordinates>87.3263105896547,22.3148503355945,0</coordinates>
      </Point>
    </Placemark>
    <Placemark>
      <Snippet maxLines="0"> </Snippet>
      <description>240
UTC 19-04-2026 05:31:18.87
GpsMilliseconds 1460611896870
22.3148334,87.3263638, EA(3m)
AltWgs84 0.8 m, EA(6m)
Hdg 207 deg, Spd 0.0 m/s
EA(33.6 deg, 3.0 m/s)</description>
      <Style>
        <IconStyle>
          <Icon>
            <href>http://maps.google.com/mapfiles/kml/shapes/shaded_dot.png</href>
          </Icon>
          <scale>0.6</scale>
          <color>bf3744db</color>
        </IconStyle>
      </Style>
      <Point>
        <altitudeMode>clampToGround</altitudeMode>
        <coordinates>87.3263637862928,22.3148333582792,0</coordinates>
      </Point>
    </Placemark>
    <Placemark>
      <Snippet maxLines="0"> </Snippet>
      <description>241
UTC 19-04-2026 05:31:19.89
GpsMilliseconds 1460611897890
22.3148511,87.3263930, EA(3m)
AltWgs84 -1.4 m, EA(7m)
Hdg 289 deg, Spd 0.0 m/s
EA(34.9 deg, 3.1 m/s)</description>
      <Style>
        <IconStyle>
          <Icon>
            <href>http://maps.google.com/mapfiles/kml/shapes/shaded_dot.png</href>
          </Icon>
          <scale>0.6</scale>
          <color>bf3744db</color>
        </IconStyle>
      </Style>
      <Point>
        <altitudeMode>clampToGround</altitudeMode>
        <coordinates>87.3263930043646,22.3148510668589,0</coordinates>
      </Point>
    </Placemark>
    <Placemark>
      <Snippet maxLines="0"> </Snippet>
      <description>242
UTC 19-04-2026 05:31:20.87
GpsMilliseconds 1460611898869
22.3148493,87.3263226, EA(3m)
AltWgs84 15.1 m, EA(7m)
Hdg 314 deg, Spd 0.0 m/s
EA(28.7 deg, 3.2 m/s)</description>
      <Style>
        <IconStyle>
          <Icon>
            <href>http://maps.google.com/mapfiles/kml/shapes/shaded_dot.png</href>
          </Icon>
          <scale>0.6</scale>
          <color>bf3744db</color>
        </IconStyle>
      </Style>
      <Point>
        <altitudeMode>clampToGround</altitudeMode>
        <coordinates>87.3263225859601,22.3148492636025,0</coordinates>
      </Point>
    </Placemark>
    <Placemark>
      <Snippet maxLines="0"> </Snippet>
      <description>243
UTC 19-04-2026 05:31:21.90
GpsMilliseconds 1460611899904
22.3148755,87.3262982, EA(3m)
AltWgs84 -12.6 m, EA(7m)
Hdg 302 deg, Spd 0.0 m/s
EA(43.2 deg, 3.2 m/s)</description>
      <Style>
        <IconStyle>
          <Icon>
            <href>http://maps.google.com/mapfiles/kml/shapes/shaded_dot.png</href>
          </Icon>
          <scale>0.6</scale>
          <color>bf3744db</color>
        </IconStyle>
      </Style>
      <Point>
        <altitudeMode>clampToGround</altitudeMode>
        <coordinates>87.3262982205586,22.3148754996157,0</coordinates>
      </Point>
    </Placemark>
    <Placemark>
      <Snippet maxLines="0"> </Snippet>
      <description>244
UTC 19-04-2026 05:31:22.87
GpsMilliseconds 1460611900868
22.3148334,87.3263288, EA(3m)
AltWgs84 5.5 m, EA(7m)
Hdg 171 deg, Spd 0.0 m/s
EA(30.5 deg, 3.3 m/s)</description>
      <Style>
        <IconStyle>
          <Icon>
            <href>http://maps.google.com/mapfiles/kml/shapes/shaded_dot.png</href>
          </Icon>
          <scale>0.6</scale>
          <color>bf3744db</color>
        </IconStyle>
      </Style>
      <Point>
        <altitudeMode>clampToGround</altitudeMode>
        <coordinates>87.3263288371748,22.314833408023,0</coordinates>
      </Point>
    </Placemark>
    <Placemark>
      <Snippet maxLines="0"> </Snippet>
      <description>245
UTC 19-04-2026 05:31:23.87
GpsMilliseconds 1460611901868
22.3148287,87.3263029, EA(3m)
AltWgs84 -7.8 m, EA(7m)
Hdg 263 deg, Spd 0.0 m/s
EA(40.6 deg, 3.5 m/s)</description>
      <Style>
        <IconStyle>
          <Icon>
            <href>http://maps.google.com/mapfiles/kml/shapes/shaded_dot.png</href>
          </Icon>
          <scale>0.6</scale>
          <color>bf3744db</color>
        </IconStyle>
      </Style>
      <Point>
        <altitudeMode>clampToGround</altitudeMode>
        <coordinates>87.3263028916667,22.3148286980074,0</coordinates>
      </Point>
    </Placemark>
    <Placemark>
      <Snippet maxLines="0"> </Snippet>
      <description>246
UTC 19-04-2026 05:31:24.89
GpsMilliseconds 1460611902890
22.3148166,87.3263324, EA(3m)
AltWgs84 6.4 m, EA(7m)
Hdg 262 deg, Spd 0.0 m/s
EA(37.0 deg, 3.0 m/s)</description>
      <Style>
        <IconStyle>
          <Icon>
            <href>http://maps.google.com/mapfiles/kml/shapes/shaded_dot.png</href>
          </Icon>
          <scale>0.6</scale>
          <color>bf3744db</color>
        </IconStyle>
      </Style>
      <Point>
        <altitudeMode>clampToGround</altitudeMode>
        <coordinates>87.3263323895499,22.3148165522952,0</coordinates>
      </Point>
    </Placemark>
    <Placemark>
      <Snippet maxLines="0"> </Snippet>
      <description>247
UTC 19-04-2026 05:31:25.88
GpsMilliseconds 1460611903882
22.3148610,87.3263159, EA(3m)
AltWgs84 -7.9 m, EA(7m)
Hdg 62 deg, Spd 0.1 m/s
EA(34.2 deg, 3.3 m/s)</description>
      <Style>
        <IconStyle>
          <Icon>
            <href>http://maps.google.com/mapfiles/kml/shapes/shaded_dot.png</href>
          </Icon>
          <scale>0.6</scale>
          <color>bf3744db</color>
        </IconStyle>
      </Style>
      <Point>
        <altitudeMode>clampToGround</altitudeMode>
        <coordinates>87.3263159015232,22.314861047721,0</coordinates>
      </Point>
    </Placemark>
    <Placemark>
      <Snippet maxLines="0"> </Snippet>
      <description>248
UTC 19-04-2026 05:31:26.89
GpsMilliseconds 1460611904890
22.3148205,87.3263105, EA(3m)
AltWgs84 -0.5 m, EA(6m)
Hdg 186 deg, Spd 0.0 m/s
EA(35.8 deg, 3.0 m/s)</description>
      <Style>
        <IconStyle>
          <Icon>
            <href>http://maps.google.com/mapfiles/kml/shapes/shaded_dot.png</href>
          </Icon>
          <scale>0.6</scale>
          <color>bf3744db</color>
        </IconStyle>
      </Style>
      <Point>
        <altitudeMode>clampToGround</altitudeMode>
        <coordinates>87.3263104742987,22.3148204924179,0</coordinates>
      </Point>
    </Placemark>
    <Placemark>
      <Snippet maxLines="0"> </Snippet>
      <description>249
UTC 19-04-2026 05:31:27.88
GpsMilliseconds 1460611905878
22.3148515,87.3263067, EA(3m)
AltWgs84 -8.8 m, EA(6m)
Hdg 356 deg, Spd 0.0 m/s
EA(37.2 deg, 3.0 m/s)</description>
      <Style>
        <IconStyle>
          <Icon>
            <href>http://maps.google.com/mapfiles/kml/shapes/shaded_dot.png</href>
          </Icon>
          <scale>0.6</scale>
          <color>bf3744db</color>
        </IconStyle>
      </Style>
      <Point>
        <altitudeMode>clampToGround</altitudeMode>
        <coordinates>87.3263066879094,22.31485145055,0</coordinates>
      </Point>
    </Placemark>
    <Placemark>
      <Snippet maxLines="0"> </Snippet>
      <description>250
UTC 19-04-2026 05:31:28.88
GpsMilliseconds 1460611906876
22.3149386,87.3262742, EA(3m)
AltWgs84 -17.3 m, EA(7m)
Hdg 19 deg, Spd 0.0 m/s
EA(37.3 deg, 3.1 m/s)</description>
      <Style>
        <IconStyle>
          <Icon>
            <href>http://maps.google.com/mapfiles/kml/shapes/shaded_dot.png</href>
          </Icon>
          <scale>0.6</scale>
          <color>bf3744db</color>
        </IconStyle>
      </Style>
      <Point>
        <altitudeMode>clampToGround</altitudeMode>
        <coordinates>87.326274243605,22.3149386481009,0</coordinates>
      </Point>
    </Placemark>
    <Placemark>
      <Snippet maxLines="0"> </Snippet>
      <description>251
UTC 19-04-2026 05:31:29.89
GpsMilliseconds 1460611907889
22.3148660,87.3263108, EA(3m)
AltWgs84 8.4 m, EA(7m)
Hdg 159 deg, Spd 0.0 m/s
EA(34.7 deg, 3.2 m/s)</description>
      <Style>
        <IconStyle>
          <Icon>
            <href>http://maps.google.com/mapfiles/kml/shapes/shaded_dot.png</href>
          </Icon>
          <scale>0.6</scale>
          <color>bf3744db</color>
        </IconStyle>
      </Style>
      <Point>
        <altitudeMode>clampToGround</altitudeMode>
        <coordinates>87.3263108042889,22.3148659948057,0</coordinates>
      </Point>
    </Placemark>
    <Placemark>
      <Snippet maxLines="0"> </Snippet>
      <description>252
UTC 19-04-2026 05:31:30.87
GpsMilliseconds 1460611908869
22.3148495,87.3263184, EA(3m)
AltWgs84 9.3 m, EA(7m)
Hdg 71 deg, Spd 0.0 m/s
EA(42.3 deg, 3.2 m/s)</description>
      <Style>
        <IconStyle>
          <Icon>
            <href>http://maps.google.com/mapfiles/kml/shapes/shaded_dot.png</href>
          </Icon>
          <scale>0.6</scale>
          <color>bf3744db</color>
        </IconStyle>
      </Style>
      <Point>
        <altitudeMode>clampToGround</altitudeMode>
        <coordinates>87.3263184027601,22.3148494936105,0</coordinates>
      </Point>
    </Placemark>
    <Placemark>
      <Snippet maxLines="0"> </Snippet>
      <description>253
UTC 19-04-2026 05:31:31.90
GpsMilliseconds 1460611909896
22.3148955,87.3263397, EA(3m)
AltWgs84 -21.7 m, EA(7m)
Hdg 96 deg, Spd 0.0 m/s
EA(36.6 deg, 3.0 m/s)</description>
      <Style>
        <IconStyle>
          <Icon>
            <href>http://maps.google.com/mapfiles/kml/shapes/shaded_dot.png</href>
          </Icon>
          <scale>0.6</scale>
          <color>bf3744db</color>
        </IconStyle>
      </Style>
      <Point>
        <altitudeMode>clampToGround</altitudeMode>
        <coordinates>87.3263396626508,22.3148955439311,0</coordinates>
      </Point>
    </Placemark>
    <Placemark>
      <Snippet maxLines="0"> </Snippet>
      <description>254
UTC 19-04-2026 05:31:32.87
GpsMilliseconds 1460611910873
22.3148927,87.3263429, EA(3m)
AltWgs84 -1.5 m, EA(7m)
Hdg 156 deg, Spd 0.0 m/s
EA(35.8 deg, 3.0 m/s)</description>
      <Style>
        <IconStyle>
          <Icon>
            <href>http://maps.google.com/mapfiles/kml/shapes/shaded_dot.png</href>
          </Icon>
          <scale>0.6</scale>
          <color>bf3744db</color>
        </IconStyle>
      </Style>
      <Point>
        <altitudeMode>clampToGround</altitudeMode>
        <coordinates>87.3263428904028,22.3148926700166,0</coordinates>
      </Point>
    </Placemark>
    <Placemark>
      <Snippet maxLines="0"> </Snippet>
      <description>255
UTC 19-04-2026 05:31:33.90
GpsMilliseconds 1460611911902
22.3148367,87.3263249, EA(3m)
AltWgs84 6.7 m, EA(6m)
Hdg 71 deg, Spd 0.0 m/s
EA(37.2 deg, 3.0 m/s)</description>
      <Style>
        <IconStyle>
          <Icon>
            <href>http://maps.google.com/mapfiles/kml/shapes/shaded_dot.png</href>
          </Icon>
          <scale>0.6</scale>
          <color>bf3744db</color>
        </IconStyle>
      </Style>
      <Point>
        <altitudeMode>clampToGround</altitudeMode>
        <coordinates>87.3263248848521,22.3148367030092,0</coordinates>
      </Point>
    </Placemark>
    <Placemark>
      <Snippet maxLines="0"> </Snippet>
      <description>256
UTC 19-04-2026 05:31:34.87
GpsMilliseconds 1460611912873
22.3148518,87.3262766, EA(3m)
AltWgs84 2.5 m, EA(7m)
Hdg 223 deg, Spd 0.0 m/s
EA(46.0 deg, 3.2 m/s)</description>
      <Style>
        <IconStyle>
          <Icon>
            <href>http://maps.google.com/mapfiles/kml/shapes/shaded_dot.png</href>
          </Icon>
          <scale>0.6</scale>
          <color>bf3744db</color>
        </IconStyle>
      </Style>
      <Point>
        <altitudeMode>clampToGround</altitudeMode>
        <coordinates>87.3262765770625,22.3148518053759,0</coordinates>
      </Point>
    </Placemark>
    <Placemark>
      <Snippet maxLines="0"> </Snippet>
      <description>257
UTC 19-04-2026 05:31:35.88
GpsMilliseconds 1460611913876
22.3148026,87.3263290, EA(3m)
AltWgs84 1.5 m, EA(7m)
Hdg 2 deg, Spd 0.0 m/s
EA(30.1 deg, 3.3 m/s)</description>
      <Style>
        <IconStyle>
          <Icon>
            <href>http://maps.google.com/mapfiles/kml/shapes/shaded_dot.png</href>
          </Icon>
          <scale>0.6</scale>
          <color>bf3744db</color>
        </IconStyle>
      </Style>
      <Point>
        <altitudeMode>clampToGround</altitudeMode>
        <coordinates>87.3263289686249,22.3148026256056,0</coordinates>
      </Point>
    </Placemark>
    <Placemark>
      <Snippet maxLines="0"> </Snippet>
      <description>258
UTC 19-04-2026 05:31:36.88
GpsMilliseconds 1460611914879
22.3148355,87.3262897, EA(3m)
AltWgs84 -18.8 m, EA(7m)
Hdg 136 deg, Spd 0.0 m/s
EA(39.9 deg, 3.0 m/s)</description>
      <Style>
        <IconStyle>
          <Icon>
            <href>http://maps.google.com/mapfiles/kml/shapes/shaded_dot.png</href>
          </Icon>
          <scale>0.6</scale>
          <color>bf3744db</color>
        </IconStyle>
      </Style>
      <Point>
        <altitudeMode>clampToGround</altitudeMode>
        <coordinates>87.3262897199477,22.3148355160077,0</coordinates>
      </Point>
    </Placemark>
    <Placemark>
      <Snippet maxLines="0"> </Snippet>
      <description>259
UTC 19-04-2026 05:31:37.90
GpsMilliseconds 1460611915903
22.3148330,87.3262974, EA(3m)
AltWgs84 -8.2 m, EA(6m)
Hdg 13 deg, Spd 0.0 m/s
EA(38.5 deg, 2.9 m/s)</description>
      <Style>
        <IconStyle>
          <Icon>
            <href>http://maps.google.com/mapfiles/kml/shapes/shaded_dot.png</href>
          </Icon>
          <scale>0.6</scale>
          <color>bf3744db</color>
        </IconStyle>
      </Style>
      <Point>
        <altitudeMode>clampToGround</altitudeMode>
        <coordinates>87.3262974209357,22.3148330187763,0</coordinates>
      </Point>
    </Placemark>
    <Placemark>
      <Snippet maxLines="0"> </Snippet>
      <description>260
UTC 19-04-2026 05:31:38.90
GpsMilliseconds 1460611916898
22.3148506,87.3262844, EA(3m)
AltWgs84 -14.3 m, EA(7m)
Hdg 344 deg, Spd 0.0 m/s
EA(36.8 deg, 3.1 m/s)</description>
      <Style>
        <IconStyle>
          <Icon>
            <href>http://maps.google.com/mapfiles/kml/shapes/shaded_dot.png</href>
          </Icon>
          <scale>0.6</scale>
          <color>bf3744db</color>
        </IconStyle>
      </Style>
      <Point>
        <altitudeMode>clampToGround</altitudeMode>
        <coordinates>87.3262844094651,22.314850577846,0</coordinates>
      </Point>
    </Placemark>
    <Placemark>
      <Snippet maxLines="0"> </Snippet>
      <description>261
UTC 19-04-2026 05:31:39.88
GpsMilliseconds 1460611917881
22.3149280,87.3263146, EA(3m)
AltWgs84 -28.6 m, EA(7m)
Hdg 357 deg, Spd 0.0 m/s
EA(35.5 deg, 3.5 m/s)</description>
      <Style>
        <IconStyle>
          <Icon>
            <href>http://maps.google.com/mapfiles/kml/shapes/shaded_dot.png</href>
          </Icon>
          <scale>0.6</scale>
          <color>bf3744db</color>
        </IconStyle>
      </Style>
      <Point>
        <altitudeMode>clampToGround</altitudeMode>
        <coordinates>87.3263146366264,22.3149279946321,0</coordinates>
      </Point>
    </Placemark>
    <Placemark>
      <Snippet maxLines="0"> </Snippet>
      <description>262
UTC 19-04-2026 05:31:40.89
GpsMilliseconds 1460611918891
22.3148817,87.3263530, EA(3m)
AltWgs84 -7.6 m, EA(7m)
Hdg 110 deg, Spd 0.0 m/s
EA(44.2 deg, 3.5 m/s)</description>
      <Style>
        <IconStyle>
          <Icon>
            <href>http://maps.google.com/mapfiles/kml/shapes/shaded_dot.png</href>
          </Icon>
          <scale>0.6</scale>
          <color>bf3744db</color>
        </IconStyle>
      </Style>
      <Point>
        <altitudeMode>clampToGround</altitudeMode>
        <coordinates>87.3263530210488,22.3148817325671,0</coordinates>
      </Point>
    </Placemark>
    <Placemark>
      <Snippet maxLines="0"> </Snippet>
      <description>263
UTC 19-04-2026 05:31:41.90
GpsMilliseconds 1460611919900
22.3148718,87.3263238, EA(3m)
AltWgs84 -4.1 m, EA(7m)
Hdg 181 deg, Spd 0.0 m/s
EA(37.6 deg, 3.0 m/s)</description>
      <Style>
        <IconStyle>
          <Icon>
            <href>http://maps.google.com/mapfiles/kml/shapes/shaded_dot.png</href>
          </Icon>
          <scale>0.6</scale>
          <color>bf3744db</color>
        </IconStyle>
      </Style>
      <Point>
        <altitudeMode>clampToGround</altitudeMode>
        <coordinates>87.3263238335552,22.3148717588927,0</coordinates>
      </Point>
    </Placemark>
    <Placemark>
      <Snippet maxLines="0"> </Snippet>
      <description>264
UTC 19-04-2026 05:31:42.88
GpsMilliseconds 1460611920883
22.3148482,87.3263328, EA(3m)
AltWgs84 -14.7 m, EA(6m)
Hdg 256 deg, Spd 0.0 m/s
EA(36.6 deg, 2.9 m/s)</description>
      <Style>
        <IconStyle>
          <Icon>
            <href>http://maps.google.com/mapfiles/kml/shapes/shaded_dot.png</href>
          </Icon>
          <scale>0.6</scale>
          <color>bf3744db</color>
        </IconStyle>
      </Style>
      <Point>
        <altitudeMode>clampToGround</altitudeMode>
        <coordinates>87.3263328181538,22.3148482388345,0</coordinates>
      </Point>
    </Placemark>
    <Placemark>
      <Snippet maxLines="0"> </Snippet>
      <description>265
UTC 19-04-2026 05:31:43.87
GpsMilliseconds 1460611921872
22.3148582,87.3263450, EA(3m)
AltWgs84 1.2 m, EA(7m)
Hdg 179 deg, Spd 0.0 m/s
EA(44.1 deg, 3.5 m/s)</description>
      <Style>
        <IconStyle>
          <Icon>
            <href>http://maps.google.com/mapfiles/kml/shapes/shaded_dot.png</href>
          </Icon>
          <scale>0.6</scale>
          <color>bf3744db</color>
        </IconStyle>
      </Style>
      <Point>
        <altitudeMode>clampToGround</altitudeMode>
        <coordinates>87.3263450269533,22.314858161918,0</coordinates>
      </Point>
    </Placemark>
    <Placemark>
      <Snippet maxLines="0"> </Snippet>
      <description>266
UTC 19-04-2026 05:31:44.90
GpsMilliseconds 1460611922900
22.3148590,87.3263606, EA(3m)
AltWgs84 -5.9 m, EA(7m)
Hdg 233 deg, Spd 0.1 m/s
EA(37.8 deg, 2.9 m/s)</description>
      <Style>
        <IconStyle>
          <Icon>
            <href>http://maps.google.com/mapfiles/kml/shapes/shaded_dot.png</href>
          </Icon>
          <scale>0.6</scale>
          <color>bf3744db</color>
        </IconStyle>
      </Style>
      <Point>
        <altitudeMode>clampToGround</altitudeMode>
        <coordinates>87.3263606492092,22.3148589719611,0</coordinates>
      </Point>
    </Placemark>
    <Placemark>
      <Snippet maxLines="0"> </Snippet>
      <description>267
UTC 19-04-2026 05:31:45.88
GpsMilliseconds 1460611923884
22.3148396,87.3263701, EA(3m)
AltWgs84 -2.3 m, EA(6m)
Hdg 277 deg, Spd 0.0 m/s
EA(37.9 deg, 3.0 m/s)</description>
      <Style>
        <IconStyle>
          <Icon>
            <href>http://maps.google.com/mapfiles/kml/shapes/shaded_dot.png</href>
          </Icon>
          <scale>0.6</scale>
          <color>bf3744db</color>
        </IconStyle>
      </Style>
      <Point>
        <altitudeMode>clampToGround</altitudeMode>
        <coordinates>87.3263701000117,22.3148395931966,0</coordinates>
      </Point>
    </Placemark>
    <Placemark>
      <Snippet maxLines="0"> </Snippet>
      <description>268
UTC 19-04-2026 05:31:46.90
GpsMilliseconds 1460611924901
22.3149104,87.3263436, EA(3m)
AltWgs84 -3.6 m, EA(6m)
Hdg 1 deg, Spd 0.0 m/s
EA(46.6 deg, 3.0 m/s)</description>
      <Style>
        <IconStyle>
          <Icon>
            <href>http://maps.google.com/mapfiles/kml/shapes/shaded_dot.png</href>
          </Icon>
          <scale>0.6</scale>
          <color>bf3744db</color>
        </IconStyle>
      </Style>
      <Point>
        <altitudeMode>clampToGround</altitudeMode>
        <coordinates>87.3263435715113,22.3149104460766,0</coordinates>
      </Point>
    </Placemark>
    <Placemark>
      <Snippet maxLines="0"> </Snippet>
      <description>269
UTC 19-04-2026 05:31:47.88
GpsMilliseconds 1460611925881
22.3148433,87.3264009, EA(3m)
AltWgs84 -3.0 m, EA(6m)
Hdg 16 deg, Spd 0.1 m/s
EA(37.3 deg, 3.1 m/s)</description>
      <Style>
        <IconStyle>
          <Icon>
            <href>http://maps.google.com/mapfiles/kml/shapes/shaded_dot.png</href>
          </Icon>
          <scale>0.6</scale>
          <color>bf3744db</color>
        </IconStyle>
      </Style>
      <Point>
        <altitudeMode>clampToGround</altitudeMode>
        <coordinates>87.3264008902947,22.3148432946941,0</coordinates>
      </Point>
    </Placemark>
    <Placemark>
      <Snippet maxLines="0"> </Snippet>
      <description>270
UTC 19-04-2026 05:31:48.91
GpsMilliseconds 1460611926913
22.3148500,87.3262948, EA(3m)
AltWgs84 10.7 m, EA(7m)
Hdg 55 deg, Spd 0.0 m/s
EA(44.8 deg, 3.3 m/s)</description>
      <Style>
        <IconStyle>
          <Icon>
            <href>http://maps.google.com/mapfiles/kml/shapes/shaded_dot.png</href>
          </Icon>
          <scale>0.6</scale>
          <color>bf3744db</color>
        </IconStyle>
      </Style>
      <Point>
        <altitudeMode>clampToGround</altitudeMode>
        <coordinates>87.3262947910298,22.3148499749358,0</coordinates>
      </Point>
    </Placemark>
    <Placemark>
      <Snippet maxLines="0"> </Snippet>
      <description>271
UTC 19-04-2026 05:31:49.88
GpsMilliseconds 1460611927877
22.3149202,87.3263311, EA(3m)
AltWgs84 -5.7 m, EA(6m)
Hdg 150 deg, Spd 0.0 m/s
EA(45.0 deg, 3.1 m/s)</description>
      <Style>
        <IconStyle>
          <Icon>
            <href>http://maps.google.com/mapfiles/kml/shapes/shaded_dot.png</href>
          </Icon>
          <scale>0.6</scale>
          <color>bf3744db</color>
        </IconStyle>
      </Style>
      <Point>
        <altitudeMode>clampToGround</altitudeMode>
        <coordinates>87.3263311289286,22.3149202250313,0</coordinates>
      </Point>
    </Placemark>
    <Placemark>
      <Snippet maxLines="0"> </Snippet>
      <description>272
UTC 19-04-2026 05:31:50.90
GpsMilliseconds 1460611928898
22.3148847,87.3263712, EA(3m)
AltWgs84 -12.1 m, EA(6m)
Hdg 301 deg, Spd 0.0 m/s
EA(42.1 deg, 3.0 m/s)</description>
      <Style>
        <IconStyle>
          <Icon>
            <href>http://maps.google.com/mapfiles/kml/shapes/shaded_dot.png</href>
          </Icon>
          <scale>0.6</scale>
          <color>bf3744db</color>
        </IconStyle>
      </Style>
      <Point>
        <altitudeMode>clampToGround</altitudeMode>
        <coordinates>87.3263711751347,22.314884704543,0</coordinates>
      </Point>
    </Placemark>
    <Placemark>
      <Snippet maxLines="0"> </Snippet>
      <description>273
UTC 19-04-2026 05:31:51.88
GpsMilliseconds 1460611929882
22.3148371,87.3263434, EA(3m)
AltWgs84 -0.0 m, EA(6m)
Hdg 74 deg, Spd 0.0 m/s
EA(46.3 deg, 3.1 m/s)</description>
      <Style>
        <IconStyle>
          <Icon>
            <href>http://maps.google.com/mapfiles/kml/shapes/shaded_dot.png</href>
          </Icon>
          <scale>0.6</scale>
          <color>bf3744db</color>
        </IconStyle>
      </Style>
      <Point>
        <altitudeMode>clampToGround</altitudeMode>
        <coordinates>87.3263433570454,22.314837128827,0</coordinates>
      </Point>
    </Placemark>
    <Placemark>
      <Snippet maxLines="0"> </Snippet>
      <description>274
UTC 19-04-2026 05:31:52.91
GpsMilliseconds 1460611930910
22.3148962,87.3263877, EA(3m)
AltWgs84 -1.2 m, EA(6m)
Hdg 20 deg, Spd 0.1 m/s
EA(38.4 deg, 3.0 m/s)</description>
      <Style>
        <IconStyle>
          <Icon>
            <href>http://maps.google.com/mapfiles/kml/shapes/shaded_dot.png</href>
          </Icon>
          <scale>0.6</scale>
          <color>bf3744db</color>
        </IconStyle>
      </Style>
      <Point>
        <altitudeMode>clampToGround</altitudeMode>
        <coordinates>87.3263876899323,22.3148961787962,0</coordinates>
      </Point>
    </Placemark>
    <Placemark>
      <Snippet maxLines="0"> </Snippet>
      <description>275
UTC 19-04-2026 05:31:53.89
GpsMilliseconds 1460611931886
22.3148010,87.3263841, EA(3m)
AltWgs84 -3.3 m, EA(6m)
Hdg 204 deg, Spd 0.1 m/s
EA(36.9 deg, 3.0 m/s)</description>
      <Style>
        <IconStyle>
          <Icon>
            <href>http://maps.google.com/mapfiles/kml/shapes/shaded_dot.png</href>
          </Icon>
          <scale>0.6</scale>
          <color>bf3744db</color>
        </IconStyle>
      </Style>
      <Point>
        <altitudeMode>clampToGround</altitudeMode>
        <coordinates>87.3263840733486,22.3148009746,0</coordinates>
      </Point>
    </Placemark>
    <Placemark>
      <Snippet maxLines="0"> </Snippet>
      <description>276
UTC 19-04-2026 05:31:54.91
GpsMilliseconds 1460611932913
22.3149611,87.3263653, EA(3m)
AltWgs84 -10.3 m, EA(6m)
Hdg 41 deg, Spd 0.0 m/s
EA(40.2 deg, 3.0 m/s)</description>
      <Style>
        <IconStyle>
          <Icon>
            <href>http://maps.google.com/mapfiles/kml/shapes/shaded_dot.png</href>
          </Icon>
          <scale>0.6</scale>
          <color>bf3744db</color>
        </IconStyle>
      </Style>
      <Point>
        <altitudeMode>clampToGround</altitudeMode>
        <coordinates>87.3263653458841,22.314961129914,0</coordinates>
      </Point>
    </Placemark>
    <Placemark>
      <Snippet maxLines="0"> </Snippet>
      <description>277
UTC 19-04-2026 05:31:55.88
GpsMilliseconds 1460611933882
22.3149055,87.3264065, EA(3m)
AltWgs84 1.1 m, EA(7m)
Hdg 30 deg, Spd 0.1 m/s
EA(44.6 deg, 3.2 m/s)</description>
      <Style>
        <IconStyle>
          <Icon>
            <href>http://maps.google.com/mapfiles/kml/shapes/shaded_dot.png</href>
          </Icon>
          <scale>0.6</scale>
          <color>bf3744db</color>
        </IconStyle>
      </Style>
      <Point>
        <altitudeMode>clampToGround</altitudeMode>
        <coordinates>87.3264064646148,22.3149055216535,0</coordinates>
      </Point>
    </Placemark>
    <Placemark>
      <Snippet maxLines="0"> </Snippet>
      <description>278
UTC 19-04-2026 05:31:56.91
GpsMilliseconds 1460611934911
22.3148772,87.3264049, EA(3m)
AltWgs84 -5.1 m, EA(7m)
Hdg 102 deg, Spd 0.0 m/s
EA(39.0 deg, 3.0 m/s)</description>
      <Style>
        <IconStyle>
          <Icon>
            <href>http://maps.google.com/mapfiles/kml/shapes/shaded_dot.png</href>
          </Icon>
          <scale>0.6</scale>
          <color>bf3744db</color>
        </IconStyle>
      </Style>
      <Point>
        <altitudeMode>clampToGround</altitudeMode>
        <coordinates>87.3264049058464,22.3148771589755,0</coordinates>
      </Point>
    </Placemark>
    <Placemark>
      <Snippet maxLines="0"> </Snippet>
      <description>279
UTC 19-04-2026 05:31:57.89
GpsMilliseconds 1460611935886
22.3149005,87.3264112, EA(3m)
AltWgs84 -6.7 m, EA(7m)
Hdg 193 deg, Spd 0.0 m/s
EA(38.2 deg, 3.0 m/s)</description>
      <Style>
        <IconStyle>
          <Icon>
            <href>http://maps.google.com/mapfiles/kml/shapes/shaded_dot.png</href>
          </Icon>
          <scale>0.6</scale>
          <color>bf3744db</color>
        </IconStyle>
      </Style>
      <Point>
        <altitudeMode>clampToGround</altitudeMode>
        <coordinates>87.3264111743011,22.3149005028761,0</coordinates>
      </Point>
    </Placemark>
    <Placemark>
      <Snippet maxLines="0"> </Snippet>
      <description>280
UTC 19-04-2026 05:31:58.89
GpsMilliseconds 1460611936886
22.3148027,87.3264099, EA(3m)
AltWgs84 8.5 m, EA(7m)
Hdg 136 deg, Spd 0.0 m/s
EA(44.0 deg, 3.1 m/s)</description>
      <Style>
        <IconStyle>
          <Icon>
            <href>http://maps.google.com/mapfiles/kml/shapes/shaded_dot.png</href>
          </Icon>
          <scale>0.6</scale>
          <color>bf3744db</color>
        </IconStyle>
      </Style>
      <Point>
        <altitudeMode>clampToGround</altitudeMode>
        <coordinates>87.3264099450929,22.3148027471576,0</coordinates>
      </Point>
    </Placemark>
    <Placemark>
      <Snippet maxLines="0"> </Snippet>
      <description>281
UTC 19-04-2026 05:31:59.91
GpsMilliseconds 1460611937911
22.3148536,87.3263121, EA(3m)
AltWgs84 12.4 m, EA(7m)
Hdg 93 deg, Spd 0.0 m/s
EA(35.6 deg, 3.0 m/s)</description>
      <Style>
        <IconStyle>
          <Icon>
            <href>http://maps.google.com/mapfiles/kml/shapes/shaded_dot.png</href>
          </Icon>
          <scale>0.6</scale>
          <color>bf3744db</color>
        </IconStyle>
      </Style>
      <Point>
        <altitudeMode>clampToGround</altitudeMode>
        <coordinates>87.3263120656052,22.3148535986302,0</coordinates>
      </Point>
    </Placemark>
    <Placemark>
      <Snippet maxLines="0"> </Snippet>
      <description>282
UTC 19-04-2026 05:32:00.89
GpsMilliseconds 1460611938889
22.3148822,87.3263856, EA(3m)
AltWgs84 2.3 m, EA(7m)
Hdg 163 deg, Spd 0.0 m/s
EA(38.9 deg, 3.0 m/s)</description>
      <Style>
        <IconStyle>
          <Icon>
            <href>http://maps.google.com/mapfiles/kml/shapes/shaded_dot.png</href>
          </Icon>
          <scale>0.6</scale>
          <color>bf3744db</color>
        </IconStyle>
      </Style>
      <Point>
        <altitudeMode>clampToGround</altitudeMode>
        <coordinates>87.3263856431341,22.3148821962745,0</coordinates>
      </Point>
    </Placemark>
    <Placemark>
      <Snippet maxLines="0"> </Snippet>
      <description>283
UTC 19-04-2026 05:32:01.91
GpsMilliseconds 1460611939914
22.3148124,87.3263500, EA(3m)
AltWgs84 14.0 m, EA(6m)
Hdg 219 deg, Spd 0.0 m/s
EA(36.9 deg, 3.0 m/s)</description>
      <Style>
        <IconStyle>
          <Icon>
            <href>http://maps.google.com/mapfiles/kml/shapes/shaded_dot.png</href>
          </Icon>
          <scale>0.6</scale>
          <color>bf3744db</color>
        </IconStyle>
      </Style>
      <Point>
        <altitudeMode>clampToGround</altitudeMode>
        <coordinates>87.3263499966712,22.3148123616704,0</coordinates>
      </Point>
    </Placemark>
    <Placemark>
      <Snippet maxLines="0"> </Snippet>
      <description>284
UTC 19-04-2026 05:32:02.90
GpsMilliseconds 1460611940901
22.3148101,87.3263196, EA(3m)
AltWgs84 18.2 m, EA(7m)
Hdg 273 deg, Spd 0.0 m/s
EA(37.0 deg, 3.0 m/s)</description>
      <Style>
        <IconStyle>
          <Icon>
            <href>http://maps.google.com/mapfiles/kml/shapes/shaded_dot.png</href>
          </Icon>
          <scale>0.6</scale>
          <color>bf3744db</color>
        </IconStyle>
      </Style>
      <Point>
        <altitudeMode>clampToGround</altitudeMode>
        <coordinates>87.3263195932344,22.3148101340986,0</coordinates>
      </Point>
    </Placemark>
    <Placemark>
      <Snippet maxLines="0"> </Snippet>
      <description>285
UTC 19-04-2026 05:32:03.89
GpsMilliseconds 1460611941887
22.3148274,87.3263070, EA(3m)
AltWgs84 4.5 m, EA(6m)
Hdg 24 deg, Spd 0.0 m/s
EA(43.3 deg, 3.1 m/s)</description>
      <Style>
        <IconStyle>
          <Icon>
            <href>http://maps.google.com/mapfiles/kml/shapes/shaded_dot.png</href>
          </Icon>
          <scale>0.6</scale>
          <color>bf3744db</color>
        </IconStyle>
      </Style>
      <Point>
        <altitudeMode>clampToGround</altitudeMode>
        <coordinates>87.3263070305293,22.3148273832862,0</coordinates>
      </Point>
    </Placemark>
    <Placemark>
      <Snippet maxLines="0"> </Snippet>
      <description>286
UTC 19-04-2026 05:32:04.91
GpsMilliseconds 1460611942908
22.3148167,87.3263335, EA(3m)
AltWgs84 0.0 m, EA(7m)
Hdg 286 deg, Spd 0.1 m/s
EA(34.6 deg, 3.1 m/s)</description>
      <Style>
        <IconStyle>
          <Icon>
            <href>http://maps.google.com/mapfiles/kml/shapes/shaded_dot.png</href>
          </Icon>
          <scale>0.6</scale>
          <color>bf3744db</color>
        </IconStyle>
      </Style>
      <Point>
        <altitudeMode>clampToGround</altitudeMode>
        <coordinates>87.3263334860575,22.3148167294378,0</coordinates>
      </Point>
    </Placemark>
    <Placemark>
      <Snippet maxLines="0"> </Snippet>
      <description>287
UTC 19-04-2026 05:32:05.90
GpsMilliseconds 1460611943899
22.3148461,87.3263238, EA(3m)
AltWgs84 -0.6 m, EA(6m)
Hdg 359 deg, Spd 0.0 m/s
EA(38.5 deg, 2.9 m/s)</description>
      <Style>
        <IconStyle>
          <Icon>
            <href>http://maps.google.com/mapfiles/kml/shapes/shaded_dot.png</href>
          </Icon>
          <scale>0.6</scale>
          <color>bf3744db</color>
        </IconStyle>
      </Style>
      <Point>
        <altitudeMode>clampToGround</altitudeMode>
        <coordinates>87.326323765129,22.3148460906854,0</coordinates>
      </Point>
    </Placemark>
    <Placemark>
      <Snippet maxLines="0"> </Snippet>
      <description>288
UTC 19-04-2026 05:32:06.91
GpsMilliseconds 1460611944908
22.3148205,87.3263143, EA(3m)
AltWgs84 -1.0 m, EA(7m)
Hdg 113 deg, Spd 0.0 m/s
EA(47.2 deg, 3.1 m/s)</description>
      <Style>
        <IconStyle>
          <Icon>
            <href>http://maps.google.com/mapfiles/kml/shapes/shaded_dot.png</href>
          </Icon>
          <scale>0.6</scale>
          <color>bf3744db</color>
        </IconStyle>
      </Style>
      <Point>
        <altitudeMode>clampToGround</altitudeMode>
        <coordinates>87.3263142752129,22.3148205143686,0</coordinates>
      </Point>
    </Placemark>
    <Placemark>
      <Snippet maxLines="0"> </Snippet>
      <description>289
UTC 19-04-2026 05:32:07.89
GpsMilliseconds 1460611945892
22.3148047,87.3263378, EA(3m)
AltWgs84 -4.2 m, EA(6m)
Hdg 71 deg, Spd 0.0 m/s
EA(40.4 deg, 3.1 m/s)</description>
      <Style>
        <IconStyle>
          <Icon>
            <href>http://maps.google.com/mapfiles/kml/shapes/shaded_dot.png</href>
          </Icon>
          <scale>0.6</scale>
          <color>bf3744db</color>
        </IconStyle>
      </Style>
      <Point>
        <altitudeMode>clampToGround</altitudeMode>
        <coordinates>87.3263377877167,22.3148046965382,0</coordinates>
      </Point>
    </Placemark>
    <Placemark>
      <Snippet maxLines="0"> </Snippet>
      <description>290
UTC 19-04-2026 05:32:08.92
GpsMilliseconds 1460611946918
22.3149379,87.3263071, EA(3m)
AltWgs84 -28.9 m, EA(6m)
Hdg 338 deg, Spd 0.0 m/s
EA(37.3 deg, 3.3 m/s)</description>
      <Style>
        <IconStyle>
          <Icon>
            <href>http://maps.google.com/mapfiles/kml/shapes/shaded_dot.png</href>
          </Icon>
          <scale>0.6</scale>
          <color>bf3744db</color>
        </IconStyle>
      </Style>
      <Point>
        <altitudeMode>clampToGround</altitudeMode>
        <coordinates>87.326307110318,22.3149378755807,0</coordinates>
      </Point>
    </Placemark>
    <Placemark>
      <Snippet maxLines="0"> </Snippet>
      <description>291
UTC 19-04-2026 05:32:09.88
GpsMilliseconds 1460611947885
22.3149077,87.3263850, EA(3m)
AltWgs84 -24.7 m, EA(6m)
Hdg 314 deg, Spd 0.0 m/s
EA(49.5 deg, 3.2 m/s)</description>
      <Style>
        <IconStyle>
          <Icon>
            <href>http://maps.google.com/mapfiles/kml/shapes/shaded_dot.png</href>
          </Icon>
          <scale>0.6</scale>
          <color>bf3744db</color>
        </IconStyle>
      </Style>
      <Point>
        <altitudeMode>clampToGround</altitudeMode>
        <coordinates>87.3263850077075,22.3149076624101,0</coordinates>
      </Point>
    </Placemark>
    <Placemark>
      <Snippet maxLines="0"> </Snippet>
      <description>292
UTC 19-04-2026 05:32:10.90
GpsMilliseconds 1460611948903
22.3149126,87.3263112, EA(3m)
AltWgs84 -13.8 m, EA(6m)
Hdg 218 deg, Spd 0.0 m/s
EA(41.9 deg, 3.1 m/s)</description>
      <Style>
        <IconStyle>
          <Icon>
            <href>http://maps.google.com/mapfiles/kml/shapes/shaded_dot.png</href>
          </Icon>
          <scale>0.6</scale>
          <color>bf3744db</color>
        </IconStyle>
      </Style>
      <Point>
        <altitudeMode>clampToGround</altitudeMode>
        <coordinates>87.3263111864063,22.3149125645191,0</coordinates>
      </Point>
    </Placemark>
    <Placemark>
      <Snippet maxLines="0"> </Snippet>
      <description>293
UTC 19-04-2026 05:32:11.89
GpsMilliseconds 1460611949887
22.3149271,87.3263484, EA(3m)
AltWgs84 -27.0 m, EA(6m)
Hdg 65 deg, Spd 0.0 m/s
EA(49.3 deg, 3.3 m/s)</description>
      <Style>
        <IconStyle>
          <Icon>
            <href>http://maps.google.com/mapfiles/kml/shapes/shaded_dot.png</href>
          </Icon>
          <scale>0.6</scale>
          <color>bf3744db</color>
        </IconStyle>
      </Style>
      <Point>
        <altitudeMode>clampToGround</altitudeMode>
        <coordinates>87.3263484323304,22.3149271423361,0</coordinates>
      </Point>
    </Placemark>
    <Placemark>
      <Snippet maxLines="0"> </Snippet>
      <description>294
UTC 19-04-2026 05:32:12.92
GpsMilliseconds 1460611950919
22.3149097,87.3263594, EA(3m)
AltWgs84 -11.8 m, EA(6m)
Hdg 262 deg, Spd 0.0 m/s
EA(40.5 deg, 3.1 m/s)</description>
      <Style>
        <IconStyle>
          <Icon>
            <href>http://maps.google.com/mapfiles/kml/shapes/shaded_dot.png</href>
          </Icon>
          <scale>0.6</scale>
          <color>bf3744db</color>
        </IconStyle>
      </Style>
      <Point>
        <altitudeMode>clampToGround</altitudeMode>
        <coordinates>87.3263593503797,22.3149096960309,0</coordinates>
      </Point>
    </Placemark>
    <Placemark>
      <Snippet maxLines="0"> </Snippet>
      <description>295
UTC 19-04-2026 05:32:13.91
GpsMilliseconds 1460611951914
22.3149487,87.3263159, EA(3m)
AltWgs84 -21.9 m, EA(6m)
Hdg 188 deg, Spd 0.0 m/s
EA(38.8 deg, 3.2 m/s)</description>
      <Style>
        <IconStyle>
          <Icon>
            <href>http://maps.google.com/mapfiles/kml/shapes/shaded_dot.png</href>
          </Icon>
          <scale>0.6</scale>
          <color>bf3744db</color>
        </IconStyle>
      </Style>
      <Point>
        <altitudeMode>clampToGround</altitudeMode>
        <coordinates>87.3263159241736,22.3149486988648,0</coordinates>
      </Point>
    </Placemark>
    <Placemark>
      <Snippet maxLines="0"> </Snippet>
      <description>296
UTC 19-04-2026 05:32:14.89
GpsMilliseconds 1460611952891
22.3149735,87.3263747, EA(3m)
AltWgs84 -36.5 m, EA(7m)
Hdg 133 deg, Spd 0.0 m/s
EA(48.4 deg, 3.2 m/s)</description>
      <Style>
        <IconStyle>
          <Icon>
            <href>http://maps.google.com/mapfiles/kml/shapes/shaded_dot.png</href>
          </Icon>
          <scale>0.6</scale>
          <color>bf3744db</color>
        </IconStyle>
      </Style>
      <Point>
        <altitudeMode>clampToGround</altitudeMode>
        <coordinates>87.3263746571502,22.314973535585,0</coordinates>
      </Point>
    </Placemark>
    <Placemark>
      <Snippet maxLines="0"> </Snippet>
      <description>297
UTC 19-04-2026 05:32:15.89
GpsMilliseconds 1460611953895
22.3148918,87.3263646, EA(3m)
AltWgs84 -14.5 m, EA(6m)
Hdg 264 deg, Spd 0.0 m/s
EA(39.3 deg, 3.1 m/s)</description>
      <Style>
        <IconStyle>
          <Icon>
            <href>http://maps.google.com/mapfiles/kml/shapes/shaded_dot.png</href>
          </Icon>
          <scale>0.6</scale>
          <color>bf3744db</color>
        </IconStyle>
      </Style>
      <Point>
        <altitudeMode>clampToGround</altitudeMode>
        <coordinates>87.3263645653277,22.3148918031664,0</coordinates>
      </Point>
    </Placemark>
    <Placemark>
      <Snippet maxLines="0"> </Snippet>
      <description>298
UTC 19-04-2026 05:32:16.92
GpsMilliseconds 1460611954921
22.3149456,87.3263356, EA(3m)
AltWgs84 -19.7 m, EA(6m)
Hdg 130 deg, Spd 0.0 m/s
EA(40.7 deg, 3.1 m/s)</description>
      <Style>
        <IconStyle>
          <Icon>
            <href>http://maps.google.com/mapfiles/kml/shapes/shaded_dot.png</href>
          </Icon>
          <scale>0.6</scale>
          <color>bf3744db</color>
        </IconStyle>
      </Style>
      <Point>
        <altitudeMode>clampToGround</altitudeMode>
        <coordinates>87.3263356472821,22.3149456003584,0</coordinates>
      </Point>
    </Placemark>
    <Placemark>
      <Snippet maxLines="0"> </Snippet>
      <description>299
UTC 19-04-2026 05:32:17.90
GpsMilliseconds 1460611955901
22.3149579,87.3263437, EA(3m)
AltWgs84 -21.3 m, EA(6m)
Hdg 195 deg, Spd 0.0 m/s
EA(37.5 deg, 3.2 m/s)</description>
      <Style>
        <IconStyle>
          <Icon>
            <href>http://maps.google.com/mapfiles/kml/shapes/shaded_dot.png</href>
          </Icon>
          <scale>0.6</scale>
          <color>bf3744db</color>
        </IconStyle>
      </Style>
      <Point>
        <altitudeMode>clampToGround</altitudeMode>
        <coordinates>87.3263436763414,22.3149579082506,0</coordinates>
      </Point>
    </Placemark>
    <Placemark>
      <Snippet maxLines="0"> </Snippet>
      <description>300
UTC 19-04-2026 05:32:18.92
GpsMilliseconds 1460611956916
22.3149050,87.3263411, EA(3m)
AltWgs84 -26.1 m, EA(6m)
Hdg 43 deg, Spd 0.0 m/s
EA(36.2 deg, 3.2 m/s)</description>
      <Style>
        <IconStyle>
          <Icon>
            <href>http://maps.google.com/mapfiles/kml/shapes/shaded_dot.png</href>
          </Icon>
          <scale>0.6</scale>
          <color>bf3744db</color>
        </IconStyle>
      </Style>
      <Point>
        <altitudeMode>clampToGround</altitudeMode>
        <coordinates>87.3263411374079,22.3149050114568,0</coordinates>
      </Point>
    </Placemark>
   </Document>
</kml>