     3.04           N: GNSS NAV DATA    G: GPS              RINEX VERSION / TYPE
BNC 2.12.9          BKG Frankfurt       20190816 091708 UTC PGM / RUN BY / DATE
Concatenated RINEX files (43)                               COMMENT
                                                            END OF HEADER
G02 2019 08 15 00 00 00-2.830224111676e-04-8.412825991400e-12 0.000000000000e+00
     9.500000000000e+01-4.937500000000e+01 4.991636437524e-09 6.677579688569e-02
    -2.760440111160e-06 1.898048084695e-02 1.732259988785e-06 5.153763536453e+03
     3.456000000000e+05-3.594905138016e-07 1.855122336240e+00 9.499490261078e-08
     9.554408647356e-01 3.456875000000e+02-1.723406268709e+00-8.883941582383e-09
    -9.928984717744e-11 1.000000000000e+00 2.066000000000e+03 0.000000000000e+00
     2.000000000000e+00 0.000000000000e+00-2.048909664154e-08 9.500000000000e+01
     3.383400000000e+05 0.000000000000e+00                                      
G12 2019 08 15 00 00 00 2.140197902918e-04-3.751665644813e-12 0.000000000000e+00
     1.020000000000e+02 5.081250000000e+01 3.688367833377e-09-1.521882826951e+00
     2.566725015640e-06 7.498729624785e-03 1.215748488903e-05 5.153601884842e+03
     3.456000000000e+05 1.899898052216e-07-1.067970662179e-01 6.519258022308e-08
     9.822083654466e-01 1.567500000000e+02 1.104573282139e+00-7.461739670589e-09
    -4.260891639518e-10 1.000000000000e+00 2.066000000000e+03 0.000000000000e+00
     2.000000000000e+00 0.000000000000e+00-1.257285475731e-08 1.020000000000e+02
     3.383400000000e+05 0.000000000000e+00                                      
G13 2019 08 15 00 00 00-4.964647814631e-05 1.932676241267e-12 0.000000000000e+00
     7.000000000000e+01 3.046875000000e+01 4.744483472763e-09 1.078217114494e+00
     1.648440957069e-06 3.633696003817e-03 7.206574082375e-06 5.153663566589e+03
     3.456000000000e+05-7.264316082001e-08-2.145682928032e+00 7.823109626770e-08
     9.677552965840e-01 2.444687500000e+02 1.227414933113e+00-8.084265701314e-09
     5.243075418271e-10 1.000000000000e+00 2.066000000000e+03 0.000000000000e+00
     2.000000000000e+00 0.000000000000e+00-1.117587089539e-08 7.000000000000e+01
     3.383400000000e+05 0.000000000000e+00                                      
G15 2019 08 15 00 00 00-2.940916456282e-04 2.614797267597e-12 0.000000000000e+00
     8.700000000000e+01 2.746875000000e+01 5.559517290976e-09 1.103092228265e+00
     1.721084117889e-06 1.157850073650e-02 8.912757039070e-06 5.153739784241e+03
     3.456000000000e+05-5.029141902924e-08-2.366223883500e+00 1.899898052216e-07
     9.280906310886e-01 1.924687500000e+02 7.974508704239e-01-8.592857980716e-09
     4.628764316283e-10 1.000000000000e+00 2.066000000000e+03 0.000000000000e+00
     2.000000000000e+00 0.000000000000e+00-1.071020960808e-08 8.700000000000e+01
     3.383400000000e+05 0.000000000000e+00                                      
G20 2019 08 15 00 00 00 5.264608189464e-04 2.273736754432e-13 0.000000000000e+00
     6.700000000000e+01-1.035312500000e+02 5.004851200141e-09-5.758166718871e-01
    -5.470588803291e-06 4.692885559052e-03 9.449198842049e-06 5.153627328873e+03
     3.456000000000e+05-3.166496753693e-08 2.843220023664e+00-6.519258022308e-08
     9.317950278602e-01 1.825937500000e+02 2.411080518404e+00-8.269630313862e-09
     2.857261822975e-11 1.000000000000e+00 2.066000000000e+03 0.000000000000e+00
     2.000000000000e+00 0.000000000000e+00-8.847564458847e-09 6.700000000000e+01
     3.383400000000e+05 0.000000000000e+00                                      
G21 2019 08 15 00 00 00-1.363363116980e-04 6.707523425575e-12 0.000000000000e+00
     2.600000000000e+01-4.665625000000e+01 4.818057952605e-09-2.035422236489e+00
    -1.834705471992e-06 2.450171625242e-02 5.103647708893e-07 5.153680912018e+03
     3.456000000000e+05 3.408640623093e-07 1.859091108641e+00 4.246830940247e-07
     9.492441075987e-01 3.570625000000e+02-1.421738431901e+00-8.245701010878e-09
    -1.750072829709e-11 1.000000000000e+00 2.066000000000e+03 0.000000000000e+00
     2.000000000000e+00 0.000000000000e+00-1.024454832077e-08 2.600000000000e+01
     3.383400000000e+05 0.000000000000e+00                                      
G24 2019 08 15 00 00 00-7.948838174343e-07-5.684341886081e-13 0.000000000000e+00
     5.800000000000e+01-1.981250000000e+01 5.611305198272e-09 9.648727540231e-02
    -1.005828380585e-06 8.511851774529e-03 4.507601261139e-06 5.153695766449e+03
     3.456000000000e+05 3.352761268616e-08-1.275437726507e+00 9.685754776001e-08
     9.376701858641e-01 2.760312500000e+02 6.024918185797e-01-8.680004270900e-09
    -4.171602230318e-10 1.000000000000e+00 2.066000000000e+03 0.000000000000e+00
     2.800000000000e+00 0.000000000000e+00 2.793967723846e-09 5.800000000000e+01
     3.383400000000e+05 0.000000000000e+00                                      
G28 2019 08 15 00 00 00 7.647289894521e-04-7.958078640513e-13 0.000000000000e+00
     2.100000000000e+01 5.306250000000e+01 3.493002553867e-09 2.805491721888e+00
     2.780929207802e-06 1.901830709539e-02 1.178309321404e-05 5.153710006714e+03
     3.456000000000e+05 2.235174179077e-07-8.399334350561e-02-1.490116119385e-08
     9.815047369605e-01 1.578125000000e+02-1.460834864904e+00-7.108153177171e-09
    -3.893019240309e-10 1.000000000000e+00 2.066000000000e+03 0.000000000000e+00
     2.800000000000e+00 0.000000000000e+00-1.117587089539e-08 2.100000000000e+01
     3.383400000000e+05 0.000000000000e+00                                      
G30 2019 08 15 00 00 00-1.975055783987e-05-7.730704965070e-12 0.000000000000e+00
     6.100000000000e+01-2.559375000000e+01 5.328793406534e-09-8.581410773175e-01
    -1.454725861549e-06 4.193785716780e-03 5.418434739113e-06 5.153760641098e+03
     3.456000000000e+05 8.009374141693e-08-1.181111875993e+00-2.607703208923e-08
     9.399470437672e-01 2.638437500000e+02-2.910259180914e+00-8.393564066012e-09
    -4.543046494554e-10 1.000000000000e+00 2.066000000000e+03 0.000000000000e+00
     2.000000000000e+00 0.000000000000e+00 3.725290298462e-09 6.100000000000e+01
     3.383400000000e+05 0.000000000000e+00                                      
G07 2019 08 15 00 00 00-8.531287312508e-05-7.844391802792e-12 0.000000000000e+00
     1.100000000000e+01-2.350000000000e+01 5.080568768939e-09-8.177684750423e-01
    -1.268461346626e-06 1.311809290200e-02 5.267560482025e-06 5.153728279114e+03
     3.456000000000e+05 1.881271600723e-07-1.208112226449e+00 2.384185791016e-07
     9.545100041101e-01 2.732187500000e+02-2.438231422148e+00-8.351776456441e-09
    -4.878774649119e-10 1.000000000000e+00 2.066000000000e+03 0.000000000000e+00
     2.000000000000e+00 0.000000000000e+00-1.117587089539e-08 1.100000000000e+01
     3.384000000000e+05 0.000000000000e+00                                      
G08 2019 08 15 00 00 00-2.669170498848e-06-1.364242052659e-12 0.000000000000e+00
     1.070000000000e+02 1.096875000000e+02 4.166959284866e-09 2.112811604981e+00
     5.720183253288e-06 4.413854796439e-03 5.420297384262e-06 5.153786928177e+03
     3.456000000000e+05-1.676380634308e-08 8.576622496010e-01 5.401670932770e-08
     9.702886464511e-01 2.797187500000e+02-2.036526897634e-01-8.013548082158e-09
     2.692969315838e-10 1.000000000000e+00 2.066000000000e+03 0.000000000000e+00
     2.000000000000e+00 0.000000000000e+00 5.122274160385e-09 1.070000000000e+02
     3.384000000000e+05 0.000000000000e+00                                      
G09 2019 08 15 00 00 00-6.702262908220e-06-8.867573342286e-12 0.000000000000e+00
     4.900000000000e+01 3.406250000000e+01 4.923776523627e-09 2.401449732238e+00
     1.739710569382e-06 1.281600911170e-03 7.890164852142e-06 5.153616539001e+03
     3.456000000000e+05-1.862645149231e-09-2.284149102927e+00-5.774199962616e-08
     9.525051129184e-01 2.201250000000e+02 1.704586924807e+00-8.136767500455e-09
     5.093069289636e-10 1.000000000000e+00 2.066000000000e+03 0.000000000000e+00
     2.000000000000e+00 0.000000000000e+00 1.396983861923e-09 4.900000000000e+01
     3.384000000000e+05 0.000000000000e+00                                      
G17 2019 08 15 00 00 00 1.069894060493e-04 6.934897101019e-12 0.000000000000e+00
     8.100000000000e+01 1.123125000000e+02 3.879804466572e-09 1.877133100300e+00
     5.703419446945e-06 1.298757852055e-02 4.731118679047e-06 5.153556776047e+03
     3.456000000000e+05 1.471489667892e-07 9.262916529311e-01-3.296881914139e-07
     9.841653724038e-01 2.969687500000e+02-1.704936180407e+00-7.867827726606e-09
     4.235890727566e-10 1.000000000000e+00 2.066000000000e+03 0.000000000000e+00
     2.000000000000e+00 0.000000000000e+00-1.117587089539e-08 8.100000000000e+01
     3.416100000000e+05 0.000000000000e+00                                      
G19 2019 08 15 00 00 00-2.808170393109e-04 5.002220859751e-12 0.000000000000e+00
     5.000000000000e+01 1.131875000000e+02 3.967665269184e-09-1.592724232637e+00
     6.251037120819e-06 9.547131368890e-03 3.907829523087e-06 5.153647336960e+03
     3.456000000000e+05 9.685754776001e-08 9.723947481672e-01 1.695007085800e-07
     9.820436437967e-01 3.136250000000e+02 1.479464379093e+00-8.022477025512e-09
     4.178745490094e-10 1.000000000000e+00 2.066000000000e+03 0.000000000000e+00
     2.000000000000e+00 0.000000000000e+00-1.536682248116e-08 5.000000000000e+01
     3.431100000000e+05 0.000000000000e+00                                      
G25 2019 08 15 00 00 00-7.356982678170e-06-2.046363078990e-12 0.000000000000e+00
     8.200000000000e+01 3.312500000000e+01 3.885518990320e-09-1.891011448630e+00
     1.750886440280e-06 8.377075428140e-03 1.196563243870e-05 5.153679849620e+03
     3.456000000000e+05 1.024454832080e-07-1.720634739690e-01-1.527369022370e-07
     9.695793081960e-01 1.547187500000e+02 9.004889159720e-01-7.490312001560e-09
    -4.253748614280e-10 1.000000000000e+00 2.066000000000e+03 0.000000000000e+00
     2.000000000000e+00 0.000000000000e+00 5.587935447690e-09 8.200000000000e+01
     3.438720000000e+05 4.000000000000e+00                                      
G11 2019 08 15 00 00 00-5.349526181817e-04 1.011812855722e-11 0.000000000000e+00
     9.900000000000e+01 1.971875000000e+01 6.010607508786e-09-9.277597146303e-01
     1.117587089539e-06 1.677569677122e-02 1.030042767525e-06 5.153717466354e+03
     3.456000000000e+05-2.179294824600e-07 1.469288631072e+00 1.862645149231e-09
     9.099898125683e-01 3.381562500000e+02 1.925817246773e+00-9.287172562301e-09
     2.857261873569e-10 1.000000000000e+00 2.066000000000e+03 0.000000000000e+00
     2.000000000000e+00 0.000000000000e+00-1.210719000000e-08 9.900000000000e+01
     3.428700000000e+05 4.000000000000e+00                                      
G27 2019 08 15 00 00 00-2.413894981146e-05-1.148237060988e-11 0.000000000000e+00
     5.700000000000e+01 1.089062500000e+02 4.013381459161e-09 1.979310146875e+00
     5.587935447693e-06 7.161703659222e-03 5.412846803665e-06 5.153652589798e+03
     3.456000000000e+05-1.527369022369e-07 8.696385747487e-01 4.656612873077e-08
     9.785971755746e-01 2.835625000000e+02 5.186116478796e-01-7.988189883030e-09
     3.071556514086e-10 1.000000000000e+00 2.066000000000e+03 0.000000000000e+00
     2.000000000000e+00 0.000000000000e+00 1.396984000000e-09 5.700000000000e+01
     3.385800000000e+05 4.000000000000e+00                                      
G31 2019 08 15 00 00 00 1.731142401700e-05-2.614797267600e-12 0.000000000000e+00
     8.900000000000e+01-2.725000000000e+01 4.944134514480e-09-1.121574727960e+00
    -1.436099410060e-06 9.276721975770e-03 5.232170224190e-06 5.153661590580e+03
     3.456000000000e+05 4.842877388000e-08-1.193731067320e+00-1.545995473860e-07
     9.590394720490e-01 2.783125000000e+02 1.694111947130e-02-8.219628094790e-09
    -3.317995350680e-10 1.000000000000e+00 2.066000000000e+03 0.000000000000e+00
     2.000000000000e+00 0.000000000000e+00-1.350417733190e-08 8.900000000000e+01
     3.443460000000e+05 4.000000000000e+00                                      
G29 2019 08 15 00 00 00 1.248256303370e-04-1.000444171950e-11 0.000000000000e+00
     9.400000000000e+01 1.143125000000e+02 3.874447100560e-09 2.313141118330e+00
     5.982816219330e-06 1.227534958160e-03 4.900619387630e-06 5.153712177280e+03
     3.456000000000e+05-1.862645149230e-08 9.375583516290e-01 2.607703208920e-08
     9.856623325870e-01 2.969062500000e+02 1.920083901120e+00-7.909615181510e-09
     3.818016178560e-10 1.000000000000e+00 2.066000000000e+03 0.000000000000e+00
     2.000000000000e+00 0.000000000000e+00-9.778887033460e-09 9.400000000000e+01
     3.384180000000e+05 4.000000000000e+00                                      
G03 2019 08 15 00 00 00-1.661945134401e-06-2.955857780762e-12 0.000000000000e+00
     5.300000000000e+01-8.162500000000e+01 4.323037214709e-09-1.248281462631e+00
    -4.198402166367e-06 2.428990323097e-03 1.050718128681e-05 5.153736433029e+03
     3.456000000000e+05 5.587935447693e-08 2.967549472564e+00-2.607703208923e-08
     9.639638327800e-01 1.788437500000e+02 6.916710033307e-01-7.814254066476e-09
     1.050043738536e-10 1.000000000000e+00 2.066000000000e+03 0.000000000000e+00
     2.000000000000e+00 0.000000000000e+00 1.862645149231e-09 5.300000000000e+01
     3.402780000000e+05 4.000000000000e+00                                      
G04 2019 08 15 00 00 00 9.563611820340e-05 4.513367457548e-11 0.000000000000e+00
     6.200000000000e+01 1.176250000000e+02 4.378753821244e-09 2.109422949819e+00
     5.938112735748e-06 1.465219561942e-02 6.530433893204e-06 5.153678237915e+03
     3.456000000000e+05-3.259629011154e-07 7.668796437296e-01-1.266598701477e-07
     9.589083609422e-01 2.520937500000e+02 6.756097574011e-01-8.088908364073e-09
     3.028697585983e-10 1.000000000000e+00 2.066000000000e+03 0.000000000000e+00
     2.000000000000e+00 6.300000000000e+01-5.587935447693e-09 6.200000000000e+01
     3.390060000000e+05 4.000000000000e+00                                      
G10 2019 08 15 00 00 00-1.453235745430e-05-1.409716787748e-11 0.000000000000e+00
     8.600000000000e+01-9.296875000000e+01 4.232319150224e-09-2.200026617402e+00
    -4.952773451805e-06 4.738806630485e-03 1.041591167450e-05 5.153670339584e+03
     3.456000000000e+05 4.470348358154e-08 2.964356832332e+00-9.126961231232e-08
     9.639662831678e-01 1.815000000000e+02-2.720652677144e+00-7.765680614625e-09
     1.082187934614e-10 1.000000000000e+00 2.066000000000e+03 0.000000000000e+00
     2.000000000000e+00 0.000000000000e+00 1.862645149231e-09 8.600000000000e+01
     3.384180000000e+05 4.000000000000e+00                                      
G14 2019 08 15 00 00 00-6.653787568212e-05 1.932676241267e-12 0.000000000000e+00
     6.300000000000e+01 2.906250000000e+01 4.757341019492e-09 1.736311043593e+00
     1.339241862297e-06 1.079381594900e-02 7.528811693192e-06 5.153731161118e+03
     3.456000000000e+05-1.881271600723e-07-2.190652247128e+00-2.738088369370e-07
     9.603722460103e-01 2.359062500000e+02-1.930658074881e+00-8.034620388475e-09
     5.060925093559e-10 1.000000000000e+00 2.066000000000e+03 0.000000000000e+00
     2.000000000000e+00 0.000000000000e+00-9.778887033463e-09 6.300000000000e+01
     3.384180000000e+05 4.000000000000e+00                                      
G16 2019 08 15 00 00 00-6.504170596600e-05-3.296918293927e-12 0.000000000000e+00
     2.200000000000e+01 4.340625000000e+01 3.616579216470e-09 2.933606559094e+00
     2.156943082809e-06 1.075042365119e-02 1.165457069874e-05 5.153624925613e+03
     3.456000000000e+05-2.235174179077e-08-8.790889640982e-02-9.499490261078e-08
     9.825379184653e-01 1.656250000000e+02 5.810534051266e-01-7.365663952326e-09
    -3.010839699273e-10 1.000000000000e+00 2.066000000000e+03 0.000000000000e+00
     2.000000000000e+00 0.000000000000e+00-1.071020960808e-08 2.200000000000e+01
     3.384180000000e+05 4.000000000000e+00                                      
G23 2019 08 15 00 00 00-1.721796579659e-04 1.932676241267e-12 0.000000000000e+00
     2.900000000000e+01 3.493750000000e+01 5.269505210329e-09 6.284606259991e-01
     2.034008502960e-06 1.324829994701e-02 7.931143045425e-06 5.153774515152e+03
     3.456000000000e+05-1.173466444016e-07-2.290032090469e+00 1.173466444016e-07
     9.433185125682e-01 2.193437500000e+02-2.234468223553e+00-8.506425755348e-09
     4.071598169835e-10 1.000000000000e+00 2.066000000000e+03 0.000000000000e+00
     2.000000000000e+00 0.000000000000e+00-2.002343535423e-08 2.900000000000e+01
     3.444180000000e+05 4.000000000000e+00                                      
G26 2019 08 15 00 00 00 1.523084938526e-05 8.981260180008e-12 0.000000000000e+00
     5.400000000000e+01 2.215625000000e+01 4.410183701853e-09-2.416314047853e+00
     1.184642314911e-06 3.799901693128e-03 1.125968992710e-05 5.153654630661e+03
     3.456000000000e+05-9.313225746155e-09-2.020637837162e-01 2.793967723846e-08
     9.508012697865e-01 1.576875000000e+02 1.395117180573e-01-7.842112369743e-09
    -3.625151002090e-10 1.000000000000e+00 2.066000000000e+03 0.000000000000e+00
     2.000000000000e+00 0.000000000000e+00 7.450580596924e-09 5.400000000000e+01
     3.384180000000e+05 4.000000000000e+00                                      
G32 2019 08 15 00 00 00 1.935567706823e-05 1.443822839065e-11 0.000000000000e+00
     5.500000000000e+01 2.934375000000e+01 4.759483965897e-09 2.687460508363e+00
     1.506879925728e-06 3.220410668291e-03 8.055940270424e-06 5.153614295959e+03
     3.456000000000e+05-4.656612873077e-08-2.277075834034e+00-7.823109626770e-08
     9.567269087045e-01 2.219062500000e+02-2.486645944042e+00-7.971046311788e-09
     5.035924052165e-10 1.000000000000e+00 2.066000000000e+03 0.000000000000e+00
     2.000000000000e+00 0.000000000000e+00 4.656612873077e-10 5.500000000000e+01
     3.384180000000e+05 4.000000000000e+00                                      
G01 2019 08 15 00 00 00-9.692553430800e-05-1.148237060990e-11 0.000000000000e+00
     2.800000000000e+01-6.112500000000e+01 4.449471052610e-09-1.960988244860e-01
    -3.060325980190e-06 9.089576313270e-03 2.264976501460e-06 5.153646833420e+03
     3.456000000000e+05 5.029141902920e-08 1.925523772240e+00 9.313225746150e-08
     9.763767365700e-01 3.464375000000e+02 7.536738207860e-01-8.382849179320e-09
    -1.017899542460e-10 1.000000000000e+00 2.066000000000e+03 0.000000000000e+00
     2.000000000000e+00 0.000000000000e+00 5.587935447690e-09 2.800000000000e+01
     3.384180000000e+05 4.000000000000e+00                                      
G18 2019 08 15 00 00 00 7.792701944710e-05 2.955857780760e-12 0.000000000000e+00
     6.900000000000e+01-4.706250000000e+01 4.972707133210e-09-4.561307063720e-01
    -2.466142177580e-06 1.568902342110e-02 2.142041921620e-06 5.153679246900e+03
     3.456000000000e+05-1.378357410430e-07 1.868670436660e+00 1.229345798490e-07
     9.548994241250e-01 3.413750000000e+02 1.421128060050e+00-8.786437418960e-09
    -7.857470152310e-12 1.000000000000e+00 2.066000000000e+03 0.000000000000e+00
     2.000000000000e+00 0.000000000000e+00-5.587935447690e-09 6.900000000000e+01
     3.384180000000e+05 4.000000000000e+00                                      
G10 2019 08 15 01 59 44-1.463387161493e-05-1.409716787748e-11 0.000000000000e+00
     7.000000000000e+00-1.012812500000e+02 4.139101061895e-09-1.151846751338e+00
    -5.250796675682e-06 4.738788586110e-03 1.063011586666e-05 5.153673315048e+03
     3.527840000000e+05 8.381903171539e-08 2.964301024933e+00-3.725290298462e-08
     9.639671316603e-01 1.735312500000e+02-2.720986550160e+00-7.782467115192e-09
     1.150047904130e-10 1.000000000000e+00 2.066000000000e+03 0.000000000000e+00
     2.000000000000e+00 0.000000000000e+00 1.862645149231e-09 7.000000000000e+00
     3.455100000000e+05 0.000000000000e+00                                      
G25 2019 08 15 01 59 44-7.371883839369e-06-2.046363078989e-12 0.000000000000e+00
     2.000000000000e+01 3.515625000000e+01 4.088027250049e-09-8.431698765183e-01
     1.715496182442e-06 8.377340040170e-03 1.171603798866e-05 5.153679965973e+03
     3.527840000000e+05 3.911554813385e-08-1.721173751853e-01 1.564621925354e-07
     9.695745917478e-01 1.581562500000e+02 9.004866820962e-01-7.785681432892e-09
    -5.439512174021e-10 1.000000000000e+00 2.066000000000e+03 0.000000000000e+00
     2.000000000000e+00 0.000000000000e+00 5.587935447693e-09 2.000000000000e+01
     3.455100000000e+05 0.000000000000e+00                                      
G15 2019 08 15 01 59 44-2.940725535154e-04 2.614797267597e-12 0.000000000000e+00
     7.000000000000e+00 2.918750000000e+01 5.461298968612e-09 2.150931917599e+00
     1.462176442146e-06 1.157875324134e-02 9.043142199516e-06 5.153739208221e+03
     3.527840000000e+05-2.104789018631e-07-2.366286048741e+00-1.862645149231e-07
     9.280958829645e-01 1.887812500000e+02 7.974259993537e-01-8.268558282509e-09
     6.700279220340e-10 1.000000000000e+00 2.066000000000e+03 0.000000000000e+00
     2.000000000000e+00 0.000000000000e+00-1.071020960808e-08 7.000000000000e+00
     3.455100000000e+05 0.000000000000e+00                                      
G02 2019 08 15 01 59 44-2.830829471350e-04-8.412825991400e-12 0.000000000000e+00
     2.900000000000e+01-5.015625000000e+01 4.945920303150e-09 1.114566506260e+00
    -2.840533852580e-06 1.898062229160e-02 1.696869730950e-06 5.153763862610e+03
     3.527840000000e+05-3.855675458910e-07 1.855058563250e+00-1.881271600720e-07
     9.554398363040e-01 3.450312500000e+02-1.723401394270e+00-8.817152984100e-09
    -1.410773050070e-10 1.000000000000e+00 2.066000000000e+03 0.000000000000e+00
     2.000000000000e+00 0.000000000000e+00-2.048909664150e-08 2.900000000000e+01
     3.469560000000e+05 4.000000000000e+00                                      
G11 2019 08 15 01 59 44-5.348799750209e-04 1.011812855722e-11 0.000000000000e+00
     1.000000000000e+00 2.550000000000e+01 5.947747747567e-09 1.201036169234e-01
     1.244246959686e-06 1.677608210593e-02 9.834766387939e-07 5.153718578339e+03
     3.527840000000e+05-1.415610313416e-07 1.469222767574e+00-2.365559339523e-07
     9.099913530210e-01 3.347187500000e+02 1.925783350961e+00-9.310030657289e-09
     1.042900583853e-10 1.000000000000e+00 2.066000000000e+03 0.000000000000e+00
     2.000000000000e+00 0.000000000000e+00-1.210719000000e-08 1.000000000000e+00
     3.466500000000e+05 4.000000000000e+00                                      
G31 2019 08 15 01 59 44 1.729279756550e-05-2.614797267600e-12 0.000000000000e+00
     2.000000000000e+01-2.350000000000e+01 5.063068039960e-09-7.375517862210e-02
    -1.315027475360e-06 9.276348864660e-03 5.168840289120e-06 5.153660612110e+03
     3.527840000000e+05 1.210719347000e-07-1.193790062420e+00 9.313225746150e-09
     9.590362287600e-01 2.781875000000e+02 1.697961323480e-02-8.361062557530e-09
    -4.193031799460e-10 1.000000000000e+00 2.066000000000e+03 0.000000000000e+00
     2.000000000000e+00 0.000000000000e+00-1.350417733190e-08 2.000000000000e+01
     3.518760000000e+05 4.000000000000e+00                                      
G24 2019 08 15 02 00 00-7.986091077328e-07-5.684341886081e-13 0.000000000000e+00
     5.900000000000e+01-1.718750000000e+01 5.651306977938e-09 1.146629593405e+00
    -7.152557373047e-07 8.512284839526e-03 4.841014742851e-06 5.153696748734e+03
     3.528000000000e+05 0.000000000000e+00-1.275500177016e+00 1.471489667892e-07
     9.376671634754e-01 2.735000000000e+02 6.025245879447e-01-8.666074968744e-09
    -4.064454883768e-10 1.000000000000e+00 2.066000000000e+03 0.000000000000e+00
     2.800000000000e+00 0.000000000000e+00 2.793967723846e-09 5.900000000000e+01
     3.455400000000e+05 0.000000000000e+00                                      
G05 2019 08 15 02 00 00-6.221234798431e-07-2.273736754432e-13 0.000000000000e+00
     2.500000000000e+01-1.005000000000e+02 4.429827171748e-09-2.498202187874e+00
    -5.524605512619e-06 5.831904360093e-03 1.110322773457e-05 5.153757555008e+03
     3.528000000000e+05 4.470348358154e-08 2.939565182426e+00-8.381903171539e-08
     9.508332623419e-01 1.587187500000e+02 7.577318487444e-01-7.880685437556e-09
     1.096474230855e-10 1.000000000000e+00 2.066000000000e+03 0.000000000000e+00
     2.000000000000e+00 0.000000000000e+00-1.117587089539e-08 2.500000000000e+01
     3.455400000000e+05 0.000000000000e+00                                      
G12 2019 08 15 02 00 00 2.139927819371e-04-3.751665644813e-12 0.000000000000e+00
     1.030000000000e+02 5.181250000000e+01 3.780157520339e-09-4.715421694412e-01
     2.628192305565e-06 7.499265950173e-03 1.174211502075e-05 5.153603881836e+03
     3.528000000000e+05-3.166496753693e-08-1.068516842644e-01 8.381903171539e-08
     9.822043219411e-01 1.644062500000e+02 1.104451184071e+00-7.672105617473e-09
    -4.271606401929e-10 1.000000000000e+00 2.066000000000e+03 0.000000000000e+00
     2.000000000000e+00 0.000000000000e+00-1.257285475731e-08 1.030000000000e+02
     3.455400000000e+05 0.000000000000e+00                                      
G13 2019 08 15 02 00 00-4.963250830770e-05 1.932676241267e-12 0.000000000000e+00
     7.800000000000e+01 3.425000000000e+01 4.686623977790e-09 2.128581766786e+00
     1.784414052963e-06 3.633624059148e-03 7.361173629761e-06 5.153662364960e+03
     3.528000000000e+05-1.862645149231e-09-2.145740910790e+00-6.519258022308e-08
     9.677599003872e-01 2.416250000000e+02 1.227239497051e+00-7.937116741630e-09
     5.707380679176e-10 1.000000000000e+00 2.066000000000e+03 0.000000000000e+00
     2.000000000000e+00 0.000000000000e+00-1.117587089539e-08 7.800000000000e+01
     3.455400000000e+05 0.000000000000e+00                                      
G15 2019 08 15 02 00 00-2.940725535154e-04 2.614797267597e-12 0.000000000000e+00
     9.500000000000e+01 2.918750000000e+01 5.461298968612e-09 2.153265418228e+00
     1.462176442146e-06 1.157875242643e-02 9.043142199516e-06 5.153739208221e+03
     3.528000000000e+05-2.104789018631e-07-2.366286170163e+00-1.862645149231e-07
     9.280958975937e-01 1.887812500000e+02 7.974261558859e-01-8.268558282509e-09
     6.700279220340e-10 1.000000000000e+00 2.066000000000e+03 0.000000000000e+00
     2.000000000000e+00 0.000000000000e+00-1.071020960808e-08 9.500000000000e+01
     3.455400000000e+05 0.000000000000e+00                                      
G20 2019 08 15 02 00 00 5.264622159302e-04 2.273736754432e-13 0.000000000000e+00
     6.800000000000e+01-1.180937500000e+02 4.932705355287e-09 4.744674335988e-01
    -6.118789315224e-06 4.694917704910e-03 9.600073099136e-06 5.153631219864e+03
     3.528000000000e+05 2.235174179077e-08 2.843160531174e+00-6.146728992462e-08
     9.317950351748e-01 1.791250000000e+02 2.411007312521e+00-8.290345299145e-09
     0.000000000000e+00 1.000000000000e+00 2.066000000000e+03 0.000000000000e+00
     2.000000000000e+00 0.000000000000e+00-8.847564458847e-09 6.800000000000e+01
     3.455400000000e+05 0.000000000000e+00                                      
G21 2019 08 15 02 00 00-1.362883485854e-04 6.707523425575e-12 0.000000000000e+00
     2.700000000000e+01-4.856250000000e+01 5.132356761806e-09-9.853237577524e-01
    -2.188608050346e-06 2.450181439053e-02 1.970678567886e-06 5.153677083969e+03
     3.528000000000e+05-4.060566425323e-07 1.859028154887e+00 2.272427082062e-07
     9.492407882376e-01 3.426562500000e+02-1.421655278174e+00-9.008232382257e-09
     5.464513216924e-11 1.000000000000e+00 2.066000000000e+03 0.000000000000e+00
     2.000000000000e+00 0.000000000000e+00-1.024454832077e-08 2.700000000000e+01
     3.455400000000e+05 0.000000000000e+00                                      
G28 2019 08 15 02 00 00 7.647234015167e-04-7.958078640513e-13 0.000000000000e+00
     2.200000000000e+01 5.393750000000e+01 3.605507226112e-09-2.427535217614e+00
     2.725049853325e-06 1.901960943360e-02 1.147016882896e-05 5.153707715988e+03
     3.528000000000e+05 2.663582563400e-07-8.404460561803e-02 9.872019290924e-08
     9.815021154113e-01 1.685937500000e+02-1.460840331829e+00-7.132082924244e-09
    -3.650152125001e-10 1.000000000000e+00 2.066000000000e+03 0.000000000000e+00
     2.800000000000e+00 0.000000000000e+00-1.117587089539e-08 2.200000000000e+01
     3.455400000000e+05 0.000000000000e+00                                      
G17 2019 08 15 02 00 00 1.070392318070e-04 6.934897101019e-12 0.000000000000e+00
     9.900000000000e+01 1.098437500000e+02 3.798015235645e-09 2.927391999707e+00
     5.746260285378e-06 1.298788434360e-02 4.714354872704e-06 5.153556165695e+03
     3.528000000000e+05 1.173466444016e-07 9.262370231813e-01-1.490116119385e-08
     9.841688029467e-01 2.979375000000e+02-1.704948226074e+00-7.633174980981e-09
     3.007268045696e-10 1.000000000000e+00 2.066000000000e+03 0.000000000000e+00
     2.800000000000e+00 0.000000000000e+00-1.117587089539e-08 9.900000000000e+01
     3.455400000000e+05 0.000000000000e+00                                      
G19 2019 08 15 02 00 00-2.807807177305e-04 5.002220859751e-12 0.000000000000e+00
     5.100000000000e+01 9.812500000000e+01 4.005880960278e-09-5.427828639878e-01
     5.276873707771e-06 9.545730776154e-03 4.844740033150e-06 5.153642023087e+03
     3.528000000000e+05-6.891787052155e-08 9.723365328052e-01 1.750886440277e-07
     9.820463165481e-01 3.007500000000e+02 1.479717776985e+00-8.094265702141e-09
     4.032310874091e-10 1.000000000000e+00 2.066000000000e+03 0.000000000000e+00
     2.000000000000e+00 0.000000000000e+00-1.536682248116e-08 5.100000000000e+01
     3.455400000000e+05 0.000000000000e+00                                      
G32 2019 08 15 02 00 00 1.945998519659e-05 1.443822839065e-11 0.000000000000e+00
     7.300000000000e+01 2.746875000000e+01 4.823057953018e-09-2.545461886625e+00
     1.465901732445e-06 3.220724756829e-03 8.167698979378e-06 5.153613725662e+03
     3.528000000000e+05 8.381903171539e-08-2.277133848976e+00-1.266598701477e-07
     9.567304972426e-01 2.192187500000e+02-2.486689066478e+00-8.040691668043e-09
     5.785955048410e-10 1.000000000000e+00 2.066000000000e+03 0.000000000000e+00
     2.000000000000e+00 0.000000000000e+00 4.656612873077e-10 7.300000000000e+01
     3.455400000000e+05 0.000000000000e+00                                      
G30 2019 08 15 02 00 00-1.980690285563e-05-7.730704965070e-12 0.000000000000e+00
     6.200000000000e+01-2.596875000000e+01 5.422725878299e-09 1.920404132426e-01
    -1.490116119385e-06 4.194512148388e-03 4.960224032402e-06 5.153762069702e+03
     3.528000000000e+05-2.980232238770e-08-1.181172658777e+00 1.862645149231e-08
     9.399431845893e-01 2.692187500000e+02-2.910307188033e+00-8.514640383235e-09
    -4.664480008601e-10 1.000000000000e+00 2.066000000000e+03 0.000000000000e+00
     2.000000000000e+00 0.000000000000e+00 3.725290298462e-09 6.200000000000e+01
     3.456000000000e+05 0.000000000000e+00                                      
G25 2019 08 15 02 00 00-7.372349500660e-06-2.046363078990e-12 0.000000000000e+00
     1.010000000000e+02 3.515625000000e+01 4.088027425610e-09-8.408370810170e-01
     1.715496182440e-06 8.377338293940e-03 1.171603798870e-05 5.153679965970e+03
     3.528000000000e+05 3.911554813390e-08-1.721174980700e-01 1.564621925350e-07
     9.695745785820e-01 1.581562500000e+02 9.004876139750e-01-7.785681447740e-09
    -5.439512291810e-10 1.000000000000e+00 2.066000000000e+03 0.000000000000e+00
     2.800000000000e+00 0.000000000000e+00 5.587935447690e-09 1.010000000000e+02
     3.456180000000e+05 4.000000000000e+00                                      
G02 2019 08 15 02 00 00-2.830824814740e-04-8.412825991400e-12 0.000000000000e+00
     9.800000000000e+01-5.015625000000e+01 4.945920303150e-09 1.116900216090e+00
    -2.840533852580e-06 1.898062159310e-02 1.696869730950e-06 5.153763870240e+03
     3.528000000000e+05-3.855675458910e-07 1.855058418420e+00-1.881271600720e-07
     9.554398421560e-01 3.450312500000e+02-1.723401524470e+00-8.817152984100e-09
    -1.410773050070e-10 1.000000000000e+00 2.066000000000e+03 0.000000000000e+00
     2.800000000000e+00 0.000000000000e+00-2.048909664150e-08 9.800000000000e+01
     3.456180000000e+05 4.000000000000e+00                                      
G29 2019 08 15 02 00 00 1.247534528370e-04-1.000444171950e-11 0.000000000000e+00
     1.070000000000e+02 1.177812500000e+02 3.920163290540e-09-2.920041431770e+00
     6.129965186120e-06 1.227704342450e-03 5.023553967480e-06 5.153711988450e+03
     3.528000000000e+05 1.117587089540e-08 9.375018127710e-01-7.078051567080e-08
     9.856647888260e-01 2.974687500000e+02 1.920233562030e+00-7.918901282600e-09
     2.992981812560e-10 1.000000000000e+00 2.066000000000e+03 0.000000000000e+00
     2.800000000000e+00 0.000000000000e+00-9.778887033460e-09 1.070000000000e+02
     3.482760000000e+05 4.000000000000e+00                                      
G01 2019 08 15 02 00 00-9.700795635581e-05-1.148237060988e-11 0.000000000000e+00
     3.200000000000e+01-5.334375000000e+01 4.334823419938e-09 8.541039032559e-01
    -2.881512045860e-06 9.090480743907e-03 2.127140760422e-06 5.153648435593e+03
     3.528000000000e+05-8.568167686462e-08 1.925464200753e+00 5.587935447693e-08
     9.763758295610e-01 3.475000000000e+02 7.536661902048e-01-8.323560995440e-09
    -2.053656971627e-10 1.000000000000e+00 2.066000000000e+03 0.000000000000e+00
     2.000000000000e+00 0.000000000000e+00 5.587935000000e-09 3.200000000000e+01
     3.487800000000e+05 4.000000000000e+00                                      
G06 2019 08 15 02 00 00-2.521649003029e-05-1.182343112305e-11 0.000000000000e+00
     2.500000000000e+01-6.084375000000e+01 4.306607958936e-09 1.143853735608e+00
    -3.023073077202e-06 1.370081678033e-03 2.076849341393e-06 5.153635654449e+03
     3.528000000000e+05-3.725290298462e-09 1.917182001229e+00-8.568167686462e-08
     9.760023436495e-01 3.445000000000e+02-1.108684880695e+00-8.246414924853e-09
    -8.928943354902e-11 1.000000000000e+00 2.066000000000e+03 0.000000000000e+00
     2.000000000000e+00 0.000000000000e+00 4.190952000000e-09 2.500000000000e+01
     3.516900000000e+05 4.000000000000e+00                                      
G11 2019 08 15 02 00 00-5.348799750209e-04 1.011812855722e-11 0.000000000000e+00
     1.010000000000e+02 2.550000000000e+01 5.947747747567e-09 1.224375695934e-01
     1.244246959686e-06 1.677608478349e-02 9.834766387939e-07 5.153718580246e+03
     3.528000000000e+05-1.415610313416e-07 1.469222621282e+00-2.365559339523e-07
     9.099913632615e-01 3.347187500000e+02 1.925783134449e+00-9.310030657289e-09
     1.042900583853e-10 1.000000000000e+00 2.066000000000e+03 0.000000000000e+00
     2.000000000000e+00 0.000000000000e+00-1.210719000000e-08 1.010000000000e+02
     3.456300000000e+05 4.000000000000e+00                                      
G18 2019 08 15 02 00 00 7.794843986630e-05 2.955857780760e-12 0.000000000000e+00
     7.000000000000e+01-4.193750000000e+01 4.919847788550e-09 5.940768972760e-01
    -2.382323145870e-06 1.568854309150e-02 1.685693860050e-06 5.153678276060e+03
     3.528000000000e+05-1.676380634310e-07 1.868608098800e+00-8.754432201390e-08
     9.548988067740e-01 3.459375000000e+02 1.421100213410e+00-8.775365529200e-09
    -1.800074980350e-10 1.000000000000e+00 2.066000000000e+03 0.000000000000e+00
     2.000000000000e+00 0.000000000000e+00-5.587935447690e-09 7.000000000000e+01
     3.480660000000e+05 4.000000000000e+00                                      
G31 2019 08 15 02 00 00 1.729279756550e-05-2.614797267600e-12 0.000000000000e+00
     1.090000000000e+02-2.350000000000e+01 5.063068039960e-09-7.142141027980e-02
    -1.316890120510e-06 9.276350610890e-03 5.168840289120e-06 5.153660604480e+03
     3.528000000000e+05 1.210719347000e-07-1.193790189700e+00 9.313225746150e-09
     9.590361995010e-01 2.781875000000e+02 1.697965273350e-02-8.361062557530e-09
    -4.193031799460e-10 1.000000000000e+00 2.066000000000e+03 0.000000000000e+00
     2.800000000000e+00 0.000000000000e+00-1.350417733190e-08 1.090000000000e+02
     3.456180000000e+05 4.000000000000e+00                                      
G26 2019 08 15 02 00 00 1.529557630420e-05 8.981260180010e-12 0.000000000000e+00
     5.500000000000e+01 2.203125000000e+01 4.395183077020e-09-1.365875146620e+00
     1.212581992150e-06 3.799779224210e-03 1.170858740810e-05 5.153656379700e+03
     3.528000000000e+05-5.029141902920e-08-2.021195662460e-01-1.098960638050e-07
     9.507983498020e-01 1.504375000000e+02 1.392638807170e-01-7.826754587170e-09
    -4.785913638230e-10 1.000000000000e+00 2.066000000000e+03 0.000000000000e+00
     2.000000000000e+00 0.000000000000e+00 7.450580596920e-09 5.500000000000e+01
     3.498960000000e+05 4.000000000000e+00                                      
G07 2019 08 15 02 00 00-8.536921814080e-05-7.844391802790e-12 0.000000000000e+00
     2.500000000000e+01-2.040625000000e+01 5.203788187240e-09 2.324014189660e-01
    -9.778887033460e-07 1.311872398950e-02 5.014240741730e-06 5.153729562760e+03
     3.528000000000e+05-1.862645149230e-08-1.208173579770e+00 1.229345798490e-07
     9.545058099240e-01 2.770312500000e+02-2.438249477480e+00-8.545355948380e-09
    -4.593048461760e-10 1.000000000000e+00 2.066000000000e+03 0.000000000000e+00
     2.000000000000e+00 0.000000000000e+00-1.117587089540e-08 2.500000000000e+01
     3.456180000000e+05 4.000000000000e+00                                      
G09 2019 08 15 02 00 00-6.766524165870e-06-8.867573342290e-12 0.000000000000e+00
     5.000000000000e+01 3.306250000000e+01 4.986279127110e-09-2.831445551950e+00
     1.749023795130e-06 1.281781238500e-03 8.022412657740e-06 5.153616176610e+03
     3.528000000000e+05 2.607703208920e-08-2.284208223840e+00 5.029141902920e-08
     9.525090862040e-01 2.214375000000e+02 1.704516377050e+00-8.146410759280e-09
     6.007393089180e-10 1.000000000000e+00 2.066000000000e+03 0.000000000000e+00
     2.000000000000e+00 0.000000000000e+00 1.396983861920e-09 5.000000000000e+01
     3.456180000000e+05 4.000000000000e+00                                      
G14 2019 08 15 02 00 00-6.652437150478e-05 1.932676241267e-12 0.000000000000e+00
     6.400000000000e+01 2.853125000000e+01 4.721982403806e-09 2.786498358030e+00
     1.441687345505e-06 1.079400873277e-02 7.497146725655e-06 5.153730316162e+03
     3.528000000000e+05 6.146728992462e-08-2.190708933740e+00-1.993030309677e-07
     9.603766713375e-01 2.321562500000e+02-1.930697835532e+00-7.841398054275e-09
     4.935919886590e-10 1.000000000000e+00 2.066000000000e+03 0.000000000000e+00
     2.000000000000e+00 0.000000000000e+00-9.778887033463e-09 6.400000000000e+01
     3.456180000000e+05 4.000000000000e+00                                      
G03 2019 08 15 02 00 00-1.683831214905e-06-2.955857780762e-12 0.000000000000e+00
     5.800000000000e+01-8.446875000000e+01 4.241605251313e-09-1.977486493678e-01
    -4.319474101067e-06 2.429843647406e-03 1.028180122375e-05 5.153738830566e+03
     3.528000000000e+05 2.793967723846e-08 2.967493132663e+00 5.960464477539e-08
     9.639644164844e-01 1.878125000000e+02 6.912781088851e-01-7.837469319199e-09
     8.500354073867e-11 1.000000000000e+00 2.066000000000e+03 0.000000000000e+00
     2.000000000000e+00 0.000000000000e+00 1.862645149231e-09 5.800000000000e+01
     3.456180000000e+05 4.000000000000e+00                                      
G16 2019 08 15 02 00 00-6.506545469165e-05-3.296918293927e-12 0.000000000000e+00
     2.300000000000e+01 4.253125000000e+01 3.648009097079e-09-2.299351421376e+00
     2.207234501839e-06 1.075050898362e-02 1.185573637486e-05 5.153624916077e+03
     3.528000000000e+05 2.235174179077e-08-8.796208225951e-02-9.126961231232e-08
     9.825357694386e-01 1.618437500000e+02 5.810308147456e-01-7.379593103959e-09
    -2.778687172046e-10 1.000000000000e+00 2.066000000000e+03 0.000000000000e+00
     2.000000000000e+00 0.000000000000e+00-1.071020960808e-08 2.300000000000e+01
     3.456180000000e+05 4.000000000000e+00                                      
G04 2019 08 15 02 00 00 9.596114978194e-05 4.513367457548e-11 0.000000000000e+00
     9.100000000000e+01 1.230312500000e+02 4.265891977238e-09-3.123561840088e+00
     6.232410669327e-06 1.465203135740e-02 6.565824151039e-06 5.153678180695e+03
     3.528000000000e+05-4.470348358154e-08 7.668224919090e-01-1.769512891769e-07
     9.589116159349e-01 2.500625000000e+02 6.755862936580e-01-7.865684780200e-09
     3.146559638267e-10 1.000000000000e+00 2.066000000000e+03 0.000000000000e+00
     2.000000000000e+00 6.300000000000e+01-5.587935447693e-09 9.100000000000e+01
     3.456180000000e+05 4.000000000000e+00                                      
G27 2019 08 15 02 00 00-2.422183752060e-05-1.148237060988e-11 0.000000000000e+00
     5.800000000000e+01 1.140312500000e+02 3.963379376374e-09 3.029623996412e+00
     5.858018994331e-06 7.162536843680e-03 5.837529897690e-06 5.153650352478e+03
     3.528000000000e+05-3.911554813385e-08 8.695814390202e-01-5.960464477539e-08
     9.786001189658e-01 2.759687500000e+02 5.184888022598e-01-7.853898574972e-09
     3.350139546759e-10 1.000000000000e+00 2.066000000000e+03 0.000000000000e+00
     2.000000000000e+00 0.000000000000e+00 1.396983861923e-09 5.800000000000e+01
     3.456180000000e+05 4.000000000000e+00                                      
G22 2019 08 15 02 00 00-7.438897155225e-04-4.433786671143e-12 0.000000000000e+00
     3.700000000000e+01-1.007187500000e+02 5.016637534518e-09 2.154265237886e+00
    -5.273148417473e-06 7.016039686278e-03 9.536743164062e-06 5.153740255356e+03
     3.528000000000e+05 1.303851604462e-07 2.891551172393e+00 1.862645149231e-09
     9.285312386074e-01 1.819687500000e+02-1.300602748216e+00-8.090694152744e-09
     5.000208278745e-12 1.000000000000e+00 2.066000000000e+03 0.000000000000e+00
     2.000000000000e+00 0.000000000000e+00-1.816079020500e-08 3.700000000000e+01
     3.456180000000e+05 4.000000000000e+00                                      
G23 2019 08 15 02 00 00-1.721656881273e-04 1.932676241267e-12 0.000000000000e+00
     3.000000000000e+01 2.750000000000e+01 5.196287874819e-09 1.678495363932e+00
     1.411885023117e-06 1.324886141811e-02 8.370727300644e-06 5.153777000427e+03
     3.528000000000e+05-3.855675458908e-07-2.290094062604e+00-6.705522537231e-08
     9.433224141707e-01 2.138750000000e+02-2.234378555453e+00-8.324275310908e-09
     5.818099490054e-10 1.000000000000e+00 2.066000000000e+03 0.000000000000e+00
     2.000000000000e+00 0.000000000000e+00-2.002343535423e-08 3.000000000000e+01
     3.456180000000e+05 4.000000000000e+00                                      
G08 2019 08 15 02 00 00-2.679415047169e-06-1.364242052659e-12 0.000000000000e+00
     1.110000000000e+02 1.152812500000e+02 4.184102856107e-09-3.120215210173e+00
     5.990266799927e-06 4.414731985889e-03 5.690380930901e-06 5.153785289764e+03
     3.528000000000e+05-4.097819328308e-08 8.576045213907e-01 3.911554813385e-08
     9.702907340352e-01 2.752812500000e+02-2.037016682607e-01-7.994261564511e-09
     2.864405028253e-10 1.000000000000e+00 2.066000000000e+03 0.000000000000e+00
     2.000000000000e+00 0.000000000000e+00 5.122274160385e-09 1.110000000000e+02
     3.460380000000e+05 4.000000000000e+00                                      
G25 2019 08 15 03 59 44-7.386785000563e-06-2.046363078989e-12 0.000000000000e+00
     2.100000000000e+01 3.253125000000e+01 4.176959667035e-09 2.070451294950e-01
     1.750886440277e-06 8.377157500945e-03 1.139007508755e-05 5.153679830551e+03
     3.599840000000e+05-1.862645149231e-08-1.721739974295e-01 7.823109626770e-08
     9.695704721705e-01 1.632500000000e+02 9.004456721137e-01-7.860684547722e-09
    -5.225217480920e-10 1.000000000000e+00 2.066000000000e+03 0.000000000000e+00
     2.000000000000e+00 0.000000000000e+00 5.587935447693e-09 2.100000000000e+01
     3.527100000000e+05 0.000000000000e+00                                      
G15 2019 08 15 03 59 44-2.940539270639e-04 2.614797267597e-12 0.000000000000e+00
     1.900000000000e+01 3.375000000000e+01 5.330579089247e-09-3.082123096764e+00
     1.540407538414e-06 1.157810329460e-02 8.942559361458e-06 5.153740430832e+03
     3.599840000000e+05-1.862645149231e-08-2.366344796605e+00-1.639127731323e-07
     9.281012577256e-01 1.915625000000e+02 7.974425361796e-01-8.137838847233e-09
     6.703850807810e-10 1.000000000000e+00 2.066000000000e+03 0.000000000000e+00
     2.000000000000e+00 0.000000000000e+00-1.071020960808e-08 1.900000000000e+01
     3.527100000000e+05 0.000000000000e+00                                      
G31 2019 08 15 03 59 44 1.727370545268e-05-2.614797267597e-12 0.000000000000e+00
     4.200000000000e+01-2.178125000000e+01 5.088783616713e-09 9.764220007185e-01
    -9.723007678986e-07 9.276552358642e-03 4.982575774193e-06 5.153661085129e+03
     3.599840000000e+05 8.195638656616e-08-1.193849771424e+00 1.043081283569e-07
     9.590333614404e-01 2.787187500000e+02 1.699511138889e-02-8.288917108246e-09
    -4.628764316283e-10 1.000000000000e+00 2.066000000000e+03 0.000000000000e+00
     2.000000000000e+00 0.000000000000e+00-1.350417733192e-08 4.200000000000e+01
     3.527100000000e+05 0.000000000000e+00                                      
G29 2019 08 15 03 59 44 1.246812753379e-04-1.000444171950e-11 0.000000000000e+00
     2.200000000000e+01 1.156875000000e+02 3.972308260103e-09-1.871988743022e+00
     5.917623639107e-06 1.227439497598e-03 4.861503839493e-06 5.153712703705e+03
     3.599840000000e+05 3.725290298462e-08 9.374449228124e-01 7.450580596924e-09
     9.856665238471e-01 2.995000000000e+02 1.920000274872e+00-7.978189664470e-09
     2.642967233957e-10 1.000000000000e+00 2.066000000000e+03 0.000000000000e+00
     2.000000000000e+00 0.000000000000e+00-9.778887033463e-09 2.200000000000e+01
     3.527100000000e+05 0.000000000000e+00                                      
G02 2019 08 15 03 59 44-2.831430174410e-04-8.412825991400e-12 0.000000000000e+00
     4.700000000000e+01-4.912500000000e+01 4.588405411217e-09 2.164619429728e+00
    -2.769753336906e-06 1.898038946092e-02 9.033828973770e-07 5.153766532898e+03
     3.599840000000e+05 2.626329660416e-07 1.854997237726e+00-2.570450305939e-07
     9.554419589984e-01 3.553125000000e+02-1.723327366222e+00-8.159268437710e-09
    -1.128618440060e-10 1.000000000000e+00 2.066000000000e+03 0.000000000000e+00
     2.000000000000e+00 0.000000000000e+00-2.048909664154e-08 4.700000000000e+01
     3.540600000000e+05 0.000000000000e+00                                      
G17 2019 08 15 03 59 44 1.070871949200e-04 6.934897101020e-12 0.000000000000e+00
     2.000000000000e+01 1.068437500000e+02 3.862303737600e-09-2.307858427520e+00
     5.571171641350e-06 1.298744895030e-02 5.116686224940e-06 5.153557090760e+03
     3.599840000000e+05 1.918524503710e-07 9.261823714880e-01-2.048909664150e-08
     9.841708437170e-01 2.952812500000e+02-1.704969314040e+00-7.659247609840e-09
     2.617966191660e-10 1.000000000000e+00 2.066000000000e+03 0.000000000000e+00
     2.000000000000e+00 0.000000000000e+00-1.117587089540e-08 2.000000000000e+01
     3.597060000000e+05 4.000000000000e+00                                      
G11 2019 08 15 03 59 44-5.348073318601e-04 1.011812855722e-11 0.000000000000e+00
     3.000000000000e+00 3.275000000000e+01 5.956319533188e-09 1.170267981102e+00
     1.298263669014e-06 1.677529828157e-02 5.904585123062e-07 5.153717397690e+03
     3.599840000000e+05 1.285225152969e-07 1.469155717650e+00-3.613531589508e-07
     9.099926579440e-01 3.391250000000e+02 1.925784123382e+00-9.147881045964e-09
     1.057186893220e-10 1.000000000000e+00 2.066000000000e+03 0.000000000000e+00
     2.000000000000e+00 0.000000000000e+00-1.210719347000e-08 3.000000000000e+00
     3.528180000000e+05 4.000000000000e+00                                      
G12 2019 08 15 04 00 00 2.139662392437e-04-3.751665644813e-12 0.000000000000e+00
     1.040000000000e+02 4.121875000000e+01 3.851231777929e-09 5.786892709938e-01
     2.147629857063e-06 7.497269776650e-03 1.130811870098e-05 5.153600070953e+03
     3.600000000000e+05-7.264316082001e-08-1.069067119280e-01 4.842877388000e-08
     9.822011766672e-01 1.738125000000e+02 1.104439368081e+00-7.659961553941e-09
    -4.628764316283e-10 1.000000000000e+00 2.066000000000e+03 0.000000000000e+00
     2.000000000000e+00 0.000000000000e+00-1.257285475731e-08 1.040000000000e+02
     3.527400000000e+05 0.000000000000e+00                                      
G10 2019 08 15 04 00 00-1.473585143685e-05-1.409716787748e-11 0.000000000000e+00
     8.000000000000e+00-1.012500000000e+02 4.146244236836e-09-9.935283202139e-02
    -5.187466740608e-06 4.738595569506e-03 1.091696321964e-05 5.153672929764e+03
     3.600000000000e+05 6.705522537231e-08 2.964244660163e+00 5.960464477539e-08
     9.639673949856e-01 1.718437500000e+02-2.720968298794e+00-7.875327945328e-09
     8.107480659048e-11 1.000000000000e+00 2.066000000000e+03 0.000000000000e+00
     2.000000000000e+00 0.000000000000e+00 1.862645149231e-09 8.000000000000e+00
     3.527400000000e+05 0.000000000000e+00                                      
G14 2019 08 15 04 00 00-6.651040166616e-05 1.932676241267e-12 0.000000000000e+00
     6.700000000000e+01 3.096875000000e+01 4.730911218331e-09-2.446542495287e+00
     1.583248376846e-06 1.079360395670e-02 7.562339305878e-06 5.153731048584e+03
     3.600000000000e+05 2.048909664154e-07-2.190766743874e+00 3.352761268616e-08
     9.603808465057e-01 2.300625000000e+02-1.930694151904e+00-7.889614295209e-09
     7.064580032079e-10 1.000000000000e+00 2.066000000000e+03 0.000000000000e+00
     2.000000000000e+00 0.000000000000e+00-9.778887033463e-09 6.700000000000e+01
     3.527400000000e+05 0.000000000000e+00                                      
G17 2019 08 15 04 00 00 1.070890575647e-04 6.934897101019e-12 0.000000000000e+00
     1.040000000000e+02 1.068437500000e+02 3.862303810109e-09-2.305524735251e+00
     5.571171641350e-06 1.298744662199e-02 5.116686224937e-06 5.153557100296e+03
     3.600000000000e+05 1.918524503708e-07 9.261822442138e-01-2.048909664154e-08
     9.841708554208e-01 2.952812500000e+02-1.704969226263e+00-7.659247458491e-09
     2.617966121665e-10 1.000000000000e+00 2.066000000000e+03 0.000000000000e+00
     2.800000000000e+00 0.000000000000e+00-1.117587089539e-08 1.040000000000e+02
     3.527400000000e+05 0.000000000000e+00                                      
G19 2019 08 15 04 00 00-2.807443961501e-04 5.002220859751e-12 0.000000000000e+00
     5.200000000000e+01 9.556250000000e+01 3.998023689888e-09 5.073875274128e-01
     5.090609192848e-06 9.546535438858e-03 5.323439836502e-06 5.153643545151e+03
     3.600000000000e+05-1.620501279831e-07 9.722796721053e-01-1.173466444016e-07
     9.820484041322e-01 2.942812500000e+02 1.479743012322e+00-8.062835732403e-09
     1.514348785259e-10 1.000000000000e+00 2.066000000000e+03 0.000000000000e+00
     2.000000000000e+00 0.000000000000e+00-1.536682248116e-08 5.200000000000e+01
     3.527400000000e+05 0.000000000000e+00                                      
G20 2019 08 15 04 00 00 5.264636129141e-04 2.273736754432e-13 0.000000000000e+00
     6.900000000000e+01-1.172187500000e+02 4.859845414984e-09 1.524699495774e+00
    -6.053596735001e-06 4.694692557678e-03 9.715557098389e-06 5.153630834579e+03
     3.600000000000e+05 9.126961231232e-08 2.843101604834e+00 7.078051567078e-08
     9.317954989198e-01 1.766562500000e+02 2.410984960595e+00-8.151054053940e-09
    -4.107313794632e-11 1.000000000000e+00 2.066000000000e+03 0.000000000000e+00
     2.000000000000e+00 0.000000000000e+00-8.847564458847e-09 6.900000000000e+01
     3.527400000000e+05 0.000000000000e+00                                      
G24 2019 08 15 04 00 00-8.023343980312e-07-5.684341886081e-13 0.000000000000e+00
     7.600000000000e+01-1.878125000000e+01 5.567374561366e-09 2.196777761617e+00
    -1.013278961182e-06 8.512250846252e-03 4.900619387627e-06 5.153697179794e+03
     3.600000000000e+05-2.365559339523e-07-1.275563152714e+00-7.078051567078e-08
     9.376656508181e-01 2.734687500000e+02 6.025518011468e-01-8.443208798781e-09
    -2.164375900726e-10 1.000000000000e+00 2.066000000000e+03 0.000000000000e+00
     2.800000000000e+00 0.000000000000e+00 2.793967723846e-09 7.600000000000e+01
     3.527400000000e+05 0.000000000000e+00                                      
G32 2019 08 15 04 00 00 1.956429332495e-05 1.443822839065e-11 0.000000000000e+00
     8.000000000000e+01 2.809375000000e+01 4.800914332748e-09-1.495164404216e+00
     1.519918441772e-06 3.220475162379e-03 8.290633559227e-06 5.153614356995e+03
     3.600000000000e+05 6.332993507385e-08-2.277192272073e+00 2.048909664154e-08
     9.567351902838e-01 2.163437500000e+02-2.486766880554e+00-8.032477794018e-09
     6.886001213680e-10 1.000000000000e+00 2.066000000000e+03 0.000000000000e+00
     2.000000000000e+00 0.000000000000e+00 4.656612873077e-10 8.000000000000e+01
     3.527400000000e+05 0.000000000000e+00                                      
G29 2019 08 15 04 00 00 1.246817409992e-04-1.000444171950e-11 0.000000000000e+00
     1.110000000000e+02 1.156875000000e+02 3.972308260103e-09-1.869656085035e+00
     5.917623639107e-06 1.227440079674e-03 4.861503839493e-06 5.153712709427e+03
     3.600000000000e+05 3.725290298462e-08 9.374447765206e-01 7.450580596924e-09
     9.856665545684e-01 2.995000000000e+02 1.920001313544e+00-7.978189664470e-09
     2.642967233957e-10 1.000000000000e+00 2.066000000000e+03 0.000000000000e+00
     2.800000000000e+00 0.000000000000e+00-9.778887033463e-09 1.110000000000e+02
     3.527400000000e+05 0.000000000000e+00                                      
G26 2019 08 15 04 00 00 1.536030322313e-05 8.981260180008e-12 0.000000000000e+00
     6.700000000000e+01 2.290625000000e+01 4.516259366483e-09-3.156981501409e-01
     1.043081283569e-06 3.799645230174e-03 1.170113682747e-05 5.153656145096e+03
     3.600000000000e+05 6.519258022308e-08-2.021757642435e-01-1.117587089539e-08
     9.507941468383e-01 1.493437500000e+02 1.392775692412e-01-7.934973567103e-09
    -5.675236391944e-10 1.000000000000e+00 2.066000000000e+03 0.000000000000e+00
     2.000000000000e+00 0.000000000000e+00 7.450580596924e-09 6.700000000000e+01
     3.527400000000e+05 0.000000000000e+00                                      
G22 2019 08 15 04 00 00-7.439213804901e-04-4.433786671143e-12 0.000000000000e+00
     5.400000000000e+01-1.041875000000e+02 4.882703574793e-09-3.078776482941e+00
    -5.556270480156e-06 7.015144801699e-03 9.525567293167e-06 5.153741748810e+03
     3.600000000000e+05 9.499490261078e-08 2.891492916069e+00 5.774199962616e-08
     9.285312795691e-01 1.743750000000e+02-1.300602894508e+00-8.077479130009e-09
     2.357240964923e-11 1.000000000000e+00 2.066000000000e+03 0.000000000000e+00
     2.000000000000e+00 0.000000000000e+00-1.816079020500e-08 5.400000000000e+01
     3.527400000000e+05 0.000000000000e+00                                      
G13 2019 08 15 04 00 00-4.961900413036e-05 1.932676241267e-12 0.000000000000e+00
     7.900000000000e+01 3.525000000000e+01 4.635907213668e-09-3.104440656689e+00
     1.655891537666e-06 3.633517539129e-03 7.349997758865e-06 5.153662622452e+03
     3.600000000000e+05 3.911554813385e-08-2.145798034815e+00-4.470348358154e-08
     9.677640375195e-01 2.421875000000e+02 1.227265340962e+00-7.933544488026e-09
     5.825242510582e-10 1.000000000000e+00 2.066000000000e+03 0.000000000000e+00
     2.000000000000e+00 0.000000000000e+00-1.117587089539e-08 7.900000000000e+01
     3.527400000000e+05 0.000000000000e+00                                      
G06 2019 08 15 04 00 00-2.530170604587e-05-1.182343112305e-11 0.000000000000e+00
     2.600000000000e+01-5.300000000000e+01 4.210889686172e-09 2.193210181333e+00
    -2.654269337654e-06 1.369922771119e-03 1.987442374229e-06 5.153637855530e+03
     3.600000000000e+05 9.313225746155e-09 1.917123257753e+00 9.313225746155e-09
     9.760019047741e-01 3.475312500000e+02-1.107839872880e+00-8.162125699583e-09
    -1.267909956396e-10 1.000000000000e+00 2.066000000000e+03 0.000000000000e+00
     2.000000000000e+00 0.000000000000e+00 4.190951585770e-09 2.600000000000e+01
     3.528900000000e+05 0.000000000000e+00                                      
G05 2019 08 15 04 00 00-6.239861249920e-07-2.273736754430e-13 0.000000000000e+00
     2.600000000000e+01-8.621875000000e+01 4.436256216450e-09-1.448566871930e+00
    -4.518777132030e-06 5.833179340700e-03 9.872019290920e-06 5.153751613620e+03
     3.600000000000e+05 1.266598701480e-07 2.939508576270e+00-4.842877388000e-08
     9.508339455250e-01 1.762812500000e+02 7.582272557120e-01-7.916401178460e-09
     7.786038605470e-11 1.000000000000e+00 2.066000000000e+03 0.000000000000e+00
     2.000000000000e+00 0.000000000000e+00-1.117587089540e-08 2.600000000000e+01
     3.528180000000e+05 4.000000000000e+00                                      
G21 2019 08 15 04 00 00-1.362403854730e-04 6.707523425580e-12 0.000000000000e+00
     2.800000000000e+01-4.784375000000e+01 5.055924885280e-09 6.486216983830e-02
    -2.481043338780e-06 2.450199204030e-02 1.890584826470e-06 5.153677463530e+03
     3.600000000000e+05-4.582107067110e-07 1.858964071760e+00-1.918524503710e-07
     9.492408160330e-01 3.415312500000e+02-1.421658929620e+00-9.017518472980e-09
    -1.689356082750e-10 1.000000000000e+00 2.066000000000e+03 0.000000000000e+00
     2.000000000000e+00 0.000000000000e+00-1.024454832080e-08 2.800000000000e+01
     3.528180000000e+05 4.000000000000e+00                                      
G28 2019 08 15 04 00 00 7.647178135812e-04-7.958078640513e-13 0.000000000000e+00
     2.300000000000e+01 4.493750000000e+01 3.812658812543e-09-1.377303369025e+00
     2.391636371613e-06 1.901877170894e-02 1.124851405621e-05 5.153710887909e+03
     3.600000000000e+05-2.644956111908e-07-8.409700295487e-02 4.246830940247e-07
     9.814965651001e-01 1.775000000000e+02-1.460919809243e+00-7.707106746217e-09
    -4.503759028213e-10 1.000000000000e+00 2.066000000000e+03 0.000000000000e+00
     2.000000000000e+00 0.000000000000e+00-1.117587000000e-08 2.300000000000e+01
     3.528300000000e+05 4.000000000000e+00                                      
G01 2019 08 15 04 00 00-9.709084406500e-05-1.148237060990e-11 0.000000000000e+00
     4.900000000000e+01-5.259375000000e+01 4.323037214710e-09 1.904337421030e+00
    -2.857297658920e-06 9.090083767660e-03 1.853331923480e-06 5.153647659300e+03
     3.600000000000e+05-1.247972249980e-07 1.925404133340e+00-3.725290298460e-08
     9.763745261010e-01 3.532187500000e+02 7.536284995830e-01-8.273201754920e-09
    -1.775073938950e-10 1.000000000000e+00 2.066000000000e+03 0.000000000000e+00
     2.000000000000e+00 0.000000000000e+00 5.587935447690e-09 4.900000000000e+01
     3.529380000000e+05 4.000000000000e+00                                      
G16 2019 08 15 04 00 00-6.508966907860e-05-3.296918293930e-12 0.000000000000e+00
     8.100000000000e+01 4.509375000000e+01 3.715511908840e-09-1.249160310670e+00
     2.305954694750e-06 1.075035601390e-02 1.196376979350e-05 5.153624715810e+03
     3.600000000000e+05 2.272427082060e-07-8.801467855320e-02-8.568167686460e-08
     9.825331947030e-01 1.607500000000e+02 5.810437601080e-01-7.469596852980e-09
    -4.068026592490e-10 1.000000000000e+00 2.066000000000e+03 0.000000000000e+00
     2.000000000000e+00 0.000000000000e+00-1.071020960810e-08 8.100000000000e+01
     3.541920000000e+05 4.000000000000e+00                                      
G27 2019 08 15 04 00 00-2.430425956850e-05-1.148237060990e-11 0.000000000000e+00
     8.100000000000e+01 1.213125000000e+02 3.979808632150e-09-2.203327457980e+00
     6.353482604030e-06 7.161586079750e-03 5.934387445450e-06 5.153652212140e+03
     3.600000000000e+05-5.587935447690e-09 8.695246807250e-01-7.450580596920e-08
     9.786025459470e-01 2.753125000000e+02 5.184455525500e-01-7.873899408090e-09
     3.564434187280e-10 1.000000000000e+00 2.066000000000e+03 0.000000000000e+00
     2.000000000000e+00 0.000000000000e+00 1.396983861920e-09 8.100000000000e+01
     3.585180000000e+05 4.000000000000e+00                                      
G30 2019 08 15 04 00 00-1.986278221010e-05-7.730704965070e-12 0.000000000000e+00
     6.300000000000e+01-2.593750000000e+01 5.550231189410e-09 1.242217478480e+00
    -1.166015863420e-06 4.194529610690e-03 4.976987838750e-06 5.153761867520e+03
     3.600000000000e+05 8.381903171540e-08-1.181234683580e+00 9.313225746150e-09
     9.399398842460e-01 2.715937500000e+02-2.910350257800e+00-8.578571617660e-09
    -3.853731951980e-10 1.000000000000e+00 2.066000000000e+03 0.000000000000e+00
     2.000000000000e+00 0.000000000000e+00 3.725290298460e-09 6.300000000000e+01
     3.528180000000e+05 4.000000000000e+00                                      
G04 2019 08 15 04 00 00 9.628618136048e-05 4.513367457548e-11 0.000000000000e+00
     9.300000000000e+01 1.273125000000e+02 4.341609416888e-09-2.073401383364e+00
     6.580725312233e-06 1.465175475460e-02 6.582587957382e-06 5.153678413391e+03
     3.600000000000e+05 8.009374141693e-08 7.667651777045e-01-1.601874828339e-07
     9.589140882665e-01 2.528750000000e+02 6.756022292247e-01-7.914615389785e-09
     3.939449808183e-10 1.000000000000e+00 2.066000000000e+03 0.000000000000e+00
     2.000000000000e+00 6.300000000000e+01-5.587935447693e-09 9.300000000000e+01
     3.528180000000e+05 4.000000000000e+00                                      
G23 2019 08 15 04 00 00-1.721521839499e-04 1.932676241267e-12 0.000000000000e+00
     3.100000000000e+01 2.687500000000e+01 5.016280376784e-09 2.728654540603e+00
     1.328065991402e-06 1.324931019917e-02 8.456408977509e-06 5.153775760651e+03
     3.600000000000e+05 1.862645149231e-08-2.290152588105e+00-2.142041921616e-07
     9.433285832962e-01 2.091875000000e+02-2.234415403433e+00-7.924615806343e-09
     6.189543533618e-10 1.000000000000e+00 2.066000000000e+03 0.000000000000e+00
     2.000000000000e+00 0.000000000000e+00-2.002343535423e-08 3.100000000000e+01
     3.528180000000e+05 4.000000000000e+00                                      
G08 2019 08 15 04 00 00-2.689193934202e-06-1.364242052659e-12 0.000000000000e+00
     1.120000000000e+02 1.173437500000e+02 4.220175787261e-09-2.070081343448e+00
     6.113201379776e-06 4.415089264512e-03 5.925074219704e-06 5.153784814835e+03
     3.600000000000e+05-5.401670932770e-08 8.575466293335e-01-3.166496753693e-08
     9.702926270512e-01 2.713125000000e+02-2.037245834095e-01-8.050692486514e-09
     3.096557555480e-10 1.000000000000e+00 2.066000000000e+03 0.000000000000e+00
     2.000000000000e+00 0.000000000000e+00 5.122274160385e-09 1.120000000000e+02
     3.528180000000e+05 4.000000000000e+00                                      
G09 2019 08 15 04 00 00-6.830785423517e-06-8.867573342286e-12 0.000000000000e+00
     5.100000000000e+01 2.981250000000e+01 4.909133056525e-09-1.781044862136e+00
     1.698732376099e-06 1.281439792365e-03 8.122995495796e-06 5.153616930008e+03
     3.600000000000e+05-1.303851604462e-08-2.284266910257e+00-1.117587089539e-08
     9.525137690046e-01 2.211250000000e+02 1.704334650436e+00-8.092479941415e-09
     6.375265555400e-10 1.000000000000e+00 2.066000000000e+03 0.000000000000e+00
     2.000000000000e+00 0.000000000000e+00 1.396983861923e-09 5.100000000000e+01
     3.528180000000e+05 4.000000000000e+00                                      
G18 2019 08 15 04 00 00 7.796986028552e-05 2.955857780762e-12 0.000000000000e+00
     7.200000000000e+01-4.834375000000e+01 4.779484799012e-09 1.644156552646e+00
    -2.875924110413e-06 1.568870339543e-02 1.041218638420e-06 5.153681133270e+03
     3.600000000000e+05 7.450580596924e-09 1.868544837833e+00-3.390014171600e-07
     9.548986677967e-01 3.573437500000e+02 1.421201396137e+00-8.533926900881e-09
    -1.089331089298e-10 1.000000000000e+00 2.066000000000e+03 0.000000000000e+00
     2.000000000000e+00 0.000000000000e+00-5.587935447693e-09 7.200000000000e+01
     3.528180000000e+05 4.000000000000e+00                                      
G03 2019 08 15 04 00 00-1.705251634121e-06-2.955857780762e-12 0.000000000000e+00
     6.500000000000e+01-9.043750000000e+01 4.166602127132e-09 8.524084192379e-01
    -4.921108484268e-06 2.429104875773e-03 1.013092696667e-05 5.153737491608e+03
     3.600000000000e+05-2.793967723846e-08 2.967437004885e+00 2.421438694000e-08
     9.639649797078e-01 1.875312500000e+02 6.912604090393e-01-7.816039855147e-09
     3.821587755898e-11 1.000000000000e+00 2.066000000000e+03 0.000000000000e+00
     2.000000000000e+00 0.000000000000e+00 1.862645149231e-09 6.500000000000e+01
     3.528180000000e+05 4.000000000000e+00                                      
G07 2019 08 15 04 00 00-8.542556315660e-05-7.844391802792e-12 0.000000000000e+00
     6.400000000000e+01-2.065625000000e+01 5.295577724925e-09 1.282568982546e+00
    -9.257346391678e-07 1.311852014624e-02 5.302950739861e-06 5.153729011536e+03
     3.600000000000e+05-1.136213541031e-07-1.208235256397e+00 1.937150955200e-07
     9.545025549313e-01 2.790312500000e+02-2.438264722553e+00-8.519283433779e-09
    -4.114457097939e-10 1.000000000000e+00 2.066000000000e+03 0.000000000000e+00
     2.000000000000e+00 0.000000000000e+00-1.117587089539e-08 6.400000000000e+01
     3.541020000000e+05 4.000000000000e+00                                      
G29 2019 08 15 05 59 44 1.246095634997e-04-1.000444171950e-11 0.000000000000e+00
     2.300000000000e+01 1.054062500000e+02 4.005166864829e-09-8.230812463748e-01
     5.444511771202e-06 1.227083615959e-03 5.057081580162e-06 5.153709741592e+03
     3.671840000000e+05-3.725290298462e-09 9.373878836365e-01 7.078051567078e-08
     9.856685251190e-01 2.949687500000e+02 1.921246806887e+00-7.924972678097e-09
     2.271523247277e-10 1.000000000000e+00 2.066000000000e+03 0.000000000000e+00
     2.000000000000e+00 0.000000000000e+00-9.778887033463e-09 2.300000000000e+01
     3.599100000000e+05 0.000000000000e+00                                      
G28 2019 08 15 05 59 44 7.647010497749e-04-9.094947017729e-13 0.000000000000e+00
     3.600000000000e+01 3.475000000000e+01 4.011238512756e-09-3.295469958009e-01
     1.914799213409e-06 1.901798055042e-02 1.144222915173e-05 5.153708093643e+03
     3.671840000000e+05-2.570450305939e-07-8.415472677645e-02 2.421438694000e-08
     9.814930526338e-01 1.748750000000e+02-1.460854219311e+00-7.969974838586e-09
    -3.192990143713e-10 1.000000000000e+00 2.066000000000e+03 0.000000000000e+00
     2.000000000000e+00 0.000000000000e+00-1.117587089539e-08 3.600000000000e+01
     3.634980000000e+05 4.000000000000e+00                                      
G17 2019 08 15 05 59 44 1.071370206773e-04 6.934897101019e-12 0.000000000000e+00
     2.300000000000e+01 1.074375000000e+02 4.073383958506e-09-1.257665374057e+00
     5.690380930901e-06 1.298735372256e-02 5.492940545082e-06 5.153555812836e+03
     3.671840000000e+05-6.332993507385e-08 9.261268127849e-01 3.259629011154e-07
     9.841706257426e-01 2.892500000000e+02-1.704914663808e+00-8.052835432919e-09
     1.571494030463e-10 1.000000000000e+00 2.066000000000e+03 0.000000000000e+00
     2.000000000000e+00 0.000000000000e+00-1.117587089539e-08 2.300000000000e+01
     3.636120000000e+05 4.000000000000e+00                                      
G25 2019 08 15 06 00 00-7.401686161757e-06-2.046363078989e-12 0.000000000000e+00
     2.500000000000e+01 2.803125000000e+01 4.205889414521e-09 1.259573973055e+00
     1.506879925728e-06 8.376461220905e-03 1.125037670135e-05 5.153678636551e+03
     3.672000000000e+05-1.378357410431e-07-1.722310175875e-01 1.303851604462e-07
     9.695668763179e-01 1.683437500000e+02 9.004264054826e-01-7.824969117110e-09
    -4.514473794792e-10 1.000000000000e+00 2.066000000000e+03 0.000000000000e+00
     2.000000000000e+00 0.000000000000e+00 5.587935447693e-09 2.500000000000e+01
     3.599400000000e+05 0.000000000000e+00                                      
G14 2019 08 15 06 00 00-6.649689748883e-05 1.932676241267e-12 0.000000000000e+00
     6.800000000000e+01 3.431250000000e+01 4.743768933224e-09-1.396430689366e+00
     2.067536115646e-06 1.079384051263e-02 7.610768079758e-06 5.153730211258e+03
     3.672000000000e+05 1.657754182816e-07-2.190823363193e+00 2.495944499969e-07
     9.603853332755e-01 2.309375000000e+02-1.930658521071e+00-8.028548492689e-09
     6.546701514232e-10 1.000000000000e+00 2.066000000000e+03 0.000000000000e+00
     2.000000000000e+00 0.000000000000e+00-9.778887033463e-09 6.800000000000e+01
     3.599400000000e+05 0.000000000000e+00                                      
G10 2019 08 15 06 00 00-1.483783125877e-05-1.409716787748e-11 0.000000000000e+00
     5.500000000000e+01-9.587500000000e+01 4.060526137550e-09 9.507565030303e-01
    -4.997476935387e-06 4.739285446703e-03 1.093745231628e-05 5.153674377441e+03
     3.672000000000e+05-8.381903171539e-08 2.964188666973e+00 1.117587089539e-07
     9.639679333394e-01 1.710312500000e+02-2.720899923466e+00-7.801038925948e-09
     0.000000000000e+00 1.000000000000e+00 2.066000000000e+03 0.000000000000e+00
     2.000000000000e+00 0.000000000000e+00 1.862645149231e-09 5.500000000000e+01
     3.599400000000e+05 0.000000000000e+00                                      
G12 2019 08 15 06 00 00 2.139392308891e-04-3.751665644813e-12 0.000000000000e+00
     1.050000000000e+02 3.225000000000e+01 3.798015235645e-09 1.628754980365e+00
     1.510605216026e-06 7.497765473090e-03 1.138262450695e-05 5.153602451324e+03
     3.672000000000e+05-1.713633537292e-07-1.069621696894e-01-8.754432201385e-08
     9.821984322329e-01 1.723750000000e+02 1.104594283791e+00-7.552457326199e-09
    -3.785871893758e-10 1.000000000000e+00 2.066000000000e+03 0.000000000000e+00
     2.000000000000e+00 0.000000000000e+00-1.257285475731e-08 1.050000000000e+02
     3.599400000000e+05 0.000000000000e+00                                      
G22 2019 08 15 06 00 00-7.439535111189e-04-4.433786671143e-12 0.000000000000e+00
     5.500000000000e+01-1.086875000000e+02 4.821986365755e-09-2.028653100950e+00
    -5.435198545456e-06 7.014469476417e-03 9.879469871521e-06 5.153742671967e+03
     3.672000000000e+05 7.264316082001e-08 2.891434845536e+00 1.601874828339e-07
     9.285311654615e-01 1.677812500000e+02-1.300585678888e+00-8.144624530360e-09
    -3.571577441349e-13 1.000000000000e+00 2.066000000000e+03 0.000000000000e+00
     2.000000000000e+00 0.000000000000e+00-1.816079020500e-08 5.500000000000e+01
     3.599400000000e+05 0.000000000000e+00                                      
G24 2019 08 15 06 00 00-8.060596883297e-07-5.684341886081e-13 0.000000000000e+00
     8.000000000000e+01-1.878125000000e+01 5.513086875908e-09-3.036246982045e+00
    -1.061707735062e-06 8.512091473676e-03 4.846602678299e-06 5.153697532654e+03
     3.672000000000e+05-1.043081283569e-07-1.275623628284e+00-1.732259988785e-07
     9.376644731690e-01 2.750000000000e+02 6.025649630208e-01-8.378920668406e-09
    -1.889364359409e-10 1.000000000000e+00 2.066000000000e+03 0.000000000000e+00
     2.800000000000e+00 0.000000000000e+00 2.793967723846e-09 8.000000000000e+01
     3.599400000000e+05 0.000000000000e+00                                      
G26 2019 08 15 06 00 00 1.542549580336e-05 8.981260180008e-12 0.000000000000e+00
     7.400000000000e+01 2.531250000000e+01 4.607334957996e-09 7.344756908206e-01
     1.393258571625e-06 3.800383419730e-03 1.117959618568e-05 5.153657533646e+03
     3.672000000000e+05 2.235174179077e-08-2.022331545198e-01-2.607703208923e-08
     9.507898912096e-01 1.542812500000e+02 1.392951944783e-01-7.978189664470e-09
    -5.621662579891e-10 1.000000000000e+00 2.066000000000e+03 0.000000000000e+00
     2.000000000000e+00 0.000000000000e+00 7.450580596924e-09 7.400000000000e+01
     3.599400000000e+05 0.000000000000e+00                                      
G31 2019 08 15 06 00 00 1.725507900119e-05-2.614797267597e-12 0.000000000000e+00
     4.300000000000e+01-2.162500000000e+01 5.121641777350e-09 2.028885282141e+00
    -9.257346391678e-07 9.276572964154e-03 5.470588803291e-06 5.153662193298e+03
     3.672000000000e+05-3.725290298462e-08-1.193910093388e+00 2.533197402954e-07
     9.590302995529e-01 2.746250000000e+02 1.705848353717e-02-8.256415107155e-09
    -3.457286956721e-10 1.000000000000e+00 2.066000000000e+03 0.000000000000e+00
     2.000000000000e+00 0.000000000000e+00-1.350417733192e-08 4.300000000000e+01
     3.599400000000e+05 0.000000000000e+00                                      
G32 2019 08 15 06 00 00 1.966813579202e-05 1.443822839065e-11 0.000000000000e+00
     1.140000000000e+02 2.975000000000e+01 4.799485697760e-09-4.449768220650e-01
     1.672655344009e-06 3.220553975552e-03 8.389353752136e-06 5.153614282608e+03
     3.672000000000e+05 1.862645149231e-08-2.277250194851e+00 7.078051567078e-08
     9.567398204195e-01 2.171875000000e+02-2.486735133768e+00-8.095336845315e-09
     6.735995095042e-10 1.000000000000e+00 2.066000000000e+03 0.000000000000e+00
     2.000000000000e+00 0.000000000000e+00 4.656612873077e-10 1.140000000000e+02
     3.599400000000e+05 0.000000000000e+00                                      
G02 2019 08 15 06 00 00-2.832035534084e-04-8.412825991400e-12 0.000000000000e+00
     4.800000000000e+01-4.625000000000e+01 4.647693785387e-09-3.066122737485e+00
    -2.227723598480e-06 1.898019795772e-02 9.555369615555e-07 5.153767093658e+03
     3.672000000000e+05 2.533197402954e-07 1.854938911183e+00-8.009374141693e-08
     9.554411426901e-01 3.570625000000e+02-1.723312589287e+00-8.098194115291e-09
    -1.175048947033e-10 1.000000000000e+00 2.066000000000e+03 0.000000000000e+00
     2.000000000000e+00 0.000000000000e+00-2.048909664154e-08 4.800000000000e+01
     3.599400000000e+05 0.000000000000e+00                                      
G03 2019 08 15 06 00 00-1.726672053337e-06-2.955857780762e-12 0.000000000000e+00
     7.700000000000e+01-1.055625000000e+02 4.016238897009e-09 1.901480924267e+00
    -5.459412932396e-06 2.429723390378e-03 1.052208244801e-05 5.153742506027e+03
     3.672000000000e+05-2.048909664154e-08 2.967380782018e+00 2.235174179077e-08
     9.639651772018e-01 1.758437500000e+02 6.923249686739e-01-7.823897085757e-09
     2.642967268651e-11 1.000000000000e+00 2.066000000000e+03 0.000000000000e+00
     2.000000000000e+00 0.000000000000e+00 1.862645149231e-09 7.700000000000e+01
     3.599400000000e+05 0.000000000000e+00                                      
G16 2019 08 15 06 00 00-6.511388346553e-05-3.296918293927e-12 0.000000000000e+00
     8.200000000000e+01 4.512500000000e+01 3.853017460642e-09-1.989138782472e-01
     2.330169081688e-06 1.075102749746e-02 1.155212521553e-05 5.153626220703e+03
     3.672000000000e+05 3.539025783539e-08-8.806910349452e-02 1.005828380585e-07
     9.825289215191e-01 1.668125000000e+02 5.810023843957e-01-7.723178541141e-09
    -4.575190504230e-10 1.000000000000e+00 2.066000000000e+03 0.000000000000e+00
     2.000000000000e+00 0.000000000000e+00-1.071020960808e-08 8.200000000000e+01
     3.599400000000e+05 0.000000000000e+00                                      
G21 2019 08 15 06 00 00-1.361919566989e-04 6.707523425575e-12 0.000000000000e+00
     2.900000000000e+01-4.859375000000e+01 5.110570189260e-09 1.115035972764e+00
    -3.134831786156e-06 2.450195979327e-02 1.719221472740e-06 5.153677658081e+03
     3.672000000000e+05-1.937150955200e-07 1.858898945574e+00-5.755573511124e-07
     9.492397861387e-01 3.443750000000e+02-1.421649438205e+00-8.853225708094e-09
    -1.892935946879e-10 1.000000000000e+00 2.066000000000e+03 0.000000000000e+00
     2.000000000000e+00 0.000000000000e+00-1.024454832077e-08 2.900000000000e+01
     3.599400000000e+05 0.000000000000e+00                                      
G23 2019 08 15 06 00 00-1.721382141113e-04 1.932676241267e-12 0.000000000000e+00
     3.800000000000e+01 2.921875000000e+01 4.968064182265e-09-2.504402767616e+00
     1.171603798866e-06 1.324893068522e-02 8.352100849152e-06 5.153776462555e+03
     3.672000000000e+05 2.346932888031e-07-2.290210680582e+00-1.303851604462e-07
     9.433332119690e-01 2.073437500000e+02-2.234421152701e+00-8.002118967454e-09
     7.657461886801e-10 1.000000000000e+00 2.066000000000e+03 0.000000000000e+00
     2.000000000000e+00 0.000000000000e+00-2.002343535423e-08 3.800000000000e+01
     3.599400000000e+05 0.000000000000e+00                                      
G05 2019 08 15 06 00 00-6.258487701416e-07-2.273736754432e-13 0.000000000000e+00
     2.700000000000e+01-8.756250000000e+01 4.374467928434e-09-3.982607656166e-01
    -4.418194293976e-06 5.834119976498e-03 9.723007678986e-06 5.153754217148e+03
     3.672000000000e+05 3.911554813385e-08 2.939451254755e+00 7.078051567078e-08
     9.508337802149e-01 1.863750000000e+02 7.580528788023e-01-8.050335328780e-09
     4.464471677451e-11 1.000000000000e+00 2.066000000000e+03 0.000000000000e+00
     2.000000000000e+00 0.000000000000e+00-1.117587089539e-08 2.700000000000e+01
     3.663900000000e+05 0.000000000000e+00                                      
G06 2019 08 15 06 00 00-2.538692206144e-05-1.182343112305e-11 0.000000000000e+00
     3.100000000000e+01-4.978125000000e+01 4.314465429089e-09-3.039520929801e+00
    -2.533197402954e-06 1.371103455313e-03 1.797452569008e-06 5.153635560989e+03
     3.672000000000e+05 4.470348358154e-08 1.917064871230e+00-7.636845111847e-08
     9.760007300508e-01 3.560625000000e+02-1.108092868470e+00-8.172840431609e-09
    -2.028655930234e-10 1.000000000000e+00 2.066000000000e+03 0.000000000000e+00
     2.000000000000e+00 0.000000000000e+00 4.190951585770e-09 3.100000000000e+01
     3.600000000000e+05 0.000000000000e+00                                      
G19 2019 08 15 06 00 00-2.807085402310e-04 5.002220859751e-12 0.000000000000e+00
     5.300000000000e+01 9.921875000000e+01 4.122671725825e-09 1.557653892091e+00
     4.738569259644e-06 9.546350338496e-03 5.308538675308e-06 5.153642276764e+03
     3.672000000000e+05-2.607703208923e-08 9.722215840171e-01-2.160668373108e-07
     9.820497032034e-01 2.900937500000e+02 1.479672986822e+00-7.990689987169e-09
     1.489347751598e-10 1.000000000000e+00 2.066000000000e+03 0.000000000000e+00
     2.000000000000e+00 0.000000000000e+00-1.536682248116e-08 5.300000000000e+01
     3.600000000000e+05 0.000000000000e+00                                      
G15 2019 08 15 06 00 00-2.940348349510e-04 2.614797267600e-12 0.000000000000e+00
     2.000000000000e+01 3.243750000000e+01 5.280219942350e-09-2.029694142710e+00
     1.337379217150e-06 1.157884334680e-02 8.219853043560e-06 5.153738674160e+03
     3.672000000000e+05 8.754432201390e-08-2.366404116470e+00-1.117587089540e-07
     9.281063676980e-01 1.983437500000e+02 7.974937397750e-01-8.173554747080e-09
     7.457453490010e-10 1.000000000000e+00 2.066000000000e+03 0.000000000000e+00
     2.000000000000e+00 0.000000000000e+00-1.071020960810e-08 2.000000000000e+01
     3.600180000000e+05 4.000000000000e+00                                      
G20 2019 08 15 06 00 00 5.264645442370e-04 2.273736754430e-13 0.000000000000e+00
     7.000000000000e+01-1.112500000000e+02 4.794485423850e-09 2.574818453900e+00
    -5.800276994710e-06 4.694895702410e-03 9.519979357720e-06 5.153631343840e+03
     3.672000000000e+05 1.117587089540e-08 2.843043339730e+00 5.587935447690e-08
     9.317950322490e-01 1.773437500000e+02 2.411074524830e+00-8.121409717880e-09
    -8.893227581480e-11 1.000000000000e+00 2.066000000000e+03 0.000000000000e+00
     2.000000000000e+00 0.000000000000e+00-8.847564458850e-09 7.000000000000e+01
     3.600180000000e+05 4.000000000000e+00                                      
G27 2019 08 15 06 00 00-2.438714727760e-05-1.148237060990e-11 0.000000000000e+00
     8.700000000000e+01 1.204062500000e+02 4.064097857420e-09-1.153153419530e+00
     6.243586540220e-06 7.161758956500e-03 5.889683961870e-06 5.153651962280e+03
     3.672000000000e+05 2.104789018630e-07 8.694685734270e-01-8.009374141690e-08
     9.786044111670e-01 2.778125000000e+02 5.184617382750e-01-7.972117784990e-09
     2.114373786440e-10 1.000000000000e+00 2.066000000000e+03 0.000000000000e+00
     2.000000000000e+00 0.000000000000e+00 1.396983861920e-09 8.700000000000e+01
     3.648960000000e+05 4.000000000000e+00                                      
G08 2019 08 15 06 00 00-2.699438482520e-06-1.364242052660e-12 0.000000000000e+00
     1.130000000000e+02 1.212812500000e+02 4.231961992490e-09-1.019860239990e+00
     6.344169378280e-06 4.414903465660e-03 6.113201379780e-06 5.153785732270e+03
     3.672000000000e+05-1.862645149230e-08 8.574888630870e-01-1.154839992520e-07
     9.702947746150e-01 2.691562500000e+02-2.038354813770e-01-8.060692903070e-09
     2.592965150260e-10 1.000000000000e+00 2.066000000000e+03 0.000000000000e+00
     2.000000000000e+00 0.000000000000e+00 5.122274160390e-09 1.130000000000e+02
     3.645420000000e+05 4.000000000000e+00                                      
G13 2019 08 15 06 00 00-4.960503429170e-05 1.932676241270e-12 0.000000000000e+00
     8.900000000000e+01 3.221875000000e+01 4.571261839980e-09-2.054154361210e+00
     1.614913344380e-06 3.633170039390e-03 7.299706339840e-06 5.153663532260e+03
     3.672000000000e+05 4.284083843230e-08-2.145855286110e+00-1.862645149230e-09
     9.677683692200e-01 2.397812500000e+02 1.227167299120e+00-7.934973380630e-09
     6.089539368040e-10 1.000000000000e+00 2.066000000000e+03 0.000000000000e+00
     2.000000000000e+00 0.000000000000e+00-1.117587089540e-08 8.900000000000e+01
     3.600180000000e+05 4.000000000000e+00                                      
G07 2019 08 15 06 00 00-8.548237383366e-05-7.844391802792e-12 0.000000000000e+00
     6.600000000000e+01-2.275000000000e+01 5.141642741487e-09 2.332698429796e+00
    -1.274049282074e-06 1.311846042518e-02 5.204230546951e-06 5.153729570389e+03
     3.672000000000e+05-1.862645149231e-07-1.208296826230e+00-2.309679985046e-07
     9.545017049759e-01 2.797500000000e+02-2.438241348048e+00-8.164268645988e-09
    -2.150089559860e-10 1.000000000000e+00 2.066000000000e+03 0.000000000000e+00
     2.000000000000e+00 0.000000000000e+00-1.117587089539e-08 6.600000000000e+01
     3.600180000000e+05 4.000000000000e+00                                      
G01 2019 08 15 06 00 00-9.717326611280e-05-1.148237060988e-11 0.000000000000e+00
     5.600000000000e+01-5.700000000000e+01 4.255177245212e-09 2.954446693181e+00
    -3.006309270859e-06 9.089695638977e-03 1.449137926102e-06 5.153649147034e+03
     3.672000000000e+05 3.725290298462e-09 1.925345038760e+00-4.842877388000e-08
     9.763738165857e-01 3.595000000000e+02 7.537134307554e-01-8.154268229431e-09
    -1.750072897561e-10 1.000000000000e+00 2.066000000000e+03 0.000000000000e+00
     2.000000000000e+00 0.000000000000e+00 5.587935447693e-09 5.600000000000e+01
     3.600180000000e+05 4.000000000000e+00                                      
G11 2019 08 15 06 00 00-5.347342230380e-04 1.011812855722e-11 0.000000000000e+00
     4.000000000000e+00 4.921875000000e+01 5.737024684392e-09 2.222579315075e+00
     2.522021532059e-06 1.677514903713e-02-3.743916749954e-07 5.153723192215e+03
     3.672000000000e+05 1.918524503708e-07 1.469092411333e+00 6.705522537231e-08
     9.099943476144e-01 3.543437500000e+02 1.925967223671e+00-8.768579532248e-09
    -4.500187450871e-11 1.000000000000e+00 2.066000000000e+03 0.000000000000e+00
     2.000000000000e+00 0.000000000000e+00-1.210719347000e-08 4.000000000000e+00
     3.600180000000e+05 4.000000000000e+00                                      
G18 2019 08 15 06 00 00 7.799128070474e-05 2.955857780762e-12 0.000000000000e+00
     7.300000000000e+01-5.137500000000e+01 4.721268088338e-09 2.694301879871e+00
    -2.611428499222e-06 1.568896602839e-02 4.656612873077e-07 5.153681632996e+03
     3.672000000000e+05 1.359730958939e-07 1.868485346806e+00-2.793967723846e-08
     9.548986999809e-01 3.644687500000e+02 1.421232698195e+00-8.251057975398e-09
    -2.039370662260e-10 1.000000000000e+00 2.066000000000e+03 0.000000000000e+00
     2.000000000000e+00 0.000000000000e+00-5.587935447693e-09 7.300000000000e+01
     3.600180000000e+05 4.000000000000e+00                                      
G09 2019 08 15 06 00 00-6.895046681166e-06-8.981260180008e-12 0.000000000000e+00
     8.700000000000e+01 2.662500000000e+01 4.861273920143e-09-7.313906335842e-01
     1.292675733566e-06 1.281302887946e-03 8.495524525642e-06 5.153615550995e+03
     3.672000000000e+05 7.450580596924e-09-2.284325182673e+00-1.862645149231e-08
     9.525183684191e-01 2.167812500000e+02 1.704899238799e+00-8.093194256883e-09
     6.428839215530e-10 1.000000000000e+00 2.066000000000e+03 0.000000000000e+00
     2.000000000000e+00 0.000000000000e+00 1.396983861923e-09 8.700000000000e+01
     3.600180000000e+05 4.000000000000e+00                                      
G30 2019 08 15 06 00 00-1.991866156459e-05-7.730704965070e-12 0.000000000000e+00
     6.400000000000e+01-2.400000000000e+01 5.561303079167e-09 2.292471424442e+00
    -1.173466444016e-06 4.194554290734e-03 4.991888999939e-06 5.153760931015e+03
     3.672000000000e+05-1.136213541031e-07-1.181297049238e+00 5.401670932770e-08
     9.399379049180e-01 2.747187500000e+02-2.910468752706e+00-8.489996499575e-09
    -2.350097891010e-10 1.000000000000e+00 2.066000000000e+03 0.000000000000e+00
     2.000000000000e+00 0.000000000000e+00 3.725290298462e-09 6.400000000000e+01
     3.600180000000e+05 4.000000000000e+00                                      
G04 2019 08 15 06 00 00 9.661121293902e-05 4.513367457548e-11 0.000000000000e+00
     9.400000000000e+01 1.229375000000e+02 4.470900516667e-09-1.023192827357e+00
     6.437301635742e-06 1.465209468734e-02 6.360933184624e-06 5.153679286957e+03
     3.672000000000e+05 3.799796104431e-07 7.667089870211e-01 1.210719347000e-07
     9.589152439718e-01 2.572500000000e+02 6.755700186944e-01-8.196412842066e-09
     1.575065607805e-10 1.000000000000e+00 2.066000000000e+03 0.000000000000e+00
     2.000000000000e+00 6.300000000000e+01-5.587935447693e-09 9.400000000000e+01
     3.600180000000e+05 4.000000000000e+00                                      
G28 2019 08 15 06 00 00 7.647126913070e-04-7.958078640510e-13 0.000000000000e+00
     2.500000000000e+01 3.475000000000e+01 4.011595670490e-09-3.272131982000e-01
     1.914799213410e-06 1.901797985190e-02 1.144222915170e-05 5.153708093640e+03
     3.672000000000e+05-2.570450305940e-07-8.415485405030e-02 2.421438694000e-08
     9.814930453190e-01 1.748750000000e+02-1.460854349510e+00-7.969974838590e-09
    -3.192990143710e-10 1.000000000000e+00 2.066000000000e+03 0.000000000000e+00
     2.800000000000e+00 0.000000000000e+00-1.117587089540e-08 2.500000000000e+01
     3.600180000000e+05 4.000000000000e+00                                      
G16 2019 08 15 07 59 44-6.513716652989e-05-3.296918293927e-12 0.000000000000e+00
     3.000000000000e+00 3.787500000000e+01 3.953736005258e-09 8.490063549682e-01
     2.240762114525e-06 1.074999012053e-02 1.139566302299e-05 5.153624025345e+03
     3.743840000000e+05 9.313225746155e-09-8.812449396175e-02 1.005828380585e-07
     9.825256197130e-01 1.710312500000e+02 5.809542836492e-01-7.714963778938e-09
    -4.707338963073e-10 1.000000000000e+00 2.066000000000e+03 0.000000000000e+00
     2.000000000000e+00 0.000000000000e+00-1.071020960808e-08 3.000000000000e+00
     3.671100000000e+05 0.000000000000e+00                                      
G32 2019 08 15 07 59 44 1.977244392037e-05 1.443822839065e-11 0.000000000000e+00
     7.000000000000e+00 3.293750000000e+01 4.693767152730e-09 6.029178642120e-01
     1.560896635056e-06 3.221034538001e-03 8.335337042809e-06 5.153615184784e+03
     3.743840000000e+05-6.705522537231e-08-2.277307988893e+00 9.313225746155e-08
     9.567446699929e-01 2.185312500000e+02-2.486745276179e+00-8.055693001552e-09
     6.264546659196e-10 1.000000000000e+00 2.066000000000e+03 0.000000000000e+00
     2.000000000000e+00 0.000000000000e+00 4.656612873077e-10 7.000000000000e+00
     3.671100000000e+05 0.000000000000e+00                                      
G27 2019 08 15 07 59 44-2.446863800287e-05-1.148237060988e-11 0.000000000000e+00
     0.000000000000e+00 1.155000000000e+02 4.219104177139e-09-1.052452100340e-01
     5.975365638733e-06 7.161709945649e-03 5.599111318588e-06 5.153652271271e+03
     3.743840000000e+05 7.823109626770e-08 8.694108510688e-01 6.705522537231e-08
     9.786050387593e-01 2.780312500000e+02 5.184106034368e-01-8.137124751784e-09
     1.742929689463e-10 1.000000000000e+00 2.066000000000e+03 0.000000000000e+00
     2.000000000000e+00 0.000000000000e+00 1.396983861923e-09 0.000000000000e+00
     3.671100000000e+05 0.000000000000e+00                                      
G12 2019 08 15 07 59 44 2.139140851796e-04-3.751665644813e-12 0.000000000000e+00
     7.000000000000e+00 2.862500000000e+01 3.832659645658e-09 2.676757237935e+00
     1.376494765282e-06 7.498477119952e-03 1.147203147411e-05 5.153600355148e+03
     3.743840000000e+05-1.862645149231e-08-1.070158617088e-01-1.173466444016e-07
     9.821963241679e-01 1.649375000000e+02 1.104478038858e+00-7.425666451671e-09
    -3.718012012981e-10 1.000000000000e+00 2.066000000000e+03 0.000000000000e+00
     2.000000000000e+00 0.000000000000e+00-1.257285475731e-08 7.000000000000e+00
     3.687000000000e+05 0.000000000000e+00                                      
G13 2019 08 15 07 59 44-4.958827048540e-05 1.932676241270e-12 0.000000000000e+00
     1.000000000000e+01 2.840625000000e+01 4.519473968520e-09-1.006175083160e+00
     1.607462763790e-06 3.633024753070e-03 7.448717951770e-06 5.153664377210e+03
     3.743840000000e+05 1.862645149230e-09-2.145912369180e+00 4.097819328310e-08
     9.677724566130e-01 2.410312500000e+02 1.227041014180e+00-7.990689987170e-09
     5.960962583730e-10 1.000000000000e+00 2.066000000000e+03 0.000000000000e+00
     2.000000000000e+00 0.000000000000e+00-1.117587089540e-08 1.000000000000e+01
     3.734820000000e+05 4.000000000000e+00                                      
G28 2019 08 15 07 59 44 7.646945305169e-04-9.094947017729e-13 0.000000000000e+00
     3.900000000000e+01 2.809375000000e+01 3.980880105350e-09 7.205934174825e-01
     1.464039087296e-06 1.901994983200e-02 1.218728721142e-05 5.153711938858e+03
     3.743840000000e+05-2.682209014893e-07-8.421184641285e-02-1.490116119385e-07
     9.814903316062e-01 1.625312500000e+02-1.460839983655e+00-7.953188425078e-09
    -3.910877189447e-10 1.000000000000e+00 2.066000000000e+03 0.000000000000e+00
     2.000000000000e+00 0.000000000000e+00-1.117587089539e-08 3.900000000000e+01
     3.672180000000e+05 4.000000000000e+00                                      
G25 2019 08 15 08 00 00-7.416587322950e-06-2.046363078989e-12 0.000000000000e+00
     2.600000000000e+01 2.371875000000e+01 4.112314044846e-09 2.309705307468e+00
     1.117587089539e-06 8.376660640351e-03 1.119449734688e-05 5.153679222107e+03
     3.744000000000e+05-6.519258022308e-08-1.722872199743e-01-1.341104507446e-07
     9.695650374298e-01 1.666250000000e+02 9.004702535262e-01-7.578172755984e-09
    -3.546576365920e-10 1.000000000000e+00 2.066000000000e+03 0.000000000000e+00
     2.000000000000e+00 0.000000000000e+00 5.587935447693e-09 2.600000000000e+01
     3.671400000000e+05 0.000000000000e+00                                      
G14 2019 08 15 08 00 00-6.648339331150e-05 1.932676241267e-12 0.000000000000e+00
     8.600000000000e+01 3.446875000000e+01 4.745912107751e-09-3.462625640257e-01
     1.829117536545e-06 1.079392817337e-02 7.878988981247e-06 5.153730634689e+03
     3.744000000000e+05-7.823109626770e-08-2.190882371456e+00 1.750886440277e-07
     9.603892290263e-01 2.329062500000e+02-1.930678640584e+00-8.236057169597e-09
     6.732423507572e-10 1.000000000000e+00 2.066000000000e+03 0.000000000000e+00
     2.000000000000e+00 0.000000000000e+00-9.778887033463e-09 8.600000000000e+01
     3.671400000000e+05 0.000000000000e+00                                      
G16 2019 08 15 08 00 00-6.513763219118e-05-3.296918293927e-12 0.000000000000e+00
     8.300000000000e+01 3.787500000000e+01 3.953736005258e-09 8.513399024098e-01
     2.240762114525e-06 1.074999151751e-02 1.139566302299e-05 5.153624021530e+03
     3.744000000000e+05 9.313225746155e-09-8.812462562438e-02 1.005828380585e-07
     9.825256080096e-01 1.710312500000e+02 5.809545601408e-01-7.714963778938e-09
    -4.707338963073e-10 1.000000000000e+00 2.066000000000e+03 0.000000000000e+00
     2.800000000000e+00 0.000000000000e+00-1.071020960808e-08 8.300000000000e+01
     3.671400000000e+05 0.000000000000e+00                                      
G21 2019 08 15 08 00 00-1.361439935863e-04 6.707523425575e-12 0.000000000000e+00
     6.500000000000e+01-4.025000000000e+01 4.786270935142e-09 2.165115303366e+00
    -2.352520823479e-06 2.450178412255e-02 3.427267074585e-07 5.153682319641e+03
     3.744000000000e+05 3.613531589508e-07 1.858839106373e+00-6.519258022308e-08
     9.492411013020e-01 3.599375000000e+02-1.421549501883e+00-8.133910434083e-09
    -3.267993375911e-10 1.000000000000e+00 2.066000000000e+03 0.000000000000e+00
     2.000000000000e+00 0.000000000000e+00-1.024454832077e-08 6.500000000000e+01
     3.671400000000e+05 0.000000000000e+00                                      
G23 2019 08 15 08 00 00-1.721242442727e-04 1.932676241267e-12 0.000000000000e+00
     9.700000000000e+01 3.525000000000e+01 4.915561735430e-09-1.454347519572e+00
     1.916661858559e-06 1.324926398229e-02 7.925555109978e-06 5.153774700165e+03
     3.744000000000e+05 3.408640623093e-07-2.290268113283e+00 4.097819328308e-08
     9.433386130626e-01 2.104062500000e+02-2.234355044896e+00-8.082122526787e-09
     7.336020124704e-10 1.000000000000e+00 2.066000000000e+03 0.000000000000e+00
     2.000000000000e+00 0.000000000000e+00-2.002343535423e-08 9.700000000000e+01
     3.671400000000e+05 0.000000000000e+00                                      
G26 2019 08 15 08 00 00 1.549022272229e-05 8.981260180008e-12 0.000000000000e+00
     7.500000000000e+01 2.153125000000e+01 4.714125090288e-09 1.785003151266e+00
     1.290813088417e-06 3.799930098467e-03 1.094117760658e-05 5.153654983521e+03
     3.744000000000e+05 5.774199962616e-08-2.022913903627e-01 1.396983861923e-07
     9.507862207482e-01 1.631875000000e+02 1.389608255333e-01-7.992833062076e-09
    -4.239462392253e-10 1.000000000000e+00 2.066000000000e+03 0.000000000000e+00
     2.000000000000e+00 0.000000000000e+00 7.450580596924e-09 7.500000000000e+01
     3.671400000000e+05 0.000000000000e+00                                      
G29 2019 08 15 08 00 00 1.245373860002e-04-1.000444171950e-11 0.000000000000e+00
     2.400000000000e+01 1.024687500000e+02 3.969450990127e-09 2.296223193427e-01
     5.282461643219e-06 1.228387234733e-03 5.559995770454e-06 5.153712242126e+03
     3.744000000000e+05-3.725290298462e-08 9.373309366244e-01 1.676380634308e-08
     9.856699690192e-01 2.857500000000e+02 1.921031240056e+00-7.915686772719e-09
     1.864363385895e-10 1.000000000000e+00 2.066000000000e+03 0.000000000000e+00
     2.000000000000e+00 0.000000000000e+00-9.778887033463e-09 2.400000000000e+01
     3.671400000000e+05 0.000000000000e+00                                      
G31 2019 08 15 08 00 00 1.723645254970e-05-2.614797267597e-12 0.000000000000e+00
     4.400000000000e+01-2.537500000000e+01 5.004137104692e-09 3.079042602369e+00
    -1.203268766403e-06 9.276099735871e-03 5.390495061874e-06 5.153663253784e+03
     3.744000000000e+05-1.583248376846e-07-1.193969609284e+00 0.000000000000e+00
     9.590291511622e-01 2.763750000000e+02 1.709318395401e-02-8.052478683851e-09
    -2.146517963375e-10 1.000000000000e+00 2.066000000000e+03 0.000000000000e+00
     2.000000000000e+00 0.000000000000e+00-1.350417733192e-08 4.400000000000e+01
     3.671400000000e+05 0.000000000000e+00                                      
G32 2019 08 15 08 00 00 1.977244392037e-05 1.443822839065e-11 0.000000000000e+00
     1.210000000000e+02 3.293750000000e+01 4.693767152730e-09 6.052513238785e-01
     1.560896635056e-06 3.221031976864e-03 8.335337042809e-06 5.153615186691e+03
     3.744000000000e+05-6.705522537231e-08-2.277308122018e+00 9.313225746155e-08
     9.567446802334e-01 2.185312500000e+02-2.486744894358e+00-8.055693001552e-09
     6.264546659196e-10 1.000000000000e+00 2.066000000000e+03 0.000000000000e+00
     2.000000000000e+00 0.000000000000e+00 4.656612873077e-10 1.210000000000e+02
     3.671400000000e+05 0.000000000000e+00                                      
G27 2019 08 15 08 00 00-2.447003498673e-05-1.148237060988e-11 0.000000000000e+00
     9.000000000000e+01 1.155000000000e+02 4.219104177139e-09-1.029121365779e-01
     5.975365638733e-06 7.161707035266e-03 5.599111318588e-06 5.153652273178e+03
     3.744000000000e+05 7.823109626770e-08 8.694107135545e-01 6.705522537231e-08
     9.786050416852e-01 2.780312500000e+02 5.184113071004e-01-8.137124751784e-09
     1.739358101993e-10 1.000000000000e+00 2.066000000000e+03 0.000000000000e+00
     2.800000000000e+00 0.000000000000e+00 1.396983861923e-09 9.000000000000e+01
     3.671400000000e+05 0.000000000000e+00                                      
G09 2019 08 15 08 00 00-6.959307938814e-06-8.981260180008e-12 0.000000000000e+00
     8.800000000000e+01 2.821875000000e+01 4.726268265642e-09 3.190144640043e-01
     1.292675733566e-06 1.282257610001e-03 8.417293429375e-06 5.153617408752e+03
     3.744000000000e+05 2.235174179077e-08-2.284383635028e+00 1.676380634308e-08
     9.525231053478e-01 2.098750000000e+02 1.704712032099e+00-8.098194115291e-09
     6.728851920101e-10 1.000000000000e+00 2.066000000000e+03 0.000000000000e+00
     2.000000000000e+00 0.000000000000e+00 1.396983861923e-09 8.800000000000e+01
     3.671400000000e+05 0.000000000000e+00                                      
G08 2019 08 15 08 00 00-2.709683030844e-06-1.364242052659e-12 0.000000000000e+00
     1.140000000000e+02 1.185000000000e+02 4.320179769479e-09 3.026672175902e-02
     6.001442670822e-06 4.415380768478e-03 5.880370736122e-06 5.153786590576e+03
     3.744000000000e+05 8.195638656616e-08 8.574309505493e-01-3.539025783539e-08
     9.702960049290e-01 2.721250000000e+02-2.038521089043e-01-8.149267927138e-09
     1.839362273603e-10 1.000000000000e+00 2.066000000000e+03 0.000000000000e+00
     2.800000000000e+00 0.000000000000e+00 5.122274160385e-09 1.140000000000e+02
     3.671400000000e+05 0.000000000000e+00                                      
G02 2019 08 15 08 00 00-2.832636237144e-04-8.412825991400e-12 0.000000000000e+00
     4.900000000000e+01-3.890625000000e+01 4.736983028643e-09-2.016035492496e+00
    -1.801177859306e-06 1.898114907090e-02 7.431954145432e-07 5.153764888763e+03
     3.744000000000e+05 4.209578037262e-07 1.854880919647e+00 8.754432201385e-08
     9.554400557419e-01 3.618750000000e+02-1.723274538787e+00-8.197484315269e-09
    -1.792931825664e-10 1.000000000000e+00 2.066000000000e+03 0.000000000000e+00
     2.000000000000e+00 0.000000000000e+00-2.048909664154e-08 4.900000000000e+01
     3.672000000000e+05 0.000000000000e+00                                      
G05 2019 08 15 08 00 00-6.277114152908e-07-2.273736754432e-13 0.000000000000e+00
     2.800000000000e+01-9.506250000000e+01 4.369467720155e-09 6.519109804462e-01
    -4.772096872330e-06 5.833038827404e-03 9.657815098763e-06 5.153752130508e+03
     3.744000000000e+05-1.285225152969e-07 2.939394186321e+00 8.381903171539e-08
     9.508340523177e-01 1.893750000000e+02 7.580118673569e-01-7.965688945775e-09
    -6.464554988949e-11 1.000000000000e+00 2.066000000000e+03 0.000000000000e+00
     2.000000000000e+00 0.000000000000e+00-1.117587089539e-08 2.800000000000e+01
     3.672000000000e+05 0.000000000000e+00                                      
G12 2019 08 15 08 00 00 2.139126881957e-04-3.751665644813e-12 0.000000000000e+00
     1.060000000000e+02 2.862500000000e+01 3.833016803392e-09 2.679090941908e+00
     1.376494765282e-06 7.498480961658e-03 1.147203147411e-05 5.153600357056e+03
     3.744000000000e+05-1.862645149231e-08-1.070159787422e-01-1.173466444016e-07
     9.821963153904e-01 1.649375000000e+02 1.104478171983e+00-7.426023609405e-09
    -3.718012012981e-10 1.000000000000e+00 2.066000000000e+03 0.000000000000e+00
     2.800000000000e+00 0.000000000000e+00-1.257285475731e-08 1.060000000000e+02
     3.672000000000e+05 0.000000000000e+00                                      
G20 2019 08 15 08 00 00 5.264659412205e-04 2.273736754432e-13 0.000000000000e+00
     7.100000000000e+01-9.756250000000e+01 4.804842998140e-09-2.658074861202e+00
    -4.919245839119e-06 4.696778138168e-03 9.313225746155e-06 5.153627782822e+03
     3.744000000000e+05-1.490116119385e-08 2.842984856656e+00 6.705522537231e-08
     9.317944485446e-01 1.815625000000e+02 2.410992839872e+00-8.120338244682e-09
    -7.928901699153e-11 1.000000000000e+00 2.066000000000e+03 0.000000000000e+00
     2.000000000000e+00 0.000000000000e+00-8.847564458847e-09 7.100000000000e+01
     3.716400000000e+05 0.000000000000e+00                                      
G10 2019 08 15 08 00 00-1.493981108070e-05-1.421085471520e-11 0.000000000000e+00
     5.600000000000e+01-8.796875000000e+01 4.085527321470e-09 2.001299031530e+00
    -4.535540938380e-06 4.739153780970e-03 1.035071909430e-05 5.153671110150e+03
     3.744000000000e+05-6.705522537230e-08 2.964132739610e+00 2.607703208920e-08
     9.639676188120e-01 1.805625000000e+02-2.721264367080e+00-7.805682280860e-09
    -5.607376426880e-11 1.000000000000e+00 2.066000000000e+03 0.000000000000e+00
     2.000000000000e+00 0.000000000000e+00 1.862645149230e-09 5.600000000000e+01
     3.672180000000e+05 4.000000000000e+00                                      
G24 2019 08 15 08 00 00-8.097849786280e-07-5.684341886080e-13 0.000000000000e+00
     8.100000000000e+01-2.143750000000e+01 5.545588138860e-09-1.986134005790e+00
    -1.301988959310e-06 8.512678090480e-03 4.449859261510e-06 5.153696071620e+03
     3.744000000000e+05 1.173466444020e-07-1.275685332710e+00-9.126961231230e-08
     9.376635398270e-01 2.800312500000e+02 6.026265782040e-01-8.467495562320e-09
    -1.678641350720e-11 1.000000000000e+00 2.066000000000e+03 0.000000000000e+00
     2.800000000000e+00 0.000000000000e+00 2.793967723850e-09 8.100000000000e+01
     3.672180000000e+05 4.000000000000e+00                                      
G18 2019 08 15 08 00 00 7.801270112400e-05 2.955857780760e-12 0.000000000000e+00
     8.000000000000e+01-5.503125000000e+01 4.731268504900e-09-2.538684175460e+00
    -2.663582563400e-06 1.568834262430e-02 8.288770914080e-07 5.153682823180e+03
     3.744000000000e+05 1.452863216400e-07 1.868425772390e+00 2.235174179080e-08
     9.548973380040e-01 3.590625000000e+02 1.421211191840e+00-8.253200921800e-09
    -1.717928701480e-10 1.000000000000e+00 2.066000000000e+03 0.000000000000e+00
     2.000000000000e+00 0.000000000000e+00-5.587935447690e-09 8.000000000000e+01
     3.741480000000e+05 4.000000000000e+00                                      
G04 2019 08 15 08 00 00 9.693671017885e-05 4.524736141320e-11 0.000000000000e+00
     9.500000000000e+01 1.147500000000e+02 4.689481049995e-09 2.697175918489e-02
     6.133690476418e-06 1.465089153498e-02 6.452202796936e-06 5.153677051544e+03
     3.744000000000e+05 8.568167686462e-08 7.666488918093e-01 2.048909664154e-07
     9.589152980997e-01 2.517500000000e+02 6.755836150550e-01-8.427136738357e-09
     1.389343586023e-10 1.000000000000e+00 2.066000000000e+03 0.000000000000e+00
     2.000000000000e+00 6.300000000000e+01-5.587935000000e-09 9.500000000000e+01
     3.732600000000e+05 4.000000000000e+00                                      
G11 2019 08 15 08 00 00-5.346615798770e-04 1.011812855720e-11 0.000000000000e+00
     5.000000000000e+00 4.593750000000e+01 5.814885070450e-09-3.010424811680e+00
     2.488493919370e-06 1.677546615250e-02-2.291053533550e-07 5.153722429280e+03
     3.744000000000e+05 1.247972249980e-07 1.469028970430e+00 1.620501279830e-07
     9.099941881560e-01 3.575625000000e+02 1.925946564340e+00-8.750007330070e-09
     2.285809498850e-11 1.000000000000e+00 2.066000000000e+03 0.000000000000e+00
     2.000000000000e+00 0.000000000000e+00-1.210719347000e-08 5.000000000000e+00
     3.695280000000e+05 4.000000000000e+00                                      
G22 2019 08 15 08 00 00-7.439851760860e-04-4.433786671140e-12 0.000000000000e+00
     5.600000000000e+01-1.059375000000e+02 4.845916137570e-09-9.785289026510e-01
    -5.438923835750e-06 7.014728500510e-03 1.029483973980e-05 5.153742471690e+03
     3.744000000000e+05-8.940696716310e-08 2.891375285750e+00 9.126961231230e-08
     9.285305612760e-01 1.647812500000e+02-1.300568290640e+00-8.302488689120e-09
     1.928651764660e-11 1.000000000000e+00 2.066000000000e+03 0.000000000000e+00
     2.000000000000e+00 0.000000000000e+00-1.816079020500e-08 5.600000000000e+01
     3.696360000000e+05 4.000000000000e+00                                      
G01 2019 08 15 08 00 00-9.725615382190e-05-1.148237060990e-11 0.000000000000e+00
     7.900000000000e+01-6.184375000000e+01 4.302322066130e-09-2.278524294090e+00
    -3.088265657420e-06 9.090135456060e-03 1.600012183190e-06 5.153648487090e+03
     3.744000000000e+05 5.587935447690e-09 1.925286365510e+00-5.029141902920e-08
     9.763725570130e-01 3.571250000000e+02 7.536939359090e-01-8.152125283030e-09
    -1.789360248320e-10 1.000000000000e+00 2.066000000000e+03 0.000000000000e+00
     2.000000000000e+00 0.000000000000e+00 5.587935447690e-09 7.900000000000e+01
     3.709620000000e+05 4.000000000000e+00                                      
G03 2019 08 15 08 00 00-1.748092472550e-06-2.955857780760e-12 0.000000000000e+00
     1.030000000000e+02-1.048437500000e+02 3.988380417770e-09 2.951913750000e+00
    -5.386769771580e-06 2.430513966830e-03 1.100450754170e-05 5.153740497590e+03
     3.744000000000e+05 4.656612873080e-08 2.967324664480e+00-2.421438694000e-08
     9.639656877600e-01 1.681250000000e+02 6.920278982880e-01-7.761751879550e-09
     3.750156209060e-11 1.000000000000e+00 2.066000000000e+03 0.000000000000e+00
     2.000000000000e+00 0.000000000000e+00 1.862645149230e-09 1.030000000000e+02
     3.726960000000e+05 4.000000000000e+00                                      
G15 2019 08 15 08 00 00-2.940162085000e-04 2.614797267600e-12 0.000000000000e+00
     2.100000000000e+01 2.734375000000e+01 5.241646907060e-09-9.794858368650e-01
     1.674517989160e-06 1.157896802760e-02 8.197501301770e-06 5.153740036010e+03
     3.744000000000e+05 2.011656761170e-07-2.366462646360e+00 1.434236764910e-07
     9.281104916640e-01 2.002187500000e+02 7.974309981450e-01-8.393206753610e-09
     6.089539368040e-10 1.000000000000e+00 2.066000000000e+03 0.000000000000e+00
     2.000000000000e+00 0.000000000000e+00-1.071020960810e-08 2.100000000000e+01
     3.672180000000e+05 4.000000000000e+00                                      
G30 2019 08 15 08 00 00-1.997500658035e-05-7.730704965070e-12 0.000000000000e+00
     6.500000000000e+01-2.415625000000e+01 5.493800267404e-09-2.940561959214e+00
    -1.190230250359e-06 4.194899927825e-03 5.228444933891e-06 5.153760269165e+03
     3.744000000000e+05-4.656612873077e-08-1.181357916871e+00-3.539025783539e-08
     9.399366965477e-01 2.721875000000e+02-2.910485633318e+00-8.402135696963e-09
    -2.128660095809e-10 1.000000000000e+00 2.066000000000e+03 0.000000000000e+00
     2.000000000000e+00 0.000000000000e+00 3.725290298462e-09 6.500000000000e+01
     3.672180000000e+05 4.000000000000e+00                                      
G07 2019 08 15 08 00 00-8.553871884942e-05-7.844391802792e-12 0.000000000000e+00
     7.100000000000e+01-2.456250000000e+01 5.116641700093e-09-2.900328092775e+00
    -1.411885023117e-06 1.311879069544e-02 5.241483449936e-06 5.153728929520e+03
     3.744000000000e+05 1.862645149231e-09-1.208355222994e+00-2.458691596985e-07
     9.545004585697e-01 2.780625000000e+02-2.438248839651e+00-8.106051935314e-09
    -1.903650723265e-10 1.000000000000e+00 2.066000000000e+03 0.000000000000e+00
     2.000000000000e+00 0.000000000000e+00-1.117587089539e-08 7.100000000000e+01
     3.672180000000e+05 4.000000000000e+00                                      
G17 2019 08 15 08 00 00 1.071868464351e-04 6.934897101019e-12 0.000000000000e+00
     2.400000000000e+01 1.114687500000e+02 4.173745281815e-09-2.050813521529e-01
     5.904585123062e-06 1.298791740555e-02 5.731359124184e-06 5.153556604385e+03
     3.744000000000e+05-1.285225152969e-07 9.260670379521e-01 5.587935447693e-08
     9.841713806084e-01 2.841562500000e+02-1.704913889924e+00-8.254272395006e-09
     2.403671551140e-10 1.000000000000e+00 2.066000000000e+03 0.000000000000e+00
     2.000000000000e+00 0.000000000000e+00-1.117587089539e-08 2.400000000000e+01
     3.672180000000e+05 4.000000000000e+00                                      
G19 2019 08 15 08 00 00-2.806722186506e-04 5.002220859751e-12 0.000000000000e+00
     5.400000000000e+01 1.152187500000e+02 4.127671934104e-09 2.607667299216e+00
     5.887821316719e-06 9.544888744131e-03 4.649162292480e-06 5.153646486282e+03
     3.744000000000e+05 9.313225746155e-08 9.721646326163e-01-1.545995473862e-07
     9.820511002902e-01 2.959062500000e+02 1.479855987633e+00-7.902829184557e-09
     1.407201472733e-10 1.000000000000e+00 2.066000000000e+03 0.000000000000e+00
     2.000000000000e+00 0.000000000000e+00-1.536682248116e-08 5.400000000000e+01
     3.672180000000e+05 4.000000000000e+00                                      
G06 2019 08 15 08 00 00-2.547213807702e-05-1.182343112305e-11 0.000000000000e+00
     4.100000000000e+01-4.987500000000e+01 4.426970115360e-09-1.989067117041e+00
    -2.669170498848e-06 1.370974001475e-03 1.549720764160e-06 5.153636135101e+03
     3.744000000000e+05 2.793967723846e-08 1.917005981462e+00 9.872019290924e-08
     9.759983601236e-01 3.598437500000e+02-1.108343712107e+00-8.328204045984e-09
    -2.717970357232e-10 1.000000000000e+00 2.066000000000e+03 0.000000000000e+00
     2.000000000000e+00 0.000000000000e+00 4.190951585770e-09 4.100000000000e+01
     3.683580000000e+05 4.000000000000e+00                                      
G13 2019 08 15 08 00 00-4.959106445310e-05 1.932676241270e-12 0.000000000000e+00
     9.600000000000e+01 2.840625000000e+01 4.519473968520e-09-1.003841886820e+00
     1.607462763790e-06 3.633029642510e-03 7.448717951770e-06 5.153664382930e+03
     3.744000000000e+05 1.862645149230e-09-2.145912500840e+00 4.097819328310e-08
     9.677724610020e-01 2.410312500000e+02 1.227041583250e+00-7.990689987170e-09
     5.960962583730e-10 1.000000000000e+00 2.066000000000e+03 0.000000000000e+00
     2.800000000000e+00 0.000000000000e+00-1.117587089540e-08 9.600000000000e+01
     3.672180000000e+05 4.000000000000e+00                                      
G16 2019 08 15 09 59 44-6.516091525555e-05-3.296918293927e-12 0.000000000000e+00
     2.400000000000e+01 3.109375000000e+01 3.914091717405e-09 1.899126258140e+00
     1.706182956696e-06 1.074996043462e-02 1.167319715023e-05 5.153625749588e+03
     3.815840000000e+05-2.719461917877e-07-8.818081484489e-02 7.450580596924e-08
     9.825231415297e-01 1.686875000000e+02 5.810418495367e-01-7.582459105038e-09
    -2.825117639826e-10 1.000000000000e+00 2.066000000000e+03 0.000000000000e+00
     2.000000000000e+00 0.000000000000e+00-1.071020960808e-08 2.400000000000e+01
     3.743100000000e+05 0.000000000000e+00                                      
G27 2019 08 15 09 59 44-2.455152571201e-05-1.148237060988e-11 0.000000000000e+00
     1.000000000000e+00 1.105000000000e+02 4.265892084021e-09 9.449306497544e-01
     5.939975380898e-06 7.161112967879e-03 5.828216671944e-06 5.153651329041e+03
     3.815840000000e+05 1.862645149231e-08 8.693526678910e-01 9.872019290924e-08
     9.786062602959e-01 2.741250000000e+02 5.184273904217e-01-8.098194115291e-09
     1.350056177962e-10 1.000000000000e+00 2.066000000000e+03 0.000000000000e+00
     2.000000000000e+00 0.000000000000e+00 1.396983861923e-09 1.000000000000e+00
     3.743100000000e+05 0.000000000000e+00                                      
G08 2019 08 15 09 59 44-2.724584192038e-06-1.477928890381e-12 0.000000000000e+00
     5.000000000000e+00 1.127500000000e+02 4.411255360992e-09 1.078171546058e+00
     5.951151251793e-06 4.414825234562e-03 5.705282092094e-06 5.153785142899e+03
     3.815840000000e+05 8.195638656616e-08 8.573726971514e-01 3.352761268616e-08
     9.702974459033e-01 2.697500000000e+02-2.039796856012e-01-8.101766368895e-09
     1.614352956869e-10 1.000000000000e+00 2.066000000000e+03 0.000000000000e+00
     2.000000000000e+00 0.000000000000e+00 5.122274160385e-09 5.000000000000e+00
     3.743100000000e+05 0.000000000000e+00                                      
G32 2019 08 15 09 59 44 1.987675204870e-05 1.443822839060e-11 0.000000000000e+00
     4.800000000000e+01 3.000000000000e+01 4.581262256530e-09 1.652931784820e+00
     1.551583409310e-06 3.221271908840e-03 8.223578333850e-06 5.153616498950e+03
     3.815840000000e+05-9.126961231230e-08-2.277365787320e+00 1.490116119380e-08
     9.567489490280e-01 2.144687500000e+02-2.486542091490e+00-8.046763751440e-09
     5.857386840820e-10 1.000000000000e+00 2.066000000000e+03 0.000000000000e+00
     2.000000000000e+00 0.000000000000e+00 4.656612873080e-10 4.800000000000e+01
     3.744180000000e+05 4.000000000000e+00                                      
G13 2019 08 15 09 59 44-4.957430064678e-05 1.932676241267e-12 0.000000000000e+00
     1.700000000000e+01 3.075000000000e+01 4.469471885730e-09 4.400710228388e-02
     1.525506377220e-06 3.633375745267e-03 7.573515176773e-06 5.153664958954e+03
     3.815840000000e+05-1.490116119385e-08-2.145970030094e+00 1.490116119385e-08
     9.677767151676e-01 2.385937500000e+02 1.227045361970e+00-8.005690612005e-09
     5.975248893100e-10 1.000000000000e+00 2.066000000000e+03 0.000000000000e+00
     2.000000000000e+00 0.000000000000e+00-1.117587000000e-08 1.700000000000e+01
     3.784200000000e+05 4.000000000000e+00                                      
G09 2019 08 15 09 59 44-7.022637873890e-06-8.981260180010e-12 0.000000000000e+00
     2.500000000000e+01 3.200000000000e+01 4.672694636490e-09 1.367219357670e+00
     1.717358827590e-06 1.281879958700e-03 8.562579751010e-06 5.153616346360e+03
     3.815840000000e+05 2.793967723850e-08-2.284441821130e+00-3.725290298460e-09
     9.525280324560e-01 2.084375000000e+02 1.704390310080e+00-8.079979420720e-09
     6.800283259090e-10 1.000000000000e+00 2.066000000000e+03 0.000000000000e+00
     2.000000000000e+00 0.000000000000e+00 1.396983861920e-09 2.500000000000e+01
     3.798780000000e+05 4.000000000000e+00                                      
G12 2019 08 15 09 59 44 2.138875424860e-04-3.751665644810e-12 0.000000000000e+00
     1.700000000000e+01 3.075000000000e+01 3.899090984220e-09-2.556182195660e+00
     1.640990376470e-06 7.497788523320e-03 1.188926398750e-05 5.153601661680e+03
     3.815840000000e+05 1.303851604460e-07-1.070702105780e-01-3.725290298460e-08
     9.821938898720e-01 1.598750000000e+02 1.104453365280e+00-7.482097373670e-09
    -2.485817830000e-10 1.000000000000e+00 2.066000000000e+03 0.000000000000e+00
     2.000000000000e+00 0.000000000000e+00-1.257285475730e-08 1.700000000000e+01
     3.744180000000e+05 4.000000000000e+00                                      
G24 2019 08 15 09 59 44-8.172355592250e-07-5.684341886080e-13 0.000000000000e+00
     3.800000000000e+01-1.743750000000e+01 5.555588555420e-09-9.383649563810e-01
    -7.934868335720e-07 8.512706845070e-03 4.304572939870e-06 5.153694898610e+03
     3.815840000000e+05 1.974403858180e-07-1.275745874110e+00 6.146728992460e-08
     9.376628639590e-01 2.822187500000e+02 6.026985727920e-01-8.580714564060e-09
    -9.071806448580e-11 1.000000000000e+00 2.066000000000e+03 0.000000000000e+00
     2.000000000000e+00 0.000000000000e+00 2.793967723850e-09 3.800000000000e+01
     3.803880000000e+05 4.000000000000e+00                                      
G21 2019 08 15 10 00 00-1.360960304737e-04 6.707523425575e-12 0.000000000000e+00
     6.600000000000e+01-3.928125000000e+01 4.875202908039e-09-3.067895368488e+00
    -1.989305019379e-06 2.450179634616e-02 5.364418029785e-07 5.153682386398e+03
     3.816000000000e+05 3.613531589508e-07 1.858779962058e+00 1.564621925354e-07
     9.492389449608e-01 3.607187500000e+02-1.421545914808e+00-8.132838402730e-09
    -2.017941230781e-10 1.000000000000e+00 2.066000000000e+03 0.000000000000e+00
     2.000000000000e+00 0.000000000000e+00-1.024454832077e-08 6.600000000000e+01
     3.743400000000e+05 0.000000000000e+00                                      
G08 2019 08 15 10 00 00-2.719927579165e-06-1.364242052659e-12 0.000000000000e+00
     1.150000000000e+02 1.127500000000e+02 4.411612408717e-09 1.080506720265e+00
     5.951151251793e-06 4.414823488332e-03 5.705282092094e-06 5.153785123825e+03
     3.816000000000e+05 8.195638656616e-08 8.573725611000e-01 3.352761268616e-08
     9.702974546808e-01 2.697500000000e+02-2.039811616856e-01-8.101766368895e-09
     1.614352956869e-10 1.000000000000e+00 2.066000000000e+03 0.000000000000e+00
     2.800000000000e+00 0.000000000000e+00 5.122274160385e-09 1.150000000000e+02
     3.743400000000e+05 0.000000000000e+00                                      
G09 2019 08 15 10 00 00-7.023569196463e-06-8.981260180008e-12 0.000000000000e+00
     9.100000000000e+01 3.200000000000e+01 4.672694675634e-09 1.369556157180e+00
     1.717358827591e-06 1.281878096052e-03 8.562579751015e-06 5.153616346359e+03
     3.816000000000e+05 2.793967723846e-08-2.284441949868e+00-3.725290298462e-09
     9.525280470851e-01 2.084375000000e+02 1.704387315487e+00-8.079979352260e-09
     6.803854701865e-10 1.000000000000e+00 2.066000000000e+03 0.000000000000e+00
     2.000000000000e+00 0.000000000000e+00 1.396983861923e-09 9.100000000000e+01
     3.743400000000e+05 0.000000000000e+00                                      
G23 2019 08 15 10 00 00-1.721102744341e-04 1.932676241267e-12 0.000000000000e+00
     1.050000000000e+02 3.578125000000e+01 4.987707580284e-09-4.042241800053e-01
     2.054497599602e-06 1.324931601994e-02 8.402392268181e-06 5.153774765015e+03
     3.816000000000e+05 3.166496753693e-08-2.290327437537e+00 2.328306436539e-07
     9.433421898973e-01 2.109375000000e+02-2.234356197676e+00-8.425351083474e-09
     6.886001213680e-10 1.000000000000e+00 2.066000000000e+03 0.000000000000e+00
     2.000000000000e+00 0.000000000000e+00-2.002343535423e-08 1.050000000000e+02
     3.743400000000e+05 0.000000000000e+00                                      
G26 2019 08 15 10 00 00 1.555541530252e-05 8.981260180008e-12 0.000000000000e+00
     7.600000000000e+01 1.593750000000e+01 4.636978800932e-09 2.835045746532e+00
     9.145587682724e-07 3.799379453994e-03 1.088902354240e-05 5.153656469345e+03
     3.816000000000e+05-8.381903171539e-08-2.023491097955e-01 1.676380634308e-08
     9.507840892765e-01 1.645937500000e+02 1.391116714052e-01-7.863898865423e-09
    -3.171560791770e-10 1.000000000000e+00 2.066000000000e+03 0.000000000000e+00
     2.000000000000e+00 0.000000000000e+00 7.450580596924e-09 7.600000000000e+01
     3.743400000000e+05 0.000000000000e+00                                      
G29 2019 08 15 10 00 00 1.244656741619e-04-1.000444171950e-11 0.000000000000e+00
     2.500000000000e+01 1.062187500000e+02 4.033739564591e-09 1.280421971789e+00
     5.327165126801e-06 1.227830769494e-03 5.748122930527e-06 5.153710454941e+03
     3.816000000000e+05-4.842877388000e-08 9.372739545023e-01-1.862645149231e-08
     9.856714699731e-01 2.793125000000e+02 1.920385522645e+00-7.891400422011e-09
     2.010798055840e-10 1.000000000000e+00 2.066000000000e+03 0.000000000000e+00
     2.000000000000e+00 0.000000000000e+00-9.778887033463e-09 2.500000000000e+01
     3.743400000000e+05 0.000000000000e+00                                      
G31 2019 08 15 10 00 00 1.721782609820e-05-2.614797267597e-12 0.000000000000e+00
     4.500000000000e+01-2.425000000000e+01 5.011994375081e-09-2.153944681813e+00
    -1.432374119759e-06 9.275819640607e-03 5.427747964859e-06 5.153663778305e+03
     3.816000000000e+05-1.024454832077e-07-1.194028695082e+00-2.142041921616e-07
     9.590272274249e-01 2.783125000000e+02 1.708608148673e-02-8.213199009788e-09
    -1.239337382719e-10 1.000000000000e+00 2.066000000000e+03 0.000000000000e+00
     2.000000000000e+00 0.000000000000e+00-1.350417733192e-08 4.500000000000e+01
     3.743400000000e+05 0.000000000000e+00                                      
G20 2019 08 15 10 00 00 5.264673382044e-04 2.273736754432e-13 0.000000000000e+00
     7.200000000000e+01-9.853125000000e+01 4.769841410734e-09-1.607814114129e+00
    -5.092471837997e-06 4.696394549683e-03 9.331852197647e-06 5.153628532410e+03
     3.816000000000e+05-7.823109626770e-08 2.842926018091e+00 2.607703208923e-08
     9.317936219959e-01 1.856875000000e+02 2.410942582784e+00-8.188555611355e-09
    -6.857428513918e-11 1.000000000000e+00 2.066000000000e+03 0.000000000000e+00
     2.000000000000e+00 0.000000000000e+00-8.847564458847e-09 7.200000000000e+01
     3.743400000000e+05 0.000000000000e+00                                      
G07 2019 08 15 10 00 00-8.559506386518e-05-7.844391802792e-12 0.000000000000e+00
     7.200000000000e+01-2.396875000000e+01 5.039138439855e-09-1.850193700863e+00
    -1.452863216400e-06 1.311893342063e-02 4.697591066360e-06 5.153728439331e+03
     3.816000000000e+05 1.545995473862e-07-1.208414716946e+00-7.450580596924e-08
     9.544997051668e-01 2.799375000000e+02-2.438231404593e+00-8.152482244839e-09
    -2.250093687761e-11 1.000000000000e+00 2.066000000000e+03 0.000000000000e+00
     2.000000000000e+00 0.000000000000e+00-1.117587089539e-08 7.200000000000e+01
     3.743400000000e+05 0.000000000000e+00                                      
G10 2019 08 15 10 00 00-1.504179090261e-05-1.421085471520e-11 0.000000000000e+00
     5.700000000000e+01-8.834375000000e+01 4.011595500231e-09 3.051430708269e+00
    -4.537403583527e-06 4.738716641441e-03 1.018494367599e-05 5.153672012329e+03
     3.816000000000e+05-3.166496753693e-08 2.964076750814e+00-3.539025783539e-08
     9.639677475488e-01 1.842812500000e+02-2.721217070939e+00-7.714606731213e-09
    -3.178703827933e-11 1.000000000000e+00 2.066000000000e+03 0.000000000000e+00
     2.000000000000e+00 0.000000000000e+00 1.862645149231e-09 5.700000000000e+01
     3.743400000000e+05 0.000000000000e+00                                      
G18 2019 08 15 10 00 00 7.803412154317e-05 2.955857780762e-12 0.000000000000e+00
     8.100000000000e+01-4.071875000000e+01 4.948420340156e-09-1.488651950820e+00
    -1.886859536171e-06 1.568904507440e-02 1.370906829834e-06 5.153678398132e+03
     3.816000000000e+05 1.173466444016e-07 1.868366537377e+00 3.613531589508e-07
     9.548946798820e-01 3.480312500000e+02 1.421356756574e+00-8.522140326761e-09
    -2.907263874086e-10 1.000000000000e+00 2.066000000000e+03 0.000000000000e+00
     2.000000000000e+00 0.000000000000e+00-5.587935447693e-09 8.100000000000e+01
     3.743400000000e+05 0.000000000000e+00                                      
G11 2019 08 15 10 00 00-5.345889367163e-04 1.011812855722e-11 0.000000000000e+00
     6.000000000000e+00 4.412500000000e+01 5.881673370567e-09-1.960297794340e+00
     2.572312951088e-06 1.677532983012e-02 2.142041921616e-07 5.153721994400e+03
     3.816000000000e+05 3.725290298462e-09 1.468966045932e+00 3.688037395477e-07
     9.099936132295e-01 3.497187500000e+02 1.925979253247e+00-8.916442695295e-09
    -2.071514834667e-11 1.000000000000e+00 2.066000000000e+03 0.000000000000e+00
     2.000000000000e+00 0.000000000000e+00-1.210719347000e-08 6.000000000000e+00
     3.743400000000e+05 0.000000000000e+00                                      
G30 2019 08 15 10 00 00-2.003088593483e-05-7.730704965070e-12 0.000000000000e+00
     7.600000000000e+01-2.503125000000e+01 5.427368776623e-09-1.890435766958e+00
    -1.598149538040e-06 4.195010289550e-03 5.071982741356e-06 5.153760061264e+03
     3.816000000000e+05 4.656612873077e-08-1.181418977608e+00-5.029141902924e-08
     9.399352131487e-01 2.717812500000e+02-2.910476672944e+00-8.452851751883e-09
    -1.503634022848e-10 1.000000000000e+00 2.066000000000e+03 0.000000000000e+00
     2.000000000000e+00 0.000000000000e+00 3.725290298462e-09 7.600000000000e+01
     3.743400000000e+05 0.000000000000e+00                                      
G01 2019 08 15 10 00 00-9.733857586980e-05-1.148237060988e-11 0.000000000000e+00
     8.000000000000e+01-5.503125000000e+01 4.400897424262e-09-1.228408934746e+00
    -2.818182110786e-06 9.089868632145e-03 1.745298504829e-06 5.153647237778e+03
     3.816000000000e+05 1.918524503708e-07 1.925228129662e+00 2.235174179077e-08
     9.763705177054e-01 3.538437500000e+02 7.537730197976e-01-8.266058948436e-09
    -3.050127095339e-10 1.000000000000e+00 2.066000000000e+03 0.000000000000e+00
     2.000000000000e+00 0.000000000000e+00 5.587935447693e-09 8.000000000000e+01
     3.743400000000e+05 0.000000000000e+00                                      
G05 2019 08 15 10 00 00-6.295740604401e-07-2.273736754432e-13 0.000000000000e+00
     2.900000000000e+01-1.112812500000e+02 4.354467095319e-09 1.701581030457e+00
    -5.742534995079e-06 5.833869799972e-03 1.046247780323e-05 5.153757431030e+03
     3.816000000000e+05-5.960464477539e-08 2.939337199810e+00-4.284083843231e-08
     9.508330750884e-01 1.771875000000e+02 7.584721116250e-01-7.984618305688e-09
    -1.589351917173e-10 1.000000000000e+00 2.066000000000e+03 0.000000000000e+00
     2.000000000000e+00 0.000000000000e+00-1.117587089539e-08 2.900000000000e+01
     3.744000000000e+05 0.000000000000e+00                                      
G15 2019 08 15 10 00 00-2.939975820482e-04 2.614797267597e-12 0.000000000000e+00
     2.700000000000e+01 2.371875000000e+01 5.249861534948e-09 7.063716623008e-02
     1.396983861923e-06 1.157832634635e-02 8.620321750641e-06 5.153738714218e+03
     3.816000000000e+05 2.607703208923e-08-2.366523573972e+00 1.806765794754e-07
     9.281144722646e-01 1.967812500000e+02 7.974539776619e-01-8.477853136612e-09
     5.907388923603e-10 1.000000000000e+00 2.066000000000e+03 0.000000000000e+00
     2.000000000000e+00 0.000000000000e+00-1.071020960808e-08 2.700000000000e+01
     3.803100000000e+05 0.000000000000e+00                                      
G25 2019 08 15 10 00 00-7.431954145432e-06-2.046363078989e-12 0.000000000000e+00
     2.700000000000e+01 1.753125000000e+01 4.160530445650e-09-2.923247349443e+00
     8.232891559601e-07 8.377623395063e-03 1.143477857113e-05 5.153677242279e+03
     3.816000000000e+05 4.097819328308e-08-1.723419184812e-01-1.620501279831e-07
     9.695625153591e-01 1.614687500000e+02 9.004132509232e-01-7.595316375414e-09
    -3.178703834345e-10 1.000000000000e+00 2.066000000000e+03 0.000000000000e+00
     2.000000000000e+00 0.000000000000e+00 5.587935447693e-09 2.700000000000e+01
     3.744000000000e+05 0.000000000000e+00                                      
G14 2019 08 15 10 00 00-6.646942347290e-05 1.932676241270e-12 0.000000000000e+00
     8.900000000000e+01 3.346875000000e+01 4.625549815570e-09 7.038584992400e-01
     1.657754182820e-06 1.079450047110e-02 7.824972271920e-06 5.153731826780e+03
     3.816000000000e+05-1.862645149230e-07-2.190940667280e+00-3.725290298460e-09
     9.603935724300e-01 2.280937500000e+02-1.930653049760e+00-8.198555788470e-09
     5.085926134950e-10 1.000000000000e+00 2.066000000000e+03 0.000000000000e+00
     2.000000000000e+00 0.000000000000e+00-9.778887033460e-09 8.900000000000e+01
     3.744180000000e+05 4.000000000000e+00                                      
G22 2019 08 15 10 00 00-7.440168410540e-04-4.433786671140e-12 0.000000000000e+00
     5.700000000000e+01-1.031250000000e+02 4.899489797700e-09 7.158960489730e-02
    -5.314126610760e-06 7.013411959630e-03 9.890645742420e-06 5.153740072250e+03
     3.816000000000e+05-1.490116119380e-07 2.891316573000e+00-1.378357410430e-07
     9.285302072500e-01 1.753125000000e+02-1.300545858260e+00-8.280344909600e-09
    -1.678641350720e-10 1.000000000000e+00 2.066000000000e+03 0.000000000000e+00
     2.000000000000e+00 0.000000000000e+00-1.816079020500e-08 5.700000000000e+01
     3.796380000000e+05 4.000000000000e+00                                      
G04 2019 08 15 10 00 00 9.726220741868e-05 4.524736141320e-11 0.000000000000e+00
     1.160000000000e+02 1.132187500000e+02 4.659479800322e-09 1.077090278436e+00
     6.152316927910e-06 1.465143018868e-02 7.053837180138e-06 5.153678842545e+03
     3.816000000000e+05-8.381903171539e-08 7.665890833295e-01 1.993030309677e-07
     9.589159915229e-01 2.422187500000e+02 6.756447855116e-01-8.358205295657e-09
     4.178745490094e-11 1.000000000000e+00 2.066000000000e+03 0.000000000000e+00
     2.000000000000e+00 6.300000000000e+01-5.587935000000e-09 1.160000000000e+02
     3.744000000000e+05 4.000000000000e+00                                      
G03 2019 08 15 10 00 00-1.769512891770e-06-2.955857780760e-12 0.000000000000e+00
     1.040000000000e+02-1.003125000000e+02 3.948735909270e-09-2.281139148980e+00
    -5.103647708890e-06 2.429993939590e-03 1.098774373530e-05 5.153741397860e+03
     3.816000000000e+05-8.381903171540e-08 2.967269595850e+00-5.587935447690e-09
     9.639658428290e-01 1.687812500000e+02 6.920307802370e-01-7.692820436850e-09
    -5.178787145840e-11 1.000000000000e+00 2.066000000000e+03 0.000000000000e+00
     2.000000000000e+00 0.000000000000e+00 1.862645149230e-09 1.040000000000e+02
     3.744180000000e+05 4.000000000000e+00                                      
G19 2019 08 15 10 00 00-2.806358970702e-04 5.002220859751e-12 0.000000000000e+00
     6.900000000000e+01 1.220625000000e+02 4.186960117981e-09-2.625369836826e+00
     6.319954991341e-06 9.544590255246e-03 4.895031452179e-06 5.153647069931e+03
     3.816000000000e+05 1.601874828339e-07 9.721065533056e-01 8.754432201385e-08
     9.820527680168e-01 2.953125000000e+02 1.479902653257e+00-7.925687279545e-09
     3.428714248282e-10 1.000000000000e+00 2.066000000000e+03 0.000000000000e+00
     2.000000000000e+00 0.000000000000e+00-1.536682248116e-08 6.900000000000e+01
     3.744180000000e+05 4.000000000000e+00                                      
G28 2019 08 15 10 00 00 7.646875455976e-04-9.094947017729e-13 0.000000000000e+00
     4.000000000000e+01 3.309375000000e+01 3.832659645658e-09 1.773148774969e+00
     1.551583409309e-06 1.901946461294e-02 1.208856701851e-05 5.153709342957e+03
     3.816000000000e+05 3.036111593246e-07-8.426779717771e-02-3.520399332047e-07
     9.814904954530e-01 1.537500000000e+02-1.460907296904e+00-7.354949220300e-09
    -3.217991185107e-10 1.000000000000e+00 2.066000000000e+03 0.000000000000e+00
     2.000000000000e+00 0.000000000000e+00-1.117587089539e-08 4.000000000000e+01
     3.744180000000e+05 4.000000000000e+00                                      
G17 2019 08 15 10 00 00 1.072362065315e-04 6.934897101019e-12 0.000000000000e+00
     2.500000000000e+01 1.148125000000e+02 4.179102647828e-09 8.451811767542e-01
     5.949288606644e-06 1.298841286916e-02 6.040558218956e-06 5.153557409286e+03
     3.816000000000e+05-1.899898052216e-07 9.260077107723e-01-1.862645149231e-08
     9.841729488566e-01 2.797187500000e+02-1.704927136647e+00-8.231771457751e-09
     2.200091642648e-10 1.000000000000e+00 2.066000000000e+03 0.000000000000e+00
     2.000000000000e+00 0.000000000000e+00-1.117587089539e-08 2.500000000000e+01
     3.744180000000e+05 4.000000000000e+00                                      
G06 2019 08 15 10 00 00-2.555735409260e-05-1.182343112305e-11 0.000000000000e+00
     4.300000000000e+01-5.271875000000e+01 4.495901558060e-09-9.390988233840e-01
    -2.682209014893e-06 1.370842568576e-03 1.473352313042e-06 5.153635509491e+03
     3.816000000000e+05-2.235174179077e-08 1.916945706312e+00 5.401670932770e-08
     9.759962754653e-01 3.600937500000e+02-1.108108392957e+00-8.369991500885e-09
    -2.653681965077e-10 1.000000000000e+00 2.066000000000e+03 0.000000000000e+00
     2.000000000000e+00 0.000000000000e+00 4.190951585770e-09 4.300000000000e+01
     3.744180000000e+05 4.000000000000e+00                                      
G02 2019 08 15 10 00 00-2.833241596818e-04-8.412825991400e-12 0.000000000000e+00
     5.000000000000e+01-3.503125000000e+01 5.136642533208e-09-9.659820511555e-01
    -1.568347215652e-06 1.898114662617e-02 1.426786184311e-06 5.153762166977e+03
     3.816000000000e+05-2.346932888031e-07 1.854819891094e+00 3.464519977570e-07
     9.554353261278e-01 3.524062500000e+02-1.723199205821e+00-8.902870840306e-09
    -2.414386283166e-10 1.000000000000e+00 2.066000000000e+03 0.000000000000e+00
     2.000000000000e+00 0.000000000000e+00-2.048909664154e-08 5.000000000000e+01
     3.766380000000e+05 4.000000000000e+00                                      
G24 2019 08 15 10 00 00-8.135102689270e-07-5.684341886080e-13 0.000000000000e+00
     8.600000000000e+01-1.743750000000e+01 5.555588555420e-09-9.360321038260e-01
    -7.934868335720e-07 8.512714062820e-03 4.304572939870e-06 5.153694900510e+03
     3.816000000000e+05 1.974403858180e-07-1.275746029180e+00 6.146728992460e-08
     9.376628610330e-01 2.822187500000e+02 6.026994329880e-01-8.580714564060e-09
    -9.071806448580e-11 1.000000000000e+00 2.066000000000e+03 0.000000000000e+00
     2.800000000000e+00 0.000000000000e+00 2.793967723850e-09 8.600000000000e+01
     3.756780000000e+05 4.000000000000e+00                                      
G08 2019 08 15 11 59 44-2.734828740358e-06-1.477928890381e-12 0.000000000000e+00
     4.200000000000e+01 1.114062500000e+02 4.440185108479e-09 2.128108420623e+00
     5.967915058136e-06 4.414573661052e-03 6.247311830521e-06 5.153786617279e+03
     3.887840000000e+05 3.911554813385e-08 8.573139566018e-01 1.695007085800e-07
     9.702987903250e-01 2.634062500000e+02-2.038043519436e-01-8.091051384440e-09
     2.521533537525e-10 1.000000000000e+00 2.066000000000e+03 0.000000000000e+00
     2.000000000000e+00 0.000000000000e+00 5.122274160385e-09 4.200000000000e+01
     3.815100000000e+05 0.000000000000e+00                                      
G30 2019 08 15 11 59 44-2.008536830544e-05-7.730704965070e-12 0.000000000000e+00
     5.000000000000e+00-2.321875000000e+01 5.348437248642e-09-8.427063465362e-01
    -1.221895217896e-06 4.194933339022e-03 4.719942808151e-06 5.153759473801e+03
     3.887840000000e+05 7.823109626770e-08-1.181479660913e+00-9.313225746155e-09
     9.399341130343e-01 2.730625000000e+02-2.910405244506e+00-8.472852641717e-09
    -1.585780395885e-10 1.000000000000e+00 2.066000000000e+03 0.000000000000e+00
     2.000000000000e+00 0.000000000000e+00 3.725290298462e-09 5.000000000000e+00
     3.815100000000e+05 0.000000000000e+00                                      
G28 2019 08 15 11 59 44 7.646796293557e-04-9.094947017729e-13 0.000000000000e+00
     2.600000000000e+01 3.803125000000e+01 3.759085043242e-09 2.820938145774e+00
     1.851469278336e-06 1.901921094395e-02 1.188367605209e-05 5.153710422516e+03
     3.887840000000e+05 3.483146429062e-07-8.431958008896e-02-7.636845111847e-08
     9.814882937613e-01 1.560625000000e+02-1.460877279288e+00-7.238516008812e-09
    -3.435857431899e-10 1.000000000000e+00 2.066000000000e+03 0.000000000000e+00
     2.000000000000e+00 0.000000000000e+00-1.117587089539e-08 2.600000000000e+01
     3.815100000000e+05 0.000000000000e+00                                      
G03 2019 08 15 11 59 44-1.790001988411e-06-2.955857780762e-12 0.000000000000e+00
     5.000000000000e+00-8.712500000000e+01 4.125171759739e-09-1.234339010694e+00
    -4.611909389496e-06 2.430712920614e-03 1.044198870659e-05 5.153736646652e+03
     3.887840000000e+05 1.043081283569e-07 2.967214806647e+00-4.097819328308e-08
     9.639646944388e-01 1.817812500000e+02 6.930342805967e-01-7.776395527515e-09
    -1.875078148306e-10 1.000000000000e+00 2.066000000000e+03 0.000000000000e+00
     2.000000000000e+00 0.000000000000e+00 1.862645149231e-09 5.000000000000e+00
     3.815100000000e+05 0.000000000000e+00                                      
G04 2019 08 15 11 59 44 9.759329259396e-05 4.524736141320e-11 0.000000000000e+00
     3.500000000000e+01 1.154375000000e+02 4.588405411217e-09 2.124947483289e+00
     5.850568413734e-06 1.465191133320e-02 7.418915629387e-06 5.153678487778e+03
     3.887840000000e+05-3.930181264877e-07 7.665282698249e-01-1.452863216400e-07
     9.589182678234e-01 2.355937500000e+02 6.756327471587e-01-8.043906489564e-09
     3.014411276615e-10 1.000000000000e+00 2.066000000000e+03 0.000000000000e+00
     2.000000000000e+00 6.300000000000e+01-5.587935000000e-09 3.500000000000e+01
     3.877500000000e+05 4.000000000000e+00                                      
G09 2019 08 15 11 59 44-7.086899131540e-06-8.981260180010e-12 0.000000000000e+00
     2.600000000000e+01 3.390625000000e+01 4.595191408170e-09 2.417162363330e+00
     1.806765794750e-06 1.281785662290e-03 8.527189493180e-06 5.153617027280e+03
     3.887840000000e+05 3.725290298460e-09-2.284499338680e+00 1.136213541030e-07
     9.525331716870e-01 2.103125000000e+02 1.704663650470e+00-7.982118201550e-09
     6.293119276540e-10 1.000000000000e+00 2.066000000000e+03 0.000000000000e+00
     2.000000000000e+00 0.000000000000e+00 1.396983861920e-09 2.600000000000e+01
     3.816180000000e+05 4.000000000000e+00                                      
G24 2019 08 15 11 59 44-8.209608495240e-07-5.684341886080e-13 0.000000000000e+00
     4.000000000000e+01-1.600000000000e+01 5.533801933630e-09 1.118181404630e-01
    -7.897615432740e-07 8.512986358260e-03 4.449859261510e-06 5.153695442200e+03
     3.887840000000e+05 7.450580596920e-08-1.275808023260e+00 1.341104507450e-07
     9.376618121210e-01 2.837812500000e+02 6.026907491060e-01-8.657146319180e-09
    -1.096474243980e-10 1.000000000000e+00 2.066000000000e+03 0.000000000000e+00
     2.000000000000e+00 0.000000000000e+00 2.793967723850e-09 4.000000000000e+01
     3.816180000000e+05 4.000000000000e+00                                      
G21 2019 08 15 12 00 00-1.360480673611e-04 6.707523425575e-12 0.000000000000e+00
     6.700000000000e+01-3.178125000000e+01 4.901632877363e-09-2.017745814892e+00
    -1.272186636925e-06 2.450252335984e-02 6.146728992462e-07 5.153680543900e+03
     3.888000000000e+05 3.185123205185e-07 1.858721658921e+00 4.563480615616e-07
     9.492371441086e-01 3.586250000000e+02-1.421517314759e+00-8.267487139335e-09
    -2.317953745612e-10 1.000000000000e+00 2.066000000000e+03 0.000000000000e+00
     2.000000000000e+00 0.000000000000e+00-1.024454832077e-08 6.700000000000e+01
     3.815400000000e+05 0.000000000000e+00                                      
G07 2019 08 15 12 00 00-8.565187454224e-05-7.844391802792e-12 0.000000000000e+00
     7.300000000000e+01-1.971875000000e+01 5.078068632258e-09-8.000851923597e-01
    -7.692724466324e-07 1.311891479418e-02 4.805624485016e-06 5.153727380753e+03
     3.888000000000e+05 1.862645149231e-07-1.208473211726e+00 2.235174179077e-07
     9.544981866579e-01 2.804687500000e+02-2.438188748828e+00-8.399635653689e-09
    -1.489347811745e-10 1.000000000000e+00 2.066000000000e+03 0.000000000000e+00
     2.000000000000e+00 0.000000000000e+00-1.117587089539e-08 7.300000000000e+01
     3.815400000000e+05 0.000000000000e+00                                      
G10 2019 08 15 12 00 00-1.514377072453e-05-1.421085471520e-11 0.000000000000e+00
     5.800000000000e+01-9.684375000000e+01 4.025167754662e-09-2.181698584297e+00
    -4.990026354790e-06 4.739782656543e-03 1.010484993458e-05 5.153669740677e+03
     3.888000000000e+05-5.960464477539e-08 2.964021572470e+00-4.097819328308e-08
     9.639675559065e-01 1.866562500000e+02-2.721094345279e+00-7.682462666025e-09
    -7.214586567050e-11 1.000000000000e+00 2.066000000000e+03 0.000000000000e+00
     2.000000000000e+00 0.000000000000e+00 1.862645149231e-09 5.800000000000e+01
     3.815400000000e+05 0.000000000000e+00                                      
G11 2019 08 15 12 00 00-5.345158278942e-04 1.011812855722e-11 0.000000000000e+00
     6.100000000000e+01 3.256250000000e+01 6.238117133961e-09-9.103051957624e-01
     1.886859536171e-06 1.677547534928e-02 1.158565282822e-06 5.153716598511e+03
     3.888000000000e+05-2.104789018631e-07 1.468898630278e+00-7.450580596924e-08
     9.099921049609e-01 3.315625000000e+02 1.926152335473e+00-9.393248845413e-09
     1.382200465194e-10 1.000000000000e+00 2.066000000000e+03 0.000000000000e+00
     2.000000000000e+00 0.000000000000e+00-1.210719347000e-08 6.100000000000e+01
     3.815400000000e+05 0.000000000000e+00                                      
G16 2019 08 15 12 00 00-6.518512964249e-05-3.296918293927e-12 0.000000000000e+00
     2.500000000000e+01 2.893750000000e+01 3.830873840371e-09 2.951683169246e+00
     1.499429345131e-06 1.075051550288e-02 1.182779669762e-05 5.153624732971e+03
     3.888000000000e+05-8.940696716309e-08-8.823492233297e-02-1.192092895508e-07
     9.825223266844e-01 1.641250000000e+02 5.810244846991e-01-7.361735221423e-09
    -2.328668369245e-10 1.000000000000e+00 2.066000000000e+03 0.000000000000e+00
     2.000000000000e+00 0.000000000000e+00-1.071020960808e-08 2.500000000000e+01
     3.815400000000e+05 0.000000000000e+00                                      
G18 2019 08 15 12 00 00 7.805554196239e-05 2.955857780762e-12 0.000000000000e+00
     8.700000000000e+01-3.493750000000e+01 5.114856094224e-09-4.384793006743e-01
    -1.721084117889e-06 1.568952912930e-02 1.687556505203e-06 5.153678661346e+03
     3.888000000000e+05-1.378357410431e-07 1.868302828758e+00 7.078051567078e-08
     9.548914439072e-01 3.431875000000e+02 1.421366997001e+00-8.882155455581e-09
    -1.950081207625e-10 1.000000000000e+00 2.066000000000e+03 0.000000000000e+00
     2.000000000000e+00 0.000000000000e+00-5.587935447693e-09 8.700000000000e+01
     3.815400000000e+05 0.000000000000e+00                                      
G20 2019 08 15 12 00 00 5.264682695270e-04 2.273736754432e-13 0.000000000000e+00
     7.300000000000e+01-1.063437500000e+02 4.830915667497e-09-5.578639357864e-01
    -5.485489964485e-06 4.696053918451e-03 9.177252650261e-06 5.153626184464e+03
     3.888000000000e+05-1.229345798492e-07 2.842867839302e+00-1.695007085800e-07
     9.317928115393e-01 1.916250000000e+02 2.411203523482e+00-8.173912213749e-09
    -2.132231613494e-10 1.000000000000e+00 2.066000000000e+03 0.000000000000e+00
     2.000000000000e+00 0.000000000000e+00-8.847564458847e-09 7.300000000000e+01
     3.815400000000e+05 0.000000000000e+00                                      
G26 2019 08 15 12 00 00 1.562014222145e-05 8.981260180008e-12 0.000000000000e+00
     8.000000000000e+01 9.281250000000e+00 4.629121530542e-09-2.398038872905e+00
     3.799796104431e-07 3.800509381108e-03 1.133047044277e-05 5.153654254913e+03
     3.888000000000e+05-5.401670932770e-08-2.024059353854e-01-5.960464477539e-08
     9.507817471447e-01 1.591875000000e+02 1.392038718172e-01-7.898186105137e-09
    -2.910835461556e-10 1.000000000000e+00 2.066000000000e+03 0.000000000000e+00
     2.000000000000e+00 0.000000000000e+00 7.450580596924e-09 8.000000000000e+01
     3.815400000000e+05 0.000000000000e+00                                      
G27 2019 08 15 12 00 00-2.463441342115e-05-1.148237060988e-11 0.000000000000e+00
     3.000000000000e+00 1.093750000000e+02 4.236247796996e-09 1.997356979330e+00
     5.688518285751e-06 7.161478162743e-03 6.321817636490e-06 5.153652732849e+03
     3.888000000000e+05-2.440065145493e-07 8.692935425939e-01 8.754432201385e-08
     9.786081225906e-01 2.672500000000e+02 5.185272740794e-01-7.977117633118e-09
     3.103700629836e-10 1.000000000000e+00 2.066000000000e+03 0.000000000000e+00
     2.000000000000e+00 0.000000000000e+00 1.396983861923e-09 3.000000000000e+00
     3.815400000000e+05 0.000000000000e+00                                      
G30 2019 08 15 12 00 00-2.008676528931e-05-7.730704965070e-12 0.000000000000e+00
     9.000000000000e+01-2.321875000000e+01 5.348437248642e-09-8.403732423587e-01
    -1.221895217896e-06 4.194935667329e-03 4.718080163002e-06 5.153759473801e+03
     3.888000000000e+05 7.823109626770e-08-1.181479796964e+00-9.313225746155e-09
     9.399341115714e-01 2.730625000000e+02-2.910404755892e+00-8.472852641717e-09
    -1.585780395885e-10 1.000000000000e+00 2.066000000000e+03 0.000000000000e+00
     2.800000000000e+00 0.000000000000e+00 3.725290298462e-09 9.000000000000e+01
     3.815400000000e+05 0.000000000000e+00                                      
G01 2019 08 15 12 00 00-9.742146357894e-05-1.148237060988e-11 0.000000000000e+00
     9.200000000000e+01-4.881250000000e+01 4.569833400581e-09-1.782883791123e-01
    -2.507120370865e-06 9.089719504118e-03 1.782551407814e-06 5.153646142960e+03
     3.888000000000e+05 3.725290298462e-09 1.925167886696e+00 7.823109626770e-08
     9.763674090045e-01 3.494062500000e+02 7.538502370025e-01-8.454994926410e-09
    -3.160846029360e-10 1.000000000000e+00 2.066000000000e+03 0.000000000000e+00
     2.000000000000e+00 0.000000000000e+00 5.587935447693e-09 9.200000000000e+01
     3.815400000000e+05 0.000000000000e+00                                      
G22 2019 08 15 12 00 00-7.440489716828e-04-4.433786671143e-12 0.000000000000e+00
     5.800000000000e+01-1.013437500000e+02 5.000208247452e-09 1.121682163204e+00
    -5.559995770454e-06 7.013060851023e-03 9.447336196899e-06 5.153739896774e+03
     3.888000000000e+05 1.490116119385e-08 2.891257000048e+00-1.527369022369e-07
     9.285286331503e-01 1.824687500000e+02-1.300494369393e+00-8.300345299972e-09
    -2.271523247277e-10 1.000000000000e+00 2.066000000000e+03 0.000000000000e+00
     2.000000000000e+00 0.000000000000e+00-1.816079020500e-08 5.800000000000e+01
     3.815400000000e+05 0.000000000000e+00                                      
G14 2019 08 15 12 00 00-6.645591929555e-05 1.932676241267e-12 0.000000000000e+00
     9.500000000000e+01 3.056250000000e+01 4.493401453921e-09 1.753981797845e+00
     1.538544893265e-06 1.079483132344e-02 7.905066013336e-06 5.153732463837e+03
     3.888000000000e+05-1.545995473862e-07-2.190999921313e+00-2.831220626831e-07
     9.603982771746e-01 2.251875000000e+02-1.930630689055e+00-7.991047144903e-09
     6.021679398546e-10 1.000000000000e+00 2.066000000000e+03 0.000000000000e+00
     2.800000000000e+00 0.000000000000e+00-9.778887033463e-09 9.500000000000e+01
     3.861600000000e+05 0.000000000000e+00                                      
G15 2019 08 15 12 00 00-2.939784899354e-04 2.614797267597e-12 0.000000000000e+00
     6.600000000000e+01 2.578125000000e+01 5.188073246932e-09 1.120673924453e+00
     1.503154635429e-06 1.157984265592e-02 9.441748261452e-06 5.153742471695e+03
     3.888000000000e+05-1.154839992523e-07-2.366583730626e+00 7.636845111847e-08
     9.281182773145e-01 1.829062500000e+02 7.975620463463e-01-8.428922527028e-09
     4.675194740627e-10 1.000000000000e+00 2.066000000000e+03 0.000000000000e+00
     2.000000000000e+00 0.000000000000e+00-1.071020960808e-08 6.600000000000e+01
     3.816000000000e+05 0.000000000000e+00                                      
G32 2019 08 15 12 00 00 1.998152583838e-05 1.443822839065e-11 0.000000000000e+00
     4.900000000000e+01 2.959375000000e+01 4.470900516667e-09 2.705551812064e+00
     1.655891537666e-06 3.221626160666e-03 8.553266525269e-06 5.153615764618e+03
     3.888000000000e+05 0.000000000000e+00-2.277423654511e+00-8.568167686462e-08
     9.567538629701e-01 2.108750000000e+02-2.486612223780e+00-7.917115493925e-09
     6.168114069566e-10 1.000000000000e+00 2.066000000000e+03 0.000000000000e+00
     2.000000000000e+00 0.000000000000e+00 4.656612873077e-10 4.900000000000e+01
     3.840000000000e+05 0.000000000000e+00                                      
G31 2019 08 15 12 00 00 1.719919964670e-05-2.614797267600e-12 0.000000000000e+00
     4.900000000000e+01-2.403125000000e+01 4.926276627770e-09-1.103835389190e+00
    -1.471489667890e-06 9.275822900240e-03 4.621222615240e-06 5.153662351610e+03
     3.888000000000e+05 4.656612873080e-08-1.194088344100e+00-1.732259988780e-07
     9.590266685900e-01 2.836562500000e+02 1.716759235630e-02-8.256415341410e-09
    -6.535986535790e-11 1.000000000000e+00 2.066000000000e+03 0.000000000000e+00
     2.000000000000e+00 0.000000000000e+00-1.350417733190e-08 4.900000000000e+01
     3.816180000000e+05 4.000000000000e+00                                      
G23 2019 08 15 12 00 00-1.720963045950e-04 1.932676241270e-12 0.000000000000e+00
     1.060000000000e+02 3.496875000000e+01 4.898775482230e-09 6.458872338530e-01
     1.966953277590e-06 1.324935315640e-02 8.523464202880e-06 5.153774888990e+03
     3.888000000000e+05-2.905726432800e-07-2.290386358030e+00 1.341104507450e-07
     9.433468302730e-01 2.090312500000e+02-2.234346056730e+00-8.287845222020e-09
     4.510902182900e-10 1.000000000000e+00 2.066000000000e+03 0.000000000000e+00
     2.000000000000e+00 0.000000000000e+00-2.002343535420e-08 1.060000000000e+02
     3.821520000000e+05 4.000000000000e+00                                      
G03 2019 08 15 12 00 00-1.790933310990e-06-2.955857780760e-12 0.000000000000e+00
     1.050000000000e+02-8.712500000000e+01 4.124814672230e-09-1.232004070550e+00
    -4.611909389500e-06 2.430722466670e-03 1.044198870660e-05 5.153736629490e+03
     3.888000000000e+05 1.043081283570e-07 2.967214686690e+00-4.097819328310e-08
     9.639647002900e-01 1.817812500000e+02 6.930330970960e-01-7.776395346650e-09
    -1.875078104530e-10 1.000000000000e+00 2.066000000000e+03 0.000000000000e+00
     2.000000000000e+00 0.000000000000e+00 1.862645149230e-09 1.050000000000e+02
     3.828060000000e+05 4.000000000000e+00                                      
G04 2019 08 15 12 00 00 9.758817031980e-05 4.524736141320e-11 0.000000000000e+00
     1.180000000000e+02 1.154375000000e+02 4.588405411217e-09 2.127280739610e+00
     5.850568413734e-06 1.465190225281e-02 7.418915629387e-06 5.153678474426e+03
     3.888000000000e+05-3.930181264877e-07 7.665281337735e-01-1.452863216400e-07
     9.589182663605e-01 2.355937500000e+02 6.756334347302e-01-8.043906489564e-09
     3.014411276615e-10 1.000000000000e+00 2.066000000000e+03 0.000000000000e+00
     2.000000000000e+00 6.300000000000e+01-5.587935000000e-09 1.180000000000e+02
     3.816000000000e+05 4.000000000000e+00                                      
G13 2019 08 15 12 00 00-4.956033080816e-05 1.932676241267e-12 0.000000000000e+00
     1.800000000000e+01 3.265625000000e+01 4.429470219500e-09 1.096531693141e+00
     1.650303602219e-06 3.633739659563e-03 7.614493370056e-06 5.153665517807e+03
     3.888000000000e+05-1.303851604462e-08-2.146027724657e+00-9.313225746155e-09
     9.677809473896e-01 2.353125000000e+02 1.227039747291e+00-8.006047769739e-09
     5.818099490054e-10 1.000000000000e+00 2.066000000000e+03 0.000000000000e+00
     2.000000000000e+00 0.000000000000e+00-1.117587000000e-08 1.800000000000e+01
     3.816000000000e+05 4.000000000000e+00                                      
G29 2019 08 15 12 00 00 1.243934966624e-04-1.000444171950e-11 0.000000000000e+00
     4.100000000000e+01 1.171875000000e+02 4.109099731926e-09 2.329515256107e+00
     6.109476089478e-06 1.227216445841e-03 5.666166543961e-06 5.153713115692e+03
     3.888000000000e+05 3.539025783539e-08 9.372163316221e-01-1.415610313416e-07
     9.856727353973e-01 2.791875000000e+02 1.921447248608e+00-7.996047353182e-09
     2.753686130652e-10 1.000000000000e+00 2.066000000000e+03 0.000000000000e+00
     2.000000000000e+00 0.000000000000e+00-9.778887000000e-09 4.100000000000e+01
     3.816600000000e+05 4.000000000000e+00                                      
G17 2019 08 15 12 00 00 1.072860322890e-04 6.934897101020e-12 0.000000000000e+00
     2.600000000000e+01 1.166875000000e+02 4.066955119290e-09 1.895424121580e+00
     5.774199962620e-06 1.298826118000e-02 5.593523383140e-06 5.153557508470e+03
     3.888000000000e+05 1.210719347000e-07 9.259490375170e-01-3.036111593250e-07
     9.841766588170e-01 2.815312500000e+02-1.704920282880e+00-7.831040479980e-09
     3.114415442190e-10 1.000000000000e+00 2.066000000000e+03 0.000000000000e+00
     2.000000000000e+00 0.000000000000e+00-1.117587089540e-08 2.600000000000e+01
     3.840480000000e+05 4.000000000000e+00                                      
G06 2019 08 15 12 00 00-2.564257010820e-05-1.182343112300e-11 0.000000000000e+00
     4.400000000000e+01-5.328125000000e+01 4.486258299240e-09 1.112716674140e-01
    -2.717599272730e-06 1.371388207190e-03 1.732259988780e-06 5.153636623380e+03
     3.888000000000e+05-4.097819328310e-08 1.916885564290e+00 2.235174179080e-08
     9.759942639530e-01 3.558437500000e+02-1.108275219750e+00-8.364634134870e-09
    -2.864405028250e-10 1.000000000000e+00 2.066000000000e+03 0.000000000000e+00
     2.000000000000e+00 0.000000000000e+00 4.190951585770e-09 4.400000000000e+01
     3.866760000000e+05 4.000000000000e+00                                      
G25 2019 08 15 12 00 00-7.446855306630e-06-2.046363078990e-12 0.000000000000e+00
     8.300000000000e+01 1.868750000000e+01 4.173745281820e-09-1.873056038310e+00
     8.959323167800e-07 8.377335965630e-03 1.159124076370e-05 5.153677799220e+03
     3.888000000000e+05 1.229345798490e-07-1.723969402930e-01-7.823109626770e-08
     9.695605170130e-01 1.591250000000e+02 9.003980073170e-01-7.618174470400e-09
    -2.660825119760e-10 1.000000000000e+00 2.066000000000e+03 0.000000000000e+00
     2.000000000000e+00 0.000000000000e+00 5.587935447690e-09 8.300000000000e+01
     3.816180000000e+05 4.000000000000e+00                                      
G19 2019 08 15 12 00 00-2.806000411510e-04 5.002220859751e-12 0.000000000000e+00
     8.700000000000e+01 1.192812500000e+02 4.144458347611e-09-1.575126741323e+00
     6.435438990593e-06 9.544464643113e-03 4.885718226433e-06 5.153647920609e+03
     3.888000000000e+05 6.519258022308e-08 9.720495419251e-01 1.955777406693e-07
     9.820549770231e-01 2.981875000000e+02 1.479853971732e+00-7.999261772790e-09
     3.342996392075e-10 1.000000000000e+00 2.066000000000e+03 0.000000000000e+00
     2.000000000000e+00 0.000000000000e+00-1.536682248116e-08 8.700000000000e+01
     3.816180000000e+05 4.000000000000e+00                                      
G02 2019 08 15 12 00 00-2.833842299879e-04-8.412825991400e-12 0.000000000000e+00
     5.100000000000e+01-3.409375000000e+01 5.128427905322e-09 8.414976309540e-02
    -1.715496182442e-06 1.898136886302e-02 1.512467861176e-06 5.153762561798e+03
     3.888000000000e+05-3.017485141754e-07 1.854755155506e+00 8.381903171539e-08
     9.554335179610e-01 3.506875000000e+02-1.723199630067e+00-8.979659753158e-09
    -2.639395655709e-10 1.000000000000e+00 2.066000000000e+03 0.000000000000e+00
     2.000000000000e+00 0.000000000000e+00-2.048909664154e-08 5.100000000000e+01
     3.816180000000e+05 4.000000000000e+00                                      
G28 2019 08 15 12 00 00 7.646805606782e-04-9.094947017729e-13 0.000000000000e+00
     4.100000000000e+01 3.803125000000e+01 3.759085152414e-09 2.823271782454e+00
     1.851469278336e-06 1.901921385434e-02 1.188367605209e-05 5.153710430145e+03
     3.888000000000e+05 3.483146429062e-07-8.431970443700e-02-7.636845111847e-08
     9.814882849838e-01 1.560625000000e+02-1.460877267585e+00-7.238515798952e-09
    -3.435857402966e-10 1.000000000000e+00 2.066000000000e+03 0.000000000000e+00
     2.000000000000e+00 0.000000000000e+00-1.117587089539e-08 4.100000000000e+01
     3.816180000000e+05 4.000000000000e+00                                      
G05 2019 08 15 12 00 00-6.319023668766e-07-2.273736754432e-13 0.000000000000e+00
     5.800000000000e+01-1.127812500000e+02 4.399111812093e-09 2.751808616103e+00
    -5.889683961868e-06 5.834619398229e-03 1.059472560883e-05 5.153755729675e+03
     3.888000000000e+05 2.607703208923e-08 2.939279914864e+00-5.774199962616e-08
     9.508323012048e-01 1.697187500000e+02 7.583734802252e-01-7.905686446430e-09
    -1.542921411727e-10 1.000000000000e+00 2.066000000000e+03 0.000000000000e+00
     2.000000000000e+00 0.000000000000e+00-1.117587089539e-08 5.800000000000e+01
     3.816180000000e+05 4.000000000000e+00                                      
G12 2019 08 15 12 00 00 2.138609997928e-04-3.751665644813e-12 0.000000000000e+00
     1.800000000000e+01 3.509375000000e+01 3.923734867878e-09-1.503700152313e+00
     1.952052116394e-06 7.497960701585e-03 1.196563243866e-05 5.153600610733e+03
     3.888000000000e+05 1.396983861923e-07-1.071241147208e-01 6.705522537231e-08
     9.821920041708e-01 1.598125000000e+02 1.104525860187e+00-7.525670617246e-09
    -2.607251459631e-10 1.000000000000e+00 2.066000000000e+03 0.000000000000e+00
     2.000000000000e+00 0.000000000000e+00-1.257285475731e-08 1.800000000000e+01
     3.816180000000e+05 4.000000000000e+00                                      
G03 2019 08 15 13 59 44-1.811422407627e-06-2.955857780762e-12 0.000000000000e+00
     2.200000000000e+01-8.843750000000e+01 4.205889414521e-09-1.838190886657e-01
    -4.692003130913e-06 2.431688015349e-03 9.719282388687e-06 5.153739179611e+03
     3.959840000000e+05-5.587935447693e-09 2.967158440413e+00 6.705522537231e-08
     9.639627560723e-01 1.914062500000e+02 6.926533733018e-01-7.885328834334e-09
    -2.132231613494e-10 1.000000000000e+00 2.066000000000e+03 0.000000000000e+00
     2.000000000000e+00 0.000000000000e+00 1.862645149231e-09 2.200000000000e+01
     3.887100000000e+05 0.000000000000e+00                                      
G28 2019 08 15 13 59 44 7.646726444364e-04-9.094947017729e-13 0.000000000000e+00
     3.500000000000e+01 4.137500000000e+01 3.735155740259e-09-2.412096412606e+00
     2.160668373108e-06 1.902071118820e-02 1.120939850807e-05 5.153707698822e+03
     3.959840000000e+05 2.179294824600e-07-8.437254211219e-02 1.862645149231e-07
     9.814868337691e-01 1.669375000000e+02-1.460873409870e+00-7.199585816409e-09
    -1.460775111983e-10 1.000000000000e+00 2.066000000000e+03 0.000000000000e+00
     2.000000000000e+00 0.000000000000e+00-1.117587089539e-08 3.500000000000e+01
     3.887100000000e+05 0.000000000000e+00                                      
G30 2019 08 15 13 59 44-2.014124765992e-05-7.730704965070e-12 0.000000000000e+00
     2.600000000000e+01-2.293750000000e+01 5.295577754083e-09 2.074555072746e-01
    -1.134350895882e-06 4.195505636744e-03 4.705041646957e-06 5.153760576248e+03
     3.959840000000e+05 6.146728992462e-08-1.181540750909e+00 4.656612873077e-08
     9.399327934822e-01 2.772812500000e+02-2.910433130651e+00-8.501782389203e-09
    -1.721500303420e-10 1.000000000000e+00 2.066000000000e+03 0.000000000000e+00
     2.000000000000e+00 0.000000000000e+00 3.725290298462e-09 2.600000000000e+01
     3.887100000000e+05 0.000000000000e+00                                      
G18 2019 08 15 13 59 44 7.806904613972e-05 2.955857780762e-12 0.000000000000e+00
     2.300000000000e+01-2.956250000000e+01 5.168072192419e-09 6.093960165673e-01
    -1.540407538414e-06 1.568917417899e-02 1.713633537292e-06 5.153677925110e+03
     3.959840000000e+05-1.657754182816e-07 1.868239238635e+00 1.490116119385e-08
     9.548898829736e-01 3.465625000000e+02 1.421339766244e+00-8.873940693377e-09
    -2.364384243947e-10 1.000000000000e+00 2.066000000000e+03 0.000000000000e+00
     2.000000000000e+00 0.000000000000e+00-5.587935447693e-09 2.300000000000e+01
     3.887100000000e+05 0.000000000000e+00                                      
G01 2019 08 15 13 59 44-9.750341996551e-05-1.148237060988e-11 0.000000000000e+00
     7.000000000000e+00-4.109375000000e+01 4.597334513079e-09 8.695753518181e-01
    -1.966953277588e-06 9.090637555346e-03 1.939013600349e-06 5.153647808075e+03
     3.959840000000e+05 7.450580596924e-09 1.925107096598e+00 9.313225746155e-08
     9.763651444073e-01 3.494687500000e+02 7.538499605110e-01-8.456781053212e-09
    -3.053698682809e-10 1.000000000000e+00 2.066000000000e+03 0.000000000000e+00
     2.000000000000e+00 0.000000000000e+00 5.587935447693e-09 7.000000000000e+00
     3.887100000000e+05 0.000000000000e+00                                      
G19 2019 08 15 13 59 44-2.805623225868e-04 5.002220859751e-12 0.000000000000e+00
     4.000000000000e+00 1.027500000000e+02 4.270535036710e-09-5.275115236009e-01
     5.470588803291e-06 9.542930638418e-03 5.608424544334e-06 5.153642580032e+03
     3.959840000000e+05-8.195638656616e-08 9.719910544603e-01 7.450580596924e-08
     9.820568188370e-01 2.868437500000e+02 1.480101043967e+00-8.159982911593e-09
     3.682296134677e-10 1.000000000000e+00 2.066000000000e+03 0.000000000000e+00
     2.000000000000e+00 0.000000000000e+00-1.536682248116e-08 4.000000000000e+00
     3.887100000000e+05 0.000000000000e+00                                      
G04 2019 08 15 13 59 44 9.791972115636e-05 4.536104825092e-11 0.000000000000e+00
     3.600000000000e+01 1.201250000000e+02 4.484472510566e-09-3.108025835877e+00
     6.003305315971e-06 1.465200656094e-02 7.625669240952e-06 5.153677896500e+03
     3.959840000000e+05-1.080334186554e-07 7.664712628332e-01-2.644956111908e-07
     9.589213809131e-01 2.313750000000e+02 6.755994540691e-01-7.861398887390e-09
     3.328710082708e-10 1.000000000000e+00 2.066000000000e+03 0.000000000000e+00
     2.000000000000e+00 6.300000000000e+01-5.587935000000e-09 3.600000000000e+01
     3.888300000000e+05 4.000000000000e+00                                      
G20 2019 08 15 13 59 44 5.264692008500e-04 2.273736754430e-13 0.000000000000e+00
     3.000000000000e+00-1.227187500000e+02 4.930919678310e-09 4.900625543300e-01
    -6.645917892460e-06 4.698330885730e-03 9.220093488690e-06 5.153630517960e+03
     3.959840000000e+05 8.381903171540e-08 2.842809397190e+00-5.774199962620e-08
     9.317901812130e-01 1.900312500000e+02 2.411153797430e+00-8.321775206770e-09
    -3.525146836520e-10 1.000000000000e+00 2.066000000000e+03 0.000000000000e+00
     2.000000000000e+00 0.000000000000e+00-8.847564458850e-09 3.000000000000e+00
     3.939180000000e+05 4.000000000000e+00                                      
G22 2019 08 15 14 00 00-7.440806366503e-04-4.433786671143e-12 0.000000000000e+00
     7.400000000000e+01-1.034687500000e+02 5.004851200141e-09 2.171769775386e+00
    -5.392357707024e-06 7.013362366706e-03 8.841976523399e-06 5.153740594864e+03
     3.960000000000e+05 1.061707735062e-07 2.891198179038e+00-7.450580596924e-09
     9.285274920742e-01 1.876562500000e+02-1.300438917484e+00-8.145339513987e-09
    -2.703683943395e-10 1.000000000000e+00 2.066000000000e+03 0.000000000000e+00
     2.000000000000e+00 0.000000000000e+00-1.816079020500e-08 7.400000000000e+01
     3.887400000000e+05 0.000000000000e+00                                      
G01 2019 08 15 14 00 00-9.750388562679e-05-1.148237060988e-11 0.000000000000e+00
     1.040000000000e+02-4.109375000000e+01 4.597334513079e-09 8.719084925685e-01
    -1.966953277588e-06 9.090641746297e-03 1.939013600349e-06 5.153647800446e+03
     3.960000000000e+05 7.450580596924e-09 1.925106953232e+00 9.313225746155e-08
     9.763651400185e-01 3.494687500000e+02 7.538506671005e-01-8.456781053212e-09
    -3.053698682809e-10 1.000000000000e+00 2.066000000000e+03 0.000000000000e+00
     2.000000000000e+00 0.000000000000e+00 5.587935447693e-09 1.040000000000e+02
     3.887400000000e+05 0.000000000000e+00                                      
G07 2019 08 15 14 00 00-8.570821955800e-05-7.844391802792e-12 0.000000000000e+00
     7.500000000000e+01-1.715625000000e+01 5.023780502711e-09 2.500797789294e-01
    -8.028000593185e-07 1.311943109613e-02 4.900619387627e-06 5.153728433609e+03
     3.960000000000e+05-1.490116119385e-08-1.208534051563e+00 2.570450305939e-07
     9.544968056632e-01 2.832812500000e+02-2.438202116973e+00-8.455709021860e-09
    -1.807218125149e-10 1.000000000000e+00 2.066000000000e+03 0.000000000000e+00
     2.000000000000e+00 0.000000000000e+00-1.117587089539e-08 7.500000000000e+01
     3.887400000000e+05 0.000000000000e+00                                      
G08 2019 08 15 14 00 00-2.745538949966e-06-1.477928890381e-12 0.000000000000e+00
     4.300000000000e+01 1.141562500000e+02 4.387682661644e-09-3.102636842124e+00
     6.031244993210e-06 4.415166331455e-03 6.550922989845e-06 5.153785648346e+03
     3.960000000000e+05-1.061707735062e-07 8.572553798989e-01 1.676380634308e-08
     9.703016400894e-01 2.583750000000e+02-2.037993151166e-01-7.943188329307e-09
     3.689439309618e-10 1.000000000000e+00 2.066000000000e+03 0.000000000000e+00
     2.000000000000e+00 0.000000000000e+00 5.122274160385e-09 4.300000000000e+01
     3.887400000000e+05 0.000000000000e+00                                      
G10 2019 08 15 14 00 00-1.524575054646e-05-1.421085471520e-11 0.000000000000e+00
     5.900000000000e+01-1.061875000000e+02 4.080169979659e-09-1.131200129129e+00
    -5.602836608887e-06 4.739881725982e-03 1.059286296368e-05 5.153672565460e+03
     3.960000000000e+05 1.396983861923e-07 2.963966919314e+00-1.136213541031e-07
     9.639663212037e-01 1.803437500000e+02-2.721413941677e+00-7.763537368533e-09
    -2.289381045850e-10 1.000000000000e+00 2.066000000000e+03 0.000000000000e+00
     2.000000000000e+00 0.000000000000e+00 1.862645149231e-09 5.900000000000e+01
     3.887400000000e+05 0.000000000000e+00                                      
G11 2019 08 15 14 00 00-5.344431847334e-04 1.011812855722e-11 0.000000000000e+00
     6.200000000000e+01 3.675000000000e+01 6.232045102195e-09 1.398933363304e-01
     1.993030309677e-06 1.677611761261e-02 1.454725861549e-06 5.153718132019e+03
     3.960000000000e+05-1.303851604462e-07 1.468830973243e+00-1.173466444016e-07
     9.099931187632e-01 3.261562500000e+02 1.926119914283e+00-9.417892243846e-09
     1.192906884384e-10 1.000000000000e+00 2.066000000000e+03 0.000000000000e+00
     2.000000000000e+00 0.000000000000e+00-1.210719347000e-08 6.200000000000e+01
     3.887400000000e+05 0.000000000000e+00                                      
G16 2019 08 15 14 00 00-6.520887836814e-05-3.296918293927e-12 0.000000000000e+00
     2.600000000000e+01 2.775000000000e+01 3.786229108016e-09-2.281282463749e+00
     1.102685928345e-06 1.075065741315e-02 1.184828579426e-05 5.153624563217e+03
     3.960000000000e+05 4.842877388000e-08-8.828869627573e-02-1.471489667892e-07
     9.825206984566e-01 1.615625000000e+02 5.810111253312e-01-7.433166970827e-09
    -1.450060349573e-10 1.000000000000e+00 2.066000000000e+03 0.000000000000e+00
     2.000000000000e+00 0.000000000000e+00-1.071020960808e-08 2.600000000000e+01
     3.887400000000e+05 0.000000000000e+00                                      
G18 2019 08 15 14 00 00 7.807696238160e-05 2.955857780762e-12 0.000000000000e+00
     8.800000000000e+01-2.956250000000e+01 5.168072192419e-09 6.117297468737e-01
    -1.540407538414e-06 1.568917732220e-02 1.713633537292e-06 5.153677911758e+03
     3.960000000000e+05-1.657754182816e-07 1.868239105509e+00 1.490116119385e-08
     9.548898800478e-01 3.465625000000e+02 1.421339818909e+00-8.873940693377e-09
    -2.364384243947e-10 1.000000000000e+00 2.066000000000e+03 0.000000000000e+00
     2.800000000000e+00 0.000000000000e+00-5.587935447693e-09 8.800000000000e+01
     3.887400000000e+05 0.000000000000e+00                                      
G27 2019 08 15 14 00 00-2.471683546901e-05-1.148237060988e-11 0.000000000000e+00
     4.000000000000e+00 1.139062500000e+02 4.178388302023e-09 3.047683663046e+00
     5.859881639481e-06 7.162537076510e-03 6.843358278275e-06 5.153650072098e+03
     3.960000000000e+05-1.098960638046e-07 8.692365970447e-01-9.499490261078e-08
     9.786113029745e-01 2.577500000000e+02 5.183932166554e-01-7.811039814953e-09
     3.560862715801e-10 1.000000000000e+00 2.066000000000e+03 0.000000000000e+00
     2.000000000000e+00 0.000000000000e+00 1.396983861923e-09 4.000000000000e+00
     3.887400000000e+05 0.000000000000e+00                                      
G32 2019 08 15 14 00 00 2.008536830544e-05 1.443822839065e-11 0.000000000000e+00
     5.000000000000e+01 2.700000000000e+01 4.455542601534e-09-2.527383823795e+00
     1.527369022369e-06 3.222028492019e-03 8.728355169296e-06 5.153615026474e+03
     3.960000000000e+05-5.587935447693e-09-2.277480254811e+00-2.793967723846e-08
     9.567583716837e-01 2.085312500000e+02-2.486645746548e+00-7.871399532178e-09
     5.925246959748e-10 1.000000000000e+00 2.066000000000e+03 0.000000000000e+00
     2.000000000000e+00 0.000000000000e+00 4.656612873077e-10 5.000000000000e+01
     3.887400000000e+05 0.000000000000e+00                                      
G14 2019 08 15 14 00 00-6.644194945693e-05 1.932676241267e-12 0.000000000000e+00
     1.020000000000e+02 2.975000000000e+01 4.377682216727e-09 2.804171836236e+00
     1.560896635056e-06 1.079507032409e-02 8.039176464081e-06 5.153731472015e+03
     3.960000000000e+05 8.754432201385e-08-2.191055796006e+00-9.685754776001e-08
     9.604036036593e-01 2.209375000000e+02-1.930676254564e+00-7.719964223440e-09
     5.510943923426e-10 1.000000000000e+00 2.066000000000e+03 0.000000000000e+00
     2.800000000000e+00 0.000000000000e+00-9.778887033463e-09 1.020000000000e+02
     3.887400000000e+05 0.000000000000e+00                                      
G17 2019 08 15 14 00 00 1.073358580470e-04 6.934897101019e-12 0.000000000000e+00
     2.700000000000e+01 1.135625000000e+02 4.083741345084e-09 2.945686352049e+00
     5.871057510376e-06 1.298863615375e-02 5.481764674187e-06 5.153556776047e+03
     3.960000000000e+05 2.086162567139e-07 9.258935373309e-01-1.154839992523e-07
     9.841791048158e-01 2.829062500000e+02-1.704933961160e+00-7.727464890195e-09
     2.903692286615e-10 1.000000000000e+00 2.066000000000e+03 0.000000000000e+00
     2.000000000000e+00 0.000000000000e+00-1.117587089539e-08 2.700000000000e+01
     3.887400000000e+05 0.000000000000e+00                                      
G23 2019 08 15 14 00 00-1.720823347569e-04 1.932676241267e-12 0.000000000000e+00
     1.070000000000e+02 2.634375000000e+01 4.879131765279e-09 1.695904606948e+00
     1.236796379089e-06 1.325000554789e-02 8.936971426010e-06 5.153777774811e+03
     3.960000000000e+05-3.110617399216e-07-2.290446128469e+00-1.136213541031e-07
     9.433500165090e-01 2.025625000000e+02-2.234242539181e+00-8.208556501188e-09
     4.453756807798e-10 1.000000000000e+00 2.066000000000e+03 0.000000000000e+00
     2.000000000000e+00 0.000000000000e+00-2.002343535423e-08 1.070000000000e+02
     3.887400000000e+05 0.000000000000e+00                                      
G20 2019 08 15 14 00 00 5.264696665108e-04 2.273736754432e-13 0.000000000000e+00
     7.800000000000e+01-1.227187500000e+02 4.930919678311e-09 4.923964133728e-01
    -6.645917892456e-06 4.698331002146e-03 9.220093488693e-06 5.153630517960e+03
     3.960000000000e+05 8.381903171539e-08 2.842809271377e+00-5.774199962616e-08
     9.317901958418e-01 1.900312500000e+02 2.411153697955e+00-8.321775206769e-09
    -3.525146836515e-10 1.000000000000e+00 2.066000000000e+03 0.000000000000e+00
     2.000000000000e+00 0.000000000000e+00-8.847564458847e-09 7.800000000000e+01
     3.888000000000e+05 0.000000000000e+00                                      
G26 2019 08 15 14 00 00 1.568486914040e-05 8.981260180010e-12 0.000000000000e+00
     9.200000000000e+01 8.125000000000e+00 4.534831751090e-09-1.347670579410e+00
     2.123415470120e-07 3.800502512600e-03 1.128762960430e-05 5.153655450820e+03
     3.960000000000e+05-1.676380634310e-08-2.024627595120e-01-1.061707735060e-07
     9.507796346910e-01 1.538750000000e+02 1.390286610450e-01-7.909972339240e-09
    -3.125130174220e-10 1.000000000000e+00 2.066000000000e+03 0.000000000000e+00
     2.000000000000e+00 0.000000000000e+00 7.450580596920e-09 9.200000000000e+01
     3.888180000000e+05 4.000000000000e+00                                      
G09 2019 08 15 14 00 00-7.151160389180e-06-8.981260180010e-12 0.000000000000e+00
     2.700000000000e+01 3.271875000000e+01 4.612692137140e-09-2.813419997640e+00
     1.752749085430e-06 1.281698117960e-03 8.672475814820e-06 5.153617170330e+03
     3.960000000000e+05-3.725290298460e-08-2.284556029680e+00-6.891787052150e-08
     9.525371742310e-01 2.096875000000e+02 1.704610239330e+00-7.968189049910e-09
     4.728768400760e-10 1.000000000000e+00 2.066000000000e+03 0.000000000000e+00
     2.000000000000e+00 0.000000000000e+00 1.396983861920e-09 2.700000000000e+01
     3.926280000000e+05 4.000000000000e+00                                      
G21 2019 08 15 14 00 00-1.360001042485e-04 6.707523425575e-12 0.000000000000e+00
     1.010000000000e+02-3.325000000000e+01 5.369152218170e-09-9.676418619161e-01
    -1.506879925728e-06 2.450261521153e-02 1.685693860054e-06 5.153676908493e+03
     3.960000000000e+05-4.786998033524e-07 1.858657922506e+00 1.005828380585e-07
     9.492319595270e-01 3.447187500000e+02-1.421438166502e+00-9.140737891280e-09
    -1.121475285376e-10 1.000000000000e+00 2.066000000000e+03 0.000000000000e+00
     2.000000000000e+00 0.000000000000e+00-1.024455000000e-08 1.010000000000e+02
     3.888000000000e+05 4.000000000000e+00                                      
G24 2019 08 15 14 00 00-8.246861398220e-07-5.684341886081e-13 0.000000000000e+00
     4.100000000000e+01-1.296875000000e+01 5.438440818604e-09 1.164285652645e+00
    -7.525086402893e-07 8.513508131728e-03 4.494562745094e-06 5.153696638107e+03
     3.960000000000e+05-7.636845111847e-08-1.275869566757e+00 7.823109626770e-08
     9.376607017662e-01 2.806250000000e+02 6.027306809179e-01-8.595715188897e-09
    -2.264380034803e-10 1.000000000000e+00 2.066000000000e+03 0.000000000000e+00
     2.000000000000e+00 0.000000000000e+00 2.793968000000e-09 4.100000000000e+01
     3.904200000000e+05 4.000000000000e+00                                      
G31 2019 08 15 14 00 00 1.718010753393e-05-2.614797267597e-12 0.000000000000e+00
     5.000000000000e+01-2.025000000000e+01 4.926990943235e-09-5.368233336466e-02
    -9.220093488693e-07 9.275434538722e-03 4.753470420837e-06 5.153661355972e+03
     3.960000000000e+05 1.303851604462e-07-1.194147753207e+00-1.303851604462e-08
     9.590253300201e-01 2.832500000000e+02 1.720538391902e-02-8.390706649469e-09
    -1.528635102359e-10 1.000000000000e+00 2.066000000000e+03 0.000000000000e+00
     2.000000000000e+00 0.000000000000e+00-1.350418000000e-08 5.000000000000e+01
     3.952800000000e+05 4.000000000000e+00                                      
G06 2019 08 15 14 00 00-2.572778612380e-05-1.182343112300e-11 0.000000000000e+00
     4.500000000000e+01-4.781250000000e+01 4.516973864380e-09 1.161915568820e+00
    -2.572312951090e-06 1.370613113980e-03 1.825392246250e-06 5.153634771350e+03
     3.960000000000e+05-1.862645149230e-08 1.916825371060e+00-6.519258022310e-08
     9.759926518170e-01 3.514062500000e+02-1.108715018270e+00-8.284630802410e-09
    -2.546534644820e-10 1.000000000000e+00 2.066000000000e+03 0.000000000000e+00
     2.000000000000e+00 0.000000000000e+00 4.190951585770e-09 4.500000000000e+01
     3.888180000000e+05 4.000000000000e+00                                      
G05 2019 08 15 14 00 00-6.337650120258e-07-2.273736754432e-13 0.000000000000e+00
     6.000000000000e+01-1.065625000000e+02 4.383396871789e-09-2.481212296177e+00
    -5.511566996574e-06 5.833741393872e-03 1.067854464054e-05 5.153757394791e+03
     3.960000000000e+05 4.284083843231e-08 2.939223030757e+00-3.725290298462e-08
     9.508312054791e-01 1.670937500000e+02 7.583385632965e-01-7.901043395886e-09
    -1.492919328940e-10 1.000000000000e+00 2.066000000000e+03 0.000000000000e+00
     2.000000000000e+00 0.000000000000e+00-1.117587089539e-08 6.000000000000e+01
     3.888180000000e+05 4.000000000000e+00                                      
G12 2019 08 15 14 00 00 2.138339914382e-04-3.751665644813e-12 0.000000000000e+00
     1.900000000000e+01 3.606250000000e+01 3.881233097509e-09-4.533935676277e-01
     1.914799213409e-06 7.498364662752e-03 1.208484172821e-05 5.153602043152e+03
     3.960000000000e+05-1.676380634308e-08-1.071789331871e-01 8.009374141693e-08
     9.821894543046e-01 1.652812500000e+02 1.104440017617e+00-7.671033815063e-09
    -2.614394614315e-10 1.000000000000e+00 2.066000000000e+03 0.000000000000e+00
     2.000000000000e+00 0.000000000000e+00-1.257285475731e-08 1.900000000000e+01
     3.888180000000e+05 4.000000000000e+00                                      
G19 2019 08 15 14 00 00-2.805637195706e-04 5.002220859751e-12 0.000000000000e+00
     9.900000000000e+01 1.027500000000e+02 4.270535027783e-09-5.251778503483e-01
     5.470588803291e-06 9.542931686155e-03 5.608424544334e-06 5.153642580032e+03
     3.960000000000e+05-8.195638656616e-08 9.719909154831e-01 7.450580596924e-08
     9.820568320032e-01 2.868437500000e+02 1.480101128816e+00-8.159982753178e-09
     3.682296239562e-10 1.000000000000e+00 2.066000000000e+03 0.000000000000e+00
     2.800000000000e+00 0.000000000000e+00-1.536682248116e-08 9.900000000000e+01
     3.888180000000e+05 4.000000000000e+00                                      
G02 2019 08 15 14 00 00-2.834447659552e-04-8.412825991400e-12 0.000000000000e+00
     5.200000000000e+01-3.640625000000e+01 5.150928842576e-09 1.134267796658e+00
    -2.209097146988e-06 1.898163743317e-02 1.750886440277e-06 5.153763263702e+03
     3.960000000000e+05-4.153698682785e-07 1.854690229738e+00-1.993030309677e-07
     9.554317712369e-01 3.497187500000e+02-1.723186406751e+00-8.857868965797e-09
    -2.242950570751e-10 1.000000000000e+00 2.066000000000e+03 0.000000000000e+00
     2.000000000000e+00 0.000000000000e+00-2.048909664154e-08 5.200000000000e+01
     3.888180000000e+05 4.000000000000e+00                                      
G13 2019 08 15 14 00 00-4.954589530826e-05 1.932676241267e-12 0.000000000000e+00
     1.900000000000e+01 3.640625000000e+01 4.384111187257e-09 2.146878249136e+00
     1.879408955574e-06 3.633651998825e-03 7.793307304382e-06 5.153664422989e+03
     3.960000000000e+05 6.519258022308e-08-2.146085234893e+00-4.656612873077e-08
     9.677855438782e-01 2.328437500000e+02 1.226878864338e+00-7.923901490874e-09
     5.932389964997e-10 1.000000000000e+00 2.066000000000e+03 0.000000000000e+00
     2.000000000000e+00 0.000000000000e+00-1.117587089539e-08 1.900000000000e+01
     3.888180000000e+05 4.000000000000e+00                                      
G25 2019 08 15 14 00 00-7.461756467819e-06-2.046363078989e-12 0.000000000000e+00
     8.600000000000e+01 1.943750000000e+01 4.193746114930e-09-8.228630857904e-01
     1.179054379463e-06 8.377568796277e-03 1.166388392448e-05 5.153678159714e+03
     3.960000000000e+05 5.215406417847e-08-1.724518772558e-01 1.173466444016e-07
     9.695575414376e-01 1.622812500000e+02 9.003808692315e-01-7.812111120071e-09
    -3.353711124101e-10 1.000000000000e+00 2.066000000000e+03 0.000000000000e+00
     2.000000000000e+00 0.000000000000e+00 5.587935447693e-09 8.600000000000e+01
     3.888180000000e+05 4.000000000000e+00                                      
G15 2019 08 15 14 00 00-2.939598634839e-04 2.614797267597e-12 0.000000000000e+00
     6.700000000000e+01 2.900000000000e+01 5.168072413817e-09 2.170863054371e+00
     1.352280378342e-06 1.158013590612e-02 9.585171937943e-06 5.153741449356e+03
     3.960000000000e+05-1.359730958939e-07-2.366644631906e+00-1.676380634308e-07
     9.281226821608e-01 1.785000000000e+02 7.975170586895e-01-8.235343035093e-09
     5.675236396376e-10 1.000000000000e+00 2.066000000000e+03 0.000000000000e+00
     2.000000000000e+00 0.000000000000e+00-1.071020960808e-08 6.700000000000e+01
     3.892980000000e+05 4.000000000000e+00                                      
G29 2019 08 15 14 00 00 1.243217848241e-04-1.000444171950e-11 0.000000000000e+00
     4.200000000000e+01 1.219375000000e+02 4.185531487044e-09-2.903658490151e+00
     6.353482604027e-06 1.227667438798e-03 5.822628736496e-06 5.153712404251e+03
     3.960000000000e+05 3.352761268616e-08 9.371579275436e-01 5.215406417847e-08
     9.856753554835e-01 2.814687500000e+02 1.921590152297e+00-7.993904406777e-09
     4.339466470482e-10 1.000000000000e+00 2.066000000000e+03 0.000000000000e+00
     2.000000000000e+00 0.000000000000e+00-9.778887033463e-09 4.200000000000e+01
     3.913620000000e+05 4.000000000000e+00                                      
G01 2019 08 15 15 59 44-9.758584201336e-05-1.148237060988e-11 0.000000000000e+00
     8.000000000000e+00-3.765625000000e+01 4.609477688433e-09 1.919846637753e+00
    -2.063810825348e-06 9.090283769183e-03 1.816079020500e-06 5.153646457672e+03
     4.031840000000e+05-2.160668373108e-07 1.925045635021e+00-2.235174179077e-08
     9.763639696841e-01 3.547500000000e+02 7.537773880709e-01-8.303917553576e-09
    -1.432202550999e-10 1.000000000000e+00 2.066000000000e+03 0.000000000000e+00
     2.000000000000e+00 0.000000000000e+00 5.587935447693e-09 8.000000000000e+00
     3.959100000000e+05 0.000000000000e+00                                      
G18 2019 08 15 15 59 44 7.809000089765e-05 2.955857780762e-12 0.000000000000e+00
     2.600000000000e+01-3.200000000000e+01 5.051996154748e-09 1.659513277709e+00
    -2.076849341393e-06 1.568909746129e-02 1.087784767151e-06 5.153679653168e+03
     4.031840000000e+05-4.284083843231e-08 1.868175271079e+00-3.483146429062e-07
     9.548899956183e-01 3.559062500000e+02 1.421405969138e+00-8.531784168042e-09
    -1.028614277088e-10 1.000000000000e+00 2.066000000000e+03 0.000000000000e+00
     2.000000000000e+00 0.000000000000e+00-5.587935447693e-09 2.600000000000e+01
     3.959100000000e+05 0.000000000000e+00                                      
G14 2019 08 15 15 59 44-6.642844527960e-05 1.932676241267e-12 0.000000000000e+00
     0.000000000000e+00 3.190625000000e+01 4.434827585513e-09-2.431210121957e+00
     1.724809408188e-06 1.079485088121e-02 8.303672075272e-06 5.153731857300e+03
     4.031840000000e+05 1.229345798492e-07-2.191111383967e+00-8.381903171539e-08
     9.604076486278e-01 2.201875000000e+02-1.930668748331e+00-7.730679156674e-09
     5.678807973718e-10 1.000000000000e+00 2.066000000000e+03 0.000000000000e+00
     2.000000000000e+00 0.000000000000e+00-9.778887033463e-09 0.000000000000e+00
     4.025400000000e+05 0.000000000000e+00                                      
G20 2019 08 15 15 59 44 5.264705978334e-04 2.273736754432e-13 0.000000000000e+00
     4.000000000000e+00-1.216562500000e+02 5.039495629507e-09 1.540271303442e+00
    -6.310641765594e-06 4.698201199062e-03 8.881092071533e-06 5.153630420685e+03
     4.031840000000e+05 7.636845111847e-08 2.842749632596e+00-5.587935447693e-09
     9.317877030294e-01 1.885625000000e+02 2.411155851371e+00-8.294631218970e-09
    -3.685867816904e-10 1.000000000000e+00 2.066000000000e+03 0.000000000000e+00
     2.000000000000e+00 0.000000000000e+00-8.847564458847e-09 4.000000000000e+00
     4.020420000000e+05 4.000000000000e+00                                      
G22 2019 08 15 16 00 00-7.441123016179e-04-4.433786671143e-12 0.000000000000e+00
     7.500000000000e+01-1.073750000000e+02 5.009137105105e-09-3.061257714174e+00
    -5.507841706276e-06 7.012715097517e-03 9.188428521156e-06 5.153741615295e+03
     4.032000000000e+05 9.126961231232e-08 2.891139270253e+00 8.195638656616e-08
     9.285256678154e-01 1.822187500000e+02-1.300452840075e+00-8.141053164934e-09
    -2.139374788435e-10 1.000000000000e+00 2.066000000000e+03 0.000000000000e+00
     2.000000000000e+00 0.000000000000e+00-1.816079020500e-08 7.500000000000e+01
     3.959400000000e+05 0.000000000000e+00                                      
G03 2019 08 15 16 00 00-1.832842826843e-06-2.955857780762e-12 0.000000000000e+00
     2.300000000000e+01-9.431250000000e+01 4.278035259375e-09 8.687157206739e-01
    -4.839152097702e-06 2.430909196846e-03 9.745359420776e-06 5.153737707138e+03
     4.032000000000e+05-3.725290298462e-09 2.967101471457e+00 2.980232238770e-08
     9.639612185454e-01 1.925625000000e+02 6.925917113048e-01-7.894614739712e-09
    -2.178662111829e-10 1.000000000000e+00 2.066000000000e+03 0.000000000000e+00
     2.000000000000e+00 0.000000000000e+00 1.862645149231e-09 2.300000000000e+01
     3.959400000000e+05 0.000000000000e+00                                      
G08 2019 08 15 16 00 00-2.755783498287e-06-1.477928890381e-12 0.000000000000e+00
     4.400000000000e+01 1.162187500000e+02 4.376253581739e-09-2.052503559103e+00
     5.923211574554e-06 4.415620118380e-03 6.999820470810e-06 5.153785020828e+03
     4.032000000000e+05-8.940696716309e-08 8.571976516886e-01-1.192092895508e-07
     9.703040641447e-01 2.534375000000e+02-2.038203577303e-01-8.032119858115e-09
     4.164459055378e-10 1.000000000000e+00 2.066000000000e+03 0.000000000000e+00
     2.000000000000e+00 0.000000000000e+00 5.122274160385e-09 4.400000000000e+01
     3.959400000000e+05 0.000000000000e+00                                      
G11 2019 08 15 16 00 00-5.343700759113e-04 1.011812855722e-11 0.000000000000e+00
     6.700000000000e+01 4.487500000000e+01 6.193829449330e-09 1.190074641100e+00
     1.989305019379e-06 1.677522459067e-02 1.145526766777e-06 5.153716514587e+03
     4.032000000000e+05 8.009374141693e-08 1.468763174305e+00-3.855675458908e-07
     9.099953672683e-01 3.280312500000e+02 1.926106183334e+00-9.121094102227e-09
     2.000083293430e-10 1.000000000000e+00 2.066000000000e+03 0.000000000000e+00
     2.000000000000e+00 0.000000000000e+00-1.210719347000e-08 6.700000000000e+01
     3.959400000000e+05 0.000000000000e+00                                      
G14 2019 08 15 16 00 00-6.642844527960e-05 1.932676241267e-12 0.000000000000e+00
     1.060000000000e+02 3.190625000000e+01 4.434827616251e-09-2.428876167825e+00
     1.724809408188e-06 1.079484610818e-02 8.303672075272e-06 5.153731859207e+03
     4.032000000000e+05 1.229345798492e-07-2.191111508315e+00-8.381903171539e-08
     9.604076471649e-01 2.201875000000e+02-1.930669020434e+00-7.730322160171e-09
     5.678807979415e-10 1.000000000000e+00 2.066000000000e+03 0.000000000000e+00
     2.800000000000e+00 0.000000000000e+00-9.778887033463e-09 1.060000000000e+02
     3.959400000000e+05 0.000000000000e+00                                      
G17 2019 08 15 16 00 00 1.073852181435e-04 6.934897101019e-12 0.000000000000e+00
     4.000000000000e+01 1.088125000000e+02 4.037310930016e-09-2.287216156031e+00
     5.725771188736e-06 1.298786140978e-02 5.733221769333e-06 5.153558393478e+03
     4.032000000000e+05 1.471489667892e-07 9.258370935626e-01 1.043081283569e-07
     9.841819677465e-01 2.779062500000e+02-1.704967393227e+00-7.706392857187e-09
     4.603763203992e-10 1.000000000000e+00 2.066000000000e+03 0.000000000000e+00
     2.000000000000e+00 0.000000000000e+00-1.117587089539e-08 4.000000000000e+01
     3.959400000000e+05 0.000000000000e+00                                      
G19 2019 08 15 16 00 00-2.805264666677e-04 5.002220859751e-12 0.000000000000e+00
     5.000000000000e+00 9.881250000000e+01 4.201603509557e-09 5.249817593461e-01
     5.219131708145e-06 9.544011787511e-03 5.926936864853e-06 5.153644643784e+03
     4.032000000000e+05-1.173466444016e-07 9.719324338700e-01 1.676380634308e-08
     9.820593043348e-01 2.782812500000e+02 1.480139117873e+00-8.149624974862e-09
     3.225134326268e-10 1.000000000000e+00 2.066000000000e+03 0.000000000000e+00
     2.000000000000e+00 0.000000000000e+00-1.536682248116e-08 5.000000000000e+00
     3.959400000000e+05 0.000000000000e+00                                      
G23 2019 08 15 16 00 00-1.720688305795e-04 1.932676241267e-12 0.000000000000e+00
     1.080000000000e+02 2.581250000000e+01 4.800557285023e-09 2.746056761612e+00
     1.164153218269e-06 1.325038878713e-02 8.737668395042e-06 5.153776706696e+03
     4.032000000000e+05 3.352761268616e-08-2.290504023452e+00-1.862645149231e-07
     9.433548163432e-01 1.984062500000e+02-2.234274796525e+00-7.877471119855e-09
     4.639479078694e-10 1.000000000000e+00 2.066000000000e+03 0.000000000000e+00
     2.000000000000e+00 0.000000000000e+00-2.002343535423e-08 1.080000000000e+02
     3.959400000000e+05 0.000000000000e+00                                      
G28 2019 08 15 16 00 00 7.646661251783e-04-9.094947017729e-13 0.000000000000e+00
     6.800000000000e+01 3.400000000000e+01 3.775514567650e-09-1.359532896425e+00
     2.088025212288e-06 1.902002585120e-02 1.140683889389e-05 5.153710672379e+03
     4.032000000000e+05-2.495944499969e-07-8.442542806367e-02 4.377216100693e-07
     9.814833608016e-01 1.762187500000e+02-1.460950177959e+00-7.680319491499e-09
    -2.096515877570e-10 1.000000000000e+00 2.066000000000e+03 0.000000000000e+00
     2.000000000000e+00 0.000000000000e+00-1.117587089539e-08 6.800000000000e+01
     3.959400000000e+05 0.000000000000e+00                                      
G32 2019 08 15 16 00 00 2.018967643380e-05 1.443822839065e-11 0.000000000000e+00
     5.100000000000e+01 2.803125000000e+01 4.549832510747e-09-1.477143566353e+00
     1.451000571251e-06 3.221875289455e-03 9.058043360710e-06 5.153615280151e+03
     4.032000000000e+05 1.266598701477e-07-2.277536454272e+00-9.313225746155e-08
     9.567622323245e-01 2.070000000000e+02-2.486669946139e+00-7.919615185870e-09
     4.864488256651e-10 1.000000000000e+00 2.066000000000e+03 0.000000000000e+00
     2.000000000000e+00 0.000000000000e+00 4.656612873077e-10 5.100000000000e+01
     3.959400000000e+05 0.000000000000e+00                                      
G06 2019 08 15 16 00 00-2.581346780062e-05-1.182343112305e-11 0.000000000000e+00
     4.700000000000e+01-4.075000000000e+01 4.569118861042e-09 2.211427698292e+00
    -1.981854438782e-06 1.370382844470e-03 1.657754182816e-06 5.153636600494e+03
     4.032000000000e+05 5.960464477539e-08 1.916765483582e+00-1.024454832077e-07
     9.759907953742e-01 3.525625000000e+02-1.108022601589e+00-8.315703681205e-09
    -2.178662111829e-10 1.000000000000e+00 2.066000000000e+03 0.000000000000e+00
     2.000000000000e+00 0.000000000000e+00 4.190951585770e-09 4.700000000000e+01
     3.959400000000e+05 0.000000000000e+00                                      
G09 2019 08 15 16 00 00-7.215421646833e-06-8.981260180008e-12 0.000000000000e+00
     2.800000000000e+01 2.865625000000e+01 4.688766708227e-09-1.762949880659e+00
     1.374632120132e-06 1.281271688640e-03 8.594244718552e-06 5.153618162155e+03
     4.032000000000e+05 9.313225746155e-09-2.284613362905e+00 1.862645149231e-08
     9.525400722717e-01 2.096875000000e+02 1.704355903710e+00-8.045692112546e-09
     4.225176042372e-10 1.000000000000e+00 2.066000000000e+03 0.000000000000e+00
     2.000000000000e+00 0.000000000000e+00 1.396983861923e-09 2.800000000000e+01
     3.959400000000e+05 0.000000000000e+00                                      
G12 2019 08 15 16 00 00 2.138074487448e-04-3.751665644813e-12 0.000000000000e+00
     2.000000000000e+01 2.765625000000e+01 3.810872950538e-09 5.968453366154e-01
     1.177191734314e-06 7.496673497371e-03 1.131556928158e-05 5.153598812103e+03
     4.032000000000e+05-7.078051567078e-08-1.072338496688e-01 2.980232238770e-08
     9.821874691248e-01 1.739062500000e+02 1.104421818916e+00-7.653175870814e-09
    -3.132273329598e-10 1.000000000000e+00 2.066000000000e+03 0.000000000000e+00
     2.000000000000e+00 0.000000000000e+00-1.257285475731e-08 2.000000000000e+01
     3.959400000000e+05 0.000000000000e+00                                      
G27 2019 08 15 16 00 00-2.479972317815e-05-1.148237060988e-11 0.000000000000e+00
     5.000000000000e+00 1.220625000000e+02 4.164459180726e-09-2.185251860169e+00
     6.103888154030e-06 7.161472458392e-03 6.897374987602e-06 5.153652196884e+03
     4.032000000000e+05 9.126961231232e-08 8.691791380113e-01-1.359730958939e-07
     9.786139610967e-01 2.560937500000e+02 5.183359843743e-01-7.921044229001e-09
     4.914490422538e-10 1.000000000000e+00 2.066000000000e+03 0.000000000000e+00
     2.000000000000e+00 0.000000000000e+00 1.396983861923e-09 5.000000000000e+00
     3.960000000000e+05 0.000000000000e+00                                      
G31 2019 08 15 16 00 00 1.716148108244e-05-2.614797267597e-12 0.000000000000e+00
     5.100000000000e+01-1.834375000000e+01 4.804485840406e-09 9.964916992391e-01
    -8.139759302139e-07 9.275708347559e-03 4.772096872330e-06 5.153661966324e+03
     4.032000000000e+05 5.401670932770e-08-1.194206871190e+00 2.160668373108e-07
     9.590246322082e-01 2.842187500000e+02 1.722171593645e-02-8.204270312218e-09
    -2.600108304947e-10 1.000000000000e+00 2.066000000000e+03 0.000000000000e+00
     2.000000000000e+00 0.000000000000e+00-1.350417733192e-08 5.100000000000e+01
     3.969300000000e+05 0.000000000000e+00                                      
G07 2019 08 15 16 00 00-8.576456457380e-05-7.844391802790e-12 0.000000000000e+00
     8.000000000000e+01-1.718750000000e+01 5.021637742800e-09 1.300233485750e+00
    -8.288770914080e-07 1.311940141020e-02 4.986301064490e-06 5.153728349690e+03
     4.032000000000e+05-1.676380634310e-07-1.208593895150e+00 8.940696716310e-08
     9.544948599820e-01 2.836562500000e+02-2.438205259320e+00-8.407135905240e-09
    -3.392998474860e-10 1.000000000000e+00 2.066000000000e+03 0.000000000000e+00
     2.000000000000e+00 0.000000000000e+00-1.117587089540e-08 8.000000000000e+01
     3.960180000000e+05 4.000000000000e+00                                      
G30 2019 08 15 16 00 00-2.019759267570e-05-7.730704965070e-12 0.000000000000e+00
     2.700000000000e+01-2.175000000000e+01 5.265576475250e-09 1.259917403310e+00
    -1.022592186930e-06 4.195647081360e-03 4.714354872700e-06 5.153760805130e+03
     4.032000000000e+05-6.891787052150e-08-1.181601283530e+00 6.146728992460e-08
     9.399314680780e-01 2.780937500000e+02-2.910428639490e+00-8.429279684760e-09
    -2.628680923680e-10 1.000000000000e+00 2.066000000000e+03 0.000000000000e+00
     2.000000000000e+00 0.000000000000e+00 3.725290298460e-09 2.700000000000e+01
     3.960780000000e+05 4.000000000000e+00                                      
G10 2019 08 15 16 00 00-1.534773036838e-05-1.421085471520e-11 0.000000000000e+00
     6.100000000000e+01-1.078750000000e+02 4.254820087478e-09-8.099076412756e-02
    -5.789101123810e-06 4.739903844893e-03 1.034326851368e-05 5.153672761917e+03
     4.032000000000e+05 3.539025783539e-08 2.963910567709e+00 4.284083843231e-08
     9.639635723806e-01 1.803750000000e+02-2.721444581033e+00-7.959974422028e-09
    -2.792973481413e-10 1.000000000000e+00 2.066000000000e+03 0.000000000000e+00
     2.000000000000e+00 0.000000000000e+00 1.862645000000e-09 6.100000000000e+01
     3.960300000000e+05 4.000000000000e+00                                      
G16 2019 08 15 16 00 00-6.523309275510e-05-3.296918293930e-12 0.000000000000e+00
     4.500000000000e+01 2.887500000000e+01 3.719797801650e-09-1.231076694600e+00
     1.480802893640e-06 1.075054053220e-02 1.161731779580e-05 5.153624614720e+03
     4.032000000000e+05 2.216547727580e-07-8.834185140410e-02-1.005828380580e-07
     9.825192808890e-01 1.602187500000e+02 5.810102914680e-01-7.511741465610e-09
    -2.335811581640e-10 1.000000000000e+00 2.066000000000e+03 0.000000000000e+00
     2.000000000000e+00 0.000000000000e+00-1.071020960810e-08 4.500000000000e+01
     3.960420000000e+05 4.000000000000e+00                                      
G02 2019 08 15 16 00 00-2.835048362610e-04-8.412825991400e-12 0.000000000000e+00
     5.300000000000e+01-3.606250000000e+01 4.886989277010e-09 2.184321312610e+00
    -2.205371856690e-06 1.898143580180e-02 6.519258022310e-07 5.153765989300e+03
     4.032000000000e+05 2.086162567140e-07 1.854628592610e+00-2.738088369370e-07
     9.554331434540e-01 3.600312500000e+02-1.723110914330e+00-8.231771457750e-09
    -1.971510692760e-10 1.000000000000e+00 2.066000000000e+03 0.000000000000e+00
     2.000000000000e+00 0.000000000000e+00-2.048909664150e-08 5.300000000000e+01
     3.965880000000e+05 4.000000000000e+00                                      
G05 2019 08 15 16 00 00-6.356276571750e-07-2.273736754430e-13 0.000000000000e+00
     6.500000000000e+01-9.071875000000e+01 4.516616706640e-09-1.431596919800e+00
    -4.749745130540e-06 5.834950250570e-03 9.842216968540e-06 5.153751300810e+03
     4.032000000000e+05 1.303851604460e-07 2.939166355850e+00-1.862645149230e-08
     9.508299181110e-01 1.841562500000e+02 7.588540385740e-01-7.941402219850e-09
    -1.985797002130e-10 1.000000000000e+00 2.066000000000e+03 0.000000000000e+00
     2.000000000000e+00 0.000000000000e+00-1.117587089540e-08 6.500000000000e+01
     3.977580000000e+05 4.000000000000e+00                                      
G13 2019 08 15 16 00 00-4.953192546960e-05 1.932676241270e-12 0.000000000000e+00
     2.000000000000e+01 3.637500000000e+01 4.341966574620e-09-3.086132974240e+00
     1.966953277590e-06 3.633672604340e-03 7.776543498040e-06 5.153664422990e+03
     4.032000000000e+05-3.539025783540e-08-2.146141269040e+00 6.891787052150e-08
     9.677899180030e-01 2.335312500000e+02 1.226889808430e+00-7.811396804600e-09
     5.053781938870e-10 1.000000000000e+00 2.066000000000e+03 0.000000000000e+00
     2.000000000000e+00 0.000000000000e+00-1.117587089540e-08 2.000000000000e+01
     4.026060000000e+05 4.000000000000e+00                                      
G26 2019 08 15 16 00 00 1.575006172060e-05 8.981260180010e-12 0.000000000000e+00
     9.800000000000e+01 6.531250000000e+00 4.495544400330e-09-2.974241323600e-01
     4.172325134280e-07 3.800580161620e-03 1.137331128120e-05 5.153655847550e+03
     4.032000000000e+05 6.519258022310e-08-2.025196246010e-01-4.656612873080e-08
     9.507768975710e-01 1.529062500000e+02 1.389738147830e-01-7.976403677800e-09
    -3.703725703610e-10 1.000000000000e+00 2.066000000000e+03 0.000000000000e+00
     2.800000000000e+00 0.000000000000e+00 7.450580596920e-09 9.800000000000e+01
     3.960180000000e+05 4.000000000000e+00                                      
G21 2019 08 15 16 00 00-1.359516754750e-04 6.707523425580e-12 0.000000000000e+00
     1.030000000000e+02-3.331250000000e+01 5.410582515340e-09 8.254201758920e-02
    -1.665204763410e-06 2.450244815550e-02 1.687556505200e-06 5.153676570890e+03
     4.032000000000e+05-3.296881914140e-07 1.858591554300e+00-1.434236764910e-07
     9.492312778070e-01 3.458750000000e+02-1.421436757710e+00-9.221812696940e-09
    -1.289339420450e-10 1.000000000000e+00 2.066000000000e+03 0.000000000000e+00
     2.000000000000e+00 0.000000000000e+00-1.024454832080e-08 1.030000000000e+02
     3.960180000000e+05 4.000000000000e+00                                      
G15 2019 08 15 16 00 00-2.939412370324e-04 2.614797267597e-12 0.000000000000e+00
     6.800000000000e+01 3.287500000000e+01 5.096640866978e-09-3.062190943264e+00
     1.616775989532e-06 1.157959725242e-02 9.348616003990e-06 5.153742454529e+03
     4.032000000000e+05 2.048909664154e-08-2.366703002337e+00-8.381903171539e-08
     9.281273298516e-01 1.805937500000e+02 7.975292725926e-01-8.084622471263e-09
     5.468084910542e-10 1.000000000000e+00 2.066000000000e+03 0.000000000000e+00
     2.000000000000e+00 0.000000000000e+00-1.071020960808e-08 6.800000000000e+01
     3.960180000000e+05 4.000000000000e+00                                      
G29 2019 08 15 16 00 00 1.242496073246e-04-1.000444171950e-11 0.000000000000e+00
     4.300000000000e+01 1.207500000000e+02 4.103742365913e-09-1.853261579052e+00
     6.409361958504e-06 1.227490371093e-03 5.837529897690e-06 5.153713020325e+03
     4.032000000000e+05 2.421438694000e-08 9.371003939014e-01-7.450580596924e-09
     9.856787962669e-01 2.841250000000e+02 1.921347844787e+00-7.944259481723e-09
     4.596620039104e-10 1.000000000000e+00 2.066000000000e+03 0.000000000000e+00
     2.000000000000e+00 0.000000000000e+00-9.778887033463e-09 4.300000000000e+01
     3.960180000000e+05 4.000000000000e+00                                      
G25 2019 08 15 16 00 00-7.476657629013e-06-2.046363078989e-12 0.000000000000e+00
     8.700000000000e+01 1.878125000000e+01 4.113742782470e-09 2.273497185312e-01
     8.475035429001e-07 8.377617108636e-03 1.155398786068e-05 5.153678426743e+03
     4.032000000000e+05-2.980232238770e-08-1.725081630289e-01 1.173466444016e-07
     9.695550588656e-01 1.666250000000e+02 9.003431786101e-01-7.817111328350e-09
    -3.550147877909e-10 1.000000000000e+00 2.066000000000e+03 0.000000000000e+00
     2.000000000000e+00 0.000000000000e+00 5.587935447693e-09 8.700000000000e+01
     3.960180000000e+05 4.000000000000e+00                                      
G24 2019 08 15 16 00 00-8.284114301205e-07-5.684341886081e-13 0.000000000000e+00
     4.800000000000e+01-1.487500000000e+01 5.346294123181e-09 2.214428312971e+00
    -8.139759302139e-07 8.513446431607e-03 4.477798938751e-06 5.153697139740e+03
     4.032000000000e+05-1.620501279831e-07-1.275931743701e+00-8.009374141693e-08
     9.376597654986e-01 2.809062500000e+02 6.027615104535e-01-8.469281350992e-09
    -1.389343586023e-10 1.000000000000e+00 2.066000000000e+03 0.000000000000e+00
     2.000000000000e+00 0.000000000000e+00 2.793967723846e-09 4.800000000000e+01
     3.960180000000e+05 4.000000000000e+00                                      
G04 2019 08 15 16 00 00 9.824708104134e-05 4.536104825092e-11 0.000000000000e+00
     3.700000000000e+01 1.250625000000e+02 4.519116810783e-09-2.055527903776e+00
     6.182119250298e-06 1.465165417176e-02 7.450580596924e-06 5.153678258896e+03
     4.032000000000e+05 1.750886440277e-07 7.664128192559e-01-1.471489667892e-07
     9.589243213784e-01 2.336875000000e+02 6.756136516890e-01-7.968903365383e-09
     5.532373302697e-10 1.000000000000e+00 2.066000000000e+03 0.000000000000e+00
     2.000000000000e+00 6.300000000000e+01-5.587935447693e-09 3.700000000000e+01
     3.960180000000e+05 4.000000000000e+00                                      
G23 2019 08 15 17 59 44-1.720539294183e-04 1.932676241267e-12 0.000000000000e+00
     0.000000000000e+00 2.906250000000e+01 4.833772937474e-09-2.489334073568e+00
     1.400709152222e-06 1.324983965605e-02 8.881092071533e-06 5.153777744293e+03
     4.103840000000e+05 1.862645149231e-07-2.290561350823e+00-1.173466444016e-07
     9.433582819961e-01 1.959687500000e+02-2.234282725541e+00-7.930687218050e-09
     5.703809091706e-10 1.000000000000e+00 2.066000000000e+03 0.000000000000e+00
     2.000000000000e+00 0.000000000000e+00-2.002343535423e-08 0.000000000000e+00
     4.031100000000e+05 0.000000000000e+00                                      
G07 2019 08 15 17 59 44-8.582137525082e-05-7.844391802792e-12 0.000000000000e+00
     1.200000000000e+01-1.812500000000e+01 4.943062847929e-09 2.348039611355e+00
    -1.136213541031e-06 1.311936217826e-02 4.844740033150e-06 5.153728622437e+03
     4.103840000000e+05-1.415610313416e-07-1.208654404370e+00-2.104789018631e-07
     9.544938037553e-01 2.840937500000e+02-2.438193725675e+00-8.157125641617e-09
    -2.232235785105e-10 1.000000000000e+00 2.066000000000e+03 0.000000000000e+00
     2.000000000000e+00 0.000000000000e+00-1.117587089539e-08 1.200000000000e+01
     4.031100000000e+05 0.000000000000e+00                                      
G14 2019 08 15 17 59 44-6.641447544098e-05 1.932676241267e-12 0.000000000000e+00
     6.500000000000e+01 3.493750000000e+01 4.625549815573e-09-1.381092350257e+00
     1.817941665649e-06 1.079509733245e-02 8.262693881989e-06 5.153731178284e+03
     4.103840000000e+05 2.104789018631e-07-2.191166647160e+00 2.756714820862e-07
     9.604101268111e-01 2.218750000000e+02-1.930641505871e+00-8.020334079107e-09
     4.028739241732e-10 1.000000000000e+00 2.066000000000e+03 0.000000000000e+00
     2.000000000000e+00 0.000000000000e+00-9.778887033463e-09 6.500000000000e+01
     4.032000000000e+05 0.000000000000e+00                                      
G26 2019 08 15 17 59 44 1.581665128469e-05 8.981260180008e-12 0.000000000000e+00
     0.000000000000e+00 1.078125000000e+01 4.406969282245e-09 7.503825330616e-01
     5.904585123062e-07 3.801510552876e-03 1.118332147598e-05 5.153657638550e+03
     4.103840000000e+05 5.029141902924e-08-2.025764940784e-01 5.587935447693e-08
     9.507744091476e-01 1.581250000000e+02 1.390239592259e-01-7.907829392835e-09
    -4.071598169835e-10 1.000000000000e+00 2.066000000000e+03 0.000000000000e+00
     2.000000000000e+00 0.000000000000e+00 7.450580596924e-09 0.000000000000e+00
     4.096200000000e+05 0.000000000000e+00                                      
G22 2019 08 15 18 00 00-7.441439665854e-04-4.433786671143e-12 0.000000000000e+00
     9.200000000000e+01-1.114375000000e+02 5.028066407675e-09-2.011136298345e+00
    -5.714595317841e-06 7.012109854259e-03 9.503215551376e-06 5.153742395401e+03
     4.104000000000e+05 2.793967723846e-08 2.891080711105e+00 1.713633537292e-07
     9.285239766821e-01 1.758750000000e+02-1.300432253892e+00-8.192841072230e-09
    -2.185805286770e-10 1.000000000000e+00 2.066000000000e+03 0.000000000000e+00
     2.000000000000e+00 0.000000000000e+00-1.816079020500e-08 9.200000000000e+01
     4.031400000000e+05 0.000000000000e+00                                      
G01 2019 08 15 18 00 00-9.766872972250e-05-1.148237060988e-11 0.000000000000e+00
     3.100000000000e+01-4.012500000000e+01 4.543760478981e-09 2.972307440993e+00
    -2.196058630943e-06 9.089848725125e-03 1.464039087296e-06 5.153647838593e+03
     4.104000000000e+05-8.940696716309e-08 1.924986127902e+00-1.154839992523e-07
     9.763634883840e-01 3.605625000000e+02 7.538476139904e-01-8.202126977608e-09
    -1.217907857898e-10 1.000000000000e+00 2.066000000000e+03 0.000000000000e+00
     2.000000000000e+00 0.000000000000e+00 5.587935447693e-09 3.100000000000e+01
     4.031400000000e+05 0.000000000000e+00                                      
G03 2019 08 15 18 00 00-1.854728907347e-06-2.955857780762e-12 0.000000000000e+00
     2.400000000000e+01-1.089062500000e+02 4.214818272175e-09 1.917859591236e+00
    -5.684792995453e-06 2.431426546536e-03 1.030229032040e-05 5.153742368698e+03
     4.104000000000e+05-7.264316082001e-08 2.967044483484e+00 3.166496753693e-08
     9.639598946046e-01 1.824375000000e+02 6.935862483655e-01-7.865327944501e-09
    -1.739358101993e-10 1.000000000000e+00 2.066000000000e+03 0.000000000000e+00
     2.000000000000e+00 0.000000000000e+00 1.862645149231e-09 2.400000000000e+01
     4.031400000000e+05 0.000000000000e+00                                      
G06 2019 08 15 18 00 00-2.589868381619e-05-1.182343112305e-11 0.000000000000e+00
     4.900000000000e+01-3.750000000000e+01 4.623406990589e-09-3.021527657704e+00
    -1.821666955948e-06 1.370946294628e-03 1.654028892517e-06 5.153635601044e+03
     4.104000000000e+05 3.539025783539e-08 1.916704841239e+00 8.009374141693e-08
     9.759898005899e-01 3.560625000000e+02-1.108047893980e+00-8.307488919002e-09
    -6.857428513918e-11 1.000000000000e+00 2.066000000000e+03 0.000000000000e+00
     2.000000000000e+00 0.000000000000e+00 4.190951585770e-09 4.900000000000e+01
     4.031400000000e+05 0.000000000000e+00                                      
G09 2019 08 15 18 00 00-7.280148565769e-06-8.981260180008e-12 0.000000000000e+00
     2.900000000000e+01 2.606250000000e+01 4.756269600392e-09-7.131761843650e-01
     1.339241862297e-06 1.281162141822e-03 8.678063750267e-06 5.153617084503e+03
     4.104000000000e+05 3.725290298462e-09-2.284671508047e+00-1.490116119385e-08
     9.525430259033e-01 2.062500000000e+02 1.704799034763e+00-8.077479130009e-09
     4.357324223658e-10 1.000000000000e+00 2.066000000000e+03 0.000000000000e+00
     2.000000000000e+00 0.000000000000e+00 1.396983861923e-09 2.900000000000e+01
     4.031400000000e+05 0.000000000000e+00                                      
G11 2019 08 15 18 00 00-5.342974327505e-04 1.011812855722e-11 0.000000000000e+00
     6.800000000000e+01 6.512500000000e+01 5.944176262318e-09 2.240034566865e+00
     3.144145011902e-06 1.677483459935e-02 3.278255462646e-07 5.153722978592e+03
     4.104000000000e+05 1.974403858185e-07 1.468699683660e+00-5.215406417847e-08
     9.099975645712e-01 3.422500000000e+02 1.926309289028e+00-8.820367547457e-09
     9.714690163420e-11 1.000000000000e+00 2.066000000000e+03 0.000000000000e+00
     2.000000000000e+00 0.000000000000e+00-1.210719347000e-08 6.800000000000e+01
     4.031400000000e+05 0.000000000000e+00                                      
G12 2019 08 15 18 00 00 2.137809060514e-04-3.751665644813e-12 0.000000000000e+00
     2.100000000000e+01 1.943750000000e+01 3.678367610505e-09 1.646924045477e+00
     9.667128324509e-07 7.497029961087e-03 1.119449734688e-05 5.153600919724e+03
     4.104000000000e+05-1.192092895508e-07-1.072891494352e-01-8.568167686462e-08
     9.821855790346e-01 1.740000000000e+02 1.104563951648e+00-7.576744565085e-09
    -2.639395646487e-10 1.000000000000e+00 2.066000000000e+03 0.000000000000e+00
     2.000000000000e+00 0.000000000000e+00-1.257285475731e-08 2.100000000000e+01
     4.031400000000e+05 0.000000000000e+00                                      
G17 2019 08 15 18 00 00 1.074350439012e-04 6.934897101019e-12 0.000000000000e+00
     4.100000000000e+01 1.083437500000e+02 4.089455885037e-09-1.237020675585e+00
     5.995854735374e-06 1.298770261928e-02 6.422400474548e-06 5.153557189941e+03
     4.104000000000e+05-8.940696716309e-08 9.257812876266e-01 3.110617399216e-07
     9.841839105017e-01 2.716250000000e+02-1.704915124627e+00-7.976403537668e-09
     4.057311986383e-10 1.000000000000e+00 2.066000000000e+03 0.000000000000e+00
     2.000000000000e+00 0.000000000000e+00-1.117587089539e-08 4.100000000000e+01
     4.031400000000e+05 0.000000000000e+00                                      
G19 2019 08 15 18 00 00-2.804901450872e-04 5.002220859751e-12 0.000000000000e+00
     6.000000000000e+00 1.011250000000e+02 4.159816047178e-09 1.575243720641e+00
     5.131587386131e-06 9.543985244818e-03 6.083399057388e-06 5.153643594742e+03
     4.104000000000e+05-8.009374141693e-08 9.718736567474e-01-2.365559339523e-07
     9.820627743765e-01 2.729062500000e+02 1.480073788340e+00-7.939616075703e-09
     4.171602230318e-10 1.000000000000e+00 2.066000000000e+03 0.000000000000e+00
     2.000000000000e+00 0.000000000000e+00-1.536682248116e-08 6.000000000000e+00
     4.031400000000e+05 0.000000000000e+00                                      
G23 2019 08 15 18 00 00-1.720548607409e-04 1.932676241267e-12 0.000000000000e+00
     1.090000000000e+02 2.906250000000e+01 4.833772937474e-09-2.487000341798e+00
     1.400709152222e-06 1.324984070379e-02 8.881092071533e-06 5.153777740479e+03
     4.104000000000e+05 1.862645149231e-07-2.290561476634e+00-1.173466444016e-07
     9.433582907736e-01 1.959687500000e+02-2.234282844037e+00-7.930687218050e-09
     5.703809091706e-10 1.000000000000e+00 2.066000000000e+03 0.000000000000e+00
     2.000000000000e+00 0.000000000000e+00-2.002343535423e-08 1.090000000000e+02
     4.031400000000e+05 0.000000000000e+00                                      
G28 2019 08 15 18 00 00 7.646591402590e-04-9.094947017729e-13 0.000000000000e+00
     7.000000000000e+01 2.071875000000e+01 3.833731110348e-09-3.094567228003e-01
     1.031905412674e-06 1.901888661087e-02 1.149997115135e-05 5.153707082748e+03
     4.104000000000e+05-3.725290298462e-07-8.448224926479e-02 8.568167686462e-08
     9.814816082257e-01 1.753750000000e+02-1.460871490521e+00-7.853541816871e-09
    -1.757216039344e-10 1.000000000000e+00 2.066000000000e+03 0.000000000000e+00
     2.000000000000e+00 0.000000000000e+00-1.117587089539e-08 7.000000000000e+01
     4.031400000000e+05 0.000000000000e+00                                      
G02 2019 08 15 18 00 00-2.835649065673e-04-8.412825991400e-12 0.000000000000e+00
     7.600000000000e+01-3.106250000000e+01 4.994850755224e-09-3.048756277508e+00
    -1.544132828712e-06 1.898081775289e-02 7.674098014832e-07 5.153767330170e+03
     4.104000000000e+05 4.135072231293e-07 1.854568516417e+00-9.313225746155e-08
     9.554318619378e-01 3.592187500000e+02-1.723091164932e+00-8.282487584665e-09
    -4.750197804548e-11 1.000000000000e+00 2.066000000000e+03 0.000000000000e+00
     2.000000000000e+00 0.000000000000e+00-2.048909664154e-08 7.600000000000e+01
     4.031400000000e+05 0.000000000000e+00                                      
G07 2019 08 15 18 00 00-8.582137525082e-05-7.844391802792e-12 0.000000000000e+00
     8.100000000000e+01-1.812500000000e+01 4.943062847929e-09 2.350373520137e+00
    -1.136213541031e-06 1.311936380807e-02 4.844740033150e-06 5.153728622437e+03
     4.104000000000e+05-1.415610313416e-07-1.208654552125e+00-2.104789018631e-07
     9.544938066812e-01 2.840937500000e+02-2.438193964131e+00-8.157125641617e-09
    -2.232235785105e-10 1.000000000000e+00 2.066000000000e+03 0.000000000000e+00
     2.000000000000e+00 0.000000000000e+00-1.117587089539e-08 8.100000000000e+01
     4.031400000000e+05 0.000000000000e+00                                      
G05 2019 08 15 18 00 00-6.374903023243e-07-2.273736754432e-13 0.000000000000e+00
     6.700000000000e+01-9.096875000000e+01 4.607692005720e-09-3.813197397720e-01
    -4.762783646584e-06 5.835807649419e-03 9.309500455856e-06 5.153753541946e+03
     4.104000000000e+05-2.607703208923e-08 2.939108700783e+00 7.823109626770e-08
     9.508275423322e-01 1.931562500000e+02 7.587100259923e-01-8.128909989580e-09
    -2.260808484866e-10 1.000000000000e+00 2.066000000000e+03 0.000000000000e+00
     2.000000000000e+00 0.000000000000e+00-1.117587089539e-08 6.700000000000e+01
     4.031400000000e+05 0.000000000000e+00                                      
G30 2019 08 15 18 00 00-2.025347203016e-05-7.730704965070e-12 0.000000000000e+00
     2.800000000000e+01-2.006250000000e+01 5.315935691641e-09 2.310121109748e+00
    -1.072883605957e-06 4.195712157525e-03 4.736706614494e-06 5.153760234833e+03
     4.104000000000e+05-5.029141902924e-08-1.181661880526e+00 9.313225746155e-09
     9.399294053639e-01 2.794062500000e+02-2.910499023407e+00-8.430351527977e-09
    -2.907263874086e-10 1.000000000000e+00 2.066000000000e+03 0.000000000000e+00
     2.000000000000e+00 0.000000000000e+00 3.725290298462e-09 2.800000000000e+01
     4.031400000000e+05 0.000000000000e+00                                      
G18 2019 08 15 18 00 00 7.811095565557e-05 2.955857780762e-12 0.000000000000e+00
     2.700000000000e+01-3.237500000000e+01 5.019851954126e-09 2.711978512128e+00
    -1.810491085052e-06 1.568912051152e-02 5.029141902924e-07 5.153680789948e+03
     4.104000000000e+05 1.285225152969e-07 1.868114864265e+00-1.788139343262e-07
     9.548897732548e-01 3.641250000000e+02 1.421454164974e+00-8.367134239012e-09
    -1.335769925893e-10 1.000000000000e+00 2.066000000000e+03 0.000000000000e+00
     2.000000000000e+00 0.000000000000e+00-5.587935447693e-09 2.700000000000e+01
     4.032000000000e+05 0.000000000000e+00                                      
G31 2019 08 15 18 00 00 1.714285463095e-05-2.614797267597e-12 0.000000000000e+00
     5.200000000000e+01-1.815625000000e+01 4.864131182016e-09 2.046676804670e+00
    -8.195638656616e-07 9.275717893615e-03 5.120411515236e-06 5.153662061691e+03
     4.104000000000e+05-6.891787052155e-08-1.194265269416e+00 9.872019290924e-08
     9.590222900764e-01 2.839375000000e+02 1.722659184241e-02-8.167840223330e-09
    -3.593006806013e-10 1.000000000000e+00 2.066000000000e+03 0.000000000000e+00
     2.000000000000e+00 0.000000000000e+00-1.350417733192e-08 5.200000000000e+01
     4.032000000000e+05 0.000000000000e+00                                      
G08 2019 08 15 18 00 00-2.766028046610e-06-1.477928890380e-12 0.000000000000e+00
     4.500000000000e+01 1.212500000000e+02 4.286607125820e-09-1.002212027850e+00
     6.062909960750e-06 4.415427800270e-03 6.891787052150e-06 5.153786510470e+03
     4.104000000000e+05 1.676380634310e-08 8.571393982910e-01-1.043081283570e-07
     9.703072825640e-01 2.492187500000e+02-2.040009549670e-01-8.066050269080e-09
     4.632335812520e-10 1.000000000000e+00 2.066000000000e+03 0.000000000000e+00
     2.000000000000e+00 0.000000000000e+00 5.122274160390e-09 4.500000000000e+01
     4.032180000000e+05 4.000000000000e+00                                      
G13 2019 08 15 18 00 00-4.951795563100e-05 1.932676241270e-12 0.000000000000e+00
     2.100000000000e+01 3.309375000000e+01 4.376253717100e-09-2.035836747010e+00
     1.735985279080e-06 3.633255488240e-03 8.031725883480e-06 5.153665498730e+03
     4.104000000000e+05 5.960464477540e-08-2.146196966720e+00-4.097819328310e-08
     9.677930325560e-01 2.306562500000e+02 1.226778432090e+00-7.846398262550e-09
     3.864446684000e-10 1.000000000000e+00 2.066000000000e+03 0.000000000000e+00
     2.000000000000e+00 0.000000000000e+00-1.117587089540e-08 2.100000000000e+01
     4.090680000000e+05 4.000000000000e+00                                      
G16 2019 08 15 18 00 00-6.525684148073e-05-3.296918293927e-12 0.000000000000e+00
     4.600000000000e+01 2.912500000000e+01 3.700511284006e-09-1.808301158887e-01
     1.661479473114e-06 1.075125718489e-02 1.166760921478e-05 5.153626211166e+03
     4.104000000000e+05 9.685754776001e-08-8.839644165518e-02 9.126961231232e-08
     9.825165379175e-01 1.664375000000e+02 5.809683305886e-01-7.702106537939e-09
    -2.842975564201e-10 1.000000000000e+00 2.066000000000e+03 0.000000000000e+00
     2.000000000000e+00 0.000000000000e+00-1.071021000000e-08 4.600000000000e+01
     4.093500000000e+05 4.000000000000e+00                                      
G26 2019 08 15 18 00 00 1.581478863955e-05 8.981260180008e-12 0.000000000000e+00
     9.900000000000e+01 1.078125000000e+01 4.406612124511e-09 7.527167358905e-01
     5.904585123062e-07 3.801503684372e-03 1.118518412113e-05 5.153657634735e+03
     4.104000000000e+05 5.029141902924e-08-2.025766359814e-01 5.587935447693e-08
     9.507743974443e-01 1.581250000000e+02 1.390235803301e-01-7.907829392835e-09
    -4.071598169835e-10 1.000000000000e+00 2.066000000000e+03 0.000000000000e+00
     2.000000000000e+00 0.000000000000e+00 7.450581000000e-09 9.900000000000e+01
     4.060500000000e+05 4.000000000000e+00                                      
G15 2019 08 15 18 00 00-2.939221449200e-04 2.614797267600e-12 0.000000000000e+00
     7.200000000000e+01 3.062500000000e+01 5.153786104450e-09-2.012119044290e+00
     1.529231667520e-06 1.158066955400e-02 8.886680006980e-06 5.153739936830e+03
     4.104000000000e+05 6.332993507390e-08-2.366761173810e+00-1.285225152970e-07
     9.281312621750e-01 1.903125000000e+02 7.976012335330e-01-8.097480149690e-09
     5.268076579390e-10 1.000000000000e+00 2.066000000000e+03 0.000000000000e+00
     2.000000000000e+00 0.000000000000e+00-1.071020960810e-08 7.200000000000e+01
     4.079160000000e+05 4.000000000000e+00                                      
G27 2019 08 15 18 00 00-2.488261088730e-05-1.148237060990e-11 0.000000000000e+00
     2.700000000000e+01 1.218750000000e+02 4.130172038240e-09-1.135091959350e+00
     6.342306733130e-06 7.161652436480e-03 6.603077054020e-06 5.153651748660e+03
     4.104000000000e+05 1.899898052220e-07 8.691222626820e-01-6.332993507390e-08
     9.786173594550e-01 2.590625000000e+02 5.183676565510e-01-7.972117784990e-09
     4.543046378970e-10 1.000000000000e+00 2.066000000000e+03 0.000000000000e+00
     2.000000000000e+00 0.000000000000e+00 1.396983861920e-09 2.700000000000e+01
     4.032180000000e+05 4.000000000000e+00                                      
G21 2019 08 15 18 00 00-1.359037123621e-04 6.707523425575e-12 0.000000000000e+00
     1.070000000000e+02-3.493750000000e+01 5.370223691372e-09 1.132713709524e+00
    -2.302229404449e-06 2.450252091512e-02 1.519918441772e-06 5.153677083969e+03
     4.104000000000e+05-2.272427082062e-07 1.858524696019e+00-6.072223186493e-07
     9.492315352807e-01 3.493437500000e+02-1.421421985165e+00-8.924657462092e-09
    -1.928651764659e-11 1.000000000000e+00 2.066000000000e+03 0.000000000000e+00
     2.000000000000e+00 0.000000000000e+00-1.024454832077e-08 1.070000000000e+02
     4.032180000000e+05 4.000000000000e+00                                      
G24 2019 08 15 18 00 00-8.321367204189e-07-5.684341886081e-13 0.000000000000e+00
     4.900000000000e+01-1.503125000000e+01 5.283077204228e-09-3.018601447038e+00
    -7.748603820801e-07 8.513265871443e-03 4.362314939499e-06 5.153697547913e+03
     4.104000000000e+05-2.421438694000e-08-1.275992165144e+00-8.754432201385e-08
     9.376592637177e-01 2.827812500000e+02 6.027779434123e-01-8.358562453391e-09
    -1.375057276655e-10 1.000000000000e+00 2.066000000000e+03 0.000000000000e+00
     2.000000000000e+00 0.000000000000e+00 2.793967723846e-09 4.900000000000e+01
     4.032180000000e+05 4.000000000000e+00                                      
G29 2019 08 15 18 00 00 1.241778954864e-04-1.000444171950e-11 0.000000000000e+00
     4.400000000000e+01 1.080312500000e+02 4.050525863518e-09-8.045752083241e-01
     5.440786480904e-06 1.226982683875e-03 6.139278411865e-06 5.153709487915e+03
     4.104000000000e+05 1.862645149231e-09 9.370435683115e-01 5.029141902924e-08
     9.856822004772e-01 2.799687500000e+02 1.922816077648e+00-7.895686029873e-09
     4.300179119721e-10 1.000000000000e+00 2.066000000000e+03 0.000000000000e+00
     2.000000000000e+00 0.000000000000e+00-9.778887033463e-09 4.400000000000e+01
     4.032180000000e+05 4.000000000000e+00                                      
G20 2019 08 15 18 00 00 5.264719948173e-04 1.136868377216e-13 0.000000000000e+00
     5.000000000000e+00-1.144375000000e+02 5.082354557610e-09 2.592670143324e+00
    -5.815178155899e-06 4.698281758465e-03 9.102746844292e-06 5.153631465912e+03
     4.104000000000e+05 1.080334186554e-07 2.842689113138e+00 1.452863216400e-07
     9.317853155471e-01 1.874687500000e+02 2.411301648712e+00-8.307846055135e-09
    -2.510818871398e-10 1.000000000000e+00 2.066000000000e+03 0.000000000000e+00
     2.000000000000e+00 0.000000000000e+00-8.847564458847e-09 5.000000000000e+00
     4.032180000000e+05 4.000000000000e+00                                      
G10 2019 08 15 18 00 00-1.544971019030e-05-1.421085471520e-11 0.000000000000e+00
     6.200000000000e+01-1.004062500000e+02 4.319465637367e-09 9.690849633071e-01
    -5.081295967102e-06 4.740851698443e-03 1.044943928719e-05 5.153674783707e+03
     4.104000000000e+05 5.029141902924e-08 2.963852938977e+00 4.656612873077e-08
     9.639615257582e-01 1.786875000000e+02-2.721340920121e+00-7.987475567561e-09
    -2.460816788611e-10 1.000000000000e+00 2.066000000000e+03 0.000000000000e+00
     2.000000000000e+00 0.000000000000e+00 1.862645149231e-09 6.200000000000e+01
     4.069080000000e+05 4.000000000000e+00                                      
G25 2019 08 15 18 00 00-7.491558790207e-06-2.046363078989e-12 0.000000000000e+00
     8.800000000000e+01 1.553125000000e+01 4.035525238682e-09 1.277543683394e+00
     7.133930921555e-07 8.377071470022e-03 1.101195812225e-05 5.153677469254e+03
     4.104000000000e+05-1.080334186554e-07-1.725642410676e-01 5.401670932770e-08
     9.695522968763e-01 1.708750000000e+02 9.003245644405e-01-7.794253233361e-09
    -3.857303529318e-10 1.000000000000e+00 2.066000000000e+03 0.000000000000e+00
     2.000000000000e+00 0.000000000000e+00 5.587935447693e-09 8.800000000000e+01
     4.070280000000e+05 4.000000000000e+00                                      
G32 2019 08 15 18 00 00 2.029398456216e-05 1.443822839065e-11 0.000000000000e+00
     5.200000000000e+01 2.953125000000e+01 4.709124725375e-09-4.269401349475e-01
     1.404434442520e-06 3.222002531402e-03 8.817762136459e-06 5.153615348816e+03
     4.104000000000e+05 3.725290298462e-08-2.277593767014e+00 8.568167686462e-08
     9.567646885639e-01 2.083437500000e+02-2.486656041102e+00-8.108194881719e-09
     4.289464387695e-10 1.000000000000e+00 2.066000000000e+03 0.000000000000e+00
     2.000000000000e+00 0.000000000000e+00 4.656612873077e-10 5.200000000000e+01
     4.074180000000e+05 4.000000000000e+00                                      
G04 2019 08 15 18 00 00 9.857350960374e-05 4.536104825092e-11 0.000000000000e+00
     3.800000000000e+01 1.213125000000e+02 4.501616081807e-09-1.005324494315e+00
     6.511807441711e-06 1.465205685236e-02 7.158145308495e-06 5.153678977966e+03
     4.104000000000e+05 3.576278686523e-07 7.663559790369e-01 1.061707735062e-07
     9.589271521249e-01 2.389687500000e+02 6.755878984791e-01-8.180697901761e-09
     3.971594004260e-10 1.000000000000e+00 2.066000000000e+03 0.000000000000e+00
     2.000000000000e+00 6.300000000000e+01-5.587935447693e-09 3.800000000000e+01
     4.032180000000e+05 4.000000000000e+00                                      
G07 2019 08 15 19 59 44-8.587818592787e-05-7.844391802792e-12 0.000000000000e+00
     2.600000000000e+01-1.956250000000e+01 4.943420339742e-09-2.884993367074e+00
    -1.102685928345e-06 1.311956695281e-02 4.747882485390e-06 5.153728244781e+03
     4.175840000000e+05 3.725290298462e-09-1.208712609492e+00-1.750886440277e-07
     9.544925134616e-01 2.835000000000e+02-2.438195709392e+00-8.078908209086e-09
    -2.196520049180e-10 1.000000000000e+00 2.066000000000e+03 0.000000000000e+00
     2.000000000000e+00 0.000000000000e+00-1.117587089539e-08 2.600000000000e+01
     4.103100000000e+05 0.000000000000e+00                                      
G23 2019 08 15 19 59 44-1.720399595797e-04 1.932676241267e-12 0.000000000000e+00
     2.300000000000e+01 3.406250000000e+01 4.904132655525e-09-1.439266300018e+00
     1.734122633934e-06 1.325005188119e-02 8.780509233475e-06 5.153776393890e+03
     4.175840000000e+05 3.390014171600e-07-2.290618085712e+00 5.029141902924e-08
     9.433620021968e-01 1.978750000000e+02-2.234230784634e+00-8.042120747120e-09
     4.932348418585e-10 1.000000000000e+00 2.066000000000e+03 0.000000000000e+00
     2.000000000000e+00 0.000000000000e+00-2.002343535423e-08 2.300000000000e+01
     4.103100000000e+05 0.000000000000e+00                                      
G26 2019 08 15 19 59 44 1.588184386492e-05 8.981260180008e-12 0.000000000000e+00
     2.600000000000e+01 8.937500000000e+00 4.442685055665e-09 1.800896186486e+00
     4.805624485016e-07 3.801203914918e-03 1.076795160770e-05 5.153655250549e+03
     4.175840000000e+05 0.000000000000e+00-2.026331543585e-01 2.793967723846e-08
     9.507713340938e-01 1.670000000000e+02 1.387008562131e-01-7.891042979328e-09
    -4.435899058715e-10 1.000000000000e+00 2.066000000000e+03 0.000000000000e+00
     2.000000000000e+00 0.000000000000e+00 7.450580596924e-09 2.600000000000e+01
     4.104000000000e+05 0.000000000000e+00                                      
G21 2019 08 15 19 59 44-1.358557492495e-04 6.707523425575e-12 0.000000000000e+00
     6.000000000000e+00-2.690625000000e+01 4.989850704453e-09 2.180471743160e+00
    -1.650303602219e-06 2.450233243871e-02 4.358589649200e-07 5.153681268692e+03
     4.175840000000e+05 3.594905138016e-07 1.858464611048e+00-1.117587089539e-07
     9.492341100165e-01 3.630312500000e+02-1.421332398988e+00-8.194627053395e-09
    -1.517920370333e-10 1.000000000000e+00 2.066000000000e+03 0.000000000000e+00
     2.000000000000e+00 0.000000000000e+00-1.024454832077e-08 6.000000000000e+00
     4.137660000000e+05 4.000000000000e+00                                      
G09 2019 08 15 20 00 00-7.344409823418e-06-8.981260180008e-12 0.000000000000e+00
     3.000000000000e+01 2.721875000000e+01 4.735911662834e-09 3.372286967117e-01
     1.400709152222e-06 1.282357727177e-03 9.179115295410e-06 5.153619390488e+03
     4.176000000000e+05 5.587935447693e-09-2.284729920903e+00 4.097819328308e-08
     9.525463130802e-01 1.975937500000e+02 1.704610723559e+00-8.078193225458e-09
     4.818057619538e-10 1.000000000000e+00 2.066000000000e+03 0.000000000000e+00
     2.000000000000e+00 0.000000000000e+00 1.396983861923e-09 3.000000000000e+01
     4.103400000000e+05 0.000000000000e+00                                      
G02 2019 08 15 20 00 00-2.836254425347e-04-8.412825991400e-12 0.000000000000e+00
     8.300000000000e+01-2.443750000000e+01 4.927705354874e-09-1.998663395896e+00
    -9.015202522278e-07 1.898142870050e-02 5.271285772324e-07 5.153765697479e+03
     4.176000000000e+05 3.166496753693e-07 1.854508394873e+00 1.564621925354e-07
     9.554323490895e-01 3.607500000000e+02-1.723056561068e+00-8.267844187060e-09
     8.928943695530e-11 1.000000000000e+00 2.066000000000e+03 0.000000000000e+00
     2.000000000000e+00 0.000000000000e+00-2.048909664154e-08 8.300000000000e+01
     4.103400000000e+05 0.000000000000e+00                                      
G05 2019 08 15 20 00 00-6.393529474735e-07-2.273736754432e-13 0.000000000000e+00
     6.800000000000e+01-9.821875000000e+01 4.728053948355e-09 6.688538115317e-01
    -4.857778549194e-06 5.834752577357e-03 9.246170520782e-06 5.153751499176e+03
     4.176000000000e+05-7.450580596924e-09 2.939049876847e+00 3.725290298462e-08
     9.508259082527e-01 1.960937500000e+02 7.586702624159e-01-8.158910880240e-09
    -2.064371729116e-10 1.000000000000e+00 2.066000000000e+03 0.000000000000e+00
     2.000000000000e+00 0.000000000000e+00-1.117587089539e-08 6.800000000000e+01
     4.103400000000e+05 0.000000000000e+00                                      
G06 2019 08 15 20 00 00-2.598389983177e-05-1.182343112305e-11 0.000000000000e+00
     8.700000000000e+01-3.615625000000e+01 4.625192673302e-09-1.971195398806e+00
    -1.765787601471e-06 1.371017657220e-03 1.583248376846e-06 5.153635688782e+03
     4.176000000000e+05-3.166496753693e-08 1.916645022518e+00 7.636845111847e-08
     9.759893031977e-01 3.584687500000e+02-1.108174982062e+00-8.322489364332e-09
    -5.714523645950e-11 1.000000000000e+00 2.066000000000e+03 0.000000000000e+00
     2.000000000000e+00 0.000000000000e+00 4.190951585770e-09 8.700000000000e+01
     4.103400000000e+05 0.000000000000e+00                                      
G17 2019 08 15 20 00 00 1.074848696589e-04 6.934897101019e-12 0.000000000000e+00
     4.200000000000e+01 1.113125000000e+02 4.058026359388e-09-1.867791907544e-01
     5.697831511497e-06 1.298819354270e-02 6.757676601410e-06 5.153557773590e+03
     4.176000000000e+05-1.806765794754e-07 9.257224856344e-01 7.636845111847e-08
     9.841865144959e-01 2.660937500000e+02-1.704906901564e+00-8.140696117209e-09
     4.618049553873e-10 1.000000000000e+00 2.066000000000e+03 0.000000000000e+00
     2.000000000000e+00 0.000000000000e+00-1.117587089539e-08 4.200000000000e+01
     4.103400000000e+05 0.000000000000e+00                                      
G19 2019 08 15 20 00 00-2.804538235068e-04 5.002220859751e-12 0.000000000000e+00
     7.000000000000e+00 1.160625000000e+02 4.018738675171e-09 2.625286826465e+00
     5.861744284630e-06 9.542624582537e-03 5.841255187988e-06 5.153647237778e+03
     4.176000000000e+05 7.264316082001e-08 9.718175201919e-01-1.136213541031e-07
     9.820663029349e-01 2.765312500000e+02 1.480226104444e+00-7.787110511970e-09
     3.878732890428e-10 1.000000000000e+00 2.066000000000e+03 0.000000000000e+00
     2.000000000000e+00 0.000000000000e+00-1.536682248116e-08 7.000000000000e+00
     4.103400000000e+05 0.000000000000e+00                                      
G30 2019 08 15 20 00 00-2.030981704593e-05-7.730704965070e-12 0.000000000000e+00
     2.900000000000e+01-1.975000000000e+01 5.348794296367e-09-2.922912428978e+00
    -1.102685928345e-06 4.195932997391e-03 4.688277840614e-06 5.153759796143e+03
     4.176000000000e+05-3.911554813385e-08-1.181722537498e+00-1.490116119385e-08
     9.399273938516e-01 2.777812500000e+02-2.910516764214e+00-8.416422225821e-09
    -2.850118752118e-10 1.000000000000e+00 2.066000000000e+03 0.000000000000e+00
     2.000000000000e+00 0.000000000000e+00 3.725290298462e-09 2.900000000000e+01
     4.103400000000e+05 0.000000000000e+00                                      
G13 2019 08 15 20 00 00-4.950398579240e-05 1.932676241267e-12 0.000000000000e+00
     2.200000000000e+01 3.018750000000e+01 4.513045048782e-09-9.855912098985e-01
     1.473352313042e-06 3.633096348494e-03 7.811933755875e-06 5.153665897369e+03
     4.176000000000e+05-3.725290298462e-08-2.146253689910e+00 6.705522537231e-08
     9.677950572345e-01 2.305312500000e+02 1.226717750244e+00-7.988546713023e-09
     3.528718428569e-10 1.000000000000e+00 2.066000000000e+03 0.000000000000e+00
     2.000000000000e+00 0.000000000000e+00-1.117587089539e-08 2.200000000000e+01
     4.103400000000e+05 0.000000000000e+00                                      
G29 2019 08 15 20 00 00 1.241061836481e-04-1.000444171950e-11 0.000000000000e+00
     4.500000000000e+01 1.042187500000e+02 3.901234002512e-09 2.457001342825e-01
     5.286186933517e-06 1.228136592545e-03 6.081536412239e-06 5.153711656570e+03
     4.176000000000e+05-1.303851604462e-08 9.369868758472e-01 1.303851604462e-08
     9.856851658122e-01 2.721250000000e+02 1.922695318149e+00-7.892114517460e-09
     4.018024524211e-10 1.000000000000e+00 2.066000000000e+03 0.000000000000e+00
     2.000000000000e+00 0.000000000000e+00-9.778887033463e-09 4.500000000000e+01
     4.103400000000e+05 0.000000000000e+00                                      
G03 2019 08 15 20 00 00-1.876149326563e-06-2.955857780762e-12 0.000000000000e+00
     2.500000000000e+01-1.083437500000e+02 4.258748909081e-09 2.968312761775e+00
    -5.675479769707e-06 2.432288601995e-03 1.063756644726e-05 5.153740205765e+03
     4.176000000000e+05-4.470348358154e-08 2.966987927071e+00-7.823109626770e-08
     9.639588237485e-01 1.740625000000e+02 6.932706969358e-01-7.844612071040e-09
    -1.482204636805e-10 1.000000000000e+00 2.066000000000e+03 0.000000000000e+00
     2.000000000000e+00 0.000000000000e+00 1.862645149231e-09 2.500000000000e+01
     4.103400000000e+05 0.000000000000e+00                                      
G01 2019 08 15 20 00 00-9.775161743164e-05-1.148237060988e-11 0.000000000000e+00
     5.000000000000e+01-4.546875000000e+01 4.583048045204e-09-2.260683699442e+00
    -2.522021532059e-06 9.090495528653e-03 1.342967152596e-06 5.153646692276e+03
     4.176000000000e+05 1.061707735062e-07 1.924925943452e+00-7.823109626770e-08
     9.763628549405e-01 3.609062500000e+02 7.538515828872e-01-8.285345117881e-09
     1.785788670980e-11 1.000000000000e+00 2.066000000000e+03 0.000000000000e+00
     2.000000000000e+00 0.000000000000e+00 5.587935447693e-09 5.000000000000e+01
     4.104000000000e+05 0.000000000000e+00                                      
G16 2019 08 15 20 00 00-6.528105586767e-05-3.296918293927e-12 0.000000000000e+00
     4.800000000000e+01 2.471875000000e+01 3.661223933244e-09 8.694165081730e-01
     1.419335603714e-06 1.075060188305e-02 1.147948205471e-05 5.153624740601e+03
     4.176000000000e+05-1.098960638046e-07-8.845068519464e-02 1.229345798492e-07
     9.825143888909e-01 1.709375000000e+02 5.809253076308e-01-7.589601851667e-09
    -4.257320191617e-10 1.000000000000e+00 2.066000000000e+03 0.000000000000e+00
     2.000000000000e+00 0.000000000000e+00-1.071020960808e-08 4.800000000000e+01
     4.107600000000e+05 0.000000000000e+00                                      
G22 2019 08 15 20 00 00-7.441756315529e-04-4.433786671143e-12 0.000000000000e+00
     9.500000000000e+01-1.091875000000e+02 5.157000524057e-09-9.610241354727e-01
    -5.697831511497e-06 7.012356421910e-03 9.823590517044e-06 5.153742015839e+03
     4.176000000000e+05-1.322478055954e-07 2.891020096557e+00-5.029141902924e-08
     9.285214897213e-01 1.722812500000e+02-1.300400552457e+00-8.466781246852e-09
    -1.446488823494e-10 1.000000000000e+00 2.066000000000e+03 0.000000000000e+00
     2.000000000000e+00 0.000000000000e+00-1.816079020500e-08 9.500000000000e+01
     4.104000000000e+05 0.000000000000e+00                                      
G11 2019 08 15 20 00 00-5.342243239280e-04 1.011812855720e-11 0.000000000000e+00
     6.900000000000e+01 6.350000000000e+01 5.944890485690e-09-2.992970190410e+00
     3.170222043990e-06 1.677538023800e-02 5.215406417850e-08 5.153721841810e+03
     4.176000000000e+05 1.471489667890e-07 1.468635151420e+00 1.918524503710e-07
     9.099988841230e-01 3.469687500000e+02 1.926291005480e+00-8.807866883010e-09
     2.857261873570e-10 1.000000000000e+00 2.066000000000e+03 0.000000000000e+00
     2.000000000000e+00 0.000000000000e+00-1.210719347000e-08 6.900000000000e+01
     4.104180000000e+05 4.000000000000e+00                                      
G28 2019 08 15 20 00 00 7.646521553400e-04-9.094947017730e-13 0.000000000000e+00
     7.100000000000e+01 1.303125000000e+01 3.770157042170e-09 7.406784137380e-01
     6.612390279770e-07 1.902083063030e-02 1.196004450320e-05 5.153710910800e+03
     4.176000000000e+05-2.216547727580e-07-8.453788550230e-02-2.160668373110e-07
     9.814791124870e-01 1.638125000000e+02-1.460853204050e+00-7.899614764950e-09
    -4.135886561990e-10 1.000000000000e+00 2.066000000000e+03 0.000000000000e+00
     2.000000000000e+00 0.000000000000e+00-1.117587089540e-08 7.100000000000e+01
     4.104180000000e+05 4.000000000000e+00                                      
G15 2019 08 15 20 00 00-2.939035184680e-04 2.614797267600e-12 0.000000000000e+00
     7.300000000000e+01 2.615625000000e+01 5.276648365010e-09-9.619181685980e-01
     1.404434442520e-06 1.158082496840e-02 8.771196007730e-06 5.153741167070e+03
     4.176000000000e+05 1.899898052220e-07-2.366819103900e+00 1.899898052220e-07
     9.281334594780e-01 1.928125000000e+02 7.975447136930e-01-8.377134655570e-09
     3.568005764620e-10 1.000000000000e+00 2.066000000000e+03 0.000000000000e+00
     2.000000000000e+00 0.000000000000e+00-1.071020960810e-08 7.300000000000e+01
     4.170480000000e+05 4.000000000000e+00                                      
G12 2019 08 15 20 00 00 2.137543633580e-04-3.751665644810e-12 0.000000000000e+00
     2.200000000000e+01 1.490625000000e+01 3.619079320610e-09 2.697226137540e+00
     7.916241884230e-07 7.497694343330e-03 1.139007508750e-05 5.153599256520e+03
     4.176000000000e+05 6.891787052150e-08-1.073428151220e-01-2.421438694000e-08
     9.821845140300e-01 1.686875000000e+02 1.104481116840e+00-7.384593312240e-09
    -2.810831368120e-10 1.000000000000e+00 2.066000000000e+03 0.000000000000e+00
     2.000000000000e+00 0.000000000000e+00-1.257285475730e-08 2.200000000000e+01
     4.118280000000e+05 4.000000000000e+00                                      
G24 2019 08 15 20 00 00-8.358620107170e-07-5.684341886080e-13 0.000000000000e+00
     5.000000000000e+01-1.621875000000e+01 5.324150343660e-09-1.968455032860e+00
    -7.767230272290e-07 8.513520238920e-03 4.300847649570e-06 5.153696922300e+03
     4.176000000000e+05 2.980232238770e-08-1.276052576350e+00-1.043081283570e-07
     9.376583552460e-01 2.848750000000e+02 6.028037726940e-01-8.379991917440e-09
    -1.178620522850e-10 1.000000000000e+00 2.066000000000e+03 0.000000000000e+00
     2.000000000000e+00 0.000000000000e+00 2.793967723850e-09 5.000000000000e+01
     4.133280000000e+05 4.000000000000e+00                                      
G18 2019 08 15 20 00 00 7.813191041350e-05 2.955857780760e-12 0.000000000000e+00
     2.800000000000e+01-3.687500000000e+01 5.014137430380e-09-2.521007051660e+00
    -1.909211277960e-06 1.568911306090e-02 4.675239324570e-07 5.153680849080e+03
     4.176000000000e+05 1.899898052220e-07 1.868053418780e+00 8.195638656620e-08
     9.548895304100e-01 3.632812500000e+02 1.421435710260e+00-8.385349283460e-09
     7.214586230760e-11 1.000000000000e+00 2.066000000000e+03 0.000000000000e+00
     2.000000000000e+00 0.000000000000e+00-5.587935447690e-09 2.800000000000e+01
     4.104180000000e+05 4.000000000000e+00                                      
G08 2019 08 15 20 00 00-2.776272594930e-06-1.477928890380e-12 0.000000000000e+00
     4.600000000000e+01 1.183437500000e+02 4.223390206870e-09 4.791054661510e-02
     6.215646862980e-06 4.415968549440e-03 6.735324859620e-06 5.153787473680e+03
     4.176000000000e+05 8.009374141690e-08 8.570813818860e-01-6.332993507390e-08
     9.703102639920e-01 2.528437500000e+02-2.040136750400e-01-8.112837932260e-09
     4.207318108830e-10 1.000000000000e+00 2.066000000000e+03 0.000000000000e+00
     2.000000000000e+00 0.000000000000e+00 5.122274160390e-09 4.600000000000e+01
     4.104480000000e+05 4.000000000000e+00                                      
G27 2019 08 15 20 00 00-2.496503293510e-05-1.148237060990e-11 0.000000000000e+00
     3.400000000000e+01 1.166562500000e+02 4.095170580290e-09-8.481429948460e-02
     6.183981895450e-06 7.162025664000e-03 6.651505827900e-06 5.153653005600e+03
     4.176000000000e+05 1.266598701480e-07 8.690646090810e-01 6.519258022310e-08
     9.786201126670e-01 2.628750000000e+02 5.182805514820e-01-8.059978587600e-09
     4.225175995540e-10 1.000000000000e+00 2.066000000000e+03 0.000000000000e+00
     2.000000000000e+00 0.000000000000e+00 1.396983861920e-09 3.400000000000e+01
     4.134780000000e+05 4.000000000000e+00                                      
G21 2019 08 15 20 00 00-1.358557492495e-04 6.707523425575e-12 0.000000000000e+00
     1.080000000000e+02-2.690625000000e+01 4.989850704453e-09 2.182805571482e+00
    -1.650303602219e-06 2.450233523268e-02 4.358589649200e-07 5.153681264877e+03
     4.176000000000e+05 3.594905138016e-07 1.858464491089e+00-1.117587089539e-07
     9.492341202570e-01 3.630312500000e+02-1.421332480911e+00-8.194627053395e-09
    -1.517920370333e-10 1.000000000000e+00 2.066000000000e+03 0.000000000000e+00
     2.800000000000e+00 0.000000000000e+00-1.024454832077e-08 1.080000000000e+02
     4.104180000000e+05 4.000000000000e+00                                      
G25 2019 08 15 20 00 00-7.506459951401e-06-2.046363078989e-12 0.000000000000e+00
     9.100000000000e+01 1.003125000000e+01 3.904448350232e-09 2.327637412035e+00
     4.749745130539e-07 8.377120597288e-03 1.095235347748e-05 5.153678674698e+03
     4.176000000000e+05-3.725290298462e-09-1.726202313312e-01-1.247972249985e-07
     9.695505530779e-01 1.716562500000e+02 9.004051200245e-01-7.604245318769e-09
    -3.253706958526e-10 1.000000000000e+00 2.066000000000e+03 0.000000000000e+00
     2.000000000000e+00 0.000000000000e+00 5.587935447693e-09 9.100000000000e+01
     4.104180000000e+05 4.000000000000e+00                                      
G10 2019 08 15 20 00 00-1.555169001222e-05-1.421085471520e-11 0.000000000000e+00
     6.300000000000e+01-9.187500000000e+01 4.363753196408e-09 2.019637141216e+00
    -4.705041646957e-06 4.740756587125e-03 1.009367406368e-05 5.153671451569e+03
     4.176000000000e+05-1.247972249985e-07 2.963794894777e+00 9.499490261078e-08
     9.639603627384e-01 1.880625000000e+02-2.721712676863e+00-7.917115493925e-09
    -1.157191058795e-10 1.000000000000e+00 2.066000000000e+03 0.000000000000e+00
     2.000000000000e+00 0.000000000000e+00 1.862645149231e-09 6.300000000000e+01
     4.104180000000e+05 4.000000000000e+00                                      
G20 2019 08 15 20 00 00 5.264729261398e-04 1.136868377216e-13 0.000000000000e+00
     1.600000000000e+01-1.007812500000e+02 5.069139721445e-09-2.640229052709e+00
    -5.096197128296e-06 4.700146499090e-03 8.959323167801e-06 5.153627950668e+03
     4.176000000000e+05-5.774199962616e-08 2.842629091072e+00 7.078051567078e-08
     9.317843105223e-01 1.911562500000e+02 2.411228113672e+00-8.203913154484e-09
    -1.475061442230e-10 1.000000000000e+00 2.066000000000e+03 0.000000000000e+00
     2.000000000000e+00 0.000000000000e+00-8.847564458847e-09 1.600000000000e+01
     4.104180000000e+05 4.000000000000e+00                                      
G32 2019 08 15 20 00 00 2.039782702923e-05 1.443822839065e-11 0.000000000000e+00
     5.300000000000e+01 3.303125000000e+01 4.736983028643e-09 6.232849183872e-01
     1.763924956322e-06 3.222518716939e-03 8.717179298401e-06 5.153616323471e+03
     4.176000000000e+05-1.490116119385e-08-2.277652109650e+00 7.078051567078e-08
     9.567677504515e-01 2.096562500000e+02-2.486663443468e+00-8.105337619846e-09
     4.100170788571e-10 1.000000000000e+00 2.066000000000e+03 0.000000000000e+00
     2.000000000000e+00 0.000000000000e+00 4.656612873077e-10 5.300000000000e+01
     4.104180000000e+05 4.000000000000e+00                                      
G31 2019 08 15 20 00 00 1.712422817945e-05-2.614797267597e-12 0.000000000000e+00
     5.300000000000e+01-2.075000000000e+01 4.868417074827e-09 3.096844349232e+00
    -1.156702637672e-06 9.275316610001e-03 4.954636096954e-06 5.153662908554e+03
     4.176000000000e+05-1.005828380585e-07-1.194324090427e+00 1.862645149231e-08
     9.590200898476e-01 2.858750000000e+02 1.724951723163e-02-8.107837723985e-09
    -3.221562762449e-10 1.000000000000e+00 2.066000000000e+03 0.000000000000e+00
     2.000000000000e+00 0.000000000000e+00-1.350417733192e-08 5.300000000000e+01
     4.116480000000e+05 4.000000000000e+00                                      
G14 2019 08 15 20 00 00-6.640097126365e-05 1.932676241267e-12 0.000000000000e+00
     6.900000000000e+01 3.571875000000e+01 4.774841748467e-09-3.285805218976e-01
     1.905485987663e-06 1.079526939429e-02 8.113682270050e-06 5.153731872559e+03
     4.176000000000e+05-6.332993507385e-08-2.191226110391e+00 1.322478055954e-07
     9.604120373821e-01 2.247500000000e+02-1.930672607509e+00-8.288916695223e-09
     4.435899058715e-10 1.000000000000e+00 2.066000000000e+03 0.000000000000e+00
     2.000000000000e+00 0.000000000000e+00-9.778887033463e-09 6.900000000000e+01
     4.124520000000e+05 4.000000000000e+00                                      
G04 2019 08 15 20 00 00 9.890040382743e-05 4.547473508865e-11 0.000000000000e+00
     3.900000000000e+01 1.137500000000e+02 4.526974280935e-09 4.486011079796e-02
     6.083399057388e-06 1.465132017620e-02 7.536262273788e-06 5.153677814484e+03
     4.176000000000e+05 1.247972249985e-07 7.662964016981e-01 2.458691596985e-07
     9.589292718932e-01 2.373750000000e+02 6.755807711423e-01-8.321418049035e-09
     3.607293115380e-10 1.000000000000e+00 2.066000000000e+03 0.000000000000e+00
     2.000000000000e+00 6.300000000000e+01-5.587935447693e-09 3.900000000000e+01
     4.173180000000e+05 4.000000000000e+00                                      
G21 2019 08 15 21 59 44-1.358077861369e-04 6.707523425575e-12 0.000000000000e+00
     3.000000000000e+01-2.471875000000e+01 4.971993039504e-09-3.052542467492e+00
    -1.445412635803e-06 2.450206910726e-02 3.650784492493e-07 5.153681861877e+03
     4.247840000000e+05 4.153698682785e-07 1.858404521688e+00 2.030283212662e-07
     9.492334180563e-01 3.615937500000e+02-1.421323445929e+00-8.211770818889e-09
     5.321650412005e-11 1.000000000000e+00 2.066000000000e+03 0.000000000000e+00
     2.000000000000e+00 0.000000000000e+00-1.024454832077e-08 3.000000000000e+01
     4.175100000000e+05 0.000000000000e+00                                      
G07 2019 08 15 22 00 00-8.593453094363e-05-7.844391802792e-12 0.000000000000e+00
     5.900000000000e+01-1.984375000000e+01 4.967707134540e-09-1.832526662423e+00
    -1.104548573494e-06 1.311978953891e-02 4.611909389496e-06 5.153727642059e+03
     4.248000000000e+05 1.136213541031e-07-1.208771221305e+00-1.583248376846e-07
     9.544911280782e-01 2.858125000000e+02-2.438177743295e+00-8.111052274273e-09
    -1.882221323246e-10 1.000000000000e+00 2.066000000000e+03 0.000000000000e+00
     2.000000000000e+00 0.000000000000e+00-1.117587089539e-08 5.900000000000e+01
     4.175400000000e+05 0.000000000000e+00                                      
G02 2019 08 15 22 00 00-2.836855128407e-04-8.412825991400e-12 0.000000000000e+00
     8.400000000000e+01-1.984375000000e+01 5.175215367359e-09-9.486202534984e-01
    -6.053596735001e-07 1.898146048188e-02 1.678243279457e-06 5.153762594223e+03
     4.248000000000e+05-2.570450305939e-07 1.854447082513e+00 3.427267074585e-07
     9.554300976586e-01 3.499062500000e+02-1.722970250364e+00-8.868941137052e-09
     4.607334652684e-11 1.000000000000e+00 2.066000000000e+03 0.000000000000e+00
     2.000000000000e+00 0.000000000000e+00-2.048909664154e-08 8.400000000000e+01
     4.175400000000e+05 0.000000000000e+00                                      
G05 2019 08 15 22 00 00-6.412155926228e-07-2.273736754432e-13 0.000000000000e+00
     9.500000000000e+01-1.155937500000e+02 4.649122420375e-09 1.718500236878e+00
    -5.861744284630e-06 5.835594492964e-03 1.003965735435e-05 5.153757087708e+03
     4.248000000000e+05-1.490116119385e-07 2.938990731069e+00 2.235174179077e-08
     9.508248695809e-01 1.837187500000e+02 7.591574170622e-01-8.089980241266e-09
    -1.125046861228e-10 1.000000000000e+00 2.066000000000e+03 0.000000000000e+00
     2.000000000000e+00 0.000000000000e+00-1.117587089539e-08 9.500000000000e+01
     4.175400000000e+05 0.000000000000e+00                                      
G06 2019 08 15 22 00 00-2.606911584735e-05-1.182343112305e-11 0.000000000000e+00
     9.100000000000e+01-3.659375000000e+01 4.586262480899e-09-9.209546820077e-01
    -2.071261405945e-06 1.370908692479e-03 1.583248376846e-06 5.153635757446e+03
     4.248000000000e+05-5.029141902924e-08 1.916584615705e+00 1.862645149231e-09
     9.759887399743e-01 3.601250000000e+02-1.108210931811e+00-8.386063399257e-09
    -3.107272425473e-11 1.000000000000e+00 2.066000000000e+03 0.000000000000e+00
     2.800000000000e+00 0.000000000000e+00 4.190951585770e-09 9.100000000000e+01
     4.175400000000e+05 0.000000000000e+00                                      
G09 2019 08 15 22 00 00-7.408671081066e-06-8.981260180008e-12 0.000000000000e+00
     3.300000000000e+01 3.165625000000e+01 4.772341632986e-09 1.387884020586e+00
     1.506879925728e-06 1.281924662180e-03 9.251758456230e-06 5.153618057251e+03
     4.248000000000e+05-1.676380634308e-08-2.284788095304e+00 5.587935447693e-09
     9.525499835417e-01 1.950000000000e+02 1.704171621383e+00-8.048192334797e-09
     5.021637550229e-10 1.000000000000e+00 2.066000000000e+03 0.000000000000e+00
     2.000000000000e+00 0.000000000000e+00 1.396983861923e-09 3.300000000000e+01
     4.175400000000e+05 0.000000000000e+00                                      
G13 2019 08 15 22 00 00-4.948955029249e-05 1.932676241267e-12 0.000000000000e+00
     8.000000000000e+01 3.093750000000e+01 4.631978800518e-09 6.455686029807e-02
     1.765787601471e-06 3.633265267126e-03 7.925555109978e-06 5.153666067123e+03
     4.248000000000e+05 5.401670932770e-08-2.146312145190e+00-3.725290298462e-08
     9.677975076223e-01 2.275625000000e+02 1.226756283506e+00-8.092479575339e-09
     4.350181326274e-10 1.000000000000e+00 2.066000000000e+03 0.000000000000e+00
     2.000000000000e+00 0.000000000000e+00-1.117587089539e-08 8.000000000000e+01
     4.175400000000e+05 0.000000000000e+00                                      
G29 2019 08 15 22 00 00 1.240340061486e-04-1.000444171950e-11 0.000000000000e+00
     7.500000000000e+01 1.065000000000e+02 3.853017460642e-09 1.296429616400e+00
     5.582347512245e-06 1.227733213454e-03 6.493180990219e-06 5.153710178375e+03
     4.248000000000e+05 7.450580596924e-09 9.369300751269e-01-2.607703208923e-08
     9.856882671985e-01 2.660000000000e+02 1.922119112753e+00-7.853541816871e-09
     4.146601395583e-10 1.000000000000e+00 2.066000000000e+03 0.000000000000e+00
     2.000000000000e+00 0.000000000000e+00-9.778887033463e-09 7.500000000000e+01
     4.175400000000e+05 0.000000000000e+00                                      
G30 2019 08 15 22 00 00-2.036569640040e-05-7.730704965070e-12 0.000000000000e+00
     3.000000000000e+01-2.075000000000e+01 5.363794741697e-09-1.872799618033e+00
    -1.152977347374e-06 4.196046153083e-03 4.667788743973e-06 5.153759523392e+03
     4.248000000000e+05-1.490116119385e-08-1.181783334911e+00-3.911554813385e-08
     9.399253560067e-01 2.780000000000e+02-2.910495092546e+00-8.435708132026e-09
    -2.692969180984e-10 1.000000000000e+00 2.066000000000e+03 0.000000000000e+00
     2.000000000000e+00 0.000000000000e+00 3.725290298462e-09 3.000000000000e+01
     4.175400000000e+05 0.000000000000e+00                                      
G15 2019 08 15 22 00 00-2.938848920166e-04 2.614797267597e-12 0.000000000000e+00
     8.800000000000e+01 2.078125000000e+01 5.461656016337e-09 8.819565614880e-02
     1.290813088417e-06 1.157986593898e-02 8.914619684219e-06 5.153739187241e+03
     4.248000000000e+05 1.862645149231e-09-2.366880518668e+00 1.024454832077e-07
     9.281353568831e-01 1.879687500000e+02 7.975773996715e-01-8.561428010978e-09
     3.810873006049e-10 1.000000000000e+00 2.066000000000e+03 0.000000000000e+00
     2.000000000000e+00 0.000000000000e+00-1.071020960808e-08 8.800000000000e+01
     4.175400000000e+05 0.000000000000e+00                                      
G28 2019 08 15 22 00 00 7.646451704204e-04-9.094947017729e-13 0.000000000000e+00
     7.400000000000e+01 1.793750000000e+01 3.626579703209e-09 1.790909078826e+00
     7.990747690201e-07 1.902033074293e-02 1.199729740620e-05 5.153707973480e+03
     4.248000000000e+05 3.557652235031e-07-8.459333594913e-02-3.222376108170e-07
     9.814788784206e-01 1.535625000000e+02-1.460930355419e+00-7.334591156649e-09
    -3.710868834439e-10 1.000000000000e+00 2.066000000000e+03 0.000000000000e+00
     2.000000000000e+00 0.000000000000e+00-1.117587089539e-08 7.400000000000e+01
     4.175400000000e+05 0.000000000000e+00                                      
G24 2019 08 15 22 00 00-8.400529623032e-07-5.684341886081e-13 0.000000000000e+00
     5.100000000000e+01-1.137500000000e+01 5.492728938350e-09-9.183631226303e-01
    -6.575137376785e-07 8.513442706317e-03 4.239380359650e-06 5.153695596695e+03
     4.248000000000e+05 2.142041921616e-07-1.276112422862e+00 9.872019290924e-08
     9.376563378816e-01 2.857500000000e+02 6.028846398795e-01-8.577142551758e-09
    -2.732256643156e-10 1.000000000000e+00 2.066000000000e+03 0.000000000000e+00
     2.000000000000e+00 0.000000000000e+00 2.793967723846e-09 5.100000000000e+01
     4.175400000000e+05 0.000000000000e+00                                      
G08 2019 08 15 22 00 00-2.786517143250e-06-1.477928890381e-12 0.000000000000e+00
     4.700000000000e+01 1.140625000000e+02 4.133386457851e-09 1.098107397815e+00
     5.960464477539e-06 4.415805567987e-03 6.772577762604e-06 5.153786819458e+03
     4.248000000000e+05 9.685754776001e-08 8.570238731129e-01 1.173466444016e-07
     9.703137120894e-01 2.533750000000e+02-2.041019519055e-01-7.965331788041e-09
     3.575148919303e-10 1.000000000000e+00 2.066000000000e+03 0.000000000000e+00
     2.000000000000e+00 0.000000000000e+00 5.122274160385e-09 4.700000000000e+01
     4.238700000000e+05 0.000000000000e+00                                      
G16 2019 08 15 22 00 00-6.530480459332e-05-3.296918293927e-12 0.000000000000e+00
     8.700000000000e+01 2.021875000000e+01 3.675510242612e-09 1.919577705134e+00
     1.015141606331e-06 1.075045857579e-02 1.158751547337e-05 5.153625562668e+03
     4.248000000000e+05-1.750886440277e-07-8.850540710832e-02 5.587935447693e-09
     9.825113240775e-01 1.712500000000e+02 5.809689684209e-01-7.543528503955e-09
    -4.153744448700e-10 1.000000000000e+00 2.066000000000e+03 0.000000000000e+00
     2.000000000000e+00 0.000000000000e+00-1.071020960808e-08 8.700000000000e+01
     4.176000000000e+05 0.000000000000e+00                                      
G23 2019 08 15 22 00 00-1.720259897411e-04 1.932676241267e-12 0.000000000000e+00
     2.400000000000e+01 3.525000000000e+01 5.112712965017e-09-3.868015117898e-01
     1.853331923485e-06 1.325023849495e-02 8.819624781609e-06 5.153776782990e+03
     4.248000000000e+05-6.146728992462e-08-2.290677576738e+00 1.825392246246e-07
     9.433635397237e-01 1.996562500000e+02-2.234240438431e+00-8.468567035523e-09
     4.639478967207e-10 1.000000000000e+00 2.066000000000e+03 0.000000000000e+00
     2.000000000000e+00 0.000000000000e+00-2.002343535423e-08 2.400000000000e+01
     4.176000000000e+05 0.000000000000e+00                                      
G17 2019 08 15 22 00 00 1.075346954170e-04 6.934897101020e-12 0.000000000000e+00
     8.200000000000e+01 1.150000000000e+02 3.964450849580e-09 8.634826608220e-01
     5.932524800300e-06 1.298879040410e-02 6.701797246930e-06 5.153558746340e+03
     4.248000000000e+05-1.732259988780e-07 9.256643170860e-01-6.705522537230e-08
     9.841893540200e-01 2.606875000000e+02-1.704921748720e+00-8.142839181940e-09
     3.635865734120e-10 1.000000000000e+00 2.066000000000e+03 0.000000000000e+00
     2.000000000000e+00 0.000000000000e+00-1.117587089540e-08 8.200000000000e+01
     4.176180000000e+05 4.000000000000e+00                                      
G19 2019 08 15 22 00 00-2.804175019260e-04 5.002220859750e-12 0.000000000000e+00
     2.100000000000e+01 1.232812500000e+02 3.960879272230e-09-2.607753330500e+00
     6.223097443580e-06 9.542209445500e-03 5.714595317840e-06 5.153648008350e+03
     4.248000000000e+05 1.192092895510e-07 9.717607999320e-01 1.676380634310e-08
     9.820694760040e-01 2.747500000000e+02 1.480273760460e+00-7.801753545780e-09
     4.982350392040e-10 1.000000000000e+00 2.066000000000e+03 0.000000000000e+00
     2.000000000000e+00 0.000000000000e+00-1.536682248120e-08 2.100000000000e+01
     4.176180000000e+05 4.000000000000e+00                                      
G12 2019 08 15 22 00 00 2.137273550030e-04-3.751665644810e-12 0.000000000000e+00
     2.300000000000e+01 1.584375000000e+01 3.610150377250e-09-2.535701225520e+00
     9.331852197650e-07 7.497038575820e-03 1.179054379460e-05 5.153600517270e+03
     4.248000000000e+05-2.793967723850e-08-1.073953280290e-01-6.891787052150e-08
     9.821823123390e-01 1.627500000000e+02 1.104442705000e+00-7.343163015070e-09
    -3.671581507540e-10 1.000000000000e+00 2.066000000000e+03 0.000000000000e+00
     2.000000000000e+00 0.000000000000e+00-1.257285475730e-08 2.300000000000e+01
     4.245180000000e+05 4.000000000000e+00                                      
G04 2019 08 15 22 00 00 9.922776371241e-05 4.547473508865e-11 0.000000000000e+00
     4.000000000000e+01 1.113437500000e+02 4.376610874839e-09 1.094981958188e+00
     5.804002285004e-06 1.465173601173e-02 7.776543498039e-06 5.153679355621e+03
     4.248000000000e+05-1.601874828339e-07 7.662382404640e-01 1.210719347000e-07
     9.589312307405e-01 2.288750000000e+02 6.756361645353e-01-8.207484731826e-09
     1.300054152474e-10 1.000000000000e+00 2.066000000000e+03 0.000000000000e+00
     2.000000000000e+00 6.300000000000e+01-5.587935000000e-09 4.000000000000e+01
     4.210500000000e+05 4.000000000000e+00                                      
G27 2019 08 15 22 00 00-2.504792064428e-05-1.148237060988e-11 0.000000000000e+00
     8.500000000000e+01 1.113125000000e+02 3.994094941515e-09 9.653717056407e-01
     5.722045898438e-06 7.161395624280e-03 6.699934601784e-06 5.153651956558e+03
     4.248000000000e+05-8.195638656616e-08 8.690078756547e-01 1.024454832077e-07
     9.786230238742e-01 2.600625000000e+02 5.182849241446e-01-7.942830850787e-09
     2.767972440020e-10 1.000000000000e+00 2.066000000000e+03 0.000000000000e+00
     2.000000000000e+00 0.000000000000e+00 1.396984000000e-09 8.500000000000e+01
     4.198200000000e+05 4.000000000000e+00                                      
G25 2019 08 15 22 00 00-7.521361112590e-06-2.046363078990e-12 0.000000000000e+00
     9.200000000000e+01 2.906250000000e+00 3.914805924520e-09-2.905323248500e+00
     2.365559339520e-07 8.378172060470e-03 1.113861799240e-05 5.153676570890e+03
     4.248000000000e+05-1.862645149230e-09-1.726742247120e-01-1.862645149230e-08
     9.695484216060e-01 1.674062500000e+02 9.003544869670e-01-7.508884203740e-09
    -3.721583590320e-10 1.000000000000e+00 2.066000000000e+03 0.000000000000e+00
     2.000000000000e+00 0.000000000000e+00 5.587935447690e-09 9.200000000000e+01
     4.211160000000e+05 4.000000000000e+00                                      
G03 2019 08 15 22 00 00-1.897569745780e-06-2.955857780760e-12 0.000000000000e+00
     2.600000000000e+01-1.049062500000e+02 4.299821961990e-09-2.264789106930e+00
    -5.438923835750e-06 2.431975910440e-03 1.056864857670e-05 5.153740652080e+03
     4.248000000000e+05 8.195638656620e-08 2.966930740140e+00-3.352761268620e-08
     9.639578787030e-01 1.761250000000e+02 6.933256426760e-01-7.897471818540e-09
    -5.250218692680e-11 1.000000000000e+00 2.066000000000e+03 0.000000000000e+00
     2.000000000000e+00 0.000000000000e+00 1.862645149230e-09 2.600000000000e+01
     4.176180000000e+05 4.000000000000e+00                                      
G11 2019 08 15 22 00 00-5.341516807680e-04 1.011812855720e-11 0.000000000000e+00
     8.500000000000e+01 5.812500000000e+01 5.829528537550e-09-1.942818021120e+00
     3.518536686900e-06 1.677485590330e-02 5.867332220080e-07 5.153722406390e+03
     4.248000000000e+05 2.048909664150e-08 1.468571767570e+00 3.278255462650e-07
     9.100005679420e-01 3.421562500000e+02 1.926299190500e+00-8.909656837260e-09
     2.732256666600e-10 1.000000000000e+00 2.066000000000e+03 0.000000000000e+00
     2.000000000000e+00 0.000000000000e+00-1.210719347000e-08 8.500000000000e+01
     4.176180000000e+05 4.000000000000e+00                                      
G22 2019 08 15 22 00 00-7.442072965200e-04-4.433786671140e-12 0.000000000000e+00
     9.600000000000e+01-1.065625000000e+02 5.265219317520e-09 8.908223424410e-02
    -5.550682544710e-06 7.010710192840e-03 9.346753358840e-06 5.153738943100e+03
     4.248000000000e+05-5.029141902920e-08 2.890958738850e+00-4.097819328310e-08
     9.285206353770e-01 1.850937500000e+02-1.300362311780e+00-8.495711023320e-09
    -1.017899542460e-10 1.000000000000e+00 2.066000000000e+03 0.000000000000e+00
     2.000000000000e+00 0.000000000000e+00-1.816079020500e-08 9.600000000000e+01
     4.176180000000e+05 4.000000000000e+00                                      
G01 2019 08 15 22 00 00-9.783450514080e-05-1.148237060990e-11 0.000000000000e+00
     5.300000000000e+01-4.187500000000e+01 4.532331646950e-09-1.210525321520e+00
    -2.004206180570e-06 9.090289822780e-03 1.342967152600e-06 5.153646085740e+03
     4.248000000000e+05 1.657754182820e-07 1.924866431940e+00 1.117587089540e-08
     9.763627905720e-01 3.581250000000e+02 7.538905681910e-01-8.338204462540e-09
    -1.535778257040e-11 1.000000000000e+00 2.066000000000e+03 0.000000000000e+00
     2.000000000000e+00 0.000000000000e+00 5.587935447690e-09 5.300000000000e+01
     4.176180000000e+05 4.000000000000e+00                                      
G10 2019 08 15 22 00 00-1.565366983414e-05-1.421085471520e-11 0.000000000000e+00
     8.700000000000e+01-9.237500000000e+01 4.267320608175e-09 3.069768240100e+00
    -4.723668098450e-06 4.740318167023e-03 9.924173355103e-06 5.153672369003e+03
     4.248000000000e+05-8.009374141693e-08 2.963738218404e+00-4.284083843231e-08
     9.639603393317e-01 1.917812500000e+02-2.721663088329e+00-7.782824185867e-09
    -7.107438910502e-11 1.000000000000e+00 2.066000000000e+03 0.000000000000e+00
     2.000000000000e+00 0.000000000000e+00 1.862645149231e-09 8.700000000000e+01
     4.176180000000e+05 4.000000000000e+00                                      
G14 2019 08 15 22 00 00-6.638700142503e-05 1.932676241267e-12 0.000000000000e+00
     7.000000000000e+01 3.471875000000e+01 4.766984278315e-09 7.215404184832e-01
     1.884996891022e-06 1.079583121464e-02 8.452683687210e-06 5.153733041763e+03
     4.248000000000e+05-1.396983861923e-07-2.191285326389e+00 6.332993507385e-08
     9.604149763845e-01 2.200000000000e+02-1.930646750432e+00-8.263915653829e-09
     3.735869899691e-10 1.000000000000e+00 2.066000000000e+03 0.000000000000e+00
     2.000000000000e+00 0.000000000000e+00-9.778887033463e-09 7.000000000000e+01
     4.176180000000e+05 4.000000000000e+00                                      
G20 2019 08 15 22 00 00 5.264743231237e-04 1.136868377216e-13 0.000000000000e+00
     1.700000000000e+01-1.014375000000e+02 5.073425614255e-09-1.589965268618e+00
    -5.267560482025e-06 4.699789569713e-03 8.951872587204e-06 5.153628677368e+03
     4.248000000000e+05-1.154839992523e-07 2.842569335257e+00-5.587935447693e-08
     9.317828476043e-01 1.950625000000e+02 2.411176882281e+00-8.327132572782e-09
    -1.085759511956e-10 1.000000000000e+00 2.066000000000e+03 0.000000000000e+00
     2.000000000000e+00 0.000000000000e+00-8.847564458847e-09 1.700000000000e+01
     4.176180000000e+05 4.000000000000e+00                                      
G32 2019 08 15 22 00 00 2.050213515759e-05 1.443822839065e-11 0.000000000000e+00
     5.400000000000e+01 2.965625000000e+01 4.714124933654e-09 1.673305651805e+00
     1.568347215652e-06 3.222695668228e-03 8.953735232353e-06 5.153617557526e+03
     4.248000000000e+05-1.098960638046e-07-2.277710646854e+00 6.146728992462e-08
     9.567708284311e-01 2.062500000000e+02-2.486466783391e+00-8.070693319629e-09
     4.521616914922e-10 1.000000000000e+00 2.066000000000e+03 0.000000000000e+00
     2.000000000000e+00 0.000000000000e+00 4.656612873077e-10 5.400000000000e+01
     4.176180000000e+05 4.000000000000e+00                                      
G31 2019 08 15 22 00 00 1.710560172796e-05-2.614797267597e-12 0.000000000000e+00
     5.400000000000e+01-2.028125000000e+01 4.974850079617e-09-2.136147490477e+00
    -1.067295670509e-06 9.275157935917e-03 4.831701517105e-06 5.153663208008e+03
     4.248000000000e+05-5.774199962616e-08-1.194383534640e+00-1.732259988785e-07
     9.590174068558e-01 2.869687500000e+02 1.724661041341e-02-8.259986918753e-09
    -2.389385241772e-10 1.000000000000e+00 2.066000000000e+03 0.000000000000e+00
     2.000000000000e+00 0.000000000000e+00-1.350417733192e-08 5.400000000000e+01
     4.176180000000e+05 4.000000000000e+00                                      
G26 2019 08 15 22 00 00 1.594703644514e-05 8.981260180008e-12 0.000000000000e+00
     2.700000000000e+01 4.531250000000e+00 4.429827377234e-09 2.853311627562e+00
     2.216547727585e-07 3.800659789704e-03 1.064501702785e-05 5.153656518936e+03
     4.248000000000e+05-1.862645149231e-08-2.026901028335e-01 3.539025783539e-08
     9.507681741907e-01 1.696875000000e+02 1.388105297186e-01-7.890685821594e-09
    -4.371610666560e-10 1.000000000000e+00 2.066000000000e+03 0.000000000000e+00
     2.000000000000e+00 0.000000000000e+00 7.450580596924e-09 2.700000000000e+01
     4.181580000000e+05 4.000000000000e+00                                      
G18 2019 08 15 22 00 00 7.815239951010e-05 2.955857780760e-12 0.000000000000e+00
     2.900000000000e+01-2.731250000000e+01 5.033781105760e-09-1.470938205790e+00
    -9.182840585710e-07 1.568951236550e-02 1.177191734310e-06 5.153677547450e+03
     4.248000000000e+05 1.229345798490e-07 1.867993142170e+00 3.185123205180e-07
     9.548891968650e-01 3.531875000000e+02 1.421547129030e+00-8.560713730950e-09
     8.571785620710e-12 1.000000000000e+00 2.066000000000e+03 0.000000000000e+00
     2.000000000000e+00 0.000000000000e+00-5.587935447690e-09 2.900000000000e+01
     4.176180000000e+05 4.000000000000e+00                                      
