     3.04           N: GNSS NAV DATA    C: BDS              RINEX VERSION / TYPE
BNC 2.12.9          BKG Frankfurt       20190816 091838 UTC PGM / RUN BY / DATE
Concatenated RINEX files (17)                               COMMENT
                                                            END OF HEADER
C05 2019 08 15 00 00 00-2.207824727520e-04-5.381917134173e-11-6.234162491792e-19
     1.000000000000e+00-3.432031250000e+02 2.382242087088e-10 4.859437391987e-01
    -1.140544191003e-05 5.388453137130e-04 2.479087561369e-05 6.493480005264e+03
     3.456000000000e+05-1.625157892704e-07 2.936195366723e+00 1.676380634308e-08
     9.701822542708e-02-7.604375000000e+02-2.330718266308e+00 7.875328039024e-10
     5.335936548889e-10 0.000000000000e+00 7.100000000000e+02 0.000000000000e+00
     2.000000000000e+00 0.000000000000e+00-3.000000000000e-10-9.100000000000e-09
     3.456004000000e+05 0.000000000000e+00                                      
C10 2019 08 15 00 00 00-8.188723586500e-05-3.514344371069e-11 0.000000000000e+00
     1.000000000000e+00 1.094843750000e+02 9.428964182777e-10-1.623342891525e+00
     3.315508365631e-06 6.386887049302e-03 2.341857179999e-05 6.493206052780e+03
     3.456000000000e+05 1.071020960808e-07-3.070023383254e-01-3.213062882423e-08
     9.091559960765e-01-4.776718750000e+02-2.622536562420e+00-1.586494655299e-09
    -9.061091716555e-10 0.000000000000e+00 7.100000000000e+02 0.000000000000e+00
     2.000000000000e+00 0.000000000000e+00 6.000000000000e-09 2.600000000000e-09
     3.456000000000e+05 0.000000000000e+00                                      
C14 2019 08 15 00 00 00 5.111660575494e-04-4.575007039875e-12 1.165517335422e-18
     9.000000000000e+00-6.389062500000e+01 3.654080778560e-09-3.088642993487e+00
    -3.154855221510e-06 2.028090413660e-03 1.162337139249e-05 5.282624505997e+03
     3.456000000000e+05 7.683411240578e-08-3.010426602294e+00-1.816079020500e-08
     9.598863904353e-01 1.254687500000e+02-1.960744139424e+00-6.525271803762e-09
     3.246563803842e-10 0.000000000000e+00 7.100000000000e+02 0.000000000000e+00
     2.000000000000e+00 0.000000000000e+00 5.800000000000e-09 6.000000000000e-10
     3.460800000000e+05 8.000000000000e+00                                      
C19 2019 08 15 00 00 00 1.727140042931e-04 9.796607969292e-12 0.000000000000e+00
     1.000000000000e+00-6.507812500000e+01 3.590149544139e-09-1.619492826148e+00
    -3.183260560036e-06 8.309199474752e-04 1.293094828725e-05 5.282629077911e+03
     3.456000000000e+05-7.543712854385e-08-3.012802593378e+00 1.769512891769e-08
     9.625968397021e-01 1.025468750000e+02-1.127700516019e+00-6.499913604635e-09
     3.625151002090e-10 0.000000000000e+00 7.100000000000e+02 0.000000000000e+00
     2.000000000000e+00 0.000000000000e+00 8.800000000000e-09 8.800000000000e-09
     3.456000000000e+05 1.000000000000e+00                                      
C21 2019 08 15 00 00 00 3.606836544350e-04-1.657696202528e-11 0.000000000000e+00
     1.000000000000e+00-7.339062500000e+01 3.560862609935e-09 2.822447884546e+00
    -3.483612090349e-06 7.243448635563e-04 1.244712620974e-05 5.282635070801e+03
     3.456000000000e+05 3.725290298462e-09-3.010110598823e+00 7.450580596924e-08
     9.618823753818e-01 1.091562500000e+02-8.564208714469e-01-6.524914646028e-09
     3.671581507536e-10 0.000000000000e+00 7.100000000000e+02 0.000000000000e+00
     2.000000000000e+00 0.000000000000e+00 1.070000000000e-08 1.070000000000e-08
     3.456000000000e+05 1.000000000000e+00                                      
C22 2019 08 15 00 00 00 8.213333785534e-06-3.826450267752e-11 0.000000000000e+00
     1.000000000000e+00-6.757812500000e+01 3.606935957646e-09 3.019259000919e+00
    -3.213994204998e-06 6.894664838910e-04 1.273723319173e-05 5.282631843567e+03
     3.456000000000e+05 2.468004822731e-08-3.010199819271e+00 2.048909664154e-08
     9.618914557144e-01 1.031406250000e+02-2.713284445931e-01-6.467055093088e-09
     3.832302487924e-10 0.000000000000e+00 7.100000000000e+02 0.000000000000e+00
     2.000000000000e+00 0.000000000000e+00 1.250000000000e-08 1.250000000000e-08
     3.456000000000e+05 1.000000000000e+00                                      
C26 2019 08 15 00 00 00 3.520105965436e-04 1.359001799983e-11 0.000000000000e+00
     1.000000000000e+00-4.243750000000e+01 4.187674433449e-09-3.229824830026e-02
    -2.277083694935e-06 4.883129149675e-04 6.808899343014e-06 5.282615743637e+03
     3.456000000000e+05 1.303851604462e-08-9.234337693174e-01-5.587935447693e-09
     9.562718651101e-01 2.198593750000e+02-1.156140822592e-01-6.908144894821e-09
    -7.221729385445e-10 0.000000000000e+00 7.100000000000e+02 0.000000000000e+00
     2.000000000000e+00 0.000000000000e+00-6.000000000000e-09-6.000000000000e-09
     3.472200000000e+05 1.000000000000e+00                                      
C27 2019 08 15 00 00 00 1.717283157632e-04 6.657785434072e-12 0.000000000000e+00
     1.000000000000e+00 8.554687500000e+01 3.841588589013e-09-1.058199788440e-01
     4.288274794817e-06 5.879040108994e-04 1.275911927223e-06 5.282615396500e+03
     3.456000000000e+05 3.725290298462e-09 1.203396033109e+00 3.958120942116e-08
     9.644633227515e-01 3.369531250000e+02 1.025125624483e+00-7.099224282616e-09
     3.003696544589e-10 0.000000000000e+00 7.100000000000e+02 0.000000000000e+00
     2.000000000000e+00 0.000000000000e+00-5.700000000000e-09-5.700000000000e-09
     3.456000000000e+05 1.000000000000e+00                                      
C29 2019 08 15 00 00 00 1.044718082994e-04 4.941824727211e-12 0.000000000000e+00
     1.000000000000e+00 1.034218750000e+02 3.886947621256e-09-2.413820111925e+00
     5.198642611504e-06 2.533517545089e-04 1.150183379650e-06 5.282617313385e+03
     3.456000000000e+05-9.313225746155e-10 1.165344781928e+00-3.539025783539e-08
     9.638002273366e-01 3.364843750000e+02 1.759967637305e+00-7.201014236861e-09
     3.525146836515e-10 0.000000000000e+00 7.100000000000e+02 0.000000000000e+00
     2.000000000000e+00 0.000000000000e+00-1.300000000000e-09-1.300000000000e-09
     3.462000000000e+05 1.000000000000e+00                                      
C12 2019 08 15 00 00 00-2.282731002200e-04-7.494449505430e-12 6.098637220230e-19
     1.400000000000e+01 1.034375000000e+02 3.435500245230e-09 1.257833905150e-01
     5.154404789210e-06 2.446502330710e-03 1.912005245690e-06 5.282612209320e+03
     3.456000000000e+05-5.261972546580e-08 1.187996977050e+00 4.889443516730e-08
     9.872298200500e-01 3.356718750000e+02-2.349055603570e+00-6.962075712680e-09
     3.568005764620e-10 0.000000000000e+00 7.100000000000e+02 0.000000000000e+00
     2.000000000000e+00 0.000000000000e+00 2.499999984810e-09-4.000000000000e-10
     3.456000000000e+05 6.000000000000e+00                                      
C24 2019 08 15 00 00 00-9.338485542680e-04 1.385647152570e-11 0.000000000000e+00
     1.000000000000e+00-4.329687500000e+01 4.121600252620e-09-3.554054187370e-01
    -2.144370228050e-06 2.710706321520e-04 7.179565727710e-06 5.282612894060e+03
     3.456000000000e+05 2.002343535420e-08-8.977689240910e-01-3.632158041000e-08
     9.551488575100e-01 2.164687500000e+02-5.524996053690e-01-6.868500386320e-09
    -7.128868374550e-10 0.000000000000e+00 7.100000000000e+02 0.000000000000e+00
     2.000000000000e+00 0.000000000000e+00 1.170000007990e-08 1.170000000000e-08
     3.470100000000e+05 1.000000000000e+00                                      
C30 2019 08 15 00 00 00 1.755958655850e-04 6.171951838500e-12 0.000000000000e+00
     1.000000000000e+00 9.710937500000e+01 3.837302696200e-09-1.252475675100e-01
     4.936940968040e-06 3.189039416610e-04 1.551117748020e-06 5.282612718580e+03
     3.456000000000e+05 6.845220923420e-08 1.165913782450e+00-3.306195139880e-08
     9.637357536110e-01 3.304687500000e+02 2.676177704400e-01-7.137440160170e-09
     3.718012012980e-10 0.000000000000e+00 7.100000000000e+02 0.000000000000e+00
     2.000000000000e+00 0.000000000000e+00-1.090000001370e-08-1.090000000000e-08
     3.456000000000e+05 1.000000000000e+00                                      
C08 2019 08 15 00 00 00 1.663394505160e-04-1.748823308390e-12 0.000000000000e+00
     1.000000000000e+00-3.061562500000e+02 1.258981013040e-09 3.102614798870e+00
    -9.613577276470e-06 4.316632519480e-03-1.014117151500e-05 6.492972602840e+03
     3.456000000000e+05-7.869675755500e-08 1.843099017770e+00-4.656612873080e-08
     1.026554629200e+00 5.765937500000e+02-2.813218806910e+00-2.557963692310e-09
    -2.489389407350e-10 0.000000000000e+00 7.100000000000e+02 0.000000000000e+00
     2.000000000000e+00 0.000000000000e+00 1.069999999710e-08-8.000000000000e-10
     3.456900000000e+05 0.000000000000e+00                                      
C07 2019 08 15 00 00 00-6.612564902750e-05-2.359179518410e-11 0.000000000000e+00
     1.000000000000e+00 6.235937500000e+01 8.818224457300e-10-1.177446261180e+00
     1.638662070040e-06 7.011385285300e-03 2.299062907700e-05 6.493918319700e+03
     3.456000000000e+05 1.159496605400e-07-2.992619231970e-01 3.306195139880e-08
     9.077615966910e-01-4.668593750000e+02-2.709409497780e+00-1.641854104100e-09
    -9.078949603260e-10 0.000000000000e+00 7.100000000000e+02 0.000000000000e+00
     2.000000000000e+00 0.000000000000e+00 1.470000032810e-08 7.000000000000e-10
     3.457500000000e+05 0.000000000000e+00                                      
C02 2019 08 15 00 00 00-2.889055758710e-05-2.383693242790e-11 0.000000000000e+00
     1.000000000000e+00-1.821406250000e+02 1.263266905850e-09 2.303794719050e+00
    -6.095971912150e-06 3.032578388230e-04 2.389075234530e-05 6.493329027180e+03
     3.456000000000e+05-1.024454832080e-07 3.019872591190e+00-3.771856427190e-08
     9.999673395110e-02-7.306250000000e+02 2.494341484160e+00-1.325055193870e-10
     5.353794435600e-10 0.000000000000e+00 7.100000000000e+02 0.000000000000e+00
     2.000000000000e+00 0.000000000000e+00 1.199999988270e-09-1.370000000000e-08
     3.457800000000e+05 0.000000000000e+00                                      
C13 2019 08 15 00 00 00-9.125998476520e-04-2.672528864880e-11 0.000000000000e+00
     1.000000000000e+00-3.119375000000e+02 1.496133748550e-09 2.784953035240e+00
    -9.700655937190e-06 3.557702875700e-03-1.103989779950e-05 6.493261264800e+03
     3.456000000000e+05-5.867332220080e-08 1.826855318170e+00-7.310882210730e-08
     9.874067556030e-01 5.831875000000e+02-2.864191739920e+00-2.706898467470e-09
    -2.117945363780e-10 0.000000000000e+00 7.100000000000e+02 0.000000000000e+00
     2.000000000000e+00 0.000000000000e+00-8.699999831660e-09 2.700000000000e-09
     3.459600000000e+05 0.000000000000e+00                                      
C25 2019 08 15 00 00 00-3.149241674690e-04-1.263433802020e-11 0.000000000000e+00
     1.000000000000e+00-4.304687500000e+01 4.169816546740e-09-1.419364389420e+00
    -2.035871148110e-06 2.304840600120e-04 6.680842489000e-06 5.282617637630e+03
     3.456000000000e+05-1.303851604460e-08-9.239759911260e-01-1.396983861920e-09
     9.562144528900e-01 2.249843750000e+02-2.885523446660e-01-6.904573317480e-09
    -6.307405585900e-10 0.000000000000e+00 7.100000000000e+02 0.000000000000e+00
     2.000000000000e+00 0.000000000000e+00-1.000000013350e-10-1.000000000000e-10
     3.456000000000e+05 1.000000000000e+00                                      
C11 2019 08 15 00 00 00 2.129226922990e-04-2.099298512800e-11-9.486769009250e-20
     4.000000000000e+00 9.450000000000e+01 3.417642358520e-09-1.116698693270e+00
     4.743225872520e-06 1.943964511160e-03 2.061948180200e-06 5.282614290240e+03
     3.456000000000e+05 2.142041921620e-08 1.198710246520e+00 5.867332220080e-08
     9.884343063360e-01 3.314843750000e+02-2.295443722880e+00-6.924931308330e-09
     3.385855320180e-10 0.000000000000e+00 7.100000000000e+02 0.000000000000e+00
     2.000000000000e+00 0.000000000000e+00 3.600000075820e-09 1.200000000000e-09
     3.456000000000e+05 3.000000000000e+00                                      
C16 2019 08 15 00 00 00-8.776957402010e-04 2.441602475760e-12 0.000000000000e+00
     2.000000000000e+00 2.059843750000e+02 1.372557172520e-09 9.213641615560e-01
     6.632413715120e-06 2.280266489830e-03 1.426693052050e-05 6.493676071170e+03
     3.456000000000e+05 3.306195139880e-08-2.340526943310e+00 4.656612873080e-08
     9.606373648020e-01-2.029218750000e+02-2.834314446950e+00-1.897221884050e-09
     1.068973098450e-09 0.000000000000e+00 7.100000000000e+02 0.000000000000e+00
     2.000000000000e+00 0.000000000000e+00-2.900000017900e-09 4.400000000000e-09
     3.456000000000e+05 1.000000000000e+00                                      
C23 2019 08 15 00 00 00-9.240814251830e-04-4.380495965960e-12 0.000000000000e+00
     1.000000000000e+00-3.973437500000e+01 4.200889269610e-09-3.458748892720e-01
    -1.945998519660e-06 4.395566647870e-04 6.801914423700e-06 5.282617980960e+03
     3.456000000000e+05-2.793967723850e-09-8.975926907380e-01-1.722946763040e-08
     9.551565744020e-01 2.193906250000e+02-2.142169146560e+00-6.943146352770e-09
    -6.546701267810e-10 0.000000000000e+00 7.100000000000e+02 0.000000000000e+00
     2.000000000000e+00 0.000000000000e+00 2.139999999430e-08 2.140000000000e-08
     3.456000000000e+05 1.000000000000e+00                                      
C06 2019 08 15 00 00 00 4.749487852680e-04-2.544275901070e-11 0.000000000000e+00
     2.000000000000e+00 2.141250000000e+02 1.486847647460e-09 3.203030680800e-01
     7.008202373980e-06 8.095664554280e-03 1.345574855800e-05 6.494007867810e+03
     3.456000000000e+05 1.443549990650e-08-2.326529722650e+00 6.938353180890e-08
     9.450666982100e-01-1.800625000000e+02-2.202841636050e+00-1.997226049620e-09
     1.042900583850e-09 0.000000000000e+00 7.100000000000e+02 0.000000000000e+00
     2.000000000000e+00 0.000000000000e+00 7.999999773740e-09-1.900000000000e-09
     3.456000000000e+05 1.000000000000e+00                                      
C01 2019 08 15 00 00 00 2.584903268140e-04 4.754863169860e-11 0.000000000000e+00
     1.000000000000e+00-2.635937500000e+02-4.285892810350e-12-7.086629811490e-01
    -8.729286491870e-06 4.584667040040e-04 2.196663990620e-05 6.493337671280e+03
     3.456000000000e+05-9.359791874890e-08 2.990449885380e+00-1.019798219200e-07
     7.054999386760e-02-6.672031250000e+02 2.294886803130e-01 1.035400271430e-09
     5.543088034720e-10 0.000000000000e+00 7.100000000000e+02 0.000000000000e+00
     2.000000000000e+00 0.000000000000e+00 1.420000028670e-08-1.040000000000e-08
     3.456000000000e+05 0.000000000000e+00                                      
C04 2019 08 15 00 00 00 1.339955488220e-04-1.873257104990e-11 0.000000000000e+00
     1.000000000000e+00-2.132031250000e+02 2.807259790780e-10-9.361185418030e-01
    -6.999354809520e-06 4.214216023680e-04 2.164300531150e-05 6.493380014420e+03
     3.456000000000e+05 3.352761268620e-08 3.030507107390e+00-1.462176442150e-07
     8.881168363740e-02-6.573125000000e+02 7.645554370200e-01 7.143154683920e-10
     5.621662736250e-10 0.000000000000e+00 7.100000000000e+02 0.000000000000e+00
     2.000000000000e+00 0.000000000000e+00 5.299999994430e-09-8.400000000000e-09
     3.456000000000e+05 0.000000000000e+00                                      
C28 2019 08 15 00 00 00 1.657755346970e-04 6.685318965080e-12 0.000000000000e+00
     1.000000000000e+00 8.665625000000e+01 3.841231431280e-09-1.328364332480e+00
     4.213768988850e-06 2.563217421990e-04 1.575332134960e-06 5.282617815020e+03
     3.456000000000e+05 1.257285475730e-08 1.203277233920e+00-5.122274160390e-09
     9.643600626790e-01 3.297968750000e+02 3.034293974710e+00-7.119225115730e-09
     2.910835533700e-10 0.000000000000e+00 7.100000000000e+02 0.000000000000e+00
     2.000000000000e+00 0.000000000000e+00-7.499999732370e-09-7.500000000000e-09
     3.461700000000e+05 1.000000000000e+00                                      
C09 2019 08 15 00 00 00-1.091662561521e-04 2.880895522139e-11 0.000000000000e+00
     1.000000000000e+00 2.157656250000e+02 1.518634662467e-09 9.114179468444e-02
     6.934627890587e-06 6.402042577974e-03 1.237494871020e-05 6.493349197388e+03
     3.456000000000e+05 5.122274160385e-09-2.284376860254e+00 2.700835466385e-08
     9.499579472530e-01-1.431406250000e+02-2.358839131552e+00-2.000083210163e-09
     1.048257924907e-09 0.000000000000e+00 7.100000000000e+02 0.000000000000e+00
     2.000000000000e+00 0.000000000000e+00 6.500000093723e-09 3.400000059273e-09
     3.456000000000e+05 0.000000000000e+00                                      
C03 2019 08 15 00 00 00-1.978668151423e-04 8.993605860041e-11 0.000000000000e+00
     1.000000000000e+00-1.815000000000e+02 1.070758925970e-09 1.904598048668e-01
    -6.059650331736e-06 6.035036640242e-04 2.380041405559e-05 6.493353397369e+03
     3.456000000000e+05-1.010484993458e-07 3.015280134384e+00-4.749745130539e-08
     8.731035810687e-02-7.241875000000e+02-1.208467689210e+00 6.357407655866e-11
     5.485942811134e-10 0.000000000000e+00 7.100000000000e+02 0.000000000000e+00
     2.000000000000e+00 0.000000000000e+00 1.899999935162e-09-8.099999782019e-09
     3.456004000000e+05 0.000000000000e+00                                      
C33 2019 08 15 00 00 00-3.099036403000e-04-2.718714142702e-11 0.000000000000e+00
     1.000000000000e+00-5.782812500000e+01 3.622293740217e-09 8.767574793711e-01
    -2.804212272167e-06 4.705908941105e-04 1.169648021460e-05 5.282627279282e+03
     3.456000000000e+05 4.842877388000e-08-3.017454710906e+00-2.468004822731e-08
     9.612542788191e-01 1.287656250000e+02-4.801454107265e-01-6.531343485244e-09
     3.292994309288e-10 0.000000000000e+00 7.100000000000e+02 0.000000000000e+00
     2.000000000000e+00 0.000000000000e+00-1.700000000000e-08-1.700000000000e-08
     3.456000000000e+05 0.000000000000e+00                                      
C34 2019 08 15 00 00 00 1.070555299520e-06-2.848032920610e-11 0.000000000000e+00
     1.000000000000e+00 1.021250000000e+02 3.891947829535e-09 2.769933198265e+00
     5.078036338091e-06 4.065637476742e-04 1.940876245499e-06 5.282616479874e+03
     3.456000000000e+05-1.909211277962e-08 1.169844422430e+00 1.722946763039e-08
     9.618160393615e-01 3.216718750000e+02 5.026080935874e-01-7.152797942745e-09
     3.557291032593e-10 0.000000000000e+00 7.100000000000e+02 0.000000000000e+00
     2.000000000000e+00 0.000000000000e+00-7.300000000000e-09-7.300000000000e-09
     3.456000000000e+05 0.000000000000e+00                                      
C20 2019 08 15 00 00 00 2.903689164670e-05-3.248246116530e-11 0.000000000000e+00
     1.000000000000e+00-5.693750000000e+01 3.543361880960e-09-1.274470503590e+00
    -2.971850335600e-06 8.311400888490e-04 1.267250627280e-05 5.282633991240e+03
     3.456000000000e+05-2.933666110040e-08-3.012187123260e+00-1.490116119380e-08
     9.625971556920e-01 1.053593750000e+02-7.003074031170e-01-6.529200538840e-09
     3.689439394250e-10 0.000000000000e+00 7.100000000000e+02 0.000000000000e+00
     2.000000000000e+00 0.000000000000e+00 1.509999947300e-08 1.510000000000e-08
     3.456000000000e+05 1.000000000000e+00                                      
C05 2019 08 15 01 00 00-2.209766535088e-04-5.381828316331e-11 0.000000000000e+00
     1.000000000000e+00 2.240625000000e+01 1.600066649198e-09 7.557127423777e-01
     5.573965609074e-07 5.355100147426e-04 2.554804086685e-05 6.493467634201e+03
     3.492000000000e+05-1.424923539162e-07-3.112844693882e+00 4.516914486885e-08
     9.048692525793e-02-7.795781250000e+02-2.572154030963e+00-5.043067206849e-10
     5.050210361533e-10 0.000000000000e+00 7.100000000000e+02 0.000000000000e+00
     2.000000000000e+00 0.000000000000e+00-3.000000000000e-10-9.100000000000e-09
     3.492604000000e+05 0.000000000000e+00                                      
C08 2019 08 15 01 00 00 1.663346774876e-04-1.572963981289e-12 0.000000000000e+00
     1.000000000000e+00-2.740468750000e+02 1.199692829165e-09-2.917762969042e+00
    -8.703209459782e-06 4.313754034229e-03-1.035956665874e-05 6.492979934692e+03
     3.492000000000e+05-6.426125764847e-08 1.843089770670e+00-5.681067705154e-08
     1.026553682687e+00 5.845156250000e+02-2.813453970988e+00-2.562963900591e-09
    -2.439387324559e-10 0.000000000000e+00 7.100000000000e+02 0.000000000000e+00
     2.000000000000e+00 0.000000000000e+00 1.070000000000e-08-8.000000000000e-10
     3.514200000000e+05 0.000000000000e+00                                      
C10 2019 08 15 01 00 00-8.201459422708e-05-3.525535419158e-11 0.000000000000e+00
     1.000000000000e+00 6.767187500000e+01 9.175382191497e-10-1.360222164907e+00
     1.856591552496e-06 6.388108478859e-03 2.326443791389e-05 6.493215457916e+03
     3.492000000000e+05 9.126961231232e-08-3.070077525852e-01 4.284083843231e-08
     9.091526006436e-01-4.734375000000e+02-2.623114511614e+00-1.612924327630e-09
    -9.146809572762e-10 0.000000000000e+00 7.100000000000e+02 0.000000000000e+00
     2.000000000000e+00 0.000000000000e+00 6.000000000000e-09 2.600000000000e-09
     3.492000000000e+05 0.000000000000e+00                                      
C13 2019 08 15 01 00 00-9.126949589700e-04-2.658318010162e-11 0.000000000000e+00
     1.000000000000e+00-3.013437500000e+02 1.449703243102e-09 3.047519665541e+00
    -9.413808584213e-06 3.556142328307e-03-1.139286905527e-05 6.493265031815e+03
     3.492000000000e+05-2.468004822731e-08 1.826845626333e+00-4.097819328308e-08
     9.874061982315e-01 5.962187500000e+02-2.864220347280e+00-2.685469003420e-09
    -2.164375869228e-10 0.000000000000e+00 7.100000000000e+02 0.000000000000e+00
     2.000000000000e+00 0.000000000000e+00-8.700000000000e-09 2.700000000000e-09
     3.495000000000e+05 0.000000000000e+00                                      
C14 2019 08 15 01 00 00 5.111496429890e-04-4.566125255678e-12 1.165517335422e-18
     1.000000000000e+01-6.781250000000e+01 3.578720496645e-09-2.600599033503e+00
    -3.323890268803e-06 2.026447793469e-03 1.220079138875e-05 5.282628213882e+03
     3.492000000000e+05 5.308538675308e-08-3.010450363010e+00 4.470348358154e-08
     9.598875885652e-01 1.119687500000e+02-1.961221438391e+00-6.518128649079e-09
     3.725155167665e-10 0.000000000000e+00 7.100000000000e+02 0.000000000000e+00
     2.000000000000e+00 0.000000000000e+00 5.800000000000e-09 6.000000000000e-10
     3.492000000000e+05 9.000000000000e+00                                      
C21 2019 08 15 01 00 00 3.606233512983e-04-1.667199711619e-11 0.000000000000e+00
     1.000000000000e+00-7.446875000000e+01 3.559076821264e-09-2.973305846009e+00
    -3.540422767401e-06 7.242159917951e-04 1.251325011253e-05 5.282635297775e+03
     3.492000000000e+05-2.328306436539e-08-3.010134090362e+00 8.288770914078e-08
     9.618837124890e-01 1.076093750000e+02-8.562893404824e-01-6.525271803762e-09
     3.750156209059e-10 0.000000000000e+00 7.100000000000e+02 0.000000000000e+00
     2.000000000000e+00 0.000000000000e+00 1.070000000000e-08 1.070000000000e-08
     3.492000000000e+05 1.000000000000e+00                                      
C22 2019 08 15 01 00 00 8.071772754192e-06-3.872635545576e-11 0.000000000000e+00
     1.000000000000e+00-6.793750000000e+01 3.640865942395e-09-2.776417250568e+00
    -3.245193511248e-06 6.895052501932e-04 1.287087798119e-05 5.282631753922e+03
     3.492000000000e+05-7.636845111847e-08-3.010223176221e+00-8.800998330116e-08
     9.618923129844e-01 1.028281250000e+02-2.712731711593e-01-6.573488097879e-09
     4.100170788571e-10 0.000000000000e+00 7.100000000000e+02 0.000000000000e+00
     2.000000000000e+00 0.000000000000e+00 1.250000000000e-08 1.250000000000e-08
     3.492000000000e+05 1.000000000000e+00                                      
C26 2019 08 15 01 00 00 3.520606551319e-04 1.373301472540e-11 0.000000000000e+00
     1.000000000000e+00-4.117187500000e+01 4.238390831705e-09 4.550126683040e-01
    -2.097338438034e-06 4.885598318651e-04 6.577931344509e-06 5.282616289139e+03
     3.492000000000e+05 2.328306436539e-09-9.234586857381e-01-2.654269337654e-08
     9.562691733409e-01 2.212656250000e+02-1.153540851435e-01-6.927431412467e-09
    -7.161012570631e-10 0.000000000000e+00 7.100000000000e+02 0.000000000000e+00
     2.000000000000e+00 0.000000000000e+00-6.000000000000e-09-6.000000000000e-09
     3.492000000000e+05 1.000000000000e+00                                      
C27 2019 08 15 01 00 00 1.717541599646e-04 6.895817250552e-12 0.000000000000e+00
     1.000000000000e+00 8.865625000000e+01 3.810515866138e-09 3.810975547000e-01
     4.442408680916e-06 5.889550084248e-04 1.661479473114e-06 5.282617580414e+03
     3.492000000000e+05-2.607703208923e-08 1.203370692442e+00-2.328306436539e-09
     9.644644199401e-01 3.294375000000e+02 1.025777641219e+00-7.089938181526e-09
     2.635824078367e-10 0.000000000000e+00 7.100000000000e+02 0.000000000000e+00
     2.000000000000e+00 0.000000000000e+00-5.700000000000e-09-5.700000000000e-09
     3.492000000000e+05 1.000000000000e+00                                      
C29 2019 08 15 01 00 00 1.044895034283e-04 4.941824727211e-12 0.000000000000e+00
     2.000000000000e+00 1.039531250000e+02 3.855160582913e-09-1.927921386716e+00
     5.267560482025e-06 2.534714294598e-04 1.401174813509e-06 5.282616449356e+03
     3.492000000000e+05 3.119930624962e-08 1.165318818058e+00-5.122274160385e-08
     9.638016507559e-01 3.333593750000e+02 1.761638235624e+00-7.169941513986e-09
     3.568005764619e-10 0.000000000000e+00 7.100000000000e+02 0.000000000000e+00
     2.000000000000e+00 0.000000000000e+00-1.300000000000e-09-1.300000000000e-09
     3.492000000000e+05 2.000000000000e+00                                      
C24 2019 08 15 01 00 00-9.337966330350e-04 1.413269501430e-11 0.000000000000e+00
     1.000000000000e+00-4.329687500000e+01 4.172316650880e-09 1.321859904660e-01
    -2.270098775630e-06 2.710781991480e-04 7.078982889650e-06 5.282612915040e+03
     3.492000000000e+05 1.396983861920e-08-8.977935830380e-01-9.313225746150e-09
     9.551461935360e-01 2.163437500000e+02-5.525196356430e-01-6.889929850380e-09
    -7.214586230760e-10 0.000000000000e+00 7.100000000000e+02 0.000000000000e+00
     2.000000000000e+00 0.000000000000e+00 1.170000007990e-08 1.170000000000e-08
     3.492000000000e+05 1.000000000000e+00                                      
C19 2019 08 15 01 00 00 1.727463677530e-04 9.416467605660e-12 0.000000000000e+00
     1.000000000000e+00-5.603125000000e+01 3.516575050890e-09-1.130568085610e+00
    -2.961140125990e-06 8.313475409520e-04 1.292536035180e-05 5.282631425860e+03
     3.492000000000e+05-3.445893526080e-08-3.012826131730e+00 7.450580596920e-09
     9.625980700160e-01 1.022031250000e+02-1.129060291060e+00-6.519200122280e-09
     3.850160374630e-10 0.000000000000e+00 7.100000000000e+02 0.000000000000e+00
     2.000000000000e+00 0.000000000000e+00 8.799999839940e-09 8.800000000000e-09
     3.492000000000e+05 1.000000000000e+00                                      
C12 2019 08 15 01 00 00-2.283001085740e-04-7.490008613330e-12 6.098637220230e-19
     1.500000000000e+01 1.034531250000e+02 3.443357715380e-09 6.134072326110e-01
     5.164183676240e-06 2.446370432150e-03 1.872424036260e-06 5.282611848830e+03
     3.492000000000e+05-8.800998330120e-08 1.187972227400e+00-1.955777406690e-08
     9.872311366770e-01 3.371875000000e+02-2.349110520050e+00-6.951360980660e-09
     3.007268121930e-10 0.000000000000e+00 7.100000000000e+02 0.000000000000e+00
     2.000000000000e+00 0.000000000000e+00 2.499999984810e-09-4.000000000000e-10
     3.492000000000e+05 7.000000000000e+00                                      
C25 2019 08 15 01 00 00-3.149696858600e-04-1.263433802020e-11 0.000000000000e+00
     2.000000000000e+00-4.268750000000e+01 4.185888644780e-09-9.320587437140e-01
    -2.051237970590e-06 2.304433146490e-04 6.698071956630e-06 5.282617502210e+03
     3.492000000000e+05-3.725290298460e-09-9.240007934390e-01-9.778887033460e-09
     9.562121692750e-01 2.254843750000e+02-2.882877349700e-01-6.907787737090e-09
    -6.396695019450e-10 0.000000000000e+00 7.100000000000e+02 0.000000000000e+00
     2.000000000000e+00 0.000000000000e+00-1.000000013350e-10-1.000000000000e-10
     3.495900000000e+05 2.000000000000e+00                                      
C11 2019 08 15 01 00 00 2.128470223400e-04-2.099298512800e-11-9.486769009250e-20
     5.000000000000e+00 9.579687500000e+01 3.413713623450e-09-6.290680603070e-01
     4.786066710950e-06 1.944188494240e-03 2.042856067420e-06 5.282614782330e+03
     3.492000000000e+05-1.117587089540e-08 1.198685268660e+00 4.516914486890e-08
     9.884353771920e-01 3.329687500000e+02-2.295505788640e+00-6.955289715730e-09
     3.421571093600e-10 0.000000000000e+00 7.100000000000e+02 0.000000000000e+00
     2.000000000000e+00 0.000000000000e+00 3.600000075820e-09 1.200000000000e-09
     3.507900000000e+05 4.000000000000e+00                                      
C30 2019 08 15 01 00 00 1.756185665730e-04 6.233236149460e-12 0.000000000000e+00
     1.000000000000e+00 9.293750000000e+01 3.805872815590e-09 3.628929714000e-01
     4.692934453490e-06 3.182948566970e-04 1.669861376290e-06 5.282611482620e+03
     3.492000000000e+05 4.610046744350e-08 1.165888400820e+00 5.634501576420e-08
     9.637373686730e-01 3.283750000000e+02 2.670475556940e-01-7.070294506150e-09
     3.339424814730e-10 0.000000000000e+00 7.100000000000e+02 0.000000000000e+00
     2.000000000000e+00 0.000000000000e+00-1.090000001370e-08-1.090000000000e-08
     3.492000000000e+05 1.000000000000e+00                                      
C02 2019 08 15 01 00 00-2.897600643340e-05-2.378985897170e-11 0.000000000000e+00
     1.000000000000e+00 1.638906250000e+02 2.589750730660e-09 2.568080741840e+00
     5.221460014580e-06 3.041294403370e-04 2.381252124910e-05 6.493326610570e+03
     3.492000000000e+05-8.521601557730e-08-3.033870843210e+00 1.583248376850e-08
     9.527724319390e-02-7.245468750000e+02 2.263046212660e+00-1.443274403890e-09
     5.075211402930e-10 0.000000000000e+00 7.100000000000e+02 0.000000000000e+00
     2.000000000000e+00 0.000000000000e+00 1.199999988270e-09-1.370000000000e-08
     3.492000000000e+05 0.000000000000e+00                                      
C28 2019 08 15 01 00 00 1.657998654990e-04 6.735056956590e-12 0.000000000000e+00
     1.000000000000e+00 9.192187500000e+01 3.856946371580e-09-8.428575596010e-01
     4.502013325690e-06 2.558067208160e-04 1.500360667710e-06 5.282616382600e+03
     3.492000000000e+05 2.607703208920e-08 1.203251665040e+00-4.656612873080e-10
     9.643610837960e-01 3.310468750000e+02 3.036356174250e+00-7.126368270410e-09
     2.821546100150e-10 0.000000000000e+00 7.100000000000e+02 0.000000000000e+00
     2.000000000000e+00 0.000000000000e+00-7.499999732370e-09-7.500000000000e-09
     3.492000000000e+05 1.000000000000e+00                                      
C07 2019 08 15 01 00 00-6.621086504310e-05-2.362554596400e-11 0.000000000000e+00
     1.000000000000e+00 3.567187500000e+01 8.850368653380e-10-9.146196118180e-01
     7.068738341330e-07 7.013845606710e-03 2.200109884140e-05 6.493927001950e+03
     3.492000000000e+05 4.656612873080e-09-2.992673989000e-01 1.201406121250e-07
     9.077578223630e-01-4.389531250000e+02-2.709780135390e+00-1.706856811720e-09
    -9.189668500870e-10 0.000000000000e+00 7.100000000000e+02 0.000000000000e+00
     2.000000000000e+00 0.000000000000e+00 1.470000032810e-08 7.000000000000e-10
     3.492000000000e+05 0.000000000000e+00                                      
C16 2019 08 15 01 00 00-8.776891045270e-04 2.255085007620e-12-1.883801274690e-18
     3.000000000000e+00 2.049218750000e+02 1.352913497130e-09 1.183471571630e+00
     6.604008376600e-06 2.280491869900e-03 1.453328877690e-05 6.493678226470e+03
     3.492000000000e+05 2.747401595120e-08-2.340533890710e+00 7.217749953270e-08
     9.606411961850e-01-2.126093750000e+02-2.833934685120e+00-1.896150410850e-09
     1.079687830470e-09 0.000000000000e+00 7.100000000000e+02 0.000000000000e+00
     2.000000000000e+00 0.000000000000e+00-2.900000017900e-09 4.400000000000e-09
     3.492000000000e+05 2.000000000000e+00                                      
C23 2019 08 15 01 00 00-9.240956278520e-04-4.177103107850e-12 0.000000000000e+00
     1.000000000000e+00-4.225000000000e+01 4.239462304910e-09 1.418106118950e-01
    -1.995824277400e-06 4.391367547210e-04 6.761401891710e-06 5.282617164610e+03
     3.492000000000e+05 1.769512891770e-08-8.976177724690e-01-1.164153218270e-08
     9.551541927720e-01 2.213750000000e+02-2.142284281140e+00-6.951360980660e-09
    -6.410981328820e-10 0.000000000000e+00 7.100000000000e+02 0.000000000000e+00
     2.000000000000e+00 0.000000000000e+00 2.139999999430e-08 2.140000000000e-08
     3.492000000000e+05 1.000000000000e+00                                      
C06 2019 08 15 01 00 00 4.748558858410e-04-2.548095068280e-11 1.287490079830e-18
     3.000000000000e+00 2.109375000000e+02 1.450774716300e-09 5.826191648840e-01
     6.922986358400e-06 8.096874458720e-03 1.392280682920e-05 6.494011785510e+03
     3.492000000000e+05 3.725290298460e-09-2.326537044550e+00 9.639188647270e-08
     9.450704359660e-01-1.971406250000e+02-2.202710230900e+00-1.995440260950e-09
     1.054686789080e-09 0.000000000000e+00 7.100000000000e+02 0.000000000000e+00
     2.000000000000e+00 0.000000000000e+00 7.999999773740e-09-1.900000000000e-09
     3.492000000000e+05 2.000000000000e+00                                      
C01 2019 08 15 01 00 00 2.586606424300e-04 4.744382664510e-11 0.000000000000e+00
     1.000000000000e+00 1.767812500000e+02 1.927580291460e-09-4.441526257230e-01
     5.805864930150e-06 4.610999021680e-04 2.207886427640e-05 6.493344377520e+03
     3.492000000000e+05-1.192092895510e-07-2.963041300320e+00-1.098960638050e-07
     6.626740213190e-02-6.691718750000e+02-1.019571202490e-01-9.439678914800e-10
     5.725238479160e-10 0.000000000000e+00 7.100000000000e+02 0.000000000000e+00
     2.000000000000e+00 0.000000000000e+00 1.420000028670e-08-1.040000000000e-08
     3.492000000000e+05 0.000000000000e+00                                      
C04 2019 08 15 01 00 00 1.339281443510e-04-1.872457744410e-11 0.000000000000e+00
     1.000000000000e+00 1.415000000000e+02 1.392200847900e-09-6.747162992020e-01
     4.681758582590e-06 4.206740995870e-04 2.256315201520e-05 6.493377735140e+03
     3.492000000000e+05 4.377216100690e-08-2.992891789700e+00-1.401640474800e-07
     8.466671445710e-02-6.857500000000e+02 5.059106706500e-01-3.889447725400e-10
     5.610948004220e-10 0.000000000000e+00 7.100000000000e+02 0.000000000000e+00
     2.000000000000e+00 0.000000000000e+00 5.299999994430e-09-8.400000000000e-09
     3.492000000000e+05 0.000000000000e+00                                      
C20 2019 08 15 01 00 00 2.891954500230e-05-3.250910651790e-11 0.000000000000e+00
     1.000000000000e+00-5.506250000000e+01 3.591935332810e-09-7.886425748370e-01
    -2.875458449130e-06 8.297587046400e-04 1.194188371300e-05 5.282630098340e+03
     3.492000000000e+05-2.374872565270e-08-3.012210516780e+00-4.097819328310e-08
     9.625984781700e-01 1.198281250000e+02-6.985718497730e-01-6.530629169780e-09
     3.493002640440e-10 0.000000000000e+00 7.100000000000e+02 0.000000000000e+00
     2.000000000000e+00 0.000000000000e+00 1.509999947300e-08 1.510000000000e-08
     3.510000000000e+05 1.000000000000e+00                                      
C09 2019 08 15 01 00 00-1.090625301003e-04 2.880895522139e-11 0.000000000000e+00
     2.000000000000e+00 2.206250000000e+02 1.499348201150e-09 3.536109463667e-01
     7.056631147861e-06 6.402747821994e-03 1.255236566067e-05 6.493351133347e+03
     3.492000000000e+05 1.396983861923e-08-2.284384116328e+00 3.725290298462e-08
     9.499616996378e-01-1.502500000000e+02-2.358780990799e+00-2.001869114920e-09
     1.053972464859e-09 0.000000000000e+00 7.100000000000e+02 0.000000000000e+00
     2.000000000000e+00 0.000000000000e+00 6.500000093723e-09 3.400000059273e-09
     3.492000000000e+05 1.000000000000e+00                                      
C03 2019 08 15 01 00 00-1.975427148864e-04 8.997957934298e-11 0.000000000000e+00
     1.000000000000e+00 1.627187500000e+02 2.470460058746e-09 4.491137378813e-01
     5.317851901054e-06 6.070806412026e-04 2.393033355474e-05 6.493363695145e+03
     3.492000000000e+05-1.522712409496e-07-3.003708164182e+00-2.281740307808e-08
     8.286927382646e-02-7.268281250000e+02-1.468749171253e+00-1.407201466463e-09
     5.507372335956e-10 0.000000000000e+00 7.100000000000e+02 0.000000000000e+00
     2.000000000000e+00 0.000000000000e+00 1.899999935162e-09-8.099999782019e-09
     3.492004000000e+05 0.000000000000e+00                                      
C32 2019 08 15 01 00 00-9.050182998180e-04-5.228706356775e-12 0.000000000000e+00
     1.000000000000e+00-5.525000000000e+01 3.647651939345e-09 3.911597173723e-01
    -2.700835466385e-06 4.801576724276e-04 1.170067116618e-05 5.282626146317e+03
     3.492000000000e+05 1.862645149231e-09-3.017311820383e+00-4.936009645462e-08
     9.612248390557e-01 1.256093750000e+02-1.080400807922e+00-6.549915687422e-09
     3.450143712334e-10 0.000000000000e+00 7.100000000000e+02 0.000000000000e+00
     2.000000000000e+00 0.000000000000e+00-1.290000000000e-08-1.290000000000e-08
     3.518100000000e+05 0.000000000000e+00                                      
C33 2019 08 15 01 00 00-3.099995665252e-04-2.694733325370e-11 0.000000000000e+00
     1.000000000000e+00-6.634375000000e+01 3.616579216470e-09 1.366746984349e+00
    -3.334600478411e-06 4.702993901446e-04 1.162895932794e-05 5.282624986649e+03
     3.492000000000e+05 2.048909664154e-08-3.017478107355e+00-8.847564458847e-09
     9.612555193736e-01 1.296562500000e+02-4.825692699528e-01-6.514199914002e-09
     3.125130174216e-10 0.000000000000e+00 7.100000000000e+02 0.000000000000e+00
     2.000000000000e+00 0.000000000000e+00-1.700000000000e-08-1.700000000000e-08
     3.492000000000e+05 0.000000000000e+00                                      
C34 2019 08 15 01 00 00 9.667128324509e-07-2.865796489004e-11 0.000000000000e+00
     1.000000000000e+00 1.089218750000e+02 3.862303737596e-09-3.025444385331e+00
     5.411449819803e-06 4.055694444105e-04 1.816544681787e-06 5.282618425369e+03
     3.492000000000e+05-2.188608050346e-08 1.169818692627e+00 2.374872565269e-08
     9.618173384328e-01 3.242968750000e+02 5.023699495420e-01-7.148154892200e-09
     3.528718413857e-10 0.000000000000e+00 7.100000000000e+02 0.000000000000e+00
     2.000000000000e+00 0.000000000000e+00-7.300000000000e-09-7.300000000000e-09
     3.492000000000e+05 0.000000000000e+00                                      
C05 2019 08 15 02 00 00-2.211700193584e-04-5.376765699339e-11 0.000000000000e+00
     1.000000000000e+00 3.856250000000e+02 3.126201647418e-09 1.023274516702e+00
     1.250067725778e-05 5.341793876141e-04 2.110563218594e-05 6.493460393906e+03
     3.528000000000e+05-9.499490261078e-08-2.861957322730e+00 6.891787052155e-08
     8.350926537610e-02-6.411093750000e+02-2.828042002821e+00-1.994011630017e-09
     4.518045337580e-10 0.000000000000e+00 7.100000000000e+02 0.000000000000e+00
     2.000000000000e+00 0.000000000000e+00-3.000000000000e-10-9.100000000000e-09
     3.528004000000e+05 0.000000000000e+00                                      
C08 2019 08 15 02 00 00 1.663283910602e-04-1.660005466420e-12 0.000000000000e+00
     1.000000000000e+00-2.465156250000e+02 1.148976430909e-09-2.654850363003e+00
    -7.924158126116e-06 4.311574040912e-03-1.014256849885e-05 6.492986253738e+03
     3.528000000000e+05-4.237517714500e-08 1.843080462122e+00-6.007030606270e-08
     1.026552756660e+00 5.769687500000e+02-2.813795392661e+00-2.568321266604e-09
    -2.367955777720e-10 0.000000000000e+00 7.100000000000e+02 0.000000000000e+00
     2.000000000000e+00 0.000000000000e+00 1.070000000000e-08-8.000000000000e-10
     3.528000000000e+05 0.000000000000e+00                                      
C13 2019 08 15 02 00 00-9.127910016105e-04-2.664002352049e-11 0.000000000000e+00
     1.000000000000e+00-2.710156250000e+02 1.386129166415e-09-2.972878805592e+00
    -8.529517799616e-06 3.553182119504e-03-1.180497929454e-05 6.493272455215e+03
     3.528000000000e+05-2.048909664154e-08 1.826836004721e+00-2.281740307808e-08
     9.874054901792e-01 6.104375000000e+02-2.864469619743e+00-2.677611533268e-09
    -2.192948487964e-10 0.000000000000e+00 7.100000000000e+02 0.000000000000e+00
     2.000000000000e+00 0.000000000000e+00-8.700000000000e-09 2.700000000000e-09
     3.528000000000e+05 0.000000000000e+00                                      
C14 2019 08 15 02 00 00 5.111332284287e-04-4.558131649901e-12 1.165517335422e-18
     1.100000000000e+01-7.650000000000e+01 3.526575467452e-09-2.112509137891e+00
    -3.693625330925e-06 2.025695634075e-03 1.237820833921e-05 5.282630741119e+03
     3.528000000000e+05 3.771856427193e-08-3.010473873566e+00 5.029141902924e-08
     9.598889578566e-01 1.078281250000e+02-1.961746207587e+00-6.513128440800e-09
     3.818016178556e-10 0.000000000000e+00 7.100000000000e+02 0.000000000000e+00
     2.000000000000e+00 0.000000000000e+00 5.800000000000e-09 6.000000000000e-10
     3.528000000000e+05 1.000000000000e+01                                      
C21 2019 08 15 02 00 00 3.605652600527e-04-1.643041258603e-11 0.000000000000e+00
     1.000000000000e+00-7.054687500000e+01 3.504431687932e-09-2.486292236783e+00
    -3.352295607328e-06 7.249332265928e-04 1.277960836887e-05 5.282633697510e+03
     3.528000000000e+05 1.029111444950e-07-3.010157760376e+00 2.048909664154e-08
     9.618856289116e-01 1.030000000000e+02-8.557394763898e-01-6.407052593744e-09
     3.896590880079e-10 0.000000000000e+00 7.100000000000e+02 0.000000000000e+00
     2.000000000000e+00 0.000000000000e+00 1.070000000000e-08 1.070000000000e-08
     3.528000000000e+05 1.000000000000e+00                                      
C22 2019 08 15 02 00 00 7.935101166368e-06-3.835420869791e-11 0.000000000000e+00
     1.000000000000e+00-6.237500000000e+01 3.526575467452e-09-2.287975138411e+00
    -3.140885382891e-06 6.891172379255e-04 1.289416104555e-05 5.282633121490e+03
     3.528000000000e+05-8.242204785347e-08-3.010246443933e+00 3.492459654808e-08
     9.618941738161e-01 1.035312500000e+02-2.721508883597e-01-6.480627086988e-09
     3.646580466142e-10 0.000000000000e+00 7.100000000000e+02 0.000000000000e+00
     2.000000000000e+00 0.000000000000e+00 1.250000000000e-08 1.250000000000e-08
     3.528000000000e+05 1.000000000000e+00                                      
C26 2019 08 15 02 00 00 3.521117614582e-04 1.397104654188e-11 0.000000000000e+00
     1.000000000000e+00-3.789062500000e+01 4.278392497935e-09 9.418274655001e-01
    -1.795124262571e-06 4.888507537544e-04 6.583984941244e-06 5.282617225647e+03
     3.528000000000e+05 4.656612873077e-08-9.234838332999e-01-5.867332220078e-08
     9.562664742570e-01 2.212343750000e+02-1.145978793817e-01-6.959932766279e-09
    -6.868143228591e-10 0.000000000000e+00 7.100000000000e+02 0.000000000000e+00
     2.000000000000e+00 0.000000000000e+00-6.000000000000e-09-6.000000000000e-09
     3.528000000000e+05 1.000000000000e+00                                      
C29 2019 08 15 02 00 00 1.045124372467e-04 5.320188734004e-12 0.000000000000e+00
     1.000000000000e+01 9.900000000000e+01 3.830159541519e-09-1.445057673778e+00
     4.983507096767e-06 2.533391816542e-04 1.817476004362e-06 5.282614109039e+03
     3.528000000000e+05 7.869675755501e-08 1.165293170178e+00 1.443549990654e-08
     9.638032585029e-01 3.261875000000e+02 1.766343931063e+00-7.101367229021e-09
     3.389426897521e-10 0.000000000000e+00 7.100000000000e+02 0.000000000000e+00
     2.000000000000e+00 0.000000000000e+00-1.300000000000e-09-1.300000000000e-09
     3.528000000000e+05 1.000000000000e+01                                      
C12 2019 08 15 02 00 00-2.283270005140e-04-7.485567721230e-12 6.098637220230e-19
     1.600000000000e+01 1.049218750000e+02 3.475859069200e-09 1.101106932860e+00
     5.202367901800e-06 2.446188242170e-03 1.803506165740e-06 5.282611143110e+03
     3.528000000000e+05-3.352761268620e-08 1.187947512860e+00-7.636845111850e-08
     9.872321402380e-01 3.395468750000e+02-2.349241095730e+00-6.968504551900e-09
     2.457245211270e-10 0.000000000000e+00 7.100000000000e+02 0.000000000000e+00
     2.000000000000e+00 0.000000000000e+00 2.499999984810e-09-4.000000000000e-10
     3.528000000000e+05 8.000000000000e+00                                      
C24 2019 08 15 02 00 00-9.337442461400e-04 1.434052876450e-11 0.000000000000e+00
     1.000000000000e+00-4.315625000000e+01 4.228390415150e-09 6.196095663910e-01
    -2.245418727400e-06 2.711262786760e-04 6.875023245810e-06 5.282613058090e+03
     3.528000000000e+05-9.313225746150e-09-8.978183955910e-01-1.443549990650e-08
     9.551434973780e-01 2.165937500000e+02-5.523715956480e-01-6.910644998960e-09
    -7.200299921390e-10 0.000000000000e+00 7.100000000000e+02 0.000000000000e+00
     2.000000000000e+00 0.000000000000e+00 1.170000007990e-08 1.170000000000e-08
     3.528300000000e+05 1.000000000000e+00                                      
C19 2019 08 15 02 00 00 1.727804774420e-04 9.451106564030e-12 0.000000000000e+00
     1.000000000000e+00-5.920312500000e+01 3.514789262220e-09-6.439007637260e-01
    -3.181397914890e-06 8.302931673820e-04 1.236749812960e-05 5.282628892900e+03
     3.528000000000e+05-5.261972546580e-08-3.012849468200e+00-1.909211277960e-08
     9.625994714920e-01 1.110468750000e+02-1.128163630530e+00-6.513842756270e-09
     3.618007847410e-10 0.000000000000e+00 7.100000000000e+02 0.000000000000e+00
     2.000000000000e+00 0.000000000000e+00 8.799999839940e-09 8.800000000000e-09
     3.528000000000e+05 1.000000000000e+00                                      
C25 2019 08 15 02 00 00-3.150138072670e-04-1.236255542380e-11 0.000000000000e+00
     1.000000000000e+00-4.203125000000e+01 4.204818004690e-09-4.446207361010e-01
    -2.096407115460e-06 2.303671790290e-04 6.698537617920e-06 5.282617351530e+03
     3.528000000000e+05-5.122274160390e-09-9.240256688980e-01-1.164153218270e-08
     9.562098724940e-01 2.253437500000e+02-2.881553657530e-01-6.906001948420e-09
    -6.385980287430e-10 0.000000000000e+00 7.100000000000e+02 0.000000000000e+00
     2.000000000000e+00 0.000000000000e+00-1.000000013350e-10-1.000000000000e-10
     3.528000000000e+05 1.000000000000e+00                                      
C11 2019 08 15 02 00 00 2.127714687960e-04-2.099387330650e-11-9.486769009250e-20
     6.000000000000e+00 1.024531250000e+02 3.385855320180e-09-1.414190238360e-01
     5.136243999000e-06 1.945115625860e-03 1.972541213040e-06 5.282616628650e+03
     3.528000000000e+05-2.840533852580e-08 1.198660311280e+00 6.332993507390e-08
     9.884366733380e-01 3.344062500000e+02-2.295586551960e+00-6.939931933160e-09
     3.296565886630e-10 0.000000000000e+00 7.100000000000e+02 0.000000000000e+00
     2.000000000000e+00 0.000000000000e+00 3.600000075820e-09 1.200000000000e-09
     3.528000000000e+05 5.000000000000e+00                                      
C30 2019 08 15 02 00 00 1.756431302060e-04 6.498801496950e-12 0.000000000000e+00
     1.000000000000e+00 9.604687500000e+01 3.779443143260e-09 8.490539729520e-01
     4.875008016820e-06 3.186617977920e-04 1.833774149420e-06 5.282612613680e+03
     3.528000000000e+05-4.190951585770e-08 1.165863317630e+00 4.516914486890e-08
     9.637386765210e-01 3.255468750000e+02 2.684570480050e-01-7.034221574990e-09
     2.764400862680e-10 0.000000000000e+00 7.100000000000e+02 0.000000000000e+00
     2.000000000000e+00 0.000000000000e+00-1.090000001370e-08-1.090000000000e-08
     3.528000000000e+05 1.000000000000e+00                                      
C10 2019 08 15 02 00 00-8.214276749640e-05-3.541078541500e-11 0.000000000000e+00
     1.000000000000e+00 3.154687500000e+01 8.936086509590e-10-1.097142511180e+00
     6.183981895450e-07 6.390347029080e-03 2.237688750030e-05 6.493225397110e+03
     3.528000000000e+05 1.629814505580e-08-3.070132516940e-01 1.029111444950e-07
     9.091490384380e-01-4.478593750000e+02-2.623652619700e+00-1.650425889720e-09
    -9.200383232890e-10 0.000000000000e+00 7.100000000000e+02 0.000000000000e+00
     2.000000000000e+00 0.000000000000e+00 6.000000052350e-09 2.600000000000e-09
     3.528000000000e+05 0.000000000000e+00                                      
C02 2019 08 15 02 00 00-2.906227018680e-05-2.386268960210e-11 0.000000000000e+00
     1.000000000000e+00 4.668281250000e+02 3.943378543260e-09 2.829485333890e+00
     1.521455124020e-05 3.018998540940e-04 1.935148611660e-05 6.493332065580e+03
     3.528000000000e+05-5.122274160390e-08-2.793383282070e+00 6.332993507390e-08
     8.993681685800e-02-5.865000000000e+02 2.023650662820e+00-2.833689463110e-09
     4.582333729740e-10 0.000000000000e+00 7.100000000000e+02 0.000000000000e+00
     2.000000000000e+00 0.000000000000e+00 1.199999988270e-09-1.370000000000e-08
     3.529500000000e+05 0.000000000000e+00                                      
C28 2019 08 15 02 00 00 1.658247783780e-04 6.816769371200e-12 0.000000000000e+00
     1.000000000000e+00 9.965625000000e+01 3.889447725400e-09-3.571672855880e-01
     4.924833774570e-06 2.546134637670e-04 1.790467649700e-06 5.282613866810e+03
     3.528000000000e+05 2.142041921620e-08 1.203226078600e+00 2.607703208920e-08
     9.643620083600e-01 3.257968750000e+02 3.038235408090e+00-7.147083419000e-09
     2.735828243940e-10 0.000000000000e+00 7.100000000000e+02 0.000000000000e+00
     2.000000000000e+00 0.000000000000e+00-7.499999732370e-09-7.500000000000e-09
     3.528000000000e+05 1.000000000000e+00                                      
C20 2019 08 15 02 00 00 2.880208194260e-05-3.255085090360e-11 0.000000000000e+00
     1.000000000000e+00-5.178125000000e+01 3.595864067890e-09-3.013924059060e-01
    -2.627726644280e-06 8.292210986840e-04 1.176353544000e-05 5.282628932950e+03
     3.528000000000e+05 1.443549990650e-08-3.012233879590e+00-3.771856427190e-08
     9.625996733740e-01 1.227812500000e+02-6.982572287590e-01-6.548129898750e-09
     3.260850113210e-10 0.000000000000e+00 7.100000000000e+02 0.000000000000e+00
     2.000000000000e+00 0.000000000000e+00 1.509999947300e-08 1.510000000000e-08
     3.528000000000e+05 1.000000000000e+00                                      
C23 2019 08 15 02 00 00-9.241130901500e-04-4.296119016090e-12 0.000000000000e+00
     1.000000000000e+00-4.223437500000e+01 4.258034507090e-09 6.295448019020e-01
    -1.999083906410e-06 4.390253452580e-04 6.774906069040e-06 5.282616910930e+03
     3.528000000000e+05 1.350417733190e-08-8.976428922350e-01 1.257285475730e-08
     9.551518886760e-01 2.224531250000e+02-2.142447738830e+00-6.949932349720e-09
    -6.235974039060e-10 0.000000000000e+00 7.100000000000e+02 0.000000000000e+00
     2.000000000000e+00 0.000000000000e+00 2.139999999430e-08 2.140000000000e-08
     3.528000000000e+05 1.000000000000e+00                                      
C06 2019 08 15 02 00 00 4.747641505670e-04-2.547118072020e-11 1.287490079830e-18
     4.000000000000e+00 1.948437500000e+02 1.392558005630e-09 8.448316095530e-01
     6.495974957940e-06 8.098143036480e-03 1.442478969690e-05 6.494017326350e+03
     3.528000000000e+05-4.936009645460e-08-2.326544505440e+00 1.192092895510e-07
     9.450742468670e-01-2.158906250000e+02-2.202475572990e+00-1.984725528930e-09
     1.076473410870e-09 0.000000000000e+00 7.100000000000e+02 0.000000000000e+00
     2.000000000000e+00 0.000000000000e+00 7.999999773740e-09-1.900000000000e-09
     3.528000000000e+05 3.000000000000e+00                                      
C01 2019 08 15 02 00 00 2.588315401230e-04 4.745714932140e-11 0.000000000000e+00
     1.000000000000e+00 5.647343750000e+02 4.403397704900e-09-1.815811253660e-01
     1.860316842790e-05 4.613178316500e-04 1.306831836700e-05 6.493344879150e+03
     3.528000000000e+05-1.555308699610e-07-2.611902385610e+00-5.681067705150e-08
     6.376169849070e-02-3.956875000000e+02-4.528801609170e-01-3.427285617350e-09
     5.378795476990e-10 0.000000000000e+00 7.100000000000e+02 0.000000000000e+00
     2.000000000000e+00 0.000000000000e+00 1.420000028670e-08-1.040000000000e-08
     3.528000000000e+05 0.000000000000e+00                                      
C04 2019 08 15 02 00 00 1.338602742180e-04-1.879119082560e-11 0.000000000000e+00
     1.000000000000e+00 4.802031250000e+02 2.901549432610e-09-4.142613092230e-01
     1.582363620400e-05 4.177556838840e-04 1.790467649700e-05 6.493370307920e+03
     3.528000000000e+05 1.071020960810e-08-2.719926486070e+00-1.294538378720e-07
     8.060531739790e-02-5.453593750000e+02 2.350800892640e-01-1.859363164220e-09
     5.318078662180e-10 0.000000000000e+00 7.100000000000e+02 0.000000000000e+00
     2.000000000000e+00 0.000000000000e+00 5.299999994430e-09-8.400000000000e-09
     3.528000000000e+05 0.000000000000e+00                                      
C07 2019 08 15 02 00 00-6.629747804250e-05-2.383337971420e-11 0.000000000000e+00
     1.000000000000e+00 3.218750000000e+01 8.911085468190e-10-6.520726972620e-01
     5.587935447690e-07 7.014853064900e-03 2.142461016770e-05 6.493929903030e+03
     3.528000000000e+05 2.328306436540e-09-2.992735402300e-01 1.033768057820e-07
     9.077545264080e-01-4.265781250000e+02-2.709872190970e+00-1.705071023050e-09
    -9.164667459470e-10 0.000000000000e+00 7.100000000000e+02 0.000000000000e+00
     2.000000000000e+00 0.000000000000e+00 1.470000032810e-08 7.000000000000e-10
     3.528300000000e+05 0.000000000000e+00                                      
C16 2019 08 15 02 00 00-8.776809554550e-04 2.241762331320e-12-1.883801274690e-18
     4.000000000000e+00 1.936875000000e+02 1.308625938090e-09 1.445192012080e+00
     6.309244781730e-06 2.280482556670e-03 1.493981108070e-05 6.493682434080e+03
     3.528000000000e+05-5.587935447690e-09-2.340540898090e+00 9.359791874890e-08
     9.606450890100e-01-2.280312500000e+02-2.833168094100e+00-1.890078729370e-09
     1.094688455310e-09 0.000000000000e+00 7.100000000000e+02 0.000000000000e+00
     2.000000000000e+00 0.000000000000e+00-2.900000017900e-09 4.400000000000e-09
     3.528300000000e+05 3.000000000000e+00                                      
C27 2019 08 15 02 00 00 1.717795385050e-04 6.960654275190e-12 0.000000000000e+00
     1.000000000000e+00 8.876562500000e+01 3.830873856990e-09 8.685374992160e-01
     4.398636519910e-06 5.890943575650e-04 1.786742359400e-06 5.282617881770e+03
     3.528000000000e+05 3.259629011150e-09 1.203345325440e+00-2.607703208920e-08
     9.644653371900e-01 3.281562500000e+02 1.025906538930e+00-7.099581440350e-09
     2.371527355060e-10 0.000000000000e+00 7.100000000000e+02 0.000000000000e+00
     2.000000000000e+00 0.000000000000e+00-5.700000027530e-09-5.700000000000e-09
     3.535800000000e+05 1.000000000000e+00                                      
C03 2019 08 15 02 00 00-1.972187310457e-04 8.999379019770e-11 0.000000000000e+00
     1.000000000000e+00 4.778281250000e+02 4.016952992458e-09 7.064421603230e-01
     1.572305336595e-05 6.099392194301e-04 1.787161454558e-05 6.493373964310e+03
     3.528000000000e+05-1.769512891769e-07-2.724725139716e+00 1.769512891769e-08
     7.862899260744e-02-5.420625000000e+02-1.742445123468e+00-3.020125705078e-09
     5.203787956098e-10 0.000000000000e+00 7.100000000000e+02 0.000000000000e+00
     2.000000000000e+00 0.000000000000e+00 1.899999935162e-09-8.099999782019e-09
     3.528004000000e+05 0.000000000000e+00                                      
C09 2019 08 15 02 00 00-1.089599682018e-04 2.868727477789e-11-1.490777987168e-19
     3.000000000000e+00 2.214062500000e+02 1.467918342435e-09 6.160108873946e-01
     7.075723260641e-06 6.403613137081e-03 1.285923644900e-05 6.493354013443e+03
     3.528000000000e+05 1.536682248116e-08-2.284391410437e+00 5.727633833885e-08
     9.499654768923e-01-1.630937500000e+02-2.358653839811e+00-2.001869114920e-09
     1.062187116041e-09 0.000000000000e+00 7.100000000000e+02 0.000000000000e+00
     2.000000000000e+00 0.000000000000e+00 6.500000093723e-09 3.400000059273e-09
     3.529500000000e+05 2.000000000000e+00                                      
C32 2019 08 15 02 00 00-9.050354128703e-04-5.003109038171e-12 0.000000000000e+00
     1.000000000000e+00-5.946875000000e+01 3.624079528888e-09 8.769297306603e-01
    -2.852175384760e-06 4.809539532289e-04 1.143710687757e-05 5.282628419876e+03
     3.528000000000e+05-7.404014468193e-08-3.017335303144e+00-2.188608050346e-08
     9.612257694716e-01 1.332187500000e+02-1.078604916521e+00-6.615275552780e-09
     3.392998474863e-10 0.000000000000e+00 7.100000000000e+02 0.000000000000e+00
     2.000000000000e+00 0.000000000000e+00-1.290000000000e-08-1.290000000000e-08
     3.528000000000e+05 0.000000000000e+00                                      
C33 2019 08 15 02 00 00-3.100965404883e-04-2.694555689686e-11 0.000000000000e+00
     1.000000000000e+00-6.512500000000e+01 3.561934083138e-09 1.852928174170e+00
    -3.341119736433e-06 4.700490972027e-04 1.172674819827e-05 5.282626321793e+03
     3.528000000000e+05 3.911554813385e-08-3.017501698372e+00 1.955777406693e-08
     9.612566268026e-01 1.245156250000e+02-4.811840474527e-01-6.520271595484e-09
     3.364425856127e-10 0.000000000000e+00 7.100000000000e+02 0.000000000000e+00
     2.000000000000e+00 0.000000000000e+00-1.700000000000e-08-1.700000000000e-08
     3.528000000000e+05 0.000000000000e+00                                      
C05 2019 08 15 03 00 00-2.213635016233e-04-5.381561862805e-11-4.336808689942e-19
     1.000000000000e+00 6.602500000000e+02 4.790913846506e-09 1.286174383651e+00
     2.158898860216e-05 5.340628558770e-04 1.150229945779e-05 6.493459878922e+03
     3.564000000000e+05-3.119930624962e-08-2.589062755576e+00 7.776543498039e-08
     7.650754049187e-02-3.458437500000e+02-3.101196755807e+00-3.658009513636e-09
     3.732298322349e-10 0.000000000000e+00 7.100000000000e+02 0.000000000000e+00
     2.000000000000e+00 0.000000000000e+00-3.000000000000e-10-9.100000000000e-09
     3.564004000000e+05 0.000000000000e+00                                      
C08 2019 08 15 03 00 00 1.663221046329e-04-1.679545391653e-12 0.000000000000e+00
     1.000000000000e+00-2.364218750000e+02 1.120046654439e-09-2.392059917937e+00
    -7.654074579477e-06 4.310723394156e-03-9.882729500532e-06 6.492989315033e+03
     3.564000000000e+05-4.516914486885e-08 1.843071231109e+00-6.100162863731e-08
     1.026551908167e+00 5.673750000000e+02-2.814015869045e+00-2.567606951136e-09
    -2.378670509746e-10 0.000000000000e+00 7.100000000000e+02 0.000000000000e+00
     2.000000000000e+00 0.000000000000e+00 1.070000000000e-08-8.000000000000e-10
     3.564000000000e+05 0.000000000000e+00                                      
C12 2019 08 15 03 00 00-2.283540088683e-04-7.481126829134e-12 6.098637220231e-19
     1.700000000000e+01 1.023906250000e+02 3.493716955906e-09 1.588530251313e+00
     4.989560693502e-06 2.446173341013e-03 1.791398972273e-06 5.282611850739e+03
     3.564000000000e+05-2.002343535423e-08 1.187922498426e+00-6.100162863731e-08
     9.872329741017e-01 3.397812500000e+02-2.349094858053e+00-6.980647914862e-09
     2.353669468352e-10 0.000000000000e+00 7.100000000000e+02 0.000000000000e+00
     2.000000000000e+00 0.000000000000e+00 2.500000000000e-09-4.000000000000e-10
     3.579600000000e+05 9.000000000000e+00                                      
C13 2019 08 15 03 00 00-9.128871606663e-04-2.665956344572e-11 0.000000000000e+00
     1.000000000000e+00-2.370000000000e+02 1.330412559880e-09-2.709886202803e+00
    -7.502734661102e-06 3.550497582182e-03-1.173233613372e-05 6.493279989243e+03
     3.564000000000e+05-1.629814505577e-08 1.826826377257e+00-1.583248376846e-08
     9.874047031292e-01 6.082343750000e+02-2.864925807339e+00-2.676540060065e-09
    -2.189376910622e-10 0.000000000000e+00 7.100000000000e+02 0.000000000000e+00
     2.000000000000e+00 0.000000000000e+00-8.700000000000e-09 2.700000000000e-09
     3.564000000000e+05 0.000000000000e+00                                      
C14 2019 08 15 03 00 00 5.111168138683e-04-4.549249865704e-12 1.165517335422e-18
     1.200000000000e+01-7.084375000000e+01 3.538718830415e-09-1.625444829776e+00
    -3.423076122999e-06 2.025740919635e-03 1.261755824089e-05 5.282628759384e+03
     3.564000000000e+05-9.313225746155e-09-3.010497407529e+00-3.725290298462e-09
     9.598904646622e-01 1.030781250000e+02-1.961246133911e+00-6.487055926203e-09
     4.068026592493e-10 0.000000000000e+00 7.100000000000e+02 0.000000000000e+00
     2.000000000000e+00 0.000000000000e+00 5.800000000000e-09 6.000000000000e-10
     3.564000000000e+05 1.100000000000e+01                                      
C21 2019 08 15 03 00 00 3.605057718232e-04-1.648636782647e-11 0.000000000000e+00
     1.000000000000e+00-7.125000000000e+01 3.568005764619e-09-1.998886653287e+00
    -3.425870090723e-06 7.249537156895e-04 1.288019120693e-05 5.282633468628e+03
     3.564000000000e+05-5.401670932770e-08-3.010181129029e+00-4.936009645462e-08
     9.618863559819e-01 1.026250000000e+02-8.555814944035e-01-6.550272845156e-09
     4.060883437809e-10 0.000000000000e+00 7.100000000000e+02 0.000000000000e+00
     2.000000000000e+00 0.000000000000e+00 1.070000000000e-08 1.070000000000e-08
     3.564000000000e+05 1.000000000000e+00                                      
C24 2019 08 15 03 00 00-9.336943039671e-04 1.413091865743e-11 0.000000000000e+00
     1.000000000000e+00-4.082812500000e+01 4.277678182466e-09 1.105955681208e+00
    -1.989770680666e-06 2.712956629694e-04 6.737653166056e-06 5.282613792419e+03
     3.564000000000e+05-2.328306436539e-09-8.978434246568e-01-6.286427378654e-08
     9.551407470917e-01 2.177812500000e+02-5.511458575515e-01-6.947075087848e-09
    -7.011006322269e-10 0.000000000000e+00 7.100000000000e+02 0.000000000000e+00
     2.000000000000e+00 0.000000000000e+00 1.170000000000e-08 1.170000000000e-08
     3.566700000000e+05 1.000000000000e+00                                      
C26 2019 08 15 03 00 00 3.521621692926e-04 1.398348103976e-11 0.000000000000e+00
     1.000000000000e+00-3.750000000000e+01 4.314465429089e-09 1.429335046570e+00
    -1.724343746901e-06 4.888816038147e-04 6.665941327810e-06 5.282617301941e+03
     3.564000000000e+05 1.145526766777e-07-9.235092895374e-01 1.024454832077e-08
     9.562639419458e-01 2.213281250000e+02-1.145344721234e-01-6.982433703533e-09
    -6.193115110960e-10 0.000000000000e+00 7.100000000000e+02 0.000000000000e+00
     2.000000000000e+00 0.000000000000e+00-6.000000000000e-09-6.000000000000e-09
     3.564000000000e+05 1.000000000000e+00                                      
C29 2019 08 15 03 00 00 1.045311801136e-04 5.315747841905e-12 0.000000000000e+00
     1.000000000000e+00 9.585937500000e+01 3.803729869188e-09-9.589789438137e-01
     4.815869033337e-06 2.531367354095e-04 1.851003617048e-06 5.282613281250e+03
     3.564000000000e+05 8.381903171539e-09 1.165267978729e+00 8.242204785347e-08
     9.638047038660e-01 3.255312500000e+02 1.767835090776e+00-7.040650414207e-09
     2.882262914962e-10 0.000000000000e+00 7.100000000000e+02 0.000000000000e+00
     2.000000000000e+00 0.000000000000e+00-1.300000000000e-09-1.300000000000e-09
     3.564000000000e+05 3.000000000000e+00                                      
C22 2019 08 15 03 00 00 7.794820703570e-06-3.863842579220e-11 0.000000000000e+00
     1.000000000000e+00-5.862500000000e+01 3.477287700130e-09-1.799830017640e+00
    -3.150198608640e-06 6.889026844870e-04 1.280987635250e-05 5.282633970260e+03
     3.564000000000e+05-4.610046744350e-08-3.010269955950e+00 6.053596735000e-09
     9.618954494810e-01 1.032343750000e+02-2.727323924450e-01-6.504199497440e-09
     3.843017219950e-10 0.000000000000e+00 7.100000000000e+02 0.000000000000e+00
     2.000000000000e+00 0.000000000000e+00 1.250000014610e-08 1.250000000000e-08
     3.564000000000e+05 1.000000000000e+00                                      
C25 2019 08 15 03 00 00-3.150604898110e-04-1.263700255550e-11 0.000000000000e+00
     1.000000000000e+00-4.120312500000e+01 4.232676307960e-09 4.298382034580e-02
    -2.106651663780e-06 2.301447093490e-04 6.680842489000e-06 5.282616918560e+03
     3.564000000000e+05-3.725290298460e-09-9.240505370420e-01-1.536682248120e-08
     9.562075918040e-01 2.238593750000e+02-2.881894254120e-01-6.902430371070e-09
    -6.371693978060e-10 0.000000000000e+00 7.100000000000e+02 0.000000000000e+00
     2.000000000000e+00 0.000000000000e+00-1.000000013350e-10-1.000000000000e-10
     3.564000000000e+05 1.000000000000e+00                                      
C11 2019 08 15 03 00 00 2.126959152520e-04-2.099476148490e-11-9.486769009250e-20
     7.000000000000e+00 1.038750000000e+02 3.386926793380e-09 3.461338067540e-01
     5.259178578850e-06 1.945323427210e-03 2.058688551190e-06 5.282617033000e+03
     3.564000000000e+05-9.266659617420e-08 1.198635614290e+00 3.445893526080e-08
     9.884379299840e-01 3.338437500000e+02-2.295571856950e+00-6.917073838180e-09
     2.817974522810e-10 0.000000000000e+00 7.100000000000e+02 0.000000000000e+00
     2.000000000000e+00 0.000000000000e+00 3.600000075820e-09 1.200000000000e-09
     3.564000000000e+05 6.000000000000e+00                                      
C30 2019 08 15 03 00 00 1.756660640240e-04 6.451728040700e-12 0.000000000000e+00
     1.000000000000e+00 9.620312500000e+01 3.785871982480e-09 1.334006756310e+00
     4.875008016820e-06 3.189021954310e-04 2.261716872450e-06 5.282614316940e+03
     3.564000000000e+05-4.097819328310e-08 1.165838303190e+00-2.933666110040e-08
     9.637396596020e-01 3.193437500000e+02 2.710743064640e-01-7.034578732730e-09
     2.221521106700e-10 0.000000000000e+00 7.100000000000e+02 0.000000000000e+00
     2.000000000000e+00 0.000000000000e+00-1.090000001370e-08-1.090000000000e-08
     3.564000000000e+05 1.000000000000e+00                                      
C10 2019 08 15 03 00 00-8.227047510450e-05-3.542943716180e-11 0.000000000000e+00
     1.000000000000e+00 2.117187500000e+01 9.043233829840e-10-8.343613936780e-01
     2.314336597920e-07 6.392063223760e-03 2.151541411880e-05 6.493230978010e+03
     3.564000000000e+05-6.798654794690e-08-3.070190126660e-01 1.220032572750e-07
     9.091453767540e-01-4.250937500000e+02-2.623893679340e+00-1.692213344620e-09
    -9.221812696940e-10 0.000000000000e+00 7.100000000000e+02 0.000000000000e+00
     2.000000000000e+00 0.000000000000e+00 6.000000052350e-09 2.600000000000e-09
     3.564000000000e+05 0.000000000000e+00                                      
C02 2019 08 15 03 00 00-2.914853394030e-05-2.390176945260e-11 0.000000000000e+00
     1.000000000000e+00 6.688750000000e+02 5.300577933200e-09 3.093138723610e+00
     2.195406705140e-05 2.975380048160e-04 1.073116436600e-05 6.493342607500e+03
     3.564000000000e+05-1.257285475730e-08-2.538526847400e+00 1.019798219200e-07
     8.425995593680e-02-3.247500000000e+02 1.767702224170e+00-4.264820504040e-09
     3.903734034760e-10 0.000000000000e+00 7.100000000000e+02 0.000000000000e+00
     2.000000000000e+00 0.000000000000e+00 1.199999988270e-09-1.370000000000e-08
     3.564000000000e+05 0.000000000000e+00                                      
C28 2019 08 15 03 00 00 1.658495748420e-04 6.853184686410e-12 0.000000000000e+00
     1.000000000000e+00 1.002812500000e+02 3.898733826480e-09 1.303864915090e-01
     4.954636096950e-06 2.542709698900e-04 1.954380422830e-06 5.282613201140e+03
     3.564000000000e+05-4.656612873080e-10 1.203200344410e+00 2.607703208920e-08
     9.643629007400e-01 3.233281250000e+02 3.038252012210e+00-7.166012778910e-09
     2.739399821280e-10 0.000000000000e+00 7.100000000000e+02 0.000000000000e+00
     2.000000000000e+00 0.000000000000e+00-7.499999732370e-09-7.500000000000e-09
     3.564000000000e+05 1.000000000000e+00                                      
C27 2019 08 15 03 00 00 1.718027051540e-04 6.730616064490e-12 0.000000000000e+00
     1.000000000000e+00 9.651562500000e+01 3.887304778990e-09 1.357852459980e+00
     4.711560904980e-06 5.888784071430e-04 1.812353730200e-06 5.282615840910e+03
     3.564000000000e+05 2.887099981310e-08 1.203319901390e+00 4.656612873080e-10
     9.644660993700e-01 3.276406250000e+02 1.024160490610e+00-7.122439535340e-09
     2.182233755940e-10 0.000000000000e+00 7.100000000000e+02 0.000000000000e+00
     2.000000000000e+00 0.000000000000e+00-5.700000027530e-09-5.700000000000e-09
     3.564000000000e+05 1.000000000000e+00                                      
C20 2019 08 15 03 00 00 2.868508454410e-05-3.252953462150e-11 0.000000000000e+00
     1.000000000000e+00-6.007812500000e+01 3.513003473550e-09 1.858678030310e-01
    -2.925749868150e-06 8.305212249980e-04 1.157261431220e-05 5.282631507870e+03
     3.564000000000e+05 1.955777406690e-08-3.012257564230e+00-7.683411240580e-08
     9.626009724460e-01 1.279687500000e+02-6.979522761710e-01-6.518485806810e-09
     3.385855320180e-10 0.000000000000e+00 7.100000000000e+02 0.000000000000e+00
     2.000000000000e+00 0.000000000000e+00 1.509999947300e-08 1.510000000000e-08
     3.564000000000e+05 1.000000000000e+00                                      
C07 2019 08 15 03 00 00-6.638327613470e-05-2.381650432430e-11 0.000000000000e+00
     1.000000000000e+00 2.718750000000e+01 9.271814779730e-10-3.896655411220e-01
     4.521571099760e-07 7.013558759350e-03 2.169189974670e-05 6.493926635740e+03
     3.564000000000e+05 2.933666110040e-08-2.992796698570e-01 9.546056389810e-08
     9.077513255430e-01-4.399218750000e+02-2.709825215210e+00-1.693641975560e-09
    -9.153952727450e-10 0.000000000000e+00 7.100000000000e+02 0.000000000000e+00
     2.000000000000e+00 0.000000000000e+00 1.470000032810e-08 7.000000000000e-10
     3.564000000000e+05 0.000000000000e+00                                      
C16 2019 08 15 03 00 00-8.776729227980e-04 2.227551476610e-12-1.883801274690e-18
     5.000000000000e+00 1.738437500000e+02 1.252552173830e-09 1.706829686480e+00
     5.797017365690e-06 2.279972541150e-03 1.517869532110e-05 6.493687248230e+03
     3.564000000000e+05-5.774199962620e-08-2.340547955210e+00 8.242204785350e-08
     9.606490886280e-01-2.372500000000e+02-2.832319341220e+00-1.875435262260e-09
     1.112546342020e-09 0.000000000000e+00 7.100000000000e+02 0.000000000000e+00
     2.000000000000e+00 0.000000000000e+00-2.900000017900e-09 4.400000000000e-09
     3.564000000000e+05 4.000000000000e+00                                      
C23 2019 08 15 03 00 00-9.241281077270e-04-4.245492846170e-12 0.000000000000e+00
     1.000000000000e+00-4.242187500000e+01 4.260534611230e-09 1.117031730960e+00
    -2.051703631880e-06 4.390496760610e-04 6.809830665590e-06 5.282617006300e+03
     3.564000000000e+05-1.722946763040e-08-8.976680339450e-01 1.210719347000e-08
     9.551496899100e-01 2.222500000000e+02-2.142363800980e+00-6.936003198090e-09
    -6.046680439940e-10 0.000000000000e+00 7.100000000000e+02 0.000000000000e+00
     2.000000000000e+00 0.000000000000e+00 2.139999999430e-08 2.140000000000e-08
     3.564000000000e+05 1.000000000000e+00                                      
C06 2019 08 15 03 00 00 4.746724152940e-04-2.546229893600e-11 1.287490079830e-18
     5.000000000000e+00 1.713906250000e+02 1.324698036130e-09 1.107010070640e+00
     5.885958671570e-06 8.098884020000e-03 1.464318484070e-05 6.494022865300e+03
     3.564000000000e+05-1.229345798490e-07-2.326552035080e+00 8.940696716310e-08
     9.450782230790e-01-2.241875000000e+02-2.202207760960e+00-1.960795960740e-09
     1.102188767730e-09 0.000000000000e+00 7.100000000000e+02 0.000000000000e+00
     2.000000000000e+00 0.000000000000e+00 7.999999773740e-09-1.900000000000e-09
     3.564000000000e+05 4.000000000000e+00                                      
C01 2019 08 15 03 00 00 2.590023214000e-04 4.745004389410e-11 0.000000000000e+00
     1.000000000000e+00 7.104218750000e+02 6.834213243840e-09 8.210872466080e-02
     2.336688339710e-05 4.588656593110e-04-2.183485776190e-06 6.493338798520e+03
     3.564000000000e+05-1.536682248120e-07-2.250726356310e+00 3.771856427190e-08
     6.342008517540e-02 6.634375000000e+01-8.149470371070e-01-5.822742540600e-09
     4.453756945430e-10 0.000000000000e+00 7.100000000000e+02 0.000000000000e+00
     2.000000000000e+00 0.000000000000e+00 1.420000028670e-08-1.040000000000e-08
     3.564000000000e+05 0.000000000000e+00                                      
C04 2019 08 15 03 00 00 1.337936846540e-04-1.865174681370e-11 0.000000000000e+00
     1.000000000000e+00 7.070781250000e+02 4.692338311870e-09-1.520505805570e-01
     2.325419336560e-05 4.134237533440e-04 7.892958819870e-06 6.493359821320e+03
     3.564000000000e+05-4.563480615620e-08-2.432614845160e+00-9.918585419650e-08
     7.693991909650e-02-2.431406250000e+02-5.181051944180e-02-3.588720913200e-09
     4.685909472650e-10 0.000000000000e+00 7.100000000000e+02 0.000000000000e+00
     2.000000000000e+00 0.000000000000e+00 5.299999994430e-09-8.400000000000e-09
     3.564000000000e+05 0.000000000000e+00                                      
C09 2019 08 15 03 00 00-1.088567078110e-04 2.868549842110e-11-1.490777987170e-19
     4.000000000000e+00 2.125312500000e+02 1.417559047020e-09 8.782939895440e-01
     6.860587745900e-06 6.404583924450e-03 1.329556107520e-05 6.493358459470e+03
     3.564000000000e+05-7.450580596920e-09-2.284398774770e+00 8.242204785350e-08
     9.499692951090e-01-1.809687500000e+02-2.358410158620e+00-1.997940365090e-09
     1.075401937660e-09 0.000000000000e+00 7.100000000000e+02 0.000000000000e+00
     2.000000000000e+00 0.000000000000e+00 6.500000093720e-09 3.400000000000e-09
     3.586500000000e+05 3.000000000000e+00                                      
C03 2019 08 15 03 00 00-1.968946307898e-04 9.000622469557e-11 0.000000000000e+00
     1.000000000000e+00 6.722187500000e+02 5.734881902697e-09 9.652835970107e-01
     2.212123945355e-05 6.111321272328e-04 6.438232958317e-06 6.493380098343e+03
     3.564000000000e+05-1.504085958004e-07-2.429968127915e+00 8.661299943924e-08
     7.493697797449e-02-1.944531250000e+02-2.033388563847e+00-4.774127315699e-09
     4.478757920090e-10 0.000000000000e+00 7.100000000000e+02 0.000000000000e+00
     2.000000000000e+00 0.000000000000e+00 1.899999935162e-09-8.099999782019e-09
     3.564004000000e+05 0.000000000000e+00                                      
C19 2019 08 15 03 00 00 1.728133065626e-04 9.302780767939e-12 0.000000000000e+00
     1.000000000000e+00-5.378125000000e+01 3.528361158800e-09-1.567204184116e-01
    -2.836342900991e-06 8.287210948765e-04 1.173652708530e-05 5.282625753403e+03
     3.564000000000e+05-1.862645149231e-08-3.012872719819e+00-5.261972546577e-08
     9.626007369159e-01 1.213281250000e+02-1.127779193216e+00-6.524914830663e-09
     3.278708138321e-10 0.000000000000e+00 7.100000000000e+02 0.000000000000e+00
     2.000000000000e+00 0.000000000000e+00 8.799999839937e-09 8.799999839937e-09
     3.585300000000e+05 1.000000000000e+00                                      
C32 2019 08 15 03 00 00-9.050543885678e-04-5.142553050064e-12 0.000000000000e+00
     1.000000000000e+00-6.079687500000e+01 3.544790511896e-09 1.364951515732e+00
    -2.943444997072e-06 4.809504607692e-04 1.153815537691e-05 5.282627998352e+03
     3.564000000000e+05 5.774199962616e-08-3.017358854662e+00 4.237517714500e-08
     9.612275776383e-01 1.322343750000e+02-1.079061579566e+00-6.490984661280e-09
     3.242992226500e-10 0.000000000000e+00 7.100000000000e+02 0.000000000000e+00
     2.000000000000e+00 0.000000000000e+00-1.290000000000e-08-1.290000000000e-08
     3.564000000000e+05 0.000000000000e+00                                      
C33 2019 08 15 03 00 00-3.101938636974e-04-2.698108403365e-11 0.000000000000e+00
     1.000000000000e+00-7.356250000000e+01 3.456929709284e-09 2.337028158215e+00
    -3.666616976261e-06 4.685341846198e-04 1.226505264640e-05 5.282630643845e+03
     3.564000000000e+05 1.396983861923e-08-3.017525314259e+00 4.516914486885e-08
     9.612578658942e-01 1.104843750000e+02-4.777183199141e-01-6.512056967597e-09
     3.614436270064e-10 0.000000000000e+00 7.100000000000e+02 0.000000000000e+00
     2.000000000000e+00 0.000000000000e+00-1.700000000000e-08-1.700000000000e-08
     3.564000000000e+05 0.000000000000e+00                                      
C05 2019 08 15 04 00 00-2.215569838881e-04-5.380851320069e-11-3.252606517457e-19
     1.000000000000e+00 7.483125000000e+02 6.460983411607e-09 1.543052663274e+00
     2.458132803440e-05 5.336513277143e-04-1.730397343636e-06 6.493467224121e+03
     3.600000000000e+05 3.399327397346e-08-2.288650671555e+00 6.007030606270e-08
     7.002411577978e-02 5.593750000000e+01 2.887406849822e+00-5.380581265664e-09
     2.682254583813e-10 0.000000000000e+00 7.100000000000e+02 0.000000000000e+00
     2.000000000000e+00 0.000000000000e+00-3.000000000000e-10-9.100000000000e-09
     3.600004000000e+05 0.000000000000e+00                                      
C08 2019 08 15 04 00 00 1.663169823587e-04-1.568523089190e-12 0.000000000000e+00
     1.000000000000e+00-2.370937500000e+02 1.122546758578e-09-2.129581564500e+00
    -7.682479918003e-06 4.310888820328e-03-1.005269587040e-05 6.492988296509e+03
     3.600000000000e+05-5.215406417847e-08 1.843062070316e+00-8.009374141693e-08
     1.026551071378e+00 5.720000000000e+02-2.813925021832e+00-2.566535477933e-09
    -2.460816788611e-10 0.000000000000e+00 7.100000000000e+02 0.000000000000e+00
     2.000000000000e+00 0.000000000000e+00 1.070000000000e-08-8.000000000000e-10
     3.600000000000e+05 0.000000000000e+00                                      
C12 2019 08 15 04 00 00-2.283809008077e-04-7.476685937036e-12 6.098637220231e-19
     1.800000000000e+01 1.017343750000e+02 3.494431271374e-09 2.076068498072e+00
     4.919245839119e-06 2.446171245538e-03 1.727137714624e-06 5.282611984253e+03
     3.600000000000e+05 9.313225746155e-09 1.187897317217e+00-7.404014468193e-08
     9.872339425535e-01 3.398750000000e+02-2.349063668639e+00-6.955289715735e-09
     2.382242087088e-10 0.000000000000e+00 7.100000000000e+02 0.000000000000e+00
     2.000000000000e+00 0.000000000000e+00 2.500000000000e-09-4.000000000000e-10
     3.600000000000e+05 1.000000000000e+01                                      
C13 2019 08 15 04 00 00-9.129832033068e-04-2.668532061989e-11 0.000000000000e+00
     1.000000000000e+00-2.185468750000e+02 1.297911206069e-09-2.446928749547e+00
    -6.920192390680e-06 3.549073473550e-03-1.133326441050e-05 6.493284973145e+03
     3.600000000000e+05-2.095475792885e-08 1.826816762959e+00-1.164153218269e-08
     9.874039190051e-01 5.956875000000e+02-2.865348112290e+00-2.674754271394e-09
    -2.200091642648e-10 0.000000000000e+00 7.100000000000e+02 0.000000000000e+00
     2.000000000000e+00 0.000000000000e+00-8.700000000000e-09 2.700000000000e-09
     3.600000000000e+05 0.000000000000e+00                                      
C14 2019 08 15 04 00 00 5.111003993079e-04-4.541256259927e-12 1.165517335422e-18
     1.300000000000e+01-7.046875000000e+01 3.459072655689e-09-1.137887474381e+00
    -3.404915332794e-06 2.025761059485e-03 1.283455640078e-05 5.282628747940e+03
     3.600000000000e+05 3.958120942116e-08-3.010520746924e+00 2.249144017696e-07
     9.598921528697e-01 1.030781250000e+02-1.961238548681e+00-6.439553947555e-09
     3.521575259173e-10 0.000000000000e+00 7.100000000000e+02 0.000000000000e+00
     2.000000000000e+00 0.000000000000e+00 5.800000000000e-09 6.000000000000e-10
     3.600000000000e+05 1.200000000000e+01                                      
C24 2019 08 15 04 00 00-9.336435468867e-04 1.413713590637e-11 0.000000000000e+00
     1.000000000000e+00-3.920312500000e+01 4.321608583773e-09 1.592611112497e+00
    -1.811422407627e-06 2.713156864047e-04 6.813090294600e-06 5.282614290237e+03
     3.600000000000e+05 8.987262845039e-08-8.978688106742e-01-6.426125764847e-08
     9.551380918954e-01 2.172656250000e+02-5.502293627815e-01-6.988505385015e-09
    -6.435982370213e-10 0.000000000000e+00 7.100000000000e+02 0.000000000000e+00
     2.000000000000e+00 0.000000000000e+00 1.170000000000e-08 1.170000000000e-08
     3.600000000000e+05 1.000000000000e+00                                      
C26 2019 08 15 04 00 00 3.522125771269e-04 1.399325100238e-11 0.000000000000e+00
     1.000000000000e+00-3.612500000000e+01 4.333751946735e-09 1.917664926579e+00
    -1.695007085800e-06 4.890164127573e-04 6.618443876505e-06 5.282616540909e+03
     3.600000000000e+05 4.284083843231e-08-9.235349125475e-01 1.057051122189e-07
     9.562617856046e-01 2.240156250000e+02-1.152931706976e-01-6.959932766279e-09
    -5.350222858257e-10 0.000000000000e+00 7.100000000000e+02 0.000000000000e+00
     2.000000000000e+00 0.000000000000e+00-6.000000000000e-09-6.000000000000e-09
     3.600000000000e+05 1.000000000000e+00                                      
C29 2019 08 15 04 00 00 1.045461976901e-04 5.222489107837e-12 0.000000000000e+00
     1.000000000000e+00 9.873437500000e+01 3.785157667010e-09-4.700281604110e-01
     4.993285983801e-06 2.538383705541e-04 2.149026840925e-06 5.282614812851e+03
     3.600000000000e+05-6.798654794693e-08 1.165243038901e+00 2.328306436539e-08
     9.638058025174e-01 3.206718750000e+02 1.766454255567e+00-7.015292215079e-09
     2.210806374674e-10 0.000000000000e+00 7.100000000000e+02 0.000000000000e+00
     2.000000000000e+00 0.000000000000e+00-1.300000000000e-09-1.300000000000e-09
     3.600000000000e+05 1.000000000000e+00                                      
C22 2019 08 15 04 00 00 7.654773071410e-06-3.874589538100e-11 0.000000000000e+00
     1.000000000000e+00-5.903125000000e+01 3.477287700130e-09-1.314725080560e+00
    -3.184191882610e-06 6.884604226800e-04 1.199683174490e-05 5.282630546570e+03
     3.600000000000e+05-5.029141902920e-08-3.010293184170e+00-3.818422555920e-08
     9.618968334010e-01 1.158593750000e+02-2.702741721980e-01-6.502770866510e-09
     3.518003681830e-10 0.000000000000e+00 7.100000000000e+02 0.000000000000e+00
     2.000000000000e+00 0.000000000000e+00 1.250000014610e-08 1.250000000000e-08
     3.600000000000e+05 1.000000000000e+00                                      
C21 2019 08 15 04 00 00 3.604444209490e-04-1.672262328610e-11 0.000000000000e+00
     1.000000000000e+00-5.957812500000e+01 3.451929501010e-09-1.509149067190e+00
    -3.064051270480e-06 7.250317139550e-04 1.286761835220e-05 5.282636545180e+03
     3.600000000000e+05-3.306195139880e-08-3.010204477200e+00 2.980232238770e-08
     9.618879359330e-01 1.031093750000e+02-8.577555077030e-01-6.507413917050e-09
     3.946592962870e-10 0.000000000000e+00 7.100000000000e+02 0.000000000000e+00
     2.000000000000e+00 0.000000000000e+00 1.069999999710e-08 1.070000000000e-08
     3.600000000000e+05 1.000000000000e+00                                      
C11 2019 08 15 04 00 00 2.126203617080e-04-2.099476148490e-11-9.486769009250e-20
     8.000000000000e+00 1.045937500000e+02 3.428714248280e-09 8.338670985290e-01
     5.274079740050e-06 1.945030293430e-03 2.003740519290e-06 5.282616191860e+03
     3.600000000000e+05-6.053596735000e-08 1.198611189410e+00-7.823109626770e-08
     9.884389057510e-01 3.370625000000e+02-2.295737775260e+00-6.926359939260e-09
     1.964367538080e-10 0.000000000000e+00 7.100000000000e+02 0.000000000000e+00
     2.000000000000e+00 0.000000000000e+00 3.600000075820e-09 1.200000000000e-09
     3.611400000000e+05 7.000000000000e+00                                      
C25 2019 08 15 04 00 00-3.151049604640e-04-1.247801861840e-11 0.000000000000e+00
     1.000000000000e+00-4.114062500000e+01 4.265891977240e-09 5.305496826100e-01
    -2.057757228610e-06 2.301308559250e-04 6.593763828280e-06 5.282616905210e+03
     3.600000000000e+05-1.257285475730e-08-9.240754095760e-01-2.747401595120e-08
     9.562052379690e-01 2.236250000000e+02-2.881845509690e-01-6.914573734040e-09
    -6.339549781980e-10 0.000000000000e+00 7.100000000000e+02 0.000000000000e+00
     2.000000000000e+00 0.000000000000e+00-1.000000013350e-10-1.000000000000e-10
     3.600000000000e+05 1.000000000000e+00                                      
C10 2019 08 15 04 00 00-8.239760063590e-05-3.537348192140e-11 0.000000000000e+00
     1.000000000000e+00 1.978125000000e+01 9.146809572760e-10-5.718466823380e-01
     2.100132405760e-07 6.391655071640e-03 2.149911597370e-05 6.493229909900e+03
     3.600000000000e+05-1.024454832080e-08-3.070251305890e-01 1.168809831140e-07
     9.091423207180e-01-4.296093750000e+02-2.623869298350e+00-1.662212094950e-09
    -9.214669542260e-10 0.000000000000e+00 7.100000000000e+02 0.000000000000e+00
     2.000000000000e+00 0.000000000000e+00 6.000000052350e-09 2.600000000000e-09
     3.600000000000e+05 0.000000000000e+00                                      
C02 2019 08 15 04 00 00-2.923421561720e-05-2.385558417470e-11 0.000000000000e+00
     1.000000000000e+00 7.178593750000e+02 6.635276385890e-09-2.922838365820e+00
     2.362951636310e-05 2.936891978610e-04-1.007225364450e-06 6.493352470400e+03
     3.600000000000e+05 2.421438694000e-08-2.265729315600e+00 1.294538378720e-07
     7.860534014790e-02 3.125000000000e+01 1.490319335110e+00-5.664521664350e-09
     3.050127050030e-10 0.000000000000e+00 7.100000000000e+02 0.000000000000e+00
     2.000000000000e+00 0.000000000000e+00 1.199999988270e-09-1.370000000000e-08
     3.600300000000e+05 0.000000000000e+00                                      
C28 2019 08 15 04 00 00 1.658735563980e-04 6.775913163890e-12 0.000000000000e+00
     1.000000000000e+00 1.048281250000e+02 3.883376043910e-09 6.163023694330e-01
     5.198642611500e-06 2.548663178460e-04 1.811422407630e-06 5.282614631650e+03
     3.600000000000e+05-2.328306436540e-09 1.203174557550e+00 3.073364496230e-08
     9.643638999130e-01 3.260312500000e+02 3.039906657410e+00-7.163155517040e-09
     2.721541934570e-10 0.000000000000e+00 7.100000000000e+02 0.000000000000e+00
     2.000000000000e+00 0.000000000000e+00-7.499999732370e-09-7.500000000000e-09
     3.600000000000e+05 1.000000000000e+00                                      
C09 2019 08 15 04 00 00-1.087534474210e-04 2.868461024260e-11-1.490777987170e-19
     5.000000000000e+00 1.892812500000e+02 1.342198765110e-09 1.140434525940e+00
     6.298534572120e-06 6.405351916330e-03 1.368112862110e-05 6.493364704130e+03
     3.600000000000e+05-5.913898348810e-08-2.284406212240e+00 8.428469300270e-08
     9.499732069510e-01-1.968281250000e+02-2.358024466120e+00-1.985439844400e-09
     1.093616982110e-09 0.000000000000e+00 7.100000000000e+02 0.000000000000e+00
     2.000000000000e+00 0.000000000000e+00 6.500000093720e-09 3.400000000000e-09
     3.600000000000e+05 4.000000000000e+00                                      
C27 2019 08 15 04 00 00 1.718270359560e-04 6.730616064490e-12 0.000000000000e+00
     2.000000000000e+00 1.006093750000e+02 3.933020968970e-09 1.846970645100e+00
     4.895497113470e-06 5.890905158590e-04 2.061016857620e-06 5.282614013670e+03
     3.600000000000e+05 7.916241884230e-09 1.203294312030e+00 2.328306436540e-08
     9.644667606090e-01 3.221093750000e+02 1.022612100080e+00-7.148154892200e-09
     2.121516941120e-10 0.000000000000e+00 7.100000000000e+02 0.000000000000e+00
     2.000000000000e+00 0.000000000000e+00-5.700000027530e-09-5.700000000000e-09
     3.600000000000e+05 2.000000000000e+00                                      
C20 2019 08 15 04 00 00 2.856773789970e-05-3.256683811510e-11 0.000000000000e+00
     1.000000000000e+00-6.139062500000e+01 3.464072863970e-09 6.728384214840e-01
    -2.971850335600e-06 8.312484715130e-04 1.135747879740e-05 5.282633220670e+03
     3.600000000000e+05 3.725290298460e-08-3.012281030900e+00 3.725290298460e-09
     9.626022056860e-01 1.343437500000e+02-6.973589180610e-01-6.514557071740e-09
     3.192990143710e-10 0.000000000000e+00 7.100000000000e+02 0.000000000000e+00
     2.000000000000e+00 0.000000000000e+00 1.509999947300e-08 1.510000000000e-08
     3.600000000000e+05 1.000000000000e+00                                      
C07 2019 08 15 04 00 00-6.646872498100e-05-2.378541807960e-11 0.000000000000e+00
     1.000000000000e+00-2.750000000000e+00 1.046829318930e-09-1.272095440000e-01
    -3.236345946790e-07 7.009904948060e-03 2.234615385530e-05 6.493917724610e+03
     3.600000000000e+05-6.519258022310e-09-2.992859823480e-01-1.024454832080e-08
     9.077475673070e-01-4.652031250000e+02-2.709826818570e+00-1.746858477950e-09
    -8.968230705660e-10 0.000000000000e+00 7.100000000000e+02 0.000000000000e+00
     2.000000000000e+00 0.000000000000e+00 1.470000032810e-08 7.000000000000e-10
     3.600000000000e+05 0.000000000000e+00                                      
C16 2019 08 15 04 00 00-8.776648901400e-04 2.214228800310e-12-1.883801274690e-18
     6.000000000000e+00 1.522656250000e+02 1.184692204330e-09 1.968562342290e+00
     5.283392965790e-06 2.278993604700e-03 1.513445749880e-05 6.493691991810e+03
     3.600000000000e+05-9.778887033460e-08-2.340555012320e+00 2.654269337650e-08
     9.606532477040e-01-2.353437500000e+02-2.831566324620e+00-1.850077063140e-09
     1.130761386460e-09 0.000000000000e+00 7.100000000000e+02 0.000000000000e+00
     2.000000000000e+00 0.000000000000e+00-2.900000017900e-09 4.400000000000e-09
     3.600000000000e+05 5.000000000000e+00                                      
C23 2019 08 15 04 00 00-9.241433581340e-04-4.245492846170e-12 0.000000000000e+00
     2.000000000000e+00-4.140625000000e+01 4.261963242160e-09 1.604971228350e+00
    -2.039596438410e-06 4.390630638230e-04 6.824266165490e-06 5.282616691590e+03
     3.600000000000e+05-2.188608050350e-08-8.976930893430e-01-1.583248376850e-08
     9.551476067150e-01 2.215625000000e+02-2.142732473890e+00-6.914573734040e-09
    -5.932389965000e-10 0.000000000000e+00 7.100000000000e+02 0.000000000000e+00
     2.000000000000e+00 0.000000000000e+00 2.139999999430e-08 2.140000000000e-08
     3.600000000000e+05 2.000000000000e+00                                      
C06 2019 08 15 04 00 00 4.745807964350e-04-2.545341715180e-11 1.287490079830e-18
     6.000000000000e+00 1.551406250000e+02 1.263624063590e-09 1.369269296500e+00
     5.498528480530e-06 8.098997175690e-03 1.457752659920e-05 6.494026498790e+03
     3.600000000000e+05-1.653097569940e-07-2.326559490110e+00 9.778887033460e-09
     9.450824099500e-01-2.213750000000e+02-2.202021774340e+00-1.926151660520e-09
     1.125761178190e-09 0.000000000000e+00 7.100000000000e+02 0.000000000000e+00
     2.000000000000e+00 0.000000000000e+00 7.999999773740e-09-1.900000000000e-09
     3.600000000000e+05 5.000000000000e+00                                      
C01 2019 08 15 04 00 00 2.591729862620e-04 4.743494486090e-11 0.000000000000e+00
     1.000000000000e+00 5.396406250000e+02 8.487853553170e-09 3.487840584050e-01
     1.764856278900e-05 4.551403690130e-04-1.666881144050e-05 6.493328714370e+03
     3.600000000000e+05-9.825453162190e-08-1.895059828640e+00 1.117587089540e-07
     6.529909080350e-02 5.062968750000e+02-1.174495830440e+00-7.411022984570e-09
     3.085842823450e-10 0.000000000000e+00 7.100000000000e+02 0.000000000000e+00
     2.000000000000e+00 0.000000000000e+00 1.420000028670e-08-1.040000000000e-08
     3.600000000000e+05 0.000000000000e+00                                      
C04 2019 08 15 04 00 00 1.337262801830e-04-1.869171484260e-11 0.000000000000e+00
     1.000000000000e+00 7.304531250000e+02 6.452054468250e-09 1.125027407740e-01
     2.394476905470e-05 4.097996279600e-04-5.457084625960e-06 6.493350814820e+03
     3.600000000000e+05-8.288770914080e-08-2.131237211800e+00-4.284083843230e-08
     7.399715697570e-02 1.614531250000e+02-3.550743676900e-01-5.294506251720e-09
     3.678724662220e-10 0.000000000000e+00 7.100000000000e+02 0.000000000000e+00
     2.000000000000e+00 0.000000000000e+00 5.299999994430e-09-8.400000000000e-09
     3.600000000000e+05 0.000000000000e+00                                      
C30 2019 08 15 04 00 00 1.756887650120e-04 6.378897410290e-12 0.000000000000e+00
     1.000000000000e+00 9.740625000000e+01 3.839088484870e-09 1.821882414890e+00
     4.805624485020e-06 3.189725102860e-04 2.344138920310e-06 5.282614116670e+03
     3.600000000000e+05 2.188608050350e-08 1.165813236090e+00-3.445893526080e-08
     9.637403647290e-01 3.192812500000e+02 2.707682669280e-01-7.060651247320e-09
     1.814361289720e-10 0.000000000000e+00 7.100000000000e+02 0.000000000000e+00
     2.000000000000e+00 0.000000000000e+00-1.090000001370e-08-1.090000000000e-08
     3.609600000000e+05 1.000000000000e+00                                      
C19 2019 08 15 04 00 00 1.728472998366e-04 9.384493182552e-12 0.000000000000e+00
     1.000000000000e+00-5.639062500000e+01 3.488002331409e-09 3.306485409304e-01
    -2.791173756123e-06 8.290170226246e-04 1.168996095657e-05 5.282626398087e+03
     3.600000000000e+05 7.916241884232e-09-3.012896098713e+00-3.725290298462e-08
     9.626018458078e-01 1.221093750000e+02-1.127582419031e+00-6.542058006431e-09
     3.110843804777e-10 0.000000000000e+00 7.100000000000e+02 0.000000000000e+00
     2.000000000000e+00 0.000000000000e+00 8.799999839937e-09 8.799999839937e-09
     3.600000000000e+05 1.000000000000e+00                                      
C03 2019 08 15 04 00 00-1.965708797798e-04 8.996892120194e-11 0.000000000000e+00
     1.000000000000e+00 6.528750000000e+02 7.402451096539e-09 1.226597120945e+00
     2.153078094125e-05 6.113070994616e-04-7.469207048416e-06 6.493381944656e+03
     3.600000000000e+05-6.658956408501e-08-2.120371523814e+00 1.559965312481e-07
     7.214704544261e-02 2.277812500000e+02-2.341612564579e+00-6.459197621211e-09
     3.328710085349e-10 0.000000000000e+00 7.100000000000e+02 0.000000000000e+00
     2.000000000000e+00 0.000000000000e+00 1.899999935162e-09-8.099999782019e-09
     3.600004000000e+05 0.000000000000e+00                                      
C32 2019 08 15 04 00 00-9.050734806806e-04-5.218048215738e-12 0.000000000000e+00
     1.000000000000e+00-6.829687500000e+01 3.551933666580e-09 1.854601301874e+00
    -3.427267074585e-06 4.812147235498e-04 1.156609505415e-05 5.282625978470e+03
     3.600000000000e+05 2.328306436539e-08-3.017382278906e+00 7.916241884232e-09
     9.612287348065e-01 1.316562500000e+02-1.081146135425e+00-6.502770866508e-09
     3.175132257003e-10 0.000000000000e+00 7.100000000000e+02 0.000000000000e+00
     2.000000000000e+00 0.000000000000e+00-1.290000000000e-08-1.290000000000e-08
     3.600000000000e+05 0.000000000000e+00                                      
C33 2019 08 15 04 00 00-3.102909540758e-04-2.698996581785e-11 0.000000000000e+00
     1.000000000000e+00-7.970312500000e+01 3.401213102749e-09 2.823818129691e+00
    -3.855209797621e-06 4.677728284150e-04 1.233397051692e-05 5.282632278442e+03
     3.600000000000e+05-3.725290298462e-09-3.017548821889e+00 3.632158041000e-08
     9.612592103159e-01 1.087656250000e+02-4.769442914213e-01-6.501342235571e-09
     3.718012012981e-10 0.000000000000e+00 7.100000000000e+02 0.000000000000e+00
     2.000000000000e+00 0.000000000000e+00-1.700000000000e-08-1.700000000000e-08
     3.600000000000e+05 0.000000000000e+00                                      
C05 2019 08 15 05 00 00-2.217508153990e-04-5.380940137911e-11-2.710505431214e-19
     1.000000000000e+00 5.764218750000e+02 7.891400137062e-09 1.797706331650e+00
     1.896265894175e-05 5.320626078174e-04-1.514330506325e-05 6.493478040695e+03
     3.636000000000e+05 8.335337042809e-08-1.957056776870e+00 1.583248376846e-08
     6.472019071287e-02 4.605156250000e+02 2.563921908587e+00-6.887429746237e-09
     1.382200431339e-10 0.000000000000e+00 7.100000000000e+02 0.000000000000e+00
     2.000000000000e+00 0.000000000000e+00-3.000000000000e-10-9.100000000000e-09
     3.636004000000e+05 0.000000000000e+00                                      
C08 2019 08 15 05 00 00 1.663108123466e-04-1.631583756989e-12 0.000000000000e+00
     1.000000000000e+00-2.305468750000e+02 1.161834109340e-09-1.867496064547e+00
    -7.485970854759e-06 4.311271826737e-03-1.071160659194e-05 6.492983194351e+03
     3.636000000000e+05-4.004687070847e-08 1.843052959262e+00-1.075677573681e-07
     1.026550195090e+00 5.941250000000e+02-2.813441468890e+00-2.568678424338e-09
    -2.582250418238e-10 0.000000000000e+00 7.100000000000e+02 0.000000000000e+00
     2.000000000000e+00 0.000000000000e+00 1.070000000000e-08-8.000000000000e-10
     3.636000000000e+05 0.000000000000e+00                                      
C12 2019 08 15 05 00 00-2.284077927470e-04-7.472245044937e-12 6.098637220231e-19
     1.900000000000e+01 9.887500000000e+01 3.497645690982e-09 2.563832429203e+00
     4.804227501154e-06 2.446920960210e-03 1.964624971151e-06 5.282610265732e+03
     3.636000000000e+05 6.938353180885e-08 1.187872377390e+00-3.445893526077e-08
     9.872351026476e-01 3.339531250000e+02-2.349258249910e+00-6.894215743187e-09
     2.285809498855e-10 0.000000000000e+00 7.100000000000e+02 0.000000000000e+00
     2.000000000000e+00 0.000000000000e+00 2.500000000000e-09-4.000000000000e-10
     3.636000000000e+05 1.100000000000e+01                                      
C13 2019 08 15 05 00 00-9.130784310400e-04-2.656985742533e-11 0.000000000000e+00
     1.000000000000e+00-2.157656250000e+02 1.293268155524e-09-2.184284313946e+00
    -6.824266165495e-06 3.548823413439e-03-1.117587089539e-05 6.493286106110e+03
     3.636000000000e+05-3.399327397346e-08 1.826807214493e+00-2.607703208923e-08
     9.874031509732e-01 5.917031250000e+02-2.865458467515e+00-2.672611324989e-09
    -2.278666344171e-10 0.000000000000e+00 7.100000000000e+02 0.000000000000e+00
     2.000000000000e+00 0.000000000000e+00-8.700000000000e-09 2.700000000000e-09
     3.636000000000e+05 0.000000000000e+00                                      
C24 2019 08 15 05 00 00-9.335925569758e-04 1.415045858266e-11 0.000000000000e+00
     1.000000000000e+00-3.918750000000e+01 4.356252883990e-09 2.081204784430e+00
    -1.800246536732e-06 2.714873990044e-04 6.781890988350e-06 5.282613660812e+03
     3.636000000000e+05 1.094304025173e-07-8.978944746461e-01 5.727633833885e-08
     9.551357673185e-01 2.197968750000e+02-5.512510003997e-01-6.994577066496e-09
    -5.550231189407e-10 0.000000000000e+00 7.100000000000e+02 0.000000000000e+00
     2.000000000000e+00 0.000000000000e+00 1.170000000000e-08 1.170000000000e-08
     3.636000000000e+05 1.000000000000e+00                                      
C25 2019 08 15 05 00 00-3.151505952701e-04-1.258815274241e-11 0.000000000000e+00
     1.000000000000e+00-3.912500000000e+01 4.295893226910e-09 1.017065479831e+00
    -1.881737262011e-06 2.302898792550e-04 6.566289812326e-06 5.282617486954e+03
     3.636000000000e+05 1.769512891769e-08-9.241004825286e-01-6.658956408501e-08
     9.562028285431e-01 2.239218750000e+02-2.871294169156e-01-6.947075087848e-09
    -6.096682522727e-10 0.000000000000e+00 7.100000000000e+02 0.000000000000e+00
     2.000000000000e+00 0.000000000000e+00-1.000000000000e-10-1.000000000000e-10
     3.654600000000e+05 1.000000000000e+00                                      
C26 2019 08 15 05 00 00 3.522617043927e-04 1.382005621053e-11 0.000000000000e+00
     1.000000000000e+00-3.520312500000e+01 4.316608375494e-09 2.405434124215e+00
    -1.696404069662e-06 4.890989512205e-04 6.612855941057e-06 5.282616302490e+03
     3.636000000000e+05-4.377216100693e-08-9.235603380637e-01 6.100162863731e-08
     9.562600681387e-01 2.243750000000e+02-1.154909513703e-01-6.904930475213e-09
    -4.803771524937e-10 0.000000000000e+00 7.100000000000e+02 0.000000000000e+00
     2.000000000000e+00 0.000000000000e+00-6.000000000000e-09-6.000000000000e-09
     3.636000000000e+05 1.000000000000e+00                                      
C29 2019 08 15 05 00 00 1.045651733875e-04 5.242917211490e-12 0.000000000000e+00
     1.000000000000e+00 9.709375000000e+01 3.801944080517e-09 1.767436473395e-02
     4.861038178205e-06 2.546185860410e-04 2.528540790081e-06 5.282616348267e+03
     3.636000000000e+05-2.840533852577e-08 1.165218103463e+00-4.330649971962e-08
     9.638065486057e-01 3.153437500000e+02 1.766321166595e+00-7.027792735776e-09
     1.653640309328e-10 0.000000000000e+00 7.100000000000e+02 0.000000000000e+00
     2.000000000000e+00 0.000000000000e+00-1.300000000000e-09-1.300000000000e-09
     3.636000000000e+05 1.000000000000e+00                                      
C11 2019 08 15 05 00 00 2.125446917490e-04-2.099564966330e-11-9.486769009250e-20
     9.000000000000e+00 1.031562500000e+02 3.467644441310e-09 1.321326875830e+00
     5.069654434920e-06 1.945056603290e-03 2.070795744660e-06 5.282616619110e+03
     3.636000000000e+05-1.722946763040e-08 1.198586416360e+00-7.729977369310e-08
     9.884395377310e-01 3.369062500000e+02-2.295629588080e+00-6.944932141440e-09
     1.696499237430e-10 0.000000000000e+00 7.100000000000e+02 0.000000000000e+00
     2.000000000000e+00 0.000000000000e+00 3.600000075820e-09 1.200000000000e-09
     3.636000000000e+05 8.000000000000e+00                                      
C14 2019 08 15 05 00 00 5.110841011630e-04-4.532374475730e-12 1.165517335420e-18
     1.400000000000e+01-6.578125000000e+01 3.555148086190e-09-6.501312616050e-01
    -3.177672624590e-06 2.026325906630e-03 1.273071393370e-05 5.282630075450e+03
     3.636000000000e+05 1.154839992520e-07-3.010544703670e+00-4.237517714500e-08
     9.598925244510e-01 1.051406250000e+02-1.961429620410e+00-6.638133647770e-09
     4.664480008600e-10 0.000000000000e+00 7.100000000000e+02 0.000000000000e+00
     2.000000000000e+00 0.000000000000e+00 5.800000035800e-09 6.000000000000e-10
     3.636000000000e+05 1.300000000000e+01                                      
C21 2019 08 15 05 00 00 3.603843506430e-04-1.671285332350e-11 0.000000000000e+00
     1.000000000000e+00-6.165625000000e+01 3.425142670940e-09-1.022360014430e+00
    -3.269873559470e-06 7.246065652000e-04 1.251138746740e-05 5.282635168080e+03
     3.636000000000e+05-7.124617695810e-08-3.010227706880e+00 1.862645149230e-09
     9.618893944630e-01 1.078281250000e+02-8.569823086840e-01-6.494556238620e-09
     3.614436270060e-10 0.000000000000e+00 7.100000000000e+02 0.000000000000e+00
     2.000000000000e+00 0.000000000000e+00 1.069999999710e-08 1.070000000000e-08
     3.636000000000e+05 1.000000000000e+00                                      
C28 2019 08 15 05 00 00 1.658968394620e-04 6.629363724640e-12 0.000000000000e+00
     1.000000000000e+00 1.078750000000e+02 3.878375835640e-09 1.102434327670e+00
     5.409587174650e-06 2.551007783040e-04 1.875683665280e-06 5.282615484240e+03
     3.636000000000e+05-3.864988684650e-08 1.203148918450e+00 3.539025783540e-08
     9.643649371220e-01 3.253281250000e+02 3.041344642980e+00-7.145654788060e-09
     2.492960984690e-10 0.000000000000e+00 7.100000000000e+02 0.000000000000e+00
     2.000000000000e+00 0.000000000000e+00-7.499999732370e-09-7.500000000000e-09
     3.666000000000e+05 1.000000000000e+00                                      
C10 2019 08 15 05 00 00-8.252554107460e-05-3.543565441080e-11 0.000000000000e+00
     1.000000000000e+00 1.484375000000e+00 1.011113545510e-09-3.093841181760e-01
    -2.724118530750e-07 6.388977402820e-03 2.210400998590e-05 6.493223289490e+03
     3.636000000000e+05-6.845220923420e-08-3.070312646050e-01 2.281740307810e-08
     9.091385171310e-01-4.525625000000e+02-2.623792878430e+00-1.716500070550e-09
    -9.064663293900e-10 0.000000000000e+00 7.100000000000e+02 0.000000000000e+00
     2.000000000000e+00 0.000000000000e+00 6.000000052350e-09 2.600000000000e-09
     3.636000000000e+05 0.000000000000e+00                                      
C02 2019 08 15 05 00 00-2.932001370940e-05-2.385291963950e-11 0.000000000000e+00
     1.000000000000e+00 5.689218750000e+02 7.836397846000e-09-2.655596454150e+00
     1.875264570120e-05 2.916589146480e-04-1.318193972110e-05 6.493358394620e+03
     3.636000000000e+05 6.239861249920e-08-1.971831260540e+00 1.369044184680e-07
     7.340878887930e-02 3.998750000000e+02 1.191856939070e+00-6.904573317480e-09
     1.989368579470e-10 0.000000000000e+00 7.100000000000e+02 0.000000000000e+00
     2.000000000000e+00 0.000000000000e+00 1.199999988270e-09-1.370000000000e-08
     3.640200000000e+05 0.000000000000e+00                                      
C09 2019 08 15 05 00 00-1.086501870300e-04 2.868372206420e-11-1.490777987170e-19
     6.000000000000e+00 1.771093750000e+02 1.297554048330e-09 1.402785924420e+00
     6.022863090040e-06 6.405399879440e-03 1.370394602420e-05 6.493367376330e+03
     3.636000000000e+05-1.108273863790e-07-2.284413667270e+00 4.237517714500e-08
     9.499772694750e-01-1.977812500000e+02-2.357850898210e+00-1.962938907140e-09
     1.113617815220e-09 0.000000000000e+00 7.100000000000e+02 0.000000000000e+00
     2.000000000000e+00 0.000000000000e+00 6.500000093720e-09 3.400000000000e-09
     3.636000000000e+05 5.000000000000e+00                                      
C27 2019 08 15 05 00 00 1.718538114800e-04 6.903810856330e-12 0.000000000000e+00
     1.000000000000e+00 1.018437500000e+02 3.946950120600e-09 2.334262606680e+00
     4.973728209730e-06 5.888902815060e-04 1.947395503520e-06 5.282614519120e+03
     3.636000000000e+05-8.847564458850e-09 1.203268550040e+00 1.117587089540e-08
     9.644674379400e-01 3.235781250000e+02 1.022890625050e+00-7.165655621180e-09
     2.153661137200e-10 0.000000000000e+00 7.100000000000e+02 0.000000000000e+00
     2.000000000000e+00 0.000000000000e+00-5.700000027530e-09-5.700000000000e-09
     3.636000000000e+05 1.000000000000e+00                                      
C20 2019 08 15 05 00 00 2.845039125530e-05-3.256594993670e-11 0.000000000000e+00
     1.000000000000e+00-6.490625000000e+01 3.486216643490e-09 1.161029978200e+00
    -3.149267286060e-06 8.310585981230e-04 1.146644353870e-05 5.282632131580e+03
     3.636000000000e+05 9.685754776000e-08-3.012304541460e+00-3.818422555920e-08
     9.626032575240e-01 1.323281250000e+02-6.979870629000e-01-6.531700642980e-09
     3.435857402970e-10 0.000000000000e+00 7.100000000000e+02 0.000000000000e+00
     2.000000000000e+00 0.000000000000e+00 1.509999947300e-08 1.510000000000e-08
     3.636000000000e+05 1.000000000000e+00                                      
C07 2019 08 15 05 00 00-6.655475590380e-05-2.383249153580e-11 0.000000000000e+00
     1.000000000000e+00-4.362500000000e+01 1.133975806070e-09 1.353857346280e-01
    -1.393724232910e-06 7.006138446740e-03 2.256035804750e-05 6.493908237460e+03
     3.636000000000e+05-1.257285475730e-08-2.992922099900e-01 5.122274160390e-09
     9.077443927750e-01-4.734687500000e+02-2.709966326830e+00-1.740072481000e-09
    -9.011089633770e-10 0.000000000000e+00 7.100000000000e+02 0.000000000000e+00
     2.000000000000e+00 0.000000000000e+00 1.470000032810e-08 7.000000000000e-10
     3.636000000000e+05 0.000000000000e+00                                      
C16 2019 08 15 05 00 00-8.776549948380e-04 2.339461957490e-12 0.000000000000e+00
     5.000000000000e+00 1.432031250000e+02 1.129689913260e-09 2.230735532480e+00
     5.136243999000e-06 2.278307918460e-03 1.504039391880e-05 6.493694353100e+03
     3.636000000000e+05-9.266659617420e-08-2.340561914370e+00-4.190951585770e-08
     9.606575472200e-01-2.292812500000e+02-2.831254864970e+00-1.820432971200e-09
     1.144333380360e-09 0.000000000000e+00 7.100000000000e+02 0.000000000000e+00
     2.000000000000e+00 0.000000000000e+00-2.900000017900e-09 4.400000000000e-09
     3.636000000000e+05 0.000000000000e+00                                      
C23 2019 08 15 05 00 00-9.241601219400e-04-4.469313807930e-12 0.000000000000e+00
     1.000000000000e+00-4.109375000000e+01 4.272320816450e-09 2.093077731010e+00
    -2.030283212660e-06 4.391921684150e-04 6.881076842550e-06 5.282616176610e+03
     3.636000000000e+05-1.071020960810e-08-8.977179896720e-01-2.235174179080e-08
     9.551455293710e-01 2.195625000000e+02-2.143268084770e+00-6.903144686540e-09
    -5.914532078290e-10 0.000000000000e+00 7.100000000000e+02 0.000000000000e+00
     2.000000000000e+00 0.000000000000e+00 2.139999999430e-08 2.140000000000e-08
     3.636000000000e+05 1.000000000000e+00                                      
C30 2019 08 15 05 00 00 1.757110003380e-04 6.290967746740e-12 0.000000000000e+00
     1.000000000000e+00 1.037343750000e+02 3.913734451320e-09 2.311635576670e+00
     4.998873919250e-06 3.195974277330e-04 2.437271177770e-06 5.282612298970e+03
     3.636000000000e+05 3.119930624960e-08 1.165787965650e+00 1.303851604460e-08
     9.637408621210e-01 3.163593750000e+02 2.685851030760e-01-7.096009863010e-09
     1.621496113250e-10 0.000000000000e+00 7.100000000000e+02 0.000000000000e+00
     2.000000000000e+00 0.000000000000e+00-1.090000001370e-08-1.090000000000e-08
     3.636000000000e+05 1.000000000000e+00                                      
C06 2019 08 15 05 00 00 4.744892939930e-04-2.554756406430e-11 0.000000000000e+00
     1.000000000000e+00 1.532343750000e+02 1.227551132430e-09 1.631690384010e+00
     5.526002496480e-06 8.098983555100e-03 1.461477950220e-05 6.494026941300e+03
     3.636000000000e+05-1.643784344200e-07-2.326566665720e+00-6.472691893580e-08
     9.450867080030e-01-2.203281250000e+02-2.201998642680e+00-1.895078937640e-09
     1.140404645290e-09 0.000000000000e+00 7.100000000000e+02 0.000000000000e+00
     2.000000000000e+00 0.000000000000e+00 7.999999773740e-09-1.900000000000e-09
     3.636000000000e+05 0.000000000000e+00                                      
C01 2019 08 15 05 00 00 2.593440003690e-04 4.746514292720e-11 0.000000000000e+00
     1.000000000000e+00 1.485000000000e+02 9.009661002830e-09 6.171112065990e-01
     4.706438630820e-06 4.522305680440e-04-2.402206882830e-05 6.493319271090e+03
     3.636000000000e+05-2.607703208920e-08-1.558109219490e+00 1.210719347000e-07
     6.909833001710e-02 7.318906250000e+02-1.517003825460e+00-7.871399303950e-09
     1.528635102360e-10 0.000000000000e+00 7.100000000000e+02 0.000000000000e+00
     2.000000000000e+00 0.000000000000e+00 1.420000028670e-08-1.040000000000e-08
     3.636000000000e+05 0.000000000000e+00                                      
C04 2019 08 15 05 00 00 1.336585264650e-04-1.874678190460e-11 0.000000000000e+00
     1.000000000000e+00 5.032500000000e+02 7.752108620730e-09 3.764074642070e-01
     1.638010144230e-05 4.086468834430e-04-1.806532964110e-05 6.493347702030e+03
     3.636000000000e+05-5.960464477540e-08-1.818260203390e+00 2.281740307810e-08
     7.207700677660e-02 5.460781250000e+02-6.692634198160e-01-6.575631044280e-09
     2.325096849620e-10 0.000000000000e+00 7.100000000000e+02 0.000000000000e+00
     2.000000000000e+00 0.000000000000e+00 5.299999994430e-09-8.400000000000e-09
     3.636000000000e+05 0.000000000000e+00                                      
C19 2019 08 15 05 00 00 1.728815259412e-04 9.444001136671e-12 0.000000000000e+00
     1.000000000000e+00-6.267187500000e+01 3.444429186317e-09 8.170465030264e-01
    -3.011897206306e-06 8.299754699692e-04 1.141568645835e-05 5.282629041672e+03
     3.636000000000e+05-7.031485438347e-08-3.012919540512e+00-2.421438694000e-08
     9.626027557429e-01 1.300156250000e+02-1.126415096716e+00-6.589560008763e-09
     3.121558567187e-10 0.000000000000e+00 7.100000000000e+02 0.000000000000e+00
     2.000000000000e+00 0.000000000000e+00 8.799999839937e-09 8.799999839937e-09
     3.636000000000e+05 1.000000000000e+00                                      
C03 2019 08 15 05 00 00-1.962471287698e-04 8.996270395301e-11 0.000000000000e+00
     1.000000000000e+00 4.089843750000e+02 8.610358648298e-09 1.492941220777e+00
     1.345109194517e-05 6.113902200013e-04-1.924997195601e-05 6.493376361847e+03
     3.636000000000e+05 2.747401595116e-08-1.799601836068e+00 1.746229827404e-07
     7.056572901443e-02 5.860781250000e+02-2.666020001474e+00-7.628532472381e-09
     1.928651821581e-10 0.000000000000e+00 7.100000000000e+02 0.000000000000e+00
     2.000000000000e+00 0.000000000000e+00 1.899999935162e-09-8.099999782019e-09
     3.636004000000e+05 0.000000000000e+00                                      
C32 2019 08 15 05 00 00-9.050921071321e-04-5.205613717862e-12 0.000000000000e+00
     1.000000000000e+00-6.732812500000e+01 3.494431271374e-09 2.341699750108e+00
    -3.498978912830e-06 4.809179808944e-04 1.154141500592e-05 5.282626676559e+03
     3.636000000000e+05 2.235174179077e-08-3.017405687058e+00 9.313225746155e-09
     9.612298788085e-01 1.288437500000e+02-1.080678765283e+00-6.502770866508e-09
     3.175132257003e-10 0.000000000000e+00 7.100000000000e+02 0.000000000000e+00
     2.000000000000e+00 0.000000000000e+00-1.290000000000e-08-1.290000000000e-08
     3.636000000000e+05 0.000000000000e+00                                      
C37 2019 08 15 05 00 00-3.655737964436e-04-4.092992611504e-11 0.000000000000e+00
     1.000000000000e+00-4.148437500000e+01 4.306965116671e-09 7.174049860658e-01
    -1.999083906412e-06 8.088194299489e-04 6.636604666710e-06 5.282615524292e+03
     3.636000000000e+05-2.887099981308e-08-9.011889924931e-01 2.328306436539e-09
     9.565226560823e-01 2.262812500000e+02-1.547297040664e+00-6.952789611595e-09
    -5.268076579392e-10 0.000000000000e+00 7.100000000000e+02 0.000000000000e+00
     2.000000000000e+00 0.000000000000e+00-1.750000000000e-08-1.750000000000e-08
     3.641700000000e+05 0.000000000000e+00                                      
C22 2019 08 15 05 00 00 7.515773177150e-06-3.866773568010e-11 0.000000000000e+00
     1.000000000000e+00-5.307812500000e+01 3.469787387710e-09-8.284834692960e-01
    -2.724118530750e-06 6.877422565590e-04 1.158425584440e-05 5.282628269200e+03
     3.636000000000e+05 9.313225746150e-10-3.010316383120e+00-5.075708031650e-08
     9.618980329940e-01 1.217187500000e+02-2.689515801470e-01-6.523128857360e-09
     3.171560679660e-10 0.000000000000e+00 7.100000000000e+02 0.000000000000e+00
     2.000000000000e+00 0.000000000000e+00 1.250000014610e-08 1.250000000000e-08
     3.636000000000e+05 1.000000000000e+00                                      
C05 2019 08 15 06 00 00-2.219449961558e-04-5.380318413017e-11 0.000000000000e+00
     1.000000000000e+00 1.525781250000e+02 8.676789994560e-09 2.054788809767e+00
     4.998408257961e-06 5.300405900925e-04-2.292916178703e-05 6.493486558914e+03
     3.672000000000e+05 1.005828380585e-07-1.596507362197e+00-4.470348358154e-08
     6.130459006225e-02 6.960312500000e+02 2.209088597613e+00-7.726393263864e-09
    -8.214627886510e-12 0.000000000000e+00 7.100000000000e+02 0.000000000000e+00
     2.000000000000e+00 0.000000000000e+00-3.000000000000e-10-9.100000000000e-09
     3.672004000000e+05 0.000000000000e+00                                      
C08 2019 08 15 06 00 00 1.663051079959e-04-1.615596545435e-12 0.000000000000e+00
     1.000000000000e+00-2.095468750000e+02 1.218979346811e-09-1.605539399400e+00
    -6.877817213535e-06 4.311055876315e-03-1.128390431404e-05 6.492976806641e+03
     3.672000000000e+05 1.862645149231e-08 1.843043991574e+00-1.322478055954e-07
     1.026549232490e+00 6.139375000000e+02-2.812828513529e+00-2.580107471833e-09
    -2.817974522807e-10 0.000000000000e+00 7.100000000000e+02 0.000000000000e+00
     2.000000000000e+00 0.000000000000e+00 1.070000000000e-08-8.000000000000e-10
     3.674700000000e+05 0.000000000000e+00                                      
C11 2019 08 15 06 00 00 2.124691382051e-04-2.099653784171e-11-9.486769009248e-20
     1.000000000000e+01 9.940625000000e+01 3.498360006451e-09 1.808586989673e+00
     4.743225872517e-06 1.944935414940e-03 1.875683665276e-06 5.282617820740e+03
     3.672000000000e+05-6.984919309616e-09 1.198561464827e+00-5.587935447693e-08
     9.884400804740e-01 3.390468750000e+02-2.295321718437e+00-6.958504135342e-09
     1.600066649198e-10 0.000000000000e+00 7.100000000000e+02 0.000000000000e+00
     2.000000000000e+00 0.000000000000e+00 3.600000000000e-09 1.200000000000e-09
     3.694500000000e+05 9.000000000000e+00                                      
C12 2019 08 15 06 00 00-2.284346846864e-04-7.467804152839e-12 6.098637220231e-19
     2.000000000000e+01 9.395312500000e+01 3.506931792071e-09 3.051445036088e+00
     4.613772034645e-06 2.447604201734e-03 2.025626599789e-06 5.282608934402e+03
     3.672000000000e+05 4.656612873077e-08 1.187847765256e+00 1.862645149231e-08
     9.872360813397e-01 3.324687500000e+02-2.349301009543e+00-6.854928392425e-09
     2.032227507576e-10 0.000000000000e+00 7.100000000000e+02 0.000000000000e+00
     2.000000000000e+00 0.000000000000e+00 2.500000000000e-09-4.000000000000e-10
     3.672000000000e+05 1.200000000000e+01                                      
C13 2019 08 15 06 00 00-9.131734259427e-04-2.649169772440e-11 0.000000000000e+00
     1.000000000000e+00-2.138125000000e+02 1.328983928944e-09-1.922173872703e+00
    -6.774440407753e-06 3.549157059751e-03-1.161871477962e-05 6.493282424927e+03
     3.672000000000e+05-3.306195139885e-08 1.826797651398e+00-3.911554813385e-08
     9.874023390536e-01 6.085781250000e+02-2.865035297980e+00-2.672968482723e-09
    -2.332240004300e-10 0.000000000000e+00 7.100000000000e+02 0.000000000000e+00
     2.000000000000e+00 0.000000000000e+00-8.700000000000e-09 2.700000000000e-09
     3.672000000000e+05 0.000000000000e+00                                      
C24 2019 08 15 06 00 00-9.335422655568e-04 1.405364713492e-11 0.000000000000e+00
     1.000000000000e+00-3.700000000000e+01 4.357681514926e-09 2.569608335530e+00
    -1.743901520967e-06 2.718106843531e-04 6.730202585459e-06 5.282612903595e+03
     3.672000000000e+05-4.190951585770e-09-8.979201371550e-01 9.359791874886e-08
     9.551339167272e-01 2.218125000000e+02-5.520821953423e-01-6.951360980658e-09
    -4.764484174176e-10 0.000000000000e+00 7.100000000000e+02 0.000000000000e+00
     2.000000000000e+00 0.000000000000e+00 1.170000000000e-08 1.170000000000e-08
     3.672000000000e+05 1.000000000000e+00                                      
C25 2019 08 15 06 00 00-3.151969285682e-04-1.271960314853e-11 0.000000000000e+00
     1.000000000000e+00-3.854687500000e+01 4.321965741507e-09 1.504252572123e+00
    -1.817476004362e-06 2.303156070411e-04 6.617512553930e-06 5.282617668152e+03
     3.672000000000e+05 9.220093488693e-08-9.241258451394e-01-2.561137080193e-08
     9.562005595571e-01 2.236718750000e+02-2.867455516003e-01-6.973504760179e-09
    -5.521658570671e-10 0.000000000000e+00 7.100000000000e+02 0.000000000000e+00
     2.000000000000e+00 0.000000000000e+00-1.000000000000e-10-1.000000000000e-10
     3.672000000000e+05 1.000000000000e+00                                      
C26 2019 08 15 06 00 00 3.523115301505e-04 1.382005621053e-11 0.000000000000e+00
     2.000000000000e+00-3.682812500000e+01 4.284464179416e-09 2.892836954499e+00
    -1.760199666023e-06 4.887846298516e-04 6.547197699547e-06 5.282616928101e+03
     3.672000000000e+05-3.678724169731e-08-9.235852749653e-01 2.468004822731e-08
     9.562584750210e-01 2.261562500000e+02-1.153225563331e-01-6.876000698743e-09
    -4.689481049995e-10 0.000000000000e+00 7.100000000000e+02 0.000000000000e+00
     2.000000000000e+00 0.000000000000e+00-6.000000000000e-09-6.000000000000e-09
     3.672000000000e+05 2.000000000000e+00                                      
C14 2019 08 15 06 00 00 5.110676866020e-04-4.524380869950e-12 1.165517335420e-18
     1.500000000000e+01-6.042187500000e+01 3.428357090550e-09-1.624573789330e-01
    -3.083609044550e-06 2.027000999080e-03 1.271395012740e-05 5.282631444930e+03
     3.672000000000e+05-7.962808012960e-08-3.010567684650e+00 5.355104804040e-08
     9.598944964640e-01 1.042656250000e+02-1.961539563090e+00-6.522771699620e-09
     3.482287908410e-10 0.000000000000e+00 7.100000000000e+02 0.000000000000e+00
     2.000000000000e+00 0.000000000000e+00 5.800000035800e-09 6.000000000000e-10
     3.672000000000e+05 1.400000000000e+01                                      
C21 2019 08 15 06 00 00 3.603241639210e-04-1.671285332350e-11 0.000000000000e+00
     2.000000000000e+00-5.742187500000e+01 3.440500453510e-09-5.361980824600e-01
    -3.007706254720e-06 7.229854818430e-04 1.170299947260e-05 5.282631431580e+03
     3.672000000000e+05-4.190951585770e-08-3.010250816600e+00-5.634501576420e-08
     9.618906642760e-01 1.210000000000e+02-8.555815938820e-01-6.503485181980e-09
     3.142988060930e-10 0.000000000000e+00 7.100000000000e+02 0.000000000000e+00
     2.000000000000e+00 0.000000000000e+00 1.069999999710e-08 1.070000000000e-08
     3.672000000000e+05 2.000000000000e+00                                      
C28 2019 08 15 06 00 00 1.659218687560e-04 6.791012197030e-12 0.000000000000e+00
     1.000000000000e+00 1.075000000000e+02 3.908019927570e-09 1.591920422060e+00
     5.405396223070e-06 2.551245270300e-04 1.776497811080e-06 5.282614534380e+03
     3.672000000000e+05-5.681067705150e-08 1.203123454900e+00-2.468004822730e-08
     9.643658441310e-01 3.290156250000e+02 3.039428214440e+00-7.140297422050e-09
     2.035799084920e-10 0.000000000000e+00 7.100000000000e+02 0.000000000000e+00
     2.000000000000e+00 0.000000000000e+00-7.499999732370e-09-7.500000000000e-09
     3.672000000000e+05 1.000000000000e+00                                      
C29 2019 08 15 06 00 00 1.045840326700e-04 5.242917211490e-12 0.000000000000e+00
     2.000000000000e+00 9.928125000000e+01 3.861589422130e-09 5.058736866180e-01
     4.820059984920e-06 2.543992595750e-04 2.564862370490e-06 5.282615839000e+03
     3.672000000000e+05 2.188608050350e-08 1.165193017340e+00-2.002343535420e-08
     9.638070269800e-01 3.151875000000e+02 1.765690997080e+00-7.057793985450e-09
     1.335769925890e-10 0.000000000000e+00 7.100000000000e+02 0.000000000000e+00
     2.000000000000e+00 0.000000000000e+00-1.299999996540e-09-1.300000000000e-09
     3.672000000000e+05 2.000000000000e+00                                      
C19 2019 08 15 06 00 00 1.729136565700e-04 9.138467760290e-12 0.000000000000e+00
     1.000000000000e+00-6.260937500000e+01 3.337996183800e-09 1.304330513640e+00
    -3.019347786900e-06 8.300858316940e-04 1.136912032960e-05 5.282629531860e+03
     3.672000000000e+05 7.590278983120e-08-3.012943061310e+00 6.426125764850e-08
     9.626046268150e-01 1.320000000000e+02-1.126134776740e+00-6.437053843420e-09
     2.896549224330e-10 0.000000000000e+00 7.100000000000e+02 0.000000000000e+00
     2.000000000000e+00 0.000000000000e+00 8.799999839940e-09 8.800000000000e-09
     3.673800000000e+05 1.000000000000e+00                                      
C22 2019 08 15 06 00 00 7.376773282890e-06-3.864109032750e-11 0.000000000000e+00
     1.000000000000e+00-5.781250000000e+01 3.392998474860e-09-3.406283925170e-01
    -2.786051481960e-06 6.884034955870e-04 1.152884215120e-05 5.282629608150e+03
     3.672000000000e+05 1.909211277960e-08-3.010339987300e+00-8.987262845040e-08
     9.618992750110e-01 1.239531250000e+02-2.692417338560e-01-6.495270554090e-09
     3.250135381180e-10 0.000000000000e+00 7.100000000000e+02 0.000000000000e+00
     2.000000000000e+00 0.000000000000e+00 1.250000014610e-08 1.250000000000e-08
     3.680700000000e+05 1.000000000000e+00                                      
C20 2019 08 15 06 00 00 2.833397593350e-05-3.245492763430e-11 0.000000000000e+00
     1.000000000000e+00-6.931250000000e+01 3.449429396870e-09 1.649330275080e+00
    -3.455206751820e-06 8.310578996320e-04 1.139892265200e-05 5.282630939480e+03
     3.672000000000e+05 1.722946763040e-08-3.012327664340e+00 1.350417733190e-08
     9.626046487590e-01 1.330625000000e+02-6.987237109100e-01-6.478484140580e-09
     2.935836575090e-10 0.000000000000e+00 7.100000000000e+02 0.000000000000e+00
     2.000000000000e+00 0.000000000000e+00 1.509999947300e-08 1.510000000000e-08
     3.687900000000e+05 1.000000000000e+00                                      
C02 2019 08 15 06 00 00-2.940522972490e-05-2.376410179750e-11 0.000000000000e+00
     1.000000000000e+00 2.235937500000e+02 8.687504726590e-09-2.393524486190e+00
     7.365830242630e-06 2.917542587970e-04-2.177339047190e-05 6.493358003620e+03
     3.672000000000e+05 9.592622518540e-08-1.655497950870e+00 1.159496605400e-07
     6.916610262290e-02 6.605468750000e+02 8.761739886440e-01-7.753537251660e-09
     7.178870457340e-11 0.000000000000e+00 7.100000000000e+02 0.000000000000e+00
     2.000000000000e+00 0.000000000000e+00 1.199999988270e-09-1.370000000000e-08
     3.704100000000e+05 0.000000000000e+00                                      
C09 2019 08 15 06 00 00-1.085440162570e-04 2.873434823410e-11 0.000000000000e+00
     6.000000000000e+00 1.644218750000e+02 1.234694287120e-09 1.665114401900e+00
     5.801208317280e-06 6.405117455870e-03 1.359824091200e-05 6.493370462420e+03
     3.672000000000e+05-1.303851604460e-07-2.284420987720e+00-2.235174179080e-08
     9.499814768270e-01-1.916250000000e+02-2.357654874500e+00-1.936152077080e-09
     1.129332755530e-09 0.000000000000e+00 7.100000000000e+02 0.000000000000e+00
     2.000000000000e+00 0.000000000000e+00 6.500000093720e-09 3.400000000000e-09
     3.672000000000e+05 0.000000000000e+00                                      
C27 2019 08 15 06 00 00 1.718722051010e-04 6.100009386500e-12 0.000000000000e+00
     1.000000000000e+00 1.081562500000e+02 3.946235805130e-09 2.821314888140e+00
     5.356967449190e-06 5.880488315600e-04 1.865439116950e-06 5.282616275790e+03
     3.672000000000e+05-3.259629011150e-09 1.203242706130e+00-4.656612873080e-10
     9.644681781770e-01 3.249687500000e+02 1.023408680920e+00-7.174584564530e-09
     2.210806374670e-10 0.000000000000e+00 7.100000000000e+02 0.000000000000e+00
     2.000000000000e+00 0.000000000000e+00-5.700000027530e-09-5.700000000000e-09
     3.672000000000e+05 1.000000000000e+00                                      
C07 2019 08 15 06 00 00-6.663997191940e-05-2.375077912120e-11 0.000000000000e+00
     1.000000000000e+00-6.929687500000e+01 1.189692412610e-09 3.980096513400e-01
    -2.022366970780e-06 7.003962295130e-03 2.238154411320e-05 6.493902236940e+03
     3.672000000000e+05-5.308538675310e-08-2.992982986550e-01 1.769512891770e-08
     9.077412533530e-01-4.662031250000e+02-2.710132741070e+00-1.727214802570e-09
    -9.153952727450e-10 0.000000000000e+00 7.100000000000e+02 0.000000000000e+00
     2.000000000000e+00 0.000000000000e+00 1.470000032810e-08 7.000000000000e-10
     3.672000000000e+05 0.000000000000e+00                                      
C16 2019 08 15 06 00 00-8.776467293500e-04 2.354560990630e-12 0.000000000000e+00
     1.000000000000e+00 1.435937500000e+02 1.091831193440e-09 2.493248554150e+00
     5.227047950030e-06 2.278452739120e-03 1.525739207860e-05 6.493693960190e+03
     3.672000000000e+05-5.308538675310e-08-2.340568589670e+00-8.102506399150e-08
     9.606618994010e-01-2.308750000000e+02-2.831283972650e+00-1.794003298870e-09
     1.150047904110e-09 0.000000000000e+00 7.100000000000e+02 0.000000000000e+00
     2.000000000000e+00 0.000000000000e+00-2.900000017900e-09 4.400000000000e-09
     3.672000000000e+05 0.000000000000e+00                                      
C23 2019 08 15 06 00 00-9.241766529160e-04-4.529709940470e-12 0.000000000000e+00
     1.000000000000e+00-4.087500000000e+01 4.283392706210e-09 2.580640358760e+00
    -2.009328454730e-06 4.391697002570e-04 6.869435310360e-06 5.282616212840e+03
     3.672000000000e+05-1.164153218270e-08-8.977428900010e-01-4.237517714500e-08
     9.551433320680e-01 2.195625000000e+02-2.143259613010e+00-6.917788153640e-09
    -5.846672108790e-10 0.000000000000e+00 7.100000000000e+02 0.000000000000e+00
     2.000000000000e+00 0.000000000000e+00 2.139999999430e-08 2.140000000000e-08
     3.672000000000e+05 1.000000000000e+00                                      
C30 2019 08 15 06 00 00 1.757335849110e-04 6.266986929400e-12 0.000000000000e+00
     1.000000000000e+00 1.048906250000e+02 3.977665685740e-09 2.799828150110e+00
     5.031935870650e-06 3.200307255610e-04 2.482905983920e-06 5.282611379620e+03
     3.672000000000e+05-1.164153218270e-08 1.165762439190e+00 2.421438694000e-08
     9.637412556460e-01 3.129218750000e+02 2.679634155580e-01-7.134582898300e-09
     1.596495071860e-10 0.000000000000e+00 7.100000000000e+02 0.000000000000e+00
     2.000000000000e+00 0.000000000000e+00-1.090000001370e-08-1.090000000000e-08
     3.672000000000e+05 1.000000000000e+00                                      
C06 2019 08 15 06 00 00 4.743969766420e-04-2.561151291050e-11 0.000000000000e+00
     1.000000000000e+00 1.570000000000e+02 1.213264823060e-09 1.894263196600e+00
     5.689449608330e-06 8.099529310130e-03 1.510605216030e-05 6.494024105070e+03
     3.672000000000e+05-1.308508217330e-07-2.326573604340e+00-1.289881765840e-07
     9.450910601850e-01-2.325781250000e+02-2.202127724720e+00-1.866863476640e-09
     1.149690746380e-09 0.000000000000e+00 7.100000000000e+02 0.000000000000e+00
     2.000000000000e+00 0.000000000000e+00 7.999999773740e-09-1.900000000000e-09
     3.672000000000e+05 0.000000000000e+00                                      
C04 2019 08 15 06 00 00 1.335912384090e-04-1.873257104990e-11 0.000000000000e+00
     1.000000000000e+00 6.825000000000e+01 8.254986710470e-09 6.350010138150e-01
     2.045184373860e-06 4.102827515450e-04-2.500601112840e-05 6.493353256230e+03
     3.672000000000e+05 3.306195139880e-08-1.498589212470e+00 6.752088665960e-08
     7.139664307680e-02 7.614687500000e+02-9.848217837460e-01-7.113153434250e-09
     7.071723137080e-11 0.000000000000e+00 7.100000000000e+02 0.000000000000e+00
     2.000000000000e+00 0.000000000000e+00 5.299999994430e-09-8.400000000000e-09
     3.672000000000e+05 0.000000000000e+00                                      
C01 2019 08 15 06 00 00 2.595146652310e-04 4.742073400620e-11 0.000000000000e+00
     1.000000000000e+00-2.855625000000e+02 8.567499727900e-09 8.832468362160e-01
    -9.570270776750e-06 4.511444130910e-04-2.233777195220e-05 6.493314573290e+03
     3.672000000000e+05 2.328306436540e-08-1.246343055210e+00 6.938353180890e-08
     7.428984299590e-02 6.838593750000e+02-1.832175524050e+00-7.396379517470e-09
    -1.428630936780e-12 0.000000000000e+00 7.100000000000e+02 0.000000000000e+00
     2.000000000000e+00 0.000000000000e+00 1.420000028670e-08-1.040000000000e-08
     3.672300000000e+05 0.000000000000e+00                                      
C10 2019 08 15 06 00 00-8.265255019069e-05-3.534861292565e-11 0.000000000000e+00
     1.000000000000e+00-4.171875000000e+01 1.118260817279e-09-4.679219987152e-02
    -1.446343958378e-06 6.384679349139e-03 2.257479354739e-05 6.493212810516e+03
     3.672000000000e+05-6.007030606270e-08-3.070375770961e-01-2.328306436539e-08
     9.091350792738e-01-4.697968750000e+02-2.623844921741e+00-1.737215260533e-09
    -8.957515840180e-10 0.000000000000e+00 7.100000000000e+02 0.000000000000e+00
     2.000000000000e+00 0.000000000000e+00 6.000000052353e-09 2.599999993080e-09
     3.672000000000e+05 0.000000000000e+00                                      
C03 2019 08 15 06 00 00-1.959231449291e-04 8.997069755878e-11 0.000000000000e+00
     1.000000000000e+00 6.781250000000e+00 9.050377336450e-09 1.762173575865e+00
     1.387670636177e-07 6.126377265900e-04-2.434710040689e-05 6.493366092682e+03
     3.672000000000e+05 8.754432201385e-08-1.474029676464e+00 1.392327249050e-07
     7.038432863552e-02 7.436562500000e+02-2.998109325070e+00-7.994261252975e-09
     4.393040098361e-11 0.000000000000e+00 7.100000000000e+02 0.000000000000e+00
     2.000000000000e+00 0.000000000000e+00 1.899999935162e-09-8.099999782019e-09
     3.672004000000e+05 0.000000000000e+00                                      
C32 2019 08 15 06 00 00-9.051108499989e-04-5.205613717862e-12 0.000000000000e+00
     1.000000000000e+00-7.225000000000e+01 3.394069948065e-09 2.827928199498e+00
    -3.681518137455e-06 4.789999220520e-04 1.204898580909e-05 5.282630611420e+03
     3.672000000000e+05 2.142041921616e-08-3.017429093748e+00 9.313225746155e-09
     9.612310213475e-01 1.147187500000e+02-1.079341902465e+00-6.502413708774e-09
     3.175132257003e-10 0.000000000000e+00 7.100000000000e+02 0.000000000000e+00
     2.000000000000e+00 0.000000000000e+00-1.290000000000e-08-1.290000000000e-08
     3.672000000000e+05 0.000000000000e+00                                      
C37 2019 08 15 06 00 00-3.657219931483e-04-4.104094841750e-11 0.000000000000e+00
     1.000000000000e+00-4.018750000000e+01 4.293035965037e-09 1.205315763451e+00
    -1.928303390741e-06 8.087186142802e-04 6.726942956448e-06 5.282614946365e+03
     3.672000000000e+05-1.303851604462e-08-9.012141049449e-01-3.306195139885e-08
     9.565209137469e-01 2.245937500000e+02-1.547636414252e+00-6.920288257783e-09
    -5.160929259133e-10 0.000000000000e+00 7.100000000000e+02 0.000000000000e+00
     2.000000000000e+00 0.000000000000e+00-1.750000000000e-08-1.750000000000e-08
     3.672000000000e+05 0.000000000000e+00                                      
C02 2019 08 15 07 00 00-2.949137706310e-05-2.384137332001e-11 0.000000000000e+00
     1.000000000000e+00-2.294843750000e+02 8.893584739217e-09-2.140153246910e+00
    -7.582828402519e-06 2.930135233328e-04-2.259854227304e-05 6.493350864410e+03
     3.708000000000e+05 1.131556928158e-07-1.319286590793e+00 7.031485438347e-08
     6.637382064462e-02 6.876875000000e+02 5.493457675762e-01-7.909258023772e-09
    -6.964575816824e-11 0.000000000000e+00 7.100000000000e+02 0.000000000000e+00
     2.000000000000e+00 0.000000000000e+00 1.200000000000e-09-1.370000000000e-08
     3.715204000000e+05 0.000000000000e+00                                      
C05 2019 08 15 07 00 00-2.221381291747e-04-5.373212985660e-11 0.000000000000e+00
     1.000000000000e+00-3.557343750000e+02 8.421779372344e-09 2.315931963725e+00
    -1.172162592411e-05 5.292149726301e-04-1.987535506487e-05 6.493489231110e+03
     3.708000000000e+05 7.823109626770e-08-1.219009127252e+00-9.732320904732e-08
     6.034448131558e-02 6.044843750000e+02 1.833262154727e+00-7.481383058205e-09
    -1.539349834385e-10 0.000000000000e+00 7.100000000000e+02 0.000000000000e+00
     2.000000000000e+00 0.000000000000e+00-3.000000000000e-10-9.100000000000e-09
     3.708004000000e+05 0.000000000000e+00                                      
C11 2019 08 15 07 00 00 2.123935846612e-04-2.099742602013e-11-9.486769009248e-20
     1.100000000000e+01 9.889062500000e+01 3.526575467452e-09 2.296267104376e+00
     4.715286195278e-06 1.945177209564e-03 1.826789230108e-06 5.282617202759e+03
     3.708000000000e+05 3.725290298462e-08 1.198536413818e+00-5.308538675308e-08
     9.884408514318e-01 3.365000000000e+02-2.295434061768e+00-6.920288257783e-09
     1.596495071856e-10 0.000000000000e+00 7.100000000000e+02 0.000000000000e+00
     2.000000000000e+00 0.000000000000e+00 3.600000000000e-09 1.200000000000e-09
     3.708000000000e+05 1.000000000000e+01                                      
C12 2019 08 15 07 00 00-2.284669317305e-04-7.068123863974e-12 0.000000000000e+00
     2.100000000000e+01 9.645312500000e+01 3.493716955906e-09-2.744076314319e+00
     4.760921001434e-06 2.447110367939e-03 2.195592969656e-06 5.282609989166e+03
     3.708000000000e+05 1.490116119385e-08 1.187823224805e+00 1.164153218269e-08
     9.872368420571e-01 3.294062500000e+02-2.349394703594e+00-6.842785029463e-09
     1.821504444400e-10 0.000000000000e+00 7.100000000000e+02 0.000000000000e+00
     2.000000000000e+00 0.000000000000e+00 2.500000000000e-09-4.000000000000e-10
     3.708000000000e+05 0.000000000000e+00                                      
C13 2019 08 15 07 00 00-9.132715640590e-04-2.685673905489e-11 0.000000000000e+00
     1.000000000000e+00-1.979843750000e+02 1.383986220010e-09-1.660352223192e+00
    -6.336718797684e-06 3.549083601683e-03-1.224689185619e-05 6.493276342392e+03
     3.708000000000e+05-1.722946763039e-08 1.826788120486e+00-5.308538675308e-08
     9.874014949499e-01 6.313281250000e+02-2.864322918318e+00-2.675825744597e-09
    -2.414386283166e-10 0.000000000000e+00 7.100000000000e+02 0.000000000000e+00
     2.000000000000e+00 0.000000000000e+00-8.700000000000e-09 2.700000000000e-09
     3.708000000000e+05 0.000000000000e+00                                      
C19 2019 08 15 07 00 00 1.729483483359e-04 9.373835041515e-12 0.000000000000e+00
     1.000000000000e+00-6.879687500000e+01 3.378355007761e-09 1.792908487001e+00
    -3.323424607515e-06 8.302811766043e-04 1.143943518400e-05 5.282627857208e+03
     3.708000000000e+05 3.539025783539e-08-3.012966378761e+00 1.257285475731e-08
     9.626055791748e-01 1.305625000000e+02-1.127148678450e+00-6.467769408557e-09
     2.917978688382e-10 0.000000000000e+00 7.100000000000e+02 0.000000000000e+00
     2.000000000000e+00 0.000000000000e+00 8.800000000000e-09 8.800000000000e-09
     3.708000000000e+05 1.000000000000e+00                                      
C21 2019 08 15 07 00 00 3.602666547522e-04-1.647126879334e-11 0.000000000000e+00
     1.000000000000e+00-5.384375000000e+01 3.432285825624e-09-4.877908839340e-02
    -2.664979547262e-06 7.224233122542e-04 1.155957579613e-05 5.282630310059e+03
     3.708000000000e+05 1.350417733192e-08-3.010274003847e+00-3.632158041000e-08
     9.618916824667e-01 1.230468750000e+02-8.554367810841e-01-6.534200747117e-09
     2.803688213439e-10 0.000000000000e+00 7.100000000000e+02 0.000000000000e+00
     2.000000000000e+00 0.000000000000e+00 1.070000000000e-08 1.070000000000e-08
     3.739200000000e+05 1.000000000000e+00                                      
C22 2019 08 15 07 00 00 7.235095836222e-06-3.899991440903e-11 0.000000000000e+00
     1.000000000000e+00-6.025000000000e+01 3.373711957216e-09 1.468290836093e-01
    -2.854038029909e-06 6.892939563841e-04 1.137237995863e-05 5.282631334305e+03
     3.708000000000e+05-4.237517714500e-08-3.010363304755e+00-2.235174179077e-08
     9.619000766906e-01 1.301718750000e+02-2.691351646627e-01-6.569559362803e-09
     3.082271246112e-10 0.000000000000e+00 7.100000000000e+02 0.000000000000e+00
     2.000000000000e+00 0.000000000000e+00 1.250000000000e-08 1.250000000000e-08
     3.713400000000e+05 1.000000000000e+00                                      
C23 2019 08 15 07 00 00-9.241914376616e-04-4.336975223396e-12 0.000000000000e+00
     1.000000000000e+00-3.987500000000e+01 4.292321649569e-09 3.068157283489e+00
    -1.983251422644e-06 4.390338435769e-04 6.868503987789e-06 5.282616485596e+03
     3.708000000000e+05 4.330649971962e-08-8.977680243961e-01-6.146728992462e-08
     9.551411201358e-01 2.194687500000e+02-2.143205334362e+00-6.948503718785e-09
    -5.510943838646e-10 0.000000000000e+00 7.100000000000e+02 0.000000000000e+00
     2.000000000000e+00 0.000000000000e+00 2.140000000000e-08 2.140000000000e-08
     3.729300000000e+05 1.000000000000e+00                                      
C24 2019 08 15 07 00 00-9.334915084764e-04 1.408029248751e-11 0.000000000000e+00
     1.000000000000e+00-3.798437500000e+01 4.326251634317e-09 3.057181370481e+00
    -1.799780875444e-06 2.716624876484e-04 6.708316504955e-06 5.282613191605e+03
     3.708000000000e+05-3.818422555923e-08-8.979453988244e-01 3.026798367500e-08
     9.551324113845e-01 2.223125000000e+02-5.520828039162e-01-6.901716055605e-09
    -4.432327481373e-10 0.000000000000e+00 7.100000000000e+02 0.000000000000e+00
     2.000000000000e+00 0.000000000000e+00 1.170000000000e-08 1.170000000000e-08
     3.708000000000e+05 1.000000000000e+00                                      
C25 2019 08 15 07 00 00-3.152413992211e-04-1.258371185031e-11 0.000000000000e+00
     1.000000000000e+00-3.807812500000e+01 4.329823211659e-09 1.992598820722e+00
    -1.802574843168e-06 2.303997753188e-04 6.582587957382e-06 5.282617286682e+03
     3.708000000000e+05 5.681067705154e-08-9.241513730599e-01 7.217749953270e-08
     9.561986109502e-01 2.251250000000e+02-2.875207372614e-01-6.962790028153e-09
    -4.775198906202e-10 0.000000000000e+00 7.100000000000e+02 0.000000000000e+00
     2.000000000000e+00 0.000000000000e+00-1.000000000000e-10-1.000000000000e-10
     3.708000000000e+05 1.000000000000e+00                                      
C26 2019 08 15 07 00 00 3.523614723235e-04 1.389022230569e-11 0.000000000000e+00
     1.000000000000e+00-3.670312500000e+01 4.269106396846e-09-2.902709778999e+00
    -1.774169504642e-06 4.885469097644e-04 6.548129022121e-06 5.282617397308e+03
     3.708000000000e+05-5.913898348808e-08-9.236100494830e-01 1.071020960808e-08
     9.562566858721e-01 2.279531250000e+02-1.153902601818e-01-6.897787320529e-09
    -4.653765276575e-10 0.000000000000e+00 7.100000000000e+02 0.000000000000e+00
     2.000000000000e+00 0.000000000000e+00-6.000000000000e-09-6.000000000000e-09
     3.708000000000e+05 1.000000000000e+00                                      
C14 2019 08 15 07 00 00 5.110515048730e-04-4.515499085760e-12 1.165517335420e-18
     1.600000000000e+01-6.165625000000e+01 3.445857819520e-09 3.253582985360e-01
    -3.161374479530e-06 2.025535446590e-03 1.207739114760e-05 5.282628408430e+03
     3.708000000000e+05-9.778887033460e-08-3.010590823630e+00-2.700835466380e-08
     9.598957604260e-01 1.154687500000e+02-1.961791667770e+00-6.517057175880e-09
     2.878691337620e-10 0.000000000000e+00 7.100000000000e+02 0.000000000000e+00
     2.000000000000e+00 0.000000000000e+00 5.800000035800e-09 6.000000000000e-10
     3.708000000000e+05 1.500000000000e+01                                      
C28 2019 08 15 07 00 00 1.659449189900e-04 6.603606550470e-12 0.000000000000e+00
     1.000000000000e+00 1.080156250000e+02 3.944450016460e-09 2.080045734920e+00
     5.364418029790e-06 2.551665529610e-04 1.790933310990e-06 5.282614265440e+03
     3.708000000000e+05-7.916241884230e-09 1.203097975250e+00-4.982575774190e-08
     9.643665141480e-01 3.301562500000e+02 3.038873019480e+00-7.157440993290e-09
     1.660783464010e-10 0.000000000000e+00 7.100000000000e+02 0.000000000000e+00
     2.000000000000e+00 0.000000000000e+00-7.499999732370e-09-7.500000000000e-09
     3.731100000000e+05 1.000000000000e+00                                      
C08 2019 08 15 07 00 00 1.662992872300e-04-1.609379296500e-12 0.000000000000e+00
     1.000000000000e+00-1.819375000000e+02 1.293982470990e-09-1.343545333290e+00
    -6.147660315040e-06 4.310205229560e-03-1.147529110310e-05 6.492970466610e+03
     3.708000000000e+05 1.066364347930e-07 1.843035124830e+00-9.313225746150e-08
     1.026548068010e+00 6.212968750000e+02-2.812252009700e+00-2.608322932830e-09
    -3.125130174220e-10 0.000000000000e+00 7.100000000000e+02 0.000000000000e+00
     2.000000000000e+00 0.000000000000e+00 1.069999999710e-08-8.000000000000e-10
     3.708000000000e+05 0.000000000000e+00                                      
C09 2019 08 15 07 00 00-1.084412215280e-04 2.865441217640e-11 0.000000000000e+00
     7.000000000000e+00 1.682968750000e+02 1.215050611740e-09 1.927741785730e+00
     5.995854735370e-06 6.405523163270e-03 1.392606645820e-05 6.493368579860e+03
     3.708000000000e+05-1.122243702410e-07-2.284428115050e+00-8.568167686460e-08
     9.499857734180e-01-1.991093750000e+02-2.357758830920e+00-1.908650931540e-09
     1.139690329820e-09 0.000000000000e+00 7.100000000000e+02 0.000000000000e+00
     2.000000000000e+00 0.000000000000e+00 6.500000093720e-09 3.400000000000e-09
     3.708000000000e+05 0.000000000000e+00                                      
C27 2019 08 15 07 00 00 1.719016581770e-04 6.993516876720e-12 0.000000000000e+00
     1.000000000000e+00 1.092500000000e+02 3.958022010360e-09-2.974339378610e+00
     5.458481609820e-06 5.879071541130e-04 1.923181116580e-06 5.282616544720e+03
     3.708000000000e+05-9.778887033460e-09 1.203216907570e+00-3.725290298460e-09
     9.644689827820e-01 3.247968750000e+02 1.023447421920e+00-7.172441618130e-09
     2.160804291890e-10 0.000000000000e+00 7.100000000000e+02 0.000000000000e+00
     2.000000000000e+00 0.000000000000e+00-5.700000027530e-09-5.700000000000e-09
     3.708000000000e+05 1.000000000000e+00                                      
C07 2019 08 15 07 00 00-6.672309245910e-05-2.342748217640e-11 0.000000000000e+00
     1.000000000000e+00-6.723437500000e+01 1.190049570340e-09 6.604151002540e-01
    -1.889653503890e-06 7.004244136620e-03 2.259621396660e-05 6.493903377530e+03
     3.708000000000e+05-9.685754776000e-08-2.993042951570e-01-1.350417733190e-08
     9.077380451730e-01-4.708593750000e+02-2.710079316770e+00-1.718285859220e-09
    -9.361104213280e-10 0.000000000000e+00 7.100000000000e+02 0.000000000000e+00
     2.000000000000e+00 0.000000000000e+00 1.470000032810e-08 7.000000000000e-10
     3.708000000000e+05 0.000000000000e+00                                      
C16 2019 08 15 07 00 00-8.776397444310e-04 2.170708057750e-12 0.000000000000e+00
     1.000000000000e+00 1.415625000000e+02 1.075759095400e-09 2.755901258170e+00
     5.150679498910e-06 2.279962529430e-03 1.594983041290e-05 6.493690202710e+03
     3.708000000000e+05 9.313225746150e-09-2.340575083560e+00-7.823109626770e-08
     9.606663261910e-01-2.476250000000e+02-2.831453143030e+00-1.763287733730e-09
     1.149690746380e-09 0.000000000000e+00 7.100000000000e+02 0.000000000000e+00
     2.000000000000e+00 0.000000000000e+00-2.900000017900e-09 4.400000000000e-09
     3.708000000000e+05 0.000000000000e+00                                      
C30 2019 08 15 07 00 00 1.757561694830e-04 6.282085962540e-12 0.000000000000e+00
     1.000000000000e+00 1.090937500000e+02 4.013381459160e-09-2.995390215330e+00
     5.329493433240e-06 3.192794974890e-04 2.217944711450e-06 5.282612878800e+03
     3.708000000000e+05-3.026798367500e-08 1.165736621610e+00-2.654269337650e-08
     9.637416316160e-01 3.164062500000e+02 2.675678981000e-01-7.177798984140e-09
     1.750072897560e-10 0.000000000000e+00 7.100000000000e+02 0.000000000000e+00
     2.000000000000e+00 0.000000000000e+00-1.090000001370e-08-1.090000000000e-08
     3.708000000000e+05 1.000000000000e+00                                      
C29 2019 08 15 07 00 00 1.046024262910e-04 5.210942788380e-12 0.000000000000e+00
     1.000000000000e+00 1.037500000000e+02 3.941592754590e-09 9.961071405010e-01
     4.914589226250e-06 2.539363922550e-04 2.651009708640e-06 5.282614248280e+03
     3.708000000000e+05 6.984919309620e-09 1.165167695690e+00 1.583248376850e-08
     9.638073634510e-01 3.109687500000e+02 1.763027198810e+00-7.088866708320e-09
     1.228622605630e-10 0.000000000000e+00 7.100000000000e+02 0.000000000000e+00
     2.000000000000e+00 0.000000000000e+00-1.299999996540e-09-1.300000000000e-09
     3.708000000000e+05 1.000000000000e+00                                      
C06 2019 08 15 07 00 00 4.743043100460e-04-2.566302725880e-11 0.000000000000e+00
     1.000000000000e+00 1.527187500000e+02 1.201835775570e-09 2.156894697080e+00
     5.537178367380e-06 8.100882056170e-03 1.592515036460e-05 6.494019231800e+03
     3.708000000000e+05-3.818422555920e-08-2.326580345470e+00-1.536682248120e-07
     9.450955762130e-01-2.543437500000e+02-2.202315384920e+00-1.825076021740e-09
     1.153262323720e-09 0.000000000000e+00 7.100000000000e+02 0.000000000000e+00
     2.000000000000e+00 0.000000000000e+00 7.999999773740e-09-1.900000000000e-09
     3.708000000000e+05 0.000000000000e+00                                      
C01 2019 08 15 07 00 00 2.596852136780e-04 4.741007586520e-11 0.000000000000e+00
     1.000000000000e+00-6.249218750000e+02 7.509241361470e-09 1.142954166800e+00
    -2.062739804390e-05 4.514927277340e-04-1.356890425090e-05 6.493317796710e+03
     3.708000000000e+05 3.585591912270e-08-9.599573668320e-01-1.955777406690e-08
     8.028838497350e-02 4.196250000000e+02-2.115592400130e+00-6.354550406820e-09
    -1.414344627420e-10 0.000000000000e+00 7.100000000000e+02 0.000000000000e+00
     2.000000000000e+00 0.000000000000e+00 1.420000028670e-08-1.040000000000e-08
     3.708000000000e+05 0.000000000000e+00                                      
C04 2019 08 15 07 00 00 1.335242995990e-04-1.866951038210e-11 0.000000000000e+00
     1.000000000000e+00-4.307500000000e+02 7.812825435540e-09 8.863746808800e-01
    -1.426087692380e-05 4.131249152120e-04-2.285325899720e-05 6.493366298680e+03
     3.708000000000e+05 1.569278538230e-07-1.178813862830e+00 3.445893526080e-08
     7.203750067390e-02 7.015937500000e+02-1.293264824280e+00-6.754209911380e-09
    -9.786121916970e-11 0.000000000000e+00 7.100000000000e+02 0.000000000000e+00
     2.000000000000e+00 0.000000000000e+00 5.299999994430e-09-8.400000000000e-09
     3.708000000000e+05 0.000000000000e+00                                      
C20 2019 08 15 07 00 00 2.821662928910e-05-3.250555380420e-11 0.000000000000e+00
     1.000000000000e+00-6.762500000000e+01 3.391927001660e-09 2.135751403940e+00
    -3.401655703780e-06 8.304112125190e-04 1.170393079520e-05 5.282633171080e+03
     3.708000000000e+05 9.313225746150e-09-3.012350924740e+00 1.862645149230e-09
     9.626057064490e-01 1.247187500000e+02-6.975808237160e-01-6.475984036440e-09
     2.828689254830e-10 0.000000000000e+00 7.100000000000e+02 0.000000000000e+00
     2.000000000000e+00 0.000000000000e+00 1.509999947300e-08 1.510000000000e-08
     3.733500000000e+05 1.000000000000e+00                                      
C10 2019 08 15 07 00 00-8.277967572212e-05-3.532996117883e-11 0.000000000000e+00
     1.000000000000e+00-7.150000000000e+01 1.172548835804e-09 2.158964538910e-01
    -2.295710146427e-06 6.382044870406e-03 2.244813367724e-05 6.493206024170e+03
     3.708000000000e+05-6.426125764847e-08-3.070437974238e-01-1.536682248116e-08
     9.091318725574e-01-4.652343750000e+02-2.623991870400e+00-1.733643673063e-09
    -8.978945365001e-10 0.000000000000e+00 7.100000000000e+02 0.000000000000e+00
     2.000000000000e+00 0.000000000000e+00 6.000000052353e-09 2.599999993080e-09
     3.708000000000e+05 0.000000000000e+00                                      
C03 2019 08 15 07 00 00-1.955997431651e-04 8.991651867518e-11 0.000000000000e+00
     1.000000000000e+00-4.148750000000e+02 8.633216808107e-09 2.029670564863e+00
    -1.367786899209e-05 6.145320367068e-04-2.043275162578e-05 6.493357498169e+03
     3.708000000000e+05 9.778887033463e-08-1.151368946201e+00 7.683411240578e-08
     7.162562047745e-02 6.269062500000e+02 2.957630125806e+00-7.521741451910e-09
    -1.014327996596e-10 0.000000000000e+00 7.100000000000e+02 0.000000000000e+00
     2.000000000000e+00 0.000000000000e+00 1.899999935162e-09-8.099999782019e-09
     3.708004000000e+05 0.000000000000e+00                                      
C32 2019 08 15 07 00 00-9.051281958818e-04-5.040412531798e-12 0.000000000000e+00
     1.000000000000e+00-8.078125000000e+01 3.327638609505e-09-2.967442461570e+00
    -3.964174538851e-06 4.777663853019e-04 1.217890530825e-05 5.282633010864e+03
     3.708000000000e+05 2.235174179077e-08-3.017452500437e+00 9.778887033463e-09
     9.612321638865e-01 1.111718750000e+02-1.079592784139e+00-6.502413708774e-09
     3.171560679661e-10 0.000000000000e+00 7.100000000000e+02 0.000000000000e+00
     2.000000000000e+00 0.000000000000e+00-1.290000000000e-08-1.290000000000e-08
     3.708000000000e+05 0.000000000000e+00                                      
C37 2019 08 15 07 00 00-3.658687928692e-04-4.092459704452e-11 0.000000000000e+00
     1.000000000000e+00-4.059375000000e+01 4.281606917543e-09 1.693217704811e+00
    -1.957640051842e-06 8.087429450825e-04 6.851740181446e-06 5.282614433289e+03
     3.708000000000e+05 8.847564458847e-09-9.012389979589e-01-2.793967723846e-08
     9.565191553193e-01 2.226562500000e+02-1.547966885983e+00-6.900287424668e-09
    -5.171643991159e-10 0.000000000000e+00 7.100000000000e+02 0.000000000000e+00
     2.000000000000e+00 0.000000000000e+00-1.750000000000e-08-1.750000000000e-08
     3.708000000000e+05 0.000000000000e+00                                      
C02 2019 08 15 08 00 00-2.957764081657e-05-2.391153941517e-11 0.000000000000e+00
     1.000000000000e+00-6.156875000000e+02 8.210341993700e-09-1.892143302495e+00
    -2.026464790106e-05 2.938602119684e-04-1.395726576447e-05 6.493340383530e+03
     3.744000000000e+05 1.052394509315e-07-9.711461958629e-01 8.847564458847e-09
     6.541677085965e-02 4.280625000000e+02 2.159673322720e-01-7.154226573682e-09
    -2.153661137202e-10 0.000000000000e+00 7.100000000000e+02 0.000000000000e+00
     2.000000000000e+00 0.000000000000e+00 1.200000000000e-09-1.370000000000e-08
     3.750604000000e+05 0.000000000000e+00                                      
C05 2019 08 15 08 00 00-2.223318442702e-04-5.380051959492e-11-9.486769009248e-20
     1.000000000000e+00-6.817187500000e+02 7.100295755818e-09 2.579233782046e+00
    -2.243788912892e-05 5.302220815793e-04-6.778165698051e-06 6.493486598969e+03
     3.744000000000e+05 2.840533852577e-08-8.444005856109e-01-1.173466444016e-07
     6.201863306215e-02 2.069843750000e+02 1.458163093729e+00-6.143827343641e-09
    -2.796545058755e-10 0.000000000000e+00 7.100000000000e+02 0.000000000000e+00
     2.000000000000e+00 0.000000000000e+00-3.000000000000e-10-9.100000000000e-09
     3.744004000000e+05 0.000000000000e+00                                      
C11 2019 08 15 08 00 00 2.123180311173e-04-2.099742602013e-11-9.486769009248e-20
     1.200000000000e+01 9.384375000000e+01 3.576577550240e-09 2.783996463827e+00
     4.598405212164e-06 1.945956726559e-03 1.917127519846e-06 5.282615587234e+03
     3.744000000000e+05 4.377216100693e-08 1.198511570543e+00-2.887099981308e-08
     9.884415126708e-01 3.326875000000e+02-2.295595336783e+00-6.901001740137e-09
     1.521491947675e-10 0.000000000000e+00 7.100000000000e+02 0.000000000000e+00
     2.000000000000e+00 0.000000000000e+00 3.600000000000e-09 1.200000000000e-09
     3.744000000000e+05 1.100000000000e+01                                      
C12 2019 08 15 08 00 00-2.284928923473e-04-7.138289959130e-12 0.000000000000e+00
     2.200000000000e+01 9.556250000000e+01 3.471930334120e-09-2.256200999531e+00
     4.709698259830e-06 2.446444588713e-03 2.576503902674e-06 5.282611940384e+03
     3.744000000000e+05 3.725290298462e-09 1.187798479546e+00 3.818422555923e-08
     9.872375018332e-01 3.221718750000e+02-2.349700043855e+00-6.839570609855e-09
     2.021512775550e-10 0.000000000000e+00 7.100000000000e+02 0.000000000000e+00
     2.000000000000e+00 0.000000000000e+00 2.500000000000e-09-4.000000000000e-10
     3.744000000000e+05 0.000000000000e+00                                      
C13 2019 08 15 08 00 00-9.133678395301e-04-2.678390842448e-11 0.000000000000e+00
     1.000000000000e+00-1.699687500000e+02 1.456132082317e-09-1.398592463893e+00
    -5.589332431555e-06 3.548292443156e-03-1.261522993445e-05 6.493269441605e+03
     3.744000000000e+05 3.259629011154e-08 1.826778716849e+00-4.796311259270e-08
     9.874005689227e-01 6.452187500000e+02-2.863547797025e+00-2.688683423028e-09
    -2.585821995580e-10 0.000000000000e+00 7.100000000000e+02 0.000000000000e+00
     2.000000000000e+00 0.000000000000e+00-8.700000000000e-09 2.700000000000e-09
     3.744000000000e+05 0.000000000000e+00                                      
C19 2019 08 15 08 00 00 1.729819923639e-04 9.368505970997e-12 0.000000000000e+00
     1.000000000000e+00-6.990625000000e+01 3.368711748937e-09 2.280611805047e+00
    -3.384891897440e-06 8.303091162816e-04 1.143803820014e-05 5.282627649307e+03
     3.744000000000e+05-9.778887033463e-09-3.012989465071e+00 8.847564458847e-09
     9.626066734375e-01 1.304843750000e+02-1.127287434766e+00-6.448482890910e-09
     2.625109346341e-10 0.000000000000e+00 7.100000000000e+02 0.000000000000e+00
     2.000000000000e+00 0.000000000000e+00 8.800000000000e-09 8.800000000000e-09
     3.744000000000e+05 1.000000000000e+00                                      
C21 2019 08 15 08 00 00 3.602068172768e-04-1.653877035324e-11 0.000000000000e+00
     1.000000000000e+00-5.850000000000e+01 3.383712373774e-09 4.382844385232e-01
    -2.787914127111e-06 7.231882773340e-04 1.144269481301e-05 5.282631948471e+03
     3.744000000000e+05-2.095475792885e-08-3.010297486608e+00-3.399327397346e-08
     9.618926392151e-01 1.273281250000e+02-8.549362129420e-01-6.547415583283e-09
     2.835832409517e-10 0.000000000000e+00 7.100000000000e+02 0.000000000000e+00
     2.000000000000e+00 0.000000000000e+00 1.070000000000e-08 1.070000000000e-08
     3.744000000000e+05 1.000000000000e+00                                      
C22 2019 08 15 08 00 00 7.096794433892e-06-3.868105835636e-11 0.000000000000e+00
     1.000000000000e+00-6.228125000000e+01 3.327281451771e-09 6.347296454375e-01
    -2.975109964609e-06 6.890414515510e-04 1.148320734501e-05 5.282630670547e+03
     3.744000000000e+05 7.171183824539e-08-3.010386737777e+00 1.303851604462e-08
     9.619015425345e-01 1.286875000000e+02-2.694722838937e-01-6.489198872609e-09
     3.050127050035e-10 0.000000000000e+00 7.100000000000e+02 0.000000000000e+00
     2.000000000000e+00 0.000000000000e+00 1.250000000000e-08 1.250000000000e-08
     3.744000000000e+05 1.000000000000e+00                                      
C23 2019 08 15 08 00 00-9.242073865607e-04-4.373390538603e-12 0.000000000000e+00
     1.000000000000e+00-4.015625000000e+01 4.295178911442e-09-2.727671183162e+00
    -2.013985067606e-06 4.392162663862e-04 6.752554327250e-06 5.282616083145e+03
     3.744000000000e+05 8.614733815193e-08-8.977934016360e-01 1.583248376846e-08
     9.551391056976e-01 2.209531250000e+02-2.142990939329e+00-6.961718554950e-09
    -4.885917803802e-10 0.000000000000e+00 7.100000000000e+02 0.000000000000e+00
     2.000000000000e+00 0.000000000000e+00 2.140000000000e-08 2.140000000000e-08
     3.744000000000e+05 1.000000000000e+00                                      
C24 2019 08 15 08 00 00-9.334406349808e-04 1.410249694800e-11 0.000000000000e+00
     1.000000000000e+00-3.917187500000e+01 4.293393122771e-09-2.737828382844e+00
    -1.837965101004e-06 2.712382702157e-04 6.616581231356e-06 5.282614078522e+03
     3.744000000000e+05-3.306195139885e-08-8.979702538026e-01 1.955777406693e-08
     9.551308621542e-01 2.254531250000e+02-5.526862956598e-01-6.892787112250e-09
    -4.403754862638e-10 0.000000000000e+00 7.100000000000e+02 0.000000000000e+00
     2.000000000000e+00 0.000000000000e+00 1.170000000000e-08 1.170000000000e-08
     3.744000000000e+05 1.000000000000e+00                                      
C25 2019 08 15 08 00 00-3.152868011966e-04-1.258371185031e-11 0.000000000000e+00
     2.000000000000e+00-3.839062500000e+01 4.307679432139e-09 2.480099420747e+00
    -1.829117536545e-06 2.303601941094e-04 6.585847586393e-06 5.282617372513e+03
     3.744000000000e+05-2.468004822731e-08-9.241767605402e-01 5.774199962616e-08
     9.561970397762e-01 2.251875000000e+02-2.874501777966e-01-6.922431204188e-09
    -4.278749655669e-10 0.000000000000e+00 7.100000000000e+02 0.000000000000e+00
     2.000000000000e+00 0.000000000000e+00-1.000000000000e-10-1.000000000000e-10
     3.744000000000e+05 2.000000000000e+00                                      
C26 2019 08 15 08 00 00 3.524115309119e-04 1.390709769566e-11 0.000000000000e+00
     1.000000000000e+00-3.903125000000e+01 4.273035131922e-09-2.415626710423e+00
    -1.999083906412e-06 4.887935938314e-04 6.626360118389e-06 5.282616718292e+03
     3.744000000000e+05-4.563480615616e-08-9.236350697709e-01-4.470348358154e-08
     9.562548367437e-01 2.273437500000e+02-1.149025379233e-01-6.939217617696e-09
    -4.418041172006e-10 0.000000000000e+00 7.100000000000e+02 0.000000000000e+00
     2.000000000000e+00 0.000000000000e+00-6.000000000000e-09-6.000000000000e-09
     3.744900000000e+05 1.000000000000e+00                                      
C28 2019 08 15 08 00 00 1.659692497920e-04 6.688871678760e-12 0.000000000000e+00
     1.000000000000e+00 1.025625000000e+02 3.957664852630e-09 2.565942881640e+00
     4.988629370930e-06 2.545196330170e-04 1.716893166300e-06 5.282615785600e+03
     3.744000000000e+05 6.984919309620e-09 1.203072283490e+00-3.119930624960e-08
     9.643670481130e-01 3.312500000000e+02 3.040546229100e+00-7.172441618130e-09
     1.546492989070e-10 0.000000000000e+00 7.100000000000e+02 0.000000000000e+00
     2.000000000000e+00 0.000000000000e+00-7.499999732370e-09-7.500000000000e-09
     3.744000000000e+05 1.000000000000e+00                                      
C14 2019 08 15 08 00 00 5.110352067280e-04-4.507505479980e-12 1.165517335420e-18
     1.700000000000e+01-5.537500000000e+01 3.471216018650e-09 8.133623910770e-01
    -2.782791852950e-06 2.024592948150e-03 1.167040318250e-05 5.282625865940e+03
     3.744000000000e+05-3.399327397350e-08-3.010614005030e+00-5.448237061500e-08
     9.598967142480e-01 1.224843750000e+02-1.962231128360e+00-6.540272428600e-09
     2.410814705820e-10 0.000000000000e+00 7.100000000000e+02 0.000000000000e+00
     2.000000000000e+00 0.000000000000e+00 5.800000035800e-09 6.000000000000e-10
     3.744000000000e+05 1.600000000000e+01                                      
C27 2019 08 15 08 00 00 1.719252904880e-04 6.806999408580e-12 0.000000000000e+00
     1.000000000000e+00 1.100625000000e+02 3.988737575500e-09-2.487342247700e+00
     5.486886948350e-06 5.883566336710e-04 1.784414052960e-06 5.282615457530e+03
     3.744000000000e+05-6.519258022310e-09 1.203191160210e+00-2.002343535420e-08
     9.644697552020e-01 3.289218750000e+02 1.024020082660e+00-7.173513091330e-09
     2.035799084920e-10 0.000000000000e+00 7.100000000000e+02 0.000000000000e+00
     2.000000000000e+00 0.000000000000e+00-5.700000027530e-09-5.700000000000e-09
     3.751200000000e+05 1.000000000000e+00                                      
C16 2019 08 15 08 00 00-8.776325266810e-04 2.090771999970e-12 0.000000000000e+00
     1.000000000000e+00 1.305781250000e+02 1.065044363370e-09 3.018412326840e+00
     4.698056727650e-06 2.281828317790e-03 1.664180308580e-05 6.493685743330e+03
     3.744000000000e+05 4.516914486890e-08-2.340581368250e+00-3.632158041000e-08
     9.606707061680e-01-2.651718750000e+02-2.831480262610e+00-1.736858061400e-09
     1.143261907160e-09 0.000000000000e+00 7.100000000000e+02 0.000000000000e+00
     2.000000000000e+00 0.000000000000e+00-2.900000017900e-09 4.400000000000e-09
     3.747000000000e+05 0.000000000000e+00                                      
C06 2019 08 15 08 00 00 4.742135060950e-04-2.547562161230e-11 0.000000000000e+00
     1.000000000000e+00 1.389375000000e+02 1.190763885810e-09 2.419484448800e+00
     4.997011274100e-06 8.102569729090e-03 1.660501584410e-05 6.494014360430e+03
     3.744000000000e+05 3.539025783540e-08-2.326586798400e+00-1.066364347930e-07
     9.451000644460e-01-2.721875000000e+02-2.202460741920e+00-1.786502986450e-09
     1.147547799970e-09 0.000000000000e+00 7.100000000000e+02 0.000000000000e+00
     2.000000000000e+00 0.000000000000e+00 7.999999773740e-09-1.900000000000e-09
     3.747900000000e+05 0.000000000000e+00                                      
C09 2019 08 15 08 00 00-1.083387760450e-04 2.856381797760e-11 0.000000000000e+00
     1.000000000000e+00 1.694843750000e+02 1.199335671430e-09 2.190442327160e+00
     6.045214831830e-06 6.406581611370e-03 1.459289342160e-05 6.493364852910e+03
     3.744000000000e+05-4.377216100690e-08-2.284435066840e+00-1.257285475730e-07
     9.499901958190e-01-2.159218750000e+02-2.357935890820e+00-1.872935158120e-09
     1.145404853570e-09 0.000000000000e+00 7.100000000000e+02 0.000000000000e+00
     2.000000000000e+00 0.000000000000e+00 6.500000093720e-09 3.400000000000e-09
     3.751500000000e+05 0.000000000000e+00                                      
C20 2019 08 15 08 00 00 2.809963189070e-05-3.250555380420e-11 0.000000000000e+00
     2.000000000000e+00-7.695312500000e+01 3.320495454820e-09 2.622024173900e+00
    -3.809574991460e-06 8.286407683040e-04 1.222919672730e-05 5.282637187960e+03
     3.744000000000e+05 2.142041921620e-08-3.012374182210e+00-4.656612873080e-09
     9.626067129360e-01 1.127187500000e+02-6.962905138780e-01-6.480269929250e-09
     2.739399821280e-10 0.000000000000e+00 7.100000000000e+02 0.000000000000e+00
     2.000000000000e+00 0.000000000000e+00 1.509999947300e-08 1.510000000000e-08
     3.744000000000e+05 2.000000000000e+00                                      
C07 2019 08 15 08 00 00-6.680737715210e-05-2.342748217640e-11 0.000000000000e+00
     2.000000000000e+00-6.226562500000e+01 1.139333172090e-09 9.224694780880e-01
    -1.723878085610e-06 7.005816674790e-03 2.369331195950e-05 6.493911231990e+03
     3.744000000000e+05-1.057051122190e-07-2.993102931210e-01-5.587935447690e-08
     9.077347141090e-01-5.055781250000e+02-2.709674498080e+00-1.716857228280e-09
    -9.536111503040e-10 0.000000000000e+00 7.100000000000e+02 0.000000000000e+00
     2.000000000000e+00 0.000000000000e+00 1.470000032810e-08 7.000000000000e-10
     3.744000000000e+05 1.000000000000e+00                                      
C08 2019 08 15 08 00 00 1.662925351410e-04-1.752376022070e-12 0.000000000000e+00
     1.000000000000e+00-1.690937500000e+02 1.357556547680e-09-1.081207975900e+00
    -5.902256816630e-06 4.309551441110e-03-1.142453402280e-05 6.492967556000e+03
     3.744000000000e+05 1.392327249050e-07 1.843026180550e+00 1.303851604460e-08
     1.026546640200e+00 6.183593750000e+02-2.812017530260e+00-2.651539018670e-09
    -3.385855320180e-10 0.000000000000e+00 7.100000000000e+02 0.000000000000e+00
     2.000000000000e+00 0.000000000000e+00 1.069999999710e-08-8.000000000000e-10
     3.744000000000e+05 0.000000000000e+00                                      
C30 2019 08 15 08 00 00 1.757818972690e-04 6.683542608240e-12 0.000000000000e+00
     1.000000000000e+00 1.169375000000e+02 4.022310402520e-09-2.505898313160e+00
     5.803070962430e-06 3.183681983500e-04 2.292450517420e-06 5.282615028380e+03
     3.744000000000e+05 1.536682248120e-08 1.165710574350e+00-5.075708031650e-08
     9.637421626550e-01 3.152500000000e+02 2.656470925130e-01-7.206728760610e-09
     2.039370662260e-10 0.000000000000e+00 7.100000000000e+02 0.000000000000e+00
     2.000000000000e+00 0.000000000000e+00-1.090000001370e-08-1.090000000000e-08
     3.744000000000e+05 1.000000000000e+00                                      
C29 2019 08 15 08 00 00 1.046214019880e-04 5.239364497810e-12 0.000000000000e+00
     1.000000000000e+00 1.043906250000e+02 4.016238721030e-09 1.483555746950e+00
     4.977919161320e-06 2.538970438760e-04 2.462416887280e-06 5.282614315030e+03
     3.744000000000e+05-4.889443516730e-08 1.165142135590e+00-2.793967723850e-09
     9.638075550930e-01 3.108750000000e+02 1.763149077440e+00-7.139940264310e-09
     1.278624688420e-10 0.000000000000e+00 7.100000000000e+02 0.000000000000e+00
     2.000000000000e+00 0.000000000000e+00-1.299999996540e-09-1.300000000000e-09
     3.744000000000e+05 1.000000000000e+00                                      
C01 2019 08 15 08 00 00 2.598561113700e-04 4.743494486090e-11 0.000000000000e+00
     1.000000000000e+00-8.006250000000e+02 6.237759827730e-09 1.395384375250e+00
    -2.621999010440e-05 4.516653716560e-04-1.147855073210e-06 6.493328830720e+03
     3.744000000000e+05 3.073364496230e-08-6.957122413790e-01-9.359791874890e-08
     8.656111437210e-02 4.206250000000e+01-2.369656671970e+00-5.152000315780e-09
    -2.700112470520e-10 0.000000000000e+00 7.100000000000e+02 0.000000000000e+00
     2.000000000000e+00 0.000000000000e+00 1.420000028670e-08-1.040000000000e-08
     3.744000000000e+05 0.000000000000e+00                                      
C04 2019 08 15 08 00 00 1.334578264500e-04-1.857713982640e-11 0.000000000000e+00
     1.000000000000e+00-7.985312500000e+02 7.118510800260e-09 1.135978078090e+00
    -2.615153789520e-05 4.148451844230e-04-1.165969297290e-05 6.493379859920e+03
     3.744000000000e+05 1.564621925350e-07-8.655490881990e-01-6.519258022310e-09
     7.392223947800e-02 3.636718750000e+02-1.593441008370e+00-6.147398920980e-09
    -2.621537769000e-10 0.000000000000e+00 7.100000000000e+02 0.000000000000e+00
     2.000000000000e+00 0.000000000000e+00 5.299999994430e-09-8.400000000000e-09
     3.744000000000e+05 0.000000000000e+00                                      
C10 2019 08 15 08 00 00-8.290598634630e-05-3.519762259430e-11 0.000000000000e+00
     1.000000000000e+00-8.214062500000e+01 1.197549837073e-09 4.785405705756e-01
    -2.563465386629e-06 6.381039856933e-03 2.226326614618e-05 6.493203132629e+03
     3.744000000000e+05-1.005828380585e-07-3.070498817000e-01-2.374872565269e-08
     9.091287097285e-01-4.578125000000e+02-2.624093009241e+00-1.725429021882e-09
    -9.118236721228e-10 0.000000000000e+00 7.100000000000e+02 0.000000000000e+00
     2.000000000000e+00 0.000000000000e+00 6.000000052353e-09 2.599999993080e-09
     3.744000000000e+05 0.000000000000e+00                                      
C03 2019 08 15 08 00 00-1.952759921551e-04 8.991474231834e-11 0.000000000000e+00
     1.000000000000e+00-6.932812500000e+02 7.543171420821e-09 2.294170764712e+00
    -2.272985875607e-05 6.157280877233e-04-9.044539183378e-06 6.493353433609e+03
     3.744000000000e+05 7.450580596924e-08-8.385041757960e-01 1.210719347000e-08
     7.413695635324e-02 2.811250000000e+02 2.642960723066e+00-6.404909491664e-09
    -2.378670593828e-10 0.000000000000e+00 7.100000000000e+02 0.000000000000e+00
     2.000000000000e+00 0.000000000000e+00 1.899999935162e-09-8.099999782019e-09
     3.744004000000e+05 0.000000000000e+00                                      
C32 2019 08 15 08 00 00-9.051483357325e-04-5.228706356775e-12 0.000000000000e+00
     1.000000000000e+00-7.307812500000e+01 3.356925543709e-09-2.481755084135e+00
    -3.532040864229e-06 4.789016675204e-04 1.256959512830e-05 5.282630184174e+03
     3.744000000000e+05 5.541369318962e-08-3.017475872016e+00 4.237517714500e-08
     9.612332362054e-01 1.039843750000e+02-1.077717211979e+00-6.514914229471e-09
     3.021554431299e-10 0.000000000000e+00 7.100000000000e+02 0.000000000000e+00
     2.000000000000e+00 0.000000000000e+00-1.290000000000e-08-1.290000000000e-08
     3.744000000000e+05 0.000000000000e+00                                      
C37 2019 08 15 08 00 00-3.660159418359e-04-4.090239258403e-11 0.000000000000e+00
     1.000000000000e+00-4.028125000000e+01 4.263391873099e-09 2.180762186527e+00
    -2.019107341766e-06 8.087217574939e-04 6.875954568386e-06 5.282614480972e+03
     3.744000000000e+05 1.676380634308e-08-9.012638573258e-01-3.306195139885e-08
     9.565172754696e-01 2.226875000000e+02-1.547939779574e+00-6.904216159745e-09
    -5.132356640398e-10 0.000000000000e+00 7.100000000000e+02 0.000000000000e+00
     2.000000000000e+00 0.000000000000e+00-1.750000000000e-08-1.750000000000e-08
     3.744000000000e+05 0.000000000000e+00                                      
C02 2019 08 15 09 00 00-2.966402098536e-05-2.393996112460e-11 0.000000000000e+00
     1.000000000000e+00-7.528281250000e+02 6.634919228161e-09-1.641512710039e+00
    -2.468517050147e-05 2.936937380582e-04 1.049134880304e-06 6.493331935883e+03
     3.780000000000e+05 6.426125764847e-08-6.232180937523e-01-4.703179001808e-08
     6.643950420346e-02-2.809375000000e+01-1.198180348335e-01-5.525230148013e-09
    -3.460858444360e-10 0.000000000000e+00 7.100000000000e+02 0.000000000000e+00
     2.000000000000e+00 0.000000000000e+00 1.200000000000e-09-1.370000000000e-08
     3.797404000000e+05 0.000000000000e+00                                      
C05 2019 08 15 09 00 00-2.225249772891e-04-5.377831513442e-11 9.486769009248e-20
     1.000000000000e+00-6.882500000000e+02 5.165929467412e-09 2.842880841718e+00
    -2.259388566017e-05 5.335462046787e-04 9.077135473490e-06 6.493478462219e+03
     3.780000000000e+05-3.306195139885e-08-4.910721097073e-01-9.965151548386e-08
     6.602149145441e-02-2.745625000000e+02 1.103975304134e+00-4.158030341511e-09
    -3.753727786401e-10 0.000000000000e+00 7.100000000000e+02 0.000000000000e+00
     2.000000000000e+00 0.000000000000e+00-3.000000000000e-10-9.100000000000e-09
     3.780004000000e+05 0.000000000000e+00                                      
C06 2019 08 15 09 00 00 4.741217708215e-04-2.547828614752e-11 0.000000000000e+00
     1.000000000000e+00 1.270781250000e+02 1.171120210429e-09 2.681975339450e+00
     4.461500793695e-06 8.103650994599e-03 1.680804416537e-05 6.494011646271e+03
     3.780000000000e+05 4.284083843231e-08-2.326593086021e+00-5.401670932770e-08
     9.451043785909e-01-2.765000000000e+02-2.202506601481e+00-1.764359206929e-09
     1.138618856617e-09 0.000000000000e+00 7.100000000000e+02 0.000000000000e+00
     2.000000000000e+00 0.000000000000e+00 8.000000000000e-09-1.900000000000e-09
     3.813900000000e+05 0.000000000000e+00                                      
C11 2019 08 15 09 00 00 2.122423611581e-04-2.099831419855e-11-9.486769009248e-20
     1.300000000000e+01 9.453125000000e+01 3.601221433899e-09-3.011592186663e+00
     4.726927727461e-06 1.945818308741e-03 1.988373696804e-06 5.282615875244e+03
     3.780000000000e+05 6.332993507385e-08 1.198486657048e+00-2.840533852577e-08
     9.884420290809e-01 3.318125000000e+02-2.295623184891e+00-6.909216368023e-09
     1.639353999960e-10 0.000000000000e+00 7.100000000000e+02 0.000000000000e+00
     2.000000000000e+00 0.000000000000e+00 3.600000000000e-09 1.200000000000e-09
     3.780000000000e+05 1.200000000000e+01                                      
C12 2019 08 15 09 00 00-2.285148948431e-04-6.650680006715e-12 0.000000000000e+00
     1.000000000000e+00 9.556250000000e+01 3.485859485754e-09-1.768617541288e+00
     4.677101969719e-06 2.446376718581e-03 2.629589289427e-06 5.282612094879e+03
     3.780000000000e+05 1.071020960808e-08 1.187773848394e+00 4.190951585770e-08
     9.872381791643e-01 3.213281250000e+02-2.349714082017e+00-6.843499344931e-09
     1.971510692762e-10 0.000000000000e+00 7.100000000000e+02 0.000000000000e+00
     2.000000000000e+00 0.000000000000e+00 2.500000000000e-09-4.000000000000e-10
     3.780000000000e+05 0.000000000000e+00                                      
C13 2019 08 15 09 00 00-9.134624851868e-04-2.655387021377e-11 0.000000000000e+00
     1.000000000000e+00-1.461875000000e+02 1.532206679701e-09-1.136584147498e+00
    -5.038455128670e-06 3.547149477527e-03-1.257238909602e-05 6.493264146805e+03
     3.780000000000e+05 7.683411240578e-08 1.826769371728e+00 1.396983861923e-08
     9.873994673454e-01 6.433593750000e+02-2.863020125400e+00-2.716184568561e-09
    -2.789401904071e-10 0.000000000000e+00 7.100000000000e+02 0.000000000000e+00
     2.000000000000e+00 0.000000000000e+00-8.700000000000e-09 2.700000000000e-09
     3.780000000000e+05 0.000000000000e+00                                      
C14 2019 08 15 09 00 00 5.110190249979e-04-4.498623695781e-12 1.165517335422e-18
     1.800000000000e+01-5.790625000000e+01 3.499074321919e-09 1.300754726387e+00
    -2.793502062559e-06 2.024656743743e-03 1.164665445685e-05 5.282626552582e+03
     3.780000000000e+05-2.421438694000e-08-3.010636996247e+00 1.057051122189e-07
     9.598971472720e-01 1.236093750000e+02-1.962058250939e+00-6.654205745807e-09
     1.842933908452e-10 0.000000000000e+00 7.100000000000e+02 0.000000000000e+00
     2.000000000000e+00 0.000000000000e+00 5.800000000000e-09 6.000000000000e-10
     3.789300000000e+05 1.700000000000e+01                                      
C16 2019 08 15 09 00 00-8.776230970398e-04 2.343902849589e-12 0.000000000000e+00
     1.000000000000e+00 1.127968750000e+02 1.064687205639e-09-3.002487698441e+00
     4.008412361145e-06 2.283532987349e-03 1.696124672890e-05 6.493681526184e+03
     3.780000000000e+05 4.051253199577e-08-2.340587544695e+00-5.587935447693e-09
     9.606749413159e-01-2.732187500000e+02-2.831281178477e+00-1.724000382964e-09
     1.136475910212e-09 0.000000000000e+00 7.100000000000e+02 0.000000000000e+00
     2.000000000000e+00 0.000000000000e+00-2.900000000000e-09 4.400000000000e-09
     3.791400000000e+05 0.000000000000e+00                                      
C21 2019 08 15 09 00 00 3.601461648941e-04-1.668798432775e-11 0.000000000000e+00
     1.000000000000e+00-5.882812500000e+01 3.292637151554e-09 9.255844388328e-01
    -2.809800207615e-06 7.233845535666e-04 1.145852729678e-05 5.282632476807e+03
     3.780000000000e+05 7.729977369308e-08-3.010321005942e+00 5.727633833885e-08
     9.618941401690e-01 1.294218750000e+02-8.546728203935e-01-6.450268679581e-09
     2.614394614315e-10 0.000000000000e+00 7.100000000000e+02 0.000000000000e+00
     2.000000000000e+00 0.000000000000e+00 1.070000000000e-08 1.070000000000e-08
     3.780000000000e+05 1.000000000000e+00                                      
C22 2019 08 15 09 00 00 6.958376616240e-06-3.857447694600e-11 0.000000000000e+00
     1.000000000000e+00-7.025000000000e+01 3.334424606455e-09 1.123687861927e+00
    -3.346707671881e-06 6.885392358527e-04 1.145992428064e-05 5.282628566742e+03
     3.780000000000e+05-1.071020960808e-08-3.010409787514e+00 4.796311259270e-08
     9.619028181991e-01 1.292031250000e+02-2.708669904917e-01-6.443125524897e-09
     2.560820954186e-10 0.000000000000e+00 7.100000000000e+02 0.000000000000e+00
     2.000000000000e+00 0.000000000000e+00 1.250000000000e-08 1.250000000000e-08
     3.780000000000e+05 1.000000000000e+00                                      
C23 2019 08 15 09 00 00-9.242234518752e-04-4.418687638008e-12 0.000000000000e+00
     1.000000000000e+00-3.890625000000e+01 4.277321024732e-09-2.240624615855e+00
    -1.922249794006e-06 4.394093994051e-04 6.622169166803e-06 5.282615497589e+03
     3.780000000000e+05 1.816079020500e-08-8.978188139859e-01 6.938353180885e-08
     9.551374248047e-01 2.227500000000e+02-2.142466132097e+00-6.938860459962e-09
    -4.289464387695e-10 0.000000000000e+00 7.100000000000e+02 0.000000000000e+00
     2.000000000000e+00 0.000000000000e+00 2.140000000000e-08 2.140000000000e-08
     3.780000000000e+05 1.000000000000e+00                                      
C24 2019 08 15 09 00 00-9.333891794086e-04 1.419486750365e-11 0.000000000000e+00
     1.000000000000e+00-3.887500000000e+01 4.275892393796e-09-2.250005822345e+00
    -1.897104084492e-06 2.711531706154e-04 6.671529263258e-06 5.282614269257e+03
     3.780000000000e+05-4.842877388000e-08-8.979951351133e-01-8.381903171539e-09
     9.551291534659e-01 2.263750000000e+02-5.529371363712e-01-6.918859626847e-09
    -4.321608583773e-10 0.000000000000e+00 7.100000000000e+02 0.000000000000e+00
     2.000000000000e+00 0.000000000000e+00 1.170000000000e-08 1.170000000000e-08
     3.780000000000e+05 1.000000000000e+00                                      
C25 2019 08 15 09 00 00-3.153331344947e-04-1.263611437707e-11 0.000000000000e+00
     1.000000000000e+00-4.150000000000e+01 4.272320816454e-09 2.967269440785e+00
    -1.961831003428e-06 2.298408653587e-04 6.487593054771e-06 5.282618394852e+03
     3.780000000000e+05-2.747401595116e-08-9.242017705877e-01 2.374872565269e-08
     9.561956178198e-01 2.275312500000e+02-2.870492958182e-01-6.896715847326e-09
    -4.153744448700e-10 0.000000000000e+00 7.100000000000e+02 0.000000000000e+00
     2.000000000000e+00 0.000000000000e+00-1.000000000000e-10-1.000000000000e-10
     3.780000000000e+05 1.000000000000e+00                                      
C26 2019 08 15 09 00 00 3.524613566700e-04 1.388666959200e-11 0.000000000000e+00
     1.000000000000e+00-4.335937500000e+01 4.276606709260e-09-1.929440602270e+00
    -2.309679985050e-06 4.890564596280e-04 6.417278200390e-06 5.282615299220e+03
     3.780000000000e+05-9.313225746150e-10-9.236602407390e-01-4.284083843230e-08
     9.562531938870e-01 2.302968750000e+02-1.135176211730e-01-6.958861293080e-09
    -4.139458139330e-10 0.000000000000e+00 7.100000000000e+02 0.000000000000e+00
     2.000000000000e+00 0.000000000000e+00-6.000000052350e-09-6.000000000000e-09
     3.780000000000e+05 1.000000000000e+00                                      
C28 2019 08 15 09 00 00 1.659946283330e-04 6.867395541120e-12 0.000000000000e+00
     1.000000000000e+00 1.015468750000e+02 3.987308944570e-09 3.053264560930e+00
     4.880130290990e-06 2.543737646190e-04 1.541804522280e-06 5.282616088870e+03
     3.780000000000e+05 1.164153218270e-08 1.203046455670e+00-3.352761268620e-08
     9.643676303540e-01 3.318750000000e+02 3.040794524340e+00-7.167084252110e-09
     1.553636143750e-10 0.000000000000e+00 7.100000000000e+02 0.000000000000e+00
     2.000000000000e+00 0.000000000000e+00-7.499999732370e-09-7.500000000000e-09
     3.780000000000e+05 1.000000000000e+00                                      
C27 2019 08 15 09 00 00 1.719505526130e-04 6.899369964230e-12 0.000000000000e+00
     1.000000000000e+00 1.085000000000e+02 3.997309361120e-09-1.999413483730e+00
     5.359761416910e-06 5.882905097680e-04 1.819804310800e-06 5.282615892410e+03
     3.780000000000e+05 0.000000000000e+00 1.203165361650e+00-2.002343535420e-08
     9.644704749580e-01 3.287187500000e+02 1.023661578490e+00-7.176013195470e-09
     1.992940156810e-10 0.000000000000e+00 7.100000000000e+02 0.000000000000e+00
     2.000000000000e+00 0.000000000000e+00-5.700000027530e-09-5.700000000000e-09
     3.780000000000e+05 1.000000000000e+00                                      
C19 2019 08 15 09 00 00 1.730170333760e-04 9.530154443380e-12 0.000000000000e+00
     1.000000000000e+00-7.171875000000e+01 3.332281660050e-09 2.767457581000e+00
    -3.474764525890e-06 8.287668460980e-04 1.205177977680e-05 5.282630876540e+03
     3.780000000000e+05-5.122274160390e-09-3.013012526510e+00-2.700835466380e-08
     9.626076097050e-01 1.185468750000e+02-1.126568659230e+00-6.449911521850e-09
     2.357241045690e-10 0.000000000000e+00 7.100000000000e+02 0.000000000000e+00
     2.000000000000e+00 0.000000000000e+00 8.799999839940e-09 8.800000000000e-09
     3.780000000000e+05 1.000000000000e+00                                      
C09 2019 08 15 09 00 00-1.082363305610e-04 2.849631641770e-11 0.000000000000e+00
     1.000000000000e+00 1.610937500000e+02 1.181834942450e-09 2.453116018200e+00
     5.717854946850e-06 6.408089073370e-03 1.529511064290e-05 6.493360593800e+03
     3.780000000000e+05 3.818422555920e-08-2.284441758230e+00-9.732320904730e-08
     9.499946899030e-01-2.338281250000e+02-2.358085797500e+00-1.832219176430e-09
     1.141833276220e-09 0.000000000000e+00 7.100000000000e+02 0.000000000000e+00
     2.000000000000e+00 0.000000000000e+00 6.500000093720e-09 3.400000000000e-09
     3.780000000000e+05 0.000000000000e+00                                      
C20 2019 08 15 09 00 00 2.798275090750e-05-3.246292124000e-11 0.000000000000e+00
     1.000000000000e+00-7.865625000000e+01 3.317995350680e-09 3.109444633810e+00
    -3.834720700980e-06 8.284340146930e-04 1.229858025910e-05 5.282637605670e+03
     3.780000000000e+05 3.678724169730e-08-3.012397347520e+00 3.771856427190e-08
     9.626075862980e-01 1.112343750000e+02-6.961494125030e-01-6.510271178930e-09
     2.550106222160e-10 0.000000000000e+00 7.100000000000e+02 0.000000000000e+00
     2.000000000000e+00 0.000000000000e+00 1.509999947300e-08 1.510000000000e-08
     3.780000000000e+05 1.000000000000e+00                                      
C07 2019 08 15 09 00 00-6.689561996610e-05-2.372502194700e-11-1.355252715610e-19
     3.000000000000e+00-8.081250000000e+01 1.055043946820e-09 1.184278195400e+00
    -2.267770469190e-06 7.006979780270e-03 2.510892227290e-05 6.493922592160e+03
     3.780000000000e+05-9.452924132350e-08-2.993163101030e-01-9.313225746150e-08
     9.077312806400e-01-5.530625000000e+02-2.709024899540e+00-1.718643016950e-09
    -9.686117751400e-10 0.000000000000e+00 7.100000000000e+02 0.000000000000e+00
     2.000000000000e+00 0.000000000000e+00 1.470000032810e-08 7.000000000000e-10
     3.780000000000e+05 2.000000000000e+00                                      
C08 2019 08 15 09 00 00 1.662864815440e-04-1.709743457920e-12 0.000000000000e+00
     1.000000000000e+00-1.683906250000e+02 1.415058942880e-09-8.186477795090e-01
    -6.038229912520e-06 4.309493466280e-03-1.157820224760e-05 6.492967367170e+03
     3.780000000000e+05 8.149072527890e-08 1.843016964160e+00 1.033768057820e-07
     1.026545013430e+00 6.177656250000e+02-2.812005126180e+00-2.699398155050e-09
    -3.528718413860e-10 0.000000000000e+00 7.100000000000e+02 0.000000000000e+00
     2.000000000000e+00 0.000000000000e+00 1.069999999710e-08-8.000000000000e-10
     3.780000000000e+05 0.000000000000e+00                                      
C30 2019 08 15 09 00 00 1.758044818420e-04 6.471267965940e-12 0.000000000000e+00
     1.000000000000e+00 1.173750000000e+02 4.046239970710e-09-2.018613677880e+00
     5.849171429870e-06 3.183583030480e-04 2.315267920490e-06 5.282614883420e+03
     3.780000000000e+05 4.004687070850e-08 1.165684448100e+00-1.396983861920e-08
     9.637428794850e-01 3.161562500000e+02 2.659329745020e-01-7.214586230760e-09
     2.350097891010e-10 0.000000000000e+00 7.100000000000e+02 0.000000000000e+00
     2.000000000000e+00 0.000000000000e+00-1.090000001370e-08-1.090000000000e-08
     3.780000000000e+05 1.000000000000e+00                                      
C29 2019 08 15 09 00 00 1.046407269310e-04 5.295319738250e-12 0.000000000000e+00
     1.000000000000e+00 1.131718750000e+02 4.053025967660e-09 1.966321267370e+00
     5.547888576980e-06 2.533927327020e-04 2.217944711450e-06 5.282616905210e+03
     3.780000000000e+05-3.445893526080e-08 1.165116161480e+00-8.428469300270e-08
     9.638077569760e-01 3.145000000000e+02 1.767954361020e+00-7.201014236860e-09
     1.607209803880e-10 0.000000000000e+00 7.100000000000e+02 0.000000000000e+00
     2.000000000000e+00 0.000000000000e+00-1.299999996540e-09-1.300000000000e-09
     3.780000000000e+05 1.000000000000e+00                                      
C01 2019 08 15 09 00 00 2.600268926470e-04 4.743228032570e-11 0.000000000000e+00
     1.000000000000e+00-7.907187500000e+02 4.967706924930e-09 1.644803659830e+00
    -2.570031210780e-05 4.504338139670e-04 1.158565282820e-05 6.493343404770e+03
     3.780000000000e+05 2.095475792880e-08-4.493311406740e-01-1.243315637110e-07
     9.266667173310e-02-3.478281250000e+02-2.602918074650e+00-3.974451266130e-09
    -3.850160374630e-10 0.000000000000e+00 7.100000000000e+02 0.000000000000e+00
     2.000000000000e+00 0.000000000000e+00 1.420000028670e-08-1.040000000000e-08
     3.780000000000e+05 0.000000000000e+00                                      
C04 2019 08 15 09 00 00 1.333905383940e-04-1.862776599640e-11 0.000000000000e+00
     1.000000000000e+00-8.890468750000e+02 5.836671692230e-09 1.390576947020e+00
    -2.894317731260e-05 4.150748718530e-04 4.414469003680e-06 6.493387821200e+03
     3.780000000000e+05 1.117587089540e-07-5.637687149560e-01-4.842877388000e-08
     7.683757919930e-02-1.279062500000e+02-1.887154244210e+00-4.913061791600e-09
    -4.010881355020e-10 0.000000000000e+00 7.100000000000e+02 0.000000000000e+00
     2.000000000000e+00 0.000000000000e+00 5.299999994430e-09-8.400000000000e-09
     3.780000000000e+05 0.000000000000e+00                                      
C03 2019 08 15 09 00 00-1.949535217136e-04 8.976552834383e-11 0.000000000000e+00
     1.000000000000e+00-7.375468750000e+02 6.041322997419e-09 2.556343987085e+00
    -2.411426976323e-05 6.150599801913e-04 5.523208528757e-06 6.493355129242e+03
     3.780000000000e+05 3.585591912270e-08-5.398303047047e-01-4.051253199577e-08
     7.763435753118e-02-1.622187500000e+02 2.344780537087e+00-4.902346972813e-09
    -3.582291963067e-10 0.000000000000e+00 7.100000000000e+02 0.000000000000e+00
     2.000000000000e+00 0.000000000000e+00 1.899999935162e-09-8.099999782019e-09
     3.780004000000e+05 0.000000000000e+00                                      
C10 2019 08 15 09 00 00-8.303264621645e-05-3.519762259430e-11 0.000000000000e+00
     2.000000000000e+00-7.550000000000e+01 1.160762597152e-09 7.408453809667e-01
    -2.356711775064e-06 6.382273626514e-03 2.287235110998e-05 6.493207889557e+03
     3.780000000000e+05-1.257285475731e-07-3.070558679608e-01-6.938353180885e-08
     9.091254883829e-01-4.779687500000e+02-2.623853898207e+00-1.720785958170e-09
    -9.328959826860e-10 0.000000000000e+00 7.100000000000e+02 0.000000000000e+00
     2.000000000000e+00 0.000000000000e+00 6.000000052353e-09 2.599999993080e-09
     3.815100000000e+05 1.000000000000e+00                                      
C32 2019 08 15 09 00 00-9.051677770913e-04-5.310418771387e-12 0.000000000000e+00
     1.000000000000e+00-7.340625000000e+01 3.375854903621e-09-1.994637942734e+00
    -3.551132977009e-06 4.789893282577e-04 1.276843249798e-05 5.282629737854e+03
     3.780000000000e+05-1.350417733192e-08-3.017499363555e+00-5.634501576424e-08
     9.612339808307e-01 1.023125000000e+02-1.077270471908e+00-6.585631460842e-09
     3.260850113210e-10 0.000000000000e+00 7.100000000000e+02 0.000000000000e+00
     2.000000000000e+00 0.000000000000e+00-1.290000000000e-08-1.290000000000e-08
     3.780000000000e+05 0.000000000000e+00                                      
C36 2019 08 15 09 00 00-7.012755377218e-04-4.958433663660e-11 0.000000000000e+00
     1.000000000000e+00-4.395312500000e+01 4.310536694013e-09 1.455828958194e+00
    -2.097338438034e-06 9.959706803784e-04 6.542541086674e-06 5.282615880966e+03
     3.780000000000e+05-3.725290298462e-09-9.011204079677e-01-3.026798367500e-08
     9.565037376257e-01 2.291406250000e+02-1.910847459152e+00-6.952432453861e-09
    -4.468043254793e-10 0.000000000000e+00 7.100000000000e+02 0.000000000000e+00
     2.000000000000e+00 0.000000000000e+00-2.210000000000e-08-2.210000000000e-08
     3.785100000000e+05 0.000000000000e+00                                      
C37 2019 08 15 09 00 00-3.661628579721e-04-4.085531912779e-11 0.000000000000e+00
     1.000000000000e+00-3.990625000000e+01 4.240890935844e-09 2.668298651452e+00
    -2.109445631504e-06 8.086970774457e-04 6.797723472118e-06 5.282614543915e+03
     3.780000000000e+05 6.193295121193e-08-9.012889010204e-01-2.048909664154e-08
     9.565153722132e-01 2.226406250000e+02-1.547904662225e+00-6.921359730986e-09
    -4.828772566331e-10 0.000000000000e+00 7.100000000000e+02 0.000000000000e+00
     2.000000000000e+00 0.000000000000e+00-1.750000000000e-08-1.750000000000e-08
     3.780000000000e+05 0.000000000000e+00                                      
C05 2019 08 15 10 00 00-2.227184595540e-04-5.377653877758e-11 9.486769009248e-20
     1.000000000000e+00-4.304531250000e+02 3.162274578572e-09 3.104852105324e+00
    -1.406110823154e-05 5.377879133448e-04 2.063484862447e-05 6.493468219757e+03
     3.816000000000e+05-7.869675755501e-08-1.681765020949e-01-5.215406417847e-08
     7.172182050742e-02-6.271718750000e+02 7.818545091386e-01-2.090801375984e-09
    -4.343038047824e-10 0.000000000000e+00 7.100000000000e+02 0.000000000000e+00
     2.000000000000e+00 0.000000000000e+00-3.000000000000e-10-9.100000000000e-09
     3.816004000000e+05 0.000000000000e+00                                      
C06 2019 08 15 10 00 00 4.740308504552e-04-2.536904020189e-11 0.000000000000e+00
     1.000000000000e+00 1.270312500000e+02 1.151119377314e-09 2.944421660832e+00
     4.332978278399e-06 8.103651693091e-03 1.679314300418e-05 6.494011640549e+03
     3.816000000000e+05 3.632158041000e-08-2.326599395586e+00-4.284083843231e-08
     9.451085069457e-01-2.765625000000e+02-2.202507381216e+00-1.760073314118e-09
     1.135761594744e-09 0.000000000000e+00 7.100000000000e+02 0.000000000000e+00
     2.000000000000e+00 0.000000000000e+00 8.000000000000e-09-1.900000000000e-09
     3.816000000000e+05 0.000000000000e+00                                      
C09 2019 08 15 10 00 00-1.081315567717e-04 2.878408622564e-11 0.000000000000e+00
     1.000000000000e+00 1.424375000000e+02 1.183620731126e-09 2.715737112940e+00
     5.054753273726e-06 6.410051602870e-03 1.576170325279e-05 6.493355686188e+03
     3.816000000000e+05 6.193295121193e-08-2.284448212620e+00-3.678724169731e-08
     9.499990493993e-01-2.468750000000e+02-2.358182761172e+00-1.803646557690e-09
     1.131832859667e-09 0.000000000000e+00 7.100000000000e+02 0.000000000000e+00
     2.000000000000e+00 0.000000000000e+00 6.500000000000e-09 3.400000000000e-09
     3.819300000000e+05 0.000000000000e+00                                      
C11 2019 08 15 10 00 00 2.121668076143e-04-2.099920237697e-11-9.486769009248e-20
     1.400000000000e+01 9.643750000000e+01 3.590506701873e-09-2.523735987825e+00
     4.833564162254e-06 1.944988383912e-03 2.382788807154e-06 5.282617824554e+03
     3.816000000000e+05 8.335337042809e-08 1.198461478765e+00 4.656612873077e-08
     9.884425952302e-01 3.248281250000e+02-2.295910519557e+00-6.914930891770e-09
     2.189376910622e-10 0.000000000000e+00 7.100000000000e+02 0.000000000000e+00
     2.000000000000e+00 0.000000000000e+00 3.600000000000e-09 1.200000000000e-09
     3.816000000000e+05 1.300000000000e+01                                      
C12 2019 08 15 10 00 00-2.285424852744e-04-7.132960888612e-12 0.000000000000e+00
     1.000000000000e+00 1.019375000000e+02 3.529789887060e-09-1.281447642672e+00
     4.929490387440e-06 2.446100930683e-03 2.792105078697e-06 5.282610128403e+03
     3.816000000000e+05 3.725290298462e-09 1.187749214317e+00 3.911554813385e-08
     9.872388945312e-01 3.172031250000e+02-2.349314758047e+00-6.842070713994e-09
     1.996511734156e-10 0.000000000000e+00 7.100000000000e+02 0.000000000000e+00
     2.000000000000e+00 0.000000000000e+00 2.500000000000e-09-4.000000000000e-10
     3.816000000000e+05 0.000000000000e+00                                      
C14 2019 08 15 10 00 00 5.110027268529e-04-4.490630090004e-12 1.165517335422e-18
     1.900000000000e+01-5.960937500000e+01 3.305851987719e-09 1.787966566864e+00
    -2.889428287745e-06 2.024493762292e-03 1.136818900704e-05 5.282627975464e+03
     3.816000000000e+05 2.901069819927e-07-3.010661347981e+00-7.497146725655e-08
     9.598993431120e-01 1.287343750000e+02-1.961704460293e+00-6.339192624246e-09
     2.292952653539e-10 0.000000000000e+00 7.100000000000e+02 0.000000000000e+00
     2.000000000000e+00 0.000000000000e+00 5.800000000000e-09 6.000000000000e-10
     3.816000000000e+05 1.800000000000e+01                                      
C16 2019 08 15 10 00 00-8.776141330600e-04 2.406075338968e-12 0.000000000000e+00
     1.000000000000e+00 1.051093750000e+02 1.059329839626e-09-2.740145349572e+00
     3.666616976261e-06 2.284134388901e-03 1.693982630968e-05 6.493679895401e+03
     3.816000000000e+05 3.119930624962e-08-2.340593718209e+00 4.656612873077e-10
     9.606790594303e-01-2.727656250000e+02-2.831138438634e+00-1.720785963357e-09
     1.133261490604e-09 0.000000000000e+00 7.100000000000e+02 0.000000000000e+00
     2.000000000000e+00 0.000000000000e+00-2.900000000000e-09 4.400000000000e-09
     3.816000000000e+05 0.000000000000e+00                                      
C21 2019 08 15 10 00 00 3.600881900638e-04-1.649969050277e-11 0.000000000000e+00
     1.000000000000e+00-6.570312500000e+01 3.334781764189e-09 1.414551533772e+00
    -3.148335963488e-06 7.232475327328e-04 1.161359250546e-05 5.282630475998e+03
     3.816000000000e+05 8.614733815193e-08-3.010344343874e+00 1.909211277962e-08
     9.618949564773e-01 1.264687500000e+02-8.560768677235e-01-6.478484140583e-09
     2.775115594704e-10 0.000000000000e+00 7.100000000000e+02 0.000000000000e+00
     2.000000000000e+00 0.000000000000e+00 1.070000000000e-08 1.070000000000e-08
     3.816000000000e+05 1.000000000000e+00                                      
C22 2019 08 15 10 00 00 6.818794645369e-06-3.867040021532e-11 0.000000000000e+00
     1.000000000000e+00-6.995312500000e+01 3.340496287936e-09 1.610731921793e+00
    -3.283843398094e-06 6.884632166475e-04 1.167738810182e-05 5.282629268646e+03
     3.816000000000e+05-5.401670932770e-08-3.010432712903e+00 0.000000000000e+00
     9.619037734846e-01 1.265156250000e+02-2.703468689865e-01-6.429553530998e-09
     2.100087477073e-10 0.000000000000e+00 7.100000000000e+02 0.000000000000e+00
     2.000000000000e+00 0.000000000000e+00 1.250000000000e-08 1.250000000000e-08
     3.816000000000e+05 1.000000000000e+00                                      
C23 2019 08 15 10 00 00-9.242387022823e-04-4.353850613370e-12 0.000000000000e+00
     1.000000000000e+00-3.996875000000e+01 4.244105355452e-09-1.752735839294e+00
    -1.922715455294e-06 4.393991548568e-04 6.610993295908e-06 5.282615768433e+03
     3.816000000000e+05-1.816079020500e-08-8.978439644736e-01 3.818422555923e-08
     9.551359984596e-01 2.230312500000e+02-2.142783529729e+00-6.909573525757e-09
    -4.039453973758e-10 0.000000000000e+00 7.100000000000e+02 0.000000000000e+00
     2.000000000000e+00 0.000000000000e+00 2.140000000000e-08 2.140000000000e-08
     3.816000000000e+05 1.000000000000e+00                                      
C25 2019 08 15 10 00 00-3.153772559017e-04-1.246736047733e-11 0.000000000000e+00
     1.000000000000e+00-4.160937500000e+01 4.244462513186e-09-2.827594453756e+00
    -1.969281584024e-06 2.292261924595e-04 6.334390491247e-06 5.282619642258e+03
     3.816000000000e+05-4.284083843231e-08-9.242266006962e-01 1.909211277962e-08
     9.561940627379e-01 2.322343750000e+02-2.878003009063e-01-6.909573525757e-09
    -4.139458139333e-10 0.000000000000e+00 7.100000000000e+02 0.000000000000e+00
     2.000000000000e+00 0.000000000000e+00-1.000000000000e-10-1.000000000000e-10
     3.816000000000e+05 1.000000000000e+00                                      
C28 2019 08 15 10 00 00 1.660191919655e-04 6.960654275190e-12 0.000000000000e+00
     1.000000000000e+00 9.775000000000e+01 4.054097440860e-09-2.743735477813e+00
     4.796776920557e-06 2.552123041824e-04 1.657754182816e-06 5.282614334106e+03
     3.816000000000e+05 1.769512891769e-08 1.203020665885e+00-3.119930624962e-08
     9.643682155213e-01 3.261875000000e+02 3.042179309425e+00-7.161726886100e-09
     1.550064566411e-10 0.000000000000e+00 7.100000000000e+02 0.000000000000e+00
     2.000000000000e+00 0.000000000000e+00-7.500000000000e-09-7.500000000000e-09
     3.821100000000e+05 1.000000000000e+00                                      
C24 2019 08 15 10 00 00-9.333385387440e-04 1.412292505170e-11 0.000000000000e+00
     1.000000000000e+00-4.185937500000e+01 4.263034715360e-09-1.763980519610e+00
    -2.199318259950e-06 2.712262794380e-04 6.648711860180e-06 5.282613437650e+03
     3.816000000000e+05-2.421438694000e-08-8.980201758820e-01-3.119930624960e-08
     9.551275237750e-01 2.267187500000e+02-5.513907836850e-01-6.939931933160e-09
    -4.150172871360e-10 0.000000000000e+00 7.100000000000e+02 0.000000000000e+00
     2.000000000000e+00 0.000000000000e+00 1.170000007990e-08 1.170000000000e-08
     3.816000000000e+05 1.000000000000e+00                                      
C27 2019 08 15 10 00 00 1.719756983220e-04 6.934008922600e-12 0.000000000000e+00
     1.000000000000e+00 1.043125000000e+02 3.991237679640e-09-1.510728073670e+00
     5.101785063740e-06 5.882972618560e-04 1.674052327870e-06 5.282617174150e+03
     3.816000000000e+05 4.656612873080e-10 1.203139508960e+00-2.654269337650e-08
     9.644712166570e-01 3.309687500000e+02 1.022546283400e+00-7.170655829450e-09
     2.014369620870e-10 0.000000000000e+00 7.100000000000e+02 0.000000000000e+00
     2.000000000000e+00 0.000000000000e+00-5.700000027530e-09-5.700000000000e-09
     3.816000000000e+05 1.000000000000e+00                                      
C13 2019 08 15 10 00 00-9.135585278270e-04-2.661515452470e-11 0.000000000000e+00
     1.000000000000e+00-1.386250000000e+02 1.599709491460e-09-8.742082144180e-01
    -4.996545612810e-06 3.546582069250e-03-1.256307587030e-05 6.493262201310e+03
     3.816000000000e+05 5.494803190230e-08 1.826759918350e+00 1.043081283570e-07
     9.873981507190e-01 6.388437500000e+02-2.862858913290e+00-2.756900550260e-09
    -2.953694461800e-10 0.000000000000e+00 7.100000000000e+02 0.000000000000e+00
     2.000000000000e+00 0.000000000000e+00-8.699999831660e-09 2.700000000000e-09
     3.816000000000e+05 0.000000000000e+00                                      
C02 2019 08 15 10 00 00-2.975016832350e-05-2.393285569720e-11 0.000000000000e+00
     1.000000000000e+00-5.782343750000e+02 4.508759236490e-09-1.384192471160e+00
    -1.886393874880e-05 2.932621864600e-04 1.564947888260e-05 6.493328098300e+03
     3.816000000000e+05 4.656612873080e-10-2.875632438090e-01-6.752088665960e-08
     6.928816997040e-02-4.735468750000e+02-4.500354333250e-01-3.370140379870e-09
    -4.421612749350e-10 0.000000000000e+00 7.100000000000e+02 0.000000000000e+00
     2.000000000000e+00 0.000000000000e+00 1.199999988270e-09-1.370000000000e-08
     3.830700000000e+05 0.000000000000e+00                                      
C20 2019 08 15 10 00 00 2.786412369460e-05-3.267430770390e-11 0.000000000000e+00
     1.000000000000e+00-7.282812500000e+01 3.293708624760e-09-2.686734813220e+00
    -3.537628799680e-06 8.296426385640e-04 1.271162182090e-05 5.282635076520e+03
     3.816000000000e+05 1.513399183750e-07-3.012420932680e+00 1.862645149230e-08
     9.626088839070e-01 1.038281250000e+02-6.955933383230e-01-6.428839215530e-09
     2.560820954190e-10 0.000000000000e+00 7.100000000000e+02 0.000000000000e+00
     2.000000000000e+00 0.000000000000e+00 1.509999947300e-08 1.510000000000e-08
     3.816000000000e+05 1.000000000000e+00                                      
C07 2019 08 15 10 00 00-6.698106881230e-05-2.372591012540e-11-1.355252715610e-19
     4.000000000000e+00-1.105937500000e+02 9.896840814570e-10 1.446225440820e+00
    -3.118067979810e-06 7.006982224990e-03 2.582604065540e-05 6.493931186680e+03
     3.816000000000e+05-4.982575774190e-08-2.993222729570e-01-1.192092895510e-07
     9.077277550070e-01-5.780625000000e+02-2.708515804050e+00-1.727214802570e-09
    -9.875411350520e-10 0.000000000000e+00 7.100000000000e+02 0.000000000000e+00
     2.000000000000e+00 0.000000000000e+00 1.470000032810e-08 7.000000000000e-10
     3.816000000000e+05 3.000000000000e+00                                      
C19 2019 08 15 10 00 00 1.730499789120e-04 9.353406937860e-12 0.000000000000e+00
     1.000000000000e+00-8.176562500000e+01 3.309780722800e-09-3.028041976320e+00
    -3.999099135400e-06 8.271479746330e-04 1.237588003280e-05 5.282634033200e+03
     3.816000000000e+05 4.144385457040e-08-3.013035561620e+00-2.421438694000e-08
     9.626083865150e-01 1.122656250000e+02-1.126691019160e+00-6.470983828160e-09
     2.071514858340e-10 0.000000000000e+00 7.100000000000e+02 0.000000000000e+00
     2.000000000000e+00 0.000000000000e+00 8.799999839940e-09 8.800000000000e-09
     3.816000000000e+05 1.000000000000e+00                                      
C08 2019 08 15 10 00 00 1.662800787020e-04-1.728395204740e-12 0.000000000000e+00
     1.000000000000e+00-1.710625000000e+02 1.448631769900e-09-5.559498376790e-01
    -6.173737347130e-06 4.310673102740e-03-1.223199069500e-05 6.492970508580e+03
     3.816000000000e+05-1.164153218270e-08 1.843007380590e+00 1.210719347000e-07
     1.026543328150e+00 6.315156250000e+02-2.812129911630e+00-2.744042871830e-09
    -3.553719455250e-10 0.000000000000e+00 7.100000000000e+02 0.000000000000e+00
     2.000000000000e+00 0.000000000000e+00 1.069999999710e-08-8.000000000000e-10
     3.816000000000e+05 0.000000000000e+00                                      
C29 2019 08 15 10 00 00 1.046599354590e-04 5.317524198740e-12 0.000000000000e+00
     1.000000000000e+00 1.193281250000e+02 4.079098482250e-09 2.451309428480e+00
     5.948357284070e-06 2.527096075940e-04 2.423767000440e-06 5.282618753430e+03
     3.816000000000e+05 6.007030606270e-08 1.165089845050e+00-7.869675755500e-08
     9.638082134060e-01 3.115937500000e+02 1.770536401190e+00-7.241730218560e-09
     2.207234797330e-10 0.000000000000e+00 7.100000000000e+02 0.000000000000e+00
     2.000000000000e+00 0.000000000000e+00-1.299999996540e-09-1.300000000000e-09
     3.816000000000e+05 1.000000000000e+00                                      
C30 2019 08 15 10 00 00 1.758243888620e-04 6.296296817250e-12 0.000000000000e+00
     1.000000000000e+00 1.195312500000e+02 4.068740907960e-09-1.532809258220e+00
     5.925539880990e-06 3.183570224790e-04 2.189539372920e-06 5.282613796230e+03
     3.816000000000e+05 7.916241884230e-09 1.165658307220e+00 1.350417733190e-08
     9.637437601620e-01 3.197500000000e+02 2.676992827730e-01-7.203871498740e-09
     2.639395655710e-10 0.000000000000e+00 7.100000000000e+02 0.000000000000e+00
     2.000000000000e+00 0.000000000000e+00-1.090000001370e-08-1.090000000000e-08
     3.816000000000e+05 1.000000000000e+00                                      
C01 2019 08 15 10 00 00 2.601973246780e-04 4.737721326360e-11 0.000000000000e+00
     1.000000000000e+00-5.999531250000e+02 3.756942206010e-09 1.898223807380e+00
    -1.934589818120e-05 4.484530072660e-04 2.195639535780e-05 6.493354373930e+03
     3.816000000000e+05-9.313225746150e-10-2.167238028220e-01-1.131556928160e-07
     9.825540646920e-02-6.679531250000e+02-2.826480367030e+00-2.828332097100e-09
    -4.764484174180e-10 0.000000000000e+00 7.100000000000e+02 0.000000000000e+00
     2.000000000000e+00 0.000000000000e+00 1.420000028670e-08-1.040000000000e-08
     3.816000000000e+05 0.000000000000e+00                                      
C04 2019 08 15 10 00 00 1.333232503380e-04-1.865352317050e-11 0.000000000000e+00
     1.000000000000e+00-6.729531250000e+02 4.176602543690e-09 1.654328535120e+00
    -2.180784940720e-05 4.152359906580e-04 1.955404877660e-05 6.493386552810e+03
     3.816000000000e+05 2.840533852580e-08-2.760142355690e-01-8.568167686460e-08
     8.048540492870e-02-5.957343750000e+02-2.176029504640e+00-3.233706125410e-09
    -4.971635660010e-10 0.000000000000e+00 7.100000000000e+02 0.000000000000e+00
     2.000000000000e+00 0.000000000000e+00 5.299999994430e-09-8.400000000000e-09
     3.816000000000e+05 0.000000000000e+00                                      
C10 2019 08 15 10 00 00-8.316058665510e-05-3.532552028670e-11-1.355252715610e-19
     3.000000000000e+00-8.312500000000e+01 1.085402354220e-09 1.002826292520e+00
    -2.571847289800e-06 6.383930565790e-03 2.409564331170e-05 6.493217464450e+03
     3.816000000000e+05-1.150183379650e-07-3.070618088710e-01-1.247972249980e-07
     9.091221529300e-01-5.201406250000e+02-2.623291296490e+00-1.722571752030e-09
    -9.553969389750e-10 0.000000000000e+00 7.100000000000e+02 0.000000000000e+00
     2.000000000000e+00 0.000000000000e+00 6.000000052350e-09 2.600000000000e-09
     3.849300000000e+05 2.000000000000e+00                                      
C03 2019 08 15 10 00 00-1.946287229657e-04 8.997513845088e-11 0.000000000000e+00
     1.000000000000e+00-5.609531250000e+02 4.341252246576e-09 2.817511909709e+00
    -1.821387559175e-05 6.109582027420e-04 1.882622018456e-05 6.493365173340e+03
     3.816000000000e+05 1.862645149231e-09-2.569105413553e-01-7.124617695808e-08
     8.177000792333e-02-5.707343750000e+02 2.063320717704e+00-3.259421399449e-09
    -4.575190504230e-10 0.000000000000e+00 7.100000000000e+02 0.000000000000e+00
     2.000000000000e+00 0.000000000000e+00 1.899999935162e-09-8.099999782019e-09
     3.816004000000e+05 0.000000000000e+00                                      
C32 2019 08 15 10 00 00-9.051859378815e-04-5.181632900531e-12 0.000000000000e+00
     1.000000000000e+00-7.056250000000e+01 3.291565678351e-09-1.506435831065e+00
    -3.424007445574e-06 4.791246028617e-04 1.278193667531e-05 5.282630344391e+03
     3.816000000000e+05-4.377216100693e-08-3.017522537640e+00 1.154839992523e-07
     9.612357158516e-01 1.018125000000e+02-1.077908652365e+00-6.455983203328e-09
     2.567964108870e-10 0.000000000000e+00 7.100000000000e+02 0.000000000000e+00
     2.000000000000e+00 0.000000000000e+00-1.290000000000e-08-1.290000000000e-08
     3.816000000000e+05 0.000000000000e+00                                      
C36 2019 08 15 10 00 00-7.014550501481e-04-4.985345469777e-11 0.000000000000e+00
     1.000000000000e+00-4.400000000000e+01 4.285535652619e-09 1.943469176195e+00
    -2.101063728333e-06 9.960009483621e-04 6.616115570068e-06 5.282615739822e+03
     3.816000000000e+05 2.700835466385e-08-9.011454297185e-01-3.073364496231e-08
     9.565022673930e-01 2.285937500000e+02-1.910916412333e+00-6.924931308328e-09
    -4.464471677451e-10 0.000000000000e+00 7.100000000000e+02 0.000000000000e+00
     2.000000000000e+00 0.000000000000e+00-2.210000000000e-08-2.210000000000e-08
     3.816000000000e+05 0.000000000000e+00                                      
C37 2019 08 15 10 00 00-3.663105890155e-04-4.093791972082e-11 0.000000000000e+00
     1.000000000000e+00-3.964062500000e+01 4.211604001640e-09-3.127328728331e+00
    -2.093147486448e-06 8.089537732303e-04 6.561167538166e-06 5.282614032745e+03
     3.816000000000e+05 5.681067705154e-08-9.013141012472e-01 4.889443516731e-08
     9.565136430440e-01 2.244218750000e+02-1.547891046847e+00-6.920288257783e-09
    -4.328751738457e-10 0.000000000000e+00 7.100000000000e+02 0.000000000000e+00
     2.000000000000e+00 0.000000000000e+00-1.750000000000e-08-1.750000000000e-08
     3.816000000000e+05 0.000000000000e+00                                      
C26 2019 08 15 10 00 00 3.525101346900e-04 1.373745561750e-11 0.000000000000e+00
     1.000000000000e+00-4.356250000000e+01 4.263391873100e-09-1.442896977420e+00
    -2.319458872080e-06 4.890137352050e-04 6.123445928100e-06 5.282614305500e+03
     3.816000000000e+05 1.862645149230e-09-9.236853327100e-01-3.213062882420e-08
     9.562517075620e-01 2.339375000000e+02-1.124898846500e-01-6.959575608540e-09
    -4.064455015150e-10 0.000000000000e+00 7.100000000000e+02 0.000000000000e+00
     2.000000000000e+00 0.000000000000e+00-6.000000052350e-09-6.000000000000e-09
     3.816000000000e+05 1.000000000000e+00                                      
C05 2019 08 15 11 00 00-2.229117089882e-04-5.376321610129e-11 0.000000000000e+00
     1.000000000000e+00-5.081250000000e+01 1.447917454431e-09-2.917930073786e+00
    -1.558568328619e-06 5.410924786702e-04 2.486677840352e-05 6.493459793091e+03
     3.852000000000e+05-8.475035429001e-08 1.241572327214e-01 1.862645149231e-09
     7.841030390960e-02-7.575937500000e+02 4.918062663679e-01-3.225134339791e-10
    -4.546617956316e-10 0.000000000000e+00 7.100000000000e+02 0.000000000000e+00
     2.000000000000e+00 0.000000000000e+00-3.000000000000e-10-9.100000000000e-09
     3.852004000000e+05 0.000000000000e+00                                      
C06 2019 08 15 11 00 00 4.739394644275e-04-2.539124466239e-11 0.000000000000e+00
     1.000000000000e+00 1.412656250000e+02 1.116117919363e-09-3.076280798826e+00
     4.712492227554e-06 8.102028863505e-03 1.709908246994e-05 6.494015571594e+03
     3.852000000000e+05 5.215406417847e-08-2.326605800242e+00-3.678724169731e-08
     9.451125650805e-01-2.878437500000e+02-2.202544455949e+00-1.763287733726e-09
     1.141833276225e-09 0.000000000000e+00 7.100000000000e+02 0.000000000000e+00
     2.000000000000e+00 0.000000000000e+00 8.000000000000e-09-1.900000000000e-09
     3.852000000000e+05 0.000000000000e+00                                      
C09 2019 08 15 11 00 00-1.080287620425e-04 2.866862303108e-11 0.000000000000e+00
     1.000000000000e+00 1.397968750000e+02 1.161476951606e-09 2.978265483546e+00
     4.834495484829e-06 6.410280941054e-03 1.579010859132e-05 6.493355152130e+03
     3.852000000000e+05 4.796311259270e-08-2.284454607035e+00-1.071020960808e-08
     9.500032216417e-01-2.472968750000e+02-2.358186057126e+00-1.792574667930e-09
     1.124332547249e-09 0.000000000000e+00 7.100000000000e+02 0.000000000000e+00
     2.000000000000e+00 0.000000000000e+00 6.500000000000e-09 3.400000000000e-09
     3.852000000000e+05 0.000000000000e+00                                      
C11 2019 08 15 11 00 00 2.120861317962e-04-2.121947062506e-11 0.000000000000e+00
     1.400000000000e+01 9.517187500000e+01 3.578006181176e-09-2.036001170227e+00
     4.739034920931e-06 1.944760908373e-03 2.545770257711e-06 5.282618602753e+03
     3.852000000000e+05 1.210719347000e-08 1.198436250743e+00 9.778887033463e-08
     9.884434832215e-01 3.221875000000e+02-2.296077072781e+00-6.891358481313e-09
     2.785830326729e-10 0.000000000000e+00 7.100000000000e+02 0.000000000000e+00
     2.000000000000e+00 0.000000000000e+00 3.600000000000e-09 1.200000000000e-09
     3.852000000000e+05 0.000000000000e+00                                      
C14 2019 08 15 11 00 00 5.109866615385e-04-4.481748305807e-12 1.165517335422e-18
     2.000000000000e+01-6.314062500000e+01 3.416928043054e-09 2.275748420205e+00
    -3.097578883171e-06 2.024955931120e-03 1.157820224762e-05 5.282626741409e+03
     3.852000000000e+05 3.725290298462e-09-3.010684620082e+00-1.052394509315e-07
     9.598992889840e-01 1.255468750000e+02-1.961921832365e+00-6.530986327510e-09
     2.267951612145e-10 0.000000000000e+00 7.100000000000e+02 0.000000000000e+00
     2.000000000000e+00 0.000000000000e+00 5.800000000000e-09 6.000000000000e-10
     3.852000000000e+05 1.900000000000e+01                                      
C16 2019 08 15 11 00 00-8.776054019108e-04 2.418509836843e-12 0.000000000000e+00
     1.000000000000e+00 1.124218750000e+02 1.041114795182e-09-2.477392415190e+00
     3.868248313665e-06 2.283536014147e-03 1.709256321192e-05 6.493681970596e+03
     3.852000000000e+05 3.026798367500e-08-2.340599907815e+00 1.396983861923e-09
     9.606831424347e-01-2.781093750000e+02-2.831405858596e+00-1.720428805623e-09
     1.132904332870e-09 0.000000000000e+00 7.100000000000e+02 0.000000000000e+00
     2.000000000000e+00 0.000000000000e+00-2.900000000000e-09 4.400000000000e-09
     3.852000000000e+05 0.000000000000e+00                                      
C21 2019 08 15 11 00 00 3.600273048505e-04-1.672084692927e-11 0.000000000000e+00
     1.000000000000e+00-7.173437500000e+01 3.333353133252e-09 1.903279800020e+00
    -3.396067768335e-06 7.234715158120e-04 1.152558252215e-05 5.282628786087e+03
     3.852000000000e+05-4.377216100693e-08-3.010367096639e+00 5.308538675308e-08
     9.618961312005e-01 1.288593750000e+02-8.572416591903e-01-6.412052802022e-09
     1.982225424788e-10 0.000000000000e+00 7.100000000000e+02 0.000000000000e+00
     2.000000000000e+00 0.000000000000e+00 1.070000000000e-08 1.070000000000e-08
     3.852000000000e+05 1.000000000000e+00                                      
C23 2019 08 15 11 00 00-9.242551168427e-04-4.446221169019e-12 0.000000000000e+00
     1.000000000000e+00-4.251562500000e+01 4.206603793361e-09-1.263737619310e+00
    -2.009794116020e-06 4.395901923999e-04 6.469432264566e-06 5.282617034912e+03
     3.852000000000e+05-1.862645149231e-08-8.978688457842e-01 3.213062882423e-08
     9.551345647999e-01 2.271875000000e+02-2.144210688239e+00-6.905644790681e-09
    -4.021596087048e-10 0.000000000000e+00 7.100000000000e+02 0.000000000000e+00
     2.000000000000e+00 0.000000000000e+00 2.140000000000e-08 2.140000000000e-08
     3.852000000000e+05 1.000000000000e+00                                      
C25 2019 08 15 11 00 00-3.154226578772e-04-1.252953296671e-11 0.000000000000e+00
     1.000000000000e+00-4.089062500000e+01 4.227676099679e-09-2.339691811658e+00
    -2.033542841673e-06 2.291140845045e-04 6.356742233038e-06 5.282619888306e+03
     3.852000000000e+05-4.377216100693e-08-9.242515785595e-01-1.629814505577e-08
     9.561924535280e-01 2.331406250000e+02-2.881329260529e-01-6.936717513556e-09
    -4.014452932364e-10 0.000000000000e+00 7.100000000000e+02 0.000000000000e+00
     2.000000000000e+00 0.000000000000e+00-1.000000000000e-10-1.000000000000e-10
     3.852000000000e+05 1.000000000000e+00                                      
C28 2019 08 15 11 00 00 1.660428242758e-04 6.765255022856e-12 0.000000000000e+00
     1.000000000000e+00 9.537500000000e+01 4.106956785521e-09-2.256978701411e+00
     4.828907549381e-06 2.554419916123e-04 1.681968569756e-06 5.282613750458e+03
     3.852000000000e+05 4.004687070847e-08 1.202994786864e+00-4.703179001808e-08
     9.643687114506e-01 3.254687500000e+02 3.042993439428e+00-7.177441826404e-09
     1.696499237431e-10 0.000000000000e+00 7.100000000000e+02 0.000000000000e+00
     2.000000000000e+00 0.000000000000e+00-7.500000000000e-09-7.500000000000e-09
     3.852000000000e+05 1.000000000000e+00                                      
C24 2019 08 15 11 00 00-9.332867339250e-04 1.424638185200e-11 0.000000000000e+00
     1.000000000000e+00-4.384375000000e+01 4.237676516240e-09-1.278247554720e+00
    -2.386979758740e-06 2.710900735110e-04 6.349291652440e-06 5.282612417220e+03
     3.852000000000e+05-1.629814505580e-08-8.980451932440e-01-2.700835466380e-08
     9.551260272100e-01 2.298125000000e+02-5.495519336950e-01-6.942789195040e-09
    -4.096599211230e-10 0.000000000000e+00 7.100000000000e+02 0.000000000000e+00
     2.000000000000e+00 0.000000000000e+00 1.170000007990e-08 1.170000000000e-08
     3.852000000000e+05 1.000000000000e+00                                      
C27 2019 08 15 11 00 00 1.720000291240e-04 6.850520151150e-12 0.000000000000e+00
     1.000000000000e+00 1.037812500000e+02 4.024453348920e-09-1.023829751170e+00
     5.076173692940e-06 5.880121607330e-04 1.738313585520e-06 5.282616233830e+03
     3.852000000000e+05 1.350417733190e-08 1.203113694310e+00-2.887099981310e-08
     9.644720037070e-01 3.272968750000e+02 1.023217679410e+00-7.158512466490e-09
     2.025084352890e-10 0.000000000000e+00 7.100000000000e+02 0.000000000000e+00
     2.000000000000e+00 0.000000000000e+00-5.700000027530e-09-5.700000000000e-09
     3.852000000000e+05 1.000000000000e+00                                      
C22 2019 08 15 11 00 00 6.680609658360e-06-3.855049612870e-11 0.000000000000e+00
     1.000000000000e+00-7.700000000000e+01 3.322281243490e-09 2.095703736260e+00
    -3.683380782600e-06 6.874520331620e-04 1.242663711310e-05 5.282633283620e+03
     3.852000000000e+05-7.450580596920e-09-3.010455559290e+00-5.587935447690e-08
     9.619044771480e-01 1.134218750000e+02-2.677548063650e-01-6.444196998100e-09
     1.585780339830e-10 0.000000000000e+00 7.100000000000e+02 0.000000000000e+00
     2.000000000000e+00 0.000000000000e+00 1.250000014610e-08 1.250000000000e-08
     3.852000000000e+05 1.000000000000e+00                                      
C13 2019 08 15 11 00 00-9.136558510360e-04-2.682654098860e-11 0.000000000000e+00
     1.000000000000e+00-1.428125000000e+02 1.640782630900e-09-6.115452582750e-01
    -5.220063030720e-06 3.547404427080e-03-1.305388286710e-05 6.493264469150e+03
     3.852000000000e+05-3.073364496230e-08 1.826750206040e+00 1.532025635240e-07
     9.873966717090e-01 6.479687500000e+02-2.862983941580e+00-2.804045371170e-09
    -3.021554431300e-10 0.000000000000e+00 7.100000000000e+02 0.000000000000e+00
     2.000000000000e+00 0.000000000000e+00-8.699999831660e-09 2.700000000000e-09
     3.852000000000e+05 0.000000000000e+00                                      
C12 2019 08 15 11 00 00-2.285729860890e-04-7.751133068720e-12 0.000000000000e+00
     1.000000000000e+00 1.027812500000e+02 3.605507326710e-09-7.940633036720e-01
     4.963483661410e-06 2.445727237500e-03 2.905260771510e-06 5.282609001160e+03
     3.852000000000e+05-7.171183824540e-08 1.187724584630e+00 3.958120942120e-08
     9.872392895190e-01 3.128906250000e+02-2.349129001100e+00-6.907430579350e-09
     1.996511734160e-10 0.000000000000e+00 7.100000000000e+02 0.000000000000e+00
     2.000000000000e+00 0.000000000000e+00 2.499999984810e-09-4.000000000000e-10
     3.852000000000e+05 0.000000000000e+00                                      
C02 2019 08 15 11 00 00-2.983468584720e-05-2.373123919600e-11 0.000000000000e+00
     1.000000000000e+00-1.848125000000e+02 2.287595287530e-09-1.118954145750e+00
    -5.876645445820e-06 2.938458928840e-04 2.414872869850e-05 6.493330484390e+03
     3.852000000000e+05-5.634501576420e-08 2.804506706960e-02-4.284083843230e-08
     7.357220706920e-02-7.335468750000e+02-7.681563440410e-01-1.148262115440e-09
    -4.939491463930e-10 0.000000000000e+00 7.100000000000e+02 0.000000000000e+00
     2.000000000000e+00 0.000000000000e+00 1.199999988270e-09-1.370000000000e-08
     3.869100000000e+05 0.000000000000e+00                                      
C20 2019 08 15 11 00 00 2.774898894130e-05-3.235189893760e-11 0.000000000000e+00
     1.000000000000e+00-7.504687500000e+01 3.390141212990e-09-2.199713634860e+00
    -3.640074282880e-06 8.299299515780e-04 1.289229840040e-05 5.282634037020e+03
     3.852000000000e+05-9.313225746150e-10-3.012444351070e+00-6.146728992460e-08
     9.626090740860e-01 1.006250000000e+02-6.950521186130e-01-6.580631252560e-09
     2.771544017360e-10 0.000000000000e+00 7.100000000000e+02 0.000000000000e+00
     2.000000000000e+00 0.000000000000e+00 1.509999947300e-08 1.510000000000e-08
     3.852000000000e+05 1.000000000000e+00                                      
C10 2019 08 15 11 00 00-8.328782860190e-05-3.532640846520e-11-1.355252715610e-19
     4.000000000000e+00-1.136093750000e+02 9.978987093440e-10 1.264699057850e+00
    -3.401655703780e-06 6.384672597050e-03 2.508796751500e-05 6.493227926250e+03
     3.852000000000e+05-6.053596735000e-08-3.070676912650e-01-1.676380634310e-07
     9.091186858140e-01-5.562500000000e+02-2.622621950020e+00-1.732572168590e-09
    -9.821837690390e-10 0.000000000000e+00 7.100000000000e+02 0.000000000000e+00
     2.000000000000e+00 0.000000000000e+00 6.000000052350e-09 2.600000000000e-09
     3.852000000000e+05 3.000000000000e+00                                      
C08 2019 08 15 11 00 00 1.662730937820e-04-1.830535723000e-12 0.000000000000e+00
     1.000000000000e+00-1.675937500000e+02 1.483990385580e-09-2.933282470070e-01
    -5.987472832200e-06 4.311788943600e-03-1.283641904590e-05 6.492973268510e+03
     3.852000000000e+05-8.055940270420e-08 1.842997486870e+00 7.869675755500e-08
     1.026541683830e+00 6.432031250000e+02-2.812178596080e+00-2.781544433920e-09
    -3.493002640440e-10 0.000000000000e+00 7.100000000000e+02 0.000000000000e+00
     2.000000000000e+00 0.000000000000e+00 1.069999999710e-08-8.000000000000e-10
     3.852000000000e+05 0.000000000000e+00                                      
C29 2019 08 15 11 00 00 1.046799588950e-04 5.414335646490e-12 0.000000000000e+00
     1.000000000000e+00 1.197656250000e+02 4.122314568090e-09 2.939190641750e+00
     5.973502993580e-06 2.532424405220e-04 2.339482307430e-06 5.282617713930e+03
     3.852000000000e+05 6.705522537230e-08 1.165063392560e+00 1.536682248120e-08
     9.638090150860e-01 3.156875000000e+02 1.770225019080e+00-7.243516007230e-09
     2.885834492300e-10 0.000000000000e+00 7.100000000000e+02 0.000000000000e+00
     2.000000000000e+00 0.000000000000e+00-1.299999996540e-09-1.300000000000e-09
     3.852000000000e+05 1.000000000000e+00                                      
C01 2019 08 15 11 00 00 2.603683387860e-04 4.744826753720e-11 0.000000000000e+00
     1.000000000000e+00-2.648281250000e+02 2.564035373790e-09 2.159032355400e+00
    -8.414499461650e-06 4.478156333790e-04 2.813898026940e-05 6.493356792450e+03
     3.852000000000e+05-4.982575774190e-08 5.609680797150e-03-8.707866072650e-08
     1.030570693350e-01-8.611250000000e+02-3.047226552350e+00-1.638639684490e-09
    -5.318078662180e-10 0.000000000000e+00 7.100000000000e+02 0.000000000000e+00
     2.000000000000e+00 0.000000000000e+00 1.420000028670e-08-1.040000000000e-08
     3.852000000000e+05 0.000000000000e+00                                      
C04 2019 08 15 11 00 00 1.332560786980e-04-1.865441134900e-11 0.000000000000e+00
     1.000000000000e+00-2.381406250000e+02 2.322239587740e-09 1.924197818400e+00
    -7.672235369680e-06 4.168135346840e-04 2.878485247490e-05 6.493378278730e+03
     3.852000000000e+05-6.379559636120e-08-2.622744402120e-03-1.071020960810e-07
     8.453943473250e-02-8.844062500000e+02-2.456700699990e+00-1.308983095830e-09
    -5.425225982440e-10 0.000000000000e+00 7.100000000000e+02 0.000000000000e+00
     2.000000000000e+00 0.000000000000e+00 5.299999994430e-09-8.400000000000e-09
     3.852000000000e+05 0.000000000000e+00                                      
C07 2019 08 15 11 00 00-6.706651765850e-05-2.372679830390e-11-1.355252715610e-19
     5.000000000000e+00-1.074062500000e+02 1.006827652700e-09 1.708718547790e+00
    -3.018882125620e-06 7.007088745010e-03 2.583023160700e-05 6.493930486680e+03
     3.852000000000e+05 0.000000000000e+00-2.993281977750e-01-8.661299943920e-08
     9.077240962490e-01-5.782812500000e+02-2.708554550900e+00-1.747215635690e-09
    -1.006113337230e-09 0.000000000000e+00 7.100000000000e+02 0.000000000000e+00
     2.000000000000e+00 0.000000000000e+00 1.470000032810e-08 7.000000000000e-10
     3.852300000000e+05 4.000000000000e+00                                      
C19 2019 08 15 11 00 00 1.730830408630e-04 9.273470880090e-12 0.000000000000e+00
     1.000000000000e+00-7.565625000000e+01 3.403356049150e-09-2.541280411790e+00
    -3.742519766090e-06 8.279634639620e-04 1.258542761210e-05 5.282632003780e+03
     3.852000000000e+05 3.632158041000e-08-3.013058494320e+00 1.001171767710e-07
     9.626087259120e-01 1.072968750000e+02-1.125890264610e+00-6.564559154520e-09
     1.642925577300e-10 0.000000000000e+00 7.100000000000e+02 0.000000000000e+00
     2.000000000000e+00 0.000000000000e+00 8.799999839940e-09 8.800000000000e-09
     3.852300000000e+05 1.000000000000e+00                                      
C30 2019 08 15 11 00 00 1.758486032490e-04 6.471267965940e-12 0.000000000000e+00
     1.000000000000e+00 1.168593750000e+02 4.048382917110e-09-1.044259317290e+00
     5.778856575490e-06 3.185574896630e-04 2.179760485890e-06 5.282614521030e+03
     3.852000000000e+05-2.142041921620e-08 1.165632230700e+00-1.164153218270e-08
     9.637448032220e-01 3.200312500000e+02 2.667204311190e-01-7.179941930540e-09
     2.842975564200e-10 0.000000000000e+00 7.100000000000e+02 0.000000000000e+00
     2.000000000000e+00 0.000000000000e+00-1.090000001370e-08-1.090000000000e-08
     3.852300000000e+05 1.000000000000e+00                                      
C26 2019 08 15 11 00 00 3.525611246000e-04 1.393019033460e-11 0.000000000000e+00
     1.000000000000e+00-4.390625000000e+01 4.233033465690e-09-9.552849015760e-01
    -2.224463969470e-06 4.890405107290e-04 6.050802767280e-06 5.282614362720e+03
     3.852000000000e+05 1.536682248120e-08-9.237103295910e-01-3.306195139880e-08
     9.562502256260e-01 2.338750000000e+02-1.125304425900e-01-6.965290132290e-09
    -4.153744448700e-10 0.000000000000e+00 7.100000000000e+02 0.000000000000e+00
     2.000000000000e+00 0.000000000000e+00-6.000000052350e-09-6.000000000000e-09
     3.870600000000e+05 1.000000000000e+00                                      
C03 2019 08 15 11 00 00-1.943050883710e-04 8.993250588674e-11 0.000000000000e+00
     1.000000000000e+00-2.272500000000e+02 2.612966065740e-09 3.080684416312e+00
    -7.190741598606e-06 6.049172952771e-04 2.723280340433e-05 6.493379728317e+03
     3.852000000000e+05-2.561137080193e-08 1.084907069591e-02-6.845220923424e-08
     8.619109265069e-02-8.324843750000e+02 1.794969125612e+00-1.621496159565e-09
    -5.232360655860e-10 0.000000000000e+00 7.100000000000e+02 0.000000000000e+00
     2.000000000000e+00 0.000000000000e+00 1.899999935162e-09-8.099999782019e-09
     3.852004000000e+05 0.000000000000e+00                                      
C36 2019 08 15 11 00 00-7.016343297437e-04-4.983569112937e-11 0.000000000000e+00
     1.000000000000e+00-4.307812500000e+01 4.249462721465e-09 2.430963093611e+00
    -2.142041921616e-06 9.959033923224e-04 6.645452231169e-06 5.282615968704e+03
     3.852000000000e+05 3.306195139885e-08-9.011703007888e-01-1.257285475731e-08
     9.565007240145e-01 2.290468750000e+02-1.910839132223e+00-6.909573525757e-09
    -4.521616914922e-10 0.000000000000e+00 7.100000000000e+02 0.000000000000e+00
     2.000000000000e+00 0.000000000000e+00-2.210000000000e-08-2.210000000000e-08
     3.852000000000e+05 0.000000000000e+00                                      
C37 2019 08 15 11 00 00-3.664578543976e-04-4.093347882872e-11 0.000000000000e+00
     1.000000000000e+00-3.843750000000e+01 4.176245385955e-09-2.639871418978e+00
    -1.933891326189e-06 8.091500494629e-04 6.452668458223e-06 5.282613607407e+03
     3.852000000000e+05 4.190951585770e-09-9.013392224765e-01 5.541369318962e-08
     9.565121625709e-01 2.253281250000e+02-1.547776792945e+00-6.898144478263e-09
    -3.993023468312e-10 0.000000000000e+00 7.100000000000e+02 0.000000000000e+00
     2.000000000000e+00 0.000000000000e+00-1.750000000000e-08-1.750000000000e-08
     3.852000000000e+05 0.000000000000e+00                                      
C05 2019 08 15 12 00 00-2.231058897451e-04-5.378897327546e-11-6.776263578034e-20
     1.000000000000e+00 3.260468750000e+02 1.042900583853e-10-2.656821163814e+00
     1.083686947823e-05 5.422385875136e-04 2.218876034021e-05 6.493456460953e+03
     3.888000000000e+05-4.749745130539e-08 3.904264121301e-01 4.610046744347e-08
     8.545537651944e-02-6.776875000000e+02 2.270470700390e-01 1.049686580802e-09
    -4.403754862638e-10 0.000000000000e+00 7.100000000000e+02 0.000000000000e+00
     2.000000000000e+00 0.000000000000e+00-3.000000000000e-10-9.100000000000e-09
     3.888004000000e+05 0.000000000000e+00                                      
C06 2019 08 15 12 00 00 4.738478455693e-04-2.542144272866e-11 0.000000000000e+00
     1.000000000000e+00 1.512656250000e+02 1.080402145943e-09-2.813707623428e+00
     5.027279257774e-06 8.099837228656e-03 1.788791269064e-05 6.494021343231e+03
     3.888000000000e+05 5.774199962616e-08-2.326612204897e+00-2.374872565269e-08
     9.451166597882e-01-3.126406250000e+02-2.202672372043e+00-1.764359206929e-09
     1.147190642238e-09 0.000000000000e+00 7.100000000000e+02 0.000000000000e+00
     2.000000000000e+00 0.000000000000e+00 8.000000000000e-09-1.900000000000e-09
     3.888000000000e+05 0.000000000000e+00                                      
C09 2019 08 15 12 00 00-1.079239882529e-04 2.887379224603e-11 0.000000000000e+00
     1.000000000000e+00 1.454687500000e+02 1.147547799972e-09-3.042370476245e+00
     4.985835403204e-06 6.409698165953e-03 1.587765291333e-05 6.493356599808e+03
     3.888000000000e+05 4.936009645462e-08-2.284461062893e+00-8.381903171539e-09
     9.500072724619e-01-2.504843750000e+02-2.358210160165e+00-1.792217510196e-09
     1.125046862718e-09 0.000000000000e+00 7.100000000000e+02 0.000000000000e+00
     2.000000000000e+00 0.000000000000e+00 6.500000000000e-09 3.400000000000e-09
     3.888000000000e+05 0.000000000000e+00                                      
C11 2019 08 15 12 00 00 2.120152348652e-04-2.034461488165e-11 0.000000000000e+00
     1.500000000000e+01 1.019687500000e+02 3.584077862658e-09-1.548917820770e+00
     5.058012902737e-06 1.944724237546e-03 2.611428499222e-06 5.282616767883e+03
     3.888000000000e+05-2.048909664154e-08 1.198411228992e+00 4.703179001808e-08
     9.884446506301e-01 3.208125000000e+02-2.295592443131e+00-6.850999657349e-09
     3.075128091428e-10 0.000000000000e+00 7.100000000000e+02 0.000000000000e+00
     2.000000000000e+00 0.000000000000e+00 3.600000000000e-09 1.200000000000e-09
     3.888000000000e+05 0.000000000000e+00                                      
C14 2019 08 15 12 00 00 5.109654739499e-04-4.517275442595e-12 0.000000000000e+00
     2.100000000000e+01-7.129687500000e+01 3.401570260484e-09 2.763524910488e+00
    -3.470573574305e-06 2.025981317274e-03 1.159729436040e-05 5.282624588013e+03
     3.888000000000e+05 3.073364496231e-08-3.010707618617e+00 6.100162863731e-08
     9.599003466738e-01 1.255156250000e+02-1.962133554647e+00-6.440625420758e-09
     1.971510692762e-10 0.000000000000e+00 7.100000000000e+02 0.000000000000e+00
     2.000000000000e+00 0.000000000000e+00 5.800000000000e-09 6.000000000000e-10
     3.888000000000e+05 0.000000000000e+00                                      
C16 2019 08 15 12 00 00-8.775970200077e-04 2.367883666921e-12 0.000000000000e+00
     1.000000000000e+00 1.235468750000e+02 1.001470286686e-09-2.213943633582e+00
     4.219356924295e-06 2.282285364345e-03 1.788279041648e-05 6.493688066483e+03
     3.888000000000e+05 2.793967723846e-08-2.340606090107e+00 9.313225746155e-10
     9.606872210503e-01-3.031562500000e+02-2.832369174059e+00-1.719714490154e-09
     1.132190017402e-09 0.000000000000e+00 7.100000000000e+02 0.000000000000e+00
     2.000000000000e+00 0.000000000000e+00-2.900000000000e-09 4.400000000000e-09
     3.888000000000e+05 0.000000000000e+00                                      
C21 2019 08 15 12 00 00 3.599678166211e-04-1.663114090888e-11 0.000000000000e+00
     1.000000000000e+00-7.179687500000e+01 3.329781555910e-09 2.389782249577e+00
    -3.381166607141e-06 7.225824519992e-04 1.206900924444e-05 5.282631082535e+03
     3.888000000000e+05-5.913898348808e-08-3.010389825997e+00-3.119930624962e-08
     9.618968451046e-01 1.203437500000e+02-8.561800590389e-01-6.407409751478e-09
     1.360770967287e-10 0.000000000000e+00 7.100000000000e+02 0.000000000000e+00
     2.000000000000e+00 0.000000000000e+00 1.070000000000e-08 1.070000000000e-08
     3.888000000000e+05 1.000000000000e+00                                      
C23 2019 08 15 12 00 00-9.242702508345e-04-4.336975223396e-12 0.000000000000e+00
     1.000000000000e+00-4.115625000000e+01 4.179459805563e-09-7.752292340379e-01
    -1.977663487196e-06 4.399635363370e-04 6.362330168486e-06 5.282618114471e+03
     3.888000000000e+05-3.352761268616e-08-8.978937344095e-01 1.909211277962e-08
     9.551330360505e-01 2.310937500000e+02-2.145148524058e+00-6.922788361923e-09
    -3.982308736286e-10 0.000000000000e+00 7.100000000000e+02 0.000000000000e+00
     2.000000000000e+00 0.000000000000e+00 2.140000000000e-08 2.140000000000e-08
     3.888000000000e+05 1.000000000000e+00                                      
C27 2019 08 15 12 00 00 1.720245927572e-04 6.834532939592e-12 0.000000000000e+00
     1.000000000000e+00 9.779687500000e+01 4.081598586393e-09-5.371931183753e-01
     4.884786903858e-06 5.871502216905e-04 1.890119165182e-06 5.282614257812e+03
     3.888000000000e+05 1.722946763039e-08 1.203087926470e+00-2.933666110039e-08
     9.644727351664e-01 3.226250000000e+02 1.024151236193e+00-7.157440993290e-09
     2.032227507576e-10 0.000000000000e+00 7.100000000000e+02 0.000000000000e+00
     2.000000000000e+00 0.000000000000e+00-5.700000000000e-09-5.700000000000e-09
     3.918900000000e+05 1.000000000000e+00                                      
C28 2019 08 15 12 00 00 1.660673879087e-04 6.800782159644e-12 0.000000000000e+00
     1.000000000000e+00 9.926562500000e+01 4.113742782470e-09-1.765682844235e+00
     5.076173692942e-06 2.552535152063e-04 2.039130777121e-06 5.282615646362e+03
     3.888000000000e+05 9.639188647270e-08 1.202968648907e+00 0.000000000000e+00
     9.643692688224e-01 3.196718750000e+02 3.039268895349e+00-7.196014028583e-09
     2.200091642648e-10 0.000000000000e+00 7.100000000000e+02 0.000000000000e+00
     2.000000000000e+00 0.000000000000e+00-7.500000000000e-09-7.500000000000e-09
     3.888000000000e+05 1.000000000000e+00                                      
C25 2019 08 15 12 00 00-3.154681762680e-04-1.258815274240e-11 0.000000000000e+00
     1.000000000000e+00-4.368750000000e+01 4.212675474840e-09-1.853975724460e+00
    -2.305954694750e-06 2.292296849190e-04 6.232876330610e-06 5.282619026180e+03
     3.888000000000e+05-2.002343535420e-08-9.242766529750e-01-2.281740307810e-08
     9.561909701290e-01 2.345468750000e+02-2.862791001710e-01-6.949575191990e-09
    -3.868018261340e-10 0.000000000000e+00 7.100000000000e+02 0.000000000000e+00
     2.000000000000e+00 0.000000000000e+00-1.000000013350e-10-1.000000000000e-10
     3.888000000000e+05 1.000000000000e+00                                      
C13 2019 08 15 12 00 00-9.137506131080e-04-2.659472642110e-11 0.000000000000e+00
     1.000000000000e+00-1.404375000000e+02 1.661497779480e-09-3.488882971690e-01
    -5.131587386130e-06 3.549268236380e-03-1.388043165210e-05 6.493269096370e+03
     3.888000000000e+05-1.275911927220e-07 1.826740158720e+00 1.308508217330e-07
     9.873951297930e-01 6.686093750000e+02-2.863102821230e+00-2.852261665290e-09
    -2.989410235220e-10 0.000000000000e+00 7.100000000000e+02 0.000000000000e+00
     2.000000000000e+00 0.000000000000e+00-8.699999831660e-09 2.700000000000e-09
     3.888000000000e+05 0.000000000000e+00                                      
C02 2019 08 15 12 00 00-2.992176450790e-05-2.394706655200e-11 0.000000000000e+00
     1.000000000000e+00 2.746406250000e+02 2.564392531530e-10-8.452776722940e-01
     9.177718311550e-06 2.975880634040e-04 2.488913014530e-05 6.493342508320e+03
     3.888000000000e+05-8.055940270420e-08 3.212089040290e-01 5.122274160390e-09
     7.879360161260e-02-7.623750000000e+02-1.072317023980e+00 8.086051102200e-10
    -5.035924052160e-10 0.000000000000e+00 7.100000000000e+02 0.000000000000e+00
     2.000000000000e+00 0.000000000000e+00 1.199999988270e-09-1.370000000000e-08
     3.892200000000e+05 0.000000000000e+00                                      
C20 2019 08 15 12 00 00 2.763059455900e-05-3.259437164620e-11 0.000000000000e+00
     1.000000000000e+00-6.650000000000e+01 3.294780097960e-09-1.710751249050e+00
    -3.245659172530e-06 8.298057364300e-04 1.287739723920e-05 5.282636323930e+03
     3.888000000000e+05-9.778887033460e-09-3.012467491510e+00 9.452924132350e-08
     9.626104214340e-01 1.008906250000e+02-6.964518269280e-01-6.477412667380e-09
     2.275094766830e-10 0.000000000000e+00 7.100000000000e+02 0.000000000000e+00
     2.000000000000e+00 0.000000000000e+00 1.509999947300e-08 1.510000000000e-08
     3.888000000000e+05 1.000000000000e+00                                      
C22 2019 08 15 12 00 00 6.541493348780e-06-3.859401687120e-11 0.000000000000e+00
     1.000000000000e+00-8.468750000000e+01 3.342996392080e-09 2.582300584990e+00
    -4.172790795560e-06 6.865815958010e-04 1.254212111230e-05 5.282635417940e+03
     3.888000000000e+05 4.982575774190e-08-3.010478500780e+00-1.769512891770e-08
     9.619048940800e-01 1.112968750000e+02-2.667890302740e-01-6.483841506600e-09
     1.210764718920e-10 0.000000000000e+00 7.100000000000e+02 0.000000000000e+00
     2.000000000000e+00 0.000000000000e+00 1.250000014610e-08 1.250000000000e-08
     3.888000000000e+05 1.000000000000e+00                                      
C07 2019 08 15 12 00 00-6.715254858140e-05-2.353406358680e-11 0.000000000000e+00
     4.000000000000e+00-8.868750000000e+01 1.038614691040e-09 1.971398857060e+00
    -2.374872565270e-06 7.008060347290e-03 2.609333023430e-05 6.493926038740e+03
     3.888000000000e+05-1.722946763040e-08-2.993343434940e-01-4.610046744350e-08
     9.077203643450e-01-5.862656250000e+02-2.708780535170e+00-1.764716364660e-09
    -1.011470703240e-09 0.000000000000e+00 7.100000000000e+02 0.000000000000e+00
     2.000000000000e+00 0.000000000000e+00 1.470000032810e-08 7.000000000000e-10
     3.888000000000e+05 0.000000000000e+00                                      
C19 2019 08 15 12 00 00 1.731187803670e-04 9.555911617550e-12 0.000000000000e+00
     1.000000000000e+00-7.467187500000e+01 3.385498162440e-09-2.054038449830e+00
    -3.696884959940e-06 8.281625341620e-04 1.273956149820e-05 5.282631368640e+03
     3.888000000000e+05 4.982575774190e-08-3.013082136540e+00 9.778887033460e-09
     9.626094763890e-01 1.049375000000e+02-1.125568602580e+00-6.534557904850e-09
     1.864363372500e-10 0.000000000000e+00 7.100000000000e+02 0.000000000000e+00
     2.000000000000e+00 0.000000000000e+00 8.799999839940e-09 8.800000000000e-09
     3.888000000000e+05 1.000000000000e+00                                      
C26 2019 08 15 12 00 00 3.526112996040e-04 1.393196669140e-11 0.000000000000e+00
     1.000000000000e+00-4.554687500000e+01 4.201246427350e-09-4.674959677120e-01
    -2.189073711630e-06 4.892353899780e-04 6.064306944610e-06 5.282614788060e+03
     3.888000000000e+05 1.909211277960e-08-9.237353762120e-01-2.374872565270e-08
     9.562487012650e-01 2.344531250000e+02-1.127479916750e-01-6.971718971510e-09
    -4.193031799460e-10 0.000000000000e+00 7.100000000000e+02 0.000000000000e+00
     2.000000000000e+00 0.000000000000e+00-6.000000052350e-09-6.000000000000e-09
     3.888000000000e+05 1.000000000000e+00                                      
C10 2019 08 15 12 00 00-8.341495413330e-05-3.532729664360e-11-1.355252715610e-19
     5.000000000000e+00-1.266718750000e+02 9.782550339630e-10 1.527033865380e+00
    -3.717839717860e-06 6.384610664100e-03 2.523837611080e-05 6.493231073380e+03
     3.888000000000e+05 1.676380634310e-08-3.070735385480e-01-1.490116119380e-07
     9.091150460740e-01-5.622656250000e+02-2.622416889870e+00-1.755787421310e-09
    -1.008970599100e-09 0.000000000000e+00 7.100000000000e+02 0.000000000000e+00
     2.000000000000e+00 0.000000000000e+00 6.000000052350e-09 2.600000000000e-09
     3.888000000000e+05 4.000000000000e+00                                      
C08 2019 08 15 12 00 00 1.662664581090e-04-1.839417507200e-12 0.000000000000e+00
     1.000000000000e+00-1.580625000000e+02 1.501491114560e-09-3.078243549200e-02
    -5.580484867100e-06 4.312935867350e-03-1.319451257590e-05 6.492976060870e+03
     3.888000000000e+05-1.015141606330e-07 1.842987351780e+00 1.164153218270e-08
     1.026540137530e+00 6.513125000000e+02-2.812151590610e+00-2.812259999060e-09
    -3.375140588150e-10 0.000000000000e+00 7.100000000000e+02 0.000000000000e+00
     2.000000000000e+00 0.000000000000e+00 1.069999999710e-08-8.000000000000e-10
     3.888000000000e+05 0.000000000000e+00                                      
C29 2019 08 15 12 00 00 1.046995166690e-04 5.371703082350e-12 0.000000000000e+00
     1.000000000000e+00 1.221562500000e+02 4.128029091840e-09-2.856773826540e+00
     6.054062396290e-06 2.536709653210e-04 2.263113856320e-06 5.282616872790e+03
     3.888000000000e+05-8.847564458850e-09 1.165037005910e+00 3.119930624960e-08
     9.638101590870e-01 3.179531250000e+02 1.770574499970e+00-7.213157599820e-09
     3.389426897520e-10 0.000000000000e+00 7.100000000000e+02 0.000000000000e+00
     2.000000000000e+00 0.000000000000e+00-1.299999996540e-09-1.300000000000e-09
     3.888000000000e+05 1.000000000000e+00                                      
C30 2019 08 15 12 00 00 1.758706057440e-04 6.298961352510e-12 0.000000000000e+00
     1.000000000000e+00 1.152187500000e+02 4.024810506660e-09-5.561096439250e-01
     5.696900188920e-06 3.187723923470e-04 2.105720341210e-06 5.282615064620e+03
     3.888000000000e+05-9.313225746150e-10 1.165606316570e+00-4.097819328310e-08
     9.637459735570e-01 3.213750000000e+02 2.661414461800e-01-7.149583523140e-09
     2.925121843070e-10 0.000000000000e+00 7.100000000000e+02 0.000000000000e+00
     2.000000000000e+00 0.000000000000e+00-1.090000001370e-08-1.090000000000e-08
     3.888000000000e+05 1.000000000000e+00                                      
C01 2019 08 15 12 00 00 2.605392364790e-04 4.744116210990e-11 0.000000000000e+00
     1.000000000000e+00 1.453593750000e+02 1.375414434390e-09 2.424650016930e+00
     4.844274371860e-06 4.498779308050e-04 2.919044345620e-05 6.493350818630e+03
     3.888000000000e+05-1.159496605400e-07 2.205604269070e-01-6.286427378650e-08
     1.068679914120e-01-8.969531250000e+02 3.017726923390e+00-3.935878230840e-10
    -5.464513333200e-10 0.000000000000e+00 7.100000000000e+02 0.000000000000e+00
     2.000000000000e+00 0.000000000000e+00 1.420000028670e-08-1.040000000000e-08
     3.888000000000e+05 0.000000000000e+00                                      
C04 2019 08 15 12 00 00 1.331886742260e-04-1.869082666420e-11 0.000000000000e+00
     1.000000000000e+00 2.590156250000e+02 3.868018261340e-10 2.192452658940e+00
     8.424744009970e-06 4.189719911660e-04 2.948613837360e-05 6.493370510100e+03
     3.888000000000e+05-1.182779669760e-07 2.575410575850e-01-1.154839992520e-07
     8.868655440240e-02-9.092656250000e+02-2.722574198100e+00 6.918145311380e-10
    -5.364509167630e-10 0.000000000000e+00 7.100000000000e+02 0.000000000000e+00
     2.000000000000e+00 0.000000000000e+00 5.299999994430e-09-8.400000000000e-09
     3.888000000000e+05 0.000000000000e+00                                      
C12 2019 08 15 12 00 00-2.285997616127e-04-7.593925488436e-12 0.000000000000e+00
     1.000000000000e+00 1.084687500000e+02 3.639080148332e-09-3.063847016269e-01
     5.300622433424e-06 2.446615253575e-03 2.685002982616e-06 5.282610836029e+03
     3.888000000000e+05-8.475035429001e-08 1.187699461936e+00-5.448237061501e-08
     9.872396830441e-01 3.164531250000e+02-2.349236810846e+00-6.981005107320e-09
     2.317953745612e-10 0.000000000000e+00 7.100000000000e+02 0.000000000000e+00
     2.000000000000e+00 0.000000000000e+00 2.499999984806e-09-4.000000053406e-10
     3.888000000000e+05 0.000000000000e+00                                      
C03 2019 08 15 12 00 00-1.939822686836e-04 8.980638455114e-11 0.000000000000e+00
     1.000000000000e+00 1.800312500000e+02 9.889697949461e-10-2.937598572875e+00
     6.117857992649e-06 6.005327450112e-04 2.864748239517e-05 6.493390808105e+03
     3.888000000000e+05-5.401670932770e-08 2.652566601589e-01-2.700835466385e-08
     9.057582971544e-02-8.803437500000e+02 1.538187215717e+00-6.107397226840e-11
    -5.435940586551e-10 0.000000000000e+00 7.100000000000e+02 0.000000000000e+00
     2.000000000000e+00 0.000000000000e+00 1.899999935162e-09-8.099999782019e-09
     3.888004000000e+05 0.000000000000e+00                                      
C36 2019 08 15 12 00 00-7.018119795248e-04-4.960920563235e-11 0.000000000000e+00
     1.000000000000e+00-4.075000000000e+01 4.194817588133e-09 2.918448590470e+00
    -2.217479050159e-06 9.955969871953e-04 6.603542715311e-06 5.282616579056e+03
     3.888000000000e+05 4.377216100693e-08-9.011952142837e-01-1.024454832077e-08
     9.564990796945e-01 2.281718750000e+02-1.910753598328e+00-6.913859418568e-09
    -4.453756945425e-10 0.000000000000e+00 7.100000000000e+02 0.000000000000e+00
     2.000000000000e+00 0.000000000000e+00-2.210000000000e-08-2.210000000000e-08
     3.888000000000e+05 0.000000000000e+00                                      
C24 2019 08 15 12 00 00-9.332362096760e-04 1.414957040420e-11 0.000000000000e+00
     1.000000000000e+00-4.378125000000e+01 4.196603376800e-09-7.909291333500e-01
    -2.305023372170e-06 2.710402477530e-04 6.149522960190e-06 5.282612241750e+03
     3.888000000000e+05-5.122274160390e-09-8.980701082020e-01-4.051253199580e-08
     9.551245423480e-01 2.303281250000e+02-5.492984173070e-01-6.946360772380e-09
    -4.225175995540e-10 0.000000000000e+00 7.100000000000e+02 0.000000000000e+00
     2.000000000000e+00 0.000000000000e+00 1.170000007990e-08 1.170000000000e-08
     3.888000000000e+05 1.000000000000e+00                                      
C05 2019 08 15 13 00 00-2.232998376712e-04-5.380851320069e-11-2.574980159653e-19
     1.000000000000e+00 6.253437500000e+02-9.614686204559e-10-2.392090011625e+00
     2.064835280180e-05 5.411703605205e-04 1.450348645449e-05 6.493460290909e+03
     3.924000000000e+05 1.071020960808e-08 6.362048871386e-01 7.683411240578e-08
     9.234910586523e-02-4.449687500000e+02-2.092136407593e-02 2.103301896681e-09
    -4.014452932364e-10 0.000000000000e+00 7.100000000000e+02 0.000000000000e+00
     2.000000000000e+00 0.000000000000e+00-3.000000000000e-10-9.100000000000e-09
     3.924004000000e+05 0.000000000000e+00                                      
C06 2019 08 15 13 00 00 4.737556446344e-04-2.551558964115e-11 0.000000000000e+00
     1.000000000000e+00 1.485156250000e+02 1.062187101499e-09-2.551097582494e+00
     4.922039806843e-06 8.098224876449e-03 1.870701089501e-05 6.494026351929e+03
     3.924000000000e+05 6.472691893578e-08-2.326618499834e+00-3.306195139885e-08
     9.451208013093e-01-3.355000000000e+02-2.202838141142e+00-1.765430680131e-09
     1.143261907162e-09 0.000000000000e+00 7.100000000000e+02 0.000000000000e+00
     2.000000000000e+00 0.000000000000e+00 8.000000000000e-09-1.900000000000e-09
     3.924000000000e+05 0.000000000000e+00                                      
C09 2019 08 15 13 00 00-1.078209606931e-04 2.874589455359e-11 0.000000000000e+00
     1.000000000000e+00 1.588906250000e+02 1.117189392565e-09-2.779690877945e+00
     5.416106432676e-06 6.407809210941e-03 1.649232581258e-05 6.493361700058e+03
     3.924000000000e+05 5.448237061501e-08-2.284467550935e+00 4.656612873077e-10
     9.500113101158e-01-2.695156250000e+02-2.358364512651e+00-1.792931825664e-09
     1.128975597794e-09 0.000000000000e+00 7.100000000000e+02 0.000000000000e+00
     2.000000000000e+00 0.000000000000e+00 6.500000000000e-09 3.400000000000e-09
     3.924000000000e+05 0.000000000000e+00                                      
C11 2019 08 15 13 00 00 2.119421260431e-04-2.029132417647e-11 0.000000000000e+00
     1.000000000000e+00 1.063281250000e+02 3.626936790761e-09-1.061914864514e+00
     5.275011062622e-06 1.944167423062e-03 3.007240593433e-06 5.282614477158e+03
     3.924000000000e+05-3.399327397346e-08 1.198386591989e+00 4.610046744347e-08
     9.884457273378e-01 3.130000000000e+02-2.295026931667e+00-6.859214285236e-09
     3.082271246112e-10 0.000000000000e+00 7.100000000000e+02 0.000000000000e+00
     2.000000000000e+00 0.000000000000e+00 3.600000000000e-09 1.200000000000e-09
     3.924000000000e+05 1.000000000000e+00                                      
C14 2019 08 15 13 00 00 5.109483608976e-04-4.583888824072e-12 0.000000000000e+00
     2.200000000000e+01-7.203125000000e+01 3.406927626496e-09-3.032059915934e+00
    -3.455206751823e-06 2.025950117968e-03 1.169973984361e-05 5.282624662399e+03
     3.924000000000e+05-4.284083843231e-08-3.010730426973e+00 1.024454832077e-08
     9.599011117800e-01 1.248125000000e+02-1.962168565202e+00-6.415981537098e-09
     1.353627812603e-10 0.000000000000e+00 7.100000000000e+02 0.000000000000e+00
     2.000000000000e+00 0.000000000000e+00 5.800000000000e-09 6.000000000000e-10
     3.924000000000e+05 0.000000000000e+00                                      
C16 2019 08 15 13 00 00-8.775889873505e-04 2.300382107023e-12 0.000000000000e+00
     1.000000000000e+00 1.212812500000e+02 9.693260906082e-10-1.950312426089e+00
     4.136003553867e-06 2.281566616148e-03 1.887883991003e-05 6.493694606781e+03
     3.924000000000e+05 3.073364496231e-08-2.340612238752e+00-6.519258022308e-09
     9.606913040547e-01-3.324531250000e+02-2.833515854600e+00-1.720428805623e-09
     1.128975597794e-09 0.000000000000e+00 7.100000000000e+02 0.000000000000e+00
     2.000000000000e+00 0.000000000000e+00-2.900000000000e-09 4.400000000000e-09
     3.924000000000e+05 0.000000000000e+00                                      
C21 2019 08 15 13 00 00 3.599080955610e-04-1.661426551891e-11 0.000000000000e+00
     1.000000000000e+00-8.370312500000e+01 3.321209770289e-09 2.876472811381e+00
    -4.067551344633e-06 7.204846478999e-04 1.267390325665e-05 5.282635354996e+03
     3.924000000000e+05 2.188608050346e-08-3.010412553892e+00-5.587935447693e-08
     9.618972313149e-01 1.098125000000e+02-8.553073494071e-01-6.438125316619e-09
     8.071764792831e-11 0.000000000000e+00 7.100000000000e+02 0.000000000000e+00
     2.000000000000e+00 0.000000000000e+00 1.070000000000e-08 1.070000000000e-08
     3.924000000000e+05 1.000000000000e+00                                      
C27 2019 08 15 13 00 00 1.720488071442e-04 6.783018591250e-12 0.000000000000e+00
     1.000000000000e+00 9.848437500000e+01 4.107313943255e-09-4.968321272809e-02
     4.999339580536e-06 5.872993497178e-04 1.961831003428e-06 5.282614549637e+03
     3.924000000000e+05 5.122274160385e-08 1.203062025505e+00-3.306195139885e-08
     9.644734095717e-01 3.216406250000e+02 1.024212373002e+00-7.173513091328e-09
     2.239378993409e-10 0.000000000000e+00 7.100000000000e+02 0.000000000000e+00
     2.000000000000e+00 0.000000000000e+00-5.700000000000e-09-5.700000000000e-09
     3.924000000000e+05 1.000000000000e+00                                      
C28 2019 08 15 13 00 00 1.660918351263e-04 6.799005802804e-12 0.000000000000e+00
     1.000000000000e+00 9.767187500000e+01 4.099099315368e-09-1.274683349392e+00
     4.969537258148e-06 2.554594539106e-04 2.421438694000e-06 5.282617408752e+03
     3.924000000000e+05 4.284083843231e-08 1.202942314919e+00 9.126961231232e-08
     9.643701129261e-01 3.133750000000e+02 3.035840204507e+00-7.179584772810e-09
     2.950122884460e-10 0.000000000000e+00 7.100000000000e+02 0.000000000000e+00
     2.000000000000e+00 0.000000000000e+00-7.500000000000e-09-7.500000000000e-09
     3.924000000000e+05 1.000000000000e+00                                      
C23 2019 08 15 13 00 00-9.242860833180e-04-4.362732397570e-12 0.000000000000e+00
     1.000000000000e+00-4.195312500000e+01 4.169102231270e-09-2.876777449440e-01
    -2.097338438030e-06 4.398529417810e-04 6.370712071660e-06 5.282617906570e+03
     3.924000000000e+05-2.840533852580e-08-8.979187078840e-01 6.053596735000e-09
     9.551315643550e-01 2.312968750000e+02-2.145129832350e+00-6.932788778480e-09
    -3.921591921470e-10 0.000000000000e+00 7.100000000000e+02 0.000000000000e+00
     2.000000000000e+00 0.000000000000e+00 2.139999999430e-08 2.140000000000e-08
     3.924000000000e+05 1.000000000000e+00                                      
C25 2019 08 15 13 00 00-3.155140439050e-04-1.265387794550e-11 0.000000000000e+00
     1.000000000000e+00-4.442187500000e+01 4.184102856110e-09-1.368495287020e+00
    -2.376269549130e-06 2.291431883350e-04 5.892943590880e-06 5.282618062970e+03
     3.924000000000e+05-1.862645149230e-08-9.243016571710e-01-2.607703208920e-08
     9.561895803570e-01 2.379062500000e+02-2.841894811530e-01-6.949932349720e-09
    -3.893019302740e-10 0.000000000000e+00 7.100000000000e+02 0.000000000000e+00
     2.000000000000e+00 0.000000000000e+00-1.000000013350e-10-1.000000000000e-10
     3.924000000000e+05 1.000000000000e+00                                      
C20 2019 08 15 13 00 00 2.751185093080e-05-3.277378368690e-11 0.000000000000e+00
     1.000000000000e+00-6.840625000000e+01 3.304780514520e-09-1.223803595490e+00
    -3.308057785030e-06 8.295418228950e-04 1.272652298210e-05 5.282635217670e+03
     3.924000000000e+05-1.019798219200e-07-3.012490375940e+00 4.470348358150e-08
     9.626113328320e-01 1.048906250000e+02-6.958378709320e-01-6.445268471300e-09
     1.560779298440e-10 0.000000000000e+00 7.100000000000e+02 0.000000000000e+00
     2.000000000000e+00 0.000000000000e+00 1.509999947300e-08 1.510000000000e-08
     3.930000000000e+05 1.000000000000e+00                                      
C13 2019 08 15 13 00 00-9.138470049950e-04-2.667110976520e-11 0.000000000000e+00
     1.000000000000e+00-1.303906250000e+02 1.680784297130e-09-8.636217067960e-02
    -4.734843969350e-06 3.550874418580e-03-1.444341614840e-05 6.493272981640e+03
     3.924000000000e+05-1.857988536360e-07 1.826729773460e+00 4.842877388000e-08
     9.873936156730e-01 6.829062500000e+02-2.863091337330e+00-2.899049328470e-09
    -2.860833450910e-10 0.000000000000e+00 7.100000000000e+02 0.000000000000e+00
     2.000000000000e+00 0.000000000000e+00-8.699999831660e-09 2.700000000000e-09
     3.924000000000e+05 0.000000000000e+00                                      
C02 2019 08 15 13 00 00-3.000791184600e-05-2.393463205410e-11 0.000000000000e+00
     1.000000000000e+00 6.580312500000e+02-1.377200223060e-09-5.742955384460e-01
     2.163182944060e-05 3.027237253260e-04 1.828605309130e-05 6.493356325150e+03
     3.924000000000e+05-6.752088665960e-08 5.933528347500e-01 4.842877388000e-08
     8.445784779120e-02-5.653750000000e+02-1.352821916270e+00 2.359741149830e-09
    -4.764484174180e-10 0.000000000000e+00 7.100000000000e+02 0.000000000000e+00
     2.000000000000e+00 0.000000000000e+00 1.199999988270e-09-1.370000000000e-08
     3.946200000000e+05 0.000000000000e+00                                      
C26 2019 08 15 13 00 00 3.526606597010e-04 1.379696357160e-11 0.000000000000e+00
     1.000000000000e+00-4.575000000000e+01 4.178031174630e-09 2.008411411540e-02
    -2.182554453610e-06 4.893359728160e-04 6.088055670260e-06 5.282614986420e+03
     3.924000000000e+05 2.980232238770e-08-9.237604813490e-01-2.654269337650e-08
     9.562472441990e-01 2.351875000000e+02-1.127568993830e-01-6.961718554950e-09
    -4.185888644780e-10 0.000000000000e+00 7.100000000000e+02 0.000000000000e+00
     2.000000000000e+00 0.000000000000e+00-6.000000052350e-09-6.000000000000e-09
     3.950700000000e+05 1.000000000000e+00                                      
C22 2019 08 15 13 00 00 6.400747224690e-06-3.883560140140e-11 0.000000000000e+00
     1.000000000000e+00-7.837500000000e+01 3.400498787280e-09 3.070062212030e+00
    -3.961380571130e-06 6.878215353940e-04 1.276517286900e-05 5.282632989880e+03
     3.924000000000e+05 1.266598701480e-07-3.010501884060e+00 1.071020960810e-08
     9.619053826940e-01 1.045781250000e+02-2.669881787750e-01-6.468126566290e-09
     1.057186893220e-10 0.000000000000e+00 7.100000000000e+02 0.000000000000e+00
     2.000000000000e+00 0.000000000000e+00 1.250000014610e-08 1.250000000000e-08
     3.924000000000e+05 1.000000000000e+00                                      
C07 2019 08 15 13 00 00-6.723986007270e-05-2.392663844830e-11 0.000000000000e+00
     5.000000000000e+00-6.151562500000e+01 1.078259199540e-09 2.234248114360e+00
    -1.559499651190e-06 7.010892033580e-03 2.709589898590e-05 6.493916568760e+03
     3.924000000000e+05 1.257285475730e-08-2.993410217150e-01-1.541338860990e-07
     9.077171269080e-01-6.200781250000e+02-2.709174857420e+00-1.714357124140e-09
    -9.928985010650e-10 0.000000000000e+00 7.100000000000e+02 0.000000000000e+00
     2.000000000000e+00 0.000000000000e+00 1.470000032810e-08 7.000000000000e-10
     3.924000000000e+05 0.000000000000e+00                                      
C19 2019 08 15 13 00 00 1.731511438270e-04 9.287681734800e-12 0.000000000000e+00
     1.000000000000e+00-7.582812500000e+01 3.391212686190e-09-1.566870640260e+00
    -3.703404217960e-06 8.282349444930e-04 1.280056312680e-05 5.282630720140e+03
     3.924000000000e+05-2.980232238770e-08-3.013105546160e+00 8.754432201390e-08
     9.626103307330e-01 1.026250000000e+02-1.125172715000e+00-6.499556446900e-09
     1.478633019570e-10 0.000000000000e+00 7.100000000000e+02 0.000000000000e+00
     2.000000000000e+00 0.000000000000e+00 8.799999839940e-09 8.800000000000e-09
     3.924000000000e+05 1.000000000000e+00                                      
C10 2019 08 15 13 00 00-8.354312740270e-05-3.522604430370e-11 0.000000000000e+00
     5.000000000000e+00-1.086406250000e+02 1.017185226990e-09 1.789820103090e+00
    -3.112480044360e-06 6.385219166990e-03 2.536131069060e-05 6.493227010730e+03
     3.924000000000e+05 3.306195139880e-08-3.070795335870e-01-7.823109626770e-08
     9.091112380980e-01-5.661562500000e+02-2.622664162520e+00-1.785431513250e-09
    -1.025042697140e-09 0.000000000000e+00 7.100000000000e+02 0.000000000000e+00
     2.000000000000e+00 0.000000000000e+00 6.000000052350e-09 2.600000000000e-09
     3.924000000000e+05 0.000000000000e+00                                      
C29 2019 08 15 13 00 00 1.047176774590e-04 5.226929999940e-12 0.000000000000e+00
     1.000000000000e+00 1.187500000000e+02 4.081955744130e-09-2.367854747500e+00
     5.926005542280e-06 2.533155493440e-04 2.217944711450e-06 5.282617830280e+03
     3.924000000000e+05-2.654269337650e-08 1.165010863560e+00-2.095475792880e-08
     9.638115473970e-01 3.192187500000e+02 1.769225865050e+00-7.173870249060e-09
     3.625151002090e-10 0.000000000000e+00 7.100000000000e+02 0.000000000000e+00
     2.000000000000e+00 0.000000000000e+00-1.299999996540e-09-1.300000000000e-09
     3.924000000000e+05 1.000000000000e+00                                      
C08 2019 08 15 13 00 00 1.662615686660e-04-1.624478329630e-12 0.000000000000e+00
     1.000000000000e+00-1.605312500000e+02 1.536492572510e-09 2.318095237740e-01
    -5.510635674000e-06 4.312732373360e-03-1.321500167250e-05 6.492975530620e+03
     3.924000000000e+05-7.590278983120e-08 1.842977058680e+00-4.097819328310e-08
     1.026538728740e+00 6.510000000000e+02-2.812171230290e+00-2.834046620850e-09
    -3.225134339790e-10 0.000000000000e+00 7.100000000000e+02 0.000000000000e+00
     2.000000000000e+00 0.000000000000e+00 1.069999999710e-08-8.000000000000e-10
     3.924000000000e+05 0.000000000000e+00                                      
C30 2019 08 15 13 00 00 1.758923754100e-04 6.201261726350e-12 0.000000000000e+00
     1.000000000000e+00 1.122500000000e+02 4.044454182040e-09-6.869143837130e-02
     5.567446351050e-06 3.178010229020e-04 2.392102032900e-06 5.282613172530e+03
     3.924000000000e+05 2.607703208920e-08 1.165580616030e+00-2.793967723850e-08
     9.637471555950e-01 3.148593750000e+02 2.662936686570e-01-7.123153850810e-09
     2.896549224330e-10 0.000000000000e+00 7.100000000000e+02 0.000000000000e+00
     2.000000000000e+00 0.000000000000e+00-1.090000001370e-08-1.090000000000e-08
     3.924000000000e+05 1.000000000000e+00                                      
C01 2019 08 15 13 00 00 2.607094356790e-04 4.737366055000e-11 0.000000000000e+00
     1.000000000000e+00 5.392031250000e+02 1.910793877950e-10 2.689995746860e+00
     1.750234514470e-05 4.534524632620e-04 2.493010833860e-05 6.493341686250e+03
     3.924000000000e+05-1.699663698670e-07 4.305265546910e-01-4.423782229420e-08
     1.095413396140e-01-7.683750000000e+02 2.804706850250e+00 8.707505559700e-10
    -5.239503960660e-10 0.000000000000e+00 7.100000000000e+02 0.000000000000e+00
     2.000000000000e+00 0.000000000000e+00 1.420000028670e-08-1.040000000000e-08
     3.924000000000e+05 0.000000000000e+00                                      
C04 2019 08 15 13 00 00 1.331217354160e-04-1.864108867270e-11 0.000000000000e+00
     1.000000000000e+00 6.654375000000e+02-1.335769925890e-09 2.455558602780e+00
     2.158898860220e-05 4.192908527330e-04 2.195313572880e-05 6.493369541170e+03
     3.924000000000e+05-1.369044184680e-07 5.063572717440e-01-8.894130587580e-08
     9.264917084410e-02-6.775156250000e+02-2.971996932240e+00 2.428672592530e-09
    -4.900204113170e-10 0.000000000000e+00 7.100000000000e+02 0.000000000000e+00
     2.000000000000e+00 0.000000000000e+00 5.299999994430e-09-8.400000000000e-09
     3.924000000000e+05 0.000000000000e+00                                      
C03 2019 08 15 13 00 00-1.936589833349e-04 8.980016730220e-11 0.000000000000e+00
     1.000000000000e+00 5.643593750000e+02-4.521616969733e-10-2.674055029285e+00
     1.856079325080e-05 5.995247047395e-04 2.286303788424e-05 6.493393629074e+03
     3.924000000000e+05-8.754432201385e-08 5.085960689077e-01 4.470348358154e-08
     9.464936606887e-02-7.051093750000e+02 1.293779588576e+00 1.375414449001e-09
    -5.128785174335e-10 0.000000000000e+00 7.100000000000e+02 0.000000000000e+00
     2.000000000000e+00 0.000000000000e+00 1.899999935162e-09-8.099999782019e-09
     3.924004000000e+05 0.000000000000e+00                                      
C24 2019 08 15 13 00 00-9.331852197647e-04 1.415845218844e-11 0.000000000000e+00
     1.000000000000e+00-4.529687500000e+01 4.156601729477e-09-3.031276681298e-01
    -2.208165824413e-06 2.712224377319e-04 6.131827831268e-06 5.282612609863e+03
     3.924000000000e+05 1.490116119385e-08-8.980950290114e-01-2.980232238770e-08
     9.551229726370e-01 2.300312500000e+02-5.495280749644e-01-6.958503995236e-09
    -4.350181326274e-10 0.000000000000e+00 7.100000000000e+02 0.000000000000e+00
     2.000000000000e+00 0.000000000000e+00 1.170000007988e-08 1.170000007988e-08
     3.950700000000e+05 1.000000000000e+00                                      
C36 2019 08 15 13 00 00-7.019889308140e-04-4.939160191952e-11 0.000000000000e+00
     1.000000000000e+00-4.048437500000e+01 4.143386874409e-09-2.877207134815e+00
    -2.251937985420e-06 9.956655558199e-04 6.353948265314e-06 5.282616413116e+03
     3.924000000000e+05 5.029141902924e-08-9.012202155537e-01 1.722946763039e-08
     9.564974719476e-01 2.286250000000e+02-1.910712488867e+00-6.916002364973e-09
    -4.253748614275e-10 0.000000000000e+00 7.100000000000e+02 0.000000000000e+00
     2.000000000000e+00 0.000000000000e+00-2.210000000000e-08-2.210000000000e-08
     3.924000000000e+05 0.000000000000e+00                                      
C12 2019 08 15 13 00 00-2.286271192130e-04-7.593925488440e-12 0.000000000000e+00
     2.000000000000e+00 1.158750000000e+02 3.665152668320e-09 1.811291773060e-01
     5.759298801420e-06 2.447673468850e-03 2.826098352670e-06 5.282612932210e+03
     3.924000000000e+05 1.909211277960e-08 1.187673897440e+00-8.242204785350e-08
     9.872403355060e-01 3.143750000000e+02-2.349180269060e+00-7.034935890460e-09
     2.960837616490e-10 0.000000000000e+00 7.100000000000e+02 0.000000000000e+00
     2.000000000000e+00 0.000000000000e+00 2.499999984810e-09-4.000000000000e-10
     3.924000000000e+05 1.000000000000e+00                                      
C05 2019 08 15 14 00 00-2.234940184280e-04-5.380584866543e-11 0.000000000000e+00
     1.000000000000e+00 8.184531250000e+02-1.877935366403e-09-2.120268446606e+00
     2.677924931049e-05 5.387595156208e-04 4.122965037823e-06 6.493473684311e+03
     3.960000000000e+05 6.100162863731e-08 8.665388985719e-01 9.406358003616e-08
     9.869883156822e-02-1.305625000000e+02-2.606161786814e-01 2.930122051345e-09
    -3.485859485754e-10 0.000000000000e+00 7.100000000000e+02 0.000000000000e+00
     2.000000000000e+00 0.000000000000e+00-3.000000000000e-10-9.100000000000e-09
     3.960004000000e+05 0.000000000000e+00                                      
C06 2019 08 15 14 00 00 4.736632108688e-04-2.557865030894e-11 0.000000000000e+00
     1.000000000000e+00 1.413437500000e+02 1.063258574702e-09-2.288537589451e+00
     4.621688276529e-06 8.097509737127e-03 1.913821324706e-05 6.494029178619e+03
     3.960000000000e+05 9.406358003616e-08-2.326624708458e+00-3.771856427193e-08
     9.451249179608e-01-3.464687500000e+02-2.202954783989e+00-1.771859519347e-09
     1.133261490604e-09 0.000000000000e+00 7.100000000000e+02 0.000000000000e+00
     2.000000000000e+00 0.000000000000e+00 8.000000000000e-09-1.900000000000e-09
     3.960000000000e+05 0.000000000000e+00                                      
C09 2019 08 15 14 00 00-1.077167689800e-04 2.884803507186e-11 0.000000000000e+00
     1.000000000000e+00 1.617656250000e+02 1.103617398666e-09-2.516955650723e+00
     5.512963980436e-06 6.406284985133e-03 1.731887459755e-05 6.493366577148e+03
     3.960000000000e+05 5.448237061501e-08-2.284474002403e+00 1.862645149231e-09
     9.500153741022e-01-2.915781250000e+02-2.358575351330e+00-1.792931825664e-09
     1.128975597794e-09 0.000000000000e+00 7.100000000000e+02 0.000000000000e+00
     2.000000000000e+00 0.000000000000e+00 6.500000000000e-09 3.400000000000e-09
     3.960000000000e+05 0.000000000000e+00                                      
C11 2019 08 15 14 00 00 2.118691336364e-04-2.029132417647e-11 0.000000000000e+00
     2.000000000000e+00 1.070312500000e+02 3.643723204268e-09-5.743617106193e-01
     5.277805030346e-06 1.944202813320e-03 3.067776560783e-06 5.282614500046e+03
     3.960000000000e+05-8.055940270424e-08 1.198361786750e+00-1.862645149231e-09
     9.884465641269e-01 3.127500000000e+02-2.295010762033e+00-6.915645207239e-09
     3.214419607765e-10 0.000000000000e+00 7.100000000000e+02 0.000000000000e+00
     2.000000000000e+00 0.000000000000e+00 3.600000000000e-09 1.200000000000e-09
     3.960000000000e+05 2.000000000000e+00                                      
C14 2019 08 15 14 00 00 5.109333433211e-04-4.376943252282e-12 0.000000000000e+00
     1.000000000000e+00-7.750000000000e+01 3.383712373774e-09-2.543951852343e+00
    -3.756955265999e-06 2.024331013672e-03 1.243036240339e-05 5.282628477097e+03
     3.960000000000e+05-3.259629011154e-09-3.010753229477e+00-5.308538675308e-08
     9.599015579700e-01 1.117031250000e+02-1.962711310736e+00-6.428124900061e-09
     8.178912113090e-11 0.000000000000e+00 7.100000000000e+02 0.000000000000e+00
     2.000000000000e+00 0.000000000000e+00 5.800000000000e-09 6.000000000000e-10
     3.960000000000e+05 1.000000000000e+00                                      
C16 2019 08 15 14 00 00-8.775811875239e-04 2.243538688163e-12 0.000000000000e+00
     1.000000000000e+00 1.092656250000e+02 9.511110461642e-10-1.686941912062e+00
     3.703404217958e-06 2.281533204950e-03 1.952517777681e-05 6.493699489594e+03
     3.960000000000e+05 4.610046744347e-08-2.340618352287e+00-1.164153218269e-08
     9.606953695040e-01-3.508593750000e+02-2.834402924236e+00-1.723643225230e-09
     1.123261074047e-09 0.000000000000e+00 7.100000000000e+02 0.000000000000e+00
     2.000000000000e+00 0.000000000000e+00-2.900000000000e-09 4.400000000000e-09
     3.960000000000e+05 0.000000000000e+00                                      
C27 2019 08 15 14 00 00 1.720736036077e-04 6.833644761173e-12 0.000000000000e+00
     1.000000000000e+00 1.006093750000e+02 4.092670476153e-09 4.370685648829e-01
     5.118083208799e-06 5.883761914447e-04 2.419110387564e-06 5.282616855621e+03
     3.960000000000e+05 7.497146725655e-08 1.203035894862e+00 3.911554813385e-08
     9.644741966216e-01 3.133750000000e+02 1.025031658329e+00-7.180656246012e-09
     2.782258749387e-10 0.000000000000e+00 7.100000000000e+02 0.000000000000e+00
     2.000000000000e+00 0.000000000000e+00-5.700000000000e-09-5.700000000000e-09
     3.960000000000e+05 1.000000000000e+00                                      
C28 2019 08 15 14 00 00 1.661163987592e-04 6.815881192779e-12 0.000000000000e+00
     1.000000000000e+00 1.008593750000e+02 4.093384791621e-09-7.881457283588e-01
     5.072914063931e-06 2.551359357312e-04 2.433545887470e-06 5.282616609573e+03
     3.960000000000e+05-4.749745130539e-08 1.202916096501e+00 5.681067705154e-08
     9.643713681098e-01 3.134062500000e+02 3.036872831566e+00-7.128154059085e-09
     3.510860527148e-10 0.000000000000e+00 7.100000000000e+02 0.000000000000e+00
     2.000000000000e+00 0.000000000000e+00-7.500000000000e-09-7.500000000000e-09
     3.960000000000e+05 1.000000000000e+00                                      
C23 2019 08 15 14 00 00-9.243011008950e-04-4.277467269280e-12 0.000000000000e+00
     1.000000000000e+00-4.435937500000e+01 4.158030341510e-09 2.001008826620e-01
    -2.279412001370e-06 4.393808776510e-04 6.183981895450e-06 5.282616964340e+03
     3.960000000000e+05-4.330649971960e-08-8.979435950460e-01-2.328306436540e-09
     9.551301701940e-01 2.338125000000e+02-2.145338290870e+00-6.927431412470e-09
    -4.039453973760e-10 0.000000000000e+00 7.100000000000e+02 0.000000000000e+00
     2.000000000000e+00 0.000000000000e+00 2.139999999430e-08 2.140000000000e-08
     3.960000000000e+05 1.000000000000e+00                                      
C25 2019 08 15 14 00 00-3.155592130500e-04-1.259792270500e-11 0.000000000000e+00
     1.000000000000e+00-4.342187500000e+01 4.149101398160e-09-8.816740676180e-01
    -2.196524292230e-06 2.290105912830e-04 5.705282092090e-06 5.282617631910e+03
     3.960000000000e+05 1.862645149230e-09-9.243265809070e-01-3.445893526080e-08
     9.561881525490e-01 2.389687500000e+02-2.834405373160e-01-6.957432662140e-09
    -4.046597128440e-10 0.000000000000e+00 7.100000000000e+02 0.000000000000e+00
     2.000000000000e+00 0.000000000000e+00-1.000000013350e-10-1.000000000000e-10
     3.960000000000e+05 1.000000000000e+00                                      
C20 2019 08 15 14 00 00 2.739508636300e-05-3.263966874560e-11 0.000000000000e+00
     1.000000000000e+00-6.490625000000e+01 3.385498162440e-09-7.379097549600e-01
    -3.157649189230e-06 8.280759211630e-04 1.210439950230e-05 5.282631296160e+03
     3.960000000000e+05-6.379559636120e-08-3.012513090670e+00-6.705522537230e-08
     9.626118463160e-01 1.192812500000e+02-6.941696381520e-01-6.456697518800e-09
     7.036007363660e-11 0.000000000000e+00 7.100000000000e+02 0.000000000000e+00
     2.000000000000e+00 0.000000000000e+00 1.509999947300e-08 1.510000000000e-08
     3.960000000000e+05 1.000000000000e+00                                      
C26 2019 08 15 14 00 00 3.527107182890e-04 1.385203063360e-11 0.000000000000e+00
     1.000000000000e+00-4.435937500000e+01 4.148029924950e-09 5.073997881290e-01
    -2.141110599040e-06 4.895514575760e-04 6.053596735000e-06 5.282615461350e+03
     3.960000000000e+05 4.237517714500e-08-9.237854738420e-01-4.656612873080e-10
     9.562458441860e-01 2.364531250000e+02-1.125015601990e-01-6.937431829020e-09
    -4.260891768960e-10 0.000000000000e+00 7.100000000000e+02 0.000000000000e+00
     2.000000000000e+00 0.000000000000e+00-6.000000052350e-09-6.000000000000e-09
     3.960000000000e+05 1.000000000000e+00                                      
C24 2019 08 15 14 00 00-9.331365581600e-04 1.384847792000e-11 0.000000000000e+00
     1.000000000000e+00-4.557812500000e+01 4.131600669180e-09 1.844553000350e-01
    -2.142973244190e-06 2.712501445790e-04 6.201211363080e-06 5.282612649920e+03
     3.960000000000e+05 1.396983861920e-08-8.981200712430e-01-2.421438694000e-08
     9.551213882970e-01 2.301718750000e+02-5.495394374490e-01-6.962432870420e-09
    -4.368039089220e-10 0.000000000000e+00 7.100000000000e+02 0.000000000000e+00
     2.000000000000e+00 0.000000000000e+00 1.170000007990e-08 1.170000000000e-08
     3.966000000000e+05 1.000000000000e+00                                      
C02 2019 08 15 14 00 00-3.009347710760e-05-2.385824871000e-11 0.000000000000e+00
     1.000000000000e+00 8.712656250000e+02-2.561178111920e-09-3.089877580780e-01
     2.846168354150e-05 3.068594960500e-04 6.723683327440e-06 6.493366506580e+03
     3.960000000000e+05-2.281740307810e-08 8.476665092610e-01 7.636845111850e-08
     9.013147858930e-02-2.140468750000e+02-1.609887711270e+00 3.484430854820e-09
    -4.143029716670e-10 0.000000000000e+00 7.100000000000e+02 0.000000000000e+00
     2.000000000000e+00 0.000000000000e+00 1.199999988270e-09-1.370000000000e-08
     3.986700000000e+05 0.000000000000e+00                                      
C22 2019 08 15 14 00 00 6.261630915110e-06-3.876365894940e-11 0.000000000000e+00
     1.000000000000e+00-7.948437500000e+01 3.526932625190e-09-2.725753916370e+00
    -3.979541361330e-06 6.880204891790e-04 1.275865361090e-05 5.282632551190e+03
     3.960000000000e+05-3.492459654810e-08-3.010525358040e+00-1.029111444950e-07
     9.619049262640e-01 1.029375000000e+02-2.667940495460e-01-6.638847963240e-09
     1.346484657920e-10 0.000000000000e+00 7.100000000000e+02 0.000000000000e+00
     2.000000000000e+00 0.000000000000e+00 1.250000014610e-08 1.250000000000e-08
     3.960000000000e+05 1.000000000000e+00                                      
C07 2019 08 15 14 00 00-6.732554174960e-05-2.386446595890e-11 0.000000000000e+00
     1.000000000000e+00-5.850000000000e+01 1.085045196490e-09 2.496788679850e+00
    -1.459848135710e-06 7.011831155980e-03 2.753082662820e-05 6.493913928990e+03
     3.960000000000e+05 1.024454832080e-08-2.993471996180e-01-1.857988536360e-07
     9.077135720170e-01-6.318906250000e+02-2.709258799660e+00-1.711499862270e-09
    -9.886126082550e-10 0.000000000000e+00 7.100000000000e+02 0.000000000000e+00
     2.000000000000e+00 0.000000000000e+00 1.470000032810e-08 7.000000000000e-10
     3.960000000000e+05 0.000000000000e+00                                      
C19 2019 08 15 14 00 00 1.731871161610e-04 9.610978679580e-12 0.000000000000e+00
     1.000000000000e+00-6.734375000000e+01 3.362997225190e-09-1.078014591040e+00
    -3.293622285130e-06 8.286797674370e-04 1.285551115870e-05 5.282632982250e+03
     3.960000000000e+05-2.887099981310e-08-3.013128968940e+00 7.590278983120e-08
     9.626108617720e-01 1.017187500000e+02-1.126465048050e+00-6.504199497440e-09
     1.478633019570e-10 0.000000000000e+00 7.100000000000e+02 0.000000000000e+00
     2.000000000000e+00 0.000000000000e+00 8.799999839940e-09 8.800000000000e-09
     3.960000000000e+05 1.000000000000e+00                                      
C29 2019 08 15 14 00 00 1.047363039110e-04 5.200284647340e-12 0.000000000000e+00
     1.000000000000e+00 1.183750000000e+02 4.049811548050e-09-1.881076662230e+00
     5.927402526140e-06 2.533292863520e-04 2.348795533180e-06 5.282617443080e+03
     3.960000000000e+05 1.443549990650e-08 1.164985003560e+00-3.958120942120e-08
     9.638130498140e-01 3.177031250000e+02 1.770017644590e+00-7.134225740570e-09
     3.671581507540e-10 0.000000000000e+00 7.100000000000e+02 0.000000000000e+00
     2.000000000000e+00 0.000000000000e+00-1.299999996540e-09-1.300000000000e-09
     3.960000000000e+05 1.000000000000e+00                                      
C08 2019 08 15 14 00 00 1.662562135610e-04-1.564082197090e-12 0.000000000000e+00
     1.000000000000e+00-1.744375000000e+02 1.590423390380e-09 4.945677861050e-01
    -5.779322236780e-06 4.311629803850e-03-1.331511884930e-05 6.492972227100e+03
     3.960000000000e+05-2.095475792880e-08 1.842966651480e+00-5.774199962620e-08
     1.026537431130e+00 6.560781250000e+02-2.812357164250e+00-2.850118718880e-09
    -3.035840740670e-10 0.000000000000e+00 7.100000000000e+02 0.000000000000e+00
     2.000000000000e+00 0.000000000000e+00 1.069999999710e-08-8.000000000000e-10
     3.960000000000e+05 0.000000000000e+00                                      
C01 2019 08 15 14 00 00 2.608809154480e-04 4.748557103080e-11 0.000000000000e+00
     1.000000000000e+00 8.194375000000e+02-9.214669542260e-10 2.952880654010e+00
     2.652779221530e-05 4.550071898850e-04 1.590279862280e-05 6.493337926860e+03
     3.960000000000e+05-1.857988536360e-07 6.375593781190e-01-3.259629011150e-09
     1.109805847530e-01-4.907187500000e+02 2.597053056130e+00 2.020798460080e-09
    -4.764484174180e-10 0.000000000000e+00 7.100000000000e+02 0.000000000000e+00
     2.000000000000e+00 0.000000000000e+00 1.420000028670e-08-1.040000000000e-08
     3.960000000000e+05 0.000000000000e+00                                      
C04 2019 08 15 14 00 00 1.330540981140e-04-1.872013655200e-11 0.000000000000e+00
     1.000000000000e+00 8.830312500000e+02-2.605465670960e-09 2.716130547200e+00
     2.868985757230e-05 4.166588187220e-04 8.851755410430e-06 6.493376205440e+03
     3.960000000000e+05-1.392327249050e-07 7.459502014200e-01-1.350417733190e-08
     9.619451331050e-02-2.716250000000e+02 3.073477707350e+00 3.654080778560e-09
    -4.171602335410e-10 0.000000000000e+00 7.100000000000e+02 0.000000000000e+00
     2.000000000000e+00 0.000000000000e+00 5.299999994430e-09-8.400000000000e-09
     3.960000000000e+05 0.000000000000e+00                                      
C10 2019 08 15 14 00 00-8.367071859540e-05-3.532818482200e-11 0.000000000000e+00
     6.000000000000e+00-8.662500000000e+01 1.045757845730e-09 2.052701608950e+00
    -2.371612936260e-06 6.386798922900e-03 2.600299194460e-05 6.493220550540e+03
     3.960000000000e+05 8.847564458850e-09-3.070860304060e-01-1.103617250920e-07
     9.091076173760e-01-5.856718750000e+02-2.623005992350e+00-1.776145412160e-09
    -1.017185226990e-09 0.000000000000e+00 7.100000000000e+02 0.000000000000e+00
     2.000000000000e+00 0.000000000000e+00 6.000000052350e-09 2.600000000000e-09
     3.960300000000e+05 0.000000000000e+00                                      
C21 2019 08 15 14 00 00 3.598490729930e-04-1.651923042800e-11 0.000000000000e+00
     1.000000000000e+00-8.462500000000e+01 3.414785096650e-09-2.919287487680e+00
    -4.271510988470e-06 7.203761488200e-04 1.269718632100e-05 5.282635541920e+03
     3.960000000000e+05 4.563480615620e-08-3.010435267160e+00 7.916241884230e-08
     9.618971230590e-01 1.082187500000e+02-8.551704626990e-01-6.536700851260e-09
     2.714398779890e-11 0.000000000000e+00 7.100000000000e+02 0.000000000000e+00
     2.000000000000e+00 0.000000000000e+00 1.069999999710e-08 1.070000000000e-08
     3.962100000000e+05 1.000000000000e+00                                      
C12 2019 08 15 14 00 00-2.286534290760e-04-7.482015007550e-12 4.743384504620e-19
     3.000000000000e+00 1.159531250000e+02 3.716583382040e-09 6.688006022750e-01
     5.798414349560e-06 2.447431324980e-03 2.837274223570e-06 5.282612268450e+03
     3.960000000000e+05 5.727633833890e-08 1.187648230540e+00-6.984919309620e-09
     9.872413931950e-01 3.171406250000e+02-2.349281791190e+00-7.046722095690e-09
     3.560862609930e-10 0.000000000000e+00 7.100000000000e+02 0.000000000000e+00
     2.000000000000e+00 0.000000000000e+00 2.499999984810e-09-4.000000000000e-10
     3.972000000000e+05 2.000000000000e+00                                      
C13 2019 08 15 14 00 00-9.139430476353e-04-2.666222798098e-11 0.000000000000e+00
     1.000000000000e+00-1.291250000000e+02 1.719000164435e-09 1.761678676531e-01
    -4.576984792948e-06 3.550989320502e-03-1.452118158340e-05 6.493273252487e+03
     3.960000000000e+05-1.708976924419e-07 1.826719085382e+00-4.796311259270e-08
     9.873922259009e-01 6.836406250000e+02-2.863084325560e+00-2.939051002571e-09
    -2.642967233957e-10 0.000000000000e+00 7.100000000000e+02 0.000000000000e+00
     2.000000000000e+00 0.000000000000e+00-8.699999831663e-09 2.700000001354e-09
     3.960000000000e+05 0.000000000000e+00                                      
C03 2019 08 15 14 00 00-1.933354651555e-04 8.983125354689e-11 0.000000000000e+00
     1.000000000000e+00 8.402031250000e+02-1.632210810953e-09-2.414704134302e+00
     2.738833427429e-05 6.011296063662e-04 1.144176349044e-05 6.493387639999e+03
     3.960000000000e+05-1.019798219204e-07 7.431988884625e-01 1.206062734127e-07
     9.818759143873e-02-3.533437500000e+02 1.062252763480e+00 2.614751748453e-09
    -4.418041210652e-10 0.000000000000e+00 7.100000000000e+02 0.000000000000e+00
     2.000000000000e+00 0.000000000000e+00 1.899999935162e-09-8.099999782019e-09
     3.960004000000e+05 0.000000000000e+00                                      
C30 2019 08 15 14 00 00 1.759155420586e-04 6.320277634586e-12 0.000000000000e+00
     1.000000000000e+00 1.056093750000e+02 4.071598169835e-09 4.199554428184e-01
     5.265232175589e-06 3.169184783474e-04 2.487096935511e-06 5.282611337662e+03
     3.960000000000e+05 2.607703208923e-08 1.165555009107e+00-1.769512891769e-08
     9.637482249877e-01 3.127500000000e+02 2.652178972186e-01-7.116010696123e-09
     2.860833450911e-10 0.000000000000e+00 7.100000000000e+02 0.000000000000e+00
     2.000000000000e+00 0.000000000000e+00-1.090000000000e-08-1.090000000000e-08
     3.960000000000e+05 0.000000000000e+00                                      
C35 2019 08 15 14 00 00-2.375406911597e-04-4.028688493918e-11 0.000000000000e+00
     1.000000000000e+00 1.215781250000e+02 4.186245802512e-09-9.643969165111e-01
     6.050802767277e-06 5.374575266615e-04 2.316664904356e-06 5.282615737915e+03
     3.960000000000e+05-1.257285475731e-08 1.169322315745e+00 1.396983861923e-09
     9.618990336300e-01 3.161093750000e+02 7.459414751137e-02-7.231372644268e-09
     4.035882396416e-10 0.000000000000e+00 7.100000000000e+02 0.000000000000e+00
     2.000000000000e+00 0.000000000000e+00-4.300000000000e-09-4.300000000000e-09
     3.973500000000e+05 0.000000000000e+00                                      
C36 2019 08 15 14 00 00-7.021683268249e-04-4.959943566973e-11 0.000000000000e+00
     1.000000000000e+00-3.829687500000e+01 4.109099731926e-09-2.389929585909e+00
    -2.024229615927e-06 9.959880262613e-04 6.124377250671e-06 5.282615556717e+03
     3.960000000000e+05 2.933666110039e-08-9.012452051203e-01 2.700835466385e-08
     9.564959636790e-01 2.307656250000e+02-1.910419456136e+00-6.908144894821e-09
    -4.100170788571e-10 0.000000000000e+00 7.100000000000e+02 0.000000000000e+00
     2.000000000000e+00 0.000000000000e+00-2.210000000000e-08-2.210000000000e-08
     3.960000000000e+05 0.000000000000e+00                                      
C05 2019 08 15 15 00 00-2.236875006929e-04-5.378186784810e-11 0.000000000000e+00
     1.000000000000e+00 8.528281250000e+02-2.612251667910e-09-1.848082882699e+00
     2.776645123959e-05 5.378128262237e-04-7.183291018009e-06 6.493486425400e+03
     3.996000000000e+05 7.962808012962e-08 1.085540413641e+00 9.313225746155e-08
     1.042056502065e-01 2.152343750000e+02-4.894215387373e-01 3.587649440000e-09
    -2.889406069646e-10 0.000000000000e+00 7.100000000000e+02 0.000000000000e+00
     2.000000000000e+00 0.000000000000e+00-3.000000000000e-10-9.100000000000e-09
     3.996004000000e+05 0.000000000000e+00                                      
C06 2019 08 15 15 00 00 4.735718248412e-04-2.549427335907e-11 0.000000000000e+00
     1.000000000000e+00 1.494687500000e+02 1.101117294527e-09-2.026189293820e+00
     4.748348146677e-06 8.097760146484e-03 1.910049468279e-05 6.494027240753e+03
     3.996000000000e+05 1.275911927223e-07-2.326630911231e+00-2.281740307808e-08
     9.451289570776e-01-3.435625000000e+02-2.202860368719e+00-1.782574251373e-09
     1.122189600844e-09 0.000000000000e+00 7.100000000000e+02 0.000000000000e+00
     2.000000000000e+00 0.000000000000e+00 8.000000000000e-09-1.900000000000e-09
     3.997500000000e+05 0.000000000000e+00                                      
C09 2019 08 15 15 00 00-1.076136250049e-04 2.874855908885e-11 0.000000000000e+00
     1.000000000000e+00 1.555468750000e+02 1.102188767729e-09-2.254231929351e+00
     5.249865353107e-06 6.405421067029e-03 1.795357093215e-05 6.493370283127e+03
     3.996000000000e+05 6.658956408501e-08-2.284480409984e+00 4.656612873077e-10
     9.500194439403e-01-3.073281250000e+02-2.358775446340e+00-1.795431929804e-09
     1.126118335920e-09 0.000000000000e+00 7.100000000000e+02 0.000000000000e+00
     2.000000000000e+00 0.000000000000e+00 6.500000000000e-09 3.400000000000e-09
     3.996000000000e+05 0.000000000000e+00                                      
C14 2019 08 15 15 00 00 5.109237972647e-04-3.661959624424e-12 0.000000000000e+00
     1.000000000000e+00-8.728125000000e+01 3.404427522357e-09-2.055793509720e+00
    -4.360452294350e-06 2.023583510891e-03 1.261569559574e-05 5.282631198883e+03
     3.996000000000e+05 8.242204785347e-08-3.010775991019e+00-3.259629011154e-09
     9.599016574484e-01 1.083906250000e+02-1.963305504172e+00-6.483841506596e-09
     2.750114553310e-11 0.000000000000e+00 7.100000000000e+02 0.000000000000e+00
     2.000000000000e+00 0.000000000000e+00 5.800000000000e-09 6.000000000000e-10
     3.996000000000e+05 0.000000000000e+00                                      
C16 2019 08 15 15 00 00-8.775731548667e-04 2.238209617644e-12 0.000000000000e+00
     1.000000000000e+00 1.098906250000e+02 9.721833524817e-10-1.424472526313e+00
     3.615859895945e-06 2.281492459588e-03 1.958524808288e-05 6.493699398041e+03
     3.996000000000e+05 7.310882210732e-08-2.340624421934e+00-2.793967723846e-09
     9.606993822883e-01-3.513125000000e+02-2.834389886710e+00-1.731500695383e-09
     1.114332130692e-09 0.000000000000e+00 7.100000000000e+02 0.000000000000e+00
     2.000000000000e+00 0.000000000000e+00-2.900000000000e-09 4.400000000000e-09
     3.996000000000e+05 0.000000000000e+00                                      
C24 2019 08 15 15 00 00-9.330846369267e-04 1.419042661155e-11 0.000000000000e+00
     1.000000000000e+00-4.543750000000e+01 4.106242470052e-09 6.719422305539e-01
    -2.147164195776e-06 2.712727291510e-04 6.251037120819e-06 5.282612716675e+03
     3.996000000000e+05 3.213062882423e-08-8.981451207894e-01-1.676380634308e-08
     9.551199019720e-01 2.304062500000e+02-5.494548471370e-01-6.944932141443e-09
    -4.385896975928e-10 0.000000000000e+00 7.100000000000e+02 0.000000000000e+00
     2.000000000000e+00 0.000000000000e+00 1.170000000000e-08 1.170000000000e-08
     3.999000000000e+05 1.000000000000e+00                                      
C25 2019 08 15 15 00 00-3.156043821946e-04-1.256683646034e-11 0.000000000000e+00
     1.000000000000e+00-4.185937500000e+01 4.128743407307e-09-3.944980700967e-01
    -1.980457454920e-06 2.287912648171e-04 5.745328962803e-06 5.282617162704e+03
     3.996000000000e+05 1.257285475731e-08-9.243515646215e-01-1.862645149231e-08
     9.561866428174e-01 2.385937500000e+02-2.830463701317e-01-6.969576025102e-09
    -4.135886561991e-10 0.000000000000e+00 7.100000000000e+02 0.000000000000e+00
     2.000000000000e+00 0.000000000000e+00-1.000000000000e-10-1.000000000000e-10
     4.017300000000e+05 1.000000000000e+00                                      
C26 2019 08 15 15 00 00 3.527612425387e-04 1.393285486984e-11 0.000000000000e+00
     1.000000000000e+00-4.087500000000e+01 4.111242678331e-09 9.941629150587e-01
    -2.025626599789e-06 4.898250335827e-04 6.069894880056e-06 5.282616403580e+03
     3.996000000000e+05 1.536682248116e-08-9.238103171164e-01 1.816079020500e-08
     9.562443754165e-01 2.359531250000e+02-1.116939782168e-01-6.918145311378e-09
    -4.443042213399e-10 0.000000000000e+00 7.100000000000e+02 0.000000000000e+00
     2.000000000000e+00 0.000000000000e+00-6.000000000000e-09-6.000000000000e-09
     3.997800000000e+05 1.000000000000e+00                                      
C27 2019 08 15 15 00 00 1.720982836559e-04 6.851408329567e-12 0.000000000000e+00
     1.000000000000e+00 9.821875000000e+01 4.069098065696e-09 9.238582291464e-01
     4.968605935574e-06 5.887988954782e-04 2.640765160322e-06 5.282618080139e+03
     3.996000000000e+05-1.210719347000e-08 1.203009645723e+00 8.521601557732e-08
     9.644752981989e-01 3.095156250000e+02 1.025812362117e+00-7.149940680871e-09
     3.450143712334e-10 0.000000000000e+00 7.100000000000e+02 0.000000000000e+00
     2.000000000000e+00 0.000000000000e+00-5.700000000000e-09-5.700000000000e-09
     3.996000000000e+05 1.000000000000e+00                                      
C28 2019 08 15 15 00 00 1.661399146542e-04 6.694200749280e-12 0.000000000000e+00
     1.000000000000e+00 1.077812500000e+02 4.103742365913e-09-3.021299404447e-01
     5.413778126240e-06 2.539270790294e-04 2.742279320955e-06 5.282614122391e+03
     3.996000000000e+05-4.051253199577e-08 1.202890322810e+00 9.313225746155e-09
     9.643728105470e-01 3.072031250000e+02 3.038427426333e+00-7.089938181526e-09
     3.668009930194e-10 0.000000000000e+00 7.100000000000e+02 0.000000000000e+00
     2.000000000000e+00 0.000000000000e+00-7.500000000000e-09-7.500000000000e-09
     3.996000000000e+05 1.000000000000e+00                                      
C11 2019 08 15 15 00 00 2.117865951730e-04-2.102673590800e-11-1.084202172490e-19
     3.000000000000e+00 1.144843750000e+02 3.628365421700e-09-8.673706245540e-02
     5.579087883230e-06 1.945218886250e-03 3.044493496420e-06 5.282616500850e+03
     3.996000000000e+05-3.352761268620e-08 1.198336607000e+00-6.239861249920e-08
     9.884475311160e-01 3.134062500000e+02-2.295066026690e+00-6.964932974560e-09
     3.593006806010e-10 0.000000000000e+00 7.100000000000e+02 0.000000000000e+00
     2.000000000000e+00 0.000000000000e+00 3.600000075820e-09 1.200000000000e-09
     3.996000000000e+05 3.000000000000e+00                                      
C23 2019 08 15 15 00 00-9.243180975320e-04-4.459543845310e-12 0.000000000000e+00
     1.000000000000e+00-4.406250000000e+01 4.140886770270e-09 6.880515231020e-01
    -2.243090420960e-06 4.391619004310e-04 5.978159606460e-06 5.282616418840e+03
     3.996000000000e+05-3.026798367500e-08-8.979683520090e-01-4.377216100690e-08
     9.551287014240e-01 2.357343750000e+02-2.145718599830e+00-6.931717305280e-09
    -4.357324357190e-10 0.000000000000e+00 7.100000000000e+02 0.000000000000e+00
     2.000000000000e+00 0.000000000000e+00 2.139999999430e-08 2.140000000000e-08
     3.996000000000e+05 1.000000000000e+00                                      
C20 2019 08 15 15 00 00 2.727773971860e-05-3.261124703610e-11 0.000000000000e+00
     1.000000000000e+00-6.056250000000e+01 3.455501078350e-09-2.506552704210e-01
    -3.043562173840e-06 8.274414576590e-04 1.200707629320e-05 5.282629974370e+03
     3.996000000000e+05 2.887099981310e-08-3.012535967780e+00-4.749745130540e-08
     9.626119297020e-01 1.221250000000e+02-6.938605279500e-01-6.503128024240e-09
     1.357199389950e-11 0.000000000000e+00 7.100000000000e+02 0.000000000000e+00
     2.000000000000e+00 0.000000000000e+00 1.509999947300e-08 1.510000000000e-08
     3.997800000000e+05 1.000000000000e+00                                      
C19 2019 08 15 15 00 00 1.732190139590e-04 9.329426120530e-12 0.000000000000e+00
     1.000000000000e+00-6.981250000000e+01 3.405141837830e-09-5.913585658060e-01
    -3.401655703780e-06 8.274948922920e-04 1.241313293580e-05 5.282630250930e+03
     3.996000000000e+05-7.124617695810e-08-3.013152033310e+00 2.793967723850e-09
     9.626114191440e-01 1.117656250000e+02-1.125558192450e+00-6.491341819010e-09
     8.714648714380e-11 0.000000000000e+00 7.100000000000e+02 0.000000000000e+00
     2.000000000000e+00 0.000000000000e+00 8.799999839940e-09 8.800000000000e-09
     4.016400000000e+05 1.000000000000e+00                                      
C02 2019 08 15 15 00 00-3.017880953850e-05-2.377653629540e-11 0.000000000000e+00
     1.000000000000e+00 8.750468750000e+02-3.287636943270e-09-4.637859050590e-02
     2.846773713830e-05 3.073562402280e-04-7.004477083680e-06 6.493367702480e+03
     3.996000000000e+05 4.330649971960e-08 1.087720590210e+00 8.987262845040e-08
     9.545826760290e-02 2.083750000000e+02-1.850062747750e+00 4.215175578980e-09
    -3.200133298400e-10 0.000000000000e+00 7.100000000000e+02 0.000000000000e+00
     2.000000000000e+00 0.000000000000e+00 1.199999988270e-09-1.370000000000e-08
     4.006500000000e+05 0.000000000000e+00                                      
C30 2019 08 15 15 00 00 1.759383594620e-04 6.322942169850e-12 0.000000000000e+00
     1.000000000000e+00 1.077656250000e+02 4.060883437810e-09 9.062644404770e-01
     5.363021045920e-06 3.171890275550e-04 2.612825483080e-06 5.282612274170e+03
     3.996000000000e+05 5.215406417850e-08 1.165529276380e+00-3.259629011150e-09
     9.637492241610e-01 3.099218750000e+02 2.664806851790e-01-7.124939639480e-09
     3.057270204720e-10 0.000000000000e+00 7.100000000000e+02 0.000000000000e+00
     2.000000000000e+00 0.000000000000e+00-1.090000001370e-08-1.090000000000e-08
     4.011600000000e+05 1.000000000000e+00                                      
C07 2019 08 15 15 00 00-6.741040851920e-05-2.373923280170e-11 0.000000000000e+00
     1.000000000000e+00-4.943750000000e+01 1.048615107600e-09 2.759195909140e+00
    -1.222360879180e-06 7.010015193370e-03 2.706842496990e-05 6.493918384550e+03
     3.996000000000e+05-1.396983861920e-08-2.993533702070e-01-1.890584826470e-07
     9.077099103330e-01-6.143906250000e+02-2.709208454800e+00-1.722928909760e-09
    -9.882554505210e-10 0.000000000000e+00 7.100000000000e+02 0.000000000000e+00
     2.000000000000e+00 0.000000000000e+00 1.470000032810e-08 7.000000000000e-10
     4.024800000000e+05 0.000000000000e+00                                      
C10 2019 08 15 15 00 00-8.379819337280e-05-3.538147552720e-11 0.000000000000e+00
     1.000000000000e+00-7.459375000000e+01 1.073973306730e-09 2.315547230900e+00
    -2.007465809580e-06 6.389074143950e-03 2.692593261600e-05 6.493213380810e+03
     3.996000000000e+05 5.820766091350e-08-3.070925842790e-01-1.783482730390e-07
     9.091042789970e-01-6.162343750000e+02-2.623310965420e+00-1.737929534600e-09
    -1.007184810430e-09 0.000000000000e+00 7.100000000000e+02 0.000000000000e+00
     2.000000000000e+00 0.000000000000e+00 6.000000052350e-09 2.600000000000e-09
     4.030800000000e+05 0.000000000000e+00                                      
C22 2019 08 15 15 00 00 6.122747436170e-06-3.869260467580e-11 0.000000000000e+00
     1.000000000000e+00-7.212500000000e+01 3.459072655690e-09-2.236960480050e+00
    -3.564637154340e-06 6.874901009720e-04 1.268880441780e-05 5.282634487150e+03
     3.996000000000e+05-1.862645149230e-08-3.010548801300e+00 3.445893526080e-08
     9.619057835340e-01 1.035312500000e+02-2.680237477620e-01-6.540629586330e-09
     9.357532635940e-11 0.000000000000e+00 7.100000000000e+02 0.000000000000e+00
     2.000000000000e+00 0.000000000000e+00 1.250000014610e-08 1.250000000000e-08
     3.996000000000e+05 1.000000000000e+00                                      
C12 2019 08 15 15 00 00-2.286803210150e-04-7.479350472290e-12 4.743384504620e-19
     4.000000000000e+00 1.193906250000e+02 3.743013054370e-09 1.156636087660e+00
     5.911104381080e-06 2.447117934930e-03 2.704560756680e-06 5.282610872270e+03
     3.996000000000e+05-1.164153218270e-08 1.187622566570e+00 1.909211277960e-08
     9.872427420060e-01 3.212968750000e+02-2.349546933390e+00-7.021721054300e-09
     4.046597128440e-10 0.000000000000e+00 7.100000000000e+02 0.000000000000e+00
     2.000000000000e+00 0.000000000000e+00 2.499999984810e-09-4.000000000000e-10
     3.996000000000e+05 3.000000000000e+00                                      
C29 2019 08 15 15 00 00 1.047545811160e-04 5.141664871640e-12 0.000000000000e+00
     1.000000000000e+00 1.119218750000e+02 4.056240387260e-09-1.398642880440e+00
     5.579553544520e-06 2.531083300710e-04 2.736691385510e-06 5.282614873890e+03
     3.996000000000e+05 3.352761268620e-08 1.164959405420e+00-8.847564458850e-09
     9.638145127320e-01 3.105781250000e+02 1.775153726140e+00-7.103867333160e-09
     3.589435228670e-10 0.000000000000e+00 7.100000000000e+02 0.000000000000e+00
     2.000000000000e+00 0.000000000000e+00-1.299999996540e-09-1.300000000000e-09
     3.996000000000e+05 1.000000000000e+00                                      
C21 2019 08 15 15 00 00 3.597888862710e-04-1.660627191310e-11 0.000000000000e+00
     1.000000000000e+00-8.195312500000e+01 3.425856986410e-09-2.432092167930e+00
    -4.210975021120e-06 7.208477472890e-04 1.270929351450e-05 5.282634515760e+03
     3.996000000000e+05 1.122243702410e-07-3.010458880120e+00 2.607703208920e-08
     9.618975853410e-01 1.048906250000e+02-8.548029703630e-01-6.463126358010e-09
     4.035882396420e-11 0.000000000000e+00 7.100000000000e+02 0.000000000000e+00
     2.000000000000e+00 0.000000000000e+00 1.069999999710e-08 1.070000000000e-08
     3.996000000000e+05 1.000000000000e+00                                      
C01 2019 08 15 15 00 00 2.610515803100e-04 4.745093207250e-11 0.000000000000e+00
     1.000000000000e+00 9.268125000000e+02-1.924723029580e-09-3.066732813820e+00
     3.005936741830e-05 4.528976278380e-04 3.597233444450e-06 6.493343133930e+03
     3.996000000000e+05-1.643784344200e-07 8.435019457560e-01 6.053596735000e-08
     1.111357886570e-01-1.095937500000e+02 2.389792163770e+00 2.990838866160e-09
    -4.100170788570e-10 0.000000000000e+00 7.100000000000e+02 0.000000000000e+00
     2.000000000000e+00 0.000000000000e+00 1.420000028670e-08-1.040000000000e-08
     3.996000000000e+05 0.000000000000e+00                                      
C04 2019 08 15 15 00 00 1.329863443970e-04-1.876188093770e-11 0.000000000000e+00
     1.000000000000e+00 8.857812500000e+02-3.511932000350e-09 2.978184721690e+00
     2.887612208720e-05 4.130450543020e-04-5.848240107300e-06 6.493385005950e+03
     3.996000000000e+05-1.057051122190e-07 9.784163662150e-01 6.193295121190e-08
     9.913631136810e-02 1.838281250000e+02 2.841369464480e+00 4.496258715790e-09
    -3.221562762450e-10 0.000000000000e+00 7.100000000000e+02 0.000000000000e+00
     2.000000000000e+00 0.000000000000e+00 5.299999994430e-09-8.400000000000e-09
     3.996300000000e+05 0.000000000000e+00                                      
C08 2019 08 15 15 00 00 1.662505092100e-04-1.564082197090e-12 0.000000000000e+00
     2.000000000000e+00-1.797343750000e+02 1.626496321530e-09 7.572694978740e-01
    -5.858484655620e-06 4.311163909730e-03-1.340173184870e-05 6.492970479970e+03
     3.996000000000e+05 4.982575774190e-08 1.842956073120e+00-1.722946763040e-08
     1.026536205200e+00 6.619843750000e+02-2.812485753290e+00-2.863690712780e-09
    -2.721541934570e-10 0.000000000000e+00 7.100000000000e+02 0.000000000000e+00
     2.000000000000e+00 0.000000000000e+00 1.069999999710e-08-8.000000000000e-10
     3.996600000000e+05 1.000000000000e+00                                      
C13 2019 08 15 15 00 00-9.140385081992e-04-2.660005549160e-11 0.000000000000e+00
     1.000000000000e+00-1.381718750000e+02 1.759358991826e-09 4.388286689183e-01
    -4.773028194904e-06 3.550278954208e-03-1.454120501876e-05 6.493271224976e+03
     3.996000000000e+05-1.005828380585e-07 1.826708208586e+00-9.778887033463e-08
     9.873910321598e-01 6.844843750000e+02-2.863208062097e+00-2.967266432563e-09
    -2.382242181298e-10 0.000000000000e+00 7.100000000000e+02 0.000000000000e+00
     2.000000000000e+00 0.000000000000e+00-8.699999831663e-09 2.700000001354e-09
     3.996000000000e+05 0.000000000000e+00                                      
C03 2019 08 15 15 00 00-1.930114813149e-04 8.990852506940e-11 0.000000000000e+00
     1.000000000000e+00 9.372968750000e+02-2.524747966248e-09-2.157687744972e+00
     3.041559830308e-05 6.027910858393e-04-2.645421773195e-06 6.493378726959e+03
     3.996000000000e+05-6.984919309616e-08 9.712537744697e-01 1.727603375912e-07
     1.010155817844e-01 8.265625000000e+01 8.395680317670e-01 3.585149288554e-09
    -3.478716203986e-10 0.000000000000e+00 7.100000000000e+02 0.000000000000e+00
     2.000000000000e+00 0.000000000000e+00 1.899999935162e-09-8.099999782019e-09
     3.996004000000e+05 0.000000000000e+00                                      
C35 2019 08 15 15 00 00-2.376856282353e-04-4.028688493918e-11 0.000000000000e+00
     1.000000000000e+00 1.186406250000e+02 4.131243511446e-09-4.763595147887e-01
     5.973968654871e-06 5.378737114370e-04 2.270098775625e-06 5.282616674423e+03
     3.996000000000e+05 0.000000000000e+00 1.169296177788e+00-4.004687070847e-08
     9.619006516174e-01 3.182656250000e+02 7.412763025048e-02-7.195299713114e-09
     4.168030758068e-10 0.000000000000e+00 7.100000000000e+02 0.000000000000e+00
     2.000000000000e+00 0.000000000000e+00-4.300000000000e-09-4.300000000000e-09
     3.996000000000e+05 0.000000000000e+00                                      
C36 2019 08 15 15 00 00-7.023485377431e-04-4.979749945733e-11 0.000000000000e+00
     1.000000000000e+00-3.809375000000e+01 4.074098273975e-09-1.902388685416e+00
    -1.865439116955e-06 9.960209717974e-04 6.140675395727e-06 5.282615472794e+03
     3.996000000000e+05 2.747401595116e-08-9.012700703389e-01 2.933666110039e-08
     9.564944846689e-01 2.310312500000e+02-1.910389695993e+00-6.908859210289e-09
    -4.100170788571e-10 0.000000000000e+00 7.100000000000e+02 0.000000000000e+00
     2.000000000000e+00 0.000000000000e+00-2.210000000000e-08-2.210000000000e-08
     3.996000000000e+05 0.000000000000e+00                                      
C05 2019 08 15 16 00 00-2.238814486191e-04-5.381828316331e-11 0.000000000000e+00
     1.000000000000e+00 7.226406250000e+02-3.120487123671e-09-1.579753535739e+00
     2.341950312257e-05 5.380457732826e-04-1.758476719260e-05 6.493493986130e+03
     4.032000000000e+05 7.823109626770e-08 1.296460835072e+00 6.332993507385e-08
     1.086453783618e-01 5.352031250000e+02-7.063599472528e-01 4.052668809923e-09
    -2.185805333280e-10 0.000000000000e+00 7.100000000000e+02 0.000000000000e+00
     2.000000000000e+00 0.000000000000e+00-3.000000000000e-10-9.100000000000e-09
     4.032004000000e+05 0.000000000000e+00                                      
C09 2019 08 15 16 00 00-1.075112959370e-04 2.860378600644e-11 0.000000000000e+00
     1.000000000000e+00 1.547500000000e+02 1.123261074047e-09-1.991692143595e+00
     5.103182047606e-06 6.405354477465e-03 1.808162778616e-05 6.493370574951e+03
     4.032000000000e+05 8.009374141693e-08-2.284486807325e+00 9.778887033463e-09
     9.500234932975e-01-3.086406250000e+02-2.358792288915e+00-1.799717822614e-09
     1.122546758578e-09 0.000000000000e+00 7.100000000000e+02 0.000000000000e+00
     2.000000000000e+00 0.000000000000e+00 6.500000000000e-09 3.400000000000e-09
     4.032000000000e+05 0.000000000000e+00                                      
C23 2019 08 15 16 00 00-9.243336971849e-04-4.400924069614e-12 0.000000000000e+00
     1.000000000000e+00-4.331250000000e+01 4.134457931054e-09 1.175868362129e+00
    -2.121552824974e-06 4.391184775159e-04 5.926936864853e-06 5.282616189957e+03
     4.032000000000e+05 1.583248376846e-08-8.979931192122e-01-3.678724169731e-08
     9.551270497897e-01 2.360000000000e+02-2.145965038618e+00-6.953861084798e-09
    -4.643050544549e-10 0.000000000000e+00 7.100000000000e+02 0.000000000000e+00
     2.000000000000e+00 0.000000000000e+00 2.140000000000e-08 2.140000000000e-08
     4.056000000000e+05 1.000000000000e+00                                      
C24 2019 08 15 16 00 00-9.330334141850e-04 1.420374928784e-11 0.000000000000e+00
     1.000000000000e+00-4.343750000000e+01 4.072312485304e-09 1.158550435922e+00
    -2.086628228426e-06 2.713877474889e-04 6.232410669327e-06 5.282613267899e+03
     4.032000000000e+05 2.514570951462e-08-8.981699947855e-01 2.002343535423e-08
     9.551184390539e-01 2.311406250000e+02-5.484917145386e-01-6.916716680441e-09
    -4.535903224290e-10 0.000000000000e+00 7.100000000000e+02 0.000000000000e+00
     2.000000000000e+00 0.000000000000e+00 1.170000000000e-08 1.170000000000e-08
     4.032000000000e+05 1.000000000000e+00                                      
C25 2019 08 15 16 00 00-3.156490856782e-04-1.250732850622e-11 0.000000000000e+00
     1.000000000000e+00-4.089062500000e+01 4.109814047394e-09 9.317895931195e-02
    -1.892447471619e-06 2.284604124725e-04 5.936715751886e-06 5.282616502762e+03
     4.032000000000e+05 2.002343535423e-08-9.243766668328e-01-2.095475792885e-08
     9.561851886769e-01 2.364843750000e+02-2.831531221898e-01-6.962432870418e-09
    -4.128743407307e-10 0.000000000000e+00 7.100000000000e+02 0.000000000000e+00
     2.000000000000e+00 0.000000000000e+00-1.000000000000e-10-1.000000000000e-10
     4.032000000000e+05 1.000000000000e+00                                      
C27 2019 08 15 16 00 00 1.721231965348e-04 6.880718217417e-12 0.000000000000e+00
     1.000000000000e+00 1.033906250000e+02 4.064812172886e-09 1.412639782186e+00
     5.194917321205e-06 5.887111183256e-04 2.698507159948e-06 5.282616682053e+03
     4.032000000000e+05-6.007030606270e-08 1.202983633577e+00 2.281740307808e-08
     9.644767494136e-01 3.082656250000e+02 1.024600728013e+00-7.098509967147e-09
     3.832302487924e-10 0.000000000000e+00 7.100000000000e+02 0.000000000000e+00
     2.000000000000e+00 0.000000000000e+00-5.700000000000e-09-5.700000000000e-09
     4.032000000000e+05 1.000000000000e+00                                      
C28 2019 08 15 16 00 00 1.661644782871e-04 6.755485060239e-12 0.000000000000e+00
     1.000000000000e+00 1.079843750000e+02 4.103028050445e-09 1.856062493710e-01
     5.407724529505e-06 2.534259110689e-04 3.003515303135e-06 5.282613140106e+03
     4.032000000000e+05-5.168840289116e-08 1.202864791964e+00 0.000000000000e+00
     9.643740788970e-01 3.035625000000e+02 3.038262325787e+00-7.100652913552e-09
     3.693010971588e-10 0.000000000000e+00 7.100000000000e+02 0.000000000000e+00
     2.000000000000e+00 0.000000000000e+00-7.500000000000e-09-7.500000000000e-09
     4.032000000000e+05 1.000000000000e+00                                      
C20 2019 08 15 16 00 00 2.716155722740e-05-3.246025670480e-11 0.000000000000e+00
     1.000000000000e+00-6.728125000000e+01 3.465858652640e-09 2.365568845840e-01
    -3.487337380650e-06 8.285994408650e-04 1.166481524710e-05 5.282632312770e+03
     4.032000000000e+05 1.164153218270e-08-3.012559321810e+00-3.119930624960e-08
     9.626119033700e-01 1.275468750000e+02-6.935084006430e-01-6.520628753220e-09
     1.000041655750e-11 0.000000000000e+00 7.100000000000e+02 0.000000000000e+00
     2.000000000000e+00 0.000000000000e+00 1.509999947300e-08 1.510000000000e-08
     4.032000000000e+05 1.000000000000e+00                                      
C30 2019 08 15 16 00 00 1.759619917720e-04 6.420641796010e-12 0.000000000000e+00
     1.000000000000e+00 1.067031250000e+02 4.016238721030e-09 1.390055473780e+00
     5.315523594620e-06 3.174424637110e-04 3.012362867590e-06 5.282614664080e+03
     4.032000000000e+05 3.399327397350e-08 1.165503350540e+00 6.332993507390e-08
     9.637503403670e-01 3.010312500000e+02 2.702611361350e-01-7.119939431200e-09
     3.546576300570e-10 0.000000000000e+00 7.100000000000e+02 0.000000000000e+00
     2.000000000000e+00 0.000000000000e+00-1.090000001370e-08-1.090000000000e-08
     4.044300000000e+05 1.000000000000e+00                                      
C19 2019 08 15 16 00 00 1.732542878020e-04 9.542588941260e-12 0.000000000000e+00
     1.000000000000e+00-6.250000000000e+01 3.479787804270e-09-1.041111018110e-01
    -3.083609044550e-06 8.257405133920e-04 1.194188371300e-05 5.282626787190e+03
     4.032000000000e+05-1.816079020500e-08-3.013175132780e+00-3.771856427190e-08
     9.626116707660e-01 1.225781250000e+02-1.125241663790e+00-6.509199705720e-09
     4.143029716670e-11 0.000000000000e+00 7.100000000000e+02 0.000000000000e+00
     2.000000000000e+00 0.000000000000e+00 8.799999839940e-09 8.800000000000e-09
     4.032000000000e+05 1.000000000000e+00                                      
C26 2019 08 15 16 00 00 3.528108354660e-04 1.386180059630e-11 0.000000000000e+00
     1.000000000000e+00-4.021875000000e+01 4.099456473100e-09 1.481517385660e+00
    -2.008397132160e-06 4.898604238410e-04 6.075482815500e-06 5.282616613390e+03
     4.032000000000e+05-1.396983861920e-09-9.238351150410e-01 0.000000000000e+00
     9.562427866870e-01 2.354062500000e+02-1.114781348950e-01-6.913145103100e-09
    -4.621621080500e-10 0.000000000000e+00 7.100000000000e+02 0.000000000000e+00
     2.000000000000e+00 0.000000000000e+00-6.000000052350e-09-6.000000000000e-09
     4.032000000000e+05 1.000000000000e+00                                      
C10 2019 08 15 16 00 00-8.392578456550e-05-3.540367998770e-11 0.000000000000e+00
     1.000000000000e+00-7.148437500000e+01 1.060401312830e-09 2.578041496500e+00
    -1.935288310050e-06 6.388240144590e-03 2.673733979460e-05 6.493215526580e+03
     4.032000000000e+05 1.583248376850e-08-3.070988294760e-01-1.918524503710e-07
     9.091004490770e-01-6.072500000000e+02-2.623262980240e+00-1.760430471850e-09
    -1.005399021760e-09 0.000000000000e+00 7.100000000000e+02 0.000000000000e+00
     2.000000000000e+00 0.000000000000e+00 6.000000052350e-09 2.600000000000e-09
     4.032000000000e+05 0.000000000000e+00                                      
C16 2019 08 15 16 00 00-8.775653550400e-04 2.200017945600e-12 0.000000000000e+00
     1.000000000000e+00 1.294218750000e+02 1.027185643550e-09-1.162673652970e+00
     4.107598215340e-06 2.280566957780e-03 1.964205875990e-05 6.493695020680e+03
     4.032000000000e+05 1.001171767710e-07-2.340630450620e+00 3.539025783540e-08
     9.607032897420e-01-3.535000000000e+02-2.833706550360e+00-1.748644266620e-09
     1.101831609990e-09 0.000000000000e+00 7.100000000000e+02 0.000000000000e+00
     2.000000000000e+00 0.000000000000e+00-2.900000017900e-09 4.400000000000e-09
     4.032000000000e+05 0.000000000000e+00                                      
C06 2019 08 15 16 00 00 4.734800895680e-04-2.548361521800e-11 0.000000000000e+00
     1.000000000000e+00 1.697343750000e+02 1.157905374260e-09-1.763979123990e+00
     5.281995981930e-06 8.097921498120e-03 1.917034387590e-05 6.494022668840e+03
     4.032000000000e+05 1.667067408560e-07-2.326637068650e+00 2.468004822730e-08
     9.451328586800e-01-3.460000000000e+02-2.202627624300e+00-1.804718030890e-09
     1.105403187340e-09 0.000000000000e+00 7.100000000000e+02 0.000000000000e+00
     2.000000000000e+00 0.000000000000e+00 7.999999773740e-09-1.900000000000e-09
     4.032000000000e+05 0.000000000000e+00                                      
C07 2019 08 15 16 00 00-6.749539170410e-05-2.368416573970e-11 0.000000000000e+00
     1.000000000000e+00-1.576562500000e+01 9.239670583650e-10 3.021652984430e+00
    -3.534369170670e-07 7.005944382400e-03 2.632476389410e-05 6.493928104400e+03
     4.032000000000e+05 1.583248376850e-08-2.993593871890e-01-1.024454832080e-07
     9.077067270230e-01-5.853437500000e+02-2.709208549890e+00-1.680427139390e-09
    -1.002898917620e-09 0.000000000000e+00 7.100000000000e+02 0.000000000000e+00
     2.000000000000e+00 0.000000000000e+00 1.470000032810e-08 7.000000000000e-10
     4.032000000000e+05 0.000000000000e+00                                      
C14 2019 08 15 16 00 00 5.109048215670e-04-4.442668455340e-12 0.000000000000e+00
     1.000000000000e+00-8.256250000000e+01 3.529789887060e-09-1.568675436440e+00
    -4.281755536790e-06 2.023583976550e-03 1.272512599830e-05 5.282629446030e+03
     4.032000000000e+05-7.171183824540e-08-3.010799062700e+00 4.982575774190e-08
     9.599013458470e-01 1.036718750000e+02-1.962859930050e+00-6.579916937090e-09
     2.535819912790e-11 0.000000000000e+00 7.100000000000e+02 0.000000000000e+00
     2.000000000000e+00 0.000000000000e+00 5.800000035800e-09 6.000000000000e-10
     4.032600000000e+05 0.000000000000e+00                                      
C02 2019 08 15 16 00 00-3.026495687660e-05-2.384314967680e-11 0.000000000000e+00
     1.000000000000e+00 6.829531250000e+02-3.622293740220e-09 2.194888964680e-01
     2.214917913080e-05 3.046113997700e-04-1.976126804950e-05 6.493360649110e+03
     4.032000000000e+05 1.122243702410e-07 1.316825096540e+00 8.195638656620e-08
     1.001559111410e-01 6.045468750000e+02-2.082610233240e+00 4.610192033000e-09
    -2.021512775550e-10 0.000000000000e+00 7.100000000000e+02 0.000000000000e+00
     2.000000000000e+00 0.000000000000e+00 1.199999988270e-09-1.370000000000e-08
     4.033800000000e+05 0.000000000000e+00                                      
C22 2019 08 15 16 00 00 5.984795279800e-06-3.853806163080e-11 0.000000000000e+00
     1.000000000000e+00-6.939062500000e+01 3.463715706230e-09-1.748978855010e+00
    -3.406312316660e-06 6.873235106470e-04 1.272000372410e-05 5.282635105130e+03
     4.032000000000e+05-9.778887033460e-09-3.010572389400e+00 1.909211277960e-08
     9.619061214680e-01 1.034843750000e+02-2.684424407680e-01-6.547415583280e-09
     9.571827276460e-11 0.000000000000e+00 7.100000000000e+02 0.000000000000e+00
     2.000000000000e+00 0.000000000000e+00 1.250000014610e-08 1.250000000000e-08
     4.032000000000e+05 1.000000000000e+00                                      
C12 2019 08 15 16 00 00-2.287073293700e-04-7.475797758620e-12 4.743384504620e-19
     5.000000000000e+00 1.165312500000e+02 3.700868441740e-09 1.644044383400e+00
     5.797483026980e-06 2.447068458420e-03 2.677086740730e-06 5.282611650470e+03
     4.032000000000e+05-5.727633833890e-08 1.187597053280e+00-3.445893526080e-08
     9.872443877890e-01 3.220625000000e+02-2.349384450000e+00-6.977076337520e-09
     4.396611707950e-10 0.000000000000e+00 7.100000000000e+02 0.000000000000e+00
     2.000000000000e+00 0.000000000000e+00 2.499999984810e-09-4.000000000000e-10
     4.032000000000e+05 4.000000000000e+00                                      
C08 2019 08 15 16 00 00 1.662435242910e-04-1.707967101080e-12-5.149960319310e-19
     3.000000000000e+00-1.795156250000e+02 1.637211053550e-09 1.019787525650e+00
    -5.831941962240e-06 4.311256576330e-03-1.322804018860e-05 6.492971103670e+03
     4.032000000000e+05 7.590278983120e-08 1.842945373340e+00 7.404014468190e-08
     1.026535137270e+00 6.592812500000e+02-2.812430098030e+00-2.867976605590e-09
    -2.335811581640e-10 0.000000000000e+00 7.100000000000e+02 0.000000000000e+00
     2.000000000000e+00 0.000000000000e+00 1.069999999710e-08-8.000000000000e-10
     4.032000000000e+05 2.000000000000e+00                                      
C21 2019 08 15 16 00 00 3.597291652110e-04-1.659383741530e-11 0.000000000000e+00
     1.000000000000e+00-8.307812500000e+01 3.551219351110e-09-1.944842541740e+00
    -4.144851118330e-06 7.209393661470e-04 1.262640580530e-05 5.282634038930e+03
     4.032000000000e+05-4.470348358150e-08-3.010482466750e+00-3.632158041000e-08
     9.618971537800e-01 1.034218750000e+02-8.544894743340e-01-6.589560195920e-09
     5.178787145840e-11 0.000000000000e+00 7.100000000000e+02 0.000000000000e+00
     2.000000000000e+00 0.000000000000e+00 1.069999999710e-08 1.070000000000e-08
     4.032000000000e+05 1.000000000000e+00                                      
C29 2019 08 15 16 00 00 1.047740224750e-04 5.257128066210e-12 0.000000000000e+00
     1.000000000000e+00 1.071718750000e+02 4.047311443910e-09-9.132479037550e-01
     5.258247256280e-06 2.527573378760e-04 2.729240804910e-06 5.282613601680e+03
     4.032000000000e+05 2.374872565270e-08 1.164933893590e+00 2.793967723850e-09
     9.638158352100e-01 3.104218750000e+02 1.777329432040e+00-7.094224074340e-09
     3.514432104490e-10 0.000000000000e+00 7.100000000000e+02 0.000000000000e+00
     2.000000000000e+00 0.000000000000e+00-1.299999996540e-09-1.300000000000e-09
     4.032000000000e+05 1.000000000000e+00                                      
C01 2019 08 15 16 00 00 2.612223615870e-04 4.744293846670e-11 0.000000000000e+00
     1.000000000000e+00 8.554375000000e+02-2.849761561150e-09-2.800197917290e+00
     2.787588164210e-05 4.492624429990e-04-9.494833648200e-06 6.493352911000e+03
     4.032000000000e+05-1.122243702410e-07 1.050118549970e+00 1.033768057820e-07
     1.100018530590e-01 2.962812500000e+02 2.178900835390e+00 3.844088693150e-09
    -3.235849071820e-10 0.000000000000e+00 7.100000000000e+02 0.000000000000e+00
     2.000000000000e+00 0.000000000000e+00 1.420000028670e-08-1.040000000000e-08
     4.032000000000e+05 0.000000000000e+00                                      
C04 2019 08 15 16 00 00 1.329191727560e-04-1.872102473040e-11 0.000000000000e+00
     1.000000000000e+00 7.066875000000e+02-4.112314151530e-09-3.042008402560e+00
     2.315174788240e-05 4.118992947040e-04-1.820176839830e-05 6.493387849810e+03
     4.032000000000e+05-3.213062882420e-08 1.205721667630e+00 1.005828380580e-07
     1.013330905990e-01 5.641562500000e+02 2.613448782190e+00 5.073425614260e-09
    -2.114373786440e-10 0.000000000000e+00 7.100000000000e+02 0.000000000000e+00
     2.000000000000e+00 0.000000000000e+00 5.299999994430e-09-8.400000000000e-09
     4.032000000000e+05 0.000000000000e+00                                      
C13 2019 08 15 16 00 00-9.141343180090e-04-2.660005549160e-11 0.000000000000e+00
     2.000000000000e+00-1.507500000000e+02 1.803646565435e-09 7.016626357966e-01
    -5.098059773445e-06 3.549301531166e-03-1.478148624301e-05 6.493267753601e+03
     4.032000000000e+05-1.909211277962e-08 1.826697204516e+00-8.055940270424e-08
     9.873900125059e-01 6.937656250000e+02-2.863504662886e+00-2.985124369914e-09
    -2.075086491526e-10 0.000000000000e+00 7.100000000000e+02 0.000000000000e+00
     2.000000000000e+00 0.000000000000e+00-8.699999831663e-09 2.700000001354e-09
     4.032000000000e+05 1.000000000000e+00                                      
C03 2019 08 15 16 00 00-1.926876138896e-04 8.994849309829e-11 0.000000000000e+00
     1.000000000000e+00 8.194843750000e+02-3.157631489614e-09-1.897349254475e+00
     2.657575532794e-05 6.031077355146e-04-1.584226265550e-05 6.493375484467e+03
     4.032000000000e+05 1.257285475731e-08 1.194758073852e+00 1.871958374977e-07
     1.030045417983e-01 4.905156250000e+02 6.180815616237e-01 4.248391416439e-09
    -2.446530478206e-10 0.000000000000e+00 7.100000000000e+02 0.000000000000e+00
     2.000000000000e+00 0.000000000000e+00 1.899999935162e-09-8.099999782019e-09
     4.032004000000e+05 0.000000000000e+00                                      
C35 2019 08 15 16 00 00-2.378316130489e-04-4.028688493918e-11 0.000000000000e+00
     1.000000000000e+00 1.172500000000e+02 4.102670892710e-09 1.129460385987e-02
     5.897600203753e-06 5.371482111514e-04 2.608634531498e-06 5.282615253448e+03
     4.032000000000e+05 5.122274160385e-08 1.169270304619e+00-3.026798367500e-08
     9.619023807866e-01 3.131718750000e+02 7.404384893208e-02-7.148869207669e-09
     4.146601294017e-10 0.000000000000e+00 7.100000000000e+02 0.000000000000e+00
     2.000000000000e+00 0.000000000000e+00-4.300000000000e-09-4.300000000000e-09
     4.032000000000e+05 0.000000000000e+00                                      
C36 2019 08 15 16 00 00-7.025264203548e-04-4.964118005546e-11 0.000000000000e+00
     1.000000000000e+00-3.937500000000e+01 4.039811131492e-09-1.414376956443e+00
    -1.871027052402e-06 9.960844181478e-04 6.114132702351e-06 5.282616323471e+03
     4.032000000000e+05 8.847564458847e-09-9.012949165396e-01 4.190951585770e-08
     9.564929149578e-01 2.341562500000e+02-1.910830913549e+00-6.928145727936e-09
    -4.132314984649e-10 0.000000000000e+00 7.100000000000e+02 0.000000000000e+00
     2.000000000000e+00 0.000000000000e+00-2.210000000000e-08-2.210000000000e-08
     4.032000000000e+05 0.000000000000e+00                                      
C11 2019 08 15 16 00 00 2.117109252140e-04-2.102762408640e-11-1.084202172490e-19
     4.000000000000e+00 1.162968750000e+02 3.629079737170e-09 4.008024131550e-01
     5.655921995640e-06 1.945490017530e-03 3.091059625150e-06 5.282617029190e+03
     4.032000000000e+05 2.188608050350e-08 1.198311278040e+00-3.399327397350e-08
     9.884487804480e-01 3.123281250000e+02-2.295036785880e+00-6.984219492200e-09
     4.010881355020e-10 0.000000000000e+00 7.100000000000e+02 0.000000000000e+00
     2.000000000000e+00 0.000000000000e+00 3.600000075820e-09 1.200000000000e-09
     4.032000000000e+05 4.000000000000e+00                                      
C05 2019 08 15 17 00 00-2.240746980533e-04-5.375877520919e-11 0.000000000000e+00
     1.000000000000e+00 4.412656250000e+02-3.330138713644e-09-1.318744747881e+00
     1.424551010132e-05 5.376077024266e-04-2.565700560808e-05 6.493491781235e+03
     4.068000000000e+05 8.475035429001e-08 1.501894946513e+00 9.313225746155e-09
     1.118553848943e-01 7.861562500000e+02-9.105478924089e-01 4.286607125821e-09
    -1.300054152474e-10 0.000000000000e+00 7.100000000000e+02 0.000000000000e+00
     2.000000000000e+00 0.000000000000e+00-3.000000000000e-10-9.100000000000e-09
     4.068004000000e+05 0.000000000000e+00                                      
C07 2019 08 15 17 00 00-6.757979281247e-05-2.357136708042e-11 0.000000000000e+00
     1.000000000000e+00 1.450000000000e+01 8.428922527028e-10-2.998979825696e+00
     3.390014171600e-07 7.003176957369e-03 2.616504207253e-05 6.493934928894e+03
     4.068000000000e+05 1.536682248116e-08-2.993654217257e-01-1.001171767712e-07
     9.077031253186e-01-5.782187500000e+02-2.709305850035e+00-1.679355666190e-09
    -1.003256075357e-09 0.000000000000e+00 7.100000000000e+02 0.000000000000e+00
     2.000000000000e+00 0.000000000000e+00 1.470000000000e-08 7.000000000000e-10
     4.096200000000e+05 0.000000000000e+00                                      
C09 2019 08 15 17 00 00-1.074082683772e-04 2.860733872012e-11 0.000000000000e+00
     1.000000000000e+00 1.704687500000e+02 1.170048737226e-09-1.729398152946e+00
     5.463603883982e-06 6.405407446437e-03 1.805275678635e-05 6.493367029190e+03
     4.068000000000e+05 1.001171767712e-07-2.284493159316e+00 2.840533852577e-08
     9.500274870639e-01-3.071875000000e+02-2.358563545582e+00-1.809003923703e-09
     1.114689288426e-09 0.000000000000e+00 7.100000000000e+02 0.000000000000e+00
     2.000000000000e+00 0.000000000000e+00 6.500000000000e-09 3.400000000000e-09
     4.068000000000e+05 0.000000000000e+00                                      
C10 2019 08 15 17 00 00-8.405197877437e-05-3.523670244476e-11 0.000000000000e+00
     1.000000000000e+00-5.045312500000e+01 9.678974596714e-10 2.840505169550e+00
    -1.362059265375e-06 6.385289132595e-03 2.605700865388e-05 6.493222682953e+03
     4.068000000000e+05 6.007030606270e-08-3.071050322487e-01-1.122243702412e-07
     9.090972248056e-01-5.822031250000e+02-2.623184503467e+00-1.716857228281e-09
    -1.017899542459e-09 0.000000000000e+00 7.100000000000e+02 0.000000000000e+00
     2.000000000000e+00 0.000000000000e+00 6.000000000000e-09 2.600000000000e-09
     4.084200000000e+05 0.000000000000e+00                                      
C20 2019 08 15 17 00 00 2.704397775233e-05-3.256150904463e-11 0.000000000000e+00
     1.000000000000e+00-6.778125000000e+01 3.476216226930e-09 7.235564629624e-01
    -3.501307219267e-06 8.292165584862e-04 1.123035326600e-05 5.282633838654e+03
     4.068000000000e+05 2.700835466385e-08-3.012582792863e+00 5.494803190231e-08
     9.626120086997e-01 1.330312500000e+02-6.929443711145e-01-6.506342443850e-09
    -1.035757429169e-11 0.000000000000e+00 7.100000000000e+02 0.000000000000e+00
     2.000000000000e+00 0.000000000000e+00 1.510000000000e-08 1.510000000000e-08
     4.083000000000e+05 1.000000000000e+00                                      
C23 2019 08 15 17 00 00-9.243489475921e-04-4.332534331297e-12 0.000000000000e+00
     1.000000000000e+00-4.164062500000e+01 4.138743823864e-09 1.664093031994e+00
    -1.994427293539e-06 4.391471156850e-04 6.012618541718e-06 5.282615621567e+03
     4.068000000000e+05 1.676380634308e-08-8.980180941496e-01-1.443549990654e-08
     9.551253030655e-01 2.347968750000e+02-2.146619191214e+00-6.970290340571e-09
    -4.725196823414e-10 0.000000000000e+00 7.100000000000e+02 0.000000000000e+00
     2.000000000000e+00 0.000000000000e+00 2.140000000000e-08 2.140000000000e-08
     4.068000000000e+05 1.000000000000e+00                                      
C24 2019 08 15 17 00 00-9.329827735201e-04 1.414157679847e-11 0.000000000000e+00
     1.000000000000e+00-4.248437500000e+01 4.063026384215e-09 1.645608956733e+00
    -2.030283212662e-06 2.713970607147e-04 6.260816007853e-06 5.282613542557e+03
     4.068000000000e+05-1.443549990654e-08-8.981947283414e-01 1.769512891769e-08
     9.551168561765e-01 2.308125000000e+02-5.479792192254e-01-6.899930266934e-09
    -4.789485215569e-10 0.000000000000e+00 7.100000000000e+02 0.000000000000e+00
     2.000000000000e+00 0.000000000000e+00 1.170000000000e-08 1.170000000000e-08
     4.068000000000e+05 1.000000000000e+00                                      
C25 2019 08 15 17 00 00-3.156936727464e-04-1.244249148158e-11 0.000000000000e+00
     1.000000000000e+00-4.110937500000e+01 4.073383958506e-09 5.809487377268e-01
    -1.944135874510e-06 2.283755457029e-04 6.034970283508e-06 5.282616312027e+03
     4.068000000000e+05 4.656612873077e-08-9.244016549365e-01 1.024454832077e-08
     9.561838676618e-01 2.358593750000e+02-2.833525559599e-01-6.927431412467e-09
    -4.210889686172e-10 0.000000000000e+00 7.100000000000e+02 0.000000000000e+00
     2.000000000000e+00 0.000000000000e+00-1.000000000000e-10-1.000000000000e-10
     4.068000000000e+05 1.000000000000e+00                                      
C27 2019 08 15 17 00 00 1.721476437524e-04 6.842526545370e-12 0.000000000000e+00
     1.000000000000e+00 1.068906250000e+02 4.070883854367e-09 1.901822066523e+00
     5.375128239393e-06 5.889993626624e-04 3.033317625523e-06 5.282614740372e+03
     4.068000000000e+05-4.377216100693e-08 1.202958039825e+00-1.396983861923e-09
     9.644782503676e-01 3.019375000000e+02 1.022988684453e+00-7.074223241222e-09
     3.900162457421e-10 0.000000000000e+00 7.100000000000e+02 0.000000000000e+00
     2.000000000000e+00 0.000000000000e+00-5.700000000000e-09-5.700000000000e-09
     4.068000000000e+05 1.000000000000e+00                                      
C28 2019 08 15 17 00 00 1.661900896579e-04 6.903810856329e-12 0.000000000000e+00
     1.000000000000e+00 1.140625000000e+02 4.064097857417e-09 6.709697996482e-01
     5.568377673626e-06 2.541188150644e-04 2.941116690636e-06 5.282614875793e+03
     4.068000000000e+05-4.470348358154e-08 1.202839073864e+00-4.889443516731e-08
     9.643752521573e-01 3.062031250000e+02 3.040470157363e+00-7.137083002440e-09
     3.889447725395e-10 0.000000000000e+00 7.100000000000e+02 0.000000000000e+00
     2.000000000000e+00 0.000000000000e+00-7.500000000000e-09-7.500000000000e-09
     4.068000000000e+05 1.000000000000e+00                                      
C29 2019 08 15 17 00 00 1.047935802490e-04 5.331735053460e-12 0.000000000000e+00
     1.000000000000e+00 1.097656250000e+02 3.993023468312e-09-4.242912759947e-01
     5.324371159077e-06 2.535666571930e-04 2.899672836065e-06 5.282615310669e+03
     4.068000000000e+05 3.399327397346e-08 1.164908270580e+00 2.188608050346e-08
     9.638170874675e-01 3.044062500000e+02 1.775943827715e+00-7.097438493945e-09
     3.660866775510e-10 0.000000000000e+00 7.100000000000e+02 0.000000000000e+00
     2.000000000000e+00 0.000000000000e+00-1.300000000000e-09-1.300000000000e-09
     4.078800000000e+05 1.000000000000e+00                                      
C30 2019 08 15 17 00 00 1.759838778530e-04 6.264322394140e-12 0.000000000000e+00
     1.000000000000e+00 1.050156250000e+02 3.981594420820e-09 1.876639362520e+00
     5.256850272420e-06 3.174055600540e-04 3.080815076830e-06 5.282615274430e+03
     4.068000000000e+05-3.864988684650e-08 1.165477433490e+00 5.774199962620e-08
     9.637517359910e-01 2.992968750000e+02 2.712478831570e-01-7.086009446450e-09
     3.996595045650e-10 0.000000000000e+00 7.100000000000e+02 0.000000000000e+00
     2.000000000000e+00 0.000000000000e+00-1.090000001370e-08-1.090000000000e-08
     4.068000000000e+05 1.000000000000e+00                                      
C19 2019 08 15 17 00 00 1.732886303220e-04 9.542588941260e-12 0.000000000000e+00
     1.000000000000e+00-6.359375000000e+01 3.500502952860e-09 3.833064585950e-01
    -3.221444785590e-06 8.258721791210e-04 1.188879832630e-05 5.282627124790e+03
     4.068000000000e+05 3.725290298460e-09-3.013198504360e+00-3.026798367500e-08
     9.626117702440e-01 1.236093750000e+02-1.125093909070e+00-6.519200122280e-09
     2.928693420410e-11 0.000000000000e+00 7.100000000000e+02 0.000000000000e+00
     2.000000000000e+00 0.000000000000e+00 8.799999839940e-09 8.800000000000e-09
     4.068000000000e+05 1.000000000000e+00                                      
C02 2019 08 15 17 00 00-3.035028930750e-05-2.377298358170e-11 0.000000000000e+00
     1.000000000000e+00 3.480781250000e+02-3.670510034330e-09 4.891814504740e-01
     1.125130802390e-05 3.014922840520e-04-2.851523458960e-05 6.493351474760e+03
     4.068000000000e+05 1.592561602590e-07 1.537839976020e+00 4.703179001810e-08
     1.040071527040e-01 8.786562500000e+02-2.310948517200e+00 4.731625662630e-09
    -7.393165097860e-11 0.000000000000e+00 7.100000000000e+02 0.000000000000e+00
     2.000000000000e+00 0.000000000000e+00 1.199999988270e-09-1.370000000000e-08
     4.069800000000e+05 0.000000000000e+00                                      
C22 2019 08 15 17 00 00 5.844049155710e-06-3.865885389590e-11 0.000000000000e+00
     1.000000000000e+00-6.828125000000e+01 3.528718413860e-09-1.264116127420e+00
    -3.356020897630e-06 6.867372430860e-04 1.207878813150e-05 5.282631319050e+03
     4.068000000000e+05-1.164153218270e-08-3.010595875080e+00-9.313225746150e-10
     9.619064608650e-01 1.177343750000e+02-2.657423094620e-01-6.546701267810e-09
     8.107480566250e-11 0.000000000000e+00 7.100000000000e+02 0.000000000000e+00
     2.000000000000e+00 0.000000000000e+00 1.250000014610e-08 1.250000000000e-08
     4.068000000000e+05 1.000000000000e+00                                      
C06 2019 08 15 17 00 00 4.733885871250e-04-2.544542354600e-11 0.000000000000e+00
     1.000000000000e+00 1.872656250000e+02 1.226479659230e-09-1.501781097840e+00
     5.749054253100e-06 8.097585057840e-03 1.951213926080e-05 6.494017763140e+03
     4.068000000000e+05 1.587904989720e-07-2.326643256800e+00 1.131556928160e-07
     9.451365408450e-01-3.586093750000e+02-2.202381993040e+00-1.843648223920e-09
     1.088973931560e-09 0.000000000000e+00 7.100000000000e+02 0.000000000000e+00
     2.000000000000e+00 0.000000000000e+00 7.999999773740e-09-1.900000000000e-09
     4.068000000000e+05 0.000000000000e+00                                      
C12 2019 08 15 17 00 00-2.287342213090e-04-7.472245044940e-12 4.743384504620e-19
     6.000000000000e+00 1.148125000000e+02 3.631936999040e-09 2.131480928100e+00
     5.759764462710e-06 2.446914906610e-03 2.657528966670e-06 5.282612339020e+03
     4.068000000000e+05 3.725290298460e-09 1.187571832570e+00-7.962808012960e-08
     9.872462881190e-01 3.242656250000e+02-2.349250748070e+00-6.912787945370e-09
     4.514473760240e-10 0.000000000000e+00 7.100000000000e+02 0.000000000000e+00
     2.000000000000e+00 0.000000000000e+00 2.499999984810e-09-4.000000000000e-10
     4.068000000000e+05 5.000000000000e+00                                      
C08 2019 08 15 17 00 00 1.662373542790e-04-1.711519814760e-12-5.149960319310e-19
     4.000000000000e+00-1.835625000000e+02 1.617210220440e-09 1.282102111260e+00
    -5.963258445260e-06 4.311440046880e-03-1.285085454580e-05 6.492973836900e+03
     4.068000000000e+05 2.700835466380e-08 1.842934641370e+00 1.555308699610e-07
     1.026534272690e+00 6.477187500000e+02-2.812170893820e+00-2.860119135440e-09
    -1.960795960740e-10 0.000000000000e+00 7.100000000000e+02 0.000000000000e+00
     2.000000000000e+00 0.000000000000e+00 1.069999999710e-08-8.000000000000e-10
     4.068000000000e+05 3.000000000000e+00                                      
C16 2019 08 15 17 00 00-8.775569731370e-04 2.265743148660e-12 0.000000000000e+00
     1.000000000000e+00 1.545468750000e+02 1.108974764680e-09-9.010739749480e-01
     4.754867404700e-06 2.278529107570e-03 2.010958269240e-05 6.493688085560e+03
     4.068000000000e+05 9.359791874890e-08-2.340636561230e+00 8.707866072650e-08
     9.607070830890e-01-3.715937500000e+02-2.832823439380e+00-1.771145203880e-09
     1.092188351170e-09 0.000000000000e+00 7.100000000000e+02 0.000000000000e+00
     2.000000000000e+00 0.000000000000e+00-2.900000017900e-09 4.400000000000e-09
     4.068000000000e+05 0.000000000000e+00                                      
C21 2019 08 15 17 00 00 3.596706083040e-04-1.644284708390e-11 0.000000000000e+00
     1.000000000000e+00-6.967187500000e+01 3.518003681830e-09-1.454731564830e+00
    -3.444496542220e-06 7.210933836180e-04 1.264829188590e-05 5.282637647630e+03
     4.068000000000e+05 1.071020960810e-08-3.010506262570e+00-2.095475792880e-08
     9.618972752020e-01 1.030468750000e+02-8.570369662300e-01-6.598131981540e-09
     7.500312418120e-11 0.000000000000e+00 7.100000000000e+02 0.000000000000e+00
     2.000000000000e+00 0.000000000000e+00 1.069999999710e-08 1.070000000000e-08
     4.068000000000e+05 1.000000000000e+00                                      
C04 2019 08 15 17 00 00 1.328523503620e-04-1.864552956480e-11 0.000000000000e+00
     1.000000000000e+00 4.063125000000e+02-4.322680056980e-09-2.782566859320e+00
     1.342734321950e-05 4.142237594350e-04-2.563092857600e-05 6.493381479260e+03
     4.068000000000e+05 4.330649971960e-08 1.429687988720e+00 1.122243702410e-07
     1.026856607670e-01 7.894062500000e+02 2.392393060960e+00 5.324864659130e-09
    -9.428964182780e-11 0.000000000000e+00 7.100000000000e+02 0.000000000000e+00
     2.000000000000e+00 0.000000000000e+00 5.299999994430e-09-8.400000000000e-09
     4.068000000000e+05 0.000000000000e+00                                      
C01 2019 08 15 17 00 00 2.613931428640e-04 4.743760939620e-11 0.000000000000e+00
     1.000000000000e+00 6.409062500000e+02-3.671938665270e-09-2.534289320850e+00
     2.102414146070e-05 4.475053865460e-04-2.045184373860e-05 6.493358507160e+03
     4.068000000000e+05-3.119930624960e-08 1.259220818780e+00 1.010484993460e-07
     1.076182006730e-01 6.337812500000e+02 1.966173805230e+00 4.624121184640e-09
    -2.189376910620e-10 0.000000000000e+00 7.100000000000e+02 0.000000000000e+00
     2.000000000000e+00 0.000000000000e+00 1.420000028670e-08-1.040000000000e-08
     4.068300000000e+05 0.000000000000e+00                                      
C26 2019 08 15 17 00 00 3.528610104690e-04 1.389643955460e-11 0.000000000000e+00
     1.000000000000e+00-3.868750000000e+01 4.117671517550e-09 1.969768766950e+00
    -1.947395503520e-06 4.900048952550e-04 5.986075848340e-06 5.282615909580e+03
     4.068000000000e+05 1.303851604460e-08-9.238599129650e-01-1.443549990650e-08
     9.562411072580e-01 2.376562500000e+02-1.121592593120e-01-6.917788153640e-09
    -4.768055751520e-10 0.000000000000e+00 7.100000000000e+02 0.000000000000e+00
     2.000000000000e+00 0.000000000000e+00-6.000000052350e-09-6.000000000000e-09
     4.071900000000e+05 1.000000000000e+00                                      
C14 2019 08 15 17 00 00 5.108872428540e-04-4.644284956610e-12 0.000000000000e+00
     1.000000000000e+00-8.231250000000e+01 3.466215810370e-09-1.081161987610e+00
    -4.248693585400e-06 2.023567561990e-03 1.269299536940e-05 5.282629295350e+03
     4.068000000000e+05 5.122274160390e-08-3.010822658110e+00 2.668239176270e-07
     9.599021738580e-01 1.027968750000e+02-1.962808686950e+00-6.433482266070e-09
    -2.785830326730e-11 0.000000000000e+00 7.100000000000e+02 0.000000000000e+00
     2.000000000000e+00 0.000000000000e+00 5.800000035800e-09 6.000000000000e-10
     4.072800000000e+05 0.000000000000e+00                                      
C11 2019 08 15 17 00 00 2.116351388390e-04-2.102851226480e-11-1.084202172490e-19
     5.000000000000e+00 1.179531250000e+02 3.646223308410e-09 8.886410759930e-01
     5.738344043490e-06 1.945066964250e-03 2.860091626640e-06 5.282615715030e+03
     4.068000000000e+05 1.769512891770e-08 1.198286093910e+00-2.281740307810e-08
     9.884502302000e-01 3.170000000000e+02-2.295306923950e+00-6.982790861270e-09
     4.089456056550e-10 0.000000000000e+00 7.100000000000e+02 0.000000000000e+00
     2.000000000000e+00 0.000000000000e+00 3.600000075820e-09 1.200000000000e-09
     4.094700000000e+05 5.000000000000e+00                                      
C03 2019 08 15 17 00 00-1.923638628796e-04 8.993872313567e-11 0.000000000000e+00
     1.000000000000e+00 5.120781250000e+02-3.593364050758e-09-1.631268850015e+00
     1.667346805334e-05 6.032639648765e-04-2.525560557842e-05 6.493380687714e+03
     4.068000000000e+05 9.872019290924e-08 1.415540916972e+00 1.639127731323e-07
     1.040690034174e-01 7.798281250000e+02 3.935549926423e-01 4.649836515824e-09
    -1.310768854568e-10 0.000000000000e+00 7.100000000000e+02 0.000000000000e+00
     2.000000000000e+00 0.000000000000e+00 1.899999935162e-09-8.099999782019e-09
     4.068004000000e+05 0.000000000000e+00                                      
C35 2019 08 15 17 00 00-2.379763172939e-04-4.024514055345e-11 0.000000000000e+00
     1.000000000000e+00 1.092812500000e+02 4.085527321469e-09 4.999155387345e-01
     5.403999239206e-06 5.360398208722e-04 2.864282578230e-06 5.282612829208e+03
     4.068000000000e+05 4.936009645462e-08 1.169244740125e+00 2.281740307808e-08
     9.619040441244e-01 3.089531250000e+02 7.299356006334e-02-7.108510383705e-09
     3.950164540209e-10 0.000000000000e+00 7.100000000000e+02 0.000000000000e+00
     2.000000000000e+00 0.000000000000e+00-4.300000000000e-09-4.300000000000e-09
     4.068000000000e+05 0.000000000000e+00                                      
C36 2019 08 15 17 00 00-7.027046522126e-04-4.957723120924e-11 0.000000000000e+00
     1.000000000000e+00-3.879687500000e+01 4.024453348921e-09-9.266272507272e-01
    -1.867301762104e-06 9.961869800463e-04 6.095040589571e-06 5.282616722107e+03
     4.068000000000e+05 1.862645149231e-09-9.013198739220e-01 3.864988684654e-08
     9.564913979117e-01 2.355937500000e+02-1.911010473577e+00-6.934574567151e-09
    -4.121600252623e-10 0.000000000000e+00 7.100000000000e+02 0.000000000000e+00
     2.000000000000e+00 0.000000000000e+00-2.210000000000e-08-2.210000000000e-08
     4.068000000000e+05 0.000000000000e+00                                      
C13 2019 08 15 17 00 00-9.142316412180e-04-2.671907139980e-11-7.860465750520e-19
     3.000000000000e+00-1.531718750000e+02 1.821504444400e-09 9.643257777310e-01
    -5.157664418220e-06 3.549054614270e-03-1.490348950030e-05 6.493266529080e+03
     4.068000000000e+05 3.026798367500e-08 1.826686092190e+00-6.519258022310e-09
     9.873891581620e-01 6.987656250000e+02-2.863629661920e+00-2.993696128030e-09
    -1.721500278830e-10 0.000000000000e+00 7.100000000000e+02 0.000000000000e+00
     2.000000000000e+00 0.000000000000e+00-8.699999831660e-09 2.700000000000e-09
     4.068000000000e+05 2.000000000000e+00                                      
C05 2019 08 15 18 00 00-2.242682967335e-04-5.379519052440e-11 4.065758146821e-20
     1.000000000000e+00 7.085937500000e+01-3.294422940225e-09-1.060681813289e+00
     2.191402018070e-06 5.357025656849e-04-2.984283491969e-05 6.493484428406e+03
     4.104000000000e+05 1.057051122189e-07 1.703988146586e+00-4.703179001808e-08
     1.137263035113e-01 9.175468750000e+02-1.108486449024e+00 4.300893435189e-09
    -2.107230631757e-11 0.000000000000e+00 7.100000000000e+02 0.000000000000e+00
     2.000000000000e+00 0.000000000000e+00-3.000000000000e-10-9.100000000000e-09
     4.104004000000e+05 0.000000000000e+00                                      
C07 2019 08 15 18 00 00-6.766500882804e-05-2.361399964457e-11 0.000000000000e+00
     1.000000000000e+00 8.328125000000e+00 8.325346784111e-10-2.736575086297e+00
    -4.656612873077e-10 7.003676961176e-03 2.602115273476e-05 6.493933515549e+03
     4.104000000000e+05 1.490116119385e-08-2.993714723549e-01-1.103617250919e-07
     9.076995148368e-01-5.748281250000e+02-2.709257055865e+00-1.681498612595e-09
    -1.003613233091e-09 0.000000000000e+00 7.100000000000e+02 0.000000000000e+00
     2.000000000000e+00 0.000000000000e+00 1.470000000000e-08 7.000000000000e-10
     4.104000000000e+05 0.000000000000e+00                                      
C09 2019 08 15 18 00 00-1.073047751561e-04 2.866773485266e-11 0.000000000000e+00
     1.000000000000e+00 1.907187500000e+02 1.230765552040e-09-1.467186981015e+00
     5.992129445076e-06 6.404979736544e-03 1.828232780099e-05 6.493362075806e+03
     4.104000000000e+05 1.126900315285e-07-2.284499458641e+00 8.102506399155e-08
     9.500313447788e-01-3.158281250000e+02-2.358251481749e+00-1.830790545489e-09
     1.102545925463e-09 0.000000000000e+00 7.100000000000e+02 0.000000000000e+00
     2.000000000000e+00 0.000000000000e+00 6.500000000000e-09 3.400000000000e-09
     4.104900000000e+05 0.000000000000e+00                                      
C10 2019 08 15 18 00 00-8.418038487434e-05-3.541789084238e-11 0.000000000000e+00
     1.000000000000e+00-1.354687500000e+01 8.689647672991e-10 3.103089733766e+00
    -4.228204488754e-07 6.381671526469e-03 2.567935734987e-05 6.493231342316e+03
     4.104000000000e+05 5.634501576424e-08-3.071111018958e-01-7.404014468193e-08
     9.090936991730e-01-5.672812500000e+02-2.623228054538e+00-1.700785130242e-09
    -1.026114170345e-09 0.000000000000e+00 7.100000000000e+02 0.000000000000e+00
     2.000000000000e+00 0.000000000000e+00 6.000000000000e-09 2.600000000000e-09
     4.104000000000e+05 0.000000000000e+00                                      
C20 2019 08 15 18 00 00 2.692569978535e-05-3.269917669968e-11 0.000000000000e+00
     1.000000000000e+00-7.243750000000e+01 3.605150168975e-09 1.211889829104e+00
    -3.531575202942e-06 8.290173718706e-04 1.121079549193e-05 5.282632547379e+03
     4.104000000000e+05 5.774199962616e-08-3.012606593077e+00-7.776543498039e-08
     9.626115259367e-01 1.309375000000e+02-6.937142654008e-01-6.604560820754e-09
     4.428755904031e-11 0.000000000000e+00 7.100000000000e+02 0.000000000000e+00
     2.000000000000e+00 0.000000000000e+00 1.510000000000e-08 1.510000000000e-08
     4.104000000000e+05 1.000000000000e+00                                      
C23 2019 08 15 18 00 00-9.243660606444e-04-4.524380869952e-12 0.000000000000e+00
     1.000000000000e+00-4.151562500000e+01 4.126600460902e-09 2.152232684376e+00
    -1.987908035517e-06 4.393024137244e-04 6.168149411678e-06 5.282615051270e+03
     4.104000000000e+05 3.166496753693e-08-8.980431875834e-01-1.257285475731e-08
     9.551236719119e-01 2.326562500000e+02-2.147188106889e+00-6.956718346671e-09
    -4.728768400756e-10 0.000000000000e+00 7.100000000000e+02 0.000000000000e+00
     2.000000000000e+00 0.000000000000e+00 2.140000000000e-08 2.140000000000e-08
     4.104000000000e+05 1.000000000000e+00                                      
C24 2019 08 15 18 00 00-9.329319000244e-04 1.413091865743e-11 0.000000000000e+00
     1.000000000000e+00-4.223437500000e+01 4.095527738026e-09 2.134369061930e+00
    -2.020504325628e-06 2.716133603826e-04 6.209127604961e-06 5.282612791061e+03
     4.104000000000e+05-1.583248376846e-08-8.982193975290e-01-2.235174179077e-08
     9.551151270074e-01 2.337812500000e+02-5.491684033883e-01-6.899930266934e-09
    -5.085926134952e-10 0.000000000000e+00 7.100000000000e+02 0.000000000000e+00
     2.000000000000e+00 0.000000000000e+00 1.170000000000e-08 1.170000000000e-08
     4.104000000000e+05 1.000000000000e+00                                      
C25 2019 08 15 18 00 00-3.157403552905e-04-1.272759675430e-11 0.000000000000e+00
     1.000000000000e+00-4.053125000000e+01 4.044454182036e-09 1.068215664384e+00
    -1.932028681040e-06 2.284175716341e-04 6.039161235094e-06 5.282616477966e+03
     4.104000000000e+05 4.656612873077e-09-9.244263548454e-01 5.727633833885e-08
     9.561825012963e-01 2.358906250000e+02-2.830493266892e-01-6.887429746237e-09
    -4.528760069606e-10 0.000000000000e+00 7.100000000000e+02 0.000000000000e+00
     2.000000000000e+00 0.000000000000e+00-1.000000000000e-10-1.000000000000e-10
     4.104000000000e+05 1.000000000000e+00                                      
C27 2019 08 15 18 00 00 1.721730222926e-04 6.939337993117e-12 0.000000000000e+00
     1.000000000000e+00 1.085156250000e+02 4.049454390315e-09 2.389122287733e+00
     5.398876965046e-06 5.887725856155e-04 3.050081431866e-06 5.282615272522e+03
     4.104000000000e+05-5.634501576424e-08 1.202932533848e+00-2.142041921616e-08
     9.644795626051e-01 3.034375000000e+02 1.023259262856e+00-7.093152601134e-09
     3.957307694893e-10 0.000000000000e+00 7.100000000000e+02 0.000000000000e+00
     2.000000000000e+00 0.000000000000e+00-5.700000000000e-09-5.700000000000e-09
     4.104000000000e+05 1.000000000000e+00                                      
C29 2019 08 15 18 00 00 1.048118574545e-04 5.209166431541e-12 0.000000000000e+00
     1.000000000000e+00 1.064218750000e+02 3.927663602954e-09 6.322512208297e-02
     5.219597369432e-06 2.546414034441e-04 3.137160092592e-06 5.282617401123e+03
     4.104000000000e+05 1.396983861923e-09 1.164882533462e+00 5.541369318962e-08
     9.638184362780e-01 2.972031250000e+02 1.775997749412e+00-7.087080919653e-09
     3.982308736286e-10 0.000000000000e+00 7.100000000000e+02 0.000000000000e+00
     2.000000000000e+00 0.000000000000e+00-1.300000000000e-09-1.300000000000e-09
     4.104000000000e+05 1.000000000000e+00                                      
C28 2019 08 15 18 00 00 1.662132563070e-04 6.698641641380e-12 0.000000000000e+00
     1.000000000000e+00 1.196250000000e+02 4.014452932360e-09 1.155711033350e+00
     5.690846592190e-06 2.544941380620e-04 2.981163561340e-06 5.282616445540e+03
     4.104000000000e+05 9.313225746150e-10 1.202813188990e+00-5.122274160390e-08
     9.643765892640e-01 3.037656250000e+02 3.043299620870e+00-7.158155308760e-09
     4.171602335410e-10 0.000000000000e+00 7.100000000000e+02 0.000000000000e+00
     2.000000000000e+00 0.000000000000e+00-7.499999732370e-09-7.500000000000e-09
     4.104000000000e+05 1.000000000000e+00                                      
C30 2019 08 15 18 00 00 1.760071609170e-04 6.349587522440e-12 0.000000000000e+00
     1.000000000000e+00 1.105468750000e+02 3.980165789880e-09 2.366183647400e+00
     5.549285560850e-06 3.180521307510e-04 3.267079591750e-06 5.282613513950e+03
     4.104000000000e+05-4.377216100690e-08 1.165451798770e+00 1.350417733190e-08
     9.637533247200e-01 2.957343750000e+02 2.692739209800e-01-7.052436619440e-09
     4.168030758070e-10 0.000000000000e+00 7.100000000000e+02 0.000000000000e+00
     2.000000000000e+00 0.000000000000e+00-1.090000001370e-08-1.090000000000e-08
     4.104000000000e+05 1.000000000000e+00                                      
C19 2019 08 15 18 00 00 1.733214594420e-04 9.357847829960e-12 0.000000000000e+00
     1.000000000000e+00-6.840625000000e+01 3.534432937600e-09 8.697678893920e-01
    -3.504566848280e-06 8.266918594020e-04 1.144409179690e-05 5.282629518510e+03
     4.104000000000e+05-9.918585419650e-08-3.013221824740e+00 2.328306436540e-09
     9.626115054560e-01 1.310937500000e+02-1.123990228080e+00-6.599203454740e-09
     2.428672592530e-11 0.000000000000e+00 7.100000000000e+02 0.000000000000e+00
     2.000000000000e+00 0.000000000000e+00 8.799999839940e-09 8.800000000000e-09
     4.104000000000e+05 1.000000000000e+00                                      
C22 2019 08 15 18 00 00 5.704583600160e-06-3.869526921110e-11 0.000000000000e+00
     1.000000000000e+00-6.048437500000e+01 3.576934707970e-09-7.780093284460e-01
    -3.009568899870e-06 6.858553970230e-04 1.181429252030e-05 5.282628721240e+03
     4.104000000000e+05-3.259629011150e-09-3.010619411970e+00-1.862645149230e-09
     9.619067402820e-01 1.237343750000e+02-2.642848100320e-01-6.550272845160e-09
     7.536028191540e-11 0.000000000000e+00 7.100000000000e+02 0.000000000000e+00
     2.000000000000e+00 0.000000000000e+00 1.250000014610e-08 1.250000000000e-08
     4.121400000000e+05 1.000000000000e+00                                      
C02 2019 08 15 18 00 00-3.043573815380e-05-2.376854268960e-11 0.000000000000e+00
     1.000000000000e+00-5.370312500000e+01-3.545861985100e-09 7.547148844930e-01
    -1.773238182070e-06 3.006937913600e-04-3.098603338000e-05 6.493348548890e+03
     4.104000000000e+05 1.690350472930e-07 1.753194534330e+00-5.587935447690e-09
     1.068513565710e-01 9.565156250000e+02-2.529511310450e+00 4.630192866120e-09
     5.500229106620e-11 0.000000000000e+00 7.100000000000e+02 0.000000000000e+00
     2.000000000000e+00 0.000000000000e+00 1.199999988270e-09-1.370000000000e-08
     4.104000000000e+05 0.000000000000e+00                                      
C14 2019 08 15 18 00 00 5.108704790470e-04-4.649614027130e-12 0.000000000000e+00
     1.000000000000e+00-7.557812500000e+01 3.651580674420e-09-5.933428620380e-01
    -3.717839717860e-06 2.024401095700e-03 1.247599720950e-05 5.282631219860e+03
     4.104000000000e+05 7.683411240580e-08-3.010847005450e+00-9.778887033460e-08
     9.599009303780e-01 1.049843750000e+02-1.963062557370e+00-6.709208036870e-09
     1.092902666640e-10 0.000000000000e+00 7.100000000000e+02 0.000000000000e+00
     2.000000000000e+00 0.000000000000e+00 5.800000035800e-09 6.000000000000e-10
     4.104000000000e+05 0.000000000000e+00                                      
C11 2019 08 15 18 00 00 2.115594688800e-04-2.102940044320e-11-1.084202172490e-19
     6.000000000000e+00 1.169062500000e+02 3.613721954600e-09 1.376144666220e+00
     5.749054253100e-06 1.945053110830e-03 2.832617610690e-06 5.282615953450e+03
     4.104000000000e+05-2.887099981310e-08 1.198260772260e+00-3.725290298460e-08
     9.884517940590e-01 3.172968750000e+02-2.295241433490e+00-6.958146977610e-09
     4.375182243900e-10 0.000000000000e+00 7.100000000000e+02 0.000000000000e+00
     2.000000000000e+00 0.000000000000e+00 3.600000075820e-09 1.200000000000e-09
     4.104000000000e+05 6.000000000000e+00                                      
C06 2019 08 15 18 00 00 4.732968518510e-04-2.546407529280e-11 0.000000000000e+00
     1.000000000000e+00 1.879843750000e+02 1.262195432650e-09-1.239339507530e+00
     5.743931978940e-06 8.097603917120e-03 1.944554969670e-05 6.494017702100e+03
     4.104000000000e+05 7.683411240580e-08-2.326649700950e+00 1.527369022370e-07
     9.451400650150e-01-3.582968750000e+02-2.202378685390e+00-1.889364413900e-09
     1.083616565550e-09 0.000000000000e+00 7.100000000000e+02 0.000000000000e+00
     2.000000000000e+00 0.000000000000e+00 7.999999773740e-09-1.900000000000e-09
     4.104000000000e+05 0.000000000000e+00                                      
C12 2019 08 15 18 00 00-2.287629758940e-04-8.359535286220e-12 0.000000000000e+00
     7.000000000000e+00 1.111875000000e+02 3.598007014290e-09 2.619224906490e+00
     5.538575351240e-06 2.447704551740e-03 3.008171916010e-06 5.282610593800e+03
     4.104000000000e+05 6.193295121190e-08 1.187547074150e+00-3.259629011150e-08
     9.872482206340e-01 3.188593750000e+02-2.349425021110e+00-6.849571026410e-09
     4.396611707950e-10 0.000000000000e+00 7.100000000000e+02 0.000000000000e+00
     2.000000000000e+00 0.000000000000e+00 2.499999984810e-09-4.000000000000e-10
     4.104000000000e+05 0.000000000000e+00                                      
C08 2019 08 15 18 00 00 1.662311842670e-04-1.715960706860e-12-5.149960319310e-19
     5.000000000000e+00-1.926718750000e+02 1.579708658350e-09 1.544426603750e+00
    -6.188172847030e-06 4.311323747970e-03-1.266272738580e-05 6.492976427080e+03
     4.104000000000e+05-6.891787052150e-08 1.842923903560e+00 1.797452569010e-07
     1.026533626080e+00 6.402031250000e+02-2.811921956360e+00-2.840475460060e-09
    -1.596495071860e-10 0.000000000000e+00 7.100000000000e+02 0.000000000000e+00
     2.000000000000e+00 0.000000000000e+00 1.069999999710e-08-8.000000000000e-10
     4.104000000000e+05 4.000000000000e+00                                      
C16 2019 08 15 18 00 00-8.775489404800e-04 2.235545082390e-12 0.000000000000e+00
     1.000000000000e+00 1.613281250000e+02 1.161119793870e-09-6.388989824440e-01
     4.898756742480e-06 2.277366002090e-03 2.038013190030e-05 6.493684789660e+03
     4.104000000000e+05 6.472691893580e-08-2.340642864940e+00 1.052394509320e-07
     9.607108705840e-01-3.846875000000e+02-2.832514139000e+00-1.787574459650e-09
     1.089331089300e-09 0.000000000000e+00 7.100000000000e+02 0.000000000000e+00
     2.000000000000e+00 0.000000000000e+00-2.900000017900e-09 4.400000000000e-09
     4.104000000000e+05 0.000000000000e+00                                      
C21 2019 08 15 18 00 00 3.596100723370e-04-1.660094284260e-11 0.000000000000e+00
     1.000000000000e+00-7.157812500000e+01 3.562648398610e-09-9.680167683210e-01
    -3.498513251540e-06 7.205784786490e-04 1.244200393560e-05 5.282636100770e+03
     4.104000000000e+05 2.514570951460e-08-3.010530106670e+00-2.793967723850e-09
     9.618975297500e-01 1.088281250000e+02-8.561894173260e-01-6.602775032080e-09
     9.071806448580e-11 0.000000000000e+00 7.100000000000e+02 0.000000000000e+00
     2.000000000000e+00 0.000000000000e+00 1.069999999710e-08 1.070000000000e-08
     4.104000000000e+05 1.000000000000e+00                                      
C26 2019 08 15 18 00 00 3.529111854730e-04 1.391065040930e-11 0.000000000000e+00
     1.000000000000e+00-3.764062500000e+01 4.131957826910e-09 2.457551164490e+00
    -1.900829374790e-06 4.901046631860e-04 5.976296961310e-06 5.282615634920e+03
     4.104000000000e+05 3.352761268620e-08-9.238847108890e-01 4.656612873080e-09
     9.562393239600e-01 2.379375000000e+02-1.123711191080e-01-6.934931724890e-09
    -4.914490422540e-10 0.000000000000e+00 7.100000000000e+02 0.000000000000e+00
     2.000000000000e+00 0.000000000000e+00-6.000000052350e-09-6.000000000000e-09
     4.104000000000e+05 1.000000000000e+00                                      
C01 2019 08 15 18 00 00 2.615635748950e-04 4.739941772410e-11 0.000000000000e+00
     1.000000000000e+00 3.310937500000e+02-4.268392081380e-09-2.274512504590e+00
     1.099752262230e-05 4.482626682150e-04-2.695666626100e-05 6.493355047230e+03
     4.104000000000e+05 5.960464477540e-08 1.472796075180e+00 7.543712854390e-08
     1.040700640330e-01 8.308125000000e+02 1.755146072900e+00 5.243075538000e-09
    -1.050043738540e-10 0.000000000000e+00 7.100000000000e+02 0.000000000000e+00
     2.000000000000e+00 0.000000000000e+00 1.420000028670e-08-1.040000000000e-08
     4.104000000000e+05 0.000000000000e+00                                      
C04 2019 08 15 18 00 00 1.327856443820e-04-1.858069254010e-11 0.000000000000e+00
     1.000000000000e+00 5.198437500000e+01-4.168387915800e-09-2.528629178160e+00
     1.874286681410e-06 4.181164549660e-04-2.729333937170e-05 6.493368761060e+03
     4.104000000000e+05 1.005828380580e-07 1.652024491810e+00 1.126900315280e-07
     1.031355168540e-01 8.357031250000e+02 2.178459399860e+00 5.253075954560e-09
     2.035799084920e-11 0.000000000000e+00 7.100000000000e+02 0.000000000000e+00
     2.000000000000e+00 0.000000000000e+00 5.299999994430e-09-8.400000000000e-09
     4.104000000000e+05 0.000000000000e+00                                      
C13 2019 08 15 18 00 00-9.143278002740e-04-2.672440047040e-11-7.860465750520e-19
     4.000000000000e+00-1.545781250000e+02 1.802575084490e-09 1.226633440810e+00
    -5.194917321210e-06 3.549221903090e-03-1.465529203410e-05 6.493268545150e+03
     4.104000000000e+05 1.583248376850e-08 1.826674994490e+00 6.658956408500e-08
     9.873884998490e-01 6.897968750000e+02-2.863398757860e+00-2.991553181630e-09
    -1.421487782100e-10 0.000000000000e+00 7.100000000000e+02 0.000000000000e+00
     2.000000000000e+00 0.000000000000e+00-8.699999831660e-09 2.700000000000e-09
     4.131000000000e+05 3.000000000000e+00                                      
C03 2019 08 15 18 00 00-1.920398790389e-04 8.995382216881e-11 0.000000000000e+00
     1.000000000000e+00 9.445312500000e+01-3.883733334931e-09-1.362416612246e+00
     3.226101398468e-06 6.045554764569e-04-2.922629937530e-05 6.493390438080e+03
     4.104000000000e+05 1.285225152969e-07 1.635320280214e+00 1.047737896442e-07
     1.041648260145e-01 8.995000000000e+02 1.672516277302e-01 4.870559955350e-09
    -1.785788639359e-12 0.000000000000e+00 7.100000000000e+02 0.000000000000e+00
     2.000000000000e+00 0.000000000000e+00 1.899999935162e-09-8.099999782019e-09
     4.104004000000e+05 0.000000000000e+00                                      
C35 2019 08 15 18 00 00-2.381217200309e-04-4.034372835804e-11 0.000000000000e+00
     1.000000000000e+00 1.094687500000e+02 4.030882188137e-09 9.873302552282e-01
     5.246605724096e-06 5.360359791666e-04 2.812594175339e-06 5.282612945557e+03
     4.104000000000e+05 2.281740307808e-08 1.169219266333e+00 2.887099981308e-08
     9.619055011908e-01 3.079843750000e+02 7.315015227746e-02-7.094938389805e-09
     3.785871982478e-10 0.000000000000e+00 7.100000000000e+02 0.000000000000e+00
     2.000000000000e+00 0.000000000000e+00-4.300000000000e-09-4.300000000000e-09
     4.104000000000e+05 0.000000000000e+00                                      
C36 2019 08 15 18 00 00-7.028839318082e-04-4.967759537067e-11 0.000000000000e+00
     1.000000000000e+00-4.179687500000e+01 4.030882188137e-09-4.392204588608e-01
    -1.973472535610e-06 9.958186419681e-04 6.090849637985e-06 5.282615947723e+03
     4.104000000000e+05-2.933666110039e-08-9.013446864755e-01 6.612390279770e-08
     9.564900110654e-01 2.357500000000e+02-1.910847353822e+00-6.909573525757e-09
    -4.335894893140e-10 0.000000000000e+00 7.100000000000e+02 0.000000000000e+00
     2.000000000000e+00 0.000000000000e+00-2.210000000000e-08-2.210000000000e-08
     4.104000000000e+05 0.000000000000e+00                                      
C05 2019 08 15 19 00 00-2.244617789984e-04-5.378275602652e-11 1.490777987168e-19
     1.000000000000e+00-3.229531250000e+02-3.088342927594e-09-8.024858701862e-01
    -1.053186133504e-05 5.328988190740e-04-2.910010516644e-05 6.493475666046e+03
     4.140000000000e+05 1.066364347935e-07 1.904615735347e+00-9.126961231232e-08
     1.141972124523e-01 8.978906250000e+02-1.305108731932e+00 4.158387499245e-09
     9.357532635937e-11 0.000000000000e+00 7.100000000000e+02 0.000000000000e+00
     2.000000000000e+00 0.000000000000e+00-3.000000000000e-10-9.100000000000e-09
     4.140004000000e+05 0.000000000000e+00                                      
C07 2019 08 15 19 00 00-6.775022484362e-05-2.364508588926e-11 0.000000000000e+00
     1.000000000000e+00-1.782812500000e+01 8.875369694773e-10-2.474490333895e+00
    -8.516944944859e-07 7.006253697909e-03 2.503255382180e-05 6.493924812317e+03
     4.140000000000e+05 4.516914486885e-08-2.993776444063e-01-1.108273863792e-07
     9.076958707078e-01-5.442031250000e+02-2.708888538024e+00-1.688641767279e-09
    -9.943271320019e-10 0.000000000000e+00 7.100000000000e+02 0.000000000000e+00
     2.000000000000e+00 0.000000000000e+00 1.470000000000e-08 7.000000000000e-10
     4.140000000000e+05 0.000000000000e+00                                      
C10 2019 08 15 19 00 00-8.430692832917e-05-3.529088132836e-11 0.000000000000e+00
     1.000000000000e+00-3.828125000000e+00 8.318203629427e-10-2.917517725455e+00
    -2.663582563400e-07 6.380813894793e-03 2.567376941442e-05 6.493233482361e+03
     4.140000000000e+05 4.284083843231e-08-3.071171686171e-01-6.798654794693e-08
     9.090900506553e-01-5.674218750000e+02-2.623266766276e+00-1.696142079697e-09
    -1.030757220890e-09 0.000000000000e+00 7.100000000000e+02 0.000000000000e+00
     2.000000000000e+00 0.000000000000e+00 6.000000000000e-09 2.600000000000e-09
     4.140000000000e+05 0.000000000000e+00                                      
C20 2019 08 15 19 00 00 2.680870238692e-05-3.259881253825e-11 0.000000000000e+00
     1.000000000000e+00-7.765625000000e+01 3.653723620826e-09 1.700323778179e+00
    -3.654044121504e-06 8.290597470477e-04 1.118518412113e-05 5.282631156921e+03
     4.140000000000e+05 6.053596735001e-08-3.012630327460e+00-4.470348358154e-08
     9.626116795431e-01 1.325625000000e+02-6.945840418819e-01-6.595631877399e-09
     4.643050544549e-11 0.000000000000e+00 7.100000000000e+02 0.000000000000e+00
     2.000000000000e+00 0.000000000000e+00 1.510000000000e-08 1.510000000000e-08
     4.140000000000e+05 1.000000000000e+00                                      
C23 2019 08 15 19 00 00-9.243810782209e-04-4.345857007593e-12 0.000000000000e+00
     1.000000000000e+00-4.187500000000e+01 4.096242053495e-09 2.639903705580e+00
    -2.042390406132e-06 4.393670242280e-04 6.215646862984e-06 5.282614891052e+03
     4.140000000000e+05 3.818422555923e-08-8.980680996154e-01 3.306195139885e-08
     9.551221285333e-01 2.322812500000e+02-2.147288353350e+00-6.920288257783e-09
    -4.878774649119e-10 0.000000000000e+00 7.100000000000e+02 0.000000000000e+00
     2.000000000000e+00 0.000000000000e+00 2.140000000000e-08 2.140000000000e-08
     4.140000000000e+05 1.000000000000e+00                                      
C25 2019 08 15 19 00 00-3.157849423587e-04-1.253486203723e-11 0.000000000000e+00
     1.000000000000e+00-4.096875000000e+01 4.056954702733e-09 1.556301743243e+00
    -1.906417310238e-06 2.284256042913e-04 6.068032234907e-06 5.282616254807e+03
     4.140000000000e+05-5.541369318962e-08-9.244508411682e-01 1.536682248116e-08
     9.561809228077e-01 2.367812500000e+02-2.835654427246e-01-6.867071755388e-09
    -5.035924052165e-10 0.000000000000e+00 7.100000000000e+02 0.000000000000e+00
     2.000000000000e+00 0.000000000000e+00-1.000000000000e-10-1.000000000000e-10
     4.140000000000e+05 1.000000000000e+00                                      
C29 2019 08 15 19 00 00 1.048312988132e-04 5.304201522449e-12 0.000000000000e+00
     1.000000000000e+00 1.080156250000e+02 3.899805299687e-09 5.513934988610e-01
     5.376990884542e-06 2.544805174693e-04 3.154389560223e-06 5.282616979599e+03
     4.140000000000e+05-3.259629011154e-08 1.164856866564e+00 3.213062882423e-08
     9.638199635645e-01 2.965937500000e+02 1.775398868786e+00-7.062794193728e-09
     4.203746531488e-10 0.000000000000e+00 7.100000000000e+02 0.000000000000e+00
     2.000000000000e+00 0.000000000000e+00-1.300000000000e-09-1.300000000000e-09
     4.140000000000e+05 1.000000000000e+00                                      
C27 2019 08 15 19 00 00 1.721982844170e-04 6.980194200420e-12 0.000000000000e+00
     1.000000000000e+00 1.176718750000e+02 3.995523572450e-09 2.876096598590e+00
     5.686655640600e-06 5.875823553650e-04 3.022141754630e-06 5.282617685320e+03
     4.140000000000e+05-2.700835466380e-08 1.202906821600e+00-5.820766091350e-08
     9.644808704540e-01 3.042968750000e+02 1.023855516080e+00-7.123511008540e-09
     4.189460222120e-10 0.000000000000e+00 7.100000000000e+02 0.000000000000e+00
     2.000000000000e+00 0.000000000000e+00-5.700000027530e-09-5.700000000000e-09
     4.140000000000e+05 1.000000000000e+00                                      
C30 2019 08 15 19 00 00 1.760300947350e-04 6.368239269250e-12 0.000000000000e+00
     1.000000000000e+00 1.113906250000e+02 3.980522947620e-09 2.854419312560e+00
     5.592126399280e-06 3.186090616510e-04 3.537628799680e-06 5.282612346650e+03
     4.140000000000e+05-4.423782229420e-08 1.165426408370e+00 7.916241884230e-09
     9.637548300630e-01 2.915000000000e+02 2.686090554340e-01-7.051722303970e-09
     4.182317067440e-10 0.000000000000e+00 7.100000000000e+02 0.000000000000e+00
     2.000000000000e+00 0.000000000000e+00-1.090000001370e-08-1.090000000000e-08
     4.140000000000e+05 1.000000000000e+00                                      
C19 2019 08 15 19 00 00 1.733561512080e-04 9.514167231830e-12 0.000000000000e+00
     1.000000000000e+00-6.867187500000e+01 3.507288949810e-09 1.357214291230e+00
    -3.445893526080e-06 8.267592638730e-04 1.125689595940e-05 5.282629745480e+03
     4.140000000000e+05 1.164153218270e-08-3.013245392350e+00 5.355104804040e-08
     9.626121213440e-01 1.319531250000e+02-1.123872091590e+00-6.489556030340e-09
     1.107188976010e-11 0.000000000000e+00 7.100000000000e+02 0.000000000000e+00
     2.000000000000e+00 0.000000000000e+00 8.799999839940e-09 8.800000000000e-09
     4.140000000000e+05 1.000000000000e+00                                      
C28 2019 08 15 19 00 00 1.662391005080e-04 6.925127138400e-12 0.000000000000e+00
     1.000000000000e+00 1.199218750000e+02 3.989451890970e-09 1.644867883400e+00
     5.688518285750e-06 2.545528113840e-04 2.683605998750e-06 5.282615640640e+03
     4.140000000000e+05 5.587935447690e-09 1.202787345080e+00-3.259629011150e-08
     9.643780931440e-01 3.066718750000e+02 3.041712822890e+00-7.159583939690e-09
     4.303750697060e-10 0.000000000000e+00 7.100000000000e+02 0.000000000000e+00
     2.000000000000e+00 0.000000000000e+00-7.499999732370e-09-7.500000000000e-09
     4.140000000000e+05 1.000000000000e+00                                      
C22 2019 08 15 19 00 00 5.565583705900e-06-3.864997211170e-11 0.000000000000e+00
     1.000000000000e+00-6.476562500000e+01 3.535147253070e-09-2.902082801570e-01
    -3.249850124120e-06 6.865274626760e-04 1.166993752120e-05 5.282630069730e+03
     4.140000000000e+05 7.450580596920e-09-3.010643213650e+00-7.310882210730e-08
     9.619072347490e-01 1.264687500000e+02-2.645206017050e-01-6.496342027290e-09
     9.786121916970e-11 0.000000000000e+00 7.100000000000e+02 0.000000000000e+00
     2.000000000000e+00 0.000000000000e+00 1.250000014610e-08 1.250000000000e-08
     4.140000000000e+05 1.000000000000e+00                                      
C09 2019 08 15 19 00 00-1.072016311810e-04 2.866151760370e-11 0.000000000000e+00
     1.000000000000e+00 1.995468750000e+02 1.285767843110e-09-1.204845164650e+00
     6.195157766340e-06 6.404410931280e-03 1.853145658970e-05 6.493358911510e+03
     4.140000000000e+05 7.124617695810e-08-2.284505860370e+00 1.331791281700e-07
     9.500350503500e-01-3.266562500000e+02-2.358069077810e+00-1.862934741570e-09
     1.094688455310e-09 0.000000000000e+00 7.100000000000e+02 0.000000000000e+00
     2.000000000000e+00 0.000000000000e+00 6.500000093720e-09 3.400000000000e-09
     4.140000000000e+05 0.000000000000e+00                                      
C14 2019 08 15 19 00 00 5.108537152410e-04-4.649614027130e-12 0.000000000000e+00
     2.000000000000e+00-7.029687500000e+01 3.619793636080e-09-1.056793719360e-01
    -3.424938768150e-06 2.025100169700e-03 1.257658004760e-05 5.282632631300e+03
     4.140000000000e+05 1.536682248120e-08-3.010870834920e+00-3.213062882420e-08
     9.599013794940e-01 1.037656250000e+02-1.963161751990e+00-6.665277635570e-09
     7.750322832060e-11 0.000000000000e+00 7.100000000000e+02 0.000000000000e+00
     2.000000000000e+00 0.000000000000e+00 5.800000035800e-09 6.000000000000e-10
     4.140000000000e+05 1.000000000000e+00                                      
C11 2019 08 15 19 00 00 2.114860108120e-04-2.143796251630e-11 0.000000000000e+00
     7.000000000000e+00 1.115781250000e+02 3.548362089240e-09 1.863263642120e+00
     5.574896931650e-06 1.944813760930e-03 2.699904143810e-06 5.282617710110e+03
     4.140000000000e+05-1.536682248120e-08 1.198235640790e+00-6.705522537230e-08
     9.884534881180e-01 3.214218750000e+02-2.294791652010e+00-6.932074463010e-09
     4.460900100110e-10 0.000000000000e+00 7.100000000000e+02 0.000000000000e+00
     2.000000000000e+00 0.000000000000e+00 3.600000075820e-09 1.200000000000e-09
     4.140000000000e+05 0.000000000000e+00                                      
C06 2019 08 15 19 00 00 4.732050001620e-04-2.549072064540e-11 0.000000000000e+00
     1.000000000000e+00 1.904843750000e+02 1.277910372950e-09-9.767636447550e-01
     5.839392542840e-06 8.098519407210e-03 1.886021345850e-05 6.494021099090e+03
     4.140000000000e+05 1.210719347000e-08-2.326656477190e+00 1.047737896440e-07
     9.451436242940e-01-3.433437500000e+02-2.202509233270e+00-1.925794502790e-09
     1.090402562500e-09 0.000000000000e+00 7.100000000000e+02 0.000000000000e+00
     2.000000000000e+00 0.000000000000e+00 7.999999773740e-09-1.900000000000e-09
     4.140000000000e+05 0.000000000000e+00                                      
C13 2019 08 15 19 00 00-9.144239593300e-04-2.673061771930e-11-7.860465750520e-19
     5.000000000000e+00-1.646875000000e+02 1.756501736780e-09 1.488743489990e+00
    -5.435664206740e-06 3.549152053890e-03-1.433771103620e-05 6.493272205350e+03
     4.140000000000e+05-3.958120942120e-08 1.826663926060e+00 1.029111444950e-07
     9.873880024560e-01 6.766093750000e+02-2.862970447630e+00-2.981195607330e-09
    -1.167905790820e-10 0.000000000000e+00 7.100000000000e+02 0.000000000000e+00
     2.000000000000e+00 0.000000000000e+00-8.699999831660e-09 2.700000000000e-09
     4.140000000000e+05 4.000000000000e+00                                      
C12 2019 08 15 19 00 00-2.287878887730e-04-7.531752999060e-12 0.000000000000e+00
     1.000000000000e+00 1.048281250000e+02 3.570505868760e-09 3.106824515350e+00
     5.073379725220e-06 2.448580577040e-03 3.069639205930e-06 5.282608846660e+03
     4.140000000000e+05 4.237517714500e-08 1.187522568810e+00 2.793967723850e-09
     9.872498942120e-01 3.177968750000e+02-2.349454493060e+00-6.822784196350e-09
     4.207318108830e-10 0.000000000000e+00 7.100000000000e+02 0.000000000000e+00
     2.000000000000e+00 0.000000000000e+00 2.499999984810e-09-4.000000000000e-10
     4.140000000000e+05 0.000000000000e+00                                      
C08 2019 08 15 19 00 00 1.662250142540e-04-1.719513420540e-12-5.149960319310e-19
     6.000000000000e+00-1.975156250000e+02 1.532563837440e-09 1.806902043050e+00
    -6.161164492370e-06 4.311177995990e-03-1.266086474060e-05 6.492977483750e+03
     4.140000000000e+05-1.625157892700e-07 1.842913227180e+00 1.345761120320e-07
     1.026533220850e+00 6.390937500000e+02-2.811824521630e+00-2.810117052650e-09
    -1.271481533740e-10 0.000000000000e+00 7.100000000000e+02 0.000000000000e+00
     2.000000000000e+00 0.000000000000e+00 1.069999999710e-08-8.000000000000e-10
     4.140000000000e+05 5.000000000000e+00                                      
C26 2019 08 15 19 00 00 3.529613604770e-04 1.392841397770e-11 0.000000000000e+00
     1.000000000000e+00-3.923437500000e+01 4.127671934100e-09 2.944972992230e+00
    -1.958105713130e-06 4.897349281240e-04 5.892012268300e-06 5.282616361620e+03
     4.140000000000e+05 1.629814505580e-08-9.239096199960e-01 3.026798367500e-08
     9.562374353330e-01 2.402343750000e+02-1.122222774340e-01-6.960289924010e-09
    -4.985921969380e-10 0.000000000000e+00 7.100000000000e+02 0.000000000000e+00
     2.000000000000e+00 0.000000000000e+00-6.000000052350e-09-6.000000000000e-09
     4.140000000000e+05 1.000000000000e+00                                      
C16 2019 08 15 19 00 00-8.775411406530e-04 2.212452443470e-12 0.000000000000e+00
     1.000000000000e+00 1.626250000000e+02 1.182906415660e-09-3.763585705590e-01
     4.952773451810e-06 2.277950407010e-03 2.002110704780e-05 6.493686241150e+03
     4.140000000000e+05 3.352761268620e-08-2.340649285690e+00 9.546056389810e-08
     9.607146434500e-01-3.783750000000e+02-2.832569336360e+00-1.803646557690e-09
     1.090759720230e-09 0.000000000000e+00 7.100000000000e+02 0.000000000000e+00
     2.000000000000e+00 0.000000000000e+00-2.900000017900e-09 4.400000000000e-09
     4.140000000000e+05 0.000000000000e+00                                      
C21 2019 08 15 19 00 00 3.595500020310e-04-1.654054671010e-11 0.000000000000e+00
     1.000000000000e+00-6.510937500000e+01 3.634794260910e-09-4.819031594640e-01
    -3.210734575990e-06 7.186923176050e-04 1.180497929450e-05 5.282631898880e+03
     4.140000000000e+05 4.656612873080e-09-3.010554009290e+00 2.328306436540e-08
     9.618978764620e-01 1.232968750000e+02-8.547398951870e-01-6.596703350600e-09
     1.139333172090e-10 0.000000000000e+00 7.100000000000e+02 0.000000000000e+00
     2.000000000000e+00 0.000000000000e+00 1.069999999710e-08 1.070000000000e-08
     4.140000000000e+05 1.000000000000e+00                                      
C24 2019 08 15 19 00 00-9.328799787910e-04 1.427036266930e-11 0.000000000000e+00
     1.000000000000e+00-3.953125000000e+01 4.143744032140e-09 2.622803049040e+00
    -1.976266503330e-06 2.719908952710e-04 6.175134330990e-06 5.282611938480e+03
     4.140000000000e+05 2.933666110040e-08-8.982440506240e-01-2.747401595120e-08
     9.551132310660e-01 2.357812500000e+02-5.500311139750e-01-6.918502469110e-09
    -5.378795476990e-10 0.000000000000e+00 7.100000000000e+02 0.000000000000e+00
     2.000000000000e+00 0.000000000000e+00 1.170000007990e-08 1.170000000000e-08
     4.140000000000e+05 1.000000000000e+00                                      
C01 2019 08 15 19 00 00 2.617340069260e-04 4.738076597730e-11 0.000000000000e+00
     1.000000000000e+00-2.251562500000e+01-4.569118893570e-09-2.021746787580e+00
    -5.471520125870e-07 4.497269401330e-04-2.788938581940e-05 6.493343944550e+03
     4.140000000000e+05 1.355074346070e-07 1.693143565590e+00 4.284083843230e-08
     9.949192627240e-02 8.544843750000e+02 1.544412856710e+00 5.617376843440e-09
     1.142904749430e-11 0.000000000000e+00 7.100000000000e+02 0.000000000000e+00
     2.000000000000e+00 0.000000000000e+00 1.420000028670e-08-1.040000000000e-08
     4.140000000000e+05 0.000000000000e+00                                      
C04 2019 08 15 19 00 00 1.327187055720e-04-1.859135068120e-11 0.000000000000e+00
     1.000000000000e+00-2.904843750000e+02-3.826587964180e-09-2.276883343270e+00
    -9.361188858750e-06 4.211065825070e-04-2.373522147540e-05 6.493355726240e+03
     4.140000000000e+05 1.490116119380e-07 1.874379995270e+00 8.288770914080e-08
     1.026637213850e-01 7.221093750000e+02 1.966700571300e+00 4.995922385930e-09
     1.307197307160e-10 0.000000000000e+00 7.100000000000e+02 0.000000000000e+00
     2.000000000000e+00 0.000000000000e+00 5.299999994430e-09-8.400000000000e-09
     4.140000000000e+05 0.000000000000e+00                                      
C02 2019 08 15 19 00 00-3.052246756852e-05-2.391775666410e-11 0.000000000000e+00
     1.000000000000e+00-4.415468750000e+02-3.304780449298e-09 1.009814675589e+00
    -1.433398574591e-05 3.016933333129e-04-2.672942355275e-05 6.493354434967e+03
     4.140000000000e+05 1.369044184685e-07 1.964983466820e+00-5.261972546577e-08
     1.085782494399e-01 8.230625000000e+02-2.734105908794e+00 4.343037929289e-09
     1.789360187798e-10 0.000000000000e+00 7.100000000000e+02 0.000000000000e+00
     2.000000000000e+00 0.000000000000e+00 1.199999988266e-09-1.370000024536e-08
     4.140004000000e+05 0.000000000000e+00                                      
C03 2019 08 15 19 00 00-1.917160116136e-04 8.995826306091e-11 0.000000000000e+00
     1.000000000000e+00-3.232968750000e+02-3.957664862497e-09-1.096319394469e+00
    -1.029297709465e-05 6.059865700081e-04-2.739159390330e-05 6.493396718979e+03
     4.140000000000e+05 1.057051122189e-07 1.855773366970e+00 2.002343535423e-08
     1.032881079871e-01 8.396875000000e+02-5.696679950157e-02 4.896275385136e-09
     1.310768854568e-10 0.000000000000e+00 7.100000000000e+02 0.000000000000e+00
     2.000000000000e+00 0.000000000000e+00 1.899999935162e-09-8.099999782019e-09
     4.140004000000e+05 0.000000000000e+00                                      
C34 2019 08 15 19 00 00-8.908100426197e-07-2.841904489514e-11 0.000000000000e+00
     1.000000000000e+00 1.170625000000e+02 4.026239137592e-09-5.302589013088e-01
     5.875714123249e-06 4.065522225574e-04 2.620276063681e-06 5.282619125366e+03
     4.140000000000e+05 5.634501576424e-08 1.169354002551e+00-3.771856427193e-08
     9.618356146684e-01 3.119531250000e+02 5.002518036213e-01-7.154226573682e-09
     4.439470636057e-10 0.000000000000e+00 7.100000000000e+02 0.000000000000e+00
     2.000000000000e+00 0.000000000000e+00-7.300000000000e-09-7.300000000000e-09
     4.144200000000e+05 0.000000000000e+00                                      
C35 2019 08 15 19 00 00-2.382666571066e-04-4.030287215073e-11 0.000000000000e+00
     1.000000000000e+00 1.101718750000e+02 3.946592962867e-09 1.472676007644e+00
     5.261972546577e-06 5.361719522625e-04 3.031454980373e-06 5.282615272522e+03
     4.140000000000e+05 1.955777406693e-08 1.169193678433e+00 4.190951585770e-08
     9.619068602417e-01 2.990781250000e+02 7.537547157666e-02-7.094224074337e-09
     3.871589838686e-10 0.000000000000e+00 7.100000000000e+02 0.000000000000e+00
     2.000000000000e+00 0.000000000000e+00-4.300000000000e-09-4.300000000000e-09
     4.140000000000e+05 0.000000000000e+00                                      
C05 2019 08 15 20 00 00-2.246553776786e-04-5.378453238336e-11 1.219727444046e-19
     1.000000000000e+00-6.518750000000e+02-2.820474626946e-09-5.403161792976e-01
    -2.118805423379e-05 5.326650571078e-04-2.271262928843e-05 6.493474960327e+03
     4.176000000000e+05 7.171183824539e-08 2.105535040214e+00-1.182779669762e-07
     1.132530773081e-01 7.009062500000e+02-1.505991019119e+00 3.889804883130e-09
     2.014369620866e-10 0.000000000000e+00 7.100000000000e+02 0.000000000000e+00
     2.000000000000e+00 0.000000000000e+00-3.000000000000e-10-9.100000000000e-09
     4.176004000000e+05 0.000000000000e+00                                      
C07 2019 08 15 20 00 00-6.783439312130e-05-2.350919459104e-11 0.000000000000e+00
     1.000000000000e+00-2.942187500000e+01 9.771835607605e-10-2.212660955787e+00
    -1.196283847094e-06 7.008844520897e-03 2.337573096156e-05 6.493912643433e+03
     4.176000000000e+05 6.332993507385e-08-2.993839130102e-01-7.357448339462e-08
     9.076922616889e-01-4.894843750000e+02-2.708263536996e+00-1.691499029153e-09
    -9.775407184947e-10 0.000000000000e+00 7.100000000000e+02 0.000000000000e+00
     2.000000000000e+00 0.000000000000e+00 1.470000000000e-08 7.000000000000e-10
     4.176000000000e+05 0.000000000000e+00                                      
C10 2019 08 15 20 00 00-8.443300612271e-05-3.517719449064e-11 0.000000000000e+00
     1.000000000000e+00-2.529687500000e+01 8.693219250333e-10-2.655203675274e+00
    -9.583309292793e-07 6.382864085026e-03 2.511544153094e-05 6.493227521896e+03
     4.176000000000e+05 5.029141902924e-08-3.071233026326e-01-7.450580596924e-08
     9.090863363063e-01-5.499687500000e+02-2.623042537507e+00-1.698285026102e-09
    -1.028971432219e-09 0.000000000000e+00 7.100000000000e+02 0.000000000000e+00
     2.000000000000e+00 0.000000000000e+00 6.000000000000e-09 2.600000000000e-09
     4.176000000000e+05 0.000000000000e+00                                      
C19 2019 08 15 20 00 00 1.733895624056e-04 9.399592215686e-12 0.000000000000e+00
     1.000000000000e+00-7.665625000000e+01 3.619079320609e-09 1.846032246059e+00
    -3.672670572996e-06 8.270468097180e-04 1.127924770117e-05 5.282627670288e+03
     4.176000000000e+05 7.916241884232e-09-3.013269153064e+00-6.286427378654e-08
     9.626119092213e-01 1.308437500000e+02-1.125125256475e+00-6.565273469992e-09
     4.428755904031e-11 0.000000000000e+00 7.100000000000e+02 0.000000000000e+00
     2.000000000000e+00 0.000000000000e+00 8.800000000000e-09 8.800000000000e-09
     4.184700000000e+05 1.000000000000e+00                                      
C20 2019 08 15 20 00 00 2.669077366590e-05-3.268585402338e-11 0.000000000000e+00
     1.000000000000e+00-7.700000000000e+01 3.651580674421e-09 2.186793124826e+00
    -3.595836460590e-06 8.283657953143e-04 1.168996095657e-05 5.282633390427e+03
     4.176000000000e+05 8.335337042809e-08-3.012654437813e+00 4.190951585770e-08
     9.626118360754e-01 1.242968750000e+02-6.934884376627e-01-6.602417874349e-09
     1.110760553350e-10 0.000000000000e+00 7.100000000000e+02 0.000000000000e+00
     2.000000000000e+00 0.000000000000e+00 1.510000000000e-08 1.510000000000e-08
     4.176000000000e+05 1.000000000000e+00                                      
C23 2019 08 15 20 00 00-9.243978420272e-04-4.501288231040e-12 0.000000000000e+00
     1.000000000000e+00-4.223437500000e+01 4.084098690532e-09 3.127462509264e+00
    -2.047047019005e-06 4.394161514938e-04 6.213784217834e-06 5.282614803314e+03
     4.176000000000e+05-1.862645149231e-08-8.980927702659e-01 4.889443516731e-08
     9.551204695842e-01 2.325156250000e+02-2.147276528584e+00-6.890287008111e-09
    -5.232360805973e-10 0.000000000000e+00 7.100000000000e+02 0.000000000000e+00
     2.000000000000e+00 0.000000000000e+00 2.140000000000e-08 2.140000000000e-08
     4.176000000000e+05 1.000000000000e+00                                      
C25 2019 08 15 20 00 00-3.158311592415e-04-1.266808880018e-11 0.000000000000e+00
     1.000000000000e+00-4.015625000000e+01 4.106599627787e-09 2.044993082513e+00
    -1.918058842421e-06 2.285540103912e-04 6.106216460466e-06 5.282615707397e+03
     4.176000000000e+05-2.002343535423e-08-9.244752572709e-01-4.936009645462e-08
     9.561790707535e-01 2.388906250000e+02-2.846866889719e-01-6.877786487414e-09
    -5.568089076117e-10 0.000000000000e+00 7.100000000000e+02 0.000000000000e+00
     2.000000000000e+00 0.000000000000e+00-1.000000000000e-10-1.000000000000e-10
     4.176000000000e+05 1.000000000000e+00                                      
C29 2019 08 15 20 00 00 1.048500416800e-04 5.274003456179e-12 0.000000000000e+00
     1.000000000000e+00 1.126406250000e+02 3.899805299687e-09 1.042312890161e+00
     5.645211786032e-06 2.539593260735e-04 3.477558493614e-06 5.282615022659e+03
     4.176000000000e+05-2.514570951462e-08 1.164831397160e+00 1.117587089539e-08
     9.638215639968e-01 2.910312500000e+02 1.772049020452e+00-7.044221991549e-09
     4.271606500985e-10 0.000000000000e+00 7.100000000000e+02 0.000000000000e+00
     2.000000000000e+00 0.000000000000e+00-1.300000000000e-09-1.300000000000e-09
     4.176000000000e+05 1.000000000000e+00                                      
C27 2019 08 15 20 00 00 1.722220331430e-04 6.806111230160e-12 0.000000000000e+00
     1.000000000000e+00 1.202968750000e+02 3.949093067010e-09-2.919464550500e+00
     5.700625479220e-06 5.871634930370e-04 2.984423190360e-06 5.282618482590e+03
     4.176000000000e+05 3.259629011150e-09 1.202881034740e+00-4.237517714500e-08
     9.644823538530e-01 3.023437500000e+02 1.023800991660e+00-7.134225740570e-09
     4.418041172010e-10 0.000000000000e+00 7.100000000000e+02 0.000000000000e+00
     2.000000000000e+00 0.000000000000e+00-5.700000027530e-09-5.700000000000e-09
     4.176000000000e+05 1.000000000000e+00                                      
C30 2019 08 15 20 00 00 1.760526793080e-04 6.332712132460e-12 0.000000000000e+00
     1.000000000000e+00 1.165000000000e+02 3.948735909270e-09-2.940618912080e+00
     5.759764462710e-06 3.178088227290e-04 3.437045961620e-06 5.282613946910e+03
     4.176000000000e+05-4.842877388000e-08 1.165400931650e+00-2.514570951460e-08
     9.637562198350e-01 2.948281250000e+02 2.680331119010e-01-7.077437660830e-09
     4.296607542380e-10 0.000000000000e+00 7.100000000000e+02 0.000000000000e+00
     2.000000000000e+00 0.000000000000e+00-1.090000001370e-08-1.090000000000e-08
     4.176000000000e+05 1.000000000000e+00                                      
C09 2019 08 15 20 00 00-1.070982543750e-04 2.868727477790e-11 0.000000000000e+00
     1.000000000000e+00 1.995781250000e+02 1.307911622630e-09-9.422475073160e-01
     6.183981895450e-06 6.404873332940e-03 1.821340993050e-05 6.493360498430e+03
     4.176000000000e+05 5.122274160390e-09-2.284512493240e+00 1.243315637110e-07
     9.500386886280e-01-3.195156250000e+02-2.358141559550e+00-1.895436095380e-09
     1.095759928510e-09 0.000000000000e+00 7.100000000000e+02 0.000000000000e+00
     2.000000000000e+00 0.000000000000e+00 6.500000093720e-09 3.400000000000e-09
     4.176000000000e+05 0.000000000000e+00                                      
C22 2019 08 15 20 00 00 5.425186827780e-06-3.881428511930e-11 0.000000000000e+00
     1.000000000000e+00-6.642187500000e+01 3.552290824310e-09 1.972038440460e-01
    -3.326684236530e-06 6.873543607070e-04 1.137005165220e-05 5.282631702420e+03
     4.176000000000e+05-4.330649971960e-08-3.010666567670e+00 8.847564458850e-09
     9.619072640070e-01 1.323125000000e+02-2.643682724340e-01-6.560987577180e-09
     7.786038605470e-11 0.000000000000e+00 7.100000000000e+02 0.000000000000e+00
     2.000000000000e+00 0.000000000000e+00 1.250000014610e-08 1.250000000000e-08
     4.176000000000e+05 1.000000000000e+00                                      
C14 2019 08 15 20 00 00 5.108386976640e-04-4.453326596380e-12 1.029992063860e-18
     3.000000000000e+00-7.034375000000e+01 3.701582757210e-09 3.822320374300e-01
    -3.420747816560e-06 2.023390261460e-03 1.204200088980e-05 5.282629030230e+03
     4.176000000000e+05 2.002343535420e-08-3.010895063770e+00 2.514570951460e-08
     9.599016603740e-01 1.173750000000e+02-1.963508890750e+00-6.667063424240e-09
     1.189335254870e-10 0.000000000000e+00 7.100000000000e+02 0.000000000000e+00
     2.000000000000e+00 0.000000000000e+00 5.800000035800e-09 6.000000000000e-10
     4.176000000000e+05 2.000000000000e+00                                      
C11 2019 08 15 20 00 00 2.114096423610e-04-2.125943865390e-11 0.000000000000e+00
     6.000000000000e+00 1.107968750000e+02 3.496217060050e-09 2.350851518380e+00
     5.536712706090e-06 1.944925170390e-03 2.803280949590e-06 5.282617519380e+03
     4.176000000000e+05 6.007030606270e-08 1.198210712660e+00-6.053596735000e-08
     9.884554323360e-01 3.208437500000e+02-2.294811663270e+00-6.866000282190e-09
     4.450185368080e-10 0.000000000000e+00 7.100000000000e+02 0.000000000000e+00
     2.000000000000e+00 0.000000000000e+00 3.600000075820e-09 1.200000000000e-09
     4.176000000000e+05 0.000000000000e+00                                      
C06 2019 08 15 20 00 00 4.731131484730e-04-2.549338518070e-11 0.000000000000e+00
     1.000000000000e+00 2.079531250000e+02 1.251837858360e-09-7.141327704050e-01
     6.450805813070e-06 8.100685896350e-03 1.807836815710e-05 6.494027509690e+03
     4.176000000000e+05 3.213062882420e-08-2.326663421660e+00 7.683411240580e-08
     9.451474937130e-01-3.208906250000e+02-2.202694963890e+00-1.929723237860e-09
     1.095759928510e-09 0.000000000000e+00 7.100000000000e+02 0.000000000000e+00
     2.000000000000e+00 0.000000000000e+00 7.999999773740e-09-1.900000000000e-09
     4.176000000000e+05 0.000000000000e+00                                      
C08 2019 08 15 20 00 00 1.662188442420e-04-1.723066134220e-12-5.149960319310e-19
     7.000000000000e+00-1.851718750000e+02 1.507205638310e-09 2.069702030730e+00
    -5.604233592750e-06 4.311937955210e-03-1.244107261300e-05 6.492974494930e+03
     4.176000000000e+05-2.086162567140e-07 1.842902700020e+00 3.539025783540e-08
     1.026533058470e+00 6.337812500000e+02-2.812052273100e+00-2.770115386420e-09
    -1.000041655750e-10 0.000000000000e+00 7.100000000000e+02 0.000000000000e+00
     2.000000000000e+00 0.000000000000e+00 1.069999999710e-08-8.000000000000e-10
     4.176000000000e+05 6.000000000000e+00                                      
C26 2019 08 15 20 00 00 3.530116518960e-04 1.394973025980e-11 0.000000000000e+00
     1.000000000000e+00-3.876562500000e+01 4.128743407310e-09-2.850511627230e+00
    -1.930166035890e-06 4.894371377300e-04 5.784444510940e-06 5.282616952900e+03
     4.176000000000e+05 9.313225746150e-10-9.239346988000e-01 2.328306436540e-08
     9.562355686500e-01 2.424062500000e+02-1.123525049390e-01-6.975290548850e-09
    -4.964492505330e-10 0.000000000000e+00 7.100000000000e+02 0.000000000000e+00
     2.000000000000e+00 0.000000000000e+00-6.000000052350e-09-6.000000000000e-09
     4.176000000000e+05 1.000000000000e+00                                      
C21 2019 08 15 20 00 00 3.594891168180e-04-1.670219518250e-11 0.000000000000e+00
     1.000000000000e+00-6.112500000000e+01 3.643723204270e-09 5.552341723030e-03
    -3.022141754630e-06 7.181183900680e-04 1.172861084340e-05 5.282630784990e+03
     4.176000000000e+05-1.769512891770e-08-3.010577849010e+00 1.257285475730e-08
     9.618983387440e-01 1.250156250000e+02-8.546308273300e-01-6.582417041230e-09
     1.275053111080e-10 0.000000000000e+00 7.100000000000e+02 0.000000000000e+00
     2.000000000000e+00 0.000000000000e+00 1.069999999710e-08 1.070000000000e-08
     4.176000000000e+05 1.000000000000e+00                                      
C24 2019 08 15 20 00 00-9.328321320940e-04 1.380762171270e-11 0.000000000000e+00
     1.000000000000e+00-4.043750000000e+01 4.172673808610e-09 3.110418346230e+00
    -2.078246325250e-06 2.718342002480e-04 6.123911589380e-06 5.282612245560e+03
     4.176000000000e+05 4.051253199580e-08-8.982688119760e-01 1.769512891770e-08
     9.551111507960e-01 2.364531250000e+02-5.500746986930e-01-6.952075296130e-09
    -5.571660653460e-10 0.000000000000e+00 7.100000000000e+02 0.000000000000e+00
     2.000000000000e+00 0.000000000000e+00 1.170000007990e-08 1.170000000000e-08
     4.176000000000e+05 1.000000000000e+00                                      
C01 2019 08 15 20 00 00 2.619040897120e-04 4.731326441740e-11 0.000000000000e+00
     1.000000000000e+00-3.628750000000e+02-4.473757778540e-09-1.771541898440e+00
    -1.174304634330e-05 4.501440562310e-04-2.327049151060e-05 6.493330575940e+03
     4.176000000000e+05 1.597218215470e-07 1.923020630170e+00 1.676380634310e-08
     9.407322211590e-02 7.076875000000e+02 1.326777830010e+00 5.611305161950e-09
     1.250052069690e-10 0.000000000000e+00 7.100000000000e+02 0.000000000000e+00
     2.000000000000e+00 0.000000000000e+00 1.420000028670e-08-1.040000000000e-08
     4.176000000000e+05 0.000000000000e+00                                      
C13 2019 08 15 20 00 00-9.145202348010e-04-2.673594678980e-11-7.860465750520e-19
     6.000000000000e+00-1.738125000000e+02 1.706499653990e-09 1.751027983380e+00
    -5.552545189860e-06 3.548907348890e-03-1.426693052050e-05 6.493274435040e+03
     4.176000000000e+05-1.112930476670e-07 1.826652867860e+00 9.313225746150e-08
     9.873876689110e-01 6.719375000000e+02-2.862717321840e+00-2.962623405160e-09
    -9.214669542260e-11 0.000000000000e+00 7.100000000000e+02 0.000000000000e+00
     2.000000000000e+00 0.000000000000e+00-8.699999831660e-09 2.700000000000e-09
     4.176300000000e+05 5.000000000000e+00                                      
C12 2019 08 15 20 00 00-2.288150135430e-04-7.531752999060e-12 0.000000000000e+00
     2.000000000000e+00 1.069531250000e+02 3.496217060050e-09-2.688687599660e+00
     5.022622644900e-06 2.448127721440e-03 3.045890480280e-06 5.282609828950e+03
     4.176000000000e+05 2.980232238770e-08 1.187498060540e+00-4.656612873080e-10
     9.872514171100e-01 3.143750000000e+02-2.349557119680e+00-6.818498303540e-09
     4.125171829960e-10 0.000000000000e+00 7.100000000000e+02 0.000000000000e+00
     2.000000000000e+00 0.000000000000e+00 2.499999984810e-09-4.000000000000e-10
     4.176300000000e+05 1.000000000000e+00                                      
C16 2019 08 15 20 00 00-8.775339229030e-04 2.113864638890e-12 0.000000000000e+00
     1.000000000000e+00 1.799531250000e+02 1.156833901060e-09-1.138841757790e-01
     5.548354238270e-06 2.280639717360e-03 1.921271905300e-05 6.493692737580e+03
     4.176000000000e+05 2.468004822730e-08-2.340655797140e+00 8.288770914080e-08
     9.607185011650e-01-3.550000000000e+02-2.832558267920e+00-1.810432554640e-09
     1.092545508910e-09 0.000000000000e+00 7.100000000000e+02 0.000000000000e+00
     2.000000000000e+00 0.000000000000e+00-2.900000017900e-09 4.400000000000e-09
     4.176300000000e+05 0.000000000000e+00                                      
C04 2019 08 15 20 00 00 1.326519995930e-04-1.855227083070e-11 0.000000000000e+00
     1.000000000000e+00-5.654531250000e+02-3.028697585980e-09-2.020014190800e+00
    -1.843413338070e-05 4.219633992760e-04-1.651141792540e-05 6.493349643710e+03
     4.176000000000e+05 8.568167686460e-08 2.098405355350e+00 4.330649971960e-08
     1.012898291850e-01 4.988906250000e+02 1.748163471280e+00 4.232319150220e-09
     2.310810540250e-10 0.000000000000e+00 7.100000000000e+02 0.000000000000e+00
     2.000000000000e+00 0.000000000000e+00 5.299999994430e-09-8.400000000000e-09
     4.176300000000e+05 0.000000000000e+00                                      
C02 2019 08 15 20 00 00-3.060908056796e-05-2.398437004558e-11 0.000000000000e+00
     1.000000000000e+00-7.406718750000e+02-2.928336240160e-09 1.259358371114e+00
    -2.404255792499e-05 3.024297766387e-04-1.728441566229e-05 6.493364027023e+03
     4.176000000000e+05 7.543712854385e-08 2.175081896526e+00-8.335337042809e-08
     1.091238915510e-01 5.275625000000e+02-2.931470821584e+00 3.887661748081e-09
     2.892977524205e-10 0.000000000000e+00 7.100000000000e+02 0.000000000000e+00
     2.000000000000e+00 0.000000000000e+00 1.199999988266e-09-1.370000024536e-08
     4.176004000000e+05 0.000000000000e+00                                      
C03 2019 08 15 20 00 00-1.913922606036e-04 8.995115763355e-11 0.000000000000e+00
     1.000000000000e+00-6.422812500000e+02-3.670867165795e-09-8.349751287742e-01
    -2.073310315609e-05 6.051121745259e-04-2.040900290012e-05 6.493394014359e+03
     4.176000000000e+05 7.636845111847e-08 2.078607341196e+00-5.681067705154e-08
     1.014750609465e-01 6.222031250000e+02-2.787964365792e-01 4.623406990589e-09
     2.464388415557e-10 0.000000000000e+00 7.100000000000e+02 0.000000000000e+00
     2.000000000000e+00 0.000000000000e+00 1.899999935162e-09-8.099999782019e-09
     4.176004000000e+05 0.000000000000e+00                                      
C34 2019 08 15 20 00 00-9.963987395167e-07-2.897149187220e-11 0.000000000000e+00
     1.000000000000e+00 1.113593750000e+02 4.009452724085e-09-4.281818290919e-02
     5.541369318962e-06 4.055436002091e-04 2.890359610319e-06 5.282617156982e+03
     4.176000000000e+05 7.171183824539e-08 1.169328408799e+00 2.002343535423e-08
     9.618374257609e-01 3.073437500000e+02 5.003803560846e-01-7.106367437299e-09
     4.260891768959e-10 0.000000000000e+00 7.100000000000e+02 0.000000000000e+00
     2.000000000000e+00 0.000000000000e+00-7.300000000000e-09-7.300000000000e-09
     4.176000000000e+05 0.000000000000e+00                                      
C35 2019 08 15 20 00 00-2.384115941823e-04-4.027711497656e-11 0.000000000000e+00
     1.000000000000e+00 1.073281250000e+02 3.886947621256e-09 1.959227292332e+00
     5.241483449936e-06 5.360132781789e-04 3.086868673563e-06 5.282616373062e+03
     4.176000000000e+05-1.117587089539e-08 1.169168014461e+00 4.936009645462e-08
     9.619082909756e-01 2.958125000000e+02 7.639430185503e-02-7.082080711374e-09
     4.075169747177e-10 0.000000000000e+00 7.100000000000e+02 0.000000000000e+00
     2.000000000000e+00 0.000000000000e+00-4.300000000000e-09-4.300000000000e-09
     4.176000000000e+05 0.000000000000e+00                                      
C28 2019 08 15 20 00 00 1.662613358350e-04 6.574296662620e-12 0.000000000000e+00
     1.000000000000e+00 1.212812500000e+02 3.955879063960e-09 2.133508035160e+00
     5.891080945730e-06 2.546843606980e-04 2.495944499970e-06 5.282615047450e+03
     4.176000000000e+05 4.190951585770e-09 1.202761568460e+00-3.166496753690e-08
     9.643796438370e-01 3.082968750000e+02 3.040642897270e+00-7.158869624230e-09
     4.310893851750e-10 0.000000000000e+00 7.100000000000e+02 0.000000000000e+00
     2.000000000000e+00 0.000000000000e+00-7.499999732370e-09-7.500000000000e-09
     4.176000000000e+05 1.000000000000e+00                                      
C05 2019 08 15 21 00 00-2.248489763588e-04-5.378453238336e-11 9.486769009248e-20
     1.000000000000e+00-8.570937500000e+02-2.486174987739e-09-2.769359236985e-01
    -2.790428698063e-05 5.357740446925e-04-1.166388392448e-05 6.493482532501e+03
     4.212000000000e+05 1.396983861923e-08 2.308526343251e+00-1.192092895508e-07
     1.109241804831e-01 3.572656250000e+02-1.710130913268e+00 3.489788220830e-09
     2.975123925853e-10 0.000000000000e+00 7.100000000000e+02 0.000000000000e+00
     2.000000000000e+00 0.000000000000e+00-3.000000000000e-10-9.100000000000e-09
     4.212004000000e+05 0.000000000000e+00                                      
C07 2019 08 15 21 00 00-6.791844498366e-05-2.342925853327e-11 0.000000000000e+00
     1.000000000000e+00-1.609375000000e+01 1.057901208689e-09-1.950772772762e+00
    -8.079223334789e-07 7.009989465587e-03 2.213800325990e-05 6.493902696609e+03
     4.212000000000e+05 5.401670932770e-08-2.993900835987e-01-6.053596735001e-08
     9.076887404451e-01-4.461875000000e+02-2.707695449332e+00-1.689713240482e-09
    -9.711118792792e-10 0.000000000000e+00 7.100000000000e+02 0.000000000000e+00
     2.000000000000e+00 0.000000000000e+00 1.470000000000e-08 7.000000000000e-10
     4.212000000000e+05 0.000000000000e+00                                      
C10 2019 08 15 21 00 00-8.456083014607e-05-3.532552028673e-11 0.000000000000e+00
     1.000000000000e+00-4.404687500000e+01 9.539683080377e-10-2.393210043650e+00
    -1.516193151474e-06 6.385837565176e-03 2.372311428189e-05 6.493216575623e+03
     4.212000000000e+05 7.497146725655e-08-3.071295770882e-01-4.889443516731e-08
     9.090826029394e-01-5.032656250000e+02-2.622497288921e+00-1.702928076647e-09
    -1.015399438319e-09 0.000000000000e+00 7.100000000000e+02 0.000000000000e+00
     2.000000000000e+00 0.000000000000e+00 6.000000000000e-09 2.600000000000e-09
     4.212000000000e+05 0.000000000000e+00                                      
C19 2019 08 15 21 00 00 1.734232064337e-04 9.349854224183e-12 0.000000000000e+00
     1.000000000000e+00-7.803125000000e+01 3.663366879649e-09 2.333759907062e+00
    -3.661960363388e-06 8.270895341411e-04 1.134676858783e-05 5.282627429962e+03
     4.212000000000e+05 8.009374141693e-08-3.013293121514e+00-2.607703208923e-08
     9.626119955334e-01 1.310156250000e+02-1.125287118120e+00-6.591345984589e-09
     9.821837690392e-11 0.000000000000e+00 7.100000000000e+02 0.000000000000e+00
     2.000000000000e+00 0.000000000000e+00 8.800000000000e-09 8.800000000000e-09
     4.212000000000e+05 1.000000000000e+00                                      
C20 2019 08 15 21 00 00 2.657377626747e-05-3.260591796561e-11 0.000000000000e+00
     1.000000000000e+00-8.789062500000e+01 3.591935332810e-09 2.673127006721e+00
    -4.171859472990e-06 8.264747448266e-04 1.228740438819e-05 5.282637571335e+03
     4.212000000000e+05 0.000000000000e+00-3.012678577424e+00 7.823109626770e-08
     9.626123378563e-01 1.130468750000e+02-6.922581206322e-01-6.572059466942e-09
     1.721500278825e-10 0.000000000000e+00 7.100000000000e+02 0.000000000000e+00
     2.000000000000e+00 0.000000000000e+00 1.510000000000e-08 1.510000000000e-08
     4.212000000000e+05 1.000000000000e+00                                      
C23 2019 08 15 21 00 00-9.244142565876e-04-4.610534176663e-12 0.000000000000e+00
     1.000000000000e+00-4.259375000000e+01 4.108742574192e-09-2.668447453627e+00
    -2.046581357718e-06 4.396595759317e-04 6.197486072779e-06 5.282614269257e+03
     4.212000000000e+05-4.190951585770e-08-8.981173194942e-01-7.916241884232e-09
     9.551185985120e-01 2.346250000000e+02-2.146981266365e+00-6.883143853427e-09
    -5.675236396376e-10 0.000000000000e+00 7.100000000000e+02 0.000000000000e+00
     2.000000000000e+00 0.000000000000e+00 2.140000000000e-08 2.140000000000e-08
     4.212000000000e+05 1.000000000000e+00                                      
C27 2019 08 15 21 00 00 1.722467131910e-04 6.832756582750e-12 0.000000000000e+00
     1.000000000000e+00 1.217812500000e+02 3.920877606000e-09-2.432589661020e+00
     5.826354026790e-06 5.876332288610e-04 2.598855644460e-06 5.282617259980e+03
     4.212000000000e+05 3.259629011150e-09 1.202855338590e+00-3.771856427190e-08
     9.644839455080e-01 3.065156250000e+02 1.024495352560e+00-7.134225740570e-09
     4.443042213400e-10 0.000000000000e+00 7.100000000000e+02 0.000000000000e+00
     2.000000000000e+00 0.000000000000e+00-5.700000027530e-09-5.700000000000e-09
     4.212000000000e+05 1.000000000000e+00                                      
C29 2019 08 15 21 00 00 1.048689009620e-04 5.262457136720e-12 0.000000000000e+00
     1.000000000000e+00 1.130000000000e+02 3.889804883130e-09 1.530446114480e+00
     5.641486495730e-06 2.539078705010e-04 3.602355718610e-06 5.282614734650e+03
     4.212000000000e+05-2.933666110040e-08 1.164806030160e+00 4.656612873080e-09
     9.638230737280e-01 2.898750000000e+02 1.771485890620e+00-7.049579357560e-09
     4.289464387690e-10 0.000000000000e+00 7.100000000000e+02 0.000000000000e+00
     2.000000000000e+00 0.000000000000e+00-1.299999996540e-09-1.300000000000e-09
     4.212000000000e+05 1.000000000000e+00                                      
C30 2019 08 15 21 00 00 1.760751474650e-04 6.295408638830e-12 0.000000000000e+00
     1.000000000000e+00 1.253125000000e+02 3.897305195550e-09-2.450689398440e+00
     6.075482815500e-06 3.168253460900e-04 3.519933670760e-06 5.282616350170e+03
     4.212000000000e+05-1.816079020500e-08 1.165375320340e+00-3.632158041000e-08
     9.637577090860e-01 2.924375000000e+02 2.656741140730e-01-7.094581232070e-09
     4.478757986820e-10 0.000000000000e+00 7.100000000000e+02 0.000000000000e+00
     2.000000000000e+00 0.000000000000e+00-1.090000001370e-08-1.090000000000e-08
     4.212000000000e+05 1.000000000000e+00                                      
C09 2019 08 15 21 00 00-1.069956924770e-04 2.859223968700e-11 0.000000000000e+00
     1.000000000000e+00 2.085468750000e+02 1.301125625680e-09-6.795675315840e-01
     6.504356861110e-06 6.406468339260e-03 1.754984259610e-05 6.493365055080e+03
     4.212000000000e+05-1.117587089540e-08-2.284519336770e+00 8.707866072650e-08
     9.500424688080e-01-3.012500000000e+02-2.358296242650e+00-1.911865351150e-09
     1.101474452260e-09 0.000000000000e+00 7.100000000000e+02 0.000000000000e+00
     2.000000000000e+00 0.000000000000e+00 6.500000093720e-09 3.400000000000e-09
     4.212000000000e+05 0.000000000000e+00                                      
C28 2019 08 15 21 00 00 1.662867143750e-04 6.790124018610e-12 0.000000000000e+00
     1.000000000000e+00 1.158593750000e+02 3.888376252190e-09 2.619590777910e+00
     5.798414349560e-06 2.540199784560e-04 2.455431967970e-06 5.282616525650e+03
     4.212000000000e+05 2.793967723850e-09 1.202735769900e+00-3.911554813390e-08
     9.643812179370e-01 3.101718750000e+02 3.042130395300e+00-7.152797942740e-09
     4.343038047820e-10 0.000000000000e+00 7.100000000000e+02 0.000000000000e+00
     2.000000000000e+00 0.000000000000e+00-7.499999732370e-09-7.500000000000e-09
     4.245300000000e+05 1.000000000000e+00                                      
C22 2019 08 15 21 00 00 5.285721272230e-06-3.877786980410e-11 0.000000000000e+00
     1.000000000000e+00-6.984375000000e+01 3.601935749370e-09 6.853152035920e-01
    -3.418885171410e-06 6.869572680440e-04 1.141801476480e-05 5.282630638120e+03
     4.212000000000e+05 2.933666110040e-08-3.010690250850e+00-5.448237061500e-08
     9.619074263910e-01 1.300468750000e+02-2.649154857190e-01-6.581345568030e-09
     1.085759511960e-10 0.000000000000e+00 7.100000000000e+02 0.000000000000e+00
     2.000000000000e+00 0.000000000000e+00 1.250000014610e-08 1.250000000000e-08
     4.212000000000e+05 1.000000000000e+00                                      
C14 2019 08 15 21 00 00 5.108226323500e-04-4.446221169020e-12 1.029992063860e-18
     4.000000000000e+00-6.253125000000e+01 3.736584215160e-09 8.703103672120e-01
    -3.071501851080e-06 2.022403874430e-03 1.173326745630e-05 5.282626234050e+03
     4.212000000000e+05-4.377216100690e-08-3.010919330660e+00 3.678724169730e-08
     9.599021753210e-01 1.244531250000e+02-1.964021498700e+00-6.640990909640e-09
     1.614352958570e-10 0.000000000000e+00 7.100000000000e+02 0.000000000000e+00
     2.000000000000e+00 0.000000000000e+00 5.800000035800e-09 6.000000000000e-10
     4.212000000000e+05 3.000000000000e+00                                      
C11 2019 08 15 21 00 00 2.113339724020e-04-2.113242913990e-11 0.000000000000e+00
     1.000000000000e+00 1.051875000000e+02 3.477644857870e-09 2.838565117810e+00
     5.201436579230e-06 1.945770229210e-03 2.995599061250e-06 5.282615779880e+03
     4.212000000000e+05 6.379559636120e-08 1.198186186840e+00 9.313225746150e-10
     9.884572448920e-01 3.175937500000e+02-2.294957451840e+00-6.819569776740e-09
     4.235890727570e-10 0.000000000000e+00 7.100000000000e+02 0.000000000000e+00
     2.000000000000e+00 0.000000000000e+00 3.600000075820e-09 1.200000000000e-09
     4.212000000000e+05 0.000000000000e+00                                      
C13 2019 08 15 21 00 00-9.146145312120e-04-2.668709697670e-11-5.014435047750e-19
     5.000000000000e+00-1.666093750000e+02 1.674712615650e-09 2.013725862300e+00
    -5.125533789400e-06 3.549286513590e-03-1.420732587580e-05 6.493272773740e+03
     4.212000000000e+05-1.676380634310e-07 1.826641860860e+00 3.399327397350e-08
     9.873875123790e-01 6.708125000000e+02-2.862878239900e+00-2.934765101890e-09
    -6.928860043400e-11 0.000000000000e+00 7.100000000000e+02 0.000000000000e+00
     2.000000000000e+00 0.000000000000e+00-8.699999831660e-09 2.700000000000e-09
     4.212000000000e+05 0.000000000000e+00                                      
C06 2019 08 15 21 00 00 4.730217624460e-04-2.544187083230e-11 0.000000000000e+00
     1.000000000000e+00 2.201406250000e+02 1.246480492340e-09-4.516378011440e-01
     6.988178938630e-06 8.101826300840e-03 1.786416396500e-05 6.494030466080e+03
     4.212000000000e+05 3.958120942120e-08-2.326670266650e+00 1.122243702410e-07
     9.451515576990e-01-3.159531250000e+02-2.202745962670e+00-1.914365455290e-09
     1.089688247030e-09 0.000000000000e+00 7.100000000000e+02 0.000000000000e+00
     2.000000000000e+00 0.000000000000e+00 7.999999773740e-09-1.900000000000e-09
     4.212000000000e+05 0.000000000000e+00                                      
C08 2019 08 15 21 00 00 1.662155846130e-04-2.294164858090e-12 0.000000000000e+00
     6.000000000000e+00-1.724375000000e+02 1.486847647460e-09 2.332544519110e+00
    -5.079898983240e-06 4.313411773180e-03-1.180963590740e-05 6.492969976430e+03
     4.212000000000e+05-1.722946763040e-07 1.842892406930e+00-7.124617695810e-08
     1.026533108210e+00 6.179375000000e+02-2.812322383370e+00-2.722256250040e-09
    -8.178912113090e-11 0.000000000000e+00 7.100000000000e+02 0.000000000000e+00
     2.000000000000e+00 0.000000000000e+00 1.069999999710e-08-8.000000000000e-10
     4.212000000000e+05 0.000000000000e+00                                      
C26 2019 08 15 21 00 00 3.530611284080e-04 1.385824788260e-11 0.000000000000e+00
     1.000000000000e+00-4.085937500000e+01 4.151244344560e-09-2.363359949260e+00
    -1.968350261450e-06 4.896231694150e-04 5.784444510940e-06 5.282616430280e+03
     4.212000000000e+05-9.313225746150e-10-9.239598039370e-01 2.514570951460e-08
     9.562337882780e-01 2.420937500000e+02-1.119338821530e-01-6.973861917910e-09
    -4.975207237350e-10 0.000000000000e+00 7.100000000000e+02 0.000000000000e+00
     2.000000000000e+00 0.000000000000e+00-6.000000052350e-09-6.000000000000e-09
     4.212000000000e+05 1.000000000000e+00                                      
C21 2019 08 15 21 00 00 3.594297450040e-04-1.661781823260e-11 0.000000000000e+00
     1.000000000000e+00-6.596875000000e+01 3.613364796860e-09 4.924791428530e-01
    -3.234948962930e-06 7.189861498770e-04 1.150090247390e-05 5.282632692340e+03
     4.212000000000e+05-7.590278983120e-08-3.010601517560e+00-6.519258022310e-09
     9.618987644530e-01 1.303750000000e+02-8.539929014210e-01-6.593488930990e-09
     1.392915163360e-10 0.000000000000e+00 7.100000000000e+02 0.000000000000e+00
     2.000000000000e+00 0.000000000000e+00 1.069999999710e-08 1.070000000000e-08
     4.212000000000e+05 1.000000000000e+00                                      
C24 2019 08 15 21 00 00-9.327803272750e-04 1.409272698540e-11 0.000000000000e+00
     1.000000000000e+00-4.134375000000e+01 4.186602960250e-09-2.684365346750e+00
    -2.131797373290e-06 2.713409485300e-04 5.892477929590e-06 5.282613311770e+03
     4.212000000000e+05 7.916241884230e-09-8.982938205600e-01 2.933666110040e-08
     9.551090017690e-01 2.402343750000e+02-5.509045579920e-01-6.981719388070e-09
    -5.596661694850e-10 0.000000000000e+00 7.100000000000e+02 0.000000000000e+00
     2.000000000000e+00 0.000000000000e+00 1.170000007990e-08 1.170000000000e-08
     4.212000000000e+05 1.000000000000e+00                                      
C16 2019 08 15 21 00 00-8.775255410000e-04 2.207123372950e-12 0.000000000000e+00
     1.000000000000e+00 1.997812500000e+02 1.139690329820e-09 1.483725148480e-01
     6.280373781920e-06 2.282583503980e-03 1.888256520030e-05 6.493697610860e+03
     4.212000000000e+05 2.095475792880e-08-2.340662293960e+00 9.080395102500e-08
     9.607224627470e-01-3.459687500000e+02-2.832330553020e+00-1.807218135030e-09
     1.090402562500e-09 0.000000000000e+00 7.100000000000e+02 0.000000000000e+00
     2.000000000000e+00 0.000000000000e+00-2.900000017900e-09 4.400000000000e-09
     4.212000000000e+05 0.000000000000e+00                                      
C01 2019 08 15 21 00 00 2.620753366500e-04 4.742162218460e-11 0.000000000000e+00
     1.000000000000e+00-6.287968750000e+02-3.943378543260e-09-1.516746882920e+00
    -2.055289223790e-05 4.495437024160e-04-1.414166763420e-05 6.493322092060e+03
     4.212000000000e+05 1.159496605400e-07 2.165770613130e+00-1.862645149230e-09
     8.806732604910e-02 4.255781250000e+02 1.091752826930e+00 5.133428113600e-09
     2.325096849620e-10 0.000000000000e+00 7.100000000000e+02 0.000000000000e+00
     2.000000000000e+00 0.000000000000e+00 1.420000028670e-08-1.040000000000e-08
     4.212000000000e+05 0.000000000000e+00                                      
C04 2019 08 15 21 00 00 1.325857592750e-04-1.847855202190e-11 0.000000000000e+00
     1.000000000000e+00-7.286250000000e+02-2.225449841780e-09-1.755225197750e+00
    -2.386281266810e-05 4.219419788570e-04-7.051508873700e-06 6.493351964950e+03
     4.212000000000e+05 2.747401595120e-08 2.325810585770e+00-6.984919309620e-09
     9.907376137980e-02 2.099687500000e+02 1.518351983470e+00 3.408713415170e-09
     3.200133298400e-10 0.000000000000e+00 7.100000000000e+02 0.000000000000e+00
     2.000000000000e+00 0.000000000000e+00 5.299999994430e-09-8.400000000000e-09
     4.212000000000e+05 0.000000000000e+00                                      
C25 2019 08 15 21 00 00-3.158758627250e-04-1.256150738980e-11 0.000000000000e+00
     1.000000000000e+00-4.053125000000e+01 4.159458972450e-09 2.532454932760e+00
    -2.078246325250e-06 2.284911461170e-04 6.138347089290e-06 5.282615850450e+03
     4.212000000000e+05 4.190951585770e-08-9.244997596860e-01-2.468004822730e-08
     9.561769334300e-01 2.390468750000e+02-2.845780716930e-01-6.913502260830e-09
    -5.953819429050e-10 0.000000000000e+00 7.100000000000e+02 0.000000000000e+00
     2.000000000000e+00 0.000000000000e+00-1.000000013350e-10-1.000000000000e-10
     4.226700000000e+05 1.000000000000e+00                                      
C12 2019 08 15 21 00 00-2.288415562360e-04-7.455369654960e-12 4.878909776180e-19
     3.000000000000e+00 1.050156250000e+02 3.411213519310e-09-2.200772344280e+00
     4.986301064490e-06 2.447459613900e-03 3.207474946980e-06 5.282611909870e+03
     4.212000000000e+05 1.862645149230e-08 1.187473408910e+00 2.421438694000e-08
     9.872529136750e-01 3.065312500000e+02-2.349902359570e+00-6.814926726200e-09
     4.314465429090e-10 0.000000000000e+00 7.100000000000e+02 0.000000000000e+00
     2.000000000000e+00 0.000000000000e+00 2.499999984810e-09-4.000000000000e-10
     4.212000000000e+05 2.000000000000e+00                                      
C02 2019 08 15 21 00 00-3.069499507546e-05-2.391953302094e-11 0.000000000000e+00
     1.000000000000e+00-8.933437500000e+02-2.350454941791e-09 1.515675491454e+00
    -2.905679866672e-05 3.023510798812e-04-5.381647497416e-06 6.493368534088e+03
     4.212000000000e+05 1.071020960808e-08 2.385259503747e+00-1.038424670696e-07
     1.084684603639e-01 1.585625000000e+02-3.135689394392e+00 3.267993209377e-09
     3.746584709141e-10 0.000000000000e+00 7.100000000000e+02 0.000000000000e+00
     2.000000000000e+00 0.000000000000e+00 1.199999988266e-09-1.370000024536e-08
     4.212004000000e+05 0.000000000000e+00                                      
C03 2019 08 15 21 00 00-1.910680439323e-04 9.001688283661e-11 0.000000000000e+00
     1.000000000000e+00-8.029843750000e+02-2.985838687408e-09-5.757762368314e-01
    -2.614641562104e-05 6.009640637785e-04-9.743031114340e-06 6.493382915497e+03
     4.212000000000e+05 5.541369318962e-08 2.305625859463e+00-9.918585419655e-08
     9.880293428166e-02 2.935781250000e+02-5.026354472296e-01 4.011952992045e-09
     3.350139610170e-10 0.000000000000e+00 7.100000000000e+02 0.000000000000e+00
     2.000000000000e+00 0.000000000000e+00 1.899999935162e-09-8.099999782019e-09
     4.212004000000e+05 0.000000000000e+00                                      
C34 2019 08 15 21 00 00-1.099309884012e-06-2.878763893932e-11 0.000000000000e+00
     1.000000000000e+00 1.104218750000e+02 3.958379168095e-09 4.447685039935e-01
     5.345325917006e-06 4.054140299559e-04 2.864748239517e-06 5.282616912842e+03
     4.212000000000e+05 2.048909664154e-08 1.169303053503e+00 4.284083843231e-08
     9.618390569146e-01 3.068593750000e+02 5.003634418258e-01-7.076009029893e-09
     3.939449808183e-10 0.000000000000e+00 7.100000000000e+02 0.000000000000e+00
     2.000000000000e+00 0.000000000000e+00-7.300000000000e-09-7.300000000000e-09
     4.212000000000e+05 0.000000000000e+00                                      
C35 2019 08 15 21 00 00-2.385575789958e-04-4.037747913799e-11 0.000000000000e+00
     1.000000000000e+00 1.122656250000e+02 3.866589630407e-09 2.447652013320e+00
     5.591195076704e-06 5.365934921429e-04 3.216322511435e-06 5.282614923477e+03
     4.212000000000e+05-2.374872565269e-08 1.169142414857e+00 2.002343535423e-08
     9.619098533721e-01 2.937968750000e+02 7.553922331186e-02-7.059579774120e-09
     4.214461263514e-10 0.000000000000e+00 7.100000000000e+02 0.000000000000e+00
     2.000000000000e+00 0.000000000000e+00-4.300000000000e-09-4.300000000000e-09
     4.212000000000e+05 0.000000000000e+00                                      
C05 2019 08 15 22 00 00-2.250423422083e-04-5.377209788548e-11 1.761828530289e-19
     1.000000000000e+00-9.109218750000e+02-2.009726570321e-09-1.503790986359e-02
    -2.973200753331e-05 5.391041049734e-04 1.494307070971e-06 6.493490591049e+03
     4.248000000000e+05-4.796311259270e-08 2.515537170243e+00-9.499490261078e-08
     1.072873266392e-01-5.012500000000e+01-1.916765770314e+00 2.944765518447e-09
     3.757299363743e-10 0.000000000000e+00 7.100000000000e+02 0.000000000000e+00
     2.000000000000e+00 0.000000000000e+00-3.000000000000e-10-9.100000000000e-09
     4.248004000000e+05 0.000000000000e+00                                      
C07 2019 08 15 22 00 00-6.800342816859e-05-2.351718819682e-11 0.000000000000e+00
     1.000000000000e+00-8.359375000000e+00 1.092545508906e-09-1.688461177357e+00
    -6.360933184624e-07 7.010033936240e-03 2.195779234171e-05 6.493900211334e+03
     4.248000000000e+05 8.614733815193e-08-2.993960040282e-01-6.565824151039e-08
     9.076852309047e-01-4.381562500000e+02-2.707548954179e+00-1.697570710634e-09
    -9.828980845076e-10 0.000000000000e+00 7.100000000000e+02 0.000000000000e+00
     2.000000000000e+00 0.000000000000e+00 1.470000000000e-08 7.000000000000e-10
     4.248000000000e+05 0.000000000000e+00                                      
C10 2019 08 15 22 00 00-8.468830492347e-05-3.536460013720e-11 0.000000000000e+00
     1.000000000000e+00-3.803125000000e+01 1.047186476663e-09-2.131324360752e+00
    -1.339707523584e-06 6.387893226929e-03 2.229074016213e-05 6.493205415726e+03
     4.248000000000e+05 6.612390279770e-08-3.071358764135e-01-1.350417733192e-08
     9.090789324779e-01-4.525468750000e+02-2.621842416569e+00-1.701499445710e-09
    -1.000398813483e-09 0.000000000000e+00 7.100000000000e+02 0.000000000000e+00
     2.000000000000e+00 0.000000000000e+00 6.000000000000e-09 2.600000000000e-09
     4.248000000000e+05 0.000000000000e+00                                      
C19 2019 08 15 22 00 00 1.734575489536e-04 9.436895709314e-12 0.000000000000e+00
     1.000000000000e+00-8.154687500000e+01 3.622650897951e-09 2.820613234594e+00
    -3.842636942863e-06 8.252956904471e-04 1.205969601870e-05 5.282631116867e+03
     4.248000000000e+05 5.168840289116e-08-3.013317202608e+00 5.634501576424e-08
     9.626123802809e-01 1.177031250000e+02-1.124574482447e+00-6.582774198968e-09
     1.607209803882e-10 0.000000000000e+00 7.100000000000e+02 0.000000000000e+00
     2.000000000000e+00 0.000000000000e+00 8.800000000000e-09 8.800000000000e-09
     4.248000000000e+05 1.000000000000e+00                                      
C20 2019 08 15 22 00 00 2.645677886903e-05-3.255706815253e-11 0.000000000000e+00
     1.000000000000e+00-8.851562500000e+01 3.596221225620e-09-3.122645280950e+00
    -4.240777343512e-06 8.264298085123e-04 1.235865056515e-05 5.282637668610e+03
     4.248000000000e+05-3.399327397346e-08-3.012702273771e+00 7.729977369308e-08
     9.626130020211e-01 1.112812500000e+02-6.921086045529e-01-6.565273469992e-09
     1.853648640478e-10 0.000000000000e+00 7.100000000000e+02 0.000000000000e+00
     2.000000000000e+00 0.000000000000e+00 1.510000000000e-08 1.510000000000e-08
     4.248000000000e+05 1.000000000000e+00                                      
C22 2019 08 15 22 00 00 5.145790055394e-06-3.881428511932e-11 0.000000000000e+00
     1.000000000000e+00-7.818750000000e+01 3.643008888800e-09 1.174389922488e+00
    -3.767665475607e-06 6.864726310596e-04 1.135934144258e-05 5.282628417969e+03
     4.248000000000e+05 2.142041921616e-08-3.010713900387e+00-4.330649971962e-08
     9.619078330823e-01 1.314218750000e+02-2.664255273155e-01-6.574559571082e-09
     1.035757429169e-10 0.000000000000e+00 7.100000000000e+02 0.000000000000e+00
     2.000000000000e+00 0.000000000000e+00 1.250000000000e-08 1.250000000000e-08
     4.261800000000e+05 1.000000000000e+00                                      
C23 2019 08 15 22 00 00-9.244300890714e-04-4.514610907336e-12 0.000000000000e+00
     1.000000000000e+00-4.145312500000e+01 4.152672975498e-09-2.181287300972e+00
    -2.071261405945e-06 4.398002056405e-04 6.218906491995e-06 5.282613836288e+03
     4.248000000000e+05 5.122274160385e-09-8.981418775000e-01-3.399327397346e-08
     9.551164992245e-01 2.360312500000e+02-2.146570533096e+00-6.899930266934e-09
    -6.043108862598e-10 0.000000000000e+00 7.100000000000e+02 0.000000000000e+00
     2.000000000000e+00 0.000000000000e+00 2.140000000000e-08 2.140000000000e-08
     4.248000000000e+05 1.000000000000e+00                                      
C28 2019 08 15 22 00 00 1.663086004555e-04 6.546763131610e-12 0.000000000000e+00
     1.000000000000e+00 1.144687500000e+02 3.833731118861e-09 3.106913890863e+00
     5.772337317467e-06 2.536876127124e-04 2.456363290548e-06 5.282617166519e+03
     4.248000000000e+05 3.492459654808e-08 1.202709987436e+00-5.261972546577e-08
     9.643829324772e-01 3.124218750000e+02 3.042376804829e+00-7.122082377604e-09
     4.378753821244e-10 0.000000000000e+00 7.100000000000e+02 0.000000000000e+00
     2.000000000000e+00 0.000000000000e+00-7.500000000000e-09-7.500000000000e-09
     4.283400000000e+05 1.000000000000e+00                                      
C29 2019 08 15 22 00 00 1.048868289220e-04 5.109690448530e-12 0.000000000000e+00
     1.000000000000e+00 1.211875000000e+02 3.851589005570e-09 2.013906307400e+00
     5.984678864480e-06 2.534103114160e-04 3.510154783730e-06 5.282616991040e+03
     4.248000000000e+05-2.421438694000e-08 1.164780591480e+00-1.164153218270e-08
     9.638245688310e-01 2.921406250000e+02 1.775595808280e+00-7.061722720520e-09
     4.364467511880e-10 0.000000000000e+00 7.100000000000e+02 0.000000000000e+00
     2.000000000000e+00 0.000000000000e+00-1.299999996540e-09-1.300000000000e-09
     4.248000000000e+05 1.000000000000e+00                                      
C27 2019 08 15 22 00 00 1.722715096550e-04 6.860290113760e-12 0.000000000000e+00
     1.000000000000e+00 1.218437500000e+02 3.876947204700e-09-1.945074747800e+00
     6.022397428750e-06 5.876818904650e-04 2.513639628890e-06 5.282617156980e+03
     4.248000000000e+05 1.396983861920e-08 1.202829699490e+00-3.445893526080e-08
     9.644855225330e-01 3.070156250000e+02 1.024549942810e+00-7.139940264310e-09
     4.375182243900e-10 0.000000000000e+00 7.100000000000e+02 0.000000000000e+00
     2.000000000000e+00 0.000000000000e+00-5.700000027530e-09-5.700000000000e-09
     4.248000000000e+05 1.000000000000e+00                                      
C30 2019 08 15 22 00 00 1.760972663760e-04 6.239453398390e-12 0.000000000000e+00
     1.000000000000e+00 1.261406250000e+02 3.868018261340e-09-1.963174647610e+00
     6.076414138080e-06 3.167727263640e-04 3.394205123190e-06 5.282616348270e+03
     4.248000000000e+05-1.490116119380e-08 1.165349776330e+00-3.678724169730e-08
     9.637593241470e-01 2.925625000000e+02 2.657289471690e-01-7.095652705270e-09
     4.482329564160e-10 0.000000000000e+00 7.100000000000e+02 0.000000000000e+00
     2.000000000000e+00 0.000000000000e+00-1.090000001370e-08-1.090000000000e-08
     4.248000000000e+05 1.000000000000e+00                                      
C26 2019 08 15 22 00 00 3.531111869960e-04 1.386535330990e-11 0.000000000000e+00
     1.000000000000e+00-4.401562500000e+01 4.176245385950e-09-1.876871624170e+00
    -2.074521034960e-06 4.897975595670e-04 5.690846592190e-06 5.282615348820e+03
     4.248000000000e+05-2.514570951460e-08-9.239848052070e-01 1.769512891770e-08
     9.562320254620e-01 2.448125000000e+02-1.108517045960e-01-6.964932974560e-09
    -5.146642949770e-10 0.000000000000e+00 7.100000000000e+02 0.000000000000e+00
     2.000000000000e+00 0.000000000000e+00-6.000000052350e-09-6.000000000000e-09
     4.281600000000e+05 1.000000000000e+00                                      
C09 2019 08 15 22 00 00-1.068925485010e-04 2.860645054170e-11 0.000000000000e+00
     1.000000000000e+00 2.238750000000e+02 1.285410685370e-09-4.169588848110e-01
     7.069204002620e-06 6.408142973670e-03 1.714564859870e-05 6.493369331360e+03
     4.248000000000e+05-9.313225746150e-10-2.284526206630e+00 8.940696716310e-08
     9.500464464820e-01-2.900937500000e+02-2.358380265350e+00-1.909722404750e-09
     1.102188767730e-09 0.000000000000e+00 7.100000000000e+02 0.000000000000e+00
     2.000000000000e+00 0.000000000000e+00 6.500000093720e-09 3.400000000000e-09
     4.250700000000e+05 0.000000000000e+00                                      
C02 2019 08 15 22 00 00-3.078067675230e-05-2.386268960210e-11 0.000000000000e+00
     1.000000000000e+00-8.725312500000e+02-1.540064149850e-09 1.784957803730e+00
    -2.848356962200e-05 3.031062660740e-04 6.345566362140e-06 6.493363267900e+03
     4.248000000000e+05-3.725290298460e-08 2.597290783240e+00-1.140870153900e-07
     1.066355688390e-01-2.006406250000e+02 2.928474876540e+00 2.486532145470e-09
     4.293035965040e-10 0.000000000000e+00 7.100000000000e+02 0.000000000000e+00
     2.000000000000e+00 0.000000000000e+00 1.199999988270e-09-1.370000000000e-08
     4.251000000000e+05 0.000000000000e+00                                      
C11 2019 08 15 22 00 00 2.112593501810e-04-2.096456341860e-11 0.000000000000e+00
     1.000000000000e+00 1.054843750000e+02 3.428714248280e-09-2.957024641570e+00
     5.092471838000e-06 1.945700845680e-03 2.972315996890e-06 5.282615879060e+03
     4.248000000000e+05 2.002343535420e-08 1.198161821940e+00 8.381903171540e-09
     9.884588292320e-01 3.167500000000e+02-2.294984746960e+00-6.798497470420e-09
     3.964450849580e-10 0.000000000000e+00 7.100000000000e+02 0.000000000000e+00
     2.000000000000e+00 0.000000000000e+00 3.600000075820e-09 1.200000000000e-09
     4.260000000000e+05 0.000000000000e+00                                      
C25 2019 08 15 22 00 00-3.159214975310e-04-1.261923898710e-11 0.000000000000e+00
     1.000000000000e+00-4.385937500000e+01 4.196960534540e-09 3.019679181710e+00
    -2.338550984860e-06 2.278584288430e-04 5.899928510190e-06 5.282617099760e+03
     4.248000000000e+05 2.700835466380e-08-9.245245225000e-01 2.561137080190e-08
     9.561745986130e-01 2.421718750000e+02-2.842316483030e-01-6.955289715730e-09
    -6.110968832100e-10 0.000000000000e+00 7.100000000000e+02 0.000000000000e+00
     2.000000000000e+00 0.000000000000e+00-1.000000013350e-10-1.000000000000e-10
     4.248000000000e+05 1.000000000000e+00                                      
C14 2019 08 15 22 00 00 5.108065670360e-04-4.438227563240e-12 1.029992063860e-18
     5.000000000000e+00-6.584375000000e+01 3.757656521480e-09 1.357636123660e+00
    -3.149732947350e-06 2.022480824960e-03 1.168809831140e-05 5.282627189640e+03
     4.248000000000e+05-8.940696716310e-08-3.010942804640e+00 1.741573214530e-07
     9.599023830560e-01 1.261250000000e+02-1.963781123710e+00-6.739209286550e-09
     1.271481533740e-10 0.000000000000e+00 7.100000000000e+02 0.000000000000e+00
     2.000000000000e+00 0.000000000000e+00 5.800000035800e-09 6.000000000000e-10
     4.248000000000e+05 4.000000000000e+00                                      
C13 2019 08 15 22 00 00-9.147061500700e-04-2.678302024610e-11 0.000000000000e+00
     6.000000000000e+00-1.566406250000e+02 1.634710949420e-09 2.276484581060e+00
    -4.599802196030e-06 3.550173016270e-03-1.380033791070e-05 6.493269916530e+03
     4.248000000000e+05-1.657754182820e-07 1.826630965050e+00-6.472691893580e-08
     9.873875884510e-01 6.628437500000e+02-2.863099993410e+00-2.894049120190e-09
    -5.000208278750e-11 0.000000000000e+00 7.100000000000e+02 0.000000000000e+00
     2.000000000000e+00 0.000000000000e+00-8.699999831660e-09 2.700000000000e-09
     4.248000000000e+05 0.000000000000e+00                                      
C08 2019 08 15 22 00 00 1.662055728960e-04-2.613909089180e-12 0.000000000000e+00
     1.000000000000e+00-1.696250000000e+02 1.458275028720e-09 2.595244377360e+00
    -4.956964403390e-06 4.314613761380e-03-1.118984073400e-05 6.492966802600e+03
     4.248000000000e+05-7.962808012960e-08 1.842882469330e+00-1.098960638050e-07
     1.026533258890e+00 6.039218750000e+02-2.812449339790e+00-2.675825744600e-09
    -7.643175511800e-11 0.000000000000e+00 7.100000000000e+02 0.000000000000e+00
     2.000000000000e+00 0.000000000000e+00 1.069999999710e-08-8.000000000000e-10
     4.248000000000e+05 0.000000000000e+00                                      
C24 2019 08 15 22 00 00-9.327291045340e-04 1.416644579420e-11 0.000000000000e+00
     1.000000000000e+00-4.079687500000e+01 4.214818421250e-09-2.196366380280e+00
    -2.040993422270e-06 2.712284913290e-04 5.778390914200e-06 5.282613622670e+03
     4.248000000000e+05-1.396983861920e-09-8.983190134730e-01 7.450580596920e-09
     9.551068966300e-01 2.412500000000e+02-5.513319787670e-01-7.001720221180e-09
    -5.532373302700e-10 0.000000000000e+00 7.100000000000e+02 0.000000000000e+00
     2.000000000000e+00 0.000000000000e+00 1.170000007990e-08 1.170000000000e-08
     4.248000000000e+05 1.000000000000e+00                                      
C21 2019 08 15 22 00 00 3.593690926210e-04-1.672084692930e-11 0.000000000000e+00
     1.000000000000e+00-6.621875000000e+01 3.531218518000e-09 9.798389911410e-01
    -3.249384462830e-06 7.191397016870e-04 1.145433634520e-05 5.282633106230e+03
     4.248000000000e+05 3.725290298460e-08-3.010625140760e+00 8.055940270420e-08
     9.618998616420e-01 1.319843750000e+02-8.537887702210e-01-6.472769616840e-09
     1.175048945510e-10 0.000000000000e+00 7.100000000000e+02 0.000000000000e+00
     2.000000000000e+00 0.000000000000e+00 1.069999999710e-08 1.070000000000e-08
     4.248000000000e+05 1.000000000000e+00                                      
C16 2019 08 15 22 00 00-8.775176247580e-04 2.196465231920e-12 0.000000000000e+00
     1.000000000000e+00 2.085781250000e+02 1.132904332870e-09 4.106737074430e-01
     6.635673344140e-06 2.283285604790e-03 1.892261207100e-05 6.493699588780e+03
     4.248000000000e+05-1.396983861920e-09-2.340668711780e+00 1.029111444950e-07
     9.607264594390e-01-3.470468750000e+02-2.832148191510e+00-1.799360664880e-09
     1.082545092350e-09 0.000000000000e+00 7.100000000000e+02 0.000000000000e+00
     2.000000000000e+00 0.000000000000e+00-2.900000017900e-09 4.400000000000e-09
     4.248000000000e+05 0.000000000000e+00                                      
C01 2019 08 15 22 00 00 2.622460015120e-04 4.741274040040e-11 0.000000000000e+00
     1.000000000000e+00-7.547500000000e+02-3.042269579880e-09-1.254854229210e+00
    -2.479972317810e-05 4.494455643000e-04-2.034939825530e-06 6.493321376800e+03
     4.248000000000e+05 3.445893526080e-08 2.425349800870e+00-2.002343535420e-08
     8.180372087050e-02 5.554687500000e+01 8.328739819620e-01 4.233390623430e-09
     3.303709041310e-10 0.000000000000e+00 7.100000000000e+02 0.000000000000e+00
     2.000000000000e+00 0.000000000000e+00 1.420000028670e-08-1.040000000000e-08
     4.248000000000e+05 0.000000000000e+00                                      
C04 2019 08 15 22 00 00 1.325194025410e-04-1.846789388080e-11 0.000000000000e+00
     1.000000000000e+00-7.515000000000e+02-1.463989552470e-09-1.484487072790e+00
    -2.468237653370e-05 4.226764431220e-04 3.210734575990e-06 6.493360521320e+03
     4.248000000000e+05-7.450580596920e-09 2.558421013300e+00-6.193295121190e-08
     9.611562984180e-02-1.012343750000e+02 1.277419948320e+00 2.586893468780e-09
     3.943021385520e-10 0.000000000000e+00 7.100000000000e+02 0.000000000000e+00
     2.000000000000e+00 0.000000000000e+00 5.299999994430e-09-8.400000000000e-09
     4.248000000000e+05 0.000000000000e+00                                      
C06 2019 08 15 22 00 00 4.729306092490e-04-2.539302101920e-11 0.000000000000e+00
     1.000000000000e+00 2.194375000000e+02 1.256123751170e-09-1.891971573470e-01
     7.094349712130e-06 8.101763552990e-03 1.789024099710e-05 6.494030307770e+03
     4.248000000000e+05 0.000000000000e+00-2.326676979980e+00 1.383014023300e-07
     9.451556099820e-01-3.163281250000e+02-2.202743208000e+00-1.898293357250e-09
     1.075044779930e-09 0.000000000000e+00 7.100000000000e+02 0.000000000000e+00
     2.000000000000e+00 0.000000000000e+00 7.999999773740e-09-1.900000000000e-09
     4.254000000000e+05 0.000000000000e+00                                      
C12 2019 08 15 22 00 00-2.288684481750e-04-7.451816941280e-12 4.878909776180e-19
     4.000000000000e+00 1.044218750000e+02 3.371569010810e-09-1.713165779250e+00
     5.130190402270e-06 2.447394421320e-03 3.194902092220e-06 5.282612100600e+03
     4.248000000000e+05 4.470348358150e-08 1.187448975250e+00 2.933666110040e-08
     9.872544175550e-01 3.055468750000e+02-2.349939917070e+00-6.827070089160e-09
     4.157316026040e-10 0.000000000000e+00 7.100000000000e+02 0.000000000000e+00
     2.000000000000e+00 0.000000000000e+00 2.499999984810e-09-4.000000000000e-10
     4.280700000000e+05 3.000000000000e+00                                      
C03 2019 08 15 22 00 00-1.907438272610e-04 9.003020551290e-11 0.000000000000e+00
     1.000000000000e+00-7.923437500000e+02-1.987582765040e-09-3.150584409344e-01
    -2.599228173494e-05 5.955921951681e-04 2.535525709391e-06 6.493369699478e+03
     4.248000000000e+05 3.306195139885e-08 2.538788462501e+00-1.010484993458e-07
     9.539187014000e-02-8.184375000000e+01-7.340963429964e-01 3.099414724872e-09
     3.985880236979e-10 0.000000000000e+00 7.100000000000e+02 0.000000000000e+00
     2.000000000000e+00 0.000000000000e+00 1.899999935162e-09-8.099999782019e-09
     4.248004000000e+05 0.000000000000e+00                                      
C34 2019 08 15 22 00 00-1.202570274472e-06-2.874411819676e-11 0.000000000000e+00
     1.000000000000e+00 1.128750000000e+02 3.879447308838e-09 9.300779482455e-01
     5.405396223068e-06 4.061068175361e-04 3.084540367126e-06 5.282619140625e+03
     4.248000000000e+05 2.328306436539e-09 1.169277712836e+00 1.722946763039e-08
     9.618404788710e-01 2.986875000000e+02 5.026236253886e-01-7.070651663880e-09
     3.714440435639e-10 0.000000000000e+00 7.100000000000e+02 0.000000000000e+00
     2.000000000000e+00 0.000000000000e+00-7.300000000000e-09-7.300000000000e-09
     4.248000000000e+05 0.000000000000e+00                                      
C35 2019 08 15 22 00 00-2.387028653175e-04-4.038724910060e-11 0.000000000000e+00
     1.000000000000e+00 1.144843750000e+02 3.864089526267e-09 2.935631950157e+00
     5.727633833885e-06 5.374649772421e-04 3.604684025049e-06 5.282613162994e+03
     4.248000000000e+05-1.909211277962e-08 1.169116993730e+00 1.303851604462e-08
     9.619114026024e-01 2.876875000000e+02 7.512927855601e-02-7.052793777170e-09
     4.235890727566e-10 0.000000000000e+00 7.100000000000e+02 0.000000000000e+00
     2.000000000000e+00 0.000000000000e+00-4.300000000000e-09-4.300000000000e-09
     4.248000000000e+05 0.000000000000e+00                                      
C05 2019 08 15 23 00 00-2.252359408885e-04-5.377831513442e-11 5.421010862428e-20
     1.000000000000e+00-8.062968750000e+02-1.317554881449e-09 2.474728428201e-01
    -2.639228478074e-05 5.392736056820e-04 1.369277015328e-05 6.493490964890e+03
     4.284000000000e+05-1.010484993458e-07 2.728843208759e+00-5.867332220078e-08
     1.024689821187e-01-4.238906250000e+02-2.130250717859e+00 2.241879097549e-09
     4.293035965037e-10 0.000000000000e+00 7.100000000000e+02 0.000000000000e+00
     2.000000000000e+00 0.000000000000e+00-3.000000000000e-10-9.100000000000e-09
     4.284304000000e+05 0.000000000000e+00                                      
C10 2019 08 15 23 00 00-8.481496479362e-05-3.528022318733e-11 0.000000000000e+00
     1.000000000000e+00-2.412500000000e+01 1.100045821324e-09-1.869114315268e+00
    -9.899958968163e-07 6.388324312866e-03 2.181110903621e-05 6.493200202942e+03
     4.284000000000e+05 5.960464477539e-08-3.071420426132e-01-4.656612873077e-09
     9.090753351624e-01-4.334531250000e+02-2.621509930400e+00-1.700070814773e-09
    -9.964700784071e-10 0.000000000000e+00 7.100000000000e+02 0.000000000000e+00
     2.000000000000e+00 0.000000000000e+00 6.000000000000e-09 2.600000000000e-09
     4.284000000000e+05 0.000000000000e+00                                      
C19 2019 08 15 23 00 00 1.734918914735e-04 9.485745522397e-12 0.000000000000e+00
     1.000000000000e+00-9.348437500000e+01 3.560505452201e-09-2.974756286860e+00
    -4.452653229237e-06 8.234945125878e-04 1.235213130713e-05 5.282634645462e+03
     4.284000000000e+05-1.909211277962e-08-3.013341184224e+00 4.330649971962e-08
     9.626130868703e-01 1.119218750000e+02-1.124825647926e+00-6.547415583283e-09
     2.042942239602e-10 0.000000000000e+00 7.100000000000e+02 0.000000000000e+00
     2.000000000000e+00 0.000000000000e+00 8.800000000000e-09 8.800000000000e-09
     4.284000000000e+05 1.000000000000e+00                                      
C20 2019 08 15 23 00 00 2.633885014802e-05-3.261302339297e-11 0.000000000000e+00
     1.000000000000e+00-8.387500000000e+01 3.541933250023e-09-2.635622363176e+00
    -4.020519554615e-06 8.274816209450e-04 1.274002715945e-05 5.282635444641e+03
     4.284000000000e+05 1.080334186554e-07-3.012726094466e+00 7.916241884232e-09
     9.626143186474e-01 1.042812500000e+02-6.915685741956e-01-6.430982161935e-09
     2.017941198208e-10 0.000000000000e+00 7.100000000000e+02 0.000000000000e+00
     2.000000000000e+00 0.000000000000e+00 1.510000000000e-08 1.510000000000e-08
     4.284000000000e+05 1.000000000000e+00                                      
C22 2019 08 15 23 00 00 5.006906576455e-06-3.871925002841e-11 0.000000000000e+00
     1.000000000000e+00-7.753125000000e+01 3.639437311458e-09 1.661058776051e+00
    -3.718305379152e-06 6.863527232781e-04 1.160707324743e-05 5.282629629135e+03
     4.284000000000e+05 5.494803190231e-08-3.010737826412e+00 1.024454832077e-08
     9.619081812568e-01 1.268437500000e+02-2.655287424408e-01-6.584917145373e-09
     1.482204596914e-10 0.000000000000e+00 7.100000000000e+02 0.000000000000e+00
     2.000000000000e+00 0.000000000000e+00 1.250000000000e-08 1.250000000000e-08
     4.284000000000e+05 1.000000000000e+00                                      
C27 2019 08 15 23 00 00 1.722960732877e-04 6.836309296432e-12 0.000000000000e+00
     1.000000000000e+00 1.185312500000e+02 3.819087651759e-09-1.456588402856e+00
     5.997717380524e-06 5.877239163965e-04 2.498738467693e-06 5.282618194580e+03
     4.284000000000e+05 1.862645149231e-08 1.202803985774e+00-3.632158041000e-08
     9.644871112624e-01 3.094375000000e+02 1.023632934558e+00-7.136368686972e-09
     4.378753821244e-10 0.000000000000e+00 7.100000000000e+02 0.000000000000e+00
     2.000000000000e+00 0.000000000000e+00-5.700000000000e-09-5.700000000000e-09
     4.300200000000e+05 1.000000000000e+00                                      
C28 2019 08 15 23 00 00 1.663345610723e-04 6.879830038997e-12 0.000000000000e+00
     1.000000000000e+00 1.105937500000e+02 3.811230181606e-09-2.690118291116e+00
     5.552079528570e-06 2.544104354456e-04 2.717599272728e-06 5.282615594864e+03
     4.284000000000e+05 6.845220923424e-08 1.202684490236e+00 3.725290298462e-09
     9.643847640507e-01 3.080000000000e+02 3.043792785181e+00-7.067437244272e-09
     4.218032840856e-10 0.000000000000e+00 7.100000000000e+02 0.000000000000e+00
     2.000000000000e+00 0.000000000000e+00-7.500000000000e-09-7.500000000000e-09
     4.284000000000e+05 1.000000000000e+00                                      
C29 2019 08 15 23 00 00 1.049060374500e-04 5.226041821520e-12 0.000000000000e+00
     1.000000000000e+00 1.271406250000e+02 3.814801758950e-09 2.499007799310e+00
     6.237998604770e-06 2.526761963960e-04 3.673136234280e-06 5.282618862150e+03
     4.284000000000e+05-2.887099981310e-08 1.164755189370e+00-1.490116119380e-08
     9.638261458560e-01 2.882968750000e+02 1.778063538960e+00-7.060294089590e-09
     4.321608583770e-10 0.000000000000e+00 7.100000000000e+02 0.000000000000e+00
     2.000000000000e+00 0.000000000000e+00-1.299999996540e-09-1.300000000000e-09
     4.284000000000e+05 1.000000000000e+00                                      
C30 2019 08 15 23 00 00 1.761219464240e-04 6.548539488450e-12 0.000000000000e+00
     1.000000000000e+00 1.295625000000e+02 3.861946579860e-09-1.477968770650e+00
     6.324611604210e-06 3.167171962560e-04 3.089662641290e-06 5.282614881520e+03
     4.284000000000e+05 6.519258022310e-09 1.165324340570e+00-4.982575774190e-08
     9.637609128760e-01 2.967656250000e+02 2.680925765950e-01-7.102795859960e-09
     4.307322274400e-10 0.000000000000e+00 7.100000000000e+02 0.000000000000e+00
     2.000000000000e+00 0.000000000000e+00-1.090000001370e-08-1.090000000000e-08
     4.284000000000e+05 1.000000000000e+00                                      
C26 2019 08 15 23 00 00 3.531607799230e-04 1.386890602360e-11 0.000000000000e+00
     1.000000000000e+00-4.375000000000e+01 4.201603585080e-09-1.390136566250e+00
    -2.067536115650e-06 4.897349281240e-04 5.593989044430e-06 5.282614543910e+03
     4.284000000000e+05-1.955777406690e-08-9.240097069990e-01-2.281740307810e-08
     9.562301646300e-01 2.479375000000e+02-1.100159043870e-01-6.966361605490e-09
    -5.446655446490e-10 0.000000000000e+00 7.100000000000e+02 0.000000000000e+00
     2.000000000000e+00 0.000000000000e+00-6.000000052350e-09-6.000000000000e-09
     4.284000000000e+05 1.000000000000e+00                                      
C23 2019 08 15 23 00 00-9.244459215550e-04-4.454214774800e-12 0.000000000000e+00
     1.000000000000e+00-4.343750000000e+01 4.190888853060e-09-1.693050848760e+00
    -2.295244485140e-06 4.397770389910e-04 6.176531314850e-06 5.282614419940e+03
     4.284000000000e+05 2.840533852580e-08-8.981665700940e-01 9.313225746150e-10
     9.551142112210e-01 2.365625000000e+02-2.147235776070e+00-6.927431412470e-09
    -6.243117193750e-10 0.000000000000e+00 7.100000000000e+02 0.000000000000e+00
     2.000000000000e+00 0.000000000000e+00 2.139999999430e-08 2.140000000000e-08
     4.284000000000e+05 1.000000000000e+00                                      
C07 2019 08 15 23 00 00-6.808829493820e-05-2.355626804730e-11 0.000000000000e+00
     1.000000000000e+00-2.840625000000e+01 1.091474035700e-09-1.425744729610e+00
    -1.363921910520e-06 7.010524044740e-03 2.208817750220e-05 6.493904727940e+03
     4.284000000000e+05 1.234002411370e-07-2.994017810920e-01-7.916241884230e-09
     9.076815882390e-01-4.416875000000e+02-2.707806572590e+00-1.721857436560e-09
    -9.989701825460e-10 0.000000000000e+00 7.100000000000e+02 0.000000000000e+00
     2.000000000000e+00 0.000000000000e+00 1.470000032810e-08 7.000000000000e-10
     4.284000000000e+05 0.000000000000e+00                                      
C02 2019 08 15 23 00 00-3.086600918320e-05-2.379341168530e-11 0.000000000000e+00
     1.000000000000e+00-6.907656250000e+02-5.550231189410e-10 2.059924686510e+00
    -2.265442162750e-05 3.057727590200e-04 1.617707312110e-05 6.493352115630e+03
     4.284000000000e+05-6.705522537230e-08 2.813065785680e+00-1.029111444950e-07
     1.036930875990e-01-5.002031250000e+02 2.700059414870e+00 1.564708033510e-09
     4.582333729740e-10 0.000000000000e+00 7.100000000000e+02 0.000000000000e+00
     2.000000000000e+00 0.000000000000e+00 1.199999988270e-09-1.370000000000e-08
     4.284000000000e+05 0.000000000000e+00                                      
C08 2019 08 15 23 00 00 1.661978894840e-04-2.414068944740e-12 0.000000000000e+00
     1.000000000000e+00-1.697812500000e+02 1.427202305850e-09 2.857840377210e+00
    -5.009584128860e-06 4.314907593650e-03-1.094676554200e-05 6.492966087340e+03
     4.284000000000e+05-1.536682248120e-08 1.842872857950e+00-8.475035429000e-08
     1.026533301310e+00 6.002187500000e+02-2.812472013560e+00-2.643681548520e-09
    -8.000333245990e-11 0.000000000000e+00 7.100000000000e+02 0.000000000000e+00
     2.000000000000e+00 0.000000000000e+00 1.069999999710e-08-8.000000000000e-10
     4.313400000000e+05 0.000000000000e+00                                      
C13 2019 08 15 23 00 00-9.148018434640e-04-2.668354426310e-11 0.000000000000e+00
     1.000000000000e+00-1.450156250000e+02 1.634710949420e-09 2.539377260700e+00
    -4.185829311610e-06 3.552612848580e-03-1.282617449760e-05 6.493263326640e+03
     4.284000000000e+05-9.220093488690e-08 1.826620339870e+00-1.369044184680e-07
     9.873878371470e-01 6.352656250000e+02-2.863455835070e+00-2.846547141540e-09
    -3.928735076160e-11 0.000000000000e+00 7.100000000000e+02 0.000000000000e+00
     2.000000000000e+00 0.000000000000e+00-8.699999831660e-09 2.700000000000e-09
     4.318500000000e+05 0.000000000000e+00                                      
C12 2019 08 15 23 00 00-2.288952237000e-04-7.448264227610e-12 4.878909776180e-19
     5.000000000000e+00 1.098593750000e+02 3.363711540660e-09-1.225974562990e+00
     5.518551915880e-06 2.447070204650e-03 3.504566848280e-06 5.282610174180e+03
     4.284000000000e+05 4.470348358150e-08 1.187424412860e+00 3.632158041000e-08
     9.872558907130e-01 3.010781250000e+02-2.349562200400e+00-6.832070297440e-09
     4.132314984650e-10 0.000000000000e+00 7.100000000000e+02 0.000000000000e+00
     2.000000000000e+00 0.000000000000e+00 2.499999984810e-09-4.000000000000e-10
     4.284000000000e+05 4.000000000000e+00                                      
C25 2019 08 15 23 00 00-3.159667830910e-04-1.259348181290e-11 0.000000000000e+00
     1.000000000000e+00-4.343750000000e+01 4.243033882250e-09-2.774981964090e+00
    -2.296641469000e-06 2.272182609890e-04 5.511101335290e-06 5.282618436810e+03
     4.284000000000e+05-2.468004822730e-08-9.245495910640e-01 1.490116119380e-08
     9.561721745580e-01 2.469218750000e+02-2.851852953410e-01-7.001720221180e-09
    -6.082396213360e-10 0.000000000000e+00 7.100000000000e+02 0.000000000000e+00
     2.000000000000e+00 0.000000000000e+00-1.000000013350e-10-1.000000000000e-10
     4.284000000000e+05 1.000000000000e+00                                      
C14 2019 08 15 23 00 00 5.107906181370e-04-4.431122135880e-12 1.029992063860e-18
     6.000000000000e+00-6.742187500000e+01 3.556933874860e-09 1.844783993650e+00
    -3.239605575800e-06 2.022252767350e-03 1.135794445870e-05 5.282628896710e+03
     4.284000000000e+05 1.983717083930e-07-3.010967339240e+00-7.264316082000e-08
     9.599044428440e-01 1.323437500000e+02-1.963362691100e+00-6.417410168040e-09
     1.903650723270e-10 0.000000000000e+00 7.100000000000e+02 0.000000000000e+00
     2.000000000000e+00 0.000000000000e+00 5.800000035800e-09 6.000000000000e-10
     4.284000000000e+05 5.000000000000e+00                                      
C24 2019 08 15 23 00 00-9.326786966990e-04 1.409627969910e-11 0.000000000000e+00
     1.000000000000e+00-4.295312500000e+01 4.247676932790e-09-1.709842782780e+00
    -2.058222889900e-06 2.712607383730e-04 5.766749382020e-06 5.282613080980e+03
     4.284000000000e+05 6.519258022310e-09-8.983442605130e-01 1.396983861920e-09
     9.551048865810e-01 2.417500000000e+02-5.502840013090e-01-7.007791902660e-09
    -5.478799642570e-10 0.000000000000e+00 7.100000000000e+02 0.000000000000e+00
     2.000000000000e+00 0.000000000000e+00 1.170000007990e-08 1.170000000000e-08
     4.284000000000e+05 1.000000000000e+00                                      
C21 2019 08 15 23 00 00 3.593094879760e-04-1.662670001680e-11 0.000000000000e+00
     1.000000000000e+00-7.440625000000e+01 3.614436270060e-09 1.469028676380e+00
    -3.639142960310e-06 7.190373726190e-04 1.158053055410e-05 5.282630815510e+03
     4.284000000000e+05 3.119930624960e-08-3.010648832720e+00-3.725290298460e-08
     9.618999450280e-01 1.293593750000e+02-8.554145549700e-01-6.559201788510e-09
     1.564350875780e-10 0.000000000000e+00 7.100000000000e+02 0.000000000000e+00
     2.000000000000e+00 0.000000000000e+00 1.069999999710e-08 1.070000000000e-08
     4.284000000000e+05 1.000000000000e+00                                      
C16 2019 08 15 23 00 00-8.775094756860e-04 2.243538688160e-12 0.000000000000e+00
     1.000000000000e+00 2.019375000000e+02 1.148619273170e-09 6.734066744570e-01
     6.471294909720e-06 2.282749861480e-03 1.878896728160e-05 6.493697696690e+03
     4.284000000000e+05-2.933666110040e-08-2.340675076940e+00 9.872019290920e-08
     9.607304063920e-01-3.417343750000e+02-2.832398150080e+00-1.792931825660e-09
     1.072187518060e-09 0.000000000000e+00 7.100000000000e+02 0.000000000000e+00
     2.000000000000e+00 0.000000000000e+00-2.900000017900e-09 4.400000000000e-09
     4.284000000000e+05 0.000000000000e+00                                      
C01 2019 08 15 23 00 00 2.624170156200e-04 4.745093207250e-11 0.000000000000e+00
     1.000000000000e+00-6.868593750000e+02-1.907222300610e-09-9.875674161930e-01
    -2.265907824040e-05 4.512604791670e-04 1.068366691470e-05 6.493328147890e+03
     4.284000000000e+05-3.399327397350e-08 2.706046401260e+00-4.190951585770e-08
     7.570085674170e-02-3.298281250000e+02 5.475509411800e-01 3.050127050030e-09
     4.150172871360e-10 0.000000000000e+00 7.100000000000e+02 0.000000000000e+00
     2.000000000000e+00 0.000000000000e+00 1.420000028670e-08-1.040000000000e-08
     4.284000000000e+05 0.000000000000e+00                                      
C04 2019 08 15 23 00 00 1.324517652390e-04-1.861533149850e-11 0.000000000000e+00
     1.000000000000e+00-6.261562500000e+02-7.607459738380e-10-1.212763197050e+00
    -2.060737460850e-05 4.246693570170e-04 1.274421811100e-05 6.493371074680e+03
     4.284000000000e+05-7.450580596920e-09 2.798207324660e+00-1.033768057820e-07
     9.255814222960e-02-3.892656250000e+02 1.028366428370e+00 1.811146870110e-09
     4.503759028210e-10 0.000000000000e+00 7.100000000000e+02 0.000000000000e+00
     2.000000000000e+00 0.000000000000e+00 5.299999994430e-09-8.400000000000e-09
     4.284000000000e+05 0.000000000000e+00                                      
C06 2019 08 15 23 00 00 4.728399217130e-04-2.528732778730e-11 0.000000000000e+00
     1.000000000000e+00 2.100156250000e+02 1.278981846160e-09 7.327389466610e-02
     6.860587745900e-06 8.100643055510e-03 1.769233495000e-05 6.494027517320e+03
     4.284000000000e+05-4.516914486890e-08-2.326683621630e+00 1.271255314350e-07
     9.451595613240e-01-3.084531250000e+02-2.202770999050e+00-1.887935782960e-09
     1.057544050950e-09 0.000000000000e+00 7.100000000000e+02 0.000000000000e+00
     2.000000000000e+00 0.000000000000e+00 7.999999773740e-09-1.900000000000e-09
     4.284300000000e+05 0.000000000000e+00                                      
C11 2019 08 15 23 00 00 2.111832145600e-04-2.107114482900e-11 0.000000000000e+00
     1.000000000000e+00 1.065937500000e+02 3.362282909720e-09-2.469138255420e+00
     5.123205482960e-06 1.944883377290e-03 3.207009285690e-06 5.282617797850e+03
     4.284000000000e+05 9.778887033460e-09 1.198137383890e+00 9.313225746150e-10
     9.884602438740e-01 3.092031250000e+02-2.295303063310e+00-6.795640208550e-09
     3.893019302740e-10 0.000000000000e+00 7.100000000000e+02 0.000000000000e+00
     2.000000000000e+00 0.000000000000e+00 3.600000075820e-09 1.200000000000e-09
     4.312200000000e+05 0.000000000000e+00                                      
C09 2019 08 15 23 00 00-1.067892881110e-04 2.861710868274e-11 0.000000000000e+00
     1.000000000000e+00 2.361250000000e+02 1.268267157961e-09-1.544275196118e-01
     7.490161806345e-06 6.409298046492e-03 1.710932701826e-05 6.493372159958e+03
     4.284000000000e+05-7.450580596924e-09-2.284533026759e+00 1.024454832077e-07
     9.500504607294e-01-2.890625000000e+02-2.358387663330e+00-1.903650792556e-09
     1.098260038468e-09 0.000000000000e+00 7.100000000000e+02 0.000000000000e+00
     2.000000000000e+00 0.000000000000e+00 6.500000093723e-09 3.400000059273e-09
     4.284000000000e+05 0.000000000000e+00                                      
C03 2019 08 15 23 00 00-1.904199598357e-04 8.999645473295e-11 0.000000000000e+00
     1.000000000000e+00-6.283593750000e+02-8.189626754529e-10-5.220560826456e-02
    -2.073775976896e-05 5.922153359279e-04 1.402618363500e-05 6.493361534119e+03
     4.284000000000e+05-3.259629011154e-09 2.780243742483e+00-7.962808012962e-08
     9.140761421403e-02-4.310781250000e+02-9.759362080490e-01 1.977582320123e-09
     4.439470735473e-10 0.000000000000e+00 7.100000000000e+02 0.000000000000e+00
     2.000000000000e+00 0.000000000000e+00 1.899999935162e-09-8.099999782019e-09
     4.284004000000e+05 0.000000000000e+00                                      
C33 2019 08 15 23 00 00-3.121410263702e-04-2.707523094614e-11 0.000000000000e+00
     1.000000000000e+00-6.365625000000e+01 3.716583382044e-09-4.885228228107e-01
    -3.141816705465e-06 4.632030613720e-04 1.171464100480e-05 5.282625980377e+03
     4.284000000000e+05 2.328306436539e-09-3.017993682111e+00 9.778887033463e-09
     9.612706576499e-01 1.251875000000e+02-4.672524767012e-01-6.606703767159e-09
     1.917937032633e-10 0.000000000000e+00 7.100000000000e+02 0.000000000000e+00
     2.000000000000e+00 0.000000000000e+00-1.700000000000e-08-1.700000000000e-08
     4.307400000000e+05 0.000000000000e+00                                      
C34 2019 08 15 23 00 00-1.305481418967e-06-2.867839299370e-11 0.000000000000e+00
     1.000000000000e+00 1.097656250000e+02 3.827302279645e-09 1.415729191603e+00
     5.328562110662e-06 4.062883090228e-04 3.228895366192e-06 5.282620695114e+03
     4.284000000000e+05 1.396983861923e-09 1.169252262450e+00 1.490116119385e-08
     9.618418115893e-01 2.936093750000e+02 5.045411145397e-01-7.069937348411e-09
     3.703725703613e-10 0.000000000000e+00 7.100000000000e+02 0.000000000000e+00
     2.000000000000e+00 0.000000000000e+00-7.300000000000e-09-7.300000000000e-09
     4.284000000000e+05 0.000000000000e+00                                      
