     3.04           N: GNSS NAV DATA    R: GLONASS          RINEX VERSION / TYPE
BNC 2.12.9          BKG Frankfurt       20190816 091730 UTC PGM / RUN BY / DATE
Concatenated RINEX files (28)                               COMMENT
                                                            END OF HEADER
R06 2019 08 15 00 15 00 1.600300893188e-04 0.000000000000e+00 3.456000000000e+05
     2.326860253906e+04 1.420257568359e+00 3.725290298462e-09 0.000000000000e+00
    -1.122816894531e+03 1.161146163940e-01 0.000000000000e+00-4.000000000000e+00
     1.035505126953e+04-3.178364753723e+00-2.793967723846e-09 0.000000000000e+00
R05 2019 08 15 00 15 00 3.384891897440e-05 9.094947017729e-13 3.456000000000e+05
     2.247837744141e+04-1.135291099548e+00 4.656612873077e-09 0.000000000000e+00
     8.364275390625e+03-3.830194473267e-01-1.862645149231e-09 1.000000000000e+00
    -8.645443847656e+03-3.319617271423e+00-9.313225746155e-10 0.000000000000e+00
R07 2019 08 15 00 15 00-2.505537122488e-05 0.000000000000e+00 3.456000000000e+05
     1.019832714844e+04 2.928936004639e+00 0.000000000000e+00 0.000000000000e+00
    -8.614559570313e+03 5.024013519287e-01 0.000000000000e+00 5.000000000000e+00
     2.176398779297e+04-1.178945541382e+00-2.793967723846e-09 0.000000000000e+00
R09 2019 08 15 00 15 00 8.542090654373e-05 2.728484105319e-12 3.456000000000e+05
     1.870006640625e+04-1.085812568665e+00 2.793967723846e-09 0.000000000000e+00
    -1.333190185547e+04 1.079909324646e+00 9.313225746155e-10-2.000000000000e+00
     1.119803369141e+04 3.096992492676e+00-2.793967723846e-09 0.000000000000e+00
R16 2019 08 15 00 15 00 6.077811121941e-06-9.094947017729e-13 3.456000000000e+05
     1.087920947266e+04-2.002096176147e+00 0.000000000000e+00 0.000000000000e+00
     4.002003906250e+03 2.383146286011e+00 0.000000000000e+00-1.000000000000e+00
     2.269560400391e+04 5.492830276489e-01-2.793967723846e-09 0.000000000000e+00
R08 2019 08 15 00 15 00 1.620966941118e-05 0.000000000000e+00 3.456300000000e+05
    -8.099264648438e+03 2.822176933289e+00-2.793967723846e-09 0.000000000000e+00
    -1.179492773438e+04 6.021203994751e-01 9.313225746155e-10 6.000000000000e+00
     2.117286279297e+04 1.417659759521e+00-9.313225746155e-10 0.000000000000e+00
R15 2019 08 15 00 15 00 1.035276800394e-04 0.000000000000e+00 3.456000000000e+05
    -3.212095214844e+03-1.587996482849e+00-2.793967723846e-09 0.000000000000e+00
     1.716823486328e+04 1.989014625549e+00-9.313225746155e-10 0.000000000000e+00
     1.861385644531e+04-2.111918449402e+00-9.313225746155e-10 0.000000000000e+00
R17 2019 08 15 00 15 00 2.519693225622e-04 2.728484105319e-12 3.456000000000e+05
    -3.126400878906e+03-7.121152877808e-01-2.793967723846e-09 0.000000000000e+00
     1.713728320313e+04-2.456473350525e+00-9.313225746155e-10 4.000000000000e+00
     1.865392089844e+04 2.133627891541e+00-9.313225746155e-10 0.000000000000e+00
R18 2019 08 15 00 15 00 3.854744136333e-06 9.094947017729e-13 3.456000000000e+05
     6.313636230469e+03 2.100181579590e-02 0.000000000000e+00 0.000000000000e+00
     2.432113232422e+04-6.222896575928e-01-2.793967723846e-09-3.000000000000e+00
     4.245899902344e+03 3.543990135193e+00 0.000000000000e+00 0.000000000000e+00
R24 2019 08 15 00 15 00-1.836828887463e-04 0.000000000000e+00 3.456000000000e+05
    -1.044147949219e+04-1.038709640503e+00-3.725290298462e-09 0.000000000000e+00
     1.718439941406e+03-3.012906074524e+00 0.000000000000e+00 2.000000000000e+00
     2.317843554688e+04-2.434091567993e-01 0.000000000000e+00 0.000000000000e+00
R20 2019 08 15 00 15 00-3.874171525240e-04-9.094947017730e-13 3.470100000000e+05
     1.098940917970e+04 9.894790649410e-01 3.725290298460e-09 0.000000000000e+00
     5.422514648440e+02 2.997117042540e+00 0.000000000000e+00 2.000000000000e+00
    -2.300861718750e+04 5.467433929440e-01 9.313225746150e-10 0.000000000000e+00
R27 2019 08 15 00 15 00 5.178339779377e-05 2.728484105319e-12 3.456000000000e+05
    -7.308131347656e+03-1.268973350525e+00-2.793967723846e-09 1.000000000000e+00
     1.909338232422e+04 1.672244071960e+00-9.313225746155e-10-5.000000000000e+00
     1.533258349609e+04-2.681127548218e+00 0.000000000000e+00 0.000000000000e+00
R21 2019 08 15 00 15 00-6.602518260480e-05-2.728484105320e-12 3.456000000000e+05
     2.715123535160e+03 6.847820281980e-01 2.793967723850e-09 0.000000000000e+00
    -1.759055419920e+04 2.412065505980e+00 9.313225746150e-10 4.000000000000e+00
    -1.826360986330e+04-2.224763870240e+00 9.313225746150e-10 0.000000000000e+00
R11 2019 08 15 00 15 00-7.601920515300e-05-9.094947017730e-13 3.456000000000e+05
     2.427679687500e+03 1.636303901670e+00 2.793967723850e-09 0.000000000000e+00
    -1.685890673830e+04-2.024729728700e+00 1.862645149230e-09 0.000000000000e+00
    -1.898966894530e+04 1.999526977540e+00 9.313225746150e-10 0.000000000000e+00
R22 2019 08 15 00 15 00-3.310944885020e-05 0.000000000000e+00 3.456000000000e+05
    -7.611826171880e+03-1.735124588010e-01 0.000000000000e+00 0.000000000000e+00
    -2.437491796880e+04 2.526626586910e-01 2.793967723850e-09-3.000000000000e+00
    -1.345665527340e+03-3.589726448060e+00 0.000000000000e+00 0.000000000000e+00
R19 2019 08 15 00 15 00-4.826486110690e-05-1.818989403550e-12 3.456000000000e+05
     1.186874316410e+04 7.141914367680e-01 2.793967723850e-09 0.000000000000e+00
     1.886813037110e+04 1.557878494260e+00-2.793967723850e-09 3.000000000000e+00
    -1.241541455080e+04 3.050829887390e+00 0.000000000000e+00 0.000000000000e+00
R04 2019 08 15 00 15 00 3.177402541040e-04 9.094947017730e-13 3.456000000000e+05
     8.933812500000e+03-2.789263725280e+00 2.793967723850e-09 0.000000000000e+00
     1.174331640630e+04-5.932178497310e-01-1.862645149230e-09 6.000000000000e+00
    -2.078529492190e+04-1.534128189090e+00 9.313225746150e-10 0.000000000000e+00
R02 2019 08 15 00 15 00 3.832913935180e-04 1.818989403550e-12 3.456000000000e+05
    -2.367657080080e+04-1.314978599550e+00-3.725290298460e-09 0.000000000000e+00
     2.896191406250e+01-9.206962585450e-02 0.000000000000e+00-4.000000000000e+00
    -9.520383789060e+03 3.251419067380e+00 2.793967723850e-09 0.000000000000e+00
R13 2019 08 15 00 15 00-2.714619040490e-05 0.000000000000e+00 3.456000000000e+05
    -1.823658789060e+04 1.278272628780e+00-1.862645149230e-09 0.000000000000e+00
     1.188905175780e+04-1.301866531370e+00 0.000000000000e+00-2.000000000000e+00
    -1.329571044920e+04-2.920731544490e+00 2.793967723850e-09 0.000000000000e+00
R01 2019 08 15 00 15 00 4.816707223650e-05 0.000000000000e+00 3.456000000000e+05
    -2.120885791020e+04 1.454459190370e+00-4.656612873080e-09 0.000000000000e+00
    -8.997562011720e+03 3.748197555540e-01 9.313225746150e-10 1.000000000000e+00
     1.093473046880e+04 3.131633758540e+00 9.313225746150e-10 0.000000000000e+00
R12 2019 08 15 00 15 00 5.278177559380e-05 2.728484105320e-12 3.456000000000e+05
    -1.062083789060e+04 2.059195518490e+00 0.000000000000e+00 0.000000000000e+00
    -4.130843261720e+03-2.357099533080e+00 0.000000000000e+00-1.000000000000e+00
    -2.278924414060e+04-5.303325653080e-01 2.793967723850e-09 0.000000000000e+00
R03 2019 08 15 00 15 00 5.587935447690e-09 0.000000000000e+00 3.456000000000e+05
    -1.082513134770e+04-2.911866188050e+00-9.313225746150e-10 0.000000000000e+00
     8.376886718750e+03-4.904584884640e-01 0.000000000000e+00 5.000000000000e+00
    -2.149334179690e+04 1.268816947940e+00 2.793967723850e-09 0.000000000000e+00
R14 2019 08 15 00 15 00 4.195142537360e-05 0.000000000000e+00 3.456000000000e+05
    -1.507728613280e+04-2.222776412960e-01-3.725290298460e-09 0.000000000000e+00
     2.021260595700e+04 4.910230636600e-01-9.313225746150e-10-7.000000000000e+00
     3.790873046880e+03-3.519967079160e+00 9.313225746150e-10 0.000000000000e+00
R23 2019 08 15 00 15 00 2.473248168830e-04 1.818989403550e-12 3.473400000000e+05
    -1.283974511720e+04-8.971042633060e-01-2.793967723850e-09 0.000000000000e+00
    -1.421362255860e+04-2.135762214660e+00 1.862645149230e-09 3.000000000000e+00
     1.682961279300e+04-2.486396789550e+00 0.000000000000e+00 0.000000000000e+00
R26 2019 08 15 00 15 00-1.105386763811e-05 2.728484105319e-12 3.456000000000e+05
     1.187367187500e+04 1.050861358643e+00 3.725290298462e-09 4.000000000000e+00
     3.732762207031e+03 2.868144035339e+00-9.313225746155e-10-6.000000000000e+00
    -2.226340234375e+04 1.038218498230e+00 9.313225746155e-10 0.000000000000e+00
R06 2019 08 15 00 45 00 1.600319519639e-04 0.000000000000e+00 3.474000000000e+05
     2.510139794922e+04 5.957632064819e-01 3.725290298462e-09 0.000000000000e+00
    -1.153602539063e+03-1.139602661133e-01-9.313225746155e-10-4.000000000000e+00
     4.306994628906e+03-3.497980117798e+00-2.793967723846e-09 0.000000000000e+00
R07 2019 08 15 00 45 00-2.505537122488e-05 0.000000000000e+00 3.474000000000e+05
     1.519253320313e+04 2.572348594666e+00 9.313225746155e-10 0.000000000000e+00
    -8.126760253906e+03 5.258369445801e-02 0.000000000000e+00 5.000000000000e+00
     1.883005761719e+04-2.060029983521e+00-2.793967723846e-09 0.000000000000e+00
R08 2019 08 15 00 45 00 1.620966941118e-05 0.000000000000e+00 3.474000000000e+05
    -2.716040039063e+03 3.111342430115e+00-1.862645149231e-09 0.000000000000e+00
    -1.106082031250e+04 1.967411041260e-01 9.313225746155e-10 6.000000000000e+00
     2.287796972656e+04 4.647207260132e-01-1.862645149231e-09 0.000000000000e+00
R09 2019 08 15 00 45 00 8.542463183403e-05 2.728484105319e-12 3.474000000000e+05
     1.651639355469e+04-1.296524047852e+00 1.862645149231e-09 0.000000000000e+00
    -1.073124658203e+04 1.804449081421e+00 0.000000000000e+00-2.000000000000e+00
     1.627010546875e+04 2.502196311951e+00-2.793967723846e-09 0.000000000000e+00
R16 2019 08 15 00 45 00 6.075948476791e-06 0.000000000000e+00 3.474000000000e+05
     7.569521484375e+03-1.644622802734e+00-9.313225746155e-10 0.000000000000e+00
     8.573739746094e+03 2.655207633972e+00-9.313225746155e-10-1.000000000000e+00
     2.279245312500e+04-4.420518875122e-01-1.862645149231e-09 0.000000000000e+00
R05 2019 08 15 00 45 00 3.384985029697e-05 9.094947017729e-13 3.474000000000e+05
     1.969256542969e+04-1.938441276550e+00 3.725290298462e-09 0.000000000000e+00
     7.761576171875e+03-2.480010986328e-01-1.862645149231e-09 1.000000000000e+00
    -1.420862451172e+04-2.821483612061e+00 0.000000000000e+00 0.000000000000e+00
R15 2019 08 15 00 45 00 1.035286113620e-04 0.000000000000e+00 3.474000000000e+05
    -5.495770507813e+03-9.498109817505e-01-3.725290298462e-09 0.000000000000e+00
     2.051958740234e+04 1.687808990479e+00-9.313225746155e-10 0.000000000000e+00
     1.414318457031e+04-2.823379516602e+00 0.000000000000e+00 0.000000000000e+00
R17 2019 08 15 00 45 00 2.519749104977e-04 2.728484105319e-12 3.474000000000e+05
    -4.903462890625e+03-1.262902259827e+00-3.725290298462e-09 0.000000000000e+00
     1.245522265625e+04-2.695434570313e+00 0.000000000000e+00 4.000000000000e+00
     2.172497021484e+04 1.256447792053e+00-9.313225746155e-10 0.000000000000e+00
R18 2019 08 15 00 45 00 3.856606781483e-06 9.094947017729e-13 3.474000000000e+05
     5.951951171875e+03-4.533700942993e-01-9.313225746155e-10 0.000000000000e+00
     2.250532617188e+04-1.364114761353e+00-1.862645149231e-09-3.000000000000e+00
     1.037781347656e+04 3.224909782410e+00-9.313225746155e-10 0.000000000000e+00
R20 2019 08 15 00 45 00-3.874199464920e-04-9.094947017730e-13 3.474000000000e+05
     1.309838378910e+04 1.323764801030e+00 3.725290298460e-09 0.000000000000e+00
     5.604039062500e+03 2.583927154540e+00-1.862645149230e-09 2.000000000000e+00
    -2.114728271480e+04 1.508080482480e+00 0.000000000000e+00 0.000000000000e+00
R11 2019 08 15 00 45 00-7.602106779810e-05-9.094947017730e-13 3.475200000000e+05
     4.810708007810e+03 1.010371208190e+00 3.725290298460e-09 0.000000000000e+00
    -2.029479541020e+04-1.746291160580e+00 9.313225746150e-10 0.000000000000e+00
    -1.470328027340e+04 2.732100486760e+00 0.000000000000e+00 0.000000000000e+00
R19 2019 08 15 00 45 00-4.826858639720e-05-1.818989403550e-12 3.481500000000e+05
     1.308425585940e+04 5.922098159790e-01 9.313225746150e-10 0.000000000000e+00
     2.091249316410e+04 7.074823379520e-01-2.793967723850e-09 3.000000000000e+00
    -6.515185546880e+03 3.462450027470e+00 0.000000000000e+00 0.000000000000e+00
R24 2019 08 15 00 45 00-1.836847513914e-04 0.000000000000e+00 3.474000000000e+05
    -1.266212988281e+04-1.400614738464e+00-3.725290298462e-09 0.000000000000e+00
    -3.426153808594e+03-2.658397674561e+00 9.313225746155e-10 2.000000000000e+00
     2.184722949219e+04-1.226026535034e+00 0.000000000000e+00 0.000000000000e+00
R27 2019 08 15 00 45 00 5.178898572922e-05 2.728484105319e-12 3.474000000000e+05
    -8.987037109375e+03-6.064252853394e-01-3.725290298462e-09 1.000000000000e+00
     2.174730761719e+04 1.232738494873e+00-9.313225746155e-10-5.000000000000e+00
     9.979143554688e+03-3.228693962097e+00 0.000000000000e+00 0.000000000000e+00
R21 2019 08 15 00 45 00-6.602983921770e-05-2.728484105320e-12 3.474000000000e+05
     4.447062988280e+03 1.241421699520e+00 3.725290298460e-09 0.000000000000e+00
    -1.296655712890e+04 2.675205230710e+00 0.000000000000e+00 4.000000000000e+00
    -2.151008349610e+04-1.359089851380e+00 9.313225746150e-10 0.000000000000e+00
R22 2019 08 15 00 45 00-3.311038017270e-05 0.000000000000e+00 3.474000000000e+05
    -7.569330566410e+03 2.552175521850e-01 9.313225746150e-10 0.000000000000e+00
    -2.318557812500e+04 1.043436050420e+00 1.862645149230e-09-3.000000000000e+00
    -7.672628417970e+03-3.394896507260e+00 9.313225746150e-10 0.000000000000e+00
R12 2019 08 15 00 45 00 5.278736352920e-05 2.728484105320e-12 3.479700000000e+05
    -7.211456542970e+03 1.697381019590e+00 9.313225746150e-10 0.000000000000e+00
    -8.665158203130e+03-2.639541625980e+00 9.313225746150e-10-1.000000000000e+00
    -2.284762841800e+04 4.659261703490e-01 1.862645149230e-09 0.000000000000e+00
R04 2019 08 15 00 45 00 3.177430480720e-04 9.094947017730e-13 3.474000000000e+05
     3.583551269530e+03-3.107830047610e+00 9.313225746150e-10 0.000000000000e+00
     1.101779443360e+04-1.948337554930e-01-9.313225746150e-10 6.000000000000e+00
    -2.270590673830e+04-5.860280990600e-01 1.862645149230e-09 0.000000000000e+00
R02 2019 08 15 00 45 00 3.832951188090e-04 1.818989403550e-12 3.474000000000e+05
    -2.530643896480e+04-4.766988754270e-01-3.725290298460e-09 0.000000000000e+00
     1.096748046880e+02 1.445055007930e-01 9.313225746150e-10-4.000000000000e+00
    -3.375841796880e+03 3.531536102290e+00 1.862645149230e-09 0.000000000000e+00
R13 2019 08 15 00 45 00-2.714712172750e-05 0.000000000000e+00 3.474000000000e+05
    -1.577260253910e+04 1.414309501650e+00-1.862645149230e-09 0.000000000000e+00
     8.894576171880e+03-2.014436721800e+00 0.000000000000e+00-2.000000000000e+00
    -1.797121337890e+04-2.240600585940e+00 2.793967723850e-09 0.000000000000e+00
R03 2019 08 15 00 45 00 5.587935447690e-09 0.000000000000e+00 3.474000000000e+05
    -1.576482910160e+04-2.529295921330e+00-1.862645149230e-09 0.000000000000e+00
     7.909769042970e+03-4.264926910400e-02 0.000000000000e+00 5.000000000000e+00
    -1.840602587890e+04 2.139035224910e+00 2.793967723850e-09 0.000000000000e+00
R01 2019 08 15 00 45 00 4.816800355910e-05 0.000000000000e+00 3.474000000000e+05
    -1.790001611330e+04 2.195053100590e+00-3.725290298460e-09 0.000000000000e+00
    -8.461436523440e+03 1.853322982790e-01 1.862645149230e-09 1.000000000000e+00
     1.607575878910e+04 2.543534278870e+00 0.000000000000e+00 0.000000000000e+00
R14 2019 08 15 00 45 00 4.195142537360e-05 0.000000000000e+00 3.474000000000e+05
    -1.495525585940e+04 3.261871337890e-01-3.725290298460e-09 0.000000000000e+00
     2.048288085940e+04-2.163915634160e-01-9.313225746150e-10-7.000000000000e+00
    -2.609834472660e+03-3.545685768130e+00 1.862645149230e-09 0.000000000000e+00
R23 2019 08 15 00 45 00 2.473285421730e-04 1.818989403550e-12 3.474000000000e+05
    -1.449393261720e+04-8.974618911740e-01-1.862645149230e-09 0.000000000000e+00
    -1.737426074220e+04-1.358270645140e+00 2.793967723850e-09 3.000000000000e+00
     1.176062060550e+04-3.109183311460e+00 0.000000000000e+00 0.000000000000e+00
R26 2019 08 15 00 45 00-1.105014234781e-05 2.728484105319e-12 3.474000000000e+05
     1.402621435547e+04 1.305905342102e+00 3.725290298462e-09 4.000000000000e+00
     8.459884765625e+03 2.346478462219e+00-1.862645149231e-09-6.000000000000e+00
    -1.955820751953e+04 1.947965621948e+00 0.000000000000e+00 0.000000000000e+00
R06 2019 08 15 01 15 00 1.600338146091e-04 0.000000000000e+00 3.492000000000e+05
     2.537353857422e+04-2.947359085083e-01 3.725290298462e-09 0.000000000000e+00
    -1.392188476563e+03-1.107072830200e-01-2.793967723846e-09-4.000000000000e+00
    -2.074679687500e+03-3.546645164490e+00-1.862645149231e-09 0.000000000000e+00
R07 2019 08 15 01 15 00-2.505723387003e-05 0.000000000000e+00 3.492000000000e+05
     1.930283886719e+04 1.957194328308e+00 1.862645149231e-09 0.000000000000e+00
    -8.349458007813e+03-2.716989517212e-01-9.313225746155e-10 5.000000000000e+00
     1.444292675781e+04-2.783102989197e+00-2.793967723846e-09 0.000000000000e+00
R08 2019 08 15 01 15 00 1.621060073376e-05 0.000000000000e+00 3.492000000000e+05
     2.920245117188e+03 3.099828720093e+00 0.000000000000e+00 0.000000000000e+00
    -1.111594531250e+04-2.571649551392e-01 9.313225746155e-10 6.000000000000e+00
     2.282440820313e+04-5.238780975342e-01-1.862645149231e-09 0.000000000000e+00
R09 2019 08 15 01 15 00 8.542928844690e-05 2.728484105319e-12 3.492000000000e+05
     1.418805859375e+04-1.249583244324e+00 9.313225746155e-10 0.000000000000e+00
    -6.888245117188e+03 2.442049026489e+00 0.000000000000e+00-2.000000000000e+00
     2.008990625000e+04 1.714506149292e+00-2.793967723846e-09 0.000000000000e+00
R16 2019 08 15 01 15 00 6.073154509068e-06 0.000000000000e+00 3.492000000000e+05
     5.040703613281e+03-1.150908470154e+00-1.862645149231e-09 0.000000000000e+00
     1.339625585938e+04 2.654533386230e+00 0.000000000000e+00-1.000000000000e+00
     2.112593359375e+04-1.397306442261e+00-9.313225746155e-10 0.000000000000e+00
R17 2019 08 15 01 15 00 2.519804984331e-04 2.728484105319e-12 3.492000000000e+05
    -7.640800292969e+03-1.760454177856e+00-3.725290298462e-09 0.000000000000e+00
     7.615395507813e+03-2.633189201355e+00 9.313225746155e-10 4.000000000000e+00
     2.311842724609e+04 2.816848754883e-01-9.313225746155e-10 0.000000000000e+00
R18 2019 08 15 01 15 00 3.858469426632e-06 9.094947017729e-13 3.492000000000e+05
     4.598047363281e+03-1.065899848938e+00-2.793967723846e-09 0.000000000000e+00
     1.954734521484e+04-1.878855705261e+00-9.313225746155e-10-3.000000000000e+00
     1.570538525391e+04 2.656166076660e+00-9.313225746155e-10 0.000000000000e+00
R05 2019 08 15 01 15 00 3.384985029700e-05 9.094947017730e-13 3.492000000000e+05
     1.560871337890e+04-2.561301231380e+00 2.793967723850e-09 0.000000000000e+00
     7.594237792970e+03 9.035682678220e-02-2.793967723850e-09 1.000000000000e+00
    -1.867134277340e+04-2.104852676390e+00 0.000000000000e+00 0.000000000000e+00
R20 2019 08 15 01 15 00-3.874218091370e-04-9.094947017730e-13 3.492000000000e+05
     1.562318847660e+04 1.439654350280e+00 2.793967723850e-09 0.000000000000e+00
     9.713897460940e+03 1.954318046570e+00-2.793967723850e-09 2.000000000000e+00
    -1.764936523440e+04 2.353315353390e+00 0.000000000000e+00 0.000000000000e+00
R11 2019 08 15 01 15 00-7.602293044330e-05-9.094947017730e-13 3.492000000000e+05
     6.093713378910e+03 4.318332672120e-01 3.725290298460e-09 0.000000000000e+00
    -2.298635205080e+04-1.203981399540e+00 9.313225746150e-10 0.000000000000e+00
    -9.281389648440e+03 3.253090858460e+00 0.000000000000e+00 0.000000000000e+00
R19 2019 08 15 01 15 00-4.827324301000e-05-1.818989403550e-12 3.492000000000e+05
     1.384528564450e+04 2.127771377560e-01 0.000000000000e+00 0.000000000000e+00
     2.142911181640e+04-1.197385787960e-01-2.793967723850e-09 3.000000000000e+00
    -1.115166015630e+02 3.606561660770e+00 0.000000000000e+00 0.000000000000e+00
R15 2019 08 15 01 15 00 1.035295426846e-04 0.000000000000e+00 3.492000000000e+05
    -6.665722167969e+03-3.683309555054e-01-3.725290298462e-09 0.000000000000e+00
     2.308517285156e+04 1.122791290283e+00 0.000000000000e+00 0.000000000000e+00
     8.580556152344e+03-3.317291259766e+00 0.000000000000e+00 0.000000000000e+00
R21 2019 08 15 01 15 00-6.603449583050e-05-2.728484105320e-12 3.492000000000e+05
     7.156725585940e+03 1.752346038820e+00 3.725290298460e-09 0.000000000000e+00
    -8.142856445310e+03 2.634886741640e+00-9.313225746150e-10 4.000000000000e+00
    -2.309346875000e+04-3.889055252080e-01 9.313225746150e-10 0.000000000000e+00
R22 2019 08 15 01 15 00-3.311224281790e-05-9.094947017730e-13 3.492000000000e+05
    -6.591854980470e+03 8.515005111690e-01 1.862645149230e-09 0.000000000000e+00
    -2.073770263670e+04 1.636736869810e+00 1.862645149230e-09-3.000000000000e+00
    -1.341035693360e+04-2.939167976380e+00 9.313225746150e-10 0.000000000000e+00
R12 2019 08 15 01 15 00 5.279202014210e-05 2.728484105320e-12 3.492000000000e+05
    -4.595620117190e+03 1.194008827210e+00 1.862645149230e-09 0.000000000000e+00
    -1.346735253910e+04-2.647022247310e+00 9.313225746150e-10-1.000000000000e+00
    -2.113356982420e+04 1.426178932190e+00 1.862645149230e-09 0.000000000000e+00
R02 2019 08 15 01 15 00 3.832988440990e-04 1.818989403550e-12 3.492000000000e+05
    -2.535739111330e+04 4.201011657710e-01-3.725290298460e-09 0.000000000000e+00
     4.056147460940e+02 1.433000564580e-01 1.862645149230e-09-4.000000000000e+00
     3.029183105470e+03 3.539086341860e+00 9.313225746150e-10 0.000000000000e+00
R03 2019 08 15 01 15 00 6.519258022310e-09 0.000000000000e+00 3.492000000000e+05
    -1.977759912110e+04-1.893034935000e+00-2.793967723850e-09 0.000000000000e+00
     8.143945800780e+03 2.736768722530e-01 9.313225746150e-10 5.000000000000e+00
    -1.389307080080e+04 2.842609405520e+00 2.793967723850e-09 0.000000000000e+00
R13 2019 08 15 01 15 00-2.714712172750e-05 0.000000000000e+00 3.492000000000e+05
    -1.330089843750e+04 1.292111396790e+00 0.000000000000e+00 0.000000000000e+00
     4.709623535160e+03-2.606623649600e+00 0.000000000000e+00-2.000000000000e+00
    -2.125791699220e+04-1.387656211850e+00 2.793967723850e-09 0.000000000000e+00
R14 2019 08 15 01 15 00 4.195235669610e-05 0.000000000000e+00 3.492000000000e+05
    -1.403578271480e+04 6.547346115110e-01-2.793967723850e-09 0.000000000000e+00
     1.937136962890e+04-1.026830673220e+00 0.000000000000e+00-7.000000000000e+00
    -8.808379394530e+03-3.296766281130e+00 1.862645149230e-09 0.000000000000e+00
R23 2019 08 15 01 15 00 2.473331987860e-04 1.818989403550e-12 3.492000000000e+05
    -1.591014013670e+04-6.319637298580e-01-9.313225746150e-10 0.000000000000e+00
    -1.907495849610e+04-5.335130691530e-01 2.793967723850e-09 3.000000000000e+00
     5.781381835940e+03-3.491217613220e+00 0.000000000000e+00 0.000000000000e+00
R01 2019 08 15 01 15 00 4.816893488170e-05 0.000000000000e+00 3.492000000000e+05
    -1.343159521480e+04 2.728490829470e+00-2.793967723850e-09 0.000000000000e+00
    -8.438779785160e+03-1.837215423580e-01 1.862645149230e-09 1.000000000000e+00
     1.997323632810e+04 1.758915901180e+00 0.000000000000e+00 0.000000000000e+00
R24 2019 08 15 01 15 00-1.836856827140e-04 0.000000000000e+00 3.503400000000e+05
    -1.535764794920e+04-1.553614616390e+00-2.793967723850e-09 0.000000000000e+00
    -7.713324218750e+03-2.074252128600e+00 1.862645149230e-09 2.000000000000e+00
     1.882214892580e+04-2.113219261170e+00 0.000000000000e+00 0.000000000000e+00
R04 2019 08 15 01 15 00 3.177449107170e-04 9.094947017730e-13 3.508200000000e+05
    -2.072568359380e+03-3.124929428100e+00 0.000000000000e+00 0.000000000000e+00
     1.107587207030e+04 2.598094940190e-01-9.313225746150e-10 6.000000000000e+00
    -2.286781835940e+04 4.072513580320e-01 1.862645149230e-09 0.000000000000e+00
R26 2019 08 15 01 15 00-1.104548573494e-05 2.728484105319e-12 3.492000000000e+05
     1.643009130859e+04 1.320922851562e+00 1.862645149231e-09 4.000000000000e+00
     1.207299169922e+04 1.647166252136e+00-2.793967723846e-09-6.000000000000e+00
    -1.534151806641e+04 2.706787109375e+00 0.000000000000e+00 0.000000000000e+00
R06 2019 08 15 01 45 00 1.600347459316e-04 0.000000000000e+00 3.510000000000e+05
     2.407060351563e+04-1.135098457336e+00 3.725290298462e-09 0.000000000000e+00
    -1.410126953125e+03 1.277580261230e-01-3.725290298462e-09-4.000000000000e+00
    -8.295726074219e+03-3.320695877075e+00-9.313225746155e-10 0.000000000000e+00
R07 2019 08 15 01 45 00-2.505816519260e-05 0.000000000000e+00 3.510000000000e+05
     2.213079199219e+04 1.163550376892e+00 2.793967723846e-09 0.000000000000e+00
    -8.982370117188e+03-3.930616378784e-01-1.862645149231e-09 5.000000000000e+00
     8.939771484375e+03-3.291916847229e+00-2.793967723846e-09 0.000000000000e+00
R08 2019 08 15 01 45 00 1.621153205633e-05 0.000000000000e+00 3.510000000000e+05
     8.263155761719e+03 2.789517402649e+00 0.000000000000e+00 0.000000000000e+00
    -1.195151806641e+04-6.529121398926e-01 0.000000000000e+00 6.000000000000e+00
     2.101599804688e+04-1.472591400146e+00-2.793967723846e-09 0.000000000000e+00
R09 2019 08 15 01 45 00 8.543394505978e-05 2.728484105319e-12 3.510000000000e+05
     1.214966601563e+04-9.842605590820e-01 0.000000000000e+00 0.000000000000e+00
    -2.053382324219e+03 2.891352653503e+00 0.000000000000e+00-2.000000000000e+00
     2.236249804688e+04 7.941131591797e-01-2.793967723846e-09 0.000000000000e+00
R16 2019 08 15 01 45 00 6.073154509068e-06 0.000000000000e+00 3.510000000000e+05
     3.444917968750e+03-6.261224746704e-01-2.793967723846e-09 0.000000000000e+00
     1.795271386719e+04 2.359833717346e+00 0.000000000000e+00-1.000000000000e+00
     1.782808154297e+04-2.242977142334e+00-9.313225746155e-10 0.000000000000e+00
R11 2019 08 15 01 45 00-7.602479308844e-05 0.000000000000e+00 3.510900000000e+05
     6.452561523438e+03-2.259254455566e-03 3.725290298462e-09 0.000000000000e+00
    -2.450504931641e+04-4.560327529907e-01 0.000000000000e+00 0.000000000000e+00
    -3.143343750000e+03 3.522752761841e+00-9.313225746155e-10 0.000000000000e+00
R01 2019 08 15 01 45 00 4.816986620426e-05 0.000000000000e+00 3.511200000000e+05
    -8.243559570313e+03 2.986502647400e+00-9.313225746155e-10 0.000000000000e+00
    -9.179293945313e+03-6.462574005127e-01 1.862645149231e-09 1.000000000000e+00
     2.232622558594e+04 8.385963439941e-01-9.313225746155e-10 0.000000000000e+00
R18 2019 08 15 01 45 00 3.860332071781e-06 9.094947017729e-13 3.527700000000e+05
     2.094172363281e+03-1.712319374084e+00-2.793967723846e-09 0.000000000000e+00
     1.591102197266e+04-2.112539291382e+00 0.000000000000e+00-3.000000000000e+00
     1.981659423828e+04 1.882260322571e+00-9.313225746155e-10 0.000000000000e+00
R17 2019 08 15 01 45 00 2.519860863686e-04 2.728484105319e-12 3.510000000000e+05
    -1.114527929688e+04-2.099100112915e+00-2.793967723846e-09 0.000000000000e+00
     3.138375488281e+03-2.301284790039e+00 1.862645149231e-09 4.000000000000e+00
     2.272551660156e+04-7.155437469482e-01 0.000000000000e+00 0.000000000000e+00
R19 2019 08 15 01 45 00-4.827696830034e-05-1.818989403546e-12 3.513300000000e+05
     1.372132910156e+04-3.801908493042e-01-9.313225746155e-10 0.000000000000e+00
     2.056322265625e+04-8.114967346191e-01-1.862645149231e-09 3.000000000000e+00
     6.300754394531e+03 3.471929550171e+00 0.000000000000e+00 0.000000000000e+00
R20 2019 08 15 01 45 00-3.874246031046e-04-9.094947017729e-13 3.525600000000e+05
     1.811873046875e+04 1.286402702332e+00 9.313225746155e-10 0.000000000000e+00
     1.257087451172e+04 1.210685729980e+00-2.793967723846e-09 2.000000000000e+00
    -1.278470361328e+04 3.016757011414e+00 0.000000000000e+00 0.000000000000e+00
R05 2019 08 15 01 45 00 3.385078161950e-05 9.094947017730e-13 3.510000000000e+05
     1.062957812500e+04-2.922691345210e+00 1.862645149230e-09 0.000000000000e+00
     8.162050292970e+03 5.532226562500e-01-1.862645149230e-09 1.000000000000e+00
    -2.168811962890e+04-1.225356101990e+00 9.313225746150e-10 0.000000000000e+00
R21 2019 08 15 01 45 00-6.603822112080e-05-1.818989403550e-12 3.516300000000e+05
     1.066333593750e+04 2.110413551330e+00 3.725290298460e-09 0.000000000000e+00
    -3.646539062500e+03 2.320037841800e+00-1.862645149230e-09 4.000000000000e+00
    -2.289240380860e+04 6.107730865480e-01 9.313225746150e-10 0.000000000000e+00
R26 2019 08 15 01 45 00-1.104082912207e-05 2.728484105319e-12 3.523200000000e+05
     1.861664208984e+04 1.062698364258e+00 9.313225746155e-10 1.000000000000e+00
     1.434909667969e+04 8.804321289063e-01-2.793967723846e-09-6.000000000000e+00
    -9.939713867188e+03 3.256253242493e+00 0.000000000000e+00 0.000000000000e+00
R12 2019 08 15 01 45 00 5.279760807750e-05 2.728484105320e-12 3.510000000000e+05
    -2.934221191410e+03 6.553869247440e-01 2.793967723850e-09 0.000000000000e+00
    -1.801429003910e+04-2.355845451350e+00 0.000000000000e+00-1.000000000000e+00
    -1.777998974610e+04 2.275714874270e+00 9.313225746150e-10 0.000000000000e+00
R22 2019 08 15 01 45 00-3.311410546300e-05-9.094947017730e-13 3.510000000000e+05
    -4.461104980470e+03 1.518597602840e+00 2.793967723850e-09 0.000000000000e+00
    -1.745280761720e+04 1.965705871580e+00 0.000000000000e+00-3.000000000000e+00
    -1.811739453130e+04-2.256956100460e+00 9.313225746150e-10 0.000000000000e+00
R15 2019 08 15 01 45 00 1.035295426850e-04 0.000000000000e+00 3.510000000000e+05
    -6.914369140630e+03 5.982398986820e-02-3.725290298460e-09 0.000000000000e+00
     2.443968359380e+04 3.556756973270e-01 0.000000000000e+00 0.000000000000e+00
     2.354959960940e+03-3.555161476140e+00 9.313225746150e-10 0.000000000000e+00
R03 2019 08 15 01 45 00 8.381903171540e-09 0.000000000000e+00 3.510000000000e+05
    -2.247728466800e+04-1.086835861210e+00-2.793967723850e-09 0.000000000000e+00
     8.770296386720e+03 3.834457397460e-01 1.862645149230e-09 5.000000000000e+00
    -8.305378417970e+03 3.325523376460e+00 2.793967723850e-09 0.000000000000e+00
R02 2019 08 15 01 45 00 3.833035007120e-04 1.818989403550e-12 3.510000000000e+05
    -2.382918798830e+04 1.258704185490e+00-3.725290298460e-09 0.000000000000e+00
     4.820263671880e+02-9.562969207760e-02 2.793967723850e-09-4.000000000000e+00
     9.200938964840e+03 3.274116516110e+00 9.313225746150e-10 0.000000000000e+00
R13 2019 08 15 01 45 00-2.714805305000e-05 0.000000000000e+00 3.510000000000e+05
    -1.124535986330e+04 9.638032913210e-01 0.000000000000e+00 0.000000000000e+00
    -3.581962890630e+02-2.981426239010e+00 0.000000000000e+00-2.000000000000e+00
    -2.290250000000e+04-4.278573989870e-01 2.793967723850e-09 0.000000000000e+00
R23 2019 08 15 01 45 00 2.473378553990e-04 1.818989403550e-12 3.510000000000e+05
    -1.662016015630e+04-1.198940277100e-01 0.000000000000e+00 0.000000000000e+00
    -1.933755322270e+04 2.206897735600e-01 2.793967723850e-09 3.000000000000e+00
    -6.452138671880e+02-3.603043556210e+00 0.000000000000e+00 0.000000000000e+00
R14 2019 08 15 01 45 00 4.195235669610e-05 0.000000000000e+00 3.510000000000e+05
    -1.275060839840e+04 7.308225631710e-01-1.862645149230e-09 0.000000000000e+00
     1.679150781250e+04-1.828503608700e+00 0.000000000000e+00-7.000000000000e+00
    -1.432448779300e+04-2.792346000670e+00 2.793967723850e-09 0.000000000000e+00
R24 2019 08 15 01 45 00-1.836856827140e-04 0.000000000000e+00 3.510000000000e+05
    -1.809485644530e+04-1.440982818600e+00-1.862645149230e-09 0.000000000000e+00
    -1.081436865230e+04-1.358862876890e+00 2.793967723850e-09 2.000000000000e+00
     1.433843261720e+04-2.836191177370e+00 0.000000000000e+00 0.000000000000e+00
R04 2019 08 15 01 45 00 3.177477046850e-04 9.094947017730e-13 3.510000000000e+05
    -7.483427246090e+03-2.838970184330e+00-9.313225746150e-10 0.000000000000e+00
     1.192225683590e+04 6.633300781250e-01 0.000000000000e+00 6.000000000000e+00
    -2.125895751950e+04 1.368691444400e+00 2.793967723850e-09 0.000000000000e+00
R09 2019 08 15 02 15 00 8.543767035007e-05 1.818989403546e-12 3.528000000000e+05
     1.073083349609e+04-5.762100219727e-01-9.313225746155e-10 0.000000000000e+00
     3.361788085938e+03 3.077246665955e+00 0.000000000000e+00-2.000000000000e+00
     2.291127441406e+04-1.885089874268e-01-1.862645149231e-09 0.000000000000e+00
R01 2019 08 15 02 15 00 4.817079752684e-05 0.000000000000e+00 3.528000000000e+05
    -2.862210449219e+03 2.942698478699e+00 0.000000000000e+00 0.000000000000e+00
    -1.075886132813e+04-1.098043441772e+00 1.862645149231e-09 1.000000000000e+00
     2.295338330078e+04-1.462259292603e-01-1.862645149231e-09 0.000000000000e+00
R06 2019 08 15 02 15 00 1.600356772542e-04 0.000000000000e+00 3.528000000000e+05
     2.138241845703e+04-1.817612648010e+00 2.793967723846e-09 0.000000000000e+00
    -8.155512695313e+02 5.594882965088e-01-3.725290298462e-09-4.000000000000e+00
    -1.387464355469e+04-2.837852478027e+00 0.000000000000e+00 0.000000000000e+00
R07 2019 08 15 02 15 00-2.505909651518e-05 0.000000000000e+00 3.528000000000e+05
     2.344837548828e+04 2.981605529785e-01 2.793967723846e-09 0.000000000000e+00
    -9.617552246094e+03-2.710523605347e-01-2.793967723846e-09 5.000000000000e+00
     2.744959960938e+03-3.546501159668e+00-2.793967723846e-09 0.000000000000e+00
R08 2019 08 15 02 15 00 1.620780676603e-05 0.000000000000e+00 3.528000000000e+05
     1.281033056641e+04 2.226842880249e+00 1.862645149231e-09 0.000000000000e+00
    -1.337288183594e+04-8.936452865601e-01 0.000000000000e+00 6.000000000000e+00
     1.759077099609e+04-2.308764457703e+00-2.793967723846e-09 0.000000000000e+00
R11 2019 08 15 02 15 00-7.602665573359e-05 0.000000000000e+00 3.528000000000e+05
     6.214054199219e+03-2.235832214355e-01 3.725290298462e-09 0.000000000000e+00
    -2.455966210938e+04 4.052667617798e-01 0.000000000000e+00 0.000000000000e+00
     3.237087402344e+03 3.520729064941e+00-1.862645149231e-09 0.000000000000e+00
R18 2019 08 15 02 15 00 3.863126039505e-06 9.094947017729e-13 3.528000000000e+05
    -1.517859375000e+03-2.278310775757e+00-2.793967723846e-09 0.000000000000e+00
     1.211649511719e+04-2.057323455811e+00 9.313225746155e-10-3.000000000000e+00
     2.239437890625e+04 9.634857177734e-01-9.313225746155e-10 0.000000000000e+00
R19 2019 08 15 02 15 00-4.828162491322e-05-1.818989403546e-12 3.531300000000e+05
     1.239789453125e+04-1.103453636169e+00-1.862645149231e-09 0.000000000000e+00
     1.864219677734e+04-1.280457496643e+00-9.313225746155e-10 3.000000000000e+00
     1.222594970703e+04 3.068865776062e+00-9.313225746155e-10 0.000000000000e+00
R16 2019 08 15 02 15 00 6.072223186493e-06 0.000000000000e+00 3.528000000000e+05
     2.741102539063e+03-1.767005920410e-01-3.725290298462e-09 0.000000000000e+00
     2.172892285156e+04 1.795334815979e+00 0.000000000000e+00-1.000000000000e+00
     1.315599511719e+04-2.914479255676e+00 0.000000000000e+00 0.000000000000e+00
R20 2019 08 15 02 15 00-3.874273970723e-04-9.094947017729e-13 3.528000000000e+05
     2.008857763672e+04 8.586473464966e-01 0.000000000000e+00 0.000000000000e+00
     1.407419482422e+04 4.699344635010e-01-2.793967723846e-09 2.000000000000e+00
    -6.929502929688e+03 3.446702957153e+00 0.000000000000e+00 0.000000000000e+00
R21 2019 08 15 02 15 00-6.604194641110e-05-1.818989403550e-12 3.528000000000e+05
     1.461092578130e+04 2.230923652650e+00 2.793967723850e-09 0.000000000000e+00
     8.645410156250e+01 1.801490783690e+00-2.793967723850e-09 4.000000000000e+00
    -2.092333789060e+04 1.562825202940e+00 0.000000000000e+00 0.000000000000e+00
R26 2019 08 15 02 15 00-1.103617250919e-05 2.728484105319e-12 3.528000000000e+05
     2.009890380859e+04 5.444993972778e-01 0.000000000000e+00 1.000000000000e+00
     1.527245361328e+04 1.631145477295e-01-2.793967723846e-09-6.000000000000e+00
    -3.770351074219e+03 3.554132461548e+00 0.000000000000e+00 0.000000000000e+00
R12 2019 08 15 02 15 00 5.280319601300e-05 2.728484105320e-12 3.528000000000e+05
    -2.191888183590e+03 1.901102066040e-01 3.725290298460e-09 0.000000000000e+00
    -2.178211523440e+04-1.789010047910e+00 0.000000000000e+00-1.000000000000e+00
    -1.304733007810e+04 2.948496818540e+00 0.000000000000e+00 0.000000000000e+00
R22 2019 08 15 02 15 00-3.311689943080e-05-9.094947017730e-13 3.528000000000e+05
    -1.150375976560e+03 2.143314361570e+00 2.793967723850e-09 0.000000000000e+00
    -1.383484960940e+04 2.006780624390e+00-9.313225746150e-10-3.000000000000e+00
    -2.143024707030e+04-1.399950981140e+00 9.313225746150e-10 0.000000000000e+00
R05 2019 08 15 02 15 00 3.385171294210e-05 9.094947017730e-13 3.528000000000e+05
     5.269602539060e+03-2.981363296510e+00 0.000000000000e+00 0.000000000000e+00
     9.599140136720e+03 1.038047790530e+00-1.862645149230e-09 1.000000000000e+00
    -2.302570361330e+04-2.512359619140e-01 1.862645149230e-09 0.000000000000e+00
R15 2019 08 15 02 15 00 1.035295426850e-04 0.000000000000e+00 3.528000000000e+05
    -6.583183593750e+03 2.679939270020e-01-3.725290298460e-09 0.000000000000e+00
     2.430138183590e+04-5.178375244140e-01 0.000000000000e+00 0.000000000000e+00
    -4.052683105470e+03-3.518178939820e+00 1.862645149230e-09 0.000000000000e+00
R03 2019 08 15 02 15 00 9.313225746150e-09 9.094947017730e-13 3.528000000000e+05
    -2.365325878910e+04-2.193021774290e-01-2.793967723850e-09 0.000000000000e+00
     9.377243652340e+03 2.495441436770e-01 2.793967723850e-09 5.000000000000e+00
    -2.076007812500e+03 3.551076889040e+00 1.862645149230e-09 0.000000000000e+00
R02 2019 08 15 02 15 00 3.833072260020e-04 1.818989403550e-12 3.528000000000e+05
    -2.092579003910e+04 1.931984901430e+00-2.793967723850e-09 0.000000000000e+00
    -5.567919921880e+01-5.283670425420e-01 2.793967723850e-09-4.000000000000e+00
     1.466459033200e+04 2.757433891300e+00 0.000000000000e+00 0.000000000000e+00
R24 2019 08 15 02 15 00-1.836856827140e-04 0.000000000000e+00 3.528000000000e+05
    -2.037746826170e+04-1.050420761110e+00 0.000000000000e+00 0.000000000000e+00
    -1.259581445310e+04-6.277027130130e-01 2.793967723850e-09 2.000000000000e+00
     8.744258789060e+03-3.339077949520e+00 0.000000000000e+00 0.000000000000e+00
R23 2019 08 15 02 15 00 2.473425120120e-04 1.818989403550e-12 3.528000000000e+05
    -1.623111181640e+04 5.754346847530e-01 9.313225746150e-10 0.000000000000e+00
    -1.838500000000e+04 8.017663955690e-01 1.862645149230e-09 3.000000000000e+00
    -7.021938964840e+03-3.436204910280e+00 9.313225746150e-10 0.000000000000e+00
R04 2019 08 15 02 15 00 3.177504986520e-04 9.094947017730e-13 3.528000000000e+05
    -1.213667968750e+04-2.294013977050e+00-1.862645149230e-09 0.000000000000e+00
     1.337347558590e+04 9.170866012570e-01 0.000000000000e+00 6.000000000000e+00
    -1.800447314450e+04 2.223839759830e+00 2.793967723850e-09 0.000000000000e+00
R13 2019 08 15 02 15 00-2.714898437260e-05 0.000000000000e+00 3.528000000000e+05
    -9.903630371090e+03 5.154342651370e-01 1.862645149230e-09 0.000000000000e+00
    -5.852856933590e+03-3.073245048520e+00 0.000000000000e+00-2.000000000000e+00
    -2.277848339840e+04 5.647277832030e-01 1.862645149230e-09 0.000000000000e+00
R14 2019 08 15 02 15 00 4.195235669610e-05 0.000000000000e+00 3.528000000000e+05
    -1.154960498050e+04 5.670528411870e-01-9.313225746150e-10 0.000000000000e+00
     1.286269287110e+04-2.507510185240e+00 0.000000000000e+00-7.000000000000e+00
    -1.873063769530e+04-2.071517944340e+00 2.793967723850e-09 0.000000000000e+00
R17 2019 08 15 02 15 00 2.519916743040e-04 2.728484105320e-12 3.541200000000e+05
    -1.505202441410e+04-2.196466445920e+00-2.793967723850e-09 0.000000000000e+00
    -5.504506835940e+02-1.772396087650e+00 2.793967723850e-09 4.000000000000e+00
     2.057530664060e+04-1.658180236820e+00 0.000000000000e+00 0.000000000000e+00
R27 2019 08 15 02 15 00 5.180574953556e-05 2.728484105319e-12 3.544200000000e+05
    -8.614903808594e+03 4.171533584595e-01-2.793967723846e-09 4.000000000000e+00
     2.239437255859e+04-1.143006324768e+00 0.000000000000e+00-5.000000000000e+00
    -8.778724121094e+03-3.310668945312e+00 1.862645149231e-09 0.000000000000e+00
R09 2019 08 15 02 45 00 8.544139564037e-05 1.818989403546e-12 3.546000000000e+05
     1.010168701172e+04-1.244134902954e-01-1.862645149231e-09 0.000000000000e+00
     8.843899902344e+03 2.963328361511e+00 0.000000000000e+00-2.000000000000e+00
     2.169185351563e+04-1.157838821411e+00-1.862645149231e-09 0.000000000000e+00
R01 2019 08 15 02 45 00 4.817172884941e-05 0.000000000000e+00 3.546000000000e+05
     2.179865722656e+03 2.616519927979e+00 0.000000000000e+00 0.000000000000e+00
    -1.306274902344e+04-1.434596061707e+00 0.000000000000e+00 1.000000000000e+00
     2.180677148438e+04-1.119482040405e+00-2.793967723846e-09 0.000000000000e+00
R07 2019 08 15 02 45 00-2.506095916033e-05 0.000000000000e+00 3.546000000000e+05
     2.323109814453e+04-5.226621627808e-01 2.793967723846e-09 0.000000000000e+00
    -9.813521484375e+03 9.051609039307e-02-3.725290298462e-09 5.000000000000e+00
    -3.662427734375e+03-3.526466369629e+00-1.862645149231e-09 0.000000000000e+00
R08 2019 08 15 02 45 00 1.620780676603e-05 0.000000000000e+00 3.546000000000e+05
     1.617803222656e+04 1.495383262634e+00 1.862645149231e-09 0.000000000000e+00
    -1.503258447266e+04-9.089336395264e-01-1.862645149231e-09 6.000000000000e+00
     1.281085888672e+04-2.968027114868e+00-2.793967723846e-09 0.000000000000e+00
R11 2019 08 15 02 45 00-7.602758705616e-05 0.000000000000e+00 3.546000000000e+05
     5.793309570313e+03-2.036666870117e-01 2.793967723846e-09 0.000000000000e+00
    -2.304507910156e+04 1.268195152283e+00-9.313225746155e-10 0.000000000000e+00
     9.368133300781e+03 3.247488975525e+00-2.793967723846e-09 0.000000000000e+00
R19 2019 08 15 02 45 00-4.828535020351e-05-1.818989403546e-12 3.546000000000e+05
     9.736007812500e+03-1.847924232483e+00-2.793967723846e-09 0.000000000000e+00
     1.611727783203e+04-1.478157043457e+00 0.000000000000e+00 3.000000000000e+00
     1.720589062500e+04 2.428454399109e+00-9.313225746155e-10 0.000000000000e+00
R20 2019 08 15 02 45 00-3.874292597175e-04-9.094947017729e-13 3.549900000000e+05
     2.106933349609e+04 1.980628967285e-01-9.313225746155e-10 0.000000000000e+00
     1.433209521484e+04-1.558504104614e-01-1.862645149231e-09 2.000000000000e+00
    -5.372338867188e+02 3.609582901001e+00 0.000000000000e+00 0.000000000000e+00
R16 2019 08 15 02 45 00 6.073154509068e-06 0.000000000000e+00 3.546000000000e+05
     2.709073730469e+03 1.075963973999e-01-3.725290298462e-09 0.000000000000e+00
     2.429302490234e+04 1.027077674866e+00 9.313225746155e-10-1.000000000000e+00
     7.471356445313e+03-3.360899925232e+00 0.000000000000e+00 0.000000000000e+00
R18 2019 08 15 02 45 00 3.865920007229e-06 9.094947017729e-13 3.546000000000e+05
    -5.995819824219e+03-2.658671379089e+00-2.793967723846e-09 0.000000000000e+00
     8.655539550781e+03-1.751979827881e+00 2.793967723846e-09-3.000000000000e+00
     2.324087500000e+04-2.888679504395e-02-9.313225746155e-10 0.000000000000e+00
R06 2019 08 15 02 45 00 1.600366085770e-04 0.000000000000e+00 3.546000000000e+05
     1.767191992190e+04-2.260235786440e+00 1.862645149230e-09 0.000000000000e+00
     6.732539062500e+02 1.105793952940e+00-3.725290298460e-09-4.000000000000e+00
    -1.838010351560e+04-2.135761260990e+00 0.000000000000e+00 0.000000000000e+00
R21 2019 08 15 02 45 00-6.604660302400e-05-1.818989403550e-12 3.546000000000e+05
     1.852255517580e+04 2.066135406490e+00 9.313225746150e-10 0.000000000000e+00
     2.776676757810e+03 1.179792404170e+00-3.725290298460e-09 4.000000000000e+00
    -1.733899169920e+04 2.393927574160e+00 0.000000000000e+00 0.000000000000e+00
R26 2019 08 15 02 45 00-1.103151589632e-05 2.728484105319e-12 3.546000000000e+05
     2.045501367188e+04-1.755256652832e-01-9.313225746155e-10 1.000000000000e+00
     1.502916748047e+04-4.004430770874e-01-1.862645149231e-09-6.000000000000e+00
     2.690088378906e+03 3.577600479126e+00 0.000000000000e+00 0.000000000000e+00
R12 2019 08 15 02 45 00 5.280878394840e-05 2.728484105320e-12 3.546000000000e+05
    -2.149763183590e+03-1.094875335690e-01 3.725290298460e-09 0.000000000000e+00
    -2.432849462890e+04-1.012907028200e+00 0.000000000000e+00-1.000000000000e+00
    -7.303103515630e+03 3.392382621770e+00-9.313225746150e-10 0.000000000000e+00
R22 2019 08 15 02 45 00-3.311876207590e-05-9.094947017730e-13 3.546000000000e+05
     3.162342285160e+03 2.614590644840e+00 2.793967723850e-09 0.000000000000e+00
    -1.038814062500e+04 1.783059120180e+00-1.862645149230e-09-3.000000000000e+00
    -2.309133007810e+04-4.334297180180e-01 9.313225746150e-10 0.000000000000e+00
R13 2019 08 15 02 45 00-2.714898437260e-05 0.000000000000e+00 3.560400000000e+05
    -9.398842773440e+03 5.202007293700e-02 1.862645149230e-09 0.000000000000e+00
    -1.123714941410e+04-2.858757972720e+00 0.000000000000e+00-2.000000000000e+00
    -2.089577832030e+04 1.513595581050e+00 1.862645149230e-09 0.000000000000e+00
R15 2019 08 15 02 45 00 1.035304740070e-04 0.000000000000e+00 3.546000000000e+05
    -6.097891601560e+03 2.305345535280e-01-2.793967723850e-09 0.000000000000e+00
     2.258035595700e+04-1.383189201350e+00 9.313225746150e-10 0.000000000000e+00
    -1.014661816410e+04-3.208802223210e+00 1.862645149230e-09 0.000000000000e+00
R03 2019 08 15 02 45 00 1.117587089540e-08 9.094947017730e-13 3.546000000000e+05
    -2.329974560550e+04 5.936594009400e-01-2.793967723850e-09 0.000000000000e+00
     9.525911621090e+03-1.207904815670e-01 3.725290298460e-09 5.000000000000e+00
     4.313630859380e+03 3.502560615540e+00 9.313225746150e-10 0.000000000000e+00
R24 2019 08 15 02 45 00-1.836866140370e-04 0.000000000000e+00 3.546000000000e+05
    -2.172961572270e+04-4.166898727420e-01 0.000000000000e+00 0.000000000000e+00
    -1.313308007810e+04 5.863189697270e-03 2.793967723850e-09 2.000000000000e+00
     2.473377441410e+03-3.583270072940e+00 0.000000000000e+00 0.000000000000e+00
R23 2019 08 15 02 45 00 2.473471686240e-04 1.818989403550e-12 3.546000000000e+05
    -1.449660839840e+04 1.356790542600e+00 1.862645149230e-09 0.000000000000e+00
    -1.659841796880e+04 1.138931274410e+00 9.313225746150e-10 3.000000000000e+00
    -1.285582470700e+04-3.003847122190e+00 9.313225746150e-10 0.000000000000e+00
R04 2019 08 15 02 45 00 3.177532926200e-04 9.094947017730e-13 3.546000000000e+05
    -1.563542382810e+04-1.572479248050e+00-1.862645149230e-09 0.000000000000e+00
     1.508942871090e+04 9.482545852660e-01 1.862645149230e-09 6.000000000000e+00
    -1.335685156250e+04 2.906580924990e+00 2.793967723850e-09 0.000000000000e+00
R14 2019 08 15 02 45 00 4.195235669610e-05 0.000000000000e+00 3.546000000000e+05
    -1.082072998050e+04 2.185440063480e-01 0.000000000000e+00 0.000000000000e+00
     7.897192871090e+03-2.966415405270e+00 0.000000000000e+00-7.000000000000e+00
    -2.168543847660e+04-1.190255165100e+00 2.793967723850e-09 0.000000000000e+00
R02 2019 08 15 02 45 00 3.833118826150e-04 1.818989403550e-12 3.546000000000e+05
    -1.702241650390e+04 2.359302520750e+00-1.862645149230e-09 0.000000000000e+00
    -1.488648437500e+03-1.074577331540e+00 2.793967723850e-09-4.000000000000e+00
     1.900026367190e+04 2.028892517090e+00 0.000000000000e+00 0.000000000000e+00
R17 2019 08 15 02 45 00 2.519972622390e-04 2.728484105320e-12 3.546000000000e+05
    -1.887999511720e+04-2.007784843440e+00-9.313225746150e-10 0.000000000000e+00
    -3.184694335940e+03-1.147981643680e+00 3.725290298460e-09 4.000000000000e+00
     1.683286230470e+04-2.473154067990e+00 0.000000000000e+00 0.000000000000e+00
R05 2019 08 15 02 45 00 3.385264426470e-05 9.094947017729e-13 3.546000000000e+05
     7.616259765625e+01-2.742416381836e+00 0.000000000000e+00 0.000000000000e+00
     1.184676220703e+04 1.436201095581e+00-9.313225746155e-10 1.000000000000e+00
    -2.258106787109e+04 7.420063018799e-01 2.793967723846e-09 0.000000000000e+00
R27 2019 08 15 02 45 00 5.181133747101e-05 2.728484105319e-12 3.546000000000e+05
    -7.947658203125e+03 2.852754592896e-01-1.862645149231e-09 4.000000000000e+00
     1.959416601562e+04-1.947061538696e+00 9.313225746155e-10-5.000000000000e+00
    -1.432336669922e+04-2.810112953186e+00 2.793967723846e-09 0.000000000000e+00
R19 2019 08 15 03 15 00-4.828907549381e-05-1.818989403546e-12 3.564000000000e+05
     5.803121093750e+03-2.496521949768e+00-2.793967723846e-09 0.000000000000e+00
     1.348582812500e+04-1.402427673340e+00 9.313225746155e-10 3.000000000000e+00
     2.085536083984e+04 1.600156784058e+00-9.313225746155e-10 0.000000000000e+00
R01 2019 08 15 03 15 00 4.817266017199e-05 0.000000000000e+00 3.564000000000e+05
     6.424228515625e+03 2.069707870483e+00 9.313225746155e-10 0.000000000000e+00
    -1.580152685547e+04-1.569128036499e+00 0.000000000000e+00 1.000000000000e+00
     1.897538281250e+04-2.006073951721e+00-2.793967723846e-09 0.000000000000e+00
R07 2019 08 15 03 15 00-2.506282180548e-05-9.094947017729e-13 3.564000000000e+05
     2.165832812500e+04-1.191826820374e+00 1.862645149231e-09 0.000000000000e+00
    -9.175999511719e+03 6.436662673950e-01-4.656612873077e-09 5.000000000000e+00
    -9.785711914063e+03-3.232810974121e+00-9.313225746155e-10 0.000000000000e+00
R08 2019 08 15 03 15 00 1.620780676603e-05 0.000000000000e+00 3.564000000000e+05
     1.815669921875e+04 7.024593353271e-01 1.862645149231e-09 0.000000000000e+00
    -1.648986621094e+04-6.671161651611e-01-2.793967723846e-09 6.000000000000e+00
     7.043083007813e+03-3.399188041687e+00-2.793967723846e-09 0.000000000000e+00
R09 2019 08 15 03 15 00 8.544512093067e-05 1.818989403546e-12 3.564000000000e+05
     1.024573828125e+04 2.657718658447e-01-2.793967723846e-09 0.000000000000e+00
     1.385413867188e+04 2.558186531067e+00 9.313225746155e-10-2.000000000000e+00
     1.879608886719e+04-2.038992881775e+00-9.313225746155e-10 0.000000000000e+00
R11 2019 08 15 03 15 00-7.602944970131e-05 0.000000000000e+00 3.564000000000e+05
     5.616954101563e+03 4.167556762695e-02 1.862645149231e-09 0.000000000000e+00
    -2.006154248047e+04 2.019377708435e+00-9.313225746155e-10 0.000000000000e+00
     1.477763134766e+04 2.724196434021e+00-2.793967723846e-09 0.000000000000e+00
R20 2019 08 15 03 15 00-3.874320536852e-04-9.094947017729e-13 3.564000000000e+05
     2.071081201172e+04-6.129055023193e-01-1.862645149231e-09 0.000000000000e+00
     1.363615478516e+04-5.778837203979e-01-9.313225746155e-10 2.000000000000e+00
     5.896677734375e+03 3.492670059204e+00 0.000000000000e+00 0.000000000000e+00
R21 2019 08 15 03 15 00-6.605032831430e-05-1.818989403546e-12 3.579900000000e+05
     2.187549560547e+04 1.613728523254e+00 0.000000000000e+00 0.000000000000e+00
     4.339918945313e+03 5.682373046875e-01-3.725290298462e-09 4.000000000000e+00
    -1.241643212891e+04 3.040121078491e+00 0.000000000000e+00 0.000000000000e+00
R16 2019 08 15 03 15 00 6.073154509068e-06 0.000000000000e+00 3.564000000000e+05
     2.993667480469e+03 1.686620712280e-01-3.725290298462e-09 0.000000000000e+00
     2.536226953125e+04 1.524724960327e-01 9.313225746155e-10-1.000000000000e+00
     1.212355957031e+03-3.548648834229e+00 9.313225746155e-10 0.000000000000e+00
R18 2019 08 15 03 15 00 3.868713974953e-06 9.094947017729e-13 3.564000000000e+05
    -1.092982080078e+04-2.774967193604e+00-1.862645149231e-09 0.000000000000e+00
     5.913069335938e+03-1.274675369263e+00 2.793967723846e-09-3.000000000000e+00
     2.229224365234e+04-1.018181800842e+00 0.000000000000e+00 0.000000000000e+00
R06 2019 08 15 03 15 00 1.600384712220e-04 0.000000000000e+00 3.564000000000e+05
     1.341650390630e+04-2.419501304630e+00 9.313225746150e-10 0.000000000000e+00
     3.172894531250e+03 1.664535522460e+00-2.793967723850e-09-4.000000000000e+00
    -2.146430566410e+04-1.268964767460e+00 9.313225746150e-10 0.000000000000e+00
R22 2019 08 15 03 15 00-3.312248736620e-05-1.818989403550e-12 3.576900000000e+05
     8.115078613280e+03 2.841971397400e+00 1.862645149230e-09 0.000000000000e+00
    -7.536030761720e+03 1.360076904300e+00-2.793967723850e-09-3.000000000000e+00
    -2.296927929690e+04 5.685033798220e-01 9.313225746150e-10 0.000000000000e+00
R02 2019 08 15 03 15 00 3.833165392280e-04 1.818989403546e-12 3.580500000000e+05
    -1.260578759766e+04 2.499010086060e+00-9.313225746155e-10 0.000000000000e+00
    -3.930367187500e+03-1.630940437317e+00 2.793967723846e-09-4.000000000000e+00
     2.187474462891e+04 1.144315719604e+00-9.313225746155e-10 0.000000000000e+00
R26 2019 08 15 03 15 00-1.102779060602e-05 2.728484105319e-12 3.564000000000e+05
     1.940186962891e+04-1.003413200378e+00-1.862645149231e-09 1.000000000000e+00
     1.396890576172e+04-7.353324890137e-01-9.313225746155e-10-6.000000000000e+00
     8.942915039063e+03 3.324957847595e+00-9.313225746155e-10 0.000000000000e+00
R12 2019 08 15 03 15 00 5.281437188390e-05 3.637978807090e-12 3.564000000000e+05
    -2.449566406250e+03-1.830587387080e-01 3.725290298460e-09 0.000000000000e+00
    -2.536222705080e+04-1.267910003660e-01-9.313225746150e-10-1.000000000000e+00
    -9.930073242190e+02 3.573207855220e+00-9.313225746150e-10 0.000000000000e+00
R13 2019 08 15 03 15 00-2.714991569520e-05 0.000000000000e+00 3.564000000000e+05
    -9.661465820310e+03-3.204927444460e-01 2.793967723850e-09 0.000000000000e+00
    -1.597350488280e+04-2.360926628110e+00 0.000000000000e+00-2.000000000000e+00
    -1.739982568360e+04 2.345623016360e+00 9.313225746150e-10 0.000000000000e+00
R23 2019 08 15 03 15 00 2.473518252370e-04 1.818989403550e-12 3.565500000000e+05
    -1.136427636720e+04 2.108818054200e+00 2.793967723850e-09 0.000000000000e+00
    -1.444885986330e+04 1.204337120060e+00 0.000000000000e+00 3.000000000000e+00
    -1.769630468750e+04-2.339616775510e+00 9.313225746150e-10 0.000000000000e+00
R15 2019 08 15 03 15 00 1.035304740070e-04 0.000000000000e+00 3.564000000000e+05
    -5.889752929690e+03-3.299522399900e-02-1.862645149230e-09 0.000000000000e+00
     1.939619140630e+04-2.125338554380e+00 9.313225746150e-10 0.000000000000e+00
    -1.545473681640e+04-2.650691986080e+00 2.793967723850e-09 0.000000000000e+00
R24 2019 08 15 03 15 00-1.836875453590e-04 0.000000000000e+00 3.564000000000e+05
    -2.177699853520e+04 3.836221694950e-01 1.862645149230e-09 0.000000000000e+00
    -1.268955322270e+04 4.492387771610e-01 1.862645149230e-09 2.000000000000e+00
    -3.988802246090e+03-3.550334930420e+00 9.313225746150e-10 0.000000000000e+00
R04 2019 08 15 03 15 00 3.177560865880e-04 9.094947017730e-13 3.564000000000e+05
    -1.775584619140e+04-7.815933227540e-01-1.862645149230e-09 0.000000000000e+00
     1.663216796880e+04 7.225723266600e-01 2.793967723850e-09 6.000000000000e+00
    -7.676175781250e+03 3.364254951480e+00 1.862645149230e-09 0.000000000000e+00
R03 2019 08 15 03 15 00 1.303851604460e-08 9.094947017730e-13 3.564000000000e+05
    -2.161218554690e+04 1.247400283810e+00-1.862645149230e-09 0.000000000000e+00
     8.830145019530e+03-6.770219802860e-01 3.725290298460e-09 5.000000000000e+00
     1.037096972660e+04 3.184333801270e+00 9.313225746150e-10 0.000000000000e+00
R17 2019 08 15 03 15 00 2.520028501750e-04 2.728484105320e-12 3.564000000000e+05
    -2.210807812500e+04-1.534060478210e+00 0.000000000000e+00 0.000000000000e+00
    -4.693911132810e+03-5.411968231200e-01 3.725290298460e-09 4.000000000000e+00
     1.178687744140e+04-3.097081184390e+00 0.000000000000e+00 0.000000000000e+00
R14 2019 08 15 03 15 00 4.195235669610e-05 0.000000000000e+00 3.564000000000e+05
    -1.082134570310e+04-2.268733978270e-01 0.000000000000e+00 0.000000000000e+00
     2.355576171880e+03-3.140151023860e+00 0.000000000000e+00-7.000000000000e+00
    -2.296021728520e+04-2.170000076290e-01 2.793967723850e-09 0.000000000000e+00
R05 2019 08 15 03 15 00 3.385357558730e-05 9.094947017730e-13 3.565200000000e+05
    -4.453909179690e+03-2.256064414980e+00-9.313225746150e-10 0.000000000000e+00
     1.465924609380e+04 1.651650428770e+00 0.000000000000e+00 1.000000000000e+00
    -2.038923144530e+04 1.677486419680e+00 2.793967723850e-09 0.000000000000e+00
R27 2019 08 15 03 15 00 5.181599408388e-05 1.818989403546e-12 3.564000000000e+05
    -7.711988281250e+03-5.212211608887e-02-9.313225746155e-10 4.000000000000e+00
     1.549251611328e+04-2.572726249695e+00 9.313225746155e-10-5.000000000000e+00
    -1.876443310547e+04-2.092288970947e+00 2.793967723846e-09 0.000000000000e+00
R19 2019 08 15 03 45 00-4.829373210669e-05-1.818989403546e-12 3.582000000000e+05
     8.701098632813e+02-2.943464279175e+00-1.862645149231e-09 0.000000000000e+00
     1.120706787109e+04-1.097108840942e+00 2.793967723846e-09 3.000000000000e+00
     2.289193310547e+04 6.479797363281e-01-9.313225746155e-10 0.000000000000e+00
R01 2019 08 15 03 45 00 4.817359149456e-05 0.000000000000e+00 3.582000000000e+05
     9.554274902344e+03 1.395888328552e+00 9.313225746155e-10 0.000000000000e+00
    -1.855709326172e+04-1.447575569153e+00-1.862645149231e-09 1.000000000000e+00
     1.467817578125e+04-2.737619400024e+00-2.793967723846e-09 0.000000000000e+00
R07 2019 08 15 03 45 00-2.506468445063e-05-9.094947017729e-13 3.582000000000e+05
     1.908066162109e+04-1.628768920898e+00 9.313225746155e-10 0.000000000000e+00
    -7.431623535156e+03 1.303876876831e+00-4.656612873077e-09 5.000000000000e+00
    -1.514945947266e+04-2.688010215759e+00 0.000000000000e+00 0.000000000000e+00
R08 2019 08 15 03 45 00 1.620780676603e-05 0.000000000000e+00 3.582000000000e+05
     1.873850878906e+04-3.816795349121e-02 1.862645149231e-09 0.000000000000e+00
    -1.728694091797e+04-1.813392639160e-01-4.656612873077e-09 6.000000000000e+00
     7.314335937500e+02-3.568274497986e+00-1.862645149231e-09 0.000000000000e+00
R09 2019 08 15 03 45 00 8.544791489840e-05 1.818989403546e-12 3.582000000000e+05
     1.096475195313e+04 5.007190704346e-01-2.793967723846e-09 0.000000000000e+00
     1.790945800781e+04 1.914407730103e+00 9.313225746155e-10-2.000000000000e+00
     1.444572070313e+04-2.763477325439e+00 0.000000000000e+00 0.000000000000e+00
R11 2019 08 15 03 45 00-7.603038102388e-05 0.000000000000e+00 3.582000000000e+05
     6.044931640625e+03 4.552612304688e-01 9.313225746155e-10 0.000000000000e+00
    -1.590121533203e+04 2.561813354492e+00-9.313225746155e-10 0.000000000000e+00
     1.904900439453e+04 1.991049766541e+00-2.793967723846e-09 0.000000000000e+00
R20 2019 08 15 03 45 00-3.874348476529e-04-9.094947017729e-13 3.582000000000e+05
     1.883847509766e+04-1.464205741882e+00-2.793967723846e-09 0.000000000000e+00
     1.240548876953e+04-7.451858520508e-01 0.000000000000e+00 2.000000000000e+00
     1.187356689453e+04 3.105114936829e+00-9.313225746155e-10 0.000000000000e+00
R21 2019 08 15 03 45 00-6.605405360460e-05-1.818989403546e-12 3.582000000000e+05
     2.418505029297e+04 9.177970886230e-01-9.313225746155e-10 0.000000000000e+00
     4.893170898438e+03 7.392978668213e-02-2.793967723846e-09 4.000000000000e+00
    -6.535705566406e+03 3.451674461365e+00 0.000000000000e+00 0.000000000000e+00
R02 2019 08 15 03 45 00 3.833202645183e-04 1.818989403546e-12 3.582900000000e+05
    -8.197345703125e+03 2.354605674744e+00 0.000000000000e+00 0.000000000000e+00
    -7.300429687500e+03-2.088386535645e+00 1.862645149231e-09-4.000000000000e+00
     2.306661181641e+04 1.713199615479e-01-1.862645149231e-09 0.000000000000e+00
R12 2019 08 15 03 45 00 5.281995981932e-05 3.637978807092e-12 3.583800000000e+05
    -2.661349609375e+03-1.245975494385e-02 2.793967723846e-09 0.000000000000e+00
    -2.478866210938e+04 7.531871795654e-01-9.313225746155e-10-1.000000000000e+00
     5.394027832031e+03 3.477400779724e+00-1.862645149231e-09 0.000000000000e+00
R22 2019 08 15 03 45 00-3.312621265650e-05-1.818989403550e-12 3.582000000000e+05
     1.321347949220e+04 2.770973205570e+00 9.313225746150e-10 0.000000000000e+00
    -5.553669433590e+03 8.345899581910e-01-3.725290298460e-09-3.000000000000e+00
    -2.106996826170e+04 1.528438568120e+00 0.000000000000e+00 0.000000000000e+00
R26 2019 08 15 03 45 00-1.102313399315e-05 2.728484105319e-12 3.582000000000e+05
     1.684682226563e+04-1.824396133423e+00-2.793967723846e-09 1.000000000000e+00
     1.254022412109e+04-8.080482482910e-01 0.000000000000e+00-6.000000000000e+00
     1.450558593750e+04 2.815726280212e+00-9.313225746155e-10 0.000000000000e+00
R06 2019 08 15 03 45 00 1.600394025440e-04 0.000000000000e+00 3.582000000000e+05
     9.131676269530e+03-2.296999931340e+00 0.000000000000e+00 0.000000000000e+00
     6.607784667970e+03 2.127360343930e+00-1.862645149230e-09-4.000000000000e+00
    -2.288968212890e+04-3.045921325680e-01 1.862645149230e-09 0.000000000000e+00
R13 2019 08 15 03 45 00-2.714991569520e-05 0.000000000000e+00 3.582000000000e+05
    -1.044417675780e+04-5.133771896360e-01 3.725290298460e-09 0.000000000000e+00
    -1.960525878910e+04-1.645483970640e+00-9.313225746150e-10-2.000000000000e+00
    -1.256041748050e+04 2.996648788450e+00 0.000000000000e+00 0.000000000000e+00
R23 2019 08 15 03 45 00 2.473564818500e-04 1.818989403550e-12 3.582000000000e+05
    -6.991643066410e+03 2.716876983640e+00 2.793967723850e-09 0.000000000000e+00
    -1.241531542970e+04 1.017018318180e+00-1.862645149230e-09 3.000000000000e+00
    -2.116992089840e+04-1.494976043700e+00 9.313225746150e-10 0.000000000000e+00
R16 2019 08 15 03 45 00 6.073154509070e-06 0.000000000000e+00 3.582000000000e+05
     3.171323242190e+03-1.032829284670e-02-2.793967723850e-09 0.000000000000e+00
     2.484617041020e+04-7.151279449460e-01 1.862645149230e-09-1.000000000000e+00
    -5.139799804690e+03-3.463792800900e+00 1.862645149230e-09 0.000000000000e+00
R24 2019 08 15 03 45 00-1.836875453590e-04 0.000000000000e+00 3.582000000000e+05
    -2.031208789060e+04 1.244320869450e+00 1.862645149230e-09 0.000000000000e+00
    -1.166492138670e+04 6.456356048580e-01 9.313225746150e-10 2.000000000000e+00
    -1.014295410160e+04-3.243319511410e+00 9.313225746150e-10 0.000000000000e+00
R17 2019 08 15 03 45 00 2.520075067880e-04 2.728484105320e-12 3.582000000000e+05
    -2.425921972660e+04-8.226842880250e-01 9.313225746150e-10 0.000000000000e+00
    -5.207589355470e+03-5.786991119380e-02 2.793967723850e-09 4.000000000000e+00
     5.827584472660e+03-3.481280326840e+00 0.000000000000e+00 0.000000000000e+00
R04 2019 08 15 03 45 00 3.177588805560e-04 9.094947017730e-13 3.582000000000e+05
    -1.847646630860e+04-3.583145141600e-02-1.862645149230e-09 0.000000000000e+00
     1.754202832030e+04 2.506046295170e-01 3.725290298460e-09 6.000000000000e+00
    -1.402076660160e+03 3.561703681950e+00 1.862645149230e-09 0.000000000000e+00
R03 2019 08 15 03 45 00 1.583248376850e-08 9.094947017730e-13 3.582000000000e+05
    -1.895154296880e+04 1.665092468260e+00-9.313225746150e-10 0.000000000000e+00
     7.028008300780e+03-1.333578109740e+00 3.725290298460e-09 5.000000000000e+00
     1.562997460940e+04 2.621301651000e+00 0.000000000000e+00 0.000000000000e+00
R14 2019 08 15 03 45 00 4.195328801870e-05 0.000000000000e+00 3.582000000000e+05
    -1.163246582030e+04-6.639709472660e-01 1.862645149230e-09 0.000000000000e+00
    -3.222016113280e+03-3.006577491760e+00 0.000000000000e+00-7.000000000000e+00
    -2.245673242190e+04 7.727241516110e-01 1.862645149230e-09 0.000000000000e+00
R15 2019 08 15 03 45 00 1.035295426850e-04 0.000000000000e+00 3.582000000000e+05
    -6.316178710940e+03-4.613027572630e-01-9.313225746150e-10 0.000000000000e+00
     1.506192724610e+04-2.647316932680e+00 9.313225746150e-10 0.000000000000e+00
    -1.956540283200e+04-1.886946678160e+00 2.793967723850e-09 0.000000000000e+00
R05 2019 08 15 03 45 00 3.385543823240e-05 9.094947017730e-13 3.582000000000e+05
    -7.948807617190e+03-1.609021186830e+00-9.313225746150e-10 0.000000000000e+00
     1.764213525390e+04 1.617546081540e+00 1.862645149230e-09 1.000000000000e+00
    -1.662036523440e+04 2.482894897460e+00 2.793967723850e-09 0.000000000000e+00
R18 2019 08 15 03 45 00 3.871507942680e-06 9.094947017730e-13 3.592500000000e+05
    -1.580324511720e+04-2.588753700260e+00-9.313225746150e-10 0.000000000000e+00
     4.107703125000e+03-7.293176651000e-01 3.725290298460e-09-3.000000000000e+00
     1.962310449220e+04-1.928215980530e+00 0.000000000000e+00 0.000000000000e+00
R27 2019 08 15 03 45 00 5.182065069675e-05 1.818989403546e-12 3.582000000000e+05
    -8.212094238281e+03-5.166854858398e-01 0.000000000000e+00 4.000000000000e+00
     1.048939550781e+04-2.937983512878e+00 0.000000000000e+00-5.000000000000e+00
    -2.175778564453e+04-1.211859703064e+00 2.793967723846e-09 0.000000000000e+00
R09 2019 08 15 04 15 00 8.545070886612e-05 1.818989403546e-12 3.600000000000e+05
     1.191499169922e+04 5.147905349731e-01-2.793967723846e-09 0.000000000000e+00
     2.065541064453e+04 1.120371818542e+00 1.862645149231e-09-2.000000000000e+00
     8.975922363281e+03-3.274596214294e+00 0.000000000000e+00 0.000000000000e+00
R01 2019 08 15 04 15 00 4.817638546228e-05 0.000000000000e+00 3.600000000000e+05
     1.143922656250e+04 7.050085067749e-01 9.313225746155e-10 0.000000000000e+00
    -2.085120947266e+04-1.058238983154e+00-3.725290298462e-09 1.000000000000e+00
     9.247170898438e+03-3.257685661316e+00-2.793967723846e-09 0.000000000000e+00
R02 2019 08 15 04 15 00 3.833249211311e-04 1.818989403546e-12 3.600000000000e+05
    -4.271895019531e+03 1.973605155945e+00 0.000000000000e+00 0.000000000000e+00
    -1.133067041016e+04-2.350333213806e+00 0.000000000000e+00-4.000000000000e+00
     2.248306982422e+04-8.156766891479e-01-2.793967723846e-09 0.000000000000e+00
R08 2019 08 15 04 15 00 1.620687544346e-05 0.000000000000e+00 3.600000000000e+05
     1.811231103516e+04-6.247396469116e-01 9.313225746155e-10 0.000000000000e+00
    -1.702955175781e+04 4.918136596680e-01-4.656612873077e-09 6.000000000000e+00
    -5.636677734375e+03-3.461371421814e+00-1.862645149231e-09 0.000000000000e+00
R11 2019 08 15 04 15 00-7.603224366903e-05 0.000000000000e+00 3.600000000000e+05
     7.303916992188e+03 9.483232498169e-01 0.000000000000e+00 0.000000000000e+00
    -1.100428271484e+04 2.830230712891e+00 0.000000000000e+00 0.000000000000e+00
     2.185297021484e+04 1.104232788086e+00-2.793967723846e-09 0.000000000000e+00
R12 2019 08 15 04 15 00 5.282554775476e-05 3.637978807092e-12 3.600000000000e+05
    -2.363343750000e+03 3.752193450928e-01 1.862645149231e-09 0.000000000000e+00
    -2.272344433594e+04 1.512697219849e+00-1.862645149231e-09-1.000000000000e+00
     1.136401025391e+04 3.112918853760e+00-2.793967723846e-09 0.000000000000e+00
R20 2019 08 15 04 15 00-3.874376416206e-04-9.094947017729e-13 3.600000000000e+05
     1.548755273438e+04-2.236031532288e+00-2.793967723846e-09 0.000000000000e+00
     1.111031689453e+04-6.526727676392e-01 9.313225746155e-10 2.000000000000e+00
     1.693049853516e+04 2.477197647095e+00-9.313225746155e-10 0.000000000000e+00
R21 2019 08 15 04 15 00-6.605777889490e-05-1.818989403546e-12 3.600000000000e+05
     2.508323974609e+04 6.223011016846e-02-1.862645149231e-09 0.000000000000e+00
     4.727041992188e+03-2.200384140015e-01-1.862645149231e-09 4.000000000000e+00
    -1.506298828125e+02 3.596877098083e+00 0.000000000000e+00 0.000000000000e+00
R19 2019 08 15 04 15 00-4.829838871956e-05-1.818989403546e-12 3.601200000000e+05
    -4.625320312500e+03-3.111774444580e+00-1.862645149231e-09 0.000000000000e+00
     9.625338378906e+03-6.440954208374e-01 3.725290298462e-09 3.000000000000e+00
     2.315785009766e+04-3.544607162476e-01-9.313225746155e-10 0.000000000000e+00
R07 2019 08 15 04 15 00-2.506654709580e-05-9.094947017730e-13 3.600000000000e+05
     1.595970605470e+04-1.792356491090e+00 0.000000000000e+00 0.000000000000e+00
    -4.482001464840e+03 1.963992118840e+00-3.725290298460e-09 5.000000000000e+00
    -1.933688916020e+04-1.934332847600e+00 0.000000000000e+00 0.000000000000e+00
R22 2019 08 15 04 15 00-3.312993794680e-05-1.818989403550e-12 3.600000000000e+05
     1.790526708980e+04 2.392747879030e+00 0.000000000000e+00 0.000000000000e+00
    -4.526015625000e+03 3.181104660030e-01-3.725290298460e-09-3.000000000000e+00
    -1.753713281250e+04 2.371607780460e+00 0.000000000000e+00 0.000000000000e+00
R26 2019 08 15 04 15 00-1.101847738028e-05 2.728484105319e-12 3.600000000000e+05
     1.290876708984e+04-2.521405220032e+00-2.793967723846e-09 1.000000000000e+00
     1.121035791016e+04-6.315431594849e-01 9.313225746155e-10-6.000000000000e+00
     1.894877490234e+04 2.089130401611e+00-9.313225746155e-10 0.000000000000e+00
R23 2019 08 15 04 15 00 2.473611384630e-04 1.818989403550e-12 3.600000000000e+05
    -1.727720214840e+03 3.085796356200e+00 1.862645149230e-09 0.000000000000e+00
    -1.090265917970e+04 6.390113830570e-01-2.793967723850e-09 3.000000000000e+00
    -2.300894433590e+04-5.351724624630e-01 9.313225746150e-10 0.000000000000e+00
R13 2019 08 15 04 15 00-2.715084701780e-05 0.000000000000e+00 3.600000000000e+05
    -1.136723437500e+04-4.703884124760e-01 3.725290298460e-09 0.000000000000e+00
    -2.182515283200e+04-8.104486465450e-01-1.862645149230e-09-2.000000000000e+00
    -6.751028320310e+03 3.416378021240e+00-9.313225746150e-10 0.000000000000e+00
R06 2019 08 15 04 15 00 1.600412651900e-04 0.000000000000e+00 3.600000000000e+05
     5.289688964840e+03-1.938411712650e+00 0.000000000000e+00 0.000000000000e+00
     1.071550146480e+04 2.398001670840e+00 0.000000000000e+00-4.000000000000e+00
    -2.254695556640e+04 6.828641891480e-01 1.862645149230e-09 0.000000000000e+00
R16 2019 08 15 04 15 00 6.074085831640e-06 0.000000000000e+00 3.600000000000e+05
     2.827994140630e+03-4.021224975590e-01-1.862645149230e-09 0.000000000000e+00
     2.285924218750e+04-1.464337348940e+00 1.862645149230e-09-1.000000000000e+00
    -1.109731787110e+04-3.112977027890e+00 1.862645149230e-09 0.000000000000e+00
R17 2019 08 15 04 15 00 2.520130947230e-04 2.728484105320e-12 3.600000000000e+05
    -2.497861962890e+04 3.969192504880e-02 1.862645149230e-09 0.000000000000e+00
    -5.025542968750e+03 2.212715148930e-01 1.862645149230e-09 4.000000000000e+00
    -5.834350585940e+02-3.595695495610e+00 0.000000000000e+00 0.000000000000e+00
R24 2019 08 15 04 15 00-1.836875453590e-04 0.000000000000e+00 3.600000000000e+05
    -1.733256689450e+04 2.046705245970e+00 2.793967723850e-09 0.000000000000e+00
    -1.052161669920e+04 5.830144882200e-01 0.000000000000e+00 2.000000000000e+00
    -1.551439843750e+04-2.686357498170e+00 9.313225746150e-10 0.000000000000e+00
R04 2019 08 15 04 15 00 3.177616745230e-04 9.094947017730e-13 3.600000000000e+05
    -1.797434179690e+04 5.617141723630e-01-9.313225746150e-10 0.000000000000e+00
     1.741835009770e+04-4.134931564330e-01 4.656612873080e-09 6.000000000000e+00
     4.980399414060e+03 3.483939170840e+00 9.313225746150e-10 0.000000000000e+00
R14 2019 08 15 04 15 00 4.195328801870e-05 0.000000000000e+00 3.600000000000e+05
    -1.314361572270e+04-9.883337020870e-01 2.793967723850e-09 0.000000000000e+00
    -8.297422363280e+03-2.589976310730e+00-9.313225746150e-10-7.000000000000e+00
    -2.021464794920e+04 1.702215194700e+00 9.313225746150e-10 0.000000000000e+00
R15 2019 08 15 04 15 00 1.035295426850e-04 0.000000000000e+00 3.600000000000e+05
    -7.594128906250e+03-9.618959426880e-01 0.000000000000e+00 0.000000000000e+00
     1.003681152340e+04-2.885848999020e+00 0.000000000000e+00 0.000000000000e+00
    -2.215964990230e+04-9.767627716060e-01 2.793967723850e-09 0.000000000000e+00
R05 2019 08 15 04 15 00 3.385636955500e-05 9.094947017730e-13 3.600000000000e+05
    -1.021508496090e+04-9.099426269530e-01-9.313225746150e-10 0.000000000000e+00
     2.031619140630e+04 1.307970047000e+00 2.793967723850e-09 1.000000000000e+00
    -1.156645263670e+04 3.096068382260e+00 2.793967723850e-09 0.000000000000e+00
R03 2019 08 15 04 15 00 1.769512891770e-08 9.094947017730e-13 3.600000000000e+05
    -1.578268896480e+04 1.809587478640e+00 0.000000000000e+00 0.000000000000e+00
     4.032945312500e+03-1.983878135680e+00 3.725290298460e-09 5.000000000000e+00
     1.968652099610e+04 1.856888771060e+00 0.000000000000e+00 0.000000000000e+00
R18 2019 08 15 04 15 00 3.874301910400e-06 9.094947017730e-13 3.600000000000e+05
    -2.007182470700e+04-2.108243942260e+00 0.000000000000e+00 0.000000000000e+00
     3.260994140630e+03-2.278051376340e-01 3.725290298460e-09-3.000000000000e+00
     1.544039941410e+04-2.689082145690e+00 0.000000000000e+00 0.000000000000e+00
R27 2019 08 15 04 15 00 5.182530730963e-05 1.818989403546e-12 3.600000000000e+05
    -9.586922363281e+03-1.005791664124e+00 9.313225746155e-10 4.000000000000e+00
     5.098591796875e+03-3.000114440918e+00 0.000000000000e+00-5.000000000000e+00
    -2.306988818359e+04-2.362928390503e-01 2.793967723846e-09 0.000000000000e+00
R12 2019 08 15 04 45 00 5.283206701279e-05 3.637978807092e-12 3.618000000000e+05
    -1.220343750000e+03 9.122667312622e-01 9.313225746155e-10 0.000000000000e+00
    -1.947247851563e+04 2.057519912720e+00-9.313225746155e-10-1.000000000000e+00
     1.645617529297e+04 2.508456230164e+00-2.793967723846e-09 0.000000000000e+00
R01 2019 08 15 04 45 00 4.817731678486e-05 0.000000000000e+00 3.618000000000e+05
     1.214733740234e+04 1.051816940308e-01 9.313225746155e-10 0.000000000000e+00
    -2.222523730469e+04-4.344091415405e-01-4.656612873077e-09 1.000000000000e+00
     3.101874511719e+03-3.526127815247e+00-1.862645149231e-09 0.000000000000e+00
R02 2019 08 15 04 45 00 3.833286464214e-04 1.818989403546e-12 3.618000000000e+05
    -1.184789062500e+03 1.439307212830e+00 9.313225746155e-10 0.000000000000e+00
    -1.560284667969e+04-2.349024772644e+00 0.000000000000e+00-4.000000000000e+00
     2.016729492188e+04-1.740953445435e+00-2.793967723846e-09 0.000000000000e+00
R08 2019 08 15 04 45 00 1.620594412088e-05 0.000000000000e+00 3.618000000000e+05
     1.662663378906e+04-9.840383529663e-01 0.000000000000e+00 0.000000000000e+00
    -1.545838769531e+04 1.260989189148e+00-4.656612873077e-09 6.000000000000e+00
    -1.156796972656e+04-3.085958480835e+00 0.000000000000e+00 0.000000000000e+00
R11 2019 08 15 04 45 00-7.603410631418e-05-9.094947017729e-13 3.618000000000e+05
     9.443360839844e+03 1.415537834167e+00-9.313225746155e-10 0.000000000000e+00
    -5.891716796875e+03 2.801306724548e+00 0.000000000000e+00 0.000000000000e+00
     2.297268310547e+04 1.317090988159e-01-1.862645149231e-09 0.000000000000e+00
R20 2019 08 15 04 45 00-3.874395042658e-04-9.094947017729e-13 3.618000000000e+05
     1.090303173828e+04-2.818344116211e+00-1.862645149231e-09 0.000000000000e+00
     1.018787646484e+04-3.414564132690e-01 1.862645149231e-09 2.000000000000e+00
     2.067633544922e+04 1.657870292664e+00-9.313225746155e-10 0.000000000000e+00
R21 2019 08 15 04 45 00-6.606150418520e-05-1.818989403546e-12 3.618000000000e+05
     2.437941210938e+04-8.424739837646e-01-1.862645149231e-09 0.000000000000e+00
     4.249352050781e+03-2.683477401733e-01 0.000000000000e+00 4.000000000000e+00
     6.246055175781e+03 3.464473724365e+00 0.000000000000e+00 0.000000000000e+00
R22 2019 08 15 04 45 00-3.313366323709e-05-1.818989403546e-12 3.624600000000e+05
     2.166558984375e+04 1.746321678162e+00-9.313225746155e-10 0.000000000000e+00
    -4.338278320313e+03-8.215618133545e-02-3.725290298462e-09-3.000000000000e+00
    -1.264223925781e+04 3.031818389893e+00 0.000000000000e+00 0.000000000000e+00
R09 2019 08 15 04 45 00 8.545722812414e-05 1.818989403546e-12 3.618000000000e+05
     1.266897119141e+04 2.820062637329e-01-2.793967723846e-09 0.000000000000e+00
     2.191856005859e+04 2.860698699951e-01 2.793967723846e-09-2.000000000000e+00
     2.809771972656e+03-3.532052040100e+00 9.313225746155e-10 0.000000000000e+00
R19 2019 08 15 04 45 00-4.830211400986e-05-1.818989403546e-12 3.621000000000e+05
    -1.014293310547e+04-2.966132164001e+00 0.000000000000e+00 0.000000000000e+00
     8.913641113281e+03-1.490774154663e-01 3.725290298462e-09 3.000000000000e+00
     2.163228076172e+04-1.329625129700e+00 0.000000000000e+00 0.000000000000e+00
R07 2019 08 15 04 45 00-2.506840974090e-05-9.094947017730e-13 3.618000000000e+05
     1.279036572270e+04-1.687138557430e+00 0.000000000000e+00 0.000000000000e+00
    -4.287456054690e+02 2.512093544010e+00-2.793967723850e-09 5.000000000000e+00
    -2.202273242190e+04-1.030509948730e+00 9.313225746150e-10 0.000000000000e+00
R26 2019 08 15 04 45 00-1.101382076740e-05 2.728484105319e-12 3.618000000000e+05
     7.905080078125e+03-2.994003295898e+00-1.862645149231e-09 1.000000000000e+00
     1.038285888672e+04-2.625389099121e-01 2.793967723846e-09-6.000000000000e+00
     2.192933593750e+04 1.201087951660e+00-9.313225746155e-10 0.000000000000e+00
R23 2019 08 15 04 45 00 2.473657950760e-04 1.818989403550e-12 3.618000000000e+05
     3.936747070310e+03 3.155451774600e+00 9.313225746150e-10 0.000000000000e+00
    -1.017317675780e+04 1.643686294560e-01-3.725290298460e-09 3.000000000000e+00
    -2.307178417970e+04 4.657897949220e-01 9.313225746150e-10 0.000000000000e+00
R16 2019 08 15 04 45 00 6.074085831640e-06 0.000000000000e+00 3.618000000000e+05
     1.635540527340e+03-9.398441314700e-01-9.313225746150e-10 0.000000000000e+00
     1.970141796880e+04-2.003259658810e+00 1.862645149230e-09-1.000000000000e+00
    -1.620258056640e+04-2.522874832150e+00 2.793967723850e-09 0.000000000000e+00
R06 2019 08 15 04 45 00 1.600421965120e-04 0.000000000000e+00 3.623700000000e+05
     2.246548339840e+03-1.425311088560e+00-9.313225746150e-10 0.000000000000e+00
     1.508374609380e+04 2.408601760860e+00 9.313225746150e-10-4.000000000000e+00
    -2.046328222660e+04 1.617276191710e+00 2.793967723850e-09 0.000000000000e+00
R05 2019 08 15 04 45 00 3.385730087760e-05 9.094947017730e-13 3.635400000000e+05
    -1.126120214840e+04-2.713651657100e-01-9.313225746150e-10 0.000000000000e+00
     2.219663769530e+04 7.428817749020e-01 3.725290298460e-09 1.000000000000e+00
    -5.618573730470e+03 3.469774246220e+00 1.862645149230e-09 0.000000000000e+00
R17 2019 08 15 04 45 00 2.520177513360e-04 2.728484105320e-12 3.618000000000e+05
    -2.409288476560e+04 9.408884048460e-01 1.862645149230e-09 0.000000000000e+00
    -4.559713378910e+03 2.541303634640e-01 9.313225746150e-10 4.000000000000e+00
    -6.949213867190e+03-3.431337356570e+00 9.313225746150e-10 0.000000000000e+00
R24 2019 08 15 04 45 00-1.836875453590e-04 0.000000000000e+00 3.618000000000e+05
    -1.304667871090e+04 2.678709983830e+00 1.862645149230e-09 0.000000000000e+00
    -9.701817871090e+03 2.955007553100e-01-1.862645149230e-09 2.000000000000e+00
    -1.968948876950e+04-1.922670364380e+00 9.313225746150e-10 0.000000000000e+00
R14 2019 08 15 04 45 00 4.195421934130e-05 0.000000000000e+00 3.618000000000e+05
    -1.507081054690e+04-1.114418029790e+00 2.793967723850e-09 0.000000000000e+00
    -1.241541406250e+04-1.956909179690e+00-1.862645149230e-09-7.000000000000e+00
    -1.640825244140e+04 2.499566078190e+00 0.000000000000e+00 0.000000000000e+00
R18 2019 08 15 04 45 00 3.877095878120e-06 9.094947017730e-13 3.618000000000e+05
    -2.324793945310e+04-1.387364387510e+00 9.313225746150e-10 0.000000000000e+00
     3.200154785160e+03 1.289110183720e-01 2.793967723850e-09-3.000000000000e+00
     1.006725292970e+04-3.242409706120e+00 0.000000000000e+00 0.000000000000e+00
R04 2019 08 15 04 45 00 3.177653998140e-04 9.094947017730e-13 3.618000000000e+05
    -1.658908447270e+04 9.359674453740e-01 0.000000000000e+00 0.000000000000e+00
     1.599128564450e+04-1.180500030520e+00 4.656612873080e-09 6.000000000000e+00
     1.097832177730e+04 3.137233734130e+00 9.313225746150e-10 0.000000000000e+00
R15 2019 08 15 04 45 00 1.035295426850e-04 0.000000000000e+00 3.618000000000e+05
    -9.757617187500e+03-1.426951408390e+00 9.313225746150e-10 0.000000000000e+00
     4.855600097660e+03-2.821419715880e+00 0.000000000000e+00 0.000000000000e+00
    -2.303616357420e+04 9.195327758790e-03 1.862645149230e-09 0.000000000000e+00
R13 2019 08 15 04 45 00-2.715084701780e-05 0.000000000000e+00 3.618000000000e+05
    -1.198679199220e+04-1.776323318480e-01 2.793967723850e-09 0.000000000000e+00
    -2.251989746090e+04 2.961254119870e-02-1.862645149230e-09-2.000000000000e+00
    -4.201645507810e+02 3.572281837460e+00-9.313225746150e-10 0.000000000000e+00
R03 2019 08 15 04 45 00 2.048909664150e-08 9.094947017730e-13 3.618000000000e+05
    -1.259711181640e+04 1.688736915590e+00 0.000000000000e+00 0.000000000000e+00
    -4.383837890630e+01-2.517817497250e+00 2.793967723850e-09 5.000000000000e+00
     2.222888476560e+04 9.496889114380e-01-9.313225746150e-10 0.000000000000e+00
R27 2019 08 15 04 45 00 5.182903259993e-05 1.818989403546e-12 3.618000000000e+05
    -1.178176464844e+04-1.410003662109e+00 1.862645149231e-09 4.000000000000e+00
    -1.302871093750e+02-2.762577056885e+00-9.313225746155e-10-5.000000000000e+00
    -2.259645898438e+04 7.591724395752e-01 1.862645149231e-09 0.000000000000e+00
R12 2019 08 15 05 15 00 5.283858627081e-05 3.637978807092e-12 3.636000000000e+05
     9.525576171875e+02 1.501778602600e+00 0.000000000000e+00 0.000000000000e+00
    -1.548163525391e+04 2.328401565552e+00-9.313225746155e-10-1.000000000000e+00
     2.027839404297e+04 1.711055755615e+00-2.793967723846e-09 0.000000000000e+00
R01 2019 08 15 05 15 00 4.817917943001e-05 0.000000000000e+00 3.636000000000e+05
     1.192631445313e+04-3.150806427002e-01 0.000000000000e+00 0.000000000000e+00
    -2.231787353516e+04 3.504590988159e-01-4.656612873077e-09 1.000000000000e+00
    -3.283038085938e+03-3.522192955017e+00-1.862645149231e-09 0.000000000000e+00
R02 2019 08 15 05 15 00 3.833333030343e-04 1.818989403546e-12 3.636000000000e+05
     8.805761718750e+02 8.567609786987e-01 0.000000000000e+00 0.000000000000e+00
    -1.961197851563e+04-2.057311058044e+00-1.862645149231e-09-4.000000000000e+00
     1.629569042969e+04-2.533140182495e+00-2.793967723846e-09 0.000000000000e+00
R11 2019 08 15 05 15 00-7.603596895933e-05-9.094947017729e-13 3.636000000000e+05
     1.232152587891e+04 1.752855300903e+00-9.313225746155e-10 0.000000000000e+00
    -1.085590332031e+03 2.497105598450e+00 9.313225746155e-10 0.000000000000e+00
     2.232047802734e+04-8.518514633179e-01-1.862645149231e-09 0.000000000000e+00
R20 2019 08 15 05 15 00-3.874422982335e-04-9.094947017729e-13 3.636000000000e+05
     5.505478515625e+03-3.128774642944e+00-9.313225746155e-10 0.000000000000e+00
     9.964906738281e+03 1.086435317993e-01 2.793967723846e-09 2.000000000000e+00
     2.282201269531e+04 7.108345031738e-01-9.313225746155e-10 0.000000000000e+00
R21 2019 08 15 05 15 00-6.606522947550e-05-1.818989403546e-12 3.636000000000e+05
     2.209276660156e+04-1.676800727844e+00-1.862645149231e-09 0.000000000000e+00
     3.909372070313e+03-7.088947296143e-02 9.313225746155e-10 4.000000000000e+00
     1.216054687500e+04 3.064552307129e+00-9.313225746155e-10 0.000000000000e+00
R22 2019 08 15 05 15 00-3.313831984997e-05-1.818989403546e-12 3.636000000000e+05
     2.407921289063e+04 9.128704071045e-01-1.862645149231e-09 0.000000000000e+00
    -4.700630859375e+03-2.817878723145e-01-2.793967723846e-09-3.000000000000e+00
    -6.764047851563e+03 3.456881523132e+00 0.000000000000e+00 0.000000000000e+00
R03 2019 08 15 05 15 00 2.235174179077e-08 9.094947017729e-13 3.644100000000e+05
    -9.832640136719e+03 1.353367805481e+00 9.313225746155e-10 0.000000000000e+00
    -4.903448730469e+03-2.839874267578e+00 9.313225746155e-10 5.000000000000e+00
     2.306124121094e+04-3.092002868652e-02-1.862645149231e-09 0.000000000000e+00
R09 2019 08 15 05 15 00 8.546002209187e-05 1.818989403546e-12 3.636000000000e+05
     1.279245849609e+04-1.789360046387e-01-1.862645149231e-09 0.000000000000e+00
     2.172966259766e+04-4.747352600098e-01 2.793967723846e-09-2.000000000000e+00
    -3.574514648438e+03-3.515318870544e+00 1.862645149231e-09 0.000000000000e+00
R08 2019 08 15 05 15 00 1.620501279830e-05 0.000000000000e+00 3.636000000000e+05
     1.472676806640e+04-1.083226203920e+00 0.000000000000e+00 0.000000000000e+00
    -1.249922167970e+04 2.014715194700e+00-4.656612873080e-09 6.000000000000e+00
    -1.660175878910e+04-2.470571517940e+00 0.000000000000e+00 0.000000000000e+00
R07 2019 08 15 05 15 00-2.507027238610e-05-9.094947017730e-13 3.636000000000e+05
     1.001874365230e+04-1.361896514890e+00-9.313225746150e-10 0.000000000000e+00
     4.434965820310e+03 2.850286483760e+00-9.313225746150e-10 5.000000000000e+00
    -2.299881298830e+04-4.703998565670e-02 1.862645149230e-09 0.000000000000e+00
R23 2019 08 15 05 15 00 2.473704516890e-04 1.818989403550e-12 3.642000000000e+05
     9.442256347660e+03 2.910641670230e+00 0.000000000000e+00 0.000000000000e+00
    -1.030296093750e+04-2.970943450930e-01-3.725290298460e-09 3.000000000000e+00
    -2.135373046880e+04 1.430797576900e+00 0.000000000000e+00 0.000000000000e+00
R19 2019 08 15 05 15 00-4.830397665501e-05-1.818989403546e-12 3.637500000000e+05
    -1.512151025391e+04-2.518911361694e+00 0.000000000000e+00 0.000000000000e+00
     9.046817871094e+03 2.766656875610e-01 3.725290298462e-09 3.000000000000e+00
     1.843301074219e+04-2.202035903931e+00 0.000000000000e+00 0.000000000000e+00
R26 2019 08 15 05 15 00-1.100916415453e-05 2.728484105319e-12 3.636000000000e+05
     2.306416015625e+03-3.174656867981e+00-9.313225746155e-10 1.000000000000e+00
     1.032676611328e+04 2.084245681763e-01 3.725290298462e-09-6.000000000000e+00
     2.321669140625e+04 2.199573516846e-01-9.313225746155e-10 0.000000000000e+00
R24 2019 08 15 05 15 00-1.836875453590e-04 0.000000000000e+00 3.647400000000e+05
    -7.844681640630e+03 3.052908897400e+00 9.313225746150e-10 0.000000000000e+00
    -9.548882324220e+03-1.428737640380e-01-2.793967723850e-09 2.000000000000e+00
    -2.234709179690e+04-1.011159896850e+00 9.313225746150e-10 0.000000000000e+00
R06 2019 08 15 05 15 00 1.600440591570e-04 0.000000000000e+00 3.636000000000e+05
     1.892885742190e+02-8.611602783200e-01-9.313225746150e-10 0.000000000000e+00
     1.921286230470e+04 2.131399154660e+00 1.862645149230e-09-4.000000000000e+00
    -1.679995996090e+04 2.426680564880e+00 2.793967723850e-09 0.000000000000e+00
R16 2019 08 15 05 15 00 6.074085831640e-06 0.000000000000e+00 3.636000000000e+05
    -5.859399414060e+02-1.527950286870e+00 0.000000000000e+00 0.000000000000e+00
     1.580938769530e+04-2.273835182190e+00 9.313225746150e-10-1.000000000000e+00
    -2.006265283200e+04-1.738247871400e+00 2.793967723850e-09 0.000000000000e+00
R05 2019 08 15 05 15 00 3.385916352270e-05 9.094947017730e-13 3.636000000000e+05
    -1.128762744140e+04 2.088794708250e-01 0.000000000000e+00 0.000000000000e+00
     2.287447509770e+04-1.455688476560e-02 4.656612873080e-09 1.000000000000e+00
     7.634233398440e+02 3.575325012210e+00 1.862645149230e-09 0.000000000000e+00
R17 2019 08 15 05 15 00 2.520224079490e-04 2.728484105320e-12 3.636000000000e+05
    -2.164015722660e+04 1.761262893680e+00 1.862645149230e-09 0.000000000000e+00
    -4.257258789060e+03 4.420471191410e-02-9.313225746150e-10 4.000000000000e+00
    -1.277626416020e+04-3.001035690310e+00 9.313225746150e-10 0.000000000000e+00
R18 2019 08 15 05 15 00 3.880821168420e-06 9.094947017730e-13 3.636000000000e+05
    -2.497640576170e+04-5.173788070680e-01 1.862645149230e-09 0.000000000000e+00
     3.593580566410e+03 2.678403854370e-01 1.862645149230e-09-3.000000000000e+00
     3.918101074220e+03-3.545753479000e+00 0.000000000000e+00 0.000000000000e+00
R14 2019 08 15 05 15 00 4.195421934130e-05 0.000000000000e+00 3.636000000000e+05
    -1.700460400390e+04-9.904375076290e-01 2.793967723850e-09 0.000000000000e+00
    -1.527077880860e+04-1.205163002010e+00-2.793967723850e-09-7.000000000000e+00
    -1.133273339840e+04 3.103223800660e+00 0.000000000000e+00 0.000000000000e+00
R15 2019 08 15 05 15 00 1.035295426850e-04 0.000000000000e+00 3.636000000000e+05
    -1.264661621090e+04-1.751832962040e+00 1.862645149230e-09 0.000000000000e+00
     4.608593750000e+01-2.481101036070e+00-9.313225746150e-10 0.000000000000e+00
    -2.212703320310e+04 9.943437576290e-01 1.862645149230e-09 0.000000000000e+00
R04 2019 08 15 05 15 00 3.177681937810e-04 9.094947017730e-13 3.636000000000e+05
    -1.476087353520e+04 1.051730155940e+00 0.000000000000e+00 0.000000000000e+00
     1.317268652340e+04-1.940516471860e+00 3.725290298460e-09 6.000000000000e+00
     1.612887939450e+04 2.548550605770e+00 0.000000000000e+00 0.000000000000e+00
R13 2019 08 15 05 15 00-2.715177834030e-05 0.000000000000e+00 3.636000000000e+05
    -1.187477343750e+04 3.336429595950e-01 1.862645149230e-09 0.000000000000e+00
    -2.178353417970e+04 7.620429992680e-01-2.793967723850e-09-2.000000000000e+00
     5.943133300780e+03 3.452152252200e+00-1.862645149230e-09 0.000000000000e+00
R27 2019 08 15 05 15 00 5.183275789022e-05 1.818989403546e-12 3.636000000000e+05
    -1.455292919922e+04-1.631855010986e+00 1.862645149231e-09 4.000000000000e+00
    -4.695515136719e+03-2.274361610413e+00-1.862645149231e-09-5.000000000000e+00
    -2.037136718750e+04 1.697270393372e+00 9.313225746155e-10 0.000000000000e+00
R12 2019 08 15 05 45 00 5.284510552883e-05 3.637978807092e-12 3.654000000000e+05
     4.151531738281e+03 2.033931732178e+00 0.000000000000e+00 0.000000000000e+00
    -1.126471142578e+04 2.310042381287e+00 0.000000000000e+00-1.000000000000e+00
     2.253700048828e+04 7.823591232300e-01-2.793967723846e-09 0.000000000000e+00
R01 2019 08 15 05 45 00 4.818011075258e-05 0.000000000000e+00 3.654000000000e+05
     1.115434472656e+04-5.013027191162e-01-9.313225746155e-10 0.000000000000e+00
    -2.092797070313e+04 1.194263458252e+00-4.656612873077e-09 1.000000000000e+00
    -9.414321777344e+03-3.246137619019e+00-9.313225746155e-10 0.000000000000e+00
R02 2019 08 15 05 45 00 3.833370283246e-04 9.094947017729e-13 3.654000000000e+05
     1.936402343750e+03 3.351554870605e-01 0.000000000000e+00 0.000000000000e+00
    -2.284526318359e+04-1.493913650513e+00-2.793967723846e-09-4.000000000000e+00
     1.116507617188e+04-3.130679130554e+00-2.793967723846e-09 0.000000000000e+00
R03 2019 08 15 05 45 00 2.421438694000e-08 9.094947017729e-13 3.654000000000e+05
    -7.803212402344e+03 8.882884979248e-01 9.313225746155e-10 0.000000000000e+00
    -1.010033300781e+04-2.884918212891e+00 0.000000000000e+00 5.000000000000e+00
     2.211854248047e+04-1.009907722473e+00-2.793967723846e-09 0.000000000000e+00
R11 2019 08 15 05 45 00-7.604062557220e-05-9.094947017729e-13 3.654000000000e+05
     1.562399609375e+04 1.875251770020e+00-1.862645149231e-09 0.000000000000e+00
     2.970190917969e+03 1.981165885925e+00 1.862645149231e-09 0.000000000000e+00
     1.994495996094e+04-1.770667076111e+00-9.313225746155e-10 0.000000000000e+00
R20 2019 08 15 05 45 00-3.874441608787e-04-9.094947017729e-13 3.654000000000e+05
    -1.716259765625e+02-3.125934600830e+00 0.000000000000e+00 0.000000000000e+00
     1.059972460938e+04 5.930671691895e-01 3.725290298462e-09 2.000000000000e+00
     2.320268359375e+04-2.904977798462e-01-9.313225746155e-10 0.000000000000e+00
R21 2019 08 15 05 45 00-6.606988608837e-05-1.818989403546e-12 3.654000000000e+05
     1.845136865234e+04-2.331335067749e+00-1.862645149231e-09 0.000000000000e+00
     4.115386230469e+03 3.273553848267e-01 1.862645149231e-09 4.000000000000e+00
     1.713597509766e+04 2.427801132202e+00-9.313225746155e-10 0.000000000000e+00
R22 2019 08 15 05 45 00-3.314297646284e-05-1.818989403546e-12 3.654000000000e+05
     2.490574267578e+04 2.838134765625e-03-2.793967723846e-09 0.000000000000e+00
    -5.203242675781e+03-2.338581085205e-01-9.313225746155e-10-3.000000000000e+00
    -3.592553710938e+02 3.613014221191e+00 0.000000000000e+00 0.000000000000e+00
R08 2019 08 15 05 45 00 1.620408147570e-05 0.000000000000e+00 3.654000000000e+05
     1.287638623050e+04-9.349288940430e-01-9.313225746150e-10 0.000000000000e+00
    -8.283053222660e+03 2.639614105220e+00-2.793967723850e-09 6.000000000000e+00
    -2.034624023440e+04-1.662723541260e+00 9.313225746150e-10 0.000000000000e+00
R23 2019 08 15 05 45 00 2.473751083020e-04 1.818989403550e-12 3.654000000000e+05
     1.424489306640e+04 2.383666992190e+00-9.313225746150e-10 0.000000000000e+00
    -1.117032128910e+04-6.386260986330e-01-3.725290298460e-09 3.000000000000e+00
    -1.798727099610e+04 2.285492897030e+00 0.000000000000e+00 0.000000000000e+00
R09 2019 08 15 05 45 00 8.546281605960e-05 1.818989403550e-12 3.654000000000e+05
     1.192372558590e+04-8.072376251220e-01-9.313225746150e-10 0.000000000000e+00
     2.031363574220e+04-1.063051223750e+00 2.793967723850e-09-2.000000000000e+00
    -9.681047363280e+03-3.225435256960e+00 1.862645149230e-09 0.000000000000e+00
R26 2019 08 15 05 45 00-1.096352934837e-05 2.728484105319e-12 3.654000000000e+05
    -3.333336914063e+03-3.039686203003e+00 0.000000000000e+00 1.000000000000e+00
     1.112909228516e+04 6.725759506226e-01 3.725290298462e-09-6.000000000000e+00
     2.271065966797e+04-7.786588668823e-01 0.000000000000e+00 0.000000000000e+00
R24 2019 08 15 05 45 00-1.836875453590e-04 0.000000000000e+00 3.654000000000e+05
    -2.241123535160e+03 3.120487213130e+00 0.000000000000e+00 0.000000000000e+00
    -1.024622167970e+04-6.310119628910e-01-3.725290298460e-09 2.000000000000e+00
    -2.328288623050e+04-2.188491821290e-02 9.313225746150e-10 0.000000000000e+00
R07 2019 08 15 05 45 00-2.507213503120e-05-9.094947017730e-13 3.654000000000e+05
     7.969502929690e+03-9.007463455200e-01-9.313225746150e-10 0.000000000000e+00
     9.665069335940e+03 2.911216735840e+00 0.000000000000e+00 5.000000000000e+00
    -2.219026318360e+04 9.394493103030e-01 2.793967723850e-09 0.000000000000e+00
R06 2019 08 15 05 45 00 1.600459218030e-04 0.000000000000e+00 3.654000000000e+05
    -8.879809570310e+02-3.537960052490e-01 0.000000000000e+00 0.000000000000e+00
     2.259370166020e+04 1.583856582640e+00 2.793967723850e-09-4.000000000000e+00
    -1.183992822270e+04 3.048744201660e+00 2.793967723850e-09 0.000000000000e+00
R05 2019 08 15 05 45 00 3.386102616790e-05 9.094947017730e-13 3.654000000000e+05
    -1.064535009770e+04 4.636821746830e-01 0.000000000000e+00 0.000000000000e+00
     2.208636474610e+04-8.678331375120e-01 4.656612873080e-09 1.000000000000e+00
     7.086494140630e+03 3.404755592350e+00 9.313225746150e-10 0.000000000000e+00
R04 2019 08 15 05 45 00 3.177719190720e-04 9.094947017730e-13 3.668700000000e+05
    -1.295290185550e+04 9.188709259030e-01 9.313225746150e-10 0.000000000000e+00
     9.077588867190e+03-2.580790519710e+00 3.725290298460e-09 6.000000000000e+00
     2.003491406250e+04 1.763391494750e+00 0.000000000000e+00 0.000000000000e+00
R18 2019 08 15 05 45 00 3.883615136150e-06 9.094947017730e-13 3.654000000000e+05
    -2.508942773440e+04 3.875713348390e-01 1.862645149230e-09 0.000000000000e+00
     4.013139160160e+03 1.562614440920e-01 9.313225746150e-10-3.000000000000e+00
    -2.533054199220e+03-3.575792312620e+00 0.000000000000e+00 0.000000000000e+00
R17 2019 08 15 05 45 00 2.520279958840e-04 2.728484105320e-12 3.654000000000e+05
    -1.786608886720e+04 2.393046379090e+00 1.862645149230e-09 0.000000000000e+00
    -4.518008789060e+03-3.602046966550e-01-1.862645149230e-09 4.000000000000e+00
    -1.761317431640e+04-2.338394165040e+00 9.313225746150e-10 0.000000000000e+00
R14 2019 08 15 05 45 00 4.195515066390e-05 0.000000000000e+00 3.654000000000e+05
    -1.848013867190e+04-6.075782775880e-01 1.862645149230e-09 0.000000000000e+00
    -1.675060644530e+04-4.476451873780e-01-2.793967723850e-09-7.000000000000e+00
    -5.381116210940e+03 3.466730117800e+00-9.313225746150e-10 0.000000000000e+00
R15 2019 08 15 05 45 00 1.035286113620e-04 0.000000000000e+00 3.654000000000e+05
    -1.592934082030e+04-1.853139877320e+00 1.862645149230e-09 0.000000000000e+00
    -3.951480957030e+03-1.933664321900e+00-1.862645149230e-09 0.000000000000e+00
    -1.950303027340e+04 1.902190208440e+00 9.313225746150e-10 0.000000000000e+00
R13 2019 08 15 05 45 00-2.715270966290e-05 0.000000000000e+00 3.654000000000e+05
    -1.069695605470e+04 9.918060302730e-01 9.313225746150e-10 0.000000000000e+00
    -1.989741455080e+04 1.294203758240e+00-1.862645149230e-09-2.000000000000e+00
     1.184701416020e+04 3.065103530880e+00-2.793967723850e-09 0.000000000000e+00
R19 2019 08 15 05 45 00-4.830770194530e-05-1.818989403550e-12 3.659700000000e+05
    -1.906430273440e+04-1.828418731690e+00 1.862645149230e-09 0.000000000000e+00
     9.808803710940e+03 5.353860855100e-01 2.793967723850e-09 3.000000000000e+00
     1.380740820310e+04-2.904127120970e+00 0.000000000000e+00 0.000000000000e+00
R16 2019 08 15 05 45 00 6.074085831640e-06 0.000000000000e+00 3.671400000000e+05
    -3.830120117190e+03-2.057959556580e+00 0.000000000000e+00 0.000000000000e+00
     1.168672216800e+04-2.260749816890e+00 0.000000000000e+00-1.000000000000e+00
    -2.237911914060e+04-8.187217712400e-01 2.793967723850e-09 0.000000000000e+00
R27 2019 08 15 05 45 00 5.183555185795e-05 9.094947017729e-13 3.665400000000e+05
    -1.750508691406e+04-1.602849006653e+00 1.862645149231e-09 1.000000000000e+00
    -8.218941894531e+03-1.621849060059e+00-2.793967723846e-09-5.000000000000e+00
    -1.656485644531e+04 2.504748344421e+00 0.000000000000e+00 0.000000000000e+00
R12 2019 08 15 06 15 00 5.285162478685e-05 3.637978807092e-12 3.672000000000e+05
     8.177217285156e+03 2.404376029968e+00-9.313225746155e-10 0.000000000000e+00
    -7.321601074219e+03 2.032846450806e+00 9.313225746155e-10-1.000000000000e+00
     2.305890380859e+04-2.061624526978e-01-1.862645149231e-09 0.000000000000e+00
R02 2019 08 15 06 15 00 3.833398222923e-04 9.094947017729e-13 3.672000000000e+05
     2.181308593750e+03-3.052425384521e-02-9.313225746155e-10 0.000000000000e+00
    -2.486378369141e+04-7.212076187134e-01-4.656612873077e-09-4.000000000000e+00
     5.170542480469e+03-3.486680984497e+00-2.793967723846e-09 0.000000000000e+00
R03 2019 08 15 06 15 00 2.607703208923e-08 9.094947017729e-13 3.672000000000e+05
    -6.650089843750e+03 3.977909088135e-01 0.000000000000e+00 0.000000000000e+00
    -1.510777343750e+04-2.629221916199e+00-9.313225746155e-10 5.000000000000e+00
     1.947174023438e+04-1.912137031555e+00-2.793967723846e-09 0.000000000000e+00
R11 2019 08 15 06 15 00-7.604248821735e-05-9.094947017729e-13 3.672000000000e+05
     1.891185791016e+04 1.731492042542e+00-1.862645149231e-09 0.000000000000e+00
     5.975866699219e+03 1.347842216492e+00 2.793967723846e-09 0.000000000000e+00
     1.602780468750e+04-2.553612709045e+00 0.000000000000e+00 0.000000000000e+00
R21 2019 08 15 06 15 00-6.607361137867e-05-2.728484105319e-12 3.672000000000e+05
     1.385775292969e+04-2.724262237549e+00-9.313225746155e-10 0.000000000000e+00
     5.159359863281e+03 8.439836502075e-01 2.793967723846e-09 4.000000000000e+00
     2.078761767578e+04 1.603186607361e+00-9.313225746155e-10 0.000000000000e+00
R22 2019 08 15 06 15 00-3.314763307571e-05-1.818989403546e-12 3.672000000000e+05
     2.411673242188e+04-8.619804382324e-01-2.793967723846e-09 0.000000000000e+00
    -5.392379882813e+03 6.273078918457e-02 0.000000000000e+00-3.000000000000e+00
     6.073511230469e+03 3.487750053406e+00-9.313225746155e-10 0.000000000000e+00
R13 2019 08 15 06 15 00-2.715364098549e-05 0.000000000000e+00 3.676200000000e+05
    -8.276153808594e+03 1.696411132813e+00 0.000000000000e+00 0.000000000000e+00
    -1.728016162109e+04 1.568252563477e+00-1.862645149231e-09-2.000000000000e+00
     1.683484863281e+04 2.440911293030e+00-2.793967723846e-09 0.000000000000e+00
R23 2019 08 15 06 15 00 2.473806962371e-04 1.818989403546e-12 3.679500000000e+05
     1.789834130859e+04 1.649197578430e+00-1.862645149231e-09 0.000000000000e+00
    -1.247808837891e+04-7.748422622681e-01-2.793967723846e-09 3.000000000000e+00
    -1.323198242188e+04 2.963932037354e+00 0.000000000000e+00 0.000000000000e+00
R20 2019 08 15 06 15 00-3.874460235238e-04-9.094947017729e-13 3.672000000000e+05
    -5.562659179688e+03-2.815954208374e+00 9.313225746155e-10 0.000000000000e+00
     1.205353955078e+04 1.000562667847e+00 3.725290298462e-09 2.000000000000e+00
     2.179011718750e+04-1.268733978271e+00 0.000000000000e+00 0.000000000000e+00
R08 2019 08 15 06 15 00 1.620221883060e-05 0.000000000000e+00 3.672000000000e+05
     1.147690087890e+04-5.946254730220e-01-9.313225746150e-10 0.000000000000e+00
    -3.132501464840e+03 3.039148330690e+00-1.862645149230e-09 6.000000000000e+00
    -2.250956884770e+04-7.252340316770e-01 1.862645149230e-09 0.000000000000e+00
R01 2019 08 15 06 15 00 4.818104207520e-05 0.000000000000e+00 3.672000000000e+05
     1.026999023440e+04-4.417572021480e-01-1.862645149230e-09 0.000000000000e+00
    -1.805194726560e+04 1.982571601870e+00-4.656612873080e-09 1.000000000000e+00
    -1.481822705080e+04-2.719225883480e+00 0.000000000000e+00 0.000000000000e+00
R09 2019 08 15 06 15 00 8.546561002730e-05 1.818989403550e-12 3.672000000000e+05
     9.841501953130e+03-1.509799003600e+00 0.000000000000e+00 0.000000000000e+00
     1.804792773440e+04-1.410701751710e+00 1.862645149230e-09-2.000000000000e+00
    -1.503535107420e+04-2.685002326970e+00 2.793967723850e-09 0.000000000000e+00
R05 2019 08 15 06 15 00 3.386195749044e-05 9.094947017729e-13 3.685500000000e+05
    -9.769903320313e+03 4.674749374390e-01 9.313225746155e-10 0.000000000000e+00
     1.976145996094e+04-1.702484130859e+00 4.656612873077e-09 1.000000000000e+00
     1.286245312500e+04 2.971385002136e+00 0.000000000000e+00 0.000000000000e+00
R26 2019 08 15 06 15 00-1.095887273550e-05 2.728484105319e-12 3.672000000000e+05
    -8.460595703125e+03-2.613105773926e+00 9.313225746155e-10 1.000000000000e+00
     1.267854687500e+04 1.021554946899e+00 3.725290298462e-09-6.000000000000e+00
     2.044937695313e+04-1.717661857605e+00 0.000000000000e+00 0.000000000000e+00
R24 2019 08 15 06 15 00-1.836875453590e-04 0.000000000000e+00 3.672000000000e+05
     3.202640625000e+03 2.878930091860e+00-9.313225746150e-10 0.000000000000e+00
    -1.178367089840e+04-1.058033943180e+00-3.725290298460e-09 2.000000000000e+00
    -2.242477392580e+04 9.692220687870e-01 9.313225746150e-10 0.000000000000e+00
R06 2019 08 15 06 15 00 1.600468531250e-04 0.000000000000e+00 3.672000000000e+05
    -1.175506835940e+03 2.691268920900e-03 0.000000000000e+00 0.000000000000e+00
     2.478810546880e+04 8.263921737670e-01 3.725290298460e-09-4.000000000000e+00
    -5.966016601560e+03 3.435523033140e+00 1.862645149230e-09 0.000000000000e+00
R07 2019 08 15 06 15 00-2.507399767640e-05 0.000000000000e+00 3.672000000000e+05
     6.794846191410e+03-4.083633422850e-01 0.000000000000e+00 0.000000000000e+00
     1.473281689450e+04 2.669513702390e+00 9.313225746150e-10 5.000000000000e+00
    -1.966110742190e+04 1.852286338810e+00 2.793967723850e-09 0.000000000000e+00
R04 2019 08 15 06 15 00 3.177747130390e-04 9.094947017730e-13 3.675000000000e+05
    -1.157122119140e+04 5.900077819820e-01 9.313225746150e-10 0.000000000000e+00
     4.012681152340e+03-3.004061698910e+00 1.862645149230e-09 6.000000000000e+00
     2.239529833980e+04 8.422660827640e-01-9.313225746150e-10 0.000000000000e+00
R18 2019 08 15 06 15 00 3.886409103870e-06 9.094947017730e-13 3.672000000000e+05
    -2.363177197270e+04 1.208634376530e+00 1.862645149230e-09 0.000000000000e+00
     4.012814941410e+03-1.926689147950e-01 0.000000000000e+00-3.000000000000e+00
    -8.788891113280e+03-3.330107688900e+00 9.313225746150e-10 0.000000000000e+00
R15 2019 08 15 06 15 00 1.035286113620e-04 0.000000000000e+00 3.672000000000e+05
    -1.915429199220e+04-1.683244705200e+00 1.862645149230e-09 0.000000000000e+00
    -6.849796386720e+03-1.277832984920e+00-2.793967723850e-09 0.000000000000e+00
    -1.536800634770e+04 2.662331581120e+00 0.000000000000e+00 0.000000000000e+00
R17 2019 08 15 06 15 00 2.520335838200e-04 2.728484105320e-12 3.672000000000e+05
    -1.318632275390e+04 2.757691383360e+00 9.313225746150e-10 0.000000000000e+00
    -5.620312500000e+03-8.743982315060e-01-2.793967723850e-09 4.000000000000e+00
    -2.108579589840e+04-1.495075225830e+00 9.313225746150e-10 0.000000000000e+00
R14 2019 08 15 06 15 00 4.195608198640e-05 0.000000000000e+00 3.672000000000e+05
    -1.905746777340e+04-2.035140991210e-03 1.862645149230e-09 0.000000000000e+00
    -1.694498730470e+04 2.061147689820e-01-2.793967723850e-09-7.000000000000e+00
     9.862944335940e+02 3.562267303470e+00-1.862645149230e-09 0.000000000000e+00
R19 2019 08 15 06 15 00-4.831235855820e-05-1.818989403550e-12 3.672000000000e+05
    -2.161437695310e+04-9.895820617680e-01 1.862645149230e-09 0.000000000000e+00
     1.083270703130e+04 5.597057342530e-01 1.862645149230e-09 3.000000000000e+00
     8.113334472660e+03-3.381501197810e+00 0.000000000000e+00 0.000000000000e+00
R16 2019 08 15 06 15 00 6.073154509070e-06 0.000000000000e+00 3.672000000000e+05
    -7.897220703130e+03-2.426444053650e+00 9.313225746150e-10 0.000000000000e+00
     7.824020996090e+03-1.993455886840e+00 0.000000000000e+00-1.000000000000e+00
    -2.297111181640e+04 1.655187606810e-01 1.862645149230e-09 0.000000000000e+00
R27 2019 08 15 06 15 00 5.183927714825e-05 9.094947017729e-13 3.672300000000e+05
    -2.015539013672e+04-1.295769691467e+00 1.862645149231e-09 1.000000000000e+00
    -1.050112255859e+04-9.144115447998e-01-2.793967723846e-09-5.000000000000e+00
    -1.147096728516e+04 3.118244171143e+00 0.000000000000e+00 0.000000000000e+00
R12 2019 08 15 06 45 00 5.285907536745e-05 3.637978807092e-12 3.690000000000e+05
     1.266068554688e+04 2.531739234924e+00-9.313225746155e-10 0.000000000000e+00
    -4.060092285156e+03 1.567216873169e+00 1.862645149231e-09-1.000000000000e+00
     2.180447558594e+04-1.178627014160e+00-9.313225746155e-10 0.000000000000e+00
R02 2019 08 15 06 45 00 3.833426162601e-04 9.094947017729e-13 3.690000000000e+05
     1.959739746094e+03-1.755676269531e-01-1.862645149231e-09 0.000000000000e+00
    -2.537357373047e+04 1.642494201660e-01-4.656612873077e-09-4.000000000000e+00
    -1.224606933594e+03-3.572777748108e+00-1.862645149231e-09 0.000000000000e+00
R03 2019 08 15 06 45 00 2.793967723846e-08 0.000000000000e+00 3.690000000000e+05
    -6.322444335938e+03-1.205539703369e-02 0.000000000000e+00 0.000000000000e+00
    -1.939744970703e+04-2.094849586487e+00-2.793967723846e-09 5.000000000000e+00
     1.532289355469e+04-2.667991638184e+00-2.793967723846e-09 0.000000000000e+00
R11 2019 08 15 06 45 00-7.604528218508e-05-9.094947017729e-13 3.690000000000e+05
     2.169186376953e+04 1.313435554504e+00-9.313225746155e-10 0.000000000000e+00
     7.817733886719e+03 7.065954208374e-01 3.725290298462e-09 0.000000000000e+00
     1.087035302734e+04-3.139732360840e+00 0.000000000000e+00 0.000000000000e+00
R13 2019 08 15 06 45 00-2.715457230806e-05 0.000000000000e+00 3.690000000000e+05
    -4.629816894531e+03 2.334660530090e+00 0.000000000000e+00 0.000000000000e+00
    -1.441594091797e+04 1.570121765137e+00-9.313225746155e-10-2.000000000000e+00
     2.052061083984e+04 1.627738952637e+00-2.793967723846e-09 0.000000000000e+00
R21 2019 08 15 06 45 00-6.607826799154e-05-2.728484105319e-12 3.690000000000e+05
     8.826681152344e+03-2.814360618591e+00 0.000000000000e+00 0.000000000000e+00
     7.161352539063e+03 1.373133659363e+00 3.725290298462e-09 4.000000000000e+00
     2.283264794922e+04 6.542339324951e-01-9.313225746155e-10 0.000000000000e+00
R22 2019 08 15 06 45 00-3.315228968859e-05-1.818989403546e-12 3.690000000000e+05
     2.189823632813e+04-1.568346977234e+00-1.862645149231e-09 0.000000000000e+00
    -4.854533691406e+03 5.628004074097e-01 1.862645149231e-09-3.000000000000e+00
     1.203334033203e+04 3.091038703918e+00-9.313225746155e-10 0.000000000000e+00
R23 2019 08 15 06 45 00 2.473853528500e-04 1.818989403546e-12 3.690000000000e+05
     2.012023828125e+04 8.122396469116e-01-2.793967723846e-09 0.000000000000e+00
    -1.380609814453e+04-6.564931869507e-01-1.862645149231e-09 3.000000000000e+00
    -7.454705078125e+03 3.413647651672e+00 0.000000000000e+00 0.000000000000e+00
R20 2019 08 15 06 45 00-3.874478861690e-04-9.094947017729e-13 3.690000000000e+05
    -1.015545312500e+04-2.251235008240e+00 1.862645149231e-09 0.000000000000e+00
     1.409569873047e+04 1.232304573059e+00 2.793967723846e-09 2.000000000000e+00
     1.869450878906e+04-2.148448944092e+00 0.000000000000e+00 0.000000000000e+00
R01 2019 08 15 06 45 00 4.818197339770e-05 0.000000000000e+00 3.690000000000e+05
     9.692723144530e+03-1.690120697020e-01-1.862645149230e-09 0.000000000000e+00
    -1.388950146480e+04 2.607034683230e+00-2.793967723850e-09 1.000000000000e+00
    -1.907707421880e+04-1.982092857360e+00 9.313225746150e-10 0.000000000000e+00
R24 2019 08 15 06 45 00-1.836875453590e-04 0.000000000000e+00 3.696000000000e+05
     7.963148925780e+03 2.372248649600e+00-1.862645149230e-09 0.000000000000e+00
    -1.395687207030e+04-1.322172164920e+00-3.725290298460e-09 2.000000000000e+00
    -1.983836718750e+04 1.886046409610e+00 0.000000000000e+00 0.000000000000e+00
R05 2019 08 15 06 45 00 3.386382013559e-05 9.094947017729e-13 3.690000000000e+05
    -9.102018554688e+03 2.400541305542e-01 1.862645149231e-09 0.000000000000e+00
     1.603740185547e+04-2.404475212097e+00 3.725290298462e-09 1.000000000000e+00
     1.764555761719e+04 2.308738708496e+00 0.000000000000e+00 0.000000000000e+00
R26 2019 08 15 06 45 00-1.095421612263e-05 2.728484105319e-12 3.690000000000e+05
    -1.260555419922e+04-1.962696075439e+00 1.862645149231e-09 1.000000000000e+00
     1.468330224609e+04 1.166064262390e+00 2.793967723846e-09-6.000000000000e+00
     1.660665576172e+04-2.524373054504e+00 0.000000000000e+00 0.000000000000e+00
R08 2019 08 15 06 45 00 1.620035618540e-05 0.000000000000e+00 3.690000000000e+05
     1.079823437500e+04-1.507492065430e-01-9.313225746150e-10 0.000000000000e+00
     2.483592285160e+03 3.149683952330e+00 0.000000000000e+00 6.000000000000e+00
    -2.292310009770e+04 2.687425613400e-01 1.862645149230e-09 0.000000000000e+00
R17 2019 08 15 06 45 00 2.520382404330e-04 2.728484105320e-12 3.701400000000e+05
    -8.121770507810e+03 2.818322181700e+00 0.000000000000e+00 0.000000000000e+00
    -7.667856445310e+03-1.391825675960e+00-3.725290298460e-09 4.000000000000e+00
    -2.292620703130e+04-5.366554260250e-01 9.313225746150e-10 0.000000000000e+00
R06 2019 08 15 06 45 00 1.600487157700e-04 0.000000000000e+00 3.690000000000e+05
    -1.008382812500e+03 1.437358856200e-01 9.313225746150e-10 0.000000000000e+00
     2.549881347660e+04-4.693508148190e-02 4.656612873080e-09-4.000000000000e+00
     3.684414062500e+02 3.557133674620e+00 1.862645149230e-09 0.000000000000e+00
R09 2019 08 15 06 45 00 8.546747267250e-05 1.818989403550e-12 3.690000000000e+05
     6.509937988280e+03-2.176595687870e+00 0.000000000000e+00 0.000000000000e+00
     1.539636230470e+04-1.491140365600e+00 9.313225746150e-10-2.000000000000e+00
    -1.922180175780e+04-1.936362266540e+00 2.793967723850e-09 0.000000000000e+00
R07 2019 08 15 06 45 00-2.507492899890e-05 0.000000000000e+00 3.690000000000e+05
     6.453547851560e+03 8.150100708010e-03 0.000000000000e+00 0.000000000000e+00
     1.910550292970e+04 2.146256446840e+00 2.793967723850e-09 5.000000000000e+00
    -1.560886767580e+04 2.620786666870e+00 2.793967723850e-09 0.000000000000e+00
R04 2019 08 15 06 45 00 3.177775070070e-04 9.094947017730e-13 3.690000000000e+05
    -1.089526367190e+04 1.511240005490e-01 9.313225746150e-10 0.000000000000e+00
    -1.566411621090e+03-3.144394874570e+00 9.313225746150e-10 6.000000000000e+00
     2.302792333980e+04-1.439371109010e-01-1.862645149230e-09 0.000000000000e+00
R18 2019 08 15 06 45 00 3.889203071590e-06 9.094947017730e-13 3.690000000000e+05
    -2.085207128910e+04 1.841200828550e+00 1.862645149230e-09 0.000000000000e+00
     3.210623535160e+03-7.219381332400e-01-1.862645149230e-09-3.000000000000e+00
    -1.436683056640e+04-2.827401161190e+00 9.313225746150e-10 0.000000000000e+00
R15 2019 08 15 06 45 00 1.035286113620e-04 0.000000000000e+00 3.690000000000e+05
    -2.182340478520e+04-1.238872528080e+00 9.313225746150e-10 0.000000000000e+00
    -8.553973632810e+03-6.256408691410e-01-3.725290298460e-09 0.000000000000e+00
    -1.004287402340e+04 3.215956687930e+00 0.000000000000e+00 0.000000000000e+00
R19 2019 08 15 06 45 00-4.831701517110e-05-1.818989403550e-12 3.690000000000e+05
    -2.260746728520e+04-1.186122894290e-01 2.793967723850e-09 0.000000000000e+00
     1.166698974610e+04 3.243618011470e-01 9.313225746150e-10 3.000000000000e+00
     1.791426269530e+03-3.597187995910e+00 0.000000000000e+00 0.000000000000e+00
R14 2019 08 15 06 45 00 4.195701330900e-05 0.000000000000e+00 3.690000000000e+05
    -1.839872363280e+04 7.504749298100e-01 9.313225746150e-10 0.000000000000e+00
    -1.612458691410e+04 6.677532196040e-01-2.793967723850e-09-7.000000000000e+00
     7.277576660160e+03 3.382737159730e+00-1.862645149230e-09 0.000000000000e+00
R16 2019 08 15 06 45 00 6.072223186490e-06 0.000000000000e+00 3.690000000000e+05
    -1.241907763670e+04-2.552433013920e+00 9.313225746150e-10 0.000000000000e+00
     4.621983398440e+03-1.540938377380e+00-1.862645149230e-09-1.000000000000e+00
    -2.178978662110e+04 1.138875007630e+00 1.862645149230e-09 0.000000000000e+00
R27 2019 08 15 06 45 00 5.184207111597e-05 9.094947017729e-13 3.690300000000e+05
    -2.201381396484e+04-7.301187515259e-01 9.313225746155e-10 1.000000000000e+00
    -1.154660498047e+04-2.661180496216e-01-3.725290298462e-09-5.000000000000e+00
    -5.484921875000e+03 3.489476203918e+00-9.313225746155e-10 0.000000000000e+00
R12 2019 08 15 07 15 00 5.286559462547e-05 3.637978807092e-12 3.708000000000e+05
     1.711795800781e+04 2.371419906616e+00-9.313225746155e-10 0.000000000000e+00
    -1.733961914063e+03 1.011400222778e+00 2.793967723846e-09-1.000000000000e+00
     1.887038574219e+04-2.060423851013e+00-9.313225746155e-10 0.000000000000e+00
R03 2019 08 15 07 15 00 2.887099981308e-08 0.000000000000e+00 3.708000000000e+05
    -6.590566406250e+03-2.514410018921e-01-9.313225746155e-10 0.000000000000e+00
    -2.252027099609e+04-1.346660614014e+00-2.793967723846e-09 5.000000000000e+00
     9.990367187500e+03-3.218707084656e+00-2.793967723846e-09 0.000000000000e+00
R11 2019 08 15 07 15 00-7.604807615280e-05-9.094947017729e-13 3.708000000000e+05
     2.349713916016e+04 6.582641601563e-01 0.000000000000e+00 0.000000000000e+00
     8.579077148438e+03 1.637477874756e-01 3.725290298462e-09 0.000000000000e+00
     4.870805664063e+03-3.483088493347e+00 9.313225746155e-10 0.000000000000e+00
R13 2019 08 15 07 15 00-2.715550363064e-05 0.000000000000e+00 3.708000000000e+05
     2.440722656250e+01 2.800031661987e+00 0.000000000000e+00 0.000000000000e+00
    -1.177300585938e+04 1.331200599670e+00 0.000000000000e+00-2.000000000000e+00
     2.261882470703e+04 6.884231567383e-01-2.793967723846e-09 0.000000000000e+00
R21 2019 08 15 07 15 00-6.608199328184e-05-2.728484105319e-12 3.708000000000e+05
     3.905241210938e+03-2.607367515564e+00 9.313225746155e-10 0.000000000000e+00
     1.004305615234e+04 1.803434371948e+00 3.725290298462e-09 4.000000000000e+00
     2.311211474609e+04-3.458232879639e-01-9.313225746155e-10 0.000000000000e+00
R22 2019 08 15 07 15 00-3.315694630146e-05-1.818989403546e-12 3.708000000000e+05
     1.861833496094e+04-2.030015945435e+00-9.313225746155e-10 0.000000000000e+00
    -3.294041503906e+03 1.182466506958e+00 2.793967723846e-09-3.000000000000e+00
     1.705690234375e+04 2.454382896423e+00-9.313225746155e-10 0.000000000000e+00
R23 2019 08 15 07 15 00 2.473900094628e-04 1.818989403546e-12 3.708000000000e+05
     2.083204882813e+04-8.842468261719e-03-2.793967723846e-09 0.000000000000e+00
    -1.468518115234e+04-2.792444229126e-01 0.000000000000e+00 3.000000000000e+00
    -1.101446289063e+03 3.599722862244e+00 0.000000000000e+00 0.000000000000e+00
R05 2019 08 15 07 15 00 3.386568278074e-05 9.094947017729e-13 3.708000000000e+05
    -9.008216796875e+03-1.571617126465e-01 1.862645149231e-09 0.000000000000e+00
     1.124280273438e+04-2.878536224365e+00 2.793967723846e-09 1.000000000000e+00
     2.106673681641e+04 1.467928886414e+00-9.313225746155e-10 0.000000000000e+00
R06 2019 08 15 07 15 00 1.600505784154e-04 0.000000000000e+00 3.721800000000e+05
    -8.027695312500e+02 4.510688781738e-02 1.862645149231e-09 0.000000000000e+00
     2.461730273438e+04-9.232959747314e-01 3.725290298462e-09-4.000000000000e+00
     6.674437500000e+03 3.404080390930e+00 9.313225746155e-10 0.000000000000e+00
R24 2019 08 15 07 15 00-1.836875453590e-04 0.000000000000e+00 3.708000000000e+05
     1.163308886720e+04 1.683692932130e+00-2.793967723850e-09 0.000000000000e+00
    -1.639982617190e+04-1.348219871520e+00-2.793967723850e-09 2.000000000000e+00
    -1.572214843750e+04 2.658001899720e+00 0.000000000000e+00 0.000000000000e+00
R01 2019 08 15 07 15 00 4.818383604290e-05 0.000000000000e+00 3.708000000000e+05
     9.747410644530e+03 2.459487915040e-01-1.862645149230e-09 0.000000000000e+00
    -8.816558105470e+03 2.982870101930e+00-1.862645149230e-09 1.000000000000e+00
    -2.186151416020e+04-1.091613769530e+00 9.313225746150e-10 0.000000000000e+00
R02 2019 08 15 07 15 00 3.833444789050e-04 9.094947017730e-13 3.708000000000e+05
     1.696614746090e+03-7.657337188720e-02-2.793967723850e-09 0.000000000000e+00
    -2.427410595700e+04 1.046994209290e+00-4.656612873080e-09-4.000000000000e+00
    -7.524645507810e+03-3.381591796880e+00-9.313225746150e-10 0.000000000000e+00
R08 2019 08 15 07 15 00 1.619942486290e-05 0.000000000000e+00 3.708000000000e+05
     1.093280712890e+04 2.908334732060e-01 0.000000000000e+00 0.000000000000e+00
     8.019951171880e+03 2.951133728030e+00 0.000000000000e+00 6.000000000000e+00
    -2.155481835940e+04 1.241573333740e+00 2.793967723850e-09 0.000000000000e+00
R17 2019 08 15 07 15 00 2.520438283680e-04 2.728484105320e-12 3.708000000000e+05
    -3.217502929690e+03 2.585246086120e+00-9.313225746150e-10 0.000000000000e+00
    -1.056640966800e+04-1.802312850950e+00-3.725290298460e-09 4.000000000000e+00
    -2.299321875000e+04 4.625587463380e-01 9.313225746150e-10 0.000000000000e+00
R07 2019 08 15 07 15 00-2.507586032150e-05 0.000000000000e+00 3.708000000000e+05
     6.723331542970e+03 2.576456069950e-01 9.313225746150e-10 0.000000000000e+00
     2.232832373050e+04 1.405756950380e+00 2.793967723850e-09 5.000000000000e+00
    -1.034872412110e+04 3.185747146610e+00 2.793967723850e-09 0.000000000000e+00
R09 2019 08 15 07 15 00 8.547026664020e-05 1.818989403550e-12 3.708000000000e+05
     2.092792968750e+03-2.698998451230e+00 0.000000000000e+00 0.000000000000e+00
     1.282971582030e+04-1.323165893550e+00 0.000000000000e+00-2.000000000000e+00
    -2.191626904300e+04-1.038133621220e+00 2.793967723850e-09 0.000000000000e+00
R15 2019 08 15 07 15 00 1.035295426850e-04 0.000000000000e+00 3.708000000000e+05
    -2.347410156250e+04-5.622787475590e-01 9.313225746150e-10 0.000000000000e+00
    -9.168729003910e+03-8.370494842530e-02-3.725290298460e-09 0.000000000000e+00
    -3.940455078130e+03 3.520416259770e+00-9.313225746150e-10 0.000000000000e+00
R19 2019 08 15 07 15 00-4.832074046130e-05-1.818989403550e-12 3.708000000000e+05
    -2.209364355470e+04 6.658201217650e-01 2.793967723850e-09 0.000000000000e+00
     1.185663085940e+04-1.491289138790e-01 0.000000000000e+00 3.000000000000e+00
    -4.669103027340e+03-3.534537315370e+00 9.313225746150e-10 0.000000000000e+00
R18 2019 08 15 07 15 00 3.891997039320e-06 9.094947017730e-13 3.708000000000e+05
    -1.716166894530e+04 2.211511611940e+00 9.313225746150e-10 0.000000000000e+00
     1.360147460940e+03-1.340031623840e+00-2.793967723850e-09-3.000000000000e+00
    -1.883604980470e+04-2.106121063230e+00 9.313225746150e-10 0.000000000000e+00
R16 2019 08 15 07 15 00 6.071291863920e-06 0.000000000000e+00 3.708000000000e+05
    -1.691283496090e+04-2.391366004940e+00 9.313225746150e-10 0.000000000000e+00
     2.329928222660e+03-1.000000000000e+00-2.793967723850e-09-1.000000000000e+00
    -1.892301757810e+04 2.026009559630e+00 9.313225746150e-10 0.000000000000e+00
R14 2019 08 15 07 15 00 4.195794463160e-05 0.000000000000e+00 3.708000000000e+05
    -1.632925878910e+04 1.546781539920e+00 0.000000000000e+00 0.000000000000e+00
    -1.468905322270e+04 8.842430114750e-01-1.862645149230e-09-7.000000000000e+00
     1.300715820310e+04 2.942232131960e+00-2.793967723850e-09 0.000000000000e+00
R04 2019 08 15 07 15 00 3.177812322970e-04 9.094947017730e-13 3.708000000000e+05
    -1.103051757810e+04-2.933120727540e-01 0.000000000000e+00 0.000000000000e+00
    -7.122142578130e+03-2.977964401250e+00 0.000000000000e+00 6.000000000000e+00
     2.188362548830e+04-1.119328498840e+00-2.793967723850e-09 0.000000000000e+00
R20 2019 08 15 07 15 00-3.874497488140e-04-9.094947017730e-13 3.708000000000e+05
    -1.356774218750e+04-1.521680831910e+00 2.793967723850e-09 0.000000000000e+00
     1.634189892580e+04 1.218895912170e+00 1.862645149230e-09 2.000000000000e+00
     1.415568945310e+04-2.861947059630e+00 0.000000000000e+00 0.000000000000e+00
R26 2019 08 15 07 15 00-1.094955950975e-05 2.728484105319e-12 3.708300000000e+05
    -1.545195019531e+04-1.188917160034e+00 2.793967723846e-09 1.000000000000e+00
     1.671997363281e+04 1.051412582397e+00 1.862645149231e-09-6.000000000000e+00
     1.147889111328e+04-3.136161804199e+00 0.000000000000e+00 0.000000000000e+00
R27 2019 08 15 07 15 00 5.184486508369e-05 9.094947017729e-13 3.708300000000e+05
    -2.266622900391e+04 3.035163879395e-02 9.313225746155e-10 1.000000000000e+00
    -1.155507519531e+04 2.233533859253e-01-3.725290298462e-09-5.000000000000e+00
     9.278388671875e+02 3.589254379272e+00-1.862645149231e-09 0.000000000000e+00
R12 2019 08 15 07 45 00 5.287211388350e-05 3.637978807092e-12 3.726000000000e+05
     2.102427294922e+04 1.923434257507e+00 0.000000000000e+00 0.000000000000e+00
    -4.073295898438e+02 4.748754501343e-01 3.725290298462e-09-1.000000000000e+00
     1.448224707031e+04-2.783795356750e+00 0.000000000000e+00 0.000000000000e+00
R11 2019 08 15 07 45 00-7.605087012053e-05-9.094947017729e-13 3.726000000000e+05
     2.396508447266e+04-1.568412780762e-01 0.000000000000e+00 0.000000000000e+00
     8.518251953125e+03-1.952543258667e-01 3.725290298462e-09 0.000000000000e+00
    -1.506386230469e+03-3.556522369385e+00 9.313225746155e-10 0.000000000000e+00
R13 2019 08 15 07 45 00-2.715643495321e-05 0.000000000000e+00 3.726000000000e+05
     5.296273925781e+03 3.009984970093e+00 0.000000000000e+00 0.000000000000e+00
    -9.726064941406e+03 9.224605560303e-01 9.313225746155e-10-2.000000000000e+00
     2.296675732422e+04-3.043785095215e-01-1.862645149231e-09 0.000000000000e+00
R21 2019 08 15 07 45 00-6.608571857214e-05-2.728484105319e-12 3.726000000000e+05
    -4.116464843750e+02-2.154635429382e+00 1.862645149231e-09 0.000000000000e+00
     1.353505224609e+04 2.036992073059e+00 2.793967723846e-09 4.000000000000e+00
     2.160345703125e+04-1.319653511047e+00 0.000000000000e+00 0.000000000000e+00
R22 2019 08 15 07 45 00-3.316067159176e-05-1.818989403546e-12 3.726000000000e+05
     1.476526318359e+04-2.201495170593e+00 0.000000000000e+00 0.000000000000e+00
    -5.907875976563e+02 1.813371658325e+00 2.793967723846e-09-3.000000000000e+00
     2.075506689453e+04 1.628130912781e+00-9.313225746155e-10 0.000000000000e+00
R23 2019 08 15 07 45 00 2.473937347531e-04 1.818989403546e-12 3.726000000000e+05
     2.016595507813e+04-7.014932632446e-01-1.862645149231e-09 0.000000000000e+00
    -1.468035449219e+04 3.150253295898e-01 9.313225746155e-10 3.000000000000e+00
     5.336917968750e+03 3.507557868958e+00 0.000000000000e+00 0.000000000000e+00
R24 2019 08 15 07 45 00-1.836875453591e-04 0.000000000000e+00 3.730200000000e+05
     1.398047070313e+04 9.221162796021e-01-2.793967723846e-09 0.000000000000e+00
    -1.864535937500e+04-1.100671768188e+00-9.313225746155e-10 2.000000000000e+00
    -1.039261035156e+04 3.225397109985e+00 0.000000000000e+00 0.000000000000e+00
R05 2019 08 15 07 45 00 3.386661410332e-05 9.094947017729e-13 3.726000000000e+05
    -9.714576171875e+03-6.318235397339e-01 1.862645149231e-09 0.000000000000e+00
     5.849066894531e+03-3.063428878784e+00 9.313225746155e-10 1.000000000000e+00
     2.286188769531e+04 5.137243270874e-01-9.313225746155e-10 0.000000000000e+00
R06 2019 08 15 07 45 00 1.600515097380e-04 0.000000000000e+00 3.726000000000e+05
    -9.785390625000e+02-2.730283737183e-01 2.793967723846e-09 0.000000000000e+00
     2.224165429688e+04-1.689067840576e+00 3.725290298462e-09-4.000000000000e+00
     1.246491943359e+04 2.988026618958e+00 0.000000000000e+00 0.000000000000e+00
R01 2019 08 15 07 45 00 4.818476736550e-05 0.000000000000e+00 3.726000000000e+05
     1.060540576170e+04 7.060327529910e-01-9.313225746150e-10 0.000000000000e+00
    -3.329808593750e+03 3.062498092650e+00 0.000000000000e+00 1.000000000000e+00
    -2.295598486330e+04-1.165266036990e-01 1.862645149230e-09 0.000000000000e+00
R02 2019 08 15 07 45 00 3.833472728730e-04 9.094947017730e-13 3.726000000000e+05
     1.818156738280e+03 2.444705963130e-01-2.793967723850e-09 0.000000000000e+00
    -2.167587500000e+04 1.811233520510e+00-3.725290298460e-09-4.000000000000e+00
    -1.324019140630e+04-2.927533149720e+00 0.000000000000e+00 0.000000000000e+00
R08 2019 08 15 07 45 00 1.619756221770e-05 0.000000000000e+00 3.737100000000e+05
     1.178056689450e+04 6.252927780150e-01 0.000000000000e+00 0.000000000000e+00
     1.293746728520e+04 2.470352172850e+00 1.862645149230e-09 6.000000000000e+00
    -1.851181640630e+04 2.117366790770e+00 2.793967723850e-09 0.000000000000e+00
R17 2019 08 15 07 45 00 2.520503476260e-04 2.728484105320e-12 3.726000000000e+05
     1.041300292970e+03 2.113677978520e+00-2.793967723850e-09 0.000000000000e+00
    -1.403438867190e+04-2.010881423950e+00-2.793967723850e-09 4.000000000000e+00
    -2.128292626950e+04 1.425325393680e+00 9.313225746150e-10 0.000000000000e+00
R03 2019 08 15 07 45 00 2.980232238770e-08 0.000000000000e+00 3.726900000000e+05
    -7.089635742190e+03-2.622604370120e-01-1.862645149230e-09 0.000000000000e+00
    -2.417536572270e+04-4.822921752930e-01-3.725290298460e-09 5.000000000000e+00
     3.884972656250e+03-3.521023750310e+00-2.793967723850e-09 0.000000000000e+00
R07 2019 08 15 07 45 00-2.507679164410e-05 0.000000000000e+00 3.726000000000e+05
     7.244239257810e+03 2.805042266850e-01 1.862645149230e-09 0.000000000000e+00
     2.409386035160e+04 5.452289581300e-01 3.725290298460e-09 5.000000000000e+00
    -4.288610351560e+03 3.503967285160e+00 1.862645149230e-09 0.000000000000e+00
R15 2019 08 15 07 45 00 1.035295426850e-04 0.000000000000e+00 3.726000000000e+05
    -2.375655615230e+04 2.651777267460e-01 0.000000000000e+00 0.000000000000e+00
    -8.972327636720e+03 2.644557952880e-01-3.725290298460e-09 0.000000000000e+00
     2.466767089840e+03 3.552493095400e+00-1.862645149230e-09 0.000000000000e+00
R16 2019 08 15 07 45 00 6.069429218770e-06-9.094947017730e-13 3.726000000000e+05
    -2.085484619140e+04-1.943264007570e+00 0.000000000000e+00 0.000000000000e+00
     1.009949218750e+03-4.788808822630e-01-3.725290298460e-09-1.000000000000e+00
    -1.458966894530e+04 2.757675170900e+00 0.000000000000e+00 0.000000000000e+00
R19 2019 08 15 07 45 00-4.832539707420e-05-1.818989403550e-12 3.726000000000e+05
    -2.032428222660e+04 1.261763572690e+00 1.862645149230e-09 0.000000000000e+00
     1.102561230470e+04-7.956857681270e-01-1.862645149230e-09 3.000000000000e+00
    -1.076845703130e+04-3.198513984680e+00 9.313225746150e-10 0.000000000000e+00
R18 2019 08 15 07 45 00 3.894791007040e-06 9.094947017730e-13 3.726000000000e+05
    -1.306774121090e+04 2.288235664370e+00 0.000000000000e+00 0.000000000000e+00
    -1.600279785160e+03-1.936077117920e+00-3.725290298460e-09-3.000000000000e+00
    -2.185066552730e+04-1.221600532530e+00 9.313225746150e-10 0.000000000000e+00
R14 2019 08 15 07 45 00 4.195887595420e-05 0.000000000000e+00 3.726000000000e+05
    -1.287257568360e+04 2.272904396060e+00 0.000000000000e+00 0.000000000000e+00
    -1.309499951170e+04 8.461008071900e-01-9.313225746150e-10-7.000000000000e+00
     1.773314550780e+04 2.274868011470e+00-2.793967723850e-09 0.000000000000e+00
R20 2019 08 15 07 45 00-3.874516114590e-04 0.000000000000e+00 3.731100000000e+05
    -1.560206542970e+04-7.398710250850e-01 2.793967723850e-09 0.000000000000e+00
     1.831896484380e+04 9.324741363530e-01 9.313225746150e-10 2.000000000000e+00
     8.524468750000e+03-3.354398727420e+00 0.000000000000e+00 0.000000000000e+00
R09 2019 08 15 07 45 00 8.547399193050e-05 1.818989403550e-12 3.743100000000e+05
    -3.065645019530e+03-2.987885475160e+00 0.000000000000e+00 0.000000000000e+00
     1.074652490230e+04-9.669628143310e-01-9.313225746150e-10-2.000000000000e+00
    -2.291128564450e+04-6.044197082520e-02 1.862645149230e-09 0.000000000000e+00
R04 2019 08 15 07 45 00 3.177756443620e-04 9.094947017729e-13 3.726300000000e+05
    -1.189114453125e+04-6.382741928101e-01 0.000000000000e+00 0.000000000000e+00
    -1.211550683594e+04-2.527018547058e+00-9.313225746155e-10 6.000000000000e+00
     1.905005078125e+04-2.008753776550e+00-2.793967723846e-09 0.000000000000e+00
R26 2019 08 15 07 45 00-1.094490289688e-05 2.728484105319e-12 3.726300000000e+05
    -1.688169970703e+04-4.084453582764e-01 2.793967723846e-09 1.000000000000e+00
     1.830578759766e+04 6.673583984375e-01 9.313225746155e-10-6.000000000000e+00
     5.462396972656e+03-3.505377769470e+00 0.000000000000e+00 0.000000000000e+00
R27 2019 08 15 07 45 00 5.184765905142e-05 9.094947017729e-13 3.726300000000e+05
    -2.184605957031e+04 8.876771926880e-01 0.000000000000e+00 1.000000000000e+00
    -1.087988623047e+04 4.853391647339e-01-2.793967723846e-09-5.000000000000e+00
     7.268471679688e+03 3.409907341003e+00-1.862645149231e-09 0.000000000000e+00
R12 2019 08 15 08 15 00 5.287863314152e-05 3.637978807092e-12 3.744000000000e+05
     2.389609423828e+04 1.233048439026e+00 0.000000000000e+00 0.000000000000e+00
     4.905273437500e+01 5.996131896973e-02 3.725290298462e-09-1.000000000000e+00
     8.977582519531e+03-3.292948722839e+00 0.000000000000e+00 0.000000000000e+00
R11 2019 08 15 08 15 00-7.605366408825e-05-9.094947017729e-13 3.744000000000e+05
     2.289937255859e+04-1.026802062988e+00 0.000000000000e+00 0.000000000000e+00
     8.017549804688e+03-3.200893402100e-01 2.793967723846e-09 0.000000000000e+00
    -7.766637207031e+03-3.353957176208e+00 1.862645149231e-09 0.000000000000e+00
R13 2019 08 15 08 15 00-2.715736627579e-05 0.000000000000e+00 3.744000000000e+05
     1.067934228516e+04 2.919801712036e+00 0.000000000000e+00 0.000000000000e+00
    -8.495390136719e+03 4.419975280762e-01 1.862645149231e-09-2.000000000000e+00
     2.153712109375e+04-1.273806571960e+00-9.313225746155e-10 0.000000000000e+00
R14 2019 08 15 08 15 00 4.196073859930e-05 0.000000000000e+00 3.744000000000e+05
    -8.253226562500e+03 2.822502136230e+00 0.000000000000e+00 0.000000000000e+00
    -1.177564453125e+04 5.883293151855e-01 0.000000000000e+00-7.000000000000e+00
     2.109117578125e+04 1.432111740112e+00-2.793967723846e-09 0.000000000000e+00
R22 2019 08 15 08 15 00-3.316439688206e-05-1.818989403546e-12 3.744000000000e+05
     1.086679589844e+04-2.084808349609e+00 9.313225746155e-10 0.000000000000e+00
     3.171908203125e+03 2.341081619263e+00 2.793967723846e-09-3.000000000000e+00
     2.284319287109e+04 6.772203445435e-01-9.313225746155e-10 0.000000000000e+00
R23 2019 08 15 08 15 00 2.473983913660e-04 1.818989403546e-12 3.744000000000e+05
     1.843764746094e+04-1.177151679993e+00-9.313225746155e-10 0.000000000000e+00
    -1.346932470703e+04 1.044667243958e+00 1.862645149231e-09 3.000000000000e+00
     1.136254101563e+04 3.144067764282e+00-9.313225746155e-10 0.000000000000e+00
R24 2019 08 15 08 15 00-1.836884766817e-04 0.000000000000e+00 3.744000000000e+05
     1.497912109375e+04 2.041788101196e-01-2.793967723846e-09 0.000000000000e+00
    -2.020367773438e+04-5.903873443604e-01 0.000000000000e+00 2.000000000000e+00
    -4.260345214844e+03 3.544058799744e+00 0.000000000000e+00 0.000000000000e+00
R05 2019 08 15 08 15 00 3.386847674847e-05 9.094947017729e-13 3.744000000000e+05
    -1.126471386719e+04-1.076485633850e+00 9.313225746155e-10 0.000000000000e+00
     3.993925781250e+02-2.941679000854e+00 0.000000000000e+00 1.000000000000e+00
     2.289213330078e+04-4.803924560547e-01-1.862645149231e-09 0.000000000000e+00
R06 2019 08 15 08 15 00 1.600533723831e-04 0.000000000000e+00 3.744000000000e+05
    -1.881296875000e+03-7.494926452637e-01 2.793967723846e-09 0.000000000000e+00
     1.866143994141e+04-2.247980117798e+00 2.793967723846e-09-4.000000000000e+00
     1.729234619141e+04 2.340931892395e+00 0.000000000000e+00 0.000000000000e+00
R07 2019 08 15 08 15 00-2.507772296667e-05 0.000000000000e+00 3.744900000000e+05
     7.585492675781e+03 5.879592895508e-02 2.793967723846e-09 0.000000000000e+00
     2.428782031250e+04-3.208847045898e-01 3.725290298462e-09 5.000000000000e+00
     2.102700195313e+03 3.551460266113e+00 9.313225746155e-10 0.000000000000e+00
R21 2019 08 15 08 15 00-6.609037518501e-05-2.728484105319e-12 3.744000000000e+05
    -3.756444824219e+03-1.544313430786e+00 2.793967723846e-09 0.000000000000e+00
     1.721678662109e+04 2.006250381470e+00 1.862645149231e-09 4.000000000000e+00
     1.842253369141e+04-2.191790580750e+00 0.000000000000e+00 0.000000000000e+00
R01 2019 08 15 08 15 00 4.818569868800e-05 0.000000000000e+00 3.744000000000e+05
     1.225212060550e+04 1.104738235470e+00-9.313225746150e-10 0.000000000000e+00
     2.028116699220e+03 2.843129158020e+00 0.000000000000e+00 1.000000000000e+00
    -2.227542382810e+04 8.678426742550e-01 2.793967723850e-09 0.000000000000e+00
R02 2019 08 15 08 15 00 3.833491355180e-04 9.094947017730e-13 3.744000000000e+05
     2.672351074220e+03 7.238683700560e-01-2.793967723850e-09 0.000000000000e+00
    -1.788387695310e+04 2.359616279600e+00-2.793967723850e-09-4.000000000000e+00
    -1.792679003910e+04-2.245791435240e+00 0.000000000000e+00 0.000000000000e+00
R08 2019 08 15 08 15 00 1.619663089510e-05 0.000000000000e+00 3.744000000000e+05
     1.306756835940e+04 7.670965194700e-01 9.313225746150e-10 0.000000000000e+00
     1.678486718750e+04 1.776708602910e+00 1.862645149230e-09 6.000000000000e+00
    -1.403163916020e+04 2.828035354610e+00 2.793967723850e-09 0.000000000000e+00
R17 2019 08 15 08 15 00 2.520559355620e-04 2.728484105320e-12 3.756000000000e+05
     4.302541503910e+03 1.494127273560e+00-3.725290298460e-09 0.000000000000e+00
    -1.764546142580e+04-1.954030990600e+00-1.862645149230e-09 4.000000000000e+00
    -1.792862597660e+04 2.277421951290e+00 0.000000000000e+00 0.000000000000e+00
R03 2019 08 15 08 15 00 3.073364496230e-08 0.000000000000e+00 3.744000000000e+05
    -7.386933593750e+03-2.833366394040e-02-3.725290298460e-09 0.000000000000e+00
    -2.425579003910e+04 3.833379745480e-01-3.725290298460e-09 5.000000000000e+00
    -2.521336914060e+03-3.550753593440e+00-1.862645149230e-09 0.000000000000e+00
R18 2019 08 15 08 15 00 3.896653652190e-06 9.094947017730e-13 3.761400000000e+05
    -9.091645507810e+03 2.087079048160e+00-1.862645149230e-09 0.000000000000e+00
    -5.529090332030e+03-2.398333549500e+00-3.725290298460e-09-3.000000000000e+00
    -2.317654931640e+04-2.418956756590e-01 9.313225746150e-10 0.000000000000e+00
R16 2019 08 15 08 15 00 6.067566573620e-06-9.094947017730e-13 3.744000000000e+05
    -2.376286376950e+04-1.253611564640e+00 0.000000000000e+00 0.000000000000e+00
     5.328007812500e+02-7.886314392090e-02-3.725290298460e-09-1.000000000000e+00
    -9.123563964840e+03 3.276265144350e+00 0.000000000000e+00 0.000000000000e+00
R15 2019 08 15 08 15 00 1.035295426850e-04 0.000000000000e+00 3.744000000000e+05
    -2.249328271480e+04 1.135962486270e+00 0.000000000000e+00 0.000000000000e+00
    -8.361896972660e+03 3.721046447750e-01-2.793967723850e-09 0.000000000000e+00
     8.683416015630e+03 3.310112953190e+00-2.793967723850e-09 0.000000000000e+00
R19 2019 08 15 08 15 00-4.832912236450e-05-1.818989403550e-12 3.744000000000e+05
    -1.770662353520e+04 1.600316047670e+00 9.313225746150e-10 0.000000000000e+00
     8.946831054690e+03-1.517221450810e+00-2.793967723850e-09 3.000000000000e+00
    -1.603503515630e+04-2.615269660950e+00 9.313225746150e-10 0.000000000000e+00
R20 2019 08 15 08 15 00-3.874525427820e-04 0.000000000000e+00 3.744000000000e+05
    -1.627031689450e+04-2.262306213380e-02 2.793967723850e-09 0.000000000000e+00
     1.954542578130e+04 3.919181823730e-01 0.000000000000e+00 2.000000000000e+00
     2.235572265630e+03-3.587987899780e+00 0.000000000000e+00 0.000000000000e+00
R09 2019 08 15 08 15 00 8.547678589820e-05 1.818989403550e-12 3.744000000000e+05
    -8.489736328130e+03-2.988490104680e+00 0.000000000000e+00 0.000000000000e+00
     9.407475585940e+03-5.132112503050e-01-1.862645149230e-09-2.000000000000e+00
    -2.213178759770e+04 9.207057952880e-01 1.862645149230e-09 0.000000000000e+00
R04 2019 08 15 08 15 00 3.177784383300e-04 9.094947017730e-13 3.755100000000e+05
    -1.321542968750e+04-7.962236404420e-01-9.313225746150e-10 0.000000000000e+00
    -1.608694287110e+04-1.856387138370e+00-1.862645149230e-09 6.000000000000e+00
     1.474514794920e+04-2.743515014650e+00-2.793967723850e-09 0.000000000000e+00
R26 2019 08 15 08 15 00-1.094024628401e-05 2.728484105319e-12 3.744300000000e+05
    -1.698703417969e+04 2.649593353271e-01 2.793967723846e-09 1.000000000000e+00
     1.898195898438e+04 5.053997039795e-02 0.000000000000e+00-6.000000000000e+00
    -9.771811523438e+02-3.603157997131e+00 0.000000000000e+00 0.000000000000e+00
R27 2019 08 15 08 15 00 5.185138434172e-05 1.818989403546e-12 3.744300000000e+05
    -1.948226660156e+04 1.725564956665e+00 0.000000000000e+00 1.000000000000e+00
    -9.961126464844e+03 4.934396743774e-01-2.793967723846e-09-5.000000000000e+00
     1.304427148438e+04 2.965868949890e+00-2.793967723846e-09 0.000000000000e+00
R12 2019 08 15 08 45 00 5.288515239954e-05 3.637978807092e-12 3.762000000000e+05
     2.536755175781e+04 3.840360641479e-01 0.000000000000e+00 0.000000000000e+00
    -7.094335937500e+01-1.553535461426e-01 3.725290298462e-09-1.000000000000e+00
     2.780283203125e+03-3.548338890076e+00 9.313225746155e-10 0.000000000000e+00
R13 2019 08 15 08 45 00-2.715829759836e-05 0.000000000000e+00 3.762000000000e+05
     1.562701025391e+04 2.530257225037e+00 0.000000000000e+00 0.000000000000e+00
    -8.112769531250e+03-1.914024353027e-03 2.793967723846e-09-2.000000000000e+00
     1.844029492188e+04-2.144754409790e+00-9.313225746155e-10 0.000000000000e+00
R14 2019 08 15 08 45 00 4.196166992188e-05 0.000000000000e+00 3.762000000000e+05
    -2.867138671875e+03 3.114112854004e+00 0.000000000000e+00 0.000000000000e+00
    -1.106547656250e+04 1.839809417725e-01 0.000000000000e+00-7.000000000000e+00
     2.282225732422e+04 4.788246154785e-01-2.793967723846e-09 0.000000000000e+00
R22 2019 08 15 08 45 00-3.316719084978e-05-9.094947017729e-13 3.762000000000e+05
     7.404658691406e+03-1.728214263916e+00 2.793967723846e-09 0.000000000000e+00
     7.713865722656e+03 2.664422988892e+00 2.793967723846e-09-3.000000000000e+00
     2.316270361328e+04-3.241720199585e-01-9.313225746155e-10 0.000000000000e+00
R23 2019 08 15 08 45 00 2.474030479789e-04 1.818989403546e-12 3.762000000000e+05
     1.608958056641e+04-1.385422706604e+00 0.000000000000e+00 0.000000000000e+00
    -1.090310839844e+04 1.801414489746e+00 2.793967723846e-09 3.000000000000e+00
     1.650916162109e+04 2.537212371826e+00-9.313225746155e-10 0.000000000000e+00
R24 2019 08 15 08 45 00-1.836894080043e-04 0.000000000000e+00 3.762000000000e+05
     1.480549853516e+04-3.647565841675e-01-1.862645149231e-09 0.000000000000e+00
    -2.064609179688e+04 1.264162063599e-01 9.313225746155e-10 2.000000000000e+00
     2.201258300781e+03 3.588861465454e+00 0.000000000000e+00 0.000000000000e+00
R06 2019 08 15 08 45 00 1.600543037057e-04 0.000000000000e+00 3.762000000000e+05
    -3.716876953125e+03-1.292377471924e+00 2.793967723846e-09 0.000000000000e+00
     1.431207470703e+04-2.536425590515e+00 9.313225746155e-10-4.000000000000e+00
     2.078326318359e+04 1.512627601624e+00-9.313225746155e-10 0.000000000000e+00
R07 2019 08 15 08 45 00-2.507772296667e-05 0.000000000000e+00 3.762000000000e+05
     7.324468261719e+03-3.805999755859e-01 3.725290298462e-09 0.000000000000e+00
     2.300368945313e+04-1.079293251038e+00 2.793967723846e-09 5.000000000000e+00
     8.331936523438e+03 3.325140953064e+00 9.313225746155e-10 0.000000000000e+00
R08 2019 08 15 08 45 00 1.619569957256e-05 0.000000000000e+00 3.774900000000e+05
     1.439484863281e+04 6.649312973022e-01 2.793967723846e-09 0.000000000000e+00
     1.926585449219e+04 9.706192016602e-01 2.793967723846e-09 6.000000000000e+00
    -8.463262695313e+03 3.318669319153e+00 1.862645149231e-09 0.000000000000e+00
R11 2019 08 15 08 45 00-7.605738937855e-05-9.094947017729e-13 3.762000000000e+05
     2.030550195313e+04-1.835519790649e+00 9.313225746155e-10 0.000000000000e+00
     7.511470214844e+03-2.038650512695e-01 1.862645149231e-09 0.000000000000e+00
    -1.342397900391e+04-2.890994071960e+00 2.793967723846e-09 0.000000000000e+00
R21 2019 08 15 08 45 00-6.609503179789e-05-2.728484105319e-12 3.762000000000e+05
    -5.942590820313e+03-8.864679336548e-01 3.725290298462e-09 0.000000000000e+00
     2.058283398438e+04 1.685915946960e+00 9.313225746155e-10 4.000000000000e+00
     1.381492773438e+04-2.894507408142e+00 0.000000000000e+00 0.000000000000e+00
R01 2019 08 15 08 45 00 4.818663001060e-05 0.000000000000e+00 3.762000000000e+05
     1.448655664060e+04 1.344473838810e+00 0.000000000000e+00 0.000000000000e+00
     6.750637207030e+03 2.367021560670e+00 9.313225746150e-10 1.000000000000e+00
    -1.987196044920e+04 1.785369873050e+00 2.793967723850e-09 0.000000000000e+00
R17 2019 08 15 08 45 00 2.520615234970e-04 2.728484105320e-12 3.762000000000e+05
     6.397634277340e+03 8.370857238770e-01-3.725290298460e-09 0.000000000000e+00
    -2.089613085940e+04-1.610817909240e+00-9.313225746150e-10 4.000000000000e+00
    -1.319021435550e+04 2.953302383420e+00 0.000000000000e+00 0.000000000000e+00
R05 2019 08 15 08 45 00 3.387313336134e-05 9.094947017729e-13 3.762000000000e+05
    -1.350899462891e+04-1.386984825134e+00 0.000000000000e+00 0.000000000000e+00
    -4.573489746094e+03-2.542193412781e+00-9.313225746155e-10 1.000000000000e+00
     2.115455371094e+04-1.437803268433e+00-2.793967723846e-09 0.000000000000e+00
R02 2019 08 15 08 45 00 3.833519294860e-04 9.094947017730e-13 3.762000000000e+05
     4.462659667970e+03 1.267062187190e+00-2.793967723850e-09 0.000000000000e+00
    -1.334958398440e+04 2.628957748410e+00-9.313225746150e-10-4.000000000000e+00
    -2.122007031250e+04-1.389563560490e+00 9.313225746150e-10 0.000000000000e+00
R03 2019 08 15 08 45 00 3.073364496230e-08 0.000000000000e+00 3.762000000000e+05
    -7.061333496090e+03 4.213809967040e-01-3.725290298460e-09 0.000000000000e+00
    -2.286321875000e+04 1.136519432070e+00-2.793967723850e-09 5.000000000000e+00
    -8.731963378910e+03-3.304919242860e+00-9.313225746150e-10 0.000000000000e+00
R18 2019 08 15 08 45 00 3.899447619920e-06 9.094947017730e-13 3.762000000000e+05
    -5.685893066410e+03 1.667671203610e+00-2.793967723850e-09 0.000000000000e+00
    -1.009702929690e+04-2.632990837100e+00-2.793967723850e-09-3.000000000000e+00
    -2.270971484380e+04 7.573747634890e-01 9.313225746150e-10 0.000000000000e+00
R16 2019 08 15 08 45 00 6.064772605900e-06-9.094947017730e-13 3.762000000000e+05
    -2.527293896480e+04-4.066467285160e-01 0.000000000000e+00 0.000000000000e+00
     6.064213867190e+02 1.230669021610e-01-3.725290298460e-09-1.000000000000e+00
    -2.948076660160e+03 3.540592193600e+00-9.313225746150e-10 0.000000000000e+00
R19 2019 08 15 08 45 00-4.833284765480e-05-1.818989403550e-12 3.762000000000e+05
    -1.473359667970e+04 1.656388282780e+00 0.000000000000e+00 0.000000000000e+00
     5.587650390630e+03-2.198768615720e+00-2.793967723850e-09 3.000000000000e+00
    -2.006192919920e+04-1.830052375790e+00 9.313225746150e-10 0.000000000000e+00
R15 2019 08 15 08 45 00 1.035304740070e-04 0.000000000000e+00 3.762000000000e+05
    -1.971116357420e+04 1.933625221250e+00 0.000000000000e+00 0.000000000000e+00
    -7.779479003910e+03 2.367076873780e-01-1.862645149230e-09 0.000000000000e+00
     1.422957031250e+04 2.812388420100e+00-2.793967723850e-09 0.000000000000e+00
R09 2019 08 15 08 45 00 8.548051118850e-05 1.818989403550e-12 3.762000000000e+05
    -1.364354052730e+04-2.689525604250e+00 0.000000000000e+00 0.000000000000e+00
     8.894254394530e+03-6.718635559080e-02-2.793967723850e-09-2.000000000000e+00
    -1.964033398440e+04 1.829405784610e+00 9.313225746150e-10 0.000000000000e+00
R20 2019 08 15 08 45 00-3.874544054270e-04 0.000000000000e+00 3.762000000000e+05
    -1.578410937500e+04 5.280218124390e-01 1.862645149230e-09 0.000000000000e+00
     1.961454492190e+04-3.396797180180e-01-9.313225746150e-10 2.000000000000e+00
    -4.225781250000e+03-3.544781684880e+00 9.313225746150e-10 0.000000000000e+00
R04 2019 08 15 08 45 00 3.177812322970e-04 9.094947017730e-13 3.762000000000e+05
    -1.461155175780e+04-7.122888565060e-01-2.793967723850e-09 0.000000000000e+00
    -1.872454541020e+04-1.063056945800e+00-2.793967723850e-09 6.000000000000e+00
     9.300696289060e+03-3.266656875610e+00-2.793967723850e-09 0.000000000000e+00
R27 2019 08 15 08 45 00 5.185510963202e-05 1.818989403546e-12 3.762300000000e+05
    -1.571544921875e+04 2.428408622742e+00 0.000000000000e+00 1.000000000000e+00
    -9.244801757813e+03 2.674760818481e-01-9.313225746155e-10-5.000000000000e+00
     1.780756640625e+04 2.292372703552e+00-2.793967723846e-09 0.000000000000e+00
R26 2019 08 15 08 45 00-1.093652099371e-05 2.728484105319e-12 3.762000000000e+05
    -1.604815771484e+04 7.390880584717e-01 1.862645149231e-09 4.000000000000e+00
     1.839431933594e+04-7.209796905518e-01-9.313225746155e-10-6.000000000000e+00
    -7.341031738281e+03-3.421771049500e+00 9.313225746155e-10 0.000000000000e+00
R12 2019 08 15 09 15 00 5.289074033499e-05 3.637978807092e-12 3.780000000000e+05
     2.524880371094e+04-5.144014358521e-01 9.313225746155e-10 0.000000000000e+00
    -3.652539062500e+02-1.305694580078e-01 2.793967723846e-09-1.000000000000e+00
    -3.631653320313e+03-3.529801368713e+00 1.862645149231e-09 0.000000000000e+00
R13 2019 08 15 09 15 00-2.715922892094e-05 0.000000000000e+00 3.780000000000e+05
     1.963575830078e+04 1.887835502625e+00 9.313225746155e-10 0.000000000000e+00
    -8.419931640625e+03-3.094491958618e-01 2.793967723846e-09-2.000000000000e+00
     1.391586279297e+04-2.849707603455e+00 0.000000000000e+00 0.000000000000e+00
R14 2019 08 15 09 15 00 4.196260124445e-05 0.000000000000e+00 3.780000000000e+05
     2.775844238281e+03 3.104368209839e+00 0.000000000000e+00 0.000000000000e+00
    -1.114240673828e+04-2.685699462891e-01 1.862645149231e-09-7.000000000000e+00
     2.279256396484e+04-5.116653442383e-01-1.862645149231e-09 0.000000000000e+00
R22 2019 08 15 09 15 00-3.316998481750e-05-9.094947017729e-13 3.780000000000e+05
     4.738298339844e+03-1.217256546021e+00 2.793967723846e-09 0.000000000000e+00
     1.259781787109e+04 2.712511062622e+00 1.862645149231e-09-3.000000000000e+00
     2.169243750000e+04-1.298546791077e+00 0.000000000000e+00 0.000000000000e+00
R23 2019 08 15 09 15 00 2.474077045918e-04 1.818989403546e-12 3.780000000000e+05
     1.361415527344e+04-1.321882247925e+00 9.313225746155e-10 0.000000000000e+00
    -7.038496093750e+03 2.468075752258e+00 2.793967723846e-09 3.000000000000e+00
     2.037829589844e+04 1.733855247498e+00-9.313225746155e-10 0.000000000000e+00
R24 2019 08 15 09 15 00-1.836894080043e-04 0.000000000000e+00 3.780000000000e+05
     1.380233398438e+04-7.078628540039e-01-9.313225746155e-10 0.000000000000e+00
    -1.968002050781e+04 9.567375183105e-01 1.862645149231e-09 2.000000000000e+00
     8.492419921875e+03 3.355830192566e+00-9.313225746155e-10 0.000000000000e+00
R17 2019 08 15 09 15 00 2.520680427551e-04 2.728484105319e-12 3.789000000000e+05
     7.361111328125e+03 2.545661926270e-01-2.793967723846e-09 0.000000000000e+00
    -2.328711181641e+04-1.006908416748e+00 0.000000000000e+00 4.000000000000e+00
    -7.433961425781e+03 3.401069641113e+00 0.000000000000e+00 0.000000000000e+00
R06 2019 08 15 09 15 00 1.600561663508e-04 0.000000000000e+00 3.780000000000e+05
    -6.509359863281e+03-1.794531822205e+00 1.862645149231e-09 0.000000000000e+00
     9.706118164063e+03-2.533402442932e+00 0.000000000000e+00-4.000000000000e+00
     2.266722851563e+04 5.670051574707e-01-9.313225746155e-10 0.000000000000e+00
R07 2019 08 15 09 15 00-2.507865428925e-05 0.000000000000e+00 3.780000000000e+05
     6.124508789063e+03-9.703731536865e-01 3.725290298462e-09 0.000000000000e+00
     2.052413574219e+04-1.635903358459e+00 1.862645149231e-09 5.000000000000e+00
     1.391925292969e+04 2.842886924744e+00 0.000000000000e+00 0.000000000000e+00
R08 2019 08 15 09 15 00 1.619569957256e-05 0.000000000000e+00 3.780000000000e+05
     1.530919775391e+04 3.107576370239e-01 3.725290298462e-09 0.000000000000e+00
     2.028067041016e+04 1.670055389404e-01 2.793967723846e-09 6.000000000000e+00
    -2.239349121094e+03 3.551785469055e+00 1.862645149231e-09 0.000000000000e+00
R11 2019 08 15 09 15 00-7.606018334630e-05-9.094947017730e-13 3.780000000000e+05
     1.639374121090e+04-2.474700927730e+00 9.313225746150e-10 0.000000000000e+00
     7.406578613280e+03 1.159839630130e-01 9.313225746150e-10 0.000000000000e+00
    -1.803927246090e+04-2.203716278080e+00 2.793967723850e-09 0.000000000000e+00
R01 2019 08 15 09 15 00 4.818663001060e-05 0.000000000000e+00 3.780000000000e+05
     1.695298730470e+04 1.353450775150e+00 9.313225746150e-10 0.000000000000e+00
     1.044297900390e+04 1.714392662050e+00 1.862645149230e-09 1.000000000000e+00
    -1.593104150390e+04 2.565008163450e+00 2.793967723850e-09 0.000000000000e+00
R21 2019 08 15 09 15 00-6.609968841076e-05-2.728484105319e-12 3.780000000000e+05
    -6.987638183594e+03-2.946062088013e-01 2.793967723846e-09 0.000000000000e+00
     2.312457519531e+04 1.097908973694e+00 0.000000000000e+00 4.000000000000e+00
     8.137104492188e+03-3.373147964478e+00 0.000000000000e+00 0.000000000000e+00
R27 2019 08 15 09 15 00 5.185883492231e-05 1.818989403546e-12 3.794100000000e+05
    -1.087939453125e+04 2.900111198425e+00 0.000000000000e+00 1.000000000000e+00
    -9.102036132813e+03-1.304693222046e-01 0.000000000000e+00-5.000000000000e+00
     2.119068017578e+04 1.442436218262e+00-2.793967723846e-09 0.000000000000e+00
R02 2019 08 15 09 15 00 3.833537921310e-04 9.094947017730e-13 3.780000000000e+05
     7.206433593750e+03 1.764824867250e+00-1.862645149230e-09 0.000000000000e+00
    -8.599419433590e+03 2.600241661070e+00 0.000000000000e+00-4.000000000000e+00
    -2.286451757810e+04-4.257812500000e-01 1.862645149230e-09 0.000000000000e+00
R03 2019 08 15 09 15 00 3.073364496230e-08 0.000000000000e+00 3.780000000000e+05
    -5.781677246090e+03 1.017243385310e+00-4.656612873080e-09 0.000000000000e+00
    -2.028896875000e+04 1.683137893680e+00-1.862645149230e-09 5.000000000000e+00
    -1.426449902340e+04-2.802190780640e+00 0.000000000000e+00 0.000000000000e+00
R18 2019 08 15 09 15 00 3.901310265060e-06 9.094947017730e-13 3.780000000000e+05
    -3.163420898440e+03 1.123208999630e+00-3.725290298460e-09 0.000000000000e+00
    -1.483445947270e+04-2.580162048340e+00-1.862645149230e-09-3.000000000000e+00
    -2.048477978520e+04 1.698821067810e+00 0.000000000000e+00 0.000000000000e+00
R16 2019 08 15 09 15 00 6.061978638170e-06-9.094947017730e-13 3.780000000000e+05
    -2.519805419920e+04 4.879503250120e-01-9.313225746150e-10 0.000000000000e+00
     8.324487304690e+02 8.752346038820e-02-3.725290298460e-09-1.000000000000e+00
     3.456830078130e+03 3.529429435730e+00-1.862645149230e-09 0.000000000000e+00
R09 2019 08 15 09 15 00 8.548423647880e-05 1.818989403550e-12 3.780000000000e+05
    -1.801195166020e+04-2.125123023990e+00 0.000000000000e+00 0.000000000000e+00
     9.099521484380e+03 2.694158554080e-01-2.793967723850e-09-2.000000000000e+00
    -1.563158496090e+04 2.595724105830e+00 0.000000000000e+00 0.000000000000e+00
R19 2019 08 15 09 15 00-4.833750426770e-05-1.818989403550e-12 3.780000000000e+05
    -1.190069335940e+04 1.452137947080e+00-1.862645149230e-09 0.000000000000e+00
     1.123400878910e+03-2.727459907530e+00-2.793967723850e-09 3.000000000000e+00
    -2.253829150390e+04-9.036455154420e-01 9.313225746150e-10 0.000000000000e+00
R20 2019 08 15 09 15 00-3.874562680720e-04 0.000000000000e+00 3.780000000000e+05
    -1.451272900390e+04 8.412952423100e-01 9.313225746150e-10 0.000000000000e+00
     1.826602929690e+04-1.164884567260e+00-1.862645149230e-09 2.000000000000e+00
    -1.036112744140e+04-3.228090286250e+00 9.313225746150e-10 0.000000000000e+00
R15 2019 08 15 09 15 00 1.035314053300e-04 9.094947017730e-13 3.780000000000e+05
    -1.564065820310e+04 2.551490783690e+00 0.000000000000e+00 0.000000000000e+00
    -7.631335449220e+03-1.000843048100e-01-9.313225746150e-10 0.000000000000e+00
     1.867769042970e+04 2.098011970520e+00-2.793967723850e-09 0.000000000000e+00
R04 2019 08 15 09 15 00 3.177840262650e-04 9.094947017730e-13 3.780000000000e+05
    -1.562617578130e+04-3.740682601930e-01-3.725290298460e-09 0.000000000000e+00
    -1.990843652340e+04-2.604761123660e-01-2.793967723850e-09 6.000000000000e+00
     3.137000976560e+03-3.537425994870e+00-1.862645149230e-09 0.000000000000e+00
R05 2019 08 15 09 15 00 3.387406468390e-05 9.094947017730e-13 3.785700000000e+05
    -1.612684179690e+04-1.480333328250e+00-9.313225746150e-10 0.000000000000e+00
    -8.627471679690e+03-1.935333251950e+00-9.313225746150e-10 1.000000000000e+00
     1.778258544920e+04-2.284588813780e+00-2.793967723850e-09 0.000000000000e+00
R26 2019 08 15 09 15 00-1.093186438084e-05 2.728484105319e-12 3.780000000000e+05
    -1.448021972656e+04 9.582567214966e-01 9.313225746155e-10 4.000000000000e+00
     1.635758984375e+04-1.540175437927e+00-1.862645149231e-09-6.000000000000e+00
    -1.313607031250e+04-2.975271224976e+00 9.313225746155e-10 0.000000000000e+00
R12 2019 08 15 09 45 00 5.289632827044e-05 3.637978807092e-12 3.798000000000e+05
     2.355664062500e+04-1.344977378845e+00 9.313225746155e-10 0.000000000000e+00
    -3.983862304688e+02 1.303997039795e-01 2.793967723846e-09-1.000000000000e+00
    -9.762767089844e+03-3.238252639771e+00 1.862645149231e-09 0.000000000000e+00
R13 2019 08 15 09 45 00-2.716481685638e-05 0.000000000000e+00 3.798000000000e+05
     2.232191894531e+04 1.077423095703e+00 9.313225746155e-10 0.000000000000e+00
    -9.099656250000e+03-4.064092636108e-01 3.725290298462e-09-2.000000000000e+00
     8.314081054688e+03-3.334017753601e+00 0.000000000000e+00 0.000000000000e+00
R14 2019 08 15 09 45 00 4.196353256702e-05 0.000000000000e+00 3.798000000000e+05
     8.127928222656e+03 2.795054435730e+00 0.000000000000e+00 0.000000000000e+00
    -1.199697314453e+04-6.625328063965e-01 1.862645149231e-09-7.000000000000e+00
     2.100375000000e+04-1.463107109070e+00-9.313225746155e-10 0.000000000000e+00
R17 2019 08 15 09 45 00 2.520736306906e-04 2.728484105319e-12 3.798000000000e+05
     7.416437988281e+03-1.584577560425e-01-2.793967723846e-09 0.000000000000e+00
    -2.440511425781e+04-2.109527587891e-01 9.313225746155e-10 4.000000000000e+00
    -1.104235839844e+03 3.586395263672e+00 0.000000000000e+00 0.000000000000e+00
R22 2019 08 15 09 45 00-3.316439688206e-05-9.094947017729e-13 3.798000000000e+05
     3.050519531250e+03-6.597919464111e-01 3.725290298462e-09 0.000000000000e+00
     1.729557470703e+04 2.456649780273e+00 9.313225746155e-10-3.000000000000e+00
     1.854920849609e+04-2.171078681946e+00 0.000000000000e+00 0.000000000000e+00
R23 2019 08 15 09 45 00 2.474114298820e-04 1.818989403546e-12 3.798000000000e+05
     1.146968359375e+04-1.028188705444e+00 2.793967723846e-09 0.000000000000e+00
    -2.136753417969e+03 2.937826156616e+00 2.793967723846e-09 3.000000000000e+00
     2.267021386719e+04 7.961406707764e-01-9.313225746155e-10 0.000000000000e+00
R24 2019 08 15 09 45 00-1.836912706494e-04 0.000000000000e+00 3.798000000000e+05
     1.241511523438e+04-7.893524169922e-01 0.000000000000e+00 0.000000000000e+00
    -1.720263720703e+04 1.785611152649e+00 2.793967723846e-09 2.000000000000e+00
     1.412571972656e+04 2.862605094910e+00-9.313225746155e-10 0.000000000000e+00
R15 2019 08 15 09 45 00 1.035323366523e-04 9.094947017729e-13 3.807600000000e+05
    -1.068239111328e+04 2.909708976746e+00 0.000000000000e+00 0.000000000000e+00
    -8.214030761719e+03-5.598335266113e-01 0.000000000000e+00 0.000000000000e+00
     2.168529394531e+04 1.222180366516e+00-2.793967723846e-09 0.000000000000e+00
R07 2019 08 15 09 45 00-2.507865428925e-05 0.000000000000e+00 3.814500000000e+05
     3.798615722656e+03-1.613872528076e+00 3.725290298462e-09 0.000000000000e+00
     1.727247167969e+04-1.930586814880e+00 9.313225746155e-10 5.000000000000e+00
     1.843483496094e+04 2.142033576965e+00 0.000000000000e+00 0.000000000000e+00
R01 2019 08 15 09 45 00 4.818756133318e-05 0.000000000000e+00 3.807000000000e+05
     1.919961523438e+04 1.098341941833e+00 2.793967723846e-09 0.000000000000e+00
     1.287930957031e+04 9.901084899902e-01 1.862645149231e-09 1.000000000000e+00
    -1.075724755859e+04 3.146304130554e+00 2.793967723846e-09 0.000000000000e+00
R06 2019 08 15 09 45 00 1.600570976734e-04 0.000000000000e+00 3.798000000000e+05
    -1.008977099609e+04-2.151686668396e+00 9.313225746155e-10 0.000000000000e+00
     5.352816894531e+03-2.263455390930e+00 0.000000000000e+00-4.000000000000e+00
     2.279784960938e+04-4.228830337524e-01-1.862645149231e-09 0.000000000000e+00
R08 2019 08 15 09 45 00 1.619476824999e-05 0.000000000000e+00 3.798000000000e+05
     1.538373486328e+04-2.584896087646e-01 3.725290298462e-09 0.000000000000e+00
     1.993540136719e+04-5.234851837158e-01 1.862645149231e-09 6.000000000000e+00
     4.157859863281e+03 3.510109901428e+00 9.313225746155e-10 0.000000000000e+00
R11 2019 08 15 09 45 00-7.606297731400e-05-9.094947017730e-13 3.798000000000e+05
     1.154884228520e+04-2.861425399780e+00 9.313225746150e-10 0.000000000000e+00
     8.006627929690e+03 5.643577575680e-01 0.000000000000e+00 0.000000000000e+00
    -2.125469970700e+04-1.345788002010e+00 2.793967723850e-09 0.000000000000e+00
R02 2019 08 15 09 45 00 3.833565860990e-04 9.094947017730e-13 3.802500000000e+05
     1.072522412110e+04 2.111997604370e+00-9.313225746150e-10 0.000000000000e+00
    -4.151759277340e+03 2.301195144650e+00 0.000000000000e+00-4.000000000000e+00
    -2.273345898440e+04 5.702962875370e-01 1.862645149230e-09 0.000000000000e+00
R27 2019 08 15 09 45 00 5.186349153519e-05 1.818989403546e-12 3.798000000000e+05
    -5.451312988281e+03 3.079556465149e+00 0.000000000000e+00 1.000000000000e+00
    -9.762035156250e+03-6.071472167969e-01 0.000000000000e+00-5.000000000000e+00
     2.293414892578e+04 4.824533462524e-01-2.793967723846e-09 0.000000000000e+00
R18 2019 08 15 09 45 00 3.903172910210e-06 9.094947017730e-13 3.798000000000e+05
    -1.650849609380e+03 5.645227432250e-01-3.725290298460e-09 0.000000000000e+00
    -1.920288378910e+04-2.224406242370e+00 0.000000000000e+00-3.000000000000e+00
    -1.667274902340e+04 2.509286880490e+00 0.000000000000e+00 0.000000000000e+00
R03 2019 08 15 09 45 00 3.073364496230e-08 0.000000000000e+00 3.798000000000e+05
    -3.370632812500e+03 1.660382270810e+00-3.725290298460e-09 0.000000000000e+00
    -1.696436474610e+04 1.963852882390e+00-9.313225746150e-10 5.000000000000e+00
    -1.868874609380e+04-2.081535339360e+00 0.000000000000e+00 0.000000000000e+00
R21 2019 08 15 09 45 00-6.610434502360e-05-2.728484105320e-12 3.798000000000e+05
    -7.102177246090e+03 1.333332061770e-01 2.793967723850e-09 0.000000000000e+00
     2.441374462890e+04 3.084545135500e-01-9.313225746150e-10 4.000000000000e+00
     1.828801757810e+03-3.590462684630e+00 0.000000000000e+00 0.000000000000e+00
R16 2019 08 15 09 45 00 6.060115993020e-06-9.094947017730e-13 3.798000000000e+05
    -2.355840429690e+04 1.312792778020e+00-9.313225746150e-10 0.000000000000e+00
     7.811928710940e+02-1.803874969480e-01-2.793967723850e-09-1.000000000000e+00
     9.592512207030e+03 3.243411064150e+00-2.793967723850e-09 0.000000000000e+00
R09 2019 08 15 09 45 00 8.548796176910e-05 2.728484105320e-12 3.798000000000e+05
    -2.117858789060e+04-1.369344711300e+00-9.313225746150e-10 0.000000000000e+00
     9.749368652340e+03 4.158964157100e-01-3.725290298460e-09-2.000000000000e+00
    -1.041667236330e+04 3.160996437070e+00 0.000000000000e+00 0.000000000000e+00
R04 2019 08 15 09 45 00 3.177868202330e-04 9.094947017730e-13 3.798000000000e+05
    -1.582447900390e+04 1.856460571290e-01-4.656612873080e-09 0.000000000000e+00
    -1.972401708980e+04 4.398555755620e-01-1.862645149230e-09 6.000000000000e+00
    -3.269409667970e+03-3.534533500670e+00-1.862645149230e-09 0.000000000000e+00
R19 2019 08 15 09 45 00-4.834122955800e-05-1.818989403550e-12 3.798000000000e+05
    -9.623740234380e+03 1.052554130550e+00-2.793967723850e-09 0.000000000000e+00
    -4.083511230470e+03-3.011220932010e+00-1.862645149230e-09 3.000000000000e+00
    -2.327318359380e+04 9.236621856690e-02 9.313225746150e-10 0.000000000000e+00
R20 2019 08 15 09 45 00-3.874571993950e-04-9.094947017730e-13 3.798000000000e+05
    -1.291576562500e+04 8.889551162720e-01 0.000000000000e+00 0.000000000000e+00
     1.543451220700e+04-1.967497825620e+00-2.793967723850e-09 2.000000000000e+00
    -1.569700976560e+04-2.662214279170e+00 9.313225746150e-10 0.000000000000e+00
R05 2019 08 15 09 45 00 3.387499600650e-05 9.094947017730e-13 3.798000000000e+05
    -1.867859667970e+04-1.309189796450e+00-1.862645149230e-09 0.000000000000e+00
    -1.147608398440e+04-1.221246719360e+00-1.862645149230e-09 1.000000000000e+00
     1.303600976560e+04-2.955199241640e+00-2.793967723850e-09 0.000000000000e+00
R26 2019 08 15 09 45 00-1.092720776796e-05 2.728484105319e-12 3.798000000000e+05
    -1.275857177734e+04 9.121103286743e-01 0.000000000000e+00 4.000000000000e+00
     1.289239453125e+04-2.288457870483e+00-2.793967723846e-09-6.000000000000e+00
    -1.791342187500e+04-2.298397064209e+00 9.313225746155e-10 0.000000000000e+00
R08 2019 08 15 10 15 00 1.619476824999e-05 0.000000000000e+00 3.816000000000e+05
     1.429466162109e+04-9.667825698853e-01 4.656612873077e-09 0.000000000000e+00
     1.851784228516e+04-1.012339591980e+00 9.313225746155e-10 6.000000000000e+00
     1.023418408203e+04 3.197693824768e+00 9.313225746155e-10 0.000000000000e+00
R07 2019 08 15 10 15 00-2.508144825697e-05 0.000000000000e+00 3.816000000000e+05
     3.484682617188e+02-2.201035499573e+00 2.793967723846e-09 0.000000000000e+00
     1.374233300781e+04-1.946290016174e+00 0.000000000000e+00 5.000000000000e+00
     2.153148535156e+04 1.276453018188e+00-9.313225746155e-10 0.000000000000e+00
R13 2019 08 15 10 15 00-2.716574817896e-05 0.000000000000e+00 3.816000000000e+05
     2.347933349609e+04 2.086696624756e-01 1.862645149231e-09 0.000000000000e+00
    -9.734315429688e+03-2.570791244507e-01 2.793967723846e-09-2.000000000000e+00
     2.068689941406e+03-3.560186386108e+00 9.313225746155e-10 0.000000000000e+00
R14 2019 08 15 10 15 00 4.196446388960e-05 0.000000000000e+00 3.816000000000e+05
     1.268555126953e+04 2.232865333557e+00 9.313225746155e-10 0.000000000000e+00
    -1.343369921875e+04-9.010267257690e-01 2.793967723846e-09-7.000000000000e+00
     1.759301660156e+04-2.302104949951e+00 0.000000000000e+00 0.000000000000e+00
R15 2019 08 15 10 15 00 1.035332679749e-04 9.094947017729e-13 3.816000000000e+05
    -5.346667480469e+03 2.967876434326e+00 0.000000000000e+00 0.000000000000e+00
    -9.659597167969e+03-1.040816307068e+00 9.313225746155e-10 0.000000000000e+00
     2.302098339844e+04 2.523269653320e-01-1.862645149231e-09 0.000000000000e+00
R17 2019 08 15 10 15 00 2.520801499486e-04 2.728484105319e-12 3.816000000000e+05
     6.930611328125e+03-3.396921157837e-01-9.313225746155e-10 0.000000000000e+00
    -2.399154980469e+04 6.761045455933e-01 1.862645149231e-09 4.000000000000e+00
     5.310660644531e+03 3.495100975037e+00-9.313225746155e-10 0.000000000000e+00
R23 2019 08 15 10 15 00 2.474160864949e-04 1.818989403546e-12 3.816000000000e+05
     1.000317236328e+04-5.845012664795e-01 2.793967723846e-09 0.000000000000e+00
     3.371423828125e+03 3.131884574890e+00 1.862645149231e-09 3.000000000000e+00
     2.320725585938e+04-2.033233642578e-01-9.313225746155e-10 0.000000000000e+00
R24 2019 08 15 10 15 00-1.836922019720e-04 0.000000000000e+00 3.816000000000e+05
     1.111202001953e+04-6.200933456421e-01 9.313225746155e-10 0.000000000000e+00
    -1.332400048828e+04 2.494728088379e+00 2.793967723846e-09 2.000000000000e+00
     1.866412841797e+04 2.147182464600e+00-9.313225746155e-10 0.000000000000e+00
R01 2019 08 15 10 15 00 4.818849265575e-05 0.000000000000e+00 3.830700000000e+05
     2.075452636719e+04 5.905599594116e-01 3.725290298462e-09 0.000000000000e+00
     1.403191992188e+04 3.063602447510e-01 9.313225746155e-10 1.000000000000e+00
    -4.750810058594e+03 3.484133720398e+00 1.862645149231e-09 0.000000000000e+00
R12 2019 08 15 10 15 00 5.290284752846e-05 2.728484105319e-12 3.816000000000e+05
     2.051213476563e+04-2.001083374023e+00 9.313225746155e-10 0.000000000000e+00
     2.179428710938e+02 5.797386169434e-01 1.862645149231e-09-1.000000000000e+00
    -1.513840576172e+04-2.695770263672e+00 2.793967723846e-09 0.000000000000e+00
R22 2019 08 15 10 15 00-3.316719084978e-05-9.094947017729e-13 3.816000000000e+05
     2.323589843750e+03-1.675844192505e-01 3.725290298462e-09 0.000000000000e+00
     2.126952978516e+04 1.915252685547e+00 0.000000000000e+00-3.000000000000e+00
     1.397784863281e+04-2.875230789185e+00 0.000000000000e+00 0.000000000000e+00
R02 2019 08 15 10 15 00 3.833593800660e-04 9.094947017730e-13 3.816000000000e+05
     1.466872021480e+04 2.225570678710e+00 0.000000000000e+00 0.000000000000e+00
    -4.363886718750e+02 1.801030159000e+00 9.313225746150e-10-4.000000000000e+00
    -2.083868554690e+04 1.521112442020e+00 2.793967723850e-09 0.000000000000e+00
R27 2019 08 15 10 15 00 5.186814814806e-05 1.818989403546e-12 3.816000000000e+05
     2.075781250000e+01 2.950172424316e+00 0.000000000000e+00 1.000000000000e+00
    -1.127003271484e+04-1.054391860962e+00 9.313225746155e-10-5.000000000000e+00
     2.290610058594e+04-5.131435394287e-01-1.862645149231e-09 0.000000000000e+00
R18 2019 08 15 10 15 00 3.905035555360e-06 9.094947017730e-13 3.816000000000e+05
    -1.073508300780e+03 1.012105941770e-01-3.725290298460e-09 0.000000000000e+00
    -2.267903027340e+04-1.597959518430e+00 0.000000000000e+00-3.000000000000e+00
    -1.156813623050e+04 3.125610351560e+00 0.000000000000e+00 0.000000000000e+00
R03 2019 08 15 10 15 00 3.166496753690e-08 0.000000000000e+00 3.816000000000e+05
     1.570000000000e+02 2.239232063290e+00-2.793967723850e-09 0.000000000000e+00
    -1.338872607420e+04 1.963420867920e+00 0.000000000000e+00 5.000000000000e+00
    -2.166073291020e+04-1.199151992800e+00 9.313225746150e-10 0.000000000000e+00
R11 2019 08 15 10 15 00-7.606577128170e-05-9.094947017730e-13 3.816000000000e+05
     6.271549804690e+03-2.951466560360e+00 0.000000000000e+00 0.000000000000e+00
     9.455721679690e+03 1.041575431820e+00 0.000000000000e+00 0.000000000000e+00
    -2.282171044920e+04-3.841295242310e-01 2.793967723850e-09 0.000000000000e+00
R21 2019 08 15 10 15 00-6.610900163650e-05-2.728484105320e-12 3.816000000000e+05
    -6.646486816410e+03 3.313140869140e-01 9.313225746150e-10 0.000000000000e+00
     2.417389404300e+04-5.822534561160e-01-1.862645149230e-09 4.000000000000e+00
    -4.621206054690e+03-3.529582977290e+00 9.313225746150e-10 0.000000000000e+00
R09 2019 08 15 10 15 00 8.549261838200e-05 2.728484105320e-12 3.816000000000e+05
    -2.288776220700e+04-5.242424011230e-01-1.862645149230e-09 0.000000000000e+00
     1.045424804690e+04 3.263292312620e-01-3.725290298460e-09-2.000000000000e+00
    -4.398817871090e+03 3.482200622560e+00-9.313225746150e-10 0.000000000000e+00
R16 2019 08 15 10 15 00 6.057322025300e-06-9.094947017730e-13 3.816000000000e+05
    -2.057801953130e+04 1.961911201480e+00-9.313225746150e-10 0.000000000000e+00
     7.219970703130e+01-6.318511962890e-01-1.862645149230e-09-1.000000000000e+00
     1.498130273440e+04 2.705054283140e+00-2.793967723850e-09 0.000000000000e+00
R04 2019 08 15 10 15 00 3.177886828780e-04 9.094947017730e-13 3.816000000000e+05
    -1.486824658200e+04 8.937263488770e-01-4.656612873080e-09 0.000000000000e+00
    -1.844189111330e+04 9.464788436890e-01-9.313225746150e-10 6.000000000000e+00
    -9.422662109380e+03-3.257930755620e+00-9.313225746150e-10 0.000000000000e+00
R05 2019 08 15 10 15 00 3.387685865160e-05 9.094947017730e-13 3.816000000000e+05
    -2.067845214840e+04-8.704748153690e-01-3.725290298460e-09 0.000000000000e+00
    -1.302777636720e+04-5.133352279660e-01-1.862645149230e-09 1.000000000000e+00
     7.281181152340e+03-3.397546768190e+00-2.793967723850e-09 0.000000000000e+00
R20 2019 08 15 10 15 00-3.874590620400e-04-9.094947017730e-13 3.816000000000e+05
    -1.146165820310e+04 6.894645690920e-01-9.313225746150e-10 0.000000000000e+00
     1.126669921880e+04-2.631311416630e+00-2.793967723850e-09 2.000000000000e+00
    -1.982134130860e+04-1.890607833860e+00 9.313225746150e-10 0.000000000000e+00
R19 2019 08 15 10 15 00-4.834495484830e-05-1.818989403550e-12 3.816000000000e+05
    -8.171195312500e+03 5.539760589600e-01-3.725290298460e-09 0.000000000000e+00
    -9.535526855470e+03-2.994084358220e+00-9.313225746150e-10 3.000000000000e+00
    -2.221014794920e+04 1.081108093260e+00 9.313225746150e-10 0.000000000000e+00
R06 2019 08 15 10 15 00 1.600561663510e-04 0.000000000000e+00 3.832800000000e+05
    -1.411754882810e+04-2.280228614810e+00 0.000000000000e+00 0.000000000000e+00
     1.679114257810e+03-1.792126655580e+00-9.313225746150e-10-4.000000000000e+00
     2.116429248050e+04-1.380444526670e+00-2.793967723850e-09 0.000000000000e+00
R26 2019 08 15 10 15 00-1.092348247766e-05 2.728484105319e-12 3.816000000000e+05
    -1.133495898438e+04 6.367559432983e-01-1.862645149231e-09 4.000000000000e+00
     8.228675781250e+03-2.855066299438e+00-2.793967723846e-09-6.000000000000e+00
    -2.130338769531e+04-1.443796157837e+00 9.313225746155e-10 0.000000000000e+00
R08 2019 08 15 10 45 00 1.619569957256e-05 0.000000000000e+00 3.834000000000e+05
     1.188134033203e+04-1.711366653442e+00 4.656612873077e-09 0.000000000000e+00
     1.644430468750e+04-1.247145652771e+00 0.000000000000e+00 6.000000000000e+00
     1.552162597656e+04 2.639349937439e+00 0.000000000000e+00 0.000000000000e+00
R01 2019 08 15 10 45 00 4.818942397833e-05 0.000000000000e+00 3.834000000000e+05
     2.120628759766e+04-1.149368286133e-01 4.656612873077e-09 0.000000000000e+00
     1.406770996094e+04-2.358245849609e-01 9.313225746155e-10 1.000000000000e+00
     1.623391601563e+03 3.552267074585e+00 1.862645149231e-09 0.000000000000e+00
R13 2019 08 15 10 45 00-2.716667950153e-05 0.000000000000e+00 3.834000000000e+05
     2.310838720703e+04-6.017236709595e-01 1.862645149231e-09 0.000000000000e+00
    -9.881952148438e+03 1.294145584106e-01 2.793967723846e-09-2.000000000000e+00
    -4.336823730469e+03-3.510800361633e+00 1.862645149231e-09 0.000000000000e+00
R14 2019 08 15 10 45 00 4.196166992188e-05 0.000000000000e+00 3.834000000000e+05
     1.606447558594e+04 1.501871109009e+00 1.862645149231e-09 0.000000000000e+00
    -1.510444921875e+04-9.138154983521e-01 2.793967723846e-09-7.000000000000e+00
     1.282286718750e+04-2.963731765747e+00 0.000000000000e+00 0.000000000000e+00
R15 2019 08 15 10 45 00 1.035341992974e-04 9.094947017729e-13 3.834000000000e+05
    -1.758364257813e+02 2.731221199036e+00 9.313225746155e-10 0.000000000000e+00
    -1.190885156250e+04-1.435359954834e+00 9.313225746155e-10 0.000000000000e+00
     2.258195166016e+04-7.370080947876e-01-1.862645149231e-09 0.000000000000e+00
R17 2019 08 15 10 45 00 2.520857378840e-04 2.728484105319e-12 3.834000000000e+05
     6.345246093750e+03-2.696523666382e-01 0.000000000000e+00 0.000000000000e+00
    -2.198685693359e+04 1.537049293518e+00 1.862645149231e-09 4.000000000000e+00
     1.131596191406e+04 3.134224891663e+00-9.313225746155e-10 0.000000000000e+00
R23 2019 08 15 10 45 00 2.474198117852e-04 1.818989403546e-12 3.834000000000e+05
     9.392811523438e+03-9.547710418701e-02 3.725290298462e-09 0.000000000000e+00
     8.949075195313e+03 3.012635231018e+00 0.000000000000e+00 3.000000000000e+00
     2.194767822266e+04-1.187112808228e+00 0.000000000000e+00 0.000000000000e+00
R24 2019 08 15 10 45 00-1.836931332946e-04 0.000000000000e+00 3.834000000000e+05
     1.030077490234e+04-2.553529739380e-01 2.793967723846e-09 0.000000000000e+00
    -8.355537597656e+03 2.981757164001e+00 1.862645149231e-09 2.000000000000e+00
     2.175525585938e+04 1.264997482300e+00-9.313225746155e-10 0.000000000000e+00
R07 2019 08 15 10 45 00-2.508144825697e-05 0.000000000000e+00 3.834000000000e+05
    -4.027673339844e+03-2.626557350159e+00 1.862645149231e-09 0.000000000000e+00
     1.041718017578e+04-1.711093902588e+00 0.000000000000e+00 5.000000000000e+00
     2.297086669922e+04 3.124637603760e-01-1.862645149231e-09 0.000000000000e+00
R22 2019 08 15 10 45 00-3.316905349493e-05-9.094947017729e-13 3.834000000000e+05
     2.349298339844e+03 1.624822616577e-01 2.793967723846e-09 0.000000000000e+00
     2.405612500000e+04 1.151096343994e+00-9.313225746155e-10-3.000000000000e+00
     8.331776367188e+03-3.357622146606e+00 0.000000000000e+00 0.000000000000e+00
R12 2019 08 15 10 45 00 5.290843546390e-05 2.728484105320e-12 3.834000000000e+05
     1.650554199220e+04-2.403892517090e+00 9.313225746150e-10 0.000000000000e+00
     1.751863769530e+03 1.133648872380e+00 9.313225746150e-10-1.000000000000e+00
    -1.934164404300e+04-1.944016456600e+00 2.793967723850e-09 0.000000000000e+00
R02 2019 08 15 10 45 00 3.833621740340e-04 9.094947017730e-13 3.834000000000e+05
     1.856830371090e+04 2.059040069580e+00 1.862645149230e-09 0.000000000000e+00
     2.270179687500e+03 1.198341369630e+00 9.313225746150e-10-4.000000000000e+00
    -1.732903320310e+04 2.352955818180e+00 2.793967723850e-09 0.000000000000e+00
R27 2019 08 15 10 45 00 5.187280476093e-05 2.728484105319e-12 3.834000000000e+05
     5.001264160156e+03 2.542120933533e+00 9.313225746155e-10 1.000000000000e+00
    -1.347705712891e+04-1.367717742920e+00 1.862645149231e-09-5.000000000000e+00
     2.111153417969e+04-1.467690467834e+00-9.313225746155e-10 0.000000000000e+00
R03 2019 08 15 10 45 00 3.166496753690e-08 0.000000000000e+00 3.834000000000e+05
     4.588269531250e+03 2.648344993590e+00-1.862645149230e-09 0.000000000000e+00
    -1.004711132810e+04 1.712585449220e+00 0.000000000000e+00 5.000000000000e+00
    -2.294986572270e+04-2.239646911620e-01 1.862645149230e-09 0.000000000000e+00
R18 2019 08 15 10 45 00 3.906898200510e-06 9.094947017730e-13 3.834000000000e+05
    -1.174731933590e+03-1.770324707030e-01-2.793967723850e-09 0.000000000000e+00
    -2.483762548830e+04-7.760505676270e-01 1.862645149230e-09-3.000000000000e+00
    -5.566292968750e+03 3.499668121340e+00 0.000000000000e+00 0.000000000000e+00
R19 2019 08 15 10 45 00-4.834961146120e-05-1.818989403550e-12 3.840300000000e+05
    -7.622098632810e+03 6.746673583980e-02-3.725290298460e-09 0.000000000000e+00
    -1.467444628910e+04-2.665618896480e+00 0.000000000000e+00 3.000000000000e+00
    -1.943145068360e+04 1.986306190490e+00 0.000000000000e+00 0.000000000000e+00
R21 2019 08 15 10 45 00-6.611365824940e-05-2.728484105320e-12 3.834000000000e+05
    -6.062303222660e+03 2.761135101320e-01 0.000000000000e+00 0.000000000000e+00
     2.232777148440e+04-1.456101417540e+00-1.862645149230e-09 4.000000000000e+00
    -1.071326074220e+04-3.195359230040e+00 9.313225746150e-10 0.000000000000e+00
R09 2019 08 15 10 45 00 8.549727499490e-05 2.728484105320e-12 3.834000000000e+05
    -2.308058349610e+04 2.965440750120e-01-1.862645149230e-09 0.000000000000e+00
     1.077969628910e+04-2.519607543950e-03-2.793967723850e-09-2.000000000000e+00
     1.957847656250e+03 3.535091400150e+00-1.862645149230e-09 0.000000000000e+00
R05 2019 08 15 10 45 00 3.387778997420e-05 9.094947017730e-13 3.834000000000e+05
    -2.167644482420e+04-2.066602706910e-01-4.656612873080e-09 0.000000000000e+00
    -1.339304345700e+04 8.044338226320e-02-9.313225746150e-10 1.000000000000e+00
     9.629174804690e+02-3.577122688290e+00-1.862645149230e-09 0.000000000000e+00
R04 2019 08 15 10 45 00 3.177914768460e-04 9.094947017730e-13 3.834000000000e+05
    -1.257885937500e+04 1.648404121400e+00-4.656612873080e-09 0.000000000000e+00
    -1.646781640630e+04 1.202715873720e+00 0.000000000000e+00 6.000000000000e+00
    -1.484609716800e+04-2.728888511660e+00 0.000000000000e+00 0.000000000000e+00
R20 2019 08 15 10 45 00-3.874609246850e-04-9.094947017730e-13 3.834000000000e+05
    -1.054569335940e+04 3.044061660770e-01-2.793967723850e-09 0.000000000000e+00
     6.104200683590e+03-3.058952331540e+00-1.862645149230e-09 2.000000000000e+00
    -2.241512304690e+04-9.725904464720e-01 9.313225746150e-10 0.000000000000e+00
R16 2019 08 15 10 45 00 6.054528057580e-06-9.094947017730e-13 3.834000000000e+05
    -1.664821435550e+04 2.357937812810e+00-9.313225746150e-10 0.000000000000e+00
    -1.553523437500e+03-1.182689666750e+00 0.000000000000e+00-1.000000000000e+00
     1.920448291020e+04 1.956875801090e+00-2.793967723850e-09 0.000000000000e+00
R06 2019 08 15 10 45 00 1.600570976730e-04 0.000000000000e+00 3.834000000000e+05
    -1.813142919920e+04-2.131651878360e+00-9.313225746150e-10 0.000000000000e+00
    -1.034880371090e+03-1.214661598210e+00-9.313225746150e-10-4.000000000000e+00
     1.789233886720e+04-2.231465339660e+00-2.793967723850e-09 0.000000000000e+00
R11 2019 08 15 10 45 00-7.606856524944e-05-9.094947017729e-13 3.834000000000e+05
     1.101689453125e+03-2.746153831482e+00 0.000000000000e+00 0.000000000000e+00
     1.170916699219e+04 1.440617561340e+00-9.313225746155e-10 0.000000000000e+00
    -2.262018115234e+04 6.064357757568e-01 1.862645149231e-09 0.000000000000e+00
R26 2019 08 15 10 45 00-1.091882586479e-05 2.728484105319e-12 3.834000000000e+05
    -1.055878125000e+04 2.080812454224e-01-2.793967723846e-09 4.000000000000e+00
     2.774848144531e+03-3.155207633972e+00-1.862645149231e-09-6.000000000000e+00
    -2.304410595703e+04-4.778432846069e-01 9.313225746155e-10 0.000000000000e+00
R08 2019 08 15 11 15 00 1.619569957256e-05 0.000000000000e+00 3.852000000000e+05
     8.179768554688e+03-2.379524230957e+00 3.725290298462e-09 0.000000000000e+00
     1.418652539063e+04-1.219450950623e+00 0.000000000000e+00 6.000000000000e+00
     1.961404589844e+04 1.878519058228e+00 0.000000000000e+00 0.000000000000e+00
R01 2019 08 15 11 15 00 4.819035530090e-05 0.000000000000e+00 3.852000000000e+05
     2.027570751953e+04-9.281415939331e-01 4.656612873077e-09 0.000000000000e+00
     1.331268798828e+04-5.631284713745e-01 0.000000000000e+00 1.000000000000e+00
     7.871948242188e+03 3.345447540283e+00 9.313225746155e-10 0.000000000000e+00
R13 2019 08 15 11 15 00-2.716761082411e-05 0.000000000000e+00 3.852000000000e+05
     2.141168164063e+04-1.248835563660e+00 1.862645149231e-09 0.000000000000e+00
    -9.157067382813e+03 7.003087997437e-01 1.862645149231e-09-2.000000000000e+00
    -1.040683642578e+04-3.189867019653e+00 1.862645149231e-09 0.000000000000e+00
R14 2019 08 15 11 15 00 4.196260124445e-05 0.000000000000e+00 3.852000000000e+05
     1.805555957031e+04 7.098751068115e-01 2.793967723846e-09 0.000000000000e+00
    -1.656836035156e+04-6.696777343750e-01 2.793967723846e-09-7.000000000000e+00
     7.061211425781e+03-3.396568298340e+00 0.000000000000e+00 0.000000000000e+00
R15 2019 08 15 11 15 00 1.035351306200e-04 9.094947017729e-13 3.852000000000e+05
     4.337893066406e+03 2.249398231506e+00 1.862645149231e-09 0.000000000000e+00
    -1.471728173828e+04-1.648197174072e+00 1.862645149231e-09 0.000000000000e+00
     2.040177099609e+04-1.669790267944e+00-9.313225746155e-10 0.000000000000e+00
R17 2019 08 15 11 15 00 2.520922571421e-04 2.728484105319e-12 3.852000000000e+05
     6.095676269531e+03 2.534294128418e-02 9.313225746155e-10 0.000000000000e+00
    -1.854312500000e+04 2.257115364075e+00 1.862645149231e-09 4.000000000000e+00
     1.644837011719e+04 2.531472206116e+00-9.313225746155e-10 0.000000000000e+00
R23 2019 08 15 11 15 00 2.474216744304e-04 1.818989403546e-12 3.852000000000e+05
     9.619752929688e+03 3.278102874756e-01 3.725290298462e-09 0.000000000000e+00
     1.403394824219e+04 2.590016365051e+00 0.000000000000e+00 3.000000000000e+00
     1.898893701172e+04-2.078994750977e+00 0.000000000000e+00 0.000000000000e+00
R24 2019 08 15 11 15 00-1.836949959397e-04 0.000000000000e+00 3.852000000000e+05
     1.025648242188e+04 2.149629592896e-01 3.725290298462e-09 0.000000000000e+00
    -2.765578125000e+03 3.177115440369e+00 9.313225746155e-10 2.000000000000e+00
     2.315903076172e+04 2.845888137817e-01-9.313225746155e-10 0.000000000000e+00
R18 2019 08 15 11 15 00 3.908760845661e-06 9.094947017729e-13 3.862800000000e+05
    -1.566176757813e+03-2.157106399536e-01-9.313225746155e-10 0.000000000000e+00
    -2.541906005859e+04 1.349706649780e-01 1.862645149231e-09-3.000000000000e+00
     8.673564453125e+02 3.602254867554e+00 0.000000000000e+00 0.000000000000e+00
R02 2019 08 15 11 15 00 3.833649680018e-04 1.818989403546e-12 3.867600000000e+05
     2.191120849609e+04 1.610629081726e+00 2.793967723846e-09 0.000000000000e+00
     3.882916015625e+03 6.042337417603e-01 0.000000000000e+00-4.000000000000e+00
    -1.247819384766e+04 3.001708030701e+00 2.793967723846e-09 0.000000000000e+00
R07 2019 08 15 11 15 00-2.508144825697e-05 0.000000000000e+00 3.852000000000e+05
    -8.959560546875e+03-2.807345390320e+00 0.000000000000e+00 0.000000000000e+00
     7.692757812500e+03-1.292916297913e+00-9.313225746155e-10 5.000000000000e+00
     2.264156201172e+04-6.761093139648e-01-1.862645149231e-09 0.000000000000e+00
R22 2019 08 15 11 15 00-3.316998481750e-05 0.000000000000e+00 3.852000000000e+05
     2.770860839844e+03 2.645320892334e-01 1.862645149231e-09 0.000000000000e+00
     2.533778417969e+04 2.614355087280e-01-1.862645149231e-09-3.000000000000e+00
     2.045703125000e+03-3.581847190857e+00 0.000000000000e+00 0.000000000000e+00
R12 2019 08 15 11 15 00 5.291309207680e-05 2.728484105320e-12 3.852000000000e+05
     1.203414111330e+04-2.514906883240e+00 0.000000000000e+00 0.000000000000e+00
     4.298475585940e+03 1.686417579650e+00 0.000000000000e+00-1.000000000000e+00
    -2.204591503910e+04-1.041081428530e+00 2.793967723850e-09 0.000000000000e+00
R03 2019 08 15 11 15 00 3.166496753690e-08 0.000000000000e+00 3.859200000000e+05
     9.539547851560e+03 2.806258201600e+00 0.000000000000e+00 0.000000000000e+00
    -7.331709960940e+03 1.282202720640e+00 9.313225746150e-10 5.000000000000e+00
    -2.245696533200e+04 7.679195404050e-01 1.862645149230e-09 0.000000000000e+00
R27 2019 08 15 11 15 00 5.188956856728e-05 2.728484105319e-12 3.852000000000e+05
     9.047495117188e+03 1.926898956299e+00 1.862645149231e-09 1.000000000000e+00
    -1.606296923828e+04-1.464176177979e+00 1.862645149231e-09-5.000000000000e+00
     1.769107763672e+04-2.308099746704e+00-9.313225746155e-10 0.000000000000e+00
R19 2019 08 15 11 15 00-4.835333675150e-05-1.818989403550e-12 3.852000000000e+05
    -7.856539550780e+03-3.001823425290e-01-3.725290298460e-09 0.000000000000e+00
    -1.896637792970e+04-2.062945365910e+00 9.313225746150e-10 3.000000000000e+00
    -1.515171826170e+04 2.738113403320e+00 0.000000000000e+00 0.000000000000e+00
R04 2019 08 15 11 15 00 3.177933394910e-04 9.094947017730e-13 3.852600000000e+05
    -8.974459472660e+03 2.335862159730e+00-3.725290298460e-09 0.000000000000e+00
    -1.427107226560e+04 1.195562362670e+00 0.000000000000e+00 6.000000000000e+00
    -1.911944384770e+04-1.988376617430e+00 9.313225746150e-10 0.000000000000e+00
R21 2019 08 15 11 15 00-6.611831486230e-05-2.728484105320e-12 3.852000000000e+05
    -5.791315917970e+03-9.046554565430e-03-9.313225746150e-10 0.000000000000e+00
     1.901263330080e+04-2.196122169490e+00-1.862645149230e-09 4.000000000000e+00
    -1.597579199220e+04-2.613934516910e+00 9.313225746150e-10 0.000000000000e+00
R05 2019 08 15 11 15 00 3.387872129680e-05 9.094947017730e-13 3.852000000000e+05
    -2.133585302730e+04 6.005544662480e-01-5.587935447690e-09 0.000000000000e+00
    -1.285826464840e+04 4.753398895260e-01 0.000000000000e+00 1.000000000000e+00
    -5.429872558590e+03-3.479781150820e+00-1.862645149230e-09 0.000000000000e+00
R09 2019 08 15 11 15 00 8.550193160770e-05 2.728484105320e-12 3.852000000000e+05
    -2.189951708980e+04 9.859418869020e-01-1.862645149230e-09 0.000000000000e+00
     1.032501171880e+04-5.303831100460e-01-1.862645149230e-09-2.000000000000e+00
     8.163854492190e+03 3.315917968750e+00-1.862645149230e-09 0.000000000000e+00
R20 2019 08 15 11 15 00-3.874637186530e-04-9.094947017730e-13 3.852000000000e+05
    -1.042109375000e+04-1.722650527950e-01-3.725290298460e-09 0.000000000000e+00
     4.347026367190e+02-3.187731742860e+00-9.313225746150e-10 2.000000000000e+00
    -2.327711181640e+04 2.114963531490e-02 9.313225746150e-10 0.000000000000e+00
R06 2019 08 15 11 15 00 1.600580289960e-04 0.000000000000e+00 3.852000000000e+05
    -2.162148925780e+04-1.701272964480e+00-2.793967723850e-09 0.000000000000e+00
    -2.695354492190e+03-6.398429870610e-01-9.313225746150e-10-4.000000000000e+00
     1.323484326170e+04-2.909893035890e+00-2.793967723850e-09 0.000000000000e+00
R11 2019 08 15 11 15 00-7.607135921720e-05-9.094947017730e-13 3.856200000000e+05
    -3.464347167970e+03-2.291662216190e+00-9.313225746150e-10 0.000000000000e+00
     1.453692871090e+04 1.665576934810e+00-1.862645149230e-09 0.000000000000e+00
    -2.066736279300e+04 1.549099922180e+00 1.862645149230e-09 0.000000000000e+00
R16 2019 08 15 11 15 00 6.052665412426e-06-9.094947017729e-13 3.865200000000e+05
    -1.226413720703e+04 2.464380264282e+00 0.000000000000e+00 0.000000000000e+00
    -4.182112304688e+03-1.727810859680e+00 0.000000000000e+00-1.000000000000e+00
     2.193529296875e+04 1.057812690735e+00-2.793967723846e-09 0.000000000000e+00
R26 2019 08 15 11 15 00-1.091416925192e-05 2.728484105319e-12 3.852000000000e+05
    -1.061664355469e+04-2.715911865234e-01-3.725290298462e-09 4.000000000000e+00
    -2.942246093750e+03-3.143907546997e+00-9.313225746155e-10-6.000000000000e+00
    -2.300168847656e+04 5.245800018311e-01 9.313225746155e-10 0.000000000000e+00
R08 2019 08 15 11 45 00 1.619663089514e-05 0.000000000000e+00 3.870000000000e+05
     3.424042480469e+03-2.866894721985e+00 2.793967723846e-09 0.000000000000e+00
     1.219092480469e+04-9.653015136719e-01-9.313225746155e-10 6.000000000000e+00
     2.219775341797e+04 9.738121032715e-01-9.313225746155e-10 0.000000000000e+00
R01 2019 08 15 11 45 00 4.819128662348e-05 0.000000000000e+00 3.870000000000e+05
     1.786668408203e+04-1.738408088684e+00 4.656612873077e-09 0.000000000000e+00
     1.219054296875e+04-6.417942047119e-01 0.000000000000e+00 1.000000000000e+00
     1.351129882813e+04 2.879796981812e+00 0.000000000000e+00 0.000000000000e+00
R02 2019 08 15 11 45 00 3.833686932921e-04 1.818989403546e-12 3.870000000000e+05
     2.422287890625e+04 9.240503311157e-01 3.725290298462e-09 0.000000000000e+00
     4.513977050781e+03 1.235799789429e-01 0.000000000000e+00-4.000000000000e+00
    -6.662882324219e+03 3.417744636536e+00 1.862645149231e-09 0.000000000000e+00
R13 2019 08 15 11 45 00-2.716854214668e-05 0.000000000000e+00 3.870000000000e+05
     1.875718310547e+04-1.656321525574e+00 1.862645149231e-09 0.000000000000e+00
    -7.302468750000e+03 1.367788314819e+00 9.313225746155e-10-2.000000000000e+00
    -1.567206787109e+04-2.622447013855e+00 2.793967723846e-09 0.000000000000e+00
R14 2019 08 15 11 45 00 4.196260124445e-05 0.000000000000e+00 3.870000000000e+05
     1.865207519531e+04-2.912712097168e-02 2.793967723846e-09 0.000000000000e+00
    -1.736847216797e+04-1.823215484619e-01 1.862645149231e-09-7.000000000000e+00
     7.532114257813e+02-3.566774368286e+00 9.313225746155e-10 0.000000000000e+00
R15 2019 08 15 11 45 00 1.035360619426e-04 0.000000000000e+00 3.870000000000e+05
     7.825869140625e+03 1.608102798462e+00 1.862645149231e-09 0.000000000000e+00
    -1.769260937500e+04-1.612822532654e+00 1.862645149231e-09 0.000000000000e+00
     1.664791748047e+04-2.474214553833e+00 0.000000000000e+00 0.000000000000e+00
R17 2019 08 15 11 45 00 2.520978450775e-04 2.728484105319e-12 3.870000000000e+05
     6.531574707031e+03 4.778213500977e-01 2.793967723846e-09 0.000000000000e+00
    -1.400288085938e+04 2.742335319519e+00 1.862645149231e-09 4.000000000000e+00
     2.031159716797e+04 1.733118057251e+00-9.313225746155e-10 0.000000000000e+00
R18 2019 08 15 11 45 00 3.910623490810e-06 9.094947017729e-13 3.870000000000e+05
    -1.800622070313e+03-4.850387573242e-03 0.000000000000e+00 0.000000000000e+00
    -2.437058349609e+04 1.014756202698e+00 2.793967723846e-09-3.000000000000e+00
     7.233747070313e+03 3.425450325012e+00-9.313225746155e-10 0.000000000000e+00
R23 2019 08 15 11 45 00 2.474263310432e-04 1.818989403546e-12 3.870000000000e+05
     1.047385986328e+04 5.869941711426e-01 3.725290298462e-09 0.000000000000e+00
     1.812399511719e+04 1.920092582703e+00-9.313225746155e-10 3.000000000000e+00
     1.456015771484e+04-2.809862136841e+00 0.000000000000e+00 0.000000000000e+00
R24 2019 08 15 11 45 00-1.836959272623e-04 0.000000000000e+00 3.870000000000e+05
     1.107264990234e+04 6.819543838501e-01 3.725290298462e-09 0.000000000000e+00
     2.890822753906e+03 3.055354118347e+00 0.000000000000e+00 2.000000000000e+00
     2.276655273438e+04-7.178020477295e-01-9.313225746155e-10 0.000000000000e+00
R16 2019 08 15 11 45 00 6.050802767277e-06 0.000000000000e+00 3.870600000000e+05
    -7.945276855469e+03 2.290925025940e+00 0.000000000000e+00 0.000000000000e+00
    -7.705088867188e+03-2.159205436707e+00 9.313225746155e-10-1.000000000000e+00
     2.296423339844e+04 7.831668853760e-02-1.862645149231e-09 0.000000000000e+00
R03 2019 08 15 11 45 00 3.259629011150e-08 0.000000000000e+00 3.870000000000e+05
     1.451299072270e+04 2.669371604920e+00 9.313225746150e-10 0.000000000000e+00
    -5.480085449220e+03 7.706689834590e-01 0.000000000000e+00 5.000000000000e+00
    -2.022175927730e+04 1.699298858640e+00 2.793967723850e-09 0.000000000000e+00
R07 2019 08 15 11 45 00-2.508237957954e-05 0.000000000000e+00 3.870000000000e+05
    -1.395821093750e+04-2.696465492249e+00 0.000000000000e+00 0.000000000000e+00
     5.815106933594e+03-7.877645492554e-01-9.313225746155e-10 5.000000000000e+00
     2.056770214844e+04-1.613421440125e+00-2.793967723846e-09 0.000000000000e+00
R27 2019 08 15 11 45 00 5.189515650272e-05 2.728484105319e-12 3.870000000000e+05
     1.187403759766e+04 1.205333709717e+00 2.793967723846e-09 1.000000000000e+00
    -1.858875244141e+04-1.296563148499e+00 1.862645149231e-09-5.000000000000e+00
     1.290958593750e+04-2.970283508301e+00 0.000000000000e+00 0.000000000000e+00
R19 2019 08 15 11 45 00-4.835706204180e-05-1.818989403550e-12 3.870000000000e+05
    -8.580119628910e+03-4.646997451780e-01-2.793967723850e-09 0.000000000000e+00
    -2.198328027340e+04-1.264981269840e+00 1.862645149230e-09 3.000000000000e+00
    -9.701441894530e+03 3.278468132020e+00 0.000000000000e+00 0.000000000000e+00
R04 2019 08 15 11 45 00 3.177952021360e-04 9.094947017730e-13 3.870000000000e+05
    -4.274875976560e+03 2.848949432370e+00-2.793967723850e-09 0.000000000000e+00
    -1.230329394530e+04 9.572391510010e-01 9.313225746150e-10 6.000000000000e+00
    -2.191160546880e+04-1.093855857850e+00 9.313225746150e-10 0.000000000000e+00
R12 2019 08 15 11 45 00 5.291868001220e-05 2.728484105320e-12 3.870000000000e+05
     7.623231445310e+03-2.341841697690e+00 0.000000000000e+00 0.000000000000e+00
     7.756137207030e+03 2.128303527830e+00 0.000000000000e+00-1.000000000000e+00
    -2.304071240230e+04-5.698966979980e-02 2.793967723850e-09 0.000000000000e+00
R22 2019 08 15 11 45 00-3.317184746270e-05 0.000000000000e+00 3.870000000000e+05
     3.149499511720e+03 1.146183013920e-01 0.000000000000e+00 0.000000000000e+00
     2.499178710940e+04-6.373758316040e-01-1.862645149230e-09-3.000000000000e+00
    -4.397437988280e+03-3.531044960020e+00 9.313225746150e-10 0.000000000000e+00
R05 2019 08 15 11 45 00 3.387965261940e-05 9.094947017730e-13 3.870000000000e+05
    -1.949301416020e+04 1.443190574650e+00-4.656612873080e-09 0.000000000000e+00
    -1.183067578130e+04 6.236629486080e-01 0.000000000000e+00 1.000000000000e+00
    -1.140216015630e+04-3.112924575810e+00 0.000000000000e+00 0.000000000000e+00
R06 2019 08 15 11 45 00 1.600589603190e-04 0.000000000000e+00 3.870000000000e+05
    -2.411050292970e+04-1.029713630680e+00-3.725290298460e-09 0.000000000000e+00
    -3.402724121090e+03-1.716127395630e-01 0.000000000000e+00-4.000000000000e+00
     7.552260253910e+03-3.363018989560e+00-2.793967723850e-09 0.000000000000e+00
R09 2019 08 15 11 45 00 8.550565689800e-05 2.728484105320e-12 3.870000000000e+05
    -1.966089355470e+04 1.460416793820e+00-1.862645149230e-09 0.000000000000e+00
     8.796828613280e+03-1.179891586300e+00-9.313225746150e-10-2.000000000000e+00
     1.374168261720e+04 2.841614723210e+00-2.793967723850e-09 0.000000000000e+00
R20 2019 08 15 11 45 00-3.874655812980e-04-9.094947017730e-13 3.870000000000e+05
    -1.115466845700e+04-6.303930282590e-01-3.725290298460e-09 0.000000000000e+00
    -5.180688964840e+03-2.999897003170e+00 0.000000000000e+00 2.000000000000e+00
    -2.233955761720e+04 1.013926506040e+00 9.313225746150e-10 0.000000000000e+00
R21 2019 08 15 11 45 00-6.612204015250e-05-2.728484105320e-12 3.870000000000e+05
    -6.194217285160e+03-4.587335586550e-01-1.862645149230e-09 0.000000000000e+00
     1.456092626950e+04-2.705361366270e+00-1.862645149230e-09 4.000000000000e+00
    -2.000197558590e+04-1.830616950990e+00 9.313225746150e-10 0.000000000000e+00
R11 2019 08 15 11 45 00-7.607322186230e-05-9.094947017730e-13 3.870000000000e+05
    -7.048090820310e+03-1.670937538150e+00-1.862645149230e-09 0.000000000000e+00
     1.755904736330e+04 1.648223876950e+00-1.862645149230e-09 0.000000000000e+00
    -1.711604248050e+04 2.371053695680e+00 9.313225746150e-10 0.000000000000e+00
R26 2019 08 15 11 45 00-1.090951263905e-05 2.728484105319e-12 3.870000000000e+05
    -1.150026757812e+04-6.912145614624e-01-3.725290298462e-09 4.000000000000e+00
    -8.356678710938e+03-2.823295593262e+00 0.000000000000e+00-6.000000000000e+00
    -2.118033154297e+04 1.485926628113e+00 9.313225746155e-10 0.000000000000e+00
R16 2019 08 15 12 15 00 6.049871444702e-06 0.000000000000e+00 3.888000000000e+05
    -4.153402832031e+03 1.890968322754e+00 9.313225746155e-10 0.000000000000e+00
    -1.183087939453e+04-2.384378433228e+00 9.313225746155e-10-1.000000000000e+00
     2.221472265625e+04-9.053726196289e-01-1.862645149231e-09 0.000000000000e+00
R01 2019 08 15 12 15 00 4.819221794605e-05 0.000000000000e+00 3.888000000000e+05
     1.408755371094e+04-2.432348251343e+00 3.725290298462e-09 0.000000000000e+00
     1.114570654297e+04-4.827709197998e-01-9.313225746155e-10 1.000000000000e+00
     1.810529589844e+04 2.191521644592e+00 0.000000000000e+00 0.000000000000e+00
R02 2019 08 15 12 15 00 3.833724185824e-04 1.818989403546e-12 3.888000000000e+05
     2.514382958984e+04 8.173942565918e-02 4.656612873077e-09 0.000000000000e+00
     4.445331054688e+03-1.624584197998e-01 0.000000000000e+00-4.000000000000e+00
    -3.332211914063e+02 3.569623947144e+00 1.862645149231e-09 0.000000000000e+00
R08 2019 08 15 12 15 00 1.619663089514e-05 0.000000000000e+00 3.888000000000e+05
    -1.984367187500e+03-3.094420433044e+00 9.313225746155e-10 0.000000000000e+00
     1.080353173828e+04-5.585126876831e-01-9.313225746155e-10 6.000000000000e+00
     2.307491357422e+04-5.468368530273e-03-1.862645149231e-09 0.000000000000e+00
R14 2019 08 15 12 15 00 4.196353256702e-05 0.000000000000e+00 3.888000000000e+05
     1.804405761719e+04-6.135206222534e-01 2.793967723846e-09 0.000000000000e+00
    -1.711231005859e+04 4.912099838257e-01 9.313225746155e-10-7.000000000000e+00
    -5.613059570313e+03-3.460843086243e+00 1.862645149231e-09 0.000000000000e+00
R15 2019 08 15 12 15 00 1.035351306200e-04 0.000000000000e+00 3.888000000000e+05
     1.009580908203e+04 9.148578643799e-01 2.793967723846e-09 0.000000000000e+00
    -2.035796093750e+04-1.303192138672e+00 1.862645149231e-09 0.000000000000e+00
     1.160918359375e+04-3.088153839111e+00 0.000000000000e+00 0.000000000000e+00
R17 2019 08 15 12 15 00 2.521043643355e-04 2.728484105319e-12 3.888000000000e+05
     7.852322753906e+03 9.906692504883e-01 3.725290298462e-09 0.000000000000e+00
    -8.847453125000e+03 2.934528350830e+00 0.000000000000e+00 4.000000000000e+00
     2.260683251953e+04 8.005104064941e-01-9.313225746155e-10 0.000000000000e+00
R18 2019 08 15 12 15 00 3.912486135960e-06 9.094947017729e-13 3.888000000000e+05
    -1.454860351563e+03 4.192743301392e-01 9.313225746155e-10 0.000000000000e+00
    -2.185410400391e+04 1.748414039612e+00 1.862645149231e-09-3.000000000000e+00
     1.303930761719e+04 2.983228683472e+00-9.313225746155e-10 0.000000000000e+00
R24 2019 08 15 12 15 00-1.836968585849e-04 0.000000000000e+00 3.888000000000e+05
     1.264371972656e+04 1.036585807800e+00 3.725290298462e-09 0.000000000000e+00
     8.056187500000e+03 2.639250755310e+00-9.313225746155e-10 2.000000000000e+00
     2.060860400391e+04-1.664243698120e+00 0.000000000000e+00 0.000000000000e+00
R23 2019 08 15 12 15 00 2.474300563335e-04 1.818989403546e-12 3.888000000000e+05
     1.159241113281e+04 6.133937835693e-01 2.793967723846e-09 0.000000000000e+00
     2.085335986328e+04 1.096046447754e+00-1.862645149231e-09 3.000000000000e+00
     9.004338867188e+03-3.323122978210e+00 0.000000000000e+00 0.000000000000e+00
R13 2019 08 15 12 15 00-2.716947346930e-05 0.000000000000e+00 3.888000000000e+05
     1.561511279300e+04-1.788381576540e+00 9.313225746150e-10 0.000000000000e+00
    -4.240059082030e+03 2.023462295530e+00 0.000000000000e+00-2.000000000000e+00
    -1.972588818360e+04-1.852622985840e+00 2.793967723850e-09 0.000000000000e+00
R03 2019 08 15 12 15 00 3.259629011150e-08 0.000000000000e+00 3.888000000000e+05
     1.897257617190e+04 2.239515304570e+00 2.793967723850e-09 0.000000000000e+00
    -4.540522949220e+03 2.868185043330e-01 0.000000000000e+00 5.000000000000e+00
    -1.641932421880e+04 2.497979164120e+00 2.793967723850e-09 0.000000000000e+00
R27 2019 08 15 12 15 00 5.190167576075e-05 2.728484105319e-12 3.888000000000e+05
     1.339114404297e+04 4.909839630127e-01 2.793967723846e-09 1.000000000000e+00
    -2.056934033203e+04-8.617210388184e-01 1.862645149231e-09-5.000000000000e+00
     7.135578613281e+03-3.403847694397e+00 0.000000000000e+00 0.000000000000e+00
R04 2019 08 15 12 15 00 3.177979961040e-04 9.094947017730e-13 3.888000000000e+05
     1.126687011720e+03 3.104880332950e+00-9.313225746150e-10 0.000000000000e+00
    -1.092141992190e+04 5.591392517090e-01 9.313225746150e-10 6.000000000000e+00
    -2.300644580080e+04-1.147556304930e-01 1.862645149230e-09 0.000000000000e+00
R19 2019 08 15 12 15 00-4.836078733210e-05-1.818989403550e-12 3.888600000000e+05
    -9.378288085940e+03-3.788089752200e-01-9.313225746150e-10 0.000000000000e+00
    -2.346777343750e+04-3.798561096190e-01 2.793967723850e-09 3.000000000000e+00
    -3.501576171880e+03 3.565573692320e+00 0.000000000000e+00 0.000000000000e+00
R22 2019 08 15 12 15 00-3.317371010780e-05-9.094947017730e-13 3.888000000000e+05
     3.044631347660e+03-2.652797698970e-01 0.000000000000e+00 0.000000000000e+00
     2.310834912110e+04-1.428259849550e+00-1.862645149230e-09-3.000000000000e+00
    -1.050294335940e+04-3.209073066710e+00 9.313225746150e-10 0.000000000000e+00
R06 2019 08 15 12 15 00 1.600598916410e-04 0.000000000000e+00 3.888000000000e+05
    -2.523112548830e+04-1.968402862550e-01-4.656612873080e-09 0.000000000000e+00
    -3.426810546880e+03 1.084260940550e-01 0.000000000000e+00-4.000000000000e+00
     1.284684570310e+03-3.555649757390e+00-1.862645149230e-09 0.000000000000e+00
R05 2019 08 15 12 15 00 3.388058394190e-05 9.094947017730e-13 3.888000000000e+05
    -1.618943212890e+04 2.204395294190e+00-4.656612873080e-09 0.000000000000e+00
    -1.076375390630e+04 5.223817825320e-01 9.313225746150e-10 1.000000000000e+00
    -1.649135400390e+04-2.504958152770e+00 0.000000000000e+00 0.000000000000e+00
R20 2019 08 15 12 15 00-3.874674439430e-04-9.094947017730e-13 3.888000000000e+05
    -1.261448193360e+04-9.625282287600e-01-3.725290298460e-09 0.000000000000e+00
    -1.019216601560e+04-2.525589942930e+00 9.313225746150e-10 2.000000000000e+00
    -1.967376269530e+04 1.928920745850e+00 0.000000000000e+00 0.000000000000e+00
R09 2019 08 15 12 15 00 8.551031351090e-05 2.728484105320e-12 3.888000000000e+05
    -1.680003271480e+04 1.673015594480e+00-9.313225746150e-10 0.000000000000e+00
     6.065421875000e+03-1.849096298220e+00 0.000000000000e+00-2.000000000000e+00
     1.826203320310e+04 2.148483276370e+00-2.793967723850e-09 0.000000000000e+00
R07 2019 08 15 12 15 00-2.508237957950e-05 0.000000000000e+00 3.888000000000e+05
    -1.848935351560e+04-2.291324615480e+00-1.862645149230e-09 0.000000000000e+00
     4.844192871090e+03-3.034143447880e-01 0.000000000000e+00 5.000000000000e+00
     1.690750585940e+04-2.427272796630e+00-2.793967723850e-09 0.000000000000e+00
R21 2019 08 15 12 15 00-6.612669676540e-05-2.728484105320e-12 3.888000000000e+05
    -7.483989746090e+03-9.766540527340e-01-3.725290298460e-09 0.000000000000e+00
     9.449577636720e+03-2.922395706180e+00 0.000000000000e+00 4.000000000000e+00
    -2.248116699220e+04-9.062500000000e-01 9.313225746150e-10 0.000000000000e+00
R11 2019 08 15 12 15 00-7.607601583000e-05-9.094947017730e-13 3.888000000000e+05
    -9.443288085940e+03-9.896631240840e-01-2.793967723850e-09 0.000000000000e+00
     2.030704199220e+04 1.359910964970e+00-1.862645149230e-09 0.000000000000e+00
    -1.224221386720e+04 3.009085655210e+00 0.000000000000e+00 0.000000000000e+00
R12 2019 08 15 12 15 00 5.292426794767e-05 2.728484105319e-12 3.888000000000e+05
     3.743397460938e+03-1.936833381653e+00-9.313225746155e-10 0.000000000000e+00
     1.183616259766e+04 2.364237785339e+00-9.313225746155e-10-1.000000000000e+00
    -2.224826367188e+04 9.317750930786e-01 1.862645149231e-09 0.000000000000e+00
R26 2019 08 15 12 15 00-1.090485602617e-05 2.728484105319e-12 3.888000000000e+05
    -1.300803613281e+04-9.501476287842e-01-3.725290298462e-09 4.000000000000e+00
    -1.294901806641e+04-2.242176055908e+00 1.862645149231e-09-6.000000000000e+00
    -1.772171484375e+04 2.331972122192e+00 0.000000000000e+00 0.000000000000e+00
R16 2019 08 15 12 45 00 6.048940122128e-06 0.000000000000e+00 3.906000000000e+05
    -1.221626464844e+03 1.351929664612e+00 1.862645149231e-09 0.000000000000e+00
    -1.612752197266e+04-2.342088699341e+00 9.313225746155e-10-1.000000000000e+00
     1.974809521484e+04-1.817260742188e+00-9.313225746155e-10 0.000000000000e+00
R01 2019 08 15 12 45 00 4.819408059120e-05 0.000000000000e+00 3.906000000000e+05
     9.239311523438e+03-2.912223815918e+00 2.793967723846e-09 0.000000000000e+00
     1.056389013672e+04-1.393299102783e-01-1.862645149231e-09 1.000000000000e+00
     2.129898095703e+04 1.334025382996e+00-9.313225746155e-10 0.000000000000e+00
R02 2019 08 15 12 45 00 3.833770751953e-04 1.818989403546e-12 3.906000000000e+05
     2.448835839844e+04-8.082580566406e-01 4.656612873077e-09 0.000000000000e+00
     4.073260742188e+03-2.097759246826e-01-9.313225746155e-10-4.000000000000e+00
     6.022229003906e+03 3.446321487427e+00 9.313225746155e-10 0.000000000000e+00
R14 2019 08 15 12 45 00 4.196353256702e-05 0.000000000000e+00 3.906000000000e+05
     1.658063232422e+04-9.705743789673e-01 2.793967723846e-09 0.000000000000e+00
    -1.554289208984e+04 1.259447097778e+00 0.000000000000e+00-7.000000000000e+00
    -1.154450634766e+04-3.086755752563e+00 1.862645149231e-09 0.000000000000e+00
R15 2019 08 15 12 45 00 1.035351306200e-04 0.000000000000e+00 3.906000000000e+05
     1.115544335938e+04 2.812709808350e-01 3.725290298462e-09 0.000000000000e+00
    -2.223037158203e+04-7.388124465942e-01 9.313225746155e-10 0.000000000000e+00
     5.673817382813e+03-3.463951110840e+00 9.313225746155e-10 0.000000000000e+00
R17 2019 08 15 12 45 00 2.521099522710e-04 2.728484105319e-12 3.906000000000e+05
     1.006793603516e+04 1.453627586365e+00 3.725290298462e-09 0.000000000000e+00
    -3.623282226563e+03 2.820476531982e+00 0.000000000000e+00 4.000000000000e+00
     2.315585107422e+04-1.945676803589e-01-9.313225746155e-10 0.000000000000e+00
R18 2019 08 15 12 45 00 3.914348781109e-06 9.094947017729e-13 3.906000000000e+05
    -2.085449218750e+02 9.802913665771e-01 1.862645149231e-09 0.000000000000e+00
    -1.821930517578e+04 2.245026588440e+00 9.313225746155e-10-3.000000000000e+00
     1.783457177734e+04 2.310278892517e+00-9.313225746155e-10 0.000000000000e+00
R24 2019 08 15 12 45 00-1.836987212300e-04 0.000000000000e+00 3.906000000000e+05
     1.468207177734e+04 1.188577651978e+00 2.793967723846e-09 0.000000000000e+00
     1.225511376953e+04 1.995920181274e+00-1.862645149231e-09 2.000000000000e+00
     1.685314013672e+04-2.481255531311e+00 0.000000000000e+00 0.000000000000e+00
R03 2019 08 15 12 45 00 3.445893526077e-08 0.000000000000e+00 3.908400000000e+05
     2.242704443359e+04 1.563948631287e+00 2.793967723846e-09 0.000000000000e+00
    -4.370061035156e+03-6.876564025879e-02 0.000000000000e+00 5.000000000000e+00
    -1.134589501953e+04 3.102407455444e+00 2.793967723846e-09 0.000000000000e+00
R08 2019 08 15 12 45 00 1.619756221771e-05 0.000000000000e+00 3.906000000000e+05
    -7.534502929688e+03-3.021192550659e+00 0.000000000000e+00 0.000000000000e+00
     1.021278808594e+04-9.781742095947e-02-9.313225746155e-10 6.000000000000e+00
     2.217822363281e+04-9.844865798950e-01-2.793967723846e-09 0.000000000000e+00
R23 2019 08 15 12 45 00 2.474347129464e-04 1.818989403546e-12 3.906000000000e+05
     1.252524316406e+04 3.799886703491e-01 9.313225746155e-10 0.000000000000e+00
     2.204633447266e+04 2.330646514893e-01-2.793967723846e-09 3.000000000000e+00
     2.751680664063e+03-3.579113960266e+00 0.000000000000e+00 0.000000000000e+00
R13 2019 08 15 12 45 00-2.717040479180e-05 0.000000000000e+00 3.906000000000e+05
     1.247919726560e+04-1.654935836790e+00 0.000000000000e+00 0.000000000000e+00
    -9.201562500000e+01 2.556322097780e+00 0.000000000000e+00-2.000000000000e+00
    -2.225561425780e+04-9.400072097780e-01 2.793967723850e-09 0.000000000000e+00
R04 2019 08 15 12 45 00 3.177998587490e-04 9.094947017730e-13 3.921000000000e+05
     6.720641113280e+03 3.058942794800e+00 0.000000000000e+00 0.000000000000e+00
    -1.032767578130e+04 9.922504425050e-02 9.313225746150e-10 6.000000000000e+00
    -2.231953857420e+04 8.729715347290e-01 2.793967723850e-09 0.000000000000e+00
R09 2019 08 15 12 45 00 8.551497012377e-05 2.728484105319e-12 3.920700000000e+05
    -1.379805175781e+04 1.620403289795e+00 0.000000000000e+00 0.000000000000e+00
     2.194414550781e+03-2.428089141846e+00 0.000000000000e+00-2.000000000000e+00
     2.137644140625e+04 1.289479255676e+00-2.793967723846e-09 0.000000000000e+00
R19 2019 08 15 12 45 00-4.836451262240e-05-1.818989403550e-12 3.906900000000e+05
    -9.791454589840e+03-4.052066802980e-02 0.000000000000e+00 0.000000000000e+00
    -2.337059716800e+04 4.724674224850e-01 2.793967723850e-09 3.000000000000e+00
     2.968877929690e+03 3.577154159550e+00 0.000000000000e+00 0.000000000000e+00
R05 2019 08 15 12 45 00 3.388151526450e-05 9.094947017730e-13 3.922800000000e+05
    -1.167065625000e+04 2.777424812320e+00-2.793967723850e-09 0.000000000000e+00
    -1.007561767580e+04 2.131738662720e-01 1.862645149230e-09 1.000000000000e+00
    -2.030335156250e+04-1.703069686890e+00 9.313225746150e-10 0.000000000000e+00
R22 2019 08 15 12 45 00-3.317557275300e-05-9.094947017730e-13 3.906000000000e+05
     2.094481445310e+03-8.107795715330e-01-1.862645149230e-09 0.000000000000e+00
     1.997508593750e+04-2.011886596680e+00-1.862645149230e-09-3.000000000000e+00
    -1.580159619140e+04-2.640224456790e+00 9.313225746150e-10 0.000000000000e+00
R12 2019 08 15 12 45 00 5.292892456050e-05 2.728484105320e-12 3.913800000000e+05
     7.377817382810e+02-1.387264251710e+00-1.862645149230e-09 0.000000000000e+00
     1.610454394530e+04 2.330197334290e+00-9.313225746150e-10-1.000000000000e+00
    -1.972978710940e+04 1.848286628720e+00 9.313225746150e-10 0.000000000000e+00
R11 2019 08 15 12 45 00-7.607694715260e-05-9.094947017730e-13 3.920100000000e+05
    -1.064129492190e+04-3.586378097530e-01-3.725290298460e-09 0.000000000000e+00
     2.230102490230e+04 8.168830871580e-01-1.862645149230e-09 0.000000000000e+00
    -6.423346679690e+03 3.414369583130e+00 0.000000000000e+00 0.000000000000e+00
R06 2019 08 15 12 45 00 1.600608229640e-04 0.000000000000e+00 3.906000000000e+05
    -2.478604638670e+04 6.908426284790e-01-4.656612873080e-09 0.000000000000e+00
    -3.153536621090e+03 1.547021865840e-01 1.862645149230e-09-4.000000000000e+00
    -5.082412597660e+03-3.472896575930e+00-1.862645149230e-09 0.000000000000e+00
R20 2019 08 15 12 45 00-3.874702379110e-04-9.094947017730e-13 3.906000000000e+05
    -1.449171582030e+04-1.082472801210e+00-2.793967723850e-09 0.000000000000e+00
    -1.414419140630e+04-1.837970733640e+00 1.862645149230e-09 2.000000000000e+00
    -1.548494433590e+04 2.695127487180e+00 0.000000000000e+00 0.000000000000e+00
R07 2019 08 15 12 45 00-2.508331090210e-05 0.000000000000e+00 3.906000000000e+05
    -2.205529931640e+04-1.634711265560e+00-2.793967723850e-09 0.000000000000e+00
     4.649088378910e+03 5.886173248290e-02 0.000000000000e+00 5.000000000000e+00
     1.194171728520e+04-3.054602622990e+00-2.793967723850e-09 0.000000000000e+00
R21 2019 08 15 12 45 00-6.613042205570e-05-2.728484105320e-12 3.906000000000e+05
    -9.684636230470e+03-1.452169418330e+00-3.725290298460e-09 0.000000000000e+00
     4.226359863280e+03-2.830942153930e+00 0.000000000000e+00 4.000000000000e+00
    -2.322268994140e+04 8.758640289310e-02 9.313225746150e-10 0.000000000000e+00
R26 2019 08 15 12 45 00-1.090019941330e-05 2.728484105319e-12 3.908700000000e+05
    -1.477982128906e+04-9.754915237427e-01-2.793967723846e-09 1.000000000000e+00
    -1.632416162109e+04-1.487964630127e+00 2.793967723846e-09-6.000000000000e+00
    -1.289381933594e+04 2.997509956360e+00 0.000000000000e+00 0.000000000000e+00
R27 2019 08 15 12 45 00 5.190726369619e-05 2.728484105319e-12 3.906000000000e+05
     1.371106591797e+04-1.083469390869e-01 3.725290298462e-09 4.000000000000e+00
    -2.155501220703e+04-2.016363143921e-01 9.313225746155e-10-5.000000000000e+00
     8.131235351562e+02-3.575760841370e+00 9.313225746155e-10 0.000000000000e+00
R16 2019 08 15 13 15 00 6.047077476978e-06 0.000000000000e+00 3.924000000000e+05
     6.938588867188e+02 7.801132202148e-01 2.793967723846e-09 0.000000000000e+00
    -2.008928662109e+04-2.012817382813e+00 9.313225746155e-10-1.000000000000e+00
     1.575784277344e+04-2.587431907654e+00 0.000000000000e+00 0.000000000000e+00
R01 2019 08 15 13 15 00 4.819501191378e-05 0.000000000000e+00 3.924000000000e+05
     3.772604492188e+03-3.111769676208e+00 9.313225746155e-10 0.000000000000e+00
     1.070346875000e+04 3.024168014526e-01-9.313225746155e-10 1.000000000000e+00
     2.284593896484e+04 3.737125396729e-01-1.862645149231e-09 0.000000000000e+00
R02 2019 08 15 13 15 00 3.833808004856e-04 1.818989403546e-12 3.924000000000e+05
     2.227555175781e+04-1.629516601563e+00 3.725290298462e-09 0.000000000000e+00
     3.834263183594e+03-1.837348937988e-02-1.862645149231e-09-4.000000000000e+00
     1.191404003906e+04 3.057871818542e+00 0.000000000000e+00 0.000000000000e+00
R03 2019 08 15 13 15 00 3.539025783539e-08 0.000000000000e+00 3.924000000000e+05
     2.450598974609e+04 7.278709411621e-01 3.725290298462e-09 0.000000000000e+00
    -4.665218261719e+03-2.208766937256e-01-9.313225746155e-10 5.000000000000e+00
    -5.395316406250e+03 3.466370582581e+00 1.862645149231e-09 0.000000000000e+00
R15 2019 08 15 13 15 00 1.035360619426e-04 0.000000000000e+00 3.924000000000e+05
     1.120317138672e+04-1.953687667847e-01 3.725290298462e-09 0.000000000000e+00
    -2.290173535156e+04 1.767921447754e-02 9.313225746155e-10 0.000000000000e+00
    -7.000766601563e+02-3.572172164917e+00 9.313225746155e-10 0.000000000000e+00
R17 2019 08 15 13 15 00 2.521146088839e-04 2.728484105319e-12 3.924000000000e+05
     1.299218701172e+04 1.762063026428e+00 3.725290298462e-09 0.000000000000e+00
     1.141840820313e+03 2.433784484863e+00-9.313225746155e-10 4.000000000000e+00
     2.191499218750e+04-1.175337791443e+00 0.000000000000e+00 0.000000000000e+00
R18 2019 08 15 13 15 00 3.917142748833e-06 9.094947017729e-13 3.924000000000e+05
     2.094406250000e+03 1.574678421021e+00 2.793967723846e-09 0.000000000000e+00
    -1.394669140625e+04 2.452080726624e+00 0.000000000000e+00-3.000000000000e+00
     2.124912744141e+04 1.459148406982e+00-9.313225746155e-10 0.000000000000e+00
R24 2019 08 15 13 15 00-1.836996525526e-04 0.000000000000e+00 3.924000000000e+05
     1.676662646484e+04 1.082126617432e+00 1.862645149231e-09 0.000000000000e+00
     1.516498632813e+04 1.225625991821e+00-2.793967723846e-09 2.000000000000e+00
     1.179200390625e+04-3.105575561523e+00 0.000000000000e+00 0.000000000000e+00
R09 2019 08 15 13 15 00 8.551869541407e-05 1.818989403546e-12 3.941400000000e+05
    -1.110233398438e+04 1.342770576477e+00 0.000000000000e+00 0.000000000000e+00
    -2.561128417969e+03-2.817034721375e+00 0.000000000000e+00-2.000000000000e+00
     2.284388818359e+04 3.302898406982e-01-2.793967723846e-09 0.000000000000e+00
R23 2019 08 15 13 15 00 2.474393695593e-04 1.818989403546e-12 3.924000000000e+05
     1.281535156250e+04-9.362506866455e-02 0.000000000000e+00 0.000000000000e+00
     2.174044970703e+04-5.503625869751e-01-2.793967723846e-09 3.000000000000e+00
    -3.713880371094e+03-3.558178901672e+00 9.313225746155e-10 0.000000000000e+00
R14 2019 08 15 13 15 00 4.196353256700e-05 0.000000000000e+00 3.924000000000e+05
     1.470664257810e+04-1.068083763120e+00 1.862645149230e-09 0.000000000000e+00
    -1.258812451170e+04 2.011260986330e+00 0.000000000000e+00-7.000000000000e+00
    -1.658145410160e+04-2.473423957820e+00 2.793967723850e-09 0.000000000000e+00
R04 2019 08 15 13 15 00 3.178026527170e-04 9.094947017730e-13 3.924000000000e+05
     1.195732275390e+04 2.711958885190e+00 9.313225746150e-10 0.000000000000e+00
    -1.053661181640e+04-3.149986267090e-01 0.000000000000e+00 6.000000000000e+00
    -1.990460644530e+04 1.792783737180e+00 2.793967723850e-09 0.000000000000e+00
R08 2019 08 15 13 15 00 1.619756221771e-05 0.000000000000e+00 3.924000000000e+05
    -1.268169482422e+04-2.651204109192e+00-9.313225746155e-10 0.000000000000e+00
     1.041944580078e+04 3.099813461304e-01 0.000000000000e+00 6.000000000000e+00
     1.957594873047e+04-1.888378143311e+00-2.793967723846e-09 0.000000000000e+00
R13 2019 08 15 13 15 00-2.717040479180e-05 0.000000000000e+00 3.924000000000e+05
     9.785395996090e+03-1.309218406680e+00 0.000000000000e+00 0.000000000000e+00
     4.831244628910e+03 2.871168136600e+00 0.000000000000e+00-2.000000000000e+00
    -2.306642724610e+04 4.490280151370e-02 1.862645149230e-09 0.000000000000e+00
R05 2019 08 15 13 15 00 3.388244658710e-05 9.094947017730e-13 3.924000000000e+05
    -6.352009765630e+03 3.082981109620e+00-1.862645149230e-09 0.000000000000e+00
    -1.007422851560e+04-2.250690460210e-01 1.862645149230e-09 1.000000000000e+00
    -2.254319189450e+04-7.695007324220e-01 1.862645149230e-09 0.000000000000e+00
R22 2019 08 15 13 15 00-3.317743539810e-05-9.094947017730e-13 3.924000000000e+05
     8.390478515630e+01-1.425599098210e+00-2.793967723850e-09 0.000000000000e+00
     1.603038769530e+04-2.322278976440e+00-9.313225746150e-10-3.000000000000e+00
    -1.988512011720e+04-1.867516517640e+00 9.313225746150e-10 0.000000000000e+00
R11 2019 08 15 13 15 00-7.607880979780e-05 0.000000000000e+00 3.924000000000e+05
    -1.082371191410e+04 1.244955062870e-01-3.725290298460e-09 0.000000000000e+00
     2.312971093750e+04 7.814788818360e-02-9.313225746150e-10 0.000000000000e+00
    -1.090229492190e+02 3.556103706360e+00-9.313225746150e-10 0.000000000000e+00
R12 2019 08 15 13 15 00 5.293451249600e-05 2.728484105320e-12 3.924000000000e+05
    -1.228543457030e+03-8.007411956790e-01-2.793967723850e-09 0.000000000000e+00
     2.004890820310e+04 2.004466056820e+00-9.313225746150e-10-1.000000000000e+00
    -1.568078759770e+04 2.621253013610e+00 0.000000000000e+00 0.000000000000e+00
R06 2019 08 15 13 15 00 1.600617542860e-04 0.000000000000e+00 3.924000000000e+05
    -2.278102880860e+04 1.517273902890e+00-4.656612873080e-09 0.000000000000e+00
    -3.012218261720e+03-3.476047515870e-02 2.793967723850e-09-4.000000000000e+00
    -1.105603710940e+04-3.121338844300e+00-9.313225746150e-10 0.000000000000e+00
R07 2019 08 15 13 15 00-2.508517354730e-05 0.000000000000e+00 3.924000000000e+05
    -2.427198242190e+04-8.084373474120e-01-3.725290298460e-09 0.000000000000e+00
     4.935577148440e+03 2.215356826780e-01 9.313225746150e-10 5.000000000000e+00
     6.052617675780e+03-3.446405410770e+00-2.793967723850e-09 0.000000000000e+00
R20 2019 08 15 13 15 00-3.874730318780e-04-9.094947017730e-13 3.924000000000e+05
    -1.635322167970e+04-9.403553009030e-01-1.862645149230e-09 0.000000000000e+00
    -1.674313427730e+04-1.041280746460e+00 2.793967723850e-09 2.000000000000e+00
    -1.009667675780e+04 3.252919197080e+00 0.000000000000e+00 0.000000000000e+00
R21 2019 08 15 13 15 00-6.613507866860e-05-1.818989403550e-12 3.924000000000e+05
    -1.262224267580e+04-1.779194831850e+00-3.725290298460e-09 0.000000000000e+00
    -5.744775390630e+02-2.462015151980e+00 1.862645149230e-09 4.000000000000e+00
    -2.217024072270e+04 1.074137687680e+00 9.313225746150e-10 0.000000000000e+00
R26 2019 08 15 13 15 00-1.089461147785e-05 2.728484105319e-12 3.924300000000e+05
    -1.635922363281e+04-7.347755432129e-01-1.862645149231e-09 1.000000000000e+00
    -1.826873486328e+04-6.723670959473e-01 2.793967723846e-09-6.000000000000e+00
    -7.070068847656e+03 3.431335449219e+00 0.000000000000e+00 0.000000000000e+00
R27 2019 08 15 13 15 00 5.191285163164e-05 2.728484105319e-12 3.924000000000e+05
     1.312162255859e+04-5.080490112305e-01 2.793967723846e-09 4.000000000000e+00
    -2.120807324219e+04 6.028223037720e-01 0.000000000000e+00-5.000000000000e+00
    -5.571804199219e+03-3.472780227661e+00 1.862645149231e-09 0.000000000000e+00
R19 2019 08 15 13 15 00-4.836916923523e-05-1.818989403546e-12 3.924000000000e+05
    -9.398329101562e+03 5.061626434326e-01 9.313225746155e-10 0.000000000000e+00
    -2.185458447266e+04 1.179504394531e+00 1.862645149231e-09 3.000000000000e+00
     9.209834960938e+03 3.312216758728e+00-9.313225746155e-10 0.000000000000e+00
R16 2019 08 15 13 45 00 6.046146154404e-06 0.000000000000e+00 3.942000000000e+05
     1.631771484375e+03 2.827014923096e-01 3.725290298462e-09 0.000000000000e+00
    -2.321608154297e+04-1.422318458557e+00 0.000000000000e+00-1.000000000000e+00
     1.055385498047e+04-3.157270431519e+00 0.000000000000e+00 0.000000000000e+00
R01 2019 08 15 13 45 00 4.819687455893e-05 0.000000000000e+00 3.942000000000e+05
    -1.779433593750e+03-3.006834030151e+00 0.000000000000e+00 0.000000000000e+00
     1.164917773438e+04 7.384748458862e-01-9.313225746155e-10 1.000000000000e+00
     2.262715380859e+04-6.151838302612e-01-1.862645149231e-09 0.000000000000e+00
R02 2019 08 15 13 45 00 3.833854570985e-04 1.818989403546e-12 3.942000000000e+05
     1.872766064453e+04-2.275753974915e+00 2.793967723846e-09 0.000000000000e+00
     4.124816894531e+03 3.679637908936e-01-2.793967723846e-09-4.000000000000e+00
     1.688921679688e+04 2.434436798096e+00 0.000000000000e+00 0.000000000000e+00
R03 2019 08 15 13 45 00 3.725290298462e-08 9.094947017729e-13 3.942000000000e+05
     2.501660253906e+04-1.592760086060e-01 3.725290298462e-09 0.000000000000e+00
    -5.019956542969e+03-1.323947906494e-01-1.862645149231e-09 5.000000000000e+00
     9.718823242188e+02 3.562436103821e+00 1.862645149231e-09 0.000000000000e+00
R15 2019 08 15 13 45 00 1.035360619426e-04 0.000000000000e+00 3.942000000000e+05
     1.058729785156e+04-4.481096267700e-01 2.793967723846e-09 0.000000000000e+00
    -2.210877978516e+04 8.701295852661e-01 0.000000000000e+00 0.000000000000e+00
    -7.019744628906e+03-3.404022216797e+00 1.862645149231e-09 0.000000000000e+00
R17 2019 08 15 13 45 00 2.521201968193e-04 2.728484105319e-12 3.942000000000e+05
     1.626925927734e+04 1.834941864014e+00 2.793967723846e-09 0.000000000000e+00
     5.018955078125e+03 1.849084854126e+00-2.793967723846e-09 4.000000000000e+00
     1.897889208984e+04-2.065905570984e+00 0.000000000000e+00 0.000000000000e+00
R18 2019 08 15 13 45 00 3.919005393982e-06 9.094947017729e-13 3.942000000000e+05
     5.412232910156e+03 2.089282989502e+00 3.725290298462e-09 0.000000000000e+00
    -9.570185546875e+03 2.363438606262e+00-9.313225746155e-10-3.000000000000e+00
     2.302013085938e+04 4.960079193115e-01-9.313225746155e-10 0.000000000000e+00
R24 2019 08 15 13 45 00-1.837005838752e-04 0.000000000000e+00 3.942000000000e+05
     1.841485644531e+04 7.058181762695e-01 9.313225746155e-10 0.000000000000e+00
     1.666132373047e+04 4.451665878296e-01-2.793967723846e-09 2.000000000000e+00
     5.817935058594e+03-3.489084243774e+00 0.000000000000e+00 0.000000000000e+00
R09 2019 08 15 13 45 00 8.552242070436e-05 1.818989403546e-12 3.942300000000e+05
    -9.053656738281e+03 9.166278839111e-01 9.313225746155e-10 0.000000000000e+00
    -7.788148925781e+03-2.942703247070e+00 0.000000000000e+00-2.000000000000e+00
     2.254946337891e+04-6.555223464966e-01-1.862645149231e-09 0.000000000000e+00
R04 2019 08 15 13 45 00 3.178054466844e-04 9.094947017729e-13 3.959400000000e+05
     1.633008447266e+04 2.110254287720e+00 1.862645149231e-09 0.000000000000e+00
    -1.137463671875e+04-5.850496292114e-01 0.000000000000e+00 6.000000000000e+00
    -1.594919238281e+04 2.573503494263e+00 2.793967723846e-09 0.000000000000e+00
R14 2019 08 15 13 45 00 4.196353256700e-05 0.000000000000e+00 3.942000000000e+05
     1.288423876950e+04-9.191932678220e-01 9.313225746150e-10 0.000000000000e+00
    -8.380129394530e+03 2.634028434750e+00 0.000000000000e+00-7.000000000000e+00
    -2.033354003910e+04-1.668442726140e+00 2.793967723850e-09 0.000000000000e+00
R23 2019 08 15 13 45 00 2.474440261720e-04 1.818989403550e-12 3.942000000000e+05
     1.208137939450e+04-7.441225051880e-01-9.313225746150e-10 0.000000000000e+00
     2.017500048830e+04-1.151604652400e+00-1.862645149230e-09 3.000000000000e+00
    -9.892283203130e+03-3.262162208560e+00 9.313225746150e-10 0.000000000000e+00
R05 2019 08 15 13 45 00 3.388337790970e-05 9.094947017730e-13 3.942000000000e+05
    -7.567705078130e+02 3.082041740420e+00 0.000000000000e+00 0.000000000000e+00
    -1.090199267580e+04-6.899938583370e-01 9.313225746150e-10 1.000000000000e+00
    -2.303789550780e+04 2.233476638790e-01 1.862645149230e-09 0.000000000000e+00
R13 2019 08 15 13 45 00-2.717133611440e-05 0.000000000000e+00 3.942000000000e+05
     7.841557617190e+03-8.382253646850e-01-9.313225746150e-10 0.000000000000e+00
     1.007440087890e+04 2.904478073120e+00 0.000000000000e+00-2.000000000000e+00
    -2.209616796880e+04 1.026152610780e+00 1.862645149230e-09 0.000000000000e+00
R12 2019 08 15 13 45 00 5.294010043140e-05 2.728484105320e-12 3.942000000000e+05
    -2.188750976560e+03-2.867574691770e-01-3.725290298460e-09 0.000000000000e+00
     2.315962158200e+04 1.411863327030e+00-9.313225746150e-10-1.000000000000e+00
    -1.041573876950e+04 3.190655708310e+00 0.000000000000e+00 0.000000000000e+00
R11 2019 08 15 13 45 00-7.608067244290e-05 0.000000000000e+00 3.942000000000e+05
    -1.032379931640e+04 3.911790847780e-01-3.725290298460e-09 0.000000000000e+00
     2.252009863280e+04-7.637071609500e-01 0.000000000000e+00 0.000000000000e+00
     6.213748535160e+03 3.423748970030e+00-1.862645149230e-09 0.000000000000e+00
R07 2019 08 15 13 45 00-2.508610486980e-05 0.000000000000e+00 3.942000000000e+05
    -2.492850488280e+04 7.948112487790e-02-3.725290298460e-09 0.000000000000e+00
     5.301700683590e+03 1.441888809200e-01 2.793967723850e-09 5.000000000000e+00
    -3.050156250000e+02-3.571694374080e+00-1.862645149230e-09 0.000000000000e+00
R06 2019 08 15 13 45 00 1.600626856090e-04 0.000000000000e+00 3.942000000000e+05
    -1.942531738280e+04 2.175501823430e+00-3.725290298460e-09 0.000000000000e+00
    -3.395795898440e+03-4.181814193730e-01 2.793967723850e-09-4.000000000000e+00
    -1.617405664060e+04-2.528451919560e+00 0.000000000000e+00 0.000000000000e+00
R21 2019 08 15 13 45 00-6.613880395890e-05-1.818989403550e-12 3.942000000000e+05
    -1.594984814450e+04-1.874334335330e+00-2.793967723850e-09 0.000000000000e+00
    -4.513461425780e+03-1.888366699220e+00 2.793967723850e-09 4.000000000000e+00
    -1.940591992190e+04 1.977364540100e+00 0.000000000000e+00 0.000000000000e+00
R20 2019 08 15 13 45 00-3.874758258460e-04-9.094947017730e-13 3.942000000000e+05
    -1.771610156250e+04-5.316724777220e-01 0.000000000000e+00 0.000000000000e+00
    -1.789841064450e+04-2.537517547610e-01 2.793967723850e-09 2.000000000000e+00
    -3.925989257810e+03 3.558780670170e+00 0.000000000000e+00 0.000000000000e+00
R08 2019 08 15 13 45 00 1.619849354030e-05 0.000000000000e+00 3.945000000000e+05
    -1.692911328130e+04-2.032935142520e+00-2.793967723850e-09 0.000000000000e+00
     1.123840917970e+04 5.681667327880e-01 9.313225746150e-10 6.000000000000e+00
     1.546697314450e+04-2.647776603700e+00-2.793967723850e-09 0.000000000000e+00
R22 2019 08 15 13 45 00-3.318022936580e-05-9.094947017730e-13 3.959700000000e+05
    -3.011793945310e+03-1.997369766240e+00-3.725290298460e-09 0.000000000000e+00
     1.179319238280e+04-2.337080001830e+00 0.000000000000e+00-3.000000000000e+00
    -2.243731835940e+04-9.496307373050e-01 9.313225746150e-10 0.000000000000e+00
R26 2019 08 15 13 45 00-1.088995486498e-05 2.728484105319e-12 3.942300000000e+05
    -1.727280957031e+04-2.419023513794e-01 0.000000000000e+00 1.000000000000e+00
    -1.877878222656e+04 8.684253692627e-02 2.793967723846e-09-6.000000000000e+00
    -7.004350585938e+02 3.600144386292e+00 0.000000000000e+00 0.000000000000e+00
R27 2019 08 15 13 45 00 5.191750824451e-05 2.728484105319e-12 3.942000000000e+05
     1.203147753906e+04-6.602754592896e-01 2.793967723846e-09 4.000000000000e+00
    -1.936230664062e+04 1.444538116455e+00 0.000000000000e+00-5.000000000000e+00
    -1.152808105469e+04-3.102474212646e+00 1.862645149231e-09 0.000000000000e+00
R19 2019 08 15 13 45 00-4.837289452553e-05-1.818989403546e-12 3.942000000000e+05
    -7.893504882812e+03 1.178256034851e+00 1.862645149231e-09 0.000000000000e+00
    -1.926452685547e+04 1.654302597046e+00 9.313225746155e-10 3.000000000000e+00
     1.473878222656e+04 2.791155815125e+00-9.313225746155e-10 0.000000000000e+00
R16 2019 08 15 14 15 00 6.046146154404e-06 0.000000000000e+00 3.960000000000e+05
     1.810982421875e+03-5.013084411621e-02 3.725290298462e-09 0.000000000000e+00
    -2.509257812500e+04-6.377811431885e-01 0.000000000000e+00-1.000000000000e+00
     4.538077148438e+03-3.483722686768e+00 9.313225746155e-10 0.000000000000e+00
R02 2019 08 15 14 15 00 3.833901137114e-04 1.818989403546e-12 3.960000000000e+05
     1.423627197266e+04-2.667603492737e+00 1.862645149231e-09 0.000000000000e+00
     5.228350585938e+03 8.692235946655e-01-2.793967723846e-09-4.000000000000e+00
     2.056547900391e+04 1.623920440674e+00-9.313225746155e-10 0.000000000000e+00
R03 2019 08 15 14 15 00 3.911554813385e-08 9.094947017729e-13 3.960000000000e+05
     2.397186767578e+04-9.813747406006e-01 3.725290298462e-09 0.000000000000e+00
    -5.000925781250e+03 1.894769668579e-01-2.793967723846e-09 5.000000000000e+00
     7.264250000000e+03 3.383870124817e+00 9.313225746155e-10 0.000000000000e+00
R04 2019 08 15 14 15 00 3.178082406521e-04 9.094947017729e-13 3.960000000000e+05
     1.945151123047e+04 1.338163375854e+00 2.793967723846e-09 0.000000000000e+00
    -1.251202783203e+04-6.384754180908e-01-1.862645149231e-09 6.000000000000e+00
    -1.075994433594e+04 3.154829978943e+00 2.793967723846e-09 0.000000000000e+00
R09 2019 08 15 14 15 00 8.552614599466e-05 1.818989403546e-12 3.960000000000e+05
    -7.831903808594e+03 4.416418075562e-01 1.862645149231e-09 0.000000000000e+00
    -1.297541552734e+04-2.770832061768e+00 0.000000000000e+00-2.000000000000e+00
     2.051366796875e+04-1.592015266418e+00-9.313225746155e-10 0.000000000000e+00
R17 2019 08 15 14 15 00 2.521257847548e-04 2.728484105319e-12 3.960000000000e+05
     1.942975000000e+04 1.628997802734e+00 1.862645149231e-09 0.000000000000e+00
     7.741402832031e+03 1.169529914856e+00-2.793967723846e-09 4.000000000000e+00
     1.457358642578e+04-2.797125816345e+00 0.000000000000e+00 0.000000000000e+00
R18 2019 08 15 14 15 00 3.921799361706e-06 9.094947017729e-13 3.960000000000e+05
     9.505204101563e+03 2.420439720154e+00 2.793967723846e-09 0.000000000000e+00
    -5.592237792969e+03 2.019589424133e+00-1.862645149231e-09-3.000000000000e+00
     2.301223974609e+04-5.045738220215e-01-9.313225746155e-10 0.000000000000e+00
R24 2019 08 15 14 15 00-1.837005838752e-04 0.000000000000e+00 3.960000000000e+05
     1.916605419922e+04 9.505653381348e-02 0.000000000000e+00 0.000000000000e+00
     1.683038916016e+04-2.313461303711e-01-2.793967723846e-09 2.000000000000e+00
    -6.062182617188e+02-3.602498054504e+00 0.000000000000e+00 0.000000000000e+00
R19 2019 08 15 14 15 00-4.837755113840e-05-1.818989403546e-12 3.962100000000e+05
    -5.146231445313e+03 1.867388725281e+00 2.793967723846e-09 0.000000000000e+00
    -1.606796923828e+04 1.849228858948e+00 0.000000000000e+00 3.000000000000e+00
     1.912811669922e+04 2.054192543030e+00-9.313225746155e-10 0.000000000000e+00
R01 2019 08 15 14 15 00 4.819780588150e-05 0.000000000000e+00 3.960000000000e+05
    -6.881479492188e+03-2.619134902954e+00-9.313225746155e-10 0.000000000000e+00
     1.329582373047e+04 1.064885139465e+00 0.000000000000e+00 1.000000000000e+00
     2.066000830078e+04-1.556322097778e+00-2.793967723846e-09 0.000000000000e+00
R14 2019 08 15 14 15 00 4.196446388960e-05 0.000000000000e+00 3.960000000000e+05
     1.151265234380e+04-5.795669555660e-01 0.000000000000e+00 0.000000000000e+00
    -3.241084472660e+03 3.032143592830e+00 0.000000000000e+00-7.000000000000e+00
    -2.251016845700e+04-7.343349456790e-01 2.793967723850e-09 0.000000000000e+00
R15 2019 08 15 14 15 00 1.035360619430e-04 0.000000000000e+00 3.960000000000e+05
     9.740637695310e+03-4.512910842900e-01 2.793967723850e-09 0.000000000000e+00
    -1.978033593750e+04 1.704143524170e+00 0.000000000000e+00 0.000000000000e+00
    -1.279590966800e+04-2.972156524660e+00 1.862645149230e-09 0.000000000000e+00
R23 2019 08 15 14 15 00 2.474477514620e-04 1.818989403550e-12 3.960000000000e+05
     1.008810351560e+04-1.474700927730e+00-1.862645149230e-09 0.000000000000e+00
     1.774706591800e+04-1.500330924990e+00-9.313225746150e-10 3.000000000000e+00
    -1.530610400390e+04-2.714197158810e+00 9.313225746150e-10 0.000000000000e+00
R05 2019 08 15 14 15 00 3.388430923220e-05 9.094947017730e-13 3.977100000000e+05
     4.562985351560e+03 2.782041549680e+00 9.313225746150e-10 0.000000000000e+00
    -1.250908105470e+04-1.073481559750e+00 0.000000000000e+00 1.000000000000e+00
    -2.174974365230e+04 1.198571205140e+00 2.793967723850e-09 0.000000000000e+00
R11 2019 08 15 14 15 00-7.608160376549e-05 0.000000000000e+00 3.976500000000e+05
    -9.563333496094e+03 4.129295349121e-01-2.793967723846e-09 0.000000000000e+00
     2.038535302734e+04-1.597209930420e+00 0.000000000000e+00 0.000000000000e+00
     1.205786865234e+04 3.027730941772e+00-2.793967723846e-09 0.000000000000e+00
R12 2019 08 15 14 15 00 5.294568836690e-05 2.728484105320e-12 3.960000000000e+05
    -2.360755859380e+03 6.184959411620e-02-3.725290298460e-09 0.000000000000e+00
     2.501152392580e+04 6.202039718630e-01 0.000000000000e+00-1.000000000000e+00
    -4.343369140630e+03 3.512476921080e+00-9.313225746150e-10 0.000000000000e+00
R13 2019 08 15 14 15 00-2.717226743700e-05 0.000000000000e+00 3.960000000000e+05
     6.779541015630e+03-3.476581573490e-01-2.793967723850e-09 0.000000000000e+00
     1.510482177730e+04 2.635123252870e+00 0.000000000000e+00-2.000000000000e+00
    -1.941996777340e+04 1.928126335140e+00 9.313225746150e-10 0.000000000000e+00
R07 2019 08 15 14 15 00-2.508796751500e-05-9.094947017730e-13 3.960000000000e+05
    -2.401924072270e+04 9.120855331420e-01-3.725290298460e-09 0.000000000000e+00
     5.312069335940e+03-1.693067550660e-01 3.725290298460e-09 5.000000000000e+00
    -6.638925781250e+03-3.420122146610e+00-9.313225746150e-10 0.000000000000e+00
R21 2019 08 15 14 15 00-6.614252924920e-05-1.818989403550e-12 3.960000000000e+05
    -1.920199902340e+04-1.691273689270e+00-1.862645149230e-09 0.000000000000e+00
    -7.310800781250e+03-1.212143898010e+00 3.725290298460e-09 4.000000000000e+00
    -1.514368066410e+04 2.727735519410e+00 0.000000000000e+00 0.000000000000e+00
R06 2019 08 15 14 15 00 1.600636169310e-04 0.000000000000e+00 3.960000000000e+05
    -1.509937060550e+04 2.584807395940e+00-1.862645149230e-09 0.000000000000e+00
    -4.587536621090e+03-9.172563552860e-01 2.793967723850e-09-4.000000000000e+00
    -2.004104785160e+04-1.740377426150e+00 9.313225746150e-10 0.000000000000e+00
R20 2019 08 15 14 15 00-3.874776884910e-04-9.094947017730e-13 3.960000000000e+05
    -1.813186132810e+04 1.012763977050e-01 9.313225746150e-10 0.000000000000e+00
    -1.773032226560e+04 4.117879867550e-01 1.862645149230e-09 2.000000000000e+00
     2.549004394530e+03 3.588818550110e+00 0.000000000000e+00 0.000000000000e+00
R08 2019 08 15 14 15 00 1.619849354030e-05 0.000000000000e+00 3.960000000000e+05
    -1.990206347660e+04-1.251801490780e+00-2.793967723850e-09 0.000000000000e+00
     1.233223876950e+04 6.066617965700e-01 1.862645149230e-09 6.000000000000e+00
     1.016615917970e+04-3.204009056090e+00-2.793967723850e-09 0.000000000000e+00
R22 2019 08 15 14 15 00-3.318302333350e-05-9.094947017730e-13 3.960000000000e+05
    -7.014477539060e+03-2.416275978090e+00-3.725290298460e-09 0.000000000000e+00
     7.780421386720e+03-2.080790519710e+00 1.862645149230e-09-3.000000000000e+00
    -2.325862939450e+04 4.331207275390e-02 9.313225746150e-10 0.000000000000e+00
R27 2019 08 15 14 15 00 5.192309617996e-05 2.728484105319e-12 3.971400000000e+05
     1.089615527344e+04-5.614748001099e-01 1.862645149231e-09 4.000000000000e+00
    -1.605540332031e+04 2.207121849060e+00 0.000000000000e+00-5.000000000000e+00
    -1.659668750000e+04-2.492744445801e+00 2.793967723846e-09 0.000000000000e+00
R26 2019 08 15 14 15 00-1.088529825211e-05 2.728484105319e-12 3.960300000000e+05
    -1.711314746094e+04 4.446401596069e-01 9.313225746155e-10 1.000000000000e+00
    -1.805338574219e+04 6.849308013916e-01 1.862645149231e-09-6.000000000000e+00
     5.723278808594e+03 3.491053581238e+00-9.313225746155e-10 0.000000000000e+00
R19 2019 08 15 14 45 00-4.838127642870e-05-1.818989403546e-12 3.978000000000e+05
    -1.230436035156e+03 2.457706451416e+00 2.793967723846e-09 0.000000000000e+00
    -1.277680566406e+04 1.763217926025e+00-9.313225746155e-10 3.000000000000e+00
     2.203824365234e+04 1.158259391785e+00-9.313225746155e-10 0.000000000000e+00
R02 2019 08 15 14 45 00 3.833947703242e-04 1.818989403546e-12 3.978000000000e+05
     9.301886718750e+03-2.764994621277e+00 9.313225746155e-10 0.000000000000e+00
     7.261451660156e+03 1.382681846619e+00-1.862645149231e-09-4.000000000000e+00
     2.266009179688e+04 6.883287429810e-01-9.313225746155e-10 0.000000000000e+00
R03 2019 08 15 14 45 00 4.097819328308e-08 9.094947017729e-13 3.978000000000e+05
     2.158582666016e+04-1.634147644043e+00 2.793967723846e-09 0.000000000000e+00
    -4.227289550781e+03 6.944179534912e-01-3.725290298462e-09 5.000000000000e+00
     1.299720947266e+04 2.944960594177e+00 0.000000000000e+00 0.000000000000e+00
R04 2019 08 15 14 45 00 3.178110346198e-04 9.094947017729e-13 3.978000000000e+05
     2.111028759766e+04 5.043230056763e-01 2.793967723846e-09 0.000000000000e+00
    -1.352196728516e+04-4.414539337158e-01-2.793967723846e-09 6.000000000000e+00
    -4.738683105469e+03 3.491996765137e+00 1.862645149231e-09 0.000000000000e+00
R09 2019 08 15 14 45 00 8.553080260754e-05 1.818989403546e-12 3.978000000000e+05
    -7.429336425781e+03 2.359580993652e-02 2.793967723846e-09 0.000000000000e+00
    -1.759022363281e+04-2.312254905701e+00 0.000000000000e+00-2.000000000000e+00
     1.689151318359e+04-2.406638145447e+00 0.000000000000e+00 0.000000000000e+00
R16 2019 08 15 14 45 00 6.047077476978e-06 0.000000000000e+00 3.978000000000e+05
     1.585871093750e+03-1.600866317749e-01 3.725290298462e-09 0.000000000000e+00
    -2.545420703125e+04 2.427072525024e-01 0.000000000000e+00-1.000000000000e+00
    -1.826433593750e+03-3.542337417603e+00 9.313225746155e-10 0.000000000000e+00
R17 2019 08 15 14 45 00 2.521304413676e-04 2.728484105319e-12 3.978000000000e+05
     2.196691064453e+04 1.146722793579e+00 9.313225746155e-10 0.000000000000e+00
     9.241177246094e+03 5.095672607422e-01-2.793967723846e-09 4.000000000000e+00
     9.039362792969e+03-3.312038421631e+00 0.000000000000e+00 0.000000000000e+00
R18 2019 08 15 14 45 00 3.924593329430e-06 9.094947017729e-13 3.978000000000e+05
     1.396893798828e+04 2.491497039795e+00 2.793967723846e-09 0.000000000000e+00
    -2.405488281250e+03 1.500232696533e+00-2.793967723846e-09-3.000000000000e+00
     2.122757177734e+04-1.465420722961e+00 0.000000000000e+00 0.000000000000e+00
R24 2019 08 15 14 45 00-1.837015151978e-04 0.000000000000e+00 3.978000000000e+05
     1.866187500000e+04-6.733560562134e-01-9.313225746155e-10 0.000000000000e+00
     1.594726904297e+04-7.111034393311e-01-1.862645149231e-09 2.000000000000e+00
    -6.983599121094e+03-3.437538146973e+00 9.313225746155e-10 0.000000000000e+00
R15 2019 08 15 14 45 00 1.035351306200e-04 0.000000000000e+00 3.978000000000e+05
     9.101448730470e+03-2.245597839360e-01 9.313225746150e-10 0.000000000000e+00
    -1.605382958980e+04 2.405518531800e+00 0.000000000000e+00 0.000000000000e+00
    -1.758084863280e+04-2.309802055360e+00 2.793967723850e-09 0.000000000000e+00
R14 2019 08 15 14 45 00 4.196446388960e-05 0.000000000000e+00 3.978000000000e+05
     1.085966162110e+04-1.374158859250e-01-9.313225746150e-10 0.000000000000e+00
     2.362210449220e+03 3.142765998840e+00 0.000000000000e+00-7.000000000000e+00
    -2.294309619140e+04 2.563753128050e-01 1.862645149230e-09 0.000000000000e+00
R05 2019 08 15 14 45 00 3.388524055480e-05 9.094947017730e-13 3.978000000000e+05
     9.109868652340e+03 2.235424041750e+00 9.313225746150e-10 0.000000000000e+00
    -1.465991455080e+04-1.280283927920e+00 0.000000000000e+00 1.000000000000e+00
    -1.877902294920e+04 2.080732345580e+00 2.793967723850e-09 0.000000000000e+00
R01 2019 08 15 14 45 00 4.819873720407e-05 0.000000000000e+00 3.978000000000e+05
    -1.107632666016e+04-2.012522697449e+00-1.862645149231e-09 0.000000000000e+00
     1.536469580078e+04 1.195631027222e+00 9.313225746155e-10 1.000000000000e+00
     1.709679785156e+04-2.377101898193e+00-2.793967723846e-09 0.000000000000e+00
R11 2019 08 15 14 45 00-7.608346641064e-05 0.000000000000e+00 3.978000000000e+05
    -8.975523925781e+03 2.056322097778e-01-1.862645149231e-09 0.000000000000e+00
     1.684304199219e+04-2.309788703918e+00 0.000000000000e+00 0.000000000000e+00
     1.697332861328e+04 2.398561477661e+00-2.793967723846e-09 0.000000000000e+00
R12 2019 08 15 14 45 00 5.295127630230e-05 3.637978807090e-12 3.978000000000e+05
    -2.102520019530e+03 1.845188140870e-01-3.725290298460e-09 0.000000000000e+00
     2.533264648440e+04-2.704200744630e-01 0.000000000000e+00-1.000000000000e+00
     2.065441894530e+03 3.562121391300e+00-1.862645149230e-09 0.000000000000e+00
R23 2019 08 15 14 45 00 2.474524080750e-04 1.818989403550e-12 3.978000000000e+05
     6.793078613280e+03-2.170949935910e+00-2.793967723850e-09 0.000000000000e+00
     1.494250732420e+04-1.569491386410e+00 0.000000000000e+00 3.000000000000e+00
    -1.953742431640e+04-1.956823349000e+00 9.313225746150e-10 0.000000000000e+00
R13 2019 08 15 14 45 00-2.717226743700e-05 0.000000000000e+00 3.978000000000e+05
     6.537580078130e+03 5.615711212160e-02-2.793967723850e-09 0.000000000000e+00
     1.939342968750e+04 2.088191032410e+00 0.000000000000e+00-2.000000000000e+00
    -1.524442236330e+04 2.681303024290e+00 0.000000000000e+00 0.000000000000e+00
R07 2019 08 15 14 45 00-2.508983016010e-05-9.094947017730e-13 3.978000000000e+05
    -2.174297412110e+04 1.582320213320e+00-2.793967723850e-09 0.000000000000e+00
     4.578493164060e+03-6.710748672490e-01 3.725290298460e-09 5.000000000000e+00
    -1.245770019530e+04-3.002996444700e+00 0.000000000000e+00 0.000000000000e+00
R21 2019 08 15 14 45 00-6.614625453950e-05-1.818989403550e-12 3.978000000000e+05
    -2.187000195310e+04-1.229065895080e+00-9.313225746150e-10 0.000000000000e+00
    -8.884465820310e+03-5.478391647340e-01 3.725290298460e-09 4.000000000000e+00
    -9.712754882810e+03 3.267512321470e+00 0.000000000000e+00 0.000000000000e+00
R06 2019 08 15 14 45 00 1.600654795770e-04 0.000000000000e+00 3.978000000000e+05
    -1.029534130860e+04 2.703435897830e+00-9.313225746150e-10 0.000000000000e+00
    -6.706569335940e+03-1.430548667910e+00 1.862645149230e-09-4.000000000000e+00
    -2.235877587890e+04-8.182458877560e-01 1.862645149230e-09 0.000000000000e+00
R08 2019 08 15 14 45 00 1.619756221770e-05 0.000000000000e+00 3.978000000000e+05
    -2.140304199220e+04-4.166097640990e-01-2.793967723850e-09 0.000000000000e+00
     1.327094628910e+04 3.942718505860e-01 2.793967723850e-09 6.000000000000e+00
     4.080884277340e+03-3.513632774350e+00-2.793967723850e-09 0.000000000000e+00
R22 2019 08 15 14 45 00-3.318581730130e-05-1.818989403550e-12 3.978000000000e+05
    -1.156465478520e+04-2.593530654910e+00-2.793967723850e-09 0.000000000000e+00
     4.425446777340e+03-1.620392799380e+00 2.793967723850e-09-3.000000000000e+00
    -2.228219042970e+04 1.034911155700e+00 9.313225746150e-10 0.000000000000e+00
R20 2019 08 15 14 45 00-3.874804824590e-04-9.094947017730e-13 3.978000000000e+05
    -1.726597265630e+04 8.758630752560e-01 1.862645149230e-09 0.000000000000e+00
    -1.654332421880e+04 8.663768768310e-01 1.862645149230e-09 2.000000000000e+00
     8.826419921880e+03 3.340692520140e+00-9.313225746150e-10 0.000000000000e+00
R27 2019 08 15 14 45 00 5.192775279284e-05 1.818989403546e-12 3.978000000000e+05
     1.013694580078e+04-2.526483535767e-01 9.313225746155e-10 4.000000000000e+00
    -1.152890820312e+04 2.783541679382e+00 0.000000000000e+00-5.000000000000e+00
    -2.038577197266e+04-1.689870834351e+00 2.793967723846e-09 0.000000000000e+00
R26 2019 08 15 14 45 00-1.087971031666e-05 2.728484105319e-12 3.978300000000e+05
    -1.561180908203e+04 1.230984687805e+00 1.862645149231e-09 1.000000000000e+00
    -1.645545019531e+04 1.047072410583e+00 9.313225746155e-10-6.000000000000e+00
     1.170529736328e+04 3.112556457520e+00-9.313225746155e-10 0.000000000000e+00
R19 2019 08 15 15 15 00-4.838593304157e-05-1.818989403546e-12 3.996000000000e+05
     3.579177734375e+03 2.845128059387e+00 2.793967723846e-09 0.000000000000e+00
    -9.862714843750e+03 1.441278457642e+00-1.862645149231e-09 3.000000000000e+00
     2.324387841797e+04 1.726074218750e-01-9.313225746155e-10 0.000000000000e+00
R02 2019 08 15 15 15 00 3.833975642920e-04 1.818989403546e-12 3.996000000000e+05
     4.456727050781e+03-2.573160171509e+00 0.000000000000e+00 0.000000000000e+00
     1.014816552734e+04 1.800175666809e+00-9.313225746155e-10-4.000000000000e+00
     2.301123828125e+04-3.008251190186e-01-1.862645149231e-09 0.000000000000e+00
R03 2019 08 15 15 15 00 4.284083843231e-08 9.094947017729e-13 3.996000000000e+05
     1.823694628906e+04-2.041595458984e+00 1.862645149231e-09 0.000000000000e+00
    -2.441801269531e+03 1.297357559204e+00-3.725290298462e-09 5.000000000000e+00
     1.772998437500e+04 2.279753684998e+00 0.000000000000e+00 0.000000000000e+00
R04 2019 08 15 15 15 00 3.178138285875e-04 9.094947017729e-13 3.996000000000e+05
     2.129945117188e+04-2.759628295898e-01 2.793967723846e-09 0.000000000000e+00
    -1.395665625000e+04-4.896163940430e-03-3.725290298462e-09 6.000000000000e+00
     1.648839355469e+03 3.559192657471e+00 9.313225746155e-10 0.000000000000e+00
R09 2019 08 15 15 15 00 8.553359657526e-05 1.818989403546e-12 3.996000000000e+05
    -7.655951171875e+03-2.437314987183e-01 3.725290298462e-09 0.000000000000e+00
    -2.115962207031e+04-1.621702194214e+00 0.000000000000e+00-2.000000000000e+00
     1.196129101563e+04-3.035869598389e+00 0.000000000000e+00 0.000000000000e+00
R17 2019 08 15 15 15 00 2.521360293031e-04 2.728484105319e-12 3.996000000000e+05
     2.342053710938e+04 4.367446899414e-01 0.000000000000e+00 0.000000000000e+00
     9.652121582031e+03-2.413845062256e-02-2.793967723846e-09 4.000000000000e+00
     2.804572753906e+03-3.570416450500e+00 0.000000000000e+00 0.000000000000e+00
R18 2019 08 15 15 15 00 3.927387297153e-06 9.094947017729e-13 3.996000000000e+05
     1.829564208984e+04 2.265885353088e+00 9.313225746155e-10 0.000000000000e+00
    -2.337768554688e+02 9.105081558228e-01-3.725290298462e-09-3.000000000000e+00
     1.780508447266e+04-2.312633514404e+00 0.000000000000e+00 0.000000000000e+00
R05 2019 08 15 15 15 00 3.388710319996e-05 9.094947017729e-13 4.013100000000e+05
     1.251528906250e+04 1.530835151672e+00 1.862645149231e-09 0.000000000000e+00
    -1.697172656250e+04-1.244519233704e+00-1.862645149231e-09 1.000000000000e+00
    -1.435608447266e+04 2.801688194275e+00 2.793967723846e-09 0.000000000000e+00
R11 2019 08 15 15 15 00-7.608439773321e-05 0.000000000000e+00 3.999000000000e+05
    -8.926818847656e+03-1.735334396362e-01 0.000000000000e+00 0.000000000000e+00
     1.220074072266e+04-2.805748939514e+00 0.000000000000e+00 0.000000000000e+00
     2.058147021484e+04 1.584501266479e+00-2.793967723846e-09 0.000000000000e+00
R12 2019 08 15 15 15 00 5.295779556036e-05 3.637978807092e-12 4.011000000000e+05
    -1.843903808594e+03 6.303310394287e-02-2.793967723846e-09 0.000000000000e+00
     2.404846435547e+04-1.143710136414e+00 9.313225746155e-10-1.000000000000e+00
     8.314521484375e+03 3.336243629456e+00-1.862645149231e-09 0.000000000000e+00
R24 2019 08 15 15 15 00-1.837015151978e-04 0.000000000000e+00 3.996000000000e+05
     1.671066455078e+04-1.493542671204e+00-1.862645149231e-09 0.000000000000e+00
     1.442334863281e+04-9.375038146973e-01-9.313225746155e-10 2.000000000000e+00
    -1.282185546875e+04-3.007429122925e+00 9.313225746155e-10 0.000000000000e+00
R15 2019 08 15 15 15 00 1.035351306200e-04 0.000000000000e+00 3.996000000000e+05
     9.034010742190e+03 1.707649230960e-01 0.000000000000e+00 0.000000000000e+00
    -1.125805078130e+04 2.878756523130e+00 0.000000000000e+00 0.000000000000e+00
    -2.100337158200e+04-1.468214988710e+00 2.793967723850e-09 0.000000000000e+00
R16 2019 08 15 15 15 00 6.047077476980e-06 0.000000000000e+00 3.996000000000e+05
     1.379444824220e+03-3.025150299070e-02 2.793967723850e-09 0.000000000000e+00
    -2.422942138670e+04 1.105629920960e+00-9.313225746150e-10-1.000000000000e+00
    -8.050718750000e+03-3.328943252560e+00 1.862645149230e-09 0.000000000000e+00
R14 2019 08 15 15 15 00 4.196446388960e-05 0.000000000000e+00 3.996000000000e+05
     1.101623828130e+04 3.019132614140e-01-1.862645149230e-09 0.000000000000e+00
     7.887596679690e+03 2.946173667910e+00 0.000000000000e+00-7.000000000000e+00
    -2.159939160160e+04 1.226852416990e+00 1.862645149230e-09 0.000000000000e+00
R06 2019 08 15 15 15 00 1.600673422220e-04 0.000000000000e+00 3.999300000000e+05
    -5.540220214840e+03 2.534866333010e+00 0.000000000000e+00 0.000000000000e+00
    -9.681408691410e+03-1.850755691530e+00 9.313225746150e-10-4.000000000000e+00
    -2.294899414060e+04 1.666259765630e-01 1.862645149230e-09 0.000000000000e+00
R13 2019 08 15 15 15 00-2.717319875960e-05 0.000000000000e+00 3.996000000000e+05
     6.875689941410e+03 2.843885421750e-01-3.725290298460e-09 0.000000000000e+00
     2.249567041020e+04 1.331277847290e+00 0.000000000000e+00-2.000000000000e+00
    -9.891751953130e+03 3.227558135990e+00 0.000000000000e+00 0.000000000000e+00
R23 2019 08 15 15 15 00 2.474579960110e-04 1.818989403550e-12 3.996000000000e+05
     2.361603515630e+03-2.719676017760e+00-2.793967723850e-09 0.000000000000e+00
     1.225353027340e+04-1.379056930540e+00 9.313225746150e-10 3.000000000000e+00
    -2.225994287110e+04-1.048627853390e+00 9.313225746150e-10 0.000000000000e+00
R07 2019 08 15 15 15 00-2.509169280530e-05-9.094947017730e-13 3.996000000000e+05
    -1.846904492190e+04 2.010318756100e+00-1.862645149230e-09 0.000000000000e+00
     2.833235351560e+03-1.277029991150e+00 3.725290298460e-09 5.000000000000e+00
    -1.730933007810e+04-2.352519989010e+00 0.000000000000e+00 0.000000000000e+00
R21 2019 08 15 15 15 00-6.615091115240e-05-1.818989403550e-12 3.996000000000e+05
    -2.348548730470e+04-5.329494476320e-01 0.000000000000e+00 0.000000000000e+00
    -9.355394042970e+03-3.322601318360e-03 2.793967723850e-09 4.000000000000e+00
    -3.532318847660e+03 3.555136680600e+00 0.000000000000e+00 0.000000000000e+00
R22 2019 08 15 15 15 00-3.318954259160e-05-1.818989403550e-12 3.996000000000e+05
    -1.617377490230e+04-2.476655960080e+00-1.862645149230e-09 0.000000000000e+00
     2.010918945310e+03-1.053970336910e+00 3.725290298460e-09-3.000000000000e+00
    -1.958001074220e+04 1.948259353640e+00 0.000000000000e+00 0.000000000000e+00
R08 2019 08 15 15 15 00 1.619756221770e-05 0.000000000000e+00 3.996000000000e+05
    -2.143853320310e+04 3.578824996950e-01-2.793967723850e-09 0.000000000000e+00
     1.360835449220e+04-5.542087554930e-02 3.725290298460e-09 6.000000000000e+00
    -2.319705566410e+03-3.551939964290e+00-1.862645149230e-09 0.000000000000e+00
R20 2019 08 15 15 15 00-3.874832764270e-04-9.094947017730e-13 3.996000000000e+05
    -1.495937353520e+04 1.682439804080e+00 2.793967723850e-09 0.000000000000e+00
    -1.476930029300e+04 1.059308052060e+00 0.000000000000e+00 2.000000000000e+00
     1.441983496090e+04 2.833806037900e+00-9.313225746150e-10 0.000000000000e+00
R01 2019 08 15 15 15 00 4.819966852660e-05 0.000000000000e+00 4.008000000000e+05
    -1.405213964840e+04-1.282414436340e+00-2.793967723850e-09 0.000000000000e+00
     1.744993896480e+04 1.077557563780e+00 1.862645149230e-09 1.000000000000e+00
     1.221292773440e+04-3.014215469360e+00-2.793967723850e-09 0.000000000000e+00
R27 2019 08 15 15 15 00 5.193240940571e-05 1.818989403546e-12 3.996000000000e+05
     1.006606982422e+04 1.877765655518e-01 0.000000000000e+00 4.000000000000e+00
    -6.195402343750e+03 3.093395233154e+00 0.000000000000e+00-5.000000000000e+00
    -2.260092041016e+04-7.551774978638e-01 2.793967723846e-09 0.000000000000e+00
R26 2019 08 15 15 15 00-1.087505370378e-05 2.728484105319e-12 3.996300000000e+05
    -1.269016601563e+04 2.002997398376e+00 2.793967723846e-09 1.000000000000e+00
    -1.444629882813e+04 1.140175819397e+00 0.000000000000e+00-6.000000000000e+00
     1.678397851563e+04 2.493839263916e+00-9.313225746155e-10 0.000000000000e+00
R19 2019 08 15 15 45 00-4.838965833187e-05-1.818989403546e-12 4.014000000000e+05
     8.844494140625e+03 2.954753875732e+00 1.862645149231e-09 0.000000000000e+00
    -7.680469726563e+03 9.663600921631e-01-2.793967723846e-09 3.000000000000e+00
     2.265150976563e+04-8.265438079834e-01-9.313225746155e-10 0.000000000000e+00
R02 2019 08 15 15 45 00 3.834012895823e-04 1.818989403546e-12 4.014000000000e+05
     1.832148437500e+02-2.141368865967e+00-9.313225746155e-10 0.000000000000e+00
     1.362668945313e+04 2.026333808899e+00 0.000000000000e+00-4.000000000000e+00
     2.159045654297e+04-1.267798423767e+00-2.793967723846e-09 0.000000000000e+00
R03 2019 08 15 15 45 00 4.563480615616e-08 9.094947017729e-13 4.014000000000e+05
     1.440580859375e+04-2.167702674866e+00 9.313225746155e-10 0.000000000000e+00
     4.386245117188e+02 1.892567634583e+00-2.793967723846e-09 5.000000000000e+00
     2.109895263672e+04 1.439373970032e+00-9.313225746155e-10 0.000000000000e+00
R04 2019 08 15 15 45 00 3.178166225553e-04 9.094947017729e-13 4.014000000000e+05
     2.021153808594e+04-8.993568420410e-01 1.862645149231e-09 0.000000000000e+00
    -1.342770166016e+04 6.169681549072e-01-3.725290298462e-09 6.000000000000e+00
     7.909048339844e+03 3.351500511169e+00 9.313225746155e-10 0.000000000000e+00
R05 2019 08 15 15 45 00 3.388803452253e-05 9.094947017729e-13 4.014000000000e+05
     1.459211767578e+04 7.784309387207e-01 1.862645149231e-09 0.000000000000e+00
    -1.897875585938e+04-9.412622451782e-01-2.793967723846e-09 1.000000000000e+00
    -8.823368164063e+03 3.305840492249e+00 1.862645149231e-09 0.000000000000e+00
R17 2019 08 15 15 45 00 2.521406859159e-04 2.728484105319e-12 4.014000000000e+05
     2.345451220703e+04-4.135169982910e-01-9.313225746155e-10 0.000000000000e+00
     9.279503906250e+03-3.504629135132e-01-1.862645149231e-09 4.000000000000e+00
    -3.647634277344e+03-3.552019119263e+00 9.313225746155e-10 0.000000000000e+00
R18 2019 08 15 15 45 00 3.928318619728e-06 9.094947017729e-13 4.014000000000e+05
     2.195319384766e+04 1.753602027893e+00 0.000000000000e+00 0.000000000000e+00
     8.980092773438e+02 3.631792068481e-01-3.725290298462e-09-3.000000000000e+00
     1.300956738281e+04-2.981181144714e+00 0.000000000000e+00 0.000000000000e+00
R20 2019 08 15 15 45 00-3.874860703945e-04-9.094947017729e-13 4.028400000000e+05
    -1.126145996094e+04 2.402250289917e+00 2.793967723846e-09 0.000000000000e+00
    -1.289048583984e+04 9.860258102417e-01-9.313225746155e-10 2.000000000000e+00
     1.889626367188e+04 2.107725143433e+00-9.313225746155e-10 0.000000000000e+00
R11 2019 08 15 15 45 00-7.608626037836e-05-9.094947017729e-13 4.014000000000e+05
    -9.650552246094e+03-6.359910964966e-01 0.000000000000e+00 0.000000000000e+00
     6.911316894531e+03-3.021527290344e+00 0.000000000000e+00 0.000000000000e+00
     2.260383007813e+04 6.479206085205e-01-2.793967723846e-09 0.000000000000e+00
R12 2019 08 15 15 45 00 5.296338349581e-05 3.637978807092e-12 4.014000000000e+05
    -2.006726562500e+03-2.756223678589e-01-1.862645149231e-09 0.000000000000e+00
     2.129439013672e+04-1.885871887207e+00 9.313225746155e-10-1.000000000000e+00
     1.392101904297e+04 2.852866172791e+00-2.793967723846e-09 0.000000000000e+00
R13 2019 08 15 15 45 00-2.717319875956e-05 0.000000000000e+00 4.031100000000e+05
     7.421471191406e+03 2.808818817139e-01-3.725290298462e-09 0.000000000000e+00
     2.411938867188e+04 4.638414382935e-01 9.313225746155e-10-2.000000000000e+00
    -3.775104980469e+03 3.524641036987e+00-9.313225746155e-10 0.000000000000e+00
R15 2019 08 15 15 45 00 1.035351306200e-04 0.000000000000e+00 4.014000000000e+05
     9.762285156250e+03 6.423845291140e-01 0.000000000000e+00 0.000000000000e+00
    -5.864870605470e+03 3.062554359440e+00 0.000000000000e+00 0.000000000000e+00
    -2.279787890630e+04-5.126905441280e-01 2.793967723850e-09 0.000000000000e+00
R24 2019 08 15 15 45 00-1.837015151980e-04 0.000000000000e+00 4.014000000000e+05
     1.332488671880e+04-2.247697830200e+00-2.793967723850e-09 0.000000000000e+00
     1.273218945310e+04-8.989200592040e-01 0.000000000000e+00 2.000000000000e+00
    -1.767103027340e+04-2.345724105830e+00 9.313225746150e-10 0.000000000000e+00
R16 2019 08 15 15 45 00 6.047077476980e-06 0.000000000000e+00 4.014000000000e+05
     1.605364257810e+03 3.122396469120e-01 1.862645149230e-09 0.000000000000e+00
    -2.155151416020e+04 1.839941024780e+00-9.313225746150e-10-1.000000000000e+00
    -1.365682958980e+04-2.859863281250e+00 2.793967723850e-09 0.000000000000e+00
R14 2019 08 15 15 45 00 4.196539521220e-05 0.000000000000e+00 4.023600000000e+05
     1.188192675780e+04 6.341886520390e-01-2.793967723850e-09 0.000000000000e+00
     1.279924560550e+04 2.469027519230e+00 0.000000000000e+00-7.000000000000e+00
    -1.858381152340e+04 2.101944923400e+00 9.313225746150e-10 0.000000000000e+00
R26 2019 08 15 15 45 00-1.086946576834e-05 2.728484105319e-12 4.023300000000e+05
    -8.479495117188e+03 2.644798278809e+00 2.793967723846e-09 1.000000000000e+00
    -1.250501757813e+04 9.777679443359e-01-9.313225746155e-10-6.000000000000e+00
     2.056726562500e+04 1.682532310486e+00-9.313225746155e-10 0.000000000000e+00
R06 2019 08 15 15 45 00 1.600682735440e-04 0.000000000000e+00 4.014000000000e+05
    -1.314347656250e+03 2.126635551450e+00 9.313225746150e-10 0.000000000000e+00
    -1.325590185550e+04-2.082956314090e+00 0.000000000000e+00-4.000000000000e+00
    -2.176690039060e+04 1.138239860530e+00 2.793967723850e-09 0.000000000000e+00
R09 2019 08 15 15 45 00 8.553639054300e-05 1.818989403550e-12 4.025400000000e+05
    -8.176193847660e+03-2.947845458980e-01 3.725290298460e-09 0.000000000000e+00
    -2.334285449220e+04-7.893724441530e-01-9.313225746150e-10-2.000000000000e+00
     6.103630859380e+03-3.430299758910e+00 0.000000000000e+00 0.000000000000e+00
R21 2019 08 15 15 45 00-6.615463644270e-05-1.818989403550e-12 4.014000000000e+05
    -2.369851416020e+04 3.124551773070e-01 9.313225746150e-10 0.000000000000e+00
    -9.019160156250e+03 3.379354476930e-01 1.862645149230e-09 4.000000000000e+00
     2.920704101560e+03 3.568414688110e+00-9.313225746150e-10 0.000000000000e+00
R22 2019 08 15 15 45 00-3.319419920440e-05-1.818989403550e-12 4.014000000000e+05
    -2.029916162110e+04-2.058982849120e+00 0.000000000000e+00 0.000000000000e+00
     6.271298828130e+02-4.940967559810e-01 3.725290298460e-09-3.000000000000e+00
    -1.535847949220e+04 2.711948394780e+00 0.000000000000e+00 0.000000000000e+00
R07 2019 08 15 15 45 00-2.509448677300e-05-9.094947017730e-13 4.014000000000e+05
    -1.467606884770e+04 2.156145095830e+00-9.313225746150e-10 0.000000000000e+00
    -1.766308593750e+01-1.880919456480e+00 2.793967723850e-09 5.000000000000e+00
    -2.081683056640e+04-1.519294738770e+00 9.313225746150e-10 0.000000000000e+00
R08 2019 08 15 15 45 00 1.619663089510e-05 0.000000000000e+00 4.014000000000e+05
    -2.021300048830e+04 9.694709777830e-01-1.862645149230e-09 0.000000000000e+00
     1.296242871090e+04-6.856184005740e-01 4.656612873080e-09 6.000000000000e+00
    -8.540590332030e+03-3.315122604370e+00-9.313225746150e-10 0.000000000000e+00
R01 2019 08 15 15 45 00 4.820153117180e-05 0.000000000000e+00 4.014000000000e+05
    -1.568574755860e+04-5.401086807250e-01-1.862645149230e-09 0.000000000000e+00
     1.908721142580e+04 6.998577117920e-01 3.725290298460e-09 1.000000000000e+00
     6.385681152340e+03-3.418501853940e+00-2.793967723850e-09 0.000000000000e+00
R23 2019 08 15 15 45 00 2.474626526240e-04 1.818989403550e-12 4.028700000000e+05
    -2.852539550780e+03-3.027576446530e+00-2.793967723850e-09 0.000000000000e+00
     1.009654736330e+04-9.919633865360e-01 2.793967723850e-09 3.000000000000e+00
    -2.326391992190e+04-5.969715118410e-02 9.313225746150e-10 0.000000000000e+00
R27 2019 08 15 15 45 00 5.193613469601e-05 1.818989403546e-12 4.014000000000e+05
     1.083056201172e+04 6.573448181152e-01-9.313225746155e-10 4.000000000000e+00
    -5.779829101562e+02 3.095995903015e+00 0.000000000000e+00-5.000000000000e+00
    -2.306832373047e+04 2.394914627075e-01 1.862645149231e-09 0.000000000000e+00
R19 2019 08 15 16 15 00-4.839431494474e-05-1.818989403546e-12 4.032000000000e+05
     1.402881201172e+04 2.753534317017e+00 9.313225746155e-10 0.000000000000e+00
    -6.411817382813e+03 4.449539184570e-01-3.725290298462e-09 3.000000000000e+00
     2.030670410156e+04-1.761887550354e+00 0.000000000000e+00 0.000000000000e+00
R03 2019 08 15 16 15 00 4.749745130539e-08 9.094947017729e-13 4.032000000000e+05
     1.059741845703e+04-2.021601676941e+00 0.000000000000e+00 0.000000000000e+00
     4.301166992188e+03 2.371157646179e+00-1.862645149231e-09 5.000000000000e+00
     2.284504785156e+04 4.881410598755e-01-1.862645149231e-09 0.000000000000e+00
R04 2019 08 15 16 15 00 3.178194165230e-04 9.094947017729e-13 4.032000000000e+05
     1.820161914063e+04-1.291029930115e+00 9.313225746155e-10 0.000000000000e+00
    -1.167730712891e+04 1.335251808167e+00-4.656612873077e-09 6.000000000000e+00
     1.355867333984e+04 2.885197639465e+00 0.000000000000e+00 0.000000000000e+00
R05 2019 08 15 16 15 00 3.388989716768e-05 9.094947017729e-13 4.032000000000e+05
     1.535738037109e+04 9.174060821533e-02 1.862645149231e-09 0.000000000000e+00
    -2.021137304688e+04-3.913021087646e-01-3.725290298462e-09 1.000000000000e+00
    -2.608810546875e+03 3.554404258728e+00 1.862645149231e-09 0.000000000000e+00
R17 2019 08 15 16 15 00 2.521453425288e-04 2.728484105319e-12 4.032000000000e+05
     2.191494775391e+04-1.291761398315e+00-1.862645149231e-09 0.000000000000e+00
     8.541121093750e+03-4.272356033325e-01-9.313225746155e-10 4.000000000000e+00
    -9.817038085938e+03-3.258251190186e+00 9.313225746155e-10 0.000000000000e+00
R18 2019 08 15 16 15 00 3.931112587452e-06 9.094947017729e-13 4.032000000000e+05
     2.446912109375e+04 1.010095596313e+00 0.000000000000e+00 0.000000000000e+00
     1.160557128906e+03-4.029464721680e-02-2.793967723846e-09-3.000000000000e+00
     7.211152832031e+03-3.419787406921e+00 0.000000000000e+00 0.000000000000e+00
R20 2019 08 15 16 15 00-3.874879330397e-04-9.094947017729e-13 4.032000000000e+05
    -6.428943847656e+03 2.926898002625e+00 1.862645149231e-09 0.000000000000e+00
    -1.135510693359e+04 6.882209777832e-01-1.862645149231e-09 2.000000000000e+00
     2.190979833984e+04 1.218983650208e+00-9.313225746155e-10 0.000000000000e+00
R02 2019 08 15 16 15 00 3.834050148726e-04 1.818989403546e-12 4.032000000000e+05
    -3.158747558594e+03-1.554556846619e+00-9.313225746155e-10 0.000000000000e+00
     1.728755908203e+04 1.994863510132e+00 9.313225746155e-10-4.000000000000e+00
     1.850522558594e+04-2.138236045837e+00-2.793967723846e-09 0.000000000000e+00
R11 2019 08 15 16 15 00-7.608812302351e-05-9.094947017729e-13 4.032000000000e+05
    -1.120340917969e+04-1.076872825623e+00 9.313225746155e-10 0.000000000000e+00
     1.505088378906e+03-2.935776710510e+00 0.000000000000e+00 0.000000000000e+00
     2.288348437500e+04-3.393545150757e-01-1.862645149231e-09 0.000000000000e+00
R12 2019 08 15 16 15 00 5.296990275383e-05 3.637978807092e-12 4.032000000000e+05
    -2.926588867188e+03-7.640380859375e-01-9.313225746155e-10 0.000000000000e+00
     1.739458593750e+04-2.403804779053e+00 9.313225746155e-10-1.000000000000e+00
     1.845268457031e+04 2.149795532227e+00-2.793967723846e-09 0.000000000000e+00
R13 2019 08 15 16 15 00-2.717413008213e-05 0.000000000000e+00 4.032000000000e+05
     7.738650390625e+03 3.188323974609e-02-2.793967723846e-09 0.000000000000e+00
     2.416850488281e+04-3.986711502075e-01 9.313225746155e-10-2.000000000000e+00
     2.633173339844e+03 3.549462318420e+00-1.862645149231e-09 0.000000000000e+00
R15 2019 08 15 16 15 00 1.035341992970e-04 0.000000000000e+00 4.032000000000e+05
     1.132790869140e+04 1.082981109620e+00-9.313225746150e-10 0.000000000000e+00
    -4.178212890630e+02 2.939662933350e+00 0.000000000000e+00 0.000000000000e+00
    -2.282515869140e+04 4.825601577760e-01 1.862645149230e-09 0.000000000000e+00
R14 2019 08 15 16 15 00 4.196539521220e-05 0.000000000000e+00 4.032000000000e+05
     1.318332373050e+04 7.742948532100e-01-2.793967723850e-09 0.000000000000e+00
     1.664834277340e+04 1.780009269710e+00 9.313225746150e-10-7.000000000000e+00
    -1.413045947270e+04 2.814019203190e+00 0.000000000000e+00 0.000000000000e+00
R26 2019 08 15 16 15 00-1.086480915546e-05 2.728484105319e-12 4.032000000000e+05
    -3.306942382813e+03 3.057646751404e+00 1.862645149231e-09 1.000000000000e+00
    -1.104595654297e+04 6.171350479126e-01-2.793967723846e-09-6.000000000000e+00
     2.276279785156e+04 7.410707473755e-01-9.313225746155e-10 0.000000000000e+00
R16 2019 08 15 16 15 00 6.047077476980e-06 0.000000000000e+00 4.032000000000e+05
     2.591714843750e+03 8.007774353030e-01 9.313225746150e-10 0.000000000000e+00
    -1.773815771480e+04 2.354543685910e+00-9.313225746150e-10-1.000000000000e+00
    -1.821383691410e+04-2.170696258540e+00 2.793967723850e-09 0.000000000000e+00
R06 2019 08 15 16 15 00 1.600701361890e-04 9.094947017730e-13 4.032000000000e+05
     2.021374511720e+03 1.561982154850e+00 9.313225746150e-10 0.000000000000e+00
    -1.702664257810e+04-2.060842514040e+00-9.313225746150e-10-4.000000000000e+00
    -1.890433984380e+04 2.021735191350e+00 2.793967723850e-09 0.000000000000e+00
R09 2019 08 15 16 15 00 8.553918451070e-05 1.818989403550e-12 4.032000000000e+05
    -8.571022949220e+03-1.037673950200e-01 2.793967723850e-09 0.000000000000e+00
    -2.398299902340e+04 7.345771789550e-02-1.862645149230e-09-2.000000000000e+00
    -2.277485351560e+02-3.558699607850e+00 9.313225746150e-10 0.000000000000e+00
R24 2019 08 15 16 15 00-1.837015151980e-04 0.000000000000e+00 4.032000000000e+05
     8.725472656250e+03-2.825172424320e+00-2.793967723850e-09 0.000000000000e+00
     1.132628808590e+04-6.299362182620e-01 1.862645149230e-09 2.000000000000e+00
    -2.115793310550e+04-1.503599166870e+00 9.313225746150e-10 0.000000000000e+00
R22 2019 08 15 16 15 00-3.319885581730e-05-1.818989403550e-12 4.032000000000e+05
    -2.342945849610e+04-1.381639480590e+00 0.000000000000e+00 0.000000000000e+00
     1.630229492190e+02-4.868221282960e-02 3.725290298460e-09-3.000000000000e+00
    -9.943219238280e+03 3.265815734860e+00 0.000000000000e+00 0.000000000000e+00
R21 2019 08 15 16 15 00-6.615836173300e-05-1.818989403550e-12 4.032000000000e+05
    -2.233731689450e+04 1.196459770200e+00 1.862645149230e-09 0.000000000000e+00
    -8.288951171880e+03 4.305276870730e-01 9.313225746150e-10 4.000000000000e+00
     9.148269531250e+03 3.306230545040e+00-9.313225746150e-10 0.000000000000e+00
R08 2019 08 15 16 15 00 1.619569957260e-05 0.000000000000e+00 4.032000000000e+05
    -1.809087939450e+04 1.345045089720e+00-9.313225746150e-10 0.000000000000e+00
     1.108611767580e+04-1.405169487000e+00 4.656612873080e-09 6.000000000000e+00
    -1.409924609380e+04-2.820822715760e+00 0.000000000000e+00 0.000000000000e+00
R07 2019 08 15 16 15 00-2.509634941820e-05-9.094947017730e-13 4.032000000000e+05
    -1.087350830080e+04 2.025835037230e+00 0.000000000000e+00 0.000000000000e+00
    -3.870229980470e+03-2.372224807740e+00 1.862645149230e-09 5.000000000000e+00
    -2.270794287110e+04-5.683002471920e-01 1.862645149230e-09 0.000000000000e+00
R01 2019 08 15 16 15 00 4.820246249440e-05 0.000000000000e+00 4.032000000000e+05
    -1.605500585940e+04 1.054220199580e-01-1.862645149230e-09 0.000000000000e+00
     1.983323437500e+04 9.652519226070e-02 4.656612873080e-09 1.000000000000e+00
     6.516406250000e+01-3.558735847470e+00-1.862645149230e-09 0.000000000000e+00
R23 2019 08 15 16 15 00 2.474673092370e-04 1.818989403550e-12 4.032000000000e+05
    -8.357473144530e+03-3.036676406860e+00-1.862645149230e-09 0.000000000000e+00
     8.743916503910e+03-5.029735565190e-01 3.725290298460e-09 3.000000000000e+00
    -2.247212988280e+04 9.337606430050e-01 9.313225746150e-10 0.000000000000e+00
R27 2019 08 15 16 15 00 5.194079130888e-05 1.818989403546e-12 4.032000000000e+05
     1.238437304688e+04 1.047097206116e+00-1.862645149231e-09 4.000000000000e+00
     4.768349609375e+03 2.797089576721e+00 0.000000000000e+00-5.000000000000e+00
    -2.174894873047e+04 1.217189788818e+00 1.862645149231e-09 0.000000000000e+00
R19 2019 08 15 16 45 00-4.839897155762e-05-1.818989403546e-12 4.050000000000e+05
     1.857856542969e+04 2.256113052368e+00 0.000000000000e+00 0.000000000000e+00
    -6.039192382813e+03-1.118564605713e-02-3.725290298462e-09 3.000000000000e+00
     1.639066210938e+04-2.561005592346e+00 0.000000000000e+00 0.000000000000e+00
R03 2019 08 15 16 45 00 5.029141902924e-08 9.094947017729e-13 4.050000000000e+05
     7.260793457031e+03-1.655401229858e+00 0.000000000000e+00 0.000000000000e+00
     8.847807128906e+03 2.639147758484e+00-9.313225746155e-10 5.000000000000e+00
     2.283333154297e+04-5.012035369873e-01-1.862645149231e-09 0.000000000000e+00
R04 2019 08 15 16 45 00 3.178231418133e-04 9.094947017729e-13 4.050000000000e+05
     1.572454443359e+04-1.416383743286e+00 0.000000000000e+00 0.000000000000e+00
    -8.628349121094e+03 2.040866851807e+00-3.725290298462e-09 6.000000000000e+00
     1.816193066406e+04 2.196418762207e+00 0.000000000000e+00 0.000000000000e+00
R05 2019 08 15 16 45 00 3.389082849026e-05 9.094947017729e-13 4.050000000000e+05
     1.502144580078e+04-4.309072494507e-01 9.313225746155e-10 0.000000000000e+00
    -2.027694482422e+04 3.417043685913e-01-4.656612873077e-09 1.000000000000e+00
     3.807299316406e+03 3.528367042542e+00 9.313225746155e-10 0.000000000000e+00
R18 2019 08 15 16 45 00 3.933906555176e-06 9.094947017729e-13 4.050000000000e+05
     2.550576611328e+04 1.277284622192e-01-1.862645149231e-09 0.000000000000e+00
     8.840180664063e+02-2.266950607300e-01-1.862645149231e-09-3.000000000000e+00
     8.569052734375e+02-3.594785690308e+00 0.000000000000e+00 0.000000000000e+00
R20 2019 08 15 16 45 00-3.874897956848e-04-9.094947017729e-13 4.050000000000e+05
    -8.907304687500e+02 3.176108360291e+00 1.862645149231e-09 0.000000000000e+00
    -1.049994482422e+04 2.461557388306e-01-2.793967723846e-09 2.000000000000e+00
     2.322826708984e+04 2.365808486938e-01-9.313225746155e-10 0.000000000000e+00
R02 2019 08 15 16 45 00 3.834087401628e-04 1.818989403546e-12 4.050000000000e+05
    -5.383970703125e+03-9.191780090332e-01-9.313225746155e-10 0.000000000000e+00
     2.063735839844e+04 1.680220603943e+00 2.793967723846e-09-4.000000000000e+00
     1.399139257813e+04-2.844776153564e+00-2.793967723846e-09 0.000000000000e+00
R12 2019 08 15 16 45 00 5.297642201185e-05 3.637978807092e-12 4.050000000000e+05
    -4.789592285156e+03-1.305909156799e+00 0.000000000000e+00 0.000000000000e+00
     1.281076708984e+04-2.639784812927e+00 0.000000000000e+00-1.000000000000e+00
     2.156092919922e+04 1.281556129456e+00-2.793967723846e-09 0.000000000000e+00
R13 2019 08 15 16 45 00-2.717506140471e-05 0.000000000000e+00 4.050000000000e+05
     7.406904785156e+03-4.313278198242e-01-2.793967723846e-09 0.000000000000e+00
     2.275530029297e+04-1.143338203430e+00 1.862645149231e-09-2.000000000000e+00
     8.837918945313e+03 3.299932479858e+00-1.862645149231e-09 0.000000000000e+00
R14 2019 08 15 16 45 00 4.196632653475e-05 0.000000000000e+00 4.061400000000e+05
     1.452247167969e+04 6.710004806519e-01-2.793967723846e-09 0.000000000000e+00
     1.913954443359e+04 9.785985946655e-01 1.862645149231e-09-7.000000000000e+00
    -8.584435546875e+03 3.308177947998e+00 0.000000000000e+00 0.000000000000e+00
R17 2019 08 15 16 45 00 2.521509304643e-04 2.728484105319e-12 4.050000000000e+05
     1.885906298828e+04-2.078945159912e+00-1.862645149231e-09 0.000000000000e+00
     7.889953613281e+03-2.580347061157e-01 0.000000000000e+00 4.000000000000e+00
    -1.522548681641e+04-2.712059974670e+00 9.313225746155e-10 0.000000000000e+00
R15 2019 08 15 16 45 00 1.035341992970e-04 0.000000000000e+00 4.050000000000e+05
     1.357968310550e+04 1.388751983640e+00-1.862645149230e-09 0.000000000000e+00
     4.550690429690e+03 2.539475440980e+00 9.313225746150e-10 0.000000000000e+00
    -2.108326611330e+04 1.440237045290e+00 1.862645149230e-09 0.000000000000e+00
R06 2019 08 15 16 45 00 1.600719988350e-04 9.094947017730e-13 4.053300000000e+05
     4.277740234380e+03 9.457187652590e-01 9.313225746150e-10 0.000000000000e+00
    -2.050572802730e+04-1.758254051210e+00-2.793967723850e-09-4.000000000000e+00
    -1.458258544920e+04 2.749081611630e+00 2.793967723850e-09 0.000000000000e+00
R11 2019 08 15 16 45 00-7.608998566866e-05-9.094947017729e-13 4.050000000000e+05
    -1.345198437500e+04-1.392891883850e+00 1.862645149231e-09 0.000000000000e+00
    -3.490204101563e+03-2.572644233704e+00-9.313225746155e-10 0.000000000000e+00
     2.139731787109e+04-1.301409721375e+00-1.862645149231e-09 0.000000000000e+00
R26 2019 08 15 16 45 00-1.086015254259e-05 2.728484105319e-12 4.050000000000e+05
     2.350492675781e+03 3.176095008850e+00 9.313225746155e-10 1.000000000000e+00
    -1.034806982422e+04 1.492166519165e-01-3.725290298462e-09-6.000000000000e+00
     2.320043554688e+04-2.580461502075e-01-9.313225746155e-10 0.000000000000e+00
R16 2019 08 15 16 45 00 6.047077476980e-06 0.000000000000e+00 4.050000000000e+05
     4.519034179690e+03 1.340337753300e+00 0.000000000000e+00 0.000000000000e+00
    -1.324198144530e+04 2.592567443850e+00-9.313225746150e-10-1.000000000000e+00
    -2.137040136720e+04-1.313742637630e+00 2.793967723850e-09 0.000000000000e+00
R09 2019 08 15 16 45 00 8.554197847840e-05 1.818989403550e-12 4.050000000000e+05
    -8.414942871090e+03 3.105163574220e-01 1.862645149230e-09 0.000000000000e+00
    -2.312904541020e+04 8.524169921880e-01-1.862645149230e-09-2.000000000000e+00
    -6.541390625000e+03-3.410675048830e+00 1.862645149230e-09 0.000000000000e+00
R07 2019 08 15 16 45 00-2.509821206330e-05-9.094947017730e-13 4.057200000000e+05
    -7.519280273440e+03 1.669693946840e+00 0.000000000000e+00 0.000000000000e+00
    -8.431855468750e+03-2.654884338380e+00 9.313225746150e-10 5.000000000000e+00
    -2.283647509770e+04 4.263105392460e-01 1.862645149230e-09 0.000000000000e+00
R22 2019 08 15 16 45 00-3.320258110760e-05-1.818989403550e-12 4.050000000000e+05
    -2.516642138670e+04-5.275335311890e-01 1.862645149230e-09 0.000000000000e+00
     3.315678710940e+02 1.975078582760e-01 2.793967723850e-09-3.000000000000e+00
    -3.754182128910e+03 3.565958023070e+00 0.000000000000e+00 0.000000000000e+00
R08 2019 08 15 16 45 00 1.619383692740e-05 0.000000000000e+00 4.050000000000e+05
    -1.553275097660e+04 1.452321052550e+00 0.000000000000e+00 0.000000000000e+00
     7.916608886720e+03-2.103360176090e+00 3.725290298460e-09 6.000000000000e+00
    -1.856346044920e+04-2.106960296630e+00 0.000000000000e+00 0.000000000000e+00
R21 2019 08 15 16 45 00-6.616208702330e-05-1.818989403550e-12 4.050000000000e+05
    -1.943977148440e+04 1.999976158140e+00 1.862645149230e-09 0.000000000000e+00
    -7.619414550780e+03 2.743968963620e-01 0.000000000000e+00 4.000000000000e+00
     1.466950537110e+04 2.788661003110e+00-9.313225746150e-10 0.000000000000e+00
R23 2019 08 15 16 45 00 2.474719658490e-04 1.818989403550e-12 4.050000000000e+05
    -1.359656445310e+04-2.734038352970e+00 0.000000000000e+00 0.000000000000e+00
     8.280763671880e+03-2.233505249020e-02 3.725290298460e-09 3.000000000000e+00
    -1.994569726560e+04 1.855212211610e+00 0.000000000000e+00 0.000000000000e+00
R01 2019 08 15 16 45 00 4.820432513950e-05 0.000000000000e+00 4.050000000000e+05
    -1.541833398440e+04 5.652818679810e-01-9.313225746150e-10 0.000000000000e+00
     1.934302148440e+04-6.586513519290e-01 5.587935447690e-09 1.000000000000e+00
    -6.260386718750e+03-3.424051284790e+00-9.313225746150e-10 0.000000000000e+00
R27 2019 08 15 16 45 00 5.194358527660e-05 1.818989403546e-12 4.050000000000e+05
     1.449363378906e+04 1.260376930237e+00-2.793967723846e-09 4.000000000000e+00
     9.340674804688e+03 2.248005867004e+00 9.313225746155e-10-5.000000000000e+00
    -1.874242578125e+04 2.101805686951e+00 9.313225746155e-10 0.000000000000e+00
R24 2019 08 15 16 45 00-1.837015151978e-04 0.000000000000e+00 4.050000000000e+05
     3.312420410156e+03-3.140377998352e+00-1.862645149231e-09 0.000000000000e+00
     1.055858007812e+04-2.049283981323e-01 2.793967723846e-09 2.000000000000e+00
    -2.301445361328e+04-5.458803176880e-01 9.313225746155e-10 0.000000000000e+00
R19 2019 08 15 17 15 00-4.840269684792e-05-1.818989403546e-12 4.068000000000e+05
     2.200856738281e+04 1.522834777832e+00-9.313225746155e-10 0.000000000000e+00
    -6.353559570313e+03-3.041553497314e-01-2.793967723846e-09 3.000000000000e+00
     1.120627294922e+04-3.161992073059e+00 0.000000000000e+00 0.000000000000e+00
R03 2019 08 15 17 15 00 5.215406417847e-08 9.094947017729e-13 4.068000000000e+05
     4.718847167969e+03-1.155069351196e+00-9.313225746155e-10 0.000000000000e+00
     1.363689746094e+04 2.633216857910e+00 0.000000000000e+00 5.000000000000e+00
     2.106337353516e+04-1.452871322632e+00-2.793967723846e-09 0.000000000000e+00
R04 2019 08 15 17 15 00 3.178259357810e-04 9.094947017729e-13 4.068000000000e+05
     1.325691650391e+04-1.286060333252e+00 0.000000000000e+00 0.000000000000e+00
    -4.404977050781e+03 2.622370719910e+00-2.793967723846e-09 6.000000000000e+00
     2.136392431641e+04 1.338315010071e+00-9.313225746155e-10 0.000000000000e+00
R05 2019 08 15 17 15 00 3.389269113541e-05 9.094947017729e-13 4.068000000000e+05
     1.394570605469e+04-7.223243713379e-01 0.000000000000e+00 0.000000000000e+00
    -1.892896337891e+04 1.161241531372e+00-4.656612873077e-09 1.000000000000e+00
     9.929437500000e+03 3.229912757874e+00 9.313225746155e-10 0.000000000000e+00
R18 2019 08 15 17 15 00 3.937631845474e-06 9.094947017729e-13 4.068000000000e+05
     2.491436181641e+04-7.788009643555e-01-1.862645149231e-09 0.000000000000e+00
     4.952983398438e+02-1.632509231567e-01-9.313225746155e-10-3.000000000000e+00
    -5.563379882813e+03-3.492671012878e+00 9.313225746155e-10 0.000000000000e+00
R20 2019 08 15 17 15 00-3.874925896525e-04-9.094947017729e-13 4.068000000000e+05
     4.815384277344e+03 3.110833168030e+00 0.000000000000e+00 0.000000000000e+00
    -1.049278466797e+04-2.354259490967e-01-3.725290298462e-09 2.000000000000e+00
     2.275089697266e+04-7.634382247925e-01-9.313225746155e-10 0.000000000000e+00
R12 2019 08 15 17 15 00 5.298294126987e-05 3.637978807092e-12 4.068000000000e+05
    -7.594479980469e+03-1.792344093323e+00 0.000000000000e+00 0.000000000000e+00
     8.069601562500e+03-2.580254554749e+00 0.000000000000e+00-1.000000000000e+00
     2.300721240234e+04 3.151063919067e-01-2.793967723846e-09 0.000000000000e+00
R13 2019 08 15 17 15 00-2.717599272728e-05 0.000000000000e+00 4.068000000000e+05
     6.099595214844e+03-1.037364959717e+00-9.313225746155e-10 0.000000000000e+00
     2.017930175781e+04-1.677848815918e+00 1.862645149231e-09-2.000000000000e+00
     1.435939550781e+04 2.795177459717e+00-2.793967723846e-09 0.000000000000e+00
R14 2019 08 15 17 15 00 4.196725785732e-05 0.000000000000e+00 4.068000000000e+05
     1.544699462891e+04 3.160114288330e-01-2.793967723846e-09 0.000000000000e+00
     2.017237304688e+04 1.788473129272e-01 1.862645149231e-09-7.000000000000e+00
    -2.374939941406e+03 3.546471595764e+00-9.313225746155e-10 0.000000000000e+00
R15 2019 08 15 17 15 00 1.035341992970e-04 0.000000000000e+00 4.068000000000e+05
     1.619639746090e+04 1.477381706240e+00-1.862645149230e-09 0.000000000000e+00
     8.599857910160e+03 1.932909011840e+00 9.313225746150e-10 0.000000000000e+00
    -1.770762109380e+04 2.286017417910e+00 9.313225746150e-10 0.000000000000e+00
R17 2019 08 15 17 15 00 2.521565184000e-04 2.728484105320e-12 4.068000000000e+05
     1.454988427730e+04-2.668576240540e+00-1.862645149230e-09 0.000000000000e+00
     7.731513671880e+03 1.087980270390e-01 1.862645149230e-09 4.000000000000e+00
    -1.945424804690e+04-1.956072807310e+00 9.313225746150e-10 0.000000000000e+00
R06 2019 08 15 17 15 00 1.600738614800e-04 9.094947017730e-13 4.068000000000e+05
     5.460575195310e+03 3.866653442380e-01 9.313225746150e-10 0.000000000000e+00
    -2.319857080080e+04-1.194140434270e+00-3.725290298460e-09-4.000000000000e+00
    -9.135282714840e+03 3.264248847960e+00 1.862645149230e-09 0.000000000000e+00
R02 2019 08 15 17 15 00 3.834115341306e-04 9.094947017729e-13 4.068000000000e+05
    -6.505102050781e+03-3.454952239990e-01-9.313225746155e-10 0.000000000000e+00
     2.317774511719e+04 1.102708816528e+00 3.725290298462e-09-4.000000000000e+00
     8.395791015625e+03-3.332279205322e+00-2.793967723846e-09 0.000000000000e+00
R26 2019 08 15 17 15 00-1.085549592972e-05 2.728484105319e-12 4.068000000000e+05
     7.936568847656e+03 2.978783607483e+00 0.000000000000e+00 1.000000000000e+00
    -1.050779101563e+04-3.170824050903e-01-3.725290298462e-09-6.000000000000e+00
     2.184549707031e+04-1.237767219543e+00 0.000000000000e+00 0.000000000000e+00
R16 2019 08 15 17 15 00 6.047077476980e-06 0.000000000000e+00 4.068000000000e+05
     7.382847656250e+03 1.823278427120e+00 0.000000000000e+00 0.000000000000e+00
    -8.580086425780e+03 2.540165901180e+00 0.000000000000e+00-1.000000000000e+00
    -2.288161816410e+04-3.542451858520e-01 2.793967723850e-09 0.000000000000e+00
R07 2019 08 15 17 15 00-2.510007470850e-05-9.094947017730e-13 4.068000000000e+05
    -4.947235351560e+03 1.173199653630e+00 9.313225746150e-10 0.000000000000e+00
    -1.326262255860e+04-2.663656234740e+00 0.000000000000e+00 5.000000000000e+00
    -2.119356494140e+04 1.387119293210e+00 2.793967723850e-09 0.000000000000e+00
R09 2019 08 15 17 15 00 8.554384112360e-05 1.818989403550e-12 4.068000000000e+05
    -7.354928222660e+03 8.874416351320e-01 1.862645149230e-09 0.000000000000e+00
    -2.102460400390e+04 1.448603630070e+00-1.862645149230e-09-2.000000000000e+00
    -1.234674023440e+04-2.997627258300e+00 1.862645149230e-09 0.000000000000e+00
R22 2019 08 15 17 15 00-3.320723772050e-05-1.818989403550e-12 4.068000000000e+05
    -2.528922998050e+04 3.917942047120e-01 1.862645149230e-09 0.000000000000e+00
     7.253750000000e+02 1.974678039550e-01 9.313225746150e-10-3.000000000000e+00
     2.727203125000e+03 3.588468551640e+00-9.313225746150e-10 0.000000000000e+00
R23 2019 08 15 17 15 00 2.474766224620e-04 1.818989403550e-12 4.068000000000e+05
    -1.803280175780e+04-2.154150962830e+00 9.313225746150e-10 0.000000000000e+00
     8.593926757810e+03 3.430681228640e-01 3.725290298460e-09 3.000000000000e+00
    -1.587941259770e+04 2.633621215820e+00 0.000000000000e+00 0.000000000000e+00
R08 2019 08 15 17 15 00 1.619197428230e-05 0.000000000000e+00 4.068000000000e+05
    -1.301630810550e+04 1.304749488830e+00 0.000000000000e+00 0.000000000000e+00
     3.594389160160e+03-2.668195724490e+00 2.793967723850e-09 6.000000000000e+00
    -2.158550439450e+04-1.228875160220e+00 9.313225746150e-10 0.000000000000e+00
R01 2019 08 15 17 15 00 4.820525646210e-05 0.000000000000e+00 4.068000000000e+05
    -1.416495605470e+04 7.849988937380e-01 0.000000000000e+00 0.000000000000e+00
     1.743190185550e+04-1.463742256160e+00 5.587935447690e-09 1.000000000000e+00
    -1.210226660160e+04-3.024800300600e+00 0.000000000000e+00 0.000000000000e+00
R21 2019 08 15 17 15 00-6.616674363610e-05-2.728484105320e-12 4.068000000000e+05
    -1.525129199220e+04 2.614633560180e+00 1.862645149230e-09 0.000000000000e+00
    -7.424106445310e+03-8.543968200680e-02-1.862645149230e-09 4.000000000000e+00
     1.905773828130e+04 2.055467605590e+00-9.313225746150e-10 0.000000000000e+00
R11 2019 08 15 17 15 00-7.609371095900e-05-9.094947017730e-13 4.074000000000e+05
    -1.609181835940e+04-1.500061988830e+00 1.862645149230e-09 0.000000000000e+00
    -7.628715820310e+03-1.997696876530e+00-1.862645149230e-09 0.000000000000e+00
     1.825825878910e+04-2.163964271550e+00-9.313225746150e-10 0.000000000000e+00
R24 2019 08 15 17 15 00-1.837015151980e-04 0.000000000000e+00 4.084500000000e+05
    -2.393555664060e+03-3.146606445310e+00-9.313225746150e-10 0.000000000000e+00
     1.062162548830e+04 2.748889923100e-01 3.725290298460e-09 2.000000000000e+00
    -2.309780810550e+04 4.538869857790e-01 9.313225746150e-10 0.000000000000e+00
R27 2019 08 15 17 15 00 5.194731056690e-05 9.094947017729e-13 4.068000000000e+05
     1.677454541016e+04 1.229754447937e+00-2.793967723846e-09 4.000000000000e+00
     1.276372167969e+04 1.537273406982e+00 1.862645149231e-09-5.000000000000e+00
    -1.428009716797e+04 2.824090003967e+00 0.000000000000e+00 0.000000000000e+00
R19 2019 08 15 17 45 00-4.840735346079e-05-1.818989403546e-12 4.086000000000e+05
     2.397675048828e+04 6.502256393433e-01-1.862645149231e-09 0.000000000000e+00
    -6.995013671875e+03-3.666648864746e-01-2.793967723846e-09 3.000000000000e+00
     5.154689453125e+03-3.518284797668e+00 0.000000000000e+00 0.000000000000e+00
R03 2019 08 15 17 45 00 5.587935447693e-08 0.000000000000e+00 4.086000000000e+05
     3.119914062500e+03-6.258392333984e-01-9.313225746155e-10 0.000000000000e+00
     1.814904248047e+04 2.331603050232e+00 1.862645149231e-09 5.000000000000e+00
     1.766968701172e+04-2.293657302856e+00-2.793967723846e-09 0.000000000000e+00
R04 2019 08 15 17 45 00 3.178287297487e-04 9.094947017729e-13 4.086000000000e+05
     1.121677392578e+04-9.534549713135e-01-9.313225746155e-10 0.000000000000e+00
     6.797568359375e+02 2.984236717224e+00-1.862645149231e-09 6.000000000000e+00
     2.291775634766e+04 3.769636154175e-01-1.862645149231e-09 0.000000000000e+00
R05 2019 08 15 17 45 00 3.389455378056e-05 9.094947017729e-13 4.086000000000e+05
     1.257597021484e+04-7.571353912354e-01 0.000000000000e+00 0.000000000000e+00
    -1.611292041016e+04 1.953404426575e+00-4.656612873077e-09 1.000000000000e+00
     1.528504248047e+04 2.682198524475e+00 0.000000000000e+00 0.000000000000e+00
R18 2019 08 15 17 45 00 3.940425813198e-06 9.094947017729e-13 4.086000000000e+05
     2.275917187500e+04-1.590686798096e+00-1.862645149231e-09 0.000000000000e+00
     4.392338867188e+02 1.369056701660e-01 0.000000000000e+00-3.000000000000e+00
    -1.155464208984e+04-3.121139526367e+00 9.313225746155e-10 0.000000000000e+00
R20 2019 08 15 17 45 00-3.874944522977e-04-9.094947017729e-13 4.086000000000e+05
     1.012373974609e+04 2.739575386047e+00 0.000000000000e+00 0.000000000000e+00
    -1.130425537109e+04-6.454019546509e-01-3.725290298462e-09 2.000000000000e+00
     2.051573242188e+04-1.703877449036e+00 0.000000000000e+00 0.000000000000e+00
R21 2019 08 15 17 45 00-6.617046892643e-05-2.728484105319e-12 4.093800000000e+05
    -1.018939062500e+04 2.960185050964e+00 9.313225746155e-10 0.000000000000e+00
    -8.000335449219e+03-5.667181015015e-01-2.793967723846e-09 4.000000000000e+00
     2.197342285156e+04 1.163080215454e+00-9.313225746155e-10 0.000000000000e+00
R06 2019 08 15 17 45 00 1.600747928023e-04 0.000000000000e+00 4.095600000000e+05
     5.761492675781e+03-2.047348022461e-02 0.000000000000e+00 0.000000000000e+00
    -2.468400585938e+04-4.301090240479e-01-4.656612873077e-09-4.000000000000e+00
    -2.982832519531e+03 3.527495384216e+00 1.862645149231e-09 0.000000000000e+00
R13 2019 08 15 17 45 00-2.717692404985e-05 0.000000000000e+00 4.099200000000e+05
     3.646329101563e+03-1.686434745789e+00 0.000000000000e+00 0.000000000000e+00
     1.687625244141e+04-1.945180892944e+00 9.313225746155e-10-2.000000000000e+00
     1.877042285156e+04 2.074095726013e+00-2.793967723846e-09 0.000000000000e+00
R14 2019 08 15 17 45 00 4.196818917990e-05 0.000000000000e+00 4.103700000000e+05
     1.553019921875e+04-2.541694641113e-01-1.862645149231e-09 0.000000000000e+00
     1.985089306641e+04-5.091428756714e-01 2.793967723846e-09-7.000000000000e+00
     4.018039062500e+03 3.510774612427e+00-1.862645149231e-09 0.000000000000e+00
R12 2019 08 15 17 45 00 5.298946052790e-05 3.637978807092e-12 4.086000000000e+05
    -1.114643261719e+04-2.120241165161e+00 9.313225746155e-10 0.000000000000e+00
     3.680669921875e+03-2.257383346558e+00-9.313225746155e-10-1.000000000000e+00
     2.268091308594e+04-6.752843856812e-01-1.862645149231e-09 0.000000000000e+00
R15 2019 08 15 17 45 00 1.035332679749e-04 0.000000000000e+00 4.097700000000e+05
     1.873921142578e+04 1.302443504333e+00-2.793967723846e-09 0.000000000000e+00
     1.144537792969e+04 1.220470428467e+00 1.862645149231e-09 0.000000000000e+00
    -1.296033984375e+04 2.954373359680e+00 0.000000000000e+00 0.000000000000e+00
R16 2019 08 15 17 45 00 6.046146154400e-06 0.000000000000e+00 4.089900000000e+05
     1.098706884770e+04 2.147381782530e+00-9.313225746150e-10 0.000000000000e+00
    -4.253799316410e+03 2.228416442870e+00 0.000000000000e+00-1.000000000000e+00
    -2.262816601560e+04 6.343564987180e-01 1.862645149230e-09 0.000000000000e+00
R26 2019 08 15 17 45 00-1.085083931684e-05 2.728484105319e-12 4.086000000000e+05
     1.289959179688e+04 2.492085456848e+00 0.000000000000e+00 1.000000000000e+00
    -1.142329052734e+04-6.735801696777e-01-3.725290298462e-09-6.000000000000e+00
     1.880169042969e+04-2.122368812561e+00 0.000000000000e+00 0.000000000000e+00
R27 2019 08 15 17 45 00 5.195010453463e-05 9.094947017729e-13 4.096800000000e+05
     1.875782373047e+04 9.291706085205e-01-2.793967723846e-09 1.000000000000e+00
     1.484445654297e+04 7.760086059570e-01 2.793967723846e-09-5.000000000000e+00
    -8.707509765625e+03 3.327270507813e+00 0.000000000000e+00 0.000000000000e+00
R07 2019 08 15 17 45 00-2.510193735360e-05 0.000000000000e+00 4.086000000000e+05
    -3.316586425780e+03 6.420688629150e-01 0.000000000000e+00 0.000000000000e+00
    -1.784182128910e+04-2.375342369080e+00-1.862645149230e-09 5.000000000000e+00
    -1.790803320310e+04 2.239574432370e+00 2.793967723850e-09 0.000000000000e+00
R09 2019 08 15 17 45 00 8.554663509130e-05 1.818989403550e-12 4.086000000000e+05
    -5.177727050780e+03 1.534519195560e+00 9.313225746150e-10 0.000000000000e+00
    -1.806507861330e+04 1.794546127320e+00-1.862645149230e-09-2.000000000000e+00
    -1.719285498050e+04-2.351873397830e+00 2.793967723850e-09 0.000000000000e+00
R17 2019 08 15 17 45 00 2.521611750130e-04 2.728484105320e-12 4.086000000000e+05
     9.417614746090e+03-2.983924865720e+00-9.313225746150e-10 0.000000000000e+00
     8.349918945310e+03 5.887203216550e-01 2.793967723850e-09 4.000000000000e+00
    -2.217655859380e+04-1.049159049990e+00 9.313225746150e-10 0.000000000000e+00
R02 2019 08 15 17 45 00 3.834143280980e-04 9.094947017730e-13 4.086000000000e+05
    -6.722806152340e+03 7.080745697020e-02 0.000000000000e+00 0.000000000000e+00
     2.448693017580e+04 3.260459899900e-01 4.656612873080e-09-4.000000000000e+00
     2.150105468750e+03-3.562256813050e+00-1.862645149230e-09 0.000000000000e+00
R23 2019 08 15 17 45 00 2.474812790750e-04 1.818989403550e-12 4.086000000000e+05
    -2.123050439450e+04-1.373609542850e+00 1.862645149230e-09 0.000000000000e+00
     9.394773925780e+03 5.079832077030e-01 2.793967723850e-09 3.000000000000e+00
    -1.058686962890e+04 3.208871841430e+00 0.000000000000e+00 0.000000000000e+00
R22 2019 08 15 17 45 00-3.321189433340e-05-1.818989403550e-12 4.086000000000e+05
    -2.379026953130e+04 1.254263877870e+00 1.862645149230e-09 0.000000000000e+00
     8.931166992190e+02-4.989337921140e-02 0.000000000000e+00-3.000000000000e+00
     8.996180175780e+03 3.331523895260e+00-9.313225746150e-10 0.000000000000e+00
R01 2019 08 15 17 45 00 4.820618778470e-05 0.000000000000e+00 4.086000000000e+05
    -1.274421582030e+04 7.530984878540e-01 0.000000000000e+00 0.000000000000e+00
     1.411194482420e+04-2.205068588260e+00 4.656612873080e-09 1.000000000000e+00
    -1.700902685550e+04-2.391758918760e+00 0.000000000000e+00 0.000000000000e+00
R08 2019 08 15 17 45 00 1.619104295970e-05-9.094947017730e-13 4.086000000000e+05
    -1.095541455080e+04 9.586915969850e-01 9.313225746150e-10 0.000000000000e+00
    -1.551450195310e+03-3.005088806150e+00 9.313225746150e-10 6.000000000000e+00
    -2.292977441410e+04-2.549858093260e-01 1.862645149230e-09 0.000000000000e+00
R11 2019 08 15 17 45 00-7.609557360410e-05-9.094947017730e-13 4.086000000000e+05
    -1.869601074220e+04-1.348369598390e+00 1.862645149230e-09 0.000000000000e+00
    -1.061222314450e+04-1.307101249690e+00-1.862645149230e-09 0.000000000000e+00
     1.370716601560e+04-2.860076904300e+00 0.000000000000e+00 0.000000000000e+00
R24 2019 08 15 17 45 00-1.837015151980e-04 0.000000000000e+00 4.086000000000e+05
    -7.828851562500e+03-2.843563079830e+00 0.000000000000e+00 0.000000000000e+00
     1.151444189450e+04 6.987962722780e-01 3.725290298460e-09 2.000000000000e+00
    -2.140132568360e+04 1.418963432310e+00 9.313225746150e-10 0.000000000000e+00
R19 2019 08 15 18 15 00-4.841201007366e-05-1.818989403546e-12 4.104000000000e+05
     2.433607666016e+04-2.444963455200e-01-1.862645149231e-09 0.000000000000e+00
    -7.519275390625e+03-1.736354827881e-01-9.313225746155e-10 3.000000000000e+00
    -1.295768554688e+03-3.602313995361e+00 9.313225746155e-10 0.000000000000e+00
R04 2019 08 15 18 15 00 3.178324550390e-04 9.094947017729e-13 4.104000000000e+05
     9.894249023438e+03-5.051860809326e-01-9.313225746155e-10 0.000000000000e+00
     6.167302246094e+03 3.062587738037e+00 0.000000000000e+00 6.000000000000e+00
     2.270337988281e+04-6.136655807495e-01-1.862645149231e-09 0.000000000000e+00
R05 2019 08 15 18 15 00 3.389641642570e-05 9.094947017729e-13 4.104000000000e+05
     1.136276513672e+04-5.554485321045e-01-9.313225746155e-10 0.000000000000e+00
    -1.198126220703e+04 2.605297088623e+00-3.725290298462e-09 1.000000000000e+00
     1.946085498047e+04 1.927524566650e+00 0.000000000000e+00 0.000000000000e+00
R06 2019 08 15 18 15 00 1.600766554475e-04 0.000000000000e+00 4.104000000000e+05
     5.517772949219e+03-2.108211517334e-01 0.000000000000e+00 0.000000000000e+00
    -2.468351513672e+04 4.390516281128e-01-4.656612873077e-09-4.000000000000e+00
     3.399891601563e+03 3.518430709839e+00 9.313225746155e-10 0.000000000000e+00
R13 2019 08 15 18 15 00-2.717785537243e-05 0.000000000000e+00 4.104000000000e+05
     6.975439453125e+01-2.266860961914e+00 0.000000000000e+00 0.000000000000e+00
     1.334564648438e+04-1.932407379150e+00 0.000000000000e+00-2.000000000000e+00
     2.172950146484e+04 1.192370414734e+00-2.793967723846e-09 0.000000000000e+00
R14 2019 08 15 18 15 00 4.196912050247e-05 0.000000000000e+00 4.104000000000e+05
     1.444771240234e+04-9.638872146606e-01-9.313225746155e-10 0.000000000000e+00
     1.846028808594e+04-9.969644546509e-01 2.793967723846e-09-7.000000000000e+00
     1.010084472656e+04 3.204108238220e+00-1.862645149231e-09 0.000000000000e+00
R20 2019 08 15 18 15 00-3.874963149428e-04-9.094947017729e-13 4.104000000000e+05
     1.452626806641e+04 2.116931915283e+00-9.313225746155e-10 0.000000000000e+00
    -1.271361572266e+04-8.853569030762e-01-3.725290298462e-09 2.000000000000e+00
     1.669635644531e+04-2.512297630310e+00 0.000000000000e+00 0.000000000000e+00
R21 2019 08 15 18 15 00-6.617512553930e-05-2.728484105319e-12 4.104000000000e+05
    -4.780609375000e+03 2.997367858887e+00 0.000000000000e+00 0.000000000000e+00
    -9.473996582031e+03-1.063998222351e+00-3.725290298462e-09 4.000000000000e+00
     2.319044775391e+04 1.802997589111e-01-9.313225746155e-10 0.000000000000e+00
R03 2019 08 15 18 15 00 5.774199962616e-08 0.000000000000e+00 4.104000000000e+05
     2.418790039063e+03-1.744422912598e-01 0.000000000000e+00 0.000000000000e+00
     2.186681103516e+04 1.758343696594e+00 2.793967723846e-09 5.000000000000e+00
     1.291205761719e+04-2.958469390869e+00-2.793967723846e-09 0.000000000000e+00
R15 2019 08 15 18 15 00 1.035332679749e-04 0.000000000000e+00 4.104000000000e+05
     2.072483544922e+04 8.617820739746e-01-1.862645149231e-09 0.000000000000e+00
     1.299815087891e+04 5.154943466187e-01 2.793967723846e-09 0.000000000000e+00
    -7.209666992188e+03 3.393683433533e+00 0.000000000000e+00 0.000000000000e+00
R18 2019 08 15 18 15 00 3.943219780920e-06 9.094947017730e-13 4.104000000000e+05
     1.930770068360e+04-2.203955650330e+00-1.862645149230e-09 0.000000000000e+00
     1.096770019530e+03 6.169185638430e-01 9.313225746150e-10-3.000000000000e+00
    -1.665447314450e+04-2.508552551270e+00 9.313225746150e-10 0.000000000000e+00
R16 2019 08 15 18 15 00 6.045214831830e-06 0.000000000000e+00 4.104000000000e+05
     1.496972119140e+04 2.233231544490e+00-1.862645149230e-09 0.000000000000e+00
    -6.715908203130e+02 1.727937698360e+00 9.313225746150e-10-1.000000000000e+00
    -2.062625341800e+04 1.575862884520e+00 1.862645149230e-09 0.000000000000e+00
R26 2019 08 15 18 15 00-1.084618270397e-05 2.728484105319e-12 4.104000000000e+05
     1.677576269531e+04 1.785964965820e+00-1.862645149231e-09 1.000000000000e+00
    -1.281278466797e+04-8.314371109009e-01-2.793967723846e-09-6.000000000000e+00
     1.430343603516e+04-2.843282699585e+00 0.000000000000e+00 0.000000000000e+00
R27 2019 08 15 18 15 00 5.195289850235e-05 9.094947017729e-13 4.107600000000e+05
     1.996899804688e+04 3.791399002075e-01-1.862645149231e-09 1.000000000000e+00
     1.559649267578e+04 7.946681976318e-02 2.793967723846e-09-5.000000000000e+00
    -2.457566894531e+03 3.571735382080e+00-9.313225746155e-10 0.000000000000e+00
R07 2019 08 15 18 15 00-2.510286867620e-05 0.000000000000e+00 4.104000000000e+05
    -2.591563476560e+03 1.840896606450e-01 0.000000000000e+00 0.000000000000e+00
    -2.164858300780e+04-1.813031196590e+00-2.793967723850e-09 5.000000000000e+00
    -1.323590380860e+04 2.917815208440e+00 2.793967723850e-09 0.000000000000e+00
R09 2019 08 15 18 15 00 8.554942905900e-05 1.818989403550e-12 4.104000000000e+05
    -1.853937011720e+03 2.142864227290e+00 0.000000000000e+00 0.000000000000e+00
    -1.473056591800e+04 1.864824295040e+00-9.313225746150e-10-2.000000000000e+00
    -2.070393359380e+04-1.524011611940e+00 2.793967723850e-09 0.000000000000e+00
R02 2019 08 15 18 15 00 3.834171220660e-04 9.094947017730e-13 4.104000000000e+05
    -6.384508300780e+03 2.646675109860e-01 9.313225746150e-10 0.000000000000e+00
     2.429010205080e+04-5.523405075070e-01 5.587935447690e-09-4.000000000000e+00
    -4.262221679690e+03-3.516110420230e+00-1.862645149230e-09 0.000000000000e+00
R23 2019 08 15 18 15 00 2.474859356880e-04 1.818989403550e-12 4.104000000000e+05
    -2.292104150390e+04-4.989137649540e-01 2.793967723850e-09 0.000000000000e+00
     1.027208398440e+04 4.234561920170e-01 1.862645149230e-09 3.000000000000e+00
    -4.476490234380e+03 3.536403656010e+00 0.000000000000e+00 0.000000000000e+00
R22 2019 08 15 18 15 00-3.321655094620e-05-1.818989403550e-12 4.104000000000e+05
    -2.087616894530e+04 1.947196960450e+00 1.862645149230e-09 0.000000000000e+00
     4.236079101560e+02-4.995307922360e-01-9.313225746150e-10-3.000000000000e+00
     1.456485546880e+04 2.815547943120e+00-9.313225746150e-10 0.000000000000e+00
R01 2019 08 15 18 15 00 4.820711910720e-05 0.000000000000e+00 4.104000000000e+05
    -1.158581591800e+04 5.024795532230e-01 9.313225746150e-10 0.000000000000e+00
     9.596614746090e+03-2.775613784790e+00 2.793967723850e-09 1.000000000000e+00
    -2.060133593750e+04-1.573761940000e+00 9.313225746150e-10 0.000000000000e+00
R11 2019 08 15 18 15 00-7.609836757180e-05-9.094947017730e-13 4.104000000000e+05
    -2.078557519530e+04-9.309225082400e-01 1.862645149230e-09 0.000000000000e+00
    -1.233150390630e+04-6.117572784420e-01-2.793967723850e-09 0.000000000000e+00
     8.094805664060e+03-3.335388183590e+00 0.000000000000e+00 0.000000000000e+00
R08 2019 08 15 18 15 00 1.618918031450e-05 0.000000000000e+00 4.104000000000e+05
    -9.630958984380e+03 5.033178329470e-01 9.313225746150e-10 0.000000000000e+00
    -7.049510742190e+03-3.052770614620e+00 0.000000000000e+00 6.000000000000e+00
    -2.249156884770e+04 7.386598587040e-01 1.862645149230e-09 0.000000000000e+00
R24 2019 08 15 18 15 00-1.837015151980e-04 0.000000000000e+00 4.104000000000e+05
    -1.247172851560e+04-2.277422904970e+00 9.313225746150e-10 0.000000000000e+00
     1.304240625000e+04 9.654731750490e-01 3.725290298460e-09 2.000000000000e+00
    -1.805502929690e+04 2.275163650510e+00 0.000000000000e+00 0.000000000000e+00
R12 2019 08 15 18 15 00 5.299597978590e-05 3.637978807090e-12 4.117200000000e+05
    -1.508354541020e+04-2.209723472600e+00 9.313225746150e-10 0.000000000000e+00
     5.836621093750e+01-1.743208885190e+00-1.862645149230e-09-1.000000000000e+00
     2.060749804690e+04-1.613627433780e+00-9.313225746150e-10 0.000000000000e+00
R17 2019 08 15 18 15 00 2.521667629480e-04 2.728484105319e-12 4.104000000000e+05
     3.994129882812e+03-2.990256309509e+00 0.000000000000e+00 0.000000000000e+00
     9.855180175781e+03 1.075652122498e+00 3.725290298462e-09 4.000000000000e+00
    -2.318279931641e+04-6.174468994141e-02 9.313225746155e-10 0.000000000000e+00
R19 2019 08 15 18 45 00-4.841666668653e-05-1.818989403546e-12 4.122000000000e+05
     2.315505566406e+04-1.042324066162e+00-1.862645149231e-09 0.000000000000e+00
    -7.478865234375e+03 2.533130645752e-01 0.000000000000e+00 3.000000000000e+00
    -7.645991210938e+03-3.407655715942e+00 9.313225746155e-10 0.000000000000e+00
R04 2019 08 15 18 45 00 3.178352490067e-04 9.094947017729e-13 4.122000000000e+05
     9.404586914063e+03-4.612159729004e-02 0.000000000000e+00 0.000000000000e+00
     1.152106591797e+04 2.835828781128e+00 0.000000000000e+00 6.000000000000e+00
     2.073682421875e+04-1.557306289673e+00-2.793967723846e-09 0.000000000000e+00
R05 2019 08 15 18 45 00 3.389734774828e-05 9.094947017729e-13 4.122000000000e+05
     1.068187744141e+04-1.789360046387e-01-9.313225746155e-10 0.000000000000e+00
    -6.874895019531e+03 3.023285865784e+00-1.862645149231e-09 1.000000000000e+00
     2.213462353516e+04 1.024057388306e+00-9.313225746155e-10 0.000000000000e+00
R06 2019 08 15 18 45 00 1.600785180926e-04 0.000000000000e+00 4.122000000000e+05
     5.148130371094e+03-1.600265502930e-01-9.313225746155e-10 0.000000000000e+00
    -2.310812695313e+04 1.300359725952e+00-4.656612873077e-09-4.000000000000e+00
     9.520047363281e+03 3.237619400024e+00 9.313225746155e-10 0.000000000000e+00
R14 2019 08 15 18 45 00 4.197005182505e-05 0.000000000000e+00 4.122000000000e+05
     1.203785302734e+04-1.710509300232e+00 0.000000000000e+00 0.000000000000e+00
     1.641441894531e+04-1.231945991516e+00 1.862645149231e-09-7.000000000000e+00
     1.540417919922e+04 2.650329589844e+00-2.793967723846e-09 0.000000000000e+00
R20 2019 08 15 18 45 00-3.874972462654e-04 0.000000000000e+00 4.122000000000e+05
     1.764845996094e+04 1.334649085999e+00-1.862645149231e-09 0.000000000000e+00
    -1.434740576172e+04-8.864984512329e-01-2.793967723846e-09 2.000000000000e+00
     1.158827343750e+04-3.126532554626e+00 0.000000000000e+00 0.000000000000e+00
R21 2019 08 15 18 45 00-6.617885082960e-05-2.728484105319e-12 4.122000000000e+05
     4.199130859375e+02 2.734066963196e+00 0.000000000000e+00 0.000000000000e+00
    -1.177368457031e+04-1.466674804688e+00-3.725290298462e-09 4.000000000000e+00
     2.261378808594e+04-8.169603347778e-01-9.313225746155e-10 0.000000000000e+00
R15 2019 08 15 18 45 00 1.035341992974e-04 0.000000000000e+00 4.123500000000e+05
     2.170725732422e+04 1.984863281250e-01-1.862645149231e-09 0.000000000000e+00
     1.337055224609e+04-7.462406158447e-02 2.793967723846e-09 0.000000000000e+00
    -9.011538085938e+02 3.570225715637e+00-9.313225746155e-10 0.000000000000e+00
R03 2019 08 15 18 45 00 5.867332220078e-08 0.000000000000e+00 4.122000000000e+05
     2.390463867188e+03 1.089429855347e-01 0.000000000000e+00 0.000000000000e+00
     2.435541845703e+04 9.800834655762e-01 3.725290298462e-09 5.000000000000e+00
     7.156284179688e+03-3.395389556885e+00-2.793967723846e-09 0.000000000000e+00
R13 2019 08 15 18 45 00-2.717878669500e-05 0.000000000000e+00 4.122000000000e+05
    -4.409727050781e+03-2.673708915710e+00 0.000000000000e+00 0.000000000000e+00
     1.006885937500e+04-1.672190666199e+00 0.000000000000e+00-2.000000000000e+00
     2.300732421875e+04 2.181692123413e-01-2.793967723846e-09 0.000000000000e+00
R18 2019 08 15 18 45 00 3.946013748650e-06 9.094947017730e-13 4.122000000000e+05
     1.498853759770e+04-2.546004295350e+00-9.313225746150e-10 0.000000000000e+00
     2.713785644530e+03 1.185694694520e+00 2.793967723850e-09-3.000000000000e+00
    -2.046864599610e+04-1.701831817630e+00 9.313225746150e-10 0.000000000000e+00
R16 2019 08 15 18 45 00 6.043352186680e-06-9.094947017730e-13 4.122000000000e+05
     1.885719042970e+04 2.038083076480e+00-1.862645149230e-09 0.000000000000e+00
     1.912284667970e+03 1.137022018430e+00 1.862645149230e-09-1.000000000000e+00
    -1.702739257810e+04 2.397111892700e+00 9.313225746150e-10 0.000000000000e+00
R26 2019 08 15 18 45 00-1.084152609110e-05 2.728484105319e-12 4.122000000000e+05
     1.925845996094e+04 9.627017974854e-01-1.862645149231e-09 1.000000000000e+00
    -1.426394238281e+04-7.366037368774e-01-1.862645149231e-09-6.000000000000e+00
     8.698060546875e+03-3.344455718994e+00 0.000000000000e+00 0.000000000000e+00
R27 2019 08 15 18 45 00 5.195662379265e-05 9.094947017729e-13 4.122000000000e+05
     2.001098779297e+04-3.559799194336e-01-9.313225746155e-10 1.000000000000e+00
     1.523017089844e+04-4.520921707153e-01 2.793967723846e-09-5.000000000000e+00
     3.983575195313e+03 3.538339614868e+00-1.862645149231e-09 0.000000000000e+00
R07 2019 08 15 18 45 00-2.510379999880e-05 0.000000000000e+00 4.122000000000e+05
    -2.554430664060e+03-1.092472076420e-01 0.000000000000e+00 0.000000000000e+00
    -2.424323535160e+04-1.042655944820e+00-3.725290298460e-09 5.000000000000e+00
    -7.540038574220e+03 3.369753837590e+00 1.862645149230e-09 0.000000000000e+00
R09 2019 08 15 18 45 00 8.555222302680e-05 1.818989403550e-12 4.122000000000e+05
     2.448740722660e+03 2.605480194090e+00 0.000000000000e+00 0.000000000000e+00
    -1.150589160160e+04 1.679541587830e+00 0.000000000000e+00-2.000000000000e+00
    -2.260869970700e+04-5.787868499760e-01 2.793967723850e-09 0.000000000000e+00
R08 2019 08 15 18 45 00 1.618731766940e-05 0.000000000000e+00 4.123200000000e+05
    -9.145235839840e+03 4.495716094970e-02 0.000000000000e+00 0.000000000000e+00
    -1.235641406250e+04-2.793695449830e+00-9.313225746150e-10 6.000000000000e+00
    -2.030539111330e+04 1.674478530880e+00 2.793967723850e-09 0.000000000000e+00
R02 2019 08 15 18 45 00 3.834199160340e-04 9.094947017730e-13 4.122000000000e+05
    -5.918505371090e+03 2.125711441040e-01 1.862645149230e-09 0.000000000000e+00
     2.250688671880e+04-1.416770935060e+00 4.656612873080e-09-4.000000000000e+00
    -1.034357617190e+04-3.196831703190e+00-9.313225746150e-10 0.000000000000e+00
R23 2019 08 15 18 45 00 2.474905923010e-04 1.818989403550e-12 4.122000000000e+05
    -2.304181152340e+04 3.506364822390e-01 2.793967723850e-09 0.000000000000e+00
     1.076619531250e+04 8.545970916750e-02 0.000000000000e+00 3.000000000000e+00
     1.979817382810e+03 3.590703964230e+00-9.313225746150e-10 0.000000000000e+00
R11 2019 08 15 18 45 00-7.610116153960e-05-9.094947017730e-13 4.122000000000e+05
    -2.191001708980e+04-2.859659194950e-01 9.313225746150e-10 0.000000000000e+00
    -1.287652099610e+04-1.897525787350e-02-2.793967723850e-09 0.000000000000e+00
     1.855091796880e+03-3.552505493160e+00 9.313225746150e-10 0.000000000000e+00
R01 2019 08 15 18 45 00 4.820898175240e-05 0.000000000000e+00 4.122000000000e+05
    -1.102430957030e+04 1.043758392330e-01 9.313225746150e-10 0.000000000000e+00
     4.272748046880e+03-3.092414855960e+00 1.862645149230e-09 1.000000000000e+00
    -2.260128271480e+04-6.339368820190e-01 1.862645149230e-09 0.000000000000e+00
R24 2019 08 15 18 45 00-1.837024465200e-04 0.000000000000e+00 4.122000000000e+05
    -1.592032031250e+04-1.533384323120e+00 2.793967723850e-09 0.000000000000e+00
     1.485027148440e+04 1.000383377080e+00 2.793967723850e-09 2.000000000000e+00
    -1.331595458980e+04 2.956445693970e+00 0.000000000000e+00 0.000000000000e+00
R22 2019 08 15 18 45 00-3.322120755910e-05-1.818989403550e-12 4.122000000000e+05
    -1.693390625000e+04 2.385622978210e+00 9.313225746150e-10 0.000000000000e+00
    -9.769931640630e+02-1.068014144900e+00-2.793967723850e-09-3.000000000000e+00
     1.900093554690e+04 2.081448554990e+00-9.313225746150e-10 0.000000000000e+00
R12 2019 08 15 18 45 00 5.300343036650e-05 3.637978807090e-12 4.122000000000e+05
    -1.893169189450e+04-2.017815589900e+00 9.313225746150e-10 0.000000000000e+00
    -2.539657714840e+03-1.137364387510e+00-2.793967723850e-09-1.000000000000e+00
     1.694648535160e+04-2.427900314330e+00-9.313225746150e-10 0.000000000000e+00
R17 2019 08 15 18 45 00 2.521723508830e-04 2.728484105320e-12 4.137300000000e+05
    -1.168508789060e+03-2.700112342830e+00 9.313225746150e-10 0.000000000000e+00
     1.216052880860e+04 1.460214614870e+00 3.725290298460e-09 4.000000000000e+00
    -2.239640576170e+04 9.297246932980e-01 9.313225746150e-10 0.000000000000e+00
R14 2019 08 15 19 15 00 4.197098314762e-05 0.000000000000e+00 4.140000000000e+05
     8.335662597656e+03-2.381103515625e+00 0.000000000000e+00 0.000000000000e+00
     1.418322460938e+04-1.205205917358e+00 9.313225746155e-10-7.000000000000e+00
     1.951911816406e+04 1.892221450806e+00-2.793967723846e-09 0.000000000000e+00
R04 2019 08 15 19 15 00 3.178380429745e-04 9.094947017729e-13 4.140000000000e+05
     9.671239257813e+03 3.185939788818e-01 0.000000000000e+00 0.000000000000e+00
     1.620704101563e+04 2.328437805176e+00 1.862645149231e-09 6.000000000000e+00
     1.716912353516e+04-2.381175994873e+00-2.793967723846e-09 0.000000000000e+00
R05 2019 08 15 19 15 00 3.389921039343e-05 9.094947017729e-13 4.140000000000e+05
     1.076834179688e+04 2.799835205078e-01-9.313225746155e-10 0.000000000000e+00
    -1.274208007813e+03 3.148146629333e+00-9.313225746155e-10 1.000000000000e+00
     2.309980712891e+04 4.137420654297e-02-1.862645149231e-09 0.000000000000e+00
R06 2019 08 15 19 15 00 1.600794494152e-04 0.000000000000e+00 4.140000000000e+05
     5.075145507813e+03 1.118221282959e-01-1.862645149231e-09 0.000000000000e+00
    -2.007518701172e+04 2.040664672852e+00-3.725290298462e-09-4.000000000000e+00
     1.490479101563e+04 2.706577301025e+00 0.000000000000e+00 0.000000000000e+00
R15 2019 08 15 19 15 00 1.035341992974e-04 0.000000000000e+00 4.140000000000e+05
     2.135431982422e+04-6.057157516479e-01-9.313225746155e-10 0.000000000000e+00
     1.284947705078e+04-4.660491943359e-01 2.793967723846e-09 0.000000000000e+00
     5.477085937500e+03 3.470724105835e+00-1.862645149231e-09 0.000000000000e+00
R19 2019 08 15 19 15 00-4.842039197683e-05-1.818989403546e-12 4.140000000000e+05
     2.070351660156e+04-1.641617774963e+00-1.862645149231e-09 0.000000000000e+00
    -6.505286132813e+03 8.492565155029e-01 9.313225746155e-10 3.000000000000e+00
    -1.340482714844e+04-2.949513435364e+00 9.313225746155e-10 0.000000000000e+00
R20 2019 08 15 19 15 00-3.875009715557e-04 0.000000000000e+00 4.140000000000e+05
     1.930351660156e+04 5.066747665405e-01-2.793967723846e-09 0.000000000000e+00
    -1.574444482422e+04-6.216135025024e-01-9.313225746155e-10 2.000000000000e+00
     5.586031738281e+03-3.499400138855e+00 0.000000000000e+00 0.000000000000e+00
R21 2019 08 15 19 15 00-6.618350744247e-05-2.728484105319e-12 4.140000000000e+05
     4.913092285156e+03 2.223776817322e+00-1.862645149231e-09 0.000000000000e+00
    -1.463855908203e+04-1.677945137024e+00-3.725290298462e-09 4.000000000000e+00
     2.028711474609e+04-1.751504898071e+00 0.000000000000e+00 0.000000000000e+00
R16 2019 08 15 19 15 00 6.041489541531e-06-9.094947017729e-13 4.153500000000e+05
     2.213844873047e+04 1.563858985901e+00-9.313225746155e-10 0.000000000000e+00
     3.433244628906e+03 5.651187896729e-01 2.793967723846e-09-1.000000000000e+00
    -1.210770947266e+04 3.033736228943e+00 0.000000000000e+00 0.000000000000e+00
R13 2019 08 15 19 15 00-2.718064934015e-05 0.000000000000e+00 4.140000000000e+05
    -9.402329589844e+03-2.826403617859e+00 9.313225746155e-10 0.000000000000e+00
     7.431467285156e+03-1.236711502075e+00-9.313225746155e-10-2.000000000000e+00
     2.250463037109e+04-7.731189727783e-01-1.862645149231e-09 0.000000000000e+00
R18 2019 08 15 19 15 00 3.947876393800e-06 9.094947017730e-13 4.140000000000e+05
     1.032366064450e+04-2.587033271790e+00 0.000000000000e+00 0.000000000000e+00
     5.352487792970e+03 1.733150482180e+00 3.725290298460e-09-3.000000000000e+00
    -2.270156201170e+04-7.629508972170e-01 9.313225746150e-10 0.000000000000e+00
R09 2019 08 15 19 15 00 8.555594831710e-05 1.818989403550e-12 4.154700000000e+05
     7.385384277340e+03 2.835259437560e+00-9.313225746150e-10 0.000000000000e+00
    -8.801306640630e+03 1.300138473510e+00 9.313225746150e-10-2.000000000000e+00
    -2.276128125000e+04 4.101457595830e-01 1.862645149230e-09 0.000000000000e+00
R03 2019 08 15 19 15 00 5.960464477539e-08 0.000000000000e+00 4.140000000000e+05
     2.674379882813e+03 1.660823822021e-01 1.862645149231e-09 0.000000000000e+00
     2.533118408203e+04 9.584617614746e-02 4.656612873077e-09 5.000000000000e+00
     8.465336914063e+02-3.569862365723e+00-1.862645149231e-09 0.000000000000e+00
R22 2019 08 15 19 15 00-3.322493284941e-05-1.818989403546e-12 4.155900000000e+05
    -1.246785400391e+04 2.525792121887e+00 0.000000000000e+00 0.000000000000e+00
    -3.428182617188e+03-1.647872924805e+00-2.793967723846e-09-3.000000000000e+00
     2.196168554688e+04 1.187117576599e+00-9.313225746155e-10 0.000000000000e+00
R26 2019 08 15 19 15 00-1.073814928532e-05 3.637978807092e-12 4.140000000000e+05
     2.024205908203e+04 1.402664184570e-01-2.793967723846e-09 1.000000000000e+00
    -1.530623876953e+04-3.794937133789e-01-9.313225746155e-10-6.000000000000e+00
     2.419107910156e+03-3.586787223816e+00 0.000000000000e+00 0.000000000000e+00
R27 2019 08 15 19 15 00 5.195941776037e-05 1.818989403546e-12 4.140000000000e+05
     1.863483447266e+04-1.178224563599e+00-9.313225746155e-10 1.000000000000e+00
     1.411005078125e+04-7.499504089355e-01 2.793967723846e-09-5.000000000000e+00
     1.011503222656e+04 3.229969024658e+00-1.862645149231e-09 0.000000000000e+00
R07 2019 08 15 19 15 00-2.510473132130e-05 0.000000000000e+00 4.140000000000e+05
    -2.849372070310e+03-1.782016754150e-01-9.313225746150e-10 0.000000000000e+00
    -2.533594091800e+04-1.625070571900e-01-3.725290298460e-09 5.000000000000e+00
    -1.261608398440e+03 3.561011314390e+00 1.862645149230e-09 0.000000000000e+00
R08 2019 08 15 19 15 00 1.618638634680e-05 0.000000000000e+00 4.140000000000e+05
    -9.407527343750e+03-3.114242553710e-01 0.000000000000e+00 0.000000000000e+00
    -1.693947949220e+04-2.257162094120e+00-1.862645149230e-09 6.000000000000e+00
    -1.654209765630e+04 2.479565620420e+00 2.793967723850e-09 0.000000000000e+00
R02 2019 08 15 19 15 00 3.834217786790e-04 9.094947017730e-13 4.140000000000e+05
    -5.754508789060e+03-6.353664398190e-02 1.862645149230e-09 0.000000000000e+00
     1.926763867190e+04-2.152000427250e+00 3.725290298460e-09-4.000000000000e+00
    -1.562125537110e+04-2.628949165340e+00 0.000000000000e+00 0.000000000000e+00
R11 2019 08 15 19 15 00-7.610488682990e-05-9.094947017730e-13 4.140000000000e+05
    -2.172469042970e+04 5.086650848390e-01 9.313225746150e-10 0.000000000000e+00
    -1.251365576170e+04 3.852796554570e-01-2.793967723850e-09 0.000000000000e+00
    -4.528467285160e+03-3.494109153750e+00 1.862645149230e-09 0.000000000000e+00
R23 2019 08 15 19 15 00 2.474943175910e-04 1.818989403550e-12 4.140000000000e+05
    -2.174206640630e+04 1.062161445620e+00 1.862645149230e-09 0.000000000000e+00
     1.045206103520e+04-4.639911651610e-01 0.000000000000e+00 3.000000000000e+00
     8.283018554690e+03 3.367354393010e+00-9.313225746150e-10 0.000000000000e+00
R24 2019 08 15 19 15 00-1.837024465200e-04 0.000000000000e+00 4.140000000000e+05
    -1.795128808590e+04-7.218885421750e-01 2.793967723850e-09 0.000000000000e+00
     1.648295068360e+04 7.688102722170e-01 1.862645149230e-09 2.000000000000e+00
    -7.548823242190e+03 3.409980773930e+00 0.000000000000e+00 0.000000000000e+00
R12 2019 08 15 19 15 00 5.300994962450e-05 3.637978807090e-12 4.140000000000e+05
    -2.217890625000e+04-1.546150207520e+00 9.313225746150e-10 0.000000000000e+00
    -4.047620605470e+03-5.503902435300e-01-2.793967723850e-09-1.000000000000e+00
     1.197938134770e+04-3.055441856380e+00 0.000000000000e+00 0.000000000000e+00
R01 2019 08 15 19 15 00 4.820991307500e-05 0.000000000000e+00 4.140000000000e+05
    -1.124046435550e+04-3.440847396850e-01 9.313225746150e-10 0.000000000000e+00
    -1.355666503910e+03-3.110059738160e+00 0.000000000000e+00 1.000000000000e+00
    -2.285387695310e+04 3.551454544070e-01 1.862645149230e-09 0.000000000000e+00
R17 2019 08 15 19 15 00 2.521779388190e-04 2.728484105320e-12 4.140000000000e+05
    -5.582069335940e+03-2.170815467830e+00 1.862645149230e-09 0.000000000000e+00
     1.499354052730e+04 1.648502349850e+00 3.725290298460e-09 4.000000000000e+00
    -1.987939746090e+04 1.848710060120e+00 0.000000000000e+00 0.000000000000e+00
R14 2019 08 15 19 45 00 4.197191447020e-05 0.000000000000e+00 4.158000000000e+05
     3.574898437500e+03-2.870862007141e+00 0.000000000000e+00 0.000000000000e+00
     1.221208300781e+04-9.524145126343e-01 0.000000000000e+00-7.000000000000e+00
     2.212839257813e+04 9.881811141968e-01-2.793967723846e-09 0.000000000000e+00
R04 2019 08 15 19 45 00 3.178408369422e-04 9.094947017729e-13 4.158000000000e+05
     1.044180664063e+04 5.015630722046e-01 9.313225746155e-10 0.000000000000e+00
     1.977453857422e+04 1.607289314270e+00 2.793967723846e-09 6.000000000000e+00
     1.227497656250e+04-3.021540641785e+00-2.793967723846e-09 0.000000000000e+00
R05 2019 08 15 19 45 00 3.390107303858e-05 9.094947017729e-13 4.158000000000e+05
     1.167483984375e+04 7.140626907349e-01-9.313225746155e-10 0.000000000000e+00
     4.272459960938e+03 2.964632987976e+00 0.000000000000e+00 1.000000000000e+00
     2.228145117188e+04-9.448280334473e-01-2.793967723846e-09 0.000000000000e+00
R06 2019 08 15 19 45 00 1.600813120604e-04 0.000000000000e+00 4.158000000000e+05
     5.647351562500e+03 5.437364578247e-01-1.862645149231e-09 0.000000000000e+00
    -1.589213281250e+04 2.564764976501e+00-2.793967723846e-09-4.000000000000e+00
     1.913776757813e+04 1.966154098511e+00 0.000000000000e+00 0.000000000000e+00
R15 2019 08 15 19 45 00 1.035341992974e-04 0.000000000000e+00 4.158000000000e+05
     1.950636425781e+04-1.443496704102e+00 0.000000000000e+00 0.000000000000e+00
     1.184092382813e+04-6.120672225952e-01 2.793967723846e-09 0.000000000000e+00
     1.143227050781e+04 3.103281021118e+00-2.793967723846e-09 0.000000000000e+00
R16 2019 08 15 19 45 00 6.038695573807e-06-9.094947017729e-13 4.158000000000e+05
     2.434719140625e+04 8.577880859375e-01-9.313225746155e-10 0.000000000000e+00
     4.019896484375e+03 1.143503189087e-01 3.725290298462e-09-1.000000000000e+00
    -6.247283203125e+03 3.435407638550e+00 0.000000000000e+00 0.000000000000e+00
R20 2019 08 15 19 45 00-3.875028342009e-04 0.000000000000e+00 4.158000000000e+05
     1.951597607422e+04-2.493429183960e-01-2.793967723846e-09 0.000000000000e+00
    -1.643634912109e+04-1.101121902466e-01 0.000000000000e+00 2.000000000000e+00
    -8.471538085938e+02-3.602272987366e+00 0.000000000000e+00 0.000000000000e+00
R21 2019 08 15 19 45 00-6.619282066822e-05-2.728484105319e-12 4.158000000000e+05
     8.330922363281e+03 1.556574821472e+00-2.793967723846e-09 0.000000000000e+00
    -1.765883691406e+04-1.631573677063e+00-2.793967723846e-09 4.000000000000e+00
     1.638970703125e+04-2.550837516785e+00 0.000000000000e+00 0.000000000000e+00
R22 2019 08 15 19 45 00-3.322865813971e-05-1.818989403546e-12 4.158600000000e+05
    -8.018581054688e+03 2.371651649475e+00-9.313225746155e-10 0.000000000000e+00
    -6.848007812500e+03-2.125983238220e+00-3.725290298462e-09-3.000000000000e+00
     2.322031884766e+04 2.026023864746e-01-9.313225746155e-10 0.000000000000e+00
R07 2019 08 15 19 45 00-2.510566264391e-05 0.000000000000e+00 4.162800000000e+05
    -3.049631347656e+03-4.802703857422e-03-1.862645149231e-09 0.000000000000e+00
    -2.483137060547e+04 7.125186920166e-01-3.725290298462e-09 5.000000000000e+00
     5.114266601563e+03 3.477423667908e+00 9.313225746155e-10 0.000000000000e+00
R19 2019 08 15 19 45 00-4.842504858970e-05-1.818989403550e-12 4.158000000000e+05
     1.740609130860e+04-1.974315643310e+00-9.313225746150e-10 0.000000000000e+00
    -4.378328125000e+03 1.516665458680e+00 1.862645149230e-09 3.000000000000e+00
    -1.812715136720e+04-2.263481140140e+00 9.313225746150e-10 0.000000000000e+00
R09 2019 08 15 19 45 00 8.555874228480e-05 1.818989403550e-12 4.158000000000e+05
     1.248354638670e+04 2.779639244080e+00-9.313225746150e-10 0.000000000000e+00
    -6.887132324220e+03 8.183240890500e-01 1.862645149230e-09-2.000000000000e+00
    -2.115203271480e+04 1.366081237790e+00 1.862645149230e-09 0.000000000000e+00
R13 2019 08 15 19 45 00-2.718158066273e-05 0.000000000000e+00 4.158300000000e+05
    -1.440583984375e+04-2.682415008545e+00 9.313225746155e-10 0.000000000000e+00
     5.662601562500e+03-7.250642776489e-01-1.862645149231e-09-2.000000000000e+00
     2.025999755859e+04-1.704725265503e+00-9.313225746155e-10 0.000000000000e+00
R26 2019 08 15 19 45 00-1.073256134987e-05 3.637978807092e-12 4.158000000000e+05
     1.983303369141e+04-5.669012069702e-01-2.793967723846e-09 1.000000000000e+00
    -1.549417822266e+04 2.027902603149e-01 0.000000000000e+00-6.000000000000e+00
    -4.047231933594e+03-3.551281929016e+00 9.313225746155e-10 0.000000000000e+00
R27 2019 08 15 19 45 00 5.196314305067e-05 1.818989403546e-12 4.158000000000e+05
     1.578647314453e+04-1.972023010254e+00 0.000000000000e+00 1.000000000000e+00
     1.268717822266e+04-7.880029678345e-01 1.862645149231e-09-5.000000000000e+00
     1.546084472656e+04 2.671223640442e+00-2.793967723846e-09 0.000000000000e+00
R08 2019 08 15 19 45 00 1.618545502420e-05 0.000000000000e+00 4.158000000000e+05
    -1.015323535160e+04-4.804286956790e-01-9.313225746150e-10 0.000000000000e+00
    -2.035797314450e+04-1.514625549320e+00-2.793967723850e-09 6.000000000000e+00
    -1.149516455080e+04 3.091487884520e+00 2.793967723850e-09 0.000000000000e+00
R18 2019 08 15 19 45 00 3.950670361520e-06 9.094947017730e-13 4.158000000000e+05
     5.846260253910e+03-2.344484329220e+00 9.313225746150e-10 0.000000000000e+00
     8.873635742190e+03 2.148742675780e+00 3.725290298460e-09-3.000000000000e+00
    -2.317928222660e+04 2.357454299930e-01 9.313225746150e-10 0.000000000000e+00
R03 2019 08 15 19 45 00 5.960464477540e-08 0.000000000000e+00 4.158000000000e+05
     2.841981933590e+03-1.920986175540e-02 2.793967723850e-09 0.000000000000e+00
     2.470634716800e+04-7.786512374880e-01 4.656612873080e-09 5.000000000000e+00
    -5.528752441410e+03-3.467617988590e+00-9.313225746150e-10 0.000000000000e+00
R11 2019 08 15 19 45 00-7.610768079760e-05-9.094947017730e-13 4.158000000000e+05
    -2.005188623050e+04 1.347838401790e+00 0.000000000000e+00 0.000000000000e+00
    -1.163378857420e+04 5.505628585820e-01-2.793967723850e-09 0.000000000000e+00
    -1.056052099610e+04-3.164466857910e+00 1.862645149230e-09 0.000000000000e+00
R12 2019 08 15 19 45 00 5.301646888260e-05 3.637978807090e-12 4.158000000000e+05
    -2.435722363280e+04-8.414335250850e-01 0.000000000000e+00 0.000000000000e+00
    -4.594711914060e+03-8.532524108890e-02-3.725290298460e-09-1.000000000000e+00
     6.088418945310e+03-3.447714805600e+00 0.000000000000e+00 0.000000000000e+00
R24 2019 08 15 19 45 00-1.837033778430e-04 0.000000000000e+00 4.158000000000e+05
    -1.854954492190e+04 3.929901123050e-02 2.793967723850e-09 0.000000000000e+00
     1.746413232420e+04 2.823457717900e-01 0.000000000000e+00 2.000000000000e+00
    -1.198369140630e+03 3.600290298460e+00 0.000000000000e+00 0.000000000000e+00
R23 2019 08 15 19 45 00 2.474989742040e-04 1.818989403550e-12 4.158000000000e+05
    -1.935461914060e+04 1.547353744510e+00 9.313225746150e-10 0.000000000000e+00
     9.017290527340e+03-1.143446922300e+00-1.862645149230e-09 3.000000000000e+00
     1.394554443360e+04 2.883439064030e+00-9.313225746150e-10 0.000000000000e+00
R01 2019 08 15 19 45 00 4.821084439750e-05 0.000000000000e+00 4.158000000000e+05
    -1.222928759770e+04-7.366447448730e-01 0.000000000000e+00 0.000000000000e+00
    -6.742773925780e+03-2.828082084660e+00-9.313225746150e-10 1.000000000000e+00
    -2.133911132810e+04 1.317043304440e+00 2.793967723850e-09 0.000000000000e+00
R17 2019 08 15 19 45 00 2.521844580770e-04 2.728484105320e-12 4.158000000000e+05
    -8.894943847660e+03-1.494681358340e+00 2.793967723850e-09 0.000000000000e+00
     1.793914501950e+04 1.578252792360e+00 2.793967723850e-09 4.000000000000e+00
    -1.582722753910e+04 2.624441146850e+00 0.000000000000e+00 0.000000000000e+00
R02 2019 08 15 19 45 00 3.834245726470e-04 9.094947017730e-13 4.158000000000e+05
    -6.244149414060e+03-5.001220703130e-01 2.793967723850e-09 0.000000000000e+00
     1.489556689450e+04-2.661945343020e+00 2.793967723850e-09-4.000000000000e+00
    -1.968482226560e+04-1.856659889220e+00 9.313225746150e-10 0.000000000000e+00
R14 2019 08 15 20 15 00 4.197284579277e-05 0.000000000000e+00 4.176000000000e+05
    -1.842431640625e+03-3.100244522095e+00 0.000000000000e+00 0.000000000000e+00
     1.084649658203e+04-5.472030639648e-01-9.313225746155e-10-7.000000000000e+00
     2.303062207031e+04 7.756233215332e-03-2.793967723846e-09 0.000000000000e+00
R05 2019 08 15 20 15 00 3.390200436115e-05 9.094947017729e-13 4.176000000000e+05
     1.326141992188e+04 1.019626617432e+00 0.000000000000e+00 0.000000000000e+00
     9.231295410156e+03 2.503901481628e+00 9.313225746155e-10 1.000000000000e+00
     1.974206298828e+04-1.858485221863e+00-2.793967723846e-09 0.000000000000e+00
R06 2019 08 15 20 15 00 1.600822433829e-04 0.000000000000e+00 4.176000000000e+05
     7.074056640625e+03 1.044243812561e+00-1.862645149231e-09 0.000000000000e+00
    -1.100986669922e+04 2.810604095459e+00-1.862645149231e-09-4.000000000000e+00
     2.189131542969e+04 1.073415756226e+00-9.313225746155e-10 0.000000000000e+00
R07 2019 08 15 20 15 00-2.510566264391e-05 0.000000000000e+00 4.176000000000e+05
    -2.736486816406e+03 3.841867446899e-01-2.793967723846e-09 0.000000000000e+00
    -2.284222509766e+04 1.469297409058e+00-3.725290298462e-09 5.000000000000e+00
     1.109597851563e+04 3.125962257385e+00 0.000000000000e+00 0.000000000000e+00
R15 2019 08 15 20 15 00 1.035351306200e-04 0.000000000000e+00 4.176000000000e+05
     1.620717919922e+04-2.199218750000e+00 0.000000000000e+00 0.000000000000e+00
     1.079558398438e+04-5.103387832642e-01 1.862645149231e-09 0.000000000000e+00
     1.650499023438e+04 2.496610641479e+00-2.793967723846e-09 0.000000000000e+00
R16 2019 08 15 20 15 00 6.035901606083e-06-9.094947017729e-13 4.176000000000e+05
     2.513820361328e+04 5.423545837402e-03 0.000000000000e+00 0.000000000000e+00
     3.964834472656e+03-1.378278732300e-01 3.725290298462e-09-1.000000000000e+00
     9.913085937500e+01 3.570079803467e+00-9.313225746155e-10 0.000000000000e+00
R20 2019 08 15 20 15 00-3.875037655234e-04 0.000000000000e+00 4.176000000000e+05
     1.851110400391e+04-8.310670852661e-01-1.862645149231e-09 0.000000000000e+00
    -1.603018896484e+04 5.846691131592e-01 9.313225746155e-10 2.000000000000e+00
    -7.214983398438e+03-3.427249908447e+00 9.313225746155e-10 0.000000000000e+00
R21 2019 08 15 20 15 00-6.619747728109e-05-2.728484105319e-12 4.176000000000e+05
     1.048952880859e+04 8.440866470337e-01-2.793967723846e-09 0.000000000000e+00
    -2.034233789063e+04-1.303662300110e+00-1.862645149231e-09 4.000000000000e+00
     1.122281005859e+04-3.152832984924e+00 0.000000000000e+00 0.000000000000e+00
R22 2019 08 15 20 15 00-3.323145210743e-05-9.094947017729e-13 4.176000000000e+05
    -4.077193847656e+03 1.973290443420e+00-1.862645149231e-09 0.000000000000e+00
    -1.096032958984e+04-2.402810096741e+00-2.793967723846e-09-3.000000000000e+00
     2.268284130859e+04-7.955865859985e-01-9.313225746155e-10 0.000000000000e+00
R04 2019 08 15 20 15 00 3.178417682648e-04 9.094947017729e-13 4.176000000000e+05
     1.133421777344e+04 4.482316970825e-01 1.862645149231e-09 0.000000000000e+00
     2.192389746094e+04 7.710447311401e-01 3.725290298462e-09 6.000000000000e+00
     6.431889160156e+03-3.428656578064e+00-2.793967723846e-09 0.000000000000e+00
R19 2019 08 15 20 15 00-4.842877388000e-05-1.818989403550e-12 4.176000000000e+05
     1.377124707030e+04-2.016514778140e+00 0.000000000000e+00 0.000000000000e+00
    -1.070829101560e+03 2.141597747800e+00 2.793967723850e-09 3.000000000000e+00
    -2.144825439450e+04-1.402724266050e+00 9.313225746150e-10 0.000000000000e+00
R09 2019 08 15 20 15 00 8.556246757510e-05 1.818989403550e-12 4.176000000000e+05
     1.721445849610e+04 2.429513931270e+00 0.000000000000e+00 0.000000000000e+00
    -5.853111816410e+03 3.400917053220e-01 2.793967723850e-09-2.000000000000e+00
    -1.790762402340e+04 2.215247154240e+00 9.313225746150e-10 0.000000000000e+00
R27 2019 08 15 20 15 00 5.196686834097e-05 1.818989403546e-12 4.176000000000e+05
     1.162154931641e+04-2.623173713684e+00 0.000000000000e+00 1.000000000000e+00
     1.141783642578e+04-5.864953994751e-01 9.313225746155e-10-5.000000000000e+00
     1.960739208984e+04 1.906266212463e+00-2.793967723846e-09 0.000000000000e+00
R08 2019 08 15 20 15 00 1.618452370170e-05 0.000000000000e+00 4.176000000000e+05
    -1.099313720700e+04-4.110164642330e-01-1.862645149230e-09 0.000000000000e+00
    -2.232941162110e+04-6.680278778080e-01-3.725290298460e-09 6.000000000000e+00
    -5.557265136720e+03 3.463175773620e+00 1.862645149230e-09 0.000000000000e+00
R03 2019 08 15 20 15 00 6.053596735000e-08 0.000000000000e+00 4.176000000000e+05
     2.476275878910e+03-4.180393218990e-01 3.725290298460e-09 0.000000000000e+00
     2.260258447270e+04-1.529600143430e+00 3.725290298460e-09 5.000000000000e+00
    -1.147485058590e+04-3.096024513240e+00 0.000000000000e+00 0.000000000000e+00
R12 2019 08 15 20 15 00 5.302205681800e-05 3.637978807090e-12 4.176000000000e+05
    -2.511863916020e+04 1.148223876950e-02 0.000000000000e+00 0.000000000000e+00
    -4.475737792970e+03 1.794462203980e-01-3.725290298460e-09-1.000000000000e+00
    -2.724384765630e+02-3.574085235600e+00 9.313225746150e-10 0.000000000000e+00
R11 2019 08 15 20 15 00-7.611047476530e-05-9.094947017730e-13 4.176000000000e+05
    -1.691518994140e+04 2.116105079650e+00 0.000000000000e+00 0.000000000000e+00
    -1.067998730470e+04 4.700946807860e-01-1.862645149230e-09 0.000000000000e+00
    -1.577277050780e+04-2.589178085330e+00 2.793967723850e-09 0.000000000000e+00
R01 2019 08 15 20 15 00 4.821177572010e-05 0.000000000000e+00 4.176000000000e+05
    -1.380007666020e+04-9.762392044070e-01 0.000000000000e+00 0.000000000000e+00
    -1.138294335940e+04-2.291022300720e+00-1.862645149230e-09 1.000000000000e+00
    -1.817364550780e+04 2.177330017090e+00 2.793967723850e-09 0.000000000000e+00
R24 2019 08 15 20 15 00-1.837043091650e-04 0.000000000000e+00 4.176000000000e+05
    -1.790415478520e+04 6.442365646360e-01 1.862645149230e-09 0.000000000000e+00
     1.737974511720e+04-4.022998809810e-01-9.313225746150e-10 2.000000000000e+00
     5.244708007810e+03 3.512139320370e+00-9.313225746150e-10 0.000000000000e+00
R23 2019 08 15 20 15 00 2.475036308170e-04 1.818989403550e-12 4.176000000000e+05
    -1.633814062500e+04 1.756542205810e+00 0.000000000000e+00 0.000000000000e+00
     6.322035156250e+03-1.845312118530e+00-2.793967723850e-09 3.000000000000e+00
     1.852909765630e+04 2.176271438600e+00-9.313225746150e-10 0.000000000000e+00
R02 2019 08 15 20 15 00 3.834264352920e-04 9.094947017730e-13 4.176000000000e+05
    -7.595061035160e+03-1.003072738650e+00 1.862645149230e-09 0.000000000000e+00
     9.857518066410e+03-2.885269165040e+00 9.313225746150e-10-4.000000000000e+00
    -2.221856298830e+04-9.403047561650e-01 9.313225746150e-10 0.000000000000e+00
R17 2019 08 15 20 15 00 2.521900460120e-04 2.728484105320e-12 4.176000000000e+05
    -1.094192822270e+04-7.835931777950e-01 3.725290298460e-09 0.000000000000e+00
     2.050735498050e+04 1.229758262630e+00 9.313225746150e-10 4.000000000000e+00
    -1.055345068360e+04 3.197299003600e+00 0.000000000000e+00 0.000000000000e+00
R13 2019 08 15 20 15 00-2.718251198530e-05 0.000000000000e+00 4.178400000000e+05
    -1.888188134770e+04-2.244736671450e+00 0.000000000000e+00 0.000000000000e+00
     4.801379882810e+03-2.462129592900e-01-2.793967723850e-09-2.000000000000e+00
     1.644695556640e+04-2.504450798030e+00 0.000000000000e+00 0.000000000000e+00
R18 2019 08 15 20 15 00 3.952533006668e-06 9.094947017729e-13 4.176000000000e+05
     2.017519531250e+03-1.879734039307e+00 1.862645149231e-09 0.000000000000e+00
     1.295280224609e+04 2.340231895447e+00 2.793967723846e-09-3.000000000000e+00
    -2.186333642578e+04 1.217048645020e+00 9.313225746155e-10 0.000000000000e+00
R26 2019 08 15 20 15 00-1.072697341442e-05 3.637978807092e-12 4.176000000000e+05
     1.832650927734e+04-1.066506385803e+00-1.862645149231e-09 4.000000000000e+00
    -1.448739306641e+04 9.321107864380e-01 9.313225746155e-10-6.000000000000e+00
    -1.019997021484e+04-3.240608215332e+00 9.313225746155e-10 0.000000000000e+00
R15 2019 08 15 20 45 00 1.035360619426e-04 0.000000000000e+00 4.194000000000e+05
     1.170215527344e+04-2.767572402954e+00 0.000000000000e+00 0.000000000000e+00
     1.012799511719e+04-2.027063369751e-01 9.313225746155e-10 0.000000000000e+00
     2.030444042969e+04 1.697718620300e+00-2.793967723846e-09 0.000000000000e+00
R05 2019 08 15 20 45 00 3.390479832888e-05 9.094947017729e-13 4.194000000000e+05
     1.521830908203e+04 1.114429473877e+00 9.313225746155e-10 0.000000000000e+00
     1.316304785156e+04 1.838409423828e+00 1.862645149231e-09 1.000000000000e+00
     1.567702490234e+04-2.628973960876e+00-2.793967723846e-09 0.000000000000e+00
R06 2019 08 15 20 45 00 1.600831747055e-04 0.000000000000e+00 4.194000000000e+05
     9.383882812500e+03 1.506951332092e+00-1.862645149231e-09 0.000000000000e+00
    -5.953321777344e+03 2.759057044983e+00 0.000000000000e+00-4.000000000000e+00
     2.295188916016e+04 9.727478027344e-02-1.862645149231e-09 0.000000000000e+00
R07 2019 08 15 20 45 00-2.510659396648e-05 0.000000000000e+00 4.194000000000e+05
    -1.576796875000e+03 9.217910766602e-01-2.793967723846e-09 0.000000000000e+00
    -1.966957958984e+04 2.014445304871e+00-2.793967723846e-09 5.000000000000e+00
     1.622308105469e+04 2.534033775330e+00 0.000000000000e+00 0.000000000000e+00
R16 2019 08 15 20 45 00 6.034038960934e-06-9.094947017729e-13 4.194000000000e+05
     2.434498925781e+04-8.829174041748e-01 0.000000000000e+00 0.000000000000e+00
     3.667528320313e+03-1.518383026123e-01 2.793967723846e-09-1.000000000000e+00
     6.437782714844e+03 3.426796913147e+00-1.862645149231e-09 0.000000000000e+00
R20 2019 08 15 20 45 00-3.875056281686e-04-9.094947017729e-13 4.194000000000e+05
     1.667195361328e+04-1.167881011963e+00-9.313225746155e-10 0.000000000000e+00
    -1.427954589844e+04 1.365484237671e+00 1.862645149231e-09 2.000000000000e+00
    -1.302616308594e+04-2.987757682800e+00 9.313225746155e-10 0.000000000000e+00
R21 2019 08 15 20 45 00-6.620213389397e-05-2.728484105319e-12 4.194000000000e+05
     1.141154785156e+04 2.009077072144e-01-2.793967723846e-09 0.000000000000e+00
    -2.219610253906e+04-7.173833847046e-01 0.000000000000e+00 4.000000000000e+00
     5.186402832031e+03-3.510644912720e+00 0.000000000000e+00 0.000000000000e+00
R22 2019 08 15 20 45 00-3.323424607515e-05-9.094947017729e-13 4.194000000000e+05
    -1.009460937500e+03 1.417797088623e+00-2.793967723846e-09 0.000000000000e+00
    -1.533503759766e+04-2.409261703491e+00-2.793967723846e-09-3.000000000000e+00
     2.039428906250e+04-1.730487823486e+00 0.000000000000e+00 0.000000000000e+00
R09 2019 08 15 20 45 00 8.556619286537e-05 1.818989403546e-12 4.201800000000e+05
     2.107393457031e+04 1.820965766907e+00 0.000000000000e+00 0.000000000000e+00
    -5.598965332031e+03-3.246879577637e-02 3.725290298462e-09-2.000000000000e+00
    -1.328059130859e+04 2.892454147339e+00 0.000000000000e+00 0.000000000000e+00
R04 2019 08 15 20 45 00 3.178436309099e-04 9.094947017729e-13 4.194000000000e+05
     1.190550927734e+04 1.465482711792e-01 2.793967723846e-09 0.000000000000e+00
     2.255006005859e+04-6.568336486816e-02 3.725290298462e-09 6.000000000000e+00
     9.127148437500e+01-3.570702552795e+00-1.862645149231e-09 0.000000000000e+00
R14 2019 08 15 20 45 00 4.197377711535e-05 0.000000000000e+00 4.194000000000e+05
    -7.404119140625e+03-3.028062820435e+00 0.000000000000e+00 0.000000000000e+00
     1.027451708984e+04-8.832550048828e-02-1.862645149231e-09-7.000000000000e+00
     2.215573974609e+04-9.736223220825e-01-1.862645149231e-09 0.000000000000e+00
R19 2019 08 15 20 45 00-4.843249917030e-05-1.818989403550e-12 4.194000000000e+05
     1.030771923830e+04-1.791700363160e+00 9.313225746150e-10 0.000000000000e+00
     3.238675292970e+03 2.612671852110e+00 2.793967723850e-09 3.000000000000e+00
    -2.311189648440e+04-4.338102340700e-01 9.313225746150e-10 0.000000000000e+00
R23 2019 08 15 20 45 00 2.475073561072e-04 1.818989403546e-12 4.211100000000e+05
    -1.319965673828e+04 1.686318397522e+00-9.313225746155e-10 0.000000000000e+00
     2.430539062500e+03-2.453593254089e+00-2.793967723846e-09 3.000000000000e+00
     2.167870117188e+04 1.300513267517e+00-9.313225746155e-10 0.000000000000e+00
R27 2019 08 15 20 45 00 5.197152495384e-05 1.818989403546e-12 4.194000000000e+05
     6.485843750000e+03-3.037531852722e+00 0.000000000000e+00 1.000000000000e+00
     1.068270654297e+04-2.078514099121e-01 0.000000000000e+00-5.000000000000e+00
     2.223545361328e+04 9.950914382935e-01-2.793967723846e-09 0.000000000000e+00
R03 2019 08 15 20 45 00 6.053596735000e-08 0.000000000000e+00 4.194000000000e+05
     1.249933105470e+03-9.610671997070e-01 3.725290298460e-09 0.000000000000e+00
     1.933073974610e+04-2.063500404360e+00 2.793967723850e-09 5.000000000000e+00
    -1.652960644530e+04-2.483682632450e+00 0.000000000000e+00 0.000000000000e+00
R18 2019 08 15 20 45 00 3.954395651820e-06 9.094947017730e-13 4.204200000000e+05
    -8.439687500000e+02-1.287551879880e+00 3.725290298460e-09 0.000000000000e+00
     1.712827392580e+04 2.249574661250e+00 1.862645149230e-09-3.000000000000e+00
    -1.885415722660e+04 2.104838371280e+00 0.000000000000e+00 0.000000000000e+00
R12 2019 08 15 20 45 00 5.302857607600e-05 3.637978807090e-12 4.194000000000e+05
    -2.429267333980e+04 9.028348922730e-01 0.000000000000e+00 0.000000000000e+00
    -4.094187500000e+03 2.032613754270e-01-2.793967723850e-09-1.000000000000e+00
    -6.612161621090e+03-3.424296379090e+00 1.862645149230e-09 0.000000000000e+00
R11 2019 08 15 20 45 00-7.611420005560e-05-9.094947017730e-13 4.194000000000e+05
    -1.254114941410e+04 2.706519126890e+00 0.000000000000e+00 0.000000000000e+00
    -1.006710595700e+04 1.814746856690e-01-9.313225746150e-10 0.000000000000e+00
    -1.976079589840e+04-1.813139915470e+00 2.793967723850e-09 0.000000000000e+00
R01 2019 08 15 20 45 00 4.821270704270e-05 0.000000000000e+00 4.194000000000e+05
    -1.560855517580e+04-9.918203353880e-01-9.313225746150e-10 0.000000000000e+00
    -1.488625927730e+04-1.581130027770e+00-2.793967723850e-09 1.000000000000e+00
    -1.360194921880e+04 2.869345664980e+00 2.793967723850e-09 0.000000000000e+00
R13 2019 08 15 20 45 00-2.718344330790e-05 0.000000000000e+00 4.194000000000e+05
    -2.233900488280e+04-1.561871528630e+00 0.000000000000e+00 0.000000000000e+00
     4.695915039060e+03 9.965229034420e-02-3.725290298460e-09-2.000000000000e+00
     1.136060888670e+04-3.110296249390e+00 0.000000000000e+00 0.000000000000e+00
R02 2019 08 15 20 45 00 3.834282979370e-04 9.094947017730e-13 4.194000000000e+05
    -9.829889160160e+03-1.463969230650e+00 9.313225746150e-10 0.000000000000e+00
     4.691627441410e+03-2.805137634280e+00 0.000000000000e+00-4.000000000000e+00
    -2.302633642580e+04 4.850196838380e-02 1.862645149230e-09 0.000000000000e+00
R24 2019 08 15 20 45 00-1.837052404880e-04 0.000000000000e+00 4.194000000000e+05
    -1.637102539060e+04 1.016030311580e+00 9.313225746150e-10 0.000000000000e+00
     1.595233642580e+04-1.192077636720e+00-1.862645149230e-09 2.000000000000e+00
     1.128163818360e+04 3.151880264280e+00-9.313225746150e-10 0.000000000000e+00
R17 2019 08 15 20 45 00 2.521965652700e-04 2.728484105320e-12 4.194000000000e+05
    -1.176303173830e+04-1.504983901980e-01 2.793967723850e-09 0.000000000000e+00
     2.221449511720e+04 6.297473907470e-01 0.000000000000e+00 4.000000000000e+00
    -4.465431640630e+03 3.523329734800e+00 0.000000000000e+00 0.000000000000e+00
R08 2019 08 15 20 45 00 1.618359237910e-05 0.000000000000e+00 4.194000000000e+05
    -1.148425048830e+04-9.538650512700e-02-2.793967723850e-09 0.000000000000e+00
    -2.277001074220e+04 1.668434143070e-01-2.793967723850e-09 6.000000000000e+00
     8.108295898440e+02 3.566505432130e+00 1.862645149230e-09 0.000000000000e+00
R26 2019 08 15 20 45 00-1.072138547897e-05 3.637978807092e-12 4.194000000000e+05
     1.615224707031e+04-1.303270339966e+00-9.313225746155e-10 4.000000000000e+00
    -1.211406738281e+04 1.701912879944e+00 1.862645149231e-09-6.000000000000e+00
    -1.556241210938e+04-2.678913116455e+00 9.313225746155e-10 0.000000000000e+00
R15 2019 08 15 21 15 00 1.035369932652e-04 9.094947017729e-13 4.212000000000e+05
     6.403985351563e+03-3.070501327515e+00 0.000000000000e+00 0.000000000000e+00
     1.014276464844e+04 2.323465347290e-01 0.000000000000e+00 0.000000000000e+00
     2.253820800781e+04 7.682113647461e-01-2.793967723846e-09 0.000000000000e+00
R05 2019 08 15 21 15 00 3.390572965145e-05 9.094947017729e-13 4.212000000000e+05
     1.711813085938e+04 9.520101547241e-01 2.793967723846e-09 0.000000000000e+00
     1.578760205078e+04 1.070073127747e+00 2.793967723846e-09 1.000000000000e+00
     1.039981250000e+04-3.196559906006e+00-2.793967723846e-09 0.000000000000e+00
R06 2019 08 15 21 15 00 1.600841060281e-04 0.000000000000e+00 4.212000000000e+05
     1.241407812500e+04 1.828698158264e+00-9.313225746155e-10 0.000000000000e+00
    -1.240601562500e+03 2.436668395996e+00 0.000000000000e+00-4.000000000000e+00
     2.223672851563e+04-8.868007659912e-01-1.862645149231e-09 0.000000000000e+00
R07 2019 08 15 21 15 00-2.510659396648e-05 0.000000000000e+00 4.212000000000e+05
     6.137915039063e+02 1.512000083923e+00-2.793967723846e-09 0.000000000000e+00
    -1.575349755859e+04 2.288940429688e+00-9.313225746155e-10 5.000000000000e+00
     2.010130419922e+04 1.747276306152e+00-9.313225746155e-10 0.000000000000e+00
R09 2019 08 15 21 15 00 8.557084947824e-05 2.728484105319e-12 4.212000000000e+05
     2.365968994141e+04 1.029611587524e+00 0.000000000000e+00 0.000000000000e+00
    -5.857378417969e+03-2.185173034668e-01 3.725290298462e-09-2.000000000000e+00
    -7.629335937500e+03 3.345998764038e+00 0.000000000000e+00 0.000000000000e+00
R16 2019 08 15 21 15 00 6.031244993210e-06-9.094947017729e-13 4.212000000000e+05
     2.200869482422e+04-1.690019607544e+00 0.000000000000e+00 0.000000000000e+00
     3.558998046875e+03 6.730270385742e-02 2.793967723846e-09-1.000000000000e+00
     1.227508691406e+04 3.016710281372e+00-2.793967723846e-09 0.000000000000e+00
R21 2019 08 15 21 15 00-6.620679050684e-05-2.728484105319e-12 4.212000000000e+05
     1.131416552734e+04-2.744235992432e-01-2.793967723846e-09 0.000000000000e+00
    -2.280948242188e+04 6.015205383301e-02 0.000000000000e+00 4.000000000000e+00
    -1.251871093750e+03-3.596440315247e+00 9.313225746155e-10 0.000000000000e+00
R22 2019 08 15 21 15 00-3.323331475258e-05-9.094947017729e-13 4.212000000000e+05
     9.979335937500e+02 8.141870498657e-01-3.725290298462e-09 0.000000000000e+00
    -1.945433154297e+04-2.118409156799e+00-9.313225746155e-10-3.000000000000e+00
     1.653420361328e+04-2.530553817749e+00 0.000000000000e+00 0.000000000000e+00
R23 2019 08 15 21 15 00 2.475120127201e-04 1.818989403546e-12 4.226100000000e+05
    -1.041017089844e+04 1.379441261292e+00-1.862645149231e-09 0.000000000000e+00
    -2.391092773438e+03-2.863162994385e+00-2.793967723846e-09 3.000000000000e+00
     2.315030126953e+04 3.239459991455e-01-9.313225746155e-10 0.000000000000e+00
R04 2019 08 15 21 15 00 3.178464248776e-04 9.094947017729e-13 4.212000000000e+05
     1.173176269531e+04-3.704881668091e-01 3.725290298462e-09 0.000000000000e+00
     2.175480517578e+04-7.908334732056e-01 2.793967723846e-09 6.000000000000e+00
    -6.256375000000e+03-3.436368942261e+00-9.313225746155e-10 0.000000000000e+00
R20 2019 08 15 21 15 00-3.875074908140e-04-9.094947017730e-13 4.212000000000e+05
     1.447129394530e+04-1.232017517090e+00 0.000000000000e+00 0.000000000000e+00
    -1.113212597660e+04 2.116846084590e+00 2.793967723850e-09 2.000000000000e+00
    -1.783211279300e+04-2.317530632020e+00 9.313225746150e-10 0.000000000000e+00
R14 2019 08 15 21 15 00 4.197470843792e-05 0.000000000000e+00 4.212000000000e+05
    -1.256404052734e+04-2.658377647400e+00 0.000000000000e+00 0.000000000000e+00
     1.049638037109e+04 3.173227310181e-01-2.793967723846e-09-7.000000000000e+00
     1.957048925781e+04-1.880342483521e+00-9.313225746155e-10 0.000000000000e+00
R27 2019 08 15 21 15 00 5.197618156672e-05 1.818989403546e-12 4.212000000000e+05
     8.647309570313e+02-3.156247138977e+00 0.000000000000e+00 1.000000000000e+00
     1.072013281250e+04 2.545680999756e-01-9.313225746155e-10-5.000000000000e+00
     2.314443847656e+04 8.621215820313e-03-2.793967723846e-09 0.000000000000e+00
R19 2019 08 15 21 15 00-4.843715578320e-05-1.818989403550e-12 4.212000000000e+05
     7.442215332030e+03-1.366129875180e+00 2.793967723850e-09 0.000000000000e+00
     8.187608398440e+03 2.839680671690e+00 2.793967723850e-09 3.000000000000e+00
    -2.298992089840e+04 5.684366226200e-01 9.313225746150e-10 0.000000000000e+00
R11 2019 08 15 21 15 00-7.611699402330e-05-9.094947017730e-13 4.214400000000e+05
    -7.327835449220e+03 3.038072586060e+00 0.000000000000e+00 0.000000000000e+00
    -1.010698681640e+04-2.401657104490e-01 0.000000000000e+00 0.000000000000e+00
    -2.221575488280e+04-8.969326019290e-01 2.793967723850e-09 0.000000000000e+00
R03 2019 08 15 21 15 00 6.053596735000e-08 0.000000000000e+00 4.212000000000e+05
    -1.011431152340e+03-1.550121307370e+00 2.793967723850e-09 0.000000000000e+00
     1.533999951170e+04-2.322220802310e+00 9.313225746150e-10 5.000000000000e+00
    -2.029993457030e+04-1.678231239320e+00 9.313225746150e-10 0.000000000000e+00
R18 2019 08 15 21 15 00 3.956258296970e-06 9.094947017730e-13 4.212000000000e+05
    -2.608494628910e+03-6.800279617310e-01 3.725290298460e-09 0.000000000000e+00
     2.087290625000e+04 1.863261222840e+00 9.313225746150e-10-3.000000000000e+00
    -1.438373437500e+04 2.830024719240e+00 0.000000000000e+00 0.000000000000e+00
R17 2019 08 15 21 15 00 2.522021532060e-04 2.728484105320e-12 4.212300000000e+05
    -1.158847363280e+04 3.091344833370e-01 2.793967723850e-09 0.000000000000e+00
     2.266450585940e+04-1.524152755740e-01-9.313225746150e-10 4.000000000000e+00
     1.967030761720e+03 3.577555656430e+00-9.313225746150e-10 0.000000000000e+00
R12 2019 08 15 21 15 00 5.303416401150e-05 2.728484105320e-12 4.212000000000e+05
    -2.191593359380e+04 1.715406417850e+00-9.313225746150e-10 0.000000000000e+00
    -3.887155273440e+03-1.002979278560e-02-2.793967723850e-09-1.000000000000e+00
    -1.244043408200e+04-3.009417533870e+00 1.862645149230e-09 0.000000000000e+00
R13 2019 08 15 21 15 00-2.718437463050e-05 0.000000000000e+00 4.212000000000e+05
    -2.440891015630e+04-7.203149795530e-01 0.000000000000e+00 0.000000000000e+00
     5.034968750000e+03 2.382335662840e-01-3.725290298460e-09-2.000000000000e+00
     5.394766601560e+03-3.475312232970e+00 9.313225746150e-10 0.000000000000e+00
R01 2019 08 15 21 15 00 4.821270704270e-05 0.000000000000e+00 4.212000000000e+05
    -1.721580273440e+04-7.508764266970e-01-2.793967723850e-09 0.000000000000e+00
    -1.703506738280e+04-8.048973083500e-01-2.793967723850e-09 1.000000000000e+00
    -7.977524414060e+03 3.339402198790e+00 1.862645149230e-09 0.000000000000e+00
R02 2019 08 15 21 15 00 3.834310919050e-04 9.094947017730e-13 4.212000000000e+05
    -1.277726074220e+04-1.778813362120e+00 0.000000000000e+00 0.000000000000e+00
    -7.603955078130e+01-2.451516151430e+00 0.000000000000e+00-4.000000000000e+00
    -2.204677343750e+04 1.032636642460e+00 2.793967723850e-09 0.000000000000e+00
R08 2019 08 15 21 15 00 1.618359237910e-05 0.000000000000e+00 4.212000000000e+05
    -1.121017919920e+04 4.295082092290e-01-3.725290298460e-09 0.000000000000e+00
    -2.180278857420e+04 8.791332244870e-01-2.793967723850e-09 6.000000000000e+00
     7.116406250000e+03 3.394304275510e+00 9.313225746150e-10 0.000000000000e+00
R24 2019 08 15 21 15 00-1.837061718110e-04 0.000000000000e+00 4.212600000000e+05
    -1.440856591800e+04 1.119219779970e+00 0.000000000000e+00 0.000000000000e+00
     1.309379248050e+04-1.972552299500e+00-2.793967723850e-09 2.000000000000e+00
     1.644437597660e+04 2.547098159790e+00-9.313225746150e-10 0.000000000000e+00
R26 2019 08 15 21 15 00-1.071486622095e-05 3.637978807092e-12 4.212000000000e+05
     1.379918115234e+04-1.267542839050e+00 0.000000000000e+00 4.000000000000e+00
    -8.406893554688e+03 2.394688606262e+00 2.793967723846e-09-6.000000000000e+00
    -1.971934179688e+04-1.909900665283e+00 9.313225746155e-10 0.000000000000e+00
R15 2019 08 15 21 45 00 1.035379245877e-04 9.094947017729e-13 4.230000000000e+05
     8.315449218750e+02-3.069664955139e+00 0.000000000000e+00 0.000000000000e+00
     1.098009277344e+04 6.932907104492e-01-9.313225746155e-10 0.000000000000e+00
     2.303443798828e+04-2.204189300537e-01-1.862645149231e-09 0.000000000000e+00
R05 2019 08 15 21 45 00 3.390759229660e-05 9.094947017729e-13 4.230000000000e+05
     1.848895556641e+04 5.301485061646e-01 3.725290298462e-09 0.000000000000e+00
     1.702254833984e+04 3.135986328125e-01 2.793967723846e-09 1.000000000000e+00
     4.318038085938e+03-3.517075538635e+00-2.793967723846e-09 0.000000000000e+00
R06 2019 08 15 21 45 00 1.600850373507e-04 0.000000000000e+00 4.230000000000e+05
     1.583256835938e+04 1.927264213562e+00 0.000000000000e+00 0.000000000000e+00
     2.696059570313e+03 1.910907745361e+00 9.313225746155e-10-4.000000000000e+00
     1.980047021484e+04-1.802608489990e+00-2.793967723846e-09 0.000000000000e+00
R07 2019 08 15 21 45 00-2.510659396648e-05 0.000000000000e+00 4.230000000000e+05
     3.832422851563e+03 2.045747756958e+00-2.793967723846e-09 0.000000000000e+00
    -1.160212890625e+04 2.277081489563e+00 0.000000000000e+00 5.000000000000e+00
     2.243238916016e+04 8.260507583618e-01-9.313225746155e-10 0.000000000000e+00
R09 2019 08 15 21 45 00 8.557550609112e-05 2.728484105319e-12 4.230000000000e+05
     2.473248535156e+04 1.585474014282e-01 9.313225746155e-10 0.000000000000e+00
    -6.245293457031e+03-1.721305847168e-01 3.725290298462e-09-2.000000000000e+00
    -1.390235839844e+03 3.541475296021e+00-9.313225746155e-10 0.000000000000e+00
R16 2019 08 15 21 45 00 6.028451025486e-06-9.094947017729e-13 4.230000000000e+05
     1.837325634766e+04-2.310889244080e+00 9.313225746155e-10 0.000000000000e+00
     4.021248046875e+03 4.709672927856e-01 1.862645149231e-09-1.000000000000e+00
     1.715690625000e+04 2.372191429138e+00-2.793967723846e-09 0.000000000000e+00
R21 2019 08 15 21 45 00-6.621144711971e-05-2.728484105319e-12 4.230000000000e+05
     1.056494140625e+04-5.156898498535e-01-1.862645149231e-09 0.000000000000e+00
    -2.192476269531e+04 9.284229278564e-01 1.862645149231e-09 4.000000000000e+00
    -7.593173339844e+03-3.403620719910e+00 9.313225746155e-10 0.000000000000e+00
R22 2019 08 15 21 45 00-3.323517739773e-05-9.094947017729e-13 4.230000000000e+05
     1.960567382813e+03 2.749853134155e-01-3.725290298462e-09 0.000000000000e+00
    -2.279401660156e+04-1.550231933594e+00 0.000000000000e+00-3.000000000000e+00
     1.140200195313e+04-3.134952545166e+00 0.000000000000e+00 0.000000000000e+00
R23 2019 08 15 21 45 00 2.475157380104e-04 1.818989403546e-12 4.230000000000e+05
    -8.327460449219e+03 9.170703887939e-01-2.793967723846e-09 0.000000000000e+00
    -7.710760742188e+03-2.997331619263e+00-1.862645149231e-09 3.000000000000e+00
     2.282976367188e+04-6.777954101563e-01-9.313225746155e-10 0.000000000000e+00
R08 2019 08 15 21 45 00 1.618359237909e-05 0.000000000000e+00 4.244700000000e+05
    -9.857341308594e+03 1.087973594666e+00-3.725290298462e-09 0.000000000000e+00
    -1.973232519531e+04 1.380674362183e+00-1.862645149231e-09 6.000000000000e+00
     1.287305957031e+04 2.960664749146e+00 0.000000000000e+00 0.000000000000e+00
R20 2019 08 15 21 45 00-3.875093534590e-04-9.094947017730e-13 4.230000000000e+05
     1.238972167970e+04-1.042567253110e+00 9.313225746150e-10 0.000000000000e+00
    -6.745933593750e+03 2.723804473880e+00 2.793967723850e-09 2.000000000000e+00
    -2.126145117190e+04-1.468063354490e+00 9.313225746150e-10 0.000000000000e+00
R04 2019 08 15 21 45 00 3.178482875230e-04 9.094947017730e-13 4.230000000000e+05
     1.048576855470e+04-1.029871940610e+00 4.656612873080e-09 0.000000000000e+00
     1.982558007810e+04-1.312983512880e+00 1.862645149230e-09 6.000000000000e+00
    -1.211951513670e+04-3.035837173460e+00 0.000000000000e+00 0.000000000000e+00
R24 2019 08 15 21 45 00-1.837071031332e-04 0.000000000000e+00 4.240500000000e+05
    -1.249705078125e+04 9.652261734009e-01-9.313225746155e-10 0.000000000000e+00
     8.927347656250e+03-2.626592636108e+00-2.793967723846e-09 2.000000000000e+00
     2.033221044922e+04 1.744539260864e+00-9.313225746155e-10 0.000000000000e+00
R27 2019 08 15 21 45 00 5.198083817959e-05 2.728484105319e-12 4.230000000000e+05
    -4.689775390625e+03-2.965093612671e+00 0.000000000000e+00 1.000000000000e+00
     1.158454833984e+04 6.927824020386e-01-1.862645149231e-09-5.000000000000e+00
     2.226706298828e+04-9.769153594971e-01-1.862645149231e-09 0.000000000000e+00
R11 2019 08 15 21 45 00-7.611978799100e-05-9.094947017730e-13 4.230000000000e+05
    -1.785508789060e+03 3.068813323970e+00 0.000000000000e+00 0.000000000000e+00
    -1.095198925780e+04-6.953783035280e-01 9.313225746150e-10 0.000000000000e+00
    -2.294838281250e+04 8.805370330810e-02 1.862645149230e-09 0.000000000000e+00
R18 2019 08 15 21 45 00 3.958120942120e-06 9.094947017730e-13 4.230000000000e+05
    -3.349553222660e+03-1.676206588750e-01 3.725290298460e-09 0.000000000000e+00
     2.367816796880e+04 1.215319633480e+00 0.000000000000e+00-3.000000000000e+00
    -8.797920898440e+03 3.336031913760e+00 0.000000000000e+00 0.000000000000e+00
R17 2019 08 15 21 45 00 2.522086724640e-04 2.728484105320e-12 4.230000000000e+05
    -1.079256396480e+04 5.328693389890e-01 9.313225746150e-10 0.000000000000e+00
     2.161688867190e+04-1.015563964840e+00-1.862645149230e-09 4.000000000000e+00
     8.247786132810e+03 3.355856895450e+00-9.313225746150e-10 0.000000000000e+00
R19 2019 08 15 21 45 00-4.844088107350e-05-1.818989403550e-12 4.242300000000e+05
     5.451960449220e+03-8.372011184690e-01 3.725290298460e-09 0.000000000000e+00
     1.328183886720e+04 2.768760681150e+00 1.862645149230e-09 3.000000000000e+00
    -2.109199267580e+04 1.526686668400e+00 9.313225746150e-10 0.000000000000e+00
R13 2019 08 15 21 45 00-2.718623727560e-05 0.000000000000e+00 4.230000000000e+05
    -2.490320068360e+04 1.692523956300e-01-9.313225746150e-10 0.000000000000e+00
     5.406866699220e+03 1.338596343990e-01-2.793967723850e-09-2.000000000000e+00
    -9.886635742190e+02-3.571281433110e+00 9.313225746150e-10 0.000000000000e+00
R12 2019 08 15 21 45 00 5.303975194690e-05 2.728484105320e-12 4.230000000000e+05
    -1.822858154300e+04 2.343323707580e+00-9.313225746150e-10 0.000000000000e+00
    -4.244673339840e+03-4.127359390260e-01-1.862645149230e-09-1.000000000000e+00
    -1.730565332030e+04-2.361136436460e+00 2.793967723850e-09 0.000000000000e+00
R02 2019 08 15 21 45 00 3.834338858720e-04 9.094947017730e-13 4.230000000000e+05
    -1.609628076170e+04-1.866008758540e+00-9.313225746150e-10 0.000000000000e+00
    -4.011903320310e+03-1.895669937130e+00-9.313225746150e-10-4.000000000000e+00
    -1.935767138670e+04 1.935620307920e+00 2.793967723850e-09 0.000000000000e+00
R01 2019 08 15 21 45 00 4.821363836530e-05 0.000000000000e+00 4.230000000000e+05
    -1.816418505860e+04-2.655305862430e-01-3.725290298460e-09 0.000000000000e+00
    -1.781230322270e+04-7.562255859380e-02-2.793967723850e-09 1.000000000000e+00
    -1.735583984380e+03 3.550999641420e+00 1.862645149230e-09 0.000000000000e+00
R03 2019 08 15 21 45 00 6.053596735000e-08 0.000000000000e+00 4.230000000000e+05
    -4.291751464840e+03-2.074810028080e+00 1.862645149230e-09 0.000000000000e+00
     1.114498339840e+04-2.292114257810e+00 0.000000000000e+00 5.000000000000e+00
    -2.249289648440e+04-7.425537109380e-01 1.862645149230e-09 0.000000000000e+00
R14 2019 08 15 21 45 00 4.197470843790e-05 0.000000000000e+00 4.233000000000e+05
    -1.682434912110e+04-2.040071487430e+00-9.313225746150e-10 0.000000000000e+00
     1.132636230470e+04 5.730237960820e-01-2.793967723850e-09-7.000000000000e+00
     1.547354980470e+04-2.642361640930e+00 0.000000000000e+00 0.000000000000e+00
R26 2019 08 15 21 45 00-1.070927828550e-05 3.637978807092e-12 4.230000000000e+05
     1.173125488281e+04-9.962282180786e-01 1.862645149231e-09 4.000000000000e+00
    -3.605407226562e+03 2.901331901550e+00 2.793967723846e-09-6.000000000000e+00
    -2.234930371094e+04-9.933509826660e-01 9.313225746155e-10 0.000000000000e+00
R07 2019 08 15 22 15 00-2.510659396648e-05 0.000000000000e+00 4.248000000000e+05
     7.881768554688e+03 2.419070243835e+00-9.313225746155e-10 0.000000000000e+00
    -7.710923828125e+03 2.008377075195e+00 0.000000000000e+00 5.000000000000e+00
     2.303663281250e+04-1.590976715088e-01-1.862645149231e-09 0.000000000000e+00
R06 2019 08 15 22 15 00 1.600859686732e-04 0.000000000000e+00 4.248000000000e+05
     1.918925976563e+04 1.755703926086e+00 1.862645149231e-09 0.000000000000e+00
     5.574531250000e+03 1.278703689575e+00 1.862645149231e-09-4.000000000000e+00
     1.583113330078e+04-2.579116821289e+00-2.793967723846e-09 0.000000000000e+00
R08 2019 08 15 22 15 00 1.618452370167e-05 0.000000000000e+00 4.248000000000e+05
    -7.274332519531e+03 1.778017997742e+00-3.725290298462e-09 0.000000000000e+00
    -1.699071826172e+04 1.619788169861e+00-9.313225746155e-10 6.000000000000e+00
     1.763800341797e+04 2.299609184265e+00 0.000000000000e+00 0.000000000000e+00
R09 2019 08 15 22 15 00 8.557923138142e-05 2.728484105319e-12 4.248000000000e+05
     2.425125292969e+04-6.781044006348e-01 9.313225746155e-10 0.000000000000e+00
    -6.334765625000e+03 1.099185943604e-01 2.793967723846e-09-2.000000000000e+00
     4.955937011719e+03 3.464256286621e+00-1.862645149231e-09 0.000000000000e+00
R16 2019 08 15 22 15 00 6.026588380337e-06-9.094947017729e-13 4.248000000000e+05
     1.384752001953e+04-2.669786453247e+00 0.000000000000e+00 0.000000000000e+00
     5.315384765625e+03 9.754400253296e-01 0.000000000000e+00-1.000000000000e+00
     2.070454638672e+04 1.544101715088e+00-2.793967723846e-09 0.000000000000e+00
R22 2019 08 15 22 15 00-3.323704004288e-05 0.000000000000e+00 4.248000000000e+05
     2.085544433594e+03-1.025066375732e-01-2.793967723846e-09 0.000000000000e+00
    -2.490647949219e+04-7.687339782715e-01 0.000000000000e+00-3.000000000000e+00
     5.393572753906e+03-3.497971534729e+00 0.000000000000e+00 0.000000000000e+00
R23 2019 08 15 22 15 00 2.475241199136e-04 1.818989403546e-12 4.248000000000e+05
    -7.138888671875e+03 4.046201705933e-01-3.725290298462e-09 0.000000000000e+00
    -1.299409326172e+04-2.820796966553e+00-9.313225746155e-10 3.000000000000e+00
     2.074178564453e+04-1.627096176147e+00 0.000000000000e+00 0.000000000000e+00
R05 2019 08 15 22 15 00 3.390852361917e-05 9.094947017729e-13 4.248000000000e+05
     1.889607275391e+04-1.080465316772e-01 4.656612873077e-09 0.000000000000e+00
     1.698940136719e+04-3.222742080688e-01 1.862645149231e-09 1.000000000000e+00
    -2.097939941406e+03-3.565440177917e+00-1.862645149231e-09 0.000000000000e+00
R15 2019 08 15 22 15 00 1.035388559103e-04 0.000000000000e+00 4.248000000000e+05
    -4.468081054688e+03-2.772459983826e+00 0.000000000000e+00 0.000000000000e+00
     1.258957470703e+04 1.072938919067e+00-1.862645149231e-09 0.000000000000e+00
     2.175483154297e+04-1.192206382751e+00-1.862645149231e-09 0.000000000000e+00
R21 2019 08 15 22 15 00-6.621610373260e-05-2.728484105320e-12 4.248000000000e+05
     9.612955078130e+03-4.997520446780e-01 0.000000000000e+00 0.000000000000e+00
    -1.948341748050e+04 1.769660949710e+00 1.862645149230e-09 4.000000000000e+00
    -1.334640625000e+04-2.947324752810e+00 9.313225746150e-10 0.000000000000e+00
R20 2019 08 15 22 15 00-3.875112161040e-04-9.094947017730e-13 4.248000000000e+05
     1.083354101560e+04-6.617279052730e-01 2.793967723850e-09 0.000000000000e+00
    -1.471158203130e+03 3.090739250180e+00 1.862645149230e-09 2.000000000000e+00
    -2.304862695310e+04-5.047044754030e-01 9.313225746150e-10 0.000000000000e+00
R17 2019 08 15 22 15 00 2.522142603993e-04 2.728484105319e-12 4.263900000000e+05
    -9.824261230469e+03 5.013017654419e-01 0.000000000000e+00 0.000000000000e+00
     1.903006542969e+04-1.842835426331e+00-1.862645149231e-09 4.000000000000e+00
     1.389238183594e+04 2.875268936157e+00-9.313225746155e-10 0.000000000000e+00
R27 2019 08 15 22 15 00 5.198642611504e-05 2.728484105319e-12 4.248000000000e+05
    -9.642271972656e+03-2.496442794800e+00-9.313225746155e-10 1.000000000000e+00
     1.313677001953e+04 1.002767562866e+00-1.862645149231e-09-5.000000000000e+00
     1.967363085938e+04-1.885848045349e+00-9.313225746155e-10 0.000000000000e+00
R11 2019 08 15 22 15 00-7.612258195880e-05-9.094947017730e-13 4.248000000000e+05
     3.540716796880e+03 2.802451133730e+00 0.000000000000e+00 0.000000000000e+00
    -1.256636718750e+04-1.077677726750e+00 1.862645149230e-09 0.000000000000e+00
    -2.190342333980e+04 1.065299987790e+00 1.862645149230e-09 0.000000000000e+00
R04 2019 08 15 22 15 00 3.178510814910e-04 9.094947017730e-13 4.248000000000e+05
     7.999286621090e+03-1.730426788330e+00 4.656612873080e-09 0.000000000000e+00
     1.718444873050e+04-1.575991630550e+00 9.313225746150e-10 6.000000000000e+00
    -1.704386328130e+04-2.400050163270e+00 0.000000000000e+00 0.000000000000e+00
R18 2019 08 15 22 15 00 3.959983587270e-06 9.094947017730e-13 4.248000000000e+05
    -3.323823242190e+03 1.595058441160e-01 2.793967723850e-09 0.000000000000e+00
     2.513643408200e+04 3.823785781860e-01-9.313225746150e-10-3.000000000000e+00
    -2.529651855470e+03 3.583335876460e+00 0.000000000000e+00 0.000000000000e+00
R19 2019 08 15 22 15 00-4.844460636380e-05-1.818989403550e-12 4.248900000000e+05
     4.423122558590e+03-3.167295455930e-01 3.725290298460e-09 0.000000000000e+00
     1.797046386720e+04 2.391647338870e+00 0.000000000000e+00 3.000000000000e+00
    -1.756478515630e+04 2.367015838620e+00 0.000000000000e+00 0.000000000000e+00
R24 2019 08 15 22 15 00-1.837080344560e-04 0.000000000000e+00 4.248600000000e+05
    -1.105525732420e+04 6.098957061770e-01-1.862645149230e-09 0.000000000000e+00
     3.774929687500e+03-3.053647041320e+00-1.862645149230e-09 2.000000000000e+00
     2.264320507810e+04 8.064861297610e-01-9.313225746150e-10 0.000000000000e+00
R13 2019 08 15 22 15 00-2.718716859820e-05 0.000000000000e+00 4.248000000000e+05
    -2.384128662110e+04 9.897661209110e-01-9.313225746150e-10 0.000000000000e+00
     5.375690917970e+03-2.043218612670e-01-2.793967723850e-09-2.000000000000e+00
    -7.295612792970e+03-3.390916824340e+00 1.862645149230e-09 0.000000000000e+00
R02 2019 08 15 22 15 00 3.834376111630e-04 9.094947017730e-13 4.248000000000e+05
    -1.933038525390e+04-1.680541992190e+00-1.862645149230e-09 0.000000000000e+00
    -6.839031738280e+03-1.237867355350e+00-1.862645149230e-09-4.000000000000e+00
    -1.516936816410e+04 2.687630653380e+00 2.793967723850e-09 0.000000000000e+00
R12 2019 08 15 22 15 00 5.304533988240e-05 2.728484105320e-12 4.248000000000e+05
    -1.363809130860e+04 2.709090232850e+00-9.313225746150e-10 0.000000000000e+00
    -5.437024902340e+03-9.214086532590e-01 0.000000000000e+00-1.000000000000e+00
    -2.083016455080e+04-1.529408454900e+00 2.793967723850e-09 0.000000000000e+00
R01 2019 08 15 22 15 00 4.821456968780e-05 0.000000000000e+00 4.248000000000e+05
    -1.805758935550e+04 4.088459014890e-01-4.656612873080e-09 0.000000000000e+00
    -1.739701025390e+04 5.051078796390e-01-1.862645149230e-09 1.000000000000e+00
     4.640715820310e+03 3.487721443180e+00 9.313225746150e-10 0.000000000000e+00
R14 2019 08 15 22 15 00 4.197563976050e-05 0.000000000000e+00 4.248000000000e+05
    -1.981023828130e+04-1.259125709530e+00-9.313225746150e-10 0.000000000000e+00
     1.242658789060e+04 6.089248657230e-01-2.793967723850e-09-7.000000000000e+00
     1.018057421880e+04-3.200596809390e+00 0.000000000000e+00 0.000000000000e+00
R03 2019 08 15 22 15 00 6.053596735000e-08 0.000000000000e+00 4.248000000000e+05
    -8.379335449220e+03-2.431304931640e+00 9.313225746150e-10 0.000000000000e+00
     7.243018066410e+03-2.005654335020e+00 0.000000000000e+00 5.000000000000e+00
    -2.293875195310e+04 2.502727508540e-01 1.862645149230e-09 0.000000000000e+00
R26 2019 08 15 22 15 00-1.070275902748e-05 3.637978807092e-12 4.248000000000e+05
     1.030870166016e+04-5.659017562866e-01 2.793967723846e-09 4.000000000000e+00
     1.875791015625e+03 3.139155387878e+00 1.862645149231e-09-6.000000000000e+00
    -2.324944140625e+04-3.881454467773e-04 9.313225746155e-10 0.000000000000e+00
R07 2019 08 15 22 45 00-2.510752528906e-05 0.000000000000e+00 4.266000000000e+05
     1.239520996094e+04 2.550518035889e+00 0.000000000000e+00 0.000000000000e+00
    -4.485076660156e+03 1.552115440369e+00 9.313225746155e-10 5.000000000000e+00
     2.186659082031e+04-1.132678031921e+00-2.793967723846e-09 0.000000000000e+00
R06 2019 08 15 22 45 00 1.600868999958e-04 0.000000000000e+00 4.266000000000e+05
     2.198822363281e+04 1.310878753662e+00 2.793967723846e-09 0.000000000000e+00
     7.301689941406e+03 6.501483917236e-01 1.862645149231e-09-4.000000000000e+00
     1.063572265625e+04-3.156023025513e+00-2.793967723846e-09 0.000000000000e+00
R08 2019 08 15 22 45 00 1.618452370167e-05 0.000000000000e+00 4.266000000000e+05
    -3.504625000000e+03 2.388111114502e+00-2.793967723846e-09 0.000000000000e+00
    -1.406396630859e+04 1.588951110840e+00 0.000000000000e+00 6.000000000000e+00
     2.104562939453e+04 1.462291717529e+00-9.313225746155e-10 0.000000000000e+00
R09 2019 08 15 22 45 00 8.558388799429e-05 2.728484105319e-12 4.266000000000e+05
     2.237665429688e+04-1.373332023621e+00 1.862645149231e-09 0.000000000000e+00
    -5.731517089844e+03 5.874977111816e-01 1.862645149231e-09-2.000000000000e+00
     1.092074755859e+04 3.120490074158e+00-1.862645149231e-09 0.000000000000e+00
R16 2019 08 15 22 45 00 6.029382348061e-06-9.094947017729e-13 4.266000000000e+05
     8.940836914063e+03-2.732241630554e+00 0.000000000000e+00 0.000000000000e+00
     7.530810058594e+03 1.476455688477e+00 0.000000000000e+00-1.000000000000e+00
     2.264439990234e+04 5.975236892700e-01-2.793967723846e-09 0.000000000000e+00
R22 2019 08 15 22 45 00-3.323797136545e-05 0.000000000000e+00 4.266000000000e+05
     1.729051757813e+03-2.522468566895e-01-1.862645149231e-09 0.000000000000e+00
    -2.549191210938e+04 1.280441284180e-01 9.313225746155e-10-3.000000000000e+00
    -1.029046875000e+03-3.592259407043e+00 9.313225746155e-10 0.000000000000e+00
R23 2019 08 15 22 45 00 2.475278452039e-04 1.818989403546e-12 4.266000000000e+05
    -6.833704101563e+03-4.640007019043e-02-3.725290298462e-09 0.000000000000e+00
    -1.768562402344e+04-2.345812797546e+00 0.000000000000e+00 3.000000000000e+00
     1.704801757813e+04-2.450394630432e+00 0.000000000000e+00 0.000000000000e+00
R05 2019 08 15 22 45 00 3.390945494175e-05 9.094947017729e-13 4.266000000000e+05
     1.801881445313e+04-8.806562423706e-01 5.587935447693e-09 0.000000000000e+00
     1.598649560547e+04-7.525300979614e-01 9.313225746155e-10 1.000000000000e+00
    -8.351456054688e+03-3.337712287903e+00-9.313225746155e-10 0.000000000000e+00
R15 2019 08 15 22 45 00 1.035397872329e-04 0.000000000000e+00 4.266000000000e+05
    -9.001806640625e+03-2.230635643005e+00-9.313225746155e-10 0.000000000000e+00
     1.473659423828e+04 1.276774406433e+00-1.862645149231e-09 0.000000000000e+00
     1.879757714844e+04-2.072422981262e+00-9.313225746155e-10 0.000000000000e+00
R17 2019 08 15 22 45 00 2.522207796574e-04 2.728484105319e-12 4.281000000000e+05
    -9.126020019531e+03 2.408933639526e-01-9.313225746155e-10 0.000000000000e+00
     1.507293847656e+04-2.520405769348e+00-1.862645149231e-09 4.000000000000e+00
     1.846521093750e+04 2.172682762146e+00-9.313225746155e-10 0.000000000000e+00
R21 2019 08 15 22 45 00-6.622076034550e-05-2.728484105320e-12 4.266000000000e+05
     8.906981445310e+03-2.500009536740e-01 9.313225746150e-10 0.000000000000e+00
    -1.564018603520e+04 2.467927932740e+00 1.862645149230e-09 4.000000000000e+00
    -1.806647460940e+04-2.263175964360e+00 9.313225746150e-10 0.000000000000e+00
R11 2019 08 15 22 45 00-7.612444460390e-05-9.094947017730e-13 4.269300000000e+05
     8.153365234380e+03 2.287413597110e+00 9.313225746150e-10 0.000000000000e+00
    -1.473025537110e+04-1.291969299320e+00 1.862645149230e-09 0.000000000000e+00
    -1.916346533200e+04 1.959168434140e+00 9.313225746150e-10 0.000000000000e+00
R18 2019 08 15 22 45 00 3.961846232414e-06 9.094947017729e-13 4.280400000000e+05
    -2.920208496094e+03 2.466945648193e-01 1.862645149231e-09 0.000000000000e+00
     2.500774853516e+04-5.284156799316e-01-1.862645149231e-09-3.000000000000e+00
     3.934861816406e+03 3.552665710449e+00-9.313225746155e-10 0.000000000000e+00
R27 2019 08 15 22 45 00 5.199201405048e-05 2.728484105319e-12 4.266000000000e+05
    -1.355392529297e+04-1.823700904846e+00-9.313225746155e-10 1.000000000000e+00
     1.506746972656e+04 1.102232933044e+00-2.793967723846e-09-5.000000000000e+00
     1.556586914063e+04-2.648730278015e+00 0.000000000000e+00 0.000000000000e+00
R20 2019 08 15 22 45 00-3.875130787490e-04-9.094947017730e-13 4.266000000000e+05
     1.006601904300e+04-1.838970184330e-01 3.725290298460e-09 0.000000000000e+00
     4.199462402340e+03 3.157100677490e+00 9.313225746150e-10 2.000000000000e+00
    -2.305453857420e+04 4.982919692990e-01 9.313225746150e-10 0.000000000000e+00
R12 2019 08 15 22 45 00 5.305092781780e-05 2.728484105320e-12 4.277700000000e+05
    -8.656127441410e+03 2.775987625120e+00 0.000000000000e+00 0.000000000000e+00
    -7.562384765630e+03-1.431025505070e+00 0.000000000000e+00-1.000000000000e+00
    -2.273989892580e+04-5.786256790160e-01 2.793967723850e-09 0.000000000000e+00
R19 2019 08 15 22 45 00-4.844833165410e-05-1.818989403550e-12 4.266000000000e+05
     4.241869628910e+03 8.807754516600e-02 3.725290298460e-09 0.000000000000e+00
     2.173069042970e+04 1.747481346130e+00 0.000000000000e+00 3.000000000000e+00
    -1.268069091800e+04 3.024560928340e+00 0.000000000000e+00 0.000000000000e+00
R04 2019 08 15 22 45 00 3.178529441360e-04 9.094947017730e-13 4.266000000000e+05
     4.299285644530e+03-2.359470367430e+00 3.725290298460e-09 0.000000000000e+00
     1.431569873050e+04-1.567728042600e+00 0.000000000000e+00 6.000000000000e+00
    -2.064782861330e+04-1.578306198120e+00 9.313225746150e-10 0.000000000000e+00
R24 2019 08 15 22 45 00-1.837098971010e-04 0.000000000000e+00 4.266000000000e+05
    -1.036841943360e+04 1.435489654540e-01-3.725290298460e-09 0.000000000000e+00
    -1.888277832030e+03-3.186372756960e+00-9.313225746150e-10 2.000000000000e+00
     2.319792187500e+04-1.941347122190e-01-9.313225746150e-10 0.000000000000e+00
R13 2019 08 15 22 45 00-2.718809992070e-05 0.000000000000e+00 4.266000000000e+05
    -2.144484765630e+04 1.636597633360e+00-1.862645149230e-09 0.000000000000e+00
     4.561862792970e+03-7.237291336060e-01-1.862645149230e-09-2.000000000000e+00
    -1.303825537110e+04-2.948389053340e+00 1.862645149230e-09 0.000000000000e+00
R02 2019 08 15 22 45 00 3.834404051300e-04 1.818989403550e-12 4.266000000000e+05
    -2.198146142580e+04-1.221995353700e+00-2.793967723850e-09 0.000000000000e+00
    -8.474577148440e+03-5.904207229610e-01-9.313225746150e-10-4.000000000000e+00
    -9.807778808590e+03 3.230896949770e+00 1.862645149230e-09 0.000000000000e+00
R14 2019 08 15 22 45 00 4.197657108310e-05 0.000000000000e+00 4.266000000000e+05
    -2.132507177730e+04-4.248218536380e-01-1.862645149230e-09 0.000000000000e+00
     1.336724951170e+04 3.942804336550e-01-2.793967723850e-09-7.000000000000e+00
     4.100152343750e+03-3.511556625370e+00 9.313225746150e-10 0.000000000000e+00
R01 2019 08 15 22 45 00 4.821550101040e-05 0.000000000000e+00 4.266000000000e+05
    -1.663247998050e+04 1.182308197020e+00-4.656612873080e-09 0.000000000000e+00
    -1.612788720700e+04 8.639097213750e-01-9.313225746150e-10 1.000000000000e+00
     1.065784082030e+04 3.154529571530e+00 0.000000000000e+00 0.000000000000e+00
R03 2019 08 15 22 45 00 6.146728992460e-08 0.000000000000e+00 4.266000000000e+05
    -1.289504443360e+04-2.540085792540e+00 0.000000000000e+00 0.000000000000e+00
     4.035509765630e+03-1.535321235660e+00-9.313225746150e-10 5.000000000000e+00
    -2.160410156250e+04 1.222850799560e+00 2.793967723850e-09 0.000000000000e+00
R26 2019 08 15 22 45 00-1.069717109203e-05 3.637978807092e-12 4.266000000000e+05
     9.727925292969e+03-7.933139801025e-02 3.725290298462e-09 4.000000000000e+00
     7.507728515625e+03 3.065545082092e+00 9.313225746155e-10-6.000000000000e+00
    -2.235099707031e+04 9.920883178711e-01 9.313225746155e-10 0.000000000000e+00
R07 2019 08 15 23 15 00-2.510659396648e-05 0.000000000000e+00 4.284000000000e+05
     1.689055371094e+04 2.395008087158e+00 9.313225746155e-10 0.000000000000e+00
    -2.177760742188e+03 1.005493164063e+00 9.313225746155e-10 5.000000000000e+00
     1.901094873047e+04-2.019872665405e+00-2.793967723846e-09 0.000000000000e+00
R06 2019 08 15 23 15 00 1.600850373507e-04 0.000000000000e+00 4.284000000000e+05
     2.376882763672e+04 6.347160339355e-01 4.656612873077e-09 0.000000000000e+00
     7.980614257813e+03 1.300668716431e-01 9.313225746155e-10-4.000000000000e+00
     4.616491210938e+03-3.488503456116e+00-2.793967723846e-09 0.000000000000e+00
R08 2019 08 15 23 15 00 1.618545502424e-05 0.000000000000e+00 4.284000000000e+05
     1.212695312500e+03 2.815452575684e+00-1.862645149231e-09 0.000000000000e+00
    -1.141103369141e+04 1.325161933899e+00 0.000000000000e+00 6.000000000000e+00
     2.283491015625e+04 5.130147933960e-01-1.862645149231e-09 0.000000000000e+00
R09 2019 08 15 23 15 00 8.558854460716e-05 2.728484105319e-12 4.284000000000e+05
     1.944266357422e+04-1.844139099121e+00 9.313225746155e-10 0.000000000000e+00
    -4.148151855469e+03 1.183624267578e+00 9.313225746155e-10-2.000000000000e+00
     1.604523925781e+04 2.536569595337e+00-2.793967723846e-09 0.000000000000e+00
R16 2019 08 15 23 15 00 6.028451025486e-06 0.000000000000e+00 4.284000000000e+05
     4.183112792969e+03-2.510075569153e+00 0.000000000000e+00 0.000000000000e+00
     1.056413525391e+04 1.867192268372e+00-9.313225746155e-10-1.000000000000e+00
     2.282885156250e+04-3.935909271240e-01-1.862645149231e-09 0.000000000000e+00
R23 2019 08 15 23 15 00 2.475325018167e-04 1.818989403546e-12 4.284000000000e+05
    -7.209370605469e+03-3.375062942505e-01-3.725290298462e-09 0.000000000000e+00
    -2.129409326172e+04-1.630532264709e+00 9.313225746155e-10 3.000000000000e+00
     1.203453076172e+04-3.083912849426e+00 0.000000000000e+00 0.000000000000e+00
R17 2019 08 15 23 15 00 2.522263675928e-04 2.728484105319e-12 4.284000000000e+05
    -9.054437500000e+03-1.808338165283e-01-1.862645149231e-09 0.000000000000e+00
     1.010265673828e+04-2.955787658691e+00-1.862645149231e-09 4.000000000000e+00
     2.161295507813e+04 1.302058219910e+00-9.313225746155e-10 0.000000000000e+00
R18 2019 08 15 23 15 00 3.963708877563e-06 9.094947017729e-13 4.297200000000e+05
    -2.586628417969e+03 8.394813537598e-02 0.000000000000e+00 0.000000000000e+00
     2.325980224609e+04-1.396647453308e+00-1.862645149231e-09-3.000000000000e+00
     1.009424169922e+04 3.246550559998e+00-9.313225746155e-10 0.000000000000e+00
R21 2019 08 15 23 15 00-6.622541695830e-05-2.728484105320e-12 4.284000000000e+05
     8.814565917970e+03 1.680669784550e-01 1.862645149230e-09 0.000000000000e+00
    -1.074259716800e+04 2.927885055540e+00 1.862645149230e-09 4.000000000000e+00
    -2.138879541020e+04-1.404404640200e+00 9.313225746150e-10 0.000000000000e+00
R11 2019 08 15 23 15 00-7.612723857160e-05-9.094947017730e-13 4.284000000000e+05
     1.167667187500e+04 1.608577728270e+00 1.862645149230e-09 0.000000000000e+00
    -1.707548681640e+04-1.270992279050e+00 2.793967723850e-09 0.000000000000e+00
    -1.494203027340e+04 2.700754165650e+00 0.000000000000e+00 0.000000000000e+00
R05 2019 08 15 23 15 00 3.391038626430e-05 9.094947017730e-13 4.284000000000e+05
     1.570947705080e+04-1.680043220520e+00 4.656612873080e-09 0.000000000000e+00
     1.443310937500e+04-9.296216964720e-01 0.000000000000e+00 1.000000000000e+00
    -1.395817773440e+04-2.851453781130e+00 0.000000000000e+00 0.000000000000e+00
R22 2019 08 15 23 15 00-3.323983401060e-05 0.000000000000e+00 4.284000000000e+05
     1.329438476560e+03-1.502456665040e-01-9.313225746150e-10 0.000000000000e+00
    -2.444633837890e+04 1.023453712460e+00 1.862645149230e-09-3.000000000000e+00
    -7.372665527340e+03-3.410752296450e+00 9.313225746150e-10 0.000000000000e+00
R15 2019 08 15 23 15 00 1.035397872329e-04 0.000000000000e+00 4.284000000000e+05
    -1.240370117188e+04-1.531762123108e+00-1.862645149231e-09 0.000000000000e+00
     1.704031103516e+04 1.239237785339e+00-2.793967723846e-09 0.000000000000e+00
     1.439000537109e+04-2.793218612671e+00 0.000000000000e+00 0.000000000000e+00
R12 2019 08 15 23 15 00 5.305558443070e-05 2.728484105320e-12 4.284000000000e+05
    -3.818921875000e+03 2.553752899170e+00 0.000000000000e+00 0.000000000000e+00
    -1.052377929690e+04-1.832924842830e+00 9.313225746150e-10-1.000000000000e+00
    -2.288600488280e+04 4.173879623410e-01 1.862645149230e-09 0.000000000000e+00
R20 2019 08 15 23 15 00-3.875158727170e-04-9.094947017730e-13 4.284000000000e+05
     1.016344189450e+04 2.805910110470e-01 3.725290298460e-09 0.000000000000e+00
     9.703847656250e+03 2.907496452330e+00 0.000000000000e+00 2.000000000000e+00
    -2.127754248050e+04 1.463431358340e+00 9.313225746150e-10 0.000000000000e+00
R19 2019 08 15 23 15 00-4.845205694440e-05-1.818989403550e-12 4.284000000000e+05
     4.619408203130e+03 2.928266525270e-01 2.793967723850e-09 0.000000000000e+00
     2.414894287110e+04 9.168682098390e-01-1.862645149230e-09 3.000000000000e+00
    -6.816891113280e+03 3.448506355290e+00 0.000000000000e+00 0.000000000000e+00
R02 2019 08 15 23 15 00 3.834441304210e-04 1.818989403550e-12 4.284000000000e+05
    -2.359179248050e+04-5.351228713990e-01-4.656612873080e-09 0.000000000000e+00
    -9.034616210940e+03-5.893707275390e-02-9.313225746150e-10-4.000000000000e+00
    -3.688593750000e+03 3.524061203000e+00 1.862645149230e-09 0.000000000000e+00
R13 2019 08 15 23 15 00-2.718809992070e-05 0.000000000000e+00 4.284000000000e+05
    -1.809987695310e+04 2.034252166750e+00-9.313225746150e-10 0.000000000000e+00
     2.713499023440e+03-1.337062835690e+00-9.313225746150e-10-2.000000000000e+00
    -1.777283300780e+04-2.278153419490e+00 2.793967723850e-09 0.000000000000e+00
R14 2019 08 15 23 15 00 4.197657108310e-05 0.000000000000e+00 4.284000000000e+05
    -2.137679345700e+04 3.479280471800e-01-1.862645149230e-09 0.000000000000e+00
     1.370325390630e+04-5.680370330810e-02-2.793967723850e-09-7.000000000000e+00
    -2.297583007810e+03-3.550817489620e+00 9.313225746150e-10 0.000000000000e+00
R03 2019 08 15 23 15 00 6.146728992460e-08 0.000000000000e+00 4.284000000000e+05
    -1.734917285160e+04-2.359624862670e+00-1.862645149230e-09 0.000000000000e+00
     1.766554199220e+03-9.808444976810e-01-9.313225746150e-10 5.000000000000e+00
    -1.859413378910e+04 2.099617958070e+00 2.793967723850e-09 0.000000000000e+00
R01 2019 08 15 23 15 00 4.821643233300e-05 0.000000000000e+00 4.284000000000e+05
    -1.380779248050e+04 1.944845199580e+00-4.656612873080e-09 0.000000000000e+00
    -1.444109082030e+04 9.673147201540e-01 0.000000000000e+00 1.000000000000e+00
     1.585025439450e+04 2.577360153200e+00 0.000000000000e+00 0.000000000000e+00
R24 2019 08 15 23 15 00-1.837108284240e-04 0.000000000000e+00 4.284000000000e+05
    -1.053966650390e+04-3.247785568240e-01-3.725290298460e-09 0.000000000000e+00
    -7.504653320310e+03-3.001807212830e+00 0.000000000000e+00 2.000000000000e+00
     2.195349316410e+04-1.179510116580e+00 0.000000000000e+00 0.000000000000e+00
R26 2019 08 15 23 15 00-1.069065183401e-05 3.637978807092e-12 4.284000000000e+05
     9.989933105469e+03 3.523130416870e-01 4.656612873077e-09 4.000000000000e+00
     1.272666503906e+04 2.685035705566e+00 0.000000000000e+00-6.000000000000e+00
    -1.972435937500e+04 1.907375335693e+00 0.000000000000e+00 0.000000000000e+00
R04 2019 08 15 23 15 00 3.178548067808e-04 9.094947017729e-13 4.284000000000e+05
    -3.880981445312e+02-2.811509132385e+00 1.862645149231e-09 0.000000000000e+00
     1.168425732422e+04-1.321413040161e+00 0.000000000000e+00 6.000000000000e+00
    -2.265226660156e+04-6.343841552734e-01 1.862645149231e-09 0.000000000000e+00
R27 2019 08 15 23 15 00 5.199760198593e-05 2.728484105319e-12 4.284300000000e+05
    -1.614629589844e+04-1.049208641052e+00-1.862645149231e-09 1.000000000000e+00
     1.694972460938e+04 9.447183609009e-01-2.793967723846e-09-5.000000000000e+00
     1.026100781250e+04-3.207459449768e+00 0.000000000000e+00 0.000000000000e+00
R07 2019 08 15 23 45 00-2.510752528906e-05 0.000000000000e+00 4.302000000000e+05
     2.084373779297e+04 1.951869964600e+00 2.793967723846e-09 0.000000000000e+00
    -8.541591796875e+02 4.772109985352e-01 9.313225746155e-10 5.000000000000e+00
     1.468822216797e+04-2.752165794373e+00-2.793967723846e-09 0.000000000000e+00
R06 2019 08 15 23 45 00 1.600859686732e-04 0.000000000000e+00 4.302000000000e+05
     2.418230664063e+04-1.920509338379e-01 5.587935447693e-09 0.000000000000e+00
     7.885003417969e+03-1.994619369507e-01 0.000000000000e+00-4.000000000000e+00
    -1.760330078125e+03-3.550765037537e+00-1.862645149231e-09 0.000000000000e+00
R08 2019 08 15 23 45 00 1.618638634682e-05 0.000000000000e+00 4.302000000000e+05
     6.474240234375e+03 2.982823371887e+00-9.313225746155e-10 0.000000000000e+00
    -9.388869140625e+03 9.030714035034e-01 9.313225746155e-10 6.000000000000e+00
     2.286881103516e+04-4.756155014038e-01-1.862645149231e-09 0.000000000000e+00
R09 2019 08 15 23 45 00 8.559320122004e-05 2.728484105319e-12 4.302000000000e+05
     1.590093554688e+04-2.044467926025e+00 9.313225746155e-10 0.000000000000e+00
    -1.459917480469e+03 1.797081947327e+00 0.000000000000e+00-2.000000000000e+00
     1.993478125000e+04 1.757125854492e+00-2.793967723846e-09 0.000000000000e+00
R16 2019 08 15 23 45 00 6.026588380337e-06 0.000000000000e+00 4.302000000000e+05
     4.279736328125e+01-2.058668136597e+00-9.313225746155e-10 0.000000000000e+00
     1.413126416016e+04 2.056600570679e+00-1.862645149231e-09-1.000000000000e+00
     2.124693652344e+04-1.352370262146e+00-1.862645149231e-09 0.000000000000e+00
R11 2019 08 15 23 45 00-7.612910121679e-05-9.094947017729e-13 4.303800000000e+05
     1.391016748047e+04 8.731040954590e-01 1.862645149231e-09 0.000000000000e+00
    -1.914714892578e+04-9.870738983154e-01 2.793967723846e-09 0.000000000000e+00
    -9.566590332031e+03 3.233155250549e+00 0.000000000000e+00 0.000000000000e+00
R01 2019 08 15 23 45 00 4.821736365557e-05 0.000000000000e+00 4.308000000000e+05
    -9.705219238281e+03 2.584298133850e+00-3.725290298462e-09 0.000000000000e+00
    -1.279280664063e+04 8.267402648926e-01 0.000000000000e+00 1.000000000000e+00
     1.981653857422e+04 1.801043510437e+00 0.000000000000e+00 0.000000000000e+00
R17 2019 08 15 23 45 00 2.522319555283e-04 2.728484105319e-12 4.302000000000e+05
    -9.815906738281e+03-6.669340133667e-01-3.725290298462e-09 0.000000000000e+00
     4.612110839844e+03-3.092695236206e+00-9.313225746155e-10 4.000000000000e+00
     2.309180517578e+04 3.303422927856e-01-9.313225746155e-10 0.000000000000e+00
R18 2019 08 15 23 45 00 3.965571522713e-06 9.094947017729e-13 4.302000000000e+05
    -2.747048339844e+03-2.925310134888e-01-9.313225746155e-10 0.000000000000e+00
     2.007438378906e+04-2.108106613159e+00-1.862645149231e-09-3.000000000000e+00
     1.547123291016e+04 2.689074516296e+00-9.313225746155e-10 0.000000000000e+00
R21 2019 08 15 23 45 00-6.622914224860e-05-2.728484105320e-12 4.302000000000e+05
     9.555625976560e+03 6.583328247070e-01 3.725290298460e-09 0.000000000000e+00
    -5.279346191410e+03 3.090141296390e+00 9.313225746150e-10 4.000000000000e+00
    -2.305735546880e+04-4.376153945920e-01 9.313225746150e-10 0.000000000000e+00
R05 2019 08 15 23 45 00 3.391131758690e-05 9.094947017730e-13 4.302000000000e+05
     1.202433544920e+04-2.390334129330e+00 4.656612873080e-09 0.000000000000e+00
     1.279425146480e+04-8.509130477910e-01 0.000000000000e+00 1.000000000000e+00
    -1.848385058590e+04-2.144376754760e+00 0.000000000000e+00 0.000000000000e+00
R22 2019 08 15 23 45 00-3.324169665580e-05-9.094947017730e-13 4.302000000000e+05
     1.326912109380e+03 1.815567016600e-01 0.000000000000e+00 0.000000000000e+00
    -2.187878173830e+04 1.800642967220e+00 1.862645149230e-09-3.000000000000e+00
    -1.315009863280e+04-2.967149734500e+00 9.313225746150e-10 0.000000000000e+00
R12 2019 08 15 23 45 00 5.306117236610e-05 2.728484105320e-12 4.302000000000e+05
     3.956865234380e+02 2.096549034120e+00 9.313225746150e-10 0.000000000000e+00
    -1.403946289060e+04-2.033471107480e+00 1.862645149230e-09-1.000000000000e+00
    -2.125668994140e+04 1.381173133850e+00 1.862645149230e-09 0.000000000000e+00
R23 2019 08 15 23 45 00 2.475371584300e-04 1.818989403550e-12 4.311000000000e+05
    -7.910786621090e+03-4.001331329350e-01-2.793967723850e-09 0.000000000000e+00
    -2.346782763670e+04-7.697916030880e-01 1.862645149230e-09 3.000000000000e+00
     6.089585937500e+03-3.478631019590e+00 0.000000000000e+00 0.000000000000e+00
R19 2019 08 15 23 45 00-4.845671355720e-05-1.818989403550e-12 4.302000000000e+05
     5.146757812500e+03 2.503051757810e-01 1.862645149230e-09 0.000000000000e+00
     2.498490234380e+04 9.112358093260e-03-1.862645149230e-09 3.000000000000e+00
    -4.263422851560e+02 3.606023788450e+00 0.000000000000e+00 0.000000000000e+00
R20 2019 08 15 23 45 00-3.875177353620e-04-9.094947017730e-13 4.302000000000e+05
     1.100331640630e+04 6.244268417360e-01 3.725290298460e-09 0.000000000000e+00
     1.449550439450e+04 2.374438285830e+00-9.313225746150e-10 2.000000000000e+00
    -1.785393847660e+04 2.315933227540e+00 0.000000000000e+00 0.000000000000e+00
R02 2019 08 15 23 45 00 3.834478557110e-04 1.818989403550e-12 4.302000000000e+05
    -2.382019482420e+04 2.970790863040e-01-4.656612873080e-09 0.000000000000e+00
    -8.805988769530e+03 2.750844955440e-01 0.000000000000e+00-4.000000000000e+00
     2.715208007810e+03 3.545207023620e+00 9.313225746150e-10 0.000000000000e+00
R03 2019 08 15 23 45 00 6.332993507390e-08 0.000000000000e+00 4.302000000000e+05
    -2.121750537110e+04-1.893716812130e+00-2.793967723850e-09 0.000000000000e+00
     4.889067382810e+02-4.520111083980e-01-9.313225746150e-10 5.000000000000e+00
    -1.414390234380e+04 2.812785148620e+00 2.793967723850e-09 0.000000000000e+00
R13 2019 08 15 23 45 00-2.718903124330e-05 0.000000000000e+00 4.302000000000e+05
    -1.429272607420e+04 2.148158073430e+00-9.313225746150e-10 0.000000000000e+00
    -2.434951171880e+02-1.936874389650e+00 0.000000000000e+00-2.000000000000e+00
    -2.113390283200e+04-1.432195663450e+00 2.793967723850e-09 0.000000000000e+00
R14 2019 08 15 23 45 00 4.197657108310e-05 0.000000000000e+00 4.302000000000e+05
    -2.017122607420e+04 9.571866989140e-01-1.862645149230e-09 0.000000000000e+00
     1.305450292970e+04-6.871528625490e-01-1.862645149230e-09-7.000000000000e+00
    -8.517341308590e+03-3.315051078800e+00 1.862645149230e-09 0.000000000000e+00
R15 2019 08 15 23 45 00 1.035407185550e-04 0.000000000000e+00 4.302000000000e+05
    -1.448727392580e+04-7.848854064940e-01-2.793967723850e-09 0.000000000000e+00
     1.903708300780e+04 9.353036880490e-01-1.862645149230e-09 0.000000000000e+00
     8.871447265630e+03-3.298804283140e+00 0.000000000000e+00 0.000000000000e+00
R04 2019 08 15 23 45 00 3.178576007490e-04 9.094947017730e-13 4.307100000000e+05
    -5.666730468750e+03-3.005825042720e+00 9.313225746150e-10 0.000000000000e+00
     9.658583984380e+03-9.093751907350e-01-9.313225746150e-10 6.000000000000e+00
    -2.290217919920e+04 3.584651947020e-01 1.862645149230e-09 0.000000000000e+00
R26 2019 08 15 23 45 00-1.068413257599e-05 3.637978807092e-12 4.302000000000e+05
     1.090244628906e+04 6.285676956177e-01 3.725290298462e-09 4.000000000000e+00
     1.701955175781e+04 2.048651695251e+00-9.313225746155e-10-6.000000000000e+00
    -1.557335742188e+04 2.674863815308e+00 0.000000000000e+00 0.000000000000e+00
R24 2019 08 15 23 45 00-1.837117597461e-04 0.000000000000e+00 4.302300000000e+05
    -1.147311523438e+04-6.862421035767e-01-3.725290298462e-09 0.000000000000e+00
    -1.251866455078e+04-2.525207519531e+00 0.000000000000e+00 2.000000000000e+00
     1.900692089844e+04-2.073071479797e+00 0.000000000000e+00 0.000000000000e+00
R27 2019 08 15 23 45 00 5.199946463108e-05 2.728484105319e-12 4.302300000000e+05
    -1.733893261719e+04-2.875928878784e-01-2.793967723846e-09 1.000000000000e+00
     1.831186914063e+04 5.277547836304e-01-1.862645149231e-09-5.000000000000e+00
     4.167393066406e+03-3.519514083862e+00 9.313225746155e-10 0.000000000000e+00
