     3.05           NAVIGATION DATA     C                   RINEX VERSION / TYPE
ssrcrin-16.1.0x     BKG Frankfurt       20260419 181003 UTC PGM / RUN BY / DATE 
gfzrnx-2.2.0        FILE PROCESSING     20260421 091033 UTC COMMENT             
BDSA   3.2596e-08  6.7055e-08 -1.0133e-06  1.5497e-06       IONOSPHERIC CORR    
BDSA   2.8871e-08  5.9605e-08 -8.9407e-07  1.5497E-06 C 40  IONOSPHERIC CORR    
BDSA   2.9802e-08  5.2154e-08 -8.9407e-07  1.4901E-06 E 40  IONOSPHERIC CORR    
BDSA   2.2352e-08  1.9372e-07 -1.4901e-06  2.2054E-06 G 30  IONOSPHERIC CORR    
BDSA   2.6077e-08  1.5646e-07 -1.3113e-06  1.9670E-06 H 11  IONOSPHERIC CORR    
BDSA   2.8871e-08  1.1921e-07 -1.1325e-06  1.7881E-06 I 23  IONOSPHERIC CORR    
BDSA   2.8871e-08  1.1921e-07 -1.1325e-06  1.7881E-06 J 42  IONOSPHERIC CORR    
BDSA   3.7253e-08  5.9605e-08 -1.1325e-06  1.9073E-06 K 38  IONOSPHERIC CORR    
BDSA   2.5146e-08  1.5646e-07 -1.3709e-06  2.0862E-06 M 12  IONOSPHERIC CORR    
BDSA   3.0734e-08  9.6858e-08 -1.0729e-06  1.7285E-06 N 27  IONOSPHERIC CORR    
BDSA   2.8871e-08  1.1921e-07 -1.1325e-06  1.7881E-06 O 12  IONOSPHERIC CORR    
BDSA   2.8871e-08  1.1921e-07 -1.1325e-06  1.7881E-06 P 12  IONOSPHERIC CORR    
BDSA   2.7940e-08  1.0431e-07 -1.1325e-06  1.7881E-06 Q 13  IONOSPHERIC CORR    
BDSA   2.8871e-08  1.1921e-07 -1.1325e-06  1.7881E-06 R 12  IONOSPHERIC CORR    
BDSA   2.9802e-08  1.0431e-07 -1.1325e-06  1.7285E-06 S     IONOSPHERIC CORR    
BDSA   2.8871e-08  2.6077e-07 -1.9073e-06  2.8610E-06 U 05  IONOSPHERIC CORR    
BDSA   2.7940e-08  1.0431e-07 -1.1325e-06  1.7881E-06 W 16  IONOSPHERIC CORR    
BDSA   2.7940e-08  1.0431e-07 -1.1325e-06  1.7881E-06 X 16  IONOSPHERIC CORR    
BDSB   1.1264e+05  2.6214e+05 -3.9322e+05  6.5536e+04       IONOSPHERIC CORR    
BDSB   1.3312e+05 -5.5706e+05  3.6700e+06 -2.8180E+06 C 40  IONOSPHERIC CORR    
BDSB   1.2902e+05 -4.9152e+05  3.4079e+06 -2.6870E+06 E 40  IONOSPHERIC CORR    
BDSB   1.4950e+05 -5.5706e+05  3.2768e+06 -2.4904E+06 G 30  IONOSPHERIC CORR    
BDSB   1.4541e+05 -8.5197e+05  4.9807e+06 -3.6700E+06 H 11  IONOSPHERIC CORR    
BDSB   1.3722e+05 -7.3728e+05  4.5875e+06 -3.4734E+06 I 23  IONOSPHERIC CORR    
BDSB   1.3722e+05 -7.3728e+05  4.5875e+06 -3.4734E+06 J 42  IONOSPHERIC CORR    
BDSB   1.1878e+05 -4.7514e+05  3.2113e+06 -2.4904E+06 K 38  IONOSPHERIC CORR    
BDSB   1.3722e+05 -7.2090e+05  4.4564e+06 -3.3423E+06 M 12  IONOSPHERIC CORR    
BDSB   1.3312e+05 -7.5366e+05  4.7186e+06 -3.5389E+06 N 27  IONOSPHERIC CORR    
BDSB   1.3722e+05 -7.3728e+05  4.5875e+06 -3.4734E+06 O 12  IONOSPHERIC CORR    
BDSB   1.3722e+05 -7.3728e+05  4.5875e+06 -3.4734E+06 P 12  IONOSPHERIC CORR    
BDSB   1.3517e+05 -5.7344e+05  3.6045e+06 -2.8180E+06 Q 13  IONOSPHERIC CORR    
BDSB   1.3722e+05 -7.3728e+05  4.5875e+06 -3.4734E+06 R 12  IONOSPHERIC CORR    
BDSB   1.4336e+05 -8.1920e+05  4.7841e+06 -3.5389E+06 S     IONOSPHERIC CORR    
BDSB   1.5770e+05 -8.5197e+05  3.8011e+06 -1.9661E+06 U 05  IONOSPHERIC CORR    
BDSB   1.2083e+05 -5.0790e+05  3.7356e+06 -3.0147E+06 W 16  IONOSPHERIC CORR    
BDSB   1.2083e+05 -5.0790e+05  3.7356e+06 -3.0147E+06 X 16  IONOSPHERIC CORR    
GAL    9.7750e+01  5.0781e-02  1.8616e-03           0       IONOSPHERIC CORR    
GPSA   1.5832e-08  1.4901e-08 -1.1921e-07 -1.1921E-07       IONOSPHERIC CORR    
GPSB   1.0650e+05  6.5536e+04 -1.9661e+05 -1.9661E+05       IONOSPHERIC CORR    
IRNA   5.1223e-08  2.8312e-07 -1.0133e-06 -7.5102E-06       IONOSPHERIC CORR    
IRNB   1.3722e+05 -9.3389e+05  1.7039e+06  8.3231E+06       IONOSPHERIC CORR    
QZSA   1.9560e-08  7.4510e-09 -4.1720e-07  -.9537E-06       IONOSPHERIC CORR    
QZSB   1.0440e+05 -4.9150e+04  3.9320e+05   .2490E+07       IONOSPHERIC CORR    
BDUT  0.0000000000e+00 0.000000000e+00     14 1059          TIME SYSTEM CORR    
GAGP -9.6042640507E-10-3.019806627E-14  86400 2415          TIME SYSTEM CORR    
GAUT  0.0000000000E+00 0.000000000E+00      0 2415          TIME SYSTEM CORR    
GLGP  2.7939677238E-09 0.000000000E+00 507618 2414          TIME SYSTEM CORR    
GLUT  9.3132257462e-10 0.000000000e+00 233472 2415          TIME SYSTEM CORR    
GPUT  9.3132257462E-10 1.154631946E-14 233472 2415          TIME SYSTEM CORR    
IRUT  1.3271346688E-08 8.881784197E-16    288 1391          TIME SYSTEM CORR    
QZUT  -.9313225746E-09  .000000000E+00 180224 2415          TIME SYSTEM CORR    
    18                                                      LEAP SECONDS        
                                                            END OF HEADER
C01 2026 04 19 14 00 00-4.935252945870e-04 3.628208844475e-12 0.000000000000e+00
     1.000000000000e+00 1.151875000000e+02 1.054686789081e-09-2.614325005747e+00
     3.600027412176e-06 1.104189897887e-03 2.442253753543e-05 6.493464080811e+03
     5.040000000000e+04-1.359730958939e-07 4.138605735369e-01 2.994202077389e-07
     6.287868991554e-02-7.395937500000e+02 2.115222529086e+00-8.143196339671e-11
    -8.432494104370e-10                    1.059000000000e+03                   
     2.000000000000e+00 0.000000000000e+00-5.700000027531e-09-1.000000000000e-08
     5.040000000000e+04 1.000000000000e+00                                      
C01 2026 04 19 15 00 00-4.935123724863e-04 3.607780740822e-12 0.000000000000e+00
     1.000000000000e+00 5.506093750000e+02-4.162316234321e-09-2.349417383213e+00
     1.803319901228e-05 1.102105947211e-03 1.502968370914e-05 6.493472091675e+03
     5.400000000000e+04 7.357448339462e-08 7.830102802525e-01 1.830048859119e-07
     6.133477737681e-02-4.503750000000e+02 1.743969500198e+00 5.094497920573e-09
    -7.607459738377e-10                    1.059000000000e+03                   
     2.000000000000e+00 0.000000000000e+00-5.700000027531e-09-1.000000000000e-08
     5.400000000000e+04 1.000000000000e+00                                      
C01 2026 04 19 16 00 00-4.934988683090e-04 3.674394122299e-12 0.000000000000e+00
     1.000000000000e+00 7.120625000000e+02-8.979302595424e-09-2.087182140428e+00
     2.347538247705e-05 1.102197449654e-03-1.012813299894e-06 6.493471319199e+03
     5.760000000000e+04 1.713633537292e-07 1.154451750544e+00-1.280568540096e-07
     6.229179058883e-02 3.740625000000e+01 1.373097808704e+00 9.926484906512e-09
    -5.625234313588e-10                    1.059000000000e+03                   
     2.000000000000e+00 0.000000000000e+00-5.700000027531e-09-1.000000000000e-08
     5.760000000000e+04 1.000000000000e+00                                      
C01 2026 04 19 17 00 00-4.934851313010e-04 3.734790254839e-12 0.000000000000e+00
     1.000000000000e+00 5.565156250000e+02-1.156226732913e-08-1.828205069291e+00
     1.841550692916e-05 1.102704438381e-03-1.577474176884e-05 6.493461935043e+03
     6.120000000000e+04 6.379559636116e-08 1.510091253728e+00-3.860332071781e-07
     6.557888997828e-02 4.834218750000e+02 1.021268051411e+00 1.257873824065e-08
    -3.000124967247e-10                    1.059000000000e+03                   
     2.000000000000e+00 0.000000000000e+00-5.700000027531e-09-1.000000000000e-08
     6.120000000000e+04 1.000000000000e+00                                      
C02 2025 09 16 05 00 00-3.815183881670e-04-3.015188099198e-11 0.000000000000e+00
     1.000000000000e+00-3.583750000000e+02 1.168655822063e-08 2.195105006957e+00
    -1.162057742476e-05 6.057624705136e-04-9.897630661726e-06 6.493450592041e+03
     1.908000000000e+05-1.989305019379e-06-2.099477646505e+00 1.631677150726e-06
     2.378469120786e-02 3.002187500000e+02 2.717647751246e+00-1.072508960017e-08
     4.028739241732e-10                    1.028000000000e+03                   
     2.000000000000e+00 0.000000000000e+00 9.000000000000e-10-1.370000000000e-08
     1.935904000000e+05 0.000000000000e+00                                      
C02 2025 11 08 00 00 00 7.025499362499e-04 1.832933804735e-11 0.000000000000e+00
     1.000000000000e+00-5.871093750000e+02 1.168655822063e-08 2.147032622104e+00
    -1.896731555462e-05 6.413665832952e-04-2.114987000823e-05 6.493497728348e+03
     5.184000000000e+05-1.614447683096e-06 2.401030443824e+00-1.898966729641e-06
     4.240070119940e-02 6.437031250000e+02-2.980542534554e+00-1.067115878231e-08
     1.617924535908e-10                    1.035000000000e+03                   
     2.000000000000e+00 0.000000000000e+00 1.100000000000e-09-1.390000000000e-08
     5.216104000000e+05 0.000000000000e+00                                      
C02 2026 04 19 12 00 00 3.502937033772e-07-1.429967255717e-13 0.000000000000e+00
     1.000000000000e+00-9.304843750000e+02 1.168655822063e-08 1.303928190689e+00
    -3.032898530364e-05 2.464022254571e-04 9.669456630945e-06 6.493421134949e+03
     4.320000000000e+04-1.108739525080e-06-3.383769835367e-01 1.313164830208e-06
     4.485384219400e-02-3.035312500000e+02-2.702288780603e+00-1.077402020976e-08
    -2.150089559860e-10 0.000000000000e+00 1.059000000000e+03 0.000000000000e+00
     2.000000000000e+00 0.000000000000e+00 4.730000000000e-08 4.730000000000e-08
     4.325760000000e+04 1.000000000000e+00                                      
C02 2026 04 19 14 00 00  .349013134837e-06 -.175859327101e-12  .000000000000e+00
      .100000000000e+01  .667500000000e+03 -.718458498109e-08  .188551494210e+01
      .217971391976e-04  .249097472988e-03  .165132805705e-04  .649338617134e+04
      .504000000000e+05  .237021595240e-06  .761086053649e+00 -.225380063057e-06
      .416811561646e-01 -.497078125000e+03  .242595648324e+01  .835570519152e-08
     -.804676375144e-09  .000000000000e+00  .105900000000e+04  .000000000000e+00
      .200000000000e+01  .000000000000e+00  .472999985845e-07  .473000000000e-07
      .504000000000e+05  .100000000000e+01                                      
C02 2026 04 19 15 00 00  .347732566297e-06 -.259348098552e-12  .000000000000e+00
      .100000000000e+01  .776015625000e+03 -.116865582206e-07  .215310797167e+01
      .255974009633e-04  .250123091973e-03 -.853929668665e-05  .649338221931e+04
      .540000000000e+05  .265426933765e-07  .123935222761e+01 -.250991433859e-06
      .494052261088e-01  .266906250000e+03  .194313268309e+01  .128919655735e-07
     -.477162732886e-09  .000000000000e+00  .105900000000e+04  .000000000000e+00
      .200000000000e+01  .000000000000e+00  .472999985845e-07  .473000000000e-07
      .540000000000e+05  .100000000000e+01                                      
C02 2026 04 19 16 00 00  .346917659044e-06 -.234479102801e-12  .000000000000e+00
      .100000000000e+01  .425234375000e+03 -.113729737300e-07  .240917915646e+01
      .142254866660e-04  .247738440521e-03 -.231070443988e-04  .649338912964e+04
      .576000000000e+05 -.133179128170e-06  .160741099389e+01 -.117346644402e-06
      .604468168240e-01  .705984375000e+03  .158197637685e+01  .125498084642e-07
     -.195365280605e-09  .000000000000e+00  .105900000000e+04  .000000000000e+00
      .200000000000e+01  .000000000000e+00  .472999985845e-07  .473000000000e-07
      .576000000000e+05  .100000000000e+01                                      
C02 2026 04 19 17 00 00  .346917659044e-06 -.127897692437e-12  .000000000000e+00
      .100000000000e+01  .265468750000e+02 -.942039239716e-08  .266362104697e+01
      .109942629933e-05  .242318492383e-03 -.264882110059e-04  .649340303993e+04
      .612000000000e+05 -.112690031528e-06  .189870139016e+01 -.419095158577e-08
      .727554950155e-01  .803703125000e+03  .129912319530e+01  .105204382185e-07
      .521450291926e-10  .000000000000e+00  .105900000000e+04  .000000000000e+00
      .200000000000e+01  .000000000000e+00  .472999985845e-07  .473000000000e-07
      .612000000000e+05  .100000000000e+01                                      
C02 2026 04 19 18 00 00 3.466848284006e-07-1.083577672034e-13 0.000000000000e+00
     1.000000000000e+00-2.879062500000e+02-7.594602059946e-09 2.923434589791e+00
    -9.336508810520e-06 2.358822384849e-04-2.313870936632e-05 6.493418645859e+03
     6.480000000000e+04-1.001171767712e-07 2.143358010344e+00 7.078051567078e-08
     8.513259242276e-02 6.984218750000e+02 1.057411705693e+00 8.605001289986e-09
     2.310810540249e-10                    1.059000000000e+03                   
     2.000000000000e+00 0.000000000000e+00 4.729999858455e-08 4.729999858455e-08
     6.484100000000e+04 1.000000000000e+00                                      
C03 2026 04 19 14 00 00-6.785849109292e-07 2.398081733190e-14 0.000000000000e+00
     1.000000000000e+00 1.759375000000e+02-7.032435786321e-10 2.353197025176e+00
     5.530193448067e-06 3.679441288114e-04 2.672523260117e-05 6.493345682144e+03
     5.040000000000e+04 1.443549990654e-08 3.960576665801e-01 1.252628862858e-07
     4.847225449253e-02-8.098593750000e+02 2.854657753577e+00 1.870792211719e-09
    -8.128910030303e-10                    1.059000000000e+03                   
     2.000000000000e+00 0.000000000000e+00 3.530000114438e-08 3.530000000000e-08
     5.040000000000e+04 1.000000000000e+00                                      
C03 2026 04 19 15 00 00-6.789341568947e-07-2.664535259100e-14 0.000000000000e+00
     1.000000000000e+00 7.155156250000e+02-8.676789994560e-09 2.609165655022e+00
     2.347165718675e-05 3.623866941780e-04 1.236191019416e-05 6.493360223770e+03
     5.400000000000e+04 6.938353180885e-08 8.751044828829e-01-8.381903171539e-09
     4.778130219160e-02-3.684218750000e+02 2.382623892980e+00 9.765406768389e-09
    -6.632419124021e-10                    1.059000000000e+03                   
     2.000000000000e+00 0.000000000000e+00 3.530000114438e-08 3.530000000000e-08
     5.400000000000e+04 1.000000000000e+00                                      
C03 2026 04 19 16 00 00-6.784684956074e-07 4.707345624411e-14 0.000000000000e+00
     1.000000000000e+00 7.168281250000e+02-1.168655822063e-08 2.870071944988e+00
     2.371985465288e-05 3.591099521145e-04-9.838491678238e-06 6.493368213654e+03
     5.760000000000e+04 3.543682396412e-07 1.330604918796e+00-5.573965609074e-07
     5.186634732155e-02 3.047968750000e+02 1.929185021705e+00 1.273481617050e-08
    -6.307405585903e-10                    1.059000000000e+03                   
     2.000000000000e+00 0.000000000000e+00 3.530000114438e-08 3.530000000000e-08
     5.760000000000e+04 1.000000000000e+00                                      
C03 2026 04 19 17 00 00-6.770715117455e-07 1.998401444325e-13 0.000000000000e+00
     1.000000000000e+00 3.040156250000e+02-1.168655822063e-08 3.131976262537e+00
     1.021940261126e-05 3.535255091265e-04-2.170447260141e-05 6.493381748199e+03
     6.120000000000e+04 3.208406269550e-07 1.720541161205e+00-1.441687345505e-06
     5.952396421203e-02 6.612656250000e+02 1.540269111991e+00 1.266659904326e-08
    -6.936003198088e-10                    1.059000000000e+03                   
     2.000000000000e+00 0.000000000000e+00 3.530000114438e-08 3.530000000000e-08
     6.120000000000e+04 1.000000000000e+00                                      
C03 2026 04 19 18 00 00-6.770715117455e-07 1.127986593019e-13 0.000000000000e+00
     1.000000000000e+00-1.455000000000e+02-1.074759037323e-08-2.886889199186e+00
    -4.605855792761e-06 3.502819454297e-04-2.238946035504e-05 6.493389759064e+03
     6.480000000000e+04-1.345761120319e-07 2.044742448073e+00-4.796311259270e-08
     6.916331576400e-02 6.771093750000e+02 1.214601448706e+00 1.168548635633e-08
     1.125046861228e-10                    1.059000000000e+03                   
     2.000000000000e+00 0.000000000000e+00 3.530000114438e-08 3.530000114438e-08
     0.000000000000e+00 1.000000000000e+00                                      
C04 2026 04 19 14 00 00-4.794787382707e-04 2.409095145595e-11 0.000000000000e+00
     1.000000000000e+00-3.035156250000e+02 5.428797559780e-09-1.096812703612e+00
    -1.019658520818e-05 6.783471908420e-04 2.094451338053e-05 6.493472318649e+03
     5.040000000000e+04-1.951120793819e-07 1.204719416599e-01 2.188608050346e-08
     3.032234044148e-02-6.351093750000e+02 1.159751474110e+00-4.511973656099e-09
    -8.768222374514e-10                    1.059000000000e+03                   
     2.000000000000e+00 0.000000000000e+00 5.500000010983e-09-8.000000000000e-09
     5.040000000000e+04 1.000000000000e+00                                      
C04 2026 04 19 15 00 00-4.793921252713e-04 2.408206967175e-11 0.000000000000e+00
     1.000000000000e+00 6.468750000000e+02-1.168655822063e-08-8.337232278504e-01
     2.132821828127e-05 6.787992315367e-04 9.055715054274e-06 6.493473936081e+03
     5.400000000000e+04-1.057051122189e-07 9.332543179026e-01 5.685724318028e-07
     2.689968413696e-02-2.677187500000e+02 3.470815011777e-01 1.260981096353e-08
    -7.761037564081e-10                    1.059000000000e+03                   
     2.000000000000e+00 0.000000000000e+00 5.500000010983e-09-8.000000000000e-09
     5.400000000000e+04 1.000000000000e+00                                      
C04 2026 04 19 16 00 00-4.793046973646e-04 2.416289390794e-11 0.000000000000e+00
     1.000000000000e+00 3.994218750000e+02-1.168655822063e-08-5.732798519784e-01
     1.335004344583e-05 6.765990983695e-04-1.972028985620e-05 6.493467649460e+03
     5.760000000000e+04 1.114793121815e-06 1.635013690620e+00 8.102506399155e-07
     3.537720370539e-02 5.995312500000e+02-3.519306723080e-01 1.265195557616e-08
    -6.175257224250e-10                    1.059000000000e+03                   
     2.000000000000e+00 0.000000000000e+00 5.500000010983e-09-8.000000000000e-09
     5.760000000000e+04 1.000000000000e+00                                      
C04 2026 04 19 17 00 00-4.792171530426e-04 2.423394818152e-11 0.000000000000e+00
     1.000000000000e+00-1.402656250000e+02-1.168655822063e-08-3.134490540341e-01
    -4.533678293228e-06 6.711522582918e-04-2.413941547275e-05 6.493453746796e+03
     6.120000000000e+04 8.307397365570e-07 2.063124187826e+00 1.192092895508e-07
     4.967449081050e-02 7.301875000000e+02-7.767378478263e-01 1.274874532213e-08
    -1.578637185147e-10                    1.059000000000e+03                   
     2.000000000000e+00 0.000000000000e+00 5.500000010983e-09-8.000000000000e-09
     6.120000000000e+04 1.000000000000e+00                                      
C05 2026 02 17 18 00 00-6.450603250414e-04 1.944933103459e-11 0.000000000000e+00
     1.000000000000e+00 7.290156250000e+02 7.411022984569e-09 2.754982621684e+00
     2.395408228040e-05 1.390458666719e-03-1.628976315260e-05 6.493433593750e+03
     2.376000000000e+05 6.100162863731e-08 1.226057092051e+00 4.423782229424e-08
     3.394058157860e-02 4.977968750000e+02 1.802140440737e+00-6.542058217270e-09
     3.392998474863e-11                    1.050000000000e+03                   
     2.000000000000e+00 0.000000000000e+00-2.000000000000e-10-9.300000000000e-09
     2.401804000000e+05 0.000000000000e+00                                      
C05 2026 04 18 14 00 00-3.835174720734e-04 1.835065432942e-11 0.000000000000e+00
     1.000000000000e+00-6.237500000000e+01 1.824718820487e-09 2.454228706374e+00
    -2.267304807901e-06 1.241951598786e-03 3.048498183489e-05 6.493426147461e+03
     5.688000000000e+05 3.278255462646e-07 2.018057015604e-01 9.778887033463e-09
     3.254036855696e-02-9.309062500000e+02 2.146842716319e+00-7.261016787830e-10
    -1.010042049998e-09                    1.058000000000e+03                   
     2.000000000000e+00 0.000000000000e+00-2.000000026703e-10-9.299999881307e-09
     5.715604000000e+05 1.000000000000e+00                                      
C05 2026 04 19 11 00 00-3.821306163445e-04 1.831690354948e-11 0.000000000000e+00
     1.000000000000e+00-4.653750000000e+02 1.168655822063e-08 1.678864957019e+00
    -1.502595841885e-05 1.229029148817e-03-2.757646143436e-05 6.493435256958e+03
     3.960000000000e+04-2.747401595116e-06-9.909197412475e-01 1.884531229734e-06
     7.457396216771e-02 8.477031250000e+02-3.060623976599e+00-1.068080204113e-08
     8.518211960577e-10                    1.059000000000e+03                   
     2.000000000000e+00 0.000000000000e+00-2.000000000000e-10-9.300000000000e-09
     3.969040000000e+04 1.000000000000e+00                                      
C05 2026 04 19 14 00 00 -.381932943128e-03  .182449610975e-10  .000000000000e+00
      .100000000000e+01 -.343078125000e+03  .849463955012e-08  .246567400543e+01
     -.113756395876e-04  .123272521887e-02  .269259326160e-04  .649343142700e+04
      .504000000000e+05  .370200723410e-06  .123738232503e+00  .926665961742e-07
      .318341492430e-01 -.828656250000e+03  .211026763579e+01 -.744781023119e-08
     -.110218876773e-08  .000000000000e+00  .105900000000e+04  .000000000000e+00
      .200000000000e+01  .000000000000e+00 -.200000002670e-09 -.930000000000e-08
      .504000000000e+05  .100000000000e+01                                      
C05 2026 04 19 15 00 00 -.381868099794e-03  .181472614713e-10  .000000000000e+00
      .100000000000e+01  .790609375000e+03 -.116865582206e-07  .272910648720e+01
      .257738865912e-04  .123614550103e-02  .117351301014e-04  .649342224121e+04
      .540000000000e+05  .985339283943e-06  .896489511529e+00 -.367872416973e-06
      .280322402039e-01 -.351609375000e+03  .133727490360e+01  .127758893099e-07
     -.546451333320e-09  .000000000000e+00  .105900000000e+04  .000000000000e+00
      .200000000000e+01  .000000000000e+00 -.200000002670e-09 -.930000000000e-08
      .540000000000e+05  .100000000000e+01                                      
C05 2026 04 19 16 00 00 -.381802325137e-03  .182032167118e-10  .000000000000e+00
      .100000000000e+01  .441765625000e+03 -.116865582206e-07  .299228901040e+01
      .147470273077e-04  .124133855570e-02 -.222376547754e-04  .649340950584e+04
      .576000000000e+05  .731088221073e-07  .159255731954e+01 -.139558687806e-05
      .355952765147e-01  .681906250000e+03  .641209342634e+00  .128608928507e-07
      .482162941165e-10  .000000000000e+00  .105900000000e+04  .000000000000e+00
      .200000000000e+01  .000000000000e+00 -.200000002670e-09 -.930000000000e-08
      .576000000000e+05  .100000000000e+01                                      
C05 2026 04 19 17 00 00 -.381735619158e-03  .183462134373e-10  .000000000000e+00
      .100000000000e+01 -.253453125000e+03 -.116865582206e-07 -.302849919966e+01
     -.801729038358e-05  .124296452850e-02 -.250861048698e-04  .649340557671e+04
      .612000000000e+05 -.354368239641e-06  .203366761254e+01 -.562984496355e-06
      .492422672752e-01  .759546875000e+03  .200834686759e+00  .129026803056e-07
      .288583449230e-09  .000000000000e+00  .105900000000e+04  .000000000000e+00
      .200000000000e+01  .000000000000e+00 -.200000002670e-09 -.930000000000e-08
      .612000000000e+05  .100000000000e+01                                      
C05 2026 04 19 18 00 00-3.816692624241e-04 1.839328689357e-11 0.000000000000e+00
     1.000000000000e+00-5.994218750000e+02-9.674331546169e-09-2.764093537968e+00
    -1.951819285750e-05 1.238107448444e-03-1.762481406331e-05 6.493418725967e+03
     6.480000000000e+04-2.654269337654e-08 2.333715504572e+00-1.178123056889e-07
     6.465326659949e-02 5.274062500000e+02-1.005810088027e-01 1.082937965856e-08
     4.850202030383e-10                    1.059000000000e+03                   
     2.000000000000e+00 0.000000000000e+00-2.000000026703e-10-9.299999881307e-09
     6.484100000000e+04 1.000000000000e+00                                      
C06 2026 04 19 11 00 00 2.847536234185e-04 1.941558025464e-12 0.000000000000e+00
     1.000000000000e+00-6.832968750000e+02-3.643008888800e-11-2.481081141183e+00
    -2.249330282211e-05 2.308785449713e-03 2.999650314450e-05 6.493796852112e+03
     3.960000000000e+04-2.644956111908e-07-2.946963773579e+00-2.011656761169e-07
     1.023721190942e+00-6.597968750000e+02-2.205341568483e+00-1.323269405196e-09
     1.914365455291e-10                    1.059000000000e+03                   
     2.000000000000e+00 0.000000000000e+00 2.300000000000e-09 2.300000000000e-09
     3.960000000000e+04 1.000000000000e+00                                      
C06 2026 04 19 12 00 00 2.847607247531e-04 1.941558025464e-12 0.000000000000e+00
     1.000000000000e+00-6.113437500000e+02 1.446488823494e-10-2.222035296803e+00
    -2.034427598119e-05 2.313495031558e-03 2.791360020638e-05 6.493774728775e+03
     4.320000000000e+04-1.089647412300e-07-2.946967786363e+00-2.733431756496e-07
     1.023721786350e+00-5.897343750000e+02-2.201922001861e+00-1.353270654869e-09
     1.275053111080e-10                    1.059000000000e+03                   
     2.000000000000e+00 0.000000000000e+00 2.300000000000e-09 2.300000000000e-09
     4.320000000000e+04 1.000000000000e+00                                      
C06 2026 04 19 13 00 00 2.847678260878e-04 1.950439809661e-12 0.000000000000e+00
     1.000000000000e+00-5.578593750000e+02 2.692969180984e-10-1.961671199388e+00
    -1.881504431367e-05 2.314947312698e-03 2.749357372522e-05 6.493762498856e+03
     4.680000000000e+04 4.144385457039e-08-2.946971954216e+00-2.169981598854e-07
     1.023721998473e+00-5.748281250000e+02-2.199816625752e+00-1.398986815282e-09
     7.571743926293e-11                    1.059000000000e+03                   
     2.000000000000e+00 0.000000000000e+00 2.299999968258e-09 2.299999968258e-09
     4.680000000000e+04 1.000000000000e+00                                      
C06 2026 04 19 14 00 00 2.847751602530e-04 1.971756091734e-12 0.000000000000e+00
     1.000000000000e+00-5.652656250000e+02 3.075128091428e-10-1.698866790769e+00
    -1.919968053699e-05 2.315015299246e-03 2.733152359724e-05 6.493764354706e+03
     5.040000000000e+04 8.847564458847e-08-2.946976397099e+00-7.916241884232e-08
     1.023721875588e+00-5.708437500000e+02-2.200148659880e+00-1.455417766849e-09
     4.035882396416e-11                    1.059000000000e+03                   
     2.000000000000e+00 0.000000000000e+00 2.300000000000e-09 2.300000000000e-09
     5.040000000000e+04 1.000000000000e+00                                      
C06 2026 04 19 15 00 00 2.847820287570e-04 1.965538842796e-12 0.000000000000e+00
     1.000000000000e+00-6.057656250000e+02 2.303667385565e-10-1.434089874114e+00
    -2.060877159238e-05 2.316431724466e-03 2.580694854259e-05 6.493777677536e+03
     5.400000000000e+04 1.103617250919e-07-2.946981865486e+00-1.559965312481e-07
     1.023722304223e+00-5.268593750000e+02-2.202452169225e+00-1.421487782100e-09
     5.357366012941e-11                    1.059000000000e+03                   
     2.000000000000e+00 0.000000000000e+00 2.299999968258e-09 2.300000000000e-09
     5.400000000000e+04 1.000000000000e+00                                      
C06 2026 04 19 16 00 00 2.847879659384e-04 1.896260926060e-12 0.000000000000e+00
     1.000000000000e+00-6.248281250000e+02 2.107230631757e-10-1.168795833472e+00
    -2.124859020114e-05 2.320142812096e-03 2.311542630196e-05 6.493795845032e+03
     5.760000000000e+04-1.746229827404e-07-2.946986540973e+00-1.057051122189e-07
     1.023721209960e+00-4.475312500000e+02-2.205274805290e+00-1.557922036563e-09
     4.714482091388e-11                    1.059000000000e+03                   
     2.000000000000e+00 0.000000000000e+00 2.299999968258e-09 2.300000000000e-09
     5.760000000000e+04 1.000000000000e+00                                      
C06 2026 04 19 17 00 00 2.847944851965e-04 1.868727395049e-12 0.000000000000e+00
     1.000000000000e+00-6.061406250000e+02 9.036090675161e-11-9.044011875511e-01
    -2.060085535049e-05 2.324531669728e-03 2.088770270348e-05 6.493810989380e+03
     6.120000000000e+04-5.587935447693e-09-2.946992116153e+00-1.210719347000e-08
     1.023722276428e+00-3.823125000000e+02-2.207200343417e+00-1.466132498875e-09
     3.357282701443e-11                    1.059000000000e+03                   
     2.000000000000e+00 0.000000000000e+00 2.299999968258e-09 2.300000000000e-09
     6.120000000000e+04 1.000000000000e+00                                      
C07 2026 04 18 18 00 00-2.261949703097e-05-6.936673457858e-13 0.000000000000e+00
     1.000000000000e+00-2.706718750000e+02 1.640782630897e-09-2.386280899984e+00
    -8.859671652317e-06 3.885289537720e-03 9.468290954828e-06 6.493108049393e+03
     5.832000000000e+05-1.052394509315e-07-7.119876014615e-01-8.987262845039e-08
     9.639043490680e-01-4.490625000000e+01-2.560578584867e+00-2.201520273585e-09
    -1.073616148993e-09                    1.058000000000e+03                   
     2.000000000000e+00 0.000000000000e+00 6.400000000000e-09 6.400000000000e-09
     5.832000000000e+05 1.000000000000e+00                                      
C07 2026 04 18 19 00 00-2.262182533741e-05-6.759037773918e-13 0.000000000000e+00
     1.000000000000e+00-2.622500000000e+02 1.687927451811e-09-2.124384056483e+00
    -8.597504347563e-06 3.886500955559e-03 8.550938218832e-06 6.493101236343e+03
     5.868000000000e+05-9.965151548386e-08-7.119954353878e-01-1.108273863792e-07
     9.639004855014e-01-1.510937500000e+01-2.559919117489e+00-2.202591746787e-09
    -1.082187934614e-09                    1.058000000000e+03                   
     2.000000000000e+00 0.000000000000e+00 6.400000000000e-09 6.400000000000e-09
     5.868000000000e+05 1.000000000000e+00                                      
C07 2026 04 18 20 00 00-2.262392081320e-05-6.492584248008e-13 0.000000000000e+00
     1.000000000000e+00-2.407031250000e+02 1.741858269674e-09-1.862525952516e+00
    -7.964204996824e-06 3.886999562383e-03 7.934868335724e-06 6.493094591141e+03
     5.904000000000e+05-7.869675755501e-08-7.120032532220e-01-1.280568540096e-07
     9.638965707326e-01 5.968750000000e+00-2.559219918719e+00-2.206163324129e-09
    -1.092188351172e-09                    1.058000000000e+03                   
     2.000000000000e+00 0.000000000000e+00 6.400000000000e-09 6.400000000000e-09
     5.904000000000e+05 1.000000000000e+00                                      
C07 2026 04 18 21 00 00-2.262601628900e-05-6.403766406038e-13 0.000000000000e+00
     1.000000000000e+00-2.147656250000e+02 1.794360456601e-09-1.600597391489e+00
    -7.245689630508e-06 3.886804799549e-03 7.752329111099e-06 6.493088674545e+03
     5.940000000000e+05-6.752088665962e-08-7.120111705346e-01-1.345761120319e-07
     9.638926237796e-01 1.264062500000e+01-2.558590087136e+00-2.207234797332e-09
    -1.095759928514e-09                    1.058000000000e+03                   
     2.000000000000e+00 0.000000000000e+00 6.400000000000e-09 6.400000000000e-09
     5.940000000000e+05 1.000000000000e+00                                      
C07 2026 04 18 22 00 00-2.262834459543e-05-6.386002837644e-13 0.000000000000e+00
     1.000000000000e+00-1.941718750000e+02 1.838290857907e-09-1.338513591447e+00
    -6.726011633873e-06 3.886149730533e-03 7.897615432739e-06 6.493083944321e+03
     5.976000000000e+05-7.264316082001e-08-7.120192048807e-01-1.545995473862e-07
     9.638887353434e-01 6.890625000000e+00-2.558114454432e+00-2.199020169445e-09
    -1.091116877969e-09                    1.058000000000e+03                   
     2.000000000000e+00 0.000000000000e+00 6.400000000000e-09 6.400000000000e-09
     5.976000000000e+05 1.000000000000e+00                                      
C07 2026 04 19 14 00 00 -.226658303291e-04 -.759392548844e-12  .000000000000e+00
      .100000000000e+01 -.167609375000e+03  .176578783787e-08  .286072906841e+01
     -.521726906300e-05  .388513831422e-02  .692019239068e-05  .649310654068e+04
      .504000000000e+05 -.243075191975e-06 -.832554408970e+00 -.121071934700e-07
      .963831533784e+00  .353593750000e+02 -.255639794389e+01 -.211544525964e-08
     -.840749306298e-09  .000000000000e+00  .105900000000e+04  .000000000000e+00
      .200000000000e+01  .000000000000e+00  .640000008545e-08  .640000000000e-08
      .504000000000e+05  .100000000000e+01                                      
C07 2026 04 19 15 00 00-2.266850788146e-05-7.576161920042e-13 0.000000000000e+00
     1.000000000000e+00-1.619687500000e+02 1.770430888410e-09 3.123298305637e+00
    -5.167908966541e-06 3.884617122822e-03 6.906222552061e-06 6.493107791901e+03
     5.400000000000e+04-1.806765794754e-07-8.325624535566e-01-1.369044184685e-07
     9.638280432610e-01 3.664062500000e+01-2.556409404393e+00-2.168661762039e-09
    -8.057478483464e-10                    1.059000000000e+03                   
     2.000000000000e+00 0.000000000000e+00 6.400000000000e-09 6.400000000000e-09
     5.400000000000e+04 1.000000000000e+00                                      
C07 2026 04 19 16 00 00-2.267106901854e-05-7.434053372890e-13 0.000000000000e+00
     1.000000000000e+00-1.622343750000e+02 1.775788254423e-09-2.897335107214e+00
    -5.292240530252e-06 3.884648554958e-03 6.860122084618e-06 6.493107700348e+03
     5.760000000000e+04-6.193295121193e-08-8.325707322100e-01-1.788139343262e-07
     9.638248394704e-01 3.690625000000e+01-2.556403723882e+00-2.205091850927e-09
    -7.650318666480e-10                    1.059000000000e+03                   
     2.000000000000e+00 0.000000000000e+00 6.400000000000e-09 6.400000000000e-09
     5.760000000000e+04 1.000000000000e+00                                      
C07 2026 04 19 17 00 00-2.267328090966e-05-7.194245199571e-13 0.000000000000e+00
     1.000000000000e+00-1.672968750000e+02 1.786502986449e-09-2.634886853316e+00
    -5.509238690138e-06 3.885225509293e-03 6.610061973333e-06 6.493105983734e+03
     6.120000000000e+04 3.771856427193e-08-8.325791191193e-01-1.313164830208e-07
     9.638219107084e-01 4.282812500000e+01-2.556294498029e+00-2.225092684042e-09
    -7.236015694813e-10                    1.059000000000e+03                   
     2.000000000000e+00 0.000000000000e+00 6.400000000000e-09 6.400000000000e-09
     6.120000000000e+04 1.000000000000e+00                                      
C07 2026 04 19 18 00 00-2.267549280077e-05-6.954437026252e-13 0.000000000000e+00
     1.000000000000e+00-1.702187500000e+02 1.805432346361e-09-2.372597721018e+00
    -5.608424544334e-06 3.886075341143e-03 6.122514605522e-06 6.493102754593e+03
     6.480000000000e+04 6.845220923424e-08-8.325875396758e-01-3.958120942116e-08
     9.638192174762e-01 5.721875000000e+01-2.556026027692e+00-2.229735734586e-09
    -6.850285341881e-10                    1.059000000000e+03                   
     2.000000000000e+00 0.000000000000e+00 6.400000085449e-09 6.400000085449e-09
     6.483200000000e+04 1.000000000000e+00                                      
C08 2026 04 16 12 00 00-5.196687998250e-04 1.274358396586e-11 0.000000000000e+00
     1.000000000000e+00 2.198437500000e+02 2.353669468352e-10-1.626670310399e+00
     7.043126970530e-06 3.375655505806e-03 2.754572778940e-05 6.493203378677e+03
     3.888000000000e+05-4.144385457039e-07-2.783458996503e+00-1.657754182816e-07
     1.088396016566e+00-5.465468750000e+02-3.052031667701e+00-1.367914121971e-09
     9.436107337461e-10                    1.058000000000e+03                   
     2.000000000000e+00 0.000000000000e+00 1.040000000000e-08-4.000000000000e-10
     3.889200000000e+05 1.000000000000e+00                                      
C08 2026 04 19 03 00 00-2.248680684716e-04-3.181455099366e-12 0.000000000000e+00
     1.000000000000e+00 9.072500000000e+02 1.332198348551e-09-1.717091967567e+00
     2.933898940682e-05 4.188476363197e-03-7.429625838995e-06 6.493820236206e+03
     1.080000000000e+04-2.053566277027e-07 1.298794261091e+00-3.529712557793e-07
     9.577466474550e-01 4.730156250000e+02-3.029842692424e+00-2.801188109300e-09
     6.468126566291e-10                    1.059000000000e+03                   
     2.000000000000e+00 0.000000000000e+00 9.000000000000e-10 9.000000000000e-10
     1.080000000000e+04 1.000000000000e+00                                      
C08 2026 04 19 04 00 00-2.248792443424e-04-3.160138817293e-12 0.000000000000e+00
     1.000000000000e+00 9.444218750000e+02 1.438988511076e-09-1.455921062053e+00
     3.048498183489e-05 4.187257261947e-03-8.886680006981e-06 6.493806800842e+03
     1.440000000000e+04-8.661299943924e-08 1.298784850139e+00-4.433095455170e-07
     9.577489222926e-01 5.207656250000e+02-3.028545484927e+00-2.823689046554e-09
     5.896674191577e-10                    1.059000000000e+03                   
     2.000000000000e+00 0.000000000000e+00 9.000000000000e-10 9.000000000000e-10
     1.440000000000e+04 1.000000000000e+00                                      
C08 2026 04 19 05 00 00-2.248904202133e-04-3.145927962578e-12 0.000000000000e+00
     1.000000000000e+00 9.548125000000e+02 1.483633216282e-09-1.193688121902e+00
     3.080163151026e-05 4.186814534478e-03-9.057112038136e-06 6.493804168701e+03
     1.800000000000e+04 7.171183824539e-08 1.298775439187e+00-4.125759005547e-07
     9.577508372524e-01 5.266406250000e+02-3.028307592504e+00-2.868690840430e-09
     5.346651454907e-10                    1.059000000000e+03                   
     2.000000000000e+00 0.000000000000e+00 9.000000189552e-10 9.000000189552e-10
     1.800000000000e+04 1.000000000000e+00                                      
C08 2026 04 19 06 00 00-2.249014796689e-04-3.132605286282e-12 0.000000000000e+00
     1.000000000000e+00 9.078906250000e+02 1.438631353342e-09-9.304569244885e-01
     2.932082861662e-05 4.189872532152e-03-9.331386536360e-06 6.493814844131e+03
     2.160000000000e+04 1.150183379650e-07 1.298765583508e+00-3.171153366566e-07
     9.577525049790e-01 5.353906250000e+02-3.029066491498e+00-2.910121218230e-09
     5.082354557610e-10                    1.059000000000e+03                   
     2.000000000000e+00 0.000000000000e+00 9.000000000000e-10 9.000000000000e-10
     2.160000000000e+04 1.000000000000e+00                                      
C08 2026 04 19 12 00 00-2.249696990475e-04-3.179678742526e-12 0.000000000000e+00
     1.000000000000e+00 7.255000000000e+02 1.465418183407e-09 6.465754197758e-01
     2.394709736109e-05 4.184701712802e-03-9.679235517979e-06 6.493801876068e+03
     4.320000000000e+04 2.277083694935e-07 1.298706352881e+00 1.103617250919e-07
     9.577662578719e-01 5.240937500000e+02-3.031286114194e+00-2.565821162465e-09
     3.882304570711e-10 0.000000000000e+00 1.059000000000e+03 0.000000000000e+00
     2.000000000000e+00 0.000000000000e+00 9.000000000000e-10 9.000000000000e-10
     4.321800000000e+04 1.000000000000e+00                                      
C08 2026 04 19 13 00 00-2.249814569950e-04-3.207212273537e-12 0.000000000000e+00
     1.000000000000e+00 7.443437500000e+02 1.429345252253e-09 9.085378780780e-01
     2.460228279233e-05 4.185889731161e-03-9.048730134964e-06 6.493807786942e+03
     4.680000000000e+04 1.620501279831e-07 1.298697393971e+00 8.521601557732e-08
     9.577677866213e-01 5.054062500000e+02-3.030776234578e+00-2.552249168565e-09
     3.618007847406e-10 0.000000000000e+00 1.059000000000e+03 0.000000000000e+00
     2.000000000000e+00 0.000000000000e+00 9.000000000000e-10 9.000000000000e-10
     4.681800000000e+04 1.000000000000e+00                                      
C08 2026 04 19 14 00 00-2.249934477732e-04-3.236522161387e-12 0.000000000000e+00
     1.000000000000e+00 7.617031250000e+02 1.357913705414e-09 1.169769507858e+00
     2.518296241760e-05 4.187299869955e-03-7.227528840303e-06 6.493820777893e+03
     5.040000000000e+04 1.825392246246e-07 1.298688037147e+00 1.178123056889e-07
     9.577690476567e-01 4.497656250000e+02-3.029535665418e+00-2.555820745907e-09
     3.775157250453e-10                    1.059000000000e+03                   
     2.000000000000e+00 0.000000000000e+00 9.000000189552e-10 9.000000000000e-10
     5.040000000000e+04 1.000000000000e+00                                      
C08 2026 04 19 15 00 00-2.250045072287e-04-3.207212273537e-12 0.000000000000e+00
     1.000000000000e+00 7.480000000000e+02 1.268267114130e-09 1.430789466559e+00
     2.474430948496e-05 4.187362967059e-03-5.128327757120e-06 6.493835420609e+03
     5.400000000000e+04 1.378357410431e-07 1.298678302890e+00 2.281740307808e-07
     9.577703511167e-01 3.851718750000e+02-3.028084983185e+00-2.548320433489e-09
     4.253748614275e-10                    1.059000000000e+03                   
     2.000000000000e+00 0.000000000000e+00 9.000000189552e-10 9.000000000000e-10
     5.400000000000e+04 1.000000000000e+00                                      
C08 2026 04 19 16 00 00-2.250153338537e-04-3.168132423070e-12 0.000000000000e+00
     1.000000000000e+00 7.167968750000e+02 1.188978097139e-09 1.692247769644e+00
     2.374686300755e-05 4.186317208223e-03-3.983266651630e-06 6.493845901489e+03
     5.760000000000e+04 1.071020960808e-08 1.298668486709e+00 2.770684659481e-07
     9.577719237536e-01 3.494062500000e+02-3.027075010876e+00-2.522605076627e-09
     4.757341019492e-10                    1.059000000000e+03                   
     2.000000000000e+00 0.000000000000e+00 9.000000189552e-10 9.000000000000e-10
     5.760000000000e+04 1.000000000000e+00                                      
C08 2026 04 19 17 00 00-2.250263933092e-04-3.142375248899e-12 0.000000000000e+00
     1.000000000000e+00 7.066406250000e+02 1.146476326769e-09 1.954496058732e+00
     2.347351983190e-05 4.185870988294e-03-3.859400749207e-06 6.493848331451e+03
     6.120000000000e+04-1.019798219204e-07 1.298658847542e+00 2.374872565269e-07
     9.577737962887e-01 3.448125000000e+02-3.026857195540e+00-2.487960776410e-09
     5.143071372424e-10                    1.059000000000e+03                   
     2.000000000000e+00 0.000000000000e+00 9.000000189552e-10 9.000000000000e-10
     6.120000000000e+04 1.000000000000e+00                                      
C09 2026 04 19 12 00 00-4.225643351674e-04-1.885158695814e-11 0.000000000000e+00
     1.000000000000e+00-7.219062500000e+02-2.525105180766e-10-2.576719101939e+00
    -2.351962029934e-05 5.661637173034e-03 3.171339631081e-05 6.493542339325e+03
     4.320000000000e+04-3.096647560596e-07-2.940523935048e+00-7.264316082001e-08
     1.050475393728e+00-7.126406250000e+02-2.234104814222e+00-1.266838483194e-09
     1.750072897561e-10                    1.059000000000e+03                   
     2.000000000000e+00 0.000000000000e+00-1.030000000000e-08 2.800000000000e-09
     4.321800000000e+04 1.000000000000e+00                                      
C09 2026 04 19 13 00 00-4.226322053000e-04-1.883115885448e-11 0.000000000000e+00
     1.000000000000e+00-6.626406250000e+02-4.643050544549e-11-2.315710994338e+00
    -2.178549766541e-05 5.667830118909e-03 2.886168658733e-05 6.493517288208e+03
     4.680000000000e+04-2.165324985981e-07-2.940527889315e+00-1.857988536358e-07
     1.050475996450e+00-6.144843750000e+02-2.232617559037e+00-1.282553423498e-09
     1.185763677531e-10                    1.059000000000e+03                   
     2.000000000000e+00 0.000000000000e+00-1.030000000000e-08 2.800000000000e-09
     4.680000000000e+04 1.000000000000e+00                                      
C09 2026 04 19 14 00 00-4.226987948641e-04-1.866684584684e-11 0.000000000000e+00
     1.000000000000e+00-5.818281250000e+02 1.392915163365e-10-2.054605193068e+00
    -1.948000863194e-05 5.671003949828e-03 2.755038440228e-05 6.493496849060e+03
     5.040000000000e+04-6.984919309616e-08-2.940531886007e+00-2.067536115646e-07
     1.050476270016e+00-5.680000000000e+02-2.231223831131e+00-1.313983304107e-09
     6.643133856047e-11                    1.059000000000e+03                   
     2.000000000000e+00 0.000000000000e+00-1.030000000000e-08 2.800000000000e-09
     5.040000000000e+04 1.000000000000e+00                                      
C09 2026 04 19 15 00 00-4.227680619806e-04-1.892530576697e-11 0.000000000000e+00
     1.000000000000e+00-5.496093750000e+02 2.421529437849e-10-1.792614478503e+00
    -1.871213316917e-05 5.671422113664e-03 2.751266583800e-05 6.493489788055e+03
     5.400000000000e+04 3.166496753693e-08-2.940536001196e+00-1.043081283569e-07
     1.050476201259e+00-5.665937500000e+02-2.230710992032e+00-1.362199598224e-09
     2.500104139373e-11                    1.059000000000e+03                   
     2.000000000000e+00 0.000000000000e+00-1.030000000000e-08 2.800000000000e-09
     5.400000000000e+04 1.000000000000e+00                                      
C09 2026 04 19 16 00 00-4.228366306052e-04-1.897504375847e-11 0.000000000000e+00
     1.000000000000e+00-5.780937500000e+02 2.210806374674e-10-1.529559448611e+00
    -1.979665830731e-05 5.671954248101e-03 2.680858597159e-05 6.493497417450e+03
     5.760000000000e+04-1.396983861923e-09-2.940540937082e+00-1.220032572746e-07
     1.050476321218e+00-5.477812500000e+02-2.231260023725e+00-1.358985178616e-09
     3.178703834345e-11                    1.059000000000e+03                   
     2.000000000000e+00 0.000000000000e+00-1.030000000000e-08 2.800000000000e-09
     5.760000000000e+04 1.000000000000e+00                                      
C09 2026 04 19 17 00 00-4.229033365846e-04-1.876276911617e-11 0.000000000000e+00
     1.000000000000e+00-6.152343750000e+02 2.203663219990e-10-1.265891274641e+00
    -2.101436257362e-05 5.674861837178e-03 2.453057095408e-05 6.493514852524e+03
     6.120000000000e+04-3.641471266747e-07-2.940544872331e+00 9.126961231232e-08
     1.050474681287e+00-4.790781250000e+02-2.232423138687e+00-1.550421724145e-09
     2.500104139373e-12                    1.059000000000e+03                   
     2.000000000000e+00 0.000000000000e+00-1.030000000000e-08 2.800000000000e-09
     6.120000000000e+04 1.000000000000e+00                                      
C09 2026 04 19 18 00 00-4.229699261487e-04-1.865174681370e-11 0.000000000000e+00
     1.000000000000e+00-6.133593750000e+02 1.785788704411e-11-1.002321465821e+00
    -2.094265073538e-05 5.679721478373e-03 2.176966518164e-05 6.493533670425e+03
     6.480000000000e+04 5.215406417847e-08-2.940550734244e+00 9.033828973770e-08
     1.050476613802e+00-3.953593750000e+02-2.233489316309e+00-1.352556289191e-09
     1.785788639359e-12                    1.059000000000e+03                   
     2.000000000000e+00 0.000000000000e+00-1.029999996405e-08 2.800000009628e-09
     0.000000000000e+00 1.000000000000e+00                                      
C10 2024 08 22 19 00 00-1.395067665726e-04-1.899724821897e-11 0.000000000000e+00
     1.000000000000e+00-9.190625000000e+01 2.756900550260e-09-2.575244022622e+00
    -2.914108335972e-06 1.027134456672e-02-1.131417229772e-05 6.493260055542e+03
     4.140000000000e+05-3.688037395477e-07-8.219233057534e-01-7.450580596924e-09
     8.528288823747e-01 5.574687500000e+02-2.434140984702e+00-3.557648190327e-09
    -2.678683006471e-10                    9.720000000000e+02                   
     2.000000000000e+00 0.000000000000e+00 6.100000000000e-09 3.000000000000e-09
     4.170000000000e+05 0.000000000000e+00                                      
C10 2026 04 18 20 00 00-8.066232549027e-04 6.096456672822e-12 0.000000000000e+00
     1.000000000000e+00-2.685468750000e+02 1.601138122401e-09-2.461449921635e+00
    -8.754897862673e-06 1.022790628485e-02 1.070369035006e-05 6.493448627472e+03
     5.904000000000e+05-1.182779669762e-07-6.388015345451e-01-1.224689185619e-07
     9.631782530861e-01-8.439062500000e+01-2.144974795221e+00-2.107587789491e-09
    -1.171834525897e-09                    1.058000000000e+03                   
     2.000000000000e+00 0.000000000000e+00-2.900000000000e-09 4.800000000000e-09
     5.904000000000e+05 1.000000000000e+00                                      
C10 2026 04 18 21 00 00-8.066011359915e-04 6.118661133314e-12 0.000000000000e+00
     1.000000000000e+00-2.401406250000e+02 1.667926618696e-09-2.199207823616e+00
    -7.946509867907e-06 1.022953831125e-02 1.010112464428e-05 6.493440908432e+03
     5.940000000000e+05-9.406358003616e-08-6.388090159082e-01-1.471489667892e-07
     9.631740047720e-01-6.293750000000e+01-2.144702088273e+00-2.110802209099e-09
    -1.182906415657e-09                    1.058000000000e+03                   
     2.000000000000e+00 0.000000000000e+00-2.900000000000e-09 4.800000000000e-09
     5.940000000000e+05 1.000000000000e+00                                      
C10 2026 04 18 22 00 00-8.065792499110e-04 6.107114813858e-12 0.000000000000e+00
     1.000000000000e+00-2.084687500000e+02 1.733286484054e-09-1.936965949424e+00
    -7.085967808962e-06 1.023031643126e-02 9.992625564337e-06 6.493433929443e+03
     5.976000000000e+05-7.124617695808e-08-6.388165616397e-01-1.518055796623e-07
     9.631697198849e-01-5.876562500000e+01-2.144427902315e+00-2.114016628707e-09
    -1.188978097139e-09                    1.058000000000e+03                   
     2.000000000000e+00 0.000000000000e+00-2.900000000000e-09 4.800000000000e-09
     5.976000000000e+05 1.000000000000e+00                                      
C10 2026 04 18 23 00 00-8.065571309999e-04 6.126654739091e-12 0.000000000000e+00
     1.000000000000e+00-1.868906250000e+02 1.784360040044e-09-1.674656732723e+00
    -6.544869393110e-06 1.023034285754e-02 1.021474599838e-05 6.493428802490e+03
     6.012000000000e+05-5.448237061501e-08-6.388242068495e-01-1.615844666958e-07
     9.631654627933e-01-6.750000000000e+01-2.144219808070e+00-2.110087893630e-09
    -1.189692412607e-09                    1.058000000000e+03                   
     2.000000000000e+00 0.000000000000e+00-2.900000000000e-09 4.800000000000e-09
     6.012900000000e+05 1.000000000000e+00                                      
C10 2026 04 19 14 00 00-8.062244160101e-04 6.730616064488e-12 0.000000000000e+00
     1.000000000000e+00-1.808750000000e+02 1.673283984709e-09 2.262610630266e+00
    -5.571171641350e-06 1.023459178396e-02 8.824747055769e-06 6.493456970215e+03
     5.040000000000e+04-2.156011760235e-07-7.593485677901e-01 5.168840289116e-08
     9.631062131482e-01-2.695312500000e+01-2.143729110236e+00-2.019369829145e-09
    -9.639687245952e-10                    1.059000000000e+03                   
     2.000000000000e+00 0.000000000000e+00-2.900000017902e-09 4.800000000000e-09
     5.040000000000e+04 1.000000000000e+00                                      
C10 2026 04 19 15 00 00-8.062062552199e-04 5.911715561524e-12 0.000000000000e+00
     1.000000000000e+00-1.773593750000e+02 1.689713240482e-09 2.525107561300e+00
    -5.529727786779e-06 1.023425732274e-02 8.794479072094e-06 6.493457876205e+03
     5.400000000000e+04-2.193264663219e-07-7.593561544832e-01-8.381903171539e-08
     9.631022193818e-01-2.468750000000e+01-2.143711193879e+00-2.076515066616e-09
    -9.375390522647e-10                    1.059000000000e+03                   
     2.000000000000e+00 0.000000000000e+00-2.900000000000e-09 4.800000000000e-09
     5.400000000000e+04 1.000000000000e+00                                      
C10 2026 04 19 16 00 00-8.061833214015e-04 6.089351245464e-12 0.000000000000e+00
     1.000000000000e+00-1.766093750000e+02 1.697213552900e-09 2.787620057782e+00
    -5.623325705528e-06 1.023419538978e-02 8.793547749519e-06 6.493458030701e+03
     5.760000000000e+04-1.378357410431e-07-7.593640235196e-01-1.713633537292e-07
     9.630984801632e-01-2.450000000000e+01-2.143708900023e+00-2.117945363783e-09
    -9.046805407187e-10                    1.059000000000e+03                   
     2.000000000000e+00 0.000000000000e+00-2.900000000000e-09 4.800000000000e-09
     5.760000000000e+04 1.000000000000e+00                                      
C10 2026 04 19 17 00 00-8.061603875831e-04 6.189715406890e-12 0.000000000000e+00
     1.000000000000e+00-1.810468750000e+02 1.704713865318e-09 3.050132504525e+00
    -5.871523171663e-06 1.023466011975e-02 8.658971637487e-06 6.493456922531e+03
     6.120000000000e+04-2.328306436539e-08-7.593720871240e-01-1.802109181881e-07
     9.630949764744e-01-2.198437500000e+01-2.143706604705e+00-2.146517982518e-09
    -8.661075054255e-10                    1.059000000000e+03                   
     2.000000000000e+00 0.000000000000e+00-2.900000000000e-09 4.800000000000e-09
     6.120000000000e+04 1.000000000000e+00                                      
C10 2026 04 19 18 00 00-8.061390835792e-04 6.063594071293e-12 0.000000000000e+00
     1.000000000000e+00-1.880468750000e+02 1.720428805623e-09-2.970571453162e+00
    -6.138347089291e-06 1.023579435423e-02 8.241273462772e-06 6.493454111099e+03
     6.480000000000e+04 6.239861249924e-08-7.593802619103e-01-1.126900315285e-07
     9.630917097783e-01-1.096875000000e+01-2.143673160935e+00-2.162232922823e-09
    -8.250343659930e-10                    1.059000000000e+03                   
     2.000000000000e+00 0.000000000000e+00-2.900000017902e-09 4.799999953065e-09
     6.483200000000e+04 1.000000000000e+00                                      
C11 2026 04 19 05 00 00 1.020624767989e-05 1.500577440083e-11 0.000000000000e+00
     1.000000000000e+00 5.225000000000e+01 3.763728202958e-09 2.408329037211e+00
     2.613756805658e-06 1.765981083736e-03-1.518521457911e-06 5.282643796921e+03
     1.800000000000e+04-6.938353180885e-08 1.741371365004e+00 2.840533852577e-08
     9.736215088439e-01 3.986250000000e+02-1.417903131757e+00-7.242801691762e-09
     1.321483616526e-10                    1.059000000000e+03                   
     2.000000000000e+00 0.000000000000e+00 3.800000000000e-09 1.900000000000e-09
     1.800000000000e+04 1.000000000000e+00                                      
C11 2026 04 19 06 00 00 1.026212703437e-05 1.524025350363e-11 0.000000000000e+00
     1.000000000000e+00 4.946875000000e+01 3.834802592063e-09 2.896130808182e+00
     2.510379999876e-06 1.767467707396e-03-1.918990164995e-06 5.282640796661e+03
     2.160000000000e+04-1.024454832077e-07 1.741345727365e+00-7.171183824539e-08
     9.736220033102e-01 4.097656250000e+02-1.418143464328e+00-7.232801275205e-09
     5.571660653459e-11                    1.059000000000e+03                   
     2.000000000000e+00 0.000000000000e+00 3.800000000000e-09 1.900000000000e-09
     2.160000000000e+04 1.000000000000e+00                                      
C11 2026 04 19 07 00 00 1.031043939292e-05 1.438404950704e-11 0.000000000000e+00
     1.000000000000e+00 4.626562500000e+01 3.866946788141e-09-2.899388011377e+00
     2.284999936819e-06 1.766995643266e-03-1.744367182255e-06 5.282641784668e+03
     2.520000000000e+04-4.190951585770e-09 1.741320132150e+00-1.173466444016e-07
     9.736220896223e-01 4.079375000000e+02-1.418247436841e+00-7.268159890890e-09
    -1.785788670980e-11                    1.059000000000e+03                   
     2.000000000000e+00 0.000000000000e+00 3.800000000000e-09 1.900000000000e-09
     2.520000000000e+04 1.000000000000e+00                                      
C11 2026 04 19 08 00 00 1.036166213453e-05 1.432631790976e-11 0.000000000000e+00
     1.000000000000e+00 3.482812500000e+01 3.870875523217e-09-2.411254749022e+00
     1.658219844103e-06 1.765772118233e-03-1.819338649511e-06 5.282644866943e+03
     2.880000000000e+04 4.377216100693e-08 1.741294253129e+00-4.982575774193e-08
     9.736217970387e-01 4.092187500000e+02-1.418818416693e+00-7.322090708754e-09
    -5.785955293977e-11                    1.059000000000e+03                   
     2.000000000000e+00 0.000000000000e+00 3.800000000000e-09 1.900000000000e-09
     2.880000000000e+04 1.000000000000e+00                                      
C12 2026 04 18 20 00 00 4.402797203511e-04 3.695088679478e-11 0.000000000000e+00
     1.600000000000e+01 3.781250000000e+00 4.144458347611e-09-1.331886718839e+00
     1.885928213596e-07 8.933077333495e-04-1.475214958191e-06 5.282644525528e+03
     5.904000000000e+05 1.862645149231e-09 1.848376342602e+00-4.144385457039e-08
     9.718814365457e-01 3.996093750000e+02-1.270729680157e+00-7.343877330540e-09
     6.178828801592e-11                    1.058000000000e+03                   
     2.000000000000e+00 0.000000000000e+00 3.000000000000e-09 3.000000000000e-10
     5.904000000000e+05 1.600000000000e+01                                      
C12 2026 04 19 04 00 00 4.413018468767e-04 3.652989022385e-11 0.000000000000e+00
     1.000000000000e+00 4.840625000000e+01 3.869446892280e-09 2.570774625025e+00
     2.440996468067e-06 8.933339267969e-04-1.873821020126e-06 5.282645214081e+03
     1.440000000000e+04-9.406358003616e-08 1.727750399556e+00-3.725290298462e-08
     9.718858106708e-01 4.058437500000e+02-1.272899000416e+00-7.295303878689e-09
     1.257195224370e-10                    1.059000000000e+03                   
     2.000000000000e+00 0.000000000000e+00 3.000000000000e-09 3.000000000000e-10
     1.440000000000e+04 1.000000000000e+00                                      
C12 2026 04 19 05 00 00 4.414340946823e-04 3.663203074211e-11 0.000000000000e+00
     1.000000000000e+00 4.900000000000e+01 3.917306028663e-09 3.058474230185e+00
     2.434011548758e-06 8.938389364630e-04-1.966487616301e-06 5.282644224167e+03
     1.800000000000e+04-4.377216100693e-08 1.727724498592e+00-1.112930476665e-07
     9.718862129733e-01 4.098281250000e+02-1.273037132066e+00-7.310304503525e-09
     6.178828801592e-11                    1.059000000000e+03                   
     2.000000000000e+00 0.000000000000e+00 3.000000000000e-09 3.000000000000e-10
     1.800000000000e+04 1.000000000000e+00                                      
C12 2026 04 19 14 00 00 4.426152445376e-04 3.651745572597e-11 0.000000000000e+00
     7.000000000000e+00 7.279687500000e+01 4.008738408617e-09 1.167481678069e+00
     3.519933670759e-06 8.921629050747e-04-4.451721906662e-07 5.282644056320e+03
     5.040000000000e+04-4.982575774193e-08 1.727487997403e+00 1.350417733192e-08
     9.718867118283e-01 3.743906250000e+02-1.277179067155e+00-7.233158432939e-09
     4.000166622996e-11                    1.059000000000e+03                   
     2.000000000000e+00 0.000000000000e+00 3.000000026177e-09 3.000000000000e-10
     5.040000000000e+04 7.000000000000e+00                                      
C12 2026 04 19 15 00 00 4.427466774359e-04 3.652367297491e-11 0.000000000000e+00
     8.000000000000e+00 8.085937500000e+01 4.006952619946e-09 1.653272858319e+00
     3.951136022806e-06 8.920211112127e-04-8.963979780674e-07 5.282647159576e+03
     5.400000000000e+04-7.683411240578e-08 1.727461824336e+00-3.818422555923e-08
     9.718866357566e-01 3.826562500000e+02-1.275407770333e+00-7.280660411587e-09
     5.500229106620e-11                    1.059000000000e+03                   
     2.000000000000e+00 0.000000000000e+00 3.000000026177e-09 3.000000000000e-10
     5.400000000000e+04 8.000000000000e+00                                      
C12 2026 04 19 16 00 00  .442878226750e-03  .365298902238e-10  .000000000000e+00
      .900000000000e+01  .888906250000e+02  .402373903345e-08  .213974117800e+01
      .440888106823e-05  .891509582289e-03 -.887084752321e-06  .528264930725e+04
      .576000000000e+05 -.232830643654e-08  .172743524897e+01 -.912696123123e-07
      .971886643071e+00  .382750000000e+03 -.127431448923e+01 -.733459122945e-08
      .104290058385e-09  .000000000000e+00  .105900000000e+04  .000000000000e+00
      .200000000000e+01  .000000000000e+00  .300000002618e-08  .300000000000e-09
      .576000000000e+05  .900000000000e+01                                      
C12 2026 04 19 17 00 00 4.430096596479e-04 3.653521929436e-11 0.000000000000e+00
     1.000000000000e+01 8.557812500000e+01 4.087670267874e-09 2.627930585686e+00
     4.288740456104e-06 8.925689617172e-04-1.202803105116e-06 5.282646982193e+03
     6.120000000000e+04 4.144385457039e-08 1.727408577044e+00-4.237517714500e-08
     9.718869897828e-01 3.910468750000e+02-1.274942796451e+00-7.348520381084e-09
     1.500062483624e-10                    1.059000000000e+03                   
     2.000000000000e+00 0.000000000000e+00 3.000000000000e-09 3.000000000000e-10
     6.120000000000e+04 1.000000000000e+01                                      
C12 2026 04 19 18 00 00 4.431412089616e-04 3.654143654330e-11 0.000000000000e+00
     1.100000000000e+01 8.696875000000e+01 4.108742574192e-09 3.115603046401e+00
     4.340428858995e-06 8.932045893744e-04-1.384411007166e-06 5.282645744324e+03
     6.480000000000e+04 4.656612873077e-10 1.727381877326e+00 3.725290298462e-09
     9.718875749500e-01 3.957187500000e+02-1.275053141436e+00-7.335662702653e-09
     1.932223342001e-10                    1.059000000000e+03                   
     2.000000000000e+00 0.000000000000e+00 3.000000026177e-09 2.999999970665e-10
     6.483200000000e+04 1.100000000000e+01                                      
C13 2026 04 17 13 00 00-4.193853819743e-04-1.880984257241e-11 0.000000000000e+00
     1.000000000000e+00-3.403125000000e+01 1.757216052245e-10-2.347440524457e+00
    -1.370906829834e-06 5.664085969329e-03 3.312062472105e-05 6.493479822159e+03
     4.788000000000e+05-3.632158041000e-07-2.819904396657e+00-2.733431756496e-07
     1.050386480493e+00-7.322968750000e+02-2.234569216103e+00-1.223622397356e-09
     7.136011529238e-10                    1.058000000000e+03                   
     2.000000000000e+00 0.000000000000e+00-1.030000000000e-08 2.800000000000e-09
     4.788000000000e+05 1.000000000000e+00                                      
C13 2026 04 17 14 00 00-4.194513894618e-04-1.859667975168e-11 0.000000000000e+00
     1.000000000000e+00-3.609375000000e+01 2.303667385565e-10-2.084906571356e+00
    -1.630745828152e-06 5.664103082381e-03 3.322958946228e-05 6.493480165482e+03
     4.824000000000e+05-1.410953700542e-07-2.819907808182e+00-2.970919013023e-07
     1.050388846032e+00-7.315312500000e+02-2.234597157838e+00-1.273267322409e-09
     6.335978204639e-10                    1.058000000000e+03                   
     2.000000000000e+00 0.000000000000e+00-1.030000000000e-08 2.800000000000e-09
     4.824000000000e+05 1.000000000000e+00                                      
C13 2026 04 17 15 00 00-4.195192595944e-04-1.871836019518e-11 0.000000000000e+00
     1.000000000000e+00-9.829687500000e+01 1.928651764659e-10-1.821396989410e+00
    -3.731343895197e-06 5.663319025189e-03 3.330223262310e-05 6.493493967056e+03
     4.860000000000e+05-4.237517714500e-08-2.819911547401e+00-1.350417733192e-07
     1.050390762454e+00-7.338437500000e+02-2.235599699987e+00-1.338627187767e-09
     5.857386840816e-10                    1.058000000000e+03                   
     2.000000000000e+00 0.000000000000e+00-1.030000000000e-08 2.800000000000e-09
     4.860000000000e+05 1.000000000000e+00                                      
C13 2026 04 17 16 00 00-4.195875953883e-04-1.883382338974e-11 0.000000000000e+00
     1.000000000000e+00-1.610625000000e+02 1.217907873609e-10-1.557753095492e+00
    -5.926936864853e-06 5.664080381393e-03 3.216788172722e-05 6.493509634018e+03
     4.896000000000e+05-8.940696716309e-08-2.819916454028e+00-1.648440957069e-07
     1.050392950980e+00-7.020000000000e+02-2.236737876585e+00-1.329341086678e-09
     5.975248893100e-10                    1.058000000000e+03                   
     2.000000000000e+00 0.000000000000e+00-1.030000000000e-08 2.800000000000e-09
     4.896000000000e+05 1.000000000000e+00                                      
C13 2026 04 17 17 00 00-4.196545341983e-04-1.870681387572e-11 0.000000000000e+00
     1.000000000000e+00-2.002031250000e+02 7.607459738377e-11-1.294159217280e+00
    -7.192138582468e-06 5.666561541148e-03 3.018882125616e-05 6.493525732040e+03
     4.932000000000e+05-2.929009497166e-07-2.819920716971e+00-7.729977369308e-08
     1.050394238348e+00-6.414687500000e+02-2.237828430811e+00-1.424702201708e-09
     5.871673150184e-10                    1.058000000000e+03                   
     2.000000000000e+00 0.000000000000e+00-1.030000000000e-08 2.800000000000e-09
     4.932000000000e+05 1.000000000000e+00                                      
C13 2026 04 17 18 00 00-4.197207745165e-04-1.857358711277e-11 0.000000000000e+00
     1.000000000000e+00-2.029843750000e+02-6.535986535788e-11-1.031184070030e+00
    -7.275491952896e-06 5.668532336131e-03 2.896413207054e-05 6.493533805847e+03
     4.968000000000e+05 1.429580152035e-07-2.819926233635e+00-9.220093488693e-08
     1.050398360851e+00-6.056875000000e+02-2.238302463082e+00-1.217550715874e-09
     5.882387882210e-10                    1.058000000000e+03                   
     2.000000000000e+00 0.000000000000e+00-1.030000000000e-08 2.800000000000e-09
     4.968000000000e+05 1.000000000000e+00                                      
C13 2026 04 19 09 00 00-9.285146370530e-04 4.571454326197e-12 0.000000000000e+00
     1.000000000000e+00 6.326562500000e+01 4.292321649569e-09 1.057663633353e+00
     3.037974238396e-06 4.271154757589e-04-1.783482730389e-06 5.282638532639e+03
     3.240000000000e+04-6.984919309616e-09 1.696053202852e+00-9.452924132347e-08
     9.511721897396e-01 3.969687500000e+02 1.080530189860e+00-7.502455364523e-09
    -3.821587755898e-11                    1.059000000000e+03                   
     2.000000000000e+00 1.000000000000e+00 1.400000000000e-09 1.400000000000e-09
     3.240000000000e+04 1.000000000000e+00                                      
C13 2026 04 19 10 00 00-9.284985717386e-04 4.556355293062e-12 0.000000000000e+00
     1.000000000000e+00 5.443750000000e+01 4.293035965037e-09 1.542123243623e+00
     2.507586032152e-06 4.272314254194e-04-2.035871148109e-06 5.282641134262e+03
     3.600000000000e+04 2.328306436539e-09 1.696026257364e+00-7.124617695808e-08
     9.511719761536e-01 4.008750000000e+02 1.083635375386e+00-7.518884620296e-09
    -4.857345185067e-11                    1.059000000000e+03                   
     2.000000000000e+00 1.000000000000e+00 1.400000000000e-09 1.400000000000e-09
     3.600000000000e+04 1.000000000000e+00                                      
C13 2026 04 19 12 00 00-9.284667903557e-04 4.473754700030e-12 0.000000000000e+00
     1.000000000000e+00 5.075000000000e+01 4.409112228651e-09 2.519755605706e+00
     2.473592758179e-06 4.280948778614e-04-1.922715455294e-06 5.282638456345e+03
     4.320000000000e+04 3.119930624962e-08 1.695972236188e+00-5.448237061501e-08
     9.511717874371e-01 3.915000000000e+02 1.081132057764e+00-7.484597477813e-09
    -5.321650239522e-11 0.000000000000e+00 1.059000000000e+03 0.000000000000e+00
     2.000000000000e+00 0.000000000000e+00 1.400000000000e-09 1.400000000000e-09
     4.321800000000e+04 1.000000000000e+00                                      
C13 2026 04 19 13 00 00-9.284501429647e-04 4.527933583631e-12 0.000000000000e+00
     1.000000000000e+00 6.025000000000e+01 4.419826960677e-09 3.006942649722e+00
     3.086868673563e-06 4.266951000318e-04-1.706648617983e-06 5.282641214371e+03
     4.680000000000e+04 7.171183824539e-08 1.695945131242e+00-6.286427378654e-08
     9.511715241119e-01 3.878593750000e+02 1.081510532226e+00-7.504955468662e-09
    -2.892977646988e-11 0.000000000000e+00 1.059000000000e+03 0.000000000000e+00
     2.000000000000e+00 0.000000000000e+00 1.400000000000e-09 1.400000000000e-09
     4.681800000000e+04 1.000000000000e+00                                      
C13 2026 04 19 14 00 00-9.284331463277e-04 4.599876035627e-12 0.000000000000e+00
     1.000000000000e+00 6.510937500000e+01 4.405897809043e-09-2.787284676498e+00
     3.360677510500e-06 4.248638870195e-04-9.504146873951e-07 5.282644975662e+03
     5.040000000000e+04 1.187436282635e-07 1.695917650326e+00 3.958120942116e-08
     9.511713865976e-01 3.747812500000e+02 1.080117379247e+00-7.519241778030e-09
     5.143071372424e-11                    1.059000000000e+03                   
     2.000000000000e+00 0.000000000000e+00 1.400000004814e-09 1.400000000000e-09
     5.040000000000e+04 1.000000000000e+00                                      
C13 2026 04 19 15 00 00-9.284195257351e-04 4.352962434950e-12 0.000000000000e+00
     1.000000000000e+00 6.648437500000e+01 4.403040547169e-09-2.299943249274e+00
     3.380235284567e-06 4.248220939189e-04-8.656643331051e-07 5.282644905090e+03
     5.400000000000e+04 1.210719347000e-08 1.695890058228e+00 1.112930476666e-07
     9.511716908846e-01 3.742187500000e+02 1.080339697445e+00-7.482454531408e-09
     1.392915163365e-10                    1.059000000000e+03                   
     2.000000000000e+00 0.000000000000e+00 1.400000004814e-09 1.400000000000e-09
     5.400000000000e+04 1.000000000000e+00                                      
C13 2026 04 19 16 00 00-9.284029947594e-04 4.446221169019e-12 0.000000000000e+00
     1.000000000000e+00 8.209375000000e+01 4.427327273095e-09-1.817267222874e+00
     4.136003553867e-06 4.253432853147e-04-7.855705916882e-07 5.282640731812e+03
     5.760000000000e+04-5.122274160385e-08 1.695862790898e+00 4.330649971962e-08
     9.511724296582e-01 3.725937500000e+02 1.085227442799e+00-7.423166347531e-09
     1.860791795162e-10                    1.059000000000e+03                   
     2.000000000000e+00 0.000000000000e+00 1.400000004814e-09 1.400000000000e-09
     5.760000000000e+04 1.000000000000e+00                                      
C13 2026 04 19 17 00 00-9.283871622756e-04 4.438227563242e-12 0.000000000000e+00
     1.000000000000e+00 8.926562500000e+01 4.452328314488e-09-1.333710540272e+00
     4.502944648266e-06 4.250262863934e-04-2.370215952396e-07 5.282637344360e+03
     6.120000000000e+04-3.958120942116e-08 1.695836032663e+00 2.328306436539e-08
     9.511731933014e-01 3.621562500000e+02 1.089235722766e+00-7.403879829885e-09
     1.917937032633e-10                    1.059000000000e+03                   
     2.000000000000e+00 0.000000000000e+00 1.400000004814e-09 1.400000000000e-09
     6.120000000000e+04 1.000000000000e+00                                      
C14 2026 04 19 00 00 00-6.421855650842e-04-4.203215553389e-11 0.000000000000e+00
     1.000000000000e+00-1.920312500000e+01 3.256207062666e-09 2.801733213240e+00
    -9.210780262947e-07 1.426425529644e-03 1.184875145555e-05 5.282640033722e+03
     0.000000000000e+00-3.213062882423e-08-2.483005406570e+00-3.864988684654e-08
     9.860386711885e-01 1.346250000000e+02-5.817854039830e-02-6.302762535358e-09
     6.446697102239e-10                    1.059000000000e+03                   
     2.000000000000e+00 1.000000000000e+00 6.200000000000e-09 2.100000000000e-09
     1.800000000000e+02 1.000000000000e+00                                      
C14 2026 04 19 08 00 00-3.695298219100e-04 7.973177673648e-12 0.000000000000e+00
     1.000000000000e+00-3.259375000000e+01 3.309423565061e-09 1.349894318757e+00
    -1.804903149605e-06 3.769603790715e-04 1.284060999751e-05 5.282650074005e+03
     2.880000000000e+04-5.867332220078e-08-2.492820379975e+00 1.722946763039e-08
     9.722373747548e-01 1.069531250000e+02-1.859449763489e-01-6.409552697883e-09
     7.182442034683e-10                    1.059000000000e+03                   
     2.000000000000e+00 0.000000000000e+00 3.160000000000e-08 3.160000000000e-08
     2.880000000000e+04 1.000000000000e+00                                      
C14 2026 04 19 09 00 00-3.695004852489e-04 8.053113731421e-12 0.000000000000e+00
     1.000000000000e+00-3.093750000000e+01 3.321566928024e-09 1.840956109040e+00
    -1.715496182442e-06 3.773260395974e-04 1.224689185619e-05 5.282647399902e+03
     3.240000000000e+04-4.423782229424e-08-2.492843159072e+00-5.308538675308e-08
     9.722399436390e-01 1.167500000000e+02-1.894487368317e-01-6.413838590693e-09
     6.657420165415e-10                    1.059000000000e+03                   
     2.000000000000e+00 0.000000000000e+00 3.160000000000e-08 3.160000000000e-08
     3.240000000000e+04 1.000000000000e+00                                      
C14 2026 04 19 10 00 00-3.694719634950e-04 7.997158490980e-12 0.000000000000e+00
     1.000000000000e+00-2.893750000000e+01 3.326209978568e-09 2.329438005254e+00
    -1.530628651381e-06 3.775382647291e-04 1.209694892168e-05 5.282646610260e+03
     3.600000000000e+04 2.002343535423e-08-2.492865999612e+00-5.168840289116e-08
     9.722422374945e-01 1.190781250000e+02-1.903716684413e-01-6.442054051695e-09
     6.260975080457e-10                    1.059000000000e+03                   
     2.000000000000e+00 0.000000000000e+00 3.160000000000e-08 3.160000000000e-08
     3.600000000000e+04 1.000000000000e+00                                      
C14 2026 04 19 12 00 00-3.694141050801e-04 8.024692021991e-12 0.000000000000e+00
     1.000000000000e+00-4.170312500000e+01 3.172989310598e-09-2.979782800234e+00
    -2.015382051468e-06 3.746387083083e-04 1.152465119958e-05 5.282652427673e+03
     4.320000000000e+04 5.494803190231e-08-2.492912387282e+00-2.654269337654e-08
     9.722467900956e-01 1.349531250000e+02-1.892190645450e-01-6.428839215530e-09
     6.168114069566e-10 0.000000000000e+00 1.059000000000e+03 0.000000000000e+00
     2.000000000000e+00 0.000000000000e+00 3.160000000000e-08 3.160000000000e-08
     4.321800000000e+04 1.000000000000e+00                                      
C14 2026 04 19 14 00 00-3.693560138345e-04 8.040679233545e-12 0.000000000000e+00
     1.000000000000e+00-6.853125000000e+01 3.215848238702e-09-2.013138930791e+00
    -3.295019268990e-06 3.768693422899e-04 1.158611848950e-05 5.282644701004e+03
     5.040000000000e+04-1.816079020500e-08-2.492957787481e+00 9.406358003616e-08
     9.722516221140e-01 1.345156250000e+02-1.807484426353e-01-6.307048428169e-09
     5.314507084838e-10                    1.059000000000e+03                   
     2.000000000000e+00 0.000000000000e+00 3.159999906188e-08 3.160000000000e-08
     5.040000000000e+04 1.000000000000e+00                                      
C14 2026 04 19 15 00 00-3.693278413266e-04 7.977618565747e-12 0.000000000000e+00
     1.000000000000e+00-7.087500000000e+01 3.227277286196e-09-1.526598459993e+00
    -3.392342478037e-06 3.769643371925e-04 1.150742173195e-05 5.282643960953e+03
     5.400000000000e+04-5.960464477539e-08-2.492980133555e+00 1.722946763039e-08
     9.722535590176e-01 1.367343750000e+02-1.797296079682e-01-6.294905065206e-09
     4.689481049995e-10                    1.059000000000e+03                   
     2.000000000000e+00 0.000000000000e+00 3.159999906188e-08 3.160000000000e-08
     5.400000000000e+04 1.000000000000e+00                                      
C14 2026 04 19 16 00 00-3.692990867421e-04 7.966072246290e-12 0.000000000000e+00
     1.000000000000e+00-8.150000000000e+01 3.184775515826e-09-1.033882703307e+00
    -3.932043910027e-06 3.781117266044e-04 1.215143129230e-05 5.282648363113e+03
     5.760000000000e+04-8.847564458847e-09-2.493002546923e+00-1.769512891769e-08
     9.722551887083e-01 1.241406250000e+02-1.848859026571e-01-6.312048636447e-09
     4.268034923643e-10                    1.059000000000e+03                   
     2.000000000000e+00 0.000000000000e+00 3.159999906188e-08 3.160000000000e-08
     5.760000000000e+04 1.000000000000e+00                                      
C14 2026 04 19 17 00 00-3.692700993270e-04 8.010481167275e-12 0.000000000000e+00
     1.000000000000e+00-9.109375000000e+01 3.193704459181e-09-5.442480744597e-01
    -4.507601261139e-06 3.791702911258e-04 1.217285171151e-05 5.282650945663e+03
     6.120000000000e+04 2.468004822731e-08-2.493025077324e+00 2.468004822731e-08
     9.722565857951e-01 1.233437500000e+02-1.869625777761e-01-6.346335778930e-09
     4.003738200338e-10                    1.059000000000e+03                   
     2.000000000000e+00 0.000000000000e+00 3.159999906188e-08 3.160000000000e-08
     6.120000000000e+04 1.000000000000e+00                                      
C15 2024 10 06 00 00 00 0.000000000000e+00 0.000000000000e+00 0.000000000000e+00
     0.000000000000e+00 0.000000000000e+00 0.000000000000e+00 0.000000000000e+00
     0.000000000000e+00 0.000000000000e+00 0.000000000000e+00 0.000000000000e+00
     0.000000000000e+00 0.000000000000e+00 0.000000000000e+00 0.000000000000e+00
     0.000000000000e+00 0.000000000000e+00 0.000000000000e+00 0.000000000000e+00
     0.000000000000e+00                    9.790000000000e+02                   
     2.000000000000e+00 1.000000000000e+00 0.000000000000e+00 0.000000000000e+00
     3.030000000000e+03 0.000000000000e+00                                      
C16 2026 04 17 20 00 00-8.071543416008e-04 6.112443884376e-12 0.000000000000e+00
     1.000000000000e+00-3.482500000000e+02 1.284339212169e-09-2.476959583080e+00
    -1.132581382990e-05 1.021202665288e-02 1.703435555100e-05 6.493463314056e+03
     5.040000000000e+05-2.570450305939e-07-6.386253085075e-01-3.413297235966e-07
     9.632961525799e-01-2.790937500000e+02-2.146609676395e+00-1.998654680561e-09
    -1.398272529378e-09                    1.058000000000e+03                   
     2.000000000000e+00 0.000000000000e+00-2.900000000000e-09 4.800000000000e-09
     5.040000000000e+05 1.000000000000e+00                                      
C16 2026 04 17 21 00 00-8.071303600445e-04 6.355804771374e-12 0.000000000000e+00
     1.000000000000e+00-3.287031250000e+02 1.358628020882e-09-2.214637745786e+00
    -1.082150265574e-05 1.021318975836e-02 1.663388684392e-05 6.493457918167e+03
     5.076000000000e+05-9.592622518539e-08-6.386317351066e-01-3.878958523273e-07
     9.632909987195e-01-2.634843750000e+02-2.146419903736e+00-2.033298980778e-09
    -1.458632186457e-09                    1.058000000000e+03                   
     2.000000000000e+00 0.000000000000e+00-2.900000000000e-09 4.800000000000e-09
     5.076000000000e+05 1.000000000000e+00                                      
C16 2026 04 17 22 00 00-8.071085903794e-04 6.181721801113e-12 0.000000000000e+00
     1.000000000000e+00-2.973750000000e+02 1.446131665760e-09-1.952396452372e+00
    -1.000985503197e-05 1.021398685407e-02 1.651002094150e-05 6.493451011658e+03
     5.112000000000e+05 3.725290298462e-09-6.386385727857e-01-3.417953848839e-07
     9.632855610530e-01-2.585937500000e+02-2.146148596801e+00-2.066871807793e-09
    -1.492919328940e-09                    1.058000000000e+03                   
     2.000000000000e+00 0.000000000000e+00-2.900000000000e-09 4.800000000000e-09
     5.112000000000e+05 1.000000000000e+00                                      
C16 2026 04 17 23 00 00-8.070878684521e-04 6.016520615049e-12 0.000000000000e+00
     1.000000000000e+00-2.658437500000e+02 1.527206471422e-09-1.690184396839e+00
    -9.186100214720e-06 1.021405577194e-02 1.682620495558e-05 6.493443592072e+03
     5.148000000000e+05 4.330649971962e-08-6.386458551919e-01-3.050081431866e-07
     9.632800663327e-01-2.704843750000e+02-2.145846725118e+00-2.082586748097e-09
    -1.506134165105e-09                    1.058000000000e+03                   
     2.000000000000e+00 0.000000000000e+00-2.900000000000e-09 4.800000000000e-09
     5.148000000000e+05 1.000000000000e+00                                      
C18 2019 04 22 04 00 00-3.728945739567e-05-1.470823463023e-12 0.000000000000e+00
     1.000000000000e+00 6.296875000000e+02 1.363271071426e-09-1.758249633126e+00
     2.075266093016e-05 4.805241362192e-03-3.794673830271e-06 6.493311042786e+03
     1.008000000000e+05-2.426095306873e-07 1.400496558566e+00 7.310882210732e-08
     9.288105930551e-01 3.590625000000e+02 3.111437278915e+00-2.461888261814e-09
     4.035882396416e-10                    6.940000000000e+02                   
     2.000000000000e+00 1.000000000000e+00-7.100000000000e-09-7.100000000000e-09
     1.013700000000e+05 2.500000000000e+01                                      
C18 2020 10 20 09 00 00 2.409773878753e-05 6.181721801113e-13 0.000000000000e+00
     1.000000000000e+00-9.442187500000e+01 1.610424223490e-09-1.388026829186e+00
    -3.015622496605e-06 1.401295536198e-03 1.048017293215e-05 6.493777248383e+03
     2.052000000000e+05-7.729977369308e-08 2.622407414549e+00-2.048909664154e-08
     9.615546641771e-01-7.506250000000e+01 3.000538977452e+00-1.940795127622e-09
    -7.561029232931e-10                    7.720000000000e+02                   
     2.000000000000e+00 1.000000000000e+00 4.500000000000e-09 4.500000000000e-09
     2.078700000000e+05 1.000000000000e+00                                      
C19 2026 04 19 14 00 00-9.493051329628e-04 3.324451824938e-12 0.000000000000e+00
     1.000000000000e+00-7.218750000000e+01 2.983338553740e-09 3.348242825925e-01
    -3.568828105927e-06 1.083014416508e-03 1.266272738576e-05 5.282635963440e+03
     5.040000000000e+04 1.490116119385e-08-2.480129372532e+00 3.725290298462e-08
     9.886519154006e-01 1.176562500000e+02-5.877565557455e-01-6.243474351482e-09
     5.560945921433e-10                    1.059000000000e+03                   
     2.000000000000e+00 0.000000000000e+00 9.300000000000e-09 9.300000000000e-09
     5.040000000000e+04 1.000000000000e+00                                      
C19 2026 04 19 15 00 00-9.492931421846e-04 3.329780895456e-12 0.000000000000e+00
     1.000000000000e+00-7.306250000000e+01 3.014768434349e-09 8.227984526068e-01
    -3.597699105740e-06 1.082447357476e-03 1.287600025535e-05 5.282634569168e+03
     5.400000000000e+04 1.210719347000e-08-2.480151848805e+00 4.190951585770e-08
     9.886539195984e-01 1.122343750000e+02-5.881696340718e-01-6.243117193748e-09
     5.546659612065e-10                    1.059000000000e+03                   
     2.000000000000e+00 0.000000000000e+00 9.300000000000e-09 9.300000000000e-09
     5.400000000000e+04 1.000000000000e+00                                      
C19 2026 04 19 16 00 00-9.492817334831e-04 3.281819260792e-12 0.000000000000e+00
     1.000000000000e+00-5.956250000000e+01 2.944765518447e-09 1.308699843253e+00
    -2.950895577669e-06 1.082930830307e-03 1.279171556234e-05 5.282638210297e+03
     5.760000000000e+04-1.955777406693e-08-2.480174150991e+00 8.055940270424e-08
     9.886560437555e-01 1.139531250000e+02-5.865096872598e-01-6.211687313138e-09
     5.303792352812e-10                    1.059000000000e+03                   
     2.000000000000e+00 0.000000000000e+00 9.300000000000e-09 9.300000000000e-09
     5.760000000000e+04 1.000000000000e+00                                      
C19 2026 04 19 17 00 00-9.492698591202e-04 3.273825655015e-12 0.000000000000e+00
     1.000000000000e+00-5.532812500000e+01 2.919764477053e-09 1.795657848426e+00
    -2.732500433922e-06 1.082891598344e-03 1.293560490012e-05 5.282639467239e+03
     6.120000000000e+04-9.266659617424e-08-2.480196178149e+00 4.190951585770e-08
     9.886580289353e-01 1.115312500000e+02-5.859078456878e-01-6.186329114010e-09
     4.739483132782e-10                    1.059000000000e+03                   
     2.000000000000e+00 0.000000000000e+00 9.300000000000e-09 9.300000000000e-09
     6.120000000000e+04 1.000000000000e+00                                      
C19 2026 04 19 18 00 00-9.492578683421e-04 3.308464613383e-12 0.000000000000e+00
     1.000000000000e+00-5.253125000000e+01 2.985481500145e-09 2.284264262375e+00
    -2.618413418531e-06 1.083872513846e-03 1.249834895134e-05 5.282636562347e+03
     6.480000000000e+04-6.612390279770e-08-2.480218088273e+00-4.237517714500e-08
     9.886597010507e-01 1.222500000000e+02-5.869547171800e-01-6.194186584163e-09
     4.096599211229e-10                    1.059000000000e+03                   
     2.000000000000e+00 0.000000000000e+00 9.299999881307e-09 9.299999881307e-09
     6.483200000000e+04 1.000000000000e+00                                      
C20 2026 04 19 14 00 00-9.228503331542e-04 5.599964936209e-12 0.000000000000e+00
     1.000000000000e+00-6.235937500000e+01 2.930479209079e-09 6.153042628523e-01
    -3.037508577108e-06 9.588815737516e-04 1.289509236813e-05 5.282639884949e+03
     5.040000000000e+04 8.381903171539e-09-2.479502983195e+00 7.636845111847e-08
     9.886368809915e-01 1.131250000000e+02-1.488496558199e-01-6.213473101809e-09
     6.268118235141e-10                    1.059000000000e+03                   
     2.000000000000e+00 0.000000000000e+00 1.190000000000e-08 1.190000000000e-08
     5.040000000000e+04 1.000000000000e+00                                      
C20 2026 04 19 15 00 00-9.228311246261e-04 5.522693413695e-12 0.000000000000e+00
     1.000000000000e+00-5.120312500000e+01 2.855833242632e-09 1.101442842258e+00
    -2.521555870771e-06 9.596591116861e-04 1.302734017372e-05 5.282642950058e+03
     5.400000000000e+04-8.521601557732e-08-2.479524975242e+00 1.005828380585e-07
     9.886393065097e-01 1.104218750000e+02-1.474288902622e-01-6.165613965427e-09
     5.696665860428e-10                    1.059000000000e+03                   
     2.000000000000e+00 0.000000000000e+00 1.190000000000e-08 1.190000000000e-08
     5.400000000000e+04 1.000000000000e+00                                      
C20 2026 04 19 16 00 00-9.228122653440e-04 5.399236613357e-12 0.000000000000e+00
     1.000000000000e+00-5.179687500000e+01 2.887977438710e-09 1.589823687407e+00
    -2.534128725529e-06 9.597367607057e-04 1.282151788473e-05 5.282641420364e+03
     5.760000000000e+04-1.420266926289e-07-2.479546610338e+00-2.514570951462e-08
     9.886413955567e-01 1.163593750000e+02-1.482515827249e-01-6.148827551920e-09
     4.700195782020e-10                    1.059000000000e+03                   
     2.000000000000e+00 0.000000000000e+00 1.190000000000e-08 1.190000000000e-08
     5.760000000000e+04 1.000000000000e+00                                      
C20 2026 04 19 17 00 00-9.227920090780e-04 5.464073637995e-12 0.000000000000e+00
     1.000000000000e+00-4.648437500000e+01 2.974052452651e-09 2.078566206866e+00
    -2.354849129915e-06 9.602847276255e-04 1.254957169294e-05 5.282638965607e+03
     6.120000000000e+04-3.166496753693e-08-2.479568222026e+00-9.685754776001e-08
     9.886429579532e-01 1.240937500000e+02-1.494352004845e-01-6.185971956276e-09
     3.803729869188e-10                    1.059000000000e+03                   
     2.000000000000e+00 0.000000000000e+00 1.190000000000e-08 1.190000000000e-08
     6.120000000000e+04 1.000000000000e+00                                      
C20 2026 04 19 18 00 00-9.227721020579e-04 5.488942633747e-12 0.000000000000e+00
     1.000000000000e+00-5.429687500000e+01 2.995839074437e-09 2.565554058493e+00
    -2.862419933081e-06 9.593274444342e-04 1.245317980647e-05 5.282641128540e+03
     6.480000000000e+04 1.583248376846e-08-2.479590266739e+00-5.029141902924e-08
     9.886441546202e-01 1.259531250000e+02-1.488630195766e-01-6.225973622506e-09
     3.460858444360e-10                    1.059000000000e+03                   
     2.000000000000e+00 0.000000000000e+00 1.190000009643e-08 1.190000009643e-08
     6.483200000000e+04 1.000000000000e+00                                      
C21 2026 04 18 21 00 00-8.593299426138e-04 2.724931391640e-12 0.000000000000e+00
     1.000000000000e+00-9.734375000000e+00 3.173703626066e-09 2.775027181421e+00
    -5.713663995266e-07 9.094973793253e-04 1.208810135722e-05 5.282637826920e+03
     5.940000000000e+05-5.587935447693e-08-2.358110610052e+00-2.281740307808e-08
     9.878843471540e-01 1.299062500000e+02-3.259518161043e-01-6.307405585903e-09
     5.714523747137e-10                    1.058000000000e+03                   
     2.000000000000e+00 0.000000000000e+00 1.110000000000e-08 1.110000000000e-08
     5.940000000000e+05 1.000000000000e+00                                      
C21 2026 04 18 22 00 00-8.593205129728e-04 2.686739719593e-12 0.000000000000e+00
     1.000000000000e+00-1.454687500000e+01 3.130844697963e-09-3.020509475498e+00
    -8.190982043743e-07 9.082019096240e-04 1.165829598904e-05 5.282640346527e+03
     5.976000000000e+05-3.073364496231e-08-2.358133358428e+00-4.284083843231e-08
     9.878865415312e-01 1.381093750000e+02-3.260394361198e-01-6.279904440370e-09
     5.768097407267e-10                    1.058000000000e+03                   
     2.000000000000e+00 0.000000000000e+00 1.110000000000e-08 1.110000000000e-08
     5.976000000000e+05 1.000000000000e+00                                      
C21 2026 04 18 23 00 00-8.593111997470e-04 2.658318010162e-12 0.000000000000e+00
     1.000000000000e+00-1.846875000000e+01 3.146559638267e-09-2.533507778814e+00
    -1.003965735435e-06 9.088200749829e-04 1.187575981021e-05 5.282638799667e+03
     6.012000000000e+05-1.769512891769e-08-2.358155941495e+00-3.632158041000e-08
     9.878886759286e-01 1.336406250000e+02-3.254809803093e-01-6.267761077407e-09
     5.753811097899e-10                    1.058000000000e+03                   
     2.000000000000e+00 0.000000000000e+00 1.110000000000e-08 1.110000000000e-08
     6.012000000000e+05 1.000000000000e+00                                      
C21 2026 04 19 07 00 00-8.592369267717e-04 2.525091247207e-12 0.000000000000e+00
     1.000000000000e+00-3.039062500000e+01 3.070127883150e-09 1.363283916396e+00
    -1.701992005110e-06 9.110837709159e-04 1.293560490012e-05 5.282638799667e+03
     2.520000000000e+04-4.051253199577e-08-2.478752421371e+00 3.399327397346e-08
     9.879087939781e-01 1.142187500000e+02-3.217762309745e-01-6.269189708344e-09
     7.389593520517e-10                    1.059000000000e+03                   
     2.000000000000e+00 0.000000000000e+00 1.110000000000e-08 1.110000000000e-08
     2.733000000000e+04 1.000000000000e+00                                      
C21 2026 04 19 08 00 00-8.592271478847e-04 2.597921877623e-12 0.000000000000e+00
     1.000000000000e+00-3.035937500000e+01 3.051198627091e-09 1.851801039678e+00
    -1.728534698486e-06 9.113751584664e-04 1.243641600013e-05 5.282637002945e+03
     2.880000000000e+04-4.889443516731e-08-2.478774751352e+00-2.328306436539e-08
     9.879114579519e-01 1.208437500000e+02-3.227330818026e-01-6.266332341909e-09
     6.964575582913e-10                    1.059000000000e+03                   
     2.000000000000e+00 0.000000000000e+00 1.110000003024e-08 1.110000003024e-08
     2.880000000000e+04 1.000000000000e+00                                      
C21 2026 04 19 09 00 00-8.592176018283e-04 2.612132732338e-12 0.000000000000e+00
     1.000000000000e+00-2.671875000000e+01 3.054055785111e-09 2.340030679076e+00
    -1.455657184124e-06 9.118621237576e-04 1.214677467942e-05 5.282635473251e+03
     3.240000000000e+04 4.190951585770e-09-2.478797090111e+00-4.051253199577e-08
     9.879138980992e-01 1.251875000000e+02-3.234018489508e-01-6.285976121851e-09
     6.596703350602e-10                    1.059000000000e+03                   
     2.000000000000e+00 0.000000000000e+00 1.110000000000e-08 1.110000000000e-08
     3.252000000000e+04 1.000000000000e+00                                      
C21 2026 04 19 10 00 00-8.592080557719e-04 2.626343587053e-12 0.000000000000e+00
     1.000000000000e+00-3.628125000000e+01 2.987624446550e-09 2.827161642127e+00
    -1.782551407814e-06 9.105566423386e-04 1.202384009957e-05 5.282638120651e+03
     3.600000000000e+04 1.443549990654e-08-2.478819671715e+00-2.793967723846e-08
     9.879162270648e-01 1.285625000000e+02-3.229714730811e-01-6.295976538409e-09
     6.518128649079e-10                    1.059000000000e+03                   
     2.000000000000e+00 0.000000000000e+00 1.110000000000e-08 1.110000000000e-08
     3.600000000000e+04 1.000000000000e+00                                      
C21 2026 04 19 14 00 00-8.591710356995e-04 2.585487379747e-12 0.000000000000e+00
     1.000000000000e+00-6.937500000000e+01 2.936908048294e-09-1.509890945133e+00
    -3.326684236526e-06 9.104943601415e-04 1.149764284492e-05 5.282632835388e+03
     5.040000000000e+04-6.891787052155e-08-2.478908687354e+00 3.073364496231e-08
     9.879259393780e-01 1.445312500000e+02-3.188649479250e-01-6.144541659109e-09
     5.214502919263e-10                    1.059000000000e+03                   
     2.000000000000e+00 0.000000000000e+00 1.110000003024e-08 1.110000000000e-08
     5.040000000000e+04 1.000000000000e+00                                      
C21 2026 04 19 15 00 00-8.591618388891e-04 2.578381952389e-12 0.000000000000e+00
     1.000000000000e+00-7.548437500000e+01 2.903335221280e-09-1.020681358355e+00
    -3.634486347437e-06 9.114455897361e-04 1.208391040564e-05 5.282636314392e+03
     5.400000000000e+04-2.421438694000e-08-2.478930486296e+00-3.399327397347e-08
     9.879277665626e-01 1.330781250000e+02-3.205130363230e-01-6.158113653009e-09
     4.650193699233e-10                    1.059000000000e+03                   
     2.000000000000e+00 0.000000000000e+00 1.110000003024e-08 1.110000000000e-08
     5.400000000000e+04 1.000000000000e+00                                      
C21 2026 04 19 16 00 00-8.591525256634e-04 2.576605595550e-12 0.000000000000e+00
     1.000000000000e+00-8.851562500000e+01 2.893691962457e-09-5.319929566249e-01
    -4.355795681477e-06 9.129833197221e-04 1.225667074323e-05 5.282639928818e+03
     5.760000000000e+04 3.352761268616e-08-2.478952405198e+00-9.313225746155e-10
     9.879292997008e-01 1.297187500000e+02-3.216411612111e-01-6.195258057365e-09
     4.278749655669e-10                    1.059000000000e+03                   
     2.000000000000e+00 0.000000000000e+00 1.110000003024e-08 1.110000000000e-08
     5.760000000000e+04 1.000000000000e+00                                      
C21 2026 04 19 17 00 00-8.591428631917e-04 2.605915483400e-12 0.000000000000e+00
     1.000000000000e+00-8.417187500000e+01 2.987267288816e-09-4.441246810614e-02
    -4.270579665899e-06 9.119733003899e-04 1.241825520992e-05 5.282637973785e+03
     6.120000000000e+04 1.722946763039e-08-2.478974603517e+00 4.610046744347e-08
     9.879306543629e-01 1.234687500000e+02-3.216622755078e-01-6.234545408127e-09
     4.135886561991e-10                    1.059000000000e+03                   
     2.000000000000e+00 0.000000000000e+00 1.110000000000e-08 1.110000000000e-08
     6.120000000000e+04 1.000000000000e+00                                      
C21 2026 04 19 18 00 00-8.591330843046e-04 2.647659869126e-12 0.000000000000e+00
     1.000000000000e+00-8.500000000000e+01 3.095843240012e-09 4.436378219246e-01
    -4.270579665899e-06 9.108107769862e-04 1.264642924070e-05 5.282635566711e+03
     6.480000000000e+04-2.374872565269e-08-2.478997081253e+00 3.445893526077e-08
     9.879319622117e-01 1.141562500000e+02-3.221520122044e-01-6.270975497015e-09
     4.164459180726e-10                    1.059000000000e+03                   
     2.000000000000e+00 0.000000000000e+00 1.110000003024e-08 1.110000003024e-08
     6.483200000000e+04 1.000000000000e+00                                      
C22 2026 04 18 20 00 00 4.502409137785e-04 1.525890525045e-12 0.000000000000e+00
     1.000000000000e+00-1.426562500000e+01 3.093700293606e-09 2.441921458916e+00
    -8.908100426197e-07 8.124213200063e-04 1.179846003652e-05 5.282639541626e+03
     5.904000000000e+05-3.259629011154e-08-2.358157196678e+00-5.494803190231e-08
     9.878917963329e-01 1.363281250000e+02 2.981786323598e-01-6.295262222940e-09
     5.175215568501e-10                    1.058000000000e+03                   
     2.000000000000e+00 0.000000000000e+00 1.340000000000e-08 1.340000000000e-08
     5.904000000000e+05 1.000000000000e+00                                      
C22 2026 04 18 21 00 00 4.502466181293e-04 1.543654093439e-12 0.000000000000e+00
     1.000000000000e+00-1.520312500000e+01 3.104415025632e-09 2.929324691503e+00
    -9.173527359962e-07 8.122230647132e-04 1.160567626357e-05 5.282639989853e+03
     5.940000000000e+05-1.117587089539e-08-2.358179848502e+00-4.842877388000e-08
     9.878937566431e-01 1.379687500000e+02 2.983356298022e-01-6.275975705294e-09
     5.160929259133e-10                    1.058000000000e+03                   
     2.000000000000e+00 0.000000000000e+00 1.340000000000e-08 1.340000000000e-08
     5.940000000000e+05 1.000000000000e+00                                      
C22 2026 04 19 07 00 00 4.503035452217e-04 1.524114168205e-12 0.000000000000e+00
     1.000000000000e+00-2.385937500000e+01 3.103343552430e-09 1.521750721060e+00
    -1.365784555674e-06 8.151674410328e-04 1.221150159836e-05 5.282634691238e+03
     2.520000000000e+04-2.328306436539e-08-2.478821978737e+00-2.887099981308e-08
     9.879181976155e-01 1.242500000000e+02 2.983426093843e-01-6.293833592003e-09
     6.925288466062e-10                    1.059000000000e+03                   
     2.000000000000e+00 0.000000000000e+00 1.340000000000e-08 1.340000000000e-08
     2.520000000000e+04 1.000000000000e+00                                      
C22 2026 04 19 08 00 00 4.503092495725e-04 1.544542271859e-12 0.000000000000e+00
     1.000000000000e+00-2.943750000000e+01 3.054412942845e-09 2.008532737188e+00
    -1.493841409683e-06 8.148004999384e-04 1.217890530825e-05 5.282636102676e+03
     2.880000000000e+04-4.190951585770e-09-2.478844574969e+00-2.374872565269e-08
     9.879206509291e-01 1.246562500000e+02 2.991223637385e-01-6.302762535358e-09
     6.818141145803e-10                    1.059000000000e+03                   
     2.000000000000e+00 0.000000000000e+00 1.340000000000e-08 1.340000000000e-08
     2.880000000000e+04 1.000000000000e+00                                      
C22 2026 04 19 09 00 00 4.503161180764e-04 1.652900039062e-12 0.000000000000e+00
     1.000000000000e+00-3.951562500000e+01 2.953337304067e-09 2.494547625407e+00
    -1.881271600723e-06 8.132050279528e-04 1.175235956907e-05 5.282640047073e+03
     3.240000000000e+04 6.519258022308e-09-2.478867305790e+00-3.911554813385e-08
     9.879231788515e-01 1.357968750000e+02 3.006685862249e-01-6.287404752788e-09
     6.861000073907e-10                    1.059000000000e+03                   
     2.000000000000e+00 0.000000000000e+00 1.340000000000e-08 1.340000000000e-08
     3.240000000000e+04 1.000000000000e+00                                      
C22 2026 04 19 12 00 00 4.503317177296e-04 1.533884130822e-12 0.000000000000e+00
     1.000000000000e+00-6.609375000000e+01 2.943336887510e-09-2.328638775072e+00
    -3.198161721230e-06 8.160541765392e-04 1.154420897365e-05 5.282633264542e+03
     4.320000000000e+04-4.237517714500e-08-2.478934000226e+00 5.168840289116e-08
     9.879310054633e-01 1.429375000000e+02 3.033485204835e-01-6.149184709654e-09
     5.943104697023e-10                    1.059000000000e+03                   
     2.000000000000e+00 0.000000000000e+00 1.340000000000e-08 1.340000000000e-08
     4.321800000000e+04 1.000000000000e+00                                      
C22 2026 04 19 14 00 00 4.503431264311e-04 1.558753126574e-12 0.000000000000e+00
     1.000000000000e+00-8.087500000000e+01 2.887977438710e-09-1.349944669471e+00
    -3.941822797060e-06 8.163355523720e-04 1.227203756571e-05 5.282639041901e+03
     5.040000000000e+04 2.561137080193e-08-2.478977722458e+00-2.235174179077e-08
     9.879349933780e-01 1.285000000000e+02 2.997767284583e-01-6.177400170655e-09
     5.007351433429e-10                    1.059000000000e+03                   
     2.000000000000e+00 0.000000000000e+00 1.340000022054e-08 1.340000000000e-08
     5.040000000000e+04 1.000000000000e+00                                      
C22 2026 04 19 15 00 00 4.503485979512e-04 1.553424056056e-12 0.000000000000e+00
     1.000000000000e+00-8.112500000000e+01 2.940836783371e-09-8.623416432365e-01
    -4.052650183439e-06 8.162285666913e-04 1.229671761394e-05 5.282638975143e+03
     5.400000000000e+04 3.911554813385e-08-2.478999762782e+00 4.190951585770e-08
     9.879365864957e-01 1.269062500000e+02 2.997331920163e-01-6.224544991569e-09
     4.739483132782e-10                    1.059000000000e+03                   
     2.000000000000e+00 0.000000000000e+00 1.340000000000e-08 1.340000000000e-08
     5.400000000000e+04 1.000000000000e+00                                      
C22 2026 04 19 16 00 00 4.503539530560e-04 1.537436844501e-12 0.000000000000e+00
     1.000000000000e+00-7.842187500000e+01 3.048698419098e-09-3.756330421897e-01
    -3.952998667955e-06 8.146028267220e-04 1.275772228837e-05 5.282635538101e+03
     5.760000000000e+04-1.862645149231e-09-2.479022151280e+00 5.587935447693e-08
     9.879381064676e-01 1.141093750000e+02 3.005846030238e-01-6.261689395926e-09
     4.707338936704e-10                    1.059000000000e+03                   
     2.000000000000e+00 0.000000000000e+00 1.340000000000e-08 1.340000000000e-08
     5.760000000000e+04 1.000000000000e+00                                      
C22 2026 04 19 17 00 00 4.503595409915e-04 1.531219595563e-12 0.000000000000e+00
     1.000000000000e+00-7.453125000000e+01 3.067270621276e-09 1.117390799812e-01
    -3.697350621223e-06 8.151391521096e-04 1.259567216039e-05 5.282636608124e+03
     6.120000000000e+04-1.536682248116e-08-2.479044746050e+00 3.958120942116e-08
     9.879397229921e-01 1.157968750000e+02 3.007739338816e-01-6.278832967167e-09
     4.750197864808e-10                    1.059000000000e+03                   
     2.000000000000e+00 0.000000000000e+00 1.340000000000e-08 1.340000000000e-08
     6.120000000000e+04 1.000000000000e+00                                      
C22 2026 04 19 18 00 00 4.503651289269e-04 1.540101379760e-12 0.000000000000e+00
     1.000000000000e+00-5.987500000000e+01 3.017982853957e-09 5.979627134443e-01
    -2.942048013210e-06 8.168633794412e-04 1.272186636925e-05 5.282640602112e+03
     6.480000000000e+04-3.306195139885e-08-2.479067286692e+00 4.330649971962e-08
     9.879414653275e-01 1.134062500000e+02 3.021112370371e-01-6.270261181546e-09
     4.646622121891e-10                    1.059000000000e+03                   
     2.000000000000e+00 0.000000000000e+00 1.340000022054e-08 1.340000022054e-08
     6.483200000000e+04 1.000000000000e+00                                      
C23 2026 04 19 07 00 00-4.669829504564e-04 3.448796803696e-12 0.000000000000e+00
     1.000000000000e+00-1.507812500000e+01 4.336252050875e-09-2.451681172053e+00
    -7.916241884232e-07 2.104960149154e-04 1.014862209558e-05 5.282642406464e+03
     2.520000000000e+04-1.164153218269e-08-3.976002039759e-01-6.146728992462e-08
     9.442658120041e-01 1.460156250000e+02-9.113684373078e-01-6.798497470422e-09
    -7.507455572802e-10                    1.059000000000e+03                   
     2.000000000000e+00 0.000000000000e+00 2.200000000000e-08 2.200000000000e-08
     2.520000000000e+04 1.000000000000e+00                                      
C23 2026 04 19 08 00 00-4.669713089243e-04 3.384847957477e-12 0.000000000000e+00
     1.000000000000e+00-1.257812500000e+01 4.313036798152e-09-1.961511339015e+00
    -6.831251084805e-07 2.102968282998e-04 9.995885193348e-06 5.282643539429e+03
     2.880000000000e+04-1.490116119385e-08-3.976246712807e-01-5.122274160385e-08
     9.442631246236e-01 1.495312500000e+02-9.139742162490e-01-6.795640208549e-09
    -7.539599768879e-10                    1.059000000000e+03                   
     2.000000000000e+00 0.000000000000e+00 2.200000000000e-08 2.200000000000e-08
     2.880000000000e+04 1.000000000000e+00                                      
C23 2026 04 19 12 00 00-4.669263726100e-04 3.183231456205e-12 0.000000000000e+00
     1.000000000000e+00-1.310937500000e+01 4.290893018632e-09-8.959928508415e-03
    -6.682239472866e-07 2.108231419697e-04 9.914394468069e-06 5.282645811081e+03
     4.320000000000e+04 1.303851604462e-08-3.977238702928e-01 2.235174179077e-08
     9.442530261001e-01 1.523281250000e+02-9.162714204168e-01-6.812069464322e-09
    -6.003821511836e-10 0.000000000000e+00 1.059000000000e+03 0.000000000000e+00
     2.000000000000e+00 0.000000000000e+00 2.200000000000e-08 2.200000000000e-08
     4.321800000000e+04 1.000000000000e+00                                      
C23 2026 04 19 13 00 00-4.669137997553e-04 3.297806472347e-12 0.000000000000e+00
     1.000000000000e+00-2.143750000000e+01 4.245176828655e-09 4.756609977384e-01
    -1.017004251480e-06 2.120971912518e-04 9.647570550442e-06 5.282648567200e+03
     4.680000000000e+04-1.396983861923e-09-3.977483405235e-01 3.958120942116e-08
     9.442507907613e-01 1.586406250000e+02-9.133295126402e-01-6.829213035563e-09
    -6.046680439940e-10 0.000000000000e+00 1.059000000000e+03 0.000000000000e+00
     2.000000000000e+00 0.000000000000e+00 2.200000000000e-08 2.200000000000e-08
     4.681800000000e+04 1.000000000000e+00                                      
C23 2026 04 19 14 00 00-4.669022746384e-04 3.272937476595e-12 0.000000000000e+00
     1.000000000000e+00-2.181250000000e+01 4.222318733666e-09 9.609327835532e-01
    -1.034699380398e-06 2.125068567693e-04 9.456649422646e-06 5.282649810791e+03
     5.040000000000e+04-7.450580596924e-09-3.977729277876e-01 4.423782229424e-08
     9.442485934583e-01 1.632968750000e+02-9.110393919218e-01-6.833856086108e-09
    -6.053823594624e-10                    1.059000000000e+03                   
     2.000000000000e+00 0.000000000000e+00 2.200000004393e-08 2.200000000000e-08
     5.040000000000e+04 1.000000000000e+00                                      
C23 2026 04 19 15 00 00-4.668915644288e-04 3.178790564107e-12 0.000000000000e+00
     1.000000000000e+00-2.506250000000e+01 4.245176828655e-09 1.450819629718e+00
    -1.249834895134e-06 2.124635502696e-04 9.561423212290e-06 5.282648836136e+03
     5.400000000000e+04-1.303851604462e-08-3.977976993795e-01-9.778887033463e-09
     9.442462337715e-01 1.618281250000e+02-9.133646007304e-01-6.876357856477e-09
    -5.871673150184e-10                    1.059000000000e+03                   
     2.000000000000e+00 0.000000000000e+00 2.200000004393e-08 2.200000000000e-08
     5.400000000000e+04 1.000000000000e+00                                      
C23 2026 04 19 16 00 00-4.668799228966e-04 3.204547738278e-12 0.000000000000e+00
     1.000000000000e+00-3.081250000000e+01 4.239462304908e-09 1.942280245117e+00
    -1.650303602219e-06 2.127741463482e-04 9.365379810333e-06 5.282647106171e+03
     5.760000000000e+04-8.847564458847e-09-3.978224738971e-01-1.210719347000e-08
     9.442441154661e-01 1.646562500000e+02-9.172632803374e-01-6.878857960617e-09
    -5.846672108790e-10                    1.059000000000e+03                   
     2.000000000000e+00 0.000000000000e+00 2.200000000000e-08 2.200000000000e-08
     5.760000000000e+04 1.000000000000e+00                                      
C23 2026 04 19 17 00 00-4.668673500419e-04 3.308464613383e-12 0.000000000000e+00
     1.000000000000e+00-3.176562500000e+01 4.230533361553e-09 2.432802560952e+00
    -1.721549779177e-06 2.134895185009e-04 8.887611329556e-06 5.282645233154e+03
     6.120000000000e+04-9.313225746155e-09-3.978471942868e-01-2.235174179077e-08
     9.442420132528e-01 1.714843750000e+02-9.202232419860e-01-6.878857960617e-09
    -5.925246810313e-10                    1.059000000000e+03                   
     2.000000000000e+00 0.000000000000e+00 2.200000000000e-08 2.200000000000e-08
     6.120000000000e+04 1.000000000000e+00                                      
C24 2026 04 19 02 00 00-2.528231125325e-04-3.281375171582e-11 0.000000000000e+00
     1.000000000000e+00-2.751562500000e+01 4.119100148483e-09 1.294577202234e+00
    -1.416541635990e-06 6.167001556605e-04 1.042801886797e-05 5.282656415939e+03
     7.200000000000e+03-2.654269337654e-08-3.976661625633e-01-6.472691893578e-08
     9.442736547079e-01 1.439218750000e+02 7.900583503815e-01-6.797425997220e-09
    -8.914657045534e-10                    1.059000000000e+03                   
     2.000000000000e+00 0.000000000000e+00 4.100000000000e-09 4.100000000000e-09
     7.200000000000e+03 1.000000000000e+00                                      
C24 2026 04 19 03 00 00-2.529416233301e-04-3.285105520945e-11 0.000000000000e+00
     1.000000000000e+00-2.095312500000e+01 4.180174121031e-09 1.783654961074e+00
    -1.231674104929e-06 6.168815307319e-04 1.050205901265e-05 5.282654565811e+03
     1.080000000000e+04-1.396983861923e-08-3.976906254794e-01-6.239861249924e-08
     9.442704333623e-01 1.412187500000e+02 7.885399789295e-01-6.798854628157e-09
    -8.957515973638e-10                    1.059000000000e+03                   
     2.000000000000e+00 0.000000000000e+00 4.100000000000e-09 4.100000000000e-09
     1.080000000000e+04 1.000000000000e+00                                      
C24 2026 04 19 04 00 00-2.530600177124e-04-3.285993699365e-11 0.000000000000e+00
     1.000000000000e+00-2.001562500000e+01 4.224461680071e-09 2.271408021261e+00
    -1.223292201757e-06 6.169134285301e-04 1.036887988448e-05 5.282654363632e+03
     1.440000000000e+04-1.583248376846e-08-3.977151030247e-01-7.404014468193e-08
     9.442672193313e-01 1.403750000000e+02 7.883470902549e-01-6.797425997220e-09
    -8.925371777560e-10                    1.059000000000e+03                   
     2.000000000000e+00 0.000000000000e+00 4.100000000000e-09 4.100000000000e-09
     1.440000000000e+04 1.000000000000e+00                                      
C24 2026 04 19 13 00 00-2.541268477216e-04-3.294964301404e-11 0.000000000000e+00
     1.000000000000e+00-3.193750000000e+01 4.313751113620e-09 3.779269591805e-01
    -1.783482730389e-06 6.133264396340e-04 9.618233889341e-06 5.282656211853e+03
     4.680000000000e+04-6.519258022308e-09-3.979386559252e-01-4.190951585770e-09
     9.442433050095e-01 1.600781250000e+02 7.866792700178e-01-6.899930266934e-09
    -5.989535202468e-10 0.000000000000e+00 1.059000000000e+03 0.000000000000e+00
     2.000000000000e+00 0.000000000000e+00 4.100000000000e-09 4.100000000000e-09
     4.681800000000e+04 1.000000000000e+00                                      
C24 2026 04 19 14 00 00 -.254246057011e-03 -.330100391466e-10  .000000000000e+00
      .100000000000e+01 -.311562500000e+02  .428732144129e-08  .866559478903e+00
     -.172061845660e-05  .612744479440e-03  .910414382815e-05  .528265448189e+04
      .504000000000e+05 -.651925802231e-08 -.397963521144e+00  .372529029846e-08
      .944241151594e+00  .166296875000e+03  .785606898401e+00 -.689993026693e-08
     -.593953311968e-09  .000000000000e+00  .105900000000e+04  .000000000000e+00
      .200000000000e+01  .000000000000e+00  .409999989515e-08  .410000000000e-08
      .504000000000e+05  .100000000000e+01                                      
C24 2026 04 19 15 00 00 -.254364800639e-03 -.330109273250e-10  .000000000000e+00
      .100000000000e+01 -.249375000000e+02  .427410660512e-08  .135565031477e+01
     -.128522515297e-05  .612527597696e-03  .888528302312e-05  .528265260124e+04
      .540000000000e+05 -.200234353542e-07 -.397988412695e+00  .232830643654e-08
      .944239033289e+00  .169328125000e+03  .784076604166e+00 -.689350142772e-08
     -.586095841816e-09  .000000000000e+00  .105900000000e+04  .000000000000e+00
      .200000000000e+01  .000000000000e+00  .409999989515e-08  .410000000000e-08
      .540000000000e+05  .100000000000e+01                                      
C24 2026 04 19 16 00 00-2.544831950217e-04-3.297717654505e-11 0.000000000000e+00
     1.000000000000e+00-1.956250000000e+01 4.245176828655e-09 1.844540079858e+00
    -9.238719940186e-07 6.127231754363e-04 9.072944521904e-06 5.282650959015e+03
     5.760000000000e+04-1.257285475731e-08-3.980133832436e-01-4.889443516731e-08
     9.442370978481e-01 1.666250000000e+02 7.827479453938e-01-6.852428288286e-09
    -5.689522705744e-10                    1.059000000000e+03                   
     2.000000000000e+00 0.000000000000e+00 4.100000000000e-09 4.100000000000e-09
     5.760000000000e+04 1.000000000000e+00                                      
C24 2026 04 19 17 00 00-2.546005416662e-04-3.287148331310e-11 0.000000000000e+00
     1.000000000000e+00-1.906250000000e+01 4.201960742817e-09 2.332114150555e+00
    -8.903443813324e-07 6.126841763034e-04 9.152106940746e-06 5.282650999069e+03
     6.120000000000e+04 2.561137080193e-08-3.980380597457e-01-6.332993507385e-08
     9.442352267758e-01 1.668593750000e+02 7.827352443390e-01-6.816712514866e-09
    -5.653806932324e-10                    1.059000000000e+03                   
     2.000000000000e+00 0.000000000000e+00 4.099999895146e-09 4.100000000000e-09
     6.120000000000e+04 1.000000000000e+00                                      
C25 2026 04 19 04 00 00 8.885590359569e-04-9.440448422993e-12 0.000000000000e+00
     1.000000000000e+00-2.575000000000e+01 4.213746948045e-09 1.444031604981e+00
    -1.318287104368e-06 5.574243841693e-04 9.940937161446e-06 5.282659513474e+03
     1.440000000000e+04-4.842877388000e-08-4.202979397362e-01-1.909211277962e-08
     9.458611782975e-01 1.524531250000e+02 7.580225451959e-01-6.831355981968e-09
    -8.328918361453e-10                    1.059000000000e+03                   
     2.000000000000e+00 0.000000000000e+00 4.000000000000e-10 4.000000000000e-10
     1.440000000000e+04 1.000000000000e+00                                      
C25 2026 04 19 05 00 00 8.885248098522e-04-9.453771099288e-12 0.000000000000e+00
     1.000000000000e+00-1.937500000000e+01 4.250891352402e-09 1.933374525038e+00
    -1.090578734875e-06 5.577662959695e-04 1.009646803141e-05 5.282657464981e+03
     1.800000000000e+04-4.330649971962e-08-4.203226191642e-01-5.075708031654e-08
     9.458582978118e-01 1.480156250000e+02 7.562385663375e-01-6.805283467372e-09
    -8.221771041194e-10                    1.059000000000e+03                   
     2.000000000000e+00 0.000000000000e+00 4.000000000000e-10 4.000000000000e-10
     1.800000000000e+04 1.000000000000e+00                                      
C25 2026 04 19 06 00 00 8.884909329936e-04-9.448442028770e-12 0.000000000000e+00
     1.000000000000e+00-1.867187500000e+01 4.253391456541e-09 2.420951347484e+00
    -1.058448106050e-06 5.577099509537e-04 1.001078635454e-05 5.282657548904e+03
     2.160000000000e+04-1.443549990654e-08-4.203471113387e-01-4.982575774193e-08
     9.458554670653e-01 1.481562500000e+02 7.562213477917e-01-6.779210952776e-09
    -8.221771041194e-10                    1.059000000000e+03                   
     2.000000000000e+00 0.000000000000e+00 4.000000000000e-10 4.000000000000e-10
     2.160000000000e+04 1.000000000000e+00                                      
C25 2026 04 19 14 00 00 8.882157271728e-04-9.556799795973e-12 0.000000000000e+00
     1.000000000000e+00-2.842187500000e+01 4.286249968087e-09 4.016169630157e-02
    -1.505482941866e-06 5.567679181695e-04 9.495299309492e-06 5.282660545349e+03
     5.040000000000e+04-1.350417733192e-08-4.205453147947e-01-5.122274160385e-09
     9.458353358497e-01 1.654375000000e+02 7.542987311127e-01-6.884929642098e-09
    -5.839528954106e-10                    1.059000000000e+03                   
     2.000000000000e+00 0.000000000000e+00 4.000000053406e-10 4.000000000000e-10
     5.040000000000e+04 1.000000000000e+00                                      
C25 2026 04 19 15 00 00  .888180453330e-03 -.966160484950e-11  .000000000000e+00
      .100000000000e+01 -.317656250000e+02  .425910598029e-08  .528427639475e+00
     -.179233029485e-05  .556060695089e-03  .909063965082e-05  .528265895081e+04
      .540000000000e+05 -.838190317154e-08 -.420570117108e+00 -.558793544769e-08
      .945833235099e+00  .170140625000e+03  .753591635511e+00 -.688707258850e-08
     -.581809949005e-09  .000000000000e+00  .105900000000e+04  .000000000000e+00
      .200000000000e+01  .000000000000e+00  .400000005341e-09  .400000000000e-09
      .540000000000e+05  .100000000000e+01                                      
C25 2026 04 19 16 00 00  .888146692887e-03 -.958078061331e-11  .000000000000e+00
      .100000000000e+01 -.296562500000e+02  .423660504303e-08  .101719144732e+01
     -.162562355399e-05  .555637641810e-03  .865617766976e-05  .528265739250e+04
      .576000000000e+05 -.465661287308e-08 -.420594876996e+00 -.111758708954e-07
      .945831137275e+00  .175406250000e+03  .752386970749e+00 -.688850121944e-08
     -.587167315018e-09  .000000000000e+00  .105900000000e+04  .000000000000e+00
      .200000000000e+01  .000000000000e+00  .400000005341e-09  .400000000000e-09
      .576000000000e+05  .100000000000e+01                                      
C25 2026 04 19 17 00 00 8.881125831977e-04-9.542588941258e-12 0.000000000000e+00
     1.000000000000e+00-2.296875000000e+01 4.225533153274e-09 1.506461789083e+00
    -1.165084540844e-06 5.555612733588e-04 8.547212928534e-06 5.282655529022e+03
     6.120000000000e+04-1.257285475731e-08-4.206197129565e-01-1.722946763039e-08
     9.458290409132e-01 1.769375000000e+02 7.506761787560e-01-6.882429537959e-09
    -5.821671067396e-10                    1.059000000000e+03                   
     2.000000000000e+00 0.000000000000e+00 4.000000053406e-10 4.000000000000e-10
     6.120000000000e+04 1.000000000000e+00                                      
C26 2026 04 19 00 00 00-6.273236358538e-04-5.527134305794e-12 0.000000000000e+00
     1.000000000000e+00-3.128125000000e+01 4.024453348921e-09 1.030859016947e+00
    -1.514330506325e-06 9.285210398957e-04 1.051835715771e-05 5.282655105591e+03
     0.000000000000e+00-6.193295121193e-08-4.195674667034e-01-1.112930476665e-07
     9.459218162519e-01 1.444531250000e+02 7.999144859120e-01-6.748138229901e-09
    -8.761079219830e-10                    1.059000000000e+03                   
     2.000000000000e+00 0.000000000000e+00-5.000000000000e-09-5.000000000000e-09
     0.000000000000e+00 1.000000000000e+00                                      
C26 2026 04 19 01 00 00-6.273437757045e-04-5.541345160509e-12 0.000000000000e+00
     1.000000000000e+00-2.692187500000e+01 4.098384999900e-09 1.519041744952e+00
    -1.445878297091e-06 9.284948464483e-04 1.051975414157e-05 5.282653993607e+03
     3.600000000000e+03 3.259629011154e-09-4.195914878182e-01-7.636845111847e-08
     9.459184939650e-01 1.446875000000e+02 7.992909770603e-01-6.789568527068e-09
    -9.175382191497e-10                    1.059000000000e+03                   
     2.000000000000e+00 0.000000000000e+00-5.000000000000e-09-5.000000000000e-09
     3.600000000000e+03 1.000000000000e+00                                      
C26 2026 04 19 12 00 00-6.275649648160e-04-5.611511255665e-12 0.000000000000e+00
     1.000000000000e+00-3.231250000000e+01 4.312679640418e-09 6.001640233320e-01
    -1.722946763039e-06 9.248130954802e-04 9.334646165371e-06 5.282653516769e+03
     4.320000000000e+04-2.793967723846e-09-4.198639270521e-01 2.793967723846e-09
     9.458872869965e-01 1.647187500000e+02 7.981432505329e-01-6.899215951466e-09
    -6.178828801592e-10                    1.059000000000e+03                   
     2.000000000000e+00 0.000000000000e+00-5.000000000000e-09-5.000000000000e-09
     4.321800000000e+04 1.000000000000e+00                                      
C26 2026 04 19 13 00 00-6.275851046667e-04-5.603517649888e-12 0.000000000000e+00
     1.000000000000e+00-2.970312500000e+01 4.295536069176e-09 1.088327679273e+00
    -1.524109393358e-06 9.245128603652e-04 9.043142199516e-06 5.282652275085e+03
     4.680000000000e+04-1.909211277962e-08-4.198888463987e-01 1.583248376846e-08
     9.458850794531e-01 1.684375000000e+02 7.975405048776e-01-6.893858585453e-09
    -6.039537285256e-10                    1.059000000000e+03                   
     2.000000000000e+00 0.000000000000e+00-5.000000000000e-09-5.000000000000e-09
     4.680000000000e+04 1.000000000000e+00                                      
C26 2026 04 19 14 00 00-6.276051281020e-04-5.600853114629e-12 0.000000000000e+00
     1.000000000000e+00-2.412500000000e+01 4.281964075277e-09 1.576722748374e+00
    -1.172069460154e-06 9.245052933693e-04 9.042676538229e-06 5.282650770187e+03
     5.040000000000e+04-4.610046744347e-08-4.199138110957e-01-1.303851604462e-08
     9.458830006465e-01 1.683906250000e+02 7.967066752195e-01-6.868500386325e-09
    -5.843100531448e-10                    1.059000000000e+03                   
     2.000000000000e+00 0.000000000000e+00-5.000000000000e-09-5.000000000000e-09
     5.040000000000e+04 1.000000000000e+00                                      
C26 2026 04 19 15 00 00-6.276256171986e-04-5.617728504603e-12 0.000000000000e+00
     1.000000000000e+00-2.232812500000e+01 4.249105563731e-09 2.064650748694e+00
    -1.049134880304e-06 9.246508125216e-04 9.191222488880e-06 5.282650041580e+03
     5.400000000000e+04-1.117587089539e-08-4.199386353526e-01-5.448237061501e-08
     9.458811164080e-01 1.664531250000e+02 7.963402829978e-01-6.822069880879e-09
    -5.728810056505e-10                    1.059000000000e+03                   
     2.000000000000e+00 0.000000000000e+00-5.000000000000e-09-5.000000000000e-09
     5.400000000000e+04 1.000000000000e+00                                      
C26 2026 04 19 16 00 00-6.276461062953e-04-5.640821143516e-12 0.000000000000e+00
     1.000000000000e+00-2.043750000000e+01 4.190174537588e-09 2.551880577212e+00
    -9.811483323574e-07 9.241705993190e-04 9.065959602594e-06 5.282651157379e+03
     5.760000000000e+04 3.818422555923e-08-4.199631172867e-01-2.561137080193e-08
     9.458792965379e-01 1.702031250000e+02 7.966720157644e-01-6.772067798092e-09
    -5.800241603344e-10                    1.059000000000e+03                   
     2.000000000000e+00 0.000000000000e+00-4.999999969613e-09-5.000000000000e-09
     5.760000000000e+04 1.000000000000e+00                                      
C26 2026 04 19 17 00 00-6.276661297306e-04-5.627498467220e-12 0.000000000000e+00
     1.000000000000e+00-1.453125000000e+01 4.144815505346e-09 3.039321838354e+00
    -7.278285920620e-07 9.233524324372e-04 9.004492312670e-06 5.282652761459e+03
     6.120000000000e+04 2.235174179077e-08-4.199873724684e-01 4.656612873077e-09
     9.458773011177e-01 1.716875000000e+02 7.967917190362e-01-6.748138229901e-09
    -5.953819429049e-10                    1.059000000000e+03                   
     2.000000000000e+00 0.000000000000e+00-4.999999969613e-09-5.000000000000e-09
     6.120000000000e+04 1.000000000000e+00                                      
C27 2026 04 19 11 00 00 6.220451323316e-04 4.549249865704e-12 0.000000000000e+00
     1.000000000000e+00 7.350000000000e+01 4.401611916233e-09 5.488755798539e-01
     3.553461283445e-06 7.446764502674e-04-1.910608261824e-06 5.282658330917e+03
     3.960000000000e+04-4.097819328308e-08 1.697683497778e+00-4.749745130539e-08
     9.487131999985e-01 3.952500000000e+02 1.481240983381e+00-7.549243027703e-09
     7.500312418118e-12                    1.059000000000e+03                   
     2.000000000000e+00 0.000000000000e+00-4.300000000000e-09-4.300000000000e-09
     3.960000000000e+04 1.000000000000e+00                                      
C27 2026 04 19 12 00 00 6.220620125532e-04 4.604316927725e-12 0.000000000000e+00
     1.000000000000e+00 6.393750000000e+01 4.371610666560e-09 1.034911172753e+00
     3.032386302948e-06 7.454138249159e-04-2.044253051281e-06 5.282660976410e+03
     4.320000000000e+04-4.051253199577e-08 1.697656269946e+00-6.239861249924e-08
     9.487132687557e-01 3.975937500000e+02 1.482765194802e+00-7.538171137943e-09
     1.250052069686e-11                    1.059000000000e+03                   
     2.000000000000e+00 0.000000000000e+00-4.300000000000e-09-4.300000000000e-09
     4.320000000000e+04 1.000000000000e+00                                      
C27 2026 04 19 13 00 00 6.220795912668e-04 4.685141163918e-12 0.000000000000e+00
     1.000000000000e+00 6.412500000000e+01 4.389468553270e-09 1.523153649258e+00
     3.012362867594e-06 7.454503793269e-04-1.962762326002e-06 5.282659996033e+03
     4.680000000000e+04-9.313225746155e-10 1.697629094780e+00-7.916241884232e-08
     9.487134984338e-01 3.936562500000e+02 1.482081671199e+00-7.499955260384e-09
     1.678641350722e-11                    1.059000000000e+03                   
     2.000000000000e+00 0.000000000000e+00-4.300000000000e-09-4.300000000000e-09
     4.680000000000e+04 1.000000000000e+00                                      
C27 2026 04 19 14 00 00 6.220977520570e-04 4.815703391614e-12 0.000000000000e+00
     1.000000000000e+00 5.906250000000e+01 4.435899058715e-09 2.012160888132e+00
     2.843327820301e-06 7.459087064490e-04-1.717358827591e-06 5.282657724380e+03
     5.040000000000e+04 1.862645149231e-08 1.697602163921e+00-5.448237061501e-08
     9.487136812986e-01 3.865625000000e+02 1.480633800695e+00-7.473168430319e-09
     1.035757429169e-11                    1.059000000000e+03                   
     2.000000000000e+00 0.000000000000e+00-4.299999911694e-09-4.300000000000e-09
     5.040000000000e+04 1.000000000000e+00                                      
C27 2026 04 19 15 00 00 6.221152143553e-04 4.825473354231e-12 0.000000000000e+00
     1.000000000000e+00 6.323437500000e+01 4.461614415577e-09 2.499297582896e+00
     3.176275640726e-06 7.453946163878e-04-1.647975295782e-06 5.282658905029e+03
     5.400000000000e+04 4.796311259270e-08 1.697575137973e+00-6.984919309616e-08
     9.487136476515e-01 3.852656250000e+02 1.481057397403e+00-7.491740632497e-09
     2.857261873569e-11                    1.059000000000e+03                   
     2.000000000000e+00 0.000000000000e+00-4.299999911694e-09-4.300000000000e-09
     5.400000000000e+04 1.000000000000e+00                                      
C27 2026 04 19 16 00 00 6.221322109923e-04 4.793498931122e-12 0.000000000000e+00
     1.000000000000e+00 6.989062500000e+01 4.458757153704e-09 2.986428614705e+00
     3.571156412363e-06 7.436204468831e-04-9.816139936447e-07 5.282662425995e+03
     5.760000000000e+04 1.159496605396e-07 1.697547756535e+00 2.328306436539e-09
     9.487136930019e-01 3.740468750000e+02 1.481486465424e+00-7.513884412017e-09
     9.750406143553e-11                    1.059000000000e+03                   
     2.000000000000e+00 0.000000000000e+00-4.299999911694e-09-4.300000000000e-09
     5.760000000000e+04 1.000000000000e+00                                      
C27 2026 04 19 17 00 00 6.221517687663e-04 4.955147403507e-12 0.000000000000e+00
     1.000000000000e+00 6.923437500000e+01 4.450542525817e-09-2.809064172227e+00
     3.501307219267e-06 7.430445402861e-04-6.956979632378e-07 5.282663564682e+03
     6.120000000000e+04 4.330649971962e-08 1.697520225880e+00 9.592622518539e-08
     9.487141216369e-01 3.697968750000e+02 1.481353028277e+00-7.490669159294e-09
     1.807218135032e-10                    1.059000000000e+03                   
     2.000000000000e+00 0.000000000000e+00-4.299999911694e-09-4.300000000000e-09
     6.120000000000e+04 1.000000000000e+00                                      
C28 2026 04 19 09 00 00 5.081770941615e-04 4.229505634612e-12 0.000000000000e+00
     1.000000000000e+00 7.350000000000e+01 4.351252675711e-09 1.616520738372e+00
     3.583729267120e-06 5.168328061700e-05-2.029351890087e-06 5.282629003525e+03
     3.240000000000e+04-7.264316082001e-08 1.697425030874e+00-7.823109626770e-08
     9.485880634490e-01 3.987968750000e+02 7.254085713787e-02-7.498883787181e-09
     8.214627886510e-12                    1.059000000000e+03                   
     2.000000000000e+00 0.000000000000e+00-4.300000000000e-09-4.300000000000e-09
     3.240000000000e+04 1.000000000000e+00                                      
C28 2026 04 19 10 00 00 5.081915296614e-04 4.158451361036e-12 0.000000000000e+00
     1.000000000000e+00 6.489062500000e+01 4.347323940635e-09 2.083385396953e+00
     3.111548721790e-06 5.103612784296e-05-1.867301762104e-06 5.282631437302e+03
     3.600000000000e+04-1.396983861923e-08 1.697398271177e+00-7.264316082001e-08
     9.485879873772e-01 3.960312500000e+02 9.324389385674e-02-7.526384932714e-09
    -2.821546100149e-11                    1.059000000000e+03                   
     2.000000000000e+00 0.000000000000e+00-4.300000000000e-09-4.300000000000e-09
     3.600000000000e+04 1.000000000000e+00                                      
C28 2026 04 19 11 00 00 5.082063144073e-04 4.145128684740e-12 0.000000000000e+00
     1.000000000000e+00 5.762500000000e+01 4.344109521027e-09 2.557542065790e+00
     2.675224095583e-06 5.015206988901e-05-2.104323357344e-06 5.282633611679e+03
     3.960000000000e+04-8.847564458847e-09 1.697371194026e+00-6.379559636116e-08
     9.485878586404e-01 3.996250000000e+02 1.066541991012e-01-7.531742298727e-09
    -3.250135381184e-11                    1.059000000000e+03                   
     2.000000000000e+00 0.000000000000e+00-4.300000000000e-09-4.300000000000e-09
     3.960000000000e+04 1.000000000000e+00                                      
C28 2026 04 19 12 00 00 5.082215648144e-04 4.185984892047e-12 0.000000000000e+00
     1.000000000000e+00 5.707812500000e+01 4.401611916233e-09 3.046331085563e+00
     2.649612724781e-06 5.110644269735e-05-1.939479261637e-06 5.282631761551e+03
     4.320000000000e+04 1.350417733192e-08 1.697344080302e+00-6.239861249924e-08
     9.485878410854e-01 3.924531250000e+02 1.054316267590e-01-7.511741465612e-09
    -3.250135381184e-11                    1.059000000000e+03                   
     2.000000000000e+00 0.000000000000e+00-4.300000000000e-09-4.300000000000e-09
     4.320000000000e+04 1.000000000000e+00                                      
C28 2026 04 19 13 00 00 5.082369316369e-04 4.202860282021e-12 0.000000000000e+00
     1.000000000000e+00 5.362500000000e+01 4.458757153704e-09-2.752779803528e+00
     2.626795321703e-06 5.172030068934e-05-1.877080649137e-06 5.282630538940e+03
     4.680000000000e+04 1.769512891769e-08 1.697317057280e+00-5.634501576424e-08
     9.485877474587e-01 3.889687500000e+02 1.089245002055e-01-7.506384099599e-09
    -3.357282701443e-11                    1.059000000000e+03                   
     2.000000000000e+00 0.000000000000e+00-4.300000000000e-09-4.300000000000e-09
     4.681800000000e+04 1.000000000000e+00                                      
C28 2026 04 19 14 00 00 5.082524148747e-04 4.234834705130e-12 0.000000000000e+00
     1.000000000000e+00 6.295312500000e+01 4.473043463072e-09-2.243383884161e+00
     3.227498382330e-06 5.083798896521e-05-1.613982021809e-06 5.282633329391e+03
     5.040000000000e+04 7.357448339462e-08 1.697289807505e+00-6.379559636116e-08
     9.485875324097e-01 3.846250000000e+02 8.709650142745e-02-7.533528087398e-09
     3.571577341961e-13                    1.059000000000e+03                   
     2.000000000000e+00 0.000000000000e+00-4.299999911694e-09-4.300000000000e-09
     5.040000000000e+04 1.000000000000e+00                                      
C28 2026 04 19 15 00 00 5.082681309432e-04 4.271250020338e-12 0.000000000000e+00
     1.000000000000e+00 6.659375000000e+01 4.464828835185e-09-1.721468038305e+00
     3.436580300331e-06 5.046313162893e-05-8.759088814259e-07 5.282636808395e+03
     5.400000000000e+04 1.112930476666e-07 1.697262209555e+00 4.610046744347e-08
     9.485875119288e-01 3.722812500000e+02 5.274786372025e-02-7.544599977158e-09
     8.357490980188e-11                    1.059000000000e+03                   
     2.000000000000e+00 0.000000000000e+00-4.299999911694e-09-4.300000000000e-09
     5.400000000000e+04 1.000000000000e+00                                      
C28 2026 04 19 16 00 00 5.082838470116e-04 4.297895372929e-12 0.000000000000e+00
     1.000000000000e+00 6.882812500000e+01 4.466257466122e-09-1.237675837595e+00
     3.491993993521e-06 5.030387546867e-05-8.377246558666e-07 5.282636371613e+03
     5.760000000000e+04-4.656612873077e-10 1.697234538460e+00 1.043081283569e-07
     9.485879449526e-01 3.726718750000e+02 5.652188515196e-02-7.504598310928e-09
     1.682212928064e-10                    1.059000000000e+03                   
     2.000000000000e+00 0.000000000000e+00-4.299999911694e-09-4.300000000000e-09
     5.760000000000e+04 1.000000000000e+00                                      
C28 2026 04 19 17 00 00 5.082988645881e-04 4.266809128239e-12 0.000000000000e+00
     1.000000000000e+00 8.442187500000e+01 4.489472718845e-09-7.805175439172e-01
     4.255212843418e-06 4.875136073679e-05-7.012858986855e-07 5.282632152557e+03
     6.120000000000e+04-5.215406417847e-08 1.697207218465e+00 3.352761268616e-08
     9.485887861305e-01 3.699062500000e+02 8.692994674121e-02-7.446738757988e-09
     2.107230631757e-10                    1.059000000000e+03                   
     2.000000000000e+00 0.000000000000e+00-4.299999911694e-09-4.300000000000e-09
     6.120000000000e+04 1.000000000000e+00                                      
C29 2026 04 19 12 00 00 5.923503777012e-04 5.140776693224e-12 0.000000000000e+00
     1.000000000000e+00 9.915625000000e+01 4.489829876579e-09-5.958315929032e-01
     4.951376467943e-06 3.087499644607e-04-1.238193362951e-06 5.282660022736e+03
     4.320000000000e+04-9.313225746155e-10 1.656430315371e+00-6.798654794693e-08
     9.463954740159e-01 3.747812500000e+02 1.530881859260e+00-7.611745631187e-09
     6.535986535788e-11 0.000000000000e+00 1.059000000000e+03 0.000000000000e+00
     2.000000000000e+00 0.000000000000e+00 2.000000000000e-10 2.000000000000e-10
     4.321800000000e+04 1.000000000000e+00                                      
C29 2026 04 19 14 00 00 5.923863500357e-04 5.055511564933e-12 0.000000000000e+00
     1.000000000000e+00 9.921875000000e+01 4.601620247382e-09 3.795583951821e-01
     4.936475306749e-06 3.067293437198e-04-1.719221472740e-06 5.282656051636e+03
     5.040000000000e+04-1.303851604462e-08 1.656375012679e+00 1.396983861923e-08
     9.463961294032e-01 3.892656250000e+02 1.530612597484e+00-7.606388265174e-09
     1.442917246152e-10                    1.059000000000e+03                   
     2.000000000000e+00 0.000000000000e+00 2.000000000000e-10 2.000000000000e-10
     5.040000000000e+04 1.000000000000e+00                                      
C29 2026 04 19 15 00 00 5.924036959186e-04 4.976463685580e-12 0.000000000000e+00
     1.000000000000e+00 9.015625000000e+01 4.549475218190e-09 8.640355633951e-01
     4.476401954889e-06 3.075415734202e-04-1.748092472553e-06 5.282658487320e+03
     5.400000000000e+04-4.982575774193e-08 1.656347420581e+00-2.933666110039e-08
     9.463967906422e-01 3.899531250000e+02 1.533696752100e+00-7.569243860818e-09
     1.725071856167e-10                    1.059000000000e+03                   
     2.000000000000e+00 0.000000000000e+00 2.000000000000e-10 2.000000000000e-10
     5.400000000000e+04 1.000000000000e+00                                      
C29 2026 04 19 16 00 00 5.924222059548e-04 5.043077067057e-12 0.000000000000e+00
     1.000000000000e+00 8.853125000000e+01 4.506973447820e-09 1.351215954060e+00
     4.414934664965e-06 3.076578723267e-04-1.740641891956e-06 5.282658758163e+03
     5.760000000000e+04-5.587935447693e-09 1.656320065476e+00-7.590278983116e-08
     9.463976742447e-01 3.902031250000e+02 1.534076644130e+00-7.513884412017e-09
     1.850077063136e-10                    1.059000000000e+03                   
     2.000000000000e+00 0.000000000000e+00 2.000000000000e-10 2.000000000000e-10
     5.760000000000e+04 1.000000000000e+00                                      
C29 2026 04 19 17 00 00 5.924412980676e-04 5.136335801126e-12 0.000000000000e+00
     1.000000000000e+00 8.317187500000e+01 4.511973656099e-09 1.844076179758e+00
     4.136469215155e-06 3.081021131948e-04-1.159030944109e-06 5.282655462265e+03
     6.120000000000e+04 4.330649971962e-08 1.656293105359e+00-4.190951585770e-08
     9.463985885685e-01 3.790781250000e+02 1.528776486077e+00-7.461739382825e-09
     1.764359206929e-10                    1.059000000000e+03                   
     2.000000000000e+00 0.000000000000e+00 2.000000000000e-10 2.000000000000e-10
     6.120000000000e+04 1.000000000000e+00                                      
C29 2026 04 19 18 00 00 5.924600409344e-04 5.156763904779e-12 0.000000000000e+00
     1.000000000000e+00 7.914062500000e+01 4.499473238440e-09 2.333211043605e+00
     3.864057362080e-06 3.084474010393e-04-1.061242073774e-06 5.282654310226e+03
     6.480000000000e+04 3.399327397346e-08 1.656266341273e+00-1.769512891769e-08
     9.463992922321e-01 3.772343750000e+02 1.527202718306e+00-7.443166971655e-09
     1.653640280264e-10                    1.059000000000e+03                   
     2.000000000000e+00 0.000000000000e+00 2.000000026703e-10 2.000000026703e-10
     0.000000000000e+00 1.000000000000e+00                                      
C30 2026 04 11 14 00 00 4.256108077243e-04 7.995382134141e-12 0.000000000000e+00
     1.000000000000e+00 2.137500000000e+01 4.081241428659e-09 2.448466822117e+00
     9.369105100632e-07 6.382704013959e-04 7.886905223131e-06 5.282650285721e+03
     5.688000000000e+05-5.075708031654e-08 1.902755042528e+00 1.862645149231e-09
     9.465502258791e-01 1.916718750000e+02 8.623060475138e-01-6.925645623796e-09
    -4.103742365913e-10                    1.057000000000e+03                   
     2.000000000000e+00 0.000000000000e+00-9.700000000000e-09-9.700000000000e-09
     5.688300000000e+05 1.000000000000e+00                                      
C30 2026 04 19 12 00 00 4.310270305723e-04 7.815970093361e-12 0.000000000000e+00
     1.000000000000e+00 9.521875000000e+01 4.534831751088e-09 7.925485602573e-01
     4.698056727648e-06 6.297011859715e-04-1.828651875257e-06 5.282647457123e+03
     4.320000000000e+04-1.443549990654e-08 1.656899348851e+00-4.656612873077e-10
     9.463514957727e-01 3.907812500000e+02 9.074669869339e-01-7.596030690882e-09
     8.500354073867e-11                    1.059000000000e+03                   
     2.000000000000e+00 0.000000000000e+00-9.700000000000e-09-9.700000000000e-09
     4.321800000000e+04 1.000000000000e+00                                      
C30 2026 04 19 13 00 00 4.310557851568e-04 7.871037155383e-12 0.000000000000e+00
     1.000000000000e+00 9.032812500000e+01 4.515188075707e-09 1.279053476294e+00
     4.420522600412e-06 6.298493826762e-04-1.759734004736e-06 5.282648792267e+03
     4.680000000000e+04-4.982575774193e-08 1.656871854769e+00-1.117587089539e-08
     9.463518644280e-01 3.898281250000e+02 9.085255690853e-01-7.576744173236e-09
     1.067901625246e-10 0.000000000000e+00 1.059000000000e+03 0.000000000000e+00
     2.000000000000e+00 0.000000000000e+00-9.700000000000e-09-9.700000000000e-09
     4.681800000000e+04 1.000000000000e+00                                      
C30 2026 04 19 14 00 00 4.310861695558e-04 8.107292615023e-12 0.000000000000e+00
     1.000000000000e+00 8.409375000000e+01 4.465543150654e-09 1.765103350199e+00
     4.110392183065e-06 6.297354120761e-04-1.927372068167e-06 5.282650657654e+03
     5.040000000000e+04-4.097819328308e-08 1.656844429444e+00-6.472691893578e-08
     9.463524393548e-01 3.931250000000e+02 9.100385847942e-01-7.533528087398e-09
     1.246480492344e-10                    1.059000000000e+03                   
     2.000000000000e+00 0.000000000000e+00-9.700000000000e-09-9.700000000000e-09
     5.040000000000e+04 1.000000000000e+00                                      
C30 2026 04 19 15 00 00 4.311139928177e-04 7.990941242042e-12 0.000000000000e+00
     1.000000000000e+00 8.314062500000e+01 4.469471885730e-09 2.254022942726e+00
     4.068482667208e-06 6.304851267487e-04-1.538079231977e-06 5.282648447037e+03
     5.400000000000e+04 1.676380634308e-08 1.656817318646e+00-6.472691893578e-08
     9.463531430184e-01 3.847968750000e+02 9.086811343309e-01-7.481383058205e-09
     1.250052069686e-10                    1.059000000000e+03                   
     2.000000000000e+00 0.000000000000e+00-9.700000000000e-09-9.700000000000e-09
     5.400000000000e+04 1.000000000000e+00                                      
C30 2026 04 19 16 00 00 4.311425145715e-04 7.963407711031e-12 0.000000000000e+00
     1.000000000000e+00 7.554687500000e+01 4.495901558060e-09 2.742489942046e+00
     3.710389137268e-06 6.316617364064e-04-1.259148120880e-06 5.282645908356e+03
     5.760000000000e+04 2.421438694000e-08 1.656790466785e+00-3.818422555923e-08
     9.463536857610e-01 3.788750000000e+02 9.077770099962e-01-7.459596436419e-09
     1.167905790821e-10                    1.059000000000e+03                   
     2.000000000000e+00 0.000000000000e+00-9.699999914403e-09-9.700000000000e-09
     5.760000000000e+04 1.000000000000e+00                                      
C30 2026 04 19 17 00 00 4.311691736802e-04 7.805311952325e-12 0.000000000000e+00
     1.000000000000e+00 8.050000000000e+01 4.488044087908e-09-3.052939978907e+00
     3.971625119448e-06 6.308795418590e-04-1.104082912207e-06 5.282647447586e+03
     6.120000000000e+04 5.448237061501e-08 1.656763492038e+00-4.004687070847e-08
     9.463540573422e-01 3.757968750000e+02 9.075853940603e-01-7.473525588053e-09
     1.353627812603e-10                    1.059000000000e+03                   
     2.000000000000e+00 0.000000000000e+00-9.699999914403e-09-9.700000000000e-09
     6.120000000000e+04 1.000000000000e+00                                      
C32 2026 04 19 13 00 00-9.253728203475e-04 3.678835014398e-12 0.000000000000e+00
     1.000000000000e+00-4.975000000000e+01 2.839403986859e-09 1.319884106517e+00
    -2.410728484392e-06 7.551390444860e-04 1.305295154452e-05 5.282638313293e+03
     4.680000000000e+04-6.053596735001e-08-2.487461036645e+00 1.005828380585e-07
     9.874762763963e-01 1.091093750000e+02-4.904699974955e-01-6.170257015972e-09
     6.557415999840e-10 0.000000000000e+00 1.059000000000e+03 0.000000000000e+00
     2.000000000000e+00 0.000000000000e+00-8.200000000000e-09-8.200000000000e-09
     4.684800000000e+04 1.000000000000e+00                                      
C32 2026 04 19 14 00 00-9.253590833396e-04 3.734790254839e-12 0.000000000000e+00
     1.000000000000e+00-4.987500000000e+01 2.851547349822e-09 1.807850566953e+00
    -2.383254468441e-06 7.553024915978e-04 1.299008727074e-05 5.282637666702e+03
     5.040000000000e+04-1.583248376846e-07-2.487482683444e+00 9.313225746155e-10
     9.874787223953e-01 1.120000000000e+02-4.908771202824e-01-6.139184293096e-09
     5.575232230801e-10                    1.059000000000e+03                   
     2.000000000000e+00 0.000000000000e+00-8.200000000000e-09-8.200000000000e-09
     5.040000000000e+04 1.000000000000e+00                                      
C32 2026 04 19 15 00 00-9.253467433155e-04 3.647748769708e-12 0.000000000000e+00
     1.000000000000e+00-4.500000000000e+01 2.954408777270e-09 2.297107637125e+00
    -2.217013388872e-06 7.563695544377e-04 1.259194687009e-05 5.282634428024e+03
     5.400000000000e+04-5.913898348808e-08-2.487504119583e+00-1.308508217335e-07
     9.874806285775e-01 1.233750000000e+02-4.925744870760e-01-6.169899858237e-09
     4.407326439980e-10                    1.059000000000e+03                   
     2.000000000000e+00 0.000000000000e+00-8.200000000000e-09-8.200000000000e-09
     5.400000000000e+04 1.000000000000e+00                                      
C32 2026 04 19 16 00 00-9.253342868760e-04 3.583799923490e-12 0.000000000000e+00
     1.000000000000e+00-4.809375000000e+01 3.014411276615e-09 2.784585970074e+00
    -2.508051693439e-06 7.559501100332e-04 1.257983967662e-05 5.282635244370e+03
     5.760000000000e+04 5.308538675308e-08-2.487525871712e+00-7.543712854385e-08
     9.874819466667e-01 1.242968750000e+02-4.924916903014e-01-6.237402670000e-09
     3.703725703613e-10                    1.059000000000e+03                   
     2.000000000000e+00 0.000000000000e+00-8.200000000000e-09-8.200000000000e-09
     5.760000000000e+04 1.000000000000e+00                                      
C32 2026 04 19 17 00 00-9.253212483600e-04 3.582911745070e-12 0.000000000000e+00
     1.000000000000e+00-5.990625000000e+01 3.002982229121e-09-3.010672296460e+00
    -3.168825060129e-06 7.535914191976e-04 1.187669113278e-05 5.282639875412e+03
     6.120000000000e+04 3.445893526077e-08-2.487548209008e+00-2.235174179077e-08
     9.874830687249e-01 1.369062500000e+02-4.928575865939e-01-6.281690229041e-09
     3.543004723225e-10                    1.059000000000e+03                   
     2.000000000000e+00 0.000000000000e+00-8.199999790293e-09-8.200000000000e-09
     6.120000000000e+04 1.000000000000e+00                                      
C33 2026 04 19 02 00 00-9.199372725561e-04 2.189359804561e-12 0.000000000000e+00
     1.000000000000e+00-2.487500000000e+01 3.196918878789e-09-2.981216806663e+00
    -1.206062734127e-06 6.587456446141e-04 1.195864751935e-05 5.282637714386e+03
     7.200000000000e+03 1.257285475731e-08-2.487315068142e+00-3.073364496231e-08
     9.874810659901e-01 1.355781250000e+02 2.267321286461e-02-6.261332238192e-09
     6.546701267814e-10                    1.059000000000e+03                   
     2.000000000000e+00 0.000000000000e+00-4.510000000000e-08-4.510000000000e-08
     7.200000000000e+03 1.000000000000e+00                                      
C33 2026 04 19 03 00 00-9.199293563142e-04 2.190247982981e-12 0.000000000000e+00
     1.000000000000e+00-4.048437500000e+01 3.224777182056e-09-2.495660543262e+00
    -2.092216163874e-06 6.605217931792e-04 1.218402758241e-05 5.282633390427e+03
     1.080000000000e+04 1.350417733192e-08-2.487337597081e+00-2.747401595116e-08
     9.874834300657e-01 1.317031250000e+02 2.467817720228e-02-6.258832134052e-09
     6.539558113130e-10                    1.059000000000e+03                   
     2.000000000000e+00 0.000000000000e+00-4.510000000000e-08-4.510000000000e-08
     1.080000000000e+04 1.000000000000e+00                                      
C33 2026 04 19 10 00 00-9.198728948832e-04 2.176925306685e-12 0.000000000000e+00
     1.000000000000e+00-4.090625000000e+01 2.913692795572e-09 9.163449261986e-01
    -2.027954906225e-06 6.627122638747e-04 1.294957473874e-05 5.282638679504e+03
     3.600000000000e+04-6.472691893578e-08-2.487495589307e+00 4.936009645462e-08
     9.875015614723e-01 1.111093750000e+02 2.560667521509e-02-6.225259307038e-09
     7.075294714424e-10                    1.059000000000e+03                   
     2.000000000000e+00 0.000000000000e+00-4.510000000000e-08-4.510000000000e-08
     3.600000000000e+04 1.000000000000e+00                                      
C33 2026 04 19 11 00 00-9.198645129800e-04 2.224886941349e-12 0.000000000000e+00
     1.000000000000e+00-4.154687500000e+01 2.934407944155e-09 1.405101191236e+00
    -2.060551196337e-06 6.626489339396e-04 1.268833875656e-05 5.282637142181e+03
     3.960000000000e+04-1.061707735062e-07-2.487517603299e+00-3.958120942116e-08
     9.875041420598e-01 1.170156250000e+02 2.441003163294e-02-6.212758786341e-09
     6.368122400716e-10                    1.059000000000e+03                   
     2.000000000000e+00 0.000000000000e+00-4.510000000000e-08-4.510000000000e-08
     3.960000000000e+04 1.000000000000e+00                                      
C33 2026 04 19 12 00 00-9.198563639075e-04 2.238209617644e-12 0.000000000000e+00
     1.000000000000e+00-3.553125000000e+01 3.011554014741e-09 1.894773914470e+00
    -1.814216375351e-06 6.630420684814e-04 1.232279464602e-05 5.282634307861e+03
     4.320000000000e+04-8.381903171539e-09-2.487539498793e+00-1.043081283569e-07
     9.875063261965e-01 1.259218750000e+02 2.229758816690e-02-6.245617297887e-09
     5.564517498775e-10                    1.059000000000e+03                   
     2.000000000000e+00 0.000000000000e+00-4.510000000000e-08-4.510000000000e-08
     4.320000000000e+04 1.000000000000e+00                                      
C33 2026 04 19 13 00 00-9.198484476656e-04 2.234656903966e-12 0.000000000000e+00
     1.000000000000e+00-4.148437500000e+01 3.019411484894e-09 2.381543699140e+00
    -2.121087163687e-06 6.623982917517e-04 1.225667074323e-05 5.282635927200e+03
     4.680000000000e+04 4.842877388000e-08-2.487561707353e+00-4.796311259270e-08
     9.875081255858e-01 1.274218750000e+02 2.308923311924e-02-6.294190749738e-09
     5.153786104449e-10 0.000000000000e+00 1.059000000000e+03 0.000000000000e+00
     2.000000000000e+00 0.000000000000e+00-4.510000000000e-08-4.510000000000e-08
     4.681800000000e+04 1.000000000000e+00                                      
C33 2026 04 19 14 00 00-9.198408806697e-04 2.184918912462e-12 0.000000000000e+00
     1.000000000000e+00-4.928125000000e+01 2.962980562891e-09 2.868200123751e+00
    -2.479180693626e-06 6.604742957279e-04 1.168064773083e-05 5.282639844894e+03
     5.040000000000e+04 4.051253199577e-08-2.487584337233e+00-2.793967723846e-08
     9.875099001054e-01 1.400000000000e+02 2.399379194060e-02-6.310262847776e-09
     5.096640866978e-10                    1.059000000000e+03                   
     2.000000000000e+00 0.000000000000e+00-4.509999840252e-08-4.510000000000e-08
     5.040000000000e+04 1.000000000000e+00                                      
C33 2026 04 19 15 00 00-9.198337793350e-04 2.127187315182e-12 0.000000000000e+00
     1.000000000000e+00-5.035937500000e+01 2.935836575092e-09-2.927549700813e+00
    -2.522487193346e-06 6.603838410228e-04 1.162989065051e-05 5.282639986038e+03
     5.400000000000e+04 8.009374141693e-08-2.487606972964e+00 1.117587089539e-08
     9.875119642828e-01 1.410781250000e+02 2.411791761379e-02-6.264189500065e-09
     4.996636701403e-10                    1.059000000000e+03                   
     2.000000000000e+00 0.000000000000e+00-4.509999840252e-08-4.510000000000e-08
     5.400000000000e+04 1.000000000000e+00                                      
C33 2026 04 19 16 00 00-9.198263287544e-04 2.106759211529e-12 0.000000000000e+00
     1.000000000000e+00-6.740625000000e+01 2.989410235221e-09-2.442259986937e+00
    -3.289431333542e-06 6.621734937653e-04 1.172767952085e-05 5.282635450363e+03
     5.760000000000e+04 4.237517714500e-08-2.487629272224e+00 7.031485438347e-08
     9.875139465368e-01 1.389375000000e+02 2.638772278886e-02-6.217758994620e-09
     4.664480008601e-10                    1.059000000000e+03                   
     2.000000000000e+00 0.000000000000e+00-4.509999840252e-08-4.510000000000e-08
     5.760000000000e+04 1.000000000000e+00                                      
C33 2026 04 19 17 00 00-9.198189945892e-04 2.080113858938e-12 0.000000000000e+00
     1.000000000000e+00-7.698437500000e+01 3.035840740667e-09-1.957061411395e+00
    -3.723893314600e-06 6.629272829741e-04 1.133838668466e-05 5.282632064819e+03
     6.120000000000e+04-1.117587089539e-08-2.487651414952e+00 4.703179001808e-08
     9.875156757060e-01 1.474531250000e+02 2.875026526681e-02-6.198829634707e-09
     4.268034923643e-10                    1.059000000000e+03                   
     2.000000000000e+00 0.000000000000e+00-4.509999840252e-08-4.510000000000e-08
     6.120000000000e+04 1.000000000000e+00                                      
C34 2026 04 18 21 00 00 9.280717931688e-04 8.067324586136e-12 0.000000000000e+00
     1.000000000000e+00 2.992187500000e+01 4.600191616446e-09 2.761579716594e+00
     1.426320523024e-06 7.024396909401e-04-1.878477632999e-06 5.282617414474e+03
     5.940000000000e+05 2.561137080193e-08 1.777997002518e+00-3.166496753693e-08
     9.445024887427e-01 3.937031250000e+02 1.068101461685e+00-7.559957759729e-09
     1.271481533738e-10                    1.058000000000e+03                   
     2.000000000000e+00 0.000000000000e+00-6.200000000000e-09-6.200000000000e-09
     5.940000000000e+05 1.000000000000e+00                                      
C34 2026 04 19 05 00 00 9.283015970141e-04 7.908340649010e-12 0.000000000000e+00
     1.000000000000e+00 7.453125000000e+01 4.361967407737e-09 3.773152238936e-01
     3.748107701540e-06 7.008130196482e-04-1.959968358278e-06 5.282616678238e+03
     1.800000000000e+04-1.210719347000e-07 1.657365065896e+00-6.705522537231e-08
     9.445083623587e-01 3.950937500000e+02 1.069746975347e+00-7.525670617246e-09
     1.335769925893e-10                    1.059000000000e+03                   
     2.000000000000e+00 0.000000000000e+00-6.200000000000e-09-6.200000000000e-09
     1.800000000000e+04 1.000000000000e+00                                      
C34 2026 04 19 06 00 00 9.283307008445e-04 7.972289495228e-12 0.000000000000e+00
     1.000000000000e+00 7.457812500000e+01 4.420184118411e-09 8.650028755504e-01
     3.667548298836e-06 7.006353698671e-04-1.939479261637e-06 5.282616342545e+03
     2.160000000000e+04-2.095475792885e-08 1.657338461268e+00-1.285225152969e-07
     9.445087266253e-01 3.969531250000e+02 1.069630395405e+00-7.560672075197e-09
     5.285934466102e-11                    1.059000000000e+03                   
     2.000000000000e+00 0.000000000000e+00-6.200000000000e-09-6.200000000000e-09
     2.160000000000e+04 1.000000000000e+00                                      
C34 2026 04 19 12 00 00 9.285047417507e-04 8.032685627768e-12 0.000000000000e+00
     1.000000000000e+00 6.890625000000e+01 4.422684222550e-09-2.492535219205e+00
     3.495719283819e-06 6.984813371673e-04-7.916241884232e-07 5.282624252319e+03
     4.320000000000e+04 4.423782229424e-08 1.657175252275e+00 8.242204785347e-08
     9.445091757412e-01 3.691562500000e+02 1.069408931552e+00-7.517455989359e-09
     5.178787145843e-11                    1.059000000000e+03                   
     2.000000000000e+00 0.000000000000e+00-6.200000000000e-09-6.200000000000e-09
     4.321800000000e+04 1.000000000000e+00                                      
C34 2026 04 19 14 00 00 9.285614360124e-04 8.026468378830e-12 0.000000000000e+00
     1.000000000000e+00 9.209375000000e+01 4.495544400326e-09-1.522398953227e+00
     4.562549293041e-06 6.989486282691e-04-4.423782229424e-07 5.282617242813e+03
     5.040000000000e+04-3.539025783539e-08 1.657120865370e+00 2.793967723846e-08
     9.445099935124e-01 3.617187500000e+02 1.074412434688e+00-7.448524546659e-09
     1.128618440060e-10                    1.059000000000e+03                   
     2.000000000000e+00 0.000000000000e+00-6.200000068901e-09-6.200000000000e-09
     5.040000000000e+04 1.000000000000e+00                                      
C34 2026 04 19 15 00 00 9.285897249356e-04 7.981171279425e-12 0.000000000000e+00
     1.000000000000e+00 9.334375000000e+01 4.528760069606e-09-1.035308577375e+00
     4.618894308805e-06 6.988591048867e-04-3.445893526077e-07 5.282616588593e+03
     5.400000000000e+04-6.984919309616e-08 1.657094041304e+00 2.095475792885e-08
     9.445102495231e-01 3.591875000000e+02 1.074893756679e+00-7.479240111800e-09
     1.146476326769e-10                    1.059000000000e+03                   
     2.000000000000e+00 0.000000000000e+00-6.200000068901e-09-6.200000000000e-09
     5.400000000000e+04 1.000000000000e+00                                      
C34 2026 04 19 16 00 00 9.286182466894e-04 7.954525926834e-12 0.000000000000e+00
     1.000000000000e+00 1.049687500000e+02 4.510902182897e-09-5.463469464347e-01
     5.176756531000e-06 7.004252402112e-04-6.733462214470e-07 5.282620193481e+03
     5.760000000000e+04-7.264316082001e-08 1.657066888081e+00-5.355104804039e-08
     9.445104119070e-01 3.660000000000e+02 1.073504104463e+00-7.537813980208e-09
     1.414344627416e-10                    1.059000000000e+03                   
     2.000000000000e+00 0.000000000000e+00-6.200000068901e-09-6.200000000000e-09
     5.760000000000e+04 1.000000000000e+00                                      
C34 2026 04 19 17 00 00  .928646884859e-03  .795186139158e-11  .000000000000e+00
      .100000000000e+01  .110906250000e+03  .450875923649e-08 -.585565935400e-01
      .545661896467e-05  .701228156686e-03 -.611878931522e-06  .528262178040e+04
      .612000000000e+05 -.186264514923e-08  .165703944666e+01 -.679865479469e-07
      .944510811284e+00  .364812500000e+03  .107328459068e+01 -.757388691136e-08
      .185007706314e-09  .000000000000e+00  .105900000000e+04  .000000000000e+00
      .200000000000e+01  .000000000000e+00 -.620000006890e-08 -.620000000000e-08
      .612000000000e+05  .100000000000e+01                                      
C34 2026 04 19 18 00 00 9.286757558584e-04 7.981171279425e-12 0.000000000000e+00
     1.000000000000e+00 1.096406250000e+02 4.557332688342e-09 4.298873209324e-01
     5.396548658609e-06 6.999174365774e-04-1.099891960621e-06 5.282618959427e+03
     6.480000000000e+04 1.396983861923e-08 1.657011974526e+00-2.002343535423e-08
     9.445114754484e-01 3.753750000000e+02 1.072411140811e+00-7.578887119641e-09
     2.207234797332e-10                    1.059000000000e+03                   
     2.000000000000e+00 0.000000000000e+00-6.200000068901e-09-6.200000068901e-09
     6.483200000000e+04 1.000000000000e+00                                      
C35 2026 04 19 12 00 00-3.523075720295e-04-1.525357617993e-11 0.000000000000e+00
     1.000000000000e+00 8.475000000000e+01 4.506259132352e-09-7.520097456187e-01
     4.094559699297e-06 9.649163112044e-04-8.144415915012e-07 5.282615938187e+03
     4.320000000000e+04-7.217749953270e-08 1.657168341450e+00 2.654269337654e-08
     9.445845321144e-01 3.659218750000e+02 8.421855345337e-01-7.528527879119e-09
     1.107188976008e-11                    1.059000000000e+03                   
     2.000000000000e+00 0.000000000000e+00-2.700000000000e-09-2.700000000000e-09
     4.321800000000e+04 1.000000000000e+00                                      
C35 2026 04 19 13 00 00-3.523625200614e-04-1.526956339148e-11 0.000000000000e+00
     1.000000000000e+00 9.842187500000e+01 4.520545441720e-09-2.638278192934e-01
     4.876870661974e-06 9.669322753325e-04-1.197215169668e-06 5.282620056152e+03
     4.680000000000e+04-6.286427378654e-08 1.657140943920e+00-6.332993507385e-08
     9.445842834183e-01 3.725781250000e+02 8.415756937256e-01-7.597459321819e-09
     4.607334771129e-11                    1.059000000000e+03                   
     2.000000000000e+00 0.000000000000e+00-2.700000000000e-09-2.700000000000e-09
     4.681800000000e+04 1.000000000000e+00                                      
C35 2026 04 19 14 00 00-3.524168860167e-04-1.521449632946e-11 0.000000000000e+00
     1.000000000000e+00 1.024687500000e+02 4.558047003810e-09 2.237279634648e-01
     5.179084837437e-06 9.674858301878e-04-1.097097992897e-06 5.282621129990e+03
     5.040000000000e+04 2.048909664154e-08 1.657113239178e+00-6.705522537231e-08
     9.445843375463e-01 3.719218750000e+02 8.415908524828e-01-7.636032357112e-09
     9.786121916973e-11                    1.059000000000e+03                   
     2.000000000000e+00 0.000000000000e+00-2.700000000000e-09-2.700000000000e-09
     5.040000000000e+04 1.000000000000e+00                                      
C35 2026 04 19 15 00 00-3.524725325406e-04-1.528377424620e-11 0.000000000000e+00
     1.000000000000e+00 1.020000000000e+02 4.639121809473e-09 7.123349962290e-01
     5.165580660105e-06 9.663150412962e-04-1.497566699982e-06 5.282618133545e+03
     5.400000000000e+04 2.980232238770e-08 1.657085483233e+00-1.862645149231e-09
     9.445846944983e-01 3.833437500000e+02 8.405547041802e-01-7.638532461252e-09
     1.450060400836e-10                    1.059000000000e+03                   
     2.000000000000e+00 0.000000000000e+00-2.700000000000e-09-2.700000000000e-09
     5.400000000000e+04 1.000000000000e+00                                      
C35 2026 04 19 16 00 00-3.525287611410e-04-1.538769112130e-11 0.000000000000e+00
     1.000000000000e+00 1.019687500000e+02 4.650908014701e-09 1.199975711622e+00
     5.088746547699e-06 9.661992080510e-04-1.498498022556e-06 5.282617938995e+03
     5.760000000000e+04-3.445893526077e-08 1.657057718511e+00 1.164153218269e-08
     9.445852986835e-01 3.848281250000e+02 8.404860977110e-01-7.612817104390e-09
     1.875078104529e-10                    1.059000000000e+03                   
     2.000000000000e+00 0.000000000000e+00-2.700000000000e-09-2.700000000000e-09
     5.760000000000e+04 1.000000000000e+00                                      
C35 2026 04 19 17 00 00-3.525848733261e-04-1.545519268120e-11 0.000000000000e+00
     1.000000000000e+00 9.140625000000e+01 4.580190783331e-09 1.685989686981e+00
     4.570931196213e-06 9.660605574027e-04-1.652631908655e-06 5.282620885849e+03
     6.120000000000e+04-5.401670932770e-08 1.657030085451e+00-5.401670932770e-08
     9.445861793601e-01 3.880468750000e+02 8.420441376496e-01-7.562815021602e-09
     2.160804291886e-10                    1.059000000000e+03                   
     2.000000000000e+00 0.000000000000e+00-2.700000000000e-09-2.700000000000e-09
     6.120000000000e+04 1.000000000000e+00                                      
C35 2026 04 19 18 00 00-3.526398213580e-04-1.539923744076e-11 0.000000000000e+00
     1.000000000000e+00 9.062500000000e+01 4.539474801632e-09 2.173706570667e+00
     4.547648131847e-06 9.662610245869e-04-1.524109393358e-06 5.282620435715e+03
     6.480000000000e+04 1.257285475731e-08 1.657002799103e+00-8.428469300270e-08
     9.445872721599e-01 3.861093750000e+02 8.418980316323e-01-7.498169471713e-09
     2.239378993409e-10                    1.059000000000e+03                   
     2.000000000000e+00 0.000000000000e+00-2.700000001354e-09-2.700000001354e-09
     6.483200000000e+04 1.000000000000e+00                                      
C36 2026 04 19 11 00 00 2.880879910663e-04-2.818190125708e-12 0.000000000000e+00
     1.000000000000e+00-2.153125000000e+01 4.384825502725e-09-2.718067030882e+00
    -9.983777999878e-07 6.761890836060e-04 9.637326002121e-06 5.282645517349e+03
     3.960000000000e+04-4.330649971962e-08-3.979119810769e-01-1.722946763039e-08
     9.457116519777e-01 1.583281250000e+02-1.073290980706e+00-6.843856502665e-09
    -6.353836091348e-10                    1.059000000000e+03                   
     2.000000000000e+00 0.000000000000e+00-2.070000000000e-08-2.070000000000e-08
     3.960000000000e+04 1.000000000000e+00                                      
C36 2026 04 19 12 00 00 2.880780957639e-04-2.801314735734e-12 0.000000000000e+00
     1.000000000000e+00-2.037500000000e+01 4.358395830395e-09-2.230753739962e+00
    -9.345822036266e-07 6.763715064153e-04 9.742099791765e-06 5.282645040512e+03
     4.320000000000e+04-7.450580596924e-09-3.979366722082e-01-5.261972546577e-08
     9.457095760970e-01 1.568593750000e+02-1.073040846584e+00-6.800997574562e-09
    -6.260975080457e-10                    1.059000000000e+03                   
     2.000000000000e+00 0.000000000000e+00-2.070000000000e-08-2.070000000000e-08
     4.320000000000e+04 1.000000000000e+00                                      
C36 2026 04 19 13 00 00 2.880679676309e-04-2.803091092574e-12 0.000000000000e+00
     1.000000000000e+00-1.625000000000e+01 4.301964908392e-09-1.741868964886e+00
    -7.878988981247e-07 6.762197008356e-04 9.555835276842e-06 5.282646789551e+03
     4.680000000000e+04-2.793967723846e-09-3.979611175694e-01-3.026798367500e-08
     9.457073992749e-01 1.622031250000e+02-1.074362263912e+00-6.784568318789e-09
    -6.325263472613e-10                    1.059000000000e+03                   
     2.000000000000e+00 0.000000000000e+00-2.070000000000e-08-2.070000000000e-08
     4.680000000000e+04 1.000000000000e+00                                      
C36 2026 04 19 14 00 00 2.880580723286e-04-2.788880237858e-12 0.000000000000e+00
     1.000000000000e+00-9.703125000000e+00 4.250534194668e-09-1.253045848881e+00
    -6.034970283508e-07 6.764503195882e-04 9.540002793074e-06 5.282648513794e+03
     5.040000000000e+04 9.313225746155e-09-3.979855848742e-01-3.492459654808e-08
     9.457050951789e-01 1.625156250000e+02-1.075622733147e+00-6.790997158004e-09
    -6.257403503115e-10                    1.059000000000e+03                   
     2.000000000000e+00 0.000000000000e+00-2.069999993637e-08-2.070000000000e-08
     5.040000000000e+04 1.000000000000e+00                                      
C36 2026 04 19 15 00 00 2.880479441956e-04-2.793321129957e-12 0.000000000000e+00
     1.000000000000e+00-9.062500000000e+00 4.217318525387e-09-7.653867680139e-01
    -6.579793989658e-07 6.764803547412e-04 9.424518793821e-06 5.282648633957e+03
     5.400000000000e+04 3.445893526077e-08-3.980101692126e-01-1.443549990654e-08
     9.457028232671e-01 1.622187500000e+02-1.075719746560e+00-6.799926101359e-09
    -6.032394130572e-10                    1.059000000000e+03                   
     2.000000000000e+00 0.000000000000e+00-2.069999993637e-08-2.070000000000e-08
     5.400000000000e+04 1.000000000000e+00                                      
C36 2026 04 19 16 00 00 2.880375832319e-04-2.810196519931e-12 0.000000000000e+00
     1.000000000000e+00-9.250000000000e+00 4.170888019942e-09-2.778383364191e-01
    -5.951151251793e-07 6.764854770154e-04 9.259209036827e-06 5.282648626328e+03
     5.760000000000e+04 1.909211277962e-08-3.980347696430e-01 1.210719347000e-08
     9.457006698517e-01 1.621406250000e+02-1.075706226271e+00-6.794925893081e-09
    -5.818099490054e-10                    1.059000000000e+03                   
     2.000000000000e+00 0.000000000000e+00-2.069999993637e-08-2.070000000000e-08
     5.760000000000e+04 1.000000000000e+00                                      
C36 2026 04 19 17 00 00 2.880274550989e-04-2.816413768869e-12 0.000000000000e+00
     1.000000000000e+00-1.360937500000e+01 4.108028258723e-09 2.095382096161e-01
    -6.379559636116e-07 6.770559120923e-04 9.255949407816e-06 5.282649759293e+03
     6.120000000000e+04 4.190951585770e-09-3.980592925387e-01 5.122274160385e-09
     9.456986086001e-01 1.614843750000e+02-1.075521031082e+00-6.785639791991e-09
    -5.728810056505e-10                    1.059000000000e+03                   
     2.000000000000e+00 0.000000000000e+00-2.069999993637e-08-2.070000000000e-08
     6.120000000000e+04 1.000000000000e+00                                      
C36 2026 04 19 18 00 00 2.880173269659e-04-2.816413768869e-12 0.000000000000e+00
     2.000000000000e+00-1.762500000000e+01 4.073026804718e-09 6.964219292716e-01
    -7.478520274162e-07 6.776371737942e-04 9.151641279459e-06 5.282651191711e+03
     6.480000000000e+04-9.778887033463e-09-3.980836559764e-01 3.026798367500e-08
     9.456964405555e-01 1.652812500000e+02-1.074843657587e+00-6.809212305114e-09
    -5.796669810820e-10                    1.059000000000e+03                   
     2.000000000000e+00 0.000000000000e+00-2.069999993637e-08-2.069999993637e-08
     0.000000000000e+00 2.000000000000e+00                                      
C37 2026 04 19 09 00 00-9.697783971205e-04-1.031441598798e-11 0.000000000000e+00
     1.000000000000e+00-1.573437500000e+01 4.360895934534e-09-2.875120429929e+00
    -7.576309144497e-07 5.874538328499e-04 1.003872603178e-05 5.282662797928e+03
     3.240000000000e+04-1.536682248116e-08-3.980001482237e-01-6.612390279770e-08
     9.457313808909e-01 1.506562500000e+02-2.853667147377e-01-6.792068631207e-09
    -6.968147394166e-10                    1.059000000000e+03                   
     2.000000000000e+00 0.000000000000e+00-1.680000000000e-08-1.680000000000e-08
     3.240000000000e+04 1.000000000000e+00                                      
C37 2026 04 19 10 00 00-9.698148351163e-04-1.024869078492e-11 0.000000000000e+00
     1.000000000000e+00-1.076562500000e+01 4.306607958936e-09-2.386592236746e+00
    -5.899928510189e-07 5.868363659829e-04 9.912066161633e-06 5.282664421082e+03
     3.600000000000e+04-1.024454832077e-08-3.980245482344e-01-4.842877388000e-08
     9.457289363548e-01 1.544531250000e+02-2.863364816695e-01-6.777068006371e-09
    -7.021721054295e-10                    1.059000000000e+03                   
     2.000000000000e+00 0.000000000000e+00-1.680000000000e-08-1.680000000000e-08
     3.600000000000e+04 1.000000000000e+00                                      
C37 2026 04 19 12 00 00-9.698857320473e-04-1.003730432103e-11 0.000000000000e+00
     1.000000000000e+00-7.843750000000e+00 4.278035340201e-09-1.411261574378e+00
    -5.769543349743e-07 5.865978309885e-04 9.726267307997e-06 5.282664726257e+03
     4.320000000000e+04 6.705522537231e-08-3.980739187937e-01-8.381903171539e-09
     9.457238848987e-01 1.559843750000e+02-2.865516154764e-01-6.813498095259e-09
    -6.268118235141e-10 0.000000000000e+00 1.059000000000e+03 0.000000000000e+00
     2.000000000000e+00 0.000000000000e+00-1.680000000000e-08-1.680000000000e-08
     4.321800000000e+04 1.000000000000e+00                                      
C37 2026 04 19 14 00 00-9.699574438855e-04-9.982237259010e-12 0.000000000000e+00
     1.000000000000e+00-1.782812500000e+01 4.168030758068e-09-4.350574080130e-01
    -8.577480912209e-07 5.878083175048e-04 9.644310921431e-06 5.282667402267e+03
     5.040000000000e+04 1.583248376846e-08-3.981231737825e-01 8.381903171539e-09
     9.457195751420e-01 1.561718750000e+02-2.876405868250e-01-6.789925684802e-09
    -5.864529995500e-10                    1.059000000000e+03                   
     2.000000000000e+00 0.000000000000e+00-1.679999961368e-08-1.680000000000e-08
     5.040000000000e+04 1.000000000000e+00                                      
C37 2026 04 19 15 00 00-9.699938818812e-04-1.001687621738e-11 0.000000000000e+00
     1.000000000000e+00-2.235937500000e+01 4.134100773320e-09 5.247214901277e-02
    -1.037027686834e-06 5.889902822673e-04 9.347219020128e-06 5.282669696808e+03
     5.400000000000e+04-5.587935447693e-09-3.981475679415e-01 3.632158041000e-08
     9.457173222482e-01 1.636250000000e+02-2.876137422782e-01-6.819569776740e-09
    -5.939533119681e-10                    1.059000000000e+03                   
     2.000000000000e+00 0.000000000000e+00-1.679999961368e-08-1.680000000000e-08
     5.400000000000e+04 1.000000000000e+00                                      
C37 2026 04 19 16 00 00-9.700314840302e-04-1.014921480191e-11 0.000000000000e+00
     1.000000000000e+00-2.232812500000e+01 4.128029091838e-09 5.399507131031e-01
    -1.051928848028e-06 5.891523323953e-04 9.321141988039e-06 5.282670013428e+03
     5.760000000000e+04-1.210719347000e-08-3.981721449652e-01 1.722946763039e-08
     9.457151147048e-01 1.649687500000e+02-2.875366113854e-01-6.834213243842e-09
    -5.882387882210e-10                    1.059000000000e+03                   
     2.000000000000e+00 0.000000000000e+00-1.679999961368e-08-1.680000000000e-08
     5.760000000000e+04 1.000000000000e+00                                      
C37 2026 04 19 17 00 00-9.700671071187e-04-1.000621807634e-11 0.000000000000e+00
     1.000000000000e+00-2.707812500000e+01 4.140529612535e-09 1.028464373658e+00
    -1.331325620413e-06 5.888217128813e-04 9.344890713692e-06 5.282668745041e+03
     6.120000000000e+04-1.396983861923e-08-3.981968024494e-01 1.862645149231e-09
     9.457129656782e-01 1.646406250000e+02-2.884946237705e-01-6.844213660400e-09
    -5.846672108790e-10                    1.059000000000e+03                   
     2.000000000000e+00 0.000000000000e+00-1.680000000000e-08-1.680000000000e-08
     6.120000000000e+04 1.000000000000e+00                                      
C37 2026 04 19 18 00 00-9.701029630378e-04-9.992895400046e-12 0.000000000000e+00
     1.000000000000e+00-3.157812500000e+01 4.152315817764e-09 1.517621448991e+00
    -1.582317054272e-06 5.887601291761e-04 9.056180715561e-06 5.282666900635e+03
     6.480000000000e+04-3.306195139885e-08-3.982213458260e-01-1.071020960808e-08
     9.457108824828e-01 1.698906250000e+02-2.900957144624e-01-6.837784821184e-09
    -6.003821511836e-10                    1.059000000000e+03                   
     2.000000000000e+00 0.000000000000e+00-1.679999961368e-08-1.679999961368e-08
     6.483200000000e+04 1.000000000000e+00                                      
C38 2026 04 10 11 00 00 2.832323079929e-04 1.983302411190e-12 0.000000000000e+00
     1.000000000000e+00-1.224843750000e+02 6.882429537959e-10-2.620230027761e+00
    -4.064757376909e-06 2.350141061470e-03 5.764886736870e-07 6.493719459534e+03
     4.716000000000e+05-3.632158041000e-08-2.704678180794e+00-9.173527359962e-08
     1.023183669490e+00 2.445468750000e+02-2.212514435764e+00-2.129017253543e-09
     1.596495071856e-10                    1.057000000000e+03                   
     2.000000000000e+00 0.000000000000e+00 2.300000000000e-09 2.300000000000e-09
     4.716000000000e+05 1.000000000000e+00                                      
C38 2026 04 10 12 00 00 2.832389436662e-04 1.948663452822e-12 0.000000000000e+00
     1.000000000000e+00-1.060781250000e+02 7.439595603304e-10-2.358754813343e+00
    -3.572087734938e-06 2.351997885853e-03-2.770684659481e-07 6.493712244034e+03
     4.752000000000e+05-3.725290298462e-09-2.704685643139e+00-1.252628862858e-07
     1.023184242954e+00 2.729687500000e+02-2.211511037809e+00-2.134731777290e-09
     1.414344627416e-10                    1.057000000000e+03                   
     2.000000000000e+00 1.000000000000e+00 2.300000000000e-09 2.300000000000e-09
     4.756200000000e+05 1.000000000000e+00                                      
C39 2026 04 19 13 00 00-8.067095186561e-04-2.084554751036e-11 0.000000000000e+00
     1.000000000000e+00-1.957812500000e+01 4.231961992489e-09 2.449031932742e+00
    -9.099021553993e-07 5.018519004807e-04 9.662937372923e-06 5.282656238556e+03
     4.680000000000e+04-1.862645149231e-08-3.911912564232e-01-5.960464477539e-08
     9.496600854287e-01 1.593437500000e+02 2.763461073132e-01-6.763853170205e-09
    -6.010964666520e-10                    1.059000000000e+03                   
     2.000000000000e+00 0.000000000000e+00 1.930000000000e-08 1.930000000000e-08
     4.680000000000e+04 1.000000000000e+00                                      
C39 2026 04 19 14 00 00-8.067841408774e-04-2.080735583831e-11 0.000000000000e+00
     1.000000000000e+00-1.864062500000e+01 4.196603376804e-09 2.936469396148e+00
    -8.740462362766e-07 5.014103371650e-04 9.566545486450e-06 5.282657110214e+03
     5.040000000000e+04 4.656612873077e-10-3.912155979171e-01-5.960464477539e-08
     9.496580051592e-01 1.625156250000e+02 2.764684965026e-01-6.747423914432e-09
    -6.007393089178e-10                    1.059000000000e+03                   
     2.000000000000e+00 0.000000000000e+00 1.930000000000e-08 1.930000000000e-08
     5.040000000000e+04 1.000000000000e+00                                      
C39 2026 04 19 15 00 00-8.068588795140e-04-2.079048044834e-11 0.000000000000e+00
     1.000000000000e+00-1.148437500000e+01 4.128743407307e-09-2.858592761828e+00
    -5.927868187428e-07 5.003429250792e-04 9.412411600351e-06 5.282659250259e+03
     5.400000000000e+04 5.587935447693e-09-3.912397536204e-01-1.769512891769e-08
     9.496559790176e-01 1.664531250000e+02 2.759046805603e-01-6.714208245152e-09
    -6.146684605515e-10                    1.059000000000e+03                   
     2.000000000000e+00 0.000000000000e+00 1.929999982053e-08 1.930000000000e-08
     5.400000000000e+04 1.000000000000e+00                                      
C39 2026 04 19 16 00 00-8.069338509813e-04-2.080380312464e-11 0.000000000000e+00
     1.000000000000e+00-7.828125000000e+00 4.097313526697e-09-2.370371916030e+00
    -4.973262548447e-07 4.999389639124e-04 9.438022971153e-06 5.282660264969e+03
     5.760000000000e+04 1.955777406693e-08-3.912639839326e-01-1.955777406693e-08
     9.496537480676e-01 1.650937500000e+02 2.752424190087e-01-6.720994242102e-09
    -6.064538326650e-10                    1.059000000000e+03                   
     2.000000000000e+00 0.000000000000e+00 1.929999982053e-08 1.930000000000e-08
     5.760000000000e+04 1.000000000000e+00                                      
C39 2026 04 19 17 00 00-8.070090552792e-04-2.082600758513e-11 0.000000000000e+00
     1.000000000000e+00-7.734375000000e+00 4.074455431709e-09-1.882972754745e+00
    -5.052424967289e-07 4.999560769647e-04 9.303912520409e-06 5.282660097122e+03
     6.120000000000e+04 2.328306436539e-08-3.912882405772e-01-4.656612873077e-09
     9.496515653938e-01 1.656406250000e+02 2.754014996465e-01-6.722422873039e-09
    -5.957391006391e-10                    1.059000000000e+03                   
     2.000000000000e+00 0.000000000000e+00 1.929999982053e-08 1.930000000000e-08
     6.120000000000e+04 1.000000000000e+00                                      
C40 2026 04 17 03 00 00-2.243247581646e-04-3.187672348304e-12 0.000000000000e+00
     1.000000000000e+00 2.771406250000e+02 2.096873057465e-09-1.750105534532e+00
     8.929055184126e-06 4.171575186774e-03-1.648394390941e-05 6.493758457184e+03
     4.428000000000e+05-3.823079168797e-07 1.419742000764e+00-2.342276275158e-07
     9.576579946194e-01 7.514375000000e+02-3.029220838133e+00-3.340496287936e-09
     3.250135381184e-10                    1.058000000000e+03                   
     2.000000000000e+00 0.000000000000e+00 9.000000000000e-10 9.000000000000e-10
     4.428000000000e+05 1.000000000000e+00                                      
C40 2026 04 17 04 00 00-2.243357012048e-04-3.158362460454e-12 0.000000000000e+00
     1.000000000000e+00 2.722343750000e+02 2.091515691452e-09-1.487460913140e+00
     8.807983249426e-06 4.171739914455e-03-1.633958891034e-05 6.493760160446e+03
     4.464000000000e+05-2.630986273289e-07 1.419730671927e+00-3.259629011154e-07
     9.576591327697e-01 7.454843750000e+02-3.029386142024e+00-3.362997225190e-09
     2.664396697103e-10                    1.058000000000e+03                   
     2.000000000000e+00 0.000000000000e+00 9.000000000000e-10 9.000000000000e-10
     4.464000000000e+05 1.000000000000e+00                                      
C40 2026 04 17 05 00 00-2.243468770757e-04-3.144151605738e-12 0.000000000000e+00
     1.000000000000e+00 2.495312500000e+02 2.072229173806e-09-1.224487512614e+00
     8.109491318464e-06 4.172765417024e-03-1.602387055755e-05 6.493765722275e+03
     4.500000000000e+05-1.434236764908e-07 1.419719142669e+00-3.059394657612e-07
     9.576599534667e-01 7.351562500000e+02-3.029880170922e+00-3.396570052205e-09
     2.250093725435e-10                    1.058000000000e+03                   
     2.000000000000e+00 0.000000000000e+00 9.000000000000e-10 9.000000000000e-10
     4.500000000000e+05 1.000000000000e+00                                      
C40 2026 04 17 06 00 00-2.243578201160e-04-3.116618074728e-12 0.000000000000e+00
     1.000000000000e+00 2.268125000000e+02 2.055085602564e-09-9.616268840539e-01
     7.338356226683e-06 4.174148431048e-03-1.608999446034e-05 6.493770832062e+03
     4.536000000000e+05-1.257285475731e-07 1.419707083836e+00-2.738088369370e-07
     9.576606790741e-01 7.369531250000e+02-3.030262015948e+00-3.410499203838e-09
     2.153661137202e-10                    1.058000000000e+03                   
     2.000000000000e+00 1.000000000000e+00 9.000000000000e-10 9.000000000000e-10
     4.539900000000e+05 1.000000000000e+00                                      
C41 2026 04 19 04 00 00-9.395194938406e-04-2.247091401841e-13 0.000000000000e+00
     1.000000000000e+00-3.354687500000e+01 3.210133714954e-09-1.661930547952e+00
    -1.664739102125e-06 1.782952109352e-03 1.210067421198e-05 5.282634920120e+03
     1.440000000000e+04-6.984919309616e-09-2.484917560459e+00-4.656612873077e-09
     9.863035998010e-01 1.337343750000e+02-1.066072496713e+00-6.283476017712e-09
     6.728851712254e-10                    1.059000000000e+03                   
     2.000000000000e+00 0.000000000000e+00-2.400000000000e-08-2.400000000000e-08
     1.440000000000e+04 1.000000000000e+00                                      
C41 2026 04 19 12 00 00-9.395256638527e-04-2.566835632933e-13 0.000000000000e+00
     1.000000000000e+00-4.512500000000e+01 2.872619656139e-09 2.237058182498e+00
    -2.154614776373e-06 1.782901817933e-03 1.301616430283e-05 5.282636034012e+03
     4.320000000000e+04-1.098960638046e-07-2.485097810984e+00 3.026798367500e-08
     9.863245897496e-01 1.089218750000e+02-1.064564589514e+00-6.163471019022e-09
     6.428839215530e-10                    1.059000000000e+03                   
     2.000000000000e+00 0.000000000000e+00-2.400000000000e-08-2.400000000000e-08
     4.320000000000e+04 1.000000000000e+00                                      
C41 2026 04 19 13 00 00-9.395270608366e-04-3.108624468950e-13 0.000000000000e+00
     1.000000000000e+00-4.289062500000e+01 2.956908881409e-09 2.724998282614e+00
    -2.071261405945e-06 1.784432213753e-03 1.256214454770e-05 5.282632799149e+03
     4.680000000000e+04-7.916241884232e-08-2.485119456320e+00-9.965151548386e-08
     9.863268704389e-01 1.211406250000e+02-1.064944469840e+00-6.172399962377e-09
     5.460941755858e-10                    1.059000000000e+03                   
     2.000000000000e+00 0.000000000000e+00-2.400000000000e-08-2.400000000000e-08
     4.680000000000e+04 1.000000000000e+00                                      
C41 2026 04 19 14 00 00-9.395274100825e-04-2.495781359357e-13 0.000000000000e+00
     1.000000000000e+00-3.921875000000e+01 3.040126633477e-09-3.070595198432e+00
    -2.011656761169e-06 1.785058993846e-03 1.247460022569e-05 5.282631595612e+03
     5.040000000000e+04 5.587935447693e-08-2.485141148470e+00-8.894130587578e-08
     9.863286157002e-01 1.243750000000e+02-1.064974728838e+00-6.233473934924e-09
     4.628764235181e-10                    1.059000000000e+03                   
     2.000000000000e+00 0.000000000000e+00-2.400000000000e-08-2.400000000000e-08
     5.040000000000e+04 1.000000000000e+00                                      
C41 2026 04 19 15 00 00-9.395283414051e-04-2.353672812205e-13 0.000000000000e+00
     1.000000000000e+00-5.076562500000e+01 3.036197898401e-09-2.582471838569e+00
    -2.622604370117e-06 1.783476560377e-03 1.209415495396e-05 5.282635242462e+03
     5.400000000000e+04 6.053596735001e-08-2.485163351177e+00-4.656612873077e-09
     9.863299966948e-01 1.317343750000e+02-1.065535850085e+00-6.296333696143e-09
     4.310893851747e-10                    1.059000000000e+03                   
     2.000000000000e+00 0.000000000000e+00-2.400000020941e-08-2.400000000000e-08
     5.400000000000e+04 1.000000000000e+00                                      
C41 2026 04 19 16 00 00-9.395295055583e-04-2.646771690706e-13 0.000000000000e+00
     1.000000000000e+00-5.281250000000e+01 3.007982437399e-09-2.094108914168e+00
    -2.718996256590e-06 1.782528473996e-03 1.145852729678e-05 5.282638586044e+03
     5.760000000000e+04 3.864988684654e-08-2.485186014704e+00 4.656612873077e-09
     9.863314522983e-01 1.441093750000e+02-1.066337587709e+00-6.315620213789e-09
     4.293035965037e-10                    1.059000000000e+03                   
     2.000000000000e+00 0.000000000000e+00-2.400000020941e-08-2.400000000000e-08
     5.760000000000e+04 1.000000000000e+00                                      
C41 2026 04 19 17 00 00-9.395304368809e-04-2.735589532676e-13 0.000000000000e+00
     1.000000000000e+00-5.920312500000e+01 3.043698210819e-09-1.607095670671e+00
    -2.963468432426e-06 1.782497041859e-03 1.158239319921e-05 5.282636692047e+03
     6.120000000000e+04 4.190951585770e-08-2.485208689934e+00 2.654269337654e-08
     9.863330761374e-01 1.406250000000e+02-1.065790655304e+00-6.298119484814e-09
     4.218032840856e-10                    1.059000000000e+03                   
     2.000000000000e+00 0.000000000000e+00-2.400000020941e-08-2.400000000000e-08
     6.120000000000e+04 1.000000000000e+00                                      
C42 2026 04 19 00 00 00-8.950062328950e-04 1.506350599811e-12 0.000000000000e+00
     1.000000000000e+00-1.704687500000e+01 3.196561721055e-09-2.293549963722e+00
    -8.512288331985e-07 1.576473703608e-03 1.177517697215e-05 5.282636177063e+03
     0.000000000000e+00-1.303851604462e-08-2.484223613565e+00-1.583248376846e-08
     9.863214400870e-01 1.367343750000e+02-8.208490864707e-01-6.280261598104e-09
     6.232402461722e-10                    1.059000000000e+03                   
     2.000000000000e+00 0.000000000000e+00-3.270000000000e-08-3.270000000000e-08
     0.000000000000e+00 1.000000000000e+00                                      
C42 2026 04 19 01 00 00-8.950012270361e-04 1.483257960899e-12 0.000000000000e+00
     1.000000000000e+00-2.856250000000e+01 3.231563179006e-09-1.807115873401e+00
    -1.479871571064e-06 1.576884184033e-03 1.214910298586e-05 5.282632612228e+03
     3.600000000000e+03-1.629814505577e-08-2.484246262463e+00-2.980232238770e-08
     9.863236373899e-01 1.300937500000e+02-8.197215379723e-01-6.290976330130e-09
     6.278832967167e-10                    1.059000000000e+03                   
     2.000000000000e+00 0.000000000000e+00-3.270000000000e-08-3.270000000000e-08
     3.600000000000e+03 1.000000000000e+00                                      
C42 2026 04 19 09 00 00-8.949628099799e-04 1.341149413747e-12 0.000000000000e+00
     1.000000000000e+00-3.637500000000e+01 3.011554014741e-09 2.091407034675e+00
    -1.938082277775e-06 1.577832153998e-03 1.279870048165e-05 5.282635757446e+03
     3.240000000000e+04-5.913898348808e-08-2.484427874965e+00 3.725290298462e-09
     9.863443157370e-01 1.135312500000e+02-8.177410701979e-01-6.245260140153e-09
     6.903859002010e-10                    1.059000000000e+03                   
     2.000000000000e+00 0.000000000000e+00-3.270000000000e-08-3.270000000000e-08
     3.240000000000e+04 1.000000000000e+00                                      
C42 2026 04 19 10 00 00-8.949580369517e-04 1.335820343229e-12 0.000000000000e+00
     1.000000000000e+00-3.262500000000e+01 3.045126817369e-09 2.579476289976e+00
    -1.741107553244e-06 1.579067669809e-03 1.225713640451e-05 5.282632896423e+03
     3.600000000000e+04-2.281740307808e-08-2.484450060117e+00-5.913898348808e-08
     9.863467646619e-01 1.236250000000e+02-8.182493727879e-01-6.255974849267e-09
     6.382408490602e-10                    1.059000000000e+03                   
     2.000000000000e+00 0.000000000000e+00-3.270000092925e-08-3.270000092925e-08
     3.600000000000e+04 1.000000000000e+00                                      
C42 2026 04 19 11 00 00-8.949530310929e-04 1.349143019524e-12 0.000000000000e+00
     1.000000000000e+00-3.285937500000e+01 3.049055576832e-09 3.067090811820e+00
    -1.692678779364e-06 1.579077565111e-03 1.219240948558e-05 5.282632858276e+03
     3.960000000000e+04 3.445893526077e-08-2.484472353526e+00-3.864988684654e-08
     9.863489414840e-01 1.248281250000e+02-8.183018973986e-01-6.287404752788e-09
     6.028822553230e-10                    1.059000000000e+03                   
     2.000000000000e+00 0.000000000000e+00-3.270000000000e-08-3.270000000000e-08
     3.960000000000e+04 1.000000000000e+00                                      
C42 2026 04 19 12 00 00-8.949479088187e-04 1.370459301597e-12 0.000000000000e+00
     1.000000000000e+00-4.301562500000e+01 2.980481291866e-09-2.728071842777e+00
    -2.093147486448e-06 1.577369868755e-03 1.182826235890e-05 5.282636457443e+03
     4.320000000000e+04 2.887099981308e-08-2.484494920500e+00-9.778887033463e-09
     9.863510056614e-01 1.340625000000e+02-8.187625805422e-01-6.309548532308e-09
     5.935961542339e-10 0.000000000000e+00 1.059000000000e+03 0.000000000000e+00
     2.000000000000e+00 0.000000000000e+00-3.270000000000e-08-3.270000000000e-08
     4.321800000000e+04 1.000000000000e+00                                      
C42 2026 04 19 13 00 00-8.949426701292e-04 1.397992832608e-12 0.000000000000e+00
     1.000000000000e+00-4.343750000000e+01 2.915478584243e-09-2.240120802960e+00
    -2.119690179825e-06 1.576754148118e-03 1.162523403764e-05 5.282638132095e+03
     4.680000000000e+04 5.494803190231e-08-2.484517620600e+00 5.122274160385e-09
     9.863532673327e-01 1.406093750000e+02-8.191529792496e-01-6.284904648648e-09
     5.900245768919e-10 0.000000000000e+00 1.059000000000e+03 0.000000000000e+00
     2.000000000000e+00 0.000000000000e+00-3.270000000000e-08-3.270000000000e-08
     4.681800000000e+04 1.000000000000e+00                                      
C42 2026 04 19 14 00 00-8.949373150244e-04 1.418420936261e-12 0.000000000000e+00
     1.000000000000e+00-5.579687500000e+01 2.933336470952e-09-1.753704296915e+00
    -2.725981175900e-06 1.577054266818e-03 1.189019531012e-05 5.282634580612e+03
     5.040000000000e+04 4.377216100693e-08-2.484540020802e+00 7.823109626770e-08
     9.863556270196e-01 1.354062500000e+02-8.180095712563e-01-6.231330988519e-09
     5.610948004220e-10                    1.059000000000e+03                   
     2.000000000000e+00 0.000000000000e+00-3.270000092925e-08-3.270000000000e-08
     5.040000000000e+04 1.000000000000e+00                                      
C42 2026 04 19 15 00 00-8.949335897341e-04 1.329603094291e-12 0.000000000000e+00
     1.000000000000e+00-7.175000000000e+01 2.990124550690e-09-1.267628880460e+00
    -3.460794687271e-06 1.576421898790e-03 1.152418553829e-05 5.282629850388e+03
     5.400000000000e+04-4.377216100693e-08-2.484562100624e+00 7.823109626770e-08
     9.863577701946e-01 1.433437500000e+02-8.165239121155e-01-6.193472268694e-09
     5.060925093559e-10                    1.059000000000e+03                   
     2.000000000000e+00 0.000000000000e+00-3.270000092925e-08-3.270000000000e-08
     5.400000000000e+04 1.000000000000e+00                                      
C42 2026 04 19 16 00 00-8.949297480285e-04 1.268318783332e-12 0.000000000000e+00
     1.000000000000e+00-7.315625000000e+01 2.988695919753e-09-7.800062452710e-01
    -3.519002348185e-06 1.576659269631e-03 1.164013519883e-05 5.282630311966e+03
     5.760000000000e+04-5.727633833885e-08-2.484584060488e+00-2.793967723846e-09
     9.863595900647e-01 1.415312500000e+02-8.165839414960e-01-6.189543533618e-09
     4.457328522767e-10                    1.059000000000e+03                   
     2.000000000000e+00 0.000000000000e+00-3.270000092925e-08-3.270000000000e-08
     5.760000000000e+04 1.000000000000e+00                                      
C42 2026 04 19 17 00 00-8.949253242463e-04 1.253219750197e-12 0.000000000000e+00
     1.000000000000e+00-8.701562500000e+01 2.943336887510e-09-2.919762605432e-01
    -4.227738827467e-06 1.578987226821e-03 1.220963895321e-05 5.282635082245e+03
     6.120000000000e+04-4.190951585770e-09-2.484606122755e+00-1.862645149231e-08
     9.863611246657e-01 1.304218750000e+02-8.170515661859e-01-6.209544366733e-09
     4.093027633887e-10                    1.059000000000e+03                   
     2.000000000000e+00 0.000000000000e+00-3.270000092925e-08-3.270000000000e-08
     6.120000000000e+04 1.000000000000e+00                                      
C43 2026 04 19 07 00 00 1.365125644952e-04 8.162359677044e-13 0.000000000000e+00
     1.000000000000e+00 8.207812500000e+01 4.429827377234e-09 5.902889430124e-01
     4.070345312357e-06 6.811679340899e-04-1.904554665089e-06 5.282658815384e+03
     2.520000000000e+04-1.098960638046e-07 1.654012259541e+00-9.313225746155e-08
     9.414313716526e-01 3.936406250000e+02 9.912480756554e-01-7.532813771930e-09
     6.643133856047e-11                    1.059000000000e+03                   
     2.000000000000e+00 0.000000000000e+00-3.300000000000e-09-3.300000000000e-09
     2.520000000000e+04 1.000000000000e+00                                      
C43 2026 04 19 08 00 00 1.365151256323e-04 7.842615445952e-13 0.000000000000e+00
     1.000000000000e+00 7.779687500000e+01 4.465900308388e-09 1.076994773292e+00
     3.768596798182e-06 6.814023945481e-04-1.754611730576e-06 5.282660043716e+03
     2.880000000000e+04-4.656612873077e-09 1.653985580304e+00-1.122243702412e-07
     9.414314594277e-01 3.920781250000e+02 9.921019034036e-01-7.575315542299e-09
    -3.214419607765e-12                    1.059000000000e+03                   
     2.000000000000e+00 0.000000000000e+00-3.300000000000e-09-3.300000000000e-09
     2.880000000000e+04 1.000000000000e+00                                      
C43 2026 04 19 09 00 00 1.365176867694e-04 7.531752999057e-13 0.000000000000e+00
     1.000000000000e+00 6.639062500000e+01 4.464114519717e-09 1.562121260621e+00
     3.109686076641e-06 6.814769003540e-04-1.984182745218e-06 5.282663286209e+03
     3.240000000000e+04 1.536682248116e-08 1.653958441711e+00-7.264316082001e-08
     9.414313131359e-01 3.959218750000e+02 9.945348649062e-01-7.605673949706e-09
    -2.321525272275e-11                    1.059000000000e+03                   
     2.000000000000e+00 0.000000000000e+00-3.300000000000e-09-3.300000000000e-09
     3.240000000000e+04 1.000000000000e+00                                      
C43 2026 04 19 12 00 00 1.365257194266e-04 7.647216193618e-13 0.000000000000e+00
     1.000000000000e+00 6.792187500000e+01 4.590191199888e-09 3.025985831793e+00
     3.451015800238e-06 6.815121741965e-04-1.800712198019e-06 5.282662635803e+03
     4.320000000000e+04 6.286427378654e-08 1.653876500743e+00-5.075708031654e-08
     9.414311931766e-01 3.852031250000e+02 9.933479102305e-01-7.573886911362e-09
    -2.071514858337e-11 0.000000000000e+00 1.059000000000e+03 0.000000000000e+00
     2.000000000000e+00 0.000000000000e+00-3.300000000000e-09-3.300000000000e-09
     4.321800000000e+04 1.000000000000e+00                                      
C43 2026 04 19 13 00 00 1.365292118862e-04 8.437694987151e-13 0.000000000000e+00
     1.000000000000e+00 7.487500000000e+01 4.567333104900e-09-2.768590842190e+00
     3.835186362267e-06 6.795196095482e-04-1.038424670696e-06 5.282666767120e+03
     4.680000000000e+04 1.136213541031e-07 1.653848869147e+00 2.188608050346e-08
     9.414310732173e-01 3.715000000000e+02 9.922987595120e-01-7.589959009401e-09
     4.143029716675e-11 0.000000000000e+00 1.059000000000e+03 0.000000000000e+00
     2.000000000000e+00 0.000000000000e+00-3.300000000000e-09-3.300000000000e-09
     4.681800000000e+04 1.000000000000e+00                                      
C43 2026 04 19 14 00 00 1.365324715152e-04 8.633094239485e-13 0.000000000000e+00
     1.000000000000e+00 7.418750000000e+01 4.551618164595e-09-2.280537986201e+00
     3.767199814320e-06 6.790925981477e-04-7.883645594120e-07 5.282667819977e+03
     5.040000000000e+04 2.840533852577e-08 1.653821047371e+00 1.084990799427e-07
     9.414313131359e-01 3.674843750000e+02 9.918041717790e-01-7.561743548399e-09
     1.260766801712e-10                    1.059000000000e+03                   
     2.000000000000e+00 0.000000000000e+00-3.300000050999e-09-3.300000000000e-09
     5.040000000000e+04 1.000000000000e+00                                      
C43 2026 04 19 15 00 00 1.365347998217e-04 8.100187187665e-13 0.000000000000e+00
     1.000000000000e+00 8.801562500000e+01 4.571261839976e-09-1.795689835129e+00
     4.426576197147e-06 6.794895743951e-04-7.934868335724e-07 5.282664154053e+03
     5.400000000000e+04-4.982575774193e-08 1.653793464050e+00 5.168840289116e-08
     9.414319875411e-01 3.675937500000e+02 9.945139685844e-01-7.503883995460e-09
     1.775073938955e-10                    1.059000000000e+03                   
     2.000000000000e+00 0.000000000000e+00-3.300000050999e-09-3.300000000000e-09
     5.400000000000e+04 1.000000000000e+00                                      
C43 2026 04 19 16 00 00 1.365373609588e-04 7.869260798543e-13 0.000000000000e+00
     1.000000000000e+00 9.812500000000e+01 4.607691928864e-09-1.311170548042e+00
     4.929956048727e-06 6.790289189667e-04-2.030283212662e-07 5.282660022736e+03
     5.760000000000e+04-3.771856427193e-08 1.653766389825e+00 2.281740307808e-08
     9.414327482585e-01 3.558906250000e+02 9.975536826750e-01-7.478168638598e-09
     1.860791795162e-10                    1.059000000000e+03                   
     2.000000000000e+00 0.000000000000e+00-3.300000050999e-09-3.300000000000e-09
     5.760000000000e+04 1.000000000000e+00                                      
C43 2026 04 19 17 00 00 1.365400385112e-04 7.718270467194e-13 0.000000000000e+00
     1.000000000000e+00 1.000000000000e+02 4.602691720585e-09-8.233954036436e-01
     4.996079951525e-06 6.792735075578e-04-2.202577888966e-07 5.282660551071e+03
     6.120000000000e+04-6.612390279770e-08 1.653739432634e+00 5.122274160385e-09
     9.414332778348e-01 3.574375000000e+02 9.973387902496e-01-7.507455572802e-09
     1.910793877949e-10                    1.059000000000e+03                   
     2.000000000000e+00 0.000000000000e+00-3.300000050999e-09-3.300000000000e-09
     6.120000000000e+04 1.000000000000e+00                                      
C44 2026 04 18 19 00 00 8.286852389574e-04-9.034550885190e-12 0.000000000000e+00
     1.000000000000e+00 2.396875000000e+01 4.714124933654e-09 2.683593778887e+00
     1.172535121441e-06 9.045628830791e-04-1.880805939436e-06 5.282662763596e+03
     5.868000000000e+05 2.468004822731e-08 1.775410762310e+00-4.470348358154e-08
     9.418907352441e-01 3.923750000000e+02 9.698774816215e-01-7.594244902211e-09
     9.928985010651e-11                    1.058000000000e+03                   
     2.000000000000e+00 0.000000000000e+00-1.400000000000e-09-1.400000000000e-09
     5.868000000000e+05 1.000000000000e+00                                      
C44 2026 04 19 02 00 00 8.284577634186e-04-8.968825682132e-12 0.000000000000e+00
     1.000000000000e+00 7.470312500000e+01 4.404469178106e-09-1.879147779876e-01
     3.682915121317e-06 9.044783655554e-04-1.698732376099e-06 5.282668052673e+03
     7.200000000000e+03-5.215406417847e-08 1.654804172207e+00 9.778887033463e-09
     9.418951956813e-01 3.855937500000e+02 9.711105796593e-01-7.613888577592e-09
     2.271523189487e-10                    1.059000000000e+03                   
     2.000000000000e+00 0.000000000000e+00-1.400000000000e-09-1.400000000000e-09
     8.130000000000e+03 1.000000000000e+00                                      
C44 2026 04 19 03 00 00 8.284253999591e-04-8.981260180008e-12 0.000000000000e+00
     1.000000000000e+00 7.081250000000e+01 4.433756112310e-09 3.000307407761e-01
     3.507360816002e-06 9.034818504006e-04-1.995824277401e-06 5.282665994644e+03
     1.080000000000e+04-9.359791874886e-08 1.654776994115e+00-2.793967723846e-08
     9.418960588030e-01 3.923750000000e+02 9.707220373950e-01-7.599959425958e-09
     1.882221259213e-10                    1.059000000000e+03                   
     2.000000000000e+00 0.000000000000e+00-1.400000000000e-09-1.400000000000e-09
     1.080000000000e+04 1.000000000000e+00                                      
C44 2026 04 19 04 00 00 8.283926872537e-04-9.007017354179e-12 0.000000000000e+00
     1.000000000000e+00 7.250000000000e+01 4.490187034313e-09 7.883036211071e-01
     3.562774509192e-06 9.027367923409e-04-2.257060259581e-06 5.282664083481e+03
     1.440000000000e+04-5.122274160385e-08 1.654749997425e+00-1.029111444950e-07
     9.418966907836e-01 3.995468750000e+02 9.700068898919e-01-7.613174262124e-09
     1.257195224370e-10                    1.059000000000e+03                   
     2.000000000000e+00 0.000000000000e+00-1.400000000000e-09-1.400000000000e-09
     1.440000000000e+04 1.000000000000e+00                                      
C44 2026 04 19 14 00 00 8.280695183203e-04-8.968825682132e-12 0.000000000000e+00
     1.000000000000e+00 9.573437500000e+01 4.567690262634e-09-6.216518102703e-01
     4.712026566267e-06 9.022805606946e-04-9.145587682724e-07 5.282666099548e+03
     5.040000000000e+04-8.894130587578e-08 1.654478684638e+00-2.654269337654e-08
     9.418989202707e-01 3.671093750000e+02 9.723559749864e-01-7.567458072147e-09
     6.607418082628e-11                    1.059000000000e+03                   
     2.000000000000e+00 0.000000000000e+00-1.400000000000e-09-1.400000000000e-09
     5.040000000000e+04 1.000000000000e+00                                      
C44 2026 04 19 15 00 00 8.280366891995e-04-9.015010959956e-12 0.000000000000e+00
     1.000000000000e+00 1.077187500000e+02 4.573047628647e-09-1.337449447281e-01
     5.369540303946e-06 9.038998978212e-04-9.112991392612e-07 5.282669328690e+03
     5.400000000000e+04-2.142041921616e-08 1.654451086689e+00-8.428469300270e-08
     9.418989641583e-01 3.672187500000e+02 9.720074918079e-01-7.622460363213e-09
     1.128618440060e-10                    1.059000000000e+03                   
     2.000000000000e+00 0.000000000000e+00-1.400000000000e-09-1.400000000000e-09
     5.400000000000e+04 1.000000000000e+00                                      
C44 2026 04 19 16 00 00 8.280035108328e-04-9.079847984594e-12 0.000000000000e+00
     1.000000000000e+00 1.055625000000e+02 4.632692970257e-09 3.542074585281e-01
     5.312729626894e-06 9.031199151650e-04-1.112464815378e-06 5.282667667389e+03
     5.760000000000e+04 3.119930624962e-08 1.654423352688e+00-3.771856427193e-08
     9.418993357395e-01 3.733281250000e+02 9.716126004791e-01-7.639961092188e-09
     1.614352958566e-10                    1.059000000000e+03                   
     2.000000000000e+00 0.000000000000e+00-1.400000000000e-09-1.400000000000e-09
     5.760000000000e+04 1.000000000000e+00                                      
C44 2026 04 19 17 00 00 8.279707981274e-04-9.083400698273e-12 0.000000000000e+00
     1.000000000000e+00 1.085625000000e+02 4.681266422108e-09 8.426574119264e-01
     5.419831722975e-06 9.023019811139e-04-1.407228410244e-06 5.282665441513e+03
     6.120000000000e+04-4.190951585770e-09 1.654395617224e+00 6.984919309616e-09
     9.418999530909e-01 3.813281250000e+02 9.707209840939e-01-7.628889202428e-09
     2.014369620866e-10                    1.059000000000e+03                   
     2.000000000000e+00 0.000000000000e+00-1.400000000000e-09-1.400000000000e-09
     6.120000000000e+04 1.000000000000e+00                                      
C44 2026 04 19 18 00 00 8.279384346679e-04-9.040768134128e-12 0.000000000000e+00
     1.000000000000e+00 9.942187500000e+01 4.631264339321e-09 1.328858775388e+00
     4.957430064678e-06 9.025678737089e-04-1.372769474983e-06 5.282667886734e+03
     6.480000000000e+04-5.122274160385e-08 1.654367935888e+00-2.421438694000e-08
     9.419008001205e-01 3.808281250000e+02 9.720786876420e-01-7.594959217680e-09
     2.321525272275e-10                    1.059000000000e+03                   
     2.000000000000e+00 0.000000000000e+00-1.400000004814e-09-1.400000004814e-09
     6.483200000000e+04 1.000000000000e+00                                      
C45 2026 04 18 21 00 00-8.055134676397e-04-2.083844208300e-11 0.000000000000e+00
     1.000000000000e+00-3.003125000000e+01 3.833016803392e-09 9.176939736604e-01
    -1.362990587950e-06 5.033165216446e-04 1.098215579987e-05 5.282663228989e+03
     5.940000000000e+05-1.336447894573e-07-2.703865111406e-01 2.281740307808e-08
     9.497048653511e-01 1.340156250000e+02 2.899450295114e-01-6.662420373694e-09
    -6.957432662140e-10                    1.058000000000e+03                   
     2.000000000000e+00 0.000000000000e+00 1.930000000000e-08 1.930000000000e-08
     5.940000000000e+05 1.000000000000e+00                                      
C45 2026 04 18 22 00 00-8.055879734457e-04-2.079225680518e-11 0.000000000000e+00
     1.000000000000e+00-2.923437500000e+01 3.882661728446e-09 1.406286898043e+00
    -1.349020749331e-06 5.032148910686e-04 1.090113073587e-05 5.282662199020e+03
     5.976000000000e+05-8.847564458847e-08-2.704099002749e-01-1.126900315285e-07
     9.497023081703e-01 1.379687500000e+02 2.889082243586e-01-6.675992367593e-09
    -7.993190091308e-10                    1.058000000000e+03                   
     2.000000000000e+00 1.000000000000e+00 1.930000000000e-08 1.930000000000e-08
     5.977800000000e+05 1.000000000000e+00                                      
C46 2024 05 30 12 00 00-1.524938270450e-04-3.177014207267e-12 0.000000000000e+00
     1.000000000000e+00 4.631250000000e+01 4.322680056975e-09 2.716856041925e+00
     2.358108758926e-06 7.117149652913e-04 8.907169103622e-06 5.282620481491e+03
     3.888000000000e+05 7.450580596924e-09-6.296432021610e-01 3.539025783539e-08
     9.502339062678e-01 1.747500000000e+02 3.755410919367e-02-6.942074879569e-09
     4.107313943255e-10                    9.600000000000e+02                   
     2.000000000000e+00 0.000000000000e+00 1.810000000000e-08 1.810000000000e-08
     3.908100000000e+05 1.000000000000e+00                                      
C46 2024 06 18 06 00 00-1.577056245878e-04-3.323563646518e-12 0.000000000000e+00
     1.000000000000e+00 2.523437500000e+01 4.108385416458e-09 2.277404652668e+00
     1.308508217335e-06 7.319009164348e-04 9.762588888407e-06 5.282627258301e+03
     1.944000000000e+05-2.933666110039e-08-1.001904128940e+00 4.749745130539e-08
     9.499667247614e-01 1.596875000000e+02-2.888091262879e-02-6.731708974128e-09
    -3.893019302737e-10                    9.630000000000e+02                   
     2.000000000000e+00 0.000000000000e+00 1.810000000000e-08 1.810000000000e-08
     1.944000000000e+05 1.000000000000e+00                                      
C46 2026 04 19 17 00 00-3.698560176417e-04-4.162004074715e-12 0.000000000000e+00
     1.000000000000e+00-1.857812500000e+01 3.977308528008e-09-4.515358971968e-01
    -7.958151400089e-07 8.572668302804e-04 9.284354746342e-06 5.282647039413e+03
     6.120000000000e+04-4.656612873077e-10-3.907349576451e-01 4.796311259270e-08
     9.496766690680e-01 1.658750000000e+02 3.804940805114e-01-6.765638958876e-09
    -5.793098448660e-10 0.000000000000e+00 1.059000000000e+03                   
     2.000000000000e+00 0.000000000000e+00 1.810000000000e-08 1.810000000000e-08
     6.141000000000e+04 0.000000000000e+00                                      
C46 2026 04 19 18 00 00-3.698705695570e-04-4.115818796890e-12 0.000000000000e+00
     1.000000000000e+00-2.031250000000e+01 3.981594420818e-09 3.606648974264e-02
    -9.308569133282e-07 8.569820784032e-04 9.392388164997e-06 5.282646471024e+03
     6.480000000000e+04-9.313225746155e-09-3.907593913028e-01 1.816079020500e-08
     9.496744688392e-01 1.647968750000e+02 3.804531509894e-01-6.790640000270e-09
    -5.700237437770e-10                    1.059000000000e+03                   
     2.000000000000e+00 0.000000000000e+00 1.809999972124e-08 1.809999972124e-08
     6.480000000000e+04 0.000000000000e+00                                      
C47 2026 04 19 13 00 00-6.163466023281e-04-2.130473575335e-11 0.000000000000e+00
     1.000000000000e+00 8.510937500000e+01 4.494472927124e-09 1.756932721586e+00
     4.235655069351e-06 2.484438009560e-04-1.999083906412e-06 5.282638980865e+03
     4.680000000000e+04-1.396983861923e-09 1.696238961264e+00 1.303851604462e-08
     9.512515691375e-01 3.968437500000e+02-2.485099902957e-02-7.573529753628e-09
     8.607501394126e-11                    1.059000000000e+03                   
     2.000000000000e+00 0.000000000000e+00 2.900000000000e-09 2.900000000000e-09
     4.681800000000e+04 1.000000000000e+00                                      
C47 2026 04 19 14 00 00-6.164249498397e-04-2.157918288503e-11 0.000000000000e+00
     1.000000000000e+00 7.884375000000e+01 4.463400204248e-09 2.241816806314e+00
     3.897119313478e-06 2.478730166331e-04-1.918990164995e-06 5.282640695572e+03
     5.040000000000e+04-5.029141902924e-08 1.696211494977e+00-4.190951585770e-09
     9.512519729029e-01 3.955781250000e+02-2.216937656352e-02-7.546028608095e-09
     1.157191058795e-10                    1.059000000000e+03                   
     2.000000000000e+00 0.000000000000e+00 2.900000000000e-09 2.900000000000e-09
     5.040000000000e+04 1.000000000000e+00                                      
C47 2026 04 19 15 00 00-6.165031809360e-04-2.165023715861e-11 0.000000000000e+00
     1.000000000000e+00 7.426562500000e+01 4.414112436929e-09 2.727971283251e+00
     3.682449460030e-06 2.472772030160e-04-2.028886228800e-06 5.282642030716e+03
     5.400000000000e+04-3.678724169731e-08 1.696184174982e+00-6.193295121193e-08
     9.512526063464e-01 3.979062500000e+02-2.075891580074e-02-7.498169471713e-09
     1.342913080577e-10                    1.059000000000e+03                   
     2.000000000000e+00 0.000000000000e+00 2.900000000000e-09 2.900000000000e-09
     5.400000000000e+04 1.000000000000e+00                                      
C47 2026 04 19 16 00 00-6.165810627863e-04-2.163780266073e-11 0.000000000000e+00
     1.000000000000e+00 7.284375000000e+01 4.418041172006e-09-3.068164189925e+00
     3.615394234657e-06 2.486703451723e-04-1.519452780485e-06 5.282639305115e+03
     5.760000000000e+04 2.142041921616e-08 1.696157200236e+00-5.634501576424e-08
     9.512533451201e-01 3.877500000000e+02-2.024438849433e-02-7.446381600254e-09
     1.335769925893e-10                    1.059000000000e+03                   
     2.000000000000e+00 0.000000000000e+00 2.900000000000e-09 2.900000000000e-09
     5.760000000000e+04 1.000000000000e+00                                      
C47 2026 04 19 17 00 00-6.166581297293e-04-2.155342571086e-11 0.000000000000e+00
     1.000000000000e+00 6.604687500000e+01 4.429113061766e-09-2.582773957485e+00
     3.252644091845e-06 2.496818779036e-04-1.262407749891e-06 5.282637075424e+03
     6.120000000000e+04 2.468004822731e-08 1.696130477111e+00-3.026798367500e-08
     9.512539127323e-01 3.827812500000e+02-1.806938918830e-02-7.425666451671e-09
     1.246480492344e-10                    1.059000000000e+03                   
     2.000000000000e+00 0.000000000000e+00 2.900000000000e-09 2.900000000000e-09
     6.120000000000e+04 1.000000000000e+00                                      
C48 2026 04 19 12 00 00 6.551975384355e-04-4.906297590423e-12 0.000000000000e+00
     1.000000000000e+00-7.623437500000e+01 3.197990351992e-09-1.810609921571e-01
    -3.688968718052e-06 3.516663564369e-04 1.208577305079e-05 5.282652137756e+03
     4.320000000000e+04 1.583248376846e-08-2.493148611978e+00 2.328306436539e-08
     9.722825101663e-01 1.213750000000e+02-6.185807663261e-01-6.368479558450e-09
     6.043108862598e-10 0.000000000000e+00 1.059000000000e+03 0.000000000000e+00
     2.000000000000e+00 0.000000000000e+00 8.000000000000e-10 8.000000000000e-10
     4.321800000000e+04 1.000000000000e+00                                      
C48 2026 04 19 13 00 00 6.551803089678e-04-4.861000491019e-12 0.000000000000e+00
     1.000000000000e+00-6.906250000000e+01 3.257635693602e-09 3.080687485514e-01
    -3.347173333168e-06 3.500094171613e-04 1.258356496692e-05 5.282648727417e+03
     4.680000000000e+04 9.778887033463e-09-2.493171506646e+00 4.144385457039e-08
     9.722846138425e-01 1.107812500000e+02-6.201533301154e-01-6.383480183287e-09
     5.989535202468e-10                    1.059000000000e+03                   
     2.000000000000e+00 0.000000000000e+00 8.000000000000e-10 8.000000000000e-10
     4.681800000000e+04 1.000000000000e+00                                      
C48 2026 04 19 14 00 00 6.551635451615e-04-4.785505325344e-12 0.000000000000e+00
     1.000000000000e+00-7.009375000000e+01 3.288708416478e-09 7.975449726294e-01
    -3.405846655369e-06 3.491962561384e-04 1.295935362577e-05 5.282646688461e+03
     5.040000000000e+04 3.725290298462e-09-2.493194492015e+00 4.190951585770e-08
     9.722867497029e-01 1.030312500000e+02-6.220710050572e-01-6.387766076097e-09
     5.985963625126e-10                    1.059000000000e+03                   
     2.000000000000e+00 0.000000000000e+00 8.000000000000e-10 8.000000000000e-10
     5.040000000000e+04 1.000000000000e+00                                      
C48 2026 04 19 15 00 00 6.551448022947e-04-4.932942943014e-12 0.000000000000e+00
     1.000000000000e+00-5.809375000000e+01 3.211919503625e-09 1.280498251263e+00
    -2.874992787838e-06 3.496577264741e-04 1.283828169107e-05 5.282649948120e+03
     5.400000000000e+04-2.002343535423e-08-2.493217326703e+00 8.381903171539e-08
     9.722890406326e-01 1.057812500000e+02-6.174652883649e-01-6.355264722285e-09
     5.768097407267e-10                    1.059000000000e+03                   
     2.000000000000e+00 0.000000000000e+00 8.000000000000e-10 8.000000000000e-10
     5.400000000000e+04 1.000000000000e+00                                      
C48 2026 04 19 16 00 00 6.551275728270e-04-4.868994096796e-12 0.000000000000e+00
     1.000000000000e+00-5.287500000000e+01 3.173703626066e-09 1.765819134072e+00
    -2.620276063681e-06 3.496117424220e-04 1.297704875469e-05 5.282651464462e+03
     5.760000000000e+04-1.136213541031e-07-2.493239805903e+00 5.355104804039e-08
     9.722912247693e-01 1.032343750000e+02-6.152286548572e-01-6.320620422068e-09
     5.114498753688e-10                    1.059000000000e+03                   
     2.000000000000e+00 0.000000000000e+00 8.000000000000e-10 8.000000000000e-10
     5.760000000000e+04 1.000000000000e+00                                      
C48 2026 04 19 17 00 00 6.551109254360e-04-4.750866366976e-12 0.000000000000e+00
     1.000000000000e+00-5.125000000000e+01 3.240849280095e-09 2.256747924621e+00
    -2.554152160883e-06 3.505841596052e-04 1.252815127373e-05 5.282648496628e+03
     6.120000000000e+04-9.592622518539e-08-2.493262048109e+00-6.938353180885e-08
     9.722930387878e-01 1.144062500000e+02-6.186004103901e-01-6.325620630347e-09
     4.210889686172e-10                    1.059000000000e+03                   
     2.000000000000e+00 0.000000000000e+00 8.000000000000e-10 8.000000000000e-10
     6.120000000000e+04 1.000000000000e+00                                      
C48 2026 04 19 18 00 00 6.550935795531e-04-4.783728968505e-12 0.000000000000e+00
     1.000000000000e+00-4.785937500000e+01 3.307637776390e-09 2.745225132183e+00
    -2.483371645212e-06 3.511051181704e-04 1.242756843567e-05 5.282647319794e+03
     6.480000000000e+04 2.793967723846e-09-2.493284435145e+00-7.171183824539e-08
     9.722943978387e-01 1.176875000000e+02-6.195193043457e-01-6.368122400716e-09
     3.589435228671e-10                    1.059000000000e+03                   
     2.000000000000e+00 0.000000000000e+00 8.000000106811e-10 8.000000106811e-10
     6.483200000000e+04 1.000000000000e+00                                      
C49 2026 04 19 08 00 00-9.285317501053e-04 4.468425629511e-12 0.000000000000e+00
     1.000000000000e+00 7.081250000000e+01 4.279106813403e-09 5.724183365956e-01
     3.484077751637e-06 4.266066243872e-04-1.968350261450e-06 5.282636352539e+03
     2.880000000000e+04-9.359791874886e-08 1.696079725557e+00-9.499490261078e-08
     9.511722731259e-01 3.998125000000e+02 1.078210134911e+00-7.463882329230e-09
     1.642925577302e-11                    1.059000000000e+03                   
     2.000000000000e+00 1.000000000000e+00 1.400000000000e-09 1.400000000000e-09
     2.892000000000e+04 1.000000000000e+00                                      
C50 2026 04 18 22 00 00-3.698178334162e-04 8.026468378830e-12 0.000000000000e+00
     1.000000000000e+00-1.253125000000e+01 3.484430854817e-09 2.766325390659e+00
    -6.775371730328e-07 3.739020321518e-04 1.190230250359e-05 5.282649263382e+03
     5.976000000000e+05-4.936009645462e-08-2.372173647400e+00-3.492459654808e-08
     9.722126558281e-01 1.256406250000e+02-1.947881025520e-01-6.463840673481e-09
     5.946676274365e-10                    1.058000000000e+03                   
     2.000000000000e+00 0.000000000000e+00 3.160000000000e-08 3.160000000000e-08
     5.976000000000e+05 1.000000000000e+00                                      
C50 2026 04 18 23 00 00-3.697894280776e-04 7.988276706783e-12 0.000000000000e+00
     1.000000000000e+00-1.481250000000e+01 3.440857611245e-09-3.029276026717e+00
    -7.837079465389e-07 3.730403259397e-04 1.162895932794e-05 5.282650939941e+03
     6.012000000000e+05-1.769512891769e-08-2.372196937056e+00-4.470348358154e-08
     9.722149438319e-01 1.315781250000e+02-1.948130379907e-01-6.434553739277e-09
     5.971677315759e-10                    1.058000000000e+03                   
     2.000000000000e+00 0.000000000000e+00 3.160000000000e-08 3.160000000000e-08
     6.012000000000e+05 1.000000000000e+00                                      
C50 2026 04 19 00 00 00-3.697607899085e-04 7.974954030487e-12 0.000000000000e+00
     1.000000000000e+00-2.292187500000e+01 3.462287075297e-09-2.544001085388e+00
    -1.197215169668e-06 3.742197295651e-04 1.199124380946e-05 5.282648097992e+03
     0.000000000000e+00-4.190951585770e-09-2.492634418217e+00-2.747401595116e-08
     9.722171747820e-01 1.246875000000e+02-1.925296291404e-01-6.416695852567e-09
     5.928818387655e-10                    1.059000000000e+03                   
     2.000000000000e+00 0.000000000000e+00 3.160000000000e-08 3.160000000000e-08
     0.000000000000e+00 1.000000000000e+00                                      
C51 2024 01 03 03 00 00 0.000000000000e+00 1.648281511279e-11 0.000000000000e+00
     2.500000000000e+01-5.531250000000e+01 3.905162665700e-09-1.089878182258e+00
    -2.810265868902e-06 1.179769344162e-02 4.767440259457e-06 5.313941057205e+03
     2.700000000000e+05 6.053596735001e-08-1.117382695246e-01-1.746229827404e-07
     9.598748567892e-01 2.576562500000e+02 3.099144755727e+00-6.820998407677e-09
     4.285892810353e-12                    9.390000000000e+02                   
     6.144000000000e+03 1.000000000000e+00 0.000000000000e+00 0.000000000000e+00
     3.651300000000e+05 2.500000000000e+01                                      
C51 2024 10 20 00 00 00 0.000000000000e+00 0.000000000000e+00 0.000000000000e+00
     0.000000000000e+00 0.000000000000e+00 0.000000000000e+00 0.000000000000e+00
     0.000000000000e+00 0.000000000000e+00 0.000000000000e+00 0.000000000000e+00
     0.000000000000e+00 0.000000000000e+00 0.000000000000e+00 0.000000000000e+00
     0.000000000000e+00 0.000000000000e+00 0.000000000000e+00 0.000000000000e+00
     0.000000000000e+00                    9.810000000000e+02                   
     6.144000000000e+03 1.000000000000e+00 0.000000000000e+00 0.000000000000e+00
     9.135000000000e+04 0.000000000000e+00                                      
C52 2024 01 03 03 00 00 0.000000000000e+00 1.648281511279e-11 0.000000000000e+00
     2.500000000000e+01-5.531250000000e+01 3.905162665700e-09-1.089878182258e+00
    -2.810265868902e-06 1.179769344162e-02 4.767440259457e-06 5.313941057205e+03
     2.700000000000e+05 6.053596735001e-08-1.117382695246e-01-1.746229827404e-07
     9.598748567892e-01 2.576562500000e+02 3.099144755727e+00-6.820998407677e-09
     4.285892810353e-12                    9.390000000000e+02                   
     6.144000000000e+03 1.000000000000e+00 0.000000000000e+00 0.000000000000e+00
     3.656160000000e+05 2.500000000000e+01                                      
C55 2024 10 20 00 00 00 0.000000000000e+00 0.000000000000e+00 0.000000000000e+00
     0.000000000000e+00 0.000000000000e+00 0.000000000000e+00 0.000000000000e+00
     0.000000000000e+00 0.000000000000e+00 0.000000000000e+00 0.000000000000e+00
     0.000000000000e+00 0.000000000000e+00 0.000000000000e+00 0.000000000000e+00
     0.000000000000e+00 0.000000000000e+00 0.000000000000e+00 0.000000000000e+00
     0.000000000000e+00                    9.810000000000e+02                   
     6.144000000000e+03 1.000000000000e+00 0.000000000000e+00 0.000000000000e+00
     9.162000000000e+04 0.000000000000e+00                                      
C56 2025 11 19 07 00 00 6.150292465463e-04 2.140865262845e-11 0.000000000000e+00
     3.100000000000e+01 2.236093750000e+02 2.030798876639e-09-4.883367791298e-01
     6.893184036016e-06 4.641683772206e-03-2.985820174217e-06 6.493828577042e+03
     2.844000000000e+05-3.678724169731e-08 6.373336103602e-01-1.932494342327e-07
     8.998330298175e-01 3.084375000000e+02-2.934558216563e+00-2.780830118451e-09
    -4.321608583773e-11                    1.037000000000e+03                   
     2.000000000000e+00 1.000000000000e+00-3.010000000000e-08 0.000000000000e+00
     3.066900000000e+05 2.500000000000e+01                                      
C56 2025 12 10 07 00 00 6.150292465463e-04 2.140865262845e-11 0.000000000000e+00
     3.100000000000e+01 2.236093750000e+02 2.030798876639e-09-4.883367791298e-01
     6.893184036016e-06 4.641683772206e-03-2.985820174217e-06 6.493828577042e+03
     2.844000000000e+05-3.678724169731e-08 6.373336103602e-01-1.932494342327e-07
     8.998330298175e-01 3.084375000000e+02-2.934558216563e+00-2.780830118451e-09
    -4.321608583773e-11                    1.040000000000e+03                   
     2.000000000000e+00 1.000000000000e+00-3.010000000000e-08 0.000000000000e+00
     4.593000000000e+04 2.500000000000e+01                                      
C56 2025 12 17 07 00 00 6.150292465463e-04 2.140865262845e-11 0.000000000000e+00
     3.100000000000e+01 2.236093750000e+02 2.030798876639e-09-4.883367791298e-01
     6.893184036016e-06 4.641683772206e-03-2.985820174217e-06 6.493828577042e+03
     2.844000000000e+05-3.678724169731e-08 6.373336103602e-01-1.932494342327e-07
     8.998330298175e-01 3.084375000000e+02-2.934558216563e+00-2.780830118451e-09
    -4.321608583773e-11                    1.041000000000e+03                   
     2.000000000000e+00 1.000000000000e+00-3.010000000000e-08 0.000000000000e+00
     4.563000000000e+04 2.500000000000e+01                                      
C56 2025 12 24 07 00 00 6.150292465463e-04 2.140865262845e-11 0.000000000000e+00
     3.100000000000e+01 2.236093750000e+02 2.030798876639e-09-4.883367791298e-01
     6.893184036016e-06 4.641683772206e-03-2.985820174217e-06 6.493828577042e+03
     2.844000000000e+05-3.678724169731e-08 6.373336103602e-01-1.932494342327e-07
     8.998330298175e-01 3.084375000000e+02-2.934558216563e+00-2.780830118451e-09
    -4.321608583773e-11                    1.042000000000e+03                   
     2.000000000000e+00 1.000000000000e+00-3.010000000000e-08 0.000000000000e+00
     3.910200000000e+05 2.500000000000e+01                                      
C56 2025 12 31 07 00 00 6.150292465463e-04 2.140865262845e-11 0.000000000000e+00
     3.100000000000e+01 2.236093750000e+02 2.030798876639e-09-4.883367791298e-01
     6.893184036016e-06 4.641683772206e-03-2.985820174217e-06 6.493828577042e+03
     2.844000000000e+05-3.678724169731e-08 6.373336103602e-01-1.932494342327e-07
     8.998330298175e-01 3.084375000000e+02-2.934558216563e+00-2.780830118451e-09
    -4.321608583773e-11                    1.043000000000e+03                   
     2.000000000000e+00 1.000000000000e+00-3.010000000000e-08 0.000000000000e+00
     4.743000000000e+04 2.500000000000e+01                                      
C56 2026 01 07 07 00 00 6.150292465463e-04 2.140865262845e-11 0.000000000000e+00
     3.100000000000e+01 2.236093750000e+02 2.030798876639e-09-4.883367791298e-01
     6.893184036016e-06 4.641683772206e-03-2.985820174217e-06 6.493828577042e+03
     2.844000000000e+05-3.678724169731e-08 6.373336103602e-01-1.932494342327e-07
     8.998330298175e-01 3.084375000000e+02-2.934558216563e+00-2.780830118451e-09
    -4.321608583773e-11                    1.044000000000e+03                   
     2.000000000000e+00 1.000000000000e+00-3.010000000000e-08 0.000000000000e+00
     4.719000000000e+04 2.500000000000e+01                                      
C56 2026 01 14 07 00 00 6.150292465463e-04 2.140865262845e-11 0.000000000000e+00
     3.100000000000e+01 2.236093750000e+02 2.030798876639e-09-4.883367791298e-01
     6.893184036016e-06 4.641683772206e-03-2.985820174217e-06 6.493828577042e+03
     2.844000000000e+05-3.678724169731e-08 6.373336103602e-01-1.932494342327e-07
     8.998330298175e-01 3.084375000000e+02-2.934558216563e+00-2.780830118451e-09
    -4.321608583773e-11                    1.045000000000e+03                   
     2.000000000000e+00 1.000000000000e+00-3.010000000000e-08 0.000000000000e+00
     4.632000000000e+04 2.500000000000e+01                                      
C56 2026 01 21 07 00 00 6.150292465463e-04 2.140865262845e-11 0.000000000000e+00
     3.100000000000e+01 2.236093750000e+02 2.030798876639e-09-4.883367791298e-01
     6.893184036016e-06 4.641683772206e-03-2.985820174217e-06 6.493828577042e+03
     2.844000000000e+05-3.678724169731e-08 6.373336103602e-01-1.932494342327e-07
     8.998330298175e-01 3.084375000000e+02-2.934558216563e+00-2.780830118451e-09
    -4.321608583773e-11                    1.046000000000e+03                   
     2.000000000000e+00 1.000000000000e+00-3.010000000000e-08 0.000000000000e+00
     4.416000000000e+04 2.500000000000e+01                                      
C56 2026 02 04 07 00 00 6.150292465463e-04 2.140865262845e-11 0.000000000000e+00
     3.100000000000e+01 2.236093750000e+02 2.030798876639e-09-4.883367791298e-01
     6.893184036016e-06 4.641683772206e-03-2.985820174217e-06 6.493828577042e+03
     2.844000000000e+05-3.678724169731e-08 6.373336103602e-01-1.932494342327e-07
     8.998330298175e-01 3.084375000000e+02-2.934558216563e+00-2.780830118451e-09
    -4.321608583773e-11                    1.048000000000e+03                   
     2.000000000000e+00 1.000000000000e+00-3.010000000000e-08 0.000000000000e+00
     4.548000000000e+04 2.500000000000e+01                                      
C56 2026 02 11 07 00 00 6.150292465463e-04 2.140865262845e-11 0.000000000000e+00
     3.100000000000e+01 2.236093750000e+02 2.030798876639e-09-4.883367791298e-01
     6.893184036016e-06 4.641683772206e-03-2.985820174217e-06 6.493828577042e+03
     2.844000000000e+05-3.678724169731e-08 6.373336103602e-01-1.932494342327e-07
     8.998330298175e-01 3.084375000000e+02-2.934558216563e+00-2.780830118451e-09
    -4.321608583773e-11                    1.049000000000e+03                   
     2.000000000000e+00 1.000000000000e+00-3.010000000000e-08 0.000000000000e+00
     4.407000000000e+04 2.500000000000e+01                                      
C56 2026 02 18 07 00 00 6.150292465463e-04 2.140865262845e-11 0.000000000000e+00
     3.100000000000e+01 2.236093750000e+02 2.030798876639e-09-4.883367791298e-01
     6.893184036016e-06 4.641683772206e-03-2.985820174217e-06 6.493828577042e+03
     2.844000000000e+05-3.678724169731e-08 6.373336103602e-01-1.932494342327e-07
     8.998330298175e-01 3.084375000000e+02-2.934558216563e+00-2.780830118451e-09
    -4.321608583773e-11                    1.050000000000e+03                   
     2.000000000000e+00 1.000000000000e+00-3.010000000000e-08 0.000000000000e+00
     4.461000000000e+04 2.500000000000e+01                                      
C56 2026 03 04 07 00 00 6.150292465463e-04 2.140865262845e-11 0.000000000000e+00
     3.100000000000e+01 2.236093750000e+02 2.030798876639e-09-4.883367791298e-01
     6.893184036016e-06 4.641683772206e-03-2.985820174217e-06 6.493828577042e+03
     2.844000000000e+05-3.678724169731e-08 6.373336103602e-01-1.932494342327e-07
     8.998330298175e-01 3.084375000000e+02-2.934558216563e+00-2.780830118451e-09
    -4.321608583773e-11                    1.052000000000e+03                   
     2.000000000000e+00 1.000000000000e+00-3.010000000000e-08 0.000000000000e+00
     3.735300000000e+05 2.500000000000e+01                                      
C56 2026 03 11 07 00 00 6.150292465463e-04 2.140865262845e-11 0.000000000000e+00
     3.100000000000e+01 2.236093750000e+02 2.030798876639e-09-4.883367791298e-01
     6.893184036016e-06 4.641683772206e-03-2.985820174217e-06 6.493828577042e+03
     2.844000000000e+05-3.678724169731e-08 6.373336103602e-01-1.932494342327e-07
     8.998330298175e-01 3.084375000000e+02-2.934558216563e+00-2.780830118451e-09
    -4.321608583773e-11                    1.053000000000e+03                   
     2.000000000000e+00 1.000000000000e+00-3.010000000000e-08 0.000000000000e+00
     2.919300000000e+05 2.500000000000e+01                                      
C56 2026 04 22 07 00 00 6.150292465463e-04 2.140865262845e-11 0.000000000000e+00
     3.100000000000e+01 2.236093750000e+02 2.030798876639e-09-4.883367791298e-01
     6.893184036016e-06 4.641683772206e-03-2.985820174217e-06 6.493828577042e+03
     2.844000000000e+05-3.678724169731e-08 6.373336103602e-01-1.932494342327e-07
     8.998330298175e-01 3.084375000000e+02-2.934558216563e+00-2.780830118451e-09
    -4.321608583773e-11                    1.059000000000e+03                   
     2.000000000000e+00 1.000000000000e+00-3.010000071413e-08 0.000000000000e+00
     5.313000000000e+04 2.500000000000e+01                                      
C57 2021 11 02 20 00 00 1.298927236348e-04 3.801403636317e-12 0.000000000000e+00
     2.900000000000e+01 1.277968750000e+02 3.586577966797e-09 3.034701944523e+00
     6.191432476044e-06 5.848238943145e-04 2.180226147175e-06 5.282625308990e+03
     2.448000000000e+05-3.166496753693e-08-2.251441212695e+00 4.004687070847e-08
     9.763719645314e-01 3.246406250000e+02-5.644390679071e-01-6.963861501355e-09
     1.882221259213e-10                    8.260000000000e+02                   
     2.000000000000e+00 1.000000000000e+00-1.030000000000e-08 0.000000000000e+00
     2.523360000000e+05 2.900000000000e+01                                      
C57 2024 06 18 20 00 00 1.298927236348e-04 3.801403636317e-12 0.000000000000e+00
     2.900000000000e+01 1.277968750000e+02 3.586577966797e-09 3.034701944523e+00
     6.191432476044e-06 5.848238943145e-04 2.180226147175e-06 5.282625308990e+03
     2.448000000000e+05-3.166496753693e-08-2.251441212695e+00 4.004687070847e-08
     9.763719645314e-01 3.246406250000e+02-5.644390679071e-01-6.963861501355e-09
     1.882221259213e-10                    9.630000000000e+02                   
     2.000000000000e+00 1.000000000000e+00-1.030000000000e-08 0.000000000000e+00
     3.584699800000e+05 2.900000000000e+01                                      
C57 2024 06 25 20 00 00 1.298927236348e-04 3.801403636317e-12 0.000000000000e+00
     2.900000000000e+01 1.277968750000e+02 3.586577966797e-09 3.034701944523e+00
     6.191432476044e-06 5.848238943145e-04 2.180226147175e-06 5.282625308990e+03
     2.448000000000e+05-3.166496753693e-08-2.251441212695e+00 4.004687070847e-08
     9.763719645314e-01 3.246406250000e+02-5.644390679071e-01-6.963861501355e-09
     1.882221259213e-10                    9.640000000000e+02                   
     2.000000000000e+00 1.000000000000e+00-1.030000000000e-08 0.000000000000e+00
     2.000998000000e+04 2.900000000000e+01                                      
C58 2024 02 28 05 00 00-9.765625000000e-04-1.879865152432e-10 0.000000000000e+00
     3.100000000000e+01-4.206250000000e+01 3.190490039574e-09 9.737284993576e-02
    -2.037733793259e-06 6.833153311163e-04 9.928829967976e-06 5.282618175507e+03
     2.772000000000e+05-4.703179001808e-08 1.971576625017e+00 5.122274160385e-08
     9.749307371385e-01 1.670312500000e+02 9.398374360931e-01-6.581345568031e-09
    -2.007226466182e-10                    9.470000000000e+02                   
     2.000000000000e+00 1.000000000000e+00-9.000000000000e-09 0.000000000000e+00
     3.035400000000e+05 2.500000000000e+01                                      
C58 2024 03 20 05 00 00-9.765625000000e-04-1.879865152432e-10 0.000000000000e+00
     3.100000000000e+01-4.206250000000e+01 3.190490039574e-09 9.737284993576e-02
    -2.037733793259e-06 6.833153311163e-04 9.928829967976e-06 5.282618175507e+03
     2.772000000000e+05-4.703179001808e-08 1.971576625017e+00 5.122274160385e-08
     9.749307371385e-01 1.670312500000e+02 9.398374360931e-01-6.581345568031e-09
    -2.007226466182e-10                    9.500000000000e+02                   
     2.000000000000e+00 1.000000000000e+00-9.000000000000e-09 0.000000000000e+00
     2.063400000000e+05 2.500000000000e+01                                      
C58 2024 04 24 05 00 00-9.765625000000e-04-1.879865152432e-10 0.000000000000e+00
     3.100000000000e+01-4.206250000000e+01 3.190490039574e-09 9.737284993576e-02
    -2.037733793259e-06 6.833153311163e-04 9.928829967976e-06 5.282618175507e+03
     2.772000000000e+05-4.703179001808e-08 1.971576625017e+00 5.122274160385e-08
     9.749307371385e-01 1.670312500000e+02 9.398374360931e-01-6.581345568031e-09
    -2.007226466182e-10                    9.550000000000e+02                   
     2.000000000000e+00 1.000000000000e+00-9.000000000000e-09 0.000000000000e+00
     1.154100000000e+05 2.500000000000e+01                                      
C58 2024 05 29 05 00 00-9.765625000000e-04-1.879865152432e-10 0.000000000000e+00
     3.100000000000e+01-4.206250000000e+01 3.190490039574e-09 9.737284993576e-02
    -2.037733793259e-06 6.833153311163e-04 9.928829967976e-06 5.282618175507e+03
     2.772000000000e+05-4.703179001808e-08 1.971576625017e+00 5.122274160385e-08
     9.749307371385e-01 1.670312500000e+02 9.398374360931e-01-6.581345568031e-09
    -2.007226466182e-10                    9.600000000000e+02                   
     2.000000000000e+00 1.000000000000e+00-9.000000000000e-09 0.000000000000e+00
     3.908160000000e+05 2.500000000000e+01                                      
C58 2024 07 17 05 00 00-9.765625000000e-04-1.879865152432e-10 0.000000000000e+00
     3.100000000000e+01-4.206250000000e+01 3.190490039574e-09 9.737284993576e-02
    -2.037733793259e-06 6.833153311163e-04 9.928829967976e-06 5.282618175507e+03
     2.772000000000e+05-4.703179001808e-08 1.971576625017e+00 5.122274160385e-08
     9.749307371385e-01 1.670312500000e+02 9.398374360931e-01-6.581345568031e-09
    -2.007226466182e-10                    9.670000000000e+02                   
     2.000000000000e+00 1.000000000000e+00-9.000000000000e-09 0.000000000000e+00
     2.902800000000e+05 2.500000000000e+01                                      
C58 2024 07 31 05 00 00-9.765625000000e-04-1.879865152432e-10 0.000000000000e+00
     3.100000000000e+01-4.206250000000e+01 3.190490039574e-09 9.737284993576e-02
    -2.037733793259e-06 6.833153311163e-04 9.928829967976e-06 5.282618175507e+03
     2.772000000000e+05-4.703179001808e-08 1.971576625017e+00 5.122274160385e-08
     9.749307371385e-01 1.670312500000e+02 9.398374360931e-01-6.581345568031e-09
    -2.007226466182e-10                    9.690000000000e+02                   
     2.000000000000e+00 1.000000000000e+00-9.000000000000e-09 0.000000000000e+00
     4.785000000000e+05 2.500000000000e+01                                      
C58 2024 09 25 05 00 00-9.765625000000e-04-1.879865152432e-10 0.000000000000e+00
     3.100000000000e+01-4.206250000000e+01 3.190490039574e-09 9.737284993576e-02
    -2.037733793259e-06 6.833153311163e-04 9.928829967976e-06 5.282618175507e+03
     2.772000000000e+05-4.703179001808e-08 1.971576625017e+00 5.122274160385e-08
     9.749307371385e-01 1.670312500000e+02 9.398374360931e-01-6.581345568031e-09
    -2.007226466182e-10                    9.770000000000e+02                   
     2.000000000000e+00 1.000000000000e+00-9.000000000000e-09 0.000000000000e+00
     0.999900000000e+09 2.500000000000e+01                                      
C58 2025 05 07 05 00 00-9.765625000000e-04-1.879865152432e-10 0.000000000000e+00
     3.100000000000e+01-4.206250000000e+01 3.190490039574e-09 9.737284993576e-02
    -2.037733793259e-06 6.833153311163e-04 9.928829967976e-06 5.282618175507e+03
     2.772000000000e+05-4.703179001808e-08 1.971576625017e+00 5.122274160385e-08
     9.749307371385e-01 1.670312500000e+02 9.398374360931e-01-6.581345568031e-09
    -2.007226466182e-10                    1.009000000000e+03                   
     2.000000000000e+00 1.000000000000e+00-9.000000000000e-09 0.000000000000e+00
     2.007000000000e+05 2.500000000000e+01                                      
C58 2025 06 11 05 00 00-9.765625000000e-04-1.879865152432e-10 0.000000000000e+00
     3.100000000000e+01-4.206250000000e+01 3.190490039574e-09 9.737284993576e-02
    -2.037733793259e-06 6.833153311163e-04 9.928829967976e-06 5.282618175507e+03
     2.772000000000e+05-4.703179001808e-08 1.971576625017e+00 5.122274160385e-08
     9.749307371385e-01 1.670312500000e+02 9.398374360931e-01-6.581345568031e-09
    -2.007226466182e-10                    1.014000000000e+03                   
     2.000000000000e+00 1.000000000000e+00-9.000000000000e-09 0.000000000000e+00
     4.772400000000e+05 2.500000000000e+01                                      
C58 2026 03 25 05 00 00-9.765625000000e-04-1.879865152432e-10 0.000000000000e+00
     3.100000000000e+01-4.206250000000e+01 3.190490039574e-09 9.737284993576e-02
    -2.037733793259e-06 6.833153311163e-04 9.928829967976e-06 5.282618175507e+03
     2.772000000000e+05-4.703179001808e-08 1.971576625017e+00 5.122274160385e-08
     9.749307371385e-01 1.670312500000e+02 9.398374360931e-01-6.581345568031e-09
    -2.007226466182e-10                    1.055000000000e+03                   
     2.000000000000e+00 1.000000000000e+00-9.000000000000e-09 0.000000000000e+00
     2.290500000000e+05 2.500000000000e+01                                      
C58 2026 04 15 05 00 00-9.765625000000e-04-1.879865152432e-10 0.000000000000e+00
     3.100000000000e+01-4.206250000000e+01 3.190490039574e-09 9.737284993576e-02
    -2.037733793259e-06 6.833153311163e-04 9.928829967976e-06 5.282618175507e+03
     2.772000000000e+05-4.703179001808e-08 1.971576625017e+00 5.122274160385e-08
     9.749307371385e-01 1.670312500000e+02 9.398374360931e-01-6.581345568031e-09
    -2.007226466182e-10                    1.058000000000e+03                   
     2.000000000000e+00 1.000000000000e+00-9.000000000000e-09 0.000000000000e+00
     2.769000000000e+04 2.500000000000e+01                                      
C58 2026 04 22 05 00 00-9.765625000000e-04-1.879865152432e-10 0.000000000000e+00
     3.100000000000e+01-4.206250000000e+01 3.190490039574e-09 9.737284993576e-02
    -2.037733793259e-06 6.833153311163e-04 9.928829967976e-06 5.282618175507e+03
     2.772000000000e+05-4.703179001808e-08 1.971576625017e+00 5.122274160385e-08
     9.749307371385e-01 1.670312500000e+02 9.398374360931e-01-6.581345568031e-09
    -2.007226466182e-10                    1.059000000000e+03                   
     2.000000000000e+00 1.000000000000e+00-8.999999856485e-09 0.000000000000e+00
     5.313000000000e+04 2.500000000000e+01                                      
C59 2026 04 19 14 00 00-7.891794666648e-07-3.197442310920e-14 0.000000000000e+00
     1.000000000000e+00 4.541562500000e+02-1.231122709774e-09 1.250261653913e+00
     1.486251130700e-05 2.340578939766e-04 2.067023888230e-05 6.493368049622e+03
     5.040000000000e+04 9.732320904732e-08 6.435434635398e-01 2.328306436539e-09
     8.979463146111e-02-6.231562500000e+02-2.057246882259e+00 2.219735318029e-09
    -6.814569568461e-10                    1.059000000000e+03                   
     2.000000000000e+00 0.000000000000e+00 4.499999928242e-09 4.500000000000e-09
     5.040000000000e+04 1.000000000000e+00                                      
C59 2026 04 19 15 00 00-7.895287126303e-07-5.417888360171e-14 0.000000000000e+00
     1.000000000000e+00 6.527187500000e+02-2.732256666600e-09 1.494776372510e+00
     2.150330692530e-05 2.338761696592e-04 1.068785786629e-05 6.493378210068e+03
     5.400000000000e+04 1.373700797558e-07 8.939136785214e-01-3.259629011154e-09
     9.217537849164e-02-3.193281250000e+02-2.289645498274e+00 3.668367087928e-09
    -6.357407668690e-10                    1.059000000000e+03                   
     2.000000000000e+00 0.000000000000e+00 4.499999928242e-09 4.500000000000e-09
     5.400000000000e+04 1.000000000000e+00                                      
C59 2026 04 19 16 00 00-7.890630513430e-07 2.131628207280e-14 0.000000000000e+00
     1.000000000000e+00 7.198906250000e+02-3.874089942825e-09 1.754876783331e+00
     2.378365024924e-05 2.337573096156e-04-7.082708179951e-07 6.493379590988e+03
     5.760000000000e+04 1.401640474796e-07 1.138667971897e+00-1.257285475731e-08
     9.421334479826e-02 2.562500000000e+01-2.532042757059e+00 4.810557521887e-09
    -5.582375385485e-10                    1.059000000000e+03                   
     2.000000000000e+00 0.000000000000e+00 4.499999928242e-09 4.500000000000e-09
     5.760000000000e+04 1.000000000000e+00                                      
C59 2026 04 19 17 00 00-7.887138053775e-07 6.661338147751e-14 0.000000000000e+00
     1.000000000000e+00 6.595312500000e+02-4.744126183327e-09 2.028815824254e+00
     2.180831506848e-05 2.355461474508e-04-1.127785071731e-05 6.493371818542e+03
     6.120000000000e+04 1.075677573681e-07 1.379110874532e+00-3.166496753693e-08
     9.579487773831e-02 3.444062500000e+02-2.783990493659e+00 5.734524580252e-09
    -4.496615873529e-10                    1.059000000000e+03                   
     2.000000000000e+00 0.000000000000e+00 4.499999928242e-09 4.500000000000e-09
     6.120000000000e+04 1.000000000000e+00                                      
C60 2022 02 03 13 00 00-1.165317371488e-07-2.753353101070e-14 0.000000000000e+00
     1.000000000000e+00-6.151093750000e+02-3.388712582052e-09 4.772755604428e-04
    -2.020550891757e-05 1.352817052975e-04 2.309354022145e-05 6.493416059494e+03
     3.924000000000e+05-1.010484993458e-07 1.205158189619e-01-1.126900315285e-07
     5.253911408785e-02-7.119843750000e+02-1.526264870784e+00 4.292321649569e-09
     4.900204113170e-10                    8.390000000000e+02                   
     2.000000000000e+00 0.000000000000e+00 4.980000000000e-08 4.980000000000e-08
     3.931804000000e+05 1.000000000000e+00                                      
C60 2025 07 05 07 00 00-9.065261110663e-07-2.486899575160e-14 0.000000000000e+00
     1.000000000000e+00-3.852812500000e+02 1.114975014613e-08 2.635904652238e-01
    -1.263339072466e-05 2.025672001764e-04-4.302710294724e-07 6.493417339325e+03
     5.436000000000e+05-6.519258022308e-09-1.480460087951e+00-1.220032572746e-07
     3.894274175579e-02 2.092187500000e+01-1.729282011880e+00-9.998630768819e-09
    -4.221604418198e-10                    1.017000000000e+03                   
     2.000000000000e+00 0.000000000000e+00 4.800000000000e-08 4.800000000000e-08
     5.438404000000e+05 1.000000000000e+00                                      
C60 2026 04 11 12 00 00 3.410968929529e-07 1.332267629550e-14 0.000000000000e+00
     1.000000000000e+00 2.201406250000e+02 7.957831475623e-09 1.099204421065e+00
     7.403083145618e-06 2.867013681680e-04 6.864313036203e-06 6.493452299118e+03
     5.616000000000e+05-7.078051567078e-08-3.298644636532e-01 1.597218215466e-07
     4.973057908966e-02-2.092500000000e+02-2.402952841065e+00-7.033507259523e-09
     1.064330047904e-10                    1.057000000000e+03                   
     2.000000000000e+00 0.000000000000e+00 4.730000000000e-08 4.730000000000e-08
     5.622304000000e+05 1.000000000000e+00                                      
C60 2026 04 17 13 00 00 3.492459654808e-07-5.329070518201e-15 0.000000000000e+00
     1.000000000000e+00 3.882343750000e+02-2.930836366813e-09 1.610770842728e+00
     1.260498538613e-05 2.420309465379e-04 2.815760672092e-05 6.493381959915e+03
     4.788000000000e+05 1.681037247181e-07 2.405961930429e-01 4.656612873077e-09
     4.032853333100e-02-8.512812500000e+02 3.043978262713e+00 4.053025967657e-09
    -6.425267638188e-10                    1.058000000000e+03                   
     2.000000000000e+00 1.000000000000e+00 4.730000000000e-08 4.730000000000e-08
     4.790704000000e+05 1.000000000000e+00                                      
C62 2026 04 19 14 00 00-2.305023372173e-08-1.243449787580e-13 0.000000000000e+00
     2.600000000000e+01-4.997187500000e+02 6.812426622056e-09 2.564465831770e+00
    -1.658592373133e-05 6.928131915629e-04 1.585809513927e-05 6.493567178726e+03
     5.040000000000e+04-1.750886440277e-07-6.482044302592e-02 2.281740307808e-08
     5.960392146257e-02-4.843750000000e+02-2.315095070717e+00-5.864887153234e-09
    -9.014661211109e-10 0.000000000000e+00 1.059000000000e+03 0.000000000000e+00
     2.000000000000e+00 1.000000000000e+00 4.170000000000e-08 4.170000000000e-08
     5.042760000000e+04 1.000000000000e+00                                      
C62 2026 04 19 15 00 00-2.316664904356e-08-7.638334409421e-14 0.000000000000e+00
     2.600000000000e+01-5.182812500000e+01 1.944009547229e-09 2.827095750834e+00
    -1.842621713877e-06 6.934537086636e-04 2.302369102836e-05 6.493565563202e+03
     5.400000000000e+04-1.410953700542e-07 3.016924811257e-01 9.359791874886e-08
     4.754293139393e-02-6.990468750000e+02-2.681258939689e+00-9.796836648999e-10
    -9.564684121771e-10 0.000000000000e+00 1.059000000000e+03 0.000000000000e+00
     2.000000000000e+00 1.000000000000e+00 4.170000000000e-08 4.170000000000e-08
     5.402760000000e+04 1.000000000000e+00                                      
C62 2026 04 19 16 00 00-2.305023372173e-08-3.019806626980e-14 0.000000000000e+00
     2.600000000000e+01 5.534531250000e+02-9.924699117841e-09 3.089169383596e+00
     1.816451549530e-05 6.975661963224e-04 1.546414569020e-05 6.493555458069e+03
     5.760000000000e+04 1.033768057823e-07 7.983675977979e-01 1.899898052216e-07
     3.886754337776e-02-4.680625000000e+02 3.106223637837e+00 1.095152760365e-08
    -8.689647672991e-10 0.000000000000e+00 1.059000000000e+03 0.000000000000e+00
     2.000000000000e+00 1.000000000000e+00 4.170000000000e-08 4.170000000000e-08
     5.762760000000e+04 1.000000000000e+00                                      
C62 2026 04 19 17 00 00-2.351589500904e-08-7.815970093361e-14 0.000000000000e+00
     2.600000000000e+01 6.485781250000e+02-1.168655822063e-08-2.932798870319e+00
     2.134870737791e-05 7.002898491919e-04-1.099053770304e-05 6.493548547745e+03
     6.120000000000e+04-3.818422555923e-07 1.409351894283e+00 6.663613021374e-07
     3.680425688503e-02 3.351875000000e+02 2.497099956636e+00 1.275338837267e-08
    -5.968105738417e-10 0.000000000000e+00 1.059000000000e+03 0.000000000000e+00
     2.000000000000e+00 1.000000000000e+00 4.170000000000e-08 4.170000000000e-08
     6.122760000000e+04 1.000000000000e+00                                      
