<?xml version="1.0" encoding="utf-8"?>
<kml xmlns="http://www.opengis.net/kml/2.2">
  <Document>
    <name>gnss_log_2026_04_19_10_51_13_rawPr.kml</name>
    <Placemark>
      <Snippet maxLines="0"> </Snippet>
      <description> </description>
      <name>Line 1</name>
      <Style>
        <LineStyle>
          <color>80ffffff</color>
        </LineStyle>
      </Style>
      <LineString>
        <altitudeMode>clampToGround</altitudeMode>
        <coordinates> 87.3263513082661,22.3148283623207,0 87.3263330475492,22.3147682198992,0 87.3263190260516,22.3147801066812,0 87.3263845602296,22.3148437585399,0 87.3262278655178,22.3147648357675,0 87.3263937321727,22.3148702150428,0 87.3262694313062,22.3148268070637,0 87.3263476260496,22.3148687778468,0 87.3263849267052,22.3148126774087,0 87.3264139221576,22.3148762285875,0 87.3263384074368,22.3148479606272,0 87.3263623143557,22.3148842215408,0 87.32635808693,22.3148571758158,0 87.3263278080641,22.3148734172955,0 87.3263267054904,22.3148396289364,0 87.3263830718234,22.3148632126684,0 87.326392320168,22.3148335632025,0 87.3263269879995,22.3148494139611,0 87.3263683412903,22.3149218948022,0 87.3264030129651,22.3148772081781,0 87.3264380926124,22.3149075761535,0 87.3264200383894,22.314918161121,0 87.3263956258594,22.3148699361342,0 87.3264540101304,22.3149228715963,0 87.3264340608309,22.3148788486794,0 87.3264483984893,22.3149052587907,0 87.3263881525976,22.3148609978553,0 87.3263579470812,22.3148649287749,0 87.3263830856153,22.3148473929251,0 87.3264446842906,22.314909238476,0 87.3263990272365,22.3149026280906,0 87.3264042913576,22.3149129138324,0 87.3264715952217,22.3149195365321,0 87.3263843917032,22.31489034358,0 87.3264033792828,22.3148916453656,0 87.3263788112232,22.3148728636006,0 87.3263534394786,22.3147909970388,0 87.3264094240857,22.314866903922,0 87.3263177859882,22.3147883879127,0 87.3262976177263,22.314750899063,0 87.3263086915462,22.3148006871151,0 87.3263071728539,22.314785577194,0 87.3263171713201,22.3147436831912,0 87.3263235833575,22.3147929106538,0 87.3263166956068,22.3147810599501,0 87.3263126852526,22.3148044872704,0 87.3263178513204,22.3147971032299,0 87.3263326611814,22.3148550626313,0 87.3264238626944,22.3148969798058,0 87.326386721844,22.3148594220459,0 87.3263116520029,22.3148042168018,0 87.32639453263,22.3148727142386,0 87.3263629329079,22.3148486921995,0 87.326337322798,22.3148283628586,0 87.3263265731584,22.3148352169325,0 87.3263180690861,22.3148331526994,0 87.3263780538665,22.3148631038467,0 87.3263754767827,22.3148474718859,0 87.3263454156463,22.3148396155746,0 87.3263272425522,22.3148194158344,0 87.3262986141189,22.3148362491074,0 87.3264044967105,22.3148344703937,0 87.326350608924,22.3148444718264,0 87.3263497445735,22.3148331304971,0 87.326416633394,22.3148160217592,0 87.3263097471276,22.3148247076594,0 87.3263867508998,22.3147782160434,0 87.3263086888616,22.3148019408391,0 87.3263534359168,22.3148493762111,0 87.326381577456,22.3148593386538,0 87.3263794786357,22.3147755498966,0 87.3263273883402,22.3147768503186,0 87.3263400990167,22.3148556884295,0 87.3263876524601,22.31481248519,0 87.3264070956001,22.314887557703,0 87.3263911036224,22.3148702227729,0 87.3264547951506,22.3148404393025,0 87.3263734586522,22.3148714403354,0 87.3264654666614,22.3149129078927,0 87.326387952513,22.3148396451529,0 87.3263624621665,22.3148434428229,0 87.3263866331714,22.3148237760104,0 87.3263977063768,22.3148368331137,0 87.3263758506467,22.3149021775706,0 87.3264086376753,22.3148665678905,0 87.3263263462121,22.3147968299789,0 87.3264310472196,22.314925038287,0 87.326421221298,22.3148452099541,0 87.326385177481,22.3148384600571,0 87.3263452883531,22.3148480719874,0 87.3264193205656,22.3149003309868,0 87.3263809300394,22.3148393387251,0 87.3264342162396,22.3148422544378,0 87.3264257765087,22.3148799702237,0 87.3263778077369,22.3148398067036,0 87.3263629714182,22.3148070007709,0 87.3264329981151,22.3148488974044,0 87.3264294004804,22.3148181322972,0 87.3264391474137,22.3148574283734,0 87.3264294465747,22.3148465437932,0 87.3263832694917,22.3148012844537,0 87.3263695766146,22.3148234075243,0 87.3262699194164,22.3148125398715,0 87.3263936882027,22.3148442080475,0 87.3263562615748,22.3148331557803,0 87.3264008772524,22.314769298096,0 87.326388514993,22.3147883309419,0 87.3263618230161,22.3148259427999,0 87.3263605755779,22.3148114788457,0 87.3263176403161,22.3148081332329,0 87.3263112431139,22.3147756569122,0 87.326324344047,22.3147720379868,0 87.3263383111012,22.314825393908,0 87.3263770721471,22.3147863012485,0 87.3263050178446,22.3148367098481,0 87.3263116268881,22.3147837576258,0 87.326320206411,22.3148135760753,0 87.3263237139075,22.3147870364544,0 87.3262807880621,22.314829009234,0 87.3263249675957,22.3147955327774,0 87.326279501544,22.3148069063448,0 87.3262870140716,22.3148382946581,0 87.3263970661851,22.3148647172423,0 87.3262824582928,22.3148330724362,0 87.326302132725,22.3148845253857,0 87.3263137609411,22.3148512883059,0 87.32632569798,22.3148724599731,0 87.3263555156742,22.3148911959763,0 87.3263798397866,22.3148774211714,0 87.3263368572085,22.3148592747667,0 87.3263449657606,22.3148553532634,0 87.3263689150035,22.314946022836,0 87.3263252035996,22.3148278778023,0 87.3262610558446,22.3148513397925,0 87.3263227677981,22.314827565065,0 87.3263213125564,22.3148110173329,0 87.3263225779883,22.314806166944,0 87.3262911323508,22.3148406129232,0 87.3263448434904,22.3148713115288,0 87.3262859308657,22.3148470657708,0 87.3262896839358,22.3148510526866,0 87.3263267738289,22.3147901290856,0 87.3262140394016,22.314792673776,0 87.3262782005577,22.3147992008751,0 87.3263696927201,22.3148345077909,0 87.3263025607063,22.3148208475234,0 87.3263056825983,22.3148659262803,0 87.3262946864616,22.3147663342701,0 87.3263259365885,22.314803898639,0 87.3263568160483,22.314843073277,0 87.326307987644,22.3148453848226,0 87.3263111053448,22.3148676517417,0 87.3263280781758,22.3148659304775,0 87.3263584774814,22.3148263324553,0 87.3262942036451,22.3148310829865,0 87.3263444481274,22.3148776728373,0 87.3263185155932,22.3148985852975,0 87.3263065624851,22.3148106595709,0 87.3263582575132,22.3148809688473,0 87.3263212309405,22.3148424517054,0 87.3262930478971,22.31486565729,0 87.3263210840955,22.3148486840112,0 87.3263370676333,22.3148223696646,0 87.3263114622805,22.3148132682185,0 87.3263086998022,22.3148311720479,0 87.3264119224213,22.3148931206263,0 87.3263620748028,22.3148307729602,0 87.326310067938,22.3149048993401,0 87.3263069925813,22.3147889252557,0 87.3263467705632,22.3148468928725,0 87.3263253749668,22.314857128786,0 87.3263290594619,22.314882194867,0 87.3263687368585,22.3149344712557,0 87.3264140297707,22.3149117047034,0 87.3263244579771,22.314882308372,0 87.3263888153377,22.3149123550289,0 87.3263986614499,22.31495574047,0 87.326363764933,22.3149015046722,0 87.3262997463539,22.3148151855606,0 87.326386441033,22.3148733234368,0 87.3263992550988,22.3149042975125,0 87.3263701581606,22.3148858330277,0 87.3264146592034,22.3149151730328,0 87.3263914987283,22.3148236738482,0 87.3264451545375,22.3148716033856,0 87.3263987786713,22.3148889779981,0 87.3264067397556,22.3148742043835,0 87.3264097869573,22.3148532636753,0 87.3263471924596,22.3148240798351,0 87.3263861039919,22.3148425774606,0 87.3263791815461,22.3147995214765,0 87.3263270260782,22.3148390325368,0 87.3263074799012,22.3148647831071,0 87.3262951510389,22.3148421460619,0 87.3263253079958,22.3148530684678,0 87.326307579151,22.3148781775248,0 87.3263730543971,22.3148665159943,0 87.3263123543965,22.3148013380198,0 87.3263254427426,22.3148430050115,0 87.3262914698915,22.3148587851252,0 87.3263356407831,22.3148669884977,0 87.326354968609,22.3149041513014,0 87.3263665094857,22.314897183161,0 87.3264372782288,22.3149368392897,0 87.3264234884357,22.3149107788523,0 87.3263722822918,22.3148293028362,0 87.3263294428239,22.3148323540006,0 87.3263692968486,22.3148425393003,0 87.3263592942405,22.3148589096477,0 87.326357485239,22.3148788330301,0 87.3264025108936,22.3148709514384,0 87.3263633136479,22.3148698818601,0 87.3263064377172,22.3148324448577,0 87.3263540979847,22.3148144244381,0 87.3262930540074,22.3147970215579,0 87.3263102615045,22.3148226265223,0 87.3263293115443,22.3147833316901,0 87.3263327124479,22.3148079097525,0 87.3263088854047,22.3148257759984,0 87.3263242726348,22.3148603504514,0 87.3263195386291,22.3148100026241,0 87.3263964095813,22.314872499049,0 87.3263871131912,22.3148500336186,0 87.3263066813803,22.3149343711547,0 87.3263640798672,22.3149418151579,0 87.3264236037818,22.3148777116984,0 87.326386181916,22.3148190585274,0 87.326354231899,22.3148373175267,0 87.3263366961866,22.3149159534428,0 87.3263909550789,22.3148410083979,0 87.3263863859047,22.3148735828784,0 87.3263908368067,22.3148301500503,0 87.3263199710871,22.3148755383667,0 87.3263761851683,22.3148748470206,0 87.3263315379034,22.3148337150478,0 87.3263556897021,22.3147822587437,0 87.3263295262239,22.3148278080112,0 87.3263134274588,22.3148262972833,0 87.3263353462276,22.314845159983,0 87.3263231643223,22.3148693588116,0 87.3263185498345,22.3147895059178,0 87.326364018316,22.3148581887317,0 87.3263868344729,22.3148675689244,0 87.3264096376262,22.314863065324,0 87.3263569664828,22.3148861131569,0 87.3264032175299,22.3148909221318,0 87.3263695742151,22.314829203956,0 87.3264012786727,22.3148602174767,0 87.3264560889682,22.3148795602087,0 87.3263989622697,22.314845362776,0 87.3262923568371,22.3148082659364,0 87.3263933860318,22.3149393375705,0 87.3263517818295,22.3148591602434,0 87.3263869017613,22.3148665571632,0 87.3264026099445,22.3149165284986,0 87.3263219605081,22.3148639002906,0 87.3263038193829,22.3149004864815,0 87.3263099437413,22.3149453797703,0 87.3263564362424,22.3148826588627,0 87.3263539721276,22.3148026877426,0 87.3264127107989,22.3148980786213,0 87.3264532781428,22.3148533277158,0 87.3263307352824,22.3148845584765,0 87.3263333182855,22.3148975810607,0 87.3263340549883,22.3148187267976,0 87.3263246650223,22.3148363594411,0 87.3262992757422,22.314829790429,0 87.3263639393818,22.3147903187123,0 87.3263846565677,22.3148182849363,0 87.3264098779303,22.3148561933038,0 87.3264108328722,22.3148855653501,0 87.3263149229605,22.3148323315042,0 87.3264008126317,22.3148020219537,0 87.3263905249301,22.3148331136342,0 87.3263455646352,22.3147717730053,0 87.3263609525822,22.3148129257509,0 87.326419307305,22.3147674756895,0 87.3263337818272,22.3148012559972,0 87.3263774018174,22.3148544468555,0 87.3263691846403,22.3148693212594,0 87.3263663073156,22.3148284585752,0 87.326375979088,22.314851640858,0 87.326398927561,22.3148842418362,0 87.32642625353,22.314928579634,0 87.3263688405905,22.3148413903084,0 87.3263078810468,22.3148553808891,0 87.3264076273186,22.3148788435916,0 87.3263114121556,22.3148632171763,0 87.3263118234981,22.3148847189288,0 87.3263464661081,22.3148768536847,0 87.3263252659011,22.314846051455,0 87.3262852569684,22.3148991435398,0 87.3263223662715,22.3148620570061,0 87.3263380151975,22.3149147458164,0 87.3263708966718,22.3148839787659,0 87.3264024881216,22.3148633126598,0 87.3263528432503,22.3148023208493,0 87.3263771219678,22.314860271416,0 87.3263410165297,22.3148608411779,0 87.3263843368048,22.3148661793194,0</coordinates>
      </LineString>
    </Placemark>
    <Placemark>
      <Snippet maxLines="0"> </Snippet>
      <description>1
UTC 19-04-2026 05:21:14.42
GpsMilliseconds 1460611292418
22.3148284,87.3263513, EA(3m)
AltWgs84 -10.4 m, EA(6m)
Hdg 251 deg, Spd 0.0 m/s
EA(45.7 deg, 3.8 m/s)</description>
      <Style>
        <IconStyle>
          <Icon>
            <href>http://maps.google.com/mapfiles/kml/shapes/shaded_dot.png</href>
          </Icon>
          <scale>0.6</scale>
          <color>bf3744db</color>
        </IconStyle>
      </Style>
      <Point>
        <altitudeMode>clampToGround</altitudeMode>
        <coordinates>87.3263513082661,22.3148283623207,0</coordinates>
      </Point>
    </Placemark>
    <Placemark>
      <Snippet maxLines="0"> </Snippet>
      <description>2
UTC 19-04-2026 05:21:15.76
GpsMilliseconds 1460611293763
22.3147682,87.3263330, EA(3m)
AltWgs84 -11.5 m, EA(6m)
Hdg 291 deg, Spd 0.0 m/s
EA(52.1 deg, 3.4 m/s)</description>
      <Style>
        <IconStyle>
          <Icon>
            <href>http://maps.google.com/mapfiles/kml/shapes/shaded_dot.png</href>
          </Icon>
          <scale>0.6</scale>
          <color>bf3744db</color>
        </IconStyle>
      </Style>
      <Point>
        <altitudeMode>clampToGround</altitudeMode>
        <coordinates>87.3263330475492,22.3147682198992,0</coordinates>
      </Point>
    </Placemark>
    <Placemark>
      <Snippet maxLines="0"> </Snippet>
      <description>3
UTC 19-04-2026 05:21:16.74
GpsMilliseconds 1460611294742
22.3147801,87.3263190, EA(4m)
AltWgs84 -22.4 m, EA(6m)
Hdg 358 deg, Spd 0.1 m/s
EA(41.4 deg, 3.8 m/s)</description>
      <Style>
        <IconStyle>
          <Icon>
            <href>http://maps.google.com/mapfiles/kml/shapes/shaded_dot.png</href>
          </Icon>
          <scale>0.6</scale>
          <color>bf3744db</color>
        </IconStyle>
      </Style>
      <Point>
        <altitudeMode>clampToGround</altitudeMode>
        <coordinates>87.3263190260516,22.3147801066812,0</coordinates>
      </Point>
    </Placemark>
    <Placemark>
      <Snippet maxLines="0"> </Snippet>
      <description>4
UTC 19-04-2026 05:21:17.78
GpsMilliseconds 1460611295775
22.3148438,87.3263846, EA(4m)
AltWgs84 -12.1 m, EA(5m)
Hdg 228 deg, Spd 0.0 m/s
EA(45.5 deg, 3.9 m/s)</description>
      <Style>
        <IconStyle>
          <Icon>
            <href>http://maps.google.com/mapfiles/kml/shapes/shaded_dot.png</href>
          </Icon>
          <scale>0.6</scale>
          <color>bf3744db</color>
        </IconStyle>
      </Style>
      <Point>
        <altitudeMode>clampToGround</altitudeMode>
        <coordinates>87.3263845602296,22.3148437585399,0</coordinates>
      </Point>
    </Placemark>
    <Placemark>
      <Snippet maxLines="0"> </Snippet>
      <description>5
UTC 19-04-2026 05:21:18.75
GpsMilliseconds 1460611296752
22.3147648,87.3262279, EA(4m)
AltWgs84 -22.2 m, EA(6m)
Hdg 325 deg, Spd 0.0 m/s
EA(47.7 deg, 4.3 m/s)</description>
      <Style>
        <IconStyle>
          <Icon>
            <href>http://maps.google.com/mapfiles/kml/shapes/shaded_dot.png</href>
          </Icon>
          <scale>0.6</scale>
          <color>bf3744db</color>
        </IconStyle>
      </Style>
      <Point>
        <altitudeMode>clampToGround</altitudeMode>
        <coordinates>87.3262278655178,22.3147648357675,0</coordinates>
      </Point>
    </Placemark>
    <Placemark>
      <Snippet maxLines="0"> </Snippet>
      <description>6
UTC 19-04-2026 05:21:19.76
GpsMilliseconds 1460611297762
22.3148702,87.3263937, EA(4m)
AltWgs84 -18.4 m, EA(6m)
Hdg 40 deg, Spd 0.1 m/s
EA(50.8 deg, 4.5 m/s)</description>
      <Style>
        <IconStyle>
          <Icon>
            <href>http://maps.google.com/mapfiles/kml/shapes/shaded_dot.png</href>
          </Icon>
          <scale>0.6</scale>
          <color>bf3744db</color>
        </IconStyle>
      </Style>
      <Point>
        <altitudeMode>clampToGround</altitudeMode>
        <coordinates>87.3263937321727,22.3148702150428,0</coordinates>
      </Point>
    </Placemark>
    <Placemark>
      <Snippet maxLines="0"> </Snippet>
      <description>7
UTC 19-04-2026 05:21:20.75
GpsMilliseconds 1460611298754
22.3148268,87.3262694, EA(4m)
AltWgs84 -29.8 m, EA(6m)
Hdg 216 deg, Spd 0.1 m/s
EA(43.8 deg, 4.0 m/s)</description>
      <Style>
        <IconStyle>
          <Icon>
            <href>http://maps.google.com/mapfiles/kml/shapes/shaded_dot.png</href>
          </Icon>
          <scale>0.6</scale>
          <color>bf3744db</color>
        </IconStyle>
      </Style>
      <Point>
        <altitudeMode>clampToGround</altitudeMode>
        <coordinates>87.3262694313062,22.3148268070637,0</coordinates>
      </Point>
    </Placemark>
    <Placemark>
      <Snippet maxLines="0"> </Snippet>
      <description>8
UTC 19-04-2026 05:21:21.77
GpsMilliseconds 1460611299771
22.3148688,87.3263476, EA(3m)
AltWgs84 -21.8 m, EA(7m)
Hdg 207 deg, Spd 0.1 m/s
EA(53.3 deg, 3.4 m/s)</description>
      <Style>
        <IconStyle>
          <Icon>
            <href>http://maps.google.com/mapfiles/kml/shapes/shaded_dot.png</href>
          </Icon>
          <scale>0.6</scale>
          <color>bf3744db</color>
        </IconStyle>
      </Style>
      <Point>
        <altitudeMode>clampToGround</altitudeMode>
        <coordinates>87.3263476260496,22.3148687778468,0</coordinates>
      </Point>
    </Placemark>
    <Placemark>
      <Snippet maxLines="0"> </Snippet>
      <description>9
UTC 19-04-2026 05:21:22.75
GpsMilliseconds 1460611300752
22.3148127,87.3263849, EA(3m)
AltWgs84 6.6 m, EA(6m)
Hdg 158 deg, Spd 0.1 m/s
EA(51.9 deg, 3.1 m/s)</description>
      <Style>
        <IconStyle>
          <Icon>
            <href>http://maps.google.com/mapfiles/kml/shapes/shaded_dot.png</href>
          </Icon>
          <scale>0.6</scale>
          <color>bf3744db</color>
        </IconStyle>
      </Style>
      <Point>
        <altitudeMode>clampToGround</altitudeMode>
        <coordinates>87.3263849267052,22.3148126774087,0</coordinates>
      </Point>
    </Placemark>
    <Placemark>
      <Snippet maxLines="0"> </Snippet>
      <description>10
UTC 19-04-2026 05:21:23.75
GpsMilliseconds 1460611301747
22.3148762,87.3264139, EA(3m)
AltWgs84 -15.0 m, EA(7m)
Hdg 27 deg, Spd 0.2 m/s
EA(53.7 deg, 4.1 m/s)</description>
      <Style>
        <IconStyle>
          <Icon>
            <href>http://maps.google.com/mapfiles/kml/shapes/shaded_dot.png</href>
          </Icon>
          <scale>0.6</scale>
          <color>bf3744db</color>
        </IconStyle>
      </Style>
      <Point>
        <altitudeMode>clampToGround</altitudeMode>
        <coordinates>87.3264139221576,22.3148762285875,0</coordinates>
      </Point>
    </Placemark>
    <Placemark>
      <Snippet maxLines="0"> </Snippet>
      <description>11
UTC 19-04-2026 05:21:24.77
GpsMilliseconds 1460611302770
22.3148480,87.3263384, EA(4m)
AltWgs84 -32.5 m, EA(6m)
Hdg 241 deg, Spd 0.1 m/s
EA(50.6 deg, 4.3 m/s)</description>
      <Style>
        <IconStyle>
          <Icon>
            <href>http://maps.google.com/mapfiles/kml/shapes/shaded_dot.png</href>
          </Icon>
          <scale>0.6</scale>
          <color>bf3744db</color>
        </IconStyle>
      </Style>
      <Point>
        <altitudeMode>clampToGround</altitudeMode>
        <coordinates>87.3263384074368,22.3148479606272,0</coordinates>
      </Point>
    </Placemark>
    <Placemark>
      <Snippet maxLines="0"> </Snippet>
      <description>12
UTC 19-04-2026 05:21:25.75
GpsMilliseconds 1460611303748
22.3148842,87.3263623, EA(4m)
AltWgs84 -20.3 m, EA(6m)
Hdg 219 deg, Spd 0.1 m/s
EA(46.3 deg, 3.9 m/s)</description>
      <Style>
        <IconStyle>
          <Icon>
            <href>http://maps.google.com/mapfiles/kml/shapes/shaded_dot.png</href>
          </Icon>
          <scale>0.6</scale>
          <color>bf3744db</color>
        </IconStyle>
      </Style>
      <Point>
        <altitudeMode>clampToGround</altitudeMode>
        <coordinates>87.3263623143557,22.3148842215408,0</coordinates>
      </Point>
    </Placemark>
    <Placemark>
      <Snippet maxLines="0"> </Snippet>
      <description>13
UTC 19-04-2026 05:21:26.77
GpsMilliseconds 1460611304769
22.3148572,87.3263581, EA(4m)
AltWgs84 -18.5 m, EA(6m)
Hdg 209 deg, Spd 0.1 m/s
EA(48.7 deg, 3.9 m/s)</description>
      <Style>
        <IconStyle>
          <Icon>
            <href>http://maps.google.com/mapfiles/kml/shapes/shaded_dot.png</href>
          </Icon>
          <scale>0.6</scale>
          <color>bf3744db</color>
        </IconStyle>
      </Style>
      <Point>
        <altitudeMode>clampToGround</altitudeMode>
        <coordinates>87.32635808693,22.3148571758158,0</coordinates>
      </Point>
    </Placemark>
    <Placemark>
      <Snippet maxLines="0"> </Snippet>
      <description>14
UTC 19-04-2026 05:21:27.76
GpsMilliseconds 1460611305760
22.3148734,87.3263278, EA(3m)
AltWgs84 -26.8 m, EA(6m)
Hdg 38 deg, Spd 0.2 m/s
EA(51.7 deg, 3.6 m/s)</description>
      <Style>
        <IconStyle>
          <Icon>
            <href>http://maps.google.com/mapfiles/kml/shapes/shaded_dot.png</href>
          </Icon>
          <scale>0.6</scale>
          <color>bf3744db</color>
        </IconStyle>
      </Style>
      <Point>
        <altitudeMode>clampToGround</altitudeMode>
        <coordinates>87.3263278080641,22.3148734172955,0</coordinates>
      </Point>
    </Placemark>
    <Placemark>
      <Snippet maxLines="0"> </Snippet>
      <description>15
UTC 19-04-2026 05:21:28.75
GpsMilliseconds 1460611306751
22.3148396,87.3263267, EA(3m)
AltWgs84 -3.7 m, EA(6m)
Hdg 63 deg, Spd 0.1 m/s
EA(46.1 deg, 3.4 m/s)</description>
      <Style>
        <IconStyle>
          <Icon>
            <href>http://maps.google.com/mapfiles/kml/shapes/shaded_dot.png</href>
          </Icon>
          <scale>0.6</scale>
          <color>bf3744db</color>
        </IconStyle>
      </Style>
      <Point>
        <altitudeMode>clampToGround</altitudeMode>
        <coordinates>87.3263267054904,22.3148396289364,0</coordinates>
      </Point>
    </Placemark>
    <Placemark>
      <Snippet maxLines="0"> </Snippet>
      <description>16
UTC 19-04-2026 05:21:29.77
GpsMilliseconds 1460611307770
22.3148632,87.3263831, EA(3m)
AltWgs84 -13.8 m, EA(6m)
Hdg 210 deg, Spd 0.0 m/s
EA(48.0 deg, 3.5 m/s)</description>
      <Style>
        <IconStyle>
          <Icon>
            <href>http://maps.google.com/mapfiles/kml/shapes/shaded_dot.png</href>
          </Icon>
          <scale>0.6</scale>
          <color>bf3744db</color>
        </IconStyle>
      </Style>
      <Point>
        <altitudeMode>clampToGround</altitudeMode>
        <coordinates>87.3263830718234,22.3148632126684,0</coordinates>
      </Point>
    </Placemark>
    <Placemark>
      <Snippet maxLines="0"> </Snippet>
      <description>17
UTC 19-04-2026 05:21:30.76
GpsMilliseconds 1460611308758
22.3148336,87.3263923, EA(3m)
AltWgs84 -19.8 m, EA(6m)
Hdg 159 deg, Spd 0.0 m/s
EA(45.0 deg, 3.4 m/s)</description>
      <Style>
        <IconStyle>
          <Icon>
            <href>http://maps.google.com/mapfiles/kml/shapes/shaded_dot.png</href>
          </Icon>
          <scale>0.6</scale>
          <color>bf3744db</color>
        </IconStyle>
      </Style>
      <Point>
        <altitudeMode>clampToGround</altitudeMode>
        <coordinates>87.326392320168,22.3148335632025,0</coordinates>
      </Point>
    </Placemark>
    <Placemark>
      <Snippet maxLines="0"> </Snippet>
      <description>18
UTC 19-04-2026 05:21:31.76
GpsMilliseconds 1460611309755
22.3148494,87.3263270, EA(3m)
AltWgs84 -13.8 m, EA(6m)
Hdg 78 deg, Spd 0.0 m/s
EA(46.0 deg, 3.5 m/s)</description>
      <Style>
        <IconStyle>
          <Icon>
            <href>http://maps.google.com/mapfiles/kml/shapes/shaded_dot.png</href>
          </Icon>
          <scale>0.6</scale>
          <color>bf3744db</color>
        </IconStyle>
      </Style>
      <Point>
        <altitudeMode>clampToGround</altitudeMode>
        <coordinates>87.3263269879995,22.3148494139611,0</coordinates>
      </Point>
    </Placemark>
    <Placemark>
      <Snippet maxLines="0"> </Snippet>
      <description>19
UTC 19-04-2026 05:21:32.78
GpsMilliseconds 1460611310778
22.3149219,87.3263683, EA(3m)
AltWgs84 -26.0 m, EA(6m)
Hdg 189 deg, Spd 0.0 m/s
EA(47.4 deg, 3.6 m/s)</description>
      <Style>
        <IconStyle>
          <Icon>
            <href>http://maps.google.com/mapfiles/kml/shapes/shaded_dot.png</href>
          </Icon>
          <scale>0.6</scale>
          <color>bf3744db</color>
        </IconStyle>
      </Style>
      <Point>
        <altitudeMode>clampToGround</altitudeMode>
        <coordinates>87.3263683412903,22.3149218948022,0</coordinates>
      </Point>
    </Placemark>
    <Placemark>
      <Snippet maxLines="0"> </Snippet>
      <description>20
UTC 19-04-2026 05:21:33.74
GpsMilliseconds 1460611311742
22.3148772,87.3264030, EA(3m)
AltWgs84 -20.4 m, EA(6m)
Hdg 285 deg, Spd 0.0 m/s
EA(46.5 deg, 3.4 m/s)</description>
      <Style>
        <IconStyle>
          <Icon>
            <href>http://maps.google.com/mapfiles/kml/shapes/shaded_dot.png</href>
          </Icon>
          <scale>0.6</scale>
          <color>bf3744db</color>
        </IconStyle>
      </Style>
      <Point>
        <altitudeMode>clampToGround</altitudeMode>
        <coordinates>87.3264030129651,22.3148772081781,0</coordinates>
      </Point>
    </Placemark>
    <Placemark>
      <Snippet maxLines="0"> </Snippet>
      <description>21
UTC 19-04-2026 05:21:34.78
GpsMilliseconds 1460611312775
22.3149076,87.3264381, EA(3m)
AltWgs84 -32.6 m, EA(6m)
Hdg 45 deg, Spd 0.0 m/s
EA(48.4 deg, 3.3 m/s)</description>
      <Style>
        <IconStyle>
          <Icon>
            <href>http://maps.google.com/mapfiles/kml/shapes/shaded_dot.png</href>
          </Icon>
          <scale>0.6</scale>
          <color>bf3744db</color>
        </IconStyle>
      </Style>
      <Point>
        <altitudeMode>clampToGround</altitudeMode>
        <coordinates>87.3264380926124,22.3149075761535,0</coordinates>
      </Point>
    </Placemark>
    <Placemark>
      <Snippet maxLines="0"> </Snippet>
      <description>22
UTC 19-04-2026 05:21:35.75
GpsMilliseconds 1460611313751
22.3149182,87.3264200, EA(3m)
AltWgs84 -15.2 m, EA(6m)
Hdg 44 deg, Spd 0.1 m/s
EA(47.6 deg, 3.2 m/s)</description>
      <Style>
        <IconStyle>
          <Icon>
            <href>http://maps.google.com/mapfiles/kml/shapes/shaded_dot.png</href>
          </Icon>
          <scale>0.6</scale>
          <color>bf3744db</color>
        </IconStyle>
      </Style>
      <Point>
        <altitudeMode>clampToGround</altitudeMode>
        <coordinates>87.3264200383894,22.314918161121,0</coordinates>
      </Point>
    </Placemark>
    <Placemark>
      <Snippet maxLines="0"> </Snippet>
      <description>23
UTC 19-04-2026 05:21:36.77
GpsMilliseconds 1460611314772
22.3148699,87.3263956, EA(3m)
AltWgs84 -8.6 m, EA(6m)
Hdg 105 deg, Spd 0.0 m/s
EA(48.9 deg, 3.5 m/s)</description>
      <Style>
        <IconStyle>
          <Icon>
            <href>http://maps.google.com/mapfiles/kml/shapes/shaded_dot.png</href>
          </Icon>
          <scale>0.6</scale>
          <color>bf3744db</color>
        </IconStyle>
      </Style>
      <Point>
        <altitudeMode>clampToGround</altitudeMode>
        <coordinates>87.3263956258594,22.3148699361342,0</coordinates>
      </Point>
    </Placemark>
    <Placemark>
      <Snippet maxLines="0"> </Snippet>
      <description>24
UTC 19-04-2026 05:21:37.75
GpsMilliseconds 1460611315751
22.3149229,87.3264540, EA(3m)
AltWgs84 -25.5 m, EA(6m)
Hdg 215 deg, Spd 0.1 m/s
EA(50.4 deg, 3.5 m/s)</description>
      <Style>
        <IconStyle>
          <Icon>
            <href>http://maps.google.com/mapfiles/kml/shapes/shaded_dot.png</href>
          </Icon>
          <scale>0.6</scale>
          <color>bf3744db</color>
        </IconStyle>
      </Style>
      <Point>
        <altitudeMode>clampToGround</altitudeMode>
        <coordinates>87.3264540101304,22.3149228715963,0</coordinates>
      </Point>
    </Placemark>
    <Placemark>
      <Snippet maxLines="0"> </Snippet>
      <description>25
UTC 19-04-2026 05:21:38.77
GpsMilliseconds 1460611316772
22.3148788,87.3264341, EA(3m)
AltWgs84 -27.2 m, EA(6m)
Hdg 67 deg, Spd 0.1 m/s
EA(47.3 deg, 3.9 m/s)</description>
      <Style>
        <IconStyle>
          <Icon>
            <href>http://maps.google.com/mapfiles/kml/shapes/shaded_dot.png</href>
          </Icon>
          <scale>0.6</scale>
          <color>bf3744db</color>
        </IconStyle>
      </Style>
      <Point>
        <altitudeMode>clampToGround</altitudeMode>
        <coordinates>87.3264340608309,22.3148788486794,0</coordinates>
      </Point>
    </Placemark>
    <Placemark>
      <Snippet maxLines="0"> </Snippet>
      <description>26
UTC 19-04-2026 05:21:39.76
GpsMilliseconds 1460611317759
22.3149053,87.3264484, EA(3m)
AltWgs84 -31.2 m, EA(6m)
Hdg 57 deg, Spd 0.0 m/s
EA(50.0 deg, 3.6 m/s)</description>
      <Style>
        <IconStyle>
          <Icon>
            <href>http://maps.google.com/mapfiles/kml/shapes/shaded_dot.png</href>
          </Icon>
          <scale>0.6</scale>
          <color>bf3744db</color>
        </IconStyle>
      </Style>
      <Point>
        <altitudeMode>clampToGround</altitudeMode>
        <coordinates>87.3264483984893,22.3149052587907,0</coordinates>
      </Point>
    </Placemark>
    <Placemark>
      <Snippet maxLines="0"> </Snippet>
      <description>27
UTC 19-04-2026 05:21:40.76
GpsMilliseconds 1460611318762
22.3148610,87.3263882, EA(4m)
AltWgs84 -15.9 m, EA(6m)
Hdg 62 deg, Spd 0.0 m/s
EA(49.5 deg, 3.6 m/s)</description>
      <Style>
        <IconStyle>
          <Icon>
            <href>http://maps.google.com/mapfiles/kml/shapes/shaded_dot.png</href>
          </Icon>
          <scale>0.6</scale>
          <color>bf3744db</color>
        </IconStyle>
      </Style>
      <Point>
        <altitudeMode>clampToGround</altitudeMode>
        <coordinates>87.3263881525976,22.3148609978553,0</coordinates>
      </Point>
    </Placemark>
    <Placemark>
      <Snippet maxLines="0"> </Snippet>
      <description>28
UTC 19-04-2026 05:21:41.75
GpsMilliseconds 1460611319745
22.3148649,87.3263579, EA(3m)
AltWgs84 -13.5 m, EA(6m)
Hdg 1 deg, Spd 0.0 m/s
EA(49.8 deg, 3.6 m/s)</description>
      <Style>
        <IconStyle>
          <Icon>
            <href>http://maps.google.com/mapfiles/kml/shapes/shaded_dot.png</href>
          </Icon>
          <scale>0.6</scale>
          <color>bf3744db</color>
        </IconStyle>
      </Style>
      <Point>
        <altitudeMode>clampToGround</altitudeMode>
        <coordinates>87.3263579470812,22.3148649287749,0</coordinates>
      </Point>
    </Placemark>
    <Placemark>
      <Snippet maxLines="0"> </Snippet>
      <description>29
UTC 19-04-2026 05:21:42.78
GpsMilliseconds 1460611320779
22.3148474,87.3263831, EA(3m)
AltWgs84 -20.0 m, EA(6m)
Hdg 29 deg, Spd 0.0 m/s
EA(46.4 deg, 3.4 m/s)</description>
      <Style>
        <IconStyle>
          <Icon>
            <href>http://maps.google.com/mapfiles/kml/shapes/shaded_dot.png</href>
          </Icon>
          <scale>0.6</scale>
          <color>bf3744db</color>
        </IconStyle>
      </Style>
      <Point>
        <altitudeMode>clampToGround</altitudeMode>
        <coordinates>87.3263830856153,22.3148473929251,0</coordinates>
      </Point>
    </Placemark>
    <Placemark>
      <Snippet maxLines="0"> </Snippet>
      <description>30
UTC 19-04-2026 05:21:43.76
GpsMilliseconds 1460611321757
22.3149092,87.3264447, EA(3m)
AltWgs84 -14.1 m, EA(6m)
Hdg 237 deg, Spd 0.0 m/s
EA(47.9 deg, 3.7 m/s)</description>
      <Style>
        <IconStyle>
          <Icon>
            <href>http://maps.google.com/mapfiles/kml/shapes/shaded_dot.png</href>
          </Icon>
          <scale>0.6</scale>
          <color>bf3744db</color>
        </IconStyle>
      </Style>
      <Point>
        <altitudeMode>clampToGround</altitudeMode>
        <coordinates>87.3264446842906,22.314909238476,0</coordinates>
      </Point>
    </Placemark>
    <Placemark>
      <Snippet maxLines="0"> </Snippet>
      <description>31
UTC 19-04-2026 05:21:44.79
GpsMilliseconds 1460611322788
22.3149026,87.3263990, EA(3m)
AltWgs84 -18.0 m, EA(6m)
Hdg 53 deg, Spd 0.0 m/s
EA(47.5 deg, 3.2 m/s)</description>
      <Style>
        <IconStyle>
          <Icon>
            <href>http://maps.google.com/mapfiles/kml/shapes/shaded_dot.png</href>
          </Icon>
          <scale>0.6</scale>
          <color>bf3744db</color>
        </IconStyle>
      </Style>
      <Point>
        <altitudeMode>clampToGround</altitudeMode>
        <coordinates>87.3263990272365,22.3149026280906,0</coordinates>
      </Point>
    </Placemark>
    <Placemark>
      <Snippet maxLines="0"> </Snippet>
      <description>32
UTC 19-04-2026 05:21:45.75
GpsMilliseconds 1460611323754
22.3149129,87.3264043, EA(3m)
AltWgs84 -15.4 m, EA(5m)
Hdg 127 deg, Spd 0.0 m/s
EA(47.1 deg, 3.6 m/s)</description>
      <Style>
        <IconStyle>
          <Icon>
            <href>http://maps.google.com/mapfiles/kml/shapes/shaded_dot.png</href>
          </Icon>
          <scale>0.6</scale>
          <color>bf3744db</color>
        </IconStyle>
      </Style>
      <Point>
        <altitudeMode>clampToGround</altitudeMode>
        <coordinates>87.3264042913576,22.3149129138324,0</coordinates>
      </Point>
    </Placemark>
    <Placemark>
      <Snippet maxLines="0"> </Snippet>
      <description>33
UTC 19-04-2026 05:21:46.78
GpsMilliseconds 1460611324778
22.3149195,87.3264716, EA(3m)
AltWgs84 -13.4 m, EA(6m)
Hdg 238 deg, Spd 0.1 m/s
EA(45.8 deg, 3.4 m/s)</description>
      <Style>
        <IconStyle>
          <Icon>
            <href>http://maps.google.com/mapfiles/kml/shapes/shaded_dot.png</href>
          </Icon>
          <scale>0.6</scale>
          <color>bf3744db</color>
        </IconStyle>
      </Style>
      <Point>
        <altitudeMode>clampToGround</altitudeMode>
        <coordinates>87.3264715952217,22.3149195365321,0</coordinates>
      </Point>
    </Placemark>
    <Placemark>
      <Snippet maxLines="0"> </Snippet>
      <description>34
UTC 19-04-2026 05:21:47.76
GpsMilliseconds 1460611325758
22.3148903,87.3263844, EA(3m)
AltWgs84 -1.9 m, EA(6m)
Hdg 324 deg, Spd 0.0 m/s
EA(47.4 deg, 3.5 m/s)</description>
      <Style>
        <IconStyle>
          <Icon>
            <href>http://maps.google.com/mapfiles/kml/shapes/shaded_dot.png</href>
          </Icon>
          <scale>0.6</scale>
          <color>bf3744db</color>
        </IconStyle>
      </Style>
      <Point>
        <altitudeMode>clampToGround</altitudeMode>
        <coordinates>87.3263843917032,22.31489034358,0</coordinates>
      </Point>
    </Placemark>
    <Placemark>
      <Snippet maxLines="0"> </Snippet>
      <description>35
UTC 19-04-2026 05:21:48.76
GpsMilliseconds 1460611326760
22.3148916,87.3264034, EA(3m)
AltWgs84 -13.1 m, EA(6m)
Hdg 7 deg, Spd 0.0 m/s
EA(45.2 deg, 3.2 m/s)</description>
      <Style>
        <IconStyle>
          <Icon>
            <href>http://maps.google.com/mapfiles/kml/shapes/shaded_dot.png</href>
          </Icon>
          <scale>0.6</scale>
          <color>bf3744db</color>
        </IconStyle>
      </Style>
      <Point>
        <altitudeMode>clampToGround</altitudeMode>
        <coordinates>87.3264033792828,22.3148916453656,0</coordinates>
      </Point>
    </Placemark>
    <Placemark>
      <Snippet maxLines="0"> </Snippet>
      <description>36
UTC 19-04-2026 05:21:49.78
GpsMilliseconds 1460611327776
22.3148729,87.3263788, EA(3m)
AltWgs84 -14.8 m, EA(6m)
Hdg 66 deg, Spd 0.0 m/s
EA(45.8 deg, 3.3 m/s)</description>
      <Style>
        <IconStyle>
          <Icon>
            <href>http://maps.google.com/mapfiles/kml/shapes/shaded_dot.png</href>
          </Icon>
          <scale>0.6</scale>
          <color>bf3744db</color>
        </IconStyle>
      </Style>
      <Point>
        <altitudeMode>clampToGround</altitudeMode>
        <coordinates>87.3263788112232,22.3148728636006,0</coordinates>
      </Point>
    </Placemark>
    <Placemark>
      <Snippet maxLines="0"> </Snippet>
      <description>37
UTC 19-04-2026 05:21:50.76
GpsMilliseconds 1460611328761
22.3147910,87.3263534, EA(3m)
AltWgs84 -4.5 m, EA(6m)
Hdg 46 deg, Spd 0.0 m/s
EA(46.8 deg, 3.2 m/s)</description>
      <Style>
        <IconStyle>
          <Icon>
            <href>http://maps.google.com/mapfiles/kml/shapes/shaded_dot.png</href>
          </Icon>
          <scale>0.6</scale>
          <color>bf3744db</color>
        </IconStyle>
      </Style>
      <Point>
        <altitudeMode>clampToGround</altitudeMode>
        <coordinates>87.3263534394786,22.3147909970388,0</coordinates>
      </Point>
    </Placemark>
    <Placemark>
      <Snippet maxLines="0"> </Snippet>
      <description>38
UTC 19-04-2026 05:21:51.79
GpsMilliseconds 1460611329793
22.3148669,87.3264094, EA(3m)
AltWgs84 1.3 m, EA(6m)
Hdg 98 deg, Spd 0.0 m/s
EA(47.8 deg, 3.4 m/s)</description>
      <Style>
        <IconStyle>
          <Icon>
            <href>http://maps.google.com/mapfiles/kml/shapes/shaded_dot.png</href>
          </Icon>
          <scale>0.6</scale>
          <color>bf3744db</color>
        </IconStyle>
      </Style>
      <Point>
        <altitudeMode>clampToGround</altitudeMode>
        <coordinates>87.3264094240857,22.314866903922,0</coordinates>
      </Point>
    </Placemark>
    <Placemark>
      <Snippet maxLines="0"> </Snippet>
      <description>39
UTC 19-04-2026 05:21:52.76
GpsMilliseconds 1460611330761
22.3147884,87.3263178, EA(3m)
AltWgs84 -4.5 m, EA(6m)
Hdg 80 deg, Spd 0.0 m/s
EA(47.8 deg, 3.4 m/s)</description>
      <Style>
        <IconStyle>
          <Icon>
            <href>http://maps.google.com/mapfiles/kml/shapes/shaded_dot.png</href>
          </Icon>
          <scale>0.6</scale>
          <color>bf3744db</color>
        </IconStyle>
      </Style>
      <Point>
        <altitudeMode>clampToGround</altitudeMode>
        <coordinates>87.3263177859882,22.3147883879127,0</coordinates>
      </Point>
    </Placemark>
    <Placemark>
      <Snippet maxLines="0"> </Snippet>
      <description>40
UTC 19-04-2026 05:21:53.79
GpsMilliseconds 1460611331790
22.3147509,87.3262976, EA(3m)
AltWgs84 13.2 m, EA(6m)
Hdg 202 deg, Spd 0.0 m/s
EA(50.1 deg, 3.2 m/s)</description>
      <Style>
        <IconStyle>
          <Icon>
            <href>http://maps.google.com/mapfiles/kml/shapes/shaded_dot.png</href>
          </Icon>
          <scale>0.6</scale>
          <color>bf3744db</color>
        </IconStyle>
      </Style>
      <Point>
        <altitudeMode>clampToGround</altitudeMode>
        <coordinates>87.3262976177263,22.314750899063,0</coordinates>
      </Point>
    </Placemark>
    <Placemark>
      <Snippet maxLines="0"> </Snippet>
      <description>41
UTC 19-04-2026 05:21:54.76
GpsMilliseconds 1460611332755
22.3148007,87.3263087, EA(3m)
AltWgs84 3.9 m, EA(6m)
Hdg 99 deg, Spd 0.0 m/s
EA(52.6 deg, 3.4 m/s)</description>
      <Style>
        <IconStyle>
          <Icon>
            <href>http://maps.google.com/mapfiles/kml/shapes/shaded_dot.png</href>
          </Icon>
          <scale>0.6</scale>
          <color>bf3744db</color>
        </IconStyle>
      </Style>
      <Point>
        <altitudeMode>clampToGround</altitudeMode>
        <coordinates>87.3263086915462,22.3148006871151,0</coordinates>
      </Point>
    </Placemark>
    <Placemark>
      <Snippet maxLines="0"> </Snippet>
      <description>42
UTC 19-04-2026 05:21:55.77
GpsMilliseconds 1460611333772
22.3147856,87.3263072, EA(3m)
AltWgs84 10.2 m, EA(6m)
Hdg 85 deg, Spd 0.1 m/s
EA(51.2 deg, 3.7 m/s)</description>
      <Style>
        <IconStyle>
          <Icon>
            <href>http://maps.google.com/mapfiles/kml/shapes/shaded_dot.png</href>
          </Icon>
          <scale>0.6</scale>
          <color>bf3744db</color>
        </IconStyle>
      </Style>
      <Point>
        <altitudeMode>clampToGround</altitudeMode>
        <coordinates>87.3263071728539,22.314785577194,0</coordinates>
      </Point>
    </Placemark>
    <Placemark>
      <Snippet maxLines="0"> </Snippet>
      <description>43
UTC 19-04-2026 05:21:56.79
GpsMilliseconds 1460611334790
22.3147437,87.3263172, EA(3m)
AltWgs84 6.9 m, EA(6m)
Hdg 236 deg, Spd 0.0 m/s
EA(49.0 deg, 3.3 m/s)</description>
      <Style>
        <IconStyle>
          <Icon>
            <href>http://maps.google.com/mapfiles/kml/shapes/shaded_dot.png</href>
          </Icon>
          <scale>0.6</scale>
          <color>bf3744db</color>
        </IconStyle>
      </Style>
      <Point>
        <altitudeMode>clampToGround</altitudeMode>
        <coordinates>87.3263171713201,22.3147436831912,0</coordinates>
      </Point>
    </Placemark>
    <Placemark>
      <Snippet maxLines="0"> </Snippet>
      <description>44
UTC 19-04-2026 05:21:57.76
GpsMilliseconds 1460611335764
22.3147929,87.3263236, EA(3m)
AltWgs84 4.9 m, EA(6m)
Hdg 27 deg, Spd 0.0 m/s
EA(47.8 deg, 3.1 m/s)</description>
      <Style>
        <IconStyle>
          <Icon>
            <href>http://maps.google.com/mapfiles/kml/shapes/shaded_dot.png</href>
          </Icon>
          <scale>0.6</scale>
          <color>bf3744db</color>
        </IconStyle>
      </Style>
      <Point>
        <altitudeMode>clampToGround</altitudeMode>
        <coordinates>87.3263235833575,22.3147929106538,0</coordinates>
      </Point>
    </Placemark>
    <Placemark>
      <Snippet maxLines="0"> </Snippet>
      <description>45
UTC 19-04-2026 05:21:58.78
GpsMilliseconds 1460611336777
22.3147811,87.3263167, EA(3m)
AltWgs84 -3.2 m, EA(6m)
Hdg 213 deg, Spd 0.0 m/s
EA(47.9 deg, 3.1 m/s)</description>
      <Style>
        <IconStyle>
          <Icon>
            <href>http://maps.google.com/mapfiles/kml/shapes/shaded_dot.png</href>
          </Icon>
          <scale>0.6</scale>
          <color>bf3744db</color>
        </IconStyle>
      </Style>
      <Point>
        <altitudeMode>clampToGround</altitudeMode>
        <coordinates>87.3263166956068,22.3147810599501,0</coordinates>
      </Point>
    </Placemark>
    <Placemark>
      <Snippet maxLines="0"> </Snippet>
      <description>46
UTC 19-04-2026 05:21:59.78
GpsMilliseconds 1460611337781
22.3148045,87.3263127, EA(3m)
AltWgs84 2.6 m, EA(6m)
Hdg 35 deg, Spd 0.0 m/s
EA(47.6 deg, 3.3 m/s)</description>
      <Style>
        <IconStyle>
          <Icon>
            <href>http://maps.google.com/mapfiles/kml/shapes/shaded_dot.png</href>
          </Icon>
          <scale>0.6</scale>
          <color>bf3744db</color>
        </IconStyle>
      </Style>
      <Point>
        <altitudeMode>clampToGround</altitudeMode>
        <coordinates>87.3263126852526,22.3148044872704,0</coordinates>
      </Point>
    </Placemark>
    <Placemark>
      <Snippet maxLines="0"> </Snippet>
      <description>47
UTC 19-04-2026 05:22:00.77
GpsMilliseconds 1460611338774
22.3147971,87.3263179, EA(3m)
AltWgs84 -1.6 m, EA(6m)
Hdg 360 deg, Spd 0.1 m/s
EA(46.0 deg, 3.1 m/s)</description>
      <Style>
        <IconStyle>
          <Icon>
            <href>http://maps.google.com/mapfiles/kml/shapes/shaded_dot.png</href>
          </Icon>
          <scale>0.6</scale>
          <color>bf3744db</color>
        </IconStyle>
      </Style>
      <Point>
        <altitudeMode>clampToGround</altitudeMode>
        <coordinates>87.3263178513204,22.3147971032299,0</coordinates>
      </Point>
    </Placemark>
    <Placemark>
      <Snippet maxLines="0"> </Snippet>
      <description>48
UTC 19-04-2026 05:22:01.76
GpsMilliseconds 1460611339757
22.3148551,87.3263327, EA(3m)
AltWgs84 -12.7 m, EA(6m)
Hdg 34 deg, Spd 0.0 m/s
EA(49.2 deg, 3.3 m/s)</description>
      <Style>
        <IconStyle>
          <Icon>
            <href>http://maps.google.com/mapfiles/kml/shapes/shaded_dot.png</href>
          </Icon>
          <scale>0.6</scale>
          <color>bf3744db</color>
        </IconStyle>
      </Style>
      <Point>
        <altitudeMode>clampToGround</altitudeMode>
        <coordinates>87.3263326611814,22.3148550626313,0</coordinates>
      </Point>
    </Placemark>
    <Placemark>
      <Snippet maxLines="0"> </Snippet>
      <description>49
UTC 19-04-2026 05:22:02.79
GpsMilliseconds 1460611340790
22.3148970,87.3264239, EA(3m)
AltWgs84 -27.9 m, EA(6m)
Hdg 58 deg, Spd 0.0 m/s
EA(47.6 deg, 3.1 m/s)</description>
      <Style>
        <IconStyle>
          <Icon>
            <href>http://maps.google.com/mapfiles/kml/shapes/shaded_dot.png</href>
          </Icon>
          <scale>0.6</scale>
          <color>bf3744db</color>
        </IconStyle>
      </Style>
      <Point>
        <altitudeMode>clampToGround</altitudeMode>
        <coordinates>87.3264238626944,22.3148969798058,0</coordinates>
      </Point>
    </Placemark>
    <Placemark>
      <Snippet maxLines="0"> </Snippet>
      <description>50
UTC 19-04-2026 05:22:03.77
GpsMilliseconds 1460611341769
22.3148594,87.3263867, EA(3m)
AltWgs84 -19.1 m, EA(6m)
Hdg 338 deg, Spd 0.0 m/s
EA(50.1 deg, 3.4 m/s)</description>
      <Style>
        <IconStyle>
          <Icon>
            <href>http://maps.google.com/mapfiles/kml/shapes/shaded_dot.png</href>
          </Icon>
          <scale>0.6</scale>
          <color>bf3744db</color>
        </IconStyle>
      </Style>
      <Point>
        <altitudeMode>clampToGround</altitudeMode>
        <coordinates>87.326386721844,22.3148594220459,0</coordinates>
      </Point>
    </Placemark>
    <Placemark>
      <Snippet maxLines="0"> </Snippet>
      <description>51
UTC 19-04-2026 05:22:04.79
GpsMilliseconds 1460611342791
22.3148042,87.3263117, EA(3m)
AltWgs84 3.2 m, EA(6m)
Hdg 57 deg, Spd 0.0 m/s
EA(48.2 deg, 3.3 m/s)</description>
      <Style>
        <IconStyle>
          <Icon>
            <href>http://maps.google.com/mapfiles/kml/shapes/shaded_dot.png</href>
          </Icon>
          <scale>0.6</scale>
          <color>bf3744db</color>
        </IconStyle>
      </Style>
      <Point>
        <altitudeMode>clampToGround</altitudeMode>
        <coordinates>87.3263116520029,22.3148042168018,0</coordinates>
      </Point>
    </Placemark>
    <Placemark>
      <Snippet maxLines="0"> </Snippet>
      <description>52
UTC 19-04-2026 05:22:05.77
GpsMilliseconds 1460611343767
22.3148727,87.3263945, EA(3m)
AltWgs84 -26.3 m, EA(6m)
Hdg 300 deg, Spd 0.0 m/s
EA(47.7 deg, 3.3 m/s)</description>
      <Style>
        <IconStyle>
          <Icon>
            <href>http://maps.google.com/mapfiles/kml/shapes/shaded_dot.png</href>
          </Icon>
          <scale>0.6</scale>
          <color>bf3744db</color>
        </IconStyle>
      </Style>
      <Point>
        <altitudeMode>clampToGround</altitudeMode>
        <coordinates>87.32639453263,22.3148727142386,0</coordinates>
      </Point>
    </Placemark>
    <Placemark>
      <Snippet maxLines="0"> </Snippet>
      <description>53
UTC 19-04-2026 05:22:06.79
GpsMilliseconds 1460611344792
22.3148487,87.3263629, EA(3m)
AltWgs84 -14.2 m, EA(6m)
Hdg 229 deg, Spd 0.0 m/s
EA(49.2 deg, 3.6 m/s)</description>
      <Style>
        <IconStyle>
          <Icon>
            <href>http://maps.google.com/mapfiles/kml/shapes/shaded_dot.png</href>
          </Icon>
          <scale>0.6</scale>
          <color>bf3744db</color>
        </IconStyle>
      </Style>
      <Point>
        <altitudeMode>clampToGround</altitudeMode>
        <coordinates>87.3263629329079,22.3148486921995,0</coordinates>
      </Point>
    </Placemark>
    <Placemark>
      <Snippet maxLines="0"> </Snippet>
      <description>54
UTC 19-04-2026 05:22:07.78
GpsMilliseconds 1460611345776
22.3148284,87.3263373, EA(3m)
AltWgs84 5.6 m, EA(6m)
Hdg 89 deg, Spd 0.0 m/s
EA(48.0 deg, 3.2 m/s)</description>
      <Style>
        <IconStyle>
          <Icon>
            <href>http://maps.google.com/mapfiles/kml/shapes/shaded_dot.png</href>
          </Icon>
          <scale>0.6</scale>
          <color>bf3744db</color>
        </IconStyle>
      </Style>
      <Point>
        <altitudeMode>clampToGround</altitudeMode>
        <coordinates>87.326337322798,22.3148283628586,0</coordinates>
      </Point>
    </Placemark>
    <Placemark>
      <Snippet maxLines="0"> </Snippet>
      <description>55
UTC 19-04-2026 05:22:08.77
GpsMilliseconds 1460611346773
22.3148352,87.3263266, EA(3m)
AltWgs84 -8.0 m, EA(6m)
Hdg 15 deg, Spd 0.0 m/s
EA(47.7 deg, 3.3 m/s)</description>
      <Style>
        <IconStyle>
          <Icon>
            <href>http://maps.google.com/mapfiles/kml/shapes/shaded_dot.png</href>
          </Icon>
          <scale>0.6</scale>
          <color>bf3744db</color>
        </IconStyle>
      </Style>
      <Point>
        <altitudeMode>clampToGround</altitudeMode>
        <coordinates>87.3263265731584,22.3148352169325,0</coordinates>
      </Point>
    </Placemark>
    <Placemark>
      <Snippet maxLines="0"> </Snippet>
      <description>56
UTC 19-04-2026 05:22:09.79
GpsMilliseconds 1460611347785
22.3148332,87.3263181, EA(3m)
AltWgs84 2.3 m, EA(6m)
Hdg 67 deg, Spd 0.0 m/s
EA(49.7 deg, 3.3 m/s)</description>
      <Style>
        <IconStyle>
          <Icon>
            <href>http://maps.google.com/mapfiles/kml/shapes/shaded_dot.png</href>
          </Icon>
          <scale>0.6</scale>
          <color>bf3744db</color>
        </IconStyle>
      </Style>
      <Point>
        <altitudeMode>clampToGround</altitudeMode>
        <coordinates>87.3263180690861,22.3148331526994,0</coordinates>
      </Point>
    </Placemark>
    <Placemark>
      <Snippet maxLines="0"> </Snippet>
      <description>57
UTC 19-04-2026 05:22:10.78
GpsMilliseconds 1460611348781
22.3148631,87.3263781, EA(3m)
AltWgs84 -7.1 m, EA(6m)
Hdg 27 deg, Spd 0.2 m/s
EA(51.5 deg, 3.8 m/s)</description>
      <Style>
        <IconStyle>
          <Icon>
            <href>http://maps.google.com/mapfiles/kml/shapes/shaded_dot.png</href>
          </Icon>
          <scale>0.6</scale>
          <color>bf3744db</color>
        </IconStyle>
      </Style>
      <Point>
        <altitudeMode>clampToGround</altitudeMode>
        <coordinates>87.3263780538665,22.3148631038467,0</coordinates>
      </Point>
    </Placemark>
    <Placemark>
      <Snippet maxLines="0"> </Snippet>
      <description>58
UTC 19-04-2026 05:22:11.77
GpsMilliseconds 1460611349770
22.3148475,87.3263755, EA(3m)
AltWgs84 1.3 m, EA(6m)
Hdg 39 deg, Spd 0.0 m/s
EA(47.5 deg, 3.5 m/s)</description>
      <Style>
        <IconStyle>
          <Icon>
            <href>http://maps.google.com/mapfiles/kml/shapes/shaded_dot.png</href>
          </Icon>
          <scale>0.6</scale>
          <color>bf3744db</color>
        </IconStyle>
      </Style>
      <Point>
        <altitudeMode>clampToGround</altitudeMode>
        <coordinates>87.3263754767827,22.3148474718859,0</coordinates>
      </Point>
    </Placemark>
    <Placemark>
      <Snippet maxLines="0"> </Snippet>
      <description>59
UTC 19-04-2026 05:22:12.80
GpsMilliseconds 1460611350798
22.3148396,87.3263454, EA(3m)
AltWgs84 -2.0 m, EA(6m)
Hdg 323 deg, Spd 0.0 m/s
EA(46.4 deg, 3.2 m/s)</description>
      <Style>
        <IconStyle>
          <Icon>
            <href>http://maps.google.com/mapfiles/kml/shapes/shaded_dot.png</href>
          </Icon>
          <scale>0.6</scale>
          <color>bf3744db</color>
        </IconStyle>
      </Style>
      <Point>
        <altitudeMode>clampToGround</altitudeMode>
        <coordinates>87.3263454156463,22.3148396155746,0</coordinates>
      </Point>
    </Placemark>
    <Placemark>
      <Snippet maxLines="0"> </Snippet>
      <description>60
UTC 19-04-2026 05:22:13.77
GpsMilliseconds 1460611351769
22.3148194,87.3263272, EA(3m)
AltWgs84 6.5 m, EA(6m)
Hdg 46 deg, Spd 0.0 m/s
EA(48.2 deg, 3.4 m/s)</description>
      <Style>
        <IconStyle>
          <Icon>
            <href>http://maps.google.com/mapfiles/kml/shapes/shaded_dot.png</href>
          </Icon>
          <scale>0.6</scale>
          <color>bf3744db</color>
        </IconStyle>
      </Style>
      <Point>
        <altitudeMode>clampToGround</altitudeMode>
        <coordinates>87.3263272425522,22.3148194158344,0</coordinates>
      </Point>
    </Placemark>
    <Placemark>
      <Snippet maxLines="0"> </Snippet>
      <description>61
UTC 19-04-2026 05:22:14.79
GpsMilliseconds 1460611352793
22.3148362,87.3262986, EA(3m)
AltWgs84 -1.4 m, EA(6m)
Hdg 89 deg, Spd 0.0 m/s
EA(46.3 deg, 3.0 m/s)</description>
      <Style>
        <IconStyle>
          <Icon>
            <href>http://maps.google.com/mapfiles/kml/shapes/shaded_dot.png</href>
          </Icon>
          <scale>0.6</scale>
          <color>bf3744db</color>
        </IconStyle>
      </Style>
      <Point>
        <altitudeMode>clampToGround</altitudeMode>
        <coordinates>87.3262986141189,22.3148362491074,0</coordinates>
      </Point>
    </Placemark>
    <Placemark>
      <Snippet maxLines="0"> </Snippet>
      <description>62
UTC 19-04-2026 05:22:15.79
GpsMilliseconds 1460611353786
22.3148345,87.3264045, EA(3m)
AltWgs84 5.7 m, EA(6m)
Hdg 168 deg, Spd 0.0 m/s
EA(45.3 deg, 2.9 m/s)</description>
      <Style>
        <IconStyle>
          <Icon>
            <href>http://maps.google.com/mapfiles/kml/shapes/shaded_dot.png</href>
          </Icon>
          <scale>0.6</scale>
          <color>bf3744db</color>
        </IconStyle>
      </Style>
      <Point>
        <altitudeMode>clampToGround</altitudeMode>
        <coordinates>87.3264044967105,22.3148344703937,0</coordinates>
      </Point>
    </Placemark>
    <Placemark>
      <Snippet maxLines="0"> </Snippet>
      <description>63
UTC 19-04-2026 05:22:16.79
GpsMilliseconds 1460611354794
22.3148445,87.3263506, EA(3m)
AltWgs84 1.9 m, EA(6m)
Hdg 63 deg, Spd 0.0 m/s
EA(44.5 deg, 3.0 m/s)</description>
      <Style>
        <IconStyle>
          <Icon>
            <href>http://maps.google.com/mapfiles/kml/shapes/shaded_dot.png</href>
          </Icon>
          <scale>0.6</scale>
          <color>bf3744db</color>
        </IconStyle>
      </Style>
      <Point>
        <altitudeMode>clampToGround</altitudeMode>
        <coordinates>87.326350608924,22.3148444718264,0</coordinates>
      </Point>
    </Placemark>
    <Placemark>
      <Snippet maxLines="0"> </Snippet>
      <description>64
UTC 19-04-2026 05:22:17.78
GpsMilliseconds 1460611355783
22.3148331,87.3263497, EA(3m)
AltWgs84 -17.8 m, EA(6m)
Hdg 143 deg, Spd 0.0 m/s
EA(43.4 deg, 3.0 m/s)</description>
      <Style>
        <IconStyle>
          <Icon>
            <href>http://maps.google.com/mapfiles/kml/shapes/shaded_dot.png</href>
          </Icon>
          <scale>0.6</scale>
          <color>bf3744db</color>
        </IconStyle>
      </Style>
      <Point>
        <altitudeMode>clampToGround</altitudeMode>
        <coordinates>87.3263497445735,22.3148331304971,0</coordinates>
      </Point>
    </Placemark>
    <Placemark>
      <Snippet maxLines="0"> </Snippet>
      <description>65
UTC 19-04-2026 05:22:18.78
GpsMilliseconds 1460611356775
22.3148160,87.3264166, EA(3m)
AltWgs84 -5.8 m, EA(6m)
Hdg 98 deg, Spd 0.0 m/s
EA(47.3 deg, 3.4 m/s)</description>
      <Style>
        <IconStyle>
          <Icon>
            <href>http://maps.google.com/mapfiles/kml/shapes/shaded_dot.png</href>
          </Icon>
          <scale>0.6</scale>
          <color>bf3744db</color>
        </IconStyle>
      </Style>
      <Point>
        <altitudeMode>clampToGround</altitudeMode>
        <coordinates>87.326416633394,22.3148160217592,0</coordinates>
      </Point>
    </Placemark>
    <Placemark>
      <Snippet maxLines="0"> </Snippet>
      <description>66
UTC 19-04-2026 05:22:19.80
GpsMilliseconds 1460611357796
22.3148247,87.3263097, EA(3m)
AltWgs84 -0.4 m, EA(6m)
Hdg 185 deg, Spd 0.0 m/s
EA(46.8 deg, 3.3 m/s)</description>
      <Style>
        <IconStyle>
          <Icon>
            <href>http://maps.google.com/mapfiles/kml/shapes/shaded_dot.png</href>
          </Icon>
          <scale>0.6</scale>
          <color>bf3744db</color>
        </IconStyle>
      </Style>
      <Point>
        <altitudeMode>clampToGround</altitudeMode>
        <coordinates>87.3263097471276,22.3148247076594,0</coordinates>
      </Point>
    </Placemark>
    <Placemark>
      <Snippet maxLines="0"> </Snippet>
      <description>67
UTC 19-04-2026 05:22:20.78
GpsMilliseconds 1460611358779
22.3147782,87.3263868, EA(3m)
AltWgs84 10.5 m, EA(6m)
Hdg 194 deg, Spd 0.0 m/s
EA(42.1 deg, 3.0 m/s)</description>
      <Style>
        <IconStyle>
          <Icon>
            <href>http://maps.google.com/mapfiles/kml/shapes/shaded_dot.png</href>
          </Icon>
          <scale>0.6</scale>
          <color>bf3744db</color>
        </IconStyle>
      </Style>
      <Point>
        <altitudeMode>clampToGround</altitudeMode>
        <coordinates>87.3263867508998,22.3147782160434,0</coordinates>
      </Point>
    </Placemark>
    <Placemark>
      <Snippet maxLines="0"> </Snippet>
      <description>68
UTC 19-04-2026 05:22:21.80
GpsMilliseconds 1460611359801
22.3148019,87.3263087, EA(3m)
AltWgs84 2.8 m, EA(6m)
Hdg 140 deg, Spd 0.0 m/s
EA(42.2 deg, 3.0 m/s)</description>
      <Style>
        <IconStyle>
          <Icon>
            <href>http://maps.google.com/mapfiles/kml/shapes/shaded_dot.png</href>
          </Icon>
          <scale>0.6</scale>
          <color>bf3744db</color>
        </IconStyle>
      </Style>
      <Point>
        <altitudeMode>clampToGround</altitudeMode>
        <coordinates>87.3263086888616,22.3148019408391,0</coordinates>
      </Point>
    </Placemark>
    <Placemark>
      <Snippet maxLines="0"> </Snippet>
      <description>69
UTC 19-04-2026 05:22:22.79
GpsMilliseconds 1460611360792
22.3148494,87.3263534, EA(3m)
AltWgs84 -10.7 m, EA(6m)
Hdg 257 deg, Spd 0.0 m/s
EA(43.1 deg, 3.0 m/s)</description>
      <Style>
        <IconStyle>
          <Icon>
            <href>http://maps.google.com/mapfiles/kml/shapes/shaded_dot.png</href>
          </Icon>
          <scale>0.6</scale>
          <color>bf3744db</color>
        </IconStyle>
      </Style>
      <Point>
        <altitudeMode>clampToGround</altitudeMode>
        <coordinates>87.3263534359168,22.3148493762111,0</coordinates>
      </Point>
    </Placemark>
    <Placemark>
      <Snippet maxLines="0"> </Snippet>
      <description>70
UTC 19-04-2026 05:22:23.78
GpsMilliseconds 1460611361775
22.3148593,87.3263816, EA(3m)
AltWgs84 -9.2 m, EA(6m)
Hdg 282 deg, Spd 0.0 m/s
EA(46.6 deg, 3.3 m/s)</description>
      <Style>
        <IconStyle>
          <Icon>
            <href>http://maps.google.com/mapfiles/kml/shapes/shaded_dot.png</href>
          </Icon>
          <scale>0.6</scale>
          <color>bf3744db</color>
        </IconStyle>
      </Style>
      <Point>
        <altitudeMode>clampToGround</altitudeMode>
        <coordinates>87.326381577456,22.3148593386538,0</coordinates>
      </Point>
    </Placemark>
    <Placemark>
      <Snippet maxLines="0"> </Snippet>
      <description>71
UTC 19-04-2026 05:22:24.79
GpsMilliseconds 1460611362794
22.3147755,87.3263795, EA(3m)
AltWgs84 18.8 m, EA(6m)
Hdg 132 deg, Spd 0.0 m/s
EA(46.0 deg, 3.0 m/s)</description>
      <Style>
        <IconStyle>
          <Icon>
            <href>http://maps.google.com/mapfiles/kml/shapes/shaded_dot.png</href>
          </Icon>
          <scale>0.6</scale>
          <color>bf3744db</color>
        </IconStyle>
      </Style>
      <Point>
        <altitudeMode>clampToGround</altitudeMode>
        <coordinates>87.3263794786357,22.3147755498966,0</coordinates>
      </Point>
    </Placemark>
    <Placemark>
      <Snippet maxLines="0"> </Snippet>
      <description>72
UTC 19-04-2026 05:22:25.78
GpsMilliseconds 1460611363783
22.3147769,87.3263274, EA(3m)
AltWgs84 2.3 m, EA(6m)
Hdg 142 deg, Spd 0.0 m/s
EA(41.1 deg, 2.9 m/s)</description>
      <Style>
        <IconStyle>
          <Icon>
            <href>http://maps.google.com/mapfiles/kml/shapes/shaded_dot.png</href>
          </Icon>
          <scale>0.6</scale>
          <color>bf3744db</color>
        </IconStyle>
      </Style>
      <Point>
        <altitudeMode>clampToGround</altitudeMode>
        <coordinates>87.3263273883402,22.3147768503186,0</coordinates>
      </Point>
    </Placemark>
    <Placemark>
      <Snippet maxLines="0"> </Snippet>
      <description>73
UTC 19-04-2026 05:22:26.78
GpsMilliseconds 1460611364777
22.3148557,87.3263401, EA(3m)
AltWgs84 2.1 m, EA(6m)
Hdg 105 deg, Spd 0.0 m/s
EA(46.2 deg, 3.2 m/s)</description>
      <Style>
        <IconStyle>
          <Icon>
            <href>http://maps.google.com/mapfiles/kml/shapes/shaded_dot.png</href>
          </Icon>
          <scale>0.6</scale>
          <color>bf3744db</color>
        </IconStyle>
      </Style>
      <Point>
        <altitudeMode>clampToGround</altitudeMode>
        <coordinates>87.3263400990167,22.3148556884295,0</coordinates>
      </Point>
    </Placemark>
    <Placemark>
      <Snippet maxLines="0"> </Snippet>
      <description>74
UTC 19-04-2026 05:22:27.81
GpsMilliseconds 1460611365806
22.3148125,87.3263877, EA(3m)
AltWgs84 15.8 m, EA(6m)
Hdg 246 deg, Spd 0.0 m/s
EA(39.3 deg, 3.1 m/s)</description>
      <Style>
        <IconStyle>
          <Icon>
            <href>http://maps.google.com/mapfiles/kml/shapes/shaded_dot.png</href>
          </Icon>
          <scale>0.6</scale>
          <color>bf3744db</color>
        </IconStyle>
      </Style>
      <Point>
        <altitudeMode>clampToGround</altitudeMode>
        <coordinates>87.3263876524601,22.31481248519,0</coordinates>
      </Point>
    </Placemark>
    <Placemark>
      <Snippet maxLines="0"> </Snippet>
      <description>75
UTC 19-04-2026 05:22:28.79
GpsMilliseconds 1460611366787
22.3148876,87.3264071, EA(3m)
AltWgs84 -0.4 m, EA(6m)
Hdg 64 deg, Spd 0.0 m/s
EA(39.5 deg, 3.0 m/s)</description>
      <Style>
        <IconStyle>
          <Icon>
            <href>http://maps.google.com/mapfiles/kml/shapes/shaded_dot.png</href>
          </Icon>
          <scale>0.6</scale>
          <color>bf3744db</color>
        </IconStyle>
      </Style>
      <Point>
        <altitudeMode>clampToGround</altitudeMode>
        <coordinates>87.3264070956001,22.314887557703,0</coordinates>
      </Point>
    </Placemark>
    <Placemark>
      <Snippet maxLines="0"> </Snippet>
      <description>76
UTC 19-04-2026 05:22:29.80
GpsMilliseconds 1460611367797
22.3148702,87.3263911, EA(3m)
AltWgs84 4.3 m, EA(6m)
Hdg 26 deg, Spd 0.1 m/s
EA(45.6 deg, 3.1 m/s)</description>
      <Style>
        <IconStyle>
          <Icon>
            <href>http://maps.google.com/mapfiles/kml/shapes/shaded_dot.png</href>
          </Icon>
          <scale>0.6</scale>
          <color>bf3744db</color>
        </IconStyle>
      </Style>
      <Point>
        <altitudeMode>clampToGround</altitudeMode>
        <coordinates>87.3263911036224,22.3148702227729,0</coordinates>
      </Point>
    </Placemark>
    <Placemark>
      <Snippet maxLines="0"> </Snippet>
      <description>77
UTC 19-04-2026 05:22:30.78
GpsMilliseconds 1460611368782
22.3148404,87.3264548, EA(3m)
AltWgs84 6.5 m, EA(6m)
Hdg 245 deg, Spd 0.0 m/s
EA(38.6 deg, 3.2 m/s)</description>
      <Style>
        <IconStyle>
          <Icon>
            <href>http://maps.google.com/mapfiles/kml/shapes/shaded_dot.png</href>
          </Icon>
          <scale>0.6</scale>
          <color>bf3744db</color>
        </IconStyle>
      </Style>
      <Point>
        <altitudeMode>clampToGround</altitudeMode>
        <coordinates>87.3264547951506,22.3148404393025,0</coordinates>
      </Point>
    </Placemark>
    <Placemark>
      <Snippet maxLines="0"> </Snippet>
      <description>78
UTC 19-04-2026 05:22:31.81
GpsMilliseconds 1460611369807
22.3148714,87.3263735, EA(3m)
AltWgs84 -12.8 m, EA(5m)
Hdg 24 deg, Spd 0.0 m/s
EA(41.6 deg, 3.0 m/s)</description>
      <Style>
        <IconStyle>
          <Icon>
            <href>http://maps.google.com/mapfiles/kml/shapes/shaded_dot.png</href>
          </Icon>
          <scale>0.6</scale>
          <color>bf3744db</color>
        </IconStyle>
      </Style>
      <Point>
        <altitudeMode>clampToGround</altitudeMode>
        <coordinates>87.3263734586522,22.3148714403354,0</coordinates>
      </Point>
    </Placemark>
    <Placemark>
      <Snippet maxLines="0"> </Snippet>
      <description>79
UTC 19-04-2026 05:22:32.79
GpsMilliseconds 1460611370793
22.3149129,87.3264655, EA(3m)
AltWgs84 -7.8 m, EA(5m)
Hdg 196 deg, Spd 0.0 m/s
EA(42.1 deg, 3.1 m/s)</description>
      <Style>
        <IconStyle>
          <Icon>
            <href>http://maps.google.com/mapfiles/kml/shapes/shaded_dot.png</href>
          </Icon>
          <scale>0.6</scale>
          <color>bf3744db</color>
        </IconStyle>
      </Style>
      <Point>
        <altitudeMode>clampToGround</altitudeMode>
        <coordinates>87.3264654666614,22.3149129078927,0</coordinates>
      </Point>
    </Placemark>
    <Placemark>
      <Snippet maxLines="0"> </Snippet>
      <description>80
UTC 19-04-2026 05:22:33.81
GpsMilliseconds 1460611371811
22.3148396,87.3263880, EA(3m)
AltWgs84 -9.4 m, EA(5m)
Hdg 219 deg, Spd 0.0 m/s
EA(40.8 deg, 3.0 m/s)</description>
      <Style>
        <IconStyle>
          <Icon>
            <href>http://maps.google.com/mapfiles/kml/shapes/shaded_dot.png</href>
          </Icon>
          <scale>0.6</scale>
          <color>bf3744db</color>
        </IconStyle>
      </Style>
      <Point>
        <altitudeMode>clampToGround</altitudeMode>
        <coordinates>87.326387952513,22.3148396451529,0</coordinates>
      </Point>
    </Placemark>
    <Placemark>
      <Snippet maxLines="0"> </Snippet>
      <description>81
UTC 19-04-2026 05:22:34.78
GpsMilliseconds 1460611372780
22.3148434,87.3263625, EA(3m)
AltWgs84 -2.4 m, EA(6m)
Hdg 34 deg, Spd 0.1 m/s
EA(44.3 deg, 3.1 m/s)</description>
      <Style>
        <IconStyle>
          <Icon>
            <href>http://maps.google.com/mapfiles/kml/shapes/shaded_dot.png</href>
          </Icon>
          <scale>0.6</scale>
          <color>bf3744db</color>
        </IconStyle>
      </Style>
      <Point>
        <altitudeMode>clampToGround</altitudeMode>
        <coordinates>87.3263624621665,22.3148434428229,0</coordinates>
      </Point>
    </Placemark>
    <Placemark>
      <Snippet maxLines="0"> </Snippet>
      <description>82
UTC 19-04-2026 05:22:35.78
GpsMilliseconds 1460611373784
22.3148238,87.3263866, EA(3m)
AltWgs84 -8.9 m, EA(6m)
Hdg 78 deg, Spd 0.0 m/s
EA(40.5 deg, 3.0 m/s)</description>
      <Style>
        <IconStyle>
          <Icon>
            <href>http://maps.google.com/mapfiles/kml/shapes/shaded_dot.png</href>
          </Icon>
          <scale>0.6</scale>
          <color>bf3744db</color>
        </IconStyle>
      </Style>
      <Point>
        <altitudeMode>clampToGround</altitudeMode>
        <coordinates>87.3263866331714,22.3148237760104,0</coordinates>
      </Point>
    </Placemark>
    <Placemark>
      <Snippet maxLines="0"> </Snippet>
      <description>83
UTC 19-04-2026 05:22:36.80
GpsMilliseconds 1460611374802
22.3148368,87.3263977, EA(3m)
AltWgs84 -2.4 m, EA(6m)
Hdg 10 deg, Spd 0.1 m/s
EA(37.2 deg, 2.9 m/s)</description>
      <Style>
        <IconStyle>
          <Icon>
            <href>http://maps.google.com/mapfiles/kml/shapes/shaded_dot.png</href>
          </Icon>
          <scale>0.6</scale>
          <color>bf3744db</color>
        </IconStyle>
      </Style>
      <Point>
        <altitudeMode>clampToGround</altitudeMode>
        <coordinates>87.3263977063768,22.3148368331137,0</coordinates>
      </Point>
    </Placemark>
    <Placemark>
      <Snippet maxLines="0"> </Snippet>
      <description>84
UTC 19-04-2026 05:22:37.79
GpsMilliseconds 1460611375791
22.3149022,87.3263759, EA(3m)
AltWgs84 -6.5 m, EA(6m)
Hdg 108 deg, Spd 0.0 m/s
EA(40.6 deg, 2.9 m/s)</description>
      <Style>
        <IconStyle>
          <Icon>
            <href>http://maps.google.com/mapfiles/kml/shapes/shaded_dot.png</href>
          </Icon>
          <scale>0.6</scale>
          <color>bf3744db</color>
        </IconStyle>
      </Style>
      <Point>
        <altitudeMode>clampToGround</altitudeMode>
        <coordinates>87.3263758506467,22.3149021775706,0</coordinates>
      </Point>
    </Placemark>
    <Placemark>
      <Snippet maxLines="0"> </Snippet>
      <description>85
UTC 19-04-2026 05:22:38.81
GpsMilliseconds 1460611376806
22.3148666,87.3264086, EA(3m)
AltWgs84 -15.4 m, EA(6m)
Hdg 14 deg, Spd 0.1 m/s
EA(39.7 deg, 3.1 m/s)</description>
      <Style>
        <IconStyle>
          <Icon>
            <href>http://maps.google.com/mapfiles/kml/shapes/shaded_dot.png</href>
          </Icon>
          <scale>0.6</scale>
          <color>bf3744db</color>
        </IconStyle>
      </Style>
      <Point>
        <altitudeMode>clampToGround</altitudeMode>
        <coordinates>87.3264086376753,22.3148665678905,0</coordinates>
      </Point>
    </Placemark>
    <Placemark>
      <Snippet maxLines="0"> </Snippet>
      <description>86
UTC 19-04-2026 05:22:39.79
GpsMilliseconds 1460611377785
22.3147968,87.3263263, EA(3m)
AltWgs84 1.7 m, EA(5m)
Hdg 66 deg, Spd 0.0 m/s
EA(37.8 deg, 3.0 m/s)</description>
      <Style>
        <IconStyle>
          <Icon>
            <href>http://maps.google.com/mapfiles/kml/shapes/shaded_dot.png</href>
          </Icon>
          <scale>0.6</scale>
          <color>bf3744db</color>
        </IconStyle>
      </Style>
      <Point>
        <altitudeMode>clampToGround</altitudeMode>
        <coordinates>87.3263263462121,22.3147968299789,0</coordinates>
      </Point>
    </Placemark>
    <Placemark>
      <Snippet maxLines="0"> </Snippet>
      <description>87
UTC 19-04-2026 05:22:40.79
GpsMilliseconds 1460611378789
22.3149250,87.3264310, EA(3m)
AltWgs84 -14.1 m, EA(6m)
Hdg 52 deg, Spd 0.1 m/s
EA(44.5 deg, 3.5 m/s)</description>
      <Style>
        <IconStyle>
          <Icon>
            <href>http://maps.google.com/mapfiles/kml/shapes/shaded_dot.png</href>
          </Icon>
          <scale>0.6</scale>
          <color>bf3744db</color>
        </IconStyle>
      </Style>
      <Point>
        <altitudeMode>clampToGround</altitudeMode>
        <coordinates>87.3264310472196,22.314925038287,0</coordinates>
      </Point>
    </Placemark>
    <Placemark>
      <Snippet maxLines="0"> </Snippet>
      <description>88
UTC 19-04-2026 05:22:41.81
GpsMilliseconds 1460611379811
22.3148452,87.3264212, EA(3m)
AltWgs84 -8.9 m, EA(5m)
Hdg 298 deg, Spd 0.0 m/s
EA(38.3 deg, 3.1 m/s)</description>
      <Style>
        <IconStyle>
          <Icon>
            <href>http://maps.google.com/mapfiles/kml/shapes/shaded_dot.png</href>
          </Icon>
          <scale>0.6</scale>
          <color>bf3744db</color>
        </IconStyle>
      </Style>
      <Point>
        <altitudeMode>clampToGround</altitudeMode>
        <coordinates>87.326421221298,22.3148452099541,0</coordinates>
      </Point>
    </Placemark>
    <Placemark>
      <Snippet maxLines="0"> </Snippet>
      <description>89
UTC 19-04-2026 05:22:42.80
GpsMilliseconds 1460611380797
22.3148385,87.3263852, EA(3m)
AltWgs84 -1.0 m, EA(6m)
Hdg 188 deg, Spd 0.0 m/s
EA(40.9 deg, 3.2 m/s)</description>
      <Style>
        <IconStyle>
          <Icon>
            <href>http://maps.google.com/mapfiles/kml/shapes/shaded_dot.png</href>
          </Icon>
          <scale>0.6</scale>
          <color>bf3744db</color>
        </IconStyle>
      </Style>
      <Point>
        <altitudeMode>clampToGround</altitudeMode>
        <coordinates>87.326385177481,22.3148384600571,0</coordinates>
      </Point>
    </Placemark>
    <Placemark>
      <Snippet maxLines="0"> </Snippet>
      <description>90
UTC 19-04-2026 05:22:43.79
GpsMilliseconds 1460611381788
22.3148481,87.3263453, EA(3m)
AltWgs84 -10.4 m, EA(5m)
Hdg 27 deg, Spd 0.0 m/s
EA(45.5 deg, 3.2 m/s)</description>
      <Style>
        <IconStyle>
          <Icon>
            <href>http://maps.google.com/mapfiles/kml/shapes/shaded_dot.png</href>
          </Icon>
          <scale>0.6</scale>
          <color>bf3744db</color>
        </IconStyle>
      </Style>
      <Point>
        <altitudeMode>clampToGround</altitudeMode>
        <coordinates>87.3263452883531,22.3148480719874,0</coordinates>
      </Point>
    </Placemark>
    <Placemark>
      <Snippet maxLines="0"> </Snippet>
      <description>91
UTC 19-04-2026 05:22:44.81
GpsMilliseconds 1460611382807
22.3149003,87.3264193, EA(3m)
AltWgs84 -21.4 m, EA(5m)
Hdg 201 deg, Spd 0.0 m/s
EA(38.4 deg, 3.1 m/s)</description>
      <Style>
        <IconStyle>
          <Icon>
            <href>http://maps.google.com/mapfiles/kml/shapes/shaded_dot.png</href>
          </Icon>
          <scale>0.6</scale>
          <color>bf3744db</color>
        </IconStyle>
      </Style>
      <Point>
        <altitudeMode>clampToGround</altitudeMode>
        <coordinates>87.3264193205656,22.3149003309868,0</coordinates>
      </Point>
    </Placemark>
    <Placemark>
      <Snippet maxLines="0"> </Snippet>
      <description>92
UTC 19-04-2026 05:22:45.79
GpsMilliseconds 1460611383794
22.3148393,87.3263809, EA(3m)
AltWgs84 -10.6 m, EA(5m)
Hdg 89 deg, Spd 0.0 m/s
EA(39.7 deg, 3.2 m/s)</description>
      <Style>
        <IconStyle>
          <Icon>
            <href>http://maps.google.com/mapfiles/kml/shapes/shaded_dot.png</href>
          </Icon>
          <scale>0.6</scale>
          <color>bf3744db</color>
        </IconStyle>
      </Style>
      <Point>
        <altitudeMode>clampToGround</altitudeMode>
        <coordinates>87.3263809300394,22.3148393387251,0</coordinates>
      </Point>
    </Placemark>
    <Placemark>
      <Snippet maxLines="0"> </Snippet>
      <description>93
UTC 19-04-2026 05:22:46.82
GpsMilliseconds 1460611384818
22.3148423,87.3264342, EA(3m)
AltWgs84 1.1 m, EA(5m)
Hdg 184 deg, Spd 0.0 m/s
EA(41.1 deg, 3.2 m/s)</description>
      <Style>
        <IconStyle>
          <Icon>
            <href>http://maps.google.com/mapfiles/kml/shapes/shaded_dot.png</href>
          </Icon>
          <scale>0.6</scale>
          <color>bf3744db</color>
        </IconStyle>
      </Style>
      <Point>
        <altitudeMode>clampToGround</altitudeMode>
        <coordinates>87.3264342162396,22.3148422544378,0</coordinates>
      </Point>
    </Placemark>
    <Placemark>
      <Snippet maxLines="0"> </Snippet>
      <description>94
UTC 19-04-2026 05:22:47.79
GpsMilliseconds 1460611385794
22.3148800,87.3264258, EA(3m)
AltWgs84 -7.7 m, EA(6m)
Hdg 124 deg, Spd 0.0 m/s
EA(39.0 deg, 3.1 m/s)</description>
      <Style>
        <IconStyle>
          <Icon>
            <href>http://maps.google.com/mapfiles/kml/shapes/shaded_dot.png</href>
          </Icon>
          <scale>0.6</scale>
          <color>bf3744db</color>
        </IconStyle>
      </Style>
      <Point>
        <altitudeMode>clampToGround</altitudeMode>
        <coordinates>87.3264257765087,22.3148799702237,0</coordinates>
      </Point>
    </Placemark>
    <Placemark>
      <Snippet maxLines="0"> </Snippet>
      <description>95
UTC 19-04-2026 05:22:48.79
GpsMilliseconds 1460611386793
22.3148398,87.3263778, EA(3m)
AltWgs84 1.4 m, EA(5m)
Hdg 16 deg, Spd 0.1 m/s
EA(44.6 deg, 3.1 m/s)</description>
      <Style>
        <IconStyle>
          <Icon>
            <href>http://maps.google.com/mapfiles/kml/shapes/shaded_dot.png</href>
          </Icon>
          <scale>0.6</scale>
          <color>bf3744db</color>
        </IconStyle>
      </Style>
      <Point>
        <altitudeMode>clampToGround</altitudeMode>
        <coordinates>87.3263778077369,22.3148398067036,0</coordinates>
      </Point>
    </Placemark>
    <Placemark>
      <Snippet maxLines="0"> </Snippet>
      <description>96
UTC 19-04-2026 05:22:49.81
GpsMilliseconds 1460611387813
22.3148070,87.3263630, EA(3m)
AltWgs84 0.8 m, EA(5m)
Hdg 259 deg, Spd 0.0 m/s
EA(39.2 deg, 3.1 m/s)</description>
      <Style>
        <IconStyle>
          <Icon>
            <href>http://maps.google.com/mapfiles/kml/shapes/shaded_dot.png</href>
          </Icon>
          <scale>0.6</scale>
          <color>bf3744db</color>
        </IconStyle>
      </Style>
      <Point>
        <altitudeMode>clampToGround</altitudeMode>
        <coordinates>87.3263629714182,22.3148070007709,0</coordinates>
      </Point>
    </Placemark>
    <Placemark>
      <Snippet maxLines="0"> </Snippet>
      <description>97
UTC 19-04-2026 05:22:50.80
GpsMilliseconds 1460611388795
22.3148489,87.3264330, EA(3m)
AltWgs84 -11.1 m, EA(5m)
Hdg 222 deg, Spd 0.0 m/s
EA(39.2 deg, 3.1 m/s)</description>
      <Style>
        <IconStyle>
          <Icon>
            <href>http://maps.google.com/mapfiles/kml/shapes/shaded_dot.png</href>
          </Icon>
          <scale>0.6</scale>
          <color>bf3744db</color>
        </IconStyle>
      </Style>
      <Point>
        <altitudeMode>clampToGround</altitudeMode>
        <coordinates>87.3264329981151,22.3148488974044,0</coordinates>
      </Point>
    </Placemark>
    <Placemark>
      <Snippet maxLines="0"> </Snippet>
      <description>98
UTC 19-04-2026 05:22:51.82
GpsMilliseconds 1460611389818
22.3148181,87.3264294, EA(3m)
AltWgs84 -7.7 m, EA(5m)
Hdg 3 deg, Spd 0.0 m/s
EA(39.7 deg, 3.2 m/s)</description>
      <Style>
        <IconStyle>
          <Icon>
            <href>http://maps.google.com/mapfiles/kml/shapes/shaded_dot.png</href>
          </Icon>
          <scale>0.6</scale>
          <color>bf3744db</color>
        </IconStyle>
      </Style>
      <Point>
        <altitudeMode>clampToGround</altitudeMode>
        <coordinates>87.3264294004804,22.3148181322972,0</coordinates>
      </Point>
    </Placemark>
    <Placemark>
      <Snippet maxLines="0"> </Snippet>
      <description>99
UTC 19-04-2026 05:22:52.81
GpsMilliseconds 1460611390808
22.3148574,87.3264391, EA(3m)
AltWgs84 -14.5 m, EA(5m)
Hdg 37 deg, Spd 0.1 m/s
EA(41.7 deg, 3.2 m/s)</description>
      <Style>
        <IconStyle>
          <Icon>
            <href>http://maps.google.com/mapfiles/kml/shapes/shaded_dot.png</href>
          </Icon>
          <scale>0.6</scale>
          <color>bf3744db</color>
        </IconStyle>
      </Style>
      <Point>
        <altitudeMode>clampToGround</altitudeMode>
        <coordinates>87.3264391474137,22.3148574283734,0</coordinates>
      </Point>
    </Placemark>
    <Placemark>
      <Snippet maxLines="0"> </Snippet>
      <description>100
UTC 19-04-2026 05:22:53.80
GpsMilliseconds 1460611391795
22.3148465,87.3264294, EA(3m)
AltWgs84 -12.8 m, EA(5m)
Hdg 316 deg, Spd 0.0 m/s
EA(37.4 deg, 3.2 m/s)</description>
      <Style>
        <IconStyle>
          <Icon>
            <href>http://maps.google.com/mapfiles/kml/shapes/shaded_dot.png</href>
          </Icon>
          <scale>0.6</scale>
          <color>bf3744db</color>
        </IconStyle>
      </Style>
      <Point>
        <altitudeMode>clampToGround</altitudeMode>
        <coordinates>87.3264294465747,22.3148465437932,0</coordinates>
      </Point>
    </Placemark>
    <Placemark>
      <Snippet maxLines="0"> </Snippet>
      <description>101
UTC 19-04-2026 05:22:54.82
GpsMilliseconds 1460611392815
22.3148013,87.3263833, EA(3m)
AltWgs84 -0.3 m, EA(5m)
Hdg 136 deg, Spd 0.0 m/s
EA(37.3 deg, 3.1 m/s)</description>
      <Style>
        <IconStyle>
          <Icon>
            <href>http://maps.google.com/mapfiles/kml/shapes/shaded_dot.png</href>
          </Icon>
          <scale>0.6</scale>
          <color>bf3744db</color>
        </IconStyle>
      </Style>
      <Point>
        <altitudeMode>clampToGround</altitudeMode>
        <coordinates>87.3263832694917,22.3148012844537,0</coordinates>
      </Point>
    </Placemark>
    <Placemark>
      <Snippet maxLines="0"> </Snippet>
      <description>102
UTC 19-04-2026 05:22:55.80
GpsMilliseconds 1460611393800
22.3148234,87.3263696, EA(3m)
AltWgs84 -7.1 m, EA(5m)
Hdg 334 deg, Spd 0.0 m/s
EA(33.4 deg, 3.4 m/s)</description>
      <Style>
        <IconStyle>
          <Icon>
            <href>http://maps.google.com/mapfiles/kml/shapes/shaded_dot.png</href>
          </Icon>
          <scale>0.6</scale>
          <color>bf3744db</color>
        </IconStyle>
      </Style>
      <Point>
        <altitudeMode>clampToGround</altitudeMode>
        <coordinates>87.3263695766146,22.3148234075243,0</coordinates>
      </Point>
    </Placemark>
    <Placemark>
      <Snippet maxLines="0"> </Snippet>
      <description>103
UTC 19-04-2026 05:22:56.79
GpsMilliseconds 1460611394793
22.3148125,87.3262699, EA(3m)
AltWgs84 -9.5 m, EA(5m)
Hdg 276 deg, Spd 0.0 m/s
EA(42.6 deg, 3.2 m/s)</description>
      <Style>
        <IconStyle>
          <Icon>
            <href>http://maps.google.com/mapfiles/kml/shapes/shaded_dot.png</href>
          </Icon>
          <scale>0.6</scale>
          <color>bf3744db</color>
        </IconStyle>
      </Style>
      <Point>
        <altitudeMode>clampToGround</altitudeMode>
        <coordinates>87.3262699194164,22.3148125398715,0</coordinates>
      </Point>
    </Placemark>
    <Placemark>
      <Snippet maxLines="0"> </Snippet>
      <description>104
UTC 19-04-2026 05:22:57.82
GpsMilliseconds 1460611395822
22.3148442,87.3263937, EA(3m)
AltWgs84 -2.1 m, EA(5m)
Hdg 96 deg, Spd 0.0 m/s
EA(38.8 deg, 3.1 m/s)</description>
      <Style>
        <IconStyle>
          <Icon>
            <href>http://maps.google.com/mapfiles/kml/shapes/shaded_dot.png</href>
          </Icon>
          <scale>0.6</scale>
          <color>bf3744db</color>
        </IconStyle>
      </Style>
      <Point>
        <altitudeMode>clampToGround</altitudeMode>
        <coordinates>87.3263936882027,22.3148442080475,0</coordinates>
      </Point>
    </Placemark>
    <Placemark>
      <Snippet maxLines="0"> </Snippet>
      <description>105
UTC 19-04-2026 05:22:58.81
GpsMilliseconds 1460611396807
22.3148332,87.3263563, EA(3m)
AltWgs84 -12.1 m, EA(5m)
Hdg 224 deg, Spd 0.0 m/s
EA(41.0 deg, 3.2 m/s)</description>
      <Style>
        <IconStyle>
          <Icon>
            <href>http://maps.google.com/mapfiles/kml/shapes/shaded_dot.png</href>
          </Icon>
          <scale>0.6</scale>
          <color>bf3744db</color>
        </IconStyle>
      </Style>
      <Point>
        <altitudeMode>clampToGround</altitudeMode>
        <coordinates>87.3263562615748,22.3148331557803,0</coordinates>
      </Point>
    </Placemark>
    <Placemark>
      <Snippet maxLines="0"> </Snippet>
      <description>106
UTC 19-04-2026 05:22:59.81
GpsMilliseconds 1460611397813
22.3147693,87.3264009, EA(3m)
AltWgs84 -1.0 m, EA(6m)
Hdg 14 deg, Spd 0.1 m/s
EA(43.0 deg, 3.1 m/s)</description>
      <Style>
        <IconStyle>
          <Icon>
            <href>http://maps.google.com/mapfiles/kml/shapes/shaded_dot.png</href>
          </Icon>
          <scale>0.6</scale>
          <color>bf3744db</color>
        </IconStyle>
      </Style>
      <Point>
        <altitudeMode>clampToGround</altitudeMode>
        <coordinates>87.3264008772524,22.314769298096,0</coordinates>
      </Point>
    </Placemark>
    <Placemark>
      <Snippet maxLines="0"> </Snippet>
      <description>107
UTC 19-04-2026 05:23:00.80
GpsMilliseconds 1460611398798
22.3147883,87.3263885, EA(3m)
AltWgs84 5.9 m, EA(5m)
Hdg 350 deg, Spd 0.1 m/s
EA(40.3 deg, 3.1 m/s)</description>
      <Style>
        <IconStyle>
          <Icon>
            <href>http://maps.google.com/mapfiles/kml/shapes/shaded_dot.png</href>
          </Icon>
          <scale>0.6</scale>
          <color>bf3744db</color>
        </IconStyle>
      </Style>
      <Point>
        <altitudeMode>clampToGround</altitudeMode>
        <coordinates>87.326388514993,22.3147883309419,0</coordinates>
      </Point>
    </Placemark>
    <Placemark>
      <Snippet maxLines="0"> </Snippet>
      <description>108
UTC 19-04-2026 05:23:01.83
GpsMilliseconds 1460611399831
22.3148259,87.3263618, EA(3m)
AltWgs84 -3.1 m, EA(6m)
Hdg 235 deg, Spd 0.1 m/s
EA(41.8 deg, 3.2 m/s)</description>
      <Style>
        <IconStyle>
          <Icon>
            <href>http://maps.google.com/mapfiles/kml/shapes/shaded_dot.png</href>
          </Icon>
          <scale>0.6</scale>
          <color>bf3744db</color>
        </IconStyle>
      </Style>
      <Point>
        <altitudeMode>clampToGround</altitudeMode>
        <coordinates>87.3263618230161,22.3148259427999,0</coordinates>
      </Point>
    </Placemark>
    <Placemark>
      <Snippet maxLines="0"> </Snippet>
      <description>109
UTC 19-04-2026 05:23:02.79
GpsMilliseconds 1460611400791
22.3148115,87.3263606, EA(3m)
AltWgs84 -3.2 m, EA(6m)
Hdg 265 deg, Spd 0.0 m/s
EA(43.4 deg, 3.1 m/s)</description>
      <Style>
        <IconStyle>
          <Icon>
            <href>http://maps.google.com/mapfiles/kml/shapes/shaded_dot.png</href>
          </Icon>
          <scale>0.6</scale>
          <color>bf3744db</color>
        </IconStyle>
      </Style>
      <Point>
        <altitudeMode>clampToGround</altitudeMode>
        <coordinates>87.3263605755779,22.3148114788457,0</coordinates>
      </Point>
    </Placemark>
    <Placemark>
      <Snippet maxLines="0"> </Snippet>
      <description>110
UTC 19-04-2026 05:23:03.80
GpsMilliseconds 1460611401798
22.3148081,87.3263176, EA(3m)
AltWgs84 2.6 m, EA(6m)
Hdg 24 deg, Spd 0.0 m/s
EA(37.7 deg, 3.1 m/s)</description>
      <Style>
        <IconStyle>
          <Icon>
            <href>http://maps.google.com/mapfiles/kml/shapes/shaded_dot.png</href>
          </Icon>
          <scale>0.6</scale>
          <color>bf3744db</color>
        </IconStyle>
      </Style>
      <Point>
        <altitudeMode>clampToGround</altitudeMode>
        <coordinates>87.3263176403161,22.3148081332329,0</coordinates>
      </Point>
    </Placemark>
    <Placemark>
      <Snippet maxLines="0"> </Snippet>
      <description>111
UTC 19-04-2026 05:23:04.82
GpsMilliseconds 1460611402823
22.3147757,87.3263112, EA(3m)
AltWgs84 -1.9 m, EA(6m)
Hdg 273 deg, Spd 0.0 m/s
EA(40.3 deg, 3.2 m/s)</description>
      <Style>
        <IconStyle>
          <Icon>
            <href>http://maps.google.com/mapfiles/kml/shapes/shaded_dot.png</href>
          </Icon>
          <scale>0.6</scale>
          <color>bf3744db</color>
        </IconStyle>
      </Style>
      <Point>
        <altitudeMode>clampToGround</altitudeMode>
        <coordinates>87.3263112431139,22.3147756569122,0</coordinates>
      </Point>
    </Placemark>
    <Placemark>
      <Snippet maxLines="0"> </Snippet>
      <description>112
UTC 19-04-2026 05:23:05.80
GpsMilliseconds 1460611403801
22.3147720,87.3263243, EA(3m)
AltWgs84 -6.3 m, EA(6m)
Hdg 64 deg, Spd 0.0 m/s
EA(38.7 deg, 3.1 m/s)</description>
      <Style>
        <IconStyle>
          <Icon>
            <href>http://maps.google.com/mapfiles/kml/shapes/shaded_dot.png</href>
          </Icon>
          <scale>0.6</scale>
          <color>bf3744db</color>
        </IconStyle>
      </Style>
      <Point>
        <altitudeMode>clampToGround</altitudeMode>
        <coordinates>87.326324344047,22.3147720379868,0</coordinates>
      </Point>
    </Placemark>
    <Placemark>
      <Snippet maxLines="0"> </Snippet>
      <description>113
UTC 19-04-2026 05:23:06.81
GpsMilliseconds 1460611404812
22.3148254,87.3263383, EA(3m)
AltWgs84 -1.3 m, EA(6m)
Hdg 70 deg, Spd 0.0 m/s
EA(43.8 deg, 3.2 m/s)</description>
      <Style>
        <IconStyle>
          <Icon>
            <href>http://maps.google.com/mapfiles/kml/shapes/shaded_dot.png</href>
          </Icon>
          <scale>0.6</scale>
          <color>bf3744db</color>
        </IconStyle>
      </Style>
      <Point>
        <altitudeMode>clampToGround</altitudeMode>
        <coordinates>87.3263383111012,22.314825393908,0</coordinates>
      </Point>
    </Placemark>
    <Placemark>
      <Snippet maxLines="0"> </Snippet>
      <description>114
UTC 19-04-2026 05:23:07.80
GpsMilliseconds 1460611405801
22.3147863,87.3263771, EA(3m)
AltWgs84 1.3 m, EA(6m)
Hdg 255 deg, Spd 0.1 m/s
EA(38.4 deg, 3.2 m/s)</description>
      <Style>
        <IconStyle>
          <Icon>
            <href>http://maps.google.com/mapfiles/kml/shapes/shaded_dot.png</href>
          </Icon>
          <scale>0.6</scale>
          <color>bf3744db</color>
        </IconStyle>
      </Style>
      <Point>
        <altitudeMode>clampToGround</altitudeMode>
        <coordinates>87.3263770721471,22.3147863012485,0</coordinates>
      </Point>
    </Placemark>
    <Placemark>
      <Snippet maxLines="0"> </Snippet>
      <description>115
UTC 19-04-2026 05:23:08.80
GpsMilliseconds 1460611406803
22.3148367,87.3263050, EA(3m)
AltWgs84 -5.3 m, EA(6m)
Hdg 227 deg, Spd 0.0 m/s
EA(42.8 deg, 3.2 m/s)</description>
      <Style>
        <IconStyle>
          <Icon>
            <href>http://maps.google.com/mapfiles/kml/shapes/shaded_dot.png</href>
          </Icon>
          <scale>0.6</scale>
          <color>bf3744db</color>
        </IconStyle>
      </Style>
      <Point>
        <altitudeMode>clampToGround</altitudeMode>
        <coordinates>87.3263050178446,22.3148367098481,0</coordinates>
      </Point>
    </Placemark>
    <Placemark>
      <Snippet maxLines="0"> </Snippet>
      <description>116
UTC 19-04-2026 05:23:09.83
GpsMilliseconds 1460611407826
22.3147838,87.3263116, EA(3m)
AltWgs84 -5.9 m, EA(6m)
Hdg 358 deg, Spd 0.0 m/s
EA(40.5 deg, 3.2 m/s)</description>
      <Style>
        <IconStyle>
          <Icon>
            <href>http://maps.google.com/mapfiles/kml/shapes/shaded_dot.png</href>
          </Icon>
          <scale>0.6</scale>
          <color>bf3744db</color>
        </IconStyle>
      </Style>
      <Point>
        <altitudeMode>clampToGround</altitudeMode>
        <coordinates>87.3263116268881,22.3147837576258,0</coordinates>
      </Point>
    </Placemark>
    <Placemark>
      <Snippet maxLines="0"> </Snippet>
      <description>117
UTC 19-04-2026 05:23:10.81
GpsMilliseconds 1460611408812
22.3148136,87.3263202, EA(3m)
AltWgs84 -1.2 m, EA(6m)
Hdg 53 deg, Spd 0.0 m/s
EA(40.6 deg, 3.2 m/s)</description>
      <Style>
        <IconStyle>
          <Icon>
            <href>http://maps.google.com/mapfiles/kml/shapes/shaded_dot.png</href>
          </Icon>
          <scale>0.6</scale>
          <color>bf3744db</color>
        </IconStyle>
      </Style>
      <Point>
        <altitudeMode>clampToGround</altitudeMode>
        <coordinates>87.326320206411,22.3148135760753,0</coordinates>
      </Point>
    </Placemark>
    <Placemark>
      <Snippet maxLines="0"> </Snippet>
      <description>118
UTC 19-04-2026 05:23:11.80
GpsMilliseconds 1460611409800
22.3147870,87.3263237, EA(3m)
AltWgs84 1.9 m, EA(6m)
Hdg 150 deg, Spd 0.0 m/s
EA(46.0 deg, 3.2 m/s)</description>
      <Style>
        <IconStyle>
          <Icon>
            <href>http://maps.google.com/mapfiles/kml/shapes/shaded_dot.png</href>
          </Icon>
          <scale>0.6</scale>
          <color>bf3744db</color>
        </IconStyle>
      </Style>
      <Point>
        <altitudeMode>clampToGround</altitudeMode>
        <coordinates>87.3263237139075,22.3147870364544,0</coordinates>
      </Point>
    </Placemark>
    <Placemark>
      <Snippet maxLines="0"> </Snippet>
      <description>119
UTC 19-04-2026 05:23:12.83
GpsMilliseconds 1460611410832
22.3148290,87.3262808, EA(3m)
AltWgs84 -10.1 m, EA(6m)
Hdg 205 deg, Spd 0.0 m/s
EA(42.2 deg, 3.2 m/s)</description>
      <Style>
        <IconStyle>
          <Icon>
            <href>http://maps.google.com/mapfiles/kml/shapes/shaded_dot.png</href>
          </Icon>
          <scale>0.6</scale>
          <color>bf3744db</color>
        </IconStyle>
      </Style>
      <Point>
        <altitudeMode>clampToGround</altitudeMode>
        <coordinates>87.3262807880621,22.314829009234,0</coordinates>
      </Point>
    </Placemark>
    <Placemark>
      <Snippet maxLines="0"> </Snippet>
      <description>120
UTC 19-04-2026 05:23:13.83
GpsMilliseconds 1460611411825
22.3147955,87.3263250, EA(3m)
AltWgs84 -0.6 m, EA(6m)
Hdg 13 deg, Spd 0.1 m/s
EA(40.2 deg, 3.1 m/s)</description>
      <Style>
        <IconStyle>
          <Icon>
            <href>http://maps.google.com/mapfiles/kml/shapes/shaded_dot.png</href>
          </Icon>
          <scale>0.6</scale>
          <color>bf3744db</color>
        </IconStyle>
      </Style>
      <Point>
        <altitudeMode>clampToGround</altitudeMode>
        <coordinates>87.3263249675957,22.3147955327774,0</coordinates>
      </Point>
    </Placemark>
    <Placemark>
      <Snippet maxLines="0"> </Snippet>
      <description>121
UTC 19-04-2026 05:23:14.80
GpsMilliseconds 1460611412797
22.3148069,87.3262795, EA(3m)
AltWgs84 -1.0 m, EA(6m)
Hdg 89 deg, Spd 0.0 m/s
EA(45.5 deg, 3.2 m/s)</description>
      <Style>
        <IconStyle>
          <Icon>
            <href>http://maps.google.com/mapfiles/kml/shapes/shaded_dot.png</href>
          </Icon>
          <scale>0.6</scale>
          <color>bf3744db</color>
        </IconStyle>
      </Style>
      <Point>
        <altitudeMode>clampToGround</altitudeMode>
        <coordinates>87.326279501544,22.3148069063448,0</coordinates>
      </Point>
    </Placemark>
    <Placemark>
      <Snippet maxLines="0"> </Snippet>
      <description>122
UTC 19-04-2026 05:23:15.80
GpsMilliseconds 1460611413803
22.3148383,87.3262870, EA(3m)
AltWgs84 -4.2 m, EA(6m)
Hdg 80 deg, Spd 0.1 m/s
EA(37.6 deg, 3.2 m/s)</description>
      <Style>
        <IconStyle>
          <Icon>
            <href>http://maps.google.com/mapfiles/kml/shapes/shaded_dot.png</href>
          </Icon>
          <scale>0.6</scale>
          <color>bf3744db</color>
        </IconStyle>
      </Style>
      <Point>
        <altitudeMode>clampToGround</altitudeMode>
        <coordinates>87.3262870140716,22.3148382946581,0</coordinates>
      </Point>
    </Placemark>
    <Placemark>
      <Snippet maxLines="0"> </Snippet>
      <description>123
UTC 19-04-2026 05:23:16.83
GpsMilliseconds 1460611414828
22.3148647,87.3263971, EA(3m)
AltWgs84 -17.9 m, EA(6m)
Hdg 9 deg, Spd 0.0 m/s
EA(40.4 deg, 3.1 m/s)</description>
      <Style>
        <IconStyle>
          <Icon>
            <href>http://maps.google.com/mapfiles/kml/shapes/shaded_dot.png</href>
          </Icon>
          <scale>0.6</scale>
          <color>bf3744db</color>
        </IconStyle>
      </Style>
      <Point>
        <altitudeMode>clampToGround</altitudeMode>
        <coordinates>87.3263970661851,22.3148647172423,0</coordinates>
      </Point>
    </Placemark>
    <Placemark>
      <Snippet maxLines="0"> </Snippet>
      <description>124
UTC 19-04-2026 05:23:17.80
GpsMilliseconds 1460611415800
22.3148331,87.3262825, EA(3m)
AltWgs84 -25.0 m, EA(6m)
Hdg 20 deg, Spd 0.0 m/s
EA(46.5 deg, 3.2 m/s)</description>
      <Style>
        <IconStyle>
          <Icon>
            <href>http://maps.google.com/mapfiles/kml/shapes/shaded_dot.png</href>
          </Icon>
          <scale>0.6</scale>
          <color>bf3744db</color>
        </IconStyle>
      </Style>
      <Point>
        <altitudeMode>clampToGround</altitudeMode>
        <coordinates>87.3262824582928,22.3148330724362,0</coordinates>
      </Point>
    </Placemark>
    <Placemark>
      <Snippet maxLines="0"> </Snippet>
      <description>125
UTC 19-04-2026 05:23:18.83
GpsMilliseconds 1460611416830
22.3148845,87.3263021, EA(3m)
AltWgs84 -16.2 m, EA(6m)
Hdg 1 deg, Spd 0.0 m/s
EA(40.8 deg, 3.3 m/s)</description>
      <Style>
        <IconStyle>
          <Icon>
            <href>http://maps.google.com/mapfiles/kml/shapes/shaded_dot.png</href>
          </Icon>
          <scale>0.6</scale>
          <color>bf3744db</color>
        </IconStyle>
      </Style>
      <Point>
        <altitudeMode>clampToGround</altitudeMode>
        <coordinates>87.326302132725,22.3148845253857,0</coordinates>
      </Point>
    </Placemark>
    <Placemark>
      <Snippet maxLines="0"> </Snippet>
      <description>126
UTC 19-04-2026 05:23:19.81
GpsMilliseconds 1460611417811
22.3148513,87.3263138, EA(3m)
AltWgs84 -11.2 m, EA(6m)
Hdg 22 deg, Spd 0.0 m/s
EA(38.9 deg, 3.2 m/s)</description>
      <Style>
        <IconStyle>
          <Icon>
            <href>http://maps.google.com/mapfiles/kml/shapes/shaded_dot.png</href>
          </Icon>
          <scale>0.6</scale>
          <color>bf3744db</color>
        </IconStyle>
      </Style>
      <Point>
        <altitudeMode>clampToGround</altitudeMode>
        <coordinates>87.3263137609411,22.3148512883059,0</coordinates>
      </Point>
    </Placemark>
    <Placemark>
      <Snippet maxLines="0"> </Snippet>
      <description>127
UTC 19-04-2026 05:23:20.81
GpsMilliseconds 1460611418805
22.3148725,87.3263257, EA(3m)
AltWgs84 -14.0 m, EA(6m)
Hdg 329 deg, Spd 0.1 m/s
EA(38.9 deg, 3.2 m/s)</description>
      <Style>
        <IconStyle>
          <Icon>
            <href>http://maps.google.com/mapfiles/kml/shapes/shaded_dot.png</href>
          </Icon>
          <scale>0.6</scale>
          <color>bf3744db</color>
        </IconStyle>
      </Style>
      <Point>
        <altitudeMode>clampToGround</altitudeMode>
        <coordinates>87.32632569798,22.3148724599731,0</coordinates>
      </Point>
    </Placemark>
    <Placemark>
      <Snippet maxLines="0"> </Snippet>
      <description>128
UTC 19-04-2026 05:23:21.84
GpsMilliseconds 1460611419837
22.3148912,87.3263555, EA(3m)
AltWgs84 -19.0 m, EA(6m)
Hdg 222 deg, Spd 0.1 m/s
EA(42.1 deg, 3.3 m/s)</description>
      <Style>
        <IconStyle>
          <Icon>
            <href>http://maps.google.com/mapfiles/kml/shapes/shaded_dot.png</href>
          </Icon>
          <scale>0.6</scale>
          <color>bf3744db</color>
        </IconStyle>
      </Style>
      <Point>
        <altitudeMode>clampToGround</altitudeMode>
        <coordinates>87.3263555156742,22.3148911959763,0</coordinates>
      </Point>
    </Placemark>
    <Placemark>
      <Snippet maxLines="0"> </Snippet>
      <description>129
UTC 19-04-2026 05:23:22.81
GpsMilliseconds 1460611420809
22.3148774,87.3263798, EA(3m)
AltWgs84 -18.3 m, EA(6m)
Hdg 236 deg, Spd 0.0 m/s
EA(35.9 deg, 3.2 m/s)</description>
      <Style>
        <IconStyle>
          <Icon>
            <href>http://maps.google.com/mapfiles/kml/shapes/shaded_dot.png</href>
          </Icon>
          <scale>0.6</scale>
          <color>bf3744db</color>
        </IconStyle>
      </Style>
      <Point>
        <altitudeMode>clampToGround</altitudeMode>
        <coordinates>87.3263798397866,22.3148774211714,0</coordinates>
      </Point>
    </Placemark>
    <Placemark>
      <Snippet maxLines="0"> </Snippet>
      <description>130
UTC 19-04-2026 05:23:23.81
GpsMilliseconds 1460611421806
22.3148593,87.3263369, EA(3m)
AltWgs84 -19.1 m, EA(6m)
Hdg 103 deg, Spd 0.0 m/s
EA(44.9 deg, 3.2 m/s)</description>
      <Style>
        <IconStyle>
          <Icon>
            <href>http://maps.google.com/mapfiles/kml/shapes/shaded_dot.png</href>
          </Icon>
          <scale>0.6</scale>
          <color>bf3744db</color>
        </IconStyle>
      </Style>
      <Point>
        <altitudeMode>clampToGround</altitudeMode>
        <coordinates>87.3263368572085,22.3148592747667,0</coordinates>
      </Point>
    </Placemark>
    <Placemark>
      <Snippet maxLines="0"> </Snippet>
      <description>131
UTC 19-04-2026 05:23:24.83
GpsMilliseconds 1460611422827
22.3148554,87.3263450, EA(3m)
AltWgs84 -13.0 m, EA(6m)
Hdg 260 deg, Spd 0.1 m/s
EA(40.5 deg, 3.2 m/s)</description>
      <Style>
        <IconStyle>
          <Icon>
            <href>http://maps.google.com/mapfiles/kml/shapes/shaded_dot.png</href>
          </Icon>
          <scale>0.6</scale>
          <color>bf3744db</color>
        </IconStyle>
      </Style>
      <Point>
        <altitudeMode>clampToGround</altitudeMode>
        <coordinates>87.3263449657606,22.3148553532634,0</coordinates>
      </Point>
    </Placemark>
    <Placemark>
      <Snippet maxLines="0"> </Snippet>
      <description>132
UTC 19-04-2026 05:23:25.81
GpsMilliseconds 1460611423813
22.3149460,87.3263689, EA(3m)
AltWgs84 -15.4 m, EA(6m)
Hdg 200 deg, Spd 0.0 m/s
EA(39.7 deg, 3.3 m/s)</description>
      <Style>
        <IconStyle>
          <Icon>
            <href>http://maps.google.com/mapfiles/kml/shapes/shaded_dot.png</href>
          </Icon>
          <scale>0.6</scale>
          <color>bf3744db</color>
        </IconStyle>
      </Style>
      <Point>
        <altitudeMode>clampToGround</altitudeMode>
        <coordinates>87.3263689150035,22.314946022836,0</coordinates>
      </Point>
    </Placemark>
    <Placemark>
      <Snippet maxLines="0"> </Snippet>
      <description>133
UTC 19-04-2026 05:23:26.84
GpsMilliseconds 1460611424844
22.3148279,87.3263252, EA(3m)
AltWgs84 -12.5 m, EA(6m)
Hdg 41 deg, Spd 0.1 m/s
EA(41.0 deg, 3.2 m/s)</description>
      <Style>
        <IconStyle>
          <Icon>
            <href>http://maps.google.com/mapfiles/kml/shapes/shaded_dot.png</href>
          </Icon>
          <scale>0.6</scale>
          <color>bf3744db</color>
        </IconStyle>
      </Style>
      <Point>
        <altitudeMode>clampToGround</altitudeMode>
        <coordinates>87.3263252035996,22.3148278778023,0</coordinates>
      </Point>
    </Placemark>
    <Placemark>
      <Snippet maxLines="0"> </Snippet>
      <description>134
UTC 19-04-2026 05:23:27.81
GpsMilliseconds 1460611425808
22.3148513,87.3262611, EA(3m)
AltWgs84 -6.3 m, EA(6m)
Hdg 94 deg, Spd 0.0 m/s
EA(43.3 deg, 3.2 m/s)</description>
      <Style>
        <IconStyle>
          <Icon>
            <href>http://maps.google.com/mapfiles/kml/shapes/shaded_dot.png</href>
          </Icon>
          <scale>0.6</scale>
          <color>bf3744db</color>
        </IconStyle>
      </Style>
      <Point>
        <altitudeMode>clampToGround</altitudeMode>
        <coordinates>87.3262610558446,22.3148513397925,0</coordinates>
      </Point>
    </Placemark>
    <Placemark>
      <Snippet maxLines="0"> </Snippet>
      <description>135
UTC 19-04-2026 05:23:28.81
GpsMilliseconds 1460611426811
22.3148276,87.3263228, EA(3m)
AltWgs84 -21.5 m, EA(6m)
Hdg 6 deg, Spd 0.0 m/s
EA(38.4 deg, 3.2 m/s)</description>
      <Style>
        <IconStyle>
          <Icon>
            <href>http://maps.google.com/mapfiles/kml/shapes/shaded_dot.png</href>
          </Icon>
          <scale>0.6</scale>
          <color>bf3744db</color>
        </IconStyle>
      </Style>
      <Point>
        <altitudeMode>clampToGround</altitudeMode>
        <coordinates>87.3263227677981,22.314827565065,0</coordinates>
      </Point>
    </Placemark>
    <Placemark>
      <Snippet maxLines="0"> </Snippet>
      <description>136
UTC 19-04-2026 05:23:29.83
GpsMilliseconds 1460611427828
22.3148110,87.3263213, EA(3m)
AltWgs84 -11.9 m, EA(6m)
Hdg 75 deg, Spd 0.0 m/s
EA(38.6 deg, 3.3 m/s)</description>
      <Style>
        <IconStyle>
          <Icon>
            <href>http://maps.google.com/mapfiles/kml/shapes/shaded_dot.png</href>
          </Icon>
          <scale>0.6</scale>
          <color>bf3744db</color>
        </IconStyle>
      </Style>
      <Point>
        <altitudeMode>clampToGround</altitudeMode>
        <coordinates>87.3263213125564,22.3148110173329,0</coordinates>
      </Point>
    </Placemark>
    <Placemark>
      <Snippet maxLines="0"> </Snippet>
      <description>137
UTC 19-04-2026 05:23:30.82
GpsMilliseconds 1460611428817
22.3148062,87.3263226, EA(3m)
AltWgs84 -15.0 m, EA(6m)
Hdg 270 deg, Spd 0.0 m/s
EA(39.9 deg, 3.2 m/s)</description>
      <Style>
        <IconStyle>
          <Icon>
            <href>http://maps.google.com/mapfiles/kml/shapes/shaded_dot.png</href>
          </Icon>
          <scale>0.6</scale>
          <color>bf3744db</color>
        </IconStyle>
      </Style>
      <Point>
        <altitudeMode>clampToGround</altitudeMode>
        <coordinates>87.3263225779883,22.314806166944,0</coordinates>
      </Point>
    </Placemark>
    <Placemark>
      <Snippet maxLines="0"> </Snippet>
      <description>138
UTC 19-04-2026 05:23:31.81
GpsMilliseconds 1460611429813
22.3148406,87.3262911, EA(3m)
AltWgs84 -25.0 m, EA(6m)
Hdg 255 deg, Spd 0.1 m/s
EA(39.3 deg, 3.4 m/s)</description>
      <Style>
        <IconStyle>
          <Icon>
            <href>http://maps.google.com/mapfiles/kml/shapes/shaded_dot.png</href>
          </Icon>
          <scale>0.6</scale>
          <color>bf3744db</color>
        </IconStyle>
      </Style>
      <Point>
        <altitudeMode>clampToGround</altitudeMode>
        <coordinates>87.3262911323508,22.3148406129232,0</coordinates>
      </Point>
    </Placemark>
    <Placemark>
      <Snippet maxLines="0"> </Snippet>
      <description>139
UTC 19-04-2026 05:23:32.83
GpsMilliseconds 1460611430832
22.3148713,87.3263448, EA(3m)
AltWgs84 -13.1 m, EA(6m)
Hdg 235 deg, Spd 0.0 m/s
EA(38.4 deg, 3.3 m/s)</description>
      <Style>
        <IconStyle>
          <Icon>
            <href>http://maps.google.com/mapfiles/kml/shapes/shaded_dot.png</href>
          </Icon>
          <scale>0.6</scale>
          <color>bf3744db</color>
        </IconStyle>
      </Style>
      <Point>
        <altitudeMode>clampToGround</altitudeMode>
        <coordinates>87.3263448434904,22.3148713115288,0</coordinates>
      </Point>
    </Placemark>
    <Placemark>
      <Snippet maxLines="0"> </Snippet>
      <description>140
UTC 19-04-2026 05:23:33.82
GpsMilliseconds 1460611431823
22.3148471,87.3262859, EA(3m)
AltWgs84 -20.3 m, EA(6m)
Hdg 202 deg, Spd 0.0 m/s
EA(40.3 deg, 3.2 m/s)</description>
      <Style>
        <IconStyle>
          <Icon>
            <href>http://maps.google.com/mapfiles/kml/shapes/shaded_dot.png</href>
          </Icon>
          <scale>0.6</scale>
          <color>bf3744db</color>
        </IconStyle>
      </Style>
      <Point>
        <altitudeMode>clampToGround</altitudeMode>
        <coordinates>87.3262859308657,22.3148470657708,0</coordinates>
      </Point>
    </Placemark>
    <Placemark>
      <Snippet maxLines="0"> </Snippet>
      <description>141
UTC 19-04-2026 05:23:34.85
GpsMilliseconds 1460611432845
22.3148511,87.3262897, EA(3m)
AltWgs84 -23.5 m, EA(6m)
Hdg 247 deg, Spd 0.1 m/s
EA(51.7 deg, 3.8 m/s)</description>
      <Style>
        <IconStyle>
          <Icon>
            <href>http://maps.google.com/mapfiles/kml/shapes/shaded_dot.png</href>
          </Icon>
          <scale>0.6</scale>
          <color>bf3744db</color>
        </IconStyle>
      </Style>
      <Point>
        <altitudeMode>clampToGround</altitudeMode>
        <coordinates>87.3262896839358,22.3148510526866,0</coordinates>
      </Point>
    </Placemark>
    <Placemark>
      <Snippet maxLines="0"> </Snippet>
      <description>142
UTC 19-04-2026 05:23:35.81
GpsMilliseconds 1460611433813
22.3147901,87.3263268, EA(3m)
AltWgs84 -14.8 m, EA(6m)
Hdg 57 deg, Spd 0.1 m/s
EA(44.5 deg, 3.1 m/s)</description>
      <Style>
        <IconStyle>
          <Icon>
            <href>http://maps.google.com/mapfiles/kml/shapes/shaded_dot.png</href>
          </Icon>
          <scale>0.6</scale>
          <color>bf3744db</color>
        </IconStyle>
      </Style>
      <Point>
        <altitudeMode>clampToGround</altitudeMode>
        <coordinates>87.3263267738289,22.3147901290856,0</coordinates>
      </Point>
    </Placemark>
    <Placemark>
      <Snippet maxLines="0"> </Snippet>
      <description>143
UTC 19-04-2026 05:23:36.84
GpsMilliseconds 1460611434838
22.3147927,87.3262140, EA(3m)
AltWgs84 -10.3 m, EA(6m)
Hdg 27 deg, Spd 0.0 m/s
EA(40.8 deg, 3.1 m/s)</description>
      <Style>
        <IconStyle>
          <Icon>
            <href>http://maps.google.com/mapfiles/kml/shapes/shaded_dot.png</href>
          </Icon>
          <scale>0.6</scale>
          <color>bf3744db</color>
        </IconStyle>
      </Style>
      <Point>
        <altitudeMode>clampToGround</altitudeMode>
        <coordinates>87.3262140394016,22.314792673776,0</coordinates>
      </Point>
    </Placemark>
    <Placemark>
      <Snippet maxLines="0"> </Snippet>
      <description>144
UTC 19-04-2026 05:23:37.83
GpsMilliseconds 1460611435825
22.3147992,87.3262782, EA(3m)
AltWgs84 -8.1 m, EA(6m)
Hdg 72 deg, Spd 0.0 m/s
EA(39.3 deg, 3.2 m/s)</description>
      <Style>
        <IconStyle>
          <Icon>
            <href>http://maps.google.com/mapfiles/kml/shapes/shaded_dot.png</href>
          </Icon>
          <scale>0.6</scale>
          <color>bf3744db</color>
        </IconStyle>
      </Style>
      <Point>
        <altitudeMode>clampToGround</altitudeMode>
        <coordinates>87.3262782005577,22.3147992008751,0</coordinates>
      </Point>
    </Placemark>
    <Placemark>
      <Snippet maxLines="0"> </Snippet>
      <description>145
UTC 19-04-2026 05:23:38.82
GpsMilliseconds 1460611436817
22.3148345,87.3263697, EA(3m)
AltWgs84 -18.4 m, EA(6m)
Hdg 127 deg, Spd 0.0 m/s
EA(37.6 deg, 3.3 m/s)</description>
      <Style>
        <IconStyle>
          <Icon>
            <href>http://maps.google.com/mapfiles/kml/shapes/shaded_dot.png</href>
          </Icon>
          <scale>0.6</scale>
          <color>bf3744db</color>
        </IconStyle>
      </Style>
      <Point>
        <altitudeMode>clampToGround</altitudeMode>
        <coordinates>87.3263696927201,22.3148345077909,0</coordinates>
      </Point>
    </Placemark>
    <Placemark>
      <Snippet maxLines="0"> </Snippet>
      <description>146
UTC 19-04-2026 05:23:39.84
GpsMilliseconds 1460611437838
22.3148208,87.3263026, EA(3m)
AltWgs84 -21.5 m, EA(6m)
Hdg 350 deg, Spd 0.1 m/s
EA(40.5 deg, 3.2 m/s)</description>
      <Style>
        <IconStyle>
          <Icon>
            <href>http://maps.google.com/mapfiles/kml/shapes/shaded_dot.png</href>
          </Icon>
          <scale>0.6</scale>
          <color>bf3744db</color>
        </IconStyle>
      </Style>
      <Point>
        <altitudeMode>clampToGround</altitudeMode>
        <coordinates>87.3263025607063,22.3148208475234,0</coordinates>
      </Point>
    </Placemark>
    <Placemark>
      <Snippet maxLines="0"> </Snippet>
      <description>147
UTC 19-04-2026 05:23:40.82
GpsMilliseconds 1460611438816
22.3148659,87.3263057, EA(3m)
AltWgs84 -23.1 m, EA(6m)
Hdg 74 deg, Spd 0.0 m/s
EA(44.3 deg, 3.4 m/s)</description>
      <Style>
        <IconStyle>
          <Icon>
            <href>http://maps.google.com/mapfiles/kml/shapes/shaded_dot.png</href>
          </Icon>
          <scale>0.6</scale>
          <color>bf3744db</color>
        </IconStyle>
      </Style>
      <Point>
        <altitudeMode>clampToGround</altitudeMode>
        <coordinates>87.3263056825983,22.3148659262803,0</coordinates>
      </Point>
    </Placemark>
    <Placemark>
      <Snippet maxLines="0"> </Snippet>
      <description>148
UTC 19-04-2026 05:23:41.83
GpsMilliseconds 1460611439830
22.3147663,87.3262947, EA(3m)
AltWgs84 -8.4 m, EA(6m)
Hdg 51 deg, Spd 0.1 m/s
EA(43.5 deg, 3.2 m/s)</description>
      <Style>
        <IconStyle>
          <Icon>
            <href>http://maps.google.com/mapfiles/kml/shapes/shaded_dot.png</href>
          </Icon>
          <scale>0.6</scale>
          <color>bf3744db</color>
        </IconStyle>
      </Style>
      <Point>
        <altitudeMode>clampToGround</altitudeMode>
        <coordinates>87.3262946864616,22.3147663342701,0</coordinates>
      </Point>
    </Placemark>
    <Placemark>
      <Snippet maxLines="0"> </Snippet>
      <description>149
UTC 19-04-2026 05:23:42.84
GpsMilliseconds 1460611440841
22.3148039,87.3263259, EA(3m)
AltWgs84 -11.3 m, EA(6m)
Hdg 325 deg, Spd 0.0 m/s
EA(37.5 deg, 3.3 m/s)</description>
      <Style>
        <IconStyle>
          <Icon>
            <href>http://maps.google.com/mapfiles/kml/shapes/shaded_dot.png</href>
          </Icon>
          <scale>0.6</scale>
          <color>bf3744db</color>
        </IconStyle>
      </Style>
      <Point>
        <altitudeMode>clampToGround</altitudeMode>
        <coordinates>87.3263259365885,22.314803898639,0</coordinates>
      </Point>
    </Placemark>
    <Placemark>
      <Snippet maxLines="0"> </Snippet>
      <description>150
UTC 19-04-2026 05:23:43.82
GpsMilliseconds 1460611441817
22.3148431,87.3263568, EA(3m)
AltWgs84 -9.0 m, EA(6m)
Hdg 32 deg, Spd 0.0 m/s
EA(35.4 deg, 3.2 m/s)</description>
      <Style>
        <IconStyle>
          <Icon>
            <href>http://maps.google.com/mapfiles/kml/shapes/shaded_dot.png</href>
          </Icon>
          <scale>0.6</scale>
          <color>bf3744db</color>
        </IconStyle>
      </Style>
      <Point>
        <altitudeMode>clampToGround</altitudeMode>
        <coordinates>87.3263568160483,22.314843073277,0</coordinates>
      </Point>
    </Placemark>
    <Placemark>
      <Snippet maxLines="0"> </Snippet>
      <description>151
UTC 19-04-2026 05:23:44.85
GpsMilliseconds 1460611442852
22.3148454,87.3263080, EA(3m)
AltWgs84 -9.1 m, EA(6m)
Hdg 75 deg, Spd 0.1 m/s
EA(42.8 deg, 3.2 m/s)</description>
      <Style>
        <IconStyle>
          <Icon>
            <href>http://maps.google.com/mapfiles/kml/shapes/shaded_dot.png</href>
          </Icon>
          <scale>0.6</scale>
          <color>bf3744db</color>
        </IconStyle>
      </Style>
      <Point>
        <altitudeMode>clampToGround</altitudeMode>
        <coordinates>87.326307987644,22.3148453848226,0</coordinates>
      </Point>
    </Placemark>
    <Placemark>
      <Snippet maxLines="0"> </Snippet>
      <description>152
UTC 19-04-2026 05:23:45.81
GpsMilliseconds 1460611443814
22.3148677,87.3263111, EA(3m)
AltWgs84 -11.5 m, EA(6m)
Hdg 189 deg, Spd 0.0 m/s
EA(44.5 deg, 3.4 m/s)</description>
      <Style>
        <IconStyle>
          <Icon>
            <href>http://maps.google.com/mapfiles/kml/shapes/shaded_dot.png</href>
          </Icon>
          <scale>0.6</scale>
          <color>bf3744db</color>
        </IconStyle>
      </Style>
      <Point>
        <altitudeMode>clampToGround</altitudeMode>
        <coordinates>87.3263111053448,22.3148676517417,0</coordinates>
      </Point>
    </Placemark>
    <Placemark>
      <Snippet maxLines="0"> </Snippet>
      <description>153
UTC 19-04-2026 05:23:46.84
GpsMilliseconds 1460611444838
22.3148659,87.3263281, EA(3m)
AltWgs84 -13.0 m, EA(6m)
Hdg 211 deg, Spd 0.0 m/s
EA(40.0 deg, 3.4 m/s)</description>
      <Style>
        <IconStyle>
          <Icon>
            <href>http://maps.google.com/mapfiles/kml/shapes/shaded_dot.png</href>
          </Icon>
          <scale>0.6</scale>
          <color>bf3744db</color>
        </IconStyle>
      </Style>
      <Point>
        <altitudeMode>clampToGround</altitudeMode>
        <coordinates>87.3263280781758,22.3148659304775,0</coordinates>
      </Point>
    </Placemark>
    <Placemark>
      <Snippet maxLines="0"> </Snippet>
      <description>154
UTC 19-04-2026 05:23:47.82
GpsMilliseconds 1460611445822
22.3148263,87.3263585, EA(3m)
AltWgs84 -14.8 m, EA(6m)
Hdg 104 deg, Spd 0.0 m/s
EA(39.1 deg, 3.3 m/s)</description>
      <Style>
        <IconStyle>
          <Icon>
            <href>http://maps.google.com/mapfiles/kml/shapes/shaded_dot.png</href>
          </Icon>
          <scale>0.6</scale>
          <color>bf3744db</color>
        </IconStyle>
      </Style>
      <Point>
        <altitudeMode>clampToGround</altitudeMode>
        <coordinates>87.3263584774814,22.3148263324553,0</coordinates>
      </Point>
    </Placemark>
    <Placemark>
      <Snippet maxLines="0"> </Snippet>
      <description>155
UTC 19-04-2026 05:23:48.85
GpsMilliseconds 1460611446846
22.3148311,87.3262942, EA(3m)
AltWgs84 -16.4 m, EA(6m)
Hdg 87 deg, Spd 0.1 m/s
EA(36.5 deg, 3.3 m/s)</description>
      <Style>
        <IconStyle>
          <Icon>
            <href>http://maps.google.com/mapfiles/kml/shapes/shaded_dot.png</href>
          </Icon>
          <scale>0.6</scale>
          <color>bf3744db</color>
        </IconStyle>
      </Style>
      <Point>
        <altitudeMode>clampToGround</altitudeMode>
        <coordinates>87.3262942036451,22.3148310829865,0</coordinates>
      </Point>
    </Placemark>
    <Placemark>
      <Snippet maxLines="0"> </Snippet>
      <description>156
UTC 19-04-2026 05:23:49.83
GpsMilliseconds 1460611447825
22.3148777,87.3263444, EA(3m)
AltWgs84 -10.7 m, EA(6m)
Hdg 130 deg, Spd 0.0 m/s
EA(38.2 deg, 3.4 m/s)</description>
      <Style>
        <IconStyle>
          <Icon>
            <href>http://maps.google.com/mapfiles/kml/shapes/shaded_dot.png</href>
          </Icon>
          <scale>0.6</scale>
          <color>bf3744db</color>
        </IconStyle>
      </Style>
      <Point>
        <altitudeMode>clampToGround</altitudeMode>
        <coordinates>87.3263444481274,22.3148776728373,0</coordinates>
      </Point>
    </Placemark>
    <Placemark>
      <Snippet maxLines="0"> </Snippet>
      <description>157
UTC 19-04-2026 05:23:50.82
GpsMilliseconds 1460611448820
22.3148986,87.3263185, EA(3m)
AltWgs84 -26.0 m, EA(6m)
Hdg 328 deg, Spd 0.0 m/s
EA(41.2 deg, 3.3 m/s)</description>
      <Style>
        <IconStyle>
          <Icon>
            <href>http://maps.google.com/mapfiles/kml/shapes/shaded_dot.png</href>
          </Icon>
          <scale>0.6</scale>
          <color>bf3744db</color>
        </IconStyle>
      </Style>
      <Point>
        <altitudeMode>clampToGround</altitudeMode>
        <coordinates>87.3263185155932,22.3148985852975,0</coordinates>
      </Point>
    </Placemark>
    <Placemark>
      <Snippet maxLines="0"> </Snippet>
      <description>158
UTC 19-04-2026 05:23:51.85
GpsMilliseconds 1460611449854
22.3148107,87.3263066, EA(3m)
AltWgs84 -9.5 m, EA(6m)
Hdg 132 deg, Spd 0.0 m/s
EA(38.9 deg, 3.3 m/s)</description>
      <Style>
        <IconStyle>
          <Icon>
            <href>http://maps.google.com/mapfiles/kml/shapes/shaded_dot.png</href>
          </Icon>
          <scale>0.6</scale>
          <color>bf3744db</color>
        </IconStyle>
      </Style>
      <Point>
        <altitudeMode>clampToGround</altitudeMode>
        <coordinates>87.3263065624851,22.3148106595709,0</coordinates>
      </Point>
    </Placemark>
    <Placemark>
      <Snippet maxLines="0"> </Snippet>
      <description>159
UTC 19-04-2026 05:23:52.82
GpsMilliseconds 1460611450823
22.3148810,87.3263583, EA(3m)
AltWgs84 -30.5 m, EA(6m)
Hdg 192 deg, Spd 0.0 m/s
EA(40.8 deg, 3.2 m/s)</description>
      <Style>
        <IconStyle>
          <Icon>
            <href>http://maps.google.com/mapfiles/kml/shapes/shaded_dot.png</href>
          </Icon>
          <scale>0.6</scale>
          <color>bf3744db</color>
        </IconStyle>
      </Style>
      <Point>
        <altitudeMode>clampToGround</altitudeMode>
        <coordinates>87.3263582575132,22.3148809688473,0</coordinates>
      </Point>
    </Placemark>
    <Placemark>
      <Snippet maxLines="0"> </Snippet>
      <description>160
UTC 19-04-2026 05:23:53.83
GpsMilliseconds 1460611451833
22.3148425,87.3263212, EA(3m)
AltWgs84 -17.0 m, EA(6m)
Hdg 248 deg, Spd 0.1 m/s
EA(37.8 deg, 3.7 m/s)</description>
      <Style>
        <IconStyle>
          <Icon>
            <href>http://maps.google.com/mapfiles/kml/shapes/shaded_dot.png</href>
          </Icon>
          <scale>0.6</scale>
          <color>bf3744db</color>
        </IconStyle>
      </Style>
      <Point>
        <altitudeMode>clampToGround</altitudeMode>
        <coordinates>87.3263212309405,22.3148424517054,0</coordinates>
      </Point>
    </Placemark>
    <Placemark>
      <Snippet maxLines="0"> </Snippet>
      <description>161
UTC 19-04-2026 05:23:54.84
GpsMilliseconds 1460611452842
22.3148657,87.3262930, EA(3m)
AltWgs84 -25.2 m, EA(5m)
Hdg 81 deg, Spd 0.0 m/s
EA(41.9 deg, 3.3 m/s)</description>
      <Style>
        <IconStyle>
          <Icon>
            <href>http://maps.google.com/mapfiles/kml/shapes/shaded_dot.png</href>
          </Icon>
          <scale>0.6</scale>
          <color>bf3744db</color>
        </IconStyle>
      </Style>
      <Point>
        <altitudeMode>clampToGround</altitudeMode>
        <coordinates>87.3262930478971,22.31486565729,0</coordinates>
      </Point>
    </Placemark>
    <Placemark>
      <Snippet maxLines="0"> </Snippet>
      <description>162
UTC 19-04-2026 05:23:55.82
GpsMilliseconds 1460611453820
22.3148487,87.3263211, EA(3m)
AltWgs84 -9.1 m, EA(6m)
Hdg 166 deg, Spd 0.0 m/s
EA(46.4 deg, 3.3 m/s)</description>
      <Style>
        <IconStyle>
          <Icon>
            <href>http://maps.google.com/mapfiles/kml/shapes/shaded_dot.png</href>
          </Icon>
          <scale>0.6</scale>
          <color>bf3744db</color>
        </IconStyle>
      </Style>
      <Point>
        <altitudeMode>clampToGround</altitudeMode>
        <coordinates>87.3263210840955,22.3148486840112,0</coordinates>
      </Point>
    </Placemark>
    <Placemark>
      <Snippet maxLines="0"> </Snippet>
      <description>163
UTC 19-04-2026 05:23:56.84
GpsMilliseconds 1460611454843
22.3148224,87.3263371, EA(3m)
AltWgs84 -10.2 m, EA(6m)
Hdg 271 deg, Spd 0.1 m/s
EA(39.0 deg, 3.4 m/s)</description>
      <Style>
        <IconStyle>
          <Icon>
            <href>http://maps.google.com/mapfiles/kml/shapes/shaded_dot.png</href>
          </Icon>
          <scale>0.6</scale>
          <color>bf3744db</color>
        </IconStyle>
      </Style>
      <Point>
        <altitudeMode>clampToGround</altitudeMode>
        <coordinates>87.3263370676333,22.3148223696646,0</coordinates>
      </Point>
    </Placemark>
    <Placemark>
      <Snippet maxLines="0"> </Snippet>
      <description>164
UTC 19-04-2026 05:23:57.83
GpsMilliseconds 1460611455829
22.3148133,87.3263115, EA(3m)
AltWgs84 -1.3 m, EA(5m)
Hdg 135 deg, Spd 0.0 m/s
EA(37.2 deg, 3.3 m/s)</description>
      <Style>
        <IconStyle>
          <Icon>
            <href>http://maps.google.com/mapfiles/kml/shapes/shaded_dot.png</href>
          </Icon>
          <scale>0.6</scale>
          <color>bf3744db</color>
        </IconStyle>
      </Style>
      <Point>
        <altitudeMode>clampToGround</altitudeMode>
        <coordinates>87.3263114622805,22.3148132682185,0</coordinates>
      </Point>
    </Placemark>
    <Placemark>
      <Snippet maxLines="0"> </Snippet>
      <description>165
UTC 19-04-2026 05:23:58.83
GpsMilliseconds 1460611456825
22.3148312,87.3263087, EA(3m)
AltWgs84 -7.8 m, EA(6m)
Hdg 189 deg, Spd 0.1 m/s
EA(37.1 deg, 3.2 m/s)</description>
      <Style>
        <IconStyle>
          <Icon>
            <href>http://maps.google.com/mapfiles/kml/shapes/shaded_dot.png</href>
          </Icon>
          <scale>0.6</scale>
          <color>bf3744db</color>
        </IconStyle>
      </Style>
      <Point>
        <altitudeMode>clampToGround</altitudeMode>
        <coordinates>87.3263086998022,22.3148311720479,0</coordinates>
      </Point>
    </Placemark>
    <Placemark>
      <Snippet maxLines="0"> </Snippet>
      <description>166
UTC 19-04-2026 05:23:59.86
GpsMilliseconds 1460611457856
22.3148931,87.3264119, EA(3m)
AltWgs84 -19.6 m, EA(5m)
Hdg 244 deg, Spd 0.1 m/s
EA(40.0 deg, 3.4 m/s)</description>
      <Style>
        <IconStyle>
          <Icon>
            <href>http://maps.google.com/mapfiles/kml/shapes/shaded_dot.png</href>
          </Icon>
          <scale>0.6</scale>
          <color>bf3744db</color>
        </IconStyle>
      </Style>
      <Point>
        <altitudeMode>clampToGround</altitudeMode>
        <coordinates>87.3264119224213,22.3148931206263,0</coordinates>
      </Point>
    </Placemark>
    <Placemark>
      <Snippet maxLines="0"> </Snippet>
      <description>167
UTC 19-04-2026 05:24:00.84
GpsMilliseconds 1460611458838
22.3148308,87.3263621, EA(3m)
AltWgs84 -4.6 m, EA(6m)
Hdg 136 deg, Spd 0.0 m/s
EA(39.7 deg, 3.2 m/s)</description>
      <Style>
        <IconStyle>
          <Icon>
            <href>http://maps.google.com/mapfiles/kml/shapes/shaded_dot.png</href>
          </Icon>
          <scale>0.6</scale>
          <color>bf3744db</color>
        </IconStyle>
      </Style>
      <Point>
        <altitudeMode>clampToGround</altitudeMode>
        <coordinates>87.3263620748028,22.3148307729602,0</coordinates>
      </Point>
    </Placemark>
    <Placemark>
      <Snippet maxLines="0"> </Snippet>
      <description>168
UTC 19-04-2026 05:24:01.85
GpsMilliseconds 1460611459851
22.3149049,87.3263101, EA(3m)
AltWgs84 -18.1 m, EA(5m)
Hdg 10 deg, Spd 0.1 m/s
EA(53.6 deg, 6.3 m/s)</description>
      <Style>
        <IconStyle>
          <Icon>
            <href>http://maps.google.com/mapfiles/kml/shapes/shaded_dot.png</href>
          </Icon>
          <scale>0.6</scale>
          <color>bf3744db</color>
        </IconStyle>
      </Style>
      <Point>
        <altitudeMode>clampToGround</altitudeMode>
        <coordinates>87.326310067938,22.3149048993401,0</coordinates>
      </Point>
    </Placemark>
    <Placemark>
      <Snippet maxLines="0"> </Snippet>
      <description>169
UTC 19-04-2026 05:24:02.83
GpsMilliseconds 1460611460829
22.3147889,87.3263070, EA(3m)
AltWgs84 -1.9 m, EA(6m)
Hdg 284 deg, Spd 0.0 m/s
EA(36.8 deg, 3.5 m/s)</description>
      <Style>
        <IconStyle>
          <Icon>
            <href>http://maps.google.com/mapfiles/kml/shapes/shaded_dot.png</href>
          </Icon>
          <scale>0.6</scale>
          <color>bf3744db</color>
        </IconStyle>
      </Style>
      <Point>
        <altitudeMode>clampToGround</altitudeMode>
        <coordinates>87.3263069925813,22.3147889252557,0</coordinates>
      </Point>
    </Placemark>
    <Placemark>
      <Snippet maxLines="0"> </Snippet>
      <description>170
UTC 19-04-2026 05:24:03.83
GpsMilliseconds 1460611461826
22.3148469,87.3263468, EA(3m)
AltWgs84 -11.2 m, EA(6m)
Hdg 38 deg, Spd 0.1 m/s
EA(33.6 deg, 3.7 m/s)</description>
      <Style>
        <IconStyle>
          <Icon>
            <href>http://maps.google.com/mapfiles/kml/shapes/shaded_dot.png</href>
          </Icon>
          <scale>0.6</scale>
          <color>bf3744db</color>
        </IconStyle>
      </Style>
      <Point>
        <altitudeMode>clampToGround</altitudeMode>
        <coordinates>87.3263467705632,22.3148468928725,0</coordinates>
      </Point>
    </Placemark>
    <Placemark>
      <Snippet maxLines="0"> </Snippet>
      <description>171
UTC 19-04-2026 05:24:04.86
GpsMilliseconds 1460611462863
22.3148571,87.3263254, EA(3m)
AltWgs84 -17.1 m, EA(6m)
Hdg 95 deg, Spd 0.0 m/s
EA(41.0 deg, 3.4 m/s)</description>
      <Style>
        <IconStyle>
          <Icon>
            <href>http://maps.google.com/mapfiles/kml/shapes/shaded_dot.png</href>
          </Icon>
          <scale>0.6</scale>
          <color>bf3744db</color>
        </IconStyle>
      </Style>
      <Point>
        <altitudeMode>clampToGround</altitudeMode>
        <coordinates>87.3263253749668,22.314857128786,0</coordinates>
      </Point>
    </Placemark>
    <Placemark>
      <Snippet maxLines="0"> </Snippet>
      <description>172
UTC 19-04-2026 05:24:05.84
GpsMilliseconds 1460611463838
22.3148822,87.3263291, EA(3m)
AltWgs84 -9.5 m, EA(6m)
Hdg 271 deg, Spd 0.0 m/s
EA(34.5 deg, 3.7 m/s)</description>
      <Style>
        <IconStyle>
          <Icon>
            <href>http://maps.google.com/mapfiles/kml/shapes/shaded_dot.png</href>
          </Icon>
          <scale>0.6</scale>
          <color>bf3744db</color>
        </IconStyle>
      </Style>
      <Point>
        <altitudeMode>clampToGround</altitudeMode>
        <coordinates>87.3263290594619,22.314882194867,0</coordinates>
      </Point>
    </Placemark>
    <Placemark>
      <Snippet maxLines="0"> </Snippet>
      <description>173
UTC 19-04-2026 05:24:06.83
GpsMilliseconds 1460611464832
22.3149345,87.3263687, EA(3m)
AltWgs84 -16.3 m, EA(5m)
Hdg 251 deg, Spd 0.0 m/s
EA(51.8 deg, 4.6 m/s)</description>
      <Style>
        <IconStyle>
          <Icon>
            <href>http://maps.google.com/mapfiles/kml/shapes/shaded_dot.png</href>
          </Icon>
          <scale>0.6</scale>
          <color>bf3744db</color>
        </IconStyle>
      </Style>
      <Point>
        <altitudeMode>clampToGround</altitudeMode>
        <coordinates>87.3263687368585,22.3149344712557,0</coordinates>
      </Point>
    </Placemark>
    <Placemark>
      <Snippet maxLines="0"> </Snippet>
      <description>174
UTC 19-04-2026 05:24:07.86
GpsMilliseconds 1460611465857
22.3149117,87.3264140, EA(3m)
AltWgs84 -3.2 m, EA(5m)
Hdg 355 deg, Spd 0.0 m/s
EA(36.8 deg, 3.0 m/s)</description>
      <Style>
        <IconStyle>
          <Icon>
            <href>http://maps.google.com/mapfiles/kml/shapes/shaded_dot.png</href>
          </Icon>
          <scale>0.6</scale>
          <color>bf3744db</color>
        </IconStyle>
      </Style>
      <Point>
        <altitudeMode>clampToGround</altitudeMode>
        <coordinates>87.3264140297707,22.3149117047034,0</coordinates>
      </Point>
    </Placemark>
    <Placemark>
      <Snippet maxLines="0"> </Snippet>
      <description>175
UTC 19-04-2026 05:24:08.83
GpsMilliseconds 1460611466832
22.3148823,87.3263245, EA(3m)
AltWgs84 4.1 m, EA(6m)
Hdg 212 deg, Spd 0.0 m/s
EA(33.9 deg, 3.5 m/s)</description>
      <Style>
        <IconStyle>
          <Icon>
            <href>http://maps.google.com/mapfiles/kml/shapes/shaded_dot.png</href>
          </Icon>
          <scale>0.6</scale>
          <color>bf3744db</color>
        </IconStyle>
      </Style>
      <Point>
        <altitudeMode>clampToGround</altitudeMode>
        <coordinates>87.3263244579771,22.314882308372,0</coordinates>
      </Point>
    </Placemark>
    <Placemark>
      <Snippet maxLines="0"> </Snippet>
      <description>176
UTC 19-04-2026 05:24:09.86
GpsMilliseconds 1460611467863
22.3149124,87.3263888, EA(3m)
AltWgs84 -11.3 m, EA(5m)
Hdg 23 deg, Spd 0.1 m/s
EA(37.1 deg, 3.2 m/s)</description>
      <Style>
        <IconStyle>
          <Icon>
            <href>http://maps.google.com/mapfiles/kml/shapes/shaded_dot.png</href>
          </Icon>
          <scale>0.6</scale>
          <color>bf3744db</color>
        </IconStyle>
      </Style>
      <Point>
        <altitudeMode>clampToGround</altitudeMode>
        <coordinates>87.3263888153377,22.3149123550289,0</coordinates>
      </Point>
    </Placemark>
    <Placemark>
      <Snippet maxLines="0"> </Snippet>
      <description>177
UTC 19-04-2026 05:24:10.83
GpsMilliseconds 1460611468834
22.3149557,87.3263987, EA(3m)
AltWgs84 -16.4 m, EA(6m)
Hdg 64 deg, Spd 0.0 m/s
EA(33.8 deg, 3.3 m/s)</description>
      <Style>
        <IconStyle>
          <Icon>
            <href>http://maps.google.com/mapfiles/kml/shapes/shaded_dot.png</href>
          </Icon>
          <scale>0.6</scale>
          <color>bf3744db</color>
        </IconStyle>
      </Style>
      <Point>
        <altitudeMode>clampToGround</altitudeMode>
        <coordinates>87.3263986614499,22.31495574047,0</coordinates>
      </Point>
    </Placemark>
    <Placemark>
      <Snippet maxLines="0"> </Snippet>
      <description>178
UTC 19-04-2026 05:24:11.84
GpsMilliseconds 1460611469838
22.3149015,87.3263638, EA(3m)
AltWgs84 -2.7 m, EA(6m)
Hdg 58 deg, Spd 0.0 m/s
EA(38.6 deg, 3.3 m/s)</description>
      <Style>
        <IconStyle>
          <Icon>
            <href>http://maps.google.com/mapfiles/kml/shapes/shaded_dot.png</href>
          </Icon>
          <scale>0.6</scale>
          <color>bf3744db</color>
        </IconStyle>
      </Style>
      <Point>
        <altitudeMode>clampToGround</altitudeMode>
        <coordinates>87.326363764933,22.3149015046722,0</coordinates>
      </Point>
    </Placemark>
    <Placemark>
      <Snippet maxLines="0"> </Snippet>
      <description>179
UTC 19-04-2026 05:24:12.86
GpsMilliseconds 1460611470861
22.3148152,87.3262997, EA(3m)
AltWgs84 -3.5 m, EA(6m)
Hdg 250 deg, Spd 0.0 m/s
EA(37.8 deg, 3.2 m/s)</description>
      <Style>
        <IconStyle>
          <Icon>
            <href>http://maps.google.com/mapfiles/kml/shapes/shaded_dot.png</href>
          </Icon>
          <scale>0.6</scale>
          <color>bf3744db</color>
        </IconStyle>
      </Style>
      <Point>
        <altitudeMode>clampToGround</altitudeMode>
        <coordinates>87.3262997463539,22.3148151855606,0</coordinates>
      </Point>
    </Placemark>
    <Placemark>
      <Snippet maxLines="0"> </Snippet>
      <description>180
UTC 19-04-2026 05:24:13.83
GpsMilliseconds 1460611471833
22.3148733,87.3263864, EA(3m)
AltWgs84 -11.2 m, EA(5m)
Hdg 163 deg, Spd 0.0 m/s
EA(39.7 deg, 3.2 m/s)</description>
      <Style>
        <IconStyle>
          <Icon>
            <href>http://maps.google.com/mapfiles/kml/shapes/shaded_dot.png</href>
          </Icon>
          <scale>0.6</scale>
          <color>bf3744db</color>
        </IconStyle>
      </Style>
      <Point>
        <altitudeMode>clampToGround</altitudeMode>
        <coordinates>87.326386441033,22.3148733234368,0</coordinates>
      </Point>
    </Placemark>
    <Placemark>
      <Snippet maxLines="0"> </Snippet>
      <description>181
UTC 19-04-2026 05:24:14.86
GpsMilliseconds 1460611472858
22.3149043,87.3263993, EA(3m)
AltWgs84 -15.0 m, EA(5m)
Hdg 225 deg, Spd 0.0 m/s
EA(36.1 deg, 3.3 m/s)</description>
      <Style>
        <IconStyle>
          <Icon>
            <href>http://maps.google.com/mapfiles/kml/shapes/shaded_dot.png</href>
          </Icon>
          <scale>0.6</scale>
          <color>bf3744db</color>
        </IconStyle>
      </Style>
      <Point>
        <altitudeMode>clampToGround</altitudeMode>
        <coordinates>87.3263992550988,22.3149042975125,0</coordinates>
      </Point>
    </Placemark>
    <Placemark>
      <Snippet maxLines="0"> </Snippet>
      <description>182
UTC 19-04-2026 05:24:15.85
GpsMilliseconds 1460611473850
22.3148858,87.3263702, EA(3m)
AltWgs84 -16.4 m, EA(5m)
Hdg 262 deg, Spd 0.0 m/s
EA(36.3 deg, 3.4 m/s)</description>
      <Style>
        <IconStyle>
          <Icon>
            <href>http://maps.google.com/mapfiles/kml/shapes/shaded_dot.png</href>
          </Icon>
          <scale>0.6</scale>
          <color>bf3744db</color>
        </IconStyle>
      </Style>
      <Point>
        <altitudeMode>clampToGround</altitudeMode>
        <coordinates>87.3263701581606,22.3148858330277,0</coordinates>
      </Point>
    </Placemark>
    <Placemark>
      <Snippet maxLines="0"> </Snippet>
      <description>183
UTC 19-04-2026 05:24:16.86
GpsMilliseconds 1460611474855
22.3149152,87.3264147, EA(3m)
AltWgs84 -16.0 m, EA(6m)
Hdg 63 deg, Spd 0.0 m/s
EA(33.1 deg, 3.5 m/s)</description>
      <Style>
        <IconStyle>
          <Icon>
            <href>http://maps.google.com/mapfiles/kml/shapes/shaded_dot.png</href>
          </Icon>
          <scale>0.6</scale>
          <color>bf3744db</color>
        </IconStyle>
      </Style>
      <Point>
        <altitudeMode>clampToGround</altitudeMode>
        <coordinates>87.3264146592034,22.3149151730328,0</coordinates>
      </Point>
    </Placemark>
    <Placemark>
      <Snippet maxLines="0"> </Snippet>
      <description>184
UTC 19-04-2026 05:24:17.84
GpsMilliseconds 1460611475836
22.3148237,87.3263915, EA(3m)
AltWgs84 0.7 m, EA(5m)
Hdg 160 deg, Spd 0.0 m/s
EA(34.4 deg, 3.5 m/s)</description>
      <Style>
        <IconStyle>
          <Icon>
            <href>http://maps.google.com/mapfiles/kml/shapes/shaded_dot.png</href>
          </Icon>
          <scale>0.6</scale>
          <color>bf3744db</color>
        </IconStyle>
      </Style>
      <Point>
        <altitudeMode>clampToGround</altitudeMode>
        <coordinates>87.3263914987283,22.3148236738482,0</coordinates>
      </Point>
    </Placemark>
    <Placemark>
      <Snippet maxLines="0"> </Snippet>
      <description>185
UTC 19-04-2026 05:24:18.85
GpsMilliseconds 1460611476845
22.3148716,87.3264452, EA(3m)
AltWgs84 -15.0 m, EA(5m)
Hdg 2 deg, Spd 0.0 m/s
EA(38.9 deg, 3.3 m/s)</description>
      <Style>
        <IconStyle>
          <Icon>
            <href>http://maps.google.com/mapfiles/kml/shapes/shaded_dot.png</href>
          </Icon>
          <scale>0.6</scale>
          <color>bf3744db</color>
        </IconStyle>
      </Style>
      <Point>
        <altitudeMode>clampToGround</altitudeMode>
        <coordinates>87.3264451545375,22.3148716033856,0</coordinates>
      </Point>
    </Placemark>
    <Placemark>
      <Snippet maxLines="0"> </Snippet>
      <description>186
UTC 19-04-2026 05:24:19.86
GpsMilliseconds 1460611477860
22.3148890,87.3263988, EA(3m)
AltWgs84 -24.2 m, EA(5m)
Hdg 101 deg, Spd 0.0 m/s
EA(35.0 deg, 3.3 m/s)</description>
      <Style>
        <IconStyle>
          <Icon>
            <href>http://maps.google.com/mapfiles/kml/shapes/shaded_dot.png</href>
          </Icon>
          <scale>0.6</scale>
          <color>bf3744db</color>
        </IconStyle>
      </Style>
      <Point>
        <altitudeMode>clampToGround</altitudeMode>
        <coordinates>87.3263987786713,22.3148889779981,0</coordinates>
      </Point>
    </Placemark>
    <Placemark>
      <Snippet maxLines="0"> </Snippet>
      <description>187
UTC 19-04-2026 05:24:20.85
GpsMilliseconds 1460611478847
22.3148742,87.3264067, EA(3m)
AltWgs84 -13.9 m, EA(5m)
Hdg 219 deg, Spd 0.1 m/s
EA(36.4 deg, 3.7 m/s)</description>
      <Style>
        <IconStyle>
          <Icon>
            <href>http://maps.google.com/mapfiles/kml/shapes/shaded_dot.png</href>
          </Icon>
          <scale>0.6</scale>
          <color>bf3744db</color>
        </IconStyle>
      </Style>
      <Point>
        <altitudeMode>clampToGround</altitudeMode>
        <coordinates>87.3264067397556,22.3148742043835,0</coordinates>
      </Point>
    </Placemark>
    <Placemark>
      <Snippet maxLines="0"> </Snippet>
      <description>188
UTC 19-04-2026 05:24:21.86
GpsMilliseconds 1460611479856
22.3148533,87.3264098, EA(3m)
AltWgs84 -10.0 m, EA(5m)
Hdg 276 deg, Spd 0.0 m/s
EA(40.1 deg, 3.3 m/s)</description>
      <Style>
        <IconStyle>
          <Icon>
            <href>http://maps.google.com/mapfiles/kml/shapes/shaded_dot.png</href>
          </Icon>
          <scale>0.6</scale>
          <color>bf3744db</color>
        </IconStyle>
      </Style>
      <Point>
        <altitudeMode>clampToGround</altitudeMode>
        <coordinates>87.3264097869573,22.3148532636753,0</coordinates>
      </Point>
    </Placemark>
    <Placemark>
      <Snippet maxLines="0"> </Snippet>
      <description>189
UTC 19-04-2026 05:24:22.85
GpsMilliseconds 1460611480849
22.3148241,87.3263472, EA(3m)
AltWgs84 -7.2 m, EA(5m)
Hdg 212 deg, Spd 0.1 m/s
EA(35.8 deg, 3.4 m/s)</description>
      <Style>
        <IconStyle>
          <Icon>
            <href>http://maps.google.com/mapfiles/kml/shapes/shaded_dot.png</href>
          </Icon>
          <scale>0.6</scale>
          <color>bf3744db</color>
        </IconStyle>
      </Style>
      <Point>
        <altitudeMode>clampToGround</altitudeMode>
        <coordinates>87.3263471924596,22.3148240798351,0</coordinates>
      </Point>
    </Placemark>
    <Placemark>
      <Snippet maxLines="0"> </Snippet>
      <description>190
UTC 19-04-2026 05:24:23.83
GpsMilliseconds 1460611481834
22.3148426,87.3263861, EA(3m)
AltWgs84 -26.7 m, EA(6m)
Hdg 200 deg, Spd 0.1 m/s
EA(38.9 deg, 3.2 m/s)</description>
      <Style>
        <IconStyle>
          <Icon>
            <href>http://maps.google.com/mapfiles/kml/shapes/shaded_dot.png</href>
          </Icon>
          <scale>0.6</scale>
          <color>bf3744db</color>
        </IconStyle>
      </Style>
      <Point>
        <altitudeMode>clampToGround</altitudeMode>
        <coordinates>87.3263861039919,22.3148425774606,0</coordinates>
      </Point>
    </Placemark>
    <Placemark>
      <Snippet maxLines="0"> </Snippet>
      <description>191
UTC 19-04-2026 05:24:24.87
GpsMilliseconds 1460611482868
22.3147995,87.3263792, EA(3m)
AltWgs84 -11.1 m, EA(6m)
Hdg 243 deg, Spd 0.1 m/s
EA(34.5 deg, 3.1 m/s)</description>
      <Style>
        <IconStyle>
          <Icon>
            <href>http://maps.google.com/mapfiles/kml/shapes/shaded_dot.png</href>
          </Icon>
          <scale>0.6</scale>
          <color>bf3744db</color>
        </IconStyle>
      </Style>
      <Point>
        <altitudeMode>clampToGround</altitudeMode>
        <coordinates>87.3263791815461,22.3147995214765,0</coordinates>
      </Point>
    </Placemark>
    <Placemark>
      <Snippet maxLines="0"> </Snippet>
      <description>192
UTC 19-04-2026 05:24:25.84
GpsMilliseconds 1460611483839
22.3148390,87.3263270, EA(3m)
AltWgs84 0.4 m, EA(5m)
Hdg 96 deg, Spd 0.0 m/s
EA(42.2 deg, 3.0 m/s)</description>
      <Style>
        <IconStyle>
          <Icon>
            <href>http://maps.google.com/mapfiles/kml/shapes/shaded_dot.png</href>
          </Icon>
          <scale>0.6</scale>
          <color>bf3744db</color>
        </IconStyle>
      </Style>
      <Point>
        <altitudeMode>clampToGround</altitudeMode>
        <coordinates>87.3263270260782,22.3148390325368,0</coordinates>
      </Point>
    </Placemark>
    <Placemark>
      <Snippet maxLines="0"> </Snippet>
      <description>193
UTC 19-04-2026 05:24:26.86
GpsMilliseconds 1460611484862
22.3148648,87.3263075, EA(3m)
AltWgs84 -20.1 m, EA(5m)
Hdg 253 deg, Spd 0.0 m/s
EA(34.1 deg, 3.0 m/s)</description>
      <Style>
        <IconStyle>
          <Icon>
            <href>http://maps.google.com/mapfiles/kml/shapes/shaded_dot.png</href>
          </Icon>
          <scale>0.6</scale>
          <color>bf3744db</color>
        </IconStyle>
      </Style>
      <Point>
        <altitudeMode>clampToGround</altitudeMode>
        <coordinates>87.3263074799012,22.3148647831071,0</coordinates>
      </Point>
    </Placemark>
    <Placemark>
      <Snippet maxLines="0"> </Snippet>
      <description>194
UTC 19-04-2026 05:24:27.86
GpsMilliseconds 1460611485856
22.3148421,87.3262952, EA(3m)
AltWgs84 -11.2 m, EA(6m)
Hdg 259 deg, Spd 0.0 m/s
EA(36.3 deg, 3.1 m/s)</description>
      <Style>
        <IconStyle>
          <Icon>
            <href>http://maps.google.com/mapfiles/kml/shapes/shaded_dot.png</href>
          </Icon>
          <scale>0.6</scale>
          <color>bf3744db</color>
        </IconStyle>
      </Style>
      <Point>
        <altitudeMode>clampToGround</altitudeMode>
        <coordinates>87.3262951510389,22.3148421460619,0</coordinates>
      </Point>
    </Placemark>
    <Placemark>
      <Snippet maxLines="0"> </Snippet>
      <description>195
UTC 19-04-2026 05:24:28.84
GpsMilliseconds 1460611486843
22.3148531,87.3263253, EA(3m)
AltWgs84 -11.5 m, EA(6m)
Hdg 256 deg, Spd 0.0 m/s
EA(35.9 deg, 3.4 m/s)</description>
      <Style>
        <IconStyle>
          <Icon>
            <href>http://maps.google.com/mapfiles/kml/shapes/shaded_dot.png</href>
          </Icon>
          <scale>0.6</scale>
          <color>bf3744db</color>
        </IconStyle>
      </Style>
      <Point>
        <altitudeMode>clampToGround</altitudeMode>
        <coordinates>87.3263253079958,22.3148530684678,0</coordinates>
      </Point>
    </Placemark>
    <Placemark>
      <Snippet maxLines="0"> </Snippet>
      <description>196
UTC 19-04-2026 05:24:29.87
GpsMilliseconds 1460611487867
22.3148782,87.3263076, EA(3m)
AltWgs84 -19.2 m, EA(6m)
Hdg 156 deg, Spd 0.0 m/s
EA(35.5 deg, 3.0 m/s)</description>
      <Style>
        <IconStyle>
          <Icon>
            <href>http://maps.google.com/mapfiles/kml/shapes/shaded_dot.png</href>
          </Icon>
          <scale>0.6</scale>
          <color>bf3744db</color>
        </IconStyle>
      </Style>
      <Point>
        <altitudeMode>clampToGround</altitudeMode>
        <coordinates>87.326307579151,22.3148781775248,0</coordinates>
      </Point>
    </Placemark>
    <Placemark>
      <Snippet maxLines="0"> </Snippet>
      <description>197
UTC 19-04-2026 05:24:30.85
GpsMilliseconds 1460611488848
22.3148665,87.3263731, EA(3m)
AltWgs84 -16.6 m, EA(6m)
Hdg 353 deg, Spd 0.1 m/s
EA(37.2 deg, 3.0 m/s)</description>
      <Style>
        <IconStyle>
          <Icon>
            <href>http://maps.google.com/mapfiles/kml/shapes/shaded_dot.png</href>
          </Icon>
          <scale>0.6</scale>
          <color>bf3744db</color>
        </IconStyle>
      </Style>
      <Point>
        <altitudeMode>clampToGround</altitudeMode>
        <coordinates>87.3263730543971,22.3148665159943,0</coordinates>
      </Point>
    </Placemark>
    <Placemark>
      <Snippet maxLines="0"> </Snippet>
      <description>198
UTC 19-04-2026 05:24:31.86
GpsMilliseconds 1460611489864
22.3148013,87.3263124, EA(3m)
AltWgs84 3.6 m, EA(6m)
Hdg 84 deg, Spd 0.0 m/s
EA(36.1 deg, 3.0 m/s)</description>
      <Style>
        <IconStyle>
          <Icon>
            <href>http://maps.google.com/mapfiles/kml/shapes/shaded_dot.png</href>
          </Icon>
          <scale>0.6</scale>
          <color>bf3744db</color>
        </IconStyle>
      </Style>
      <Point>
        <altitudeMode>clampToGround</altitudeMode>
        <coordinates>87.3263123543965,22.3148013380198,0</coordinates>
      </Point>
    </Placemark>
    <Placemark>
      <Snippet maxLines="0"> </Snippet>
      <description>199
UTC 19-04-2026 05:24:32.86
GpsMilliseconds 1460611490856
22.3148430,87.3263254, EA(3m)
AltWgs84 -9.6 m, EA(6m)
Hdg 342 deg, Spd 0.0 m/s
EA(38.2 deg, 3.0 m/s)</description>
      <Style>
        <IconStyle>
          <Icon>
            <href>http://maps.google.com/mapfiles/kml/shapes/shaded_dot.png</href>
          </Icon>
          <scale>0.6</scale>
          <color>bf3744db</color>
        </IconStyle>
      </Style>
      <Point>
        <altitudeMode>clampToGround</altitudeMode>
        <coordinates>87.3263254427426,22.3148430050115,0</coordinates>
      </Point>
    </Placemark>
    <Placemark>
      <Snippet maxLines="0"> </Snippet>
      <description>200
UTC 19-04-2026 05:24:33.84
GpsMilliseconds 1460611491840
22.3148588,87.3262915, EA(3m)
AltWgs84 -18.3 m, EA(5m)
Hdg 13 deg, Spd 0.0 m/s
EA(41.2 deg, 3.0 m/s)</description>
      <Style>
        <IconStyle>
          <Icon>
            <href>http://maps.google.com/mapfiles/kml/shapes/shaded_dot.png</href>
          </Icon>
          <scale>0.6</scale>
          <color>bf3744db</color>
        </IconStyle>
      </Style>
      <Point>
        <altitudeMode>clampToGround</altitudeMode>
        <coordinates>87.3262914698915,22.3148587851252,0</coordinates>
      </Point>
    </Placemark>
    <Placemark>
      <Snippet maxLines="0"> </Snippet>
      <description>201
UTC 19-04-2026 05:24:34.87
GpsMilliseconds 1460611492873
22.3148670,87.3263356, EA(3m)
AltWgs84 -12.0 m, EA(6m)
Hdg 81 deg, Spd 0.0 m/s
EA(36.6 deg, 3.0 m/s)</description>
      <Style>
        <IconStyle>
          <Icon>
            <href>http://maps.google.com/mapfiles/kml/shapes/shaded_dot.png</href>
          </Icon>
          <scale>0.6</scale>
          <color>bf3744db</color>
        </IconStyle>
      </Style>
      <Point>
        <altitudeMode>clampToGround</altitudeMode>
        <coordinates>87.3263356407831,22.3148669884977,0</coordinates>
      </Point>
    </Placemark>
    <Placemark>
      <Snippet maxLines="0"> </Snippet>
      <description>202
UTC 19-04-2026 05:24:35.84
GpsMilliseconds 1460611493843
22.3149042,87.3263550, EA(3m)
AltWgs84 -15.1 m, EA(5m)
Hdg 164 deg, Spd 0.0 m/s
EA(41.9 deg, 3.3 m/s)</description>
      <Style>
        <IconStyle>
          <Icon>
            <href>http://maps.google.com/mapfiles/kml/shapes/shaded_dot.png</href>
          </Icon>
          <scale>0.6</scale>
          <color>bf3744db</color>
        </IconStyle>
      </Style>
      <Point>
        <altitudeMode>clampToGround</altitudeMode>
        <coordinates>87.326354968609,22.3149041513014,0</coordinates>
      </Point>
    </Placemark>
    <Placemark>
      <Snippet maxLines="0"> </Snippet>
      <description>203
UTC 19-04-2026 05:24:36.87
GpsMilliseconds 1460611494867
22.3148972,87.3263665, EA(3m)
AltWgs84 -16.1 m, EA(5m)
Hdg 43 deg, Spd 0.0 m/s
EA(35.5 deg, 3.0 m/s)</description>
      <Style>
        <IconStyle>
          <Icon>
            <href>http://maps.google.com/mapfiles/kml/shapes/shaded_dot.png</href>
          </Icon>
          <scale>0.6</scale>
          <color>bf3744db</color>
        </IconStyle>
      </Style>
      <Point>
        <altitudeMode>clampToGround</altitudeMode>
        <coordinates>87.3263665094857,22.314897183161,0</coordinates>
      </Point>
    </Placemark>
    <Placemark>
      <Snippet maxLines="0"> </Snippet>
      <description>204
UTC 19-04-2026 05:24:37.85
GpsMilliseconds 1460611495848
22.3149368,87.3264373, EA(3m)
AltWgs84 -13.7 m, EA(5m)
Hdg 154 deg, Spd 0.0 m/s
EA(41.9 deg, 3.3 m/s)</description>
      <Style>
        <IconStyle>
          <Icon>
            <href>http://maps.google.com/mapfiles/kml/shapes/shaded_dot.png</href>
          </Icon>
          <scale>0.6</scale>
          <color>bf3744db</color>
        </IconStyle>
      </Style>
      <Point>
        <altitudeMode>clampToGround</altitudeMode>
        <coordinates>87.3264372782288,22.3149368392897,0</coordinates>
      </Point>
    </Placemark>
    <Placemark>
      <Snippet maxLines="0"> </Snippet>
      <description>205
UTC 19-04-2026 05:24:38.85
GpsMilliseconds 1460611496852
22.3149108,87.3264235, EA(3m)
AltWgs84 -10.1 m, EA(5m)
Hdg 290 deg, Spd 0.0 m/s
EA(35.3 deg, 3.0 m/s)</description>
      <Style>
        <IconStyle>
          <Icon>
            <href>http://maps.google.com/mapfiles/kml/shapes/shaded_dot.png</href>
          </Icon>
          <scale>0.6</scale>
          <color>bf3744db</color>
        </IconStyle>
      </Style>
      <Point>
        <altitudeMode>clampToGround</altitudeMode>
        <coordinates>87.3264234884357,22.3149107788523,0</coordinates>
      </Point>
    </Placemark>
    <Placemark>
      <Snippet maxLines="0"> </Snippet>
      <description>206
UTC 19-04-2026 05:24:39.87
GpsMilliseconds 1460611497869
22.3148293,87.3263723, EA(3m)
AltWgs84 1.9 m, EA(6m)
Hdg 348 deg, Spd 0.0 m/s
EA(34.3 deg, 2.9 m/s)</description>
      <Style>
        <IconStyle>
          <Icon>
            <href>http://maps.google.com/mapfiles/kml/shapes/shaded_dot.png</href>
          </Icon>
          <scale>0.6</scale>
          <color>bf3744db</color>
        </IconStyle>
      </Style>
      <Point>
        <altitudeMode>clampToGround</altitudeMode>
        <coordinates>87.3263722822918,22.3148293028362,0</coordinates>
      </Point>
    </Placemark>
    <Placemark>
      <Snippet maxLines="0"> </Snippet>
      <description>207
UTC 19-04-2026 05:24:40.85
GpsMilliseconds 1460611498847
22.3148324,87.3263294, EA(3m)
AltWgs84 4.4 m, EA(5m)
Hdg 69 deg, Spd 0.0 m/s
EA(41.2 deg, 3.1 m/s)</description>
      <Style>
        <IconStyle>
          <Icon>
            <href>http://maps.google.com/mapfiles/kml/shapes/shaded_dot.png</href>
          </Icon>
          <scale>0.6</scale>
          <color>bf3744db</color>
        </IconStyle>
      </Style>
      <Point>
        <altitudeMode>clampToGround</altitudeMode>
        <coordinates>87.3263294428239,22.3148323540006,0</coordinates>
      </Point>
    </Placemark>
    <Placemark>
      <Snippet maxLines="0"> </Snippet>
      <description>208
UTC 19-04-2026 05:24:41.87
GpsMilliseconds 1460611499874
22.3148425,87.3263693, EA(3m)
AltWgs84 -0.7 m, EA(5m)
Hdg 80 deg, Spd 0.0 m/s
EA(34.3 deg, 3.0 m/s)</description>
      <Style>
        <IconStyle>
          <Icon>
            <href>http://maps.google.com/mapfiles/kml/shapes/shaded_dot.png</href>
          </Icon>
          <scale>0.6</scale>
          <color>bf3744db</color>
        </IconStyle>
      </Style>
      <Point>
        <altitudeMode>clampToGround</altitudeMode>
        <coordinates>87.3263692968486,22.3148425393003,0</coordinates>
      </Point>
    </Placemark>
    <Placemark>
      <Snippet maxLines="0"> </Snippet>
      <description>209
UTC 19-04-2026 05:24:42.85
GpsMilliseconds 1460611500851
22.3148589,87.3263593, EA(3m)
AltWgs84 -2.8 m, EA(5m)
Hdg 201 deg, Spd 0.0 m/s
EA(36.3 deg, 2.9 m/s)</description>
      <Style>
        <IconStyle>
          <Icon>
            <href>http://maps.google.com/mapfiles/kml/shapes/shaded_dot.png</href>
          </Icon>
          <scale>0.6</scale>
          <color>bf3744db</color>
        </IconStyle>
      </Style>
      <Point>
        <altitudeMode>clampToGround</altitudeMode>
        <coordinates>87.3263592942405,22.3148589096477,0</coordinates>
      </Point>
    </Placemark>
    <Placemark>
      <Snippet maxLines="0"> </Snippet>
      <description>210
UTC 19-04-2026 05:24:43.86
GpsMilliseconds 1460611501855
22.3148788,87.3263575, EA(3m)
AltWgs84 -5.3 m, EA(5m)
Hdg 182 deg, Spd 0.0 m/s
EA(35.6 deg, 2.9 m/s)</description>
      <Style>
        <IconStyle>
          <Icon>
            <href>http://maps.google.com/mapfiles/kml/shapes/shaded_dot.png</href>
          </Icon>
          <scale>0.6</scale>
          <color>bf3744db</color>
        </IconStyle>
      </Style>
      <Point>
        <altitudeMode>clampToGround</altitudeMode>
        <coordinates>87.326357485239,22.3148788330301,0</coordinates>
      </Point>
    </Placemark>
    <Placemark>
      <Snippet maxLines="0"> </Snippet>
      <description>211
UTC 19-04-2026 05:24:44.88
GpsMilliseconds 1460611502878
22.3148710,87.3264025, EA(3m)
AltWgs84 -8.0 m, EA(5m)
Hdg 184 deg, Spd 0.0 m/s
EA(36.3 deg, 2.9 m/s)</description>
      <Style>
        <IconStyle>
          <Icon>
            <href>http://maps.google.com/mapfiles/kml/shapes/shaded_dot.png</href>
          </Icon>
          <scale>0.6</scale>
          <color>bf3744db</color>
        </IconStyle>
      </Style>
      <Point>
        <altitudeMode>clampToGround</altitudeMode>
        <coordinates>87.3264025108936,22.3148709514384,0</coordinates>
      </Point>
    </Placemark>
    <Placemark>
      <Snippet maxLines="0"> </Snippet>
      <description>212
UTC 19-04-2026 05:24:45.86
GpsMilliseconds 1460611503855
22.3148699,87.3263633, EA(3m)
AltWgs84 -6.9 m, EA(5m)
Hdg 221 deg, Spd 0.0 m/s
EA(36.1 deg, 2.9 m/s)</description>
      <Style>
        <IconStyle>
          <Icon>
            <href>http://maps.google.com/mapfiles/kml/shapes/shaded_dot.png</href>
          </Icon>
          <scale>0.6</scale>
          <color>bf3744db</color>
        </IconStyle>
      </Style>
      <Point>
        <altitudeMode>clampToGround</altitudeMode>
        <coordinates>87.3263633136479,22.3148698818601,0</coordinates>
      </Point>
    </Placemark>
    <Placemark>
      <Snippet maxLines="0"> </Snippet>
      <description>213
UTC 19-04-2026 05:24:46.89
GpsMilliseconds 1460611504890
22.3148324,87.3263064, EA(3m)
AltWgs84 -10.1 m, EA(5m)
Hdg 131 deg, Spd 0.0 m/s
EA(39.9 deg, 3.0 m/s)</description>
      <Style>
        <IconStyle>
          <Icon>
            <href>http://maps.google.com/mapfiles/kml/shapes/shaded_dot.png</href>
          </Icon>
          <scale>0.6</scale>
          <color>bf3744db</color>
        </IconStyle>
      </Style>
      <Point>
        <altitudeMode>clampToGround</altitudeMode>
        <coordinates>87.3263064377172,22.3148324448577,0</coordinates>
      </Point>
    </Placemark>
    <Placemark>
      <Snippet maxLines="0"> </Snippet>
      <description>214
UTC 19-04-2026 05:24:47.85
GpsMilliseconds 1460611505852
22.3148144,87.3263541, EA(3m)
AltWgs84 -12.5 m, EA(5m)
Hdg 318 deg, Spd 0.0 m/s
EA(34.7 deg, 3.2 m/s)</description>
      <Style>
        <IconStyle>
          <Icon>
            <href>http://maps.google.com/mapfiles/kml/shapes/shaded_dot.png</href>
          </Icon>
          <scale>0.6</scale>
          <color>bf3744db</color>
        </IconStyle>
      </Style>
      <Point>
        <altitudeMode>clampToGround</altitudeMode>
        <coordinates>87.3263540979847,22.3148144244381,0</coordinates>
      </Point>
    </Placemark>
    <Placemark>
      <Snippet maxLines="0"> </Snippet>
      <description>215
UTC 19-04-2026 05:24:48.86
GpsMilliseconds 1460611506855
22.3147970,87.3262931, EA(3m)
AltWgs84 -12.6 m, EA(5m)
Hdg 183 deg, Spd 0.0 m/s
EA(34.8 deg, 3.0 m/s)</description>
      <Style>
        <IconStyle>
          <Icon>
            <href>http://maps.google.com/mapfiles/kml/shapes/shaded_dot.png</href>
          </Icon>
          <scale>0.6</scale>
          <color>bf3744db</color>
        </IconStyle>
      </Style>
      <Point>
        <altitudeMode>clampToGround</altitudeMode>
        <coordinates>87.3262930540074,22.3147970215579,0</coordinates>
      </Point>
    </Placemark>
    <Placemark>
      <Snippet maxLines="0"> </Snippet>
      <description>216
UTC 19-04-2026 05:24:49.88
GpsMilliseconds 1460611507876
22.3148226,87.3263103, EA(3m)
AltWgs84 -17.2 m, EA(6m)
Hdg 56 deg, Spd 0.0 m/s
EA(34.5 deg, 3.0 m/s)</description>
      <Style>
        <IconStyle>
          <Icon>
            <href>http://maps.google.com/mapfiles/kml/shapes/shaded_dot.png</href>
          </Icon>
          <scale>0.6</scale>
          <color>bf3744db</color>
        </IconStyle>
      </Style>
      <Point>
        <altitudeMode>clampToGround</altitudeMode>
        <coordinates>87.3263102615045,22.3148226265223,0</coordinates>
      </Point>
    </Placemark>
    <Placemark>
      <Snippet maxLines="0"> </Snippet>
      <description>217
UTC 19-04-2026 05:24:50.86
GpsMilliseconds 1460611508855
22.3147833,87.3263293, EA(3m)
AltWgs84 -13.0 m, EA(6m)
Hdg 320 deg, Spd 0.0 m/s
EA(33.1 deg, 3.1 m/s)</description>
      <Style>
        <IconStyle>
          <Icon>
            <href>http://maps.google.com/mapfiles/kml/shapes/shaded_dot.png</href>
          </Icon>
          <scale>0.6</scale>
          <color>bf3744db</color>
        </IconStyle>
      </Style>
      <Point>
        <altitudeMode>clampToGround</altitudeMode>
        <coordinates>87.3263293115443,22.3147833316901,0</coordinates>
      </Point>
    </Placemark>
    <Placemark>
      <Snippet maxLines="0"> </Snippet>
      <description>218
UTC 19-04-2026 05:24:51.86
GpsMilliseconds 1460611509858
22.3148079,87.3263327, EA(3m)
AltWgs84 -9.4 m, EA(5m)
Hdg 60 deg, Spd 0.0 m/s
EA(33.8 deg, 3.0 m/s)</description>
      <Style>
        <IconStyle>
          <Icon>
            <href>http://maps.google.com/mapfiles/kml/shapes/shaded_dot.png</href>
          </Icon>
          <scale>0.6</scale>
          <color>bf3744db</color>
        </IconStyle>
      </Style>
      <Point>
        <altitudeMode>clampToGround</altitudeMode>
        <coordinates>87.3263327124479,22.3148079097525,0</coordinates>
      </Point>
    </Placemark>
    <Placemark>
      <Snippet maxLines="0"> </Snippet>
      <description>219
UTC 19-04-2026 05:24:52.89
GpsMilliseconds 1460611510889
22.3148258,87.3263089, EA(3m)
AltWgs84 -10.2 m, EA(6m)
Hdg 233 deg, Spd 0.0 m/s
EA(35.2 deg, 3.0 m/s)</description>
      <Style>
        <IconStyle>
          <Icon>
            <href>http://maps.google.com/mapfiles/kml/shapes/shaded_dot.png</href>
          </Icon>
          <scale>0.6</scale>
          <color>bf3744db</color>
        </IconStyle>
      </Style>
      <Point>
        <altitudeMode>clampToGround</altitudeMode>
        <coordinates>87.3263088854047,22.3148257759984,0</coordinates>
      </Point>
    </Placemark>
    <Placemark>
      <Snippet maxLines="0"> </Snippet>
      <description>220
UTC 19-04-2026 05:24:53.85
GpsMilliseconds 1460611511852
22.3148604,87.3263243, EA(3m)
AltWgs84 -11.1 m, EA(6m)
Hdg 50 deg, Spd 0.0 m/s
EA(39.8 deg, 3.1 m/s)</description>
      <Style>
        <IconStyle>
          <Icon>
            <href>http://maps.google.com/mapfiles/kml/shapes/shaded_dot.png</href>
          </Icon>
          <scale>0.6</scale>
          <color>bf3744db</color>
        </IconStyle>
      </Style>
      <Point>
        <altitudeMode>clampToGround</altitudeMode>
        <coordinates>87.3263242726348,22.3148603504514,0</coordinates>
      </Point>
    </Placemark>
    <Placemark>
      <Snippet maxLines="0"> </Snippet>
      <description>221
UTC 19-04-2026 05:24:54.89
GpsMilliseconds 1460611512886
22.3148100,87.3263195, EA(3m)
AltWgs84 -8.9 m, EA(5m)
Hdg 266 deg, Spd 0.0 m/s
EA(34.7 deg, 3.0 m/s)</description>
      <Style>
        <IconStyle>
          <Icon>
            <href>http://maps.google.com/mapfiles/kml/shapes/shaded_dot.png</href>
          </Icon>
          <scale>0.6</scale>
          <color>bf3744db</color>
        </IconStyle>
      </Style>
      <Point>
        <altitudeMode>clampToGround</altitudeMode>
        <coordinates>87.3263195386291,22.3148100026241,0</coordinates>
      </Point>
    </Placemark>
    <Placemark>
      <Snippet maxLines="0"> </Snippet>
      <description>222
UTC 19-04-2026 05:24:55.86
GpsMilliseconds 1460611513861
22.3148725,87.3263964, EA(3m)
AltWgs84 -23.8 m, EA(5m)
Hdg 147 deg, Spd 0.5 m/s
EA(41.9 deg, 2.8 m/s)</description>
      <Style>
        <IconStyle>
          <Icon>
            <href>http://maps.google.com/mapfiles/kml/shapes/shaded_dot.png</href>
          </Icon>
          <scale>0.6</scale>
          <color>bf3744db</color>
        </IconStyle>
      </Style>
      <Point>
        <altitudeMode>clampToGround</altitudeMode>
        <coordinates>87.3263964095813,22.314872499049,0</coordinates>
      </Point>
    </Placemark>
    <Placemark>
      <Snippet maxLines="0"> </Snippet>
      <description>223
UTC 19-04-2026 05:24:56.88
GpsMilliseconds 1460611514879
22.3148500,87.3263871, EA(3m)
AltWgs84 -17.5 m, EA(5m)
Hdg 286 deg, Spd 0.0 m/s
EA(38.2 deg, 2.8 m/s)</description>
      <Style>
        <IconStyle>
          <Icon>
            <href>http://maps.google.com/mapfiles/kml/shapes/shaded_dot.png</href>
          </Icon>
          <scale>0.6</scale>
          <color>bf3744db</color>
        </IconStyle>
      </Style>
      <Point>
        <altitudeMode>clampToGround</altitudeMode>
        <coordinates>87.3263871131912,22.3148500336186,0</coordinates>
      </Point>
    </Placemark>
    <Placemark>
      <Snippet maxLines="0"> </Snippet>
      <description>224
UTC 19-04-2026 05:24:57.86
GpsMilliseconds 1460611515864
22.3149344,87.3263067, EA(3m)
AltWgs84 -16.9 m, EA(5m)
Hdg 3 deg, Spd 0.0 m/s
EA(37.6 deg, 2.9 m/s)</description>
      <Style>
        <IconStyle>
          <Icon>
            <href>http://maps.google.com/mapfiles/kml/shapes/shaded_dot.png</href>
          </Icon>
          <scale>0.6</scale>
          <color>bf3744db</color>
        </IconStyle>
      </Style>
      <Point>
        <altitudeMode>clampToGround</altitudeMode>
        <coordinates>87.3263066813803,22.3149343711547,0</coordinates>
      </Point>
    </Placemark>
    <Placemark>
      <Snippet maxLines="0"> </Snippet>
      <description>225
UTC 19-04-2026 05:24:58.89
GpsMilliseconds 1460611516886
22.3149418,87.3263641, EA(3m)
AltWgs84 -25.5 m, EA(5m)
Hdg 354 deg, Spd 0.0 m/s
EA(37.0 deg, 2.9 m/s)</description>
      <Style>
        <IconStyle>
          <Icon>
            <href>http://maps.google.com/mapfiles/kml/shapes/shaded_dot.png</href>
          </Icon>
          <scale>0.6</scale>
          <color>bf3744db</color>
        </IconStyle>
      </Style>
      <Point>
        <altitudeMode>clampToGround</altitudeMode>
        <coordinates>87.3263640798672,22.3149418151579,0</coordinates>
      </Point>
    </Placemark>
    <Placemark>
      <Snippet maxLines="0"> </Snippet>
      <description>226
UTC 19-04-2026 05:24:59.85
GpsMilliseconds 1460611517854
22.3148777,87.3264236, EA(3m)
AltWgs84 -17.6 m, EA(6m)
Hdg 77 deg, Spd 0.1 m/s
EA(41.0 deg, 3.5 m/s)</description>
      <Style>
        <IconStyle>
          <Icon>
            <href>http://maps.google.com/mapfiles/kml/shapes/shaded_dot.png</href>
          </Icon>
          <scale>0.6</scale>
          <color>bf3744db</color>
        </IconStyle>
      </Style>
      <Point>
        <altitudeMode>clampToGround</altitudeMode>
        <coordinates>87.3264236037818,22.3148777116984,0</coordinates>
      </Point>
    </Placemark>
    <Placemark>
      <Snippet maxLines="0"> </Snippet>
      <description>227
UTC 19-04-2026 05:25:00.87
GpsMilliseconds 1460611518868
22.3148191,87.3263862, EA(3m)
AltWgs84 -28.6 m, EA(6m)
Hdg 152 deg, Spd 0.1 m/s
EA(27.6 deg, 4.0 m/s)</description>
      <Style>
        <IconStyle>
          <Icon>
            <href>http://maps.google.com/mapfiles/kml/shapes/shaded_dot.png</href>
          </Icon>
          <scale>0.6</scale>
          <color>bf3744db</color>
        </IconStyle>
      </Style>
      <Point>
        <altitudeMode>clampToGround</altitudeMode>
        <coordinates>87.326386181916,22.3148190585274,0</coordinates>
      </Point>
    </Placemark>
    <Placemark>
      <Snippet maxLines="0"> </Snippet>
      <description>228
UTC 19-04-2026 05:25:01.88
GpsMilliseconds 1460611519879
22.3148373,87.3263542, EA(3m)
AltWgs84 -10.1 m, EA(5m)
Hdg 338 deg, Spd 0.0 m/s
EA(39.4 deg, 3.3 m/s)</description>
      <Style>
        <IconStyle>
          <Icon>
            <href>http://maps.google.com/mapfiles/kml/shapes/shaded_dot.png</href>
          </Icon>
          <scale>0.6</scale>
          <color>bf3744db</color>
        </IconStyle>
      </Style>
      <Point>
        <altitudeMode>clampToGround</altitudeMode>
        <coordinates>87.326354231899,22.3148373175267,0</coordinates>
      </Point>
    </Placemark>
    <Placemark>
      <Snippet maxLines="0"> </Snippet>
      <description>229
UTC 19-04-2026 05:25:02.86
GpsMilliseconds 1460611520863
22.3149160,87.3263367, EA(3m)
AltWgs84 -22.0 m, EA(5m)
Hdg 69 deg, Spd 0.0 m/s
EA(35.8 deg, 3.0 m/s)</description>
      <Style>
        <IconStyle>
          <Icon>
            <href>http://maps.google.com/mapfiles/kml/shapes/shaded_dot.png</href>
          </Icon>
          <scale>0.6</scale>
          <color>bf3744db</color>
        </IconStyle>
      </Style>
      <Point>
        <altitudeMode>clampToGround</altitudeMode>
        <coordinates>87.3263366961866,22.3149159534428,0</coordinates>
      </Point>
    </Placemark>
    <Placemark>
      <Snippet maxLines="0"> </Snippet>
      <description>230
UTC 19-04-2026 05:25:03.86
GpsMilliseconds 1460611521863
22.3148410,87.3263910, EA(3m)
AltWgs84 0.6 m, EA(5m)
Hdg 64 deg, Spd 0.0 m/s
EA(35.6 deg, 3.0 m/s)</description>
      <Style>
        <IconStyle>
          <Icon>
            <href>http://maps.google.com/mapfiles/kml/shapes/shaded_dot.png</href>
          </Icon>
          <scale>0.6</scale>
          <color>bf3744db</color>
        </IconStyle>
      </Style>
      <Point>
        <altitudeMode>clampToGround</altitudeMode>
        <coordinates>87.3263909550789,22.3148410083979,0</coordinates>
      </Point>
    </Placemark>
    <Placemark>
      <Snippet maxLines="0"> </Snippet>
      <description>231
UTC 19-04-2026 05:25:04.88
GpsMilliseconds 1460611522883
22.3148736,87.3263864, EA(3m)
AltWgs84 -16.7 m, EA(5m)
Hdg 237 deg, Spd 0.0 m/s
EA(36.5 deg, 2.9 m/s)</description>
      <Style>
        <IconStyle>
          <Icon>
            <href>http://maps.google.com/mapfiles/kml/shapes/shaded_dot.png</href>
          </Icon>
          <scale>0.6</scale>
          <color>bf3744db</color>
        </IconStyle>
      </Style>
      <Point>
        <altitudeMode>clampToGround</altitudeMode>
        <coordinates>87.3263863859047,22.3148735828784,0</coordinates>
      </Point>
    </Placemark>
    <Placemark>
      <Snippet maxLines="0"> </Snippet>
      <description>232
UTC 19-04-2026 05:25:05.87
GpsMilliseconds 1460611523868
22.3148302,87.3263908, EA(3m)
AltWgs84 -12.9 m, EA(5m)
Hdg 224 deg, Spd 0.2 m/s
EA(43.2 deg, 3.3 m/s)</description>
      <Style>
        <IconStyle>
          <Icon>
            <href>http://maps.google.com/mapfiles/kml/shapes/shaded_dot.png</href>
          </Icon>
          <scale>0.6</scale>
          <color>bf3744db</color>
        </IconStyle>
      </Style>
      <Point>
        <altitudeMode>clampToGround</altitudeMode>
        <coordinates>87.3263908368067,22.3148301500503,0</coordinates>
      </Point>
    </Placemark>
    <Placemark>
      <Snippet maxLines="0"> </Snippet>
      <description>233
UTC 19-04-2026 05:25:06.87
GpsMilliseconds 1460611524866
22.3148755,87.3263200, EA(3m)
AltWgs84 -30.5 m, EA(5m)
Hdg 253 deg, Spd 0.0 m/s
EA(42.4 deg, 3.0 m/s)</description>
      <Style>
        <IconStyle>
          <Icon>
            <href>http://maps.google.com/mapfiles/kml/shapes/shaded_dot.png</href>
          </Icon>
          <scale>0.6</scale>
          <color>bf3744db</color>
        </IconStyle>
      </Style>
      <Point>
        <altitudeMode>clampToGround</altitudeMode>
        <coordinates>87.3263199710871,22.3148755383667,0</coordinates>
      </Point>
    </Placemark>
    <Placemark>
      <Snippet maxLines="0"> </Snippet>
      <description>234
UTC 19-04-2026 05:25:07.88
GpsMilliseconds 1460611525885
22.3148748,87.3263762, EA(4m)
AltWgs84 -34.1 m, EA(7m)
Hdg 119 deg, Spd 0.1 m/s
EA(53.6 deg, 4.0 m/s)</description>
      <Style>
        <IconStyle>
          <Icon>
            <href>http://maps.google.com/mapfiles/kml/shapes/shaded_dot.png</href>
          </Icon>
          <scale>0.6</scale>
          <color>bf3744db</color>
        </IconStyle>
      </Style>
      <Point>
        <altitudeMode>clampToGround</altitudeMode>
        <coordinates>87.3263761851683,22.3148748470206,0</coordinates>
      </Point>
    </Placemark>
    <Placemark>
      <Snippet maxLines="0"> </Snippet>
      <description>235
UTC 19-04-2026 05:25:08.87
GpsMilliseconds 1460611526873
22.3148337,87.3263315, EA(3m)
AltWgs84 -24.4 m, EA(6m)
Hdg 353 deg, Spd 0.0 m/s
EA(41.2 deg, 3.3 m/s)</description>
      <Style>
        <IconStyle>
          <Icon>
            <href>http://maps.google.com/mapfiles/kml/shapes/shaded_dot.png</href>
          </Icon>
          <scale>0.6</scale>
          <color>bf3744db</color>
        </IconStyle>
      </Style>
      <Point>
        <altitudeMode>clampToGround</altitudeMode>
        <coordinates>87.3263315379034,22.3148337150478,0</coordinates>
      </Point>
    </Placemark>
    <Placemark>
      <Snippet maxLines="0"> </Snippet>
      <description>236
UTC 19-04-2026 05:25:09.89
GpsMilliseconds 1460611527887
22.3147823,87.3263557, EA(3m)
AltWgs84 -10.9 m, EA(6m)
Hdg 292 deg, Spd 0.1 m/s
EA(39.1 deg, 3.0 m/s)</description>
      <Style>
        <IconStyle>
          <Icon>
            <href>http://maps.google.com/mapfiles/kml/shapes/shaded_dot.png</href>
          </Icon>
          <scale>0.6</scale>
          <color>bf3744db</color>
        </IconStyle>
      </Style>
      <Point>
        <altitudeMode>clampToGround</altitudeMode>
        <coordinates>87.3263556897021,22.3147822587437,0</coordinates>
      </Point>
    </Placemark>
    <Placemark>
      <Snippet maxLines="0"> </Snippet>
      <description>237
UTC 19-04-2026 05:25:10.88
GpsMilliseconds 1460611528882
22.3148278,87.3263295, EA(3m)
AltWgs84 -10.9 m, EA(6m)
Hdg 260 deg, Spd 0.0 m/s
EA(44.9 deg, 3.3 m/s)</description>
      <Style>
        <IconStyle>
          <Icon>
            <href>http://maps.google.com/mapfiles/kml/shapes/shaded_dot.png</href>
          </Icon>
          <scale>0.6</scale>
          <color>bf3744db</color>
        </IconStyle>
      </Style>
      <Point>
        <altitudeMode>clampToGround</altitudeMode>
        <coordinates>87.3263295262239,22.3148278080112,0</coordinates>
      </Point>
    </Placemark>
    <Placemark>
      <Snippet maxLines="0"> </Snippet>
      <description>238
UTC 19-04-2026 05:25:11.89
GpsMilliseconds 1460611529886
22.3148263,87.3263134, EA(3m)
AltWgs84 -14.0 m, EA(6m)
Hdg 321 deg, Spd 0.1 m/s
EA(39.1 deg, 3.4 m/s)</description>
      <Style>
        <IconStyle>
          <Icon>
            <href>http://maps.google.com/mapfiles/kml/shapes/shaded_dot.png</href>
          </Icon>
          <scale>0.6</scale>
          <color>bf3744db</color>
        </IconStyle>
      </Style>
      <Point>
        <altitudeMode>clampToGround</altitudeMode>
        <coordinates>87.3263134274588,22.3148262972833,0</coordinates>
      </Point>
    </Placemark>
    <Placemark>
      <Snippet maxLines="0"> </Snippet>
      <description>239
UTC 19-04-2026 05:25:12.87
GpsMilliseconds 1460611530866
22.3148452,87.3263353, EA(3m)
AltWgs84 -29.1 m, EA(6m)
Hdg 281 deg, Spd 0.0 m/s
EA(38.4 deg, 3.2 m/s)</description>
      <Style>
        <IconStyle>
          <Icon>
            <href>http://maps.google.com/mapfiles/kml/shapes/shaded_dot.png</href>
          </Icon>
          <scale>0.6</scale>
          <color>bf3744db</color>
        </IconStyle>
      </Style>
      <Point>
        <altitudeMode>clampToGround</altitudeMode>
        <coordinates>87.3263353462276,22.314845159983,0</coordinates>
      </Point>
    </Placemark>
    <Placemark>
      <Snippet maxLines="0"> </Snippet>
      <description>240
UTC 19-04-2026 05:25:13.87
GpsMilliseconds 1460611531865
22.3148694,87.3263232, EA(3m)
AltWgs84 -21.6 m, EA(6m)
Hdg 142 deg, Spd 0.0 m/s
EA(44.3 deg, 3.4 m/s)</description>
      <Style>
        <IconStyle>
          <Icon>
            <href>http://maps.google.com/mapfiles/kml/shapes/shaded_dot.png</href>
          </Icon>
          <scale>0.6</scale>
          <color>bf3744db</color>
        </IconStyle>
      </Style>
      <Point>
        <altitudeMode>clampToGround</altitudeMode>
        <coordinates>87.3263231643223,22.3148693588116,0</coordinates>
      </Point>
    </Placemark>
    <Placemark>
      <Snippet maxLines="0"> </Snippet>
      <description>241
UTC 19-04-2026 05:25:14.89
GpsMilliseconds 1460611532892
22.3147895,87.3263185, EA(3m)
AltWgs84 -7.7 m, EA(6m)
Hdg 106 deg, Spd 0.0 m/s
EA(38.9 deg, 3.0 m/s)</description>
      <Style>
        <IconStyle>
          <Icon>
            <href>http://maps.google.com/mapfiles/kml/shapes/shaded_dot.png</href>
          </Icon>
          <scale>0.6</scale>
          <color>bf3744db</color>
        </IconStyle>
      </Style>
      <Point>
        <altitudeMode>clampToGround</altitudeMode>
        <coordinates>87.3263185498345,22.3147895059178,0</coordinates>
      </Point>
    </Placemark>
    <Placemark>
      <Snippet maxLines="0"> </Snippet>
      <description>242
UTC 19-04-2026 05:25:15.87
GpsMilliseconds 1460611533872
22.3148582,87.3263640, EA(3m)
AltWgs84 -9.0 m, EA(6m)
Hdg 19 deg, Spd 0.0 m/s
EA(40.6 deg, 3.1 m/s)</description>
      <Style>
        <IconStyle>
          <Icon>
            <href>http://maps.google.com/mapfiles/kml/shapes/shaded_dot.png</href>
          </Icon>
          <scale>0.6</scale>
          <color>bf3744db</color>
        </IconStyle>
      </Style>
      <Point>
        <altitudeMode>clampToGround</altitudeMode>
        <coordinates>87.326364018316,22.3148581887317,0</coordinates>
      </Point>
    </Placemark>
    <Placemark>
      <Snippet maxLines="0"> </Snippet>
      <description>243
UTC 19-04-2026 05:25:16.90
GpsMilliseconds 1460611534903
22.3148676,87.3263868, EA(4m)
AltWgs84 -14.9 m, EA(7m)
Hdg 210 deg, Spd 0.0 m/s
EA(35.4 deg, 3.5 m/s)</description>
      <Style>
        <IconStyle>
          <Icon>
            <href>http://maps.google.com/mapfiles/kml/shapes/shaded_dot.png</href>
          </Icon>
          <scale>0.6</scale>
          <color>bf3744db</color>
        </IconStyle>
      </Style>
      <Point>
        <altitudeMode>clampToGround</altitudeMode>
        <coordinates>87.3263868344729,22.3148675689244,0</coordinates>
      </Point>
    </Placemark>
    <Placemark>
      <Snippet maxLines="0"> </Snippet>
      <description>244
UTC 19-04-2026 05:25:17.87
GpsMilliseconds 1460611535871
22.3148631,87.3264096, EA(3m)
AltWgs84 -14.3 m, EA(6m)
Hdg 62 deg, Spd 0.1 m/s
EA(43.5 deg, 3.6 m/s)</description>
      <Style>
        <IconStyle>
          <Icon>
            <href>http://maps.google.com/mapfiles/kml/shapes/shaded_dot.png</href>
          </Icon>
          <scale>0.6</scale>
          <color>bf3744db</color>
        </IconStyle>
      </Style>
      <Point>
        <altitudeMode>clampToGround</altitudeMode>
        <coordinates>87.3264096376262,22.314863065324,0</coordinates>
      </Point>
    </Placemark>
    <Placemark>
      <Snippet maxLines="0"> </Snippet>
      <description>245
UTC 19-04-2026 05:25:18.87
GpsMilliseconds 1460611536871
22.3148861,87.3263570, EA(3m)
AltWgs84 -21.9 m, EA(7m)
Hdg 51 deg, Spd 0.0 m/s
EA(38.5 deg, 3.2 m/s)</description>
      <Style>
        <IconStyle>
          <Icon>
            <href>http://maps.google.com/mapfiles/kml/shapes/shaded_dot.png</href>
          </Icon>
          <scale>0.6</scale>
          <color>bf3744db</color>
        </IconStyle>
      </Style>
      <Point>
        <altitudeMode>clampToGround</altitudeMode>
        <coordinates>87.3263569664828,22.3148861131569,0</coordinates>
      </Point>
    </Placemark>
    <Placemark>
      <Snippet maxLines="0"> </Snippet>
      <description>246
UTC 19-04-2026 05:25:19.89
GpsMilliseconds 1460611537891
22.3148909,87.3264032, EA(3m)
AltWgs84 -18.8 m, EA(6m)
Hdg 167 deg, Spd 0.0 m/s
EA(35.7 deg, 3.3 m/s)</description>
      <Style>
        <IconStyle>
          <Icon>
            <href>http://maps.google.com/mapfiles/kml/shapes/shaded_dot.png</href>
          </Icon>
          <scale>0.6</scale>
          <color>bf3744db</color>
        </IconStyle>
      </Style>
      <Point>
        <altitudeMode>clampToGround</altitudeMode>
        <coordinates>87.3264032175299,22.3148909221318,0</coordinates>
      </Point>
    </Placemark>
    <Placemark>
      <Snippet maxLines="0"> </Snippet>
      <description>247
UTC 19-04-2026 05:25:20.89
GpsMilliseconds 1460611538887
22.3148292,87.3263696, EA(3m)
AltWgs84 -14.2 m, EA(6m)
Hdg 336 deg, Spd 0.1 m/s
EA(42.4 deg, 3.2 m/s)</description>
      <Style>
        <IconStyle>
          <Icon>
            <href>http://maps.google.com/mapfiles/kml/shapes/shaded_dot.png</href>
          </Icon>
          <scale>0.6</scale>
          <color>bf3744db</color>
        </IconStyle>
      </Style>
      <Point>
        <altitudeMode>clampToGround</altitudeMode>
        <coordinates>87.3263695742151,22.314829203956,0</coordinates>
      </Point>
    </Placemark>
    <Placemark>
      <Snippet maxLines="0"> </Snippet>
      <description>248
UTC 19-04-2026 05:25:21.89
GpsMilliseconds 1460611539894
22.3148602,87.3264013, EA(3m)
AltWgs84 -5.9 m, EA(6m)
Hdg 72 deg, Spd 0.0 m/s
EA(41.9 deg, 3.4 m/s)</description>
      <Style>
        <IconStyle>
          <Icon>
            <href>http://maps.google.com/mapfiles/kml/shapes/shaded_dot.png</href>
          </Icon>
          <scale>0.6</scale>
          <color>bf3744db</color>
        </IconStyle>
      </Style>
      <Point>
        <altitudeMode>clampToGround</altitudeMode>
        <coordinates>87.3264012786727,22.3148602174767,0</coordinates>
      </Point>
    </Placemark>
    <Placemark>
      <Snippet maxLines="0"> </Snippet>
      <description>249
UTC 19-04-2026 05:25:22.88
GpsMilliseconds 1460611540883
22.3148796,87.3264561, EA(3m)
AltWgs84 -3.6 m, EA(6m)
Hdg 236 deg, Spd 0.1 m/s
EA(36.8 deg, 3.4 m/s)</description>
      <Style>
        <IconStyle>
          <Icon>
            <href>http://maps.google.com/mapfiles/kml/shapes/shaded_dot.png</href>
          </Icon>
          <scale>0.6</scale>
          <color>bf3744db</color>
        </IconStyle>
      </Style>
      <Point>
        <altitudeMode>clampToGround</altitudeMode>
        <coordinates>87.3264560889682,22.3148795602087,0</coordinates>
      </Point>
    </Placemark>
    <Placemark>
      <Snippet maxLines="0"> </Snippet>
      <description>250
UTC 19-04-2026 05:25:23.87
GpsMilliseconds 1460611541871
22.3148454,87.3263990, EA(3m)
AltWgs84 -18.7 m, EA(6m)
Hdg 40 deg, Spd 0.0 m/s
EA(44.8 deg, 3.7 m/s)</description>
      <Style>
        <IconStyle>
          <Icon>
            <href>http://maps.google.com/mapfiles/kml/shapes/shaded_dot.png</href>
          </Icon>
          <scale>0.6</scale>
          <color>bf3744db</color>
        </IconStyle>
      </Style>
      <Point>
        <altitudeMode>clampToGround</altitudeMode>
        <coordinates>87.3263989622697,22.314845362776,0</coordinates>
      </Point>
    </Placemark>
    <Placemark>
      <Snippet maxLines="0"> </Snippet>
      <description>251
UTC 19-04-2026 05:25:24.90
GpsMilliseconds 1460611542898
22.3148083,87.3262924, EA(3m)
AltWgs84 -14.5 m, EA(6m)
Hdg 150 deg, Spd 0.0 m/s
EA(40.8 deg, 3.1 m/s)</description>
      <Style>
        <IconStyle>
          <Icon>
            <href>http://maps.google.com/mapfiles/kml/shapes/shaded_dot.png</href>
          </Icon>
          <scale>0.6</scale>
          <color>bf3744db</color>
        </IconStyle>
      </Style>
      <Point>
        <altitudeMode>clampToGround</altitudeMode>
        <coordinates>87.3262923568371,22.3148082659364,0</coordinates>
      </Point>
    </Placemark>
    <Placemark>
      <Snippet maxLines="0"> </Snippet>
      <description>252
UTC 19-04-2026 05:25:25.87
GpsMilliseconds 1460611543870
22.3149393,87.3263934, EA(3m)
AltWgs84 -38.4 m, EA(6m)
Hdg 149 deg, Spd 0.0 m/s
EA(43.0 deg, 3.4 m/s)</description>
      <Style>
        <IconStyle>
          <Icon>
            <href>http://maps.google.com/mapfiles/kml/shapes/shaded_dot.png</href>
          </Icon>
          <scale>0.6</scale>
          <color>bf3744db</color>
        </IconStyle>
      </Style>
      <Point>
        <altitudeMode>clampToGround</altitudeMode>
        <coordinates>87.3263933860318,22.3149393375705,0</coordinates>
      </Point>
    </Placemark>
    <Placemark>
      <Snippet maxLines="0"> </Snippet>
      <description>253
UTC 19-04-2026 05:25:26.88
GpsMilliseconds 1460611544875
22.3148592,87.3263518, EA(3m)
AltWgs84 -10.5 m, EA(6m)
Hdg 145 deg, Spd 0.0 m/s
EA(37.2 deg, 3.3 m/s)</description>
      <Style>
        <IconStyle>
          <Icon>
            <href>http://maps.google.com/mapfiles/kml/shapes/shaded_dot.png</href>
          </Icon>
          <scale>0.6</scale>
          <color>bf3744db</color>
        </IconStyle>
      </Style>
      <Point>
        <altitudeMode>clampToGround</altitudeMode>
        <coordinates>87.3263517818295,22.3148591602434,0</coordinates>
      </Point>
    </Placemark>
    <Placemark>
      <Snippet maxLines="0"> </Snippet>
      <description>254
UTC 19-04-2026 05:25:27.90
GpsMilliseconds 1460611545904
22.3148666,87.3263869, EA(3m)
AltWgs84 -8.2 m, EA(6m)
Hdg 137 deg, Spd 0.0 m/s
EA(40.7 deg, 3.2 m/s)</description>
      <Style>
        <IconStyle>
          <Icon>
            <href>http://maps.google.com/mapfiles/kml/shapes/shaded_dot.png</href>
          </Icon>
          <scale>0.6</scale>
          <color>bf3744db</color>
        </IconStyle>
      </Style>
      <Point>
        <altitudeMode>clampToGround</altitudeMode>
        <coordinates>87.3263869017613,22.3148665571632,0</coordinates>
      </Point>
    </Placemark>
    <Placemark>
      <Snippet maxLines="0"> </Snippet>
      <description>255
UTC 19-04-2026 05:25:28.88
GpsMilliseconds 1460611546877
22.3149165,87.3264026, EA(3m)
AltWgs84 -13.4 m, EA(6m)
Hdg 11 deg, Spd 0.0 m/s
EA(36.8 deg, 3.4 m/s)</description>
      <Style>
        <IconStyle>
          <Icon>
            <href>http://maps.google.com/mapfiles/kml/shapes/shaded_dot.png</href>
          </Icon>
          <scale>0.6</scale>
          <color>bf3744db</color>
        </IconStyle>
      </Style>
      <Point>
        <altitudeMode>clampToGround</altitudeMode>
        <coordinates>87.3264026099445,22.3149165284986,0</coordinates>
      </Point>
    </Placemark>
    <Placemark>
      <Snippet maxLines="0"> </Snippet>
      <description>256
UTC 19-04-2026 05:25:29.90
GpsMilliseconds 1460611547900
22.3148639,87.3263220, EA(3m)
AltWgs84 -20.1 m, EA(6m)
Hdg 242 deg, Spd 0.0 m/s
EA(43.4 deg, 3.2 m/s)</description>
      <Style>
        <IconStyle>
          <Icon>
            <href>http://maps.google.com/mapfiles/kml/shapes/shaded_dot.png</href>
          </Icon>
          <scale>0.6</scale>
          <color>bf3744db</color>
        </IconStyle>
      </Style>
      <Point>
        <altitudeMode>clampToGround</altitudeMode>
        <coordinates>87.3263219605081,22.3148639002906,0</coordinates>
      </Point>
    </Placemark>
    <Placemark>
      <Snippet maxLines="0"> </Snippet>
      <description>257
UTC 19-04-2026 05:25:30.89
GpsMilliseconds 1460611548890
22.3149005,87.3263038, EA(3m)
AltWgs84 -15.8 m, EA(7m)
Hdg 25 deg, Spd 0.0 m/s
EA(45.4 deg, 3.4 m/s)</description>
      <Style>
        <IconStyle>
          <Icon>
            <href>http://maps.google.com/mapfiles/kml/shapes/shaded_dot.png</href>
          </Icon>
          <scale>0.6</scale>
          <color>bf3744db</color>
        </IconStyle>
      </Style>
      <Point>
        <altitudeMode>clampToGround</altitudeMode>
        <coordinates>87.3263038193829,22.3149004864815,0</coordinates>
      </Point>
    </Placemark>
    <Placemark>
      <Snippet maxLines="0"> </Snippet>
      <description>258
UTC 19-04-2026 05:25:31.90
GpsMilliseconds 1460611549900
22.3149454,87.3263099, EA(3m)
AltWgs84 -24.7 m, EA(6m)
Hdg 188 deg, Spd 0.0 m/s
EA(38.9 deg, 3.3 m/s)</description>
      <Style>
        <IconStyle>
          <Icon>
            <href>http://maps.google.com/mapfiles/kml/shapes/shaded_dot.png</href>
          </Icon>
          <scale>0.6</scale>
          <color>bf3744db</color>
        </IconStyle>
      </Style>
      <Point>
        <altitudeMode>clampToGround</altitudeMode>
        <coordinates>87.3263099437413,22.3149453797703,0</coordinates>
      </Point>
    </Placemark>
    <Placemark>
      <Snippet maxLines="0"> </Snippet>
      <description>259
UTC 19-04-2026 05:25:32.88
GpsMilliseconds 1460611550882
22.3148827,87.3263564, EA(3m)
AltWgs84 -17.9 m, EA(6m)
Hdg 307 deg, Spd 0.0 m/s
EA(38.4 deg, 3.4 m/s)</description>
      <Style>
        <IconStyle>
          <Icon>
            <href>http://maps.google.com/mapfiles/kml/shapes/shaded_dot.png</href>
          </Icon>
          <scale>0.6</scale>
          <color>bf3744db</color>
        </IconStyle>
      </Style>
      <Point>
        <altitudeMode>clampToGround</altitudeMode>
        <coordinates>87.3263564362424,22.3148826588627,0</coordinates>
      </Point>
    </Placemark>
    <Placemark>
      <Snippet maxLines="0"> </Snippet>
      <description>260
UTC 19-04-2026 05:25:33.88
GpsMilliseconds 1460611551878
22.3148027,87.3263540, EA(3m)
AltWgs84 -4.8 m, EA(6m)
Hdg 23 deg, Spd 0.0 m/s
EA(46.3 deg, 3.3 m/s)</description>
      <Style>
        <IconStyle>
          <Icon>
            <href>http://maps.google.com/mapfiles/kml/shapes/shaded_dot.png</href>
          </Icon>
          <scale>0.6</scale>
          <color>bf3744db</color>
        </IconStyle>
      </Style>
      <Point>
        <altitudeMode>clampToGround</altitudeMode>
        <coordinates>87.3263539721276,22.3148026877426,0</coordinates>
      </Point>
    </Placemark>
    <Placemark>
      <Snippet maxLines="0"> </Snippet>
      <description>261
UTC 19-04-2026 05:25:34.91
GpsMilliseconds 1460611552906
22.3148981,87.3264127, EA(3m)
AltWgs84 -0.5 m, EA(6m)
Hdg 237 deg, Spd 0.1 m/s
EA(38.7 deg, 3.3 m/s)</description>
      <Style>
        <IconStyle>
          <Icon>
            <href>http://maps.google.com/mapfiles/kml/shapes/shaded_dot.png</href>
          </Icon>
          <scale>0.6</scale>
          <color>bf3744db</color>
        </IconStyle>
      </Style>
      <Point>
        <altitudeMode>clampToGround</altitudeMode>
        <coordinates>87.3264127107989,22.3148980786213,0</coordinates>
      </Point>
    </Placemark>
    <Placemark>
      <Snippet maxLines="0"> </Snippet>
      <description>262
UTC 19-04-2026 05:25:35.88
GpsMilliseconds 1460611553877
22.3148533,87.3264533, EA(3m)
AltWgs84 9.0 m, EA(6m)
Hdg 9 deg, Spd 0.0 m/s
EA(40.5 deg, 3.5 m/s)</description>
      <Style>
        <IconStyle>
          <Icon>
            <href>http://maps.google.com/mapfiles/kml/shapes/shaded_dot.png</href>
          </Icon>
          <scale>0.6</scale>
          <color>bf3744db</color>
        </IconStyle>
      </Style>
      <Point>
        <altitudeMode>clampToGround</altitudeMode>
        <coordinates>87.3264532781428,22.3148533277158,0</coordinates>
      </Point>
    </Placemark>
    <Placemark>
      <Snippet maxLines="0"> </Snippet>
      <description>263
UTC 19-04-2026 05:25:36.90
GpsMilliseconds 1460611554904
22.3148846,87.3263307, EA(3m)
AltWgs84 -17.8 m, EA(6m)
Hdg 181 deg, Spd 0.0 m/s
EA(42.6 deg, 3.1 m/s)</description>
      <Style>
        <IconStyle>
          <Icon>
            <href>http://maps.google.com/mapfiles/kml/shapes/shaded_dot.png</href>
          </Icon>
          <scale>0.6</scale>
          <color>bf3744db</color>
        </IconStyle>
      </Style>
      <Point>
        <altitudeMode>clampToGround</altitudeMode>
        <coordinates>87.3263307352824,22.3148845584765,0</coordinates>
      </Point>
    </Placemark>
    <Placemark>
      <Snippet maxLines="0"> </Snippet>
      <description>264
UTC 19-04-2026 05:25:37.88
GpsMilliseconds 1460611555877
22.3148976,87.3263333, EA(3m)
AltWgs84 -29.4 m, EA(6m)
Hdg 79 deg, Spd 0.0 m/s
EA(45.0 deg, 3.3 m/s)</description>
      <Style>
        <IconStyle>
          <Icon>
            <href>http://maps.google.com/mapfiles/kml/shapes/shaded_dot.png</href>
          </Icon>
          <scale>0.6</scale>
          <color>bf3744db</color>
        </IconStyle>
      </Style>
      <Point>
        <altitudeMode>clampToGround</altitudeMode>
        <coordinates>87.3263333182855,22.3148975810607,0</coordinates>
      </Point>
    </Placemark>
    <Placemark>
      <Snippet maxLines="0"> </Snippet>
      <description>265
UTC 19-04-2026 05:25:38.88
GpsMilliseconds 1460611556880
22.3148187,87.3263341, EA(3m)
AltWgs84 -10.0 m, EA(6m)
Hdg 150 deg, Spd 0.0 m/s
EA(41.5 deg, 3.2 m/s)</description>
      <Style>
        <IconStyle>
          <Icon>
            <href>http://maps.google.com/mapfiles/kml/shapes/shaded_dot.png</href>
          </Icon>
          <scale>0.6</scale>
          <color>bf3744db</color>
        </IconStyle>
      </Style>
      <Point>
        <altitudeMode>clampToGround</altitudeMode>
        <coordinates>87.3263340549883,22.3148187267976,0</coordinates>
      </Point>
    </Placemark>
    <Placemark>
      <Snippet maxLines="0"> </Snippet>
      <description>266
UTC 19-04-2026 05:25:39.91
GpsMilliseconds 1460611557912
22.3148364,87.3263247, EA(3m)
AltWgs84 -18.1 m, EA(6m)
Hdg 184 deg, Spd 0.0 m/s
EA(40.6 deg, 3.3 m/s)</description>
      <Style>
        <IconStyle>
          <Icon>
            <href>http://maps.google.com/mapfiles/kml/shapes/shaded_dot.png</href>
          </Icon>
          <scale>0.6</scale>
          <color>bf3744db</color>
        </IconStyle>
      </Style>
      <Point>
        <altitudeMode>clampToGround</altitudeMode>
        <coordinates>87.3263246650223,22.3148363594411,0</coordinates>
      </Point>
    </Placemark>
    <Placemark>
      <Snippet maxLines="0"> </Snippet>
      <description>267
UTC 19-04-2026 05:25:40.88
GpsMilliseconds 1460611558878
22.3148298,87.3262993, EA(3m)
AltWgs84 -13.7 m, EA(6m)
Hdg 213 deg, Spd 0.0 m/s
EA(42.5 deg, 3.8 m/s)</description>
      <Style>
        <IconStyle>
          <Icon>
            <href>http://maps.google.com/mapfiles/kml/shapes/shaded_dot.png</href>
          </Icon>
          <scale>0.6</scale>
          <color>bf3744db</color>
        </IconStyle>
      </Style>
      <Point>
        <altitudeMode>clampToGround</altitudeMode>
        <coordinates>87.3262992757422,22.314829790429,0</coordinates>
      </Point>
    </Placemark>
    <Placemark>
      <Snippet maxLines="0"> </Snippet>
      <description>268
UTC 19-04-2026 05:25:41.90
GpsMilliseconds 1460611559901
22.3147903,87.3263639, EA(3m)
AltWgs84 16.8 m, EA(6m)
Hdg 57 deg, Spd 0.1 m/s
EA(45.1 deg, 3.3 m/s)</description>
      <Style>
        <IconStyle>
          <Icon>
            <href>http://maps.google.com/mapfiles/kml/shapes/shaded_dot.png</href>
          </Icon>
          <scale>0.6</scale>
          <color>bf3744db</color>
        </IconStyle>
      </Style>
      <Point>
        <altitudeMode>clampToGround</altitudeMode>
        <coordinates>87.3263639393818,22.3147903187123,0</coordinates>
      </Point>
    </Placemark>
    <Placemark>
      <Snippet maxLines="0"> </Snippet>
      <description>269
UTC 19-04-2026 05:25:42.88
GpsMilliseconds 1460611560882
22.3148183,87.3263847, EA(3m)
AltWgs84 -1.6 m, EA(6m)
Hdg 46 deg, Spd 0.0 m/s
EA(40.6 deg, 3.1 m/s)</description>
      <Style>
        <IconStyle>
          <Icon>
            <href>http://maps.google.com/mapfiles/kml/shapes/shaded_dot.png</href>
          </Icon>
          <scale>0.6</scale>
          <color>bf3744db</color>
        </IconStyle>
      </Style>
      <Point>
        <altitudeMode>clampToGround</altitudeMode>
        <coordinates>87.3263846565677,22.3148182849363,0</coordinates>
      </Point>
    </Placemark>
    <Placemark>
      <Snippet maxLines="0"> </Snippet>
      <description>270
UTC 19-04-2026 05:25:43.90
GpsMilliseconds 1460611561905
22.3148562,87.3264099, EA(3m)
AltWgs84 2.4 m, EA(6m)
Hdg 25 deg, Spd 0.0 m/s
EA(41.4 deg, 3.1 m/s)</description>
      <Style>
        <IconStyle>
          <Icon>
            <href>http://maps.google.com/mapfiles/kml/shapes/shaded_dot.png</href>
          </Icon>
          <scale>0.6</scale>
          <color>bf3744db</color>
        </IconStyle>
      </Style>
      <Point>
        <altitudeMode>clampToGround</altitudeMode>
        <coordinates>87.3264098779303,22.3148561933038,0</coordinates>
      </Point>
    </Placemark>
    <Placemark>
      <Snippet maxLines="0"> </Snippet>
      <description>271
UTC 19-04-2026 05:25:44.89
GpsMilliseconds 1460611562894
22.3148856,87.3264108, EA(3m)
AltWgs84 -0.9 m, EA(6m)
Hdg 224 deg, Spd 0.1 m/s
EA(42.7 deg, 3.1 m/s)</description>
      <Style>
        <IconStyle>
          <Icon>
            <href>http://maps.google.com/mapfiles/kml/shapes/shaded_dot.png</href>
          </Icon>
          <scale>0.6</scale>
          <color>bf3744db</color>
        </IconStyle>
      </Style>
      <Point>
        <altitudeMode>clampToGround</altitudeMode>
        <coordinates>87.3264108328722,22.3148855653501,0</coordinates>
      </Point>
    </Placemark>
    <Placemark>
      <Snippet maxLines="0"> </Snippet>
      <description>272
UTC 19-04-2026 05:25:45.88
GpsMilliseconds 1460611563881
22.3148323,87.3263149, EA(3m)
AltWgs84 0.8 m, EA(6m)
Hdg 83 deg, Spd 0.0 m/s
EA(44.8 deg, 3.4 m/s)</description>
      <Style>
        <IconStyle>
          <Icon>
            <href>http://maps.google.com/mapfiles/kml/shapes/shaded_dot.png</href>
          </Icon>
          <scale>0.6</scale>
          <color>bf3744db</color>
        </IconStyle>
      </Style>
      <Point>
        <altitudeMode>clampToGround</altitudeMode>
        <coordinates>87.3263149229605,22.3148323315042,0</coordinates>
      </Point>
    </Placemark>
    <Placemark>
      <Snippet maxLines="0"> </Snippet>
      <description>273
UTC 19-04-2026 05:25:46.90
GpsMilliseconds 1460611564905
22.3148020,87.3264008, EA(3m)
AltWgs84 2.5 m, EA(6m)
Hdg 349 deg, Spd 0.0 m/s
EA(40.7 deg, 3.2 m/s)</description>
      <Style>
        <IconStyle>
          <Icon>
            <href>http://maps.google.com/mapfiles/kml/shapes/shaded_dot.png</href>
          </Icon>
          <scale>0.6</scale>
          <color>bf3744db</color>
        </IconStyle>
      </Style>
      <Point>
        <altitudeMode>clampToGround</altitudeMode>
        <coordinates>87.3264008126317,22.3148020219537,0</coordinates>
      </Point>
    </Placemark>
    <Placemark>
      <Snippet maxLines="0"> </Snippet>
      <description>274
UTC 19-04-2026 05:25:47.89
GpsMilliseconds 1460611565889
22.3148331,87.3263905, EA(3m)
AltWgs84 8.6 m, EA(6m)
Hdg 318 deg, Spd 0.0 m/s
EA(41.3 deg, 3.1 m/s)</description>
      <Style>
        <IconStyle>
          <Icon>
            <href>http://maps.google.com/mapfiles/kml/shapes/shaded_dot.png</href>
          </Icon>
          <scale>0.6</scale>
          <color>bf3744db</color>
        </IconStyle>
      </Style>
      <Point>
        <altitudeMode>clampToGround</altitudeMode>
        <coordinates>87.3263905249301,22.3148331136342,0</coordinates>
      </Point>
    </Placemark>
    <Placemark>
      <Snippet maxLines="0"> </Snippet>
      <description>275
UTC 19-04-2026 05:25:48.88
GpsMilliseconds 1460611566882
22.3147718,87.3263456, EA(3m)
AltWgs84 -1.2 m, EA(6m)
Hdg 40 deg, Spd 0.0 m/s
EA(46.0 deg, 3.1 m/s)</description>
      <Style>
        <IconStyle>
          <Icon>
            <href>http://maps.google.com/mapfiles/kml/shapes/shaded_dot.png</href>
          </Icon>
          <scale>0.6</scale>
          <color>bf3744db</color>
        </IconStyle>
      </Style>
      <Point>
        <altitudeMode>clampToGround</altitudeMode>
        <coordinates>87.3263455646352,22.3147717730053,0</coordinates>
      </Point>
    </Placemark>
    <Placemark>
      <Snippet maxLines="0"> </Snippet>
      <description>276
UTC 19-04-2026 05:25:49.91
GpsMilliseconds 1460611567907
22.3148129,87.3263610, EA(3m)
AltWgs84 -18.1 m, EA(6m)
Hdg 47 deg, Spd 0.0 m/s
EA(40.3 deg, 3.1 m/s)</description>
      <Style>
        <IconStyle>
          <Icon>
            <href>http://maps.google.com/mapfiles/kml/shapes/shaded_dot.png</href>
          </Icon>
          <scale>0.6</scale>
          <color>bf3744db</color>
        </IconStyle>
      </Style>
      <Point>
        <altitudeMode>clampToGround</altitudeMode>
        <coordinates>87.3263609525822,22.3148129257509,0</coordinates>
      </Point>
    </Placemark>
    <Placemark>
      <Snippet maxLines="0"> </Snippet>
      <description>277
UTC 19-04-2026 05:25:50.89
GpsMilliseconds 1460611568893
22.3147675,87.3264193, EA(3m)
AltWgs84 5.0 m, EA(6m)
Hdg 116 deg, Spd 0.0 m/s
EA(40.1 deg, 3.1 m/s)</description>
      <Style>
        <IconStyle>
          <Icon>
            <href>http://maps.google.com/mapfiles/kml/shapes/shaded_dot.png</href>
          </Icon>
          <scale>0.6</scale>
          <color>bf3744db</color>
        </IconStyle>
      </Style>
      <Point>
        <altitudeMode>clampToGround</altitudeMode>
        <coordinates>87.326419307305,22.3147674756895,0</coordinates>
      </Point>
    </Placemark>
    <Placemark>
      <Snippet maxLines="0"> </Snippet>
      <description>278
UTC 19-04-2026 05:25:51.88
GpsMilliseconds 1460611569883
22.3148013,87.3263338, EA(3m)
AltWgs84 -12.8 m, EA(6m)
Hdg 313 deg, Spd 0.0 m/s
EA(43.6 deg, 3.2 m/s)</description>
      <Style>
        <IconStyle>
          <Icon>
            <href>http://maps.google.com/mapfiles/kml/shapes/shaded_dot.png</href>
          </Icon>
          <scale>0.6</scale>
          <color>bf3744db</color>
        </IconStyle>
      </Style>
      <Point>
        <altitudeMode>clampToGround</altitudeMode>
        <coordinates>87.3263337818272,22.3148012559972,0</coordinates>
      </Point>
    </Placemark>
    <Placemark>
      <Snippet maxLines="0"> </Snippet>
      <description>279
UTC 19-04-2026 05:25:52.92
GpsMilliseconds 1460611570921
22.3148544,87.3263774, EA(3m)
AltWgs84 -13.5 m, EA(6m)
Hdg 51 deg, Spd 0.0 m/s
EA(43.7 deg, 3.0 m/s)</description>
      <Style>
        <IconStyle>
          <Icon>
            <href>http://maps.google.com/mapfiles/kml/shapes/shaded_dot.png</href>
          </Icon>
          <scale>0.6</scale>
          <color>bf3744db</color>
        </IconStyle>
      </Style>
      <Point>
        <altitudeMode>clampToGround</altitudeMode>
        <coordinates>87.3263774018174,22.3148544468555,0</coordinates>
      </Point>
    </Placemark>
    <Placemark>
      <Snippet maxLines="0"> </Snippet>
      <description>280
UTC 19-04-2026 05:25:53.88
GpsMilliseconds 1460611571884
22.3148693,87.3263692, EA(3m)
AltWgs84 -14.4 m, EA(6m)
Hdg 51 deg, Spd 0.0 m/s
EA(43.8 deg, 3.2 m/s)</description>
      <Style>
        <IconStyle>
          <Icon>
            <href>http://maps.google.com/mapfiles/kml/shapes/shaded_dot.png</href>
          </Icon>
          <scale>0.6</scale>
          <color>bf3744db</color>
        </IconStyle>
      </Style>
      <Point>
        <altitudeMode>clampToGround</altitudeMode>
        <coordinates>87.3263691846403,22.3148693212594,0</coordinates>
      </Point>
    </Placemark>
    <Placemark>
      <Snippet maxLines="0"> </Snippet>
      <description>281
UTC 19-04-2026 05:25:54.90
GpsMilliseconds 1460611572905
22.3148285,87.3263663, EA(3m)
AltWgs84 -6.1 m, EA(6m)
Hdg 336 deg, Spd 0.0 m/s
EA(38.2 deg, 3.1 m/s)</description>
      <Style>
        <IconStyle>
          <Icon>
            <href>http://maps.google.com/mapfiles/kml/shapes/shaded_dot.png</href>
          </Icon>
          <scale>0.6</scale>
          <color>bf3744db</color>
        </IconStyle>
      </Style>
      <Point>
        <altitudeMode>clampToGround</altitudeMode>
        <coordinates>87.3263663073156,22.3148284585752,0</coordinates>
      </Point>
    </Placemark>
    <Placemark>
      <Snippet maxLines="0"> </Snippet>
      <description>282
UTC 19-04-2026 05:25:55.89
GpsMilliseconds 1460611573892
22.3148516,87.3263760, EA(3m)
AltWgs84 -14.1 m, EA(6m)
Hdg 341 deg, Spd 0.0 m/s
EA(39.3 deg, 3.0 m/s)</description>
      <Style>
        <IconStyle>
          <Icon>
            <href>http://maps.google.com/mapfiles/kml/shapes/shaded_dot.png</href>
          </Icon>
          <scale>0.6</scale>
          <color>bf3744db</color>
        </IconStyle>
      </Style>
      <Point>
        <altitudeMode>clampToGround</altitudeMode>
        <coordinates>87.326375979088,22.314851640858,0</coordinates>
      </Point>
    </Placemark>
    <Placemark>
      <Snippet maxLines="0"> </Snippet>
      <description>283
UTC 19-04-2026 05:25:56.92
GpsMilliseconds 1460611574921
22.3148842,87.3263989, EA(3m)
AltWgs84 -24.3 m, EA(6m)
Hdg 214 deg, Spd 0.0 m/s
EA(40.2 deg, 3.2 m/s)</description>
      <Style>
        <IconStyle>
          <Icon>
            <href>http://maps.google.com/mapfiles/kml/shapes/shaded_dot.png</href>
          </Icon>
          <scale>0.6</scale>
          <color>bf3744db</color>
        </IconStyle>
      </Style>
      <Point>
        <altitudeMode>clampToGround</altitudeMode>
        <coordinates>87.326398927561,22.3148842418362,0</coordinates>
      </Point>
    </Placemark>
    <Placemark>
      <Snippet maxLines="0"> </Snippet>
      <description>284
UTC 19-04-2026 05:25:57.89
GpsMilliseconds 1460611575887
22.3149286,87.3264263, EA(3m)
AltWgs84 -27.9 m, EA(6m)
Hdg 310 deg, Spd 0.0 m/s
EA(37.2 deg, 3.1 m/s)</description>
      <Style>
        <IconStyle>
          <Icon>
            <href>http://maps.google.com/mapfiles/kml/shapes/shaded_dot.png</href>
          </Icon>
          <scale>0.6</scale>
          <color>bf3744db</color>
        </IconStyle>
      </Style>
      <Point>
        <altitudeMode>clampToGround</altitudeMode>
        <coordinates>87.32642625353,22.314928579634,0</coordinates>
      </Point>
    </Placemark>
    <Placemark>
      <Snippet maxLines="0"> </Snippet>
      <description>285
UTC 19-04-2026 05:25:58.89
GpsMilliseconds 1460611576894
22.3148414,87.3263688, EA(3m)
AltWgs84 -17.5 m, EA(6m)
Hdg 358 deg, Spd 0.0 m/s
EA(39.1 deg, 3.0 m/s)</description>
      <Style>
        <IconStyle>
          <Icon>
            <href>http://maps.google.com/mapfiles/kml/shapes/shaded_dot.png</href>
          </Icon>
          <scale>0.6</scale>
          <color>bf3744db</color>
        </IconStyle>
      </Style>
      <Point>
        <altitudeMode>clampToGround</altitudeMode>
        <coordinates>87.3263688405905,22.3148413903084,0</coordinates>
      </Point>
    </Placemark>
    <Placemark>
      <Snippet maxLines="0"> </Snippet>
      <description>286
UTC 19-04-2026 05:25:59.91
GpsMilliseconds 1460611577914
22.3148554,87.3263079, EA(3m)
AltWgs84 -17.5 m, EA(6m)
Hdg 51 deg, Spd 0.0 m/s
EA(38.1 deg, 3.1 m/s)</description>
      <Style>
        <IconStyle>
          <Icon>
            <href>http://maps.google.com/mapfiles/kml/shapes/shaded_dot.png</href>
          </Icon>
          <scale>0.6</scale>
          <color>bf3744db</color>
        </IconStyle>
      </Style>
      <Point>
        <altitudeMode>clampToGround</altitudeMode>
        <coordinates>87.3263078810468,22.3148553808891,0</coordinates>
      </Point>
    </Placemark>
    <Placemark>
      <Snippet maxLines="0"> </Snippet>
      <description>287
UTC 19-04-2026 05:26:00.89
GpsMilliseconds 1460611578891
22.3148788,87.3264076, EA(3m)
AltWgs84 -3.7 m, EA(6m)
Hdg 17 deg, Spd 0.0 m/s
EA(40.0 deg, 3.1 m/s)</description>
      <Style>
        <IconStyle>
          <Icon>
            <href>http://maps.google.com/mapfiles/kml/shapes/shaded_dot.png</href>
          </Icon>
          <scale>0.6</scale>
          <color>bf3744db</color>
        </IconStyle>
      </Style>
      <Point>
        <altitudeMode>clampToGround</altitudeMode>
        <coordinates>87.3264076273186,22.3148788435916,0</coordinates>
      </Point>
    </Placemark>
    <Placemark>
      <Snippet maxLines="0"> </Snippet>
      <description>288
UTC 19-04-2026 05:26:01.91
GpsMilliseconds 1460611579913
22.3148632,87.3263114, EA(3m)
AltWgs84 -13.1 m, EA(6m)
Hdg 264 deg, Spd 0.0 m/s
EA(38.6 deg, 3.0 m/s)</description>
      <Style>
        <IconStyle>
          <Icon>
            <href>http://maps.google.com/mapfiles/kml/shapes/shaded_dot.png</href>
          </Icon>
          <scale>0.6</scale>
          <color>bf3744db</color>
        </IconStyle>
      </Style>
      <Point>
        <altitudeMode>clampToGround</altitudeMode>
        <coordinates>87.3263114121556,22.3148632171763,0</coordinates>
      </Point>
    </Placemark>
    <Placemark>
      <Snippet maxLines="0"> </Snippet>
      <description>289
UTC 19-04-2026 05:26:02.89
GpsMilliseconds 1460611580894
22.3148847,87.3263118, EA(3m)
AltWgs84 -24.8 m, EA(6m)
Hdg 21 deg, Spd 0.0 m/s
EA(37.5 deg, 3.0 m/s)</description>
      <Style>
        <IconStyle>
          <Icon>
            <href>http://maps.google.com/mapfiles/kml/shapes/shaded_dot.png</href>
          </Icon>
          <scale>0.6</scale>
          <color>bf3744db</color>
        </IconStyle>
      </Style>
      <Point>
        <altitudeMode>clampToGround</altitudeMode>
        <coordinates>87.3263118234981,22.3148847189288,0</coordinates>
      </Point>
    </Placemark>
    <Placemark>
      <Snippet maxLines="0"> </Snippet>
      <description>290
UTC 19-04-2026 05:26:03.91
GpsMilliseconds 1460611581907
22.3148769,87.3263465, EA(3m)
AltWgs84 -16.6 m, EA(6m)
Hdg 55 deg, Spd 0.0 m/s
EA(45.5 deg, 3.5 m/s)</description>
      <Style>
        <IconStyle>
          <Icon>
            <href>http://maps.google.com/mapfiles/kml/shapes/shaded_dot.png</href>
          </Icon>
          <scale>0.6</scale>
          <color>bf3744db</color>
        </IconStyle>
      </Style>
      <Point>
        <altitudeMode>clampToGround</altitudeMode>
        <coordinates>87.3263464661081,22.3148768536847,0</coordinates>
      </Point>
    </Placemark>
    <Placemark>
      <Snippet maxLines="0"> </Snippet>
      <description>291
UTC 19-04-2026 05:26:04.89
GpsMilliseconds 1460611582894
22.3148461,87.3263253, EA(3m)
AltWgs84 -6.5 m, EA(6m)
Hdg 53 deg, Spd 0.0 m/s
EA(36.9 deg, 3.0 m/s)</description>
      <Style>
        <IconStyle>
          <Icon>
            <href>http://maps.google.com/mapfiles/kml/shapes/shaded_dot.png</href>
          </Icon>
          <scale>0.6</scale>
          <color>bf3744db</color>
        </IconStyle>
      </Style>
      <Point>
        <altitudeMode>clampToGround</altitudeMode>
        <coordinates>87.3263252659011,22.314846051455,0</coordinates>
      </Point>
    </Placemark>
    <Placemark>
      <Snippet maxLines="0"> </Snippet>
      <description>292
UTC 19-04-2026 05:26:05.89
GpsMilliseconds 1460611583895
22.3148991,87.3262853, EA(3m)
AltWgs84 -30.6 m, EA(6m)
Hdg 270 deg, Spd 0.0 m/s
EA(39.0 deg, 3.1 m/s)</description>
      <Style>
        <IconStyle>
          <Icon>
            <href>http://maps.google.com/mapfiles/kml/shapes/shaded_dot.png</href>
          </Icon>
          <scale>0.6</scale>
          <color>bf3744db</color>
        </IconStyle>
      </Style>
      <Point>
        <altitudeMode>clampToGround</altitudeMode>
        <coordinates>87.3262852569684,22.3148991435398,0</coordinates>
      </Point>
    </Placemark>
    <Placemark>
      <Snippet maxLines="0"> </Snippet>
      <description>293
UTC 19-04-2026 05:26:06.91
GpsMilliseconds 1460611584910
22.3148621,87.3263224, EA(3m)
AltWgs84 -22.9 m, EA(6m)
Hdg 87 deg, Spd 0.0 m/s
EA(37.8 deg, 3.0 m/s)</description>
      <Style>
        <IconStyle>
          <Icon>
            <href>http://maps.google.com/mapfiles/kml/shapes/shaded_dot.png</href>
          </Icon>
          <scale>0.6</scale>
          <color>bf3744db</color>
        </IconStyle>
      </Style>
      <Point>
        <altitudeMode>clampToGround</altitudeMode>
        <coordinates>87.3263223662715,22.3148620570061,0</coordinates>
      </Point>
    </Placemark>
    <Placemark>
      <Snippet maxLines="0"> </Snippet>
      <description>294
UTC 19-04-2026 05:26:07.89
GpsMilliseconds 1460611585890
22.3149147,87.3263380, EA(3m)
AltWgs84 -21.2 m, EA(6m)
Hdg 210 deg, Spd 0.0 m/s
EA(37.8 deg, 3.0 m/s)</description>
      <Style>
        <IconStyle>
          <Icon>
            <href>http://maps.google.com/mapfiles/kml/shapes/shaded_dot.png</href>
          </Icon>
          <scale>0.6</scale>
          <color>bf3744db</color>
        </IconStyle>
      </Style>
      <Point>
        <altitudeMode>clampToGround</altitudeMode>
        <coordinates>87.3263380151975,22.3149147458164,0</coordinates>
      </Point>
    </Placemark>
    <Placemark>
      <Snippet maxLines="0"> </Snippet>
      <description>295
UTC 19-04-2026 05:26:08.91
GpsMilliseconds 1460611586909
22.3148840,87.3263709, EA(3m)
AltWgs84 -16.3 m, EA(6m)
Hdg 53 deg, Spd 0.0 m/s
EA(42.8 deg, 3.2 m/s)</description>
      <Style>
        <IconStyle>
          <Icon>
            <href>http://maps.google.com/mapfiles/kml/shapes/shaded_dot.png</href>
          </Icon>
          <scale>0.6</scale>
          <color>bf3744db</color>
        </IconStyle>
      </Style>
      <Point>
        <altitudeMode>clampToGround</altitudeMode>
        <coordinates>87.3263708966718,22.3148839787659,0</coordinates>
      </Point>
    </Placemark>
    <Placemark>
      <Snippet maxLines="0"> </Snippet>
      <description>296
UTC 19-04-2026 05:26:09.91
GpsMilliseconds 1460611587914
22.3148633,87.3264025, EA(3m)
AltWgs84 -22.7 m, EA(6m)
Hdg 215 deg, Spd 0.0 m/s
EA(35.8 deg, 3.2 m/s)</description>
      <Style>
        <IconStyle>
          <Icon>
            <href>http://maps.google.com/mapfiles/kml/shapes/shaded_dot.png</href>
          </Icon>
          <scale>0.6</scale>
          <color>bf3744db</color>
        </IconStyle>
      </Style>
      <Point>
        <altitudeMode>clampToGround</altitudeMode>
        <coordinates>87.3264024881216,22.3148633126598,0</coordinates>
      </Point>
    </Placemark>
    <Placemark>
      <Snippet maxLines="0"> </Snippet>
      <description>297
UTC 19-04-2026 05:26:10.90
GpsMilliseconds 1460611588901
22.3148023,87.3263528, EA(3m)
AltWgs84 -8.4 m, EA(6m)
Hdg 304 deg, Spd 0.0 m/s
EA(38.1 deg, 3.2 m/s)</description>
      <Style>
        <IconStyle>
          <Icon>
            <href>http://maps.google.com/mapfiles/kml/shapes/shaded_dot.png</href>
          </Icon>
          <scale>0.6</scale>
          <color>bf3744db</color>
        </IconStyle>
      </Style>
      <Point>
        <altitudeMode>clampToGround</altitudeMode>
        <coordinates>87.3263528432503,22.3148023208493,0</coordinates>
      </Point>
    </Placemark>
    <Placemark>
      <Snippet maxLines="0"> </Snippet>
      <description>298
UTC 19-04-2026 05:26:11.91
GpsMilliseconds 1460611589906
22.3148603,87.3263771, EA(3m)
AltWgs84 -28.4 m, EA(6m)
Hdg 38 deg, Spd 0.1 m/s
EA(41.1 deg, 3.3 m/s)</description>
      <Style>
        <IconStyle>
          <Icon>
            <href>http://maps.google.com/mapfiles/kml/shapes/shaded_dot.png</href>
          </Icon>
          <scale>0.6</scale>
          <color>bf3744db</color>
        </IconStyle>
      </Style>
      <Point>
        <altitudeMode>clampToGround</altitudeMode>
        <coordinates>87.3263771219678,22.314860271416,0</coordinates>
      </Point>
    </Placemark>
    <Placemark>
      <Snippet maxLines="0"> </Snippet>
      <description>299
UTC 19-04-2026 05:26:12.90
GpsMilliseconds 1460611590904
22.3148608,87.3263410, EA(3m)
AltWgs84 -22.3 m, EA(6m)
Hdg 252 deg, Spd 0.0 m/s
EA(36.4 deg, 3.1 m/s)</description>
      <Style>
        <IconStyle>
          <Icon>
            <href>http://maps.google.com/mapfiles/kml/shapes/shaded_dot.png</href>
          </Icon>
          <scale>0.6</scale>
          <color>bf3744db</color>
        </IconStyle>
      </Style>
      <Point>
        <altitudeMode>clampToGround</altitudeMode>
        <coordinates>87.3263410165297,22.3148608411779,0</coordinates>
      </Point>
    </Placemark>
    <Placemark>
      <Snippet maxLines="0"> </Snippet>
      <description>300
UTC 19-04-2026 05:26:13.89
GpsMilliseconds 1460611591891
22.3148662,87.3263843, EA(3m)
AltWgs84 -21.0 m, EA(6m)
Hdg 70 deg, Spd 0.0 m/s
EA(44.0 deg, 3.4 m/s)</description>
      <Style>
        <IconStyle>
          <Icon>
            <href>http://maps.google.com/mapfiles/kml/shapes/shaded_dot.png</href>
          </Icon>
          <scale>0.6</scale>
          <color>bf3744db</color>
        </IconStyle>
      </Style>
      <Point>
        <altitudeMode>clampToGround</altitudeMode>
        <coordinates>87.3263843368048,22.3148661793194,0</coordinates>
      </Point>
    </Placemark>
   </Document>
</kml>