<?xml version="1.0" encoding="utf-8"?>
<kml xmlns="http://www.opengis.net/kml/2.2">
  <Document>
    <name>gnss_log_2026_04_19_10_51_13_rawKfPr.kml</name>
    <Placemark>
      <Snippet maxLines="0"> </Snippet>
      <description> </description>
      <name>Line 1</name>
      <Style>
        <LineStyle>
          <color>80ffffff</color>
        </LineStyle>
      </Style>
      <LineString>
        <altitudeMode>clampToGround</altitudeMode>
        <coordinates> 87.3263390798815,22.3147868292588,0 87.3263273213466,22.3147781637783,0 87.3263524258148,22.3148080255139,0 87.3263017611607,22.3147906738344,0 87.3263313551012,22.3148200436924,0 87.3263057071613,22.3148252430759,0 87.326319697952,22.3148504568107,0 87.3263484991486,22.3148388673767,0 87.326372393194,22.3148550584157,0 87.3263681477466,22.3148572147771,0 87.3263688422709,22.3148691293919,0 87.3263676798463,22.3148688748876,0 87.3263555475222,22.3148734536994,0 87.3263452305438,22.3148641384273,0 87.3263567342251,22.3148647712893,0 87.3263698336365,22.3148548259018,0 87.326357155847,22.3148523276074,0 87.3263608712664,22.314876229583,0 87.3263757231097,22.314878881408,0 87.3263980337617,22.3148913919551,0 87.3264098436265,22.3149040812353,0 87.3264101433259,22.3148960919241,0 87.3264287296337,22.3149073795871,0 87.3264359439315,22.3148999155104,0 87.326444967087,22.3149030118673,0 87.3264320023323,22.3148902407465,0 87.326407510575,22.3148805438961,0 87.3263975853635,22.3148674000405,0 87.3264118260459,22.3148797288059,0 87.3264069594286,22.314887651,0 87.32640549846,22.3148968180595,0 87.3264269541409,22.3149060875431,0 87.3264152163202,22.3149028461546,0 87.3264111810313,22.3149001987501,0 87.326399619349,22.3148911766853,0 87.3263829098152,22.3148558709166,0 87.3263878195069,22.314854675341,0 87.3263621772481,22.3148275907224,0 87.3263353184506,22.3147929671454,0 87.3263196482523,22.3147874185633,0 87.3263079020359,22.3147791212158,0 87.3263040656613,22.3147600451162,0 87.3263054781938,22.3147647431734,0 87.3263049742917,22.3147655266232,0 87.326304657702,22.3147758098756,0 87.3263066311254,22.3147820460622,0 87.3263132473777,22.3148071415551,0 87.3263508806689,22.3148426795508,0 87.3263664383084,22.3148549657535,0 87.3263534645095,22.3148442263922,0 87.3263695795716,22.3148575397391,0 87.3263712294417,22.3148588414019,0 87.3263628476063,22.3148513212357,0 87.3263520160039,22.3148473101722,0 87.326340129323,22.3148430006535,0 87.3263520148989,22.3148501955791,0 87.3263600971831,22.3148501607107,0 87.3263561018477,22.3148470425545,0 87.3263460760037,22.3148372963278,0 87.3263284381534,22.3148357848352,0 87.3263531630589,22.3148343079809,0 87.3263531046134,22.3148368801073,0 87.3263525453203,22.3148351996272,0 87.3263745063065,22.3148281961895,0 87.3263547624869,22.3148256500823,0 87.3263661137388,22.3148080266683,0 87.3263469597718,22.3148026509195,0 87.3263479088023,22.3148163986532,0 87.3263592502025,22.3148310422144,0 87.3263675893626,22.3148126277909,0 87.3263544316104,22.3147990632591,0 87.3263486759256,22.3148164445204,0 87.3263623008124,22.3148153512385,0 87.3263799073878,22.3148395308356,0 87.3263869957974,22.3148530594263,0 87.3264145042186,22.3148528508883,0 87.326406032632,22.3148625377565,0 87.3264298654145,22.3148830706281,0 87.3264203324325,22.3148732632214,0 87.3264009245226,22.3148660000015,0 87.3263955272213,22.3148521022321,0 87.3263954458463,22.3148457747215,0 87.3263876419066,22.3148639559047,0 87.3263936300705,22.3148661123683,0 87.3263685686771,22.3148443111297,0 87.3263856446036,22.3148686301809,0 87.3263985642333,22.3148621778653,0 87.3263951866743,22.3148545026628,0 87.3263782556593,22.3148517382238,0 87.3263917725223,22.3148681294532,0 87.3263882670297,22.3148598139381,0 87.3264042517052,22.3148537704192,0 87.3264140748284,22.3148620917425,0 87.3264039363167,22.314854907907,0 87.3263897916519,22.3148380527361,0 87.3264040766846,22.3148393278442,0 87.3264140293675,22.3148304395398,0 87.3264251444935,22.3148370490681,0 87.3264293923449,22.3148391819324,0 87.3264150318545,22.3148256270152,0 87.3263989262417,22.3148227684138,0 87.3263537328064,22.314817413332,0 87.3263611787207,22.3148247670014,0 87.3263551492753,22.3148270415394,0 87.3263682522999,22.3148065464617,0 87.3263741704328,22.3147976796116,0 87.3263697898845,22.3148039204682,0 87.3263657926594,22.3148049875767,0 87.3263465627536,22.3148048483996,0 87.3263309840949,22.3147939662336,0 87.3263245457039,22.3147842710429,0 87.3263249871485,22.3147956683402,0 87.3263413421036,22.314791871608,0 87.3263297218811,22.3148068616814,0 87.3263214579574,22.3148003578694,0 87.3263189413827,22.3148048148454,0 87.3263185226187,22.3147991971089,0 87.3263045859558,22.314809240602,0 87.3263093899951,22.31480547805,0 87.3262977652266,22.3148062853433,0 87.3262912405263,22.3148173673583,0 87.3263261109061,22.3148353253931,0 87.3263137996583,22.3148378654814,0 87.3263099574406,22.314856676815,0 87.32631102449,22.3148597069618,0 87.3263160738185,22.3148680719016,0 87.3263294536576,22.3148800922636,0 87.3263513555124,22.3148837594301,0 87.3263508388945,22.3148795145148,0 87.3263521069118,22.3148736224963,0 87.3263603779166,22.3148984377726,0 87.3263499209529,22.3148796786866,0 87.3263189294569,22.3148708241743,0 87.3263170316373,22.3148556594372,0 87.3263157784708,22.3148383751122,0 87.3263160688051,22.3148237183581,0 87.3263061359691,22.3148245896247,0 87.3263172818206,22.3148361989435,0 87.326305422736,22.3148386619215,0 87.3262981514949,22.3148422651366,0 87.3263066278091,22.3148245024354,0 87.3262728060947,22.3148111335146,0 87.3262703745826,22.3148039173682,0 87.3263009842408,22.3148103861026,0 87.3263025408949,22.3148122190845,0 87.3263045228723,22.3148301408805,0 87.3263020622501,22.3148099826026,0 87.3263117351724,22.3148064902107,0 87.3263308810989,22.314816378489,0 87.3263262376776,22.3148261274846,0 87.3263235382691,22.3148416986912,0 87.3263262539913,22.314852884881,0 87.326338684327,22.3148474463841,0 87.3263248342284,22.3148442821043,0 87.3263316866258,22.3148561871485,0 87.3263282065302,22.3148738290784,0 87.3263205523748,22.3148578710411,0 87.3263329643842,22.31486724924,0 87.3263298583048,22.3148610090616,0 87.3263164469198,22.3148633101277,0 87.3263164173264,22.3148591094333,0 87.3263225818068,22.314846879812,0 87.3263182364011,22.3148346255733,0 87.3263142208877,22.3148308148629,0 87.3263479149662,22.3148497926369,0 87.3263563521089,22.3148437577072,0 87.3263432748074,22.3148635495253,0 87.3263318708169,22.3148412015855,0 87.3263367645239,22.3148417584129,0 87.32633284212,22.3148462758791,0 87.3263309547117,22.3148566797303,0 87.3263439594558,22.3148858349728,0 87.3263725936775,22.31489981516,0 87.3263602617097,22.3148999187086,0 87.326373009171,22.3149083202,0 87.3263858864794,22.3149273269543,0 87.3263834615655,22.3149243126098,0 87.3263526811176,22.314888757673,0 87.3263632981636,22.3148825229829,0 87.3263756957023,22.3148878566177,0 87.3263750509695,22.3148864405724,0 87.3263908330511,22.3148945251392,0 87.3263937176948,22.3148710996642,0 87.3264139919713,22.314868858031,0 87.3264126498557,22.3148726577073,0 87.3264138058029,22.314871919307,0 87.3264145064483,22.3148645676604,0 87.3263903409556,22.3148485308768,0 87.3263870410387,22.3148433198964,0 87.3263823472958,22.3148257108164,0 87.3263609832866,22.3148262238088,0 87.3263368721679,22.3148353185127,0 87.3263160052509,22.3148361212401,0 87.3263124502368,22.3148410944697,0 87.3263050987481,22.3148531814169,0 87.3263236409244,22.3148590447985,0 87.3263182161105,22.314841519591,0 87.3263195352797,22.3148411777301,0 87.3263077227326,22.3148461797156,0 87.326315260476,22.3148533530401,0 87.3263294518939,22.3148706448063,0 87.3263440386815,22.3148824623451,0 87.3263801277611,22.3149039401506,0 87.3264031707884,22.3149115976554,0 87.3263984516227,22.3148886619752,0 87.326378957814,22.3148704969036,0 87.3263764946046,22.314860035075,0 87.3263709831926,22.3148574279085,0 87.3263655809356,22.3148627424217,0 87.3263787116603,22.3148645137939,0 87.3263740315698,22.3148657695329,0 87.3263485023565,22.3148544214884,0 87.3263473469346,22.3148393178507,0 87.326325932622,22.3148225023275,0 87.3263157858372,22.3148179261971,0 87.3263164581256,22.3148032023384,0 87.326320082383,22.3147999211228,0 87.3263139249348,22.3148039371438,0 87.3263156015339,22.3148198892753,0 87.3263158782813,22.3148164203234,0 87.3263389277594,22.3148392143449,0 87.3263592855886,22.3148452119601,0 87.3263450531108,22.3148792217431,0 87.3263535637065,22.3149069600498,0 87.3263768080059,22.3149056040893,0 87.3263847431339,22.3148846616632,0 87.3263782308161,22.314871229636,0 87.3263654911687,22.3148851970645,0 87.3263750696782,22.3148725043828,0 87.3263804156956,22.3148724674393,0 87.3263856833002,22.3148554053004,0 87.3263688907014,22.3148599739415,0 87.3263696197919,22.314864016004,0 87.3263544669286,22.3148520950968,0 87.3263528350387,22.3148276542187,0 87.3263423693596,22.3148232621716,0 87.3263295571627,22.3148201753359,0 87.3263281850522,22.3148249931522,0 87.3263234717424,22.3148390847194,0 87.3263189958688,22.3148212957263,0 87.3263314514895,22.3148322487911,0 87.3263492702392,22.314841777218,0 87.3263719161557,22.3148499461673,0 87.3263711692324,22.3148638070572,0 87.3263860654083,22.3148756763284,0 87.3263840215733,22.3148632790502,0 87.3263932855613,22.3148636457541,0 87.3264182058312,22.3148702850092,0 87.326417840361,22.3148637787788,0 87.3263794947121,22.3148448061405,0 87.3263828442647,22.3148726462873,0 87.3263709158962,22.3148701213761,0 87.3263742478468,22.3148700440408,0 87.3263826512003,22.3148859091378,0 87.3263627082528,22.3148803613597,0 87.3263402685185,22.3148880955335,0 87.3263251509453,22.3149094250175,0 87.3263304891988,22.3149047300688,0 87.3263348883861,22.3148728662925,0 87.326360686479,22.3148792592163,0 87.3263943590963,22.3148694255706,0 87.3263777070605,22.3148732379502,0 87.3263654049435,22.3148808693,0 87.326354574583,22.3148604623638,0 87.3263424978945,22.3148498550535,0 87.3263248734477,22.314840241912,0 87.3263353410481,22.3148190656959,0 87.3263512127607,22.3148136939389,0 87.3263729943913,22.3148243575568,0 87.3263887697433,22.3148434112831,0 87.3263669164271,22.3148404957746,0 87.3263797388931,22.3148273631893,0 87.3263854699931,22.3148279084329,0 87.3263739883481,22.3148069684468,0 87.3263695978513,22.3148054312876,0 87.3263873075126,22.3147894675776,0 87.3263699708475,22.3147891864355,0 87.3263720488632,22.3148088676624,0 87.3263707972806,22.3148299132822,0 87.3263688502474,22.3148322123013,0 87.3263709369459,22.3148412299631,0 87.3263808622708,22.3148595913467,0 87.326397709126,22.3148876777801,0 87.3263901272727,22.3148785796333,0 87.3263623117669,22.3148748686716,0 87.3263746917824,22.314878785098,0 87.3263508026505,22.3148757515978,0 87.3263337767594,22.3148803046417,0 87.3263330549373,22.3148809312769,0 87.3263270811843,22.3148713711488,0 87.3263099043104,22.3148808513367,0 87.3263100317918,22.3148755489457,0 87.3263166006738,22.3148890861511,0 87.3263351453483,22.314889206208,0 87.3263604617876,22.3148818825319,0 87.3263616912384,22.3148548207164,0 87.326370502431,22.3148533720711,0 87.3263629068989,22.314853033227,0 87.3263722256293,22.3148555288224,0</coordinates>
      </LineString>
    </Placemark>
    <Placemark>
      <Snippet maxLines="0"> </Snippet>
      <description>1
UTC 19-04-2026 05:21:15.76
GpsMilliseconds 1460611293763
22.3147868,87.3263391, EA(3m)
AltWgs84 -11.1 m, EA(5m)
Hdg 197 deg, Spd 1.8 m/s
EA(49.1 deg, 2.1 m/s)</description>
      <Style>
        <IconStyle>
          <Icon>
            <href>http://maps.google.com/mapfiles/kml/shapes/shaded_dot.png</href>
          </Icon>
          <scale>0.6</scale>
          <color>bf00a0f4</color>
        </IconStyle>
      </Style>
      <Point>
        <altitudeMode>clampToGround</altitudeMode>
        <coordinates>87.3263390798815,22.3147868292588,0</coordinates>
      </Point>
    </Placemark>
    <Placemark>
      <Snippet maxLines="0"> </Snippet>
      <description>2
UTC 19-04-2026 05:21:16.74
GpsMilliseconds 1460611294742
22.3147782,87.3263273, EA(3m)
AltWgs84 -17.5 m, EA(4m)
Hdg 209 deg, Spd 1.5 m/s
EA(46.7 deg, 1.5 m/s)</description>
      <Style>
        <IconStyle>
          <Icon>
            <href>http://maps.google.com/mapfiles/kml/shapes/shaded_dot.png</href>
          </Icon>
          <scale>0.6</scale>
          <color>bf00a0f4</color>
        </IconStyle>
      </Style>
      <Point>
        <altitudeMode>clampToGround</altitudeMode>
        <coordinates>87.3263273213466,22.3147781637783,0</coordinates>
      </Point>
    </Placemark>
    <Placemark>
      <Snippet maxLines="0"> </Snippet>
      <description>3
UTC 19-04-2026 05:21:17.78
GpsMilliseconds 1460611295775
22.3148080,87.3263524, EA(3m)
AltWgs84 -15.5 m, EA(4m)
Hdg 53 deg, Spd 0.5 m/s
EA(47.1 deg, 1.2 m/s)</description>
      <Style>
        <IconStyle>
          <Icon>
            <href>http://maps.google.com/mapfiles/kml/shapes/shaded_dot.png</href>
          </Icon>
          <scale>0.6</scale>
          <color>bf00a0f4</color>
        </IconStyle>
      </Style>
      <Point>
        <altitudeMode>clampToGround</altitudeMode>
        <coordinates>87.3263524258148,22.3148080255139,0</coordinates>
      </Point>
    </Placemark>
    <Placemark>
      <Snippet maxLines="0"> </Snippet>
      <description>4
UTC 19-04-2026 05:21:18.75
GpsMilliseconds 1460611296752
22.3147907,87.3263018, EA(3m)
AltWgs84 -18.7 m, EA(4m)
Hdg 253 deg, Spd 1.2 m/s
EA(47.1 deg, 1.0 m/s)</description>
      <Style>
        <IconStyle>
          <Icon>
            <href>http://maps.google.com/mapfiles/kml/shapes/shaded_dot.png</href>
          </Icon>
          <scale>0.6</scale>
          <color>bf00a0f4</color>
        </IconStyle>
      </Style>
      <Point>
        <altitudeMode>clampToGround</altitudeMode>
        <coordinates>87.3263017611607,22.3147906738344,0</coordinates>
      </Point>
    </Placemark>
    <Placemark>
      <Snippet maxLines="0"> </Snippet>
      <description>5
UTC 19-04-2026 05:21:19.76
GpsMilliseconds 1460611297762
22.3148200,87.3263314, EA(3m)
AltWgs84 -19.4 m, EA(4m)
Hdg 348 deg, Spd 0.6 m/s
EA(47.0 deg, 0.9 m/s)</description>
      <Style>
        <IconStyle>
          <Icon>
            <href>http://maps.google.com/mapfiles/kml/shapes/shaded_dot.png</href>
          </Icon>
          <scale>0.6</scale>
          <color>bf00a0f4</color>
        </IconStyle>
      </Style>
      <Point>
        <altitudeMode>clampToGround</altitudeMode>
        <coordinates>87.3263313551012,22.3148200436924,0</coordinates>
      </Point>
    </Placemark>
    <Placemark>
      <Snippet maxLines="0"> </Snippet>
      <description>6
UTC 19-04-2026 05:21:20.75
GpsMilliseconds 1460611298754
22.3148252,87.3263057, EA(3m)
AltWgs84 -23.9 m, EA(4m)
Hdg 309 deg, Spd 0.9 m/s
EA(46.2 deg, 0.8 m/s)</description>
      <Style>
        <IconStyle>
          <Icon>
            <href>http://maps.google.com/mapfiles/kml/shapes/shaded_dot.png</href>
          </Icon>
          <scale>0.6</scale>
          <color>bf00a0f4</color>
        </IconStyle>
      </Style>
      <Point>
        <altitudeMode>clampToGround</altitudeMode>
        <coordinates>87.3263057071613,22.3148252430759,0</coordinates>
      </Point>
    </Placemark>
    <Placemark>
      <Snippet maxLines="0"> </Snippet>
      <description>7
UTC 19-04-2026 05:21:21.77
GpsMilliseconds 1460611299771
22.3148505,87.3263197, EA(2m)
AltWgs84 -24.5 m, EA(4m)
Hdg 347 deg, Spd 1.0 m/s
EA(47.7 deg, 0.8 m/s)</description>
      <Style>
        <IconStyle>
          <Icon>
            <href>http://maps.google.com/mapfiles/kml/shapes/shaded_dot.png</href>
          </Icon>
          <scale>0.6</scale>
          <color>bf00a0f4</color>
        </IconStyle>
      </Style>
      <Point>
        <altitudeMode>clampToGround</altitudeMode>
        <coordinates>87.326319697952,22.3148504568107,0</coordinates>
      </Point>
    </Placemark>
    <Placemark>
      <Snippet maxLines="0"> </Snippet>
      <description>8
UTC 19-04-2026 05:21:22.75
GpsMilliseconds 1460611300752
22.3148389,87.3263485, EA(2m)
AltWgs84 -13.0 m, EA(3m)
Hdg 40 deg, Spd 0.6 m/s
EA(46.8 deg, 0.7 m/s)</description>
      <Style>
        <IconStyle>
          <Icon>
            <href>http://maps.google.com/mapfiles/kml/shapes/shaded_dot.png</href>
          </Icon>
          <scale>0.6</scale>
          <color>bf00a0f4</color>
        </IconStyle>
      </Style>
      <Point>
        <altitudeMode>clampToGround</altitudeMode>
        <coordinates>87.3263484991486,22.3148388673767,0</coordinates>
      </Point>
    </Placemark>
    <Placemark>
      <Snippet maxLines="0"> </Snippet>
      <description>9
UTC 19-04-2026 05:21:23.75
GpsMilliseconds 1460611301747
22.3148551,87.3263724, EA(2m)
AltWgs84 -13.2 m, EA(3m)
Hdg 47 deg, Spd 1.1 m/s
EA(46.9 deg, 0.7 m/s)</description>
      <Style>
        <IconStyle>
          <Icon>
            <href>http://maps.google.com/mapfiles/kml/shapes/shaded_dot.png</href>
          </Icon>
          <scale>0.6</scale>
          <color>bf00a0f4</color>
        </IconStyle>
      </Style>
      <Point>
        <altitudeMode>clampToGround</altitudeMode>
        <coordinates>87.326372393194,22.3148550584157,0</coordinates>
      </Point>
    </Placemark>
    <Placemark>
      <Snippet maxLines="0"> </Snippet>
      <description>10
UTC 19-04-2026 05:21:24.77
GpsMilliseconds 1460611302770
22.3148572,87.3263681, EA(2m)
AltWgs84 -19.3 m, EA(3m)
Hdg 41 deg, Spd 0.8 m/s
EA(46.8 deg, 0.7 m/s)</description>
      <Style>
        <IconStyle>
          <Icon>
            <href>http://maps.google.com/mapfiles/kml/shapes/shaded_dot.png</href>
          </Icon>
          <scale>0.6</scale>
          <color>bf00a0f4</color>
        </IconStyle>
      </Style>
      <Point>
        <altitudeMode>clampToGround</altitudeMode>
        <coordinates>87.3263681477466,22.3148572147771,0</coordinates>
      </Point>
    </Placemark>
    <Placemark>
      <Snippet maxLines="0"> </Snippet>
      <description>11
UTC 19-04-2026 05:21:25.75
GpsMilliseconds 1460611303748
22.3148691,87.3263688, EA(2m)
AltWgs84 -19.9 m, EA(3m)
Hdg 30 deg, Spd 0.9 m/s
EA(46.0 deg, 0.7 m/s)</description>
      <Style>
        <IconStyle>
          <Icon>
            <href>http://maps.google.com/mapfiles/kml/shapes/shaded_dot.png</href>
          </Icon>
          <scale>0.6</scale>
          <color>bf00a0f4</color>
        </IconStyle>
      </Style>
      <Point>
        <altitudeMode>clampToGround</altitudeMode>
        <coordinates>87.3263688422709,22.3148691293919,0</coordinates>
      </Point>
    </Placemark>
    <Placemark>
      <Snippet maxLines="0"> </Snippet>
      <description>12
UTC 19-04-2026 05:21:26.77
GpsMilliseconds 1460611304769
22.3148689,87.3263677, EA(2m)
AltWgs84 -19.9 m, EA(3m)
Hdg 29 deg, Spd 0.6 m/s
EA(46.0 deg, 0.7 m/s)</description>
      <Style>
        <IconStyle>
          <Icon>
            <href>http://maps.google.com/mapfiles/kml/shapes/shaded_dot.png</href>
          </Icon>
          <scale>0.6</scale>
          <color>bf00a0f4</color>
        </IconStyle>
      </Style>
      <Point>
        <altitudeMode>clampToGround</altitudeMode>
        <coordinates>87.3263676798463,22.3148688748876,0</coordinates>
      </Point>
    </Placemark>
    <Placemark>
      <Snippet maxLines="0"> </Snippet>
      <description>13
UTC 19-04-2026 05:21:27.76
GpsMilliseconds 1460611305760
22.3148735,87.3263555, EA(2m)
AltWgs84 -22.0 m, EA(3m)
Hdg 359 deg, Spd 0.5 m/s
EA(46.3 deg, 0.7 m/s)</description>
      <Style>
        <IconStyle>
          <Icon>
            <href>http://maps.google.com/mapfiles/kml/shapes/shaded_dot.png</href>
          </Icon>
          <scale>0.6</scale>
          <color>bf00a0f4</color>
        </IconStyle>
      </Style>
      <Point>
        <altitudeMode>clampToGround</altitudeMode>
        <coordinates>87.3263555475222,22.3148734536994,0</coordinates>
      </Point>
    </Placemark>
    <Placemark>
      <Snippet maxLines="0"> </Snippet>
      <description>14
UTC 19-04-2026 05:21:28.75
GpsMilliseconds 1460611306751
22.3148641,87.3263452, EA(2m)
AltWgs84 -18.4 m, EA(3m)
Hdg 311 deg, Spd 0.3 m/s
EA(46.1 deg, 0.7 m/s)</description>
      <Style>
        <IconStyle>
          <Icon>
            <href>http://maps.google.com/mapfiles/kml/shapes/shaded_dot.png</href>
          </Icon>
          <scale>0.6</scale>
          <color>bf00a0f4</color>
        </IconStyle>
      </Style>
      <Point>
        <altitudeMode>clampToGround</altitudeMode>
        <coordinates>87.3263452305438,22.3148641384273,0</coordinates>
      </Point>
    </Placemark>
    <Placemark>
      <Snippet maxLines="0"> </Snippet>
      <description>15
UTC 19-04-2026 05:21:29.77
GpsMilliseconds 1460611307770
22.3148648,87.3263567, EA(2m)
AltWgs84 -17.5 m, EA(3m)
Hdg 25 deg, Spd 0.2 m/s
EA(46.2 deg, 0.7 m/s)</description>
      <Style>
        <IconStyle>
          <Icon>
            <href>http://maps.google.com/mapfiles/kml/shapes/shaded_dot.png</href>
          </Icon>
          <scale>0.6</scale>
          <color>bf00a0f4</color>
        </IconStyle>
      </Style>
      <Point>
        <altitudeMode>clampToGround</altitudeMode>
        <coordinates>87.3263567342251,22.3148647712893,0</coordinates>
      </Point>
    </Placemark>
    <Placemark>
      <Snippet maxLines="0"> </Snippet>
      <description>16
UTC 19-04-2026 05:21:30.76
GpsMilliseconds 1460611308758
22.3148548,87.3263698, EA(2m)
AltWgs84 -18.1 m, EA(3m)
Hdg 111 deg, Spd 0.4 m/s
EA(45.8 deg, 0.7 m/s)</description>
      <Style>
        <IconStyle>
          <Icon>
            <href>http://maps.google.com/mapfiles/kml/shapes/shaded_dot.png</href>
          </Icon>
          <scale>0.6</scale>
          <color>bf00a0f4</color>
        </IconStyle>
      </Style>
      <Point>
        <altitudeMode>clampToGround</altitudeMode>
        <coordinates>87.3263698336365,22.3148548259018,0</coordinates>
      </Point>
    </Placemark>
    <Placemark>
      <Snippet maxLines="0"> </Snippet>
      <description>17
UTC 19-04-2026 05:21:31.76
GpsMilliseconds 1460611309755
22.3148523,87.3263572, EA(2m)
AltWgs84 -17.4 m, EA(3m)
Hdg 185 deg, Spd 0.2 m/s
EA(45.7 deg, 0.7 m/s)</description>
      <Style>
        <IconStyle>
          <Icon>
            <href>http://maps.google.com/mapfiles/kml/shapes/shaded_dot.png</href>
          </Icon>
          <scale>0.6</scale>
          <color>bf00a0f4</color>
        </IconStyle>
      </Style>
      <Point>
        <altitudeMode>clampToGround</altitudeMode>
        <coordinates>87.326357155847,22.3148523276074,0</coordinates>
      </Point>
    </Placemark>
    <Placemark>
      <Snippet maxLines="0"> </Snippet>
      <description>18
UTC 19-04-2026 05:21:32.78
GpsMilliseconds 1460611310778
22.3148762,87.3263609, EA(2m)
AltWgs84 -19.2 m, EA(3m)
Hdg 9 deg, Spd 0.5 m/s
EA(45.8 deg, 0.7 m/s)</description>
      <Style>
        <IconStyle>
          <Icon>
            <href>http://maps.google.com/mapfiles/kml/shapes/shaded_dot.png</href>
          </Icon>
          <scale>0.6</scale>
          <color>bf00a0f4</color>
        </IconStyle>
      </Style>
      <Point>
        <altitudeMode>clampToGround</altitudeMode>
        <coordinates>87.3263608712664,22.314876229583,0</coordinates>
      </Point>
    </Placemark>
    <Placemark>
      <Snippet maxLines="0"> </Snippet>
      <description>19
UTC 19-04-2026 05:21:33.74
GpsMilliseconds 1460611311742
22.3148789,87.3263757, EA(2m)
AltWgs84 -19.5 m, EA(2m)
Hdg 42 deg, Spd 0.6 m/s
EA(45.7 deg, 0.7 m/s)</description>
      <Style>
        <IconStyle>
          <Icon>
            <href>http://maps.google.com/mapfiles/kml/shapes/shaded_dot.png</href>
          </Icon>
          <scale>0.6</scale>
          <color>bf00a0f4</color>
        </IconStyle>
      </Style>
      <Point>
        <altitudeMode>clampToGround</altitudeMode>
        <coordinates>87.3263757231097,22.314878881408,0</coordinates>
      </Point>
    </Placemark>
    <Placemark>
      <Snippet maxLines="0"> </Snippet>
      <description>20
UTC 19-04-2026 05:21:34.78
GpsMilliseconds 1460611312775
22.3148914,87.3263980, EA(2m)
AltWgs84 -21.9 m, EA(2m)
Hdg 51 deg, Spd 1.0 m/s
EA(46.0 deg, 0.7 m/s)</description>
      <Style>
        <IconStyle>
          <Icon>
            <href>http://maps.google.com/mapfiles/kml/shapes/shaded_dot.png</href>
          </Icon>
          <scale>0.6</scale>
          <color>bf00a0f4</color>
        </IconStyle>
      </Style>
      <Point>
        <altitudeMode>clampToGround</altitudeMode>
        <coordinates>87.3263980337617,22.3148913919551,0</coordinates>
      </Point>
    </Placemark>
    <Placemark>
      <Snippet maxLines="0"> </Snippet>
      <description>21
UTC 19-04-2026 05:21:35.75
GpsMilliseconds 1460611313751
22.3149041,87.3264098, EA(2m)
AltWgs84 -21.0 m, EA(2m)
Hdg 47 deg, Spd 1.1 m/s
EA(46.0 deg, 0.7 m/s)</description>
      <Style>
        <IconStyle>
          <Icon>
            <href>http://maps.google.com/mapfiles/kml/shapes/shaded_dot.png</href>
          </Icon>
          <scale>0.6</scale>
          <color>bf00a0f4</color>
        </IconStyle>
      </Style>
      <Point>
        <altitudeMode>clampToGround</altitudeMode>
        <coordinates>87.3264098436265,22.3149040812353,0</coordinates>
      </Point>
    </Placemark>
    <Placemark>
      <Snippet maxLines="0"> </Snippet>
      <description>22
UTC 19-04-2026 05:21:36.77
GpsMilliseconds 1460611314772
22.3148961,87.3264101, EA(2m)
AltWgs84 -19.2 m, EA(2m)
Hdg 59 deg, Spd 0.7 m/s
EA(46.1 deg, 0.7 m/s)</description>
      <Style>
        <IconStyle>
          <Icon>
            <href>http://maps.google.com/mapfiles/kml/shapes/shaded_dot.png</href>
          </Icon>
          <scale>0.6</scale>
          <color>bf00a0f4</color>
        </IconStyle>
      </Style>
      <Point>
        <altitudeMode>clampToGround</altitudeMode>
        <coordinates>87.3264101433259,22.3148960919241,0</coordinates>
      </Point>
    </Placemark>
    <Placemark>
      <Snippet maxLines="0"> </Snippet>
      <description>23
UTC 19-04-2026 05:21:37.75
GpsMilliseconds 1460611315751
22.3149074,87.3264287, EA(2m)
AltWgs84 -20.4 m, EA(2m)
Hdg 58 deg, Spd 1.1 m/s
EA(46.1 deg, 0.7 m/s)</description>
      <Style>
        <IconStyle>
          <Icon>
            <href>http://maps.google.com/mapfiles/kml/shapes/shaded_dot.png</href>
          </Icon>
          <scale>0.6</scale>
          <color>bf00a0f4</color>
        </IconStyle>
      </Style>
      <Point>
        <altitudeMode>clampToGround</altitudeMode>
        <coordinates>87.3264287296337,22.3149073795871,0</coordinates>
      </Point>
    </Placemark>
    <Placemark>
      <Snippet maxLines="0"> </Snippet>
      <description>24
UTC 19-04-2026 05:21:38.77
GpsMilliseconds 1460611316772
22.3148999,87.3264359, EA(2m)
AltWgs84 -21.7 m, EA(2m)
Hdg 74 deg, Spd 0.9 m/s
EA(46.0 deg, 0.7 m/s)</description>
      <Style>
        <IconStyle>
          <Icon>
            <href>http://maps.google.com/mapfiles/kml/shapes/shaded_dot.png</href>
          </Icon>
          <scale>0.6</scale>
          <color>bf00a0f4</color>
        </IconStyle>
      </Style>
      <Point>
        <altitudeMode>clampToGround</altitudeMode>
        <coordinates>87.3264359439315,22.3148999155104,0</coordinates>
      </Point>
    </Placemark>
    <Placemark>
      <Snippet maxLines="0"> </Snippet>
      <description>25
UTC 19-04-2026 05:21:39.76
GpsMilliseconds 1460611317759
22.3149030,87.3264450, EA(2m)
AltWgs84 -23.3 m, EA(2m)
Hdg 73 deg, Spd 0.9 m/s
EA(46.2 deg, 0.7 m/s)</description>
      <Style>
        <IconStyle>
          <Icon>
            <href>http://maps.google.com/mapfiles/kml/shapes/shaded_dot.png</href>
          </Icon>
          <scale>0.6</scale>
          <color>bf00a0f4</color>
        </IconStyle>
      </Style>
      <Point>
        <altitudeMode>clampToGround</altitudeMode>
        <coordinates>87.326444967087,22.3149030118673,0</coordinates>
      </Point>
    </Placemark>
    <Placemark>
      <Snippet maxLines="0"> </Snippet>
      <description>26
UTC 19-04-2026 05:21:40.76
GpsMilliseconds 1460611318762
22.3148902,87.3264320, EA(2m)
AltWgs84 -22.6 m, EA(2m)
Hdg 108 deg, Spd 0.4 m/s
EA(46.2 deg, 0.7 m/s)</description>
      <Style>
        <IconStyle>
          <Icon>
            <href>http://maps.google.com/mapfiles/kml/shapes/shaded_dot.png</href>
          </Icon>
          <scale>0.6</scale>
          <color>bf00a0f4</color>
        </IconStyle>
      </Style>
      <Point>
        <altitudeMode>clampToGround</altitudeMode>
        <coordinates>87.3264320023323,22.3148902407465,0</coordinates>
      </Point>
    </Placemark>
    <Placemark>
      <Snippet maxLines="0"> </Snippet>
      <description>27
UTC 19-04-2026 05:21:41.75
GpsMilliseconds 1460611319745
22.3148805,87.3264075, EA(2m)
AltWgs84 -21.6 m, EA(2m)
Hdg 216 deg, Spd 0.4 m/s
EA(46.1 deg, 0.7 m/s)</description>
      <Style>
        <IconStyle>
          <Icon>
            <href>http://maps.google.com/mapfiles/kml/shapes/shaded_dot.png</href>
          </Icon>
          <scale>0.6</scale>
          <color>bf00a0f4</color>
        </IconStyle>
      </Style>
      <Point>
        <altitudeMode>clampToGround</altitudeMode>
        <coordinates>87.326407510575,22.3148805438961,0</coordinates>
      </Point>
    </Placemark>
    <Placemark>
      <Snippet maxLines="0"> </Snippet>
      <description>28
UTC 19-04-2026 05:21:42.78
GpsMilliseconds 1460611320779
22.3148674,87.3263976, EA(2m)
AltWgs84 -21.6 m, EA(2m)
Hdg 215 deg, Spd 0.7 m/s
EA(45.9 deg, 0.7 m/s)</description>
      <Style>
        <IconStyle>
          <Icon>
            <href>http://maps.google.com/mapfiles/kml/shapes/shaded_dot.png</href>
          </Icon>
          <scale>0.6</scale>
          <color>bf00a0f4</color>
        </IconStyle>
      </Style>
      <Point>
        <altitudeMode>clampToGround</altitudeMode>
        <coordinates>87.3263975853635,22.3148674000405,0</coordinates>
      </Point>
    </Placemark>
    <Placemark>
      <Snippet maxLines="0"> </Snippet>
      <description>29
UTC 19-04-2026 05:21:43.76
GpsMilliseconds 1460611321757
22.3148797,87.3264118, EA(2m)
AltWgs84 -20.8 m, EA(2m)
Hdg 179 deg, Spd 0.1 m/s
EA(45.9 deg, 0.7 m/s)</description>
      <Style>
        <IconStyle>
          <Icon>
            <href>http://maps.google.com/mapfiles/kml/shapes/shaded_dot.png</href>
          </Icon>
          <scale>0.6</scale>
          <color>bf00a0f4</color>
        </IconStyle>
      </Style>
      <Point>
        <altitudeMode>clampToGround</altitudeMode>
        <coordinates>87.3264118260459,22.3148797288059,0</coordinates>
      </Point>
    </Placemark>
    <Placemark>
      <Snippet maxLines="0"> </Snippet>
      <description>30
UTC 19-04-2026 05:21:44.79
GpsMilliseconds 1460611322788
22.3148877,87.3264070, EA(2m)
AltWgs84 -20.6 m, EA(2m)
Hdg 314 deg, Spd 0.1 m/s
EA(45.8 deg, 0.7 m/s)</description>
      <Style>
        <IconStyle>
          <Icon>
            <href>http://maps.google.com/mapfiles/kml/shapes/shaded_dot.png</href>
          </Icon>
          <scale>0.6</scale>
          <color>bf00a0f4</color>
        </IconStyle>
      </Style>
      <Point>
        <altitudeMode>clampToGround</altitudeMode>
        <coordinates>87.3264069594286,22.314887651,0</coordinates>
      </Point>
    </Placemark>
    <Placemark>
      <Snippet maxLines="0"> </Snippet>
      <description>31
UTC 19-04-2026 05:21:45.75
GpsMilliseconds 1460611323754
22.3148968,87.3264055, EA(2m)
AltWgs84 -20.0 m, EA(2m)
Hdg 340 deg, Spd 0.3 m/s
EA(45.7 deg, 0.7 m/s)</description>
      <Style>
        <IconStyle>
          <Icon>
            <href>http://maps.google.com/mapfiles/kml/shapes/shaded_dot.png</href>
          </Icon>
          <scale>0.6</scale>
          <color>bf00a0f4</color>
        </IconStyle>
      </Style>
      <Point>
        <altitudeMode>clampToGround</altitudeMode>
        <coordinates>87.32640549846,22.3148968180595,0</coordinates>
      </Point>
    </Placemark>
    <Placemark>
      <Snippet maxLines="0"> </Snippet>
      <description>32
UTC 19-04-2026 05:21:46.78
GpsMilliseconds 1460611324778
22.3149061,87.3264270, EA(2m)
AltWgs84 -19.4 m, EA(2m)
Hdg 40 deg, Spd 0.6 m/s
EA(45.6 deg, 0.7 m/s)</description>
      <Style>
        <IconStyle>
          <Icon>
            <href>http://maps.google.com/mapfiles/kml/shapes/shaded_dot.png</href>
          </Icon>
          <scale>0.6</scale>
          <color>bf00a0f4</color>
        </IconStyle>
      </Style>
      <Point>
        <altitudeMode>clampToGround</altitudeMode>
        <coordinates>87.3264269541409,22.3149060875431,0</coordinates>
      </Point>
    </Placemark>
    <Placemark>
      <Snippet maxLines="0"> </Snippet>
      <description>33
UTC 19-04-2026 05:21:47.76
GpsMilliseconds 1460611325758
22.3149028,87.3264152, EA(2m)
AltWgs84 -17.5 m, EA(2m)
Hdg 8 deg, Spd 0.3 m/s
EA(45.8 deg, 0.7 m/s)</description>
      <Style>
        <IconStyle>
          <Icon>
            <href>http://maps.google.com/mapfiles/kml/shapes/shaded_dot.png</href>
          </Icon>
          <scale>0.6</scale>
          <color>bf00a0f4</color>
        </IconStyle>
      </Style>
      <Point>
        <altitudeMode>clampToGround</altitudeMode>
        <coordinates>87.3264152163202,22.3149028461546,0</coordinates>
      </Point>
    </Placemark>
    <Placemark>
      <Snippet maxLines="0"> </Snippet>
      <description>34
UTC 19-04-2026 05:21:48.76
GpsMilliseconds 1460611326760
22.3149002,87.3264112, EA(2m)
AltWgs84 -17.0 m, EA(2m)
Hdg 336 deg, Spd 0.1 m/s
EA(45.6 deg, 0.7 m/s)</description>
      <Style>
        <IconStyle>
          <Icon>
            <href>http://maps.google.com/mapfiles/kml/shapes/shaded_dot.png</href>
          </Icon>
          <scale>0.6</scale>
          <color>bf00a0f4</color>
        </IconStyle>
      </Style>
      <Point>
        <altitudeMode>clampToGround</altitudeMode>
        <coordinates>87.3264111810313,22.3149001987501,0</coordinates>
      </Point>
    </Placemark>
    <Placemark>
      <Snippet maxLines="0"> </Snippet>
      <description>35
UTC 19-04-2026 05:21:49.78
GpsMilliseconds 1460611327776
22.3148912,87.3263996, EA(2m)
AltWgs84 -16.7 m, EA(2m)
Hdg 248 deg, Spd 0.3 m/s
EA(45.6 deg, 0.7 m/s)</description>
      <Style>
        <IconStyle>
          <Icon>
            <href>http://maps.google.com/mapfiles/kml/shapes/shaded_dot.png</href>
          </Icon>
          <scale>0.6</scale>
          <color>bf00a0f4</color>
        </IconStyle>
      </Style>
      <Point>
        <altitudeMode>clampToGround</altitudeMode>
        <coordinates>87.326399619349,22.3148911766853,0</coordinates>
      </Point>
    </Placemark>
    <Placemark>
      <Snippet maxLines="0"> </Snippet>
      <description>36
UTC 19-04-2026 05:21:50.76
GpsMilliseconds 1460611328761
22.3148559,87.3263829, EA(2m)
AltWgs84 -15.5 m, EA(2m)
Hdg 212 deg, Spd 1.1 m/s
EA(45.7 deg, 0.7 m/s)</description>
      <Style>
        <IconStyle>
          <Icon>
            <href>http://maps.google.com/mapfiles/kml/shapes/shaded_dot.png</href>
          </Icon>
          <scale>0.6</scale>
          <color>bf00a0f4</color>
        </IconStyle>
      </Style>
      <Point>
        <altitudeMode>clampToGround</altitudeMode>
        <coordinates>87.3263829098152,22.3148558709166,0</coordinates>
      </Point>
    </Placemark>
    <Placemark>
      <Snippet maxLines="0"> </Snippet>
      <description>37
UTC 19-04-2026 05:21:51.79
GpsMilliseconds 1460611329793
22.3148547,87.3263878, EA(2m)
AltWgs84 -13.8 m, EA(2m)
Hdg 205 deg, Spd 0.8 m/s
EA(45.9 deg, 0.7 m/s)</description>
      <Style>
        <IconStyle>
          <Icon>
            <href>http://maps.google.com/mapfiles/kml/shapes/shaded_dot.png</href>
          </Icon>
          <scale>0.6</scale>
          <color>bf00a0f4</color>
        </IconStyle>
      </Style>
      <Point>
        <altitudeMode>clampToGround</altitudeMode>
        <coordinates>87.3263878195069,22.314854675341,0</coordinates>
      </Point>
    </Placemark>
    <Placemark>
      <Snippet maxLines="0"> </Snippet>
      <description>38
UTC 19-04-2026 05:21:52.76
GpsMilliseconds 1460611330761
22.3148276,87.3263622, EA(2m)
AltWgs84 -12.7 m, EA(2m)
Hdg 214 deg, Spd 1.5 m/s
EA(45.9 deg, 0.7 m/s)</description>
      <Style>
        <IconStyle>
          <Icon>
            <href>http://maps.google.com/mapfiles/kml/shapes/shaded_dot.png</href>
          </Icon>
          <scale>0.6</scale>
          <color>bf00a0f4</color>
        </IconStyle>
      </Style>
      <Point>
        <altitudeMode>clampToGround</altitudeMode>
        <coordinates>87.3263621772481,22.3148275907224,0</coordinates>
      </Point>
    </Placemark>
    <Placemark>
      <Snippet maxLines="0"> </Snippet>
      <description>39
UTC 19-04-2026 05:21:53.79
GpsMilliseconds 1460611331790
22.3147930,87.3263353, EA(2m)
AltWgs84 -10.0 m, EA(2m)
Hdg 214 deg, Spd 2.1 m/s
EA(46.1 deg, 0.7 m/s)</description>
      <Style>
        <IconStyle>
          <Icon>
            <href>http://maps.google.com/mapfiles/kml/shapes/shaded_dot.png</href>
          </Icon>
          <scale>0.6</scale>
          <color>bf00a0f4</color>
        </IconStyle>
      </Style>
      <Point>
        <altitudeMode>clampToGround</altitudeMode>
        <coordinates>87.3263353184506,22.3147929671454,0</coordinates>
      </Point>
    </Placemark>
    <Placemark>
      <Snippet maxLines="0"> </Snippet>
      <description>40
UTC 19-04-2026 05:21:54.76
GpsMilliseconds 1460611332755
22.3147874,87.3263196, EA(2m)
AltWgs84 -8.3 m, EA(2m)
Hdg 221 deg, Spd 1.9 m/s
EA(46.4 deg, 0.7 m/s)</description>
      <Style>
        <IconStyle>
          <Icon>
            <href>http://maps.google.com/mapfiles/kml/shapes/shaded_dot.png</href>
          </Icon>
          <scale>0.6</scale>
          <color>bf00a0f4</color>
        </IconStyle>
      </Style>
      <Point>
        <altitudeMode>clampToGround</altitudeMode>
        <coordinates>87.3263196482523,22.3147874185633,0</coordinates>
      </Point>
    </Placemark>
    <Placemark>
      <Snippet maxLines="0"> </Snippet>
      <description>41
UTC 19-04-2026 05:21:55.77
GpsMilliseconds 1460611333772
22.3147791,87.3263079, EA(2m)
AltWgs84 -6.3 m, EA(2m)
Hdg 224 deg, Spd 1.8 m/s
EA(46.4 deg, 0.7 m/s)</description>
      <Style>
        <IconStyle>
          <Icon>
            <href>http://maps.google.com/mapfiles/kml/shapes/shaded_dot.png</href>
          </Icon>
          <scale>0.6</scale>
          <color>bf00a0f4</color>
        </IconStyle>
      </Style>
      <Point>
        <altitudeMode>clampToGround</altitudeMode>
        <coordinates>87.3263079020359,22.3147791212158,0</coordinates>
      </Point>
    </Placemark>
    <Placemark>
      <Snippet maxLines="0"> </Snippet>
      <description>42
UTC 19-04-2026 05:21:56.79
GpsMilliseconds 1460611334790
22.3147600,87.3263041, EA(2m)
AltWgs84 -4.6 m, EA(2m)
Hdg 216 deg, Spd 1.7 m/s
EA(46.2 deg, 0.7 m/s)</description>
      <Style>
        <IconStyle>
          <Icon>
            <href>http://maps.google.com/mapfiles/kml/shapes/shaded_dot.png</href>
          </Icon>
          <scale>0.6</scale>
          <color>bf00a0f4</color>
        </IconStyle>
      </Style>
      <Point>
        <altitudeMode>clampToGround</altitudeMode>
        <coordinates>87.3263040656613,22.3147600451162,0</coordinates>
      </Point>
    </Placemark>
    <Placemark>
      <Snippet maxLines="0"> </Snippet>
      <description>43
UTC 19-04-2026 05:21:57.76
GpsMilliseconds 1460611335764
22.3147647,87.3263055, EA(2m)
AltWgs84 -3.4 m, EA(2m)
Hdg 218 deg, Spd 1.2 m/s
EA(46.1 deg, 0.7 m/s)</description>
      <Style>
        <IconStyle>
          <Icon>
            <href>http://maps.google.com/mapfiles/kml/shapes/shaded_dot.png</href>
          </Icon>
          <scale>0.6</scale>
          <color>bf00a0f4</color>
        </IconStyle>
      </Style>
      <Point>
        <altitudeMode>clampToGround</altitudeMode>
        <coordinates>87.3263054781938,22.3147647431734,0</coordinates>
      </Point>
    </Placemark>
    <Placemark>
      <Snippet maxLines="0"> </Snippet>
      <description>44
UTC 19-04-2026 05:21:58.78
GpsMilliseconds 1460611336777
22.3147655,87.3263050, EA(2m)
AltWgs84 -2.9 m, EA(2m)
Hdg 220 deg, Spd 0.9 m/s
EA(46.1 deg, 0.7 m/s)</description>
      <Style>
        <IconStyle>
          <Icon>
            <href>http://maps.google.com/mapfiles/kml/shapes/shaded_dot.png</href>
          </Icon>
          <scale>0.6</scale>
          <color>bf00a0f4</color>
        </IconStyle>
      </Style>
      <Point>
        <altitudeMode>clampToGround</altitudeMode>
        <coordinates>87.3263049742917,22.3147655266232,0</coordinates>
      </Point>
    </Placemark>
    <Placemark>
      <Snippet maxLines="0"> </Snippet>
      <description>45
UTC 19-04-2026 05:21:59.78
GpsMilliseconds 1460611337781
22.3147758,87.3263047, EA(2m)
AltWgs84 -1.9 m, EA(2m)
Hdg 240 deg, Spd 0.5 m/s
EA(45.8 deg, 0.7 m/s)</description>
      <Style>
        <IconStyle>
          <Icon>
            <href>http://maps.google.com/mapfiles/kml/shapes/shaded_dot.png</href>
          </Icon>
          <scale>0.6</scale>
          <color>bf00a0f4</color>
        </IconStyle>
      </Style>
      <Point>
        <altitudeMode>clampToGround</altitudeMode>
        <coordinates>87.326304657702,22.3147758098756,0</coordinates>
      </Point>
    </Placemark>
    <Placemark>
      <Snippet maxLines="0"> </Snippet>
      <description>46
UTC 19-04-2026 05:22:00.77
GpsMilliseconds 1460611338774
22.3147820,87.3263066, EA(2m)
AltWgs84 -1.5 m, EA(2m)
Hdg 262 deg, Spd 0.3 m/s
EA(45.8 deg, 0.7 m/s)</description>
      <Style>
        <IconStyle>
          <Icon>
            <href>http://maps.google.com/mapfiles/kml/shapes/shaded_dot.png</href>
          </Icon>
          <scale>0.6</scale>
          <color>bf00a0f4</color>
        </IconStyle>
      </Style>
      <Point>
        <altitudeMode>clampToGround</altitudeMode>
        <coordinates>87.3263066311254,22.3147820460622,0</coordinates>
      </Point>
    </Placemark>
    <Placemark>
      <Snippet maxLines="0"> </Snippet>
      <description>47
UTC 19-04-2026 05:22:01.76
GpsMilliseconds 1460611339757
22.3148071,87.3263132, EA(2m)
AltWgs84 -2.0 m, EA(2m)
Hdg 352 deg, Spd 0.6 m/s
EA(46.1 deg, 0.7 m/s)</description>
      <Style>
        <IconStyle>
          <Icon>
            <href>http://maps.google.com/mapfiles/kml/shapes/shaded_dot.png</href>
          </Icon>
          <scale>0.6</scale>
          <color>bf00a0f4</color>
        </IconStyle>
      </Style>
      <Point>
        <altitudeMode>clampToGround</altitudeMode>
        <coordinates>87.3263132473777,22.3148071415551,0</coordinates>
      </Point>
    </Placemark>
    <Placemark>
      <Snippet maxLines="0"> </Snippet>
      <description>48
UTC 19-04-2026 05:22:02.79
GpsMilliseconds 1460611340790
22.3148427,87.3263509, EA(2m)
AltWgs84 -3.7 m, EA(2m)
Hdg 30 deg, Spd 1.5 m/s
EA(46.0 deg, 0.7 m/s)</description>
      <Style>
        <IconStyle>
          <Icon>
            <href>http://maps.google.com/mapfiles/kml/shapes/shaded_dot.png</href>
          </Icon>
          <scale>0.6</scale>
          <color>bf00a0f4</color>
        </IconStyle>
      </Style>
      <Point>
        <altitudeMode>clampToGround</altitudeMode>
        <coordinates>87.3263508806689,22.3148426795508,0</coordinates>
      </Point>
    </Placemark>
    <Placemark>
      <Snippet maxLines="0"> </Snippet>
      <description>49
UTC 19-04-2026 05:22:03.77
GpsMilliseconds 1460611341769
22.3148550,87.3263664, EA(2m)
AltWgs84 -4.6 m, EA(2m)
Hdg 35 deg, Spd 1.6 m/s
EA(46.2 deg, 0.7 m/s)</description>
      <Style>
        <IconStyle>
          <Icon>
            <href>http://maps.google.com/mapfiles/kml/shapes/shaded_dot.png</href>
          </Icon>
          <scale>0.6</scale>
          <color>bf00a0f4</color>
        </IconStyle>
      </Style>
      <Point>
        <altitudeMode>clampToGround</altitudeMode>
        <coordinates>87.3263664383084,22.3148549657535,0</coordinates>
      </Point>
    </Placemark>
    <Placemark>
      <Snippet maxLines="0"> </Snippet>
      <description>50
UTC 19-04-2026 05:22:04.79
GpsMilliseconds 1460611342791
22.3148442,87.3263535, EA(2m)
AltWgs84 -3.6 m, EA(2m)
Hdg 31 deg, Spd 0.8 m/s
EA(46.1 deg, 0.7 m/s)</description>
      <Style>
        <IconStyle>
          <Icon>
            <href>http://maps.google.com/mapfiles/kml/shapes/shaded_dot.png</href>
          </Icon>
          <scale>0.6</scale>
          <color>bf00a0f4</color>
        </IconStyle>
      </Style>
      <Point>
        <altitudeMode>clampToGround</altitudeMode>
        <coordinates>87.3263534645095,22.3148442263922,0</coordinates>
      </Point>
    </Placemark>
    <Placemark>
      <Snippet maxLines="0"> </Snippet>
      <description>51
UTC 19-04-2026 05:22:05.77
GpsMilliseconds 1460611343767
22.3148575,87.3263696, EA(2m)
AltWgs84 -5.1 m, EA(2m)
Hdg 38 deg, Spd 1.1 m/s
EA(46.0 deg, 0.7 m/s)</description>
      <Style>
        <IconStyle>
          <Icon>
            <href>http://maps.google.com/mapfiles/kml/shapes/shaded_dot.png</href>
          </Icon>
          <scale>0.6</scale>
          <color>bf00a0f4</color>
        </IconStyle>
      </Style>
      <Point>
        <altitudeMode>clampToGround</altitudeMode>
        <coordinates>87.3263695795716,22.3148575397391,0</coordinates>
      </Point>
    </Placemark>
    <Placemark>
      <Snippet maxLines="0"> </Snippet>
      <description>52
UTC 19-04-2026 05:22:06.79
GpsMilliseconds 1460611344792
22.3148588,87.3263712, EA(2m)
AltWgs84 -5.5 m, EA(2m)
Hdg 39 deg, Spd 0.9 m/s
EA(46.1 deg, 0.7 m/s)</description>
      <Style>
        <IconStyle>
          <Icon>
            <href>http://maps.google.com/mapfiles/kml/shapes/shaded_dot.png</href>
          </Icon>
          <scale>0.6</scale>
          <color>bf00a0f4</color>
        </IconStyle>
      </Style>
      <Point>
        <altitudeMode>clampToGround</altitudeMode>
        <coordinates>87.3263712294417,22.3148588414019,0</coordinates>
      </Point>
    </Placemark>
    <Placemark>
      <Snippet maxLines="0"> </Snippet>
      <description>53
UTC 19-04-2026 05:22:07.78
GpsMilliseconds 1460611345776
22.3148513,87.3263628, EA(2m)
AltWgs84 -4.4 m, EA(2m)
Hdg 37 deg, Spd 0.4 m/s
EA(46.1 deg, 0.7 m/s)</description>
      <Style>
        <IconStyle>
          <Icon>
            <href>http://maps.google.com/mapfiles/kml/shapes/shaded_dot.png</href>
          </Icon>
          <scale>0.6</scale>
          <color>bf00a0f4</color>
        </IconStyle>
      </Style>
      <Point>
        <altitudeMode>clampToGround</altitudeMode>
        <coordinates>87.3263628476063,22.3148513212357,0</coordinates>
      </Point>
    </Placemark>
    <Placemark>
      <Snippet maxLines="0"> </Snippet>
      <description>54
UTC 19-04-2026 05:22:08.77
GpsMilliseconds 1460611346773
22.3148473,87.3263520, EA(2m)
AltWgs84 -4.4 m, EA(2m)
Hdg 340 deg, Spd 0.1 m/s
EA(46.1 deg, 0.7 m/s)</description>
      <Style>
        <IconStyle>
          <Icon>
            <href>http://maps.google.com/mapfiles/kml/shapes/shaded_dot.png</href>
          </Icon>
          <scale>0.6</scale>
          <color>bf00a0f4</color>
        </IconStyle>
      </Style>
      <Point>
        <altitudeMode>clampToGround</altitudeMode>
        <coordinates>87.3263520160039,22.3148473101722,0</coordinates>
      </Point>
    </Placemark>
    <Placemark>
      <Snippet maxLines="0"> </Snippet>
      <description>55
UTC 19-04-2026 05:22:09.79
GpsMilliseconds 1460611347785
22.3148430,87.3263401, EA(2m)
AltWgs84 -3.6 m, EA(2m)
Hdg 269 deg, Spd 0.3 m/s
EA(46.1 deg, 0.7 m/s)</description>
      <Style>
        <IconStyle>
          <Icon>
            <href>http://maps.google.com/mapfiles/kml/shapes/shaded_dot.png</href>
          </Icon>
          <scale>0.6</scale>
          <color>bf00a0f4</color>
        </IconStyle>
      </Style>
      <Point>
        <altitudeMode>clampToGround</altitudeMode>
        <coordinates>87.326340129323,22.3148430006535,0</coordinates>
      </Point>
    </Placemark>
    <Placemark>
      <Snippet maxLines="0"> </Snippet>
      <description>56
UTC 19-04-2026 05:22:10.78
GpsMilliseconds 1460611348781
22.3148502,87.3263520, EA(2m)
AltWgs84 -3.6 m, EA(2m)
Hdg 10 deg, Spd 0.2 m/s
EA(46.1 deg, 0.7 m/s)</description>
      <Style>
        <IconStyle>
          <Icon>
            <href>http://maps.google.com/mapfiles/kml/shapes/shaded_dot.png</href>
          </Icon>
          <scale>0.6</scale>
          <color>bf00a0f4</color>
        </IconStyle>
      </Style>
      <Point>
        <altitudeMode>clampToGround</altitudeMode>
        <coordinates>87.3263520148989,22.3148501955791,0</coordinates>
      </Point>
    </Placemark>
    <Placemark>
      <Snippet maxLines="0"> </Snippet>
      <description>57
UTC 19-04-2026 05:22:11.77
GpsMilliseconds 1460611349770
22.3148502,87.3263601, EA(2m)
AltWgs84 -3.0 m, EA(2m)
Hdg 56 deg, Spd 0.2 m/s
EA(46.1 deg, 0.7 m/s)</description>
      <Style>
        <IconStyle>
          <Icon>
            <href>http://maps.google.com/mapfiles/kml/shapes/shaded_dot.png</href>
          </Icon>
          <scale>0.6</scale>
          <color>bf00a0f4</color>
        </IconStyle>
      </Style>
      <Point>
        <altitudeMode>clampToGround</altitudeMode>
        <coordinates>87.3263600971831,22.3148501607107,0</coordinates>
      </Point>
    </Placemark>
    <Placemark>
      <Snippet maxLines="0"> </Snippet>
      <description>58
UTC 19-04-2026 05:22:12.80
GpsMilliseconds 1460611350798
22.3148470,87.3263561, EA(2m)
AltWgs84 -2.6 m, EA(2m)
Hdg 70 deg, Spd 0.1 m/s
EA(46.0 deg, 0.7 m/s)</description>
      <Style>
        <IconStyle>
          <Icon>
            <href>http://maps.google.com/mapfiles/kml/shapes/shaded_dot.png</href>
          </Icon>
          <scale>0.6</scale>
          <color>bf00a0f4</color>
        </IconStyle>
      </Style>
      <Point>
        <altitudeMode>clampToGround</altitudeMode>
        <coordinates>87.3263561018477,22.3148470425545,0</coordinates>
      </Point>
    </Placemark>
    <Placemark>
      <Snippet maxLines="0"> </Snippet>
      <description>59
UTC 19-04-2026 05:22:13.77
GpsMilliseconds 1460611351769
22.3148373,87.3263461, EA(2m)
AltWgs84 -1.6 m, EA(2m)
Hdg 217 deg, Spd 0.3 m/s
EA(45.9 deg, 0.7 m/s)</description>
      <Style>
        <IconStyle>
          <Icon>
            <href>http://maps.google.com/mapfiles/kml/shapes/shaded_dot.png</href>
          </Icon>
          <scale>0.6</scale>
          <color>bf00a0f4</color>
        </IconStyle>
      </Style>
      <Point>
        <altitudeMode>clampToGround</altitudeMode>
        <coordinates>87.3263460760037,22.3148372963278,0</coordinates>
      </Point>
    </Placemark>
    <Placemark>
      <Snippet maxLines="0"> </Snippet>
      <description>60
UTC 19-04-2026 05:22:14.79
GpsMilliseconds 1460611352793
22.3148358,87.3263284, EA(2m)
AltWgs84 -1.3 m, EA(2m)
Hdg 248 deg, Spd 0.5 m/s
EA(45.8 deg, 0.7 m/s)</description>
      <Style>
        <IconStyle>
          <Icon>
            <href>http://maps.google.com/mapfiles/kml/shapes/shaded_dot.png</href>
          </Icon>
          <scale>0.6</scale>
          <color>bf00a0f4</color>
        </IconStyle>
      </Style>
      <Point>
        <altitudeMode>clampToGround</altitudeMode>
        <coordinates>87.3263284381534,22.3148357848352,0</coordinates>
      </Point>
    </Placemark>
    <Placemark>
      <Snippet maxLines="0"> </Snippet>
      <description>61
UTC 19-04-2026 05:22:15.79
GpsMilliseconds 1460611353786
22.3148343,87.3263532, EA(2m)
AltWgs84 -0.5 m, EA(2m)
Hdg 141 deg, Spd 0.2 m/s
EA(45.7 deg, 0.7 m/s)</description>
      <Style>
        <IconStyle>
          <Icon>
            <href>http://maps.google.com/mapfiles/kml/shapes/shaded_dot.png</href>
          </Icon>
          <scale>0.6</scale>
          <color>bf00a0f4</color>
        </IconStyle>
      </Style>
      <Point>
        <altitudeMode>clampToGround</altitudeMode>
        <coordinates>87.3263531630589,22.3148343079809,0</coordinates>
      </Point>
    </Placemark>
    <Placemark>
      <Snippet maxLines="0"> </Snippet>
      <description>62
UTC 19-04-2026 05:22:16.79
GpsMilliseconds 1460611354794
22.3148369,87.3263531, EA(2m)
AltWgs84 0.1 m, EA(2m)
Hdg 123 deg, Spd 0.1 m/s
EA(45.4 deg, 0.7 m/s)</description>
      <Style>
        <IconStyle>
          <Icon>
            <href>http://maps.google.com/mapfiles/kml/shapes/shaded_dot.png</href>
          </Icon>
          <scale>0.6</scale>
          <color>bf00a0f4</color>
        </IconStyle>
      </Style>
      <Point>
        <altitudeMode>clampToGround</altitudeMode>
        <coordinates>87.3263531046134,22.3148368801073,0</coordinates>
      </Point>
    </Placemark>
    <Placemark>
      <Snippet maxLines="0"> </Snippet>
      <description>63
UTC 19-04-2026 05:22:17.78
GpsMilliseconds 1460611355783
22.3148352,87.3263525, EA(2m)
AltWgs84 -0.9 m, EA(2m)
Hdg 143 deg, Spd 0.1 m/s
EA(45.3 deg, 0.7 m/s)</description>
      <Style>
        <IconStyle>
          <Icon>
            <href>http://maps.google.com/mapfiles/kml/shapes/shaded_dot.png</href>
          </Icon>
          <scale>0.6</scale>
          <color>bf00a0f4</color>
        </IconStyle>
      </Style>
      <Point>
        <altitudeMode>clampToGround</altitudeMode>
        <coordinates>87.3263525453203,22.3148351996272,0</coordinates>
      </Point>
    </Placemark>
    <Placemark>
      <Snippet maxLines="0"> </Snippet>
      <description>64
UTC 19-04-2026 05:22:18.78
GpsMilliseconds 1460611356775
22.3148282,87.3263745, EA(2m)
AltWgs84 -0.9 m, EA(2m)
Hdg 114 deg, Spd 0.6 m/s
EA(45.4 deg, 0.7 m/s)</description>
      <Style>
        <IconStyle>
          <Icon>
            <href>http://maps.google.com/mapfiles/kml/shapes/shaded_dot.png</href>
          </Icon>
          <scale>0.6</scale>
          <color>bf00a0f4</color>
        </IconStyle>
      </Style>
      <Point>
        <altitudeMode>clampToGround</altitudeMode>
        <coordinates>87.3263745063065,22.3148281961895,0</coordinates>
      </Point>
    </Placemark>
    <Placemark>
      <Snippet maxLines="0"> </Snippet>
      <description>65
UTC 19-04-2026 05:22:19.80
GpsMilliseconds 1460611357796
22.3148257,87.3263548, EA(2m)
AltWgs84 -0.6 m, EA(2m)
Hdg 187 deg, Spd 0.2 m/s
EA(45.4 deg, 0.7 m/s)</description>
      <Style>
        <IconStyle>
          <Icon>
            <href>http://maps.google.com/mapfiles/kml/shapes/shaded_dot.png</href>
          </Icon>
          <scale>0.6</scale>
          <color>bf00a0f4</color>
        </IconStyle>
      </Style>
      <Point>
        <altitudeMode>clampToGround</altitudeMode>
        <coordinates>87.3263547624869,22.3148256500823,0</coordinates>
      </Point>
    </Placemark>
    <Placemark>
      <Snippet maxLines="0"> </Snippet>
      <description>66
UTC 19-04-2026 05:22:20.78
GpsMilliseconds 1460611358779
22.3148080,87.3263661, EA(2m)
AltWgs84 0.5 m, EA(1m)
Hdg 160 deg, Spd 0.7 m/s
EA(45.1 deg, 0.7 m/s)</description>
      <Style>
        <IconStyle>
          <Icon>
            <href>http://maps.google.com/mapfiles/kml/shapes/shaded_dot.png</href>
          </Icon>
          <scale>0.6</scale>
          <color>bf00a0f4</color>
        </IconStyle>
      </Style>
      <Point>
        <altitudeMode>clampToGround</altitudeMode>
        <coordinates>87.3263661137388,22.3148080266683,0</coordinates>
      </Point>
    </Placemark>
    <Placemark>
      <Snippet maxLines="0"> </Snippet>
      <description>67
UTC 19-04-2026 05:22:21.80
GpsMilliseconds 1460611359801
22.3148027,87.3263470, EA(2m)
AltWgs84 1.0 m, EA(1m)
Hdg 203 deg, Spd 0.6 m/s
EA(44.8 deg, 0.7 m/s)</description>
      <Style>
        <IconStyle>
          <Icon>
            <href>http://maps.google.com/mapfiles/kml/shapes/shaded_dot.png</href>
          </Icon>
          <scale>0.6</scale>
          <color>bf00a0f4</color>
        </IconStyle>
      </Style>
      <Point>
        <altitudeMode>clampToGround</altitudeMode>
        <coordinates>87.3263469597718,22.3148026509195,0</coordinates>
      </Point>
    </Placemark>
    <Placemark>
      <Snippet maxLines="0"> </Snippet>
      <description>68
UTC 19-04-2026 05:22:22.79
GpsMilliseconds 1460611360792
22.3148164,87.3263479, EA(2m)
AltWgs84 0.5 m, EA(1m)
Hdg 237 deg, Spd 0.2 m/s
EA(44.9 deg, 0.7 m/s)</description>
      <Style>
        <IconStyle>
          <Icon>
            <href>http://maps.google.com/mapfiles/kml/shapes/shaded_dot.png</href>
          </Icon>
          <scale>0.6</scale>
          <color>bf00a0f4</color>
        </IconStyle>
      </Style>
      <Point>
        <altitudeMode>clampToGround</altitudeMode>
        <coordinates>87.3263479088023,22.3148163986532,0</coordinates>
      </Point>
    </Placemark>
    <Placemark>
      <Snippet maxLines="0"> </Snippet>
      <description>69
UTC 19-04-2026 05:22:23.78
GpsMilliseconds 1460611361775
22.3148310,87.3263593, EA(2m)
AltWgs84 0.1 m, EA(1m)
Hdg 25 deg, Spd 0.3 m/s
EA(45.0 deg, 0.7 m/s)</description>
      <Style>
        <IconStyle>
          <Icon>
            <href>http://maps.google.com/mapfiles/kml/shapes/shaded_dot.png</href>
          </Icon>
          <scale>0.6</scale>
          <color>bf00a0f4</color>
        </IconStyle>
      </Style>
      <Point>
        <altitudeMode>clampToGround</altitudeMode>
        <coordinates>87.3263592502025,22.3148310422144,0</coordinates>
      </Point>
    </Placemark>
    <Placemark>
      <Snippet maxLines="0"> </Snippet>
      <description>70
UTC 19-04-2026 05:22:24.79
GpsMilliseconds 1460611362794
22.3148126,87.3263676, EA(2m)
AltWgs84 1.7 m, EA(1m)
Hdg 131 deg, Spd 0.4 m/s
EA(44.9 deg, 0.7 m/s)</description>
      <Style>
        <IconStyle>
          <Icon>
            <href>http://maps.google.com/mapfiles/kml/shapes/shaded_dot.png</href>
          </Icon>
          <scale>0.6</scale>
          <color>bf00a0f4</color>
        </IconStyle>
      </Style>
      <Point>
        <altitudeMode>clampToGround</altitudeMode>
        <coordinates>87.3263675893626,22.3148126277909,0</coordinates>
      </Point>
    </Placemark>
    <Placemark>
      <Snippet maxLines="0"> </Snippet>
      <description>71
UTC 19-04-2026 05:22:25.78
GpsMilliseconds 1460611363783
22.3147991,87.3263544, EA(2m)
AltWgs84 2.1 m, EA(1m)
Hdg 190 deg, Spd 0.5 m/s
EA(44.6 deg, 0.7 m/s)</description>
      <Style>
        <IconStyle>
          <Icon>
            <href>http://maps.google.com/mapfiles/kml/shapes/shaded_dot.png</href>
          </Icon>
          <scale>0.6</scale>
          <color>bf00a0f4</color>
        </IconStyle>
      </Style>
      <Point>
        <altitudeMode>clampToGround</altitudeMode>
        <coordinates>87.3263544316104,22.3147990632591,0</coordinates>
      </Point>
    </Placemark>
    <Placemark>
      <Snippet maxLines="0"> </Snippet>
      <description>72
UTC 19-04-2026 05:22:26.78
GpsMilliseconds 1460611364777
22.3148164,87.3263487, EA(2m)
AltWgs84 2.4 m, EA(1m)
Hdg 281 deg, Spd 0.2 m/s
EA(44.7 deg, 0.7 m/s)</description>
      <Style>
        <IconStyle>
          <Icon>
            <href>http://maps.google.com/mapfiles/kml/shapes/shaded_dot.png</href>
          </Icon>
          <scale>0.6</scale>
          <color>bf00a0f4</color>
        </IconStyle>
      </Style>
      <Point>
        <altitudeMode>clampToGround</altitudeMode>
        <coordinates>87.3263486759256,22.3148164445204,0</coordinates>
      </Point>
    </Placemark>
    <Placemark>
      <Snippet maxLines="0"> </Snippet>
      <description>73
UTC 19-04-2026 05:22:27.81
GpsMilliseconds 1460611365806
22.3148154,87.3263623, EA(2m)
AltWgs84 3.6 m, EA(1m)
Hdg 89 deg, Spd 0.2 m/s
EA(44.1 deg, 0.7 m/s)</description>
      <Style>
        <IconStyle>
          <Icon>
            <href>http://maps.google.com/mapfiles/kml/shapes/shaded_dot.png</href>
          </Icon>
          <scale>0.6</scale>
          <color>bf00a0f4</color>
        </IconStyle>
      </Style>
      <Point>
        <altitudeMode>clampToGround</altitudeMode>
        <coordinates>87.3263623008124,22.3148153512385,0</coordinates>
      </Point>
    </Placemark>
    <Placemark>
      <Snippet maxLines="0"> </Snippet>
      <description>74
UTC 19-04-2026 05:22:28.79
GpsMilliseconds 1460611366787
22.3148395,87.3263799, EA(2m)
AltWgs84 3.6 m, EA(1m)
Hdg 42 deg, Spd 0.8 m/s
EA(43.8 deg, 0.7 m/s)</description>
      <Style>
        <IconStyle>
          <Icon>
            <href>http://maps.google.com/mapfiles/kml/shapes/shaded_dot.png</href>
          </Icon>
          <scale>0.6</scale>
          <color>bf00a0f4</color>
        </IconStyle>
      </Style>
      <Point>
        <altitudeMode>clampToGround</altitudeMode>
        <coordinates>87.3263799073878,22.3148395308356,0</coordinates>
      </Point>
    </Placemark>
    <Placemark>
      <Snippet maxLines="0"> </Snippet>
      <description>75
UTC 19-04-2026 05:22:29.80
GpsMilliseconds 1460611367797
22.3148531,87.3263870, EA(2m)
AltWgs84 4.0 m, EA(1m)
Hdg 36 deg, Spd 1.0 m/s
EA(44.1 deg, 0.7 m/s)</description>
      <Style>
        <IconStyle>
          <Icon>
            <href>http://maps.google.com/mapfiles/kml/shapes/shaded_dot.png</href>
          </Icon>
          <scale>0.6</scale>
          <color>bf00a0f4</color>
        </IconStyle>
      </Style>
      <Point>
        <altitudeMode>clampToGround</altitudeMode>
        <coordinates>87.3263869957974,22.3148530594263,0</coordinates>
      </Point>
    </Placemark>
    <Placemark>
      <Snippet maxLines="0"> </Snippet>
      <description>76
UTC 19-04-2026 05:22:30.78
GpsMilliseconds 1460611368782
22.3148529,87.3264145, EA(2m)
AltWgs84 4.5 m, EA(1m)
Hdg 61 deg, Spd 1.2 m/s
EA(43.8 deg, 0.7 m/s)</description>
      <Style>
        <IconStyle>
          <Icon>
            <href>http://maps.google.com/mapfiles/kml/shapes/shaded_dot.png</href>
          </Icon>
          <scale>0.6</scale>
          <color>bf00a0f4</color>
        </IconStyle>
      </Style>
      <Point>
        <altitudeMode>clampToGround</altitudeMode>
        <coordinates>87.3264145042186,22.3148528508883,0</coordinates>
      </Point>
    </Placemark>
    <Placemark>
      <Snippet maxLines="0"> </Snippet>
      <description>77
UTC 19-04-2026 05:22:31.81
GpsMilliseconds 1460611369807
22.3148625,87.3264060, EA(2m)
AltWgs84 3.6 m, EA(1m)
Hdg 41 deg, Spd 0.9 m/s
EA(44.0 deg, 0.7 m/s)</description>
      <Style>
        <IconStyle>
          <Icon>
            <href>http://maps.google.com/mapfiles/kml/shapes/shaded_dot.png</href>
          </Icon>
          <scale>0.6</scale>
          <color>bf00a0f4</color>
        </IconStyle>
      </Style>
      <Point>
        <altitudeMode>clampToGround</altitudeMode>
        <coordinates>87.326406032632,22.3148625377565,0</coordinates>
      </Point>
    </Placemark>
    <Placemark>
      <Snippet maxLines="0"> </Snippet>
      <description>78
UTC 19-04-2026 05:22:32.79
GpsMilliseconds 1460611370793
22.3148831,87.3264299, EA(2m)
AltWgs84 3.1 m, EA(1m)
Hdg 45 deg, Spd 1.4 m/s
EA(44.1 deg, 0.7 m/s)</description>
      <Style>
        <IconStyle>
          <Icon>
            <href>http://maps.google.com/mapfiles/kml/shapes/shaded_dot.png</href>
          </Icon>
          <scale>0.6</scale>
          <color>bf00a0f4</color>
        </IconStyle>
      </Style>
      <Point>
        <altitudeMode>clampToGround</altitudeMode>
        <coordinates>87.3264298654145,22.3148830706281,0</coordinates>
      </Point>
    </Placemark>
    <Placemark>
      <Snippet maxLines="0"> </Snippet>
      <description>79
UTC 19-04-2026 05:22:33.81
GpsMilliseconds 1460611371811
22.3148733,87.3264203, EA(2m)
AltWgs84 2.5 m, EA(1m)
Hdg 44 deg, Spd 0.7 m/s
EA(44.0 deg, 0.7 m/s)</description>
      <Style>
        <IconStyle>
          <Icon>
            <href>http://maps.google.com/mapfiles/kml/shapes/shaded_dot.png</href>
          </Icon>
          <scale>0.6</scale>
          <color>bf00a0f4</color>
        </IconStyle>
      </Style>
      <Point>
        <altitudeMode>clampToGround</altitudeMode>
        <coordinates>87.3264203324325,22.3148732632214,0</coordinates>
      </Point>
    </Placemark>
    <Placemark>
      <Snippet maxLines="0"> </Snippet>
      <description>80
UTC 19-04-2026 05:22:34.78
GpsMilliseconds 1460611372780
22.3148660,87.3264009, EA(2m)
AltWgs84 2.4 m, EA(1m)
Hdg 341 deg, Spd 0.2 m/s
EA(43.9 deg, 0.7 m/s)</description>
      <Style>
        <IconStyle>
          <Icon>
            <href>http://maps.google.com/mapfiles/kml/shapes/shaded_dot.png</href>
          </Icon>
          <scale>0.6</scale>
          <color>bf00a0f4</color>
        </IconStyle>
      </Style>
      <Point>
        <altitudeMode>clampToGround</altitudeMode>
        <coordinates>87.3264009245226,22.3148660000015,0</coordinates>
      </Point>
    </Placemark>
    <Placemark>
      <Snippet maxLines="0"> </Snippet>
      <description>81
UTC 19-04-2026 05:22:35.78
GpsMilliseconds 1460611373784
22.3148521,87.3263955, EA(2m)
AltWgs84 1.9 m, EA(1m)
Hdg 228 deg, Spd 0.2 m/s
EA(44.0 deg, 0.7 m/s)</description>
      <Style>
        <IconStyle>
          <Icon>
            <href>http://maps.google.com/mapfiles/kml/shapes/shaded_dot.png</href>
          </Icon>
          <scale>0.6</scale>
          <color>bf00a0f4</color>
        </IconStyle>
      </Style>
      <Point>
        <altitudeMode>clampToGround</altitudeMode>
        <coordinates>87.3263955272213,22.3148521022321,0</coordinates>
      </Point>
    </Placemark>
    <Placemark>
      <Snippet maxLines="0"> </Snippet>
      <description>82
UTC 19-04-2026 05:22:36.80
GpsMilliseconds 1460611374802
22.3148458,87.3263954, EA(2m)
AltWgs84 1.8 m, EA(1m)
Hdg 206 deg, Spd 0.3 m/s
EA(43.7 deg, 0.7 m/s)</description>
      <Style>
        <IconStyle>
          <Icon>
            <href>http://maps.google.com/mapfiles/kml/shapes/shaded_dot.png</href>
          </Icon>
          <scale>0.6</scale>
          <color>bf00a0f4</color>
        </IconStyle>
      </Style>
      <Point>
        <altitudeMode>clampToGround</altitudeMode>
        <coordinates>87.3263954458463,22.3148457747215,0</coordinates>
      </Point>
    </Placemark>
    <Placemark>
      <Snippet maxLines="0"> </Snippet>
      <description>83
UTC 19-04-2026 05:22:37.79
GpsMilliseconds 1460611375791
22.3148640,87.3263876, EA(2m)
AltWgs84 1.4 m, EA(1m)
Hdg 310 deg, Spd 0.4 m/s
EA(43.7 deg, 0.7 m/s)</description>
      <Style>
        <IconStyle>
          <Icon>
            <href>http://maps.google.com/mapfiles/kml/shapes/shaded_dot.png</href>
          </Icon>
          <scale>0.6</scale>
          <color>bf00a0f4</color>
        </IconStyle>
      </Style>
      <Point>
        <altitudeMode>clampToGround</altitudeMode>
        <coordinates>87.3263876419066,22.3148639559047,0</coordinates>
      </Point>
    </Placemark>
    <Placemark>
      <Snippet maxLines="0"> </Snippet>
      <description>84
UTC 19-04-2026 05:22:38.81
GpsMilliseconds 1460611376806
22.3148661,87.3263936, EA(2m)
AltWgs84 0.5 m, EA(1m)
Hdg 344 deg, Spd 0.2 m/s
EA(43.7 deg, 0.7 m/s)</description>
      <Style>
        <IconStyle>
          <Icon>
            <href>http://maps.google.com/mapfiles/kml/shapes/shaded_dot.png</href>
          </Icon>
          <scale>0.6</scale>
          <color>bf00a0f4</color>
        </IconStyle>
      </Style>
      <Point>
        <altitudeMode>clampToGround</altitudeMode>
        <coordinates>87.3263936300705,22.3148661123683,0</coordinates>
      </Point>
    </Placemark>
    <Placemark>
      <Snippet maxLines="0"> </Snippet>
      <description>85
UTC 19-04-2026 05:22:39.79
GpsMilliseconds 1460611377785
22.3148443,87.3263686, EA(2m)
AltWgs84 0.8 m, EA(1m)
Hdg 240 deg, Spd 0.7 m/s
EA(43.4 deg, 0.7 m/s)</description>
      <Style>
        <IconStyle>
          <Icon>
            <href>http://maps.google.com/mapfiles/kml/shapes/shaded_dot.png</href>
          </Icon>
          <scale>0.6</scale>
          <color>bf00a0f4</color>
        </IconStyle>
      </Style>
      <Point>
        <altitudeMode>clampToGround</altitudeMode>
        <coordinates>87.3263685686771,22.3148443111297,0</coordinates>
      </Point>
    </Placemark>
    <Placemark>
      <Snippet maxLines="0"> </Snippet>
      <description>86
UTC 19-04-2026 05:22:40.79
GpsMilliseconds 1460611378789
22.3148686,87.3263856, EA(2m)
AltWgs84 -0.1 m, EA(1m)
Hdg 349 deg, Spd 0.3 m/s
EA(43.8 deg, 0.7 m/s)</description>
      <Style>
        <IconStyle>
          <Icon>
            <href>http://maps.google.com/mapfiles/kml/shapes/shaded_dot.png</href>
          </Icon>
          <scale>0.6</scale>
          <color>bf00a0f4</color>
        </IconStyle>
      </Style>
      <Point>
        <altitudeMode>clampToGround</altitudeMode>
        <coordinates>87.3263856446036,22.3148686301809,0</coordinates>
      </Point>
    </Placemark>
    <Placemark>
      <Snippet maxLines="0"> </Snippet>
      <description>87
UTC 19-04-2026 05:22:41.81
GpsMilliseconds 1460611379811
22.3148622,87.3263986, EA(2m)
AltWgs84 -0.5 m, EA(1m)
Hdg 71 deg, Spd 0.3 m/s
EA(43.6 deg, 0.7 m/s)</description>
      <Style>
        <IconStyle>
          <Icon>
            <href>http://maps.google.com/mapfiles/kml/shapes/shaded_dot.png</href>
          </Icon>
          <scale>0.6</scale>
          <color>bf00a0f4</color>
        </IconStyle>
      </Style>
      <Point>
        <altitudeMode>clampToGround</altitudeMode>
        <coordinates>87.3263985642333,22.3148621778653,0</coordinates>
      </Point>
    </Placemark>
    <Placemark>
      <Snippet maxLines="0"> </Snippet>
      <description>88
UTC 19-04-2026 05:22:42.80
GpsMilliseconds 1460611380797
22.3148545,87.3263952, EA(2m)
AltWgs84 -0.5 m, EA(1m)
Hdg 137 deg, Spd 0.2 m/s
EA(43.7 deg, 0.7 m/s)</description>
      <Style>
        <IconStyle>
          <Icon>
            <href>http://maps.google.com/mapfiles/kml/shapes/shaded_dot.png</href>
          </Icon>
          <scale>0.6</scale>
          <color>bf00a0f4</color>
        </IconStyle>
      </Style>
      <Point>
        <altitudeMode>clampToGround</altitudeMode>
        <coordinates>87.3263951866743,22.3148545026628,0</coordinates>
      </Point>
    </Placemark>
    <Placemark>
      <Snippet maxLines="0"> </Snippet>
      <description>89
UTC 19-04-2026 05:22:43.79
GpsMilliseconds 1460611381788
22.3148517,87.3263783, EA(2m)
AltWgs84 -1.1 m, EA(1m)
Hdg 244 deg, Spd 0.3 m/s
EA(44.0 deg, 0.7 m/s)</description>
      <Style>
        <IconStyle>
          <Icon>
            <href>http://maps.google.com/mapfiles/kml/shapes/shaded_dot.png</href>
          </Icon>
          <scale>0.6</scale>
          <color>bf00a0f4</color>
        </IconStyle>
      </Style>
      <Point>
        <altitudeMode>clampToGround</altitudeMode>
        <coordinates>87.3263782556593,22.3148517382238,0</coordinates>
      </Point>
    </Placemark>
    <Placemark>
      <Snippet maxLines="0"> </Snippet>
      <description>90
UTC 19-04-2026 05:22:44.81
GpsMilliseconds 1460611382807
22.3148681,87.3263918, EA(2m)
AltWgs84 -2.4 m, EA(1m)
Hdg 17 deg, Spd 0.3 m/s
EA(43.8 deg, 0.7 m/s)</description>
      <Style>
        <IconStyle>
          <Icon>
            <href>http://maps.google.com/mapfiles/kml/shapes/shaded_dot.png</href>
          </Icon>
          <scale>0.6</scale>
          <color>bf00a0f4</color>
        </IconStyle>
      </Style>
      <Point>
        <altitudeMode>clampToGround</altitudeMode>
        <coordinates>87.3263917725223,22.3148681294532,0</coordinates>
      </Point>
    </Placemark>
    <Placemark>
      <Snippet maxLines="0"> </Snippet>
      <description>91
UTC 19-04-2026 05:22:45.79
GpsMilliseconds 1460611383794
22.3148598,87.3263883, EA(2m)
AltWgs84 -2.9 m, EA(1m)
Hdg 293 deg, Spd 0.0 m/s
EA(43.7 deg, 0.7 m/s)</description>
      <Style>
        <IconStyle>
          <Icon>
            <href>http://maps.google.com/mapfiles/kml/shapes/shaded_dot.png</href>
          </Icon>
          <scale>0.6</scale>
          <color>bf00a0f4</color>
        </IconStyle>
      </Style>
      <Point>
        <altitudeMode>clampToGround</altitudeMode>
        <coordinates>87.3263882670297,22.3148598139381,0</coordinates>
      </Point>
    </Placemark>
    <Placemark>
      <Snippet maxLines="0"> </Snippet>
      <description>92
UTC 19-04-2026 05:22:46.82
GpsMilliseconds 1460611384818
22.3148538,87.3264043, EA(2m)
AltWgs84 -2.6 m, EA(1m)
Hdg 111 deg, Spd 0.4 m/s
EA(43.8 deg, 0.7 m/s)</description>
      <Style>
        <IconStyle>
          <Icon>
            <href>http://maps.google.com/mapfiles/kml/shapes/shaded_dot.png</href>
          </Icon>
          <scale>0.6</scale>
          <color>bf00a0f4</color>
        </IconStyle>
      </Style>
      <Point>
        <altitudeMode>clampToGround</altitudeMode>
        <coordinates>87.3264042517052,22.3148537704192,0</coordinates>
      </Point>
    </Placemark>
    <Placemark>
      <Snippet maxLines="0"> </Snippet>
      <description>93
UTC 19-04-2026 05:22:47.79
GpsMilliseconds 1460611385794
22.3148621,87.3264141, EA(2m)
AltWgs84 -2.9 m, EA(1m)
Hdg 79 deg, Spd 0.5 m/s
EA(43.6 deg, 0.7 m/s)</description>
      <Style>
        <IconStyle>
          <Icon>
            <href>http://maps.google.com/mapfiles/kml/shapes/shaded_dot.png</href>
          </Icon>
          <scale>0.6</scale>
          <color>bf00a0f4</color>
        </IconStyle>
      </Style>
      <Point>
        <altitudeMode>clampToGround</altitudeMode>
        <coordinates>87.3264140748284,22.3148620917425,0</coordinates>
      </Point>
    </Placemark>
    <Placemark>
      <Snippet maxLines="0"> </Snippet>
      <description>94
UTC 19-04-2026 05:22:48.79
GpsMilliseconds 1460611386793
22.3148549,87.3264039, EA(2m)
AltWgs84 -2.6 m, EA(1m)
Hdg 127 deg, Spd 0.2 m/s
EA(44.0 deg, 0.7 m/s)</description>
      <Style>
        <IconStyle>
          <Icon>
            <href>http://maps.google.com/mapfiles/kml/shapes/shaded_dot.png</href>
          </Icon>
          <scale>0.6</scale>
          <color>bf00a0f4</color>
        </IconStyle>
      </Style>
      <Point>
        <altitudeMode>clampToGround</altitudeMode>
        <coordinates>87.3264039363167,22.314854907907,0</coordinates>
      </Point>
    </Placemark>
    <Placemark>
      <Snippet maxLines="0"> </Snippet>
      <description>95
UTC 19-04-2026 05:22:49.81
GpsMilliseconds 1460611387813
22.3148381,87.3263898, EA(2m)
AltWgs84 -2.4 m, EA(1m)
Hdg 206 deg, Spd 0.5 m/s
EA(43.8 deg, 0.7 m/s)</description>
      <Style>
        <IconStyle>
          <Icon>
            <href>http://maps.google.com/mapfiles/kml/shapes/shaded_dot.png</href>
          </Icon>
          <scale>0.6</scale>
          <color>bf00a0f4</color>
        </IconStyle>
      </Style>
      <Point>
        <altitudeMode>clampToGround</altitudeMode>
        <coordinates>87.3263897916519,22.3148380527361,0</coordinates>
      </Point>
    </Placemark>
    <Placemark>
      <Snippet maxLines="0"> </Snippet>
      <description>96
UTC 19-04-2026 05:22:50.80
GpsMilliseconds 1460611388795
22.3148393,87.3264041, EA(2m)
AltWgs84 -2.9 m, EA(1m)
Hdg 155 deg, Spd 0.4 m/s
EA(43.7 deg, 0.7 m/s)</description>
      <Style>
        <IconStyle>
          <Icon>
            <href>http://maps.google.com/mapfiles/kml/shapes/shaded_dot.png</href>
          </Icon>
          <scale>0.6</scale>
          <color>bf00a0f4</color>
        </IconStyle>
      </Style>
      <Point>
        <altitudeMode>clampToGround</altitudeMode>
        <coordinates>87.3264040766846,22.3148393278442,0</coordinates>
      </Point>
    </Placemark>
    <Placemark>
      <Snippet maxLines="0"> </Snippet>
      <description>97
UTC 19-04-2026 05:22:51.82
GpsMilliseconds 1460611389818
22.3148304,87.3264140, EA(2m)
AltWgs84 -3.2 m, EA(1m)
Hdg 143 deg, Spd 0.6 m/s
EA(43.6 deg, 0.7 m/s)</description>
      <Style>
        <IconStyle>
          <Icon>
            <href>http://maps.google.com/mapfiles/kml/shapes/shaded_dot.png</href>
          </Icon>
          <scale>0.6</scale>
          <color>bf00a0f4</color>
        </IconStyle>
      </Style>
      <Point>
        <altitudeMode>clampToGround</altitudeMode>
        <coordinates>87.3264140293675,22.3148304395398,0</coordinates>
      </Point>
    </Placemark>
    <Placemark>
      <Snippet maxLines="0"> </Snippet>
      <description>98
UTC 19-04-2026 05:22:52.81
GpsMilliseconds 1460611390808
22.3148370,87.3264251, EA(2m)
AltWgs84 -4.0 m, EA(1m)
Hdg 110 deg, Spd 0.5 m/s
EA(43.6 deg, 0.7 m/s)</description>
      <Style>
        <IconStyle>
          <Icon>
            <href>http://maps.google.com/mapfiles/kml/shapes/shaded_dot.png</href>
          </Icon>
          <scale>0.6</scale>
          <color>bf00a0f4</color>
        </IconStyle>
      </Style>
      <Point>
        <altitudeMode>clampToGround</altitudeMode>
        <coordinates>87.3264251444935,22.3148370490681,0</coordinates>
      </Point>
    </Placemark>
    <Placemark>
      <Snippet maxLines="0"> </Snippet>
      <description>99
UTC 19-04-2026 05:22:53.80
GpsMilliseconds 1460611391795
22.3148392,87.3264294, EA(2m)
AltWgs84 -4.7 m, EA(1m)
Hdg 101 deg, Spd 0.5 m/s
EA(43.3 deg, 0.7 m/s)</description>
      <Style>
        <IconStyle>
          <Icon>
            <href>http://maps.google.com/mapfiles/kml/shapes/shaded_dot.png</href>
          </Icon>
          <scale>0.6</scale>
          <color>bf00a0f4</color>
        </IconStyle>
      </Style>
      <Point>
        <altitudeMode>clampToGround</altitudeMode>
        <coordinates>87.3264293923449,22.3148391819324,0</coordinates>
      </Point>
    </Placemark>
    <Placemark>
      <Snippet maxLines="0"> </Snippet>
      <description>100
UTC 19-04-2026 05:22:54.82
GpsMilliseconds 1460611392815
22.3148256,87.3264150, EA(2m)
AltWgs84 -4.4 m, EA(1m)
Hdg 177 deg, Spd 0.4 m/s
EA(43.3 deg, 0.7 m/s)</description>
      <Style>
        <IconStyle>
          <Icon>
            <href>http://maps.google.com/mapfiles/kml/shapes/shaded_dot.png</href>
          </Icon>
          <scale>0.6</scale>
          <color>bf00a0f4</color>
        </IconStyle>
      </Style>
      <Point>
        <altitudeMode>clampToGround</altitudeMode>
        <coordinates>87.3264150318545,22.3148256270152,0</coordinates>
      </Point>
    </Placemark>
    <Placemark>
      <Snippet maxLines="0"> </Snippet>
      <description>101
UTC 19-04-2026 05:22:55.80
GpsMilliseconds 1460611393800
22.3148228,87.3263989, EA(2m)
AltWgs84 -4.6 m, EA(1m)
Hdg 224 deg, Spd 0.5 m/s
EA(43.0 deg, 0.7 m/s)</description>
      <Style>
        <IconStyle>
          <Icon>
            <href>http://maps.google.com/mapfiles/kml/shapes/shaded_dot.png</href>
          </Icon>
          <scale>0.6</scale>
          <color>bf00a0f4</color>
        </IconStyle>
      </Style>
      <Point>
        <altitudeMode>clampToGround</altitudeMode>
        <coordinates>87.3263989262417,22.3148227684138,0</coordinates>
      </Point>
    </Placemark>
    <Placemark>
      <Snippet maxLines="0"> </Snippet>
      <description>102
UTC 19-04-2026 05:22:56.79
GpsMilliseconds 1460611394793
22.3148174,87.3263537, EA(2m)
AltWgs84 -5.0 m, EA(1m)
Hdg 253 deg, Spd 1.4 m/s
EA(43.5 deg, 0.7 m/s)</description>
      <Style>
        <IconStyle>
          <Icon>
            <href>http://maps.google.com/mapfiles/kml/shapes/shaded_dot.png</href>
          </Icon>
          <scale>0.6</scale>
          <color>bf00a0f4</color>
        </IconStyle>
      </Style>
      <Point>
        <altitudeMode>clampToGround</altitudeMode>
        <coordinates>87.3263537328064,22.314817413332,0</coordinates>
      </Point>
    </Placemark>
    <Placemark>
      <Snippet maxLines="0"> </Snippet>
      <description>103
UTC 19-04-2026 05:22:57.82
GpsMilliseconds 1460611395822
22.3148248,87.3263612, EA(2m)
AltWgs84 -4.8 m, EA(1m)
Hdg 260 deg, Spd 0.8 m/s
EA(43.5 deg, 0.7 m/s)</description>
      <Style>
        <IconStyle>
          <Icon>
            <href>http://maps.google.com/mapfiles/kml/shapes/shaded_dot.png</href>
          </Icon>
          <scale>0.6</scale>
          <color>bf00a0f4</color>
        </IconStyle>
      </Style>
      <Point>
        <altitudeMode>clampToGround</altitudeMode>
        <coordinates>87.3263611787207,22.3148247670014,0</coordinates>
      </Point>
    </Placemark>
    <Placemark>
      <Snippet maxLines="0"> </Snippet>
      <description>104
UTC 19-04-2026 05:22:58.81
GpsMilliseconds 1460611396807
22.3148270,87.3263551, EA(2m)
AltWgs84 -5.3 m, EA(1m)
Hdg 266 deg, Spd 0.7 m/s
EA(43.7 deg, 0.7 m/s)</description>
      <Style>
        <IconStyle>
          <Icon>
            <href>http://maps.google.com/mapfiles/kml/shapes/shaded_dot.png</href>
          </Icon>
          <scale>0.6</scale>
          <color>bf00a0f4</color>
        </IconStyle>
      </Style>
      <Point>
        <altitudeMode>clampToGround</altitudeMode>
        <coordinates>87.3263551492753,22.3148270415394,0</coordinates>
      </Point>
    </Placemark>
    <Placemark>
      <Snippet maxLines="0"> </Snippet>
      <description>105
UTC 19-04-2026 05:22:59.81
GpsMilliseconds 1460611397813
22.3148065,87.3263683, EA(2m)
AltWgs84 -5.1 m, EA(1m)
Hdg 205 deg, Spd 0.6 m/s
EA(43.8 deg, 0.7 m/s)</description>
      <Style>
        <IconStyle>
          <Icon>
            <href>http://maps.google.com/mapfiles/kml/shapes/shaded_dot.png</href>
          </Icon>
          <scale>0.6</scale>
          <color>bf00a0f4</color>
        </IconStyle>
      </Style>
      <Point>
        <altitudeMode>clampToGround</altitudeMode>
        <coordinates>87.3263682522999,22.3148065464617,0</coordinates>
      </Point>
    </Placemark>
    <Placemark>
      <Snippet maxLines="0"> </Snippet>
      <description>106
UTC 19-04-2026 05:23:00.80
GpsMilliseconds 1460611398798
22.3147977,87.3263742, EA(2m)
AltWgs84 -4.4 m, EA(1m)
Hdg 183 deg, Spd 0.6 m/s
EA(43.8 deg, 0.7 m/s)</description>
      <Style>
        <IconStyle>
          <Icon>
            <href>http://maps.google.com/mapfiles/kml/shapes/shaded_dot.png</href>
          </Icon>
          <scale>0.6</scale>
          <color>bf00a0f4</color>
        </IconStyle>
      </Style>
      <Point>
        <altitudeMode>clampToGround</altitudeMode>
        <coordinates>87.3263741704328,22.3147976796116,0</coordinates>
      </Point>
    </Placemark>
    <Placemark>
      <Snippet maxLines="0"> </Snippet>
      <description>107
UTC 19-04-2026 05:23:01.83
GpsMilliseconds 1460611399831
22.3148039,87.3263698, EA(2m)
AltWgs84 -4.3 m, EA(1m)
Hdg 203 deg, Spd 0.3 m/s
EA(44.0 deg, 0.7 m/s)</description>
      <Style>
        <IconStyle>
          <Icon>
            <href>http://maps.google.com/mapfiles/kml/shapes/shaded_dot.png</href>
          </Icon>
          <scale>0.6</scale>
          <color>bf00a0f4</color>
        </IconStyle>
      </Style>
      <Point>
        <altitudeMode>clampToGround</altitudeMode>
        <coordinates>87.3263697898845,22.3148039204682,0</coordinates>
      </Point>
    </Placemark>
    <Placemark>
      <Snippet maxLines="0"> </Snippet>
      <description>108
UTC 19-04-2026 05:23:02.79
GpsMilliseconds 1460611400791
22.3148050,87.3263658, EA(2m)
AltWgs84 -4.3 m, EA(1m)
Hdg 223 deg, Spd 0.3 m/s
EA(44.0 deg, 0.7 m/s)</description>
      <Style>
        <IconStyle>
          <Icon>
            <href>http://maps.google.com/mapfiles/kml/shapes/shaded_dot.png</href>
          </Icon>
          <scale>0.6</scale>
          <color>bf00a0f4</color>
        </IconStyle>
      </Style>
      <Point>
        <altitudeMode>clampToGround</altitudeMode>
        <coordinates>87.3263657926594,22.3148049875767,0</coordinates>
      </Point>
    </Placemark>
    <Placemark>
      <Snippet maxLines="0"> </Snippet>
      <description>109
UTC 19-04-2026 05:23:03.80
GpsMilliseconds 1460611401798
22.3148048,87.3263466, EA(2m)
AltWgs84 -3.9 m, EA(1m)
Hdg 255 deg, Spd 0.6 m/s
EA(43.4 deg, 0.7 m/s)</description>
      <Style>
        <IconStyle>
          <Icon>
            <href>http://maps.google.com/mapfiles/kml/shapes/shaded_dot.png</href>
          </Icon>
          <scale>0.6</scale>
          <color>bf00a0f4</color>
        </IconStyle>
      </Style>
      <Point>
        <altitudeMode>clampToGround</altitudeMode>
        <coordinates>87.3263465627536,22.3148048483996,0</coordinates>
      </Point>
    </Placemark>
    <Placemark>
      <Snippet maxLines="0"> </Snippet>
      <description>110
UTC 19-04-2026 05:23:04.82
GpsMilliseconds 1460611402823
22.3147940,87.3263310, EA(2m)
AltWgs84 -3.8 m, EA(1m)
Hdg 244 deg, Spd 0.9 m/s
EA(43.7 deg, 0.7 m/s)</description>
      <Style>
        <IconStyle>
          <Icon>
            <href>http://maps.google.com/mapfiles/kml/shapes/shaded_dot.png</href>
          </Icon>
          <scale>0.6</scale>
          <color>bf00a0f4</color>
        </IconStyle>
      </Style>
      <Point>
        <altitudeMode>clampToGround</altitudeMode>
        <coordinates>87.3263309840949,22.3147939662336,0</coordinates>
      </Point>
    </Placemark>
    <Placemark>
      <Snippet maxLines="0"> </Snippet>
      <description>111
UTC 19-04-2026 05:23:05.80
GpsMilliseconds 1460611403801
22.3147843,87.3263245, EA(2m)
AltWgs84 -3.9 m, EA(1m)
Hdg 235 deg, Spd 0.9 m/s
EA(43.8 deg, 0.7 m/s)</description>
      <Style>
        <IconStyle>
          <Icon>
            <href>http://maps.google.com/mapfiles/kml/shapes/shaded_dot.png</href>
          </Icon>
          <scale>0.6</scale>
          <color>bf00a0f4</color>
        </IconStyle>
      </Style>
      <Point>
        <altitudeMode>clampToGround</altitudeMode>
        <coordinates>87.3263245457039,22.3147842710429,0</coordinates>
      </Point>
    </Placemark>
    <Placemark>
      <Snippet maxLines="0"> </Snippet>
      <description>112
UTC 19-04-2026 05:23:06.81
GpsMilliseconds 1460611404812
22.3147957,87.3263250, EA(2m)
AltWgs84 -3.8 m, EA(1m)
Hdg 257 deg, Spd 0.5 m/s
EA(44.1 deg, 0.7 m/s)</description>
      <Style>
        <IconStyle>
          <Icon>
            <href>http://maps.google.com/mapfiles/kml/shapes/shaded_dot.png</href>
          </Icon>
          <scale>0.6</scale>
          <color>bf00a0f4</color>
        </IconStyle>
      </Style>
      <Point>
        <altitudeMode>clampToGround</altitudeMode>
        <coordinates>87.3263249871485,22.3147956683402,0</coordinates>
      </Point>
    </Placemark>
    <Placemark>
      <Snippet maxLines="0"> </Snippet>
      <description>113
UTC 19-04-2026 05:23:07.80
GpsMilliseconds 1460611405801
22.3147919,87.3263413, EA(2m)
AltWgs84 -3.5 m, EA(1m)
Hdg 188 deg, Spd 0.2 m/s
EA(43.7 deg, 0.7 m/s)</description>
      <Style>
        <IconStyle>
          <Icon>
            <href>http://maps.google.com/mapfiles/kml/shapes/shaded_dot.png</href>
          </Icon>
          <scale>0.6</scale>
          <color>bf00a0f4</color>
        </IconStyle>
      </Style>
      <Point>
        <altitudeMode>clampToGround</altitudeMode>
        <coordinates>87.3263413421036,22.314791871608,0</coordinates>
      </Point>
    </Placemark>
    <Placemark>
      <Snippet maxLines="0"> </Snippet>
      <description>114
UTC 19-04-2026 05:23:08.80
GpsMilliseconds 1460611406803
22.3148069,87.3263297, EA(2m)
AltWgs84 -3.6 m, EA(1m)
Hdg 307 deg, Spd 0.4 m/s
EA(44.3 deg, 0.7 m/s)</description>
      <Style>
        <IconStyle>
          <Icon>
            <href>http://maps.google.com/mapfiles/kml/shapes/shaded_dot.png</href>
          </Icon>
          <scale>0.6</scale>
          <color>bf00a0f4</color>
        </IconStyle>
      </Style>
      <Point>
        <altitudeMode>clampToGround</altitudeMode>
        <coordinates>87.3263297218811,22.3148068616814,0</coordinates>
      </Point>
    </Placemark>
    <Placemark>
      <Snippet maxLines="0"> </Snippet>
      <description>115
UTC 19-04-2026 05:23:09.83
GpsMilliseconds 1460611407826
22.3148004,87.3263215, EA(2m)
AltWgs84 -3.7 m, EA(1m)
Hdg 271 deg, Spd 0.4 m/s
EA(43.9 deg, 0.7 m/s)</description>
      <Style>
        <IconStyle>
          <Icon>
            <href>http://maps.google.com/mapfiles/kml/shapes/shaded_dot.png</href>
          </Icon>
          <scale>0.6</scale>
          <color>bf00a0f4</color>
        </IconStyle>
      </Style>
      <Point>
        <altitudeMode>clampToGround</altitudeMode>
        <coordinates>87.3263214579574,22.3148003578694,0</coordinates>
      </Point>
    </Placemark>
    <Placemark>
      <Snippet maxLines="0"> </Snippet>
      <description>116
UTC 19-04-2026 05:23:10.81
GpsMilliseconds 1460611408812
22.3148048,87.3263189, EA(2m)
AltWgs84 -3.6 m, EA(1m)
Hdg 288 deg, Spd 0.4 m/s
EA(43.7 deg, 0.7 m/s)</description>
      <Style>
        <IconStyle>
          <Icon>
            <href>http://maps.google.com/mapfiles/kml/shapes/shaded_dot.png</href>
          </Icon>
          <scale>0.6</scale>
          <color>bf00a0f4</color>
        </IconStyle>
      </Style>
      <Point>
        <altitudeMode>clampToGround</altitudeMode>
        <coordinates>87.3263189413827,22.3148048148454,0</coordinates>
      </Point>
    </Placemark>
    <Placemark>
      <Snippet maxLines="0"> </Snippet>
      <description>117
UTC 19-04-2026 05:23:11.80
GpsMilliseconds 1460611409800
22.3147992,87.3263185, EA(2m)
AltWgs84 -3.2 m, EA(1m)
Hdg 260 deg, Spd 0.3 m/s
EA(44.3 deg, 0.7 m/s)</description>
      <Style>
        <IconStyle>
          <Icon>
            <href>http://maps.google.com/mapfiles/kml/shapes/shaded_dot.png</href>
          </Icon>
          <scale>0.6</scale>
          <color>bf00a0f4</color>
        </IconStyle>
      </Style>
      <Point>
        <altitudeMode>clampToGround</altitudeMode>
        <coordinates>87.3263185226187,22.3147991971089,0</coordinates>
      </Point>
    </Placemark>
    <Placemark>
      <Snippet maxLines="0"> </Snippet>
      <description>118
UTC 19-04-2026 05:23:12.83
GpsMilliseconds 1460611410832
22.3148092,87.3263046, EA(2m)
AltWgs84 -3.6 m, EA(1m)
Hdg 291 deg, Spd 0.6 m/s
EA(44.5 deg, 0.7 m/s)</description>
      <Style>
        <IconStyle>
          <Icon>
            <href>http://maps.google.com/mapfiles/kml/shapes/shaded_dot.png</href>
          </Icon>
          <scale>0.6</scale>
          <color>bf00a0f4</color>
        </IconStyle>
      </Style>
      <Point>
        <altitudeMode>clampToGround</altitudeMode>
        <coordinates>87.3263045859558,22.314809240602,0</coordinates>
      </Point>
    </Placemark>
    <Placemark>
      <Snippet maxLines="0"> </Snippet>
      <description>119
UTC 19-04-2026 05:23:13.83
GpsMilliseconds 1460611411825
22.3148055,87.3263094, EA(2m)
AltWgs84 -3.4 m, EA(1m)
Hdg 283 deg, Spd 0.3 m/s
EA(44.2 deg, 0.7 m/s)</description>
      <Style>
        <IconStyle>
          <Icon>
            <href>http://maps.google.com/mapfiles/kml/shapes/shaded_dot.png</href>
          </Icon>
          <scale>0.6</scale>
          <color>bf00a0f4</color>
        </IconStyle>
      </Style>
      <Point>
        <altitudeMode>clampToGround</altitudeMode>
        <coordinates>87.3263093899951,22.31480547805,0</coordinates>
      </Point>
    </Placemark>
    <Placemark>
      <Snippet maxLines="0"> </Snippet>
      <description>120
UTC 19-04-2026 05:23:14.80
GpsMilliseconds 1460611412797
22.3148063,87.3262978, EA(2m)
AltWgs84 -3.3 m, EA(1m)
Hdg 278 deg, Spd 0.5 m/s
EA(44.5 deg, 0.7 m/s)</description>
      <Style>
        <IconStyle>
          <Icon>
            <href>http://maps.google.com/mapfiles/kml/shapes/shaded_dot.png</href>
          </Icon>
          <scale>0.6</scale>
          <color>bf00a0f4</color>
        </IconStyle>
      </Style>
      <Point>
        <altitudeMode>clampToGround</altitudeMode>
        <coordinates>87.3262977652266,22.3148062853433,0</coordinates>
      </Point>
    </Placemark>
    <Placemark>
      <Snippet maxLines="0"> </Snippet>
      <description>121
UTC 19-04-2026 05:23:15.80
GpsMilliseconds 1460611413803
22.3148174,87.3262912, EA(2m)
AltWgs84 -3.3 m, EA(1m)
Hdg 303 deg, Spd 0.6 m/s
EA(43.8 deg, 0.7 m/s)</description>
      <Style>
        <IconStyle>
          <Icon>
            <href>http://maps.google.com/mapfiles/kml/shapes/shaded_dot.png</href>
          </Icon>
          <scale>0.6</scale>
          <color>bf00a0f4</color>
        </IconStyle>
      </Style>
      <Point>
        <altitudeMode>clampToGround</altitudeMode>
        <coordinates>87.3262912405263,22.3148173673583,0</coordinates>
      </Point>
    </Placemark>
    <Placemark>
      <Snippet maxLines="0"> </Snippet>
      <description>122
UTC 19-04-2026 05:23:16.83
GpsMilliseconds 1460611414828
22.3148353,87.3263261, EA(2m)
AltWgs84 -4.2 m, EA(1m)
Hdg 32 deg, Spd 0.8 m/s
EA(43.9 deg, 0.7 m/s)</description>
      <Style>
        <IconStyle>
          <Icon>
            <href>http://maps.google.com/mapfiles/kml/shapes/shaded_dot.png</href>
          </Icon>
          <scale>0.6</scale>
          <color>bf00a0f4</color>
        </IconStyle>
      </Style>
      <Point>
        <altitudeMode>clampToGround</altitudeMode>
        <coordinates>87.3263261109061,22.3148353253931,0</coordinates>
      </Point>
    </Placemark>
    <Placemark>
      <Snippet maxLines="0"> </Snippet>
      <description>123
UTC 19-04-2026 05:23:17.80
GpsMilliseconds 1460611415800
22.3148379,87.3263138, EA(2m)
AltWgs84 -5.5 m, EA(1m)
Hdg 4 deg, Spd 0.6 m/s
EA(44.4 deg, 0.7 m/s)</description>
      <Style>
        <IconStyle>
          <Icon>
            <href>http://maps.google.com/mapfiles/kml/shapes/shaded_dot.png</href>
          </Icon>
          <scale>0.6</scale>
          <color>bf00a0f4</color>
        </IconStyle>
      </Style>
      <Point>
        <altitudeMode>clampToGround</altitudeMode>
        <coordinates>87.3263137996583,22.3148378654814,0</coordinates>
      </Point>
    </Placemark>
    <Placemark>
      <Snippet maxLines="0"> </Snippet>
      <description>124
UTC 19-04-2026 05:23:18.83
GpsMilliseconds 1460611416830
22.3148567,87.3263100, EA(2m)
AltWgs84 -6.2 m, EA(1m)
Hdg 356 deg, Spd 0.9 m/s
EA(44.3 deg, 0.7 m/s)</description>
      <Style>
        <IconStyle>
          <Icon>
            <href>http://maps.google.com/mapfiles/kml/shapes/shaded_dot.png</href>
          </Icon>
          <scale>0.6</scale>
          <color>bf00a0f4</color>
        </IconStyle>
      </Style>
      <Point>
        <altitudeMode>clampToGround</altitudeMode>
        <coordinates>87.3263099574406,22.314856676815,0</coordinates>
      </Point>
    </Placemark>
    <Placemark>
      <Snippet maxLines="0"> </Snippet>
      <description>125
UTC 19-04-2026 05:23:19.81
GpsMilliseconds 1460611417811
22.3148597,87.3263110, EA(2m)
AltWgs84 -6.6 m, EA(1m)
Hdg 358 deg, Spd 0.7 m/s
EA(43.8 deg, 0.7 m/s)</description>
      <Style>
        <IconStyle>
          <Icon>
            <href>http://maps.google.com/mapfiles/kml/shapes/shaded_dot.png</href>
          </Icon>
          <scale>0.6</scale>
          <color>bf00a0f4</color>
        </IconStyle>
      </Style>
      <Point>
        <altitudeMode>clampToGround</altitudeMode>
        <coordinates>87.32631102449,22.3148597069618,0</coordinates>
      </Point>
    </Placemark>
    <Placemark>
      <Snippet maxLines="0"> </Snippet>
      <description>126
UTC 19-04-2026 05:23:20.81
GpsMilliseconds 1460611418805
22.3148681,87.3263161, EA(2m)
AltWgs84 -7.1 m, EA(1m)
Hdg 7 deg, Spd 0.8 m/s
EA(43.9 deg, 0.7 m/s)</description>
      <Style>
        <IconStyle>
          <Icon>
            <href>http://maps.google.com/mapfiles/kml/shapes/shaded_dot.png</href>
          </Icon>
          <scale>0.6</scale>
          <color>bf00a0f4</color>
        </IconStyle>
      </Style>
      <Point>
        <altitudeMode>clampToGround</altitudeMode>
        <coordinates>87.3263160738185,22.3148680719016,0</coordinates>
      </Point>
    </Placemark>
    <Placemark>
      <Snippet maxLines="0"> </Snippet>
      <description>127
UTC 19-04-2026 05:23:21.84
GpsMilliseconds 1460611419837
22.3148801,87.3263295, EA(2m)
AltWgs84 -8.0 m, EA(1m)
Hdg 23 deg, Spd 0.9 m/s
EA(44.2 deg, 0.7 m/s)</description>
      <Style>
        <IconStyle>
          <Icon>
            <href>http://maps.google.com/mapfiles/kml/shapes/shaded_dot.png</href>
          </Icon>
          <scale>0.6</scale>
          <color>bf00a0f4</color>
        </IconStyle>
      </Style>
      <Point>
        <altitudeMode>clampToGround</altitudeMode>
        <coordinates>87.3263294536576,22.3148800922636,0</coordinates>
      </Point>
    </Placemark>
    <Placemark>
      <Snippet maxLines="0"> </Snippet>
      <description>128
UTC 19-04-2026 05:23:22.81
GpsMilliseconds 1460611420809
22.3148838,87.3263514, EA(2m)
AltWgs84 -8.8 m, EA(1m)
Hdg 46 deg, Spd 1.1 m/s
EA(43.4 deg, 0.7 m/s)</description>
      <Style>
        <IconStyle>
          <Icon>
            <href>http://maps.google.com/mapfiles/kml/shapes/shaded_dot.png</href>
          </Icon>
          <scale>0.6</scale>
          <color>bf00a0f4</color>
        </IconStyle>
      </Style>
      <Point>
        <altitudeMode>clampToGround</altitudeMode>
        <coordinates>87.3263513555124,22.3148837594301,0</coordinates>
      </Point>
    </Placemark>
    <Placemark>
      <Snippet maxLines="0"> </Snippet>
      <description>129
UTC 19-04-2026 05:23:23.81
GpsMilliseconds 1460611421806
22.3148795,87.3263508, EA(2m)
AltWgs84 -9.6 m, EA(1m)
Hdg 50 deg, Spd 0.7 m/s
EA(43.8 deg, 0.7 m/s)</description>
      <Style>
        <IconStyle>
          <Icon>
            <href>http://maps.google.com/mapfiles/kml/shapes/shaded_dot.png</href>
          </Icon>
          <scale>0.6</scale>
          <color>bf00a0f4</color>
        </IconStyle>
      </Style>
      <Point>
        <altitudeMode>clampToGround</altitudeMode>
        <coordinates>87.3263508388945,22.3148795145148,0</coordinates>
      </Point>
    </Placemark>
    <Placemark>
      <Snippet maxLines="0"> </Snippet>
      <description>130
UTC 19-04-2026 05:23:24.83
GpsMilliseconds 1460611422827
22.3148736,87.3263521, EA(2m)
AltWgs84 -10.0 m, EA(1m)
Hdg 64 deg, Spd 0.5 m/s
EA(44.1 deg, 0.7 m/s)</description>
      <Style>
        <IconStyle>
          <Icon>
            <href>http://maps.google.com/mapfiles/kml/shapes/shaded_dot.png</href>
          </Icon>
          <scale>0.6</scale>
          <color>bf00a0f4</color>
        </IconStyle>
      </Style>
      <Point>
        <altitudeMode>clampToGround</altitudeMode>
        <coordinates>87.3263521069118,22.3148736224963,0</coordinates>
      </Point>
    </Placemark>
    <Placemark>
      <Snippet maxLines="0"> </Snippet>
      <description>131
UTC 19-04-2026 05:23:25.81
GpsMilliseconds 1460611423813
22.3148984,87.3263604, EA(2m)
AltWgs84 -10.5 m, EA(1m)
Hdg 35 deg, Spd 0.9 m/s
EA(43.9 deg, 0.7 m/s)</description>
      <Style>
        <IconStyle>
          <Icon>
            <href>http://maps.google.com/mapfiles/kml/shapes/shaded_dot.png</href>
          </Icon>
          <scale>0.6</scale>
          <color>bf00a0f4</color>
        </IconStyle>
      </Style>
      <Point>
        <altitudeMode>clampToGround</altitudeMode>
        <coordinates>87.3263603779166,22.3148984377726,0</coordinates>
      </Point>
    </Placemark>
    <Placemark>
      <Snippet maxLines="0"> </Snippet>
      <description>132
UTC 19-04-2026 05:23:26.84
GpsMilliseconds 1460611424844
22.3148797,87.3263499, EA(2m)
AltWgs84 -10.8 m, EA(1m)
Hdg 49 deg, Spd 0.2 m/s
EA(43.6 deg, 0.7 m/s)</description>
      <Style>
        <IconStyle>
          <Icon>
            <href>http://maps.google.com/mapfiles/kml/shapes/shaded_dot.png</href>
          </Icon>
          <scale>0.6</scale>
          <color>bf00a0f4</color>
        </IconStyle>
      </Style>
      <Point>
        <altitudeMode>clampToGround</altitudeMode>
        <coordinates>87.3263499209529,22.3148796786866,0</coordinates>
      </Point>
    </Placemark>
    <Placemark>
      <Snippet maxLines="0"> </Snippet>
      <description>133
UTC 19-04-2026 05:23:27.81
GpsMilliseconds 1460611425808
22.3148708,87.3263189, EA(2m)
AltWgs84 -10.7 m, EA(1m)
Hdg 260 deg, Spd 0.6 m/s
EA(43.8 deg, 0.7 m/s)</description>
      <Style>
        <IconStyle>
          <Icon>
            <href>http://maps.google.com/mapfiles/kml/shapes/shaded_dot.png</href>
          </Icon>
          <scale>0.6</scale>
          <color>bf00a0f4</color>
        </IconStyle>
      </Style>
      <Point>
        <altitudeMode>clampToGround</altitudeMode>
        <coordinates>87.3263189294569,22.3148708241743,0</coordinates>
      </Point>
    </Placemark>
    <Placemark>
      <Snippet maxLines="0"> </Snippet>
      <description>134
UTC 19-04-2026 05:23:28.81
GpsMilliseconds 1460611426811
22.3148557,87.3263170, EA(2m)
AltWgs84 -11.5 m, EA(1m)
Hdg 228 deg, Spd 0.6 m/s
EA(43.7 deg, 0.7 m/s)</description>
      <Style>
        <IconStyle>
          <Icon>
            <href>http://maps.google.com/mapfiles/kml/shapes/shaded_dot.png</href>
          </Icon>
          <scale>0.6</scale>
          <color>bf00a0f4</color>
        </IconStyle>
      </Style>
      <Point>
        <altitudeMode>clampToGround</altitudeMode>
        <coordinates>87.3263170316373,22.3148556594372,0</coordinates>
      </Point>
    </Placemark>
    <Placemark>
      <Snippet maxLines="0"> </Snippet>
      <description>135
UTC 19-04-2026 05:23:29.83
GpsMilliseconds 1460611427828
22.3148384,87.3263158, EA(2m)
AltWgs84 -11.8 m, EA(1m)
Hdg 208 deg, Spd 0.8 m/s
EA(43.7 deg, 0.7 m/s)</description>
      <Style>
        <IconStyle>
          <Icon>
            <href>http://maps.google.com/mapfiles/kml/shapes/shaded_dot.png</href>
          </Icon>
          <scale>0.6</scale>
          <color>bf00a0f4</color>
        </IconStyle>
      </Style>
      <Point>
        <altitudeMode>clampToGround</altitudeMode>
        <coordinates>87.3263157784708,22.3148383751122,0</coordinates>
      </Point>
    </Placemark>
    <Placemark>
      <Snippet maxLines="0"> </Snippet>
      <description>136
UTC 19-04-2026 05:23:30.82
GpsMilliseconds 1460611428817
22.3148237,87.3263161, EA(2m)
AltWgs84 -12.2 m, EA(1m)
Hdg 197 deg, Spd 0.9 m/s
EA(43.7 deg, 0.7 m/s)</description>
      <Style>
        <IconStyle>
          <Icon>
            <href>http://maps.google.com/mapfiles/kml/shapes/shaded_dot.png</href>
          </Icon>
          <scale>0.6</scale>
          <color>bf00a0f4</color>
        </IconStyle>
      </Style>
      <Point>
        <altitudeMode>clampToGround</altitudeMode>
        <coordinates>87.3263160688051,22.3148237183581,0</coordinates>
      </Point>
    </Placemark>
    <Placemark>
      <Snippet maxLines="0"> </Snippet>
      <description>137
UTC 19-04-2026 05:23:31.81
GpsMilliseconds 1460611429813
22.3148246,87.3263061, EA(2m)
AltWgs84 -13.2 m, EA(1m)
Hdg 213 deg, Spd 0.8 m/s
EA(43.8 deg, 0.7 m/s)</description>
      <Style>
        <IconStyle>
          <Icon>
            <href>http://maps.google.com/mapfiles/kml/shapes/shaded_dot.png</href>
          </Icon>
          <scale>0.6</scale>
          <color>bf00a0f4</color>
        </IconStyle>
      </Style>
      <Point>
        <altitudeMode>clampToGround</altitudeMode>
        <coordinates>87.3263061359691,22.3148245896247,0</coordinates>
      </Point>
    </Placemark>
    <Placemark>
      <Snippet maxLines="0"> </Snippet>
      <description>138
UTC 19-04-2026 05:23:32.83
GpsMilliseconds 1460611430832
22.3148362,87.3263173, EA(2m)
AltWgs84 -13.4 m, EA(1m)
Hdg 197 deg, Spd 0.3 m/s
EA(43.6 deg, 0.7 m/s)</description>
      <Style>
        <IconStyle>
          <Icon>
            <href>http://maps.google.com/mapfiles/kml/shapes/shaded_dot.png</href>
          </Icon>
          <scale>0.6</scale>
          <color>bf00a0f4</color>
        </IconStyle>
      </Style>
      <Point>
        <altitudeMode>clampToGround</altitudeMode>
        <coordinates>87.3263172818206,22.3148361989435,0</coordinates>
      </Point>
    </Placemark>
    <Placemark>
      <Snippet maxLines="0"> </Snippet>
      <description>139
UTC 19-04-2026 05:23:33.82
GpsMilliseconds 1460611431823
22.3148387,87.3263054, EA(2m)
AltWgs84 -14.0 m, EA(1m)
Hdg 248 deg, Spd 0.3 m/s
EA(43.6 deg, 0.7 m/s)</description>
      <Style>
        <IconStyle>
          <Icon>
            <href>http://maps.google.com/mapfiles/kml/shapes/shaded_dot.png</href>
          </Icon>
          <scale>0.6</scale>
          <color>bf00a0f4</color>
        </IconStyle>
      </Style>
      <Point>
        <altitudeMode>clampToGround</altitudeMode>
        <coordinates>87.326305422736,22.3148386619215,0</coordinates>
      </Point>
    </Placemark>
    <Placemark>
      <Snippet maxLines="0"> </Snippet>
      <description>140
UTC 19-04-2026 05:23:34.85
GpsMilliseconds 1460611432845
22.3148423,87.3262982, EA(2m)
AltWgs84 -14.9 m, EA(1m)
Hdg 268 deg, Spd 0.4 m/s
EA(44.4 deg, 0.7 m/s)</description>
      <Style>
        <IconStyle>
          <Icon>
            <href>http://maps.google.com/mapfiles/kml/shapes/shaded_dot.png</href>
          </Icon>
          <scale>0.6</scale>
          <color>bf00a0f4</color>
        </IconStyle>
      </Style>
      <Point>
        <altitudeMode>clampToGround</altitudeMode>
        <coordinates>87.3262981514949,22.3148422651366,0</coordinates>
      </Point>
    </Placemark>
    <Placemark>
      <Snippet maxLines="0"> </Snippet>
      <description>141
UTC 19-04-2026 05:23:35.81
GpsMilliseconds 1460611433813
22.3148245,87.3263066, EA(2m)
AltWgs84 -15.1 m, EA(1m)
Hdg 195 deg, Spd 0.4 m/s
EA(44.3 deg, 0.7 m/s)</description>
      <Style>
        <IconStyle>
          <Icon>
            <href>http://maps.google.com/mapfiles/kml/shapes/shaded_dot.png</href>
          </Icon>
          <scale>0.6</scale>
          <color>bf00a0f4</color>
        </IconStyle>
      </Style>
      <Point>
        <altitudeMode>clampToGround</altitudeMode>
        <coordinates>87.3263066278091,22.3148245024354,0</coordinates>
      </Point>
    </Placemark>
    <Placemark>
      <Snippet maxLines="0"> </Snippet>
      <description>142
UTC 19-04-2026 05:23:36.84
GpsMilliseconds 1460611434838
22.3148111,87.3262728, EA(2m)
AltWgs84 -15.1 m, EA(1m)
Hdg 233 deg, Spd 1.0 m/s
EA(44.2 deg, 0.7 m/s)</description>
      <Style>
        <IconStyle>
          <Icon>
            <href>http://maps.google.com/mapfiles/kml/shapes/shaded_dot.png</href>
          </Icon>
          <scale>0.6</scale>
          <color>bf00a0f4</color>
        </IconStyle>
      </Style>
      <Point>
        <altitudeMode>clampToGround</altitudeMode>
        <coordinates>87.3262728060947,22.3148111335146,0</coordinates>
      </Point>
    </Placemark>
    <Placemark>
      <Snippet maxLines="0"> </Snippet>
      <description>143
UTC 19-04-2026 05:23:37.83
GpsMilliseconds 1460611435825
22.3148039,87.3262704, EA(2m)
AltWgs84 -14.9 m, EA(1m)
Hdg 227 deg, Spd 0.9 m/s
EA(43.8 deg, 0.7 m/s)</description>
      <Style>
        <IconStyle>
          <Icon>
            <href>http://maps.google.com/mapfiles/kml/shapes/shaded_dot.png</href>
          </Icon>
          <scale>0.6</scale>
          <color>bf00a0f4</color>
        </IconStyle>
      </Style>
      <Point>
        <altitudeMode>clampToGround</altitudeMode>
        <coordinates>87.3262703745826,22.3148039173682,0</coordinates>
      </Point>
    </Placemark>
    <Placemark>
      <Snippet maxLines="0"> </Snippet>
      <description>144
UTC 19-04-2026 05:23:38.82
GpsMilliseconds 1460611436817
22.3148104,87.3263010, EA(2m)
AltWgs84 -15.3 m, EA(1m)
Hdg 152 deg, Spd 0.4 m/s
EA(43.6 deg, 0.7 m/s)</description>
      <Style>
        <IconStyle>
          <Icon>
            <href>http://maps.google.com/mapfiles/kml/shapes/shaded_dot.png</href>
          </Icon>
          <scale>0.6</scale>
          <color>bf00a0f4</color>
        </IconStyle>
      </Style>
      <Point>
        <altitudeMode>clampToGround</altitudeMode>
        <coordinates>87.3263009842408,22.3148103861026,0</coordinates>
      </Point>
    </Placemark>
    <Placemark>
      <Snippet maxLines="0"> </Snippet>
      <description>145
UTC 19-04-2026 05:23:39.84
GpsMilliseconds 1460611437838
22.3148122,87.3263025, EA(2m)
AltWgs84 -15.9 m, EA(1m)
Hdg 142 deg, Spd 0.3 m/s
EA(44.0 deg, 0.7 m/s)</description>
      <Style>
        <IconStyle>
          <Icon>
            <href>http://maps.google.com/mapfiles/kml/shapes/shaded_dot.png</href>
          </Icon>
          <scale>0.6</scale>
          <color>bf00a0f4</color>
        </IconStyle>
      </Style>
      <Point>
        <altitudeMode>clampToGround</altitudeMode>
        <coordinates>87.3263025408949,22.3148122190845,0</coordinates>
      </Point>
    </Placemark>
    <Placemark>
      <Snippet maxLines="0"> </Snippet>
      <description>146
UTC 19-04-2026 05:23:40.82
GpsMilliseconds 1460611438816
22.3148301,87.3263045, EA(2m)
AltWgs84 -16.6 m, EA(1m)
Hdg 35 deg, Spd 0.3 m/s
EA(44.6 deg, 0.7 m/s)</description>
      <Style>
        <IconStyle>
          <Icon>
            <href>http://maps.google.com/mapfiles/kml/shapes/shaded_dot.png</href>
          </Icon>
          <scale>0.6</scale>
          <color>bf00a0f4</color>
        </IconStyle>
      </Style>
      <Point>
        <altitudeMode>clampToGround</altitudeMode>
        <coordinates>87.3263045228723,22.3148301408805,0</coordinates>
      </Point>
    </Placemark>
    <Placemark>
      <Snippet maxLines="0"> </Snippet>
      <description>147
UTC 19-04-2026 05:23:41.83
GpsMilliseconds 1460611439830
22.3148100,87.3263021, EA(2m)
AltWgs84 -16.3 m, EA(1m)
Hdg 164 deg, Spd 0.3 m/s
EA(44.4 deg, 0.7 m/s)</description>
      <Style>
        <IconStyle>
          <Icon>
            <href>http://maps.google.com/mapfiles/kml/shapes/shaded_dot.png</href>
          </Icon>
          <scale>0.6</scale>
          <color>bf00a0f4</color>
        </IconStyle>
      </Style>
      <Point>
        <altitudeMode>clampToGround</altitudeMode>
        <coordinates>87.3263020622501,22.3148099826026,0</coordinates>
      </Point>
    </Placemark>
    <Placemark>
      <Snippet maxLines="0"> </Snippet>
      <description>148
UTC 19-04-2026 05:23:42.84
GpsMilliseconds 1460611440841
22.3148065,87.3263117, EA(2m)
AltWgs84 -16.3 m, EA(1m)
Hdg 137 deg, Spd 0.4 m/s
EA(43.7 deg, 0.7 m/s)</description>
      <Style>
        <IconStyle>
          <Icon>
            <href>http://maps.google.com/mapfiles/kml/shapes/shaded_dot.png</href>
          </Icon>
          <scale>0.6</scale>
          <color>bf00a0f4</color>
        </IconStyle>
      </Style>
      <Point>
        <altitudeMode>clampToGround</altitudeMode>
        <coordinates>87.3263117351724,22.3148064902107,0</coordinates>
      </Point>
    </Placemark>
    <Placemark>
      <Snippet maxLines="0"> </Snippet>
      <description>149
UTC 19-04-2026 05:23:43.82
GpsMilliseconds 1460611441817
22.3148164,87.3263309, EA(2m)
AltWgs84 -16.0 m, EA(1m)
Hdg 89 deg, Spd 0.6 m/s
EA(43.0 deg, 0.7 m/s)</description>
      <Style>
        <IconStyle>
          <Icon>
            <href>http://maps.google.com/mapfiles/kml/shapes/shaded_dot.png</href>
          </Icon>
          <scale>0.6</scale>
          <color>bf00a0f4</color>
        </IconStyle>
      </Style>
      <Point>
        <altitudeMode>clampToGround</altitudeMode>
        <coordinates>87.3263308810989,22.314816378489,0</coordinates>
      </Point>
    </Placemark>
    <Placemark>
      <Snippet maxLines="0"> </Snippet>
      <description>150
UTC 19-04-2026 05:23:44.85
GpsMilliseconds 1460611442852
22.3148261,87.3263262, EA(2m)
AltWgs84 -15.8 m, EA(1m)
Hdg 57 deg, Spd 0.4 m/s
EA(43.4 deg, 0.7 m/s)</description>
      <Style>
        <IconStyle>
          <Icon>
            <href>http://maps.google.com/mapfiles/kml/shapes/shaded_dot.png</href>
          </Icon>
          <scale>0.6</scale>
          <color>bf00a0f4</color>
        </IconStyle>
      </Style>
      <Point>
        <altitudeMode>clampToGround</altitudeMode>
        <coordinates>87.3263262376776,22.3148261274846,0</coordinates>
      </Point>
    </Placemark>
    <Placemark>
      <Snippet maxLines="0"> </Snippet>
      <description>151
UTC 19-04-2026 05:23:45.81
GpsMilliseconds 1460611443814
22.3148417,87.3263235, EA(2m)
AltWgs84 -15.7 m, EA(1m)
Hdg 21 deg, Spd 0.6 m/s
EA(44.1 deg, 0.7 m/s)</description>
      <Style>
        <IconStyle>
          <Icon>
            <href>http://maps.google.com/mapfiles/kml/shapes/shaded_dot.png</href>
          </Icon>
          <scale>0.6</scale>
          <color>bf00a0f4</color>
        </IconStyle>
      </Style>
      <Point>
        <altitudeMode>clampToGround</altitudeMode>
        <coordinates>87.3263235382691,22.3148416986912,0</coordinates>
      </Point>
    </Placemark>
    <Placemark>
      <Snippet maxLines="0"> </Snippet>
      <description>152
UTC 19-04-2026 05:23:46.84
GpsMilliseconds 1460611444838
22.3148529,87.3263263, EA(2m)
AltWgs84 -15.8 m, EA(1m)
Hdg 18 deg, Spd 0.7 m/s
EA(44.2 deg, 0.7 m/s)</description>
      <Style>
        <IconStyle>
          <Icon>
            <href>http://maps.google.com/mapfiles/kml/shapes/shaded_dot.png</href>
          </Icon>
          <scale>0.6</scale>
          <color>bf00a0f4</color>
        </IconStyle>
      </Style>
      <Point>
        <altitudeMode>clampToGround</altitudeMode>
        <coordinates>87.3263262539913,22.314852884881,0</coordinates>
      </Point>
    </Placemark>
    <Placemark>
      <Snippet maxLines="0"> </Snippet>
      <description>153
UTC 19-04-2026 05:23:47.82
GpsMilliseconds 1460611445822
22.3148474,87.3263387, EA(2m)
AltWgs84 -15.9 m, EA(1m)
Hdg 49 deg, Spd 0.6 m/s
EA(43.9 deg, 0.7 m/s)</description>
      <Style>
        <IconStyle>
          <Icon>
            <href>http://maps.google.com/mapfiles/kml/shapes/shaded_dot.png</href>
          </Icon>
          <scale>0.6</scale>
          <color>bf00a0f4</color>
        </IconStyle>
      </Style>
      <Point>
        <altitudeMode>clampToGround</altitudeMode>
        <coordinates>87.326338684327,22.3148474463841,0</coordinates>
      </Point>
    </Placemark>
    <Placemark>
      <Snippet maxLines="0"> </Snippet>
      <description>154
UTC 19-04-2026 05:23:48.85
GpsMilliseconds 1460611446846
22.3148443,87.3263248, EA(2m)
AltWgs84 -16.1 m, EA(1m)
Hdg 6 deg, Spd 0.2 m/s
EA(43.5 deg, 0.7 m/s)</description>
      <Style>
        <IconStyle>
          <Icon>
            <href>http://maps.google.com/mapfiles/kml/shapes/shaded_dot.png</href>
          </Icon>
          <scale>0.6</scale>
          <color>bf00a0f4</color>
        </IconStyle>
      </Style>
      <Point>
        <altitudeMode>clampToGround</altitudeMode>
        <coordinates>87.3263248342284,22.3148442821043,0</coordinates>
      </Point>
    </Placemark>
    <Placemark>
      <Snippet maxLines="0"> </Snippet>
      <description>155
UTC 19-04-2026 05:23:49.83
GpsMilliseconds 1460611447825
22.3148562,87.3263317, EA(2m)
AltWgs84 -16.0 m, EA(1m)
Hdg 21 deg, Spd 0.5 m/s
EA(43.4 deg, 0.7 m/s)</description>
      <Style>
        <IconStyle>
          <Icon>
            <href>http://maps.google.com/mapfiles/kml/shapes/shaded_dot.png</href>
          </Icon>
          <scale>0.6</scale>
          <color>bf00a0f4</color>
        </IconStyle>
      </Style>
      <Point>
        <altitudeMode>clampToGround</altitudeMode>
        <coordinates>87.3263316866258,22.3148561871485,0</coordinates>
      </Point>
    </Placemark>
    <Placemark>
      <Snippet maxLines="0"> </Snippet>
      <description>156
UTC 19-04-2026 05:23:50.82
GpsMilliseconds 1460611448820
22.3148738,87.3263282, EA(2m)
AltWgs84 -16.8 m, EA(1m)
Hdg 4 deg, Spd 0.8 m/s
EA(43.9 deg, 0.7 m/s)</description>
      <Style>
        <IconStyle>
          <Icon>
            <href>http://maps.google.com/mapfiles/kml/shapes/shaded_dot.png</href>
          </Icon>
          <scale>0.6</scale>
          <color>bf00a0f4</color>
        </IconStyle>
      </Style>
      <Point>
        <altitudeMode>clampToGround</altitudeMode>
        <coordinates>87.3263282065302,22.3148738290784,0</coordinates>
      </Point>
    </Placemark>
    <Placemark>
      <Snippet maxLines="0"> </Snippet>
      <description>157
UTC 19-04-2026 05:23:51.85
GpsMilliseconds 1460611449854
22.3148579,87.3263206, EA(2m)
AltWgs84 -16.6 m, EA(1m)
Hdg 327 deg, Spd 0.2 m/s
EA(43.6 deg, 0.7 m/s)</description>
      <Style>
        <IconStyle>
          <Icon>
            <href>http://maps.google.com/mapfiles/kml/shapes/shaded_dot.png</href>
          </Icon>
          <scale>0.6</scale>
          <color>bf00a0f4</color>
        </IconStyle>
      </Style>
      <Point>
        <altitudeMode>clampToGround</altitudeMode>
        <coordinates>87.3263205523748,22.3148578710411,0</coordinates>
      </Point>
    </Placemark>
    <Placemark>
      <Snippet maxLines="0"> </Snippet>
      <description>158
UTC 19-04-2026 05:23:52.82
GpsMilliseconds 1460611450823
22.3148672,87.3263330, EA(2m)
AltWgs84 -17.7 m, EA(1m)
Hdg 26 deg, Spd 0.4 m/s
EA(43.9 deg, 0.7 m/s)</description>
      <Style>
        <IconStyle>
          <Icon>
            <href>http://maps.google.com/mapfiles/kml/shapes/shaded_dot.png</href>
          </Icon>
          <scale>0.6</scale>
          <color>bf00a0f4</color>
        </IconStyle>
      </Style>
      <Point>
        <altitudeMode>clampToGround</altitudeMode>
        <coordinates>87.3263329643842,22.31486724924,0</coordinates>
      </Point>
    </Placemark>
    <Placemark>
      <Snippet maxLines="0"> </Snippet>
      <description>159
UTC 19-04-2026 05:23:53.83
GpsMilliseconds 1460611451833
22.3148610,87.3263299, EA(2m)
AltWgs84 -17.9 m, EA(1m)
Hdg 24 deg, Spd 0.2 m/s
EA(43.8 deg, 0.7 m/s)</description>
      <Style>
        <IconStyle>
          <Icon>
            <href>http://maps.google.com/mapfiles/kml/shapes/shaded_dot.png</href>
          </Icon>
          <scale>0.6</scale>
          <color>bf00a0f4</color>
        </IconStyle>
      </Style>
      <Point>
        <altitudeMode>clampToGround</altitudeMode>
        <coordinates>87.3263298583048,22.3148610090616,0</coordinates>
      </Point>
    </Placemark>
    <Placemark>
      <Snippet maxLines="0"> </Snippet>
      <description>160
UTC 19-04-2026 05:23:54.84
GpsMilliseconds 1460611452842
22.3148633,87.3263164, EA(2m)
AltWgs84 -18.6 m, EA(1m)
Hdg 302 deg, Spd 0.3 m/s
EA(43.7 deg, 0.7 m/s)</description>
      <Style>
        <IconStyle>
          <Icon>
            <href>http://maps.google.com/mapfiles/kml/shapes/shaded_dot.png</href>
          </Icon>
          <scale>0.6</scale>
          <color>bf00a0f4</color>
        </IconStyle>
      </Style>
      <Point>
        <altitudeMode>clampToGround</altitudeMode>
        <coordinates>87.3263164469198,22.3148633101277,0</coordinates>
      </Point>
    </Placemark>
    <Placemark>
      <Snippet maxLines="0"> </Snippet>
      <description>161
UTC 19-04-2026 05:23:55.82
GpsMilliseconds 1460611453820
22.3148591,87.3263164, EA(2m)
AltWgs84 -18.2 m, EA(1m)
Hdg 277 deg, Spd 0.2 m/s
EA(44.4 deg, 0.7 m/s)</description>
      <Style>
        <IconStyle>
          <Icon>
            <href>http://maps.google.com/mapfiles/kml/shapes/shaded_dot.png</href>
          </Icon>
          <scale>0.6</scale>
          <color>bf00a0f4</color>
        </IconStyle>
      </Style>
      <Point>
        <altitudeMode>clampToGround</altitudeMode>
        <coordinates>87.3263164173264,22.3148591094333,0</coordinates>
      </Point>
    </Placemark>
    <Placemark>
      <Snippet maxLines="0"> </Snippet>
      <description>162
UTC 19-04-2026 05:23:56.84
GpsMilliseconds 1460611454843
22.3148469,87.3263226, EA(2m)
AltWgs84 -17.9 m, EA(1m)
Hdg 182 deg, Spd 0.3 m/s
EA(44.1 deg, 0.7 m/s)</description>
      <Style>
        <IconStyle>
          <Icon>
            <href>http://maps.google.com/mapfiles/kml/shapes/shaded_dot.png</href>
          </Icon>
          <scale>0.6</scale>
          <color>bf00a0f4</color>
        </IconStyle>
      </Style>
      <Point>
        <altitudeMode>clampToGround</altitudeMode>
        <coordinates>87.3263225818068,22.314846879812,0</coordinates>
      </Point>
    </Placemark>
    <Placemark>
      <Snippet maxLines="0"> </Snippet>
      <description>163
UTC 19-04-2026 05:23:57.83
GpsMilliseconds 1460611455829
22.3148346,87.3263182, EA(2m)
AltWgs84 -16.9 m, EA(1m)
Hdg 192 deg, Spd 0.5 m/s
EA(43.4 deg, 0.7 m/s)</description>
      <Style>
        <IconStyle>
          <Icon>
            <href>http://maps.google.com/mapfiles/kml/shapes/shaded_dot.png</href>
          </Icon>
          <scale>0.6</scale>
          <color>bf00a0f4</color>
        </IconStyle>
      </Style>
      <Point>
        <altitudeMode>clampToGround</altitudeMode>
        <coordinates>87.3263182364011,22.3148346255733,0</coordinates>
      </Point>
    </Placemark>
    <Placemark>
      <Snippet maxLines="0"> </Snippet>
      <description>164
UTC 19-04-2026 05:23:58.83
GpsMilliseconds 1460611456825
22.3148308,87.3263142, EA(2m)
AltWgs84 -16.5 m, EA(1m)
Hdg 200 deg, Spd 0.5 m/s
EA(43.3 deg, 0.7 m/s)</description>
      <Style>
        <IconStyle>
          <Icon>
            <href>http://maps.google.com/mapfiles/kml/shapes/shaded_dot.png</href>
          </Icon>
          <scale>0.6</scale>
          <color>bf00a0f4</color>
        </IconStyle>
      </Style>
      <Point>
        <altitudeMode>clampToGround</altitudeMode>
        <coordinates>87.3263142208877,22.3148308148629,0</coordinates>
      </Point>
    </Placemark>
    <Placemark>
      <Snippet maxLines="0"> </Snippet>
      <description>165
UTC 19-04-2026 05:23:59.86
GpsMilliseconds 1460611457856
22.3148498,87.3263479, EA(2m)
AltWgs84 -16.8 m, EA(1m)
Hdg 83 deg, Spd 0.6 m/s
EA(43.5 deg, 0.7 m/s)</description>
      <Style>
        <IconStyle>
          <Icon>
            <href>http://maps.google.com/mapfiles/kml/shapes/shaded_dot.png</href>
          </Icon>
          <scale>0.6</scale>
          <color>bf00a0f4</color>
        </IconStyle>
      </Style>
      <Point>
        <altitudeMode>clampToGround</altitudeMode>
        <coordinates>87.3263479149662,22.3148497926369,0</coordinates>
      </Point>
    </Placemark>
    <Placemark>
      <Snippet maxLines="0"> </Snippet>
      <description>166
UTC 19-04-2026 05:24:00.84
GpsMilliseconds 1460611458838
22.3148438,87.3263564, EA(2m)
AltWgs84 -16.2 m, EA(1m)
Hdg 97 deg, Spd 0.7 m/s
EA(43.6 deg, 0.7 m/s)</description>
      <Style>
        <IconStyle>
          <Icon>
            <href>http://maps.google.com/mapfiles/kml/shapes/shaded_dot.png</href>
          </Icon>
          <scale>0.6</scale>
          <color>bf00a0f4</color>
        </IconStyle>
      </Style>
      <Point>
        <altitudeMode>clampToGround</altitudeMode>
        <coordinates>87.3263563521089,22.3148437577072,0</coordinates>
      </Point>
    </Placemark>
    <Placemark>
      <Snippet maxLines="0"> </Snippet>
      <description>167
UTC 19-04-2026 05:24:01.85
GpsMilliseconds 1460611459851
22.3148635,87.3263433, EA(2m)
AltWgs84 -16.4 m, EA(1m)
Hdg 26 deg, Spd 0.5 m/s
EA(43.8 deg, 0.7 m/s)</description>
      <Style>
        <IconStyle>
          <Icon>
            <href>http://maps.google.com/mapfiles/kml/shapes/shaded_dot.png</href>
          </Icon>
          <scale>0.6</scale>
          <color>bf00a0f4</color>
        </IconStyle>
      </Style>
      <Point>
        <altitudeMode>clampToGround</altitudeMode>
        <coordinates>87.3263432748074,22.3148635495253,0</coordinates>
      </Point>
    </Placemark>
    <Placemark>
      <Snippet maxLines="0"> </Snippet>
      <description>168
UTC 19-04-2026 05:24:02.83
GpsMilliseconds 1460611460829
22.3148412,87.3263319, EA(2m)
AltWgs84 -15.6 m, EA(1m)
Hdg 209 deg, Spd 0.2 m/s
EA(43.6 deg, 0.7 m/s)</description>
      <Style>
        <IconStyle>
          <Icon>
            <href>http://maps.google.com/mapfiles/kml/shapes/shaded_dot.png</href>
          </Icon>
          <scale>0.6</scale>
          <color>bf00a0f4</color>
        </IconStyle>
      </Style>
      <Point>
        <altitudeMode>clampToGround</altitudeMode>
        <coordinates>87.3263318708169,22.3148412015855,0</coordinates>
      </Point>
    </Placemark>
    <Placemark>
      <Snippet maxLines="0"> </Snippet>
      <description>169
UTC 19-04-2026 05:24:03.83
GpsMilliseconds 1460611461826
22.3148418,87.3263368, EA(2m)
AltWgs84 -15.4 m, EA(1m)
Hdg 170 deg, Spd 0.2 m/s
EA(43.0 deg, 0.7 m/s)</description>
      <Style>
        <IconStyle>
          <Icon>
            <href>http://maps.google.com/mapfiles/kml/shapes/shaded_dot.png</href>
          </Icon>
          <scale>0.6</scale>
          <color>bf00a0f4</color>
        </IconStyle>
      </Style>
      <Point>
        <altitudeMode>clampToGround</altitudeMode>
        <coordinates>87.3263367645239,22.3148417584129,0</coordinates>
      </Point>
    </Placemark>
    <Placemark>
      <Snippet maxLines="0"> </Snippet>
      <description>170
UTC 19-04-2026 05:24:04.86
GpsMilliseconds 1460611462863
22.3148463,87.3263328, EA(2m)
AltWgs84 -15.6 m, EA(1m)
Hdg 262 deg, Spd 0.1 m/s
EA(43.3 deg, 0.7 m/s)</description>
      <Style>
        <IconStyle>
          <Icon>
            <href>http://maps.google.com/mapfiles/kml/shapes/shaded_dot.png</href>
          </Icon>
          <scale>0.6</scale>
          <color>bf00a0f4</color>
        </IconStyle>
      </Style>
      <Point>
        <altitudeMode>clampToGround</altitudeMode>
        <coordinates>87.32633284212,22.3148462758791,0</coordinates>
      </Point>
    </Placemark>
    <Placemark>
      <Snippet maxLines="0"> </Snippet>
      <description>171
UTC 19-04-2026 05:24:05.84
GpsMilliseconds 1460611463838
22.3148567,87.3263310, EA(2m)
AltWgs84 -15.3 m, EA(1m)
Hdg 338 deg, Spd 0.3 m/s
EA(42.4 deg, 0.7 m/s)</description>
      <Style>
        <IconStyle>
          <Icon>
            <href>http://maps.google.com/mapfiles/kml/shapes/shaded_dot.png</href>
          </Icon>
          <scale>0.6</scale>
          <color>bf00a0f4</color>
        </IconStyle>
      </Style>
      <Point>
        <altitudeMode>clampToGround</altitudeMode>
        <coordinates>87.3263309547117,22.3148566797303,0</coordinates>
      </Point>
    </Placemark>
    <Placemark>
      <Snippet maxLines="0"> </Snippet>
      <description>172
UTC 19-04-2026 05:24:06.83
GpsMilliseconds 1460611464832
22.3148858,87.3263440, EA(2m)
AltWgs84 -15.5 m, EA(1m)
Hdg 16 deg, Spd 0.9 m/s
EA(43.4 deg, 0.7 m/s)</description>
      <Style>
        <IconStyle>
          <Icon>
            <href>http://maps.google.com/mapfiles/kml/shapes/shaded_dot.png</href>
          </Icon>
          <scale>0.6</scale>
          <color>bf00a0f4</color>
        </IconStyle>
      </Style>
      <Point>
        <altitudeMode>clampToGround</altitudeMode>
        <coordinates>87.3263439594558,22.3148858349728,0</coordinates>
      </Point>
    </Placemark>
    <Placemark>
      <Snippet maxLines="0"> </Snippet>
      <description>173
UTC 19-04-2026 05:24:07.86
GpsMilliseconds 1460611465857
22.3148998,87.3263726, EA(2m)
AltWgs84 -14.7 m, EA(1m)
Hdg 41 deg, Spd 1.3 m/s
EA(43.2 deg, 0.7 m/s)</description>
      <Style>
        <IconStyle>
          <Icon>
            <href>http://maps.google.com/mapfiles/kml/shapes/shaded_dot.png</href>
          </Icon>
          <scale>0.6</scale>
          <color>bf00a0f4</color>
        </IconStyle>
      </Style>
      <Point>
        <altitudeMode>clampToGround</altitudeMode>
        <coordinates>87.3263725936775,22.31489981516,0</coordinates>
      </Point>
    </Placemark>
    <Placemark>
      <Snippet maxLines="0"> </Snippet>
      <description>174
UTC 19-04-2026 05:24:08.83
GpsMilliseconds 1460611466832
22.3148999,87.3263603, EA(2m)
AltWgs84 -13.6 m, EA(1m)
Hdg 24 deg, Spd 0.8 m/s
EA(42.8 deg, 0.7 m/s)</description>
      <Style>
        <IconStyle>
          <Icon>
            <href>http://maps.google.com/mapfiles/kml/shapes/shaded_dot.png</href>
          </Icon>
          <scale>0.6</scale>
          <color>bf00a0f4</color>
        </IconStyle>
      </Style>
      <Point>
        <altitudeMode>clampToGround</altitudeMode>
        <coordinates>87.3263602617097,22.3148999187086,0</coordinates>
      </Point>
    </Placemark>
    <Placemark>
      <Snippet maxLines="0"> </Snippet>
      <description>175
UTC 19-04-2026 05:24:09.86
GpsMilliseconds 1460611467863
22.3149083,87.3263730, EA(2m)
AltWgs84 -13.4 m, EA(1m)
Hdg 35 deg, Spd 0.9 m/s
EA(42.7 deg, 0.7 m/s)</description>
      <Style>
        <IconStyle>
          <Icon>
            <href>http://maps.google.com/mapfiles/kml/shapes/shaded_dot.png</href>
          </Icon>
          <scale>0.6</scale>
          <color>bf00a0f4</color>
        </IconStyle>
      </Style>
      <Point>
        <altitudeMode>clampToGround</altitudeMode>
        <coordinates>87.326373009171,22.3149083202,0</coordinates>
      </Point>
    </Placemark>
    <Placemark>
      <Snippet maxLines="0"> </Snippet>
      <description>176
UTC 19-04-2026 05:24:10.83
GpsMilliseconds 1460611468834
22.3149273,87.3263859, EA(2m)
AltWgs84 -13.6 m, EA(1m)
Hdg 34 deg, Spd 1.2 m/s
EA(42.1 deg, 0.7 m/s)</description>
      <Style>
        <IconStyle>
          <Icon>
            <href>http://maps.google.com/mapfiles/kml/shapes/shaded_dot.png</href>
          </Icon>
          <scale>0.6</scale>
          <color>bf00a0f4</color>
        </IconStyle>
      </Style>
      <Point>
        <altitudeMode>clampToGround</altitudeMode>
        <coordinates>87.3263858864794,22.3149273269543,0</coordinates>
      </Point>
    </Placemark>
    <Placemark>
      <Snippet maxLines="0"> </Snippet>
      <description>177
UTC 19-04-2026 05:24:11.84
GpsMilliseconds 1460611469838
22.3149243,87.3263835, EA(2m)
AltWgs84 -12.9 m, EA(1m)
Hdg 32 deg, Spd 0.9 m/s
EA(42.9 deg, 0.7 m/s)</description>
      <Style>
        <IconStyle>
          <Icon>
            <href>http://maps.google.com/mapfiles/kml/shapes/shaded_dot.png</href>
          </Icon>
          <scale>0.6</scale>
          <color>bf00a0f4</color>
        </IconStyle>
      </Style>
      <Point>
        <altitudeMode>clampToGround</altitudeMode>
        <coordinates>87.3263834615655,22.3149243126098,0</coordinates>
      </Point>
    </Placemark>
    <Placemark>
      <Snippet maxLines="0"> </Snippet>
      <description>178
UTC 19-04-2026 05:24:12.86
GpsMilliseconds 1460611470861
22.3148888,87.3263527, EA(2m)
AltWgs84 -12.3 m, EA(1m)
Hdg 237 deg, Spd 0.5 m/s
EA(42.8 deg, 0.7 m/s)</description>
      <Style>
        <IconStyle>
          <Icon>
            <href>http://maps.google.com/mapfiles/kml/shapes/shaded_dot.png</href>
          </Icon>
          <scale>0.6</scale>
          <color>bf00a0f4</color>
        </IconStyle>
      </Style>
      <Point>
        <altitudeMode>clampToGround</altitudeMode>
        <coordinates>87.3263526811176,22.314888757673,0</coordinates>
      </Point>
    </Placemark>
    <Placemark>
      <Snippet maxLines="0"> </Snippet>
      <description>179
UTC 19-04-2026 05:24:13.83
GpsMilliseconds 1460611471833
22.3148825,87.3263633, EA(2m)
AltWgs84 -12.2 m, EA(1m)
Hdg 187 deg, Spd 0.3 m/s
EA(42.7 deg, 0.7 m/s)</description>
      <Style>
        <IconStyle>
          <Icon>
            <href>http://maps.google.com/mapfiles/kml/shapes/shaded_dot.png</href>
          </Icon>
          <scale>0.6</scale>
          <color>bf00a0f4</color>
        </IconStyle>
      </Style>
      <Point>
        <altitudeMode>clampToGround</altitudeMode>
        <coordinates>87.3263632981636,22.3148825229829,0</coordinates>
      </Point>
    </Placemark>
    <Placemark>
      <Snippet maxLines="0"> </Snippet>
      <description>180
UTC 19-04-2026 05:24:14.86
GpsMilliseconds 1460611472858
22.3148879,87.3263757, EA(2m)
AltWgs84 -12.4 m, EA(1m)
Hdg 117 deg, Spd 0.3 m/s
EA(42.7 deg, 0.7 m/s)</description>
      <Style>
        <IconStyle>
          <Icon>
            <href>http://maps.google.com/mapfiles/kml/shapes/shaded_dot.png</href>
          </Icon>
          <scale>0.6</scale>
          <color>bf00a0f4</color>
        </IconStyle>
      </Style>
      <Point>
        <altitudeMode>clampToGround</altitudeMode>
        <coordinates>87.3263756957023,22.3148878566177,0</coordinates>
      </Point>
    </Placemark>
    <Placemark>
      <Snippet maxLines="0"> </Snippet>
      <description>181
UTC 19-04-2026 05:24:15.85
GpsMilliseconds 1460611473850
22.3148864,87.3263751, EA(2m)
AltWgs84 -12.6 m, EA(1m)
Hdg 128 deg, Spd 0.2 m/s
EA(42.7 deg, 0.7 m/s)</description>
      <Style>
        <IconStyle>
          <Icon>
            <href>http://maps.google.com/mapfiles/kml/shapes/shaded_dot.png</href>
          </Icon>
          <scale>0.6</scale>
          <color>bf00a0f4</color>
        </IconStyle>
      </Style>
      <Point>
        <altitudeMode>clampToGround</altitudeMode>
        <coordinates>87.3263750509695,22.3148864405724,0</coordinates>
      </Point>
    </Placemark>
    <Placemark>
      <Snippet maxLines="0"> </Snippet>
      <description>182
UTC 19-04-2026 05:24:16.86
GpsMilliseconds 1460611474855
22.3148945,87.3263908, EA(2m)
AltWgs84 -12.8 m, EA(1m)
Hdg 81 deg, Spd 0.5 m/s
EA(42.3 deg, 0.7 m/s)</description>
      <Style>
        <IconStyle>
          <Icon>
            <href>http://maps.google.com/mapfiles/kml/shapes/shaded_dot.png</href>
          </Icon>
          <scale>0.6</scale>
          <color>bf00a0f4</color>
        </IconStyle>
      </Style>
      <Point>
        <altitudeMode>clampToGround</altitudeMode>
        <coordinates>87.3263908330511,22.3148945251392,0</coordinates>
      </Point>
    </Placemark>
    <Placemark>
      <Snippet maxLines="0"> </Snippet>
      <description>183
UTC 19-04-2026 05:24:17.84
GpsMilliseconds 1460611475836
22.3148711,87.3263937, EA(2m)
AltWgs84 -11.9 m, EA(1m)
Hdg 137 deg, Spd 0.6 m/s
EA(42.3 deg, 0.7 m/s)</description>
      <Style>
        <IconStyle>
          <Icon>
            <href>http://maps.google.com/mapfiles/kml/shapes/shaded_dot.png</href>
          </Icon>
          <scale>0.6</scale>
          <color>bf00a0f4</color>
        </IconStyle>
      </Style>
      <Point>
        <altitudeMode>clampToGround</altitudeMode>
        <coordinates>87.3263937176948,22.3148710996642,0</coordinates>
      </Point>
    </Placemark>
    <Placemark>
      <Snippet maxLines="0"> </Snippet>
      <description>184
UTC 19-04-2026 05:24:18.85
GpsMilliseconds 1460611476845
22.3148689,87.3264140, EA(2m)
AltWgs84 -12.1 m, EA(1m)
Hdg 117 deg, Spd 0.9 m/s
EA(42.9 deg, 0.7 m/s)</description>
      <Style>
        <IconStyle>
          <Icon>
            <href>http://maps.google.com/mapfiles/kml/shapes/shaded_dot.png</href>
          </Icon>
          <scale>0.6</scale>
          <color>bf00a0f4</color>
        </IconStyle>
      </Style>
      <Point>
        <altitudeMode>clampToGround</altitudeMode>
        <coordinates>87.3264139919713,22.314868858031,0</coordinates>
      </Point>
    </Placemark>
    <Placemark>
      <Snippet maxLines="0"> </Snippet>
      <description>185
UTC 19-04-2026 05:24:19.86
GpsMilliseconds 1460611477860
22.3148727,87.3264126, EA(2m)
AltWgs84 -12.9 m, EA(1m)
Hdg 113 deg, Spd 0.6 m/s
EA(42.5 deg, 0.7 m/s)</description>
      <Style>
        <IconStyle>
          <Icon>
            <href>http://maps.google.com/mapfiles/kml/shapes/shaded_dot.png</href>
          </Icon>
          <scale>0.6</scale>
          <color>bf00a0f4</color>
        </IconStyle>
      </Style>
      <Point>
        <altitudeMode>clampToGround</altitudeMode>
        <coordinates>87.3264126498557,22.3148726577073,0</coordinates>
      </Point>
    </Placemark>
    <Placemark>
      <Snippet maxLines="0"> </Snippet>
      <description>186
UTC 19-04-2026 05:24:20.85
GpsMilliseconds 1460611478847
22.3148719,87.3264138, EA(2m)
AltWgs84 -12.9 m, EA(1m)
Hdg 115 deg, Spd 0.5 m/s
EA(42.9 deg, 0.7 m/s)</description>
      <Style>
        <IconStyle>
          <Icon>
            <href>http://maps.google.com/mapfiles/kml/shapes/shaded_dot.png</href>
          </Icon>
          <scale>0.6</scale>
          <color>bf00a0f4</color>
        </IconStyle>
      </Style>
      <Point>
        <altitudeMode>clampToGround</altitudeMode>
        <coordinates>87.3264138058029,22.314871919307,0</coordinates>
      </Point>
    </Placemark>
    <Placemark>
      <Snippet maxLines="0"> </Snippet>
      <description>187
UTC 19-04-2026 05:24:21.86
GpsMilliseconds 1460611479856
22.3148646,87.3264145, EA(2m)
AltWgs84 -12.7 m, EA(1m)
Hdg 134 deg, Spd 0.5 m/s
EA(42.8 deg, 0.7 m/s)</description>
      <Style>
        <IconStyle>
          <Icon>
            <href>http://maps.google.com/mapfiles/kml/shapes/shaded_dot.png</href>
          </Icon>
          <scale>0.6</scale>
          <color>bf00a0f4</color>
        </IconStyle>
      </Style>
      <Point>
        <altitudeMode>clampToGround</altitudeMode>
        <coordinates>87.3264145064483,22.3148645676604,0</coordinates>
      </Point>
    </Placemark>
    <Placemark>
      <Snippet maxLines="0"> </Snippet>
      <description>188
UTC 19-04-2026 05:24:22.85
GpsMilliseconds 1460611480849
22.3148485,87.3263903, EA(2m)
AltWgs84 -12.4 m, EA(1m)
Hdg 207 deg, Spd 0.7 m/s
EA(42.8 deg, 0.7 m/s)</description>
      <Style>
        <IconStyle>
          <Icon>
            <href>http://maps.google.com/mapfiles/kml/shapes/shaded_dot.png</href>
          </Icon>
          <scale>0.6</scale>
          <color>bf00a0f4</color>
        </IconStyle>
      </Style>
      <Point>
        <altitudeMode>clampToGround</altitudeMode>
        <coordinates>87.3263903409556,22.3148485308768,0</coordinates>
      </Point>
    </Placemark>
    <Placemark>
      <Snippet maxLines="0"> </Snippet>
      <description>189
UTC 19-04-2026 05:24:23.83
GpsMilliseconds 1460611481834
22.3148433,87.3263870, EA(2m)
AltWgs84 -13.2 m, EA(1m)
Hdg 208 deg, Spd 0.7 m/s
EA(42.3 deg, 0.7 m/s)</description>
      <Style>
        <IconStyle>
          <Icon>
            <href>http://maps.google.com/mapfiles/kml/shapes/shaded_dot.png</href>
          </Icon>
          <scale>0.6</scale>
          <color>bf00a0f4</color>
        </IconStyle>
      </Style>
      <Point>
        <altitudeMode>clampToGround</altitudeMode>
        <coordinates>87.3263870410387,22.3148433198964,0</coordinates>
      </Point>
    </Placemark>
    <Placemark>
      <Snippet maxLines="0"> </Snippet>
      <description>190
UTC 19-04-2026 05:24:24.87
GpsMilliseconds 1460611482868
22.3148257,87.3263823, EA(2m)
AltWgs84 -13.1 m, EA(1m)
Hdg 201 deg, Spd 0.9 m/s
EA(42.1 deg, 0.7 m/s)</description>
      <Style>
        <IconStyle>
          <Icon>
            <href>http://maps.google.com/mapfiles/kml/shapes/shaded_dot.png</href>
          </Icon>
          <scale>0.6</scale>
          <color>bf00a0f4</color>
        </IconStyle>
      </Style>
      <Point>
        <altitudeMode>clampToGround</altitudeMode>
        <coordinates>87.3263823472958,22.3148257108164,0</coordinates>
      </Point>
    </Placemark>
    <Placemark>
      <Snippet maxLines="0"> </Snippet>
      <description>191
UTC 19-04-2026 05:24:25.84
GpsMilliseconds 1460611483839
22.3148262,87.3263610, EA(2m)
AltWgs84 -12.2 m, EA(1m)
Hdg 230 deg, Spd 1.0 m/s
EA(42.8 deg, 0.7 m/s)</description>
      <Style>
        <IconStyle>
          <Icon>
            <href>http://maps.google.com/mapfiles/kml/shapes/shaded_dot.png</href>
          </Icon>
          <scale>0.6</scale>
          <color>bf00a0f4</color>
        </IconStyle>
      </Style>
      <Point>
        <altitudeMode>clampToGround</altitudeMode>
        <coordinates>87.3263609832866,22.3148262238088,0</coordinates>
      </Point>
    </Placemark>
    <Placemark>
      <Snippet maxLines="0"> </Snippet>
      <description>192
UTC 19-04-2026 05:24:26.86
GpsMilliseconds 1460611484862
22.3148353,87.3263369, EA(2m)
AltWgs84 -12.7 m, EA(1m)
Hdg 255 deg, Spd 1.1 m/s
EA(42.4 deg, 0.7 m/s)</description>
      <Style>
        <IconStyle>
          <Icon>
            <href>http://maps.google.com/mapfiles/kml/shapes/shaded_dot.png</href>
          </Icon>
          <scale>0.6</scale>
          <color>bf00a0f4</color>
        </IconStyle>
      </Style>
      <Point>
        <altitudeMode>clampToGround</altitudeMode>
        <coordinates>87.3263368721679,22.3148353185127,0</coordinates>
      </Point>
    </Placemark>
    <Placemark>
      <Snippet maxLines="0"> </Snippet>
      <description>193
UTC 19-04-2026 05:24:27.86
GpsMilliseconds 1460611485856
22.3148361,87.3263160, EA(2m)
AltWgs84 -12.6 m, EA(1m)
Hdg 261 deg, Spd 1.3 m/s
EA(42.5 deg, 0.7 m/s)</description>
      <Style>
        <IconStyle>
          <Icon>
            <href>http://maps.google.com/mapfiles/kml/shapes/shaded_dot.png</href>
          </Icon>
          <scale>0.6</scale>
          <color>bf00a0f4</color>
        </IconStyle>
      </Style>
      <Point>
        <altitudeMode>clampToGround</altitudeMode>
        <coordinates>87.3263160052509,22.3148361212401,0</coordinates>
      </Point>
    </Placemark>
    <Placemark>
      <Snippet maxLines="0"> </Snippet>
      <description>194
UTC 19-04-2026 05:24:28.84
GpsMilliseconds 1460611486843
22.3148411,87.3263125, EA(2m)
AltWgs84 -12.5 m, EA(1m)
Hdg 267 deg, Spd 1.0 m/s
EA(42.7 deg, 0.7 m/s)</description>
      <Style>
        <IconStyle>
          <Icon>
            <href>http://maps.google.com/mapfiles/kml/shapes/shaded_dot.png</href>
          </Icon>
          <scale>0.6</scale>
          <color>bf00a0f4</color>
        </IconStyle>
      </Style>
      <Point>
        <altitudeMode>clampToGround</altitudeMode>
        <coordinates>87.3263124502368,22.3148410944697,0</coordinates>
      </Point>
    </Placemark>
    <Placemark>
      <Snippet maxLines="0"> </Snippet>
      <description>195
UTC 19-04-2026 05:24:29.87
GpsMilliseconds 1460611487867
22.3148532,87.3263051, EA(2m)
AltWgs84 -12.9 m, EA(1m)
Hdg 285 deg, Spd 1.0 m/s
EA(42.5 deg, 0.7 m/s)</description>
      <Style>
        <IconStyle>
          <Icon>
            <href>http://maps.google.com/mapfiles/kml/shapes/shaded_dot.png</href>
          </Icon>
          <scale>0.6</scale>
          <color>bf00a0f4</color>
        </IconStyle>
      </Style>
      <Point>
        <altitudeMode>clampToGround</altitudeMode>
        <coordinates>87.3263050987481,22.3148531814169,0</coordinates>
      </Point>
    </Placemark>
    <Placemark>
      <Snippet maxLines="0"> </Snippet>
      <description>196
UTC 19-04-2026 05:24:30.85
GpsMilliseconds 1460611488848
22.3148590,87.3263236, EA(2m)
AltWgs84 -13.1 m, EA(1m)
Hdg 324 deg, Spd 0.4 m/s
EA(42.7 deg, 0.7 m/s)</description>
      <Style>
        <IconStyle>
          <Icon>
            <href>http://maps.google.com/mapfiles/kml/shapes/shaded_dot.png</href>
          </Icon>
          <scale>0.6</scale>
          <color>bf00a0f4</color>
        </IconStyle>
      </Style>
      <Point>
        <altitudeMode>clampToGround</altitudeMode>
        <coordinates>87.3263236409244,22.3148590447985,0</coordinates>
      </Point>
    </Placemark>
    <Placemark>
      <Snippet maxLines="0"> </Snippet>
      <description>197
UTC 19-04-2026 05:24:31.86
GpsMilliseconds 1460611489864
22.3148415,87.3263182, EA(2m)
AltWgs84 -12.1 m, EA(1m)
Hdg 242 deg, Spd 0.3 m/s
EA(42.6 deg, 0.7 m/s)</description>
      <Style>
        <IconStyle>
          <Icon>
            <href>http://maps.google.com/mapfiles/kml/shapes/shaded_dot.png</href>
          </Icon>
          <scale>0.6</scale>
          <color>bf00a0f4</color>
        </IconStyle>
      </Style>
      <Point>
        <altitudeMode>clampToGround</altitudeMode>
        <coordinates>87.3263182161105,22.314841519591,0</coordinates>
      </Point>
    </Placemark>
    <Placemark>
      <Snippet maxLines="0"> </Snippet>
      <description>198
UTC 19-04-2026 05:24:32.86
GpsMilliseconds 1460611490856
22.3148412,87.3263195, EA(2m)
AltWgs84 -11.9 m, EA(1m)
Hdg 236 deg, Spd 0.2 m/s
EA(42.4 deg, 0.7 m/s)</description>
      <Style>
        <IconStyle>
          <Icon>
            <href>http://maps.google.com/mapfiles/kml/shapes/shaded_dot.png</href>
          </Icon>
          <scale>0.6</scale>
          <color>bf00a0f4</color>
        </IconStyle>
      </Style>
      <Point>
        <altitudeMode>clampToGround</altitudeMode>
        <coordinates>87.3263195352797,22.3148411777301,0</coordinates>
      </Point>
    </Placemark>
    <Placemark>
      <Snippet maxLines="0"> </Snippet>
      <description>199
UTC 19-04-2026 05:24:33.84
GpsMilliseconds 1460611491840
22.3148462,87.3263077, EA(2m)
AltWgs84 -12.3 m, EA(1m)
Hdg 273 deg, Spd 0.4 m/s
EA(42.5 deg, 0.7 m/s)</description>
      <Style>
        <IconStyle>
          <Icon>
            <href>http://maps.google.com/mapfiles/kml/shapes/shaded_dot.png</href>
          </Icon>
          <scale>0.6</scale>
          <color>bf00a0f4</color>
        </IconStyle>
      </Style>
      <Point>
        <altitudeMode>clampToGround</altitudeMode>
        <coordinates>87.3263077227326,22.3148461797156,0</coordinates>
      </Point>
    </Placemark>
    <Placemark>
      <Snippet maxLines="0"> </Snippet>
      <description>200
UTC 19-04-2026 05:24:34.87
GpsMilliseconds 1460611492873
22.3148534,87.3263153, EA(2m)
AltWgs84 -12.3 m, EA(1m)
Hdg 326 deg, Spd 0.2 m/s
EA(42.7 deg, 0.7 m/s)</description>
      <Style>
        <IconStyle>
          <Icon>
            <href>http://maps.google.com/mapfiles/kml/shapes/shaded_dot.png</href>
          </Icon>
          <scale>0.6</scale>
          <color>bf00a0f4</color>
        </IconStyle>
      </Style>
      <Point>
        <altitudeMode>clampToGround</altitudeMode>
        <coordinates>87.326315260476,22.3148533530401,0</coordinates>
      </Point>
    </Placemark>
    <Placemark>
      <Snippet maxLines="0"> </Snippet>
      <description>201
UTC 19-04-2026 05:24:35.84
GpsMilliseconds 1460611493843
22.3148706,87.3263295, EA(2m)
AltWgs84 -12.4 m, EA(1m)
Hdg 26 deg, Spd 0.6 m/s
EA(42.8 deg, 0.7 m/s)</description>
      <Style>
        <IconStyle>
          <Icon>
            <href>http://maps.google.com/mapfiles/kml/shapes/shaded_dot.png</href>
          </Icon>
          <scale>0.6</scale>
          <color>bf00a0f4</color>
        </IconStyle>
      </Style>
      <Point>
        <altitudeMode>clampToGround</altitudeMode>
        <coordinates>87.3263294518939,22.3148706448063,0</coordinates>
      </Point>
    </Placemark>
    <Placemark>
      <Snippet maxLines="0"> </Snippet>
      <description>202
UTC 19-04-2026 05:24:36.87
GpsMilliseconds 1460611494867
22.3148825,87.3263440, EA(2m)
AltWgs84 -12.7 m, EA(1m)
Hdg 38 deg, Spd 0.9 m/s
EA(42.7 deg, 0.7 m/s)</description>
      <Style>
        <IconStyle>
          <Icon>
            <href>http://maps.google.com/mapfiles/kml/shapes/shaded_dot.png</href>
          </Icon>
          <scale>0.6</scale>
          <color>bf00a0f4</color>
        </IconStyle>
      </Style>
      <Point>
        <altitudeMode>clampToGround</altitudeMode>
        <coordinates>87.3263440386815,22.3148824623451,0</coordinates>
      </Point>
    </Placemark>
    <Placemark>
      <Snippet maxLines="0"> </Snippet>
      <description>203
UTC 19-04-2026 05:24:37.85
GpsMilliseconds 1460611495848
22.3149039,87.3263801, EA(2m)
AltWgs84 -12.7 m, EA(1m)
Hdg 51 deg, Spd 1.6 m/s
EA(42.9 deg, 0.7 m/s)</description>
      <Style>
        <IconStyle>
          <Icon>
            <href>http://maps.google.com/mapfiles/kml/shapes/shaded_dot.png</href>
          </Icon>
          <scale>0.6</scale>
          <color>bf00a0f4</color>
        </IconStyle>
      </Style>
      <Point>
        <altitudeMode>clampToGround</altitudeMode>
        <coordinates>87.3263801277611,22.3149039401506,0</coordinates>
      </Point>
    </Placemark>
    <Placemark>
      <Snippet maxLines="0"> </Snippet>
      <description>204
UTC 19-04-2026 05:24:38.85
GpsMilliseconds 1460611496852
22.3149116,87.3264032, EA(2m)
AltWgs84 -12.5 m, EA(1m)
Hdg 57 deg, Spd 1.7 m/s
EA(42.4 deg, 0.7 m/s)</description>
      <Style>
        <IconStyle>
          <Icon>
            <href>http://maps.google.com/mapfiles/kml/shapes/shaded_dot.png</href>
          </Icon>
          <scale>0.6</scale>
          <color>bf00a0f4</color>
        </IconStyle>
      </Style>
      <Point>
        <altitudeMode>clampToGround</altitudeMode>
        <coordinates>87.3264031707884,22.3149115976554,0</coordinates>
      </Point>
    </Placemark>
    <Placemark>
      <Snippet maxLines="0"> </Snippet>
      <description>205
UTC 19-04-2026 05:24:39.87
GpsMilliseconds 1460611497869
22.3148887,87.3263985, EA(2m)
AltWgs84 -11.6 m, EA(1m)
Hdg 78 deg, Spd 1.0 m/s
EA(42.2 deg, 0.7 m/s)</description>
      <Style>
        <IconStyle>
          <Icon>
            <href>http://maps.google.com/mapfiles/kml/shapes/shaded_dot.png</href>
          </Icon>
          <scale>0.6</scale>
          <color>bf00a0f4</color>
        </IconStyle>
      </Style>
      <Point>
        <altitudeMode>clampToGround</altitudeMode>
        <coordinates>87.3263984516227,22.3148886619752,0</coordinates>
      </Point>
    </Placemark>
    <Placemark>
      <Snippet maxLines="0"> </Snippet>
      <description>206
UTC 19-04-2026 05:24:40.85
GpsMilliseconds 1460611498847
22.3148705,87.3263790, EA(2m)
AltWgs84 -10.5 m, EA(1m)
Hdg 140 deg, Spd 0.3 m/s
EA(42.7 deg, 0.7 m/s)</description>
      <Style>
        <IconStyle>
          <Icon>
            <href>http://maps.google.com/mapfiles/kml/shapes/shaded_dot.png</href>
          </Icon>
          <scale>0.6</scale>
          <color>bf00a0f4</color>
        </IconStyle>
      </Style>
      <Point>
        <altitudeMode>clampToGround</altitudeMode>
        <coordinates>87.326378957814,22.3148704969036,0</coordinates>
      </Point>
    </Placemark>
    <Placemark>
      <Snippet maxLines="0"> </Snippet>
      <description>207
UTC 19-04-2026 05:24:41.87
GpsMilliseconds 1460611499874
22.3148600,87.3263765, EA(2m)
AltWgs84 -9.7 m, EA(1m)
Hdg 167 deg, Spd 0.4 m/s
EA(42.3 deg, 0.7 m/s)</description>
      <Style>
        <IconStyle>
          <Icon>
            <href>http://maps.google.com/mapfiles/kml/shapes/shaded_dot.png</href>
          </Icon>
          <scale>0.6</scale>
          <color>bf00a0f4</color>
        </IconStyle>
      </Style>
      <Point>
        <altitudeMode>clampToGround</altitudeMode>
        <coordinates>87.3263764946046,22.314860035075,0</coordinates>
      </Point>
    </Placemark>
    <Placemark>
      <Snippet maxLines="0"> </Snippet>
      <description>208
UTC 19-04-2026 05:24:42.85
GpsMilliseconds 1460611500851
22.3148574,87.3263710, EA(2m)
AltWgs84 -9.2 m, EA(1m)
Hdg 188 deg, Spd 0.4 m/s
EA(42.5 deg, 0.7 m/s)</description>
      <Style>
        <IconStyle>
          <Icon>
            <href>http://maps.google.com/mapfiles/kml/shapes/shaded_dot.png</href>
          </Icon>
          <scale>0.6</scale>
          <color>bf00a0f4</color>
        </IconStyle>
      </Style>
      <Point>
        <altitudeMode>clampToGround</altitudeMode>
        <coordinates>87.3263709831926,22.3148574279085,0</coordinates>
      </Point>
    </Placemark>
    <Placemark>
      <Snippet maxLines="0"> </Snippet>
      <description>209
UTC 19-04-2026 05:24:43.86
GpsMilliseconds 1460611501855
22.3148627,87.3263656, EA(2m)
AltWgs84 -8.8 m, EA(1m)
Hdg 223 deg, Spd 0.2 m/s
EA(42.4 deg, 0.7 m/s)</description>
      <Style>
        <IconStyle>
          <Icon>
            <href>http://maps.google.com/mapfiles/kml/shapes/shaded_dot.png</href>
          </Icon>
          <scale>0.6</scale>
          <color>bf00a0f4</color>
        </IconStyle>
      </Style>
      <Point>
        <altitudeMode>clampToGround</altitudeMode>
        <coordinates>87.3263655809356,22.3148627424217,0</coordinates>
      </Point>
    </Placemark>
    <Placemark>
      <Snippet maxLines="0"> </Snippet>
      <description>210
UTC 19-04-2026 05:24:44.88
GpsMilliseconds 1460611502878
22.3148645,87.3263787, EA(2m)
AltWgs84 -8.6 m, EA(1m)
Hdg 118 deg, Spd 0.2 m/s
EA(42.3 deg, 0.7 m/s)</description>
      <Style>
        <IconStyle>
          <Icon>
            <href>http://maps.google.com/mapfiles/kml/shapes/shaded_dot.png</href>
          </Icon>
          <scale>0.6</scale>
          <color>bf00a0f4</color>
        </IconStyle>
      </Style>
      <Point>
        <altitudeMode>clampToGround</altitudeMode>
        <coordinates>87.3263787116603,22.3148645137939,0</coordinates>
      </Point>
    </Placemark>
    <Placemark>
      <Snippet maxLines="0"> </Snippet>
      <description>211
UTC 19-04-2026 05:24:45.86
GpsMilliseconds 1460611503855
22.3148658,87.3263740, EA(2m)
AltWgs84 -8.4 m, EA(1m)
Hdg 153 deg, Spd 0.1 m/s
EA(42.3 deg, 0.7 m/s)</description>
      <Style>
        <IconStyle>
          <Icon>
            <href>http://maps.google.com/mapfiles/kml/shapes/shaded_dot.png</href>
          </Icon>
          <scale>0.6</scale>
          <color>bf00a0f4</color>
        </IconStyle>
      </Style>
      <Point>
        <altitudeMode>clampToGround</altitudeMode>
        <coordinates>87.3263740315698,22.3148657695329,0</coordinates>
      </Point>
    </Placemark>
    <Placemark>
      <Snippet maxLines="0"> </Snippet>
      <description>212
UTC 19-04-2026 05:24:46.89
GpsMilliseconds 1460611504890
22.3148544,87.3263485, EA(2m)
AltWgs84 -8.4 m, EA(1m)
Hdg 243 deg, Spd 0.7 m/s
EA(42.5 deg, 0.7 m/s)</description>
      <Style>
        <IconStyle>
          <Icon>
            <href>http://maps.google.com/mapfiles/kml/shapes/shaded_dot.png</href>
          </Icon>
          <scale>0.6</scale>
          <color>bf00a0f4</color>
        </IconStyle>
      </Style>
      <Point>
        <altitudeMode>clampToGround</altitudeMode>
        <coordinates>87.3263485023565,22.3148544214884,0</coordinates>
      </Point>
    </Placemark>
    <Placemark>
      <Snippet maxLines="0"> </Snippet>
      <description>213
UTC 19-04-2026 05:24:47.85
GpsMilliseconds 1460611505852
22.3148393,87.3263473, EA(2m)
AltWgs84 -8.6 m, EA(1m)
Hdg 219 deg, Spd 0.7 m/s
EA(42.6 deg, 0.7 m/s)</description>
      <Style>
        <IconStyle>
          <Icon>
            <href>http://maps.google.com/mapfiles/kml/shapes/shaded_dot.png</href>
          </Icon>
          <scale>0.6</scale>
          <color>bf00a0f4</color>
        </IconStyle>
      </Style>
      <Point>
        <altitudeMode>clampToGround</altitudeMode>
        <coordinates>87.3263473469346,22.3148393178507,0</coordinates>
      </Point>
    </Placemark>
    <Placemark>
      <Snippet maxLines="0"> </Snippet>
      <description>214
UTC 19-04-2026 05:24:48.86
GpsMilliseconds 1460611506855
22.3148225,87.3263259, EA(2m)
AltWgs84 -8.7 m, EA(1m)
Hdg 225 deg, Spd 1.2 m/s
EA(42.4 deg, 0.7 m/s)</description>
      <Style>
        <IconStyle>
          <Icon>
            <href>http://maps.google.com/mapfiles/kml/shapes/shaded_dot.png</href>
          </Icon>
          <scale>0.6</scale>
          <color>bf00a0f4</color>
        </IconStyle>
      </Style>
      <Point>
        <altitudeMode>clampToGround</altitudeMode>
        <coordinates>87.326325932622,22.3148225023275,0</coordinates>
      </Point>
    </Placemark>
    <Placemark>
      <Snippet maxLines="0"> </Snippet>
      <description>215
UTC 19-04-2026 05:24:49.88
GpsMilliseconds 1460611507876
22.3148179,87.3263158, EA(2m)
AltWgs84 -9.2 m, EA(1m)
Hdg 229 deg, Spd 1.1 m/s
EA(42.2 deg, 0.7 m/s)</description>
      <Style>
        <IconStyle>
          <Icon>
            <href>http://maps.google.com/mapfiles/kml/shapes/shaded_dot.png</href>
          </Icon>
          <scale>0.6</scale>
          <color>bf00a0f4</color>
        </IconStyle>
      </Style>
      <Point>
        <altitudeMode>clampToGround</altitudeMode>
        <coordinates>87.3263157858372,22.3148179261971,0</coordinates>
      </Point>
    </Placemark>
    <Placemark>
      <Snippet maxLines="0"> </Snippet>
      <description>216
UTC 19-04-2026 05:24:50.86
GpsMilliseconds 1460611508855
22.3148032,87.3263165, EA(2m)
AltWgs84 -9.3 m, EA(1m)
Hdg 213 deg, Spd 1.1 m/s
EA(41.9 deg, 0.7 m/s)</description>
      <Style>
        <IconStyle>
          <Icon>
            <href>http://maps.google.com/mapfiles/kml/shapes/shaded_dot.png</href>
          </Icon>
          <scale>0.6</scale>
          <color>bf00a0f4</color>
        </IconStyle>
      </Style>
      <Point>
        <altitudeMode>clampToGround</altitudeMode>
        <coordinates>87.3263164581256,22.3148032023384,0</coordinates>
      </Point>
    </Placemark>
    <Placemark>
      <Snippet maxLines="0"> </Snippet>
      <description>217
UTC 19-04-2026 05:24:51.86
GpsMilliseconds 1460611509858
22.3147999,87.3263201, EA(2m)
AltWgs84 -9.3 m, EA(1m)
Hdg 204 deg, Spd 0.8 m/s
EA(41.7 deg, 0.7 m/s)</description>
      <Style>
        <IconStyle>
          <Icon>
            <href>http://maps.google.com/mapfiles/kml/shapes/shaded_dot.png</href>
          </Icon>
          <scale>0.6</scale>
          <color>bf00a0f4</color>
        </IconStyle>
      </Style>
      <Point>
        <altitudeMode>clampToGround</altitudeMode>
        <coordinates>87.326320082383,22.3147999211228,0</coordinates>
      </Point>
    </Placemark>
    <Placemark>
      <Snippet maxLines="0"> </Snippet>
      <description>218
UTC 19-04-2026 05:24:52.89
GpsMilliseconds 1460611510889
22.3148039,87.3263139, EA(2m)
AltWgs84 -9.2 m, EA(1m)
Hdg 218 deg, Spd 0.6 m/s
EA(41.7 deg, 0.7 m/s)</description>
      <Style>
        <IconStyle>
          <Icon>
            <href>http://maps.google.com/mapfiles/kml/shapes/shaded_dot.png</href>
          </Icon>
          <scale>0.6</scale>
          <color>bf00a0f4</color>
        </IconStyle>
      </Style>
      <Point>
        <altitudeMode>clampToGround</altitudeMode>
        <coordinates>87.3263139249348,22.3148039371438,0</coordinates>
      </Point>
    </Placemark>
    <Placemark>
      <Snippet maxLines="0"> </Snippet>
      <description>219
UTC 19-04-2026 05:24:53.85
GpsMilliseconds 1460611511852
22.3148199,87.3263156, EA(2m)
AltWgs84 -9.3 m, EA(1m)
Hdg 264 deg, Spd 0.2 m/s
EA(42.1 deg, 0.7 m/s)</description>
      <Style>
        <IconStyle>
          <Icon>
            <href>http://maps.google.com/mapfiles/kml/shapes/shaded_dot.png</href>
          </Icon>
          <scale>0.6</scale>
          <color>bf00a0f4</color>
        </IconStyle>
      </Style>
      <Point>
        <altitudeMode>clampToGround</altitudeMode>
        <coordinates>87.3263156015339,22.3148198892753,0</coordinates>
      </Point>
    </Placemark>
    <Placemark>
      <Snippet maxLines="0"> </Snippet>
      <description>220
UTC 19-04-2026 05:24:54.89
GpsMilliseconds 1460611512886
22.3148164,87.3263159, EA(2m)
AltWgs84 -9.2 m, EA(1m)
Hdg 240 deg, Spd 0.2 m/s
EA(41.9 deg, 0.7 m/s)</description>
      <Style>
        <IconStyle>
          <Icon>
            <href>http://maps.google.com/mapfiles/kml/shapes/shaded_dot.png</href>
          </Icon>
          <scale>0.6</scale>
          <color>bf00a0f4</color>
        </IconStyle>
      </Style>
      <Point>
        <altitudeMode>clampToGround</altitudeMode>
        <coordinates>87.3263158782813,22.3148164203234,0</coordinates>
      </Point>
    </Placemark>
    <Placemark>
      <Snippet maxLines="0"> </Snippet>
      <description>221
UTC 19-04-2026 05:24:55.86
GpsMilliseconds 1460611513861
22.3148392,87.3263389, EA(2m)
AltWgs84 -10.2 m, EA(1m)
Hdg 48 deg, Spd 0.6 m/s
EA(43.5 deg, 0.7 m/s)</description>
      <Style>
        <IconStyle>
          <Icon>
            <href>http://maps.google.com/mapfiles/kml/shapes/shaded_dot.png</href>
          </Icon>
          <scale>0.6</scale>
          <color>bf00a0f4</color>
        </IconStyle>
      </Style>
      <Point>
        <altitudeMode>clampToGround</altitudeMode>
        <coordinates>87.3263389277594,22.3148392143449,0</coordinates>
      </Point>
    </Placemark>
    <Placemark>
      <Snippet maxLines="0"> </Snippet>
      <description>222
UTC 19-04-2026 05:24:56.88
GpsMilliseconds 1460611514879
22.3148452,87.3263593, EA(2m)
AltWgs84 -10.7 m, EA(1m)
Hdg 61 deg, Spd 0.9 m/s
EA(43.2 deg, 0.7 m/s)</description>
      <Style>
        <IconStyle>
          <Icon>
            <href>http://maps.google.com/mapfiles/kml/shapes/shaded_dot.png</href>
          </Icon>
          <scale>0.6</scale>
          <color>bf00a0f4</color>
        </IconStyle>
      </Style>
      <Point>
        <altitudeMode>clampToGround</altitudeMode>
        <coordinates>87.3263592855886,22.3148452119601,0</coordinates>
      </Point>
    </Placemark>
    <Placemark>
      <Snippet maxLines="0"> </Snippet>
      <description>223
UTC 19-04-2026 05:24:57.86
GpsMilliseconds 1460611515864
22.3148792,87.3263451, EA(2m)
AltWgs84 -11.1 m, EA(1m)
Hdg 12 deg, Spd 1.2 m/s
EA(43.2 deg, 0.7 m/s)</description>
      <Style>
        <IconStyle>
          <Icon>
            <href>http://maps.google.com/mapfiles/kml/shapes/shaded_dot.png</href>
          </Icon>
          <scale>0.6</scale>
          <color>bf00a0f4</color>
        </IconStyle>
      </Style>
      <Point>
        <altitudeMode>clampToGround</altitudeMode>
        <coordinates>87.3263450531108,22.3148792217431,0</coordinates>
      </Point>
    </Placemark>
    <Placemark>
      <Snippet maxLines="0"> </Snippet>
      <description>224
UTC 19-04-2026 05:24:58.89
GpsMilliseconds 1460611516886
22.3149070,87.3263536, EA(2m)
AltWgs84 -12.1 m, EA(1m)
Hdg 14 deg, Spd 1.6 m/s
EA(42.9 deg, 0.7 m/s)</description>
      <Style>
        <IconStyle>
          <Icon>
            <href>http://maps.google.com/mapfiles/kml/shapes/shaded_dot.png</href>
          </Icon>
          <scale>0.6</scale>
          <color>bf00a0f4</color>
        </IconStyle>
      </Style>
      <Point>
        <altitudeMode>clampToGround</altitudeMode>
        <coordinates>87.3263535637065,22.3149069600498,0</coordinates>
      </Point>
    </Placemark>
    <Placemark>
      <Snippet maxLines="0"> </Snippet>
      <description>225
UTC 19-04-2026 05:24:59.85
GpsMilliseconds 1460611517854
22.3149056,87.3263768, EA(2m)
AltWgs84 -12.5 m, EA(1m)
Hdg 37 deg, Spd 1.4 m/s
EA(43.5 deg, 0.7 m/s)</description>
      <Style>
        <IconStyle>
          <Icon>
            <href>http://maps.google.com/mapfiles/kml/shapes/shaded_dot.png</href>
          </Icon>
          <scale>0.6</scale>
          <color>bf00a0f4</color>
        </IconStyle>
      </Style>
      <Point>
        <altitudeMode>clampToGround</altitudeMode>
        <coordinates>87.3263768080059,22.3149056040893,0</coordinates>
      </Point>
    </Placemark>
    <Placemark>
      <Snippet maxLines="0"> </Snippet>
      <description>226
UTC 19-04-2026 05:25:00.87
GpsMilliseconds 1460611518868
22.3148847,87.3263847, EA(2m)
AltWgs84 -13.5 m, EA(1m)
Hdg 66 deg, Spd 0.9 m/s
EA(42.8 deg, 0.7 m/s)</description>
      <Style>
        <IconStyle>
          <Icon>
            <href>http://maps.google.com/mapfiles/kml/shapes/shaded_dot.png</href>
          </Icon>
          <scale>0.6</scale>
          <color>bf00a0f4</color>
        </IconStyle>
      </Style>
      <Point>
        <altitudeMode>clampToGround</altitudeMode>
        <coordinates>87.3263847431339,22.3148846616632,0</coordinates>
      </Point>
    </Placemark>
    <Placemark>
      <Snippet maxLines="0"> </Snippet>
      <description>227
UTC 19-04-2026 05:25:01.88
GpsMilliseconds 1460611519879
22.3148712,87.3263782, EA(2m)
AltWgs84 -13.3 m, EA(1m)
Hdg 98 deg, Spd 0.4 m/s
EA(42.9 deg, 0.7 m/s)</description>
      <Style>
        <IconStyle>
          <Icon>
            <href>http://maps.google.com/mapfiles/kml/shapes/shaded_dot.png</href>
          </Icon>
          <scale>0.6</scale>
          <color>bf00a0f4</color>
        </IconStyle>
      </Style>
      <Point>
        <altitudeMode>clampToGround</altitudeMode>
        <coordinates>87.3263782308161,22.314871229636,0</coordinates>
      </Point>
    </Placemark>
    <Placemark>
      <Snippet maxLines="0"> </Snippet>
      <description>228
UTC 19-04-2026 05:25:02.86
GpsMilliseconds 1460611520863
22.3148852,87.3263655, EA(2m)
AltWgs84 -13.9 m, EA(1m)
Hdg 6 deg, Spd 0.3 m/s
EA(42.7 deg, 0.7 m/s)</description>
      <Style>
        <IconStyle>
          <Icon>
            <href>http://maps.google.com/mapfiles/kml/shapes/shaded_dot.png</href>
          </Icon>
          <scale>0.6</scale>
          <color>bf00a0f4</color>
        </IconStyle>
      </Style>
      <Point>
        <altitudeMode>clampToGround</altitudeMode>
        <coordinates>87.3263654911687,22.3148851970645,0</coordinates>
      </Point>
    </Placemark>
    <Placemark>
      <Snippet maxLines="0"> </Snippet>
      <description>229
UTC 19-04-2026 05:25:03.86
GpsMilliseconds 1460611521863
22.3148725,87.3263751, EA(2m)
AltWgs84 -13.1 m, EA(1m)
Hdg 108 deg, Spd 0.3 m/s
EA(42.5 deg, 0.7 m/s)</description>
      <Style>
        <IconStyle>
          <Icon>
            <href>http://maps.google.com/mapfiles/kml/shapes/shaded_dot.png</href>
          </Icon>
          <scale>0.6</scale>
          <color>bf00a0f4</color>
        </IconStyle>
      </Style>
      <Point>
        <altitudeMode>clampToGround</altitudeMode>
        <coordinates>87.3263750696782,22.3148725043828,0</coordinates>
      </Point>
    </Placemark>
    <Placemark>
      <Snippet maxLines="0"> </Snippet>
      <description>230
UTC 19-04-2026 05:25:04.88
GpsMilliseconds 1460611522883
22.3148725,87.3263804, EA(2m)
AltWgs84 -13.4 m, EA(1m)
Hdg 101 deg, Spd 0.3 m/s
EA(42.7 deg, 0.7 m/s)</description>
      <Style>
        <IconStyle>
          <Icon>
            <href>http://maps.google.com/mapfiles/kml/shapes/shaded_dot.png</href>
          </Icon>
          <scale>0.6</scale>
          <color>bf00a0f4</color>
        </IconStyle>
      </Style>
      <Point>
        <altitudeMode>clampToGround</altitudeMode>
        <coordinates>87.3263804156956,22.3148724674393,0</coordinates>
      </Point>
    </Placemark>
    <Placemark>
      <Snippet maxLines="0"> </Snippet>
      <description>231
UTC 19-04-2026 05:25:05.87
GpsMilliseconds 1460611523868
22.3148554,87.3263857, EA(2m)
AltWgs84 -13.4 m, EA(1m)
Hdg 142 deg, Spd 0.6 m/s
EA(43.6 deg, 0.7 m/s)</description>
      <Style>
        <IconStyle>
          <Icon>
            <href>http://maps.google.com/mapfiles/kml/shapes/shaded_dot.png</href>
          </Icon>
          <scale>0.6</scale>
          <color>bf00a0f4</color>
        </IconStyle>
      </Style>
      <Point>
        <altitudeMode>clampToGround</altitudeMode>
        <coordinates>87.3263856833002,22.3148554053004,0</coordinates>
      </Point>
    </Placemark>
    <Placemark>
      <Snippet maxLines="0"> </Snippet>
      <description>232
UTC 19-04-2026 05:25:06.87
GpsMilliseconds 1460611524866
22.3148600,87.3263689, EA(2m)
AltWgs84 -14.6 m, EA(1m)
Hdg 212 deg, Spd 0.3 m/s
EA(44.2 deg, 0.7 m/s)</description>
      <Style>
        <IconStyle>
          <Icon>
            <href>http://maps.google.com/mapfiles/kml/shapes/shaded_dot.png</href>
          </Icon>
          <scale>0.6</scale>
          <color>bf00a0f4</color>
        </IconStyle>
      </Style>
      <Point>
        <altitudeMode>clampToGround</altitudeMode>
        <coordinates>87.3263688907014,22.3148599739415,0</coordinates>
      </Point>
    </Placemark>
    <Placemark>
      <Snippet maxLines="0"> </Snippet>
      <description>233
UTC 19-04-2026 05:25:07.88
GpsMilliseconds 1460611525885
22.3148640,87.3263696, EA(2m)
AltWgs84 -15.5 m, EA(1m)
Hdg 229 deg, Spd 0.1 m/s
EA(45.5 deg, 0.7 m/s)</description>
      <Style>
        <IconStyle>
          <Icon>
            <href>http://maps.google.com/mapfiles/kml/shapes/shaded_dot.png</href>
          </Icon>
          <scale>0.6</scale>
          <color>bf00a0f4</color>
        </IconStyle>
      </Style>
      <Point>
        <altitudeMode>clampToGround</altitudeMode>
        <coordinates>87.3263696197919,22.314864016004,0</coordinates>
      </Point>
    </Placemark>
    <Placemark>
      <Snippet maxLines="0"> </Snippet>
      <description>234
UTC 19-04-2026 05:25:08.87
GpsMilliseconds 1460611526873
22.3148521,87.3263545, EA(2m)
AltWgs84 -16.1 m, EA(1m)
Hdg 230 deg, Spd 0.5 m/s
EA(44.9 deg, 0.7 m/s)</description>
      <Style>
        <IconStyle>
          <Icon>
            <href>http://maps.google.com/mapfiles/kml/shapes/shaded_dot.png</href>
          </Icon>
          <scale>0.6</scale>
          <color>bf00a0f4</color>
        </IconStyle>
      </Style>
      <Point>
        <altitudeMode>clampToGround</altitudeMode>
        <coordinates>87.3263544669286,22.3148520950968,0</coordinates>
      </Point>
    </Placemark>
    <Placemark>
      <Snippet maxLines="0"> </Snippet>
      <description>235
UTC 19-04-2026 05:25:09.89
GpsMilliseconds 1460611527887
22.3148277,87.3263528, EA(2m)
AltWgs84 -15.9 m, EA(1m)
Hdg 202 deg, Spd 0.9 m/s
EA(44.0 deg, 0.7 m/s)</description>
      <Style>
        <IconStyle>
          <Icon>
            <href>http://maps.google.com/mapfiles/kml/shapes/shaded_dot.png</href>
          </Icon>
          <scale>0.6</scale>
          <color>bf00a0f4</color>
        </IconStyle>
      </Style>
      <Point>
        <altitudeMode>clampToGround</altitudeMode>
        <coordinates>87.3263528350387,22.3148276542187,0</coordinates>
      </Point>
    </Placemark>
    <Placemark>
      <Snippet maxLines="0"> </Snippet>
      <description>236
UTC 19-04-2026 05:25:10.88
GpsMilliseconds 1460611528882
22.3148233,87.3263424, EA(2m)
AltWgs84 -15.8 m, EA(1m)
Hdg 213 deg, Spd 0.9 m/s
EA(44.1 deg, 0.7 m/s)</description>
      <Style>
        <IconStyle>
          <Icon>
            <href>http://maps.google.com/mapfiles/kml/shapes/shaded_dot.png</href>
          </Icon>
          <scale>0.6</scale>
          <color>bf00a0f4</color>
        </IconStyle>
      </Style>
      <Point>
        <altitudeMode>clampToGround</altitudeMode>
        <coordinates>87.3263423693596,22.3148232621716,0</coordinates>
      </Point>
    </Placemark>
    <Placemark>
      <Snippet maxLines="0"> </Snippet>
      <description>237
UTC 19-04-2026 05:25:11.89
GpsMilliseconds 1460611529886
22.3148202,87.3263296, EA(2m)
AltWgs84 -15.8 m, EA(1m)
Hdg 226 deg, Spd 0.9 m/s
EA(44.0 deg, 0.7 m/s)</description>
      <Style>
        <IconStyle>
          <Icon>
            <href>http://maps.google.com/mapfiles/kml/shapes/shaded_dot.png</href>
          </Icon>
          <scale>0.6</scale>
          <color>bf00a0f4</color>
        </IconStyle>
      </Style>
      <Point>
        <altitudeMode>clampToGround</altitudeMode>
        <coordinates>87.3263295571627,22.3148201753359,0</coordinates>
      </Point>
    </Placemark>
    <Placemark>
      <Snippet maxLines="0"> </Snippet>
      <description>238
UTC 19-04-2026 05:25:12.87
GpsMilliseconds 1460611530866
22.3148250,87.3263282, EA(2m)
AltWgs84 -16.7 m, EA(1m)
Hdg 234 deg, Spd 0.6 m/s
EA(43.7 deg, 0.7 m/s)</description>
      <Style>
        <IconStyle>
          <Icon>
            <href>http://maps.google.com/mapfiles/kml/shapes/shaded_dot.png</href>
          </Icon>
          <scale>0.6</scale>
          <color>bf00a0f4</color>
        </IconStyle>
      </Style>
      <Point>
        <altitudeMode>clampToGround</altitudeMode>
        <coordinates>87.3263281850522,22.3148249931522,0</coordinates>
      </Point>
    </Placemark>
    <Placemark>
      <Snippet maxLines="0"> </Snippet>
      <description>239
UTC 19-04-2026 05:25:13.87
GpsMilliseconds 1460611531865
22.3148391,87.3263235, EA(2m)
AltWgs84 -17.1 m, EA(1m)
Hdg 276 deg, Spd 0.5 m/s
EA(43.9 deg, 0.7 m/s)</description>
      <Style>
        <IconStyle>
          <Icon>
            <href>http://maps.google.com/mapfiles/kml/shapes/shaded_dot.png</href>
          </Icon>
          <scale>0.6</scale>
          <color>bf00a0f4</color>
        </IconStyle>
      </Style>
      <Point>
        <altitudeMode>clampToGround</altitudeMode>
        <coordinates>87.3263234717424,22.3148390847194,0</coordinates>
      </Point>
    </Placemark>
    <Placemark>
      <Snippet maxLines="0"> </Snippet>
      <description>240
UTC 19-04-2026 05:25:14.89
GpsMilliseconds 1460611532892
22.3148213,87.3263190, EA(2m)
AltWgs84 -16.7 m, EA(1m)
Hdg 231 deg, Spd 0.6 m/s
EA(43.8 deg, 0.7 m/s)</description>
      <Style>
        <IconStyle>
          <Icon>
            <href>http://maps.google.com/mapfiles/kml/shapes/shaded_dot.png</href>
          </Icon>
          <scale>0.6</scale>
          <color>bf00a0f4</color>
        </IconStyle>
      </Style>
      <Point>
        <altitudeMode>clampToGround</altitudeMode>
        <coordinates>87.3263189958688,22.3148212957263,0</coordinates>
      </Point>
    </Placemark>
    <Placemark>
      <Snippet maxLines="0"> </Snippet>
      <description>241
UTC 19-04-2026 05:25:15.87
GpsMilliseconds 1460611533872
22.3148322,87.3263315, EA(2m)
AltWgs84 -16.3 m, EA(1m)
Hdg 242 deg, Spd 0.1 m/s
EA(44.1 deg, 0.7 m/s)</description>
      <Style>
        <IconStyle>
          <Icon>
            <href>http://maps.google.com/mapfiles/kml/shapes/shaded_dot.png</href>
          </Icon>
          <scale>0.6</scale>
          <color>bf00a0f4</color>
        </IconStyle>
      </Style>
      <Point>
        <altitudeMode>clampToGround</altitudeMode>
        <coordinates>87.3263314514895,22.3148322487911,0</coordinates>
      </Point>
    </Placemark>
    <Placemark>
      <Snippet maxLines="0"> </Snippet>
      <description>242
UTC 19-04-2026 05:25:16.90
GpsMilliseconds 1460611534903
22.3148418,87.3263493, EA(2m)
AltWgs84 -16.4 m, EA(1m)
Hdg 61 deg, Spd 0.4 m/s
EA(43.5 deg, 0.7 m/s)</description>
      <Style>
        <IconStyle>
          <Icon>
            <href>http://maps.google.com/mapfiles/kml/shapes/shaded_dot.png</href>
          </Icon>
          <scale>0.6</scale>
          <color>bf00a0f4</color>
        </IconStyle>
      </Style>
      <Point>
        <altitudeMode>clampToGround</altitudeMode>
        <coordinates>87.3263492702392,22.314841777218,0</coordinates>
      </Point>
    </Placemark>
    <Placemark>
      <Snippet maxLines="0"> </Snippet>
      <description>243
UTC 19-04-2026 05:25:17.87
GpsMilliseconds 1460611535871
22.3148499,87.3263719, EA(2m)
AltWgs84 -16.4 m, EA(1m)
Hdg 66 deg, Spd 0.9 m/s
EA(43.8 deg, 0.7 m/s)</description>
      <Style>
        <IconStyle>
          <Icon>
            <href>http://maps.google.com/mapfiles/kml/shapes/shaded_dot.png</href>
          </Icon>
          <scale>0.6</scale>
          <color>bf00a0f4</color>
        </IconStyle>
      </Style>
      <Point>
        <altitudeMode>clampToGround</altitudeMode>
        <coordinates>87.3263719161557,22.3148499461673,0</coordinates>
      </Point>
    </Placemark>
    <Placemark>
      <Snippet maxLines="0"> </Snippet>
      <description>244
UTC 19-04-2026 05:25:18.87
GpsMilliseconds 1460611536871
22.3148638,87.3263712, EA(2m)
AltWgs84 -16.8 m, EA(1m)
Hdg 44 deg, Spd 0.8 m/s
EA(43.7 deg, 0.7 m/s)</description>
      <Style>
        <IconStyle>
          <Icon>
            <href>http://maps.google.com/mapfiles/kml/shapes/shaded_dot.png</href>
          </Icon>
          <scale>0.6</scale>
          <color>bf00a0f4</color>
        </IconStyle>
      </Style>
      <Point>
        <altitudeMode>clampToGround</altitudeMode>
        <coordinates>87.3263711692324,22.3148638070572,0</coordinates>
      </Point>
    </Placemark>
    <Placemark>
      <Snippet maxLines="0"> </Snippet>
      <description>245
UTC 19-04-2026 05:25:19.89
GpsMilliseconds 1460611537891
22.3148757,87.3263861, EA(2m)
AltWgs84 -17.0 m, EA(1m)
Hdg 46 deg, Spd 1.0 m/s
EA(43.2 deg, 0.7 m/s)</description>
      <Style>
        <IconStyle>
          <Icon>
            <href>http://maps.google.com/mapfiles/kml/shapes/shaded_dot.png</href>
          </Icon>
          <scale>0.6</scale>
          <color>bf00a0f4</color>
        </IconStyle>
      </Style>
      <Point>
        <altitudeMode>clampToGround</altitudeMode>
        <coordinates>87.3263860654083,22.3148756763284,0</coordinates>
      </Point>
    </Placemark>
    <Placemark>
      <Snippet maxLines="0"> </Snippet>
      <description>246
UTC 19-04-2026 05:25:20.89
GpsMilliseconds 1460611538887
22.3148633,87.3263840, EA(2m)
AltWgs84 -17.0 m, EA(2m)
Hdg 62 deg, Spd 0.6 m/s
EA(43.5 deg, 0.7 m/s)</description>
      <Style>
        <IconStyle>
          <Icon>
            <href>http://maps.google.com/mapfiles/kml/shapes/shaded_dot.png</href>
          </Icon>
          <scale>0.6</scale>
          <color>bf00a0f4</color>
        </IconStyle>
      </Style>
      <Point>
        <altitudeMode>clampToGround</altitudeMode>
        <coordinates>87.3263840215733,22.3148632790502,0</coordinates>
      </Point>
    </Placemark>
    <Placemark>
      <Snippet maxLines="0"> </Snippet>
      <description>247
UTC 19-04-2026 05:25:21.89
GpsMilliseconds 1460611539894
22.3148636,87.3263933, EA(2m)
AltWgs84 -16.4 m, EA(2m)
Hdg 70 deg, Spd 0.6 m/s
EA(43.7 deg, 0.7 m/s)</description>
      <Style>
        <IconStyle>
          <Icon>
            <href>http://maps.google.com/mapfiles/kml/shapes/shaded_dot.png</href>
          </Icon>
          <scale>0.6</scale>
          <color>bf00a0f4</color>
        </IconStyle>
      </Style>
      <Point>
        <altitudeMode>clampToGround</altitudeMode>
        <coordinates>87.3263932855613,22.3148636457541,0</coordinates>
      </Point>
    </Placemark>
    <Placemark>
      <Snippet maxLines="0"> </Snippet>
      <description>248
UTC 19-04-2026 05:25:22.88
GpsMilliseconds 1460611540883
22.3148703,87.3264182, EA(2m)
AltWgs84 -15.7 m, EA(2m)
Hdg 72 deg, Spd 1.1 m/s
EA(43.6 deg, 0.7 m/s)</description>
      <Style>
        <IconStyle>
          <Icon>
            <href>http://maps.google.com/mapfiles/kml/shapes/shaded_dot.png</href>
          </Icon>
          <scale>0.6</scale>
          <color>bf00a0f4</color>
        </IconStyle>
      </Style>
      <Point>
        <altitudeMode>clampToGround</altitudeMode>
        <coordinates>87.3264182058312,22.3148702850092,0</coordinates>
      </Point>
    </Placemark>
    <Placemark>
      <Snippet maxLines="0"> </Snippet>
      <description>249
UTC 19-04-2026 05:25:23.87
GpsMilliseconds 1460611541871
22.3148638,87.3264178, EA(2m)
AltWgs84 -16.0 m, EA(2m)
Hdg 83 deg, Spd 0.8 m/s
EA(44.0 deg, 0.7 m/s)</description>
      <Style>
        <IconStyle>
          <Icon>
            <href>http://maps.google.com/mapfiles/kml/shapes/shaded_dot.png</href>
          </Icon>
          <scale>0.6</scale>
          <color>bf00a0f4</color>
        </IconStyle>
      </Style>
      <Point>
        <altitudeMode>clampToGround</altitudeMode>
        <coordinates>87.326417840361,22.3148637787788,0</coordinates>
      </Point>
    </Placemark>
    <Placemark>
      <Snippet maxLines="0"> </Snippet>
      <description>250
UTC 19-04-2026 05:25:24.90
GpsMilliseconds 1460611542898
22.3148448,87.3263795, EA(2m)
AltWgs84 -15.9 m, EA(2m)
Hdg 221 deg, Spd 0.5 m/s
EA(44.1 deg, 0.7 m/s)</description>
      <Style>
        <IconStyle>
          <Icon>
            <href>http://maps.google.com/mapfiles/kml/shapes/shaded_dot.png</href>
          </Icon>
          <scale>0.6</scale>
          <color>bf00a0f4</color>
        </IconStyle>
      </Style>
      <Point>
        <altitudeMode>clampToGround</altitudeMode>
        <coordinates>87.3263794947121,22.3148448061405,0</coordinates>
      </Point>
    </Placemark>
    <Placemark>
      <Snippet maxLines="0"> </Snippet>
      <description>251
UTC 19-04-2026 05:25:25.87
GpsMilliseconds 1460611543870
22.3148726,87.3263828, EA(2m)
AltWgs84 -17.3 m, EA(2m)
Hdg 336 deg, Spd 0.4 m/s
EA(43.8 deg, 0.7 m/s)</description>
      <Style>
        <IconStyle>
          <Icon>
            <href>http://maps.google.com/mapfiles/kml/shapes/shaded_dot.png</href>
          </Icon>
          <scale>0.6</scale>
          <color>bf00a0f4</color>
        </IconStyle>
      </Style>
      <Point>
        <altitudeMode>clampToGround</altitudeMode>
        <coordinates>87.3263828442647,22.3148726462873,0</coordinates>
      </Point>
    </Placemark>
    <Placemark>
      <Snippet maxLines="0"> </Snippet>
      <description>252
UTC 19-04-2026 05:25:26.88
GpsMilliseconds 1460611544875
22.3148701,87.3263709, EA(2m)
AltWgs84 -17.0 m, EA(2m)
Hdg 300 deg, Spd 0.4 m/s
EA(43.6 deg, 0.7 m/s)</description>
      <Style>
        <IconStyle>
          <Icon>
            <href>http://maps.google.com/mapfiles/kml/shapes/shaded_dot.png</href>
          </Icon>
          <scale>0.6</scale>
          <color>bf00a0f4</color>
        </IconStyle>
      </Style>
      <Point>
        <altitudeMode>clampToGround</altitudeMode>
        <coordinates>87.3263709158962,22.3148701213761,0</coordinates>
      </Point>
    </Placemark>
    <Placemark>
      <Snippet maxLines="0"> </Snippet>
      <description>253
UTC 19-04-2026 05:25:27.90
GpsMilliseconds 1460611545904
22.3148700,87.3263742, EA(2m)
AltWgs84 -16.6 m, EA(2m)
Hdg 308 deg, Spd 0.3 m/s
EA(43.8 deg, 0.7 m/s)</description>
      <Style>
        <IconStyle>
          <Icon>
            <href>http://maps.google.com/mapfiles/kml/shapes/shaded_dot.png</href>
          </Icon>
          <scale>0.6</scale>
          <color>bf00a0f4</color>
        </IconStyle>
      </Style>
      <Point>
        <altitudeMode>clampToGround</altitudeMode>
        <coordinates>87.3263742478468,22.3148700440408,0</coordinates>
      </Point>
    </Placemark>
    <Placemark>
      <Snippet maxLines="0"> </Snippet>
      <description>254
UTC 19-04-2026 05:25:28.88
GpsMilliseconds 1460611546877
22.3148859,87.3263827, EA(2m)
AltWgs84 -16.5 m, EA(2m)
Hdg 3 deg, Spd 0.5 m/s
EA(43.6 deg, 0.7 m/s)</description>
      <Style>
        <IconStyle>
          <Icon>
            <href>http://maps.google.com/mapfiles/kml/shapes/shaded_dot.png</href>
          </Icon>
          <scale>0.6</scale>
          <color>bf00a0f4</color>
        </IconStyle>
      </Style>
      <Point>
        <altitudeMode>clampToGround</altitudeMode>
        <coordinates>87.3263826512003,22.3148859091378,0</coordinates>
      </Point>
    </Placemark>
    <Placemark>
      <Snippet maxLines="0"> </Snippet>
      <description>255
UTC 19-04-2026 05:25:29.90
GpsMilliseconds 1460611547900
22.3148804,87.3263627, EA(2m)
AltWgs84 -16.8 m, EA(2m)
Hdg 300 deg, Spd 0.5 m/s
EA(44.2 deg, 0.7 m/s)</description>
      <Style>
        <IconStyle>
          <Icon>
            <href>http://maps.google.com/mapfiles/kml/shapes/shaded_dot.png</href>
          </Icon>
          <scale>0.6</scale>
          <color>bf00a0f4</color>
        </IconStyle>
      </Style>
      <Point>
        <altitudeMode>clampToGround</altitudeMode>
        <coordinates>87.3263627082528,22.3148803613597,0</coordinates>
      </Point>
    </Placemark>
    <Placemark>
      <Snippet maxLines="0"> </Snippet>
      <description>256
UTC 19-04-2026 05:25:30.89
GpsMilliseconds 1460611548890
22.3148881,87.3263403, EA(2m)
AltWgs84 -16.8 m, EA(2m)
Hdg 294 deg, Spd 0.9 m/s
EA(44.3 deg, 0.7 m/s)</description>
      <Style>
        <IconStyle>
          <Icon>
            <href>http://maps.google.com/mapfiles/kml/shapes/shaded_dot.png</href>
          </Icon>
          <scale>0.6</scale>
          <color>bf00a0f4</color>
        </IconStyle>
      </Style>
      <Point>
        <altitudeMode>clampToGround</altitudeMode>
        <coordinates>87.3263402685185,22.3148880955335,0</coordinates>
      </Point>
    </Placemark>
    <Placemark>
      <Snippet maxLines="0"> </Snippet>
      <description>257
UTC 19-04-2026 05:25:31.90
GpsMilliseconds 1460611549900
22.3149094,87.3263252, EA(2m)
AltWgs84 -17.3 m, EA(2m)
Hdg 309 deg, Spd 1.2 m/s
EA(44.1 deg, 0.7 m/s)</description>
      <Style>
        <IconStyle>
          <Icon>
            <href>http://maps.google.com/mapfiles/kml/shapes/shaded_dot.png</href>
          </Icon>
          <scale>0.6</scale>
          <color>bf00a0f4</color>
        </IconStyle>
      </Style>
      <Point>
        <altitudeMode>clampToGround</altitudeMode>
        <coordinates>87.3263251509453,22.3149094250175,0</coordinates>
      </Point>
    </Placemark>
    <Placemark>
      <Snippet maxLines="0"> </Snippet>
      <description>258
UTC 19-04-2026 05:25:32.88
GpsMilliseconds 1460611550882
22.3149047,87.3263305, EA(2m)
AltWgs84 -17.5 m, EA(2m)
Hdg 309 deg, Spd 0.8 m/s
EA(44.0 deg, 0.7 m/s)</description>
      <Style>
        <IconStyle>
          <Icon>
            <href>http://maps.google.com/mapfiles/kml/shapes/shaded_dot.png</href>
          </Icon>
          <scale>0.6</scale>
          <color>bf00a0f4</color>
        </IconStyle>
      </Style>
      <Point>
        <altitudeMode>clampToGround</altitudeMode>
        <coordinates>87.3263304891988,22.3149047300688,0</coordinates>
      </Point>
    </Placemark>
    <Placemark>
      <Snippet maxLines="0"> </Snippet>
      <description>259
UTC 19-04-2026 05:25:33.88
GpsMilliseconds 1460611551878
22.3148729,87.3263349, EA(2m)
AltWgs84 -16.8 m, EA(2m)
Hdg 225 deg, Spd 0.5 m/s
EA(44.4 deg, 0.7 m/s)</description>
      <Style>
        <IconStyle>
          <Icon>
            <href>http://maps.google.com/mapfiles/kml/shapes/shaded_dot.png</href>
          </Icon>
          <scale>0.6</scale>
          <color>bf00a0f4</color>
        </IconStyle>
      </Style>
      <Point>
        <altitudeMode>clampToGround</altitudeMode>
        <coordinates>87.3263348883861,22.3148728662925,0</coordinates>
      </Point>
    </Placemark>
    <Placemark>
      <Snippet maxLines="0"> </Snippet>
      <description>260
UTC 19-04-2026 05:25:34.91
GpsMilliseconds 1460611552906
22.3148793,87.3263607, EA(2m)
AltWgs84 -15.9 m, EA(2m)
Hdg 113 deg, Spd 0.3 m/s
EA(44.0 deg, 0.7 m/s)</description>
      <Style>
        <IconStyle>
          <Icon>
            <href>http://maps.google.com/mapfiles/kml/shapes/shaded_dot.png</href>
          </Icon>
          <scale>0.6</scale>
          <color>bf00a0f4</color>
        </IconStyle>
      </Style>
      <Point>
        <altitudeMode>clampToGround</altitudeMode>
        <coordinates>87.326360686479,22.3148792592163,0</coordinates>
      </Point>
    </Placemark>
    <Placemark>
      <Snippet maxLines="0"> </Snippet>
      <description>261
UTC 19-04-2026 05:25:35.88
GpsMilliseconds 1460611553877
22.3148694,87.3263944, EA(2m)
AltWgs84 -14.5 m, EA(2m)
Hdg 109 deg, Spd 1.0 m/s
EA(44.2 deg, 0.7 m/s)</description>
      <Style>
        <IconStyle>
          <Icon>
            <href>http://maps.google.com/mapfiles/kml/shapes/shaded_dot.png</href>
          </Icon>
          <scale>0.6</scale>
          <color>bf00a0f4</color>
        </IconStyle>
      </Style>
      <Point>
        <altitudeMode>clampToGround</altitudeMode>
        <coordinates>87.3263943590963,22.3148694255706,0</coordinates>
      </Point>
    </Placemark>
    <Placemark>
      <Snippet maxLines="0"> </Snippet>
      <description>262
UTC 19-04-2026 05:25:36.90
GpsMilliseconds 1460611554904
22.3148732,87.3263777, EA(2m)
AltWgs84 -14.7 m, EA(2m)
Hdg 114 deg, Spd 0.4 m/s
EA(44.4 deg, 0.7 m/s)</description>
      <Style>
        <IconStyle>
          <Icon>
            <href>http://maps.google.com/mapfiles/kml/shapes/shaded_dot.png</href>
          </Icon>
          <scale>0.6</scale>
          <color>bf00a0f4</color>
        </IconStyle>
      </Style>
      <Point>
        <altitudeMode>clampToGround</altitudeMode>
        <coordinates>87.3263777070605,22.3148732379502,0</coordinates>
      </Point>
    </Placemark>
    <Placemark>
      <Snippet maxLines="0"> </Snippet>
      <description>263
UTC 19-04-2026 05:25:37.88
GpsMilliseconds 1460611555877
22.3148809,87.3263654, EA(2m)
AltWgs84 -15.6 m, EA(2m)
Hdg 359 deg, Spd 0.1 m/s
EA(44.7 deg, 0.7 m/s)</description>
      <Style>
        <IconStyle>
          <Icon>
            <href>http://maps.google.com/mapfiles/kml/shapes/shaded_dot.png</href>
          </Icon>
          <scale>0.6</scale>
          <color>bf00a0f4</color>
        </IconStyle>
      </Style>
      <Point>
        <altitudeMode>clampToGround</altitudeMode>
        <coordinates>87.3263654049435,22.3148808693,0</coordinates>
      </Point>
    </Placemark>
    <Placemark>
      <Snippet maxLines="0"> </Snippet>
      <description>264
UTC 19-04-2026 05:25:38.88
GpsMilliseconds 1460611556880
22.3148605,87.3263546, EA(2m)
AltWgs84 -15.3 m, EA(2m)
Hdg 209 deg, Spd 0.5 m/s
EA(44.5 deg, 0.7 m/s)</description>
      <Style>
        <IconStyle>
          <Icon>
            <href>http://maps.google.com/mapfiles/kml/shapes/shaded_dot.png</href>
          </Icon>
          <scale>0.6</scale>
          <color>bf00a0f4</color>
        </IconStyle>
      </Style>
      <Point>
        <altitudeMode>clampToGround</altitudeMode>
        <coordinates>87.326354574583,22.3148604623638,0</coordinates>
      </Point>
    </Placemark>
    <Placemark>
      <Snippet maxLines="0"> </Snippet>
      <description>265
UTC 19-04-2026 05:25:39.91
GpsMilliseconds 1460611557912
22.3148499,87.3263425, EA(2m)
AltWgs84 -15.5 m, EA(2m)
Hdg 217 deg, Spd 0.7 m/s
EA(44.3 deg, 0.7 m/s)</description>
      <Style>
        <IconStyle>
          <Icon>
            <href>http://maps.google.com/mapfiles/kml/shapes/shaded_dot.png</href>
          </Icon>
          <scale>0.6</scale>
          <color>bf00a0f4</color>
        </IconStyle>
      </Style>
      <Point>
        <altitudeMode>clampToGround</altitudeMode>
        <coordinates>87.3263424978945,22.3148498550535,0</coordinates>
      </Point>
    </Placemark>
    <Placemark>
      <Snippet maxLines="0"> </Snippet>
      <description>266
UTC 19-04-2026 05:25:40.88
GpsMilliseconds 1460611558878
22.3148402,87.3263249, EA(2m)
AltWgs84 -15.4 m, EA(2m)
Hdg 227 deg, Spd 1.0 m/s
EA(44.2 deg, 0.7 m/s)</description>
      <Style>
        <IconStyle>
          <Icon>
            <href>http://maps.google.com/mapfiles/kml/shapes/shaded_dot.png</href>
          </Icon>
          <scale>0.6</scale>
          <color>bf00a0f4</color>
        </IconStyle>
      </Style>
      <Point>
        <altitudeMode>clampToGround</altitudeMode>
        <coordinates>87.3263248734477,22.314840241912,0</coordinates>
      </Point>
    </Placemark>
    <Placemark>
      <Snippet maxLines="0"> </Snippet>
      <description>267
UTC 19-04-2026 05:25:41.90
GpsMilliseconds 1460611559901
22.3148191,87.3263353, EA(2m)
AltWgs84 -13.4 m, EA(2m)
Hdg 197 deg, Spd 1.1 m/s
EA(44.4 deg, 0.7 m/s)</description>
      <Style>
        <IconStyle>
          <Icon>
            <href>http://maps.google.com/mapfiles/kml/shapes/shaded_dot.png</href>
          </Icon>
          <scale>0.6</scale>
          <color>bf00a0f4</color>
        </IconStyle>
      </Style>
      <Point>
        <altitudeMode>clampToGround</altitudeMode>
        <coordinates>87.3263353410481,22.3148190656959,0</coordinates>
      </Point>
    </Placemark>
    <Placemark>
      <Snippet maxLines="0"> </Snippet>
      <description>268
UTC 19-04-2026 05:25:42.88
GpsMilliseconds 1460611560882
22.3148137,87.3263512, EA(2m)
AltWgs84 -12.6 m, EA(2m)
Hdg 172 deg, Spd 0.9 m/s
EA(44.3 deg, 0.7 m/s)</description>
      <Style>
        <IconStyle>
          <Icon>
            <href>http://maps.google.com/mapfiles/kml/shapes/shaded_dot.png</href>
          </Icon>
          <scale>0.6</scale>
          <color>bf00a0f4</color>
        </IconStyle>
      </Style>
      <Point>
        <altitudeMode>clampToGround</altitudeMode>
        <coordinates>87.3263512127607,22.3148136939389,0</coordinates>
      </Point>
    </Placemark>
    <Placemark>
      <Snippet maxLines="0"> </Snippet>
      <description>269
UTC 19-04-2026 05:25:43.90
GpsMilliseconds 1460611561905
22.3148244,87.3263730, EA(2m)
AltWgs84 -11.5 m, EA(2m)
Hdg 127 deg, Spd 0.7 m/s
EA(44.3 deg, 0.7 m/s)</description>
      <Style>
        <IconStyle>
          <Icon>
            <href>http://maps.google.com/mapfiles/kml/shapes/shaded_dot.png</href>
          </Icon>
          <scale>0.6</scale>
          <color>bf00a0f4</color>
        </IconStyle>
      </Style>
      <Point>
        <altitudeMode>clampToGround</altitudeMode>
        <coordinates>87.3263729943913,22.3148243575568,0</coordinates>
      </Point>
    </Placemark>
    <Placemark>
      <Snippet maxLines="0"> </Snippet>
      <description>270
UTC 19-04-2026 05:25:44.89
GpsMilliseconds 1460611562894
22.3148434,87.3263888, EA(2m)
AltWgs84 -10.7 m, EA(2m)
Hdg 81 deg, Spd 0.8 m/s
EA(44.5 deg, 0.7 m/s)</description>
      <Style>
        <IconStyle>
          <Icon>
            <href>http://maps.google.com/mapfiles/kml/shapes/shaded_dot.png</href>
          </Icon>
          <scale>0.6</scale>
          <color>bf00a0f4</color>
        </IconStyle>
      </Style>
      <Point>
        <altitudeMode>clampToGround</altitudeMode>
        <coordinates>87.3263887697433,22.3148434112831,0</coordinates>
      </Point>
    </Placemark>
    <Placemark>
      <Snippet maxLines="0"> </Snippet>
      <description>271
UTC 19-04-2026 05:25:45.88
GpsMilliseconds 1460611563881
22.3148405,87.3263669, EA(2m)
AltWgs84 -9.8 m, EA(2m)
Hdg 76 deg, Spd 0.1 m/s
EA(44.4 deg, 0.7 m/s)</description>
      <Style>
        <IconStyle>
          <Icon>
            <href>http://maps.google.com/mapfiles/kml/shapes/shaded_dot.png</href>
          </Icon>
          <scale>0.6</scale>
          <color>bf00a0f4</color>
        </IconStyle>
      </Style>
      <Point>
        <altitudeMode>clampToGround</altitudeMode>
        <coordinates>87.3263669164271,22.3148404957746,0</coordinates>
      </Point>
    </Placemark>
    <Placemark>
      <Snippet maxLines="0"> </Snippet>
      <description>272
UTC 19-04-2026 05:25:46.90
GpsMilliseconds 1460611564905
22.3148274,87.3263797, EA(2m)
AltWgs84 -8.8 m, EA(2m)
Hdg 129 deg, Spd 0.5 m/s
EA(44.2 deg, 0.7 m/s)</description>
      <Style>
        <IconStyle>
          <Icon>
            <href>http://maps.google.com/mapfiles/kml/shapes/shaded_dot.png</href>
          </Icon>
          <scale>0.6</scale>
          <color>bf00a0f4</color>
        </IconStyle>
      </Style>
      <Point>
        <altitudeMode>clampToGround</altitudeMode>
        <coordinates>87.3263797388931,22.3148273631893,0</coordinates>
      </Point>
    </Placemark>
    <Placemark>
      <Snippet maxLines="0"> </Snippet>
      <description>273
UTC 19-04-2026 05:25:47.89
GpsMilliseconds 1460611565889
22.3148279,87.3263855, EA(2m)
AltWgs84 -7.5 m, EA(2m)
Hdg 118 deg, Spd 0.4 m/s
EA(44.2 deg, 0.7 m/s)</description>
      <Style>
        <IconStyle>
          <Icon>
            <href>http://maps.google.com/mapfiles/kml/shapes/shaded_dot.png</href>
          </Icon>
          <scale>0.6</scale>
          <color>bf00a0f4</color>
        </IconStyle>
      </Style>
      <Point>
        <altitudeMode>clampToGround</altitudeMode>
        <coordinates>87.3263854699931,22.3148279084329,0</coordinates>
      </Point>
    </Placemark>
    <Placemark>
      <Snippet maxLines="0"> </Snippet>
      <description>274
UTC 19-04-2026 05:25:48.88
GpsMilliseconds 1460611566882
22.3148070,87.3263740, EA(2m)
AltWgs84 -6.9 m, EA(2m)
Hdg 176 deg, Spd 0.6 m/s
EA(44.6 deg, 0.7 m/s)</description>
      <Style>
        <IconStyle>
          <Icon>
            <href>http://maps.google.com/mapfiles/kml/shapes/shaded_dot.png</href>
          </Icon>
          <scale>0.6</scale>
          <color>bf00a0f4</color>
        </IconStyle>
      </Style>
      <Point>
        <altitudeMode>clampToGround</altitudeMode>
        <coordinates>87.3263739883481,22.3148069684468,0</coordinates>
      </Point>
    </Placemark>
    <Placemark>
      <Snippet maxLines="0"> </Snippet>
      <description>275
UTC 19-04-2026 05:25:49.91
GpsMilliseconds 1460611567907
22.3148054,87.3263696, EA(2m)
AltWgs84 -7.4 m, EA(2m)
Hdg 187 deg, Spd 0.5 m/s
EA(44.3 deg, 0.7 m/s)</description>
      <Style>
        <IconStyle>
          <Icon>
            <href>http://maps.google.com/mapfiles/kml/shapes/shaded_dot.png</href>
          </Icon>
          <scale>0.6</scale>
          <color>bf00a0f4</color>
        </IconStyle>
      </Style>
      <Point>
        <altitudeMode>clampToGround</altitudeMode>
        <coordinates>87.3263695978513,22.3148054312876,0</coordinates>
      </Point>
    </Placemark>
    <Placemark>
      <Snippet maxLines="0"> </Snippet>
      <description>276
UTC 19-04-2026 05:25:50.89
GpsMilliseconds 1460611568893
22.3147895,87.3263873, EA(2m)
AltWgs84 -6.4 m, EA(2m)
Hdg 156 deg, Spd 0.8 m/s
EA(44.1 deg, 0.7 m/s)</description>
      <Style>
        <IconStyle>
          <Icon>
            <href>http://maps.google.com/mapfiles/kml/shapes/shaded_dot.png</href>
          </Icon>
          <scale>0.6</scale>
          <color>bf00a0f4</color>
        </IconStyle>
      </Style>
      <Point>
        <altitudeMode>clampToGround</altitudeMode>
        <coordinates>87.3263873075126,22.3147894675776,0</coordinates>
      </Point>
    </Placemark>
    <Placemark>
      <Snippet maxLines="0"> </Snippet>
      <description>277
UTC 19-04-2026 05:25:51.88
GpsMilliseconds 1460611569883
22.3147892,87.3263700, EA(2m)
AltWgs84 -6.6 m, EA(1m)
Hdg 192 deg, Spd 0.6 m/s
EA(44.1 deg, 0.7 m/s)</description>
      <Style>
        <IconStyle>
          <Icon>
            <href>http://maps.google.com/mapfiles/kml/shapes/shaded_dot.png</href>
          </Icon>
          <scale>0.6</scale>
          <color>bf00a0f4</color>
        </IconStyle>
      </Style>
      <Point>
        <altitudeMode>clampToGround</altitudeMode>
        <coordinates>87.3263699708475,22.3147891864355,0</coordinates>
      </Point>
    </Placemark>
    <Placemark>
      <Snippet maxLines="0"> </Snippet>
      <description>278
UTC 19-04-2026 05:25:52.92
GpsMilliseconds 1460611570921
22.3148089,87.3263720, EA(2m)
AltWgs84 -6.9 m, EA(1m)
Hdg 289 deg, Spd 0.1 m/s
EA(44.2 deg, 0.7 m/s)</description>
      <Style>
        <IconStyle>
          <Icon>
            <href>http://maps.google.com/mapfiles/kml/shapes/shaded_dot.png</href>
          </Icon>
          <scale>0.6</scale>
          <color>bf00a0f4</color>
        </IconStyle>
      </Style>
      <Point>
        <altitudeMode>clampToGround</altitudeMode>
        <coordinates>87.3263720488632,22.3148088676624,0</coordinates>
      </Point>
    </Placemark>
    <Placemark>
      <Snippet maxLines="0"> </Snippet>
      <description>279
UTC 19-04-2026 05:25:53.88
GpsMilliseconds 1460611571884
22.3148299,87.3263708, EA(2m)
AltWgs84 -7.2 m, EA(1m)
Hdg 353 deg, Spd 0.5 m/s
EA(44.3 deg, 0.7 m/s)</description>
      <Style>
        <IconStyle>
          <Icon>
            <href>http://maps.google.com/mapfiles/kml/shapes/shaded_dot.png</href>
          </Icon>
          <scale>0.6</scale>
          <color>bf00a0f4</color>
        </IconStyle>
      </Style>
      <Point>
        <altitudeMode>clampToGround</altitudeMode>
        <coordinates>87.3263707972806,22.3148299132822,0</coordinates>
      </Point>
    </Placemark>
    <Placemark>
      <Snippet maxLines="0"> </Snippet>
      <description>280
UTC 19-04-2026 05:25:54.90
GpsMilliseconds 1460611572905
22.3148322,87.3263689, EA(2m)
AltWgs84 -7.0 m, EA(1m)
Hdg 348 deg, Spd 0.4 m/s
EA(44.0 deg, 0.7 m/s)</description>
      <Style>
        <IconStyle>
          <Icon>
            <href>http://maps.google.com/mapfiles/kml/shapes/shaded_dot.png</href>
          </Icon>
          <scale>0.6</scale>
          <color>bf00a0f4</color>
        </IconStyle>
      </Style>
      <Point>
        <altitudeMode>clampToGround</altitudeMode>
        <coordinates>87.3263688502474,22.3148322123013,0</coordinates>
      </Point>
    </Placemark>
    <Placemark>
      <Snippet maxLines="0"> </Snippet>
      <description>281
UTC 19-04-2026 05:25:55.89
GpsMilliseconds 1460611573892
22.3148412,87.3263709, EA(2m)
AltWgs84 -7.3 m, EA(1m)
Hdg 358 deg, Spd 0.5 m/s
EA(43.9 deg, 0.7 m/s)</description>
      <Style>
        <IconStyle>
          <Icon>
            <href>http://maps.google.com/mapfiles/kml/shapes/shaded_dot.png</href>
          </Icon>
          <scale>0.6</scale>
          <color>bf00a0f4</color>
        </IconStyle>
      </Style>
      <Point>
        <altitudeMode>clampToGround</altitudeMode>
        <coordinates>87.3263709369459,22.3148412299631,0</coordinates>
      </Point>
    </Placemark>
    <Placemark>
      <Snippet maxLines="0"> </Snippet>
      <description>282
UTC 19-04-2026 05:25:56.92
GpsMilliseconds 1460611574921
22.3148596,87.3263809, EA(2m)
AltWgs84 -8.3 m, EA(1m)
Hdg 14 deg, Spd 0.9 m/s
EA(44.0 deg, 0.7 m/s)</description>
      <Style>
        <IconStyle>
          <Icon>
            <href>http://maps.google.com/mapfiles/kml/shapes/shaded_dot.png</href>
          </Icon>
          <scale>0.6</scale>
          <color>bf00a0f4</color>
        </IconStyle>
      </Style>
      <Point>
        <altitudeMode>clampToGround</altitudeMode>
        <coordinates>87.3263808622708,22.3148595913467,0</coordinates>
      </Point>
    </Placemark>
    <Placemark>
      <Snippet maxLines="0"> </Snippet>
      <description>283
UTC 19-04-2026 05:25:57.89
GpsMilliseconds 1460611575887
22.3148877,87.3263977, EA(2m)
AltWgs84 -9.4 m, EA(1m)
Hdg 22 deg, Spd 1.4 m/s
EA(43.8 deg, 0.7 m/s)</description>
      <Style>
        <IconStyle>
          <Icon>
            <href>http://maps.google.com/mapfiles/kml/shapes/shaded_dot.png</href>
          </Icon>
          <scale>0.6</scale>
          <color>bf00a0f4</color>
        </IconStyle>
      </Style>
      <Point>
        <altitudeMode>clampToGround</altitudeMode>
        <coordinates>87.326397709126,22.3148876777801,0</coordinates>
      </Point>
    </Placemark>
    <Placemark>
      <Snippet maxLines="0"> </Snippet>
      <description>284
UTC 19-04-2026 05:25:58.89
GpsMilliseconds 1460611576894
22.3148786,87.3263901, EA(2m)
AltWgs84 -9.9 m, EA(1m)
Hdg 16 deg, Spd 0.8 m/s
EA(43.7 deg, 0.7 m/s)</description>
      <Style>
        <IconStyle>
          <Icon>
            <href>http://maps.google.com/mapfiles/kml/shapes/shaded_dot.png</href>
          </Icon>
          <scale>0.6</scale>
          <color>bf00a0f4</color>
        </IconStyle>
      </Style>
      <Point>
        <altitudeMode>clampToGround</altitudeMode>
        <coordinates>87.3263901272727,22.3148785796333,0</coordinates>
      </Point>
    </Placemark>
    <Placemark>
      <Snippet maxLines="0"> </Snippet>
      <description>285
UTC 19-04-2026 05:25:59.91
GpsMilliseconds 1460611577914
22.3148749,87.3263623, EA(2m)
AltWgs84 -10.3 m, EA(1m)
Hdg 317 deg, Spd 0.7 m/s
EA(43.7 deg, 0.7 m/s)</description>
      <Style>
        <IconStyle>
          <Icon>
            <href>http://maps.google.com/mapfiles/kml/shapes/shaded_dot.png</href>
          </Icon>
          <scale>0.6</scale>
          <color>bf00a0f4</color>
        </IconStyle>
      </Style>
      <Point>
        <altitudeMode>clampToGround</altitudeMode>
        <coordinates>87.3263623117669,22.3148748686716,0</coordinates>
      </Point>
    </Placemark>
    <Placemark>
      <Snippet maxLines="0"> </Snippet>
      <description>286
UTC 19-04-2026 05:26:00.89
GpsMilliseconds 1460611578891
22.3148788,87.3263747, EA(2m)
AltWgs84 -9.8 m, EA(1m)
Hdg 352 deg, Spd 0.5 m/s
EA(43.9 deg, 0.7 m/s)</description>
      <Style>
        <IconStyle>
          <Icon>
            <href>http://maps.google.com/mapfiles/kml/shapes/shaded_dot.png</href>
          </Icon>
          <scale>0.6</scale>
          <color>bf00a0f4</color>
        </IconStyle>
      </Style>
      <Point>
        <altitudeMode>clampToGround</altitudeMode>
        <coordinates>87.3263746917824,22.314878785098,0</coordinates>
      </Point>
    </Placemark>
    <Placemark>
      <Snippet maxLines="0"> </Snippet>
      <description>287
UTC 19-04-2026 05:26:01.91
GpsMilliseconds 1460611579913
22.3148758,87.3263508, EA(2m)
AltWgs84 -10.0 m, EA(1m)
Hdg 296 deg, Spd 0.6 m/s
EA(43.8 deg, 0.7 m/s)</description>
      <Style>
        <IconStyle>
          <Icon>
            <href>http://maps.google.com/mapfiles/kml/shapes/shaded_dot.png</href>
          </Icon>
          <scale>0.6</scale>
          <color>bf00a0f4</color>
        </IconStyle>
      </Style>
      <Point>
        <altitudeMode>clampToGround</altitudeMode>
        <coordinates>87.3263508026505,22.3148757515978,0</coordinates>
      </Point>
    </Placemark>
    <Placemark>
      <Snippet maxLines="0"> </Snippet>
      <description>288
UTC 19-04-2026 05:26:02.89
GpsMilliseconds 1460611580894
22.3148803,87.3263338, EA(2m)
AltWgs84 -10.8 m, EA(1m)
Hdg 292 deg, Spd 0.9 m/s
EA(43.6 deg, 0.7 m/s)</description>
      <Style>
        <IconStyle>
          <Icon>
            <href>http://maps.google.com/mapfiles/kml/shapes/shaded_dot.png</href>
          </Icon>
          <scale>0.6</scale>
          <color>bf00a0f4</color>
        </IconStyle>
      </Style>
      <Point>
        <altitudeMode>clampToGround</altitudeMode>
        <coordinates>87.3263337767594,22.3148803046417,0</coordinates>
      </Point>
    </Placemark>
    <Placemark>
      <Snippet maxLines="0"> </Snippet>
      <description>289
UTC 19-04-2026 05:26:03.91
GpsMilliseconds 1460611581907
22.3148809,87.3263331, EA(2m)
AltWgs84 -11.1 m, EA(1m)
Hdg 293 deg, Spd 0.7 m/s
EA(44.1 deg, 0.7 m/s)</description>
      <Style>
        <IconStyle>
          <Icon>
            <href>http://maps.google.com/mapfiles/kml/shapes/shaded_dot.png</href>
          </Icon>
          <scale>0.6</scale>
          <color>bf00a0f4</color>
        </IconStyle>
      </Style>
      <Point>
        <altitudeMode>clampToGround</altitudeMode>
        <coordinates>87.3263330549373,22.3148809312769,0</coordinates>
      </Point>
    </Placemark>
    <Placemark>
      <Snippet maxLines="0"> </Snippet>
      <description>290
UTC 19-04-2026 05:26:04.89
GpsMilliseconds 1460611582894
22.3148714,87.3263271, EA(2m)
AltWgs84 -10.8 m, EA(1m)
Hdg 267 deg, Spd 0.6 m/s
EA(43.5 deg, 0.7 m/s)</description>
      <Style>
        <IconStyle>
          <Icon>
            <href>http://maps.google.com/mapfiles/kml/shapes/shaded_dot.png</href>
          </Icon>
          <scale>0.6</scale>
          <color>bf00a0f4</color>
        </IconStyle>
      </Style>
      <Point>
        <altitudeMode>clampToGround</altitudeMode>
        <coordinates>87.3263270811843,22.3148713711488,0</coordinates>
      </Point>
    </Placemark>
    <Placemark>
      <Snippet maxLines="0"> </Snippet>
      <description>291
UTC 19-04-2026 05:26:05.89
GpsMilliseconds 1460611583895
22.3148809,87.3263099, EA(2m)
AltWgs84 -11.9 m, EA(1m)
Hdg 284 deg, Spd 0.9 m/s
EA(43.8 deg, 0.7 m/s)</description>
      <Style>
        <IconStyle>
          <Icon>
            <href>http://maps.google.com/mapfiles/kml/shapes/shaded_dot.png</href>
          </Icon>
          <scale>0.6</scale>
          <color>bf00a0f4</color>
        </IconStyle>
      </Style>
      <Point>
        <altitudeMode>clampToGround</altitudeMode>
        <coordinates>87.3263099043104,22.3148808513367,0</coordinates>
      </Point>
    </Placemark>
    <Placemark>
      <Snippet maxLines="0"> </Snippet>
      <description>292
UTC 19-04-2026 05:26:06.91
GpsMilliseconds 1460611584910
22.3148755,87.3263100, EA(2m)
AltWgs84 -12.6 m, EA(1m)
Hdg 273 deg, Spd 0.6 m/s
EA(43.6 deg, 0.7 m/s)</description>
      <Style>
        <IconStyle>
          <Icon>
            <href>http://maps.google.com/mapfiles/kml/shapes/shaded_dot.png</href>
          </Icon>
          <scale>0.6</scale>
          <color>bf00a0f4</color>
        </IconStyle>
      </Style>
      <Point>
        <altitudeMode>clampToGround</altitudeMode>
        <coordinates>87.3263100317918,22.3148755489457,0</coordinates>
      </Point>
    </Placemark>
    <Placemark>
      <Snippet maxLines="0"> </Snippet>
      <description>293
UTC 19-04-2026 05:26:07.89
GpsMilliseconds 1460611585890
22.3148891,87.3263166, EA(2m)
AltWgs84 -13.1 m, EA(1m)
Hdg 318 deg, Spd 0.5 m/s
EA(43.6 deg, 0.7 m/s)</description>
      <Style>
        <IconStyle>
          <Icon>
            <href>http://maps.google.com/mapfiles/kml/shapes/shaded_dot.png</href>
          </Icon>
          <scale>0.6</scale>
          <color>bf00a0f4</color>
        </IconStyle>
      </Style>
      <Point>
        <altitudeMode>clampToGround</altitudeMode>
        <coordinates>87.3263166006738,22.3148890861511,0</coordinates>
      </Point>
    </Placemark>
    <Placemark>
      <Snippet maxLines="0"> </Snippet>
      <description>294
UTC 19-04-2026 05:26:08.91
GpsMilliseconds 1460611586909
22.3148892,87.3263351, EA(2m)
AltWgs84 -13.4 m, EA(1m)
Hdg 37 deg, Spd 0.3 m/s
EA(43.7 deg, 0.7 m/s)</description>
      <Style>
        <IconStyle>
          <Icon>
            <href>http://maps.google.com/mapfiles/kml/shapes/shaded_dot.png</href>
          </Icon>
          <scale>0.6</scale>
          <color>bf00a0f4</color>
        </IconStyle>
      </Style>
      <Point>
        <altitudeMode>clampToGround</altitudeMode>
        <coordinates>87.3263351453483,22.314889206208,0</coordinates>
      </Point>
    </Placemark>
    <Placemark>
      <Snippet maxLines="0"> </Snippet>
      <description>295
UTC 19-04-2026 05:26:09.91
GpsMilliseconds 1460611587914
22.3148819,87.3263605, EA(2m)
AltWgs84 -14.0 m, EA(1m)
Hdg 88 deg, Spd 0.7 m/s
EA(43.4 deg, 0.7 m/s)</description>
      <Style>
        <IconStyle>
          <Icon>
            <href>http://maps.google.com/mapfiles/kml/shapes/shaded_dot.png</href>
          </Icon>
          <scale>0.6</scale>
          <color>bf00a0f4</color>
        </IconStyle>
      </Style>
      <Point>
        <altitudeMode>clampToGround</altitudeMode>
        <coordinates>87.3263604617876,22.3148818825319,0</coordinates>
      </Point>
    </Placemark>
    <Placemark>
      <Snippet maxLines="0"> </Snippet>
      <description>296
UTC 19-04-2026 05:26:10.90
GpsMilliseconds 1460611588901
22.3148548,87.3263617, EA(2m)
AltWgs84 -13.7 m, EA(1m)
Hdg 138 deg, Spd 0.8 m/s
EA(43.5 deg, 0.7 m/s)</description>
      <Style>
        <IconStyle>
          <Icon>
            <href>http://maps.google.com/mapfiles/kml/shapes/shaded_dot.png</href>
          </Icon>
          <scale>0.6</scale>
          <color>bf00a0f4</color>
        </IconStyle>
      </Style>
      <Point>
        <altitudeMode>clampToGround</altitudeMode>
        <coordinates>87.3263616912384,22.3148548207164,0</coordinates>
      </Point>
    </Placemark>
    <Placemark>
      <Snippet maxLines="0"> </Snippet>
      <description>297
UTC 19-04-2026 05:26:11.91
GpsMilliseconds 1460611589906
22.3148534,87.3263705, EA(2m)
AltWgs84 -14.8 m, EA(1m)
Hdg 129 deg, Spd 0.8 m/s
EA(43.5 deg, 0.7 m/s)</description>
      <Style>
        <IconStyle>
          <Icon>
            <href>http://maps.google.com/mapfiles/kml/shapes/shaded_dot.png</href>
          </Icon>
          <scale>0.6</scale>
          <color>bf00a0f4</color>
        </IconStyle>
      </Style>
      <Point>
        <altitudeMode>clampToGround</altitudeMode>
        <coordinates>87.326370502431,22.3148533720711,0</coordinates>
      </Point>
    </Placemark>
    <Placemark>
      <Snippet maxLines="0"> </Snippet>
      <description>298
UTC 19-04-2026 05:26:12.90
GpsMilliseconds 1460611590904
22.3148530,87.3263629, EA(2m)
AltWgs84 -15.3 m, EA(1m)
Hdg 145 deg, Spd 0.5 m/s
EA(43.1 deg, 0.7 m/s)</description>
      <Style>
        <IconStyle>
          <Icon>
            <href>http://maps.google.com/mapfiles/kml/shapes/shaded_dot.png</href>
          </Icon>
          <scale>0.6</scale>
          <color>bf00a0f4</color>
        </IconStyle>
      </Style>
      <Point>
        <altitudeMode>clampToGround</altitudeMode>
        <coordinates>87.3263629068989,22.314853033227,0</coordinates>
      </Point>
    </Placemark>
    <Placemark>
      <Snippet maxLines="0"> </Snippet>
      <description>299
UTC 19-04-2026 05:26:13.89
GpsMilliseconds 1460611591891
22.3148555,87.3263722, EA(2m)
AltWgs84 -15.8 m, EA(1m)
Hdg 120 deg, Spd 0.5 m/s
EA(43.5 deg, 0.7 m/s)</description>
      <Style>
        <IconStyle>
          <Icon>
            <href>http://maps.google.com/mapfiles/kml/shapes/shaded_dot.png</href>
          </Icon>
          <scale>0.6</scale>
          <color>bf00a0f4</color>
        </IconStyle>
      </Style>
      <Point>
        <altitudeMode>clampToGround</altitudeMode>
        <coordinates>87.3263722256293,22.3148555288224,0</coordinates>
      </Point>
    </Placemark>
   </Document>
</kml>