<?xml version="1.0" encoding="utf-8"?>
<kml xmlns="http://www.opengis.net/kml/2.2">
  <Document>
    <name>gnss_log_2026_04_19_11_05_37.kml</name>
    <Placemark>
      <Snippet maxLines="0"> </Snippet>
      <description> </description>
      <name>Line 1</name>
      <Style>
        <LineStyle>
          <color>80ffffff</color>
        </LineStyle>
      </Style>
      <LineString>
        <altitudeMode>clampToGround</altitudeMode>
        <coordinates> 87.3236505,22.3164012833333,0 87.3236465166667,22.3164019333333,0 87.3236342166667,22.3164050166667,0 87.3236113,22.3164142833333,0 87.32359725,22.3164226166667,0 87.3235796666667,22.3164351166667,0 87.3235586666667,22.3164459666667,0 87.3235336333333,22.3164572833333,0 87.3235087166667,22.3164708666667,0 87.3234839833333,22.3164845833333,0 87.32345515,22.3164959666667,0 87.3234251,22.3165080666667,0 87.3233956166667,22.3165198333333,0 87.3233674833333,22.3165359333333,0 87.3233424833333,22.3165538833333,0 87.32332165,22.3165626666667,0 87.3232993666667,22.3165751833333,0 87.3232754833333,22.3165947833333,0 87.32323755,22.3166132833333,0 87.3232034333333,22.3166323166667,0 87.3231692666667,22.3166501,0 87.3231404,22.3166693,0 87.3231031833333,22.3166850666667,0 87.3230617833333,22.31669255,0 87.3230436166667,22.3167012,0 87.3230251,22.3167123666667,0 87.3230014666667,22.3167293833333,0 87.3229739333333,22.3167451333333,0 87.3229467333333,22.3167566833333,0 87.3229116833333,22.3167710333333,0 87.3228830333333,22.3167831666667,0 87.3228509333333,22.3167979833333,0 87.3228159666667,22.3168143833333,0 87.3227804166667,22.3168325666667,0 87.3227435,22.3168516833333,0 87.322706,22.3168783,0 87.3226634666667,22.3169008,0 87.32262675,22.3169162,0 87.3225867,22.3169346833333,0 87.3225481833333,22.31696105,0 87.3225189166667,22.3169802,0 87.3224816666667,22.3170006,0 87.3224468666667,22.3170270333333,0 87.3224144833333,22.3170516833333,0 87.3223834666667,22.3170753,0 87.3223484833333,22.31709925,0 87.3223141666667,22.3171187666667,0 87.3222783,22.31713615,0 87.3222454166667,22.3171559333333,0 87.3222174666667,22.3171760333333,0 87.32218755,22.3171930833333,0 87.3221605833333,22.31721615,0 87.3221399166667,22.31723815,0 87.32211675,22.3172575666667,0 87.3220874666667,22.3172773833333,0 87.3220594833333,22.3172991,0 87.3220342166667,22.31731995,0 87.3220018,22.3173455333333,0 87.3219766,22.3173732333333,0 87.3219529333333,22.3173949666667,0 87.3219289,22.31741635,0 87.3219012166667,22.3174384166667,0 87.3218796333333,22.3174622833333,0 87.3218570833333,22.3174877666667,0 87.3218299,22.3175102333333,0 87.3218018333333,22.3175344666667,0 87.3217735166667,22.3175595333333,0 87.3217410333333,22.31758505,0 87.3217059333333,22.3176092666667,0 87.3216742166667,22.3176312833333,0 87.3216419833333,22.3176548666667,0 87.3216094166667,22.3176748,0 87.3215740833333,22.3176954166667,0 87.3215382666667,22.3177176666667,0 87.3215064666667,22.3177393166667,0 87.3214753833333,22.3177618833333,0 87.3214445333333,22.3177836833333,0 87.3214138833333,22.3178064166667,0 87.3213865166667,22.3178249333333,0 87.321361,22.3178437333333,0 87.3213385166667,22.3178624333333,0 87.3213160166667,22.3178832,0 87.3212946333333,22.3179034166667,0 87.3212662166667,22.3179232333333,0 87.3212423166667,22.3179443333333,0 87.3212181,22.317965,0 87.3211954166667,22.3179853166667,0 87.3211681333333,22.3180121666667,0 87.3211426166667,22.3180379666667,0 87.3211071666667,22.3180645833333,0 87.3210710833333,22.3180871666667,0 87.3210380833333,22.3181070333333,0 87.321002,22.31812215,0 87.3209633833333,22.3181398333333,0 87.3209265833333,22.3181557166667,0 87.3208914833333,22.3181696833333,0 87.3208649166667,22.3181858833333,0 87.32084105,22.3182076666667,0 87.3208124166667,22.3182338333333,0 87.3207807333333,22.3182597833333,0 87.32075285,22.3182850166667,0 87.3207259833333,22.3183103333333,0 87.3206984166667,22.3183406666667,0 87.3206725333333,22.3183660166667,0 87.3206392166667,22.3183908,0 87.3206045,22.3184155333333,0 87.3205729666667,22.3184388833333,0 87.3205417833333,22.3184583333333,0 87.3205088833333,22.3184812,0 87.3204801833333,22.3184989333333,0 87.3204518,22.3185148666667,0 87.3204231166667,22.31853235,0 87.3203916666667,22.3185507833333,0 87.3203667666667,22.31856725,0 87.3203414666667,22.3185848666667,0 87.32031765,22.3186047666667,0 87.3202987166667,22.3186313333333,0 87.32027965,22.31865455,0 87.3202537166667,22.3186781333333,0 87.3202267666667,22.3186998333333,0 87.3201927166667,22.3187220833333,0 87.3201617333333,22.3187456666667,0 87.3201309833333,22.3187728166667,0 87.3201009,22.31880285,0 87.3200722333333,22.3188323166667,0 87.3200403166667,22.3188607166667,0 87.3200081666667,22.31888595,0 87.3199724666667,22.3189117666667,0 87.3199408166667,22.3189341333333,0 87.3199072333333,22.3189550833333,0 87.31987565,22.31897405,0 87.3198431166667,22.3189914666667,0 87.3198120666667,22.3190098166667,0 87.3197819166667,22.3190277166667,0 87.3197528666667,22.3190443166667,0 87.3197276833333,22.3190592166667,0 87.3197038333333,22.3190741333333,0 87.3196795666667,22.3190913166667,0 87.3196555,22.3191065833333,0 87.3196353,22.3191226333333,0 87.3196180333333,22.3191448833333,0 87.3196047166667,22.3191674166667,0 87.3195936166667,22.3191967166667,0 87.3195837666667,22.3192314666667,0 87.3195693,22.3192623333333,0 87.31954845,22.3192892166667,0 87.3195235666667,22.3193120166667,0 87.3194934833333,22.3193373166667,0 87.31946365,22.3193609333333,0 87.3194357833333,22.31938665,0 87.3194067166667,22.31941415,0 87.31937855,22.31943915,0 87.3193498166667,22.3194657666667,0 87.3193210833333,22.3194916333333,0 87.3192915833333,22.31951665,0 87.3192606833333,22.3195416333333,0 87.3192300166667,22.3195648666667,0 87.3191986833333,22.3195894666667,0 87.3191684666667,22.3196136666667,0 87.3191389166667,22.3196378,0 87.3191099166667,22.31966155,0 87.3190807333333,22.3196885833333,0 87.31904755,22.3197139666667,0 87.3190113833333,22.3197402,0 87.3189773,22.31976565,0 87.31894445,22.3197938666667,0 87.31891505,22.3198218,0 87.3188846833333,22.3198515166667,0 87.3188528166667,22.31987945,0 87.3188204666667,22.3199059833333,0 87.3187905,22.3199343166667,0 87.3187619833333,22.3199618333333,0 87.3187350166667,22.3199891833333,0 87.3187100166667,22.3200135166667,0 87.3186867666667,22.3200416666667,0 87.3186642666667,22.3200722166667,0 87.3186439,22.3200961666667,0 87.3186265666667,22.3201246333333,0 87.31860525,22.32015635,0 87.3185851666667,22.3201847833333,0 87.3185656166667,22.3202148666667,0 87.31854625,22.3202429333333,0 87.3185299666667,22.3202671333333,0 87.3185077333333,22.3202962333333,0 87.3184797166667,22.3203286166667,0 87.3184523833333,22.3203604333333,0 87.3184241833333,22.32038835,0 87.3183930166667,22.3204161833333,0 87.3183625166667,22.3204399666667,0 87.3183313166667,22.3204635166667,0 87.3182991833333,22.3204883166667,0 87.3182674166667,22.3205127166667,0 87.3182348166667,22.3205359666667,0 87.3182011333333,22.3205558166667,0 87.3181699333333,22.3205771166667,0 87.3181390666667,22.3205961166667,0 87.31810695,22.32061705,0 87.3180765666667,22.320638,0 87.3180454666667,22.3206589,0 87.3180155833333,22.3206811666667,0 87.3179842833333,22.3207036166667,0 87.3179523666667,22.3207258333333,0 87.3179193666667,22.32074915,0 87.3178865166667,22.3207712833333,0 87.31785475,22.3207954333333,0 87.3178245666667,22.3208191833333,0 87.3177930666667,22.3208426833333,0 87.3177613666667,22.3208678666667,0 87.31772925,22.3208935,0 87.3176970833333,22.3209183333333,0 87.3176650333333,22.3209439833333,0 87.31763385,22.3209694833333,0 87.3176009666667,22.3209963666667,0 87.3175675833333,22.3210232333333,0 87.3175352833333,22.3210494333333,0 87.3175035333333,22.32107545,0 87.3174701666667,22.3211010333333,0 87.3174368833333,22.3211235666667,0 87.3174033166667,22.3211474166667,0 87.3173703666667,22.3211717333333,0 87.3173369333333,22.3211956833333,0 87.3173017666667,22.3212188333333,0 87.3172683333333,22.3212399666667,0 87.3172345666667,22.3212626333333,0 87.3172004166667,22.3212852333333,0 87.3171661333333,22.3213082666667,0 87.31713215,22.32133105,0 87.3170965833333,22.3213541333333,0 87.3170612333333,22.32137865,0 87.3170258666667,22.3214017333333,0 87.3169906166667,22.3214273666667,0 87.3169546833333,22.3214510833333,0 87.3169186833333,22.3214748833333,0 87.3168834166667,22.3214974833333,0 87.3168493333333,22.3215202833333,0 87.3168159166667,22.3215433333333,0 87.3167830166667,22.3215684833333,0 87.3167513166667,22.3215927333333,0 87.3167196333333,22.3216167166667,0 87.3166873833333,22.32164055,0 87.3166554666667,22.3216649166667,0 87.3166242666667,22.3216862166667,0 87.3165928333333,22.3217078666667,0 87.3165612166667,22.3217266833333,0 87.3165288333333,22.3217479666667,0 87.31649845,22.3217702166667,0 87.3164652333333,22.3217932333333,0 87.3164311666667,22.3218181166667,0 87.3163966166667,22.3218425333333,0 87.3163612166667,22.3218668333333,0 87.3163264833333,22.3218902333333,0 87.3162908666667,22.3219121666667,0 87.3162519333333,22.3219343166667,0 87.3162145166667,22.3219553166667,0 87.316176,22.3219749833333,0 87.3161360333333,22.321992,0 87.3160939166667,22.3220112166667,0 87.3160524666667,22.3220314666667,0 87.3160118833333,22.3220500666667,0 87.3159705833333,22.3220669666667,0 87.3159295833333,22.3220836833333,0 87.3158894666667,22.3220999166667,0 87.31584925,22.3221156166667,0 87.31580865,22.3221333833333,0 87.3157683666667,22.3221494833333,0 87.3157294666667,22.3221642333333,0 87.3156887666667,22.3221791,0 87.3156508833333,22.3221929166667,0 87.3156123166667,22.3222065833333,0 87.3155742833333,22.32221905,0 87.3155361333333,22.32223065,0 87.3154976833333,22.3222449166667,0 87.3154600166667,22.3222600333333,0 87.3154210666667,22.3222749833333,0 87.3153820166667,22.32228915,0 87.3153412333333,22.3223020166667,0 87.3153009833333,22.3223151166667,0 87.3152612166667,22.3223287666667,0 87.31521995,22.32234265,0 87.3151782333333,22.32236025,0 87.3151380333333,22.3223755166667,0 87.3150986,22.3223893833333,0 87.3150610166667,22.3224023833333,0 87.3150232333333,22.3224132833333,0 87.3149828166667,22.3224222666667,0 87.3149437833333,22.3224293833333,0 87.3149066833333,22.3224355833333,0 87.314869,22.3224422166667,0 87.3148307666667,22.3224491333333,0 87.3147944333333,22.3224539833333,0 87.3147580333333,22.32245935,0 87.3147144,22.3224619166667,0 87.31467385,22.3224650166667,0 87.3146367833333,22.3224676166667,0 87.3146019833333,22.3224695833333,0 87.3145644833333,22.3224726166667,0 87.3145247333333,22.3224763333333,0 87.3144838666667,22.3224804833333,0 87.3144455,22.3224827166667,0 87.3144031333333,22.3224966833333,0 87.3143612333333,22.3225099166667,0 87.3143210666667,22.3225192333333,0 87.3142814666667,22.3225254833333,0 87.3142409833333,22.3225378166667,0 87.31419755,22.3225472333333,0 87.3141557833333,22.3225569666667,0 87.3141161833333,22.3225633666667,0 87.3140794166667,22.3225671833333,0 87.3140417333333,22.3225708333333,0 87.3140010833333,22.32257545,0 87.31396125,22.3225805166667,0 87.3139213333333,22.3225855833333,0 87.31388175,22.3225904,0 87.3138433166667,22.3225940833333,0 87.3138075333333,22.32259555,0 87.3137702333333,22.3225977,0 87.3137315,22.3226034166667,0 87.3136923333333,22.32261145,0 87.3136520833333,22.3226166833333,0 87.3136121333333,22.3226194833333,0 87.3135691833333,22.3226249833333,0 87.3135269666667,22.3226329333333,0 87.3134847833333,22.3226405,0 87.3134433666667,22.3226488833333,0 87.3134038166667,22.32265745,0 87.3133643166667,22.3226647666667,0 87.3133233833333,22.3226694833333,0 87.31328335,22.3226724166667,0 87.3132435666667,22.3226749666667,0 87.3132054333333,22.322678,0 87.3131684833333,22.3226841666667,0 87.3131278333333,22.3226894666667,0 87.31308715,22.3226938333333,0 87.3130473833333,22.3226979666667,0 87.31300785,22.3227021666667,0 87.3129686166667,22.3227071666667,0 87.31292825,22.3227120333333,0 87.3128887333333,22.3227165833333,0 87.3128473166667,22.3227196666667,0 87.3128077166667,22.3227231166667,0 87.3127694833333,22.3227268833333,0 87.3127309333333,22.3227301833333,0 87.3126938666667,22.3227327333333,0 87.3126576833333,22.3227359666667,0 87.3126209333333,22.3227381166667,0 87.3125835833333,22.3227402666667,0 87.3125456666667,22.3227427833333,0 87.3125077333333,22.3227452333333,0 87.3124702333333,22.32274775,0 87.3124319666667,22.3227512,0 87.3123927666667,22.3227582333333,0 87.3123540333333,22.3227641,0 87.3123141833333,22.32277075,0 87.31227465,22.3227754666667,0 87.3122292833333,22.32277555,0 87.3121856333333,22.3227767333333,0 87.3121439666667,22.3227786,0 87.3121067,22.3227812333333,0 87.3120690666667,22.3227872166667,0 87.3120313166667,22.3227949666667,0 87.3119930333333,22.3228024833333,0 87.3119538666667,22.3228083666667,0 87.31191365,22.3228127833333,0 87.3118740666667,22.3228155333333,0 87.3118404833333,22.3228178666667,0 87.3118049833333,22.32281755,0 87.31176685,22.32281735,0 87.3117294833333,22.32281845,0 87.31168875,22.3228220166667,0 87.3116474166667,22.3228255833333,0 87.3116071833333,22.3228280666667,0 87.3115632833333,22.3228248666667,0 87.3115218166667,22.3228232666667,0 87.3114826833333,22.3228248166667,0 87.3114440333333,22.3228286333333,0 87.3114065333333,22.32283365,0 87.3113685333333,22.3228377666667,0 87.3113305333333,22.3228409666667,0 87.3112922333333,22.3228439166667,0 87.3112543166667,22.3228475833333,0 87.3112167166667,22.3228501666667,0 87.3111792666667,22.32285185,0 87.3111394166667,22.3228562166667,0 87.3110989666667,22.3228614666667,0 87.3110612333333,22.3228660666667,0 87.3110246333333,22.3228703333333,0 87.3109931166667,22.3228727666667,0 87.3109558166667,22.3228761666667,0 87.3109245,22.32287855,0 87.3108813166667,22.3228856,0 87.3108391333333,22.322886,0 87.31079995,22.3228845166667,0 87.3107616333333,22.3228797166667,0 87.3107235166667,22.3228715333333,0 87.31068865,22.3228661833333,0 87.3106511666667,22.3228621833333,0 87.3106143,22.3228588,0 87.3105784833333,22.3228568333333,0 87.3105421833333,22.3228580333333,0 87.3105054833333,22.3228621166667,0 87.3104686833333,22.3228642833333,0 87.3104396166667,22.3228626833333,0 87.3104116666667,22.3228531666667,0 87.3103859333333,22.3228405333333,0 87.31036285,22.32281785,0 87.3103442666667,22.3227907,0 87.3103306166667,22.3227644666667,0 87.3103216833333,22.32273995,0 87.31030465,22.3227131666667,0 87.3102826666667,22.322687,0 87.3102626833333,22.3226636333333,0 87.3102445166667,22.32264505,0 87.3102289333333,22.3226236333333,0 87.3102119833333,22.3226005333333,0 87.3101959833333,22.32256895,0 87.3101851833333,22.3225360833333,0 87.3101757,22.3225099,0 87.31016725,22.32247525,0 87.3101647166667,22.3224400666667,0 87.3101574333333,22.3224052333333,0 87.3101448166667,22.3223749666667,0 87.31013185,22.3223437666667,0 87.3101189166667,22.3223157833333,0 87.3101043666667,22.3222827833333,0 87.3100892333333,22.3222512333333,0 87.3100799666667,22.3222205833333,0 87.3100648666667,22.3221872833333,0 87.3100451833333,22.3221538,0 87.3100256666667,22.3221211166667,0 87.3100067666667,22.3220884333333,0 87.3099884666667,22.3220427166667,0 87.3099678,22.32200925,0 87.30994975,22.3219770833333,0 87.3099328166667,22.3219482666667,0 87.30991515,22.3219181166667,0 87.3098918666667,22.3218888166667,0 87.3098680666667,22.3218537833333,0 87.3098467166667,22.3218243333333,0 87.3098251666667,22.3217942,0 87.3098028,22.3217646666667,0 87.3097798833333,22.3217361166667,0 87.3097579333333,22.3217067333333,0 87.3097366833333,22.3216758666667,0 87.3097154833333,22.3216449,0 87.3096952333333,22.3216119666667,0 87.3096732833333,22.3215783333333,0 87.3096521166667,22.3215456166667,0 87.3096332666667,22.3215171833333,0 87.3096161166667,22.3214938,0 87.3096005333333,22.3214649333333,0 87.3095842166667,22.3214320666667,0 87.30956625,22.3214012666667,0 87.3095471333333,22.3213704833333,0 87.3095266833333,22.3213383666667,0 87.3095081166667,22.3213067333333,0 87.3094898666667,22.3212748166667,0 87.3094723333333,22.3212436333333,0 87.30945415,22.32121,0 87.3094358666667,22.3211751833333,0 87.30941755,22.3211437166667,0 87.3094010166667,22.3211152333333,0 87.30938155,22.3210878666667,0 87.3093594333333,22.3210562166667,0 87.3093396166667,22.3210236,0 87.3093192,22.32099285,0 87.3092992166667,22.3209621166667,0 87.30927995,22.3209312666667,0 87.3092592166667,22.3208967833333,0 87.3092379833333,22.3208607333333,0 87.3092178833333,22.3208257666667,0 87.3092106333333,22.3207930333333,0 87.3092070333333,22.3207610833333,0 87.3091881666667,22.3207441166667,0 87.3091672333333,22.3207215666667,0 87.3091503666667,22.3207053333333,0 87.3091396333333,22.3207027666667,0 87.3091386333333,22.3207028833333,0 87.3091373166667,22.32069735,0 87.3091327166667,22.3206918833333,0 87.3091086,22.3206868666667,0 87.3090773666667,22.3206846333333,0 87.3090362166667,22.3206892333333,0 87.3090172666667,22.3206832333333,0 87.3089897333333,22.3206893666667,0 87.3089617333333,22.3206972166667,0 87.30892205,22.3206844166667,0 87.3089015833333,22.3207097666667,0 87.30887255,22.3207257666667,0 87.3088477833333,22.3207434333333,0 87.3088272333333,22.3207663333333,0 87.3088016166667,22.3207867333333,0 87.30878435,22.32081985,0 87.3087557166667,22.3208372333333,0 87.3087271333333,22.3208495833333,0 87.3086932833333,22.32085725,0 87.3086626833333,22.3208652,0 87.3086348333333,22.3208735833333,0 87.3086041666667,22.3208858166667,0 87.3085713666667,22.3208988666667,0 87.3085370666667,22.3209116333333,0 87.3085008666667,22.32092445,0 87.3084715833333,22.32093835,0 87.3084476666667,22.3209597666667,0 87.3084183,22.3209757833333,0 87.3083838833333,22.3209900833333,0 87.30835005,22.3210032166667,0 87.3083181333333,22.3210139333333,0 87.3082857333333,22.3210266833333,0 87.3082541333333,22.3210439666667,0 87.3082245166667,22.3210562666667,0 87.308193,22.32107005,0 87.3081595833333,22.3210789833333,0 87.3081260166667,22.3210868833333,0 87.3080952166667,22.3210918,0 87.3080680666667,22.3211036333333,0 87.3080390833333,22.3211155,0 87.3080080833333,22.3211295666667,0 87.3079539666667,22.3211317833333,0 87.3079027333333,22.3211336333333,0 87.3078637833333,22.3211336166667,0 87.3078271333333,22.3211330166667,0 87.3077950833333,22.3211311833333,0 87.3077606166667,22.32112975,0 87.3077285166667,22.32112535,0 87.3076921833333,22.3211234166667,0 87.3076562166667,22.3211202333333,0 87.3076191666667,22.3211181,0 87.30758385,22.3211173666667,0 87.3075474666667,22.3211164833333,0 87.30750975,22.3211149,0 87.3074742166667,22.3211143333333,0 87.3074412166667,22.3211186833333,0 87.3074038,22.3211222666667,0 87.3073642666667,22.32111995,0 87.3073268333333,22.3211174666667,0 87.3072913333333,22.3211160833333,0 87.3072561833333,22.3211149666667,0 87.3072182166667,22.3211141666667,0 87.3071794333333,22.3211134833333,0 87.3071447833333,22.3211122833333,0 87.3071118166667,22.321111,0 87.3070772666667,22.32111135,0 87.3070382833333,22.32110875,0 87.3070018333333,22.3211077,0 87.3069647166667,22.3211045333333,0 87.3069276333333,22.3211000833333,0 87.3068913166667,22.3210955166667,0 87.3068557166667,22.3210941166667,0 87.3068189166667,22.3210939666667,0 87.3067861166667,22.3210934833333,0 87.3067518666667,22.3210936666667,0 87.3067196666667,22.3210947166667,0 87.3066835666667,22.3210951333333,0 87.3066491666667,22.3210959166667,0 87.3066133666667,22.3210965666667,0 87.3065761,22.3210956166667,0 87.3065401333333,22.3210968166667,0 87.3065032,22.3210981333333,0 87.3064648166667,22.3210968166667,0 87.3064267666667,22.3210949166667,0 87.3063978,22.3210981166667,0 87.3063635666667,22.32110485,0 87.3063309166667,22.3211115833333,0 87.3062954666667,22.3211157333333,0 87.3062592833333,22.3211132166667,0 87.3062220666667,22.3211066833333,0 87.3061892166667,22.3210999333333,0 87.3061572333333,22.3210960833333,0 87.3061218333333,22.3210894333333,0 87.3060865833333,22.3210836666667,0 87.3060520833333,22.3210771333333,0 87.3060209333333,22.3210728833333,0 87.3059838166667,22.32107245,0 87.3059410833333,22.3210725333333,0 87.3059043166667,22.3210764333333,0 87.3058676166667,22.3210811833333,0 87.3058322666667,22.3210853166667,0 87.3057954166667,22.3210896333333,0 87.3057591833333,22.3210963666667,0 87.3057235166667,22.3211048166667,0 87.3056893833333,22.3211152833333,0 87.3056577666667,22.3211288666667,0 87.30562715,22.3211443333333,0 87.3055995166667,22.3211635166667,0 87.3055725666667,22.3211843833333,0 87.3055459833333,22.32120625,0 87.3055127333333,22.3212241666667,0 87.3054755666667,22.3212343666667,0 87.3054385666667,22.32123785,0 87.3053942833333,22.3212350333333,0 87.30535635,22.3212356166667,0 87.3053214666667,22.3212404,0 87.3052827833333,22.3212396166667,0 87.3052432166667,22.3212331666667,0 87.3052055833333,22.3212239833333,0 87.3051666666667,22.3212110666667,0 87.3051280166667,22.3211984333333,0 87.3050892833333,22.3211883666667,0 87.3050502833333,22.3211800833333,0 87.3050101166667,22.3211716333333,0</coordinates>
      </LineString>
    </Placemark>
    <Placemark>
      <Snippet maxLines="0"> </Snippet>
      <description>1
UTC 19-04-2026 05:35:38.00
GpsMilliseconds 1460612156000
22.3164013,87.3236505, EA(5m)
AltWgs84 -2.0 m, EA(1m)
Hdg 305 deg, Spd 0.2 m/s
EA(0.0 deg, 0.0 m/s)</description>
      <Style>
        <IconStyle>
          <Icon>
            <href>http://maps.google.com/mapfiles/kml/shapes/shaded_dot.png</href>
          </Icon>
          <scale>0.6</scale>
          <color>bf00ff00</color>
        </IconStyle>
      </Style>
      <Point>
        <altitudeMode>clampToGround</altitudeMode>
        <coordinates>87.3236505,22.3164012833333,0</coordinates>
      </Point>
    </Placemark>
    <Placemark>
      <Snippet maxLines="0"> </Snippet>
      <description>2
UTC 19-04-2026 05:35:39.00
GpsMilliseconds 1460612157000
22.3164019,87.3236465, EA(5m)
AltWgs84 -2.0 m, EA(1m)
Hdg 306 deg, Spd 0.7 m/s
EA(0.0 deg, 0.0 m/s)</description>
      <Style>
        <IconStyle>
          <Icon>
            <href>http://maps.google.com/mapfiles/kml/shapes/shaded_dot.png</href>
          </Icon>
          <scale>0.6</scale>
          <color>bf00ff00</color>
        </IconStyle>
      </Style>
      <Point>
        <altitudeMode>clampToGround</altitudeMode>
        <coordinates>87.3236465166667,22.3164019333333,0</coordinates>
      </Point>
    </Placemark>
    <Placemark>
      <Snippet maxLines="0"> </Snippet>
      <description>3
UTC 19-04-2026 05:35:40.00
GpsMilliseconds 1460612158000
22.3164050,87.3236342, EA(5m)
AltWgs84 -0.6 m, EA(1m)
Hdg 302 deg, Spd 1.6 m/s
EA(0.0 deg, 0.0 m/s)</description>
      <Style>
        <IconStyle>
          <Icon>
            <href>http://maps.google.com/mapfiles/kml/shapes/shaded_dot.png</href>
          </Icon>
          <scale>0.6</scale>
          <color>bf00ff00</color>
        </IconStyle>
      </Style>
      <Point>
        <altitudeMode>clampToGround</altitudeMode>
        <coordinates>87.3236342166667,22.3164050166667,0</coordinates>
      </Point>
    </Placemark>
    <Placemark>
      <Snippet maxLines="0"> </Snippet>
      <description>4
UTC 19-04-2026 05:35:41.00
GpsMilliseconds 1460612159000
22.3164143,87.3236113, EA(5m)
AltWgs84 -1.8 m, EA(1m)
Hdg 306 deg, Spd 1.9 m/s
EA(0.0 deg, 0.0 m/s)</description>
      <Style>
        <IconStyle>
          <Icon>
            <href>http://maps.google.com/mapfiles/kml/shapes/shaded_dot.png</href>
          </Icon>
          <scale>0.6</scale>
          <color>bf00ff00</color>
        </IconStyle>
      </Style>
      <Point>
        <altitudeMode>clampToGround</altitudeMode>
        <coordinates>87.3236113,22.3164142833333,0</coordinates>
      </Point>
    </Placemark>
    <Placemark>
      <Snippet maxLines="0"> </Snippet>
      <description>5
UTC 19-04-2026 05:35:42.00
GpsMilliseconds 1460612160000
22.3164226,87.3235973, EA(5m)
AltWgs84 -3.0 m, EA(1m)
Hdg 295 deg, Spd 2.1 m/s
EA(0.0 deg, 0.0 m/s)</description>
      <Style>
        <IconStyle>
          <Icon>
            <href>http://maps.google.com/mapfiles/kml/shapes/shaded_dot.png</href>
          </Icon>
          <scale>0.6</scale>
          <color>bf00ff00</color>
        </IconStyle>
      </Style>
      <Point>
        <altitudeMode>clampToGround</altitudeMode>
        <coordinates>87.32359725,22.3164226166667,0</coordinates>
      </Point>
    </Placemark>
    <Placemark>
      <Snippet maxLines="0"> </Snippet>
      <description>6
UTC 19-04-2026 05:35:43.00
GpsMilliseconds 1460612161000
22.3164351,87.3235797, EA(5m)
AltWgs84 -3.1 m, EA(1m)
Hdg 306 deg, Spd 2.6 m/s
EA(0.0 deg, 0.0 m/s)</description>
      <Style>
        <IconStyle>
          <Icon>
            <href>http://maps.google.com/mapfiles/kml/shapes/shaded_dot.png</href>
          </Icon>
          <scale>0.6</scale>
          <color>bf00ff00</color>
        </IconStyle>
      </Style>
      <Point>
        <altitudeMode>clampToGround</altitudeMode>
        <coordinates>87.3235796666667,22.3164351166667,0</coordinates>
      </Point>
    </Placemark>
    <Placemark>
      <Snippet maxLines="0"> </Snippet>
      <description>7
UTC 19-04-2026 05:35:44.00
GpsMilliseconds 1460612162000
22.3164460,87.3235587, EA(5m)
AltWgs84 -3.1 m, EA(1m)
Hdg 300 deg, Spd 2.3 m/s
EA(0.0 deg, 0.0 m/s)</description>
      <Style>
        <IconStyle>
          <Icon>
            <href>http://maps.google.com/mapfiles/kml/shapes/shaded_dot.png</href>
          </Icon>
          <scale>0.6</scale>
          <color>bf00ff00</color>
        </IconStyle>
      </Style>
      <Point>
        <altitudeMode>clampToGround</altitudeMode>
        <coordinates>87.3235586666667,22.3164459666667,0</coordinates>
      </Point>
    </Placemark>
    <Placemark>
      <Snippet maxLines="0"> </Snippet>
      <description>8
UTC 19-04-2026 05:35:45.00
GpsMilliseconds 1460612163000
22.3164573,87.3235336, EA(5m)
AltWgs84 -3.5 m, EA(1m)
Hdg 299 deg, Spd 3.1 m/s
EA(0.0 deg, 0.0 m/s)</description>
      <Style>
        <IconStyle>
          <Icon>
            <href>http://maps.google.com/mapfiles/kml/shapes/shaded_dot.png</href>
          </Icon>
          <scale>0.6</scale>
          <color>bf00ff00</color>
        </IconStyle>
      </Style>
      <Point>
        <altitudeMode>clampToGround</altitudeMode>
        <coordinates>87.3235336333333,22.3164572833333,0</coordinates>
      </Point>
    </Placemark>
    <Placemark>
      <Snippet maxLines="0"> </Snippet>
      <description>9
UTC 19-04-2026 05:35:46.00
GpsMilliseconds 1460612164000
22.3164709,87.3235087, EA(5m)
AltWgs84 -4.3 m, EA(1m)
Hdg 300 deg, Spd 3.0 m/s
EA(0.0 deg, 0.0 m/s)</description>
      <Style>
        <IconStyle>
          <Icon>
            <href>http://maps.google.com/mapfiles/kml/shapes/shaded_dot.png</href>
          </Icon>
          <scale>0.6</scale>
          <color>bf00ff00</color>
        </IconStyle>
      </Style>
      <Point>
        <altitudeMode>clampToGround</altitudeMode>
        <coordinates>87.3235087166667,22.3164708666667,0</coordinates>
      </Point>
    </Placemark>
    <Placemark>
      <Snippet maxLines="0"> </Snippet>
      <description>10
UTC 19-04-2026 05:35:47.00
GpsMilliseconds 1460612165000
22.3164846,87.3234840, EA(5m)
AltWgs84 -4.3 m, EA(1m)
Hdg 301 deg, Spd 3.0 m/s
EA(0.0 deg, 0.0 m/s)</description>
      <Style>
        <IconStyle>
          <Icon>
            <href>http://maps.google.com/mapfiles/kml/shapes/shaded_dot.png</href>
          </Icon>
          <scale>0.6</scale>
          <color>bf00ff00</color>
        </IconStyle>
      </Style>
      <Point>
        <altitudeMode>clampToGround</altitudeMode>
        <coordinates>87.3234839833333,22.3164845833333,0</coordinates>
      </Point>
    </Placemark>
    <Placemark>
      <Snippet maxLines="0"> </Snippet>
      <description>11
UTC 19-04-2026 05:35:48.00
GpsMilliseconds 1460612166000
22.3164960,87.3234552, EA(5m)
AltWgs84 -4.6 m, EA(1m)
Hdg 299 deg, Spd 3.1 m/s
EA(0.0 deg, 0.0 m/s)</description>
      <Style>
        <IconStyle>
          <Icon>
            <href>http://maps.google.com/mapfiles/kml/shapes/shaded_dot.png</href>
          </Icon>
          <scale>0.6</scale>
          <color>bf00ff00</color>
        </IconStyle>
      </Style>
      <Point>
        <altitudeMode>clampToGround</altitudeMode>
        <coordinates>87.32345515,22.3164959666667,0</coordinates>
      </Point>
    </Placemark>
    <Placemark>
      <Snippet maxLines="0"> </Snippet>
      <description>12
UTC 19-04-2026 05:35:49.00
GpsMilliseconds 1460612167000
22.3165081,87.3234251, EA(5m)
AltWgs84 -4.9 m, EA(1m)
Hdg 296 deg, Spd 3.4 m/s
EA(0.0 deg, 0.0 m/s)</description>
      <Style>
        <IconStyle>
          <Icon>
            <href>http://maps.google.com/mapfiles/kml/shapes/shaded_dot.png</href>
          </Icon>
          <scale>0.6</scale>
          <color>bf00ff00</color>
        </IconStyle>
      </Style>
      <Point>
        <altitudeMode>clampToGround</altitudeMode>
        <coordinates>87.3234251,22.3165080666667,0</coordinates>
      </Point>
    </Placemark>
    <Placemark>
      <Snippet maxLines="0"> </Snippet>
      <description>13
UTC 19-04-2026 05:35:50.00
GpsMilliseconds 1460612168000
22.3165198,87.3233956, EA(5m)
AltWgs84 -4.7 m, EA(1m)
Hdg 296 deg, Spd 3.2 m/s
EA(0.0 deg, 0.0 m/s)</description>
      <Style>
        <IconStyle>
          <Icon>
            <href>http://maps.google.com/mapfiles/kml/shapes/shaded_dot.png</href>
          </Icon>
          <scale>0.6</scale>
          <color>bf00ff00</color>
        </IconStyle>
      </Style>
      <Point>
        <altitudeMode>clampToGround</altitudeMode>
        <coordinates>87.3233956166667,22.3165198333333,0</coordinates>
      </Point>
    </Placemark>
    <Placemark>
      <Snippet maxLines="0"> </Snippet>
      <description>14
UTC 19-04-2026 05:35:51.00
GpsMilliseconds 1460612169000
22.3165359,87.3233675, EA(5m)
AltWgs84 -4.7 m, EA(1m)
Hdg 305 deg, Spd 3.5 m/s
EA(0.0 deg, 0.0 m/s)</description>
      <Style>
        <IconStyle>
          <Icon>
            <href>http://maps.google.com/mapfiles/kml/shapes/shaded_dot.png</href>
          </Icon>
          <scale>0.6</scale>
          <color>bf00ff00</color>
        </IconStyle>
      </Style>
      <Point>
        <altitudeMode>clampToGround</altitudeMode>
        <coordinates>87.3233674833333,22.3165359333333,0</coordinates>
      </Point>
    </Placemark>
    <Placemark>
      <Snippet maxLines="0"> </Snippet>
      <description>15
UTC 19-04-2026 05:35:52.00
GpsMilliseconds 1460612170000
22.3165539,87.3233425, EA(5m)
AltWgs84 -5.0 m, EA(1m)
Hdg 303 deg, Spd 3.4 m/s
EA(0.0 deg, 0.0 m/s)</description>
      <Style>
        <IconStyle>
          <Icon>
            <href>http://maps.google.com/mapfiles/kml/shapes/shaded_dot.png</href>
          </Icon>
          <scale>0.6</scale>
          <color>bf00ff00</color>
        </IconStyle>
      </Style>
      <Point>
        <altitudeMode>clampToGround</altitudeMode>
        <coordinates>87.3233424833333,22.3165538833333,0</coordinates>
      </Point>
    </Placemark>
    <Placemark>
      <Snippet maxLines="0"> </Snippet>
      <description>16
UTC 19-04-2026 05:35:53.00
GpsMilliseconds 1460612171000
22.3165627,87.3233216, EA(5m)
AltWgs84 -4.6 m, EA(1m)
Hdg 295 deg, Spd 2.3 m/s
EA(0.0 deg, 0.0 m/s)</description>
      <Style>
        <IconStyle>
          <Icon>
            <href>http://maps.google.com/mapfiles/kml/shapes/shaded_dot.png</href>
          </Icon>
          <scale>0.6</scale>
          <color>bf00ff00</color>
        </IconStyle>
      </Style>
      <Point>
        <altitudeMode>clampToGround</altitudeMode>
        <coordinates>87.32332165,22.3165626666667,0</coordinates>
      </Point>
    </Placemark>
    <Placemark>
      <Snippet maxLines="0"> </Snippet>
      <description>17
UTC 19-04-2026 05:35:54.00
GpsMilliseconds 1460612172000
22.3165752,87.3232994, EA(7m)
AltWgs84 -4.6 m, EA(1m)
Hdg 308 deg, Spd 3.5 m/s
EA(0.0 deg, 0.0 m/s)</description>
      <Style>
        <IconStyle>
          <Icon>
            <href>http://maps.google.com/mapfiles/kml/shapes/shaded_dot.png</href>
          </Icon>
          <scale>0.6</scale>
          <color>bf00ff00</color>
        </IconStyle>
      </Style>
      <Point>
        <altitudeMode>clampToGround</altitudeMode>
        <coordinates>87.3232993666667,22.3165751833333,0</coordinates>
      </Point>
    </Placemark>
    <Placemark>
      <Snippet maxLines="0"> </Snippet>
      <description>18
UTC 19-04-2026 05:35:55.00
GpsMilliseconds 1460612173000
22.3165948,87.3232755, EA(7m)
AltWgs84 -4.7 m, EA(1m)
Hdg 313 deg, Spd 3.3 m/s
EA(0.0 deg, 0.0 m/s)</description>
      <Style>
        <IconStyle>
          <Icon>
            <href>http://maps.google.com/mapfiles/kml/shapes/shaded_dot.png</href>
          </Icon>
          <scale>0.6</scale>
          <color>bf00ff00</color>
        </IconStyle>
      </Style>
      <Point>
        <altitudeMode>clampToGround</altitudeMode>
        <coordinates>87.3232754833333,22.3165947833333,0</coordinates>
      </Point>
    </Placemark>
    <Placemark>
      <Snippet maxLines="0"> </Snippet>
      <description>19
UTC 19-04-2026 05:35:56.00
GpsMilliseconds 1460612174000
22.3166133,87.3232376, EA(9m)
AltWgs84 -5.3 m, EA(1m)
Hdg 299 deg, Spd 3.8 m/s
EA(0.0 deg, 0.0 m/s)</description>
      <Style>
        <IconStyle>
          <Icon>
            <href>http://maps.google.com/mapfiles/kml/shapes/shaded_dot.png</href>
          </Icon>
          <scale>0.6</scale>
          <color>bf00ff00</color>
        </IconStyle>
      </Style>
      <Point>
        <altitudeMode>clampToGround</altitudeMode>
        <coordinates>87.32323755,22.3166132833333,0</coordinates>
      </Point>
    </Placemark>
    <Placemark>
      <Snippet maxLines="0"> </Snippet>
      <description>20
UTC 19-04-2026 05:35:57.00
GpsMilliseconds 1460612175000
22.3166323,87.3232034, EA(9m)
AltWgs84 -5.4 m, EA(1m)
Hdg 299 deg, Spd 4.1 m/s
EA(0.0 deg, 0.0 m/s)</description>
      <Style>
        <IconStyle>
          <Icon>
            <href>http://maps.google.com/mapfiles/kml/shapes/shaded_dot.png</href>
          </Icon>
          <scale>0.6</scale>
          <color>bf00ff00</color>
        </IconStyle>
      </Style>
      <Point>
        <altitudeMode>clampToGround</altitudeMode>
        <coordinates>87.3232034333333,22.3166323166667,0</coordinates>
      </Point>
    </Placemark>
    <Placemark>
      <Snippet maxLines="0"> </Snippet>
      <description>21
UTC 19-04-2026 05:35:58.00
GpsMilliseconds 1460612176000
22.3166501,87.3231693, EA(9m)
AltWgs84 -5.3 m, EA(1m)
Hdg 299 deg, Spd 4.0 m/s
EA(0.0 deg, 0.0 m/s)</description>
      <Style>
        <IconStyle>
          <Icon>
            <href>http://maps.google.com/mapfiles/kml/shapes/shaded_dot.png</href>
          </Icon>
          <scale>0.6</scale>
          <color>bf00ff00</color>
        </IconStyle>
      </Style>
      <Point>
        <altitudeMode>clampToGround</altitudeMode>
        <coordinates>87.3231692666667,22.3166501,0</coordinates>
      </Point>
    </Placemark>
    <Placemark>
      <Snippet maxLines="0"> </Snippet>
      <description>22
UTC 19-04-2026 05:35:59.00
GpsMilliseconds 1460612177000
22.3166693,87.3231404, EA(9m)
AltWgs84 -6.3 m, EA(1m)
Hdg 294 deg, Spd 4.3 m/s
EA(0.0 deg, 0.0 m/s)</description>
      <Style>
        <IconStyle>
          <Icon>
            <href>http://maps.google.com/mapfiles/kml/shapes/shaded_dot.png</href>
          </Icon>
          <scale>0.6</scale>
          <color>bf00ff00</color>
        </IconStyle>
      </Style>
      <Point>
        <altitudeMode>clampToGround</altitudeMode>
        <coordinates>87.3231404,22.3166693,0</coordinates>
      </Point>
    </Placemark>
    <Placemark>
      <Snippet maxLines="0"> </Snippet>
      <description>23
UTC 19-04-2026 05:36:00.00
GpsMilliseconds 1460612178000
22.3166851,87.3231032, EA(9m)
AltWgs84 -6.3 m, EA(1m)
Hdg 295 deg, Spd 4.1 m/s
EA(0.0 deg, 0.0 m/s)</description>
      <Style>
        <IconStyle>
          <Icon>
            <href>http://maps.google.com/mapfiles/kml/shapes/shaded_dot.png</href>
          </Icon>
          <scale>0.6</scale>
          <color>bf00ff00</color>
        </IconStyle>
      </Style>
      <Point>
        <altitudeMode>clampToGround</altitudeMode>
        <coordinates>87.3231031833333,22.3166850666667,0</coordinates>
      </Point>
    </Placemark>
    <Placemark>
      <Snippet maxLines="0"> </Snippet>
      <description>24
UTC 19-04-2026 05:36:01.00
GpsMilliseconds 1460612179000
22.3166925,87.3230618, EA(9m)
AltWgs84 -6.4 m, EA(1m)
Hdg 291 deg, Spd 4.2 m/s
EA(0.0 deg, 0.0 m/s)</description>
      <Style>
        <IconStyle>
          <Icon>
            <href>http://maps.google.com/mapfiles/kml/shapes/shaded_dot.png</href>
          </Icon>
          <scale>0.6</scale>
          <color>bf00ff00</color>
        </IconStyle>
      </Style>
      <Point>
        <altitudeMode>clampToGround</altitudeMode>
        <coordinates>87.3230617833333,22.31669255,0</coordinates>
      </Point>
    </Placemark>
    <Placemark>
      <Snippet maxLines="0"> </Snippet>
      <description>25
UTC 19-04-2026 05:36:02.00
GpsMilliseconds 1460612180000
22.3167012,87.3230436, EA(8m)
AltWgs84 -8.0 m, EA(1m)
Hdg 298 deg, Spd 3.5 m/s
EA(0.0 deg, 0.0 m/s)</description>
      <Style>
        <IconStyle>
          <Icon>
            <href>http://maps.google.com/mapfiles/kml/shapes/shaded_dot.png</href>
          </Icon>
          <scale>0.6</scale>
          <color>bf00ff00</color>
        </IconStyle>
      </Style>
      <Point>
        <altitudeMode>clampToGround</altitudeMode>
        <coordinates>87.3230436166667,22.3167012,0</coordinates>
      </Point>
    </Placemark>
    <Placemark>
      <Snippet maxLines="0"> </Snippet>
      <description>26
UTC 19-04-2026 05:36:03.00
GpsMilliseconds 1460612181000
22.3167124,87.3230251, EA(8m)
AltWgs84 -7.7 m, EA(1m)
Hdg 300 deg, Spd 3.0 m/s
EA(0.0 deg, 0.0 m/s)</description>
      <Style>
        <IconStyle>
          <Icon>
            <href>http://maps.google.com/mapfiles/kml/shapes/shaded_dot.png</href>
          </Icon>
          <scale>0.6</scale>
          <color>bf00ff00</color>
        </IconStyle>
      </Style>
      <Point>
        <altitudeMode>clampToGround</altitudeMode>
        <coordinates>87.3230251,22.3167123666667,0</coordinates>
      </Point>
    </Placemark>
    <Placemark>
      <Snippet maxLines="0"> </Snippet>
      <description>27
UTC 19-04-2026 05:36:04.00
GpsMilliseconds 1460612182000
22.3167294,87.3230015, EA(8m)
AltWgs84 -8.0 m, EA(1m)
Hdg 299 deg, Spd 3.8 m/s
EA(0.0 deg, 0.0 m/s)</description>
      <Style>
        <IconStyle>
          <Icon>
            <href>http://maps.google.com/mapfiles/kml/shapes/shaded_dot.png</href>
          </Icon>
          <scale>0.6</scale>
          <color>bf00ff00</color>
        </IconStyle>
      </Style>
      <Point>
        <altitudeMode>clampToGround</altitudeMode>
        <coordinates>87.3230014666667,22.3167293833333,0</coordinates>
      </Point>
    </Placemark>
    <Placemark>
      <Snippet maxLines="0"> </Snippet>
      <description>28
UTC 19-04-2026 05:36:05.00
GpsMilliseconds 1460612183000
22.3167451,87.3229739, EA(8m)
AltWgs84 -8.8 m, EA(1m)
Hdg 297 deg, Spd 3.4 m/s
EA(0.0 deg, 0.0 m/s)</description>
      <Style>
        <IconStyle>
          <Icon>
            <href>http://maps.google.com/mapfiles/kml/shapes/shaded_dot.png</href>
          </Icon>
          <scale>0.6</scale>
          <color>bf00ff00</color>
        </IconStyle>
      </Style>
      <Point>
        <altitudeMode>clampToGround</altitudeMode>
        <coordinates>87.3229739333333,22.3167451333333,0</coordinates>
      </Point>
    </Placemark>
    <Placemark>
      <Snippet maxLines="0"> </Snippet>
      <description>29
UTC 19-04-2026 05:36:06.00
GpsMilliseconds 1460612184000
22.3167567,87.3229467, EA(8m)
AltWgs84 -9.1 m, EA(1m)
Hdg 294 deg, Spd 3.2 m/s
EA(0.0 deg, 0.0 m/s)</description>
      <Style>
        <IconStyle>
          <Icon>
            <href>http://maps.google.com/mapfiles/kml/shapes/shaded_dot.png</href>
          </Icon>
          <scale>0.6</scale>
          <color>bf00ff00</color>
        </IconStyle>
      </Style>
      <Point>
        <altitudeMode>clampToGround</altitudeMode>
        <coordinates>87.3229467333333,22.3167566833333,0</coordinates>
      </Point>
    </Placemark>
    <Placemark>
      <Snippet maxLines="0"> </Snippet>
      <description>30
UTC 19-04-2026 05:36:07.00
GpsMilliseconds 1460612185000
22.3167710,87.3229117, EA(7m)
AltWgs84 -9.6 m, EA(1m)
Hdg 295 deg, Spd 3.5 m/s
EA(0.0 deg, 0.0 m/s)</description>
      <Style>
        <IconStyle>
          <Icon>
            <href>http://maps.google.com/mapfiles/kml/shapes/shaded_dot.png</href>
          </Icon>
          <scale>0.6</scale>
          <color>bf00ff00</color>
        </IconStyle>
      </Style>
      <Point>
        <altitudeMode>clampToGround</altitudeMode>
        <coordinates>87.3229116833333,22.3167710333333,0</coordinates>
      </Point>
    </Placemark>
    <Placemark>
      <Snippet maxLines="0"> </Snippet>
      <description>31
UTC 19-04-2026 05:36:08.00
GpsMilliseconds 1460612186000
22.3167832,87.3228830, EA(7m)
AltWgs84 -9.7 m, EA(1m)
Hdg 294 deg, Spd 3.0 m/s
EA(0.0 deg, 0.0 m/s)</description>
      <Style>
        <IconStyle>
          <Icon>
            <href>http://maps.google.com/mapfiles/kml/shapes/shaded_dot.png</href>
          </Icon>
          <scale>0.6</scale>
          <color>bf00ff00</color>
        </IconStyle>
      </Style>
      <Point>
        <altitudeMode>clampToGround</altitudeMode>
        <coordinates>87.3228830333333,22.3167831666667,0</coordinates>
      </Point>
    </Placemark>
    <Placemark>
      <Snippet maxLines="0"> </Snippet>
      <description>32
UTC 19-04-2026 05:36:09.00
GpsMilliseconds 1460612187000
22.3167980,87.3228509, EA(7m)
AltWgs84 -9.9 m, EA(1m)
Hdg 296 deg, Spd 3.2 m/s
EA(0.0 deg, 0.0 m/s)</description>
      <Style>
        <IconStyle>
          <Icon>
            <href>http://maps.google.com/mapfiles/kml/shapes/shaded_dot.png</href>
          </Icon>
          <scale>0.6</scale>
          <color>bf00ff00</color>
        </IconStyle>
      </Style>
      <Point>
        <altitudeMode>clampToGround</altitudeMode>
        <coordinates>87.3228509333333,22.3167979833333,0</coordinates>
      </Point>
    </Placemark>
    <Placemark>
      <Snippet maxLines="0"> </Snippet>
      <description>33
UTC 19-04-2026 05:36:10.00
GpsMilliseconds 1460612188000
22.3168144,87.3228160, EA(7m)
AltWgs84 -10.6 m, EA(1m)
Hdg 295 deg, Spd 3.5 m/s
EA(0.0 deg, 0.0 m/s)</description>
      <Style>
        <IconStyle>
          <Icon>
            <href>http://maps.google.com/mapfiles/kml/shapes/shaded_dot.png</href>
          </Icon>
          <scale>0.6</scale>
          <color>bf00ff00</color>
        </IconStyle>
      </Style>
      <Point>
        <altitudeMode>clampToGround</altitudeMode>
        <coordinates>87.3228159666667,22.3168143833333,0</coordinates>
      </Point>
    </Placemark>
    <Placemark>
      <Snippet maxLines="0"> </Snippet>
      <description>34
UTC 19-04-2026 05:36:11.00
GpsMilliseconds 1460612189000
22.3168326,87.3227804, EA(7m)
AltWgs84 -10.9 m, EA(1m)
Hdg 297 deg, Spd 3.8 m/s
EA(0.0 deg, 0.0 m/s)</description>
      <Style>
        <IconStyle>
          <Icon>
            <href>http://maps.google.com/mapfiles/kml/shapes/shaded_dot.png</href>
          </Icon>
          <scale>0.6</scale>
          <color>bf00ff00</color>
        </IconStyle>
      </Style>
      <Point>
        <altitudeMode>clampToGround</altitudeMode>
        <coordinates>87.3227804166667,22.3168325666667,0</coordinates>
      </Point>
    </Placemark>
    <Placemark>
      <Snippet maxLines="0"> </Snippet>
      <description>35
UTC 19-04-2026 05:36:12.00
GpsMilliseconds 1460612190000
22.3168517,87.3227435, EA(6m)
AltWgs84 -11.0 m, EA(1m)
Hdg 298 deg, Spd 4.1 m/s
EA(0.0 deg, 0.0 m/s)</description>
      <Style>
        <IconStyle>
          <Icon>
            <href>http://maps.google.com/mapfiles/kml/shapes/shaded_dot.png</href>
          </Icon>
          <scale>0.6</scale>
          <color>bf00ff00</color>
        </IconStyle>
      </Style>
      <Point>
        <altitudeMode>clampToGround</altitudeMode>
        <coordinates>87.3227435,22.3168516833333,0</coordinates>
      </Point>
    </Placemark>
    <Placemark>
      <Snippet maxLines="0"> </Snippet>
      <description>36
UTC 19-04-2026 05:36:13.00
GpsMilliseconds 1460612191000
22.3168783,87.3227060, EA(6m)
AltWgs84 -9.9 m, EA(1m)
Hdg 299 deg, Spd 3.8 m/s
EA(0.0 deg, 0.0 m/s)</description>
      <Style>
        <IconStyle>
          <Icon>
            <href>http://maps.google.com/mapfiles/kml/shapes/shaded_dot.png</href>
          </Icon>
          <scale>0.6</scale>
          <color>bf00ff00</color>
        </IconStyle>
      </Style>
      <Point>
        <altitudeMode>clampToGround</altitudeMode>
        <coordinates>87.322706,22.3168783,0</coordinates>
      </Point>
    </Placemark>
    <Placemark>
      <Snippet maxLines="0"> </Snippet>
      <description>37
UTC 19-04-2026 05:36:14.00
GpsMilliseconds 1460612192000
22.3169008,87.3226635, EA(6m)
AltWgs84 -10.1 m, EA(1m)
Hdg 300 deg, Spd 4.1 m/s
EA(0.0 deg, 0.0 m/s)</description>
      <Style>
        <IconStyle>
          <Icon>
            <href>http://maps.google.com/mapfiles/kml/shapes/shaded_dot.png</href>
          </Icon>
          <scale>0.6</scale>
          <color>bf00ff00</color>
        </IconStyle>
      </Style>
      <Point>
        <altitudeMode>clampToGround</altitudeMode>
        <coordinates>87.3226634666667,22.3169008,0</coordinates>
      </Point>
    </Placemark>
    <Placemark>
      <Snippet maxLines="0"> </Snippet>
      <description>38
UTC 19-04-2026 05:36:15.00
GpsMilliseconds 1460612193000
22.3169162,87.3226267, EA(5m)
AltWgs84 -10.9 m, EA(1m)
Hdg 300 deg, Spd 3.8 m/s
EA(0.0 deg, 0.0 m/s)</description>
      <Style>
        <IconStyle>
          <Icon>
            <href>http://maps.google.com/mapfiles/kml/shapes/shaded_dot.png</href>
          </Icon>
          <scale>0.6</scale>
          <color>bf00ff00</color>
        </IconStyle>
      </Style>
      <Point>
        <altitudeMode>clampToGround</altitudeMode>
        <coordinates>87.32262675,22.3169162,0</coordinates>
      </Point>
    </Placemark>
    <Placemark>
      <Snippet maxLines="0"> </Snippet>
      <description>39
UTC 19-04-2026 05:36:16.00
GpsMilliseconds 1460612194000
22.3169347,87.3225867, EA(5m)
AltWgs84 -10.4 m, EA(1m)
Hdg 303 deg, Spd 3.9 m/s
EA(0.0 deg, 0.0 m/s)</description>
      <Style>
        <IconStyle>
          <Icon>
            <href>http://maps.google.com/mapfiles/kml/shapes/shaded_dot.png</href>
          </Icon>
          <scale>0.6</scale>
          <color>bf00ff00</color>
        </IconStyle>
      </Style>
      <Point>
        <altitudeMode>clampToGround</altitudeMode>
        <coordinates>87.3225867,22.3169346833333,0</coordinates>
      </Point>
    </Placemark>
    <Placemark>
      <Snippet maxLines="0"> </Snippet>
      <description>40
UTC 19-04-2026 05:36:17.00
GpsMilliseconds 1460612195000
22.3169610,87.3225482, EA(5m)
AltWgs84 -12.6 m, EA(1m)
Hdg 307 deg, Spd 4.1 m/s
EA(0.0 deg, 0.0 m/s)</description>
      <Style>
        <IconStyle>
          <Icon>
            <href>http://maps.google.com/mapfiles/kml/shapes/shaded_dot.png</href>
          </Icon>
          <scale>0.6</scale>
          <color>bf00ff00</color>
        </IconStyle>
      </Style>
      <Point>
        <altitudeMode>clampToGround</altitudeMode>
        <coordinates>87.3225481833333,22.31696105,0</coordinates>
      </Point>
    </Placemark>
    <Placemark>
      <Snippet maxLines="0"> </Snippet>
      <description>41
UTC 19-04-2026 05:36:18.00
GpsMilliseconds 1460612196000
22.3169802,87.3225189, EA(5m)
AltWgs84 -15.2 m, EA(1m)
Hdg 305 deg, Spd 3.7 m/s
EA(0.0 deg, 0.0 m/s)</description>
      <Style>
        <IconStyle>
          <Icon>
            <href>http://maps.google.com/mapfiles/kml/shapes/shaded_dot.png</href>
          </Icon>
          <scale>0.6</scale>
          <color>bf00ff00</color>
        </IconStyle>
      </Style>
      <Point>
        <altitudeMode>clampToGround</altitudeMode>
        <coordinates>87.3225189166667,22.3169802,0</coordinates>
      </Point>
    </Placemark>
    <Placemark>
      <Snippet maxLines="0"> </Snippet>
      <description>42
UTC 19-04-2026 05:36:19.00
GpsMilliseconds 1460612197000
22.3170006,87.3224817, EA(5m)
AltWgs84 -14.6 m, EA(1m)
Hdg 307 deg, Spd 3.9 m/s
EA(0.0 deg, 0.0 m/s)</description>
      <Style>
        <IconStyle>
          <Icon>
            <href>http://maps.google.com/mapfiles/kml/shapes/shaded_dot.png</href>
          </Icon>
          <scale>0.6</scale>
          <color>bf00ff00</color>
        </IconStyle>
      </Style>
      <Point>
        <altitudeMode>clampToGround</altitudeMode>
        <coordinates>87.3224816666667,22.3170006,0</coordinates>
      </Point>
    </Placemark>
    <Placemark>
      <Snippet maxLines="0"> </Snippet>
      <description>43
UTC 19-04-2026 05:36:20.00
GpsMilliseconds 1460612198000
22.3170270,87.3224469, EA(5m)
AltWgs84 -14.3 m, EA(1m)
Hdg 308 deg, Spd 3.8 m/s
EA(0.0 deg, 0.0 m/s)</description>
      <Style>
        <IconStyle>
          <Icon>
            <href>http://maps.google.com/mapfiles/kml/shapes/shaded_dot.png</href>
          </Icon>
          <scale>0.6</scale>
          <color>bf00ff00</color>
        </IconStyle>
      </Style>
      <Point>
        <altitudeMode>clampToGround</altitudeMode>
        <coordinates>87.3224468666667,22.3170270333333,0</coordinates>
      </Point>
    </Placemark>
    <Placemark>
      <Snippet maxLines="0"> </Snippet>
      <description>44
UTC 19-04-2026 05:36:21.00
GpsMilliseconds 1460612199000
22.3170517,87.3224145, EA(5m)
AltWgs84 -13.5 m, EA(1m)
Hdg 308 deg, Spd 3.9 m/s
EA(0.0 deg, 0.0 m/s)</description>
      <Style>
        <IconStyle>
          <Icon>
            <href>http://maps.google.com/mapfiles/kml/shapes/shaded_dot.png</href>
          </Icon>
          <scale>0.6</scale>
          <color>bf00ff00</color>
        </IconStyle>
      </Style>
      <Point>
        <altitudeMode>clampToGround</altitudeMode>
        <coordinates>87.3224144833333,22.3170516833333,0</coordinates>
      </Point>
    </Placemark>
    <Placemark>
      <Snippet maxLines="0"> </Snippet>
      <description>45
UTC 19-04-2026 05:36:22.00
GpsMilliseconds 1460612200000
22.3170753,87.3223835, EA(5m)
AltWgs84 -13.7 m, EA(1m)
Hdg 310 deg, Spd 3.8 m/s
EA(0.0 deg, 0.0 m/s)</description>
      <Style>
        <IconStyle>
          <Icon>
            <href>http://maps.google.com/mapfiles/kml/shapes/shaded_dot.png</href>
          </Icon>
          <scale>0.6</scale>
          <color>bf00ff00</color>
        </IconStyle>
      </Style>
      <Point>
        <altitudeMode>clampToGround</altitudeMode>
        <coordinates>87.3223834666667,22.3170753,0</coordinates>
      </Point>
    </Placemark>
    <Placemark>
      <Snippet maxLines="0"> </Snippet>
      <description>46
UTC 19-04-2026 05:36:23.00
GpsMilliseconds 1460612201000
22.3170992,87.3223485, EA(5m)
AltWgs84 -14.2 m, EA(1m)
Hdg 307 deg, Spd 3.9 m/s
EA(0.0 deg, 0.0 m/s)</description>
      <Style>
        <IconStyle>
          <Icon>
            <href>http://maps.google.com/mapfiles/kml/shapes/shaded_dot.png</href>
          </Icon>
          <scale>0.6</scale>
          <color>bf00ff00</color>
        </IconStyle>
      </Style>
      <Point>
        <altitudeMode>clampToGround</altitudeMode>
        <coordinates>87.3223484833333,22.31709925,0</coordinates>
      </Point>
    </Placemark>
    <Placemark>
      <Snippet maxLines="0"> </Snippet>
      <description>47
UTC 19-04-2026 05:36:24.00
GpsMilliseconds 1460612202000
22.3171188,87.3223142, EA(5m)
AltWgs84 -14.4 m, EA(1m)
Hdg 309 deg, Spd 3.8 m/s
EA(0.0 deg, 0.0 m/s)</description>
      <Style>
        <IconStyle>
          <Icon>
            <href>http://maps.google.com/mapfiles/kml/shapes/shaded_dot.png</href>
          </Icon>
          <scale>0.6</scale>
          <color>bf00ff00</color>
        </IconStyle>
      </Style>
      <Point>
        <altitudeMode>clampToGround</altitudeMode>
        <coordinates>87.3223141666667,22.3171187666667,0</coordinates>
      </Point>
    </Placemark>
    <Placemark>
      <Snippet maxLines="0"> </Snippet>
      <description>48
UTC 19-04-2026 05:36:25.00
GpsMilliseconds 1460612203000
22.3171361,87.3222783, EA(5m)
AltWgs84 -15.3 m, EA(1m)
Hdg 307 deg, Spd 3.7 m/s
EA(0.0 deg, 0.0 m/s)</description>
      <Style>
        <IconStyle>
          <Icon>
            <href>http://maps.google.com/mapfiles/kml/shapes/shaded_dot.png</href>
          </Icon>
          <scale>0.6</scale>
          <color>bf00ff00</color>
        </IconStyle>
      </Style>
      <Point>
        <altitudeMode>clampToGround</altitudeMode>
        <coordinates>87.3222783,22.31713615,0</coordinates>
      </Point>
    </Placemark>
    <Placemark>
      <Snippet maxLines="0"> </Snippet>
      <description>49
UTC 19-04-2026 05:36:26.00
GpsMilliseconds 1460612204000
22.3171559,87.3222454, EA(5m)
AltWgs84 -15.8 m, EA(1m)
Hdg 308 deg, Spd 3.8 m/s
EA(0.0 deg, 0.0 m/s)</description>
      <Style>
        <IconStyle>
          <Icon>
            <href>http://maps.google.com/mapfiles/kml/shapes/shaded_dot.png</href>
          </Icon>
          <scale>0.6</scale>
          <color>bf00ff00</color>
        </IconStyle>
      </Style>
      <Point>
        <altitudeMode>clampToGround</altitudeMode>
        <coordinates>87.3222454166667,22.3171559333333,0</coordinates>
      </Point>
    </Placemark>
    <Placemark>
      <Snippet maxLines="0"> </Snippet>
      <description>50
UTC 19-04-2026 05:36:27.00
GpsMilliseconds 1460612205000
22.3171760,87.3222175, EA(6m)
AltWgs84 -15.9 m, EA(1m)
Hdg 308 deg, Spd 3.6 m/s
EA(0.0 deg, 0.0 m/s)</description>
      <Style>
        <IconStyle>
          <Icon>
            <href>http://maps.google.com/mapfiles/kml/shapes/shaded_dot.png</href>
          </Icon>
          <scale>0.6</scale>
          <color>bf00ff00</color>
        </IconStyle>
      </Style>
      <Point>
        <altitudeMode>clampToGround</altitudeMode>
        <coordinates>87.3222174666667,22.3171760333333,0</coordinates>
      </Point>
    </Placemark>
    <Placemark>
      <Snippet maxLines="0"> </Snippet>
      <description>51
UTC 19-04-2026 05:36:28.00
GpsMilliseconds 1460612206000
22.3171931,87.3221875, EA(5m)
AltWgs84 -15.8 m, EA(1m)
Hdg 306 deg, Spd 3.4 m/s
EA(0.0 deg, 0.0 m/s)</description>
      <Style>
        <IconStyle>
          <Icon>
            <href>http://maps.google.com/mapfiles/kml/shapes/shaded_dot.png</href>
          </Icon>
          <scale>0.6</scale>
          <color>bf00ff00</color>
        </IconStyle>
      </Style>
      <Point>
        <altitudeMode>clampToGround</altitudeMode>
        <coordinates>87.32218755,22.3171930833333,0</coordinates>
      </Point>
    </Placemark>
    <Placemark>
      <Snippet maxLines="0"> </Snippet>
      <description>52
UTC 19-04-2026 05:36:29.00
GpsMilliseconds 1460612207000
22.3172162,87.3221606, EA(5m)
AltWgs84 -15.3 m, EA(1m)
Hdg 312 deg, Spd 3.3 m/s
EA(0.0 deg, 0.0 m/s)</description>
      <Style>
        <IconStyle>
          <Icon>
            <href>http://maps.google.com/mapfiles/kml/shapes/shaded_dot.png</href>
          </Icon>
          <scale>0.6</scale>
          <color>bf00ff00</color>
        </IconStyle>
      </Style>
      <Point>
        <altitudeMode>clampToGround</altitudeMode>
        <coordinates>87.3221605833333,22.31721615,0</coordinates>
      </Point>
    </Placemark>
    <Placemark>
      <Snippet maxLines="0"> </Snippet>
      <description>53
UTC 19-04-2026 05:36:30.00
GpsMilliseconds 1460612208000
22.3172382,87.3221399, EA(5m)
AltWgs84 -15.4 m, EA(1m)
Hdg 315 deg, Spd 3.0 m/s
EA(0.0 deg, 0.0 m/s)</description>
      <Style>
        <IconStyle>
          <Icon>
            <href>http://maps.google.com/mapfiles/kml/shapes/shaded_dot.png</href>
          </Icon>
          <scale>0.6</scale>
          <color>bf00ff00</color>
        </IconStyle>
      </Style>
      <Point>
        <altitudeMode>clampToGround</altitudeMode>
        <coordinates>87.3221399166667,22.31723815,0</coordinates>
      </Point>
    </Placemark>
    <Placemark>
      <Snippet maxLines="0"> </Snippet>
      <description>54
UTC 19-04-2026 05:36:31.00
GpsMilliseconds 1460612209000
22.3172576,87.3221168, EA(5m)
AltWgs84 -16.1 m, EA(1m)
Hdg 313 deg, Spd 3.0 m/s
EA(0.0 deg, 0.0 m/s)</description>
      <Style>
        <IconStyle>
          <Icon>
            <href>http://maps.google.com/mapfiles/kml/shapes/shaded_dot.png</href>
          </Icon>
          <scale>0.6</scale>
          <color>bf00ff00</color>
        </IconStyle>
      </Style>
      <Point>
        <altitudeMode>clampToGround</altitudeMode>
        <coordinates>87.32211675,22.3172575666667,0</coordinates>
      </Point>
    </Placemark>
    <Placemark>
      <Snippet maxLines="0"> </Snippet>
      <description>55
UTC 19-04-2026 05:36:32.00
GpsMilliseconds 1460612210000
22.3172774,87.3220875, EA(5m)
AltWgs84 -15.0 m, EA(1m)
Hdg 310 deg, Spd 3.3 m/s
EA(0.0 deg, 0.0 m/s)</description>
      <Style>
        <IconStyle>
          <Icon>
            <href>http://maps.google.com/mapfiles/kml/shapes/shaded_dot.png</href>
          </Icon>
          <scale>0.6</scale>
          <color>bf00ff00</color>
        </IconStyle>
      </Style>
      <Point>
        <altitudeMode>clampToGround</altitudeMode>
        <coordinates>87.3220874666667,22.3172773833333,0</coordinates>
      </Point>
    </Placemark>
    <Placemark>
      <Snippet maxLines="0"> </Snippet>
      <description>56
UTC 19-04-2026 05:36:33.00
GpsMilliseconds 1460612211000
22.3172991,87.3220595, EA(5m)
AltWgs84 -14.6 m, EA(1m)
Hdg 310 deg, Spd 3.1 m/s
EA(0.0 deg, 0.0 m/s)</description>
      <Style>
        <IconStyle>
          <Icon>
            <href>http://maps.google.com/mapfiles/kml/shapes/shaded_dot.png</href>
          </Icon>
          <scale>0.6</scale>
          <color>bf00ff00</color>
        </IconStyle>
      </Style>
      <Point>
        <altitudeMode>clampToGround</altitudeMode>
        <coordinates>87.3220594833333,22.3172991,0</coordinates>
      </Point>
    </Placemark>
    <Placemark>
      <Snippet maxLines="0"> </Snippet>
      <description>57
UTC 19-04-2026 05:36:34.00
GpsMilliseconds 1460612212000
22.3173200,87.3220342, EA(5m)
AltWgs84 -14.5 m, EA(1m)
Hdg 309 deg, Spd 2.9 m/s
EA(0.0 deg, 0.0 m/s)</description>
      <Style>
        <IconStyle>
          <Icon>
            <href>http://maps.google.com/mapfiles/kml/shapes/shaded_dot.png</href>
          </Icon>
          <scale>0.6</scale>
          <color>bf00ff00</color>
        </IconStyle>
      </Style>
      <Point>
        <altitudeMode>clampToGround</altitudeMode>
        <coordinates>87.3220342166667,22.31731995,0</coordinates>
      </Point>
    </Placemark>
    <Placemark>
      <Snippet maxLines="0"> </Snippet>
      <description>58
UTC 19-04-2026 05:36:35.00
GpsMilliseconds 1460612213000
22.3173455,87.3220018, EA(5m)
AltWgs84 -14.3 m, EA(1m)
Hdg 309 deg, Spd 3.7 m/s
EA(0.0 deg, 0.0 m/s)</description>
      <Style>
        <IconStyle>
          <Icon>
            <href>http://maps.google.com/mapfiles/kml/shapes/shaded_dot.png</href>
          </Icon>
          <scale>0.6</scale>
          <color>bf00ff00</color>
        </IconStyle>
      </Style>
      <Point>
        <altitudeMode>clampToGround</altitudeMode>
        <coordinates>87.3220018,22.3173455333333,0</coordinates>
      </Point>
    </Placemark>
    <Placemark>
      <Snippet maxLines="0"> </Snippet>
      <description>59
UTC 19-04-2026 05:36:36.00
GpsMilliseconds 1460612214000
22.3173732,87.3219766, EA(5m)
AltWgs84 -13.9 m, EA(1m)
Hdg 314 deg, Spd 3.6 m/s
EA(0.0 deg, 0.0 m/s)</description>
      <Style>
        <IconStyle>
          <Icon>
            <href>http://maps.google.com/mapfiles/kml/shapes/shaded_dot.png</href>
          </Icon>
          <scale>0.6</scale>
          <color>bf00ff00</color>
        </IconStyle>
      </Style>
      <Point>
        <altitudeMode>clampToGround</altitudeMode>
        <coordinates>87.3219766,22.3173732333333,0</coordinates>
      </Point>
    </Placemark>
    <Placemark>
      <Snippet maxLines="0"> </Snippet>
      <description>60
UTC 19-04-2026 05:36:37.00
GpsMilliseconds 1460612215000
22.3173950,87.3219529, EA(5m)
AltWgs84 -12.6 m, EA(1m)
Hdg 313 deg, Spd 3.1 m/s
EA(0.0 deg, 0.0 m/s)</description>
      <Style>
        <IconStyle>
          <Icon>
            <href>http://maps.google.com/mapfiles/kml/shapes/shaded_dot.png</href>
          </Icon>
          <scale>0.6</scale>
          <color>bf00ff00</color>
        </IconStyle>
      </Style>
      <Point>
        <altitudeMode>clampToGround</altitudeMode>
        <coordinates>87.3219529333333,22.3173949666667,0</coordinates>
      </Point>
    </Placemark>
    <Placemark>
      <Snippet maxLines="0"> </Snippet>
      <description>61
UTC 19-04-2026 05:36:38.00
GpsMilliseconds 1460612216000
22.3174163,87.3219289, EA(5m)
AltWgs84 -14.1 m, EA(1m)
Hdg 318 deg, Spd 3.2 m/s
EA(0.0 deg, 0.0 m/s)</description>
      <Style>
        <IconStyle>
          <Icon>
            <href>http://maps.google.com/mapfiles/kml/shapes/shaded_dot.png</href>
          </Icon>
          <scale>0.6</scale>
          <color>bf00ff00</color>
        </IconStyle>
      </Style>
      <Point>
        <altitudeMode>clampToGround</altitudeMode>
        <coordinates>87.3219289,22.31741635,0</coordinates>
      </Point>
    </Placemark>
    <Placemark>
      <Snippet maxLines="0"> </Snippet>
      <description>62
UTC 19-04-2026 05:36:39.00
GpsMilliseconds 1460612217000
22.3174384,87.3219012, EA(5m)
AltWgs84 -14.6 m, EA(1m)
Hdg 320 deg, Spd 3.3 m/s
EA(0.0 deg, 0.0 m/s)</description>
      <Style>
        <IconStyle>
          <Icon>
            <href>http://maps.google.com/mapfiles/kml/shapes/shaded_dot.png</href>
          </Icon>
          <scale>0.6</scale>
          <color>bf00ff00</color>
        </IconStyle>
      </Style>
      <Point>
        <altitudeMode>clampToGround</altitudeMode>
        <coordinates>87.3219012166667,22.3174384166667,0</coordinates>
      </Point>
    </Placemark>
    <Placemark>
      <Snippet maxLines="0"> </Snippet>
      <description>63
UTC 19-04-2026 05:36:40.00
GpsMilliseconds 1460612218000
22.3174623,87.3218796, EA(5m)
AltWgs84 -13.1 m, EA(1m)
Hdg 325 deg, Spd 3.3 m/s
EA(0.0 deg, 0.0 m/s)</description>
      <Style>
        <IconStyle>
          <Icon>
            <href>http://maps.google.com/mapfiles/kml/shapes/shaded_dot.png</href>
          </Icon>
          <scale>0.6</scale>
          <color>bf00ff00</color>
        </IconStyle>
      </Style>
      <Point>
        <altitudeMode>clampToGround</altitudeMode>
        <coordinates>87.3218796333333,22.3174622833333,0</coordinates>
      </Point>
    </Placemark>
    <Placemark>
      <Snippet maxLines="0"> </Snippet>
      <description>64
UTC 19-04-2026 05:36:41.00
GpsMilliseconds 1460612219000
22.3174878,87.3218571, EA(5m)
AltWgs84 -13.4 m, EA(1m)
Hdg 323 deg, Spd 3.5 m/s
EA(0.0 deg, 0.0 m/s)</description>
      <Style>
        <IconStyle>
          <Icon>
            <href>http://maps.google.com/mapfiles/kml/shapes/shaded_dot.png</href>
          </Icon>
          <scale>0.6</scale>
          <color>bf00ff00</color>
        </IconStyle>
      </Style>
      <Point>
        <altitudeMode>clampToGround</altitudeMode>
        <coordinates>87.3218570833333,22.3174877666667,0</coordinates>
      </Point>
    </Placemark>
    <Placemark>
      <Snippet maxLines="0"> </Snippet>
      <description>65
UTC 19-04-2026 05:36:42.00
GpsMilliseconds 1460612220000
22.3175102,87.3218299, EA(5m)
AltWgs84 -15.7 m, EA(1m)
Hdg 321 deg, Spd 3.4 m/s
EA(0.0 deg, 0.0 m/s)</description>
      <Style>
        <IconStyle>
          <Icon>
            <href>http://maps.google.com/mapfiles/kml/shapes/shaded_dot.png</href>
          </Icon>
          <scale>0.6</scale>
          <color>bf00ff00</color>
        </IconStyle>
      </Style>
      <Point>
        <altitudeMode>clampToGround</altitudeMode>
        <coordinates>87.3218299,22.3175102333333,0</coordinates>
      </Point>
    </Placemark>
    <Placemark>
      <Snippet maxLines="0"> </Snippet>
      <description>66
UTC 19-04-2026 05:36:43.00
GpsMilliseconds 1460612221000
22.3175345,87.3218018, EA(6m)
AltWgs84 -15.3 m, EA(1m)
Hdg 321 deg, Spd 3.7 m/s
EA(0.0 deg, 0.0 m/s)</description>
      <Style>
        <IconStyle>
          <Icon>
            <href>http://maps.google.com/mapfiles/kml/shapes/shaded_dot.png</href>
          </Icon>
          <scale>0.6</scale>
          <color>bf00ff00</color>
        </IconStyle>
      </Style>
      <Point>
        <altitudeMode>clampToGround</altitudeMode>
        <coordinates>87.3218018333333,22.3175344666667,0</coordinates>
      </Point>
    </Placemark>
    <Placemark>
      <Snippet maxLines="0"> </Snippet>
      <description>67
UTC 19-04-2026 05:36:44.00
GpsMilliseconds 1460612222000
22.3175595,87.3217735, EA(6m)
AltWgs84 -16.1 m, EA(1m)
Hdg 321 deg, Spd 3.5 m/s
EA(0.0 deg, 0.0 m/s)</description>
      <Style>
        <IconStyle>
          <Icon>
            <href>http://maps.google.com/mapfiles/kml/shapes/shaded_dot.png</href>
          </Icon>
          <scale>0.6</scale>
          <color>bf00ff00</color>
        </IconStyle>
      </Style>
      <Point>
        <altitudeMode>clampToGround</altitudeMode>
        <coordinates>87.3217735166667,22.3175595333333,0</coordinates>
      </Point>
    </Placemark>
    <Placemark>
      <Snippet maxLines="0"> </Snippet>
      <description>68
UTC 19-04-2026 05:36:45.00
GpsMilliseconds 1460612223000
22.3175851,87.3217410, EA(6m)
AltWgs84 -16.4 m, EA(1m)
Hdg 316 deg, Spd 4.0 m/s
EA(0.0 deg, 0.0 m/s)</description>
      <Style>
        <IconStyle>
          <Icon>
            <href>http://maps.google.com/mapfiles/kml/shapes/shaded_dot.png</href>
          </Icon>
          <scale>0.6</scale>
          <color>bf00ff00</color>
        </IconStyle>
      </Style>
      <Point>
        <altitudeMode>clampToGround</altitudeMode>
        <coordinates>87.3217410333333,22.31758505,0</coordinates>
      </Point>
    </Placemark>
    <Placemark>
      <Snippet maxLines="0"> </Snippet>
      <description>69
UTC 19-04-2026 05:36:46.00
GpsMilliseconds 1460612224000
22.3176093,87.3217059, EA(6m)
AltWgs84 -16.8 m, EA(1m)
Hdg 312 deg, Spd 4.0 m/s
EA(0.0 deg, 0.0 m/s)</description>
      <Style>
        <IconStyle>
          <Icon>
            <href>http://maps.google.com/mapfiles/kml/shapes/shaded_dot.png</href>
          </Icon>
          <scale>0.6</scale>
          <color>bf00ff00</color>
        </IconStyle>
      </Style>
      <Point>
        <altitudeMode>clampToGround</altitudeMode>
        <coordinates>87.3217059333333,22.3176092666667,0</coordinates>
      </Point>
    </Placemark>
    <Placemark>
      <Snippet maxLines="0"> </Snippet>
      <description>70
UTC 19-04-2026 05:36:47.00
GpsMilliseconds 1460612225000
22.3176313,87.3216742, EA(5m)
AltWgs84 -16.5 m, EA(1m)
Hdg 310 deg, Spd 3.7 m/s
EA(0.0 deg, 0.0 m/s)</description>
      <Style>
        <IconStyle>
          <Icon>
            <href>http://maps.google.com/mapfiles/kml/shapes/shaded_dot.png</href>
          </Icon>
          <scale>0.6</scale>
          <color>bf00ff00</color>
        </IconStyle>
      </Style>
      <Point>
        <altitudeMode>clampToGround</altitudeMode>
        <coordinates>87.3216742166667,22.3176312833333,0</coordinates>
      </Point>
    </Placemark>
    <Placemark>
      <Snippet maxLines="0"> </Snippet>
      <description>71
UTC 19-04-2026 05:36:48.00
GpsMilliseconds 1460612226000
22.3176549,87.3216420, EA(5m)
AltWgs84 -16.8 m, EA(1m)
Hdg 309 deg, Spd 3.9 m/s
EA(0.0 deg, 0.0 m/s)</description>
      <Style>
        <IconStyle>
          <Icon>
            <href>http://maps.google.com/mapfiles/kml/shapes/shaded_dot.png</href>
          </Icon>
          <scale>0.6</scale>
          <color>bf00ff00</color>
        </IconStyle>
      </Style>
      <Point>
        <altitudeMode>clampToGround</altitudeMode>
        <coordinates>87.3216419833333,22.3176548666667,0</coordinates>
      </Point>
    </Placemark>
    <Placemark>
      <Snippet maxLines="0"> </Snippet>
      <description>72
UTC 19-04-2026 05:36:49.00
GpsMilliseconds 1460612227000
22.3176748,87.3216094, EA(5m)
AltWgs84 -17.5 m, EA(1m)
Hdg 308 deg, Spd 3.5 m/s
EA(0.0 deg, 0.0 m/s)</description>
      <Style>
        <IconStyle>
          <Icon>
            <href>http://maps.google.com/mapfiles/kml/shapes/shaded_dot.png</href>
          </Icon>
          <scale>0.6</scale>
          <color>bf00ff00</color>
        </IconStyle>
      </Style>
      <Point>
        <altitudeMode>clampToGround</altitudeMode>
        <coordinates>87.3216094166667,22.3176748,0</coordinates>
      </Point>
    </Placemark>
    <Placemark>
      <Snippet maxLines="0"> </Snippet>
      <description>73
UTC 19-04-2026 05:36:50.00
GpsMilliseconds 1460612228000
22.3176954,87.3215741, EA(5m)
AltWgs84 -17.9 m, EA(1m)
Hdg 303 deg, Spd 3.9 m/s
EA(0.0 deg, 0.0 m/s)</description>
      <Style>
        <IconStyle>
          <Icon>
            <href>http://maps.google.com/mapfiles/kml/shapes/shaded_dot.png</href>
          </Icon>
          <scale>0.6</scale>
          <color>bf00ff00</color>
        </IconStyle>
      </Style>
      <Point>
        <altitudeMode>clampToGround</altitudeMode>
        <coordinates>87.3215740833333,22.3176954166667,0</coordinates>
      </Point>
    </Placemark>
    <Placemark>
      <Snippet maxLines="0"> </Snippet>
      <description>74
UTC 19-04-2026 05:36:51.00
GpsMilliseconds 1460612229000
22.3177177,87.3215383, EA(5m)
AltWgs84 -18.5 m, EA(1m)
Hdg 305 deg, Spd 4.0 m/s
EA(0.0 deg, 0.0 m/s)</description>
      <Style>
        <IconStyle>
          <Icon>
            <href>http://maps.google.com/mapfiles/kml/shapes/shaded_dot.png</href>
          </Icon>
          <scale>0.6</scale>
          <color>bf00ff00</color>
        </IconStyle>
      </Style>
      <Point>
        <altitudeMode>clampToGround</altitudeMode>
        <coordinates>87.3215382666667,22.3177176666667,0</coordinates>
      </Point>
    </Placemark>
    <Placemark>
      <Snippet maxLines="0"> </Snippet>
      <description>75
UTC 19-04-2026 05:36:52.00
GpsMilliseconds 1460612230000
22.3177393,87.3215065, EA(5m)
AltWgs84 -18.5 m, EA(1m)
Hdg 304 deg, Spd 3.8 m/s
EA(0.0 deg, 0.0 m/s)</description>
      <Style>
        <IconStyle>
          <Icon>
            <href>http://maps.google.com/mapfiles/kml/shapes/shaded_dot.png</href>
          </Icon>
          <scale>0.6</scale>
          <color>bf00ff00</color>
        </IconStyle>
      </Style>
      <Point>
        <altitudeMode>clampToGround</altitudeMode>
        <coordinates>87.3215064666667,22.3177393166667,0</coordinates>
      </Point>
    </Placemark>
    <Placemark>
      <Snippet maxLines="0"> </Snippet>
      <description>76
UTC 19-04-2026 05:36:53.00
GpsMilliseconds 1460612231000
22.3177619,87.3214754, EA(5m)
AltWgs84 -18.9 m, EA(1m)
Hdg 304 deg, Spd 3.9 m/s
EA(0.0 deg, 0.0 m/s)</description>
      <Style>
        <IconStyle>
          <Icon>
            <href>http://maps.google.com/mapfiles/kml/shapes/shaded_dot.png</href>
          </Icon>
          <scale>0.6</scale>
          <color>bf00ff00</color>
        </IconStyle>
      </Style>
      <Point>
        <altitudeMode>clampToGround</altitudeMode>
        <coordinates>87.3214753833333,22.3177618833333,0</coordinates>
      </Point>
    </Placemark>
    <Placemark>
      <Snippet maxLines="0"> </Snippet>
      <description>77
UTC 19-04-2026 05:36:54.00
GpsMilliseconds 1460612232000
22.3177837,87.3214445, EA(5m)
AltWgs84 -18.4 m, EA(1m)
Hdg 306 deg, Spd 3.9 m/s
EA(0.0 deg, 0.0 m/s)</description>
      <Style>
        <IconStyle>
          <Icon>
            <href>http://maps.google.com/mapfiles/kml/shapes/shaded_dot.png</href>
          </Icon>
          <scale>0.6</scale>
          <color>bf00ff00</color>
        </IconStyle>
      </Style>
      <Point>
        <altitudeMode>clampToGround</altitudeMode>
        <coordinates>87.3214445333333,22.3177836833333,0</coordinates>
      </Point>
    </Placemark>
    <Placemark>
      <Snippet maxLines="0"> </Snippet>
      <description>78
UTC 19-04-2026 05:36:55.00
GpsMilliseconds 1460612233000
22.3178064,87.3214139, EA(5m)
AltWgs84 -17.9 m, EA(1m)
Hdg 307 deg, Spd 3.8 m/s
EA(0.0 deg, 0.0 m/s)</description>
      <Style>
        <IconStyle>
          <Icon>
            <href>http://maps.google.com/mapfiles/kml/shapes/shaded_dot.png</href>
          </Icon>
          <scale>0.6</scale>
          <color>bf00ff00</color>
        </IconStyle>
      </Style>
      <Point>
        <altitudeMode>clampToGround</altitudeMode>
        <coordinates>87.3214138833333,22.3178064166667,0</coordinates>
      </Point>
    </Placemark>
    <Placemark>
      <Snippet maxLines="0"> </Snippet>
      <description>79
UTC 19-04-2026 05:36:56.00
GpsMilliseconds 1460612234000
22.3178249,87.3213865, EA(5m)
AltWgs84 -17.2 m, EA(1m)
Hdg 307 deg, Spd 3.4 m/s
EA(0.0 deg, 0.0 m/s)</description>
      <Style>
        <IconStyle>
          <Icon>
            <href>http://maps.google.com/mapfiles/kml/shapes/shaded_dot.png</href>
          </Icon>
          <scale>0.6</scale>
          <color>bf00ff00</color>
        </IconStyle>
      </Style>
      <Point>
        <altitudeMode>clampToGround</altitudeMode>
        <coordinates>87.3213865166667,22.3178249333333,0</coordinates>
      </Point>
    </Placemark>
    <Placemark>
      <Snippet maxLines="0"> </Snippet>
      <description>80
UTC 19-04-2026 05:36:57.00
GpsMilliseconds 1460612235000
22.3178437,87.3213610, EA(5m)
AltWgs84 -16.8 m, EA(1m)
Hdg 308 deg, Spd 3.3 m/s
EA(0.0 deg, 0.0 m/s)</description>
      <Style>
        <IconStyle>
          <Icon>
            <href>http://maps.google.com/mapfiles/kml/shapes/shaded_dot.png</href>
          </Icon>
          <scale>0.6</scale>
          <color>bf00ff00</color>
        </IconStyle>
      </Style>
      <Point>
        <altitudeMode>clampToGround</altitudeMode>
        <coordinates>87.321361,22.3178437333333,0</coordinates>
      </Point>
    </Placemark>
    <Placemark>
      <Snippet maxLines="0"> </Snippet>
      <description>81
UTC 19-04-2026 05:36:58.00
GpsMilliseconds 1460612236000
22.3178624,87.3213385, EA(5m)
AltWgs84 -17.3 m, EA(1m)
Hdg 309 deg, Spd 2.9 m/s
EA(0.0 deg, 0.0 m/s)</description>
      <Style>
        <IconStyle>
          <Icon>
            <href>http://maps.google.com/mapfiles/kml/shapes/shaded_dot.png</href>
          </Icon>
          <scale>0.6</scale>
          <color>bf00ff00</color>
        </IconStyle>
      </Style>
      <Point>
        <altitudeMode>clampToGround</altitudeMode>
        <coordinates>87.3213385166667,22.3178624333333,0</coordinates>
      </Point>
    </Placemark>
    <Placemark>
      <Snippet maxLines="0"> </Snippet>
      <description>82
UTC 19-04-2026 05:36:59.00
GpsMilliseconds 1460612237000
22.3178832,87.3213160, EA(5m)
AltWgs84 -17.2 m, EA(1m)
Hdg 314 deg, Spd 3.0 m/s
EA(0.0 deg, 0.0 m/s)</description>
      <Style>
        <IconStyle>
          <Icon>
            <href>http://maps.google.com/mapfiles/kml/shapes/shaded_dot.png</href>
          </Icon>
          <scale>0.6</scale>
          <color>bf00ff00</color>
        </IconStyle>
      </Style>
      <Point>
        <altitudeMode>clampToGround</altitudeMode>
        <coordinates>87.3213160166667,22.3178832,0</coordinates>
      </Point>
    </Placemark>
    <Placemark>
      <Snippet maxLines="0"> </Snippet>
      <description>83
UTC 19-04-2026 05:37:00.00
GpsMilliseconds 1460612238000
22.3179034,87.3212946, EA(5m)
AltWgs84 -16.6 m, EA(1m)
Hdg 310 deg, Spd 2.9 m/s
EA(0.0 deg, 0.0 m/s)</description>
      <Style>
        <IconStyle>
          <Icon>
            <href>http://maps.google.com/mapfiles/kml/shapes/shaded_dot.png</href>
          </Icon>
          <scale>0.6</scale>
          <color>bf00ff00</color>
        </IconStyle>
      </Style>
      <Point>
        <altitudeMode>clampToGround</altitudeMode>
        <coordinates>87.3212946333333,22.3179034166667,0</coordinates>
      </Point>
    </Placemark>
    <Placemark>
      <Snippet maxLines="0"> </Snippet>
      <description>84
UTC 19-04-2026 05:37:01.00
GpsMilliseconds 1460612239000
22.3179232,87.3212662, EA(5m)
AltWgs84 -16.2 m, EA(1m)
Hdg 307 deg, Spd 3.1 m/s
EA(0.0 deg, 0.0 m/s)</description>
      <Style>
        <IconStyle>
          <Icon>
            <href>http://maps.google.com/mapfiles/kml/shapes/shaded_dot.png</href>
          </Icon>
          <scale>0.6</scale>
          <color>bf00ff00</color>
        </IconStyle>
      </Style>
      <Point>
        <altitudeMode>clampToGround</altitudeMode>
        <coordinates>87.3212662166667,22.3179232333333,0</coordinates>
      </Point>
    </Placemark>
    <Placemark>
      <Snippet maxLines="0"> </Snippet>
      <description>85
UTC 19-04-2026 05:37:02.00
GpsMilliseconds 1460612240000
22.3179443,87.3212423, EA(5m)
AltWgs84 -15.6 m, EA(1m)
Hdg 313 deg, Spd 2.9 m/s
EA(0.0 deg, 0.0 m/s)</description>
      <Style>
        <IconStyle>
          <Icon>
            <href>http://maps.google.com/mapfiles/kml/shapes/shaded_dot.png</href>
          </Icon>
          <scale>0.6</scale>
          <color>bf00ff00</color>
        </IconStyle>
      </Style>
      <Point>
        <altitudeMode>clampToGround</altitudeMode>
        <coordinates>87.3212423166667,22.3179443333333,0</coordinates>
      </Point>
    </Placemark>
    <Placemark>
      <Snippet maxLines="0"> </Snippet>
      <description>86
UTC 19-04-2026 05:37:03.00
GpsMilliseconds 1460612241000
22.3179650,87.3212181, EA(5m)
AltWgs84 -14.5 m, EA(1m)
Hdg 313 deg, Spd 3.2 m/s
EA(0.0 deg, 0.0 m/s)</description>
      <Style>
        <IconStyle>
          <Icon>
            <href>http://maps.google.com/mapfiles/kml/shapes/shaded_dot.png</href>
          </Icon>
          <scale>0.6</scale>
          <color>bf00ff00</color>
        </IconStyle>
      </Style>
      <Point>
        <altitudeMode>clampToGround</altitudeMode>
        <coordinates>87.3212181,22.317965,0</coordinates>
      </Point>
    </Placemark>
    <Placemark>
      <Snippet maxLines="0"> </Snippet>
      <description>87
UTC 19-04-2026 05:37:04.00
GpsMilliseconds 1460612242000
22.3179853,87.3211954, EA(5m)
AltWgs84 -14.3 m, EA(1m)
Hdg 313 deg, Spd 2.9 m/s
EA(0.0 deg, 0.0 m/s)</description>
      <Style>
        <IconStyle>
          <Icon>
            <href>http://maps.google.com/mapfiles/kml/shapes/shaded_dot.png</href>
          </Icon>
          <scale>0.6</scale>
          <color>bf00ff00</color>
        </IconStyle>
      </Style>
      <Point>
        <altitudeMode>clampToGround</altitudeMode>
        <coordinates>87.3211954166667,22.3179853166667,0</coordinates>
      </Point>
    </Placemark>
    <Placemark>
      <Snippet maxLines="0"> </Snippet>
      <description>88
UTC 19-04-2026 05:37:05.00
GpsMilliseconds 1460612243000
22.3180122,87.3211681, EA(5m)
AltWgs84 -14.9 m, EA(1m)
Hdg 316 deg, Spd 3.4 m/s
EA(0.0 deg, 0.0 m/s)</description>
      <Style>
        <IconStyle>
          <Icon>
            <href>http://maps.google.com/mapfiles/kml/shapes/shaded_dot.png</href>
          </Icon>
          <scale>0.6</scale>
          <color>bf00ff00</color>
        </IconStyle>
      </Style>
      <Point>
        <altitudeMode>clampToGround</altitudeMode>
        <coordinates>87.3211681333333,22.3180121666667,0</coordinates>
      </Point>
    </Placemark>
    <Placemark>
      <Snippet maxLines="0"> </Snippet>
      <description>89
UTC 19-04-2026 05:37:06.00
GpsMilliseconds 1460612244000
22.3180380,87.3211426, EA(5m)
AltWgs84 -15.0 m, EA(1m)
Hdg 317 deg, Spd 3.2 m/s
EA(0.0 deg, 0.0 m/s)</description>
      <Style>
        <IconStyle>
          <Icon>
            <href>http://maps.google.com/mapfiles/kml/shapes/shaded_dot.png</href>
          </Icon>
          <scale>0.6</scale>
          <color>bf00ff00</color>
        </IconStyle>
      </Style>
      <Point>
        <altitudeMode>clampToGround</altitudeMode>
        <coordinates>87.3211426166667,22.3180379666667,0</coordinates>
      </Point>
    </Placemark>
    <Placemark>
      <Snippet maxLines="0"> </Snippet>
      <description>90
UTC 19-04-2026 05:37:07.00
GpsMilliseconds 1460612245000
22.3180646,87.3211072, EA(5m)
AltWgs84 -14.8 m, EA(1m)
Hdg 312 deg, Spd 3.9 m/s
EA(0.0 deg, 0.0 m/s)</description>
      <Style>
        <IconStyle>
          <Icon>
            <href>http://maps.google.com/mapfiles/kml/shapes/shaded_dot.png</href>
          </Icon>
          <scale>0.6</scale>
          <color>bf00ff00</color>
        </IconStyle>
      </Style>
      <Point>
        <altitudeMode>clampToGround</altitudeMode>
        <coordinates>87.3211071666667,22.3180645833333,0</coordinates>
      </Point>
    </Placemark>
    <Placemark>
      <Snippet maxLines="0"> </Snippet>
      <description>91
UTC 19-04-2026 05:37:08.00
GpsMilliseconds 1460612246000
22.3180872,87.3210711, EA(5m)
AltWgs84 -15.3 m, EA(1m)
Hdg 304 deg, Spd 3.5 m/s
EA(0.0 deg, 0.0 m/s)</description>
      <Style>
        <IconStyle>
          <Icon>
            <href>http://maps.google.com/mapfiles/kml/shapes/shaded_dot.png</href>
          </Icon>
          <scale>0.6</scale>
          <color>bf00ff00</color>
        </IconStyle>
      </Style>
      <Point>
        <altitudeMode>clampToGround</altitudeMode>
        <coordinates>87.3210710833333,22.3180871666667,0</coordinates>
      </Point>
    </Placemark>
    <Placemark>
      <Snippet maxLines="0"> </Snippet>
      <description>92
UTC 19-04-2026 05:37:09.00
GpsMilliseconds 1460612247000
22.3181070,87.3210381, EA(6m)
AltWgs84 -14.9 m, EA(1m)
Hdg 303 deg, Spd 3.4 m/s
EA(0.0 deg, 0.0 m/s)</description>
      <Style>
        <IconStyle>
          <Icon>
            <href>http://maps.google.com/mapfiles/kml/shapes/shaded_dot.png</href>
          </Icon>
          <scale>0.6</scale>
          <color>bf00ff00</color>
        </IconStyle>
      </Style>
      <Point>
        <altitudeMode>clampToGround</altitudeMode>
        <coordinates>87.3210380833333,22.3181070333333,0</coordinates>
      </Point>
    </Placemark>
    <Placemark>
      <Snippet maxLines="0"> </Snippet>
      <description>93
UTC 19-04-2026 05:37:10.00
GpsMilliseconds 1460612248000
22.3181222,87.3210020, EA(6m)
AltWgs84 -14.2 m, EA(1m)
Hdg 298 deg, Spd 3.3 m/s
EA(0.0 deg, 0.0 m/s)</description>
      <Style>
        <IconStyle>
          <Icon>
            <href>http://maps.google.com/mapfiles/kml/shapes/shaded_dot.png</href>
          </Icon>
          <scale>0.6</scale>
          <color>bf00ff00</color>
        </IconStyle>
      </Style>
      <Point>
        <altitudeMode>clampToGround</altitudeMode>
        <coordinates>87.321002,22.31812215,0</coordinates>
      </Point>
    </Placemark>
    <Placemark>
      <Snippet maxLines="0"> </Snippet>
      <description>94
UTC 19-04-2026 05:37:11.00
GpsMilliseconds 1460612249000
22.3181398,87.3209634, EA(6m)
AltWgs84 -14.9 m, EA(1m)
Hdg 296 deg, Spd 3.5 m/s
EA(0.0 deg, 0.0 m/s)</description>
      <Style>
        <IconStyle>
          <Icon>
            <href>http://maps.google.com/mapfiles/kml/shapes/shaded_dot.png</href>
          </Icon>
          <scale>0.6</scale>
          <color>bf00ff00</color>
        </IconStyle>
      </Style>
      <Point>
        <altitudeMode>clampToGround</altitudeMode>
        <coordinates>87.3209633833333,22.3181398333333,0</coordinates>
      </Point>
    </Placemark>
    <Placemark>
      <Snippet maxLines="0"> </Snippet>
      <description>95
UTC 19-04-2026 05:37:12.00
GpsMilliseconds 1460612250000
22.3181557,87.3209266, EA(6m)
AltWgs84 -16.5 m, EA(1m)
Hdg 303 deg, Spd 3.2 m/s
EA(0.0 deg, 0.0 m/s)</description>
      <Style>
        <IconStyle>
          <Icon>
            <href>http://maps.google.com/mapfiles/kml/shapes/shaded_dot.png</href>
          </Icon>
          <scale>0.6</scale>
          <color>bf00ff00</color>
        </IconStyle>
      </Style>
      <Point>
        <altitudeMode>clampToGround</altitudeMode>
        <coordinates>87.3209265833333,22.3181557166667,0</coordinates>
      </Point>
    </Placemark>
    <Placemark>
      <Snippet maxLines="0"> </Snippet>
      <description>96
UTC 19-04-2026 05:37:13.00
GpsMilliseconds 1460612251000
22.3181697,87.3208915, EA(6m)
AltWgs84 -16.7 m, EA(1m)
Hdg 306 deg, Spd 3.3 m/s
EA(0.0 deg, 0.0 m/s)</description>
      <Style>
        <IconStyle>
          <Icon>
            <href>http://maps.google.com/mapfiles/kml/shapes/shaded_dot.png</href>
          </Icon>
          <scale>0.6</scale>
          <color>bf00ff00</color>
        </IconStyle>
      </Style>
      <Point>
        <altitudeMode>clampToGround</altitudeMode>
        <coordinates>87.3208914833333,22.3181696833333,0</coordinates>
      </Point>
    </Placemark>
    <Placemark>
      <Snippet maxLines="0"> </Snippet>
      <description>97
UTC 19-04-2026 05:37:14.00
GpsMilliseconds 1460612252000
22.3181859,87.3208649, EA(6m)
AltWgs84 -17.2 m, EA(1m)
Hdg 310 deg, Spd 2.9 m/s
EA(0.0 deg, 0.0 m/s)</description>
      <Style>
        <IconStyle>
          <Icon>
            <href>http://maps.google.com/mapfiles/kml/shapes/shaded_dot.png</href>
          </Icon>
          <scale>0.6</scale>
          <color>bf00ff00</color>
        </IconStyle>
      </Style>
      <Point>
        <altitudeMode>clampToGround</altitudeMode>
        <coordinates>87.3208649166667,22.3181858833333,0</coordinates>
      </Point>
    </Placemark>
    <Placemark>
      <Snippet maxLines="0"> </Snippet>
      <description>98
UTC 19-04-2026 05:37:15.00
GpsMilliseconds 1460612253000
22.3182077,87.3208410, EA(5m)
AltWgs84 -17.8 m, EA(1m)
Hdg 312 deg, Spd 3.1 m/s
EA(0.0 deg, 0.0 m/s)</description>
      <Style>
        <IconStyle>
          <Icon>
            <href>http://maps.google.com/mapfiles/kml/shapes/shaded_dot.png</href>
          </Icon>
          <scale>0.6</scale>
          <color>bf00ff00</color>
        </IconStyle>
      </Style>
      <Point>
        <altitudeMode>clampToGround</altitudeMode>
        <coordinates>87.32084105,22.3182076666667,0</coordinates>
      </Point>
    </Placemark>
    <Placemark>
      <Snippet maxLines="0"> </Snippet>
      <description>99
UTC 19-04-2026 05:37:16.00
GpsMilliseconds 1460612254000
22.3182338,87.3208124, EA(5m)
AltWgs84 -18.5 m, EA(1m)
Hdg 308 deg, Spd 3.8 m/s
EA(0.0 deg, 0.0 m/s)</description>
      <Style>
        <IconStyle>
          <Icon>
            <href>http://maps.google.com/mapfiles/kml/shapes/shaded_dot.png</href>
          </Icon>
          <scale>0.6</scale>
          <color>bf00ff00</color>
        </IconStyle>
      </Style>
      <Point>
        <altitudeMode>clampToGround</altitudeMode>
        <coordinates>87.3208124166667,22.3182338333333,0</coordinates>
      </Point>
    </Placemark>
    <Placemark>
      <Snippet maxLines="0"> </Snippet>
      <description>100
UTC 19-04-2026 05:37:17.00
GpsMilliseconds 1460612255000
22.3182598,87.3207807, EA(6m)
AltWgs84 -18.6 m, EA(1m)
Hdg 307 deg, Spd 4.0 m/s
EA(0.0 deg, 0.0 m/s)</description>
      <Style>
        <IconStyle>
          <Icon>
            <href>http://maps.google.com/mapfiles/kml/shapes/shaded_dot.png</href>
          </Icon>
          <scale>0.6</scale>
          <color>bf00ff00</color>
        </IconStyle>
      </Style>
      <Point>
        <altitudeMode>clampToGround</altitudeMode>
        <coordinates>87.3207807333333,22.3182597833333,0</coordinates>
      </Point>
    </Placemark>
    <Placemark>
      <Snippet maxLines="0"> </Snippet>
      <description>101
UTC 19-04-2026 05:37:18.00
GpsMilliseconds 1460612256000
22.3182850,87.3207529, EA(5m)
AltWgs84 -17.6 m, EA(1m)
Hdg 308 deg, Spd 3.5 m/s
EA(0.0 deg, 0.0 m/s)</description>
      <Style>
        <IconStyle>
          <Icon>
            <href>http://maps.google.com/mapfiles/kml/shapes/shaded_dot.png</href>
          </Icon>
          <scale>0.6</scale>
          <color>bf00ff00</color>
        </IconStyle>
      </Style>
      <Point>
        <altitudeMode>clampToGround</altitudeMode>
        <coordinates>87.32075285,22.3182850166667,0</coordinates>
      </Point>
    </Placemark>
    <Placemark>
      <Snippet maxLines="0"> </Snippet>
      <description>102
UTC 19-04-2026 05:37:19.00
GpsMilliseconds 1460612257000
22.3183103,87.3207260, EA(5m)
AltWgs84 -16.6 m, EA(1m)
Hdg 313 deg, Spd 3.4 m/s
EA(0.0 deg, 0.0 m/s)</description>
      <Style>
        <IconStyle>
          <Icon>
            <href>http://maps.google.com/mapfiles/kml/shapes/shaded_dot.png</href>
          </Icon>
          <scale>0.6</scale>
          <color>bf00ff00</color>
        </IconStyle>
      </Style>
      <Point>
        <altitudeMode>clampToGround</altitudeMode>
        <coordinates>87.3207259833333,22.3183103333333,0</coordinates>
      </Point>
    </Placemark>
    <Placemark>
      <Snippet maxLines="0"> </Snippet>
      <description>103
UTC 19-04-2026 05:37:20.00
GpsMilliseconds 1460612258000
22.3183407,87.3206984, EA(6m)
AltWgs84 -15.3 m, EA(1m)
Hdg 315 deg, Spd 3.7 m/s
EA(0.0 deg, 0.0 m/s)</description>
      <Style>
        <IconStyle>
          <Icon>
            <href>http://maps.google.com/mapfiles/kml/shapes/shaded_dot.png</href>
          </Icon>
          <scale>0.6</scale>
          <color>bf00ff00</color>
        </IconStyle>
      </Style>
      <Point>
        <altitudeMode>clampToGround</altitudeMode>
        <coordinates>87.3206984166667,22.3183406666667,0</coordinates>
      </Point>
    </Placemark>
    <Placemark>
      <Snippet maxLines="0"> </Snippet>
      <description>104
UTC 19-04-2026 05:37:21.00
GpsMilliseconds 1460612259000
22.3183660,87.3206725, EA(6m)
AltWgs84 -15.7 m, EA(1m)
Hdg 315 deg, Spd 3.0 m/s
EA(0.0 deg, 0.0 m/s)</description>
      <Style>
        <IconStyle>
          <Icon>
            <href>http://maps.google.com/mapfiles/kml/shapes/shaded_dot.png</href>
          </Icon>
          <scale>0.6</scale>
          <color>bf00ff00</color>
        </IconStyle>
      </Style>
      <Point>
        <altitudeMode>clampToGround</altitudeMode>
        <coordinates>87.3206725333333,22.3183660166667,0</coordinates>
      </Point>
    </Placemark>
    <Placemark>
      <Snippet maxLines="0"> </Snippet>
      <description>105
UTC 19-04-2026 05:37:22.00
GpsMilliseconds 1460612260000
22.3183908,87.3206392, EA(6m)
AltWgs84 -15.4 m, EA(1m)
Hdg 309 deg, Spd 3.7 m/s
EA(0.0 deg, 0.0 m/s)</description>
      <Style>
        <IconStyle>
          <Icon>
            <href>http://maps.google.com/mapfiles/kml/shapes/shaded_dot.png</href>
          </Icon>
          <scale>0.6</scale>
          <color>bf00ff00</color>
        </IconStyle>
      </Style>
      <Point>
        <altitudeMode>clampToGround</altitudeMode>
        <coordinates>87.3206392166667,22.3183908,0</coordinates>
      </Point>
    </Placemark>
    <Placemark>
      <Snippet maxLines="0"> </Snippet>
      <description>106
UTC 19-04-2026 05:37:23.00
GpsMilliseconds 1460612261000
22.3184155,87.3206045, EA(6m)
AltWgs84 -15.1 m, EA(1m)
Hdg 306 deg, Spd 3.8 m/s
EA(0.0 deg, 0.0 m/s)</description>
      <Style>
        <IconStyle>
          <Icon>
            <href>http://maps.google.com/mapfiles/kml/shapes/shaded_dot.png</href>
          </Icon>
          <scale>0.6</scale>
          <color>bf00ff00</color>
        </IconStyle>
      </Style>
      <Point>
        <altitudeMode>clampToGround</altitudeMode>
        <coordinates>87.3206045,22.3184155333333,0</coordinates>
      </Point>
    </Placemark>
    <Placemark>
      <Snippet maxLines="0"> </Snippet>
      <description>107
UTC 19-04-2026 05:37:24.00
GpsMilliseconds 1460612262000
22.3184389,87.3205730, EA(7m)
AltWgs84 -15.1 m, EA(1m)
Hdg 304 deg, Spd 3.6 m/s
EA(0.0 deg, 0.0 m/s)</description>
      <Style>
        <IconStyle>
          <Icon>
            <href>http://maps.google.com/mapfiles/kml/shapes/shaded_dot.png</href>
          </Icon>
          <scale>0.6</scale>
          <color>bf00ff00</color>
        </IconStyle>
      </Style>
      <Point>
        <altitudeMode>clampToGround</altitudeMode>
        <coordinates>87.3205729666667,22.3184388833333,0</coordinates>
      </Point>
    </Placemark>
    <Placemark>
      <Snippet maxLines="0"> </Snippet>
      <description>108
UTC 19-04-2026 05:37:25.00
GpsMilliseconds 1460612263000
22.3184583,87.3205418, EA(7m)
AltWgs84 -14.3 m, EA(1m)
Hdg 303 deg, Spd 3.3 m/s
EA(0.0 deg, 0.0 m/s)</description>
      <Style>
        <IconStyle>
          <Icon>
            <href>http://maps.google.com/mapfiles/kml/shapes/shaded_dot.png</href>
          </Icon>
          <scale>0.6</scale>
          <color>bf00ff00</color>
        </IconStyle>
      </Style>
      <Point>
        <altitudeMode>clampToGround</altitudeMode>
        <coordinates>87.3205417833333,22.3184583333333,0</coordinates>
      </Point>
    </Placemark>
    <Placemark>
      <Snippet maxLines="0"> </Snippet>
      <description>109
UTC 19-04-2026 05:37:26.00
GpsMilliseconds 1460612264000
22.3184812,87.3205089, EA(6m)
AltWgs84 -14.8 m, EA(1m)
Hdg 305 deg, Spd 3.8 m/s
EA(0.0 deg, 0.0 m/s)</description>
      <Style>
        <IconStyle>
          <Icon>
            <href>http://maps.google.com/mapfiles/kml/shapes/shaded_dot.png</href>
          </Icon>
          <scale>0.6</scale>
          <color>bf00ff00</color>
        </IconStyle>
      </Style>
      <Point>
        <altitudeMode>clampToGround</altitudeMode>
        <coordinates>87.3205088833333,22.3184812,0</coordinates>
      </Point>
    </Placemark>
    <Placemark>
      <Snippet maxLines="0"> </Snippet>
      <description>110
UTC 19-04-2026 05:37:27.00
GpsMilliseconds 1460612265000
22.3184989,87.3204802, EA(5m)
AltWgs84 -15.0 m, EA(1m)
Hdg 305 deg, Spd 3.2 m/s
EA(0.0 deg, 0.0 m/s)</description>
      <Style>
        <IconStyle>
          <Icon>
            <href>http://maps.google.com/mapfiles/kml/shapes/shaded_dot.png</href>
          </Icon>
          <scale>0.6</scale>
          <color>bf00ff00</color>
        </IconStyle>
      </Style>
      <Point>
        <altitudeMode>clampToGround</altitudeMode>
        <coordinates>87.3204801833333,22.3184989333333,0</coordinates>
      </Point>
    </Placemark>
    <Placemark>
      <Snippet maxLines="0"> </Snippet>
      <description>111
UTC 19-04-2026 05:37:28.00
GpsMilliseconds 1460612266000
22.3185149,87.3204518, EA(5m)
AltWgs84 -14.8 m, EA(1m)
Hdg 304 deg, Spd 3.0 m/s
EA(0.0 deg, 0.0 m/s)</description>
      <Style>
        <IconStyle>
          <Icon>
            <href>http://maps.google.com/mapfiles/kml/shapes/shaded_dot.png</href>
          </Icon>
          <scale>0.6</scale>
          <color>bf00ff00</color>
        </IconStyle>
      </Style>
      <Point>
        <altitudeMode>clampToGround</altitudeMode>
        <coordinates>87.3204518,22.3185148666667,0</coordinates>
      </Point>
    </Placemark>
    <Placemark>
      <Snippet maxLines="0"> </Snippet>
      <description>112
UTC 19-04-2026 05:37:29.00
GpsMilliseconds 1460612267000
22.3185324,87.3204231, EA(5m)
AltWgs84 -14.9 m, EA(1m)
Hdg 302 deg, Spd 3.1 m/s
EA(0.0 deg, 0.0 m/s)</description>
      <Style>
        <IconStyle>
          <Icon>
            <href>http://maps.google.com/mapfiles/kml/shapes/shaded_dot.png</href>
          </Icon>
          <scale>0.6</scale>
          <color>bf00ff00</color>
        </IconStyle>
      </Style>
      <Point>
        <altitudeMode>clampToGround</altitudeMode>
        <coordinates>87.3204231166667,22.31853235,0</coordinates>
      </Point>
    </Placemark>
    <Placemark>
      <Snippet maxLines="0"> </Snippet>
      <description>113
UTC 19-04-2026 05:37:30.00
GpsMilliseconds 1460612268000
22.3185508,87.3203917, EA(5m)
AltWgs84 -16.5 m, EA(1m)
Hdg 305 deg, Spd 3.3 m/s
EA(0.0 deg, 0.0 m/s)</description>
      <Style>
        <IconStyle>
          <Icon>
            <href>http://maps.google.com/mapfiles/kml/shapes/shaded_dot.png</href>
          </Icon>
          <scale>0.6</scale>
          <color>bf00ff00</color>
        </IconStyle>
      </Style>
      <Point>
        <altitudeMode>clampToGround</altitudeMode>
        <coordinates>87.3203916666667,22.3185507833333,0</coordinates>
      </Point>
    </Placemark>
    <Placemark>
      <Snippet maxLines="0"> </Snippet>
      <description>114
UTC 19-04-2026 05:37:31.00
GpsMilliseconds 1460612269000
22.3185673,87.3203668, EA(5m)
AltWgs84 -16.1 m, EA(1m)
Hdg 306 deg, Spd 2.9 m/s
EA(0.0 deg, 0.0 m/s)</description>
      <Style>
        <IconStyle>
          <Icon>
            <href>http://maps.google.com/mapfiles/kml/shapes/shaded_dot.png</href>
          </Icon>
          <scale>0.6</scale>
          <color>bf00ff00</color>
        </IconStyle>
      </Style>
      <Point>
        <altitudeMode>clampToGround</altitudeMode>
        <coordinates>87.3203667666667,22.31856725,0</coordinates>
      </Point>
    </Placemark>
    <Placemark>
      <Snippet maxLines="0"> </Snippet>
      <description>115
UTC 19-04-2026 05:37:32.00
GpsMilliseconds 1460612270000
22.3185849,87.3203415, EA(5m)
AltWgs84 -16.2 m, EA(1m)
Hdg 307 deg, Spd 2.7 m/s
EA(0.0 deg, 0.0 m/s)</description>
      <Style>
        <IconStyle>
          <Icon>
            <href>http://maps.google.com/mapfiles/kml/shapes/shaded_dot.png</href>
          </Icon>
          <scale>0.6</scale>
          <color>bf00ff00</color>
        </IconStyle>
      </Style>
      <Point>
        <altitudeMode>clampToGround</altitudeMode>
        <coordinates>87.3203414666667,22.3185848666667,0</coordinates>
      </Point>
    </Placemark>
    <Placemark>
      <Snippet maxLines="0"> </Snippet>
      <description>116
UTC 19-04-2026 05:37:33.00
GpsMilliseconds 1460612271000
22.3186048,87.3203177, EA(6m)
AltWgs84 -16.8 m, EA(1m)
Hdg 310 deg, Spd 3.0 m/s
EA(0.0 deg, 0.0 m/s)</description>
      <Style>
        <IconStyle>
          <Icon>
            <href>http://maps.google.com/mapfiles/kml/shapes/shaded_dot.png</href>
          </Icon>
          <scale>0.6</scale>
          <color>bf00ff00</color>
        </IconStyle>
      </Style>
      <Point>
        <altitudeMode>clampToGround</altitudeMode>
        <coordinates>87.32031765,22.3186047666667,0</coordinates>
      </Point>
    </Placemark>
    <Placemark>
      <Snippet maxLines="0"> </Snippet>
      <description>117
UTC 19-04-2026 05:37:34.00
GpsMilliseconds 1460612272000
22.3186313,87.3202987, EA(6m)
AltWgs84 -16.4 m, EA(1m)
Hdg 317 deg, Spd 3.1 m/s
EA(0.0 deg, 0.0 m/s)</description>
      <Style>
        <IconStyle>
          <Icon>
            <href>http://maps.google.com/mapfiles/kml/shapes/shaded_dot.png</href>
          </Icon>
          <scale>0.6</scale>
          <color>bf00ff00</color>
        </IconStyle>
      </Style>
      <Point>
        <altitudeMode>clampToGround</altitudeMode>
        <coordinates>87.3202987166667,22.3186313333333,0</coordinates>
      </Point>
    </Placemark>
    <Placemark>
      <Snippet maxLines="0"> </Snippet>
      <description>118
UTC 19-04-2026 05:37:35.00
GpsMilliseconds 1460612273000
22.3186546,87.3202797, EA(6m)
AltWgs84 -16.3 m, EA(1m)
Hdg 321 deg, Spd 3.2 m/s
EA(0.0 deg, 0.0 m/s)</description>
      <Style>
        <IconStyle>
          <Icon>
            <href>http://maps.google.com/mapfiles/kml/shapes/shaded_dot.png</href>
          </Icon>
          <scale>0.6</scale>
          <color>bf00ff00</color>
        </IconStyle>
      </Style>
      <Point>
        <altitudeMode>clampToGround</altitudeMode>
        <coordinates>87.32027965,22.31865455,0</coordinates>
      </Point>
    </Placemark>
    <Placemark>
      <Snippet maxLines="0"> </Snippet>
      <description>119
UTC 19-04-2026 05:37:36.00
GpsMilliseconds 1460612274000
22.3186781,87.3202537, EA(6m)
AltWgs84 -16.2 m, EA(1m)
Hdg 314 deg, Spd 3.2 m/s
EA(0.0 deg, 0.0 m/s)</description>
      <Style>
        <IconStyle>
          <Icon>
            <href>http://maps.google.com/mapfiles/kml/shapes/shaded_dot.png</href>
          </Icon>
          <scale>0.6</scale>
          <color>bf00ff00</color>
        </IconStyle>
      </Style>
      <Point>
        <altitudeMode>clampToGround</altitudeMode>
        <coordinates>87.3202537166667,22.3186781333333,0</coordinates>
      </Point>
    </Placemark>
    <Placemark>
      <Snippet maxLines="0"> </Snippet>
      <description>120
UTC 19-04-2026 05:37:37.00
GpsMilliseconds 1460612275000
22.3186998,87.3202268, EA(6m)
AltWgs84 -15.2 m, EA(1m)
Hdg 307 deg, Spd 3.2 m/s
EA(0.0 deg, 0.0 m/s)</description>
      <Style>
        <IconStyle>
          <Icon>
            <href>http://maps.google.com/mapfiles/kml/shapes/shaded_dot.png</href>
          </Icon>
          <scale>0.6</scale>
          <color>bf00ff00</color>
        </IconStyle>
      </Style>
      <Point>
        <altitudeMode>clampToGround</altitudeMode>
        <coordinates>87.3202267666667,22.3186998333333,0</coordinates>
      </Point>
    </Placemark>
    <Placemark>
      <Snippet maxLines="0"> </Snippet>
      <description>121
UTC 19-04-2026 05:37:38.00
GpsMilliseconds 1460612276000
22.3187221,87.3201927, EA(6m)
AltWgs84 -15.5 m, EA(1m)
Hdg 305 deg, Spd 3.7 m/s
EA(0.0 deg, 0.0 m/s)</description>
      <Style>
        <IconStyle>
          <Icon>
            <href>http://maps.google.com/mapfiles/kml/shapes/shaded_dot.png</href>
          </Icon>
          <scale>0.6</scale>
          <color>bf00ff00</color>
        </IconStyle>
      </Style>
      <Point>
        <altitudeMode>clampToGround</altitudeMode>
        <coordinates>87.3201927166667,22.3187220833333,0</coordinates>
      </Point>
    </Placemark>
    <Placemark>
      <Snippet maxLines="0"> </Snippet>
      <description>122
UTC 19-04-2026 05:37:39.00
GpsMilliseconds 1460612277000
22.3187457,87.3201617, EA(6m)
AltWgs84 -15.4 m, EA(1m)
Hdg 307 deg, Spd 3.3 m/s
EA(0.0 deg, 0.0 m/s)</description>
      <Style>
        <IconStyle>
          <Icon>
            <href>http://maps.google.com/mapfiles/kml/shapes/shaded_dot.png</href>
          </Icon>
          <scale>0.6</scale>
          <color>bf00ff00</color>
        </IconStyle>
      </Style>
      <Point>
        <altitudeMode>clampToGround</altitudeMode>
        <coordinates>87.3201617333333,22.3187456666667,0</coordinates>
      </Point>
    </Placemark>
    <Placemark>
      <Snippet maxLines="0"> </Snippet>
      <description>123
UTC 19-04-2026 05:37:40.00
GpsMilliseconds 1460612278000
22.3187728,87.3201310, EA(6m)
AltWgs84 -15.7 m, EA(1m)
Hdg 309 deg, Spd 3.5 m/s
EA(0.0 deg, 0.0 m/s)</description>
      <Style>
        <IconStyle>
          <Icon>
            <href>http://maps.google.com/mapfiles/kml/shapes/shaded_dot.png</href>
          </Icon>
          <scale>0.6</scale>
          <color>bf00ff00</color>
        </IconStyle>
      </Style>
      <Point>
        <altitudeMode>clampToGround</altitudeMode>
        <coordinates>87.3201309833333,22.3187728166667,0</coordinates>
      </Point>
    </Placemark>
    <Placemark>
      <Snippet maxLines="0"> </Snippet>
      <description>124
UTC 19-04-2026 05:37:41.00
GpsMilliseconds 1460612279000
22.3188029,87.3201009, EA(6m)
AltWgs84 -16.2 m, EA(1m)
Hdg 312 deg, Spd 3.3 m/s
EA(0.0 deg, 0.0 m/s)</description>
      <Style>
        <IconStyle>
          <Icon>
            <href>http://maps.google.com/mapfiles/kml/shapes/shaded_dot.png</href>
          </Icon>
          <scale>0.6</scale>
          <color>bf00ff00</color>
        </IconStyle>
      </Style>
      <Point>
        <altitudeMode>clampToGround</altitudeMode>
        <coordinates>87.3201009,22.31880285,0</coordinates>
      </Point>
    </Placemark>
    <Placemark>
      <Snippet maxLines="0"> </Snippet>
      <description>125
UTC 19-04-2026 05:37:42.00
GpsMilliseconds 1460612280000
22.3188323,87.3200722, EA(5m)
AltWgs84 -16.2 m, EA(1m)
Hdg 312 deg, Spd 3.6 m/s
EA(0.0 deg, 0.0 m/s)</description>
      <Style>
        <IconStyle>
          <Icon>
            <href>http://maps.google.com/mapfiles/kml/shapes/shaded_dot.png</href>
          </Icon>
          <scale>0.6</scale>
          <color>bf00ff00</color>
        </IconStyle>
      </Style>
      <Point>
        <altitudeMode>clampToGround</altitudeMode>
        <coordinates>87.3200722333333,22.3188323166667,0</coordinates>
      </Point>
    </Placemark>
    <Placemark>
      <Snippet maxLines="0"> </Snippet>
      <description>126
UTC 19-04-2026 05:37:43.00
GpsMilliseconds 1460612281000
22.3188607,87.3200403, EA(5m)
AltWgs84 -15.4 m, EA(1m)
Hdg 310 deg, Spd 3.7 m/s
EA(0.0 deg, 0.0 m/s)</description>
      <Style>
        <IconStyle>
          <Icon>
            <href>http://maps.google.com/mapfiles/kml/shapes/shaded_dot.png</href>
          </Icon>
          <scale>0.6</scale>
          <color>bf00ff00</color>
        </IconStyle>
      </Style>
      <Point>
        <altitudeMode>clampToGround</altitudeMode>
        <coordinates>87.3200403166667,22.3188607166667,0</coordinates>
      </Point>
    </Placemark>
    <Placemark>
      <Snippet maxLines="0"> </Snippet>
      <description>127
UTC 19-04-2026 05:37:44.00
GpsMilliseconds 1460612282000
22.3188859,87.3200082, EA(5m)
AltWgs84 -15.5 m, EA(1m)
Hdg 310 deg, Spd 3.5 m/s
EA(0.0 deg, 0.0 m/s)</description>
      <Style>
        <IconStyle>
          <Icon>
            <href>http://maps.google.com/mapfiles/kml/shapes/shaded_dot.png</href>
          </Icon>
          <scale>0.6</scale>
          <color>bf00ff00</color>
        </IconStyle>
      </Style>
      <Point>
        <altitudeMode>clampToGround</altitudeMode>
        <coordinates>87.3200081666667,22.31888595,0</coordinates>
      </Point>
    </Placemark>
    <Placemark>
      <Snippet maxLines="0"> </Snippet>
      <description>128
UTC 19-04-2026 05:37:45.00
GpsMilliseconds 1460612283000
22.3189118,87.3199725, EA(5m)
AltWgs84 -16.6 m, EA(1m)
Hdg 310 deg, Spd 3.8 m/s
EA(0.0 deg, 0.0 m/s)</description>
      <Style>
        <IconStyle>
          <Icon>
            <href>http://maps.google.com/mapfiles/kml/shapes/shaded_dot.png</href>
          </Icon>
          <scale>0.6</scale>
          <color>bf00ff00</color>
        </IconStyle>
      </Style>
      <Point>
        <altitudeMode>clampToGround</altitudeMode>
        <coordinates>87.3199724666667,22.3189117666667,0</coordinates>
      </Point>
    </Placemark>
    <Placemark>
      <Snippet maxLines="0"> </Snippet>
      <description>129
UTC 19-04-2026 05:37:46.00
GpsMilliseconds 1460612284000
22.3189341,87.3199408, EA(5m)
AltWgs84 -16.9 m, EA(1m)
Hdg 308 deg, Spd 3.4 m/s
EA(0.0 deg, 0.0 m/s)</description>
      <Style>
        <IconStyle>
          <Icon>
            <href>http://maps.google.com/mapfiles/kml/shapes/shaded_dot.png</href>
          </Icon>
          <scale>0.6</scale>
          <color>bf00ff00</color>
        </IconStyle>
      </Style>
      <Point>
        <altitudeMode>clampToGround</altitudeMode>
        <coordinates>87.3199408166667,22.3189341333333,0</coordinates>
      </Point>
    </Placemark>
    <Placemark>
      <Snippet maxLines="0"> </Snippet>
      <description>130
UTC 19-04-2026 05:37:47.00
GpsMilliseconds 1460612285000
22.3189551,87.3199072, EA(5m)
AltWgs84 -17.3 m, EA(1m)
Hdg 305 deg, Spd 3.8 m/s
EA(0.0 deg, 0.0 m/s)</description>
      <Style>
        <IconStyle>
          <Icon>
            <href>http://maps.google.com/mapfiles/kml/shapes/shaded_dot.png</href>
          </Icon>
          <scale>0.6</scale>
          <color>bf00ff00</color>
        </IconStyle>
      </Style>
      <Point>
        <altitudeMode>clampToGround</altitudeMode>
        <coordinates>87.3199072333333,22.3189550833333,0</coordinates>
      </Point>
    </Placemark>
    <Placemark>
      <Snippet maxLines="0"> </Snippet>
      <description>131
UTC 19-04-2026 05:37:48.00
GpsMilliseconds 1460612286000
22.3189741,87.3198757, EA(6m)
AltWgs84 -18.6 m, EA(1m)
Hdg 305 deg, Spd 3.5 m/s
EA(0.0 deg, 0.0 m/s)</description>
      <Style>
        <IconStyle>
          <Icon>
            <href>http://maps.google.com/mapfiles/kml/shapes/shaded_dot.png</href>
          </Icon>
          <scale>0.6</scale>
          <color>bf00ff00</color>
        </IconStyle>
      </Style>
      <Point>
        <altitudeMode>clampToGround</altitudeMode>
        <coordinates>87.31987565,22.31897405,0</coordinates>
      </Point>
    </Placemark>
    <Placemark>
      <Snippet maxLines="0"> </Snippet>
      <description>132
UTC 19-04-2026 05:37:49.00
GpsMilliseconds 1460612287000
22.3189915,87.3198431, EA(6m)
AltWgs84 -19.2 m, EA(1m)
Hdg 306 deg, Spd 3.7 m/s
EA(0.0 deg, 0.0 m/s)</description>
      <Style>
        <IconStyle>
          <Icon>
            <href>http://maps.google.com/mapfiles/kml/shapes/shaded_dot.png</href>
          </Icon>
          <scale>0.6</scale>
          <color>bf00ff00</color>
        </IconStyle>
      </Style>
      <Point>
        <altitudeMode>clampToGround</altitudeMode>
        <coordinates>87.3198431166667,22.3189914666667,0</coordinates>
      </Point>
    </Placemark>
    <Placemark>
      <Snippet maxLines="0"> </Snippet>
      <description>133
UTC 19-04-2026 05:37:50.00
GpsMilliseconds 1460612288000
22.3190098,87.3198121, EA(6m)
AltWgs84 -19.6 m, EA(1m)
Hdg 308 deg, Spd 3.5 m/s
EA(0.0 deg, 0.0 m/s)</description>
      <Style>
        <IconStyle>
          <Icon>
            <href>http://maps.google.com/mapfiles/kml/shapes/shaded_dot.png</href>
          </Icon>
          <scale>0.6</scale>
          <color>bf00ff00</color>
        </IconStyle>
      </Style>
      <Point>
        <altitudeMode>clampToGround</altitudeMode>
        <coordinates>87.3198120666667,22.3190098166667,0</coordinates>
      </Point>
    </Placemark>
    <Placemark>
      <Snippet maxLines="0"> </Snippet>
      <description>134
UTC 19-04-2026 05:37:51.00
GpsMilliseconds 1460612289000
22.3190277,87.3197819, EA(6m)
AltWgs84 -19.2 m, EA(1m)
Hdg 309 deg, Spd 3.4 m/s
EA(0.0 deg, 0.0 m/s)</description>
      <Style>
        <IconStyle>
          <Icon>
            <href>http://maps.google.com/mapfiles/kml/shapes/shaded_dot.png</href>
          </Icon>
          <scale>0.6</scale>
          <color>bf00ff00</color>
        </IconStyle>
      </Style>
      <Point>
        <altitudeMode>clampToGround</altitudeMode>
        <coordinates>87.3197819166667,22.3190277166667,0</coordinates>
      </Point>
    </Placemark>
    <Placemark>
      <Snippet maxLines="0"> </Snippet>
      <description>135
UTC 19-04-2026 05:37:52.00
GpsMilliseconds 1460612290000
22.3190443,87.3197529, EA(6m)
AltWgs84 -19.0 m, EA(1m)
Hdg 308 deg, Spd 3.1 m/s
EA(0.0 deg, 0.0 m/s)</description>
      <Style>
        <IconStyle>
          <Icon>
            <href>http://maps.google.com/mapfiles/kml/shapes/shaded_dot.png</href>
          </Icon>
          <scale>0.6</scale>
          <color>bf00ff00</color>
        </IconStyle>
      </Style>
      <Point>
        <altitudeMode>clampToGround</altitudeMode>
        <coordinates>87.3197528666667,22.3190443166667,0</coordinates>
      </Point>
    </Placemark>
    <Placemark>
      <Snippet maxLines="0"> </Snippet>
      <description>136
UTC 19-04-2026 05:37:53.00
GpsMilliseconds 1460612291000
22.3190592,87.3197277, EA(6m)
AltWgs84 -18.5 m, EA(1m)
Hdg 305 deg, Spd 2.8 m/s
EA(0.0 deg, 0.0 m/s)</description>
      <Style>
        <IconStyle>
          <Icon>
            <href>http://maps.google.com/mapfiles/kml/shapes/shaded_dot.png</href>
          </Icon>
          <scale>0.6</scale>
          <color>bf00ff00</color>
        </IconStyle>
      </Style>
      <Point>
        <altitudeMode>clampToGround</altitudeMode>
        <coordinates>87.3197276833333,22.3190592166667,0</coordinates>
      </Point>
    </Placemark>
    <Placemark>
      <Snippet maxLines="0"> </Snippet>
      <description>137
UTC 19-04-2026 05:37:54.00
GpsMilliseconds 1460612292000
22.3190741,87.3197038, EA(5m)
AltWgs84 -18.3 m, EA(1m)
Hdg 305 deg, Spd 2.8 m/s
EA(0.0 deg, 0.0 m/s)</description>
      <Style>
        <IconStyle>
          <Icon>
            <href>http://maps.google.com/mapfiles/kml/shapes/shaded_dot.png</href>
          </Icon>
          <scale>0.6</scale>
          <color>bf00ff00</color>
        </IconStyle>
      </Style>
      <Point>
        <altitudeMode>clampToGround</altitudeMode>
        <coordinates>87.3197038333333,22.3190741333333,0</coordinates>
      </Point>
    </Placemark>
    <Placemark>
      <Snippet maxLines="0"> </Snippet>
      <description>138
UTC 19-04-2026 05:37:55.00
GpsMilliseconds 1460612293000
22.3190913,87.3196796, EA(5m)
AltWgs84 -18.4 m, EA(1m)
Hdg 306 deg, Spd 2.9 m/s
EA(0.0 deg, 0.0 m/s)</description>
      <Style>
        <IconStyle>
          <Icon>
            <href>http://maps.google.com/mapfiles/kml/shapes/shaded_dot.png</href>
          </Icon>
          <scale>0.6</scale>
          <color>bf00ff00</color>
        </IconStyle>
      </Style>
      <Point>
        <altitudeMode>clampToGround</altitudeMode>
        <coordinates>87.3196795666667,22.3190913166667,0</coordinates>
      </Point>
    </Placemark>
    <Placemark>
      <Snippet maxLines="0"> </Snippet>
      <description>139
UTC 19-04-2026 05:37:56.00
GpsMilliseconds 1460612294000
22.3191066,87.3196555, EA(5m)
AltWgs84 -19.3 m, EA(1m)
Hdg 306 deg, Spd 2.7 m/s
EA(0.0 deg, 0.0 m/s)</description>
      <Style>
        <IconStyle>
          <Icon>
            <href>http://maps.google.com/mapfiles/kml/shapes/shaded_dot.png</href>
          </Icon>
          <scale>0.6</scale>
          <color>bf00ff00</color>
        </IconStyle>
      </Style>
      <Point>
        <altitudeMode>clampToGround</altitudeMode>
        <coordinates>87.3196555,22.3191065833333,0</coordinates>
      </Point>
    </Placemark>
    <Placemark>
      <Snippet maxLines="0"> </Snippet>
      <description>140
UTC 19-04-2026 05:37:57.00
GpsMilliseconds 1460612295000
22.3191226,87.3196353, EA(5m)
AltWgs84 -17.8 m, EA(1m)
Hdg 313 deg, Spd 2.7 m/s
EA(0.0 deg, 0.0 m/s)</description>
      <Style>
        <IconStyle>
          <Icon>
            <href>http://maps.google.com/mapfiles/kml/shapes/shaded_dot.png</href>
          </Icon>
          <scale>0.6</scale>
          <color>bf00ff00</color>
        </IconStyle>
      </Style>
      <Point>
        <altitudeMode>clampToGround</altitudeMode>
        <coordinates>87.3196353,22.3191226333333,0</coordinates>
      </Point>
    </Placemark>
    <Placemark>
      <Snippet maxLines="0"> </Snippet>
      <description>141
UTC 19-04-2026 05:37:58.00
GpsMilliseconds 1460612296000
22.3191449,87.3196180, EA(5m)
AltWgs84 -18.0 m, EA(1m)
Hdg 322 deg, Spd 2.8 m/s
EA(0.0 deg, 0.0 m/s)</description>
      <Style>
        <IconStyle>
          <Icon>
            <href>http://maps.google.com/mapfiles/kml/shapes/shaded_dot.png</href>
          </Icon>
          <scale>0.6</scale>
          <color>bf00ff00</color>
        </IconStyle>
      </Style>
      <Point>
        <altitudeMode>clampToGround</altitudeMode>
        <coordinates>87.3196180333333,22.3191448833333,0</coordinates>
      </Point>
    </Placemark>
    <Placemark>
      <Snippet maxLines="0"> </Snippet>
      <description>142
UTC 19-04-2026 05:37:59.00
GpsMilliseconds 1460612297000
22.3191674,87.3196047, EA(5m)
AltWgs84 -17.9 m, EA(1m)
Hdg 328 deg, Spd 2.6 m/s
EA(0.0 deg, 0.0 m/s)</description>
      <Style>
        <IconStyle>
          <Icon>
            <href>http://maps.google.com/mapfiles/kml/shapes/shaded_dot.png</href>
          </Icon>
          <scale>0.6</scale>
          <color>bf00ff00</color>
        </IconStyle>
      </Style>
      <Point>
        <altitudeMode>clampToGround</altitudeMode>
        <coordinates>87.3196047166667,22.3191674166667,0</coordinates>
      </Point>
    </Placemark>
    <Placemark>
      <Snippet maxLines="0"> </Snippet>
      <description>143
UTC 19-04-2026 05:38:00.00
GpsMilliseconds 1460612298000
22.3191967,87.3195936, EA(6m)
AltWgs84 -17.5 m, EA(1m)
Hdg 343 deg, Spd 3.2 m/s
EA(0.0 deg, 0.0 m/s)</description>
      <Style>
        <IconStyle>
          <Icon>
            <href>http://maps.google.com/mapfiles/kml/shapes/shaded_dot.png</href>
          </Icon>
          <scale>0.6</scale>
          <color>bf00ff00</color>
        </IconStyle>
      </Style>
      <Point>
        <altitudeMode>clampToGround</altitudeMode>
        <coordinates>87.3195936166667,22.3191967166667,0</coordinates>
      </Point>
    </Placemark>
    <Placemark>
      <Snippet maxLines="0"> </Snippet>
      <description>144
UTC 19-04-2026 05:38:01.00
GpsMilliseconds 1460612299000
22.3192315,87.3195838, EA(6m)
AltWgs84 -18.0 m, EA(1m)
Hdg 344 deg, Spd 3.3 m/s
EA(0.0 deg, 0.0 m/s)</description>
      <Style>
        <IconStyle>
          <Icon>
            <href>http://maps.google.com/mapfiles/kml/shapes/shaded_dot.png</href>
          </Icon>
          <scale>0.6</scale>
          <color>bf00ff00</color>
        </IconStyle>
      </Style>
      <Point>
        <altitudeMode>clampToGround</altitudeMode>
        <coordinates>87.3195837666667,22.3192314666667,0</coordinates>
      </Point>
    </Placemark>
    <Placemark>
      <Snippet maxLines="0"> </Snippet>
      <description>145
UTC 19-04-2026 05:38:02.00
GpsMilliseconds 1460612300000
22.3192623,87.3195693, EA(6m)
AltWgs84 -18.5 m, EA(1m)
Hdg 334 deg, Spd 3.2 m/s
EA(0.0 deg, 0.0 m/s)</description>
      <Style>
        <IconStyle>
          <Icon>
            <href>http://maps.google.com/mapfiles/kml/shapes/shaded_dot.png</href>
          </Icon>
          <scale>0.6</scale>
          <color>bf00ff00</color>
        </IconStyle>
      </Style>
      <Point>
        <altitudeMode>clampToGround</altitudeMode>
        <coordinates>87.3195693,22.3192623333333,0</coordinates>
      </Point>
    </Placemark>
    <Placemark>
      <Snippet maxLines="0"> </Snippet>
      <description>146
UTC 19-04-2026 05:38:03.00
GpsMilliseconds 1460612301000
22.3192892,87.3195484, EA(6m)
AltWgs84 -17.9 m, EA(1m)
Hdg 324 deg, Spd 3.1 m/s
EA(0.0 deg, 0.0 m/s)</description>
      <Style>
        <IconStyle>
          <Icon>
            <href>http://maps.google.com/mapfiles/kml/shapes/shaded_dot.png</href>
          </Icon>
          <scale>0.6</scale>
          <color>bf00ff00</color>
        </IconStyle>
      </Style>
      <Point>
        <altitudeMode>clampToGround</altitudeMode>
        <coordinates>87.31954845,22.3192892166667,0</coordinates>
      </Point>
    </Placemark>
    <Placemark>
      <Snippet maxLines="0"> </Snippet>
      <description>147
UTC 19-04-2026 05:38:04.00
GpsMilliseconds 1460612302000
22.3193120,87.3195236, EA(6m)
AltWgs84 -18.5 m, EA(1m)
Hdg 315 deg, Spd 3.3 m/s
EA(0.0 deg, 0.0 m/s)</description>
      <Style>
        <IconStyle>
          <Icon>
            <href>http://maps.google.com/mapfiles/kml/shapes/shaded_dot.png</href>
          </Icon>
          <scale>0.6</scale>
          <color>bf00ff00</color>
        </IconStyle>
      </Style>
      <Point>
        <altitudeMode>clampToGround</altitudeMode>
        <coordinates>87.3195235666667,22.3193120166667,0</coordinates>
      </Point>
    </Placemark>
    <Placemark>
      <Snippet maxLines="0"> </Snippet>
      <description>148
UTC 19-04-2026 05:38:05.00
GpsMilliseconds 1460612303000
22.3193373,87.3194935, EA(6m)
AltWgs84 -18.3 m, EA(1m)
Hdg 309 deg, Spd 3.5 m/s
EA(0.0 deg, 0.0 m/s)</description>
      <Style>
        <IconStyle>
          <Icon>
            <href>http://maps.google.com/mapfiles/kml/shapes/shaded_dot.png</href>
          </Icon>
          <scale>0.6</scale>
          <color>bf00ff00</color>
        </IconStyle>
      </Style>
      <Point>
        <altitudeMode>clampToGround</altitudeMode>
        <coordinates>87.3194934833333,22.3193373166667,0</coordinates>
      </Point>
    </Placemark>
    <Placemark>
      <Snippet maxLines="0"> </Snippet>
      <description>149
UTC 19-04-2026 05:38:06.00
GpsMilliseconds 1460612304000
22.3193609,87.3194637, EA(6m)
AltWgs84 -18.3 m, EA(1m)
Hdg 309 deg, Spd 3.6 m/s
EA(0.0 deg, 0.0 m/s)</description>
      <Style>
        <IconStyle>
          <Icon>
            <href>http://maps.google.com/mapfiles/kml/shapes/shaded_dot.png</href>
          </Icon>
          <scale>0.6</scale>
          <color>bf00ff00</color>
        </IconStyle>
      </Style>
      <Point>
        <altitudeMode>clampToGround</altitudeMode>
        <coordinates>87.31946365,22.3193609333333,0</coordinates>
      </Point>
    </Placemark>
    <Placemark>
      <Snippet maxLines="0"> </Snippet>
      <description>150
UTC 19-04-2026 05:38:07.00
GpsMilliseconds 1460612305000
22.3193866,87.3194358, EA(6m)
AltWgs84 -17.4 m, EA(1m)
Hdg 309 deg, Spd 3.7 m/s
EA(0.0 deg, 0.0 m/s)</description>
      <Style>
        <IconStyle>
          <Icon>
            <href>http://maps.google.com/mapfiles/kml/shapes/shaded_dot.png</href>
          </Icon>
          <scale>0.6</scale>
          <color>bf00ff00</color>
        </IconStyle>
      </Style>
      <Point>
        <altitudeMode>clampToGround</altitudeMode>
        <coordinates>87.3194357833333,22.31938665,0</coordinates>
      </Point>
    </Placemark>
    <Placemark>
      <Snippet maxLines="0"> </Snippet>
      <description>151
UTC 19-04-2026 05:38:08.00
GpsMilliseconds 1460612306000
22.3194142,87.3194067, EA(6m)
AltWgs84 -16.7 m, EA(1m)
Hdg 309 deg, Spd 3.7 m/s
EA(0.0 deg, 0.0 m/s)</description>
      <Style>
        <IconStyle>
          <Icon>
            <href>http://maps.google.com/mapfiles/kml/shapes/shaded_dot.png</href>
          </Icon>
          <scale>0.6</scale>
          <color>bf00ff00</color>
        </IconStyle>
      </Style>
      <Point>
        <altitudeMode>clampToGround</altitudeMode>
        <coordinates>87.3194067166667,22.31941415,0</coordinates>
      </Point>
    </Placemark>
    <Placemark>
      <Snippet maxLines="0"> </Snippet>
      <description>152
UTC 19-04-2026 05:38:09.00
GpsMilliseconds 1460612307000
22.3194392,87.3193785, EA(6m)
AltWgs84 -16.7 m, EA(1m)
Hdg 308 deg, Spd 3.7 m/s
EA(0.0 deg, 0.0 m/s)</description>
      <Style>
        <IconStyle>
          <Icon>
            <href>http://maps.google.com/mapfiles/kml/shapes/shaded_dot.png</href>
          </Icon>
          <scale>0.6</scale>
          <color>bf00ff00</color>
        </IconStyle>
      </Style>
      <Point>
        <altitudeMode>clampToGround</altitudeMode>
        <coordinates>87.31937855,22.31943915,0</coordinates>
      </Point>
    </Placemark>
    <Placemark>
      <Snippet maxLines="0"> </Snippet>
      <description>153
UTC 19-04-2026 05:38:10.00
GpsMilliseconds 1460612308000
22.3194658,87.3193498, EA(5m)
AltWgs84 -15.2 m, EA(1m)
Hdg 308 deg, Spd 3.8 m/s
EA(0.0 deg, 0.0 m/s)</description>
      <Style>
        <IconStyle>
          <Icon>
            <href>http://maps.google.com/mapfiles/kml/shapes/shaded_dot.png</href>
          </Icon>
          <scale>0.6</scale>
          <color>bf00ff00</color>
        </IconStyle>
      </Style>
      <Point>
        <altitudeMode>clampToGround</altitudeMode>
        <coordinates>87.3193498166667,22.3194657666667,0</coordinates>
      </Point>
    </Placemark>
    <Placemark>
      <Snippet maxLines="0"> </Snippet>
      <description>154
UTC 19-04-2026 05:38:11.00
GpsMilliseconds 1460612309000
22.3194916,87.3193211, EA(5m)
AltWgs84 -14.7 m, EA(1m)
Hdg 308 deg, Spd 3.8 m/s
EA(0.0 deg, 0.0 m/s)</description>
      <Style>
        <IconStyle>
          <Icon>
            <href>http://maps.google.com/mapfiles/kml/shapes/shaded_dot.png</href>
          </Icon>
          <scale>0.6</scale>
          <color>bf00ff00</color>
        </IconStyle>
      </Style>
      <Point>
        <altitudeMode>clampToGround</altitudeMode>
        <coordinates>87.3193210833333,22.3194916333333,0</coordinates>
      </Point>
    </Placemark>
    <Placemark>
      <Snippet maxLines="0"> </Snippet>
      <description>155
UTC 19-04-2026 05:38:12.00
GpsMilliseconds 1460612310000
22.3195167,87.3192916, EA(5m)
AltWgs84 -15.0 m, EA(1m)
Hdg 309 deg, Spd 3.8 m/s
EA(0.0 deg, 0.0 m/s)</description>
      <Style>
        <IconStyle>
          <Icon>
            <href>http://maps.google.com/mapfiles/kml/shapes/shaded_dot.png</href>
          </Icon>
          <scale>0.6</scale>
          <color>bf00ff00</color>
        </IconStyle>
      </Style>
      <Point>
        <altitudeMode>clampToGround</altitudeMode>
        <coordinates>87.3192915833333,22.31951665,0</coordinates>
      </Point>
    </Placemark>
    <Placemark>
      <Snippet maxLines="0"> </Snippet>
      <description>156
UTC 19-04-2026 05:38:13.00
GpsMilliseconds 1460612311000
22.3195416,87.3192607, EA(5m)
AltWgs84 -14.1 m, EA(1m)
Hdg 308 deg, Spd 3.8 m/s
EA(0.0 deg, 0.0 m/s)</description>
      <Style>
        <IconStyle>
          <Icon>
            <href>http://maps.google.com/mapfiles/kml/shapes/shaded_dot.png</href>
          </Icon>
          <scale>0.6</scale>
          <color>bf00ff00</color>
        </IconStyle>
      </Style>
      <Point>
        <altitudeMode>clampToGround</altitudeMode>
        <coordinates>87.3192606833333,22.3195416333333,0</coordinates>
      </Point>
    </Placemark>
    <Placemark>
      <Snippet maxLines="0"> </Snippet>
      <description>157
UTC 19-04-2026 05:38:14.00
GpsMilliseconds 1460612312000
22.3195649,87.3192300, EA(5m)
AltWgs84 -12.4 m, EA(1m)
Hdg 308 deg, Spd 3.8 m/s
EA(0.0 deg, 0.0 m/s)</description>
      <Style>
        <IconStyle>
          <Icon>
            <href>http://maps.google.com/mapfiles/kml/shapes/shaded_dot.png</href>
          </Icon>
          <scale>0.6</scale>
          <color>bf00ff00</color>
        </IconStyle>
      </Style>
      <Point>
        <altitudeMode>clampToGround</altitudeMode>
        <coordinates>87.3192300166667,22.3195648666667,0</coordinates>
      </Point>
    </Placemark>
    <Placemark>
      <Snippet maxLines="0"> </Snippet>
      <description>158
UTC 19-04-2026 05:38:15.00
GpsMilliseconds 1460612313000
22.3195895,87.3191987, EA(5m)
AltWgs84 -12.0 m, EA(1m)
Hdg 308 deg, Spd 3.9 m/s
EA(0.0 deg, 0.0 m/s)</description>
      <Style>
        <IconStyle>
          <Icon>
            <href>http://maps.google.com/mapfiles/kml/shapes/shaded_dot.png</href>
          </Icon>
          <scale>0.6</scale>
          <color>bf00ff00</color>
        </IconStyle>
      </Style>
      <Point>
        <altitudeMode>clampToGround</altitudeMode>
        <coordinates>87.3191986833333,22.3195894666667,0</coordinates>
      </Point>
    </Placemark>
    <Placemark>
      <Snippet maxLines="0"> </Snippet>
      <description>159
UTC 19-04-2026 05:38:16.00
GpsMilliseconds 1460612314000
22.3196137,87.3191685, EA(5m)
AltWgs84 -12.2 m, EA(1m)
Hdg 310 deg, Spd 3.9 m/s
EA(0.0 deg, 0.0 m/s)</description>
      <Style>
        <IconStyle>
          <Icon>
            <href>http://maps.google.com/mapfiles/kml/shapes/shaded_dot.png</href>
          </Icon>
          <scale>0.6</scale>
          <color>bf00ff00</color>
        </IconStyle>
      </Style>
      <Point>
        <altitudeMode>clampToGround</altitudeMode>
        <coordinates>87.3191684666667,22.3196136666667,0</coordinates>
      </Point>
    </Placemark>
    <Placemark>
      <Snippet maxLines="0"> </Snippet>
      <description>160
UTC 19-04-2026 05:38:17.00
GpsMilliseconds 1460612315000
22.3196378,87.3191389, EA(5m)
AltWgs84 -12.1 m, EA(1m)
Hdg 311 deg, Spd 3.9 m/s
EA(0.0 deg, 0.0 m/s)</description>
      <Style>
        <IconStyle>
          <Icon>
            <href>http://maps.google.com/mapfiles/kml/shapes/shaded_dot.png</href>
          </Icon>
          <scale>0.6</scale>
          <color>bf00ff00</color>
        </IconStyle>
      </Style>
      <Point>
        <altitudeMode>clampToGround</altitudeMode>
        <coordinates>87.3191389166667,22.3196378,0</coordinates>
      </Point>
    </Placemark>
    <Placemark>
      <Snippet maxLines="0"> </Snippet>
      <description>161
UTC 19-04-2026 05:38:18.00
GpsMilliseconds 1460612316000
22.3196615,87.3191099, EA(5m)
AltWgs84 -12.2 m, EA(1m)
Hdg 312 deg, Spd 3.9 m/s
EA(0.0 deg, 0.0 m/s)</description>
      <Style>
        <IconStyle>
          <Icon>
            <href>http://maps.google.com/mapfiles/kml/shapes/shaded_dot.png</href>
          </Icon>
          <scale>0.6</scale>
          <color>bf00ff00</color>
        </IconStyle>
      </Style>
      <Point>
        <altitudeMode>clampToGround</altitudeMode>
        <coordinates>87.3191099166667,22.31966155,0</coordinates>
      </Point>
    </Placemark>
    <Placemark>
      <Snippet maxLines="0"> </Snippet>
      <description>162
UTC 19-04-2026 05:38:19.00
GpsMilliseconds 1460612317000
22.3196886,87.3190807, EA(5m)
AltWgs84 -11.7 m, EA(1m)
Hdg 311 deg, Spd 4.0 m/s
EA(0.0 deg, 0.0 m/s)</description>
      <Style>
        <IconStyle>
          <Icon>
            <href>http://maps.google.com/mapfiles/kml/shapes/shaded_dot.png</href>
          </Icon>
          <scale>0.6</scale>
          <color>bf00ff00</color>
        </IconStyle>
      </Style>
      <Point>
        <altitudeMode>clampToGround</altitudeMode>
        <coordinates>87.3190807333333,22.3196885833333,0</coordinates>
      </Point>
    </Placemark>
    <Placemark>
      <Snippet maxLines="0"> </Snippet>
      <description>163
UTC 19-04-2026 05:38:20.00
GpsMilliseconds 1460612318000
22.3197140,87.3190475, EA(6m)
AltWgs84 -12.9 m, EA(1m)
Hdg 309 deg, Spd 4.1 m/s
EA(0.0 deg, 0.0 m/s)</description>
      <Style>
        <IconStyle>
          <Icon>
            <href>http://maps.google.com/mapfiles/kml/shapes/shaded_dot.png</href>
          </Icon>
          <scale>0.6</scale>
          <color>bf00ff00</color>
        </IconStyle>
      </Style>
      <Point>
        <altitudeMode>clampToGround</altitudeMode>
        <coordinates>87.31904755,22.3197139666667,0</coordinates>
      </Point>
    </Placemark>
    <Placemark>
      <Snippet maxLines="0"> </Snippet>
      <description>164
UTC 19-04-2026 05:38:21.00
GpsMilliseconds 1460612319000
22.3197402,87.3190114, EA(6m)
AltWgs84 -12.9 m, EA(1m)
Hdg 308 deg, Spd 4.2 m/s
EA(0.0 deg, 0.0 m/s)</description>
      <Style>
        <IconStyle>
          <Icon>
            <href>http://maps.google.com/mapfiles/kml/shapes/shaded_dot.png</href>
          </Icon>
          <scale>0.6</scale>
          <color>bf00ff00</color>
        </IconStyle>
      </Style>
      <Point>
        <altitudeMode>clampToGround</altitudeMode>
        <coordinates>87.3190113833333,22.3197402,0</coordinates>
      </Point>
    </Placemark>
    <Placemark>
      <Snippet maxLines="0"> </Snippet>
      <description>165
UTC 19-04-2026 05:38:22.00
GpsMilliseconds 1460612320000
22.3197657,87.3189773, EA(6m)
AltWgs84 -13.2 m, EA(1m)
Hdg 310 deg, Spd 4.1 m/s
EA(0.0 deg, 0.0 m/s)</description>
      <Style>
        <IconStyle>
          <Icon>
            <href>http://maps.google.com/mapfiles/kml/shapes/shaded_dot.png</href>
          </Icon>
          <scale>0.6</scale>
          <color>bf00ff00</color>
        </IconStyle>
      </Style>
      <Point>
        <altitudeMode>clampToGround</altitudeMode>
        <coordinates>87.3189773,22.31976565,0</coordinates>
      </Point>
    </Placemark>
    <Placemark>
      <Snippet maxLines="0"> </Snippet>
      <description>166
UTC 19-04-2026 05:38:23.00
GpsMilliseconds 1460612321000
22.3197939,87.3189445, EA(6m)
AltWgs84 -12.6 m, EA(1m)
Hdg 311 deg, Spd 4.3 m/s
EA(0.0 deg, 0.0 m/s)</description>
      <Style>
        <IconStyle>
          <Icon>
            <href>http://maps.google.com/mapfiles/kml/shapes/shaded_dot.png</href>
          </Icon>
          <scale>0.6</scale>
          <color>bf00ff00</color>
        </IconStyle>
      </Style>
      <Point>
        <altitudeMode>clampToGround</altitudeMode>
        <coordinates>87.31894445,22.3197938666667,0</coordinates>
      </Point>
    </Placemark>
    <Placemark>
      <Snippet maxLines="0"> </Snippet>
      <description>167
UTC 19-04-2026 05:38:24.00
GpsMilliseconds 1460612322000
22.3198218,87.3189151, EA(5m)
AltWgs84 -12.2 m, EA(1m)
Hdg 310 deg, Spd 4.2 m/s
EA(0.0 deg, 0.0 m/s)</description>
      <Style>
        <IconStyle>
          <Icon>
            <href>http://maps.google.com/mapfiles/kml/shapes/shaded_dot.png</href>
          </Icon>
          <scale>0.6</scale>
          <color>bf00ff00</color>
        </IconStyle>
      </Style>
      <Point>
        <altitudeMode>clampToGround</altitudeMode>
        <coordinates>87.31891505,22.3198218,0</coordinates>
      </Point>
    </Placemark>
    <Placemark>
      <Snippet maxLines="0"> </Snippet>
      <description>168
UTC 19-04-2026 05:38:25.00
GpsMilliseconds 1460612323000
22.3198515,87.3188847, EA(5m)
AltWgs84 -11.9 m, EA(1m)
Hdg 310 deg, Spd 4.3 m/s
EA(0.0 deg, 0.0 m/s)</description>
      <Style>
        <IconStyle>
          <Icon>
            <href>http://maps.google.com/mapfiles/kml/shapes/shaded_dot.png</href>
          </Icon>
          <scale>0.6</scale>
          <color>bf00ff00</color>
        </IconStyle>
      </Style>
      <Point>
        <altitudeMode>clampToGround</altitudeMode>
        <coordinates>87.3188846833333,22.3198515166667,0</coordinates>
      </Point>
    </Placemark>
    <Placemark>
      <Snippet maxLines="0"> </Snippet>
      <description>169
UTC 19-04-2026 05:38:26.00
GpsMilliseconds 1460612324000
22.3198794,87.3188528, EA(5m)
AltWgs84 -12.4 m, EA(1m)
Hdg 309 deg, Spd 4.2 m/s
EA(0.0 deg, 0.0 m/s)</description>
      <Style>
        <IconStyle>
          <Icon>
            <href>http://maps.google.com/mapfiles/kml/shapes/shaded_dot.png</href>
          </Icon>
          <scale>0.6</scale>
          <color>bf00ff00</color>
        </IconStyle>
      </Style>
      <Point>
        <altitudeMode>clampToGround</altitudeMode>
        <coordinates>87.3188528166667,22.31987945,0</coordinates>
      </Point>
    </Placemark>
    <Placemark>
      <Snippet maxLines="0"> </Snippet>
      <description>170
UTC 19-04-2026 05:38:27.00
GpsMilliseconds 1460612325000
22.3199060,87.3188205, EA(5m)
AltWgs84 -12.9 m, EA(1m)
Hdg 309 deg, Spd 4.2 m/s
EA(0.0 deg, 0.0 m/s)</description>
      <Style>
        <IconStyle>
          <Icon>
            <href>http://maps.google.com/mapfiles/kml/shapes/shaded_dot.png</href>
          </Icon>
          <scale>0.6</scale>
          <color>bf00ff00</color>
        </IconStyle>
      </Style>
      <Point>
        <altitudeMode>clampToGround</altitudeMode>
        <coordinates>87.3188204666667,22.3199059833333,0</coordinates>
      </Point>
    </Placemark>
    <Placemark>
      <Snippet maxLines="0"> </Snippet>
      <description>171
UTC 19-04-2026 05:38:28.00
GpsMilliseconds 1460612326000
22.3199343,87.3187905, EA(5m)
AltWgs84 -12.8 m, EA(1m)
Hdg 313 deg, Spd 4.1 m/s
EA(0.0 deg, 0.0 m/s)</description>
      <Style>
        <IconStyle>
          <Icon>
            <href>http://maps.google.com/mapfiles/kml/shapes/shaded_dot.png</href>
          </Icon>
          <scale>0.6</scale>
          <color>bf00ff00</color>
        </IconStyle>
      </Style>
      <Point>
        <altitudeMode>clampToGround</altitudeMode>
        <coordinates>87.3187905,22.3199343166667,0</coordinates>
      </Point>
    </Placemark>
    <Placemark>
      <Snippet maxLines="0"> </Snippet>
      <description>172
UTC 19-04-2026 05:38:29.00
GpsMilliseconds 1460612327000
22.3199618,87.3187620, EA(5m)
AltWgs84 -12.0 m, EA(1m)
Hdg 316 deg, Spd 4.2 m/s
EA(0.0 deg, 0.0 m/s)</description>
      <Style>
        <IconStyle>
          <Icon>
            <href>http://maps.google.com/mapfiles/kml/shapes/shaded_dot.png</href>
          </Icon>
          <scale>0.6</scale>
          <color>bf00ff00</color>
        </IconStyle>
      </Style>
      <Point>
        <altitudeMode>clampToGround</altitudeMode>
        <coordinates>87.3187619833333,22.3199618333333,0</coordinates>
      </Point>
    </Placemark>
    <Placemark>
      <Snippet maxLines="0"> </Snippet>
      <description>173
UTC 19-04-2026 05:38:30.00
GpsMilliseconds 1460612328000
22.3199892,87.3187350, EA(5m)
AltWgs84 -12.8 m, EA(1m)
Hdg 317 deg, Spd 4.1 m/s
EA(0.0 deg, 0.0 m/s)</description>
      <Style>
        <IconStyle>
          <Icon>
            <href>http://maps.google.com/mapfiles/kml/shapes/shaded_dot.png</href>
          </Icon>
          <scale>0.6</scale>
          <color>bf00ff00</color>
        </IconStyle>
      </Style>
      <Point>
        <altitudeMode>clampToGround</altitudeMode>
        <coordinates>87.3187350166667,22.3199891833333,0</coordinates>
      </Point>
    </Placemark>
    <Placemark>
      <Snippet maxLines="0"> </Snippet>
      <description>174
UTC 19-04-2026 05:38:31.00
GpsMilliseconds 1460612329000
22.3200135,87.3187100, EA(5m)
AltWgs84 -14.1 m, EA(1m)
Hdg 320 deg, Spd 3.9 m/s
EA(0.0 deg, 0.0 m/s)</description>
      <Style>
        <IconStyle>
          <Icon>
            <href>http://maps.google.com/mapfiles/kml/shapes/shaded_dot.png</href>
          </Icon>
          <scale>0.6</scale>
          <color>bf00ff00</color>
        </IconStyle>
      </Style>
      <Point>
        <altitudeMode>clampToGround</altitudeMode>
        <coordinates>87.3187100166667,22.3200135166667,0</coordinates>
      </Point>
    </Placemark>
    <Placemark>
      <Snippet maxLines="0"> </Snippet>
      <description>175
UTC 19-04-2026 05:38:32.00
GpsMilliseconds 1460612330000
22.3200417,87.3186868, EA(5m)
AltWgs84 -14.3 m, EA(1m)
Hdg 324 deg, Spd 4.0 m/s
EA(0.0 deg, 0.0 m/s)</description>
      <Style>
        <IconStyle>
          <Icon>
            <href>http://maps.google.com/mapfiles/kml/shapes/shaded_dot.png</href>
          </Icon>
          <scale>0.6</scale>
          <color>bf00ff00</color>
        </IconStyle>
      </Style>
      <Point>
        <altitudeMode>clampToGround</altitudeMode>
        <coordinates>87.3186867666667,22.3200416666667,0</coordinates>
      </Point>
    </Placemark>
    <Placemark>
      <Snippet maxLines="0"> </Snippet>
      <description>176
UTC 19-04-2026 05:38:33.00
GpsMilliseconds 1460612331000
22.3200722,87.3186643, EA(5m)
AltWgs84 -13.6 m, EA(1m)
Hdg 326 deg, Spd 4.0 m/s
EA(0.0 deg, 0.0 m/s)</description>
      <Style>
        <IconStyle>
          <Icon>
            <href>http://maps.google.com/mapfiles/kml/shapes/shaded_dot.png</href>
          </Icon>
          <scale>0.6</scale>
          <color>bf00ff00</color>
        </IconStyle>
      </Style>
      <Point>
        <altitudeMode>clampToGround</altitudeMode>
        <coordinates>87.3186642666667,22.3200722166667,0</coordinates>
      </Point>
    </Placemark>
    <Placemark>
      <Snippet maxLines="0"> </Snippet>
      <description>177
UTC 19-04-2026 05:38:34.00
GpsMilliseconds 1460612332000
22.3200962,87.3186439, EA(5m)
AltWgs84 -13.6 m, EA(1m)
Hdg 326 deg, Spd 3.2 m/s
EA(0.0 deg, 0.0 m/s)</description>
      <Style>
        <IconStyle>
          <Icon>
            <href>http://maps.google.com/mapfiles/kml/shapes/shaded_dot.png</href>
          </Icon>
          <scale>0.6</scale>
          <color>bf00ff00</color>
        </IconStyle>
      </Style>
      <Point>
        <altitudeMode>clampToGround</altitudeMode>
        <coordinates>87.3186439,22.3200961666667,0</coordinates>
      </Point>
    </Placemark>
    <Placemark>
      <Snippet maxLines="0"> </Snippet>
      <description>178
UTC 19-04-2026 05:38:35.00
GpsMilliseconds 1460612333000
22.3201246,87.3186266, EA(5m)
AltWgs84 -13.5 m, EA(1m)
Hdg 334 deg, Spd 3.6 m/s
EA(0.0 deg, 0.0 m/s)</description>
      <Style>
        <IconStyle>
          <Icon>
            <href>http://maps.google.com/mapfiles/kml/shapes/shaded_dot.png</href>
          </Icon>
          <scale>0.6</scale>
          <color>bf00ff00</color>
        </IconStyle>
      </Style>
      <Point>
        <altitudeMode>clampToGround</altitudeMode>
        <coordinates>87.3186265666667,22.3201246333333,0</coordinates>
      </Point>
    </Placemark>
    <Placemark>
      <Snippet maxLines="0"> </Snippet>
      <description>179
UTC 19-04-2026 05:38:36.00
GpsMilliseconds 1460612334000
22.3201564,87.3186053, EA(5m)
AltWgs84 -14.5 m, EA(1m)
Hdg 331 deg, Spd 3.9 m/s
EA(0.0 deg, 0.0 m/s)</description>
      <Style>
        <IconStyle>
          <Icon>
            <href>http://maps.google.com/mapfiles/kml/shapes/shaded_dot.png</href>
          </Icon>
          <scale>0.6</scale>
          <color>bf00ff00</color>
        </IconStyle>
      </Style>
      <Point>
        <altitudeMode>clampToGround</altitudeMode>
        <coordinates>87.31860525,22.32015635,0</coordinates>
      </Point>
    </Placemark>
    <Placemark>
      <Snippet maxLines="0"> </Snippet>
      <description>180
UTC 19-04-2026 05:38:37.00
GpsMilliseconds 1460612335000
22.3201848,87.3185852, EA(5m)
AltWgs84 -14.7 m, EA(1m)
Hdg 335 deg, Spd 3.7 m/s
EA(0.0 deg, 0.0 m/s)</description>
      <Style>
        <IconStyle>
          <Icon>
            <href>http://maps.google.com/mapfiles/kml/shapes/shaded_dot.png</href>
          </Icon>
          <scale>0.6</scale>
          <color>bf00ff00</color>
        </IconStyle>
      </Style>
      <Point>
        <altitudeMode>clampToGround</altitudeMode>
        <coordinates>87.3185851666667,22.3201847833333,0</coordinates>
      </Point>
    </Placemark>
    <Placemark>
      <Snippet maxLines="0"> </Snippet>
      <description>181
UTC 19-04-2026 05:38:38.00
GpsMilliseconds 1460612336000
22.3202149,87.3185656, EA(5m)
AltWgs84 -14.2 m, EA(1m)
Hdg 335 deg, Spd 3.9 m/s
EA(0.0 deg, 0.0 m/s)</description>
      <Style>
        <IconStyle>
          <Icon>
            <href>http://maps.google.com/mapfiles/kml/shapes/shaded_dot.png</href>
          </Icon>
          <scale>0.6</scale>
          <color>bf00ff00</color>
        </IconStyle>
      </Style>
      <Point>
        <altitudeMode>clampToGround</altitudeMode>
        <coordinates>87.3185656166667,22.3202148666667,0</coordinates>
      </Point>
    </Placemark>
    <Placemark>
      <Snippet maxLines="0"> </Snippet>
      <description>182
UTC 19-04-2026 05:38:39.00
GpsMilliseconds 1460612337000
22.3202429,87.3185462, EA(5m)
AltWgs84 -14.3 m, EA(1m)
Hdg 332 deg, Spd 3.6 m/s
EA(0.0 deg, 0.0 m/s)</description>
      <Style>
        <IconStyle>
          <Icon>
            <href>http://maps.google.com/mapfiles/kml/shapes/shaded_dot.png</href>
          </Icon>
          <scale>0.6</scale>
          <color>bf00ff00</color>
        </IconStyle>
      </Style>
      <Point>
        <altitudeMode>clampToGround</altitudeMode>
        <coordinates>87.31854625,22.3202429333333,0</coordinates>
      </Point>
    </Placemark>
    <Placemark>
      <Snippet maxLines="0"> </Snippet>
      <description>183
UTC 19-04-2026 05:38:40.00
GpsMilliseconds 1460612338000
22.3202671,87.3185300, EA(5m)
AltWgs84 -14.4 m, EA(1m)
Hdg 332 deg, Spd 3.1 m/s
EA(0.0 deg, 0.0 m/s)</description>
      <Style>
        <IconStyle>
          <Icon>
            <href>http://maps.google.com/mapfiles/kml/shapes/shaded_dot.png</href>
          </Icon>
          <scale>0.6</scale>
          <color>bf00ff00</color>
        </IconStyle>
      </Style>
      <Point>
        <altitudeMode>clampToGround</altitudeMode>
        <coordinates>87.3185299666667,22.3202671333333,0</coordinates>
      </Point>
    </Placemark>
    <Placemark>
      <Snippet maxLines="0"> </Snippet>
      <description>184
UTC 19-04-2026 05:38:41.00
GpsMilliseconds 1460612339000
22.3202962,87.3185077, EA(5m)
AltWgs84 -14.7 m, EA(1m)
Hdg 328 deg, Spd 3.8 m/s
EA(0.0 deg, 0.0 m/s)</description>
      <Style>
        <IconStyle>
          <Icon>
            <href>http://maps.google.com/mapfiles/kml/shapes/shaded_dot.png</href>
          </Icon>
          <scale>0.6</scale>
          <color>bf00ff00</color>
        </IconStyle>
      </Style>
      <Point>
        <altitudeMode>clampToGround</altitudeMode>
        <coordinates>87.3185077333333,22.3202962333333,0</coordinates>
      </Point>
    </Placemark>
    <Placemark>
      <Snippet maxLines="0"> </Snippet>
      <description>185
UTC 19-04-2026 05:38:42.00
GpsMilliseconds 1460612340000
22.3203286,87.3184797, EA(6m)
AltWgs84 -13.5 m, EA(1m)
Hdg 324 deg, Spd 4.1 m/s
EA(0.0 deg, 0.0 m/s)</description>
      <Style>
        <IconStyle>
          <Icon>
            <href>http://maps.google.com/mapfiles/kml/shapes/shaded_dot.png</href>
          </Icon>
          <scale>0.6</scale>
          <color>bf00ff00</color>
        </IconStyle>
      </Style>
      <Point>
        <altitudeMode>clampToGround</altitudeMode>
        <coordinates>87.3184797166667,22.3203286166667,0</coordinates>
      </Point>
    </Placemark>
    <Placemark>
      <Snippet maxLines="0"> </Snippet>
      <description>186
UTC 19-04-2026 05:38:43.00
GpsMilliseconds 1460612341000
22.3203604,87.3184524, EA(6m)
AltWgs84 -13.4 m, EA(1m)
Hdg 318 deg, Spd 4.0 m/s
EA(0.0 deg, 0.0 m/s)</description>
      <Style>
        <IconStyle>
          <Icon>
            <href>http://maps.google.com/mapfiles/kml/shapes/shaded_dot.png</href>
          </Icon>
          <scale>0.6</scale>
          <color>bf00ff00</color>
        </IconStyle>
      </Style>
      <Point>
        <altitudeMode>clampToGround</altitudeMode>
        <coordinates>87.3184523833333,22.3203604333333,0</coordinates>
      </Point>
    </Placemark>
    <Placemark>
      <Snippet maxLines="0"> </Snippet>
      <description>187
UTC 19-04-2026 05:38:44.00
GpsMilliseconds 1460612342000
22.3203884,87.3184242, EA(6m)
AltWgs84 -14.4 m, EA(1m)
Hdg 312 deg, Spd 4.1 m/s
EA(0.0 deg, 0.0 m/s)</description>
      <Style>
        <IconStyle>
          <Icon>
            <href>http://maps.google.com/mapfiles/kml/shapes/shaded_dot.png</href>
          </Icon>
          <scale>0.6</scale>
          <color>bf00ff00</color>
        </IconStyle>
      </Style>
      <Point>
        <altitudeMode>clampToGround</altitudeMode>
        <coordinates>87.3184241833333,22.32038835,0</coordinates>
      </Point>
    </Placemark>
    <Placemark>
      <Snippet maxLines="0"> </Snippet>
      <description>188
UTC 19-04-2026 05:38:45.00
GpsMilliseconds 1460612343000
22.3204162,87.3183930, EA(6m)
AltWgs84 -14.1 m, EA(1m)
Hdg 311 deg, Spd 4.2 m/s
EA(0.0 deg, 0.0 m/s)</description>
      <Style>
        <IconStyle>
          <Icon>
            <href>http://maps.google.com/mapfiles/kml/shapes/shaded_dot.png</href>
          </Icon>
          <scale>0.6</scale>
          <color>bf00ff00</color>
        </IconStyle>
      </Style>
      <Point>
        <altitudeMode>clampToGround</altitudeMode>
        <coordinates>87.3183930166667,22.3204161833333,0</coordinates>
      </Point>
    </Placemark>
    <Placemark>
      <Snippet maxLines="0"> </Snippet>
      <description>189
UTC 19-04-2026 05:38:46.00
GpsMilliseconds 1460612344000
22.3204400,87.3183625, EA(6m)
AltWgs84 -14.1 m, EA(1m)
Hdg 310 deg, Spd 4.1 m/s
EA(0.0 deg, 0.0 m/s)</description>
      <Style>
        <IconStyle>
          <Icon>
            <href>http://maps.google.com/mapfiles/kml/shapes/shaded_dot.png</href>
          </Icon>
          <scale>0.6</scale>
          <color>bf00ff00</color>
        </IconStyle>
      </Style>
      <Point>
        <altitudeMode>clampToGround</altitudeMode>
        <coordinates>87.3183625166667,22.3204399666667,0</coordinates>
      </Point>
    </Placemark>
    <Placemark>
      <Snippet maxLines="0"> </Snippet>
      <description>190
UTC 19-04-2026 05:38:47.00
GpsMilliseconds 1460612345000
22.3204635,87.3183313, EA(6m)
AltWgs84 -14.3 m, EA(1m)
Hdg 308 deg, Spd 4.1 m/s
EA(0.0 deg, 0.0 m/s)</description>
      <Style>
        <IconStyle>
          <Icon>
            <href>http://maps.google.com/mapfiles/kml/shapes/shaded_dot.png</href>
          </Icon>
          <scale>0.6</scale>
          <color>bf00ff00</color>
        </IconStyle>
      </Style>
      <Point>
        <altitudeMode>clampToGround</altitudeMode>
        <coordinates>87.3183313166667,22.3204635166667,0</coordinates>
      </Point>
    </Placemark>
    <Placemark>
      <Snippet maxLines="0"> </Snippet>
      <description>191
UTC 19-04-2026 05:38:48.00
GpsMilliseconds 1460612346000
22.3204883,87.3182992, EA(5m)
AltWgs84 -14.5 m, EA(1m)
Hdg 308 deg, Spd 4.3 m/s
EA(0.0 deg, 0.0 m/s)</description>
      <Style>
        <IconStyle>
          <Icon>
            <href>http://maps.google.com/mapfiles/kml/shapes/shaded_dot.png</href>
          </Icon>
          <scale>0.6</scale>
          <color>bf00ff00</color>
        </IconStyle>
      </Style>
      <Point>
        <altitudeMode>clampToGround</altitudeMode>
        <coordinates>87.3182991833333,22.3204883166667,0</coordinates>
      </Point>
    </Placemark>
    <Placemark>
      <Snippet maxLines="0"> </Snippet>
      <description>192
UTC 19-04-2026 05:38:49.00
GpsMilliseconds 1460612347000
22.3205127,87.3182674, EA(5m)
AltWgs84 -14.8 m, EA(1m)
Hdg 308 deg, Spd 4.2 m/s
EA(0.0 deg, 0.0 m/s)</description>
      <Style>
        <IconStyle>
          <Icon>
            <href>http://maps.google.com/mapfiles/kml/shapes/shaded_dot.png</href>
          </Icon>
          <scale>0.6</scale>
          <color>bf00ff00</color>
        </IconStyle>
      </Style>
      <Point>
        <altitudeMode>clampToGround</altitudeMode>
        <coordinates>87.3182674166667,22.3205127166667,0</coordinates>
      </Point>
    </Placemark>
    <Placemark>
      <Snippet maxLines="0"> </Snippet>
      <description>193
UTC 19-04-2026 05:38:50.00
GpsMilliseconds 1460612348000
22.3205360,87.3182348, EA(5m)
AltWgs84 -14.6 m, EA(1m)
Hdg 307 deg, Spd 4.2 m/s
EA(0.0 deg, 0.0 m/s)</description>
      <Style>
        <IconStyle>
          <Icon>
            <href>http://maps.google.com/mapfiles/kml/shapes/shaded_dot.png</href>
          </Icon>
          <scale>0.6</scale>
          <color>bf00ff00</color>
        </IconStyle>
      </Style>
      <Point>
        <altitudeMode>clampToGround</altitudeMode>
        <coordinates>87.3182348166667,22.3205359666667,0</coordinates>
      </Point>
    </Placemark>
    <Placemark>
      <Snippet maxLines="0"> </Snippet>
      <description>194
UTC 19-04-2026 05:38:51.00
GpsMilliseconds 1460612349000
22.3205558,87.3182011, EA(5m)
AltWgs84 -15.6 m, EA(1m)
Hdg 308 deg, Spd 4.2 m/s
EA(0.0 deg, 0.0 m/s)</description>
      <Style>
        <IconStyle>
          <Icon>
            <href>http://maps.google.com/mapfiles/kml/shapes/shaded_dot.png</href>
          </Icon>
          <scale>0.6</scale>
          <color>bf00ff00</color>
        </IconStyle>
      </Style>
      <Point>
        <altitudeMode>clampToGround</altitudeMode>
        <coordinates>87.3182011333333,22.3205558166667,0</coordinates>
      </Point>
    </Placemark>
    <Placemark>
      <Snippet maxLines="0"> </Snippet>
      <description>195
UTC 19-04-2026 05:38:52.00
GpsMilliseconds 1460612350000
22.3205771,87.3181699, EA(5m)
AltWgs84 -15.6 m, EA(1m)
Hdg 308 deg, Spd 4.1 m/s
EA(0.0 deg, 0.0 m/s)</description>
      <Style>
        <IconStyle>
          <Icon>
            <href>http://maps.google.com/mapfiles/kml/shapes/shaded_dot.png</href>
          </Icon>
          <scale>0.6</scale>
          <color>bf00ff00</color>
        </IconStyle>
      </Style>
      <Point>
        <altitudeMode>clampToGround</altitudeMode>
        <coordinates>87.3181699333333,22.3205771166667,0</coordinates>
      </Point>
    </Placemark>
    <Placemark>
      <Snippet maxLines="0"> </Snippet>
      <description>196
UTC 19-04-2026 05:38:53.00
GpsMilliseconds 1460612351000
22.3205961,87.3181391, EA(5m)
AltWgs84 -16.5 m, EA(1m)
Hdg 307 deg, Spd 4.1 m/s
EA(0.0 deg, 0.0 m/s)</description>
      <Style>
        <IconStyle>
          <Icon>
            <href>http://maps.google.com/mapfiles/kml/shapes/shaded_dot.png</href>
          </Icon>
          <scale>0.6</scale>
          <color>bf00ff00</color>
        </IconStyle>
      </Style>
      <Point>
        <altitudeMode>clampToGround</altitudeMode>
        <coordinates>87.3181390666667,22.3205961166667,0</coordinates>
      </Point>
    </Placemark>
    <Placemark>
      <Snippet maxLines="0"> </Snippet>
      <description>197
UTC 19-04-2026 05:38:54.00
GpsMilliseconds 1460612352000
22.3206170,87.3181070, EA(6m)
AltWgs84 -16.6 m, EA(1m)
Hdg 307 deg, Spd 4.2 m/s
EA(0.0 deg, 0.0 m/s)</description>
      <Style>
        <IconStyle>
          <Icon>
            <href>http://maps.google.com/mapfiles/kml/shapes/shaded_dot.png</href>
          </Icon>
          <scale>0.6</scale>
          <color>bf00ff00</color>
        </IconStyle>
      </Style>
      <Point>
        <altitudeMode>clampToGround</altitudeMode>
        <coordinates>87.31810695,22.32061705,0</coordinates>
      </Point>
    </Placemark>
    <Placemark>
      <Snippet maxLines="0"> </Snippet>
      <description>198
UTC 19-04-2026 05:38:55.00
GpsMilliseconds 1460612353000
22.3206380,87.3180766, EA(6m)
AltWgs84 -16.8 m, EA(1m)
Hdg 307 deg, Spd 4.1 m/s
EA(0.0 deg, 0.0 m/s)</description>
      <Style>
        <IconStyle>
          <Icon>
            <href>http://maps.google.com/mapfiles/kml/shapes/shaded_dot.png</href>
          </Icon>
          <scale>0.6</scale>
          <color>bf00ff00</color>
        </IconStyle>
      </Style>
      <Point>
        <altitudeMode>clampToGround</altitudeMode>
        <coordinates>87.3180765666667,22.320638,0</coordinates>
      </Point>
    </Placemark>
    <Placemark>
      <Snippet maxLines="0"> </Snippet>
      <description>199
UTC 19-04-2026 05:38:56.00
GpsMilliseconds 1460612354000
22.3206589,87.3180455, EA(5m)
AltWgs84 -16.5 m, EA(1m)
Hdg 307 deg, Spd 4.1 m/s
EA(0.0 deg, 0.0 m/s)</description>
      <Style>
        <IconStyle>
          <Icon>
            <href>http://maps.google.com/mapfiles/kml/shapes/shaded_dot.png</href>
          </Icon>
          <scale>0.6</scale>
          <color>bf00ff00</color>
        </IconStyle>
      </Style>
      <Point>
        <altitudeMode>clampToGround</altitudeMode>
        <coordinates>87.3180454666667,22.3206589,0</coordinates>
      </Point>
    </Placemark>
    <Placemark>
      <Snippet maxLines="0"> </Snippet>
      <description>200
UTC 19-04-2026 05:38:57.00
GpsMilliseconds 1460612355000
22.3206812,87.3180156, EA(5m)
AltWgs84 -17.5 m, EA(1m)
Hdg 308 deg, Spd 4.1 m/s
EA(0.0 deg, 0.0 m/s)</description>
      <Style>
        <IconStyle>
          <Icon>
            <href>http://maps.google.com/mapfiles/kml/shapes/shaded_dot.png</href>
          </Icon>
          <scale>0.6</scale>
          <color>bf00ff00</color>
        </IconStyle>
      </Style>
      <Point>
        <altitudeMode>clampToGround</altitudeMode>
        <coordinates>87.3180155833333,22.3206811666667,0</coordinates>
      </Point>
    </Placemark>
    <Placemark>
      <Snippet maxLines="0"> </Snippet>
      <description>201
UTC 19-04-2026 05:38:58.00
GpsMilliseconds 1460612356000
22.3207036,87.3179843, EA(5m)
AltWgs84 -17.5 m, EA(1m)
Hdg 307 deg, Spd 4.1 m/s
EA(0.0 deg, 0.0 m/s)</description>
      <Style>
        <IconStyle>
          <Icon>
            <href>http://maps.google.com/mapfiles/kml/shapes/shaded_dot.png</href>
          </Icon>
          <scale>0.6</scale>
          <color>bf00ff00</color>
        </IconStyle>
      </Style>
      <Point>
        <altitudeMode>clampToGround</altitudeMode>
        <coordinates>87.3179842833333,22.3207036166667,0</coordinates>
      </Point>
    </Placemark>
    <Placemark>
      <Snippet maxLines="0"> </Snippet>
      <description>202
UTC 19-04-2026 05:38:59.00
GpsMilliseconds 1460612357000
22.3207258,87.3179524, EA(5m)
AltWgs84 -17.2 m, EA(1m)
Hdg 306 deg, Spd 4.1 m/s
EA(0.0 deg, 0.0 m/s)</description>
      <Style>
        <IconStyle>
          <Icon>
            <href>http://maps.google.com/mapfiles/kml/shapes/shaded_dot.png</href>
          </Icon>
          <scale>0.6</scale>
          <color>bf00ff00</color>
        </IconStyle>
      </Style>
      <Point>
        <altitudeMode>clampToGround</altitudeMode>
        <coordinates>87.3179523666667,22.3207258333333,0</coordinates>
      </Point>
    </Placemark>
    <Placemark>
      <Snippet maxLines="0"> </Snippet>
      <description>203
UTC 19-04-2026 05:39:00.00
GpsMilliseconds 1460612358000
22.3207492,87.3179194, EA(5m)
AltWgs84 -17.4 m, EA(1m)
Hdg 308 deg, Spd 4.1 m/s
EA(0.0 deg, 0.0 m/s)</description>
      <Style>
        <IconStyle>
          <Icon>
            <href>http://maps.google.com/mapfiles/kml/shapes/shaded_dot.png</href>
          </Icon>
          <scale>0.6</scale>
          <color>bf00ff00</color>
        </IconStyle>
      </Style>
      <Point>
        <altitudeMode>clampToGround</altitudeMode>
        <coordinates>87.3179193666667,22.32074915,0</coordinates>
      </Point>
    </Placemark>
    <Placemark>
      <Snippet maxLines="0"> </Snippet>
      <description>204
UTC 19-04-2026 05:39:01.00
GpsMilliseconds 1460612359000
22.3207713,87.3178865, EA(5m)
AltWgs84 -16.8 m, EA(1m)
Hdg 308 deg, Spd 4.1 m/s
EA(0.0 deg, 0.0 m/s)</description>
      <Style>
        <IconStyle>
          <Icon>
            <href>http://maps.google.com/mapfiles/kml/shapes/shaded_dot.png</href>
          </Icon>
          <scale>0.6</scale>
          <color>bf00ff00</color>
        </IconStyle>
      </Style>
      <Point>
        <altitudeMode>clampToGround</altitudeMode>
        <coordinates>87.3178865166667,22.3207712833333,0</coordinates>
      </Point>
    </Placemark>
    <Placemark>
      <Snippet maxLines="0"> </Snippet>
      <description>205
UTC 19-04-2026 05:39:02.00
GpsMilliseconds 1460612360000
22.3207954,87.3178547, EA(5m)
AltWgs84 -17.1 m, EA(1m)
Hdg 309 deg, Spd 4.1 m/s
EA(0.0 deg, 0.0 m/s)</description>
      <Style>
        <IconStyle>
          <Icon>
            <href>http://maps.google.com/mapfiles/kml/shapes/shaded_dot.png</href>
          </Icon>
          <scale>0.6</scale>
          <color>bf00ff00</color>
        </IconStyle>
      </Style>
      <Point>
        <altitudeMode>clampToGround</altitudeMode>
        <coordinates>87.31785475,22.3207954333333,0</coordinates>
      </Point>
    </Placemark>
    <Placemark>
      <Snippet maxLines="0"> </Snippet>
      <description>206
UTC 19-04-2026 05:39:03.00
GpsMilliseconds 1460612361000
22.3208192,87.3178246, EA(5m)
AltWgs84 -17.6 m, EA(1m)
Hdg 309 deg, Spd 4.1 m/s
EA(0.0 deg, 0.0 m/s)</description>
      <Style>
        <IconStyle>
          <Icon>
            <href>http://maps.google.com/mapfiles/kml/shapes/shaded_dot.png</href>
          </Icon>
          <scale>0.6</scale>
          <color>bf00ff00</color>
        </IconStyle>
      </Style>
      <Point>
        <altitudeMode>clampToGround</altitudeMode>
        <coordinates>87.3178245666667,22.3208191833333,0</coordinates>
      </Point>
    </Placemark>
    <Placemark>
      <Snippet maxLines="0"> </Snippet>
      <description>207
UTC 19-04-2026 05:39:04.00
GpsMilliseconds 1460612362000
22.3208427,87.3177931, EA(5m)
AltWgs84 -17.7 m, EA(1m)
Hdg 308 deg, Spd 4.1 m/s
EA(0.0 deg, 0.0 m/s)</description>
      <Style>
        <IconStyle>
          <Icon>
            <href>http://maps.google.com/mapfiles/kml/shapes/shaded_dot.png</href>
          </Icon>
          <scale>0.6</scale>
          <color>bf00ff00</color>
        </IconStyle>
      </Style>
      <Point>
        <altitudeMode>clampToGround</altitudeMode>
        <coordinates>87.3177930666667,22.3208426833333,0</coordinates>
      </Point>
    </Placemark>
    <Placemark>
      <Snippet maxLines="0"> </Snippet>
      <description>208
UTC 19-04-2026 05:39:05.00
GpsMilliseconds 1460612363000
22.3208679,87.3177614, EA(6m)
AltWgs84 -18.1 m, EA(1m)
Hdg 308 deg, Spd 4.1 m/s
EA(0.0 deg, 0.0 m/s)</description>
      <Style>
        <IconStyle>
          <Icon>
            <href>http://maps.google.com/mapfiles/kml/shapes/shaded_dot.png</href>
          </Icon>
          <scale>0.6</scale>
          <color>bf00ff00</color>
        </IconStyle>
      </Style>
      <Point>
        <altitudeMode>clampToGround</altitudeMode>
        <coordinates>87.3177613666667,22.3208678666667,0</coordinates>
      </Point>
    </Placemark>
    <Placemark>
      <Snippet maxLines="0"> </Snippet>
      <description>209
UTC 19-04-2026 05:39:06.00
GpsMilliseconds 1460612364000
22.3208935,87.3177292, EA(5m)
AltWgs84 -18.3 m, EA(1m)
Hdg 308 deg, Spd 4.1 m/s
EA(0.0 deg, 0.0 m/s)</description>
      <Style>
        <IconStyle>
          <Icon>
            <href>http://maps.google.com/mapfiles/kml/shapes/shaded_dot.png</href>
          </Icon>
          <scale>0.6</scale>
          <color>bf00ff00</color>
        </IconStyle>
      </Style>
      <Point>
        <altitudeMode>clampToGround</altitudeMode>
        <coordinates>87.31772925,22.3208935,0</coordinates>
      </Point>
    </Placemark>
    <Placemark>
      <Snippet maxLines="0"> </Snippet>
      <description>210
UTC 19-04-2026 05:39:07.00
GpsMilliseconds 1460612365000
22.3209183,87.3176971, EA(5m)
AltWgs84 -18.7 m, EA(1m)
Hdg 307 deg, Spd 4.1 m/s
EA(0.0 deg, 0.0 m/s)</description>
      <Style>
        <IconStyle>
          <Icon>
            <href>http://maps.google.com/mapfiles/kml/shapes/shaded_dot.png</href>
          </Icon>
          <scale>0.6</scale>
          <color>bf00ff00</color>
        </IconStyle>
      </Style>
      <Point>
        <altitudeMode>clampToGround</altitudeMode>
        <coordinates>87.3176970833333,22.3209183333333,0</coordinates>
      </Point>
    </Placemark>
    <Placemark>
      <Snippet maxLines="0"> </Snippet>
      <description>211
UTC 19-04-2026 05:39:08.00
GpsMilliseconds 1460612366000
22.3209440,87.3176650, EA(5m)
AltWgs84 -18.6 m, EA(1m)
Hdg 309 deg, Spd 4.2 m/s
EA(0.0 deg, 0.0 m/s)</description>
      <Style>
        <IconStyle>
          <Icon>
            <href>http://maps.google.com/mapfiles/kml/shapes/shaded_dot.png</href>
          </Icon>
          <scale>0.6</scale>
          <color>bf00ff00</color>
        </IconStyle>
      </Style>
      <Point>
        <altitudeMode>clampToGround</altitudeMode>
        <coordinates>87.3176650333333,22.3209439833333,0</coordinates>
      </Point>
    </Placemark>
    <Placemark>
      <Snippet maxLines="0"> </Snippet>
      <description>212
UTC 19-04-2026 05:39:09.00
GpsMilliseconds 1460612367000
22.3209695,87.3176338, EA(5m)
AltWgs84 -18.7 m, EA(1m)
Hdg 309 deg, Spd 4.2 m/s
EA(0.0 deg, 0.0 m/s)</description>
      <Style>
        <IconStyle>
          <Icon>
            <href>http://maps.google.com/mapfiles/kml/shapes/shaded_dot.png</href>
          </Icon>
          <scale>0.6</scale>
          <color>bf00ff00</color>
        </IconStyle>
      </Style>
      <Point>
        <altitudeMode>clampToGround</altitudeMode>
        <coordinates>87.31763385,22.3209694833333,0</coordinates>
      </Point>
    </Placemark>
    <Placemark>
      <Snippet maxLines="0"> </Snippet>
      <description>213
UTC 19-04-2026 05:39:10.00
GpsMilliseconds 1460612368000
22.3209964,87.3176010, EA(5m)
AltWgs84 -18.5 m, EA(1m)
Hdg 309 deg, Spd 4.3 m/s
EA(0.0 deg, 0.0 m/s)</description>
      <Style>
        <IconStyle>
          <Icon>
            <href>http://maps.google.com/mapfiles/kml/shapes/shaded_dot.png</href>
          </Icon>
          <scale>0.6</scale>
          <color>bf00ff00</color>
        </IconStyle>
      </Style>
      <Point>
        <altitudeMode>clampToGround</altitudeMode>
        <coordinates>87.3176009666667,22.3209963666667,0</coordinates>
      </Point>
    </Placemark>
    <Placemark>
      <Snippet maxLines="0"> </Snippet>
      <description>214
UTC 19-04-2026 05:39:11.00
GpsMilliseconds 1460612369000
22.3210232,87.3175676, EA(5m)
AltWgs84 -18.3 m, EA(1m)
Hdg 309 deg, Spd 4.3 m/s
EA(0.0 deg, 0.0 m/s)</description>
      <Style>
        <IconStyle>
          <Icon>
            <href>http://maps.google.com/mapfiles/kml/shapes/shaded_dot.png</href>
          </Icon>
          <scale>0.6</scale>
          <color>bf00ff00</color>
        </IconStyle>
      </Style>
      <Point>
        <altitudeMode>clampToGround</altitudeMode>
        <coordinates>87.3175675833333,22.3210232333333,0</coordinates>
      </Point>
    </Placemark>
    <Placemark>
      <Snippet maxLines="0"> </Snippet>
      <description>215
UTC 19-04-2026 05:39:12.00
GpsMilliseconds 1460612370000
22.3210494,87.3175353, EA(5m)
AltWgs84 -18.0 m, EA(1m)
Hdg 309 deg, Spd 4.3 m/s
EA(0.0 deg, 0.0 m/s)</description>
      <Style>
        <IconStyle>
          <Icon>
            <href>http://maps.google.com/mapfiles/kml/shapes/shaded_dot.png</href>
          </Icon>
          <scale>0.6</scale>
          <color>bf00ff00</color>
        </IconStyle>
      </Style>
      <Point>
        <altitudeMode>clampToGround</altitudeMode>
        <coordinates>87.3175352833333,22.3210494333333,0</coordinates>
      </Point>
    </Placemark>
    <Placemark>
      <Snippet maxLines="0"> </Snippet>
      <description>216
UTC 19-04-2026 05:39:13.00
GpsMilliseconds 1460612371000
22.3210754,87.3175035, EA(5m)
AltWgs84 -17.5 m, EA(1m)
Hdg 308 deg, Spd 4.3 m/s
EA(0.0 deg, 0.0 m/s)</description>
      <Style>
        <IconStyle>
          <Icon>
            <href>http://maps.google.com/mapfiles/kml/shapes/shaded_dot.png</href>
          </Icon>
          <scale>0.6</scale>
          <color>bf00ff00</color>
        </IconStyle>
      </Style>
      <Point>
        <altitudeMode>clampToGround</altitudeMode>
        <coordinates>87.3175035333333,22.32107545,0</coordinates>
      </Point>
    </Placemark>
    <Placemark>
      <Snippet maxLines="0"> </Snippet>
      <description>217
UTC 19-04-2026 05:39:14.00
GpsMilliseconds 1460612372000
22.3211010,87.3174702, EA(5m)
AltWgs84 -17.8 m, EA(1m)
Hdg 307 deg, Spd 4.3 m/s
EA(0.0 deg, 0.0 m/s)</description>
      <Style>
        <IconStyle>
          <Icon>
            <href>http://maps.google.com/mapfiles/kml/shapes/shaded_dot.png</href>
          </Icon>
          <scale>0.6</scale>
          <color>bf00ff00</color>
        </IconStyle>
      </Style>
      <Point>
        <altitudeMode>clampToGround</altitudeMode>
        <coordinates>87.3174701666667,22.3211010333333,0</coordinates>
      </Point>
    </Placemark>
    <Placemark>
      <Snippet maxLines="0"> </Snippet>
      <description>218
UTC 19-04-2026 05:39:15.00
GpsMilliseconds 1460612373000
22.3211236,87.3174369, EA(5m)
AltWgs84 -17.8 m, EA(1m)
Hdg 306 deg, Spd 4.2 m/s
EA(0.0 deg, 0.0 m/s)</description>
      <Style>
        <IconStyle>
          <Icon>
            <href>http://maps.google.com/mapfiles/kml/shapes/shaded_dot.png</href>
          </Icon>
          <scale>0.6</scale>
          <color>bf00ff00</color>
        </IconStyle>
      </Style>
      <Point>
        <altitudeMode>clampToGround</altitudeMode>
        <coordinates>87.3174368833333,22.3211235666667,0</coordinates>
      </Point>
    </Placemark>
    <Placemark>
      <Snippet maxLines="0"> </Snippet>
      <description>219
UTC 19-04-2026 05:39:16.00
GpsMilliseconds 1460612374000
22.3211474,87.3174033, EA(5m)
AltWgs84 -18.0 m, EA(1m)
Hdg 307 deg, Spd 4.3 m/s
EA(0.0 deg, 0.0 m/s)</description>
      <Style>
        <IconStyle>
          <Icon>
            <href>http://maps.google.com/mapfiles/kml/shapes/shaded_dot.png</href>
          </Icon>
          <scale>0.6</scale>
          <color>bf00ff00</color>
        </IconStyle>
      </Style>
      <Point>
        <altitudeMode>clampToGround</altitudeMode>
        <coordinates>87.3174033166667,22.3211474166667,0</coordinates>
      </Point>
    </Placemark>
    <Placemark>
      <Snippet maxLines="0"> </Snippet>
      <description>220
UTC 19-04-2026 05:39:17.00
GpsMilliseconds 1460612375000
22.3211717,87.3173704, EA(5m)
AltWgs84 -18.2 m, EA(1m)
Hdg 308 deg, Spd 4.3 m/s
EA(0.0 deg, 0.0 m/s)</description>
      <Style>
        <IconStyle>
          <Icon>
            <href>http://maps.google.com/mapfiles/kml/shapes/shaded_dot.png</href>
          </Icon>
          <scale>0.6</scale>
          <color>bf00ff00</color>
        </IconStyle>
      </Style>
      <Point>
        <altitudeMode>clampToGround</altitudeMode>
        <coordinates>87.3173703666667,22.3211717333333,0</coordinates>
      </Point>
    </Placemark>
    <Placemark>
      <Snippet maxLines="0"> </Snippet>
      <description>221
UTC 19-04-2026 05:39:18.00
GpsMilliseconds 1460612376000
22.3211957,87.3173369, EA(5m)
AltWgs84 -18.1 m, EA(1m)
Hdg 307 deg, Spd 4.3 m/s
EA(0.0 deg, 0.0 m/s)</description>
      <Style>
        <IconStyle>
          <Icon>
            <href>http://maps.google.com/mapfiles/kml/shapes/shaded_dot.png</href>
          </Icon>
          <scale>0.6</scale>
          <color>bf00ff00</color>
        </IconStyle>
      </Style>
      <Point>
        <altitudeMode>clampToGround</altitudeMode>
        <coordinates>87.3173369333333,22.3211956833333,0</coordinates>
      </Point>
    </Placemark>
    <Placemark>
      <Snippet maxLines="0"> </Snippet>
      <description>222
UTC 19-04-2026 05:39:19.00
GpsMilliseconds 1460612377000
22.3212188,87.3173018, EA(5m)
AltWgs84 -18.8 m, EA(1m)
Hdg 306 deg, Spd 4.3 m/s
EA(0.0 deg, 0.0 m/s)</description>
      <Style>
        <IconStyle>
          <Icon>
            <href>http://maps.google.com/mapfiles/kml/shapes/shaded_dot.png</href>
          </Icon>
          <scale>0.6</scale>
          <color>bf00ff00</color>
        </IconStyle>
      </Style>
      <Point>
        <altitudeMode>clampToGround</altitudeMode>
        <coordinates>87.3173017666667,22.3212188333333,0</coordinates>
      </Point>
    </Placemark>
    <Placemark>
      <Snippet maxLines="0"> </Snippet>
      <description>223
UTC 19-04-2026 05:39:20.00
GpsMilliseconds 1460612378000
22.3212400,87.3172683, EA(5m)
AltWgs84 -18.8 m, EA(1m)
Hdg 308 deg, Spd 4.2 m/s
EA(0.0 deg, 0.0 m/s)</description>
      <Style>
        <IconStyle>
          <Icon>
            <href>http://maps.google.com/mapfiles/kml/shapes/shaded_dot.png</href>
          </Icon>
          <scale>0.6</scale>
          <color>bf00ff00</color>
        </IconStyle>
      </Style>
      <Point>
        <altitudeMode>clampToGround</altitudeMode>
        <coordinates>87.3172683333333,22.3212399666667,0</coordinates>
      </Point>
    </Placemark>
    <Placemark>
      <Snippet maxLines="0"> </Snippet>
      <description>224
UTC 19-04-2026 05:39:21.00
GpsMilliseconds 1460612379000
22.3212626,87.3172346, EA(5m)
AltWgs84 -18.9 m, EA(1m)
Hdg 307 deg, Spd 4.2 m/s
EA(0.0 deg, 0.0 m/s)</description>
      <Style>
        <IconStyle>
          <Icon>
            <href>http://maps.google.com/mapfiles/kml/shapes/shaded_dot.png</href>
          </Icon>
          <scale>0.6</scale>
          <color>bf00ff00</color>
        </IconStyle>
      </Style>
      <Point>
        <altitudeMode>clampToGround</altitudeMode>
        <coordinates>87.3172345666667,22.3212626333333,0</coordinates>
      </Point>
    </Placemark>
    <Placemark>
      <Snippet maxLines="0"> </Snippet>
      <description>225
UTC 19-04-2026 05:39:22.00
GpsMilliseconds 1460612380000
22.3212852,87.3172004, EA(6m)
AltWgs84 -18.3 m, EA(1m)
Hdg 306 deg, Spd 4.3 m/s
EA(0.0 deg, 0.0 m/s)</description>
      <Style>
        <IconStyle>
          <Icon>
            <href>http://maps.google.com/mapfiles/kml/shapes/shaded_dot.png</href>
          </Icon>
          <scale>0.6</scale>
          <color>bf00ff00</color>
        </IconStyle>
      </Style>
      <Point>
        <altitudeMode>clampToGround</altitudeMode>
        <coordinates>87.3172004166667,22.3212852333333,0</coordinates>
      </Point>
    </Placemark>
    <Placemark>
      <Snippet maxLines="0"> </Snippet>
      <description>226
UTC 19-04-2026 05:39:23.00
GpsMilliseconds 1460612381000
22.3213083,87.3171661, EA(6m)
AltWgs84 -18.2 m, EA(1m)
Hdg 306 deg, Spd 4.4 m/s
EA(0.0 deg, 0.0 m/s)</description>
      <Style>
        <IconStyle>
          <Icon>
            <href>http://maps.google.com/mapfiles/kml/shapes/shaded_dot.png</href>
          </Icon>
          <scale>0.6</scale>
          <color>bf00ff00</color>
        </IconStyle>
      </Style>
      <Point>
        <altitudeMode>clampToGround</altitudeMode>
        <coordinates>87.3171661333333,22.3213082666667,0</coordinates>
      </Point>
    </Placemark>
    <Placemark>
      <Snippet maxLines="0"> </Snippet>
      <description>227
UTC 19-04-2026 05:39:24.00
GpsMilliseconds 1460612382000
22.3213311,87.3171322, EA(5m)
AltWgs84 -18.4 m, EA(1m)
Hdg 308 deg, Spd 4.3 m/s
EA(0.0 deg, 0.0 m/s)</description>
      <Style>
        <IconStyle>
          <Icon>
            <href>http://maps.google.com/mapfiles/kml/shapes/shaded_dot.png</href>
          </Icon>
          <scale>0.6</scale>
          <color>bf00ff00</color>
        </IconStyle>
      </Style>
      <Point>
        <altitudeMode>clampToGround</altitudeMode>
        <coordinates>87.31713215,22.32133105,0</coordinates>
      </Point>
    </Placemark>
    <Placemark>
      <Snippet maxLines="0"> </Snippet>
      <description>228
UTC 19-04-2026 05:39:25.00
GpsMilliseconds 1460612383000
22.3213541,87.3170966, EA(5m)
AltWgs84 -18.3 m, EA(1m)
Hdg 308 deg, Spd 4.3 m/s
EA(0.0 deg, 0.0 m/s)</description>
      <Style>
        <IconStyle>
          <Icon>
            <href>http://maps.google.com/mapfiles/kml/shapes/shaded_dot.png</href>
          </Icon>
          <scale>0.6</scale>
          <color>bf00ff00</color>
        </IconStyle>
      </Style>
      <Point>
        <altitudeMode>clampToGround</altitudeMode>
        <coordinates>87.3170965833333,22.3213541333333,0</coordinates>
      </Point>
    </Placemark>
    <Placemark>
      <Snippet maxLines="0"> </Snippet>
      <description>229
UTC 19-04-2026 05:39:26.00
GpsMilliseconds 1460612384000
22.3213786,87.3170612, EA(5m)
AltWgs84 -18.1 m, EA(1m)
Hdg 307 deg, Spd 4.4 m/s
EA(0.0 deg, 0.0 m/s)</description>
      <Style>
        <IconStyle>
          <Icon>
            <href>http://maps.google.com/mapfiles/kml/shapes/shaded_dot.png</href>
          </Icon>
          <scale>0.6</scale>
          <color>bf00ff00</color>
        </IconStyle>
      </Style>
      <Point>
        <altitudeMode>clampToGround</altitudeMode>
        <coordinates>87.3170612333333,22.32137865,0</coordinates>
      </Point>
    </Placemark>
    <Placemark>
      <Snippet maxLines="0"> </Snippet>
      <description>230
UTC 19-04-2026 05:39:27.00
GpsMilliseconds 1460612385000
22.3214017,87.3170259, EA(5m)
AltWgs84 -17.9 m, EA(1m)
Hdg 308 deg, Spd 4.4 m/s
EA(0.0 deg, 0.0 m/s)</description>
      <Style>
        <IconStyle>
          <Icon>
            <href>http://maps.google.com/mapfiles/kml/shapes/shaded_dot.png</href>
          </Icon>
          <scale>0.6</scale>
          <color>bf00ff00</color>
        </IconStyle>
      </Style>
      <Point>
        <altitudeMode>clampToGround</altitudeMode>
        <coordinates>87.3170258666667,22.3214017333333,0</coordinates>
      </Point>
    </Placemark>
    <Placemark>
      <Snippet maxLines="0"> </Snippet>
      <description>231
UTC 19-04-2026 05:39:28.00
GpsMilliseconds 1460612386000
22.3214274,87.3169906, EA(5m)
AltWgs84 -17.9 m, EA(1m)
Hdg 308 deg, Spd 4.5 m/s
EA(0.0 deg, 0.0 m/s)</description>
      <Style>
        <IconStyle>
          <Icon>
            <href>http://maps.google.com/mapfiles/kml/shapes/shaded_dot.png</href>
          </Icon>
          <scale>0.6</scale>
          <color>bf00ff00</color>
        </IconStyle>
      </Style>
      <Point>
        <altitudeMode>clampToGround</altitudeMode>
        <coordinates>87.3169906166667,22.3214273666667,0</coordinates>
      </Point>
    </Placemark>
    <Placemark>
      <Snippet maxLines="0"> </Snippet>
      <description>232
UTC 19-04-2026 05:39:29.00
GpsMilliseconds 1460612387000
22.3214511,87.3169547, EA(5m)
AltWgs84 -18.4 m, EA(1m)
Hdg 307 deg, Spd 4.4 m/s
EA(0.0 deg, 0.0 m/s)</description>
      <Style>
        <IconStyle>
          <Icon>
            <href>http://maps.google.com/mapfiles/kml/shapes/shaded_dot.png</href>
          </Icon>
          <scale>0.6</scale>
          <color>bf00ff00</color>
        </IconStyle>
      </Style>
      <Point>
        <altitudeMode>clampToGround</altitudeMode>
        <coordinates>87.3169546833333,22.3214510833333,0</coordinates>
      </Point>
    </Placemark>
    <Placemark>
      <Snippet maxLines="0"> </Snippet>
      <description>233
UTC 19-04-2026 05:39:30.00
GpsMilliseconds 1460612388000
22.3214749,87.3169187, EA(5m)
AltWgs84 -18.5 m, EA(1m)
Hdg 307 deg, Spd 4.5 m/s
EA(0.0 deg, 0.0 m/s)</description>
      <Style>
        <IconStyle>
          <Icon>
            <href>http://maps.google.com/mapfiles/kml/shapes/shaded_dot.png</href>
          </Icon>
          <scale>0.6</scale>
          <color>bf00ff00</color>
        </IconStyle>
      </Style>
      <Point>
        <altitudeMode>clampToGround</altitudeMode>
        <coordinates>87.3169186833333,22.3214748833333,0</coordinates>
      </Point>
    </Placemark>
    <Placemark>
      <Snippet maxLines="0"> </Snippet>
      <description>234
UTC 19-04-2026 05:39:31.00
GpsMilliseconds 1460612389000
22.3214975,87.3168834, EA(5m)
AltWgs84 -18.8 m, EA(1m)
Hdg 307 deg, Spd 4.5 m/s
EA(0.0 deg, 0.0 m/s)</description>
      <Style>
        <IconStyle>
          <Icon>
            <href>http://maps.google.com/mapfiles/kml/shapes/shaded_dot.png</href>
          </Icon>
          <scale>0.6</scale>
          <color>bf00ff00</color>
        </IconStyle>
      </Style>
      <Point>
        <altitudeMode>clampToGround</altitudeMode>
        <coordinates>87.3168834166667,22.3214974833333,0</coordinates>
      </Point>
    </Placemark>
    <Placemark>
      <Snippet maxLines="0"> </Snippet>
      <description>235
UTC 19-04-2026 05:39:32.00
GpsMilliseconds 1460612390000
22.3215203,87.3168493, EA(5m)
AltWgs84 -19.3 m, EA(1m)
Hdg 306 deg, Spd 4.4 m/s
EA(0.0 deg, 0.0 m/s)</description>
      <Style>
        <IconStyle>
          <Icon>
            <href>http://maps.google.com/mapfiles/kml/shapes/shaded_dot.png</href>
          </Icon>
          <scale>0.6</scale>
          <color>bf00ff00</color>
        </IconStyle>
      </Style>
      <Point>
        <altitudeMode>clampToGround</altitudeMode>
        <coordinates>87.3168493333333,22.3215202833333,0</coordinates>
      </Point>
    </Placemark>
    <Placemark>
      <Snippet maxLines="0"> </Snippet>
      <description>236
UTC 19-04-2026 05:39:33.00
GpsMilliseconds 1460612391000
22.3215433,87.3168159, EA(5m)
AltWgs84 -20.1 m, EA(1m)
Hdg 307 deg, Spd 4.5 m/s
EA(0.0 deg, 0.0 m/s)</description>
      <Style>
        <IconStyle>
          <Icon>
            <href>http://maps.google.com/mapfiles/kml/shapes/shaded_dot.png</href>
          </Icon>
          <scale>0.6</scale>
          <color>bf00ff00</color>
        </IconStyle>
      </Style>
      <Point>
        <altitudeMode>clampToGround</altitudeMode>
        <coordinates>87.3168159166667,22.3215433333333,0</coordinates>
      </Point>
    </Placemark>
    <Placemark>
      <Snippet maxLines="0"> </Snippet>
      <description>237
UTC 19-04-2026 05:39:34.00
GpsMilliseconds 1460612392000
22.3215685,87.3167830, EA(5m)
AltWgs84 -19.9 m, EA(1m)
Hdg 308 deg, Spd 4.4 m/s
EA(0.0 deg, 0.0 m/s)</description>
      <Style>
        <IconStyle>
          <Icon>
            <href>http://maps.google.com/mapfiles/kml/shapes/shaded_dot.png</href>
          </Icon>
          <scale>0.6</scale>
          <color>bf00ff00</color>
        </IconStyle>
      </Style>
      <Point>
        <altitudeMode>clampToGround</altitudeMode>
        <coordinates>87.3167830166667,22.3215684833333,0</coordinates>
      </Point>
    </Placemark>
    <Placemark>
      <Snippet maxLines="0"> </Snippet>
      <description>238
UTC 19-04-2026 05:39:35.00
GpsMilliseconds 1460612393000
22.3215927,87.3167513, EA(5m)
AltWgs84 -20.1 m, EA(1m)
Hdg 307 deg, Spd 4.3 m/s
EA(0.0 deg, 0.0 m/s)</description>
      <Style>
        <IconStyle>
          <Icon>
            <href>http://maps.google.com/mapfiles/kml/shapes/shaded_dot.png</href>
          </Icon>
          <scale>0.6</scale>
          <color>bf00ff00</color>
        </IconStyle>
      </Style>
      <Point>
        <altitudeMode>clampToGround</altitudeMode>
        <coordinates>87.3167513166667,22.3215927333333,0</coordinates>
      </Point>
    </Placemark>
    <Placemark>
      <Snippet maxLines="0"> </Snippet>
      <description>239
UTC 19-04-2026 05:39:36.00
GpsMilliseconds 1460612394000
22.3216167,87.3167196, EA(5m)
AltWgs84 -20.1 m, EA(1m)
Hdg 306 deg, Spd 4.4 m/s
EA(0.0 deg, 0.0 m/s)</description>
      <Style>
        <IconStyle>
          <Icon>
            <href>http://maps.google.com/mapfiles/kml/shapes/shaded_dot.png</href>
          </Icon>
          <scale>0.6</scale>
          <color>bf00ff00</color>
        </IconStyle>
      </Style>
      <Point>
        <altitudeMode>clampToGround</altitudeMode>
        <coordinates>87.3167196333333,22.3216167166667,0</coordinates>
      </Point>
    </Placemark>
    <Placemark>
      <Snippet maxLines="0"> </Snippet>
      <description>240
UTC 19-04-2026 05:39:37.00
GpsMilliseconds 1460612395000
22.3216406,87.3166874, EA(5m)
AltWgs84 -20.0 m, EA(1m)
Hdg 306 deg, Spd 4.4 m/s
EA(0.0 deg, 0.0 m/s)</description>
      <Style>
        <IconStyle>
          <Icon>
            <href>http://maps.google.com/mapfiles/kml/shapes/shaded_dot.png</href>
          </Icon>
          <scale>0.6</scale>
          <color>bf00ff00</color>
        </IconStyle>
      </Style>
      <Point>
        <altitudeMode>clampToGround</altitudeMode>
        <coordinates>87.3166873833333,22.32164055,0</coordinates>
      </Point>
    </Placemark>
    <Placemark>
      <Snippet maxLines="0"> </Snippet>
      <description>241
UTC 19-04-2026 05:39:38.00
GpsMilliseconds 1460612396000
22.3216649,87.3166555, EA(5m)
AltWgs84 -20.1 m, EA(1m)
Hdg 307 deg, Spd 4.4 m/s
EA(0.0 deg, 0.0 m/s)</description>
      <Style>
        <IconStyle>
          <Icon>
            <href>http://maps.google.com/mapfiles/kml/shapes/shaded_dot.png</href>
          </Icon>
          <scale>0.6</scale>
          <color>bf00ff00</color>
        </IconStyle>
      </Style>
      <Point>
        <altitudeMode>clampToGround</altitudeMode>
        <coordinates>87.3166554666667,22.3216649166667,0</coordinates>
      </Point>
    </Placemark>
    <Placemark>
      <Snippet maxLines="0"> </Snippet>
      <description>242
UTC 19-04-2026 05:39:39.00
GpsMilliseconds 1460612397000
22.3216862,87.3166243, EA(5m)
AltWgs84 -20.7 m, EA(1m)
Hdg 306 deg, Spd 4.3 m/s
EA(0.0 deg, 0.0 m/s)</description>
      <Style>
        <IconStyle>
          <Icon>
            <href>http://maps.google.com/mapfiles/kml/shapes/shaded_dot.png</href>
          </Icon>
          <scale>0.6</scale>
          <color>bf00ff00</color>
        </IconStyle>
      </Style>
      <Point>
        <altitudeMode>clampToGround</altitudeMode>
        <coordinates>87.3166242666667,22.3216862166667,0</coordinates>
      </Point>
    </Placemark>
    <Placemark>
      <Snippet maxLines="0"> </Snippet>
      <description>243
UTC 19-04-2026 05:39:40.00
GpsMilliseconds 1460612398000
22.3217079,87.3165928, EA(5m)
AltWgs84 -21.1 m, EA(1m)
Hdg 307 deg, Spd 4.3 m/s
EA(0.0 deg, 0.0 m/s)</description>
      <Style>
        <IconStyle>
          <Icon>
            <href>http://maps.google.com/mapfiles/kml/shapes/shaded_dot.png</href>
          </Icon>
          <scale>0.6</scale>
          <color>bf00ff00</color>
        </IconStyle>
      </Style>
      <Point>
        <altitudeMode>clampToGround</altitudeMode>
        <coordinates>87.3165928333333,22.3217078666667,0</coordinates>
      </Point>
    </Placemark>
    <Placemark>
      <Snippet maxLines="0"> </Snippet>
      <description>244
UTC 19-04-2026 05:39:41.00
GpsMilliseconds 1460612399000
22.3217267,87.3165612, EA(5m)
AltWgs84 -21.1 m, EA(1m)
Hdg 306 deg, Spd 4.2 m/s
EA(0.0 deg, 0.0 m/s)</description>
      <Style>
        <IconStyle>
          <Icon>
            <href>http://maps.google.com/mapfiles/kml/shapes/shaded_dot.png</href>
          </Icon>
          <scale>0.6</scale>
          <color>bf00ff00</color>
        </IconStyle>
      </Style>
      <Point>
        <altitudeMode>clampToGround</altitudeMode>
        <coordinates>87.3165612166667,22.3217266833333,0</coordinates>
      </Point>
    </Placemark>
    <Placemark>
      <Snippet maxLines="0"> </Snippet>
      <description>245
UTC 19-04-2026 05:39:42.00
GpsMilliseconds 1460612400000
22.3217480,87.3165288, EA(5m)
AltWgs84 -21.0 m, EA(1m)
Hdg 308 deg, Spd 4.3 m/s
EA(0.0 deg, 0.0 m/s)</description>
      <Style>
        <IconStyle>
          <Icon>
            <href>http://maps.google.com/mapfiles/kml/shapes/shaded_dot.png</href>
          </Icon>
          <scale>0.6</scale>
          <color>bf00ff00</color>
        </IconStyle>
      </Style>
      <Point>
        <altitudeMode>clampToGround</altitudeMode>
        <coordinates>87.3165288333333,22.3217479666667,0</coordinates>
      </Point>
    </Placemark>
    <Placemark>
      <Snippet maxLines="0"> </Snippet>
      <description>246
UTC 19-04-2026 05:39:43.00
GpsMilliseconds 1460612401000
22.3217702,87.3164984, EA(5m)
AltWgs84 -21.0 m, EA(1m)
Hdg 307 deg, Spd 4.1 m/s
EA(0.0 deg, 0.0 m/s)</description>
      <Style>
        <IconStyle>
          <Icon>
            <href>http://maps.google.com/mapfiles/kml/shapes/shaded_dot.png</href>
          </Icon>
          <scale>0.6</scale>
          <color>bf00ff00</color>
        </IconStyle>
      </Style>
      <Point>
        <altitudeMode>clampToGround</altitudeMode>
        <coordinates>87.31649845,22.3217702166667,0</coordinates>
      </Point>
    </Placemark>
    <Placemark>
      <Snippet maxLines="0"> </Snippet>
      <description>247
UTC 19-04-2026 05:39:44.00
GpsMilliseconds 1460612402000
22.3217932,87.3164652, EA(5m)
AltWgs84 -21.8 m, EA(1m)
Hdg 308 deg, Spd 4.2 m/s
EA(0.0 deg, 0.0 m/s)</description>
      <Style>
        <IconStyle>
          <Icon>
            <href>http://maps.google.com/mapfiles/kml/shapes/shaded_dot.png</href>
          </Icon>
          <scale>0.6</scale>
          <color>bf00ff00</color>
        </IconStyle>
      </Style>
      <Point>
        <altitudeMode>clampToGround</altitudeMode>
        <coordinates>87.3164652333333,22.3217932333333,0</coordinates>
      </Point>
    </Placemark>
    <Placemark>
      <Snippet maxLines="0"> </Snippet>
      <description>248
UTC 19-04-2026 05:39:45.00
GpsMilliseconds 1460612403000
22.3218181,87.3164312, EA(5m)
AltWgs84 -21.5 m, EA(1m)
Hdg 309 deg, Spd 4.2 m/s
EA(0.0 deg, 0.0 m/s)</description>
      <Style>
        <IconStyle>
          <Icon>
            <href>http://maps.google.com/mapfiles/kml/shapes/shaded_dot.png</href>
          </Icon>
          <scale>0.6</scale>
          <color>bf00ff00</color>
        </IconStyle>
      </Style>
      <Point>
        <altitudeMode>clampToGround</altitudeMode>
        <coordinates>87.3164311666667,22.3218181166667,0</coordinates>
      </Point>
    </Placemark>
    <Placemark>
      <Snippet maxLines="0"> </Snippet>
      <description>249
UTC 19-04-2026 05:39:46.00
GpsMilliseconds 1460612404000
22.3218425,87.3163966, EA(6m)
AltWgs84 -21.5 m, EA(1m)
Hdg 308 deg, Spd 4.3 m/s
EA(0.0 deg, 0.0 m/s)</description>
      <Style>
        <IconStyle>
          <Icon>
            <href>http://maps.google.com/mapfiles/kml/shapes/shaded_dot.png</href>
          </Icon>
          <scale>0.6</scale>
          <color>bf00ff00</color>
        </IconStyle>
      </Style>
      <Point>
        <altitudeMode>clampToGround</altitudeMode>
        <coordinates>87.3163966166667,22.3218425333333,0</coordinates>
      </Point>
    </Placemark>
    <Placemark>
      <Snippet maxLines="0"> </Snippet>
      <description>250
UTC 19-04-2026 05:39:47.00
GpsMilliseconds 1460612405000
22.3218668,87.3163612, EA(5m)
AltWgs84 -21.4 m, EA(1m)
Hdg 306 deg, Spd 4.3 m/s
EA(0.0 deg, 0.0 m/s)</description>
      <Style>
        <IconStyle>
          <Icon>
            <href>http://maps.google.com/mapfiles/kml/shapes/shaded_dot.png</href>
          </Icon>
          <scale>0.6</scale>
          <color>bf00ff00</color>
        </IconStyle>
      </Style>
      <Point>
        <altitudeMode>clampToGround</altitudeMode>
        <coordinates>87.3163612166667,22.3218668333333,0</coordinates>
      </Point>
    </Placemark>
    <Placemark>
      <Snippet maxLines="0"> </Snippet>
      <description>251
UTC 19-04-2026 05:39:48.00
GpsMilliseconds 1460612406000
22.3218902,87.3163265, EA(5m)
AltWgs84 -21.5 m, EA(1m)
Hdg 306 deg, Spd 4.3 m/s
EA(0.0 deg, 0.0 m/s)</description>
      <Style>
        <IconStyle>
          <Icon>
            <href>http://maps.google.com/mapfiles/kml/shapes/shaded_dot.png</href>
          </Icon>
          <scale>0.6</scale>
          <color>bf00ff00</color>
        </IconStyle>
      </Style>
      <Point>
        <altitudeMode>clampToGround</altitudeMode>
        <coordinates>87.3163264833333,22.3218902333333,0</coordinates>
      </Point>
    </Placemark>
    <Placemark>
      <Snippet maxLines="0"> </Snippet>
      <description>252
UTC 19-04-2026 05:39:49.00
GpsMilliseconds 1460612407000
22.3219122,87.3162909, EA(5m)
AltWgs84 -21.3 m, EA(1m)
Hdg 302 deg, Spd 4.5 m/s
EA(0.0 deg, 0.0 m/s)</description>
      <Style>
        <IconStyle>
          <Icon>
            <href>http://maps.google.com/mapfiles/kml/shapes/shaded_dot.png</href>
          </Icon>
          <scale>0.6</scale>
          <color>bf00ff00</color>
        </IconStyle>
      </Style>
      <Point>
        <altitudeMode>clampToGround</altitudeMode>
        <coordinates>87.3162908666667,22.3219121666667,0</coordinates>
      </Point>
    </Placemark>
    <Placemark>
      <Snippet maxLines="0"> </Snippet>
      <description>253
UTC 19-04-2026 05:39:50.00
GpsMilliseconds 1460612408000
22.3219343,87.3162519, EA(5m)
AltWgs84 -20.7 m, EA(1m)
Hdg 300 deg, Spd 4.5 m/s
EA(0.0 deg, 0.0 m/s)</description>
      <Style>
        <IconStyle>
          <Icon>
            <href>http://maps.google.com/mapfiles/kml/shapes/shaded_dot.png</href>
          </Icon>
          <scale>0.6</scale>
          <color>bf00ff00</color>
        </IconStyle>
      </Style>
      <Point>
        <altitudeMode>clampToGround</altitudeMode>
        <coordinates>87.3162519333333,22.3219343166667,0</coordinates>
      </Point>
    </Placemark>
    <Placemark>
      <Snippet maxLines="0"> </Snippet>
      <description>254
UTC 19-04-2026 05:39:51.00
GpsMilliseconds 1460612409000
22.3219553,87.3162145, EA(5m)
AltWgs84 -20.7 m, EA(1m)
Hdg 300 deg, Spd 4.4 m/s
EA(0.0 deg, 0.0 m/s)</description>
      <Style>
        <IconStyle>
          <Icon>
            <href>http://maps.google.com/mapfiles/kml/shapes/shaded_dot.png</href>
          </Icon>
          <scale>0.6</scale>
          <color>bf00ff00</color>
        </IconStyle>
      </Style>
      <Point>
        <altitudeMode>clampToGround</altitudeMode>
        <coordinates>87.3162145166667,22.3219553166667,0</coordinates>
      </Point>
    </Placemark>
    <Placemark>
      <Snippet maxLines="0"> </Snippet>
      <description>255
UTC 19-04-2026 05:39:52.00
GpsMilliseconds 1460612410000
22.3219750,87.3161760, EA(6m)
AltWgs84 -20.7 m, EA(1m)
Hdg 298 deg, Spd 4.4 m/s
EA(0.0 deg, 0.0 m/s)</description>
      <Style>
        <IconStyle>
          <Icon>
            <href>http://maps.google.com/mapfiles/kml/shapes/shaded_dot.png</href>
          </Icon>
          <scale>0.6</scale>
          <color>bf00ff00</color>
        </IconStyle>
      </Style>
      <Point>
        <altitudeMode>clampToGround</altitudeMode>
        <coordinates>87.316176,22.3219749833333,0</coordinates>
      </Point>
    </Placemark>
    <Placemark>
      <Snippet maxLines="0"> </Snippet>
      <description>256
UTC 19-04-2026 05:39:53.00
GpsMilliseconds 1460612411000
22.3219920,87.3161360, EA(6m)
AltWgs84 -20.8 m, EA(1m)
Hdg 295 deg, Spd 4.4 m/s
EA(0.0 deg, 0.0 m/s)</description>
      <Style>
        <IconStyle>
          <Icon>
            <href>http://maps.google.com/mapfiles/kml/shapes/shaded_dot.png</href>
          </Icon>
          <scale>0.6</scale>
          <color>bf00ff00</color>
        </IconStyle>
      </Style>
      <Point>
        <altitudeMode>clampToGround</altitudeMode>
        <coordinates>87.3161360333333,22.321992,0</coordinates>
      </Point>
    </Placemark>
    <Placemark>
      <Snippet maxLines="0"> </Snippet>
      <description>257
UTC 19-04-2026 05:39:54.00
GpsMilliseconds 1460612412000
22.3220112,87.3160939, EA(6m)
AltWgs84 -20.6 m, EA(1m)
Hdg 296 deg, Spd 4.6 m/s
EA(0.0 deg, 0.0 m/s)</description>
      <Style>
        <IconStyle>
          <Icon>
            <href>http://maps.google.com/mapfiles/kml/shapes/shaded_dot.png</href>
          </Icon>
          <scale>0.6</scale>
          <color>bf00ff00</color>
        </IconStyle>
      </Style>
      <Point>
        <altitudeMode>clampToGround</altitudeMode>
        <coordinates>87.3160939166667,22.3220112166667,0</coordinates>
      </Point>
    </Placemark>
    <Placemark>
      <Snippet maxLines="0"> </Snippet>
      <description>258
UTC 19-04-2026 05:39:55.00
GpsMilliseconds 1460612413000
22.3220315,87.3160525, EA(6m)
AltWgs84 -20.3 m, EA(1m)
Hdg 297 deg, Spd 4.5 m/s
EA(0.0 deg, 0.0 m/s)</description>
      <Style>
        <IconStyle>
          <Icon>
            <href>http://maps.google.com/mapfiles/kml/shapes/shaded_dot.png</href>
          </Icon>
          <scale>0.6</scale>
          <color>bf00ff00</color>
        </IconStyle>
      </Style>
      <Point>
        <altitudeMode>clampToGround</altitudeMode>
        <coordinates>87.3160524666667,22.3220314666667,0</coordinates>
      </Point>
    </Placemark>
    <Placemark>
      <Snippet maxLines="0"> </Snippet>
      <description>259
UTC 19-04-2026 05:39:56.00
GpsMilliseconds 1460612414000
22.3220501,87.3160119, EA(6m)
AltWgs84 -20.2 m, EA(1m)
Hdg 295 deg, Spd 4.4 m/s
EA(0.0 deg, 0.0 m/s)</description>
      <Style>
        <IconStyle>
          <Icon>
            <href>http://maps.google.com/mapfiles/kml/shapes/shaded_dot.png</href>
          </Icon>
          <scale>0.6</scale>
          <color>bf00ff00</color>
        </IconStyle>
      </Style>
      <Point>
        <altitudeMode>clampToGround</altitudeMode>
        <coordinates>87.3160118833333,22.3220500666667,0</coordinates>
      </Point>
    </Placemark>
    <Placemark>
      <Snippet maxLines="0"> </Snippet>
      <description>260
UTC 19-04-2026 05:39:57.00
GpsMilliseconds 1460612415000
22.3220670,87.3159706, EA(6m)
AltWgs84 -20.2 m, EA(1m)
Hdg 294 deg, Spd 4.5 m/s
EA(0.0 deg, 0.0 m/s)</description>
      <Style>
        <IconStyle>
          <Icon>
            <href>http://maps.google.com/mapfiles/kml/shapes/shaded_dot.png</href>
          </Icon>
          <scale>0.6</scale>
          <color>bf00ff00</color>
        </IconStyle>
      </Style>
      <Point>
        <altitudeMode>clampToGround</altitudeMode>
        <coordinates>87.3159705833333,22.3220669666667,0</coordinates>
      </Point>
    </Placemark>
    <Placemark>
      <Snippet maxLines="0"> </Snippet>
      <description>261
UTC 19-04-2026 05:39:58.00
GpsMilliseconds 1460612416000
22.3220837,87.3159296, EA(6m)
AltWgs84 -20.1 m, EA(1m)
Hdg 294 deg, Spd 4.6 m/s
EA(0.0 deg, 0.0 m/s)</description>
      <Style>
        <IconStyle>
          <Icon>
            <href>http://maps.google.com/mapfiles/kml/shapes/shaded_dot.png</href>
          </Icon>
          <scale>0.6</scale>
          <color>bf00ff00</color>
        </IconStyle>
      </Style>
      <Point>
        <altitudeMode>clampToGround</altitudeMode>
        <coordinates>87.3159295833333,22.3220836833333,0</coordinates>
      </Point>
    </Placemark>
    <Placemark>
      <Snippet maxLines="0"> </Snippet>
      <description>262
UTC 19-04-2026 05:39:59.00
GpsMilliseconds 1460612417000
22.3220999,87.3158895, EA(6m)
AltWgs84 -19.9 m, EA(1m)
Hdg 293 deg, Spd 4.5 m/s
EA(0.0 deg, 0.0 m/s)</description>
      <Style>
        <IconStyle>
          <Icon>
            <href>http://maps.google.com/mapfiles/kml/shapes/shaded_dot.png</href>
          </Icon>
          <scale>0.6</scale>
          <color>bf00ff00</color>
        </IconStyle>
      </Style>
      <Point>
        <altitudeMode>clampToGround</altitudeMode>
        <coordinates>87.3158894666667,22.3220999166667,0</coordinates>
      </Point>
    </Placemark>
    <Placemark>
      <Snippet maxLines="0"> </Snippet>
      <description>263
UTC 19-04-2026 05:40:00.00
GpsMilliseconds 1460612418000
22.3221156,87.3158492, EA(6m)
AltWgs84 -20.2 m, EA(1m)
Hdg 293 deg, Spd 4.4 m/s
EA(0.0 deg, 0.0 m/s)</description>
      <Style>
        <IconStyle>
          <Icon>
            <href>http://maps.google.com/mapfiles/kml/shapes/shaded_dot.png</href>
          </Icon>
          <scale>0.6</scale>
          <color>bf00ff00</color>
        </IconStyle>
      </Style>
      <Point>
        <altitudeMode>clampToGround</altitudeMode>
        <coordinates>87.31584925,22.3221156166667,0</coordinates>
      </Point>
    </Placemark>
    <Placemark>
      <Snippet maxLines="0"> </Snippet>
      <description>264
UTC 19-04-2026 05:40:01.00
GpsMilliseconds 1460612419000
22.3221334,87.3158086, EA(5m)
AltWgs84 -20.0 m, EA(1m)
Hdg 294 deg, Spd 4.5 m/s
EA(0.0 deg, 0.0 m/s)</description>
      <Style>
        <IconStyle>
          <Icon>
            <href>http://maps.google.com/mapfiles/kml/shapes/shaded_dot.png</href>
          </Icon>
          <scale>0.6</scale>
          <color>bf00ff00</color>
        </IconStyle>
      </Style>
      <Point>
        <altitudeMode>clampToGround</altitudeMode>
        <coordinates>87.31580865,22.3221333833333,0</coordinates>
      </Point>
    </Placemark>
    <Placemark>
      <Snippet maxLines="0"> </Snippet>
      <description>265
UTC 19-04-2026 05:40:02.00
GpsMilliseconds 1460612420000
22.3221495,87.3157684, EA(5m)
AltWgs84 -20.0 m, EA(1m)
Hdg 292 deg, Spd 4.5 m/s
EA(0.0 deg, 0.0 m/s)</description>
      <Style>
        <IconStyle>
          <Icon>
            <href>http://maps.google.com/mapfiles/kml/shapes/shaded_dot.png</href>
          </Icon>
          <scale>0.6</scale>
          <color>bf00ff00</color>
        </IconStyle>
      </Style>
      <Point>
        <altitudeMode>clampToGround</altitudeMode>
        <coordinates>87.3157683666667,22.3221494833333,0</coordinates>
      </Point>
    </Placemark>
    <Placemark>
      <Snippet maxLines="0"> </Snippet>
      <description>266
UTC 19-04-2026 05:40:03.00
GpsMilliseconds 1460612421000
22.3221642,87.3157295, EA(5m)
AltWgs84 -19.8 m, EA(1m)
Hdg 292 deg, Spd 4.4 m/s
EA(0.0 deg, 0.0 m/s)</description>
      <Style>
        <IconStyle>
          <Icon>
            <href>http://maps.google.com/mapfiles/kml/shapes/shaded_dot.png</href>
          </Icon>
          <scale>0.6</scale>
          <color>bf00ff00</color>
        </IconStyle>
      </Style>
      <Point>
        <altitudeMode>clampToGround</altitudeMode>
        <coordinates>87.3157294666667,22.3221642333333,0</coordinates>
      </Point>
    </Placemark>
    <Placemark>
      <Snippet maxLines="0"> </Snippet>
      <description>267
UTC 19-04-2026 05:40:04.00
GpsMilliseconds 1460612422000
22.3221791,87.3156888, EA(5m)
AltWgs84 -20.0 m, EA(1m)
Hdg 292 deg, Spd 4.4 m/s
EA(0.0 deg, 0.0 m/s)</description>
      <Style>
        <IconStyle>
          <Icon>
            <href>http://maps.google.com/mapfiles/kml/shapes/shaded_dot.png</href>
          </Icon>
          <scale>0.6</scale>
          <color>bf00ff00</color>
        </IconStyle>
      </Style>
      <Point>
        <altitudeMode>clampToGround</altitudeMode>
        <coordinates>87.3156887666667,22.3221791,0</coordinates>
      </Point>
    </Placemark>
    <Placemark>
      <Snippet maxLines="0"> </Snippet>
      <description>268
UTC 19-04-2026 05:40:05.00
GpsMilliseconds 1460612423000
22.3221929,87.3156509, EA(5m)
AltWgs84 -20.0 m, EA(1m)
Hdg 291 deg, Spd 4.2 m/s
EA(0.0 deg, 0.0 m/s)</description>
      <Style>
        <IconStyle>
          <Icon>
            <href>http://maps.google.com/mapfiles/kml/shapes/shaded_dot.png</href>
          </Icon>
          <scale>0.6</scale>
          <color>bf00ff00</color>
        </IconStyle>
      </Style>
      <Point>
        <altitudeMode>clampToGround</altitudeMode>
        <coordinates>87.3156508833333,22.3221929166667,0</coordinates>
      </Point>
    </Placemark>
    <Placemark>
      <Snippet maxLines="0"> </Snippet>
      <description>269
UTC 19-04-2026 05:40:06.00
GpsMilliseconds 1460612424000
22.3222066,87.3156123, EA(5m)
AltWgs84 -20.2 m, EA(1m)
Hdg 291 deg, Spd 4.4 m/s
EA(0.0 deg, 0.0 m/s)</description>
      <Style>
        <IconStyle>
          <Icon>
            <href>http://maps.google.com/mapfiles/kml/shapes/shaded_dot.png</href>
          </Icon>
          <scale>0.6</scale>
          <color>bf00ff00</color>
        </IconStyle>
      </Style>
      <Point>
        <altitudeMode>clampToGround</altitudeMode>
        <coordinates>87.3156123166667,22.3222065833333,0</coordinates>
      </Point>
    </Placemark>
    <Placemark>
      <Snippet maxLines="0"> </Snippet>
      <description>270
UTC 19-04-2026 05:40:07.00
GpsMilliseconds 1460612425000
22.3222191,87.3155743, EA(6m)
AltWgs84 -20.8 m, EA(1m)
Hdg 289 deg, Spd 4.2 m/s
EA(0.0 deg, 0.0 m/s)</description>
      <Style>
        <IconStyle>
          <Icon>
            <href>http://maps.google.com/mapfiles/kml/shapes/shaded_dot.png</href>
          </Icon>
          <scale>0.6</scale>
          <color>bf00ff00</color>
        </IconStyle>
      </Style>
      <Point>
        <altitudeMode>clampToGround</altitudeMode>
        <coordinates>87.3155742833333,22.32221905,0</coordinates>
      </Point>
    </Placemark>
    <Placemark>
      <Snippet maxLines="0"> </Snippet>
      <description>271
UTC 19-04-2026 05:40:08.00
GpsMilliseconds 1460612426000
22.3222307,87.3155361, EA(6m)
AltWgs84 -20.9 m, EA(1m)
Hdg 290 deg, Spd 4.2 m/s
EA(0.0 deg, 0.0 m/s)</description>
      <Style>
        <IconStyle>
          <Icon>
            <href>http://maps.google.com/mapfiles/kml/shapes/shaded_dot.png</href>
          </Icon>
          <scale>0.6</scale>
          <color>bf00ff00</color>
        </IconStyle>
      </Style>
      <Point>
        <altitudeMode>clampToGround</altitudeMode>
        <coordinates>87.3155361333333,22.32223065,0</coordinates>
      </Point>
    </Placemark>
    <Placemark>
      <Snippet maxLines="0"> </Snippet>
      <description>272
UTC 19-04-2026 05:40:09.00
GpsMilliseconds 1460612427000
22.3222449,87.3154977, EA(6m)
AltWgs84 -20.5 m, EA(1m)
Hdg 292 deg, Spd 4.4 m/s
EA(0.0 deg, 0.0 m/s)</description>
      <Style>
        <IconStyle>
          <Icon>
            <href>http://maps.google.com/mapfiles/kml/shapes/shaded_dot.png</href>
          </Icon>
          <scale>0.6</scale>
          <color>bf00ff00</color>
        </IconStyle>
      </Style>
      <Point>
        <altitudeMode>clampToGround</altitudeMode>
        <coordinates>87.3154976833333,22.3222449166667,0</coordinates>
      </Point>
    </Placemark>
    <Placemark>
      <Snippet maxLines="0"> </Snippet>
      <description>273
UTC 19-04-2026 05:40:10.00
GpsMilliseconds 1460612428000
22.3222600,87.3154600, EA(5m)
AltWgs84 -20.8 m, EA(1m)
Hdg 292 deg, Spd 4.2 m/s
EA(0.0 deg, 0.0 m/s)</description>
      <Style>
        <IconStyle>
          <Icon>
            <href>http://maps.google.com/mapfiles/kml/shapes/shaded_dot.png</href>
          </Icon>
          <scale>0.6</scale>
          <color>bf00ff00</color>
        </IconStyle>
      </Style>
      <Point>
        <altitudeMode>clampToGround</altitudeMode>
        <coordinates>87.3154600166667,22.3222600333333,0</coordinates>
      </Point>
    </Placemark>
    <Placemark>
      <Snippet maxLines="0"> </Snippet>
      <description>274
UTC 19-04-2026 05:40:11.00
GpsMilliseconds 1460612429000
22.3222750,87.3154211, EA(5m)
AltWgs84 -20.7 m, EA(1m)
Hdg 292 deg, Spd 4.3 m/s
EA(0.0 deg, 0.0 m/s)</description>
      <Style>
        <IconStyle>
          <Icon>
            <href>http://maps.google.com/mapfiles/kml/shapes/shaded_dot.png</href>
          </Icon>
          <scale>0.6</scale>
          <color>bf00ff00</color>
        </IconStyle>
      </Style>
      <Point>
        <altitudeMode>clampToGround</altitudeMode>
        <coordinates>87.3154210666667,22.3222749833333,0</coordinates>
      </Point>
    </Placemark>
    <Placemark>
      <Snippet maxLines="0"> </Snippet>
      <description>275
UTC 19-04-2026 05:40:12.00
GpsMilliseconds 1460612430000
22.3222891,87.3153820, EA(6m)
AltWgs84 -20.4 m, EA(1m)
Hdg 291 deg, Spd 4.3 m/s
EA(0.0 deg, 0.0 m/s)</description>
      <Style>
        <IconStyle>
          <Icon>
            <href>http://maps.google.com/mapfiles/kml/shapes/shaded_dot.png</href>
          </Icon>
          <scale>0.6</scale>
          <color>bf00ff00</color>
        </IconStyle>
      </Style>
      <Point>
        <altitudeMode>clampToGround</altitudeMode>
        <coordinates>87.3153820166667,22.32228915,0</coordinates>
      </Point>
    </Placemark>
    <Placemark>
      <Snippet maxLines="0"> </Snippet>
      <description>276
UTC 19-04-2026 05:40:13.00
GpsMilliseconds 1460612431000
22.3223020,87.3153412, EA(6m)
AltWgs84 -20.7 m, EA(1m)
Hdg 289 deg, Spd 4.4 m/s
EA(0.0 deg, 0.0 m/s)</description>
      <Style>
        <IconStyle>
          <Icon>
            <href>http://maps.google.com/mapfiles/kml/shapes/shaded_dot.png</href>
          </Icon>
          <scale>0.6</scale>
          <color>bf00ff00</color>
        </IconStyle>
      </Style>
      <Point>
        <altitudeMode>clampToGround</altitudeMode>
        <coordinates>87.3153412333333,22.3223020166667,0</coordinates>
      </Point>
    </Placemark>
    <Placemark>
      <Snippet maxLines="0"> </Snippet>
      <description>277
UTC 19-04-2026 05:40:14.00
GpsMilliseconds 1460612432000
22.3223151,87.3153010, EA(6m)
AltWgs84 -20.5 m, EA(1m)
Hdg 290 deg, Spd 4.4 m/s
EA(0.0 deg, 0.0 m/s)</description>
      <Style>
        <IconStyle>
          <Icon>
            <href>http://maps.google.com/mapfiles/kml/shapes/shaded_dot.png</href>
          </Icon>
          <scale>0.6</scale>
          <color>bf00ff00</color>
        </IconStyle>
      </Style>
      <Point>
        <altitudeMode>clampToGround</altitudeMode>
        <coordinates>87.3153009833333,22.3223151166667,0</coordinates>
      </Point>
    </Placemark>
    <Placemark>
      <Snippet maxLines="0"> </Snippet>
      <description>278
UTC 19-04-2026 05:40:15.00
GpsMilliseconds 1460612433000
22.3223288,87.3152612, EA(6m)
AltWgs84 -20.8 m, EA(1m)
Hdg 290 deg, Spd 4.2 m/s
EA(0.0 deg, 0.0 m/s)</description>
      <Style>
        <IconStyle>
          <Icon>
            <href>http://maps.google.com/mapfiles/kml/shapes/shaded_dot.png</href>
          </Icon>
          <scale>0.6</scale>
          <color>bf00ff00</color>
        </IconStyle>
      </Style>
      <Point>
        <altitudeMode>clampToGround</altitudeMode>
        <coordinates>87.3152612166667,22.3223287666667,0</coordinates>
      </Point>
    </Placemark>
    <Placemark>
      <Snippet maxLines="0"> </Snippet>
      <description>279
UTC 19-04-2026 05:40:16.00
GpsMilliseconds 1460612434000
22.3223426,87.3152199, EA(6m)
AltWgs84 -20.8 m, EA(1m)
Hdg 289 deg, Spd 4.3 m/s
EA(0.0 deg, 0.0 m/s)</description>
      <Style>
        <IconStyle>
          <Icon>
            <href>http://maps.google.com/mapfiles/kml/shapes/shaded_dot.png</href>
          </Icon>
          <scale>0.6</scale>
          <color>bf00ff00</color>
        </IconStyle>
      </Style>
      <Point>
        <altitudeMode>clampToGround</altitudeMode>
        <coordinates>87.31521995,22.32234265,0</coordinates>
      </Point>
    </Placemark>
    <Placemark>
      <Snippet maxLines="0"> </Snippet>
      <description>280
UTC 19-04-2026 05:40:17.00
GpsMilliseconds 1460612435000
22.3223602,87.3151782, EA(6m)
AltWgs84 -19.6 m, EA(1m)
Hdg 289 deg, Spd 4.2 m/s
EA(0.0 deg, 0.0 m/s)</description>
      <Style>
        <IconStyle>
          <Icon>
            <href>http://maps.google.com/mapfiles/kml/shapes/shaded_dot.png</href>
          </Icon>
          <scale>0.6</scale>
          <color>bf00ff00</color>
        </IconStyle>
      </Style>
      <Point>
        <altitudeMode>clampToGround</altitudeMode>
        <coordinates>87.3151782333333,22.32236025,0</coordinates>
      </Point>
    </Placemark>
    <Placemark>
      <Snippet maxLines="0"> </Snippet>
      <description>281
UTC 19-04-2026 05:40:18.00
GpsMilliseconds 1460612436000
22.3223755,87.3151380, EA(6m)
AltWgs84 -19.6 m, EA(1m)
Hdg 289 deg, Spd 4.2 m/s
EA(0.0 deg, 0.0 m/s)</description>
      <Style>
        <IconStyle>
          <Icon>
            <href>http://maps.google.com/mapfiles/kml/shapes/shaded_dot.png</href>
          </Icon>
          <scale>0.6</scale>
          <color>bf00ff00</color>
        </IconStyle>
      </Style>
      <Point>
        <altitudeMode>clampToGround</altitudeMode>
        <coordinates>87.3151380333333,22.3223755166667,0</coordinates>
      </Point>
    </Placemark>
    <Placemark>
      <Snippet maxLines="0"> </Snippet>
      <description>282
UTC 19-04-2026 05:40:19.00
GpsMilliseconds 1460612437000
22.3223894,87.3150986, EA(7m)
AltWgs84 -19.3 m, EA(1m)
Hdg 289 deg, Spd 4.1 m/s
EA(0.0 deg, 0.0 m/s)</description>
      <Style>
        <IconStyle>
          <Icon>
            <href>http://maps.google.com/mapfiles/kml/shapes/shaded_dot.png</href>
          </Icon>
          <scale>0.6</scale>
          <color>bf00ff00</color>
        </IconStyle>
      </Style>
      <Point>
        <altitudeMode>clampToGround</altitudeMode>
        <coordinates>87.3150986,22.3223893833333,0</coordinates>
      </Point>
    </Placemark>
    <Placemark>
      <Snippet maxLines="0"> </Snippet>
      <description>283
UTC 19-04-2026 05:40:20.00
GpsMilliseconds 1460612438000
22.3224024,87.3150610, EA(7m)
AltWgs84 -19.6 m, EA(1m)
Hdg 289 deg, Spd 4.0 m/s
EA(0.0 deg, 0.0 m/s)</description>
      <Style>
        <IconStyle>
          <Icon>
            <href>http://maps.google.com/mapfiles/kml/shapes/shaded_dot.png</href>
          </Icon>
          <scale>0.6</scale>
          <color>bf00ff00</color>
        </IconStyle>
      </Style>
      <Point>
        <altitudeMode>clampToGround</altitudeMode>
        <coordinates>87.3150610166667,22.3224023833333,0</coordinates>
      </Point>
    </Placemark>
    <Placemark>
      <Snippet maxLines="0"> </Snippet>
      <description>284
UTC 19-04-2026 05:40:21.00
GpsMilliseconds 1460612439000
22.3224133,87.3150232, EA(6m)
AltWgs84 -19.4 m, EA(1m)
Hdg 287 deg, Spd 4.0 m/s
EA(0.0 deg, 0.0 m/s)</description>
      <Style>
        <IconStyle>
          <Icon>
            <href>http://maps.google.com/mapfiles/kml/shapes/shaded_dot.png</href>
          </Icon>
          <scale>0.6</scale>
          <color>bf00ff00</color>
        </IconStyle>
      </Style>
      <Point>
        <altitudeMode>clampToGround</altitudeMode>
        <coordinates>87.3150232333333,22.3224132833333,0</coordinates>
      </Point>
    </Placemark>
    <Placemark>
      <Snippet maxLines="0"> </Snippet>
      <description>285
UTC 19-04-2026 05:40:22.00
GpsMilliseconds 1460612440000
22.3224223,87.3149828, EA(6m)
AltWgs84 -19.6 m, EA(1m)
Hdg 284 deg, Spd 4.1 m/s
EA(0.0 deg, 0.0 m/s)</description>
      <Style>
        <IconStyle>
          <Icon>
            <href>http://maps.google.com/mapfiles/kml/shapes/shaded_dot.png</href>
          </Icon>
          <scale>0.6</scale>
          <color>bf00ff00</color>
        </IconStyle>
      </Style>
      <Point>
        <altitudeMode>clampToGround</altitudeMode>
        <coordinates>87.3149828166667,22.3224222666667,0</coordinates>
      </Point>
    </Placemark>
    <Placemark>
      <Snippet maxLines="0"> </Snippet>
      <description>286
UTC 19-04-2026 05:40:23.00
GpsMilliseconds 1460612441000
22.3224294,87.3149438, EA(6m)
AltWgs84 -20.1 m, EA(1m)
Hdg 282 deg, Spd 4.0 m/s
EA(0.0 deg, 0.0 m/s)</description>
      <Style>
        <IconStyle>
          <Icon>
            <href>http://maps.google.com/mapfiles/kml/shapes/shaded_dot.png</href>
          </Icon>
          <scale>0.6</scale>
          <color>bf00ff00</color>
        </IconStyle>
      </Style>
      <Point>
        <altitudeMode>clampToGround</altitudeMode>
        <coordinates>87.3149437833333,22.3224293833333,0</coordinates>
      </Point>
    </Placemark>
    <Placemark>
      <Snippet maxLines="0"> </Snippet>
      <description>287
UTC 19-04-2026 05:40:24.00
GpsMilliseconds 1460612442000
22.3224356,87.3149067, EA(6m)
AltWgs84 -19.6 m, EA(1m)
Hdg 282 deg, Spd 3.9 m/s
EA(0.0 deg, 0.0 m/s)</description>
      <Style>
        <IconStyle>
          <Icon>
            <href>http://maps.google.com/mapfiles/kml/shapes/shaded_dot.png</href>
          </Icon>
          <scale>0.6</scale>
          <color>bf00ff00</color>
        </IconStyle>
      </Style>
      <Point>
        <altitudeMode>clampToGround</altitudeMode>
        <coordinates>87.3149066833333,22.3224355833333,0</coordinates>
      </Point>
    </Placemark>
    <Placemark>
      <Snippet maxLines="0"> </Snippet>
      <description>288
UTC 19-04-2026 05:40:25.00
GpsMilliseconds 1460612443000
22.3224422,87.3148690, EA(6m)
AltWgs84 -19.9 m, EA(1m)
Hdg 282 deg, Spd 4.0 m/s
EA(0.0 deg, 0.0 m/s)</description>
      <Style>
        <IconStyle>
          <Icon>
            <href>http://maps.google.com/mapfiles/kml/shapes/shaded_dot.png</href>
          </Icon>
          <scale>0.6</scale>
          <color>bf00ff00</color>
        </IconStyle>
      </Style>
      <Point>
        <altitudeMode>clampToGround</altitudeMode>
        <coordinates>87.314869,22.3224422166667,0</coordinates>
      </Point>
    </Placemark>
    <Placemark>
      <Snippet maxLines="0"> </Snippet>
      <description>289
UTC 19-04-2026 05:40:26.00
GpsMilliseconds 1460612444000
22.3224491,87.3148308, EA(6m)
AltWgs84 -21.2 m, EA(1m)
Hdg 283 deg, Spd 3.9 m/s
EA(0.0 deg, 0.0 m/s)</description>
      <Style>
        <IconStyle>
          <Icon>
            <href>http://maps.google.com/mapfiles/kml/shapes/shaded_dot.png</href>
          </Icon>
          <scale>0.6</scale>
          <color>bf00ff00</color>
        </IconStyle>
      </Style>
      <Point>
        <altitudeMode>clampToGround</altitudeMode>
        <coordinates>87.3148307666667,22.3224491333333,0</coordinates>
      </Point>
    </Placemark>
    <Placemark>
      <Snippet maxLines="0"> </Snippet>
      <description>290
UTC 19-04-2026 05:40:27.00
GpsMilliseconds 1460612445000
22.3224540,87.3147944, EA(6m)
AltWgs84 -21.3 m, EA(1m)
Hdg 281 deg, Spd 3.5 m/s
EA(0.0 deg, 0.0 m/s)</description>
      <Style>
        <IconStyle>
          <Icon>
            <href>http://maps.google.com/mapfiles/kml/shapes/shaded_dot.png</href>
          </Icon>
          <scale>0.6</scale>
          <color>bf00ff00</color>
        </IconStyle>
      </Style>
      <Point>
        <altitudeMode>clampToGround</altitudeMode>
        <coordinates>87.3147944333333,22.3224539833333,0</coordinates>
      </Point>
    </Placemark>
    <Placemark>
      <Snippet maxLines="0"> </Snippet>
      <description>291
UTC 19-04-2026 05:40:28.00
GpsMilliseconds 1460612446000
22.3224593,87.3147580, EA(6m)
AltWgs84 -21.1 m, EA(1m)
Hdg 280 deg, Spd 3.7 m/s
EA(0.0 deg, 0.0 m/s)</description>
      <Style>
        <IconStyle>
          <Icon>
            <href>http://maps.google.com/mapfiles/kml/shapes/shaded_dot.png</href>
          </Icon>
          <scale>0.6</scale>
          <color>bf00ff00</color>
        </IconStyle>
      </Style>
      <Point>
        <altitudeMode>clampToGround</altitudeMode>
        <coordinates>87.3147580333333,22.32245935,0</coordinates>
      </Point>
    </Placemark>
    <Placemark>
      <Snippet maxLines="0"> </Snippet>
      <description>292
UTC 19-04-2026 05:40:29.00
GpsMilliseconds 1460612447000
22.3224619,87.3147144, EA(6m)
AltWgs84 -23.3 m, EA(1m)
Hdg 280 deg, Spd 4.2 m/s
EA(0.0 deg, 0.0 m/s)</description>
      <Style>
        <IconStyle>
          <Icon>
            <href>http://maps.google.com/mapfiles/kml/shapes/shaded_dot.png</href>
          </Icon>
          <scale>0.6</scale>
          <color>bf00ff00</color>
        </IconStyle>
      </Style>
      <Point>
        <altitudeMode>clampToGround</altitudeMode>
        <coordinates>87.3147144,22.3224619166667,0</coordinates>
      </Point>
    </Placemark>
    <Placemark>
      <Snippet maxLines="0"> </Snippet>
      <description>293
UTC 19-04-2026 05:40:30.00
GpsMilliseconds 1460612448000
22.3224650,87.3146739, EA(6m)
AltWgs84 -23.7 m, EA(1m)
Hdg 280 deg, Spd 4.1 m/s
EA(0.0 deg, 0.0 m/s)</description>
      <Style>
        <IconStyle>
          <Icon>
            <href>http://maps.google.com/mapfiles/kml/shapes/shaded_dot.png</href>
          </Icon>
          <scale>0.6</scale>
          <color>bf00ff00</color>
        </IconStyle>
      </Style>
      <Point>
        <altitudeMode>clampToGround</altitudeMode>
        <coordinates>87.31467385,22.3224650166667,0</coordinates>
      </Point>
    </Placemark>
    <Placemark>
      <Snippet maxLines="0"> </Snippet>
      <description>294
UTC 19-04-2026 05:40:31.00
GpsMilliseconds 1460612449000
22.3224676,87.3146368, EA(6m)
AltWgs84 -23.6 m, EA(1m)
Hdg 278 deg, Spd 3.8 m/s
EA(0.0 deg, 0.0 m/s)</description>
      <Style>
        <IconStyle>
          <Icon>
            <href>http://maps.google.com/mapfiles/kml/shapes/shaded_dot.png</href>
          </Icon>
          <scale>0.6</scale>
          <color>bf00ff00</color>
        </IconStyle>
      </Style>
      <Point>
        <altitudeMode>clampToGround</altitudeMode>
        <coordinates>87.3146367833333,22.3224676166667,0</coordinates>
      </Point>
    </Placemark>
    <Placemark>
      <Snippet maxLines="0"> </Snippet>
      <description>295
UTC 19-04-2026 05:40:32.00
GpsMilliseconds 1460612450000
22.3224696,87.3146020, EA(6m)
AltWgs84 -23.9 m, EA(1m)
Hdg 277 deg, Spd 3.6 m/s
EA(0.0 deg, 0.0 m/s)</description>
      <Style>
        <IconStyle>
          <Icon>
            <href>http://maps.google.com/mapfiles/kml/shapes/shaded_dot.png</href>
          </Icon>
          <scale>0.6</scale>
          <color>bf00ff00</color>
        </IconStyle>
      </Style>
      <Point>
        <altitudeMode>clampToGround</altitudeMode>
        <coordinates>87.3146019833333,22.3224695833333,0</coordinates>
      </Point>
    </Placemark>
    <Placemark>
      <Snippet maxLines="0"> </Snippet>
      <description>296
UTC 19-04-2026 05:40:33.00
GpsMilliseconds 1460612451000
22.3224726,87.3145645, EA(5m)
AltWgs84 -24.0 m, EA(1m)
Hdg 276 deg, Spd 3.8 m/s
EA(0.0 deg, 0.0 m/s)</description>
      <Style>
        <IconStyle>
          <Icon>
            <href>http://maps.google.com/mapfiles/kml/shapes/shaded_dot.png</href>
          </Icon>
          <scale>0.6</scale>
          <color>bf00ff00</color>
        </IconStyle>
      </Style>
      <Point>
        <altitudeMode>clampToGround</altitudeMode>
        <coordinates>87.3145644833333,22.3224726166667,0</coordinates>
      </Point>
    </Placemark>
    <Placemark>
      <Snippet maxLines="0"> </Snippet>
      <description>297
UTC 19-04-2026 05:40:34.00
GpsMilliseconds 1460612452000
22.3224763,87.3145247, EA(5m)
AltWgs84 -24.1 m, EA(1m)
Hdg 276 deg, Spd 4.0 m/s
EA(0.0 deg, 0.0 m/s)</description>
      <Style>
        <IconStyle>
          <Icon>
            <href>http://maps.google.com/mapfiles/kml/shapes/shaded_dot.png</href>
          </Icon>
          <scale>0.6</scale>
          <color>bf00ff00</color>
        </IconStyle>
      </Style>
      <Point>
        <altitudeMode>clampToGround</altitudeMode>
        <coordinates>87.3145247333333,22.3224763333333,0</coordinates>
      </Point>
    </Placemark>
    <Placemark>
      <Snippet maxLines="0"> </Snippet>
      <description>298
UTC 19-04-2026 05:40:35.00
GpsMilliseconds 1460612453000
22.3224805,87.3144839, EA(6m)
AltWgs84 -24.7 m, EA(1m)
Hdg 276 deg, Spd 4.1 m/s
EA(0.0 deg, 0.0 m/s)</description>
      <Style>
        <IconStyle>
          <Icon>
            <href>http://maps.google.com/mapfiles/kml/shapes/shaded_dot.png</href>
          </Icon>
          <scale>0.6</scale>
          <color>bf00ff00</color>
        </IconStyle>
      </Style>
      <Point>
        <altitudeMode>clampToGround</altitudeMode>
        <coordinates>87.3144838666667,22.3224804833333,0</coordinates>
      </Point>
    </Placemark>
    <Placemark>
      <Snippet maxLines="0"> </Snippet>
      <description>299
UTC 19-04-2026 05:40:36.00
GpsMilliseconds 1460612454000
22.3224827,87.3144455, EA(6m)
AltWgs84 -24.5 m, EA(1m)
Hdg 275 deg, Spd 3.7 m/s
EA(0.0 deg, 0.0 m/s)</description>
      <Style>
        <IconStyle>
          <Icon>
            <href>http://maps.google.com/mapfiles/kml/shapes/shaded_dot.png</href>
          </Icon>
          <scale>0.6</scale>
          <color>bf00ff00</color>
        </IconStyle>
      </Style>
      <Point>
        <altitudeMode>clampToGround</altitudeMode>
        <coordinates>87.3144455,22.3224827166667,0</coordinates>
      </Point>
    </Placemark>
    <Placemark>
      <Snippet maxLines="0"> </Snippet>
      <description>300
UTC 19-04-2026 05:40:37.00
GpsMilliseconds 1460612455000
22.3224967,87.3144031, EA(5m)
AltWgs84 -22.0 m, EA(1m)
Hdg 278 deg, Spd 4.3 m/s
EA(0.0 deg, 0.0 m/s)</description>
      <Style>
        <IconStyle>
          <Icon>
            <href>http://maps.google.com/mapfiles/kml/shapes/shaded_dot.png</href>
          </Icon>
          <scale>0.6</scale>
          <color>bf00ff00</color>
        </IconStyle>
      </Style>
      <Point>
        <altitudeMode>clampToGround</altitudeMode>
        <coordinates>87.3144031333333,22.3224966833333,0</coordinates>
      </Point>
    </Placemark>
    <Placemark>
      <Snippet maxLines="0"> </Snippet>
      <description>301
UTC 19-04-2026 05:40:38.00
GpsMilliseconds 1460612456000
22.3225099,87.3143612, EA(5m)
AltWgs84 -22.0 m, EA(1m)
Hdg 279 deg, Spd 4.2 m/s
EA(0.0 deg, 0.0 m/s)</description>
      <Style>
        <IconStyle>
          <Icon>
            <href>http://maps.google.com/mapfiles/kml/shapes/shaded_dot.png</href>
          </Icon>
          <scale>0.6</scale>
          <color>bf00ff00</color>
        </IconStyle>
      </Style>
      <Point>
        <altitudeMode>clampToGround</altitudeMode>
        <coordinates>87.3143612333333,22.3225099166667,0</coordinates>
      </Point>
    </Placemark>
    <Placemark>
      <Snippet maxLines="0"> </Snippet>
      <description>302
UTC 19-04-2026 05:40:39.00
GpsMilliseconds 1460612457000
22.3225192,87.3143211, EA(5m)
AltWgs84 -22.1 m, EA(1m)
Hdg 278 deg, Spd 4.1 m/s
EA(0.0 deg, 0.0 m/s)</description>
      <Style>
        <IconStyle>
          <Icon>
            <href>http://maps.google.com/mapfiles/kml/shapes/shaded_dot.png</href>
          </Icon>
          <scale>0.6</scale>
          <color>bf00ff00</color>
        </IconStyle>
      </Style>
      <Point>
        <altitudeMode>clampToGround</altitudeMode>
        <coordinates>87.3143210666667,22.3225192333333,0</coordinates>
      </Point>
    </Placemark>
    <Placemark>
      <Snippet maxLines="0"> </Snippet>
      <description>303
UTC 19-04-2026 05:40:40.00
GpsMilliseconds 1460612458000
22.3225255,87.3142815, EA(5m)
AltWgs84 -22.3 m, EA(1m)
Hdg 277 deg, Spd 4.1 m/s
EA(0.0 deg, 0.0 m/s)</description>
      <Style>
        <IconStyle>
          <Icon>
            <href>http://maps.google.com/mapfiles/kml/shapes/shaded_dot.png</href>
          </Icon>
          <scale>0.6</scale>
          <color>bf00ff00</color>
        </IconStyle>
      </Style>
      <Point>
        <altitudeMode>clampToGround</altitudeMode>
        <coordinates>87.3142814666667,22.3225254833333,0</coordinates>
      </Point>
    </Placemark>
    <Placemark>
      <Snippet maxLines="0"> </Snippet>
      <description>304
UTC 19-04-2026 05:40:41.00
GpsMilliseconds 1460612459000
22.3225378,87.3142410, EA(5m)
AltWgs84 -19.6 m, EA(1m)
Hdg 276 deg, Spd 4.0 m/s
EA(0.0 deg, 0.0 m/s)</description>
      <Style>
        <IconStyle>
          <Icon>
            <href>http://maps.google.com/mapfiles/kml/shapes/shaded_dot.png</href>
          </Icon>
          <scale>0.6</scale>
          <color>bf00ff00</color>
        </IconStyle>
      </Style>
      <Point>
        <altitudeMode>clampToGround</altitudeMode>
        <coordinates>87.3142409833333,22.3225378166667,0</coordinates>
      </Point>
    </Placemark>
    <Placemark>
      <Snippet maxLines="0"> </Snippet>
      <description>305
UTC 19-04-2026 05:40:42.00
GpsMilliseconds 1460612460000
22.3225472,87.3141976, EA(5m)
AltWgs84 -21.8 m, EA(1m)
Hdg 274 deg, Spd 4.0 m/s
EA(0.0 deg, 0.0 m/s)</description>
      <Style>
        <IconStyle>
          <Icon>
            <href>http://maps.google.com/mapfiles/kml/shapes/shaded_dot.png</href>
          </Icon>
          <scale>0.6</scale>
          <color>bf00ff00</color>
        </IconStyle>
      </Style>
      <Point>
        <altitudeMode>clampToGround</altitudeMode>
        <coordinates>87.31419755,22.3225472333333,0</coordinates>
      </Point>
    </Placemark>
    <Placemark>
      <Snippet maxLines="0"> </Snippet>
      <description>306
UTC 19-04-2026 05:40:43.00
GpsMilliseconds 1460612461000
22.3225570,87.3141558, EA(5m)
AltWgs84 -21.6 m, EA(1m)
Hdg 273 deg, Spd 3.9 m/s
EA(0.0 deg, 0.0 m/s)</description>
      <Style>
        <IconStyle>
          <Icon>
            <href>http://maps.google.com/mapfiles/kml/shapes/shaded_dot.png</href>
          </Icon>
          <scale>0.6</scale>
          <color>bf00ff00</color>
        </IconStyle>
      </Style>
      <Point>
        <altitudeMode>clampToGround</altitudeMode>
        <coordinates>87.3141557833333,22.3225569666667,0</coordinates>
      </Point>
    </Placemark>
    <Placemark>
      <Snippet maxLines="0"> </Snippet>
      <description>307
UTC 19-04-2026 05:40:44.00
GpsMilliseconds 1460612462000
22.3225634,87.3141162, EA(5m)
AltWgs84 -21.8 m, EA(1m)
Hdg 273 deg, Spd 3.9 m/s
EA(0.0 deg, 0.0 m/s)</description>
      <Style>
        <IconStyle>
          <Icon>
            <href>http://maps.google.com/mapfiles/kml/shapes/shaded_dot.png</href>
          </Icon>
          <scale>0.6</scale>
          <color>bf00ff00</color>
        </IconStyle>
      </Style>
      <Point>
        <altitudeMode>clampToGround</altitudeMode>
        <coordinates>87.3141161833333,22.3225633666667,0</coordinates>
      </Point>
    </Placemark>
    <Placemark>
      <Snippet maxLines="0"> </Snippet>
      <description>308
UTC 19-04-2026 05:40:45.00
GpsMilliseconds 1460612463000
22.3225672,87.3140794, EA(5m)
AltWgs84 -22.1 m, EA(1m)
Hdg 272 deg, Spd 3.5 m/s
EA(0.0 deg, 0.0 m/s)</description>
      <Style>
        <IconStyle>
          <Icon>
            <href>http://maps.google.com/mapfiles/kml/shapes/shaded_dot.png</href>
          </Icon>
          <scale>0.6</scale>
          <color>bf00ff00</color>
        </IconStyle>
      </Style>
      <Point>
        <altitudeMode>clampToGround</altitudeMode>
        <coordinates>87.3140794166667,22.3225671833333,0</coordinates>
      </Point>
    </Placemark>
    <Placemark>
      <Snippet maxLines="0"> </Snippet>
      <description>309
UTC 19-04-2026 05:40:46.00
GpsMilliseconds 1460612464000
22.3225708,87.3140417, EA(5m)
AltWgs84 -22.3 m, EA(1m)
Hdg 274 deg, Spd 3.9 m/s
EA(0.0 deg, 0.0 m/s)</description>
      <Style>
        <IconStyle>
          <Icon>
            <href>http://maps.google.com/mapfiles/kml/shapes/shaded_dot.png</href>
          </Icon>
          <scale>0.6</scale>
          <color>bf00ff00</color>
        </IconStyle>
      </Style>
      <Point>
        <altitudeMode>clampToGround</altitudeMode>
        <coordinates>87.3140417333333,22.3225708333333,0</coordinates>
      </Point>
    </Placemark>
    <Placemark>
      <Snippet maxLines="0"> </Snippet>
      <description>310
UTC 19-04-2026 05:40:47.00
GpsMilliseconds 1460612465000
22.3225754,87.3140011, EA(5m)
AltWgs84 -23.4 m, EA(1m)
Hdg 276 deg, Spd 3.9 m/s
EA(0.0 deg, 0.0 m/s)</description>
      <Style>
        <IconStyle>
          <Icon>
            <href>http://maps.google.com/mapfiles/kml/shapes/shaded_dot.png</href>
          </Icon>
          <scale>0.6</scale>
          <color>bf00ff00</color>
        </IconStyle>
      </Style>
      <Point>
        <altitudeMode>clampToGround</altitudeMode>
        <coordinates>87.3140010833333,22.32257545,0</coordinates>
      </Point>
    </Placemark>
    <Placemark>
      <Snippet maxLines="0"> </Snippet>
      <description>311
UTC 19-04-2026 05:40:48.00
GpsMilliseconds 1460612466000
22.3225805,87.3139613, EA(6m)
AltWgs84 -23.1 m, EA(1m)
Hdg 277 deg, Spd 4.0 m/s
EA(0.0 deg, 0.0 m/s)</description>
      <Style>
        <IconStyle>
          <Icon>
            <href>http://maps.google.com/mapfiles/kml/shapes/shaded_dot.png</href>
          </Icon>
          <scale>0.6</scale>
          <color>bf00ff00</color>
        </IconStyle>
      </Style>
      <Point>
        <altitudeMode>clampToGround</altitudeMode>
        <coordinates>87.31396125,22.3225805166667,0</coordinates>
      </Point>
    </Placemark>
    <Placemark>
      <Snippet maxLines="0"> </Snippet>
      <description>312
UTC 19-04-2026 05:40:49.00
GpsMilliseconds 1460612467000
22.3225856,87.3139213, EA(6m)
AltWgs84 -23.2 m, EA(1m)
Hdg 277 deg, Spd 4.0 m/s
EA(0.0 deg, 0.0 m/s)</description>
      <Style>
        <IconStyle>
          <Icon>
            <href>http://maps.google.com/mapfiles/kml/shapes/shaded_dot.png</href>
          </Icon>
          <scale>0.6</scale>
          <color>bf00ff00</color>
        </IconStyle>
      </Style>
      <Point>
        <altitudeMode>clampToGround</altitudeMode>
        <coordinates>87.3139213333333,22.3225855833333,0</coordinates>
      </Point>
    </Placemark>
    <Placemark>
      <Snippet maxLines="0"> </Snippet>
      <description>313
UTC 19-04-2026 05:40:50.00
GpsMilliseconds 1460612468000
22.3225904,87.3138817, EA(5m)
AltWgs84 -23.2 m, EA(1m)
Hdg 277 deg, Spd 4.0 m/s
EA(0.0 deg, 0.0 m/s)</description>
      <Style>
        <IconStyle>
          <Icon>
            <href>http://maps.google.com/mapfiles/kml/shapes/shaded_dot.png</href>
          </Icon>
          <scale>0.6</scale>
          <color>bf00ff00</color>
        </IconStyle>
      </Style>
      <Point>
        <altitudeMode>clampToGround</altitudeMode>
        <coordinates>87.31388175,22.3225904,0</coordinates>
      </Point>
    </Placemark>
    <Placemark>
      <Snippet maxLines="0"> </Snippet>
      <description>314
UTC 19-04-2026 05:40:51.00
GpsMilliseconds 1460612469000
22.3225941,87.3138433, EA(5m)
AltWgs84 -23.1 m, EA(1m)
Hdg 276 deg, Spd 3.9 m/s
EA(0.0 deg, 0.0 m/s)</description>
      <Style>
        <IconStyle>
          <Icon>
            <href>http://maps.google.com/mapfiles/kml/shapes/shaded_dot.png</href>
          </Icon>
          <scale>0.6</scale>
          <color>bf00ff00</color>
        </IconStyle>
      </Style>
      <Point>
        <altitudeMode>clampToGround</altitudeMode>
        <coordinates>87.3138433166667,22.3225940833333,0</coordinates>
      </Point>
    </Placemark>
    <Placemark>
      <Snippet maxLines="0"> </Snippet>
      <description>315
UTC 19-04-2026 05:40:52.00
GpsMilliseconds 1460612470000
22.3225955,87.3138075, EA(5m)
AltWgs84 -23.2 m, EA(1m)
Hdg 273 deg, Spd 3.6 m/s
EA(0.0 deg, 0.0 m/s)</description>
      <Style>
        <IconStyle>
          <Icon>
            <href>http://maps.google.com/mapfiles/kml/shapes/shaded_dot.png</href>
          </Icon>
          <scale>0.6</scale>
          <color>bf00ff00</color>
        </IconStyle>
      </Style>
      <Point>
        <altitudeMode>clampToGround</altitudeMode>
        <coordinates>87.3138075333333,22.32259555,0</coordinates>
      </Point>
    </Placemark>
    <Placemark>
      <Snippet maxLines="0"> </Snippet>
      <description>316
UTC 19-04-2026 05:40:53.00
GpsMilliseconds 1460612471000
22.3225977,87.3137702, EA(6m)
AltWgs84 -23.0 m, EA(1m)
Hdg 274 deg, Spd 3.9 m/s
EA(0.0 deg, 0.0 m/s)</description>
      <Style>
        <IconStyle>
          <Icon>
            <href>http://maps.google.com/mapfiles/kml/shapes/shaded_dot.png</href>
          </Icon>
          <scale>0.6</scale>
          <color>bf00ff00</color>
        </IconStyle>
      </Style>
      <Point>
        <altitudeMode>clampToGround</altitudeMode>
        <coordinates>87.3137702333333,22.3225977,0</coordinates>
      </Point>
    </Placemark>
    <Placemark>
      <Snippet maxLines="0"> </Snippet>
      <description>317
UTC 19-04-2026 05:40:54.00
GpsMilliseconds 1460612472000
22.3226034,87.3137315, EA(6m)
AltWgs84 -22.5 m, EA(1m)
Hdg 277 deg, Spd 3.9 m/s
EA(0.0 deg, 0.0 m/s)</description>
      <Style>
        <IconStyle>
          <Icon>
            <href>http://maps.google.com/mapfiles/kml/shapes/shaded_dot.png</href>
          </Icon>
          <scale>0.6</scale>
          <color>bf00ff00</color>
        </IconStyle>
      </Style>
      <Point>
        <altitudeMode>clampToGround</altitudeMode>
        <coordinates>87.3137315,22.3226034166667,0</coordinates>
      </Point>
    </Placemark>
    <Placemark>
      <Snippet maxLines="0"> </Snippet>
      <description>318
UTC 19-04-2026 05:40:55.00
GpsMilliseconds 1460612473000
22.3226115,87.3136923, EA(6m)
AltWgs84 -21.7 m, EA(1m)
Hdg 277 deg, Spd 3.9 m/s
EA(0.0 deg, 0.0 m/s)</description>
      <Style>
        <IconStyle>
          <Icon>
            <href>http://maps.google.com/mapfiles/kml/shapes/shaded_dot.png</href>
          </Icon>
          <scale>0.6</scale>
          <color>bf00ff00</color>
        </IconStyle>
      </Style>
      <Point>
        <altitudeMode>clampToGround</altitudeMode>
        <coordinates>87.3136923333333,22.32261145,0</coordinates>
      </Point>
    </Placemark>
    <Placemark>
      <Snippet maxLines="0"> </Snippet>
      <description>319
UTC 19-04-2026 05:40:56.00
GpsMilliseconds 1460612474000
22.3226167,87.3136521, EA(6m)
AltWgs84 -21.4 m, EA(1m)
Hdg 275 deg, Spd 4.0 m/s
EA(0.0 deg, 0.0 m/s)</description>
      <Style>
        <IconStyle>
          <Icon>
            <href>http://maps.google.com/mapfiles/kml/shapes/shaded_dot.png</href>
          </Icon>
          <scale>0.6</scale>
          <color>bf00ff00</color>
        </IconStyle>
      </Style>
      <Point>
        <altitudeMode>clampToGround</altitudeMode>
        <coordinates>87.3136520833333,22.3226166833333,0</coordinates>
      </Point>
    </Placemark>
    <Placemark>
      <Snippet maxLines="0"> </Snippet>
      <description>320
UTC 19-04-2026 05:40:57.00
GpsMilliseconds 1460612475000
22.3226195,87.3136121, EA(6m)
AltWgs84 -21.6 m, EA(1m)
Hdg 273 deg, Spd 4.0 m/s
EA(0.0 deg, 0.0 m/s)</description>
      <Style>
        <IconStyle>
          <Icon>
            <href>http://maps.google.com/mapfiles/kml/shapes/shaded_dot.png</href>
          </Icon>
          <scale>0.6</scale>
          <color>bf00ff00</color>
        </IconStyle>
      </Style>
      <Point>
        <altitudeMode>clampToGround</altitudeMode>
        <coordinates>87.3136121333333,22.3226194833333,0</coordinates>
      </Point>
    </Placemark>
    <Placemark>
      <Snippet maxLines="0"> </Snippet>
      <description>321
UTC 19-04-2026 05:40:58.00
GpsMilliseconds 1460612476000
22.3226250,87.3135692, EA(6m)
AltWgs84 -21.1 m, EA(1m)
Hdg 276 deg, Spd 4.3 m/s
EA(0.0 deg, 0.0 m/s)</description>
      <Style>
        <IconStyle>
          <Icon>
            <href>http://maps.google.com/mapfiles/kml/shapes/shaded_dot.png</href>
          </Icon>
          <scale>0.6</scale>
          <color>bf00ff00</color>
        </IconStyle>
      </Style>
      <Point>
        <altitudeMode>clampToGround</altitudeMode>
        <coordinates>87.3135691833333,22.3226249833333,0</coordinates>
      </Point>
    </Placemark>
    <Placemark>
      <Snippet maxLines="0"> </Snippet>
      <description>322
UTC 19-04-2026 05:40:59.00
GpsMilliseconds 1460612477000
22.3226329,87.3135270, EA(6m)
AltWgs84 -20.5 m, EA(1m)
Hdg 277 deg, Spd 4.0 m/s
EA(0.0 deg, 0.0 m/s)</description>
      <Style>
        <IconStyle>
          <Icon>
            <href>http://maps.google.com/mapfiles/kml/shapes/shaded_dot.png</href>
          </Icon>
          <scale>0.6</scale>
          <color>bf00ff00</color>
        </IconStyle>
      </Style>
      <Point>
        <altitudeMode>clampToGround</altitudeMode>
        <coordinates>87.3135269666667,22.3226329333333,0</coordinates>
      </Point>
    </Placemark>
    <Placemark>
      <Snippet maxLines="0"> </Snippet>
      <description>323
UTC 19-04-2026 05:41:00.00
GpsMilliseconds 1460612478000
22.3226405,87.3134848, EA(6m)
AltWgs84 -19.6 m, EA(1m)
Hdg 276 deg, Spd 4.0 m/s
EA(0.0 deg, 0.0 m/s)</description>
      <Style>
        <IconStyle>
          <Icon>
            <href>http://maps.google.com/mapfiles/kml/shapes/shaded_dot.png</href>
          </Icon>
          <scale>0.6</scale>
          <color>bf00ff00</color>
        </IconStyle>
      </Style>
      <Point>
        <altitudeMode>clampToGround</altitudeMode>
        <coordinates>87.3134847833333,22.3226405,0</coordinates>
      </Point>
    </Placemark>
    <Placemark>
      <Snippet maxLines="0"> </Snippet>
      <description>324
UTC 19-04-2026 05:41:01.00
GpsMilliseconds 1460612479000
22.3226489,87.3134434, EA(6m)
AltWgs84 -18.9 m, EA(1m)
Hdg 278 deg, Spd 4.0 m/s
EA(0.0 deg, 0.0 m/s)</description>
      <Style>
        <IconStyle>
          <Icon>
            <href>http://maps.google.com/mapfiles/kml/shapes/shaded_dot.png</href>
          </Icon>
          <scale>0.6</scale>
          <color>bf00ff00</color>
        </IconStyle>
      </Style>
      <Point>
        <altitudeMode>clampToGround</altitudeMode>
        <coordinates>87.3134433666667,22.3226488833333,0</coordinates>
      </Point>
    </Placemark>
    <Placemark>
      <Snippet maxLines="0"> </Snippet>
      <description>325
UTC 19-04-2026 05:41:02.00
GpsMilliseconds 1460612480000
22.3226575,87.3134038, EA(6m)
AltWgs84 -19.1 m, EA(1m)
Hdg 280 deg, Spd 3.9 m/s
EA(0.0 deg, 0.0 m/s)</description>
      <Style>
        <IconStyle>
          <Icon>
            <href>http://maps.google.com/mapfiles/kml/shapes/shaded_dot.png</href>
          </Icon>
          <scale>0.6</scale>
          <color>bf00ff00</color>
        </IconStyle>
      </Style>
      <Point>
        <altitudeMode>clampToGround</altitudeMode>
        <coordinates>87.3134038166667,22.32265745,0</coordinates>
      </Point>
    </Placemark>
    <Placemark>
      <Snippet maxLines="0"> </Snippet>
      <description>326
UTC 19-04-2026 05:41:03.00
GpsMilliseconds 1460612481000
22.3226648,87.3133643, EA(6m)
AltWgs84 -18.8 m, EA(1m)
Hdg 278 deg, Spd 4.0 m/s
EA(0.0 deg, 0.0 m/s)</description>
      <Style>
        <IconStyle>
          <Icon>
            <href>http://maps.google.com/mapfiles/kml/shapes/shaded_dot.png</href>
          </Icon>
          <scale>0.6</scale>
          <color>bf00ff00</color>
        </IconStyle>
      </Style>
      <Point>
        <altitudeMode>clampToGround</altitudeMode>
        <coordinates>87.3133643166667,22.3226647666667,0</coordinates>
      </Point>
    </Placemark>
    <Placemark>
      <Snippet maxLines="0"> </Snippet>
      <description>327
UTC 19-04-2026 05:41:04.00
GpsMilliseconds 1460612482000
22.3226695,87.3133234, EA(6m)
AltWgs84 -18.5 m, EA(1m)
Hdg 276 deg, Spd 4.1 m/s
EA(0.0 deg, 0.0 m/s)</description>
      <Style>
        <IconStyle>
          <Icon>
            <href>http://maps.google.com/mapfiles/kml/shapes/shaded_dot.png</href>
          </Icon>
          <scale>0.6</scale>
          <color>bf00ff00</color>
        </IconStyle>
      </Style>
      <Point>
        <altitudeMode>clampToGround</altitudeMode>
        <coordinates>87.3133233833333,22.3226694833333,0</coordinates>
      </Point>
    </Placemark>
    <Placemark>
      <Snippet maxLines="0"> </Snippet>
      <description>328
UTC 19-04-2026 05:41:05.00
GpsMilliseconds 1460612483000
22.3226724,87.3132834, EA(6m)
AltWgs84 -18.4 m, EA(1m)
Hdg 274 deg, Spd 4.1 m/s
EA(0.0 deg, 0.0 m/s)</description>
      <Style>
        <IconStyle>
          <Icon>
            <href>http://maps.google.com/mapfiles/kml/shapes/shaded_dot.png</href>
          </Icon>
          <scale>0.6</scale>
          <color>bf00ff00</color>
        </IconStyle>
      </Style>
      <Point>
        <altitudeMode>clampToGround</altitudeMode>
        <coordinates>87.31328335,22.3226724166667,0</coordinates>
      </Point>
    </Placemark>
    <Placemark>
      <Snippet maxLines="0"> </Snippet>
      <description>329
UTC 19-04-2026 05:41:06.00
GpsMilliseconds 1460612484000
22.3226750,87.3132436, EA(6m)
AltWgs84 -17.8 m, EA(1m)
Hdg 275 deg, Spd 4.1 m/s
EA(0.0 deg, 0.0 m/s)</description>
      <Style>
        <IconStyle>
          <Icon>
            <href>http://maps.google.com/mapfiles/kml/shapes/shaded_dot.png</href>
          </Icon>
          <scale>0.6</scale>
          <color>bf00ff00</color>
        </IconStyle>
      </Style>
      <Point>
        <altitudeMode>clampToGround</altitudeMode>
        <coordinates>87.3132435666667,22.3226749666667,0</coordinates>
      </Point>
    </Placemark>
    <Placemark>
      <Snippet maxLines="0"> </Snippet>
      <description>330
UTC 19-04-2026 05:41:07.00
GpsMilliseconds 1460612485000
22.3226780,87.3132054, EA(6m)
AltWgs84 -18.1 m, EA(1m)
Hdg 275 deg, Spd 3.9 m/s
EA(0.0 deg, 0.0 m/s)</description>
      <Style>
        <IconStyle>
          <Icon>
            <href>http://maps.google.com/mapfiles/kml/shapes/shaded_dot.png</href>
          </Icon>
          <scale>0.6</scale>
          <color>bf00ff00</color>
        </IconStyle>
      </Style>
      <Point>
        <altitudeMode>clampToGround</altitudeMode>
        <coordinates>87.3132054333333,22.322678,0</coordinates>
      </Point>
    </Placemark>
    <Placemark>
      <Snippet maxLines="0"> </Snippet>
      <description>331
UTC 19-04-2026 05:41:08.00
GpsMilliseconds 1460612486000
22.3226842,87.3131685, EA(6m)
AltWgs84 -17.4 m, EA(1m)
Hdg 278 deg, Spd 3.8 m/s
EA(0.0 deg, 0.0 m/s)</description>
      <Style>
        <IconStyle>
          <Icon>
            <href>http://maps.google.com/mapfiles/kml/shapes/shaded_dot.png</href>
          </Icon>
          <scale>0.6</scale>
          <color>bf00ff00</color>
        </IconStyle>
      </Style>
      <Point>
        <altitudeMode>clampToGround</altitudeMode>
        <coordinates>87.3131684833333,22.3226841666667,0</coordinates>
      </Point>
    </Placemark>
    <Placemark>
      <Snippet maxLines="0"> </Snippet>
      <description>332
UTC 19-04-2026 05:41:09.00
GpsMilliseconds 1460612487000
22.3226895,87.3131278, EA(6m)
AltWgs84 -16.2 m, EA(1m)
Hdg 277 deg, Spd 3.9 m/s
EA(0.0 deg, 0.0 m/s)</description>
      <Style>
        <IconStyle>
          <Icon>
            <href>http://maps.google.com/mapfiles/kml/shapes/shaded_dot.png</href>
          </Icon>
          <scale>0.6</scale>
          <color>bf00ff00</color>
        </IconStyle>
      </Style>
      <Point>
        <altitudeMode>clampToGround</altitudeMode>
        <coordinates>87.3131278333333,22.3226894666667,0</coordinates>
      </Point>
    </Placemark>
    <Placemark>
      <Snippet maxLines="0"> </Snippet>
      <description>333
UTC 19-04-2026 05:41:10.00
GpsMilliseconds 1460612488000
22.3226938,87.3130872, EA(6m)
AltWgs84 -16.6 m, EA(1m)
Hdg 276 deg, Spd 4.1 m/s
EA(0.0 deg, 0.0 m/s)</description>
      <Style>
        <IconStyle>
          <Icon>
            <href>http://maps.google.com/mapfiles/kml/shapes/shaded_dot.png</href>
          </Icon>
          <scale>0.6</scale>
          <color>bf00ff00</color>
        </IconStyle>
      </Style>
      <Point>
        <altitudeMode>clampToGround</altitudeMode>
        <coordinates>87.31308715,22.3226938333333,0</coordinates>
      </Point>
    </Placemark>
    <Placemark>
      <Snippet maxLines="0"> </Snippet>
      <description>334
UTC 19-04-2026 05:41:11.00
GpsMilliseconds 1460612489000
22.3226980,87.3130474, EA(6m)
AltWgs84 -16.9 m, EA(1m)
Hdg 275 deg, Spd 4.0 m/s
EA(0.0 deg, 0.0 m/s)</description>
      <Style>
        <IconStyle>
          <Icon>
            <href>http://maps.google.com/mapfiles/kml/shapes/shaded_dot.png</href>
          </Icon>
          <scale>0.6</scale>
          <color>bf00ff00</color>
        </IconStyle>
      </Style>
      <Point>
        <altitudeMode>clampToGround</altitudeMode>
        <coordinates>87.3130473833333,22.3226979666667,0</coordinates>
      </Point>
    </Placemark>
    <Placemark>
      <Snippet maxLines="0"> </Snippet>
      <description>335
UTC 19-04-2026 05:41:12.00
GpsMilliseconds 1460612490000
22.3227022,87.3130079, EA(6m)
AltWgs84 -16.4 m, EA(1m)
Hdg 276 deg, Spd 3.9 m/s
EA(0.0 deg, 0.0 m/s)</description>
      <Style>
        <IconStyle>
          <Icon>
            <href>http://maps.google.com/mapfiles/kml/shapes/shaded_dot.png</href>
          </Icon>
          <scale>0.6</scale>
          <color>bf00ff00</color>
        </IconStyle>
      </Style>
      <Point>
        <altitudeMode>clampToGround</altitudeMode>
        <coordinates>87.31300785,22.3227021666667,0</coordinates>
      </Point>
    </Placemark>
    <Placemark>
      <Snippet maxLines="0"> </Snippet>
      <description>336
UTC 19-04-2026 05:41:13.00
GpsMilliseconds 1460612491000
22.3227072,87.3129686, EA(6m)
AltWgs84 -16.7 m, EA(1m)
Hdg 277 deg, Spd 4.1 m/s
EA(0.0 deg, 0.0 m/s)</description>
      <Style>
        <IconStyle>
          <Icon>
            <href>http://maps.google.com/mapfiles/kml/shapes/shaded_dot.png</href>
          </Icon>
          <scale>0.6</scale>
          <color>bf00ff00</color>
        </IconStyle>
      </Style>
      <Point>
        <altitudeMode>clampToGround</altitudeMode>
        <coordinates>87.3129686166667,22.3227071666667,0</coordinates>
      </Point>
    </Placemark>
    <Placemark>
      <Snippet maxLines="0"> </Snippet>
      <description>337
UTC 19-04-2026 05:41:14.00
GpsMilliseconds 1460612492000
22.3227120,87.3129282, EA(5m)
AltWgs84 -16.6 m, EA(1m)
Hdg 278 deg, Spd 4.1 m/s
EA(0.0 deg, 0.0 m/s)</description>
      <Style>
        <IconStyle>
          <Icon>
            <href>http://maps.google.com/mapfiles/kml/shapes/shaded_dot.png</href>
          </Icon>
          <scale>0.6</scale>
          <color>bf00ff00</color>
        </IconStyle>
      </Style>
      <Point>
        <altitudeMode>clampToGround</altitudeMode>
        <coordinates>87.31292825,22.3227120333333,0</coordinates>
      </Point>
    </Placemark>
    <Placemark>
      <Snippet maxLines="0"> </Snippet>
      <description>338
UTC 19-04-2026 05:41:15.00
GpsMilliseconds 1460612493000
22.3227166,87.3128887, EA(5m)
AltWgs84 -16.3 m, EA(1m)
Hdg 277 deg, Spd 4.0 m/s
EA(0.0 deg, 0.0 m/s)</description>
      <Style>
        <IconStyle>
          <Icon>
            <href>http://maps.google.com/mapfiles/kml/shapes/shaded_dot.png</href>
          </Icon>
          <scale>0.6</scale>
          <color>bf00ff00</color>
        </IconStyle>
      </Style>
      <Point>
        <altitudeMode>clampToGround</altitudeMode>
        <coordinates>87.3128887333333,22.3227165833333,0</coordinates>
      </Point>
    </Placemark>
    <Placemark>
      <Snippet maxLines="0"> </Snippet>
      <description>339
UTC 19-04-2026 05:41:16.00
GpsMilliseconds 1460612494000
22.3227197,87.3128473, EA(5m)
AltWgs84 -16.8 m, EA(1m)
Hdg 276 deg, Spd 4.1 m/s
EA(0.0 deg, 0.0 m/s)</description>
      <Style>
        <IconStyle>
          <Icon>
            <href>http://maps.google.com/mapfiles/kml/shapes/shaded_dot.png</href>
          </Icon>
          <scale>0.6</scale>
          <color>bf00ff00</color>
        </IconStyle>
      </Style>
      <Point>
        <altitudeMode>clampToGround</altitudeMode>
        <coordinates>87.3128473166667,22.3227196666667,0</coordinates>
      </Point>
    </Placemark>
    <Placemark>
      <Snippet maxLines="0"> </Snippet>
      <description>340
UTC 19-04-2026 05:41:17.00
GpsMilliseconds 1460612495000
22.3227231,87.3128077, EA(5m)
AltWgs84 -16.6 m, EA(1m)
Hdg 276 deg, Spd 4.0 m/s
EA(0.0 deg, 0.0 m/s)</description>
      <Style>
        <IconStyle>
          <Icon>
            <href>http://maps.google.com/mapfiles/kml/shapes/shaded_dot.png</href>
          </Icon>
          <scale>0.6</scale>
          <color>bf00ff00</color>
        </IconStyle>
      </Style>
      <Point>
        <altitudeMode>clampToGround</altitudeMode>
        <coordinates>87.3128077166667,22.3227231166667,0</coordinates>
      </Point>
    </Placemark>
    <Placemark>
      <Snippet maxLines="0"> </Snippet>
      <description>341
UTC 19-04-2026 05:41:18.00
GpsMilliseconds 1460612496000
22.3227269,87.3127695, EA(5m)
AltWgs84 -16.3 m, EA(1m)
Hdg 276 deg, Spd 4.0 m/s
EA(0.0 deg, 0.0 m/s)</description>
      <Style>
        <IconStyle>
          <Icon>
            <href>http://maps.google.com/mapfiles/kml/shapes/shaded_dot.png</href>
          </Icon>
          <scale>0.6</scale>
          <color>bf00ff00</color>
        </IconStyle>
      </Style>
      <Point>
        <altitudeMode>clampToGround</altitudeMode>
        <coordinates>87.3127694833333,22.3227268833333,0</coordinates>
      </Point>
    </Placemark>
    <Placemark>
      <Snippet maxLines="0"> </Snippet>
      <description>342
UTC 19-04-2026 05:41:19.00
GpsMilliseconds 1460612497000
22.3227302,87.3127309, EA(5m)
AltWgs84 -16.9 m, EA(1m)
Hdg 275 deg, Spd 4.0 m/s
EA(0.0 deg, 0.0 m/s)</description>
      <Style>
        <IconStyle>
          <Icon>
            <href>http://maps.google.com/mapfiles/kml/shapes/shaded_dot.png</href>
          </Icon>
          <scale>0.6</scale>
          <color>bf00ff00</color>
        </IconStyle>
      </Style>
      <Point>
        <altitudeMode>clampToGround</altitudeMode>
        <coordinates>87.3127309333333,22.3227301833333,0</coordinates>
      </Point>
    </Placemark>
    <Placemark>
      <Snippet maxLines="0"> </Snippet>
      <description>343
UTC 19-04-2026 05:41:20.00
GpsMilliseconds 1460612498000
22.3227327,87.3126939, EA(6m)
AltWgs84 -15.7 m, EA(1m)
Hdg 277 deg, Spd 3.9 m/s
EA(0.0 deg, 0.0 m/s)</description>
      <Style>
        <IconStyle>
          <Icon>
            <href>http://maps.google.com/mapfiles/kml/shapes/shaded_dot.png</href>
          </Icon>
          <scale>0.6</scale>
          <color>bf00ff00</color>
        </IconStyle>
      </Style>
      <Point>
        <altitudeMode>clampToGround</altitudeMode>
        <coordinates>87.3126938666667,22.3227327333333,0</coordinates>
      </Point>
    </Placemark>
    <Placemark>
      <Snippet maxLines="0"> </Snippet>
      <description>344
UTC 19-04-2026 05:41:21.00
GpsMilliseconds 1460612499000
22.3227360,87.3126577, EA(6m)
AltWgs84 -15.3 m, EA(1m)
Hdg 276 deg, Spd 3.8 m/s
EA(0.0 deg, 0.0 m/s)</description>
      <Style>
        <IconStyle>
          <Icon>
            <href>http://maps.google.com/mapfiles/kml/shapes/shaded_dot.png</href>
          </Icon>
          <scale>0.6</scale>
          <color>bf00ff00</color>
        </IconStyle>
      </Style>
      <Point>
        <altitudeMode>clampToGround</altitudeMode>
        <coordinates>87.3126576833333,22.3227359666667,0</coordinates>
      </Point>
    </Placemark>
    <Placemark>
      <Snippet maxLines="0"> </Snippet>
      <description>345
UTC 19-04-2026 05:41:22.00
GpsMilliseconds 1460612500000
22.3227381,87.3126209, EA(5m)
AltWgs84 -15.2 m, EA(1m)
Hdg 275 deg, Spd 3.8 m/s
EA(0.0 deg, 0.0 m/s)</description>
      <Style>
        <IconStyle>
          <Icon>
            <href>http://maps.google.com/mapfiles/kml/shapes/shaded_dot.png</href>
          </Icon>
          <scale>0.6</scale>
          <color>bf00ff00</color>
        </IconStyle>
      </Style>
      <Point>
        <altitudeMode>clampToGround</altitudeMode>
        <coordinates>87.3126209333333,22.3227381166667,0</coordinates>
      </Point>
    </Placemark>
    <Placemark>
      <Snippet maxLines="0"> </Snippet>
      <description>346
UTC 19-04-2026 05:41:23.00
GpsMilliseconds 1460612501000
22.3227403,87.3125836, EA(5m)
AltWgs84 -15.1 m, EA(1m)
Hdg 275 deg, Spd 3.9 m/s
EA(0.0 deg, 0.0 m/s)</description>
      <Style>
        <IconStyle>
          <Icon>
            <href>http://maps.google.com/mapfiles/kml/shapes/shaded_dot.png</href>
          </Icon>
          <scale>0.6</scale>
          <color>bf00ff00</color>
        </IconStyle>
      </Style>
      <Point>
        <altitudeMode>clampToGround</altitudeMode>
        <coordinates>87.3125835833333,22.3227402666667,0</coordinates>
      </Point>
    </Placemark>
    <Placemark>
      <Snippet maxLines="0"> </Snippet>
      <description>347
UTC 19-04-2026 05:41:24.00
GpsMilliseconds 1460612502000
22.3227428,87.3125457, EA(5m)
AltWgs84 -15.1 m, EA(1m)
Hdg 275 deg, Spd 3.9 m/s
EA(0.0 deg, 0.0 m/s)</description>
      <Style>
        <IconStyle>
          <Icon>
            <href>http://maps.google.com/mapfiles/kml/shapes/shaded_dot.png</href>
          </Icon>
          <scale>0.6</scale>
          <color>bf00ff00</color>
        </IconStyle>
      </Style>
      <Point>
        <altitudeMode>clampToGround</altitudeMode>
        <coordinates>87.3125456666667,22.3227427833333,0</coordinates>
      </Point>
    </Placemark>
    <Placemark>
      <Snippet maxLines="0"> </Snippet>
      <description>348
UTC 19-04-2026 05:41:25.00
GpsMilliseconds 1460612503000
22.3227452,87.3125077, EA(5m)
AltWgs84 -15.1 m, EA(1m)
Hdg 275 deg, Spd 3.9 m/s
EA(0.0 deg, 0.0 m/s)</description>
      <Style>
        <IconStyle>
          <Icon>
            <href>http://maps.google.com/mapfiles/kml/shapes/shaded_dot.png</href>
          </Icon>
          <scale>0.6</scale>
          <color>bf00ff00</color>
        </IconStyle>
      </Style>
      <Point>
        <altitudeMode>clampToGround</altitudeMode>
        <coordinates>87.3125077333333,22.3227452333333,0</coordinates>
      </Point>
    </Placemark>
    <Placemark>
      <Snippet maxLines="0"> </Snippet>
      <description>349
UTC 19-04-2026 05:41:26.00
GpsMilliseconds 1460612504000
22.3227478,87.3124702, EA(5m)
AltWgs84 -15.5 m, EA(1m)
Hdg 274 deg, Spd 3.8 m/s
EA(0.0 deg, 0.0 m/s)</description>
      <Style>
        <IconStyle>
          <Icon>
            <href>http://maps.google.com/mapfiles/kml/shapes/shaded_dot.png</href>
          </Icon>
          <scale>0.6</scale>
          <color>bf00ff00</color>
        </IconStyle>
      </Style>
      <Point>
        <altitudeMode>clampToGround</altitudeMode>
        <coordinates>87.3124702333333,22.32274775,0</coordinates>
      </Point>
    </Placemark>
    <Placemark>
      <Snippet maxLines="0"> </Snippet>
      <description>350
UTC 19-04-2026 05:41:27.00
GpsMilliseconds 1460612505000
22.3227512,87.3124320, EA(5m)
AltWgs84 -15.5 m, EA(1m)
Hdg 276 deg, Spd 3.9 m/s
EA(0.0 deg, 0.0 m/s)</description>
      <Style>
        <IconStyle>
          <Icon>
            <href>http://maps.google.com/mapfiles/kml/shapes/shaded_dot.png</href>
          </Icon>
          <scale>0.6</scale>
          <color>bf00ff00</color>
        </IconStyle>
      </Style>
      <Point>
        <altitudeMode>clampToGround</altitudeMode>
        <coordinates>87.3124319666667,22.3227512,0</coordinates>
      </Point>
    </Placemark>
    <Placemark>
      <Snippet maxLines="0"> </Snippet>
      <description>351
UTC 19-04-2026 05:41:28.00
GpsMilliseconds 1460612506000
22.3227582,87.3123928, EA(5m)
AltWgs84 -15.1 m, EA(1m)
Hdg 278 deg, Spd 3.9 m/s
EA(0.0 deg, 0.0 m/s)</description>
      <Style>
        <IconStyle>
          <Icon>
            <href>http://maps.google.com/mapfiles/kml/shapes/shaded_dot.png</href>
          </Icon>
          <scale>0.6</scale>
          <color>bf00ff00</color>
        </IconStyle>
      </Style>
      <Point>
        <altitudeMode>clampToGround</altitudeMode>
        <coordinates>87.3123927666667,22.3227582333333,0</coordinates>
      </Point>
    </Placemark>
    <Placemark>
      <Snippet maxLines="0"> </Snippet>
      <description>352
UTC 19-04-2026 05:41:29.00
GpsMilliseconds 1460612507000
22.3227641,87.3123540, EA(5m)
AltWgs84 -15.3 m, EA(1m)
Hdg 280 deg, Spd 3.9 m/s
EA(0.0 deg, 0.0 m/s)</description>
      <Style>
        <IconStyle>
          <Icon>
            <href>http://maps.google.com/mapfiles/kml/shapes/shaded_dot.png</href>
          </Icon>
          <scale>0.6</scale>
          <color>bf00ff00</color>
        </IconStyle>
      </Style>
      <Point>
        <altitudeMode>clampToGround</altitudeMode>
        <coordinates>87.3123540333333,22.3227641,0</coordinates>
      </Point>
    </Placemark>
    <Placemark>
      <Snippet maxLines="0"> </Snippet>
      <description>353
UTC 19-04-2026 05:41:30.00
GpsMilliseconds 1460612508000
22.3227708,87.3123142, EA(5m)
AltWgs84 -14.7 m, EA(1m)
Hdg 279 deg, Spd 3.9 m/s
EA(0.0 deg, 0.0 m/s)</description>
      <Style>
        <IconStyle>
          <Icon>
            <href>http://maps.google.com/mapfiles/kml/shapes/shaded_dot.png</href>
          </Icon>
          <scale>0.6</scale>
          <color>bf00ff00</color>
        </IconStyle>
      </Style>
      <Point>
        <altitudeMode>clampToGround</altitudeMode>
        <coordinates>87.3123141833333,22.32277075,0</coordinates>
      </Point>
    </Placemark>
    <Placemark>
      <Snippet maxLines="0"> </Snippet>
      <description>354
UTC 19-04-2026 05:41:31.00
GpsMilliseconds 1460612509000
22.3227755,87.3122747, EA(5m)
AltWgs84 -14.4 m, EA(1m)
Hdg 277 deg, Spd 3.9 m/s
EA(0.0 deg, 0.0 m/s)</description>
      <Style>
        <IconStyle>
          <Icon>
            <href>http://maps.google.com/mapfiles/kml/shapes/shaded_dot.png</href>
          </Icon>
          <scale>0.6</scale>
          <color>bf00ff00</color>
        </IconStyle>
      </Style>
      <Point>
        <altitudeMode>clampToGround</altitudeMode>
        <coordinates>87.31227465,22.3227754666667,0</coordinates>
      </Point>
    </Placemark>
    <Placemark>
      <Snippet maxLines="0"> </Snippet>
      <description>355
UTC 19-04-2026 05:41:32.00
GpsMilliseconds 1460612510000
22.3227755,87.3122293, EA(5m)
AltWgs84 -14.4 m, EA(1m)
Hdg 275 deg, Spd 4.0 m/s
EA(0.0 deg, 0.0 m/s)</description>
      <Style>
        <IconStyle>
          <Icon>
            <href>http://maps.google.com/mapfiles/kml/shapes/shaded_dot.png</href>
          </Icon>
          <scale>0.6</scale>
          <color>bf00ff00</color>
        </IconStyle>
      </Style>
      <Point>
        <altitudeMode>clampToGround</altitudeMode>
        <coordinates>87.3122292833333,22.32277555,0</coordinates>
      </Point>
    </Placemark>
    <Placemark>
      <Snippet maxLines="0"> </Snippet>
      <description>356
UTC 19-04-2026 05:41:33.00
GpsMilliseconds 1460612511000
22.3227767,87.3121856, EA(5m)
AltWgs84 -14.9 m, EA(1m)
Hdg 275 deg, Spd 4.0 m/s
EA(0.0 deg, 0.0 m/s)</description>
      <Style>
        <IconStyle>
          <Icon>
            <href>http://maps.google.com/mapfiles/kml/shapes/shaded_dot.png</href>
          </Icon>
          <scale>0.6</scale>
          <color>bf00ff00</color>
        </IconStyle>
      </Style>
      <Point>
        <altitudeMode>clampToGround</altitudeMode>
        <coordinates>87.3121856333333,22.3227767333333,0</coordinates>
      </Point>
    </Placemark>
    <Placemark>
      <Snippet maxLines="0"> </Snippet>
      <description>357
UTC 19-04-2026 05:41:34.00
GpsMilliseconds 1460612512000
22.3227786,87.3121440, EA(5m)
AltWgs84 -15.5 m, EA(1m)
Hdg 276 deg, Spd 4.0 m/s
EA(0.0 deg, 0.0 m/s)</description>
      <Style>
        <IconStyle>
          <Icon>
            <href>http://maps.google.com/mapfiles/kml/shapes/shaded_dot.png</href>
          </Icon>
          <scale>0.6</scale>
          <color>bf00ff00</color>
        </IconStyle>
      </Style>
      <Point>
        <altitudeMode>clampToGround</altitudeMode>
        <coordinates>87.3121439666667,22.3227786,0</coordinates>
      </Point>
    </Placemark>
    <Placemark>
      <Snippet maxLines="0"> </Snippet>
      <description>358
UTC 19-04-2026 05:41:35.00
GpsMilliseconds 1460612513000
22.3227812,87.3121067, EA(5m)
AltWgs84 -15.3 m, EA(1m)
Hdg 277 deg, Spd 3.9 m/s
EA(0.0 deg, 0.0 m/s)</description>
      <Style>
        <IconStyle>
          <Icon>
            <href>http://maps.google.com/mapfiles/kml/shapes/shaded_dot.png</href>
          </Icon>
          <scale>0.6</scale>
          <color>bf00ff00</color>
        </IconStyle>
      </Style>
      <Point>
        <altitudeMode>clampToGround</altitudeMode>
        <coordinates>87.3121067,22.3227812333333,0</coordinates>
      </Point>
    </Placemark>
    <Placemark>
      <Snippet maxLines="0"> </Snippet>
      <description>359
UTC 19-04-2026 05:41:36.00
GpsMilliseconds 1460612514000
22.3227872,87.3120691, EA(5m)
AltWgs84 -15.1 m, EA(1m)
Hdg 279 deg, Spd 3.8 m/s
EA(0.0 deg, 0.0 m/s)</description>
      <Style>
        <IconStyle>
          <Icon>
            <href>http://maps.google.com/mapfiles/kml/shapes/shaded_dot.png</href>
          </Icon>
          <scale>0.6</scale>
          <color>bf00ff00</color>
        </IconStyle>
      </Style>
      <Point>
        <altitudeMode>clampToGround</altitudeMode>
        <coordinates>87.3120690666667,22.3227872166667,0</coordinates>
      </Point>
    </Placemark>
    <Placemark>
      <Snippet maxLines="0"> </Snippet>
      <description>360
UTC 19-04-2026 05:41:37.00
GpsMilliseconds 1460612515000
22.3227950,87.3120313, EA(5m)
AltWgs84 -14.9 m, EA(1m)
Hdg 280 deg, Spd 3.8 m/s
EA(0.0 deg, 0.0 m/s)</description>
      <Style>
        <IconStyle>
          <Icon>
            <href>http://maps.google.com/mapfiles/kml/shapes/shaded_dot.png</href>
          </Icon>
          <scale>0.6</scale>
          <color>bf00ff00</color>
        </IconStyle>
      </Style>
      <Point>
        <altitudeMode>clampToGround</altitudeMode>
        <coordinates>87.3120313166667,22.3227949666667,0</coordinates>
      </Point>
    </Placemark>
    <Placemark>
      <Snippet maxLines="0"> </Snippet>
      <description>361
UTC 19-04-2026 05:41:38.00
GpsMilliseconds 1460612516000
22.3228025,87.3119930, EA(5m)
AltWgs84 -14.8 m, EA(1m)
Hdg 281 deg, Spd 3.9 m/s
EA(0.0 deg, 0.0 m/s)</description>
      <Style>
        <IconStyle>
          <Icon>
            <href>http://maps.google.com/mapfiles/kml/shapes/shaded_dot.png</href>
          </Icon>
          <scale>0.6</scale>
          <color>bf00ff00</color>
        </IconStyle>
      </Style>
      <Point>
        <altitudeMode>clampToGround</altitudeMode>
        <coordinates>87.3119930333333,22.3228024833333,0</coordinates>
      </Point>
    </Placemark>
    <Placemark>
      <Snippet maxLines="0"> </Snippet>
      <description>362
UTC 19-04-2026 05:41:39.00
GpsMilliseconds 1460612517000
22.3228084,87.3119539, EA(5m)
AltWgs84 -14.5 m, EA(1m)
Hdg 279 deg, Spd 4.0 m/s
EA(0.0 deg, 0.0 m/s)</description>
      <Style>
        <IconStyle>
          <Icon>
            <href>http://maps.google.com/mapfiles/kml/shapes/shaded_dot.png</href>
          </Icon>
          <scale>0.6</scale>
          <color>bf00ff00</color>
        </IconStyle>
      </Style>
      <Point>
        <altitudeMode>clampToGround</altitudeMode>
        <coordinates>87.3119538666667,22.3228083666667,0</coordinates>
      </Point>
    </Placemark>
    <Placemark>
      <Snippet maxLines="0"> </Snippet>
      <description>363
UTC 19-04-2026 05:41:40.00
GpsMilliseconds 1460612518000
22.3228128,87.3119136, EA(5m)
AltWgs84 -15.0 m, EA(1m)
Hdg 276 deg, Spd 4.0 m/s
EA(0.0 deg, 0.0 m/s)</description>
      <Style>
        <IconStyle>
          <Icon>
            <href>http://maps.google.com/mapfiles/kml/shapes/shaded_dot.png</href>
          </Icon>
          <scale>0.6</scale>
          <color>bf00ff00</color>
        </IconStyle>
      </Style>
      <Point>
        <altitudeMode>clampToGround</altitudeMode>
        <coordinates>87.31191365,22.3228127833333,0</coordinates>
      </Point>
    </Placemark>
    <Placemark>
      <Snippet maxLines="0"> </Snippet>
      <description>364
UTC 19-04-2026 05:41:41.00
GpsMilliseconds 1460612519000
22.3228155,87.3118741, EA(5m)
AltWgs84 -14.7 m, EA(1m)
Hdg 275 deg, Spd 4.1 m/s
EA(0.0 deg, 0.0 m/s)</description>
      <Style>
        <IconStyle>
          <Icon>
            <href>http://maps.google.com/mapfiles/kml/shapes/shaded_dot.png</href>
          </Icon>
          <scale>0.6</scale>
          <color>bf00ff00</color>
        </IconStyle>
      </Style>
      <Point>
        <altitudeMode>clampToGround</altitudeMode>
        <coordinates>87.3118740666667,22.3228155333333,0</coordinates>
      </Point>
    </Placemark>
    <Placemark>
      <Snippet maxLines="0"> </Snippet>
      <description>365
UTC 19-04-2026 05:41:42.00
GpsMilliseconds 1460612520000
22.3228179,87.3118405, EA(5m)
AltWgs84 -14.0 m, EA(1m)
Hdg 275 deg, Spd 3.9 m/s
EA(0.0 deg, 0.0 m/s)</description>
      <Style>
        <IconStyle>
          <Icon>
            <href>http://maps.google.com/mapfiles/kml/shapes/shaded_dot.png</href>
          </Icon>
          <scale>0.6</scale>
          <color>bf00ff00</color>
        </IconStyle>
      </Style>
      <Point>
        <altitudeMode>clampToGround</altitudeMode>
        <coordinates>87.3118404833333,22.3228178666667,0</coordinates>
      </Point>
    </Placemark>
    <Placemark>
      <Snippet maxLines="0"> </Snippet>
      <description>366
UTC 19-04-2026 05:41:43.00
GpsMilliseconds 1460612521000
22.3228175,87.3118050, EA(6m)
AltWgs84 -14.9 m, EA(1m)
Hdg 273 deg, Spd 4.0 m/s
EA(0.0 deg, 0.0 m/s)</description>
      <Style>
        <IconStyle>
          <Icon>
            <href>http://maps.google.com/mapfiles/kml/shapes/shaded_dot.png</href>
          </Icon>
          <scale>0.6</scale>
          <color>bf00ff00</color>
        </IconStyle>
      </Style>
      <Point>
        <altitudeMode>clampToGround</altitudeMode>
        <coordinates>87.3118049833333,22.32281755,0</coordinates>
      </Point>
    </Placemark>
    <Placemark>
      <Snippet maxLines="0"> </Snippet>
      <description>367
UTC 19-04-2026 05:41:44.00
GpsMilliseconds 1460612522000
22.3228174,87.3117668, EA(6m)
AltWgs84 -15.1 m, EA(1m)
Hdg 272 deg, Spd 4.1 m/s
EA(0.0 deg, 0.0 m/s)</description>
      <Style>
        <IconStyle>
          <Icon>
            <href>http://maps.google.com/mapfiles/kml/shapes/shaded_dot.png</href>
          </Icon>
          <scale>0.6</scale>
          <color>bf00ff00</color>
        </IconStyle>
      </Style>
      <Point>
        <altitudeMode>clampToGround</altitudeMode>
        <coordinates>87.31176685,22.32281735,0</coordinates>
      </Point>
    </Placemark>
    <Placemark>
      <Snippet maxLines="0"> </Snippet>
      <description>368
UTC 19-04-2026 05:41:45.00
GpsMilliseconds 1460612523000
22.3228184,87.3117295, EA(6m)
AltWgs84 -15.2 m, EA(1m)
Hdg 273 deg, Spd 3.9 m/s
EA(0.0 deg, 0.0 m/s)</description>
      <Style>
        <IconStyle>
          <Icon>
            <href>http://maps.google.com/mapfiles/kml/shapes/shaded_dot.png</href>
          </Icon>
          <scale>0.6</scale>
          <color>bf00ff00</color>
        </IconStyle>
      </Style>
      <Point>
        <altitudeMode>clampToGround</altitudeMode>
        <coordinates>87.3117294833333,22.32281845,0</coordinates>
      </Point>
    </Placemark>
    <Placemark>
      <Snippet maxLines="0"> </Snippet>
      <description>369
UTC 19-04-2026 05:41:46.00
GpsMilliseconds 1460612524000
22.3228220,87.3116888, EA(6m)
AltWgs84 -15.3 m, EA(1m)
Hdg 275 deg, Spd 4.2 m/s
EA(0.0 deg, 0.0 m/s)</description>
      <Style>
        <IconStyle>
          <Icon>
            <href>http://maps.google.com/mapfiles/kml/shapes/shaded_dot.png</href>
          </Icon>
          <scale>0.6</scale>
          <color>bf00ff00</color>
        </IconStyle>
      </Style>
      <Point>
        <altitudeMode>clampToGround</altitudeMode>
        <coordinates>87.31168875,22.3228220166667,0</coordinates>
      </Point>
    </Placemark>
    <Placemark>
      <Snippet maxLines="0"> </Snippet>
      <description>370
UTC 19-04-2026 05:41:47.00
GpsMilliseconds 1460612525000
22.3228256,87.3116474, EA(5m)
AltWgs84 -15.9 m, EA(1m)
Hdg 274 deg, Spd 4.2 m/s
EA(0.0 deg, 0.0 m/s)</description>
      <Style>
        <IconStyle>
          <Icon>
            <href>http://maps.google.com/mapfiles/kml/shapes/shaded_dot.png</href>
          </Icon>
          <scale>0.6</scale>
          <color>bf00ff00</color>
        </IconStyle>
      </Style>
      <Point>
        <altitudeMode>clampToGround</altitudeMode>
        <coordinates>87.3116474166667,22.3228255833333,0</coordinates>
      </Point>
    </Placemark>
    <Placemark>
      <Snippet maxLines="0"> </Snippet>
      <description>371
UTC 19-04-2026 05:41:48.00
GpsMilliseconds 1460612526000
22.3228281,87.3116072, EA(6m)
AltWgs84 -16.6 m, EA(1m)
Hdg 273 deg, Spd 4.1 m/s
EA(0.0 deg, 0.0 m/s)</description>
      <Style>
        <IconStyle>
          <Icon>
            <href>http://maps.google.com/mapfiles/kml/shapes/shaded_dot.png</href>
          </Icon>
          <scale>0.6</scale>
          <color>bf00ff00</color>
        </IconStyle>
      </Style>
      <Point>
        <altitudeMode>clampToGround</altitudeMode>
        <coordinates>87.3116071833333,22.3228280666667,0</coordinates>
      </Point>
    </Placemark>
    <Placemark>
      <Snippet maxLines="0"> </Snippet>
      <description>372
UTC 19-04-2026 05:41:49.00
GpsMilliseconds 1460612527000
22.3228249,87.3115633, EA(5m)
AltWgs84 -18.5 m, EA(1m)
Hdg 273 deg, Spd 4.0 m/s
EA(0.0 deg, 0.0 m/s)</description>
      <Style>
        <IconStyle>
          <Icon>
            <href>http://maps.google.com/mapfiles/kml/shapes/shaded_dot.png</href>
          </Icon>
          <scale>0.6</scale>
          <color>bf00ff00</color>
        </IconStyle>
      </Style>
      <Point>
        <altitudeMode>clampToGround</altitudeMode>
        <coordinates>87.3115632833333,22.3228248666667,0</coordinates>
      </Point>
    </Placemark>
    <Placemark>
      <Snippet maxLines="0"> </Snippet>
      <description>373
UTC 19-04-2026 05:41:50.00
GpsMilliseconds 1460612528000
22.3228233,87.3115218, EA(5m)
AltWgs84 -18.6 m, EA(1m)
Hdg 274 deg, Spd 4.0 m/s
EA(0.0 deg, 0.0 m/s)</description>
      <Style>
        <IconStyle>
          <Icon>
            <href>http://maps.google.com/mapfiles/kml/shapes/shaded_dot.png</href>
          </Icon>
          <scale>0.6</scale>
          <color>bf00ff00</color>
        </IconStyle>
      </Style>
      <Point>
        <altitudeMode>clampToGround</altitudeMode>
        <coordinates>87.3115218166667,22.3228232666667,0</coordinates>
      </Point>
    </Placemark>
    <Placemark>
      <Snippet maxLines="0"> </Snippet>
      <description>374
UTC 19-04-2026 05:41:51.00
GpsMilliseconds 1460612529000
22.3228248,87.3114827, EA(5m)
AltWgs84 -18.6 m, EA(1m)
Hdg 276 deg, Spd 3.9 m/s
EA(0.0 deg, 0.0 m/s)</description>
      <Style>
        <IconStyle>
          <Icon>
            <href>http://maps.google.com/mapfiles/kml/shapes/shaded_dot.png</href>
          </Icon>
          <scale>0.6</scale>
          <color>bf00ff00</color>
        </IconStyle>
      </Style>
      <Point>
        <altitudeMode>clampToGround</altitudeMode>
        <coordinates>87.3114826833333,22.3228248166667,0</coordinates>
      </Point>
    </Placemark>
    <Placemark>
      <Snippet maxLines="0"> </Snippet>
      <description>375
UTC 19-04-2026 05:41:52.00
GpsMilliseconds 1460612530000
22.3228286,87.3114440, EA(5m)
AltWgs84 -18.8 m, EA(1m)
Hdg 277 deg, Spd 4.0 m/s
EA(0.0 deg, 0.0 m/s)</description>
      <Style>
        <IconStyle>
          <Icon>
            <href>http://maps.google.com/mapfiles/kml/shapes/shaded_dot.png</href>
          </Icon>
          <scale>0.6</scale>
          <color>bf00ff00</color>
        </IconStyle>
      </Style>
      <Point>
        <altitudeMode>clampToGround</altitudeMode>
        <coordinates>87.3114440333333,22.3228286333333,0</coordinates>
      </Point>
    </Placemark>
    <Placemark>
      <Snippet maxLines="0"> </Snippet>
      <description>376
UTC 19-04-2026 05:41:53.00
GpsMilliseconds 1460612531000
22.3228336,87.3114065, EA(5m)
AltWgs84 -18.9 m, EA(1m)
Hdg 277 deg, Spd 3.9 m/s
EA(0.0 deg, 0.0 m/s)</description>
      <Style>
        <IconStyle>
          <Icon>
            <href>http://maps.google.com/mapfiles/kml/shapes/shaded_dot.png</href>
          </Icon>
          <scale>0.6</scale>
          <color>bf00ff00</color>
        </IconStyle>
      </Style>
      <Point>
        <altitudeMode>clampToGround</altitudeMode>
        <coordinates>87.3114065333333,22.32283365,0</coordinates>
      </Point>
    </Placemark>
    <Placemark>
      <Snippet maxLines="0"> </Snippet>
      <description>377
UTC 19-04-2026 05:41:54.00
GpsMilliseconds 1460612532000
22.3228378,87.3113685, EA(5m)
AltWgs84 -18.8 m, EA(1m)
Hdg 276 deg, Spd 4.0 m/s
EA(0.0 deg, 0.0 m/s)</description>
      <Style>
        <IconStyle>
          <Icon>
            <href>http://maps.google.com/mapfiles/kml/shapes/shaded_dot.png</href>
          </Icon>
          <scale>0.6</scale>
          <color>bf00ff00</color>
        </IconStyle>
      </Style>
      <Point>
        <altitudeMode>clampToGround</altitudeMode>
        <coordinates>87.3113685333333,22.3228377666667,0</coordinates>
      </Point>
    </Placemark>
    <Placemark>
      <Snippet maxLines="0"> </Snippet>
      <description>378
UTC 19-04-2026 05:41:55.00
GpsMilliseconds 1460612533000
22.3228410,87.3113305, EA(6m)
AltWgs84 -19.0 m, EA(1m)
Hdg 275 deg, Spd 4.0 m/s
EA(0.0 deg, 0.0 m/s)</description>
      <Style>
        <IconStyle>
          <Icon>
            <href>http://maps.google.com/mapfiles/kml/shapes/shaded_dot.png</href>
          </Icon>
          <scale>0.6</scale>
          <color>bf00ff00</color>
        </IconStyle>
      </Style>
      <Point>
        <altitudeMode>clampToGround</altitudeMode>
        <coordinates>87.3113305333333,22.3228409666667,0</coordinates>
      </Point>
    </Placemark>
    <Placemark>
      <Snippet maxLines="0"> </Snippet>
      <description>379
UTC 19-04-2026 05:41:56.00
GpsMilliseconds 1460612534000
22.3228439,87.3112922, EA(6m)
AltWgs84 -19.2 m, EA(1m)
Hdg 275 deg, Spd 4.0 m/s
EA(0.0 deg, 0.0 m/s)</description>
      <Style>
        <IconStyle>
          <Icon>
            <href>http://maps.google.com/mapfiles/kml/shapes/shaded_dot.png</href>
          </Icon>
          <scale>0.6</scale>
          <color>bf00ff00</color>
        </IconStyle>
      </Style>
      <Point>
        <altitudeMode>clampToGround</altitudeMode>
        <coordinates>87.3112922333333,22.3228439166667,0</coordinates>
      </Point>
    </Placemark>
    <Placemark>
      <Snippet maxLines="0"> </Snippet>
      <description>380
UTC 19-04-2026 05:41:57.00
GpsMilliseconds 1460612535000
22.3228476,87.3112543, EA(7m)
AltWgs84 -19.4 m, EA(1m)
Hdg 276 deg, Spd 4.0 m/s
EA(0.0 deg, 0.0 m/s)</description>
      <Style>
        <IconStyle>
          <Icon>
            <href>http://maps.google.com/mapfiles/kml/shapes/shaded_dot.png</href>
          </Icon>
          <scale>0.6</scale>
          <color>bf00ff00</color>
        </IconStyle>
      </Style>
      <Point>
        <altitudeMode>clampToGround</altitudeMode>
        <coordinates>87.3112543166667,22.3228475833333,0</coordinates>
      </Point>
    </Placemark>
    <Placemark>
      <Snippet maxLines="0"> </Snippet>
      <description>381
UTC 19-04-2026 05:41:58.00
GpsMilliseconds 1460612536000
22.3228502,87.3112167, EA(7m)
AltWgs84 -19.9 m, EA(1m)
Hdg 274 deg, Spd 4.0 m/s
EA(0.0 deg, 0.0 m/s)</description>
      <Style>
        <IconStyle>
          <Icon>
            <href>http://maps.google.com/mapfiles/kml/shapes/shaded_dot.png</href>
          </Icon>
          <scale>0.6</scale>
          <color>bf00ff00</color>
        </IconStyle>
      </Style>
      <Point>
        <altitudeMode>clampToGround</altitudeMode>
        <coordinates>87.3112167166667,22.3228501666667,0</coordinates>
      </Point>
    </Placemark>
    <Placemark>
      <Snippet maxLines="0"> </Snippet>
      <description>382
UTC 19-04-2026 05:41:59.00
GpsMilliseconds 1460612537000
22.3228518,87.3111793, EA(6m)
AltWgs84 -20.5 m, EA(1m)
Hdg 272 deg, Spd 3.9 m/s
EA(0.0 deg, 0.0 m/s)</description>
      <Style>
        <IconStyle>
          <Icon>
            <href>http://maps.google.com/mapfiles/kml/shapes/shaded_dot.png</href>
          </Icon>
          <scale>0.6</scale>
          <color>bf00ff00</color>
        </IconStyle>
      </Style>
      <Point>
        <altitudeMode>clampToGround</altitudeMode>
        <coordinates>87.3111792666667,22.32285185,0</coordinates>
      </Point>
    </Placemark>
    <Placemark>
      <Snippet maxLines="0"> </Snippet>
      <description>383
UTC 19-04-2026 05:42:00.00
GpsMilliseconds 1460612538000
22.3228562,87.3111394, EA(6m)
AltWgs84 -19.5 m, EA(1m)
Hdg 274 deg, Spd 3.9 m/s
EA(0.0 deg, 0.0 m/s)</description>
      <Style>
        <IconStyle>
          <Icon>
            <href>http://maps.google.com/mapfiles/kml/shapes/shaded_dot.png</href>
          </Icon>
          <scale>0.6</scale>
          <color>bf00ff00</color>
        </IconStyle>
      </Style>
      <Point>
        <altitudeMode>clampToGround</altitudeMode>
        <coordinates>87.3111394166667,22.3228562166667,0</coordinates>
      </Point>
    </Placemark>
    <Placemark>
      <Snippet maxLines="0"> </Snippet>
      <description>384
UTC 19-04-2026 05:42:01.00
GpsMilliseconds 1460612539000
22.3228615,87.3110990, EA(6m)
AltWgs84 -19.4 m, EA(1m)
Hdg 276 deg, Spd 4.0 m/s
EA(0.0 deg, 0.0 m/s)</description>
      <Style>
        <IconStyle>
          <Icon>
            <href>http://maps.google.com/mapfiles/kml/shapes/shaded_dot.png</href>
          </Icon>
          <scale>0.6</scale>
          <color>bf00ff00</color>
        </IconStyle>
      </Style>
      <Point>
        <altitudeMode>clampToGround</altitudeMode>
        <coordinates>87.3110989666667,22.3228614666667,0</coordinates>
      </Point>
    </Placemark>
    <Placemark>
      <Snippet maxLines="0"> </Snippet>
      <description>385
UTC 19-04-2026 05:42:02.00
GpsMilliseconds 1460612540000
22.3228661,87.3110612, EA(5m)
AltWgs84 -19.1 m, EA(1m)
Hdg 277 deg, Spd 3.8 m/s
EA(0.0 deg, 0.0 m/s)</description>
      <Style>
        <IconStyle>
          <Icon>
            <href>http://maps.google.com/mapfiles/kml/shapes/shaded_dot.png</href>
          </Icon>
          <scale>0.6</scale>
          <color>bf00ff00</color>
        </IconStyle>
      </Style>
      <Point>
        <altitudeMode>clampToGround</altitudeMode>
        <coordinates>87.3110612333333,22.3228660666667,0</coordinates>
      </Point>
    </Placemark>
    <Placemark>
      <Snippet maxLines="0"> </Snippet>
      <description>386
UTC 19-04-2026 05:42:03.00
GpsMilliseconds 1460612541000
22.3228703,87.3110246, EA(5m)
AltWgs84 -19.2 m, EA(1m)
Hdg 275 deg, Spd 3.8 m/s
EA(0.0 deg, 0.0 m/s)</description>
      <Style>
        <IconStyle>
          <Icon>
            <href>http://maps.google.com/mapfiles/kml/shapes/shaded_dot.png</href>
          </Icon>
          <scale>0.6</scale>
          <color>bf00ff00</color>
        </IconStyle>
      </Style>
      <Point>
        <altitudeMode>clampToGround</altitudeMode>
        <coordinates>87.3110246333333,22.3228703333333,0</coordinates>
      </Point>
    </Placemark>
    <Placemark>
      <Snippet maxLines="0"> </Snippet>
      <description>387
UTC 19-04-2026 05:42:04.00
GpsMilliseconds 1460612542000
22.3228728,87.3109931, EA(5m)
AltWgs84 -18.8 m, EA(1m)
Hdg 275 deg, Spd 3.2 m/s
EA(0.0 deg, 0.0 m/s)</description>
      <Style>
        <IconStyle>
          <Icon>
            <href>http://maps.google.com/mapfiles/kml/shapes/shaded_dot.png</href>
          </Icon>
          <scale>0.6</scale>
          <color>bf00ff00</color>
        </IconStyle>
      </Style>
      <Point>
        <altitudeMode>clampToGround</altitudeMode>
        <coordinates>87.3109931166667,22.3228727666667,0</coordinates>
      </Point>
    </Placemark>
    <Placemark>
      <Snippet maxLines="0"> </Snippet>
      <description>388
UTC 19-04-2026 05:42:05.00
GpsMilliseconds 1460612543000
22.3228762,87.3109558, EA(6m)
AltWgs84 -18.9 m, EA(1m)
Hdg 276 deg, Spd 3.8 m/s
EA(0.0 deg, 0.0 m/s)</description>
      <Style>
        <IconStyle>
          <Icon>
            <href>http://maps.google.com/mapfiles/kml/shapes/shaded_dot.png</href>
          </Icon>
          <scale>0.6</scale>
          <color>bf00ff00</color>
        </IconStyle>
      </Style>
      <Point>
        <altitudeMode>clampToGround</altitudeMode>
        <coordinates>87.3109558166667,22.3228761666667,0</coordinates>
      </Point>
    </Placemark>
    <Placemark>
      <Snippet maxLines="0"> </Snippet>
      <description>389
UTC 19-04-2026 05:42:06.00
GpsMilliseconds 1460612544000
22.3228785,87.3109245, EA(6m)
AltWgs84 -18.6 m, EA(1m)
Hdg 274 deg, Spd 3.2 m/s
EA(0.0 deg, 0.0 m/s)</description>
      <Style>
        <IconStyle>
          <Icon>
            <href>http://maps.google.com/mapfiles/kml/shapes/shaded_dot.png</href>
          </Icon>
          <scale>0.6</scale>
          <color>bf00ff00</color>
        </IconStyle>
      </Style>
      <Point>
        <altitudeMode>clampToGround</altitudeMode>
        <coordinates>87.3109245,22.32287855,0</coordinates>
      </Point>
    </Placemark>
    <Placemark>
      <Snippet maxLines="0"> </Snippet>
      <description>390
UTC 19-04-2026 05:42:07.00
GpsMilliseconds 1460612545000
22.3228856,87.3108813, EA(6m)
AltWgs84 -16.5 m, EA(1m)
Hdg 270 deg, Spd 3.9 m/s
EA(0.0 deg, 0.0 m/s)</description>
      <Style>
        <IconStyle>
          <Icon>
            <href>http://maps.google.com/mapfiles/kml/shapes/shaded_dot.png</href>
          </Icon>
          <scale>0.6</scale>
          <color>bf00ff00</color>
        </IconStyle>
      </Style>
      <Point>
        <altitudeMode>clampToGround</altitudeMode>
        <coordinates>87.3108813166667,22.3228856,0</coordinates>
      </Point>
    </Placemark>
    <Placemark>
      <Snippet maxLines="0"> </Snippet>
      <description>391
UTC 19-04-2026 05:42:08.00
GpsMilliseconds 1460612546000
22.3228860,87.3108391, EA(5m)
AltWgs84 -15.5 m, EA(1m)
Hdg 267 deg, Spd 3.9 m/s
EA(0.0 deg, 0.0 m/s)</description>
      <Style>
        <IconStyle>
          <Icon>
            <href>http://maps.google.com/mapfiles/kml/shapes/shaded_dot.png</href>
          </Icon>
          <scale>0.6</scale>
          <color>bf00ff00</color>
        </IconStyle>
      </Style>
      <Point>
        <altitudeMode>clampToGround</altitudeMode>
        <coordinates>87.3108391333333,22.322886,0</coordinates>
      </Point>
    </Placemark>
    <Placemark>
      <Snippet maxLines="0"> </Snippet>
      <description>392
UTC 19-04-2026 05:42:09.00
GpsMilliseconds 1460612547000
22.3228845,87.3108000, EA(5m)
AltWgs84 -16.9 m, EA(1m)
Hdg 265 deg, Spd 4.0 m/s
EA(0.0 deg, 0.0 m/s)</description>
      <Style>
        <IconStyle>
          <Icon>
            <href>http://maps.google.com/mapfiles/kml/shapes/shaded_dot.png</href>
          </Icon>
          <scale>0.6</scale>
          <color>bf00ff00</color>
        </IconStyle>
      </Style>
      <Point>
        <altitudeMode>clampToGround</altitudeMode>
        <coordinates>87.31079995,22.3228845166667,0</coordinates>
      </Point>
    </Placemark>
    <Placemark>
      <Snippet maxLines="0"> </Snippet>
      <description>393
UTC 19-04-2026 05:42:10.00
GpsMilliseconds 1460612548000
22.3228797,87.3107616, EA(5m)
AltWgs84 -16.8 m, EA(1m)
Hdg 261 deg, Spd 4.0 m/s
EA(0.0 deg, 0.0 m/s)</description>
      <Style>
        <IconStyle>
          <Icon>
            <href>http://maps.google.com/mapfiles/kml/shapes/shaded_dot.png</href>
          </Icon>
          <scale>0.6</scale>
          <color>bf00ff00</color>
        </IconStyle>
      </Style>
      <Point>
        <altitudeMode>clampToGround</altitudeMode>
        <coordinates>87.3107616333333,22.3228797166667,0</coordinates>
      </Point>
    </Placemark>
    <Placemark>
      <Snippet maxLines="0"> </Snippet>
      <description>394
UTC 19-04-2026 05:42:11.00
GpsMilliseconds 1460612549000
22.3228715,87.3107235, EA(5m)
AltWgs84 -16.0 m, EA(1m)
Hdg 258 deg, Spd 3.8 m/s
EA(0.0 deg, 0.0 m/s)</description>
      <Style>
        <IconStyle>
          <Icon>
            <href>http://maps.google.com/mapfiles/kml/shapes/shaded_dot.png</href>
          </Icon>
          <scale>0.6</scale>
          <color>bf00ff00</color>
        </IconStyle>
      </Style>
      <Point>
        <altitudeMode>clampToGround</altitudeMode>
        <coordinates>87.3107235166667,22.3228715333333,0</coordinates>
      </Point>
    </Placemark>
    <Placemark>
      <Snippet maxLines="0"> </Snippet>
      <description>395
UTC 19-04-2026 05:42:12.00
GpsMilliseconds 1460612550000
22.3228662,87.3106887, EA(5m)
AltWgs84 -15.3 m, EA(1m)
Hdg 260 deg, Spd 3.6 m/s
EA(0.0 deg, 0.0 m/s)</description>
      <Style>
        <IconStyle>
          <Icon>
            <href>http://maps.google.com/mapfiles/kml/shapes/shaded_dot.png</href>
          </Icon>
          <scale>0.6</scale>
          <color>bf00ff00</color>
        </IconStyle>
      </Style>
      <Point>
        <altitudeMode>clampToGround</altitudeMode>
        <coordinates>87.31068865,22.3228661833333,0</coordinates>
      </Point>
    </Placemark>
    <Placemark>
      <Snippet maxLines="0"> </Snippet>
      <description>396
UTC 19-04-2026 05:42:13.00
GpsMilliseconds 1460612551000
22.3228622,87.3106512, EA(5m)
AltWgs84 -14.9 m, EA(1m)
Hdg 261 deg, Spd 3.8 m/s
EA(0.0 deg, 0.0 m/s)</description>
      <Style>
        <IconStyle>
          <Icon>
            <href>http://maps.google.com/mapfiles/kml/shapes/shaded_dot.png</href>
          </Icon>
          <scale>0.6</scale>
          <color>bf00ff00</color>
        </IconStyle>
      </Style>
      <Point>
        <altitudeMode>clampToGround</altitudeMode>
        <coordinates>87.3106511666667,22.3228621833333,0</coordinates>
      </Point>
    </Placemark>
    <Placemark>
      <Snippet maxLines="0"> </Snippet>
      <description>397
UTC 19-04-2026 05:42:14.00
GpsMilliseconds 1460612552000
22.3228588,87.3106143, EA(5m)
AltWgs84 -15.5 m, EA(1m)
Hdg 263 deg, Spd 3.7 m/s
EA(0.0 deg, 0.0 m/s)</description>
      <Style>
        <IconStyle>
          <Icon>
            <href>http://maps.google.com/mapfiles/kml/shapes/shaded_dot.png</href>
          </Icon>
          <scale>0.6</scale>
          <color>bf00ff00</color>
        </IconStyle>
      </Style>
      <Point>
        <altitudeMode>clampToGround</altitudeMode>
        <coordinates>87.3106143,22.3228588,0</coordinates>
      </Point>
    </Placemark>
    <Placemark>
      <Snippet maxLines="0"> </Snippet>
      <description>398
UTC 19-04-2026 05:42:15.00
GpsMilliseconds 1460612553000
22.3228568,87.3105785, EA(5m)
AltWgs84 -15.5 m, EA(1m)
Hdg 265 deg, Spd 3.6 m/s
EA(0.0 deg, 0.0 m/s)</description>
      <Style>
        <IconStyle>
          <Icon>
            <href>http://maps.google.com/mapfiles/kml/shapes/shaded_dot.png</href>
          </Icon>
          <scale>0.6</scale>
          <color>bf00ff00</color>
        </IconStyle>
      </Style>
      <Point>
        <altitudeMode>clampToGround</altitudeMode>
        <coordinates>87.3105784833333,22.3228568333333,0</coordinates>
      </Point>
    </Placemark>
    <Placemark>
      <Snippet maxLines="0"> </Snippet>
      <description>399
UTC 19-04-2026 05:42:16.00
GpsMilliseconds 1460612554000
22.3228580,87.3105422, EA(5m)
AltWgs84 -15.0 m, EA(1m)
Hdg 271 deg, Spd 3.7 m/s
EA(0.0 deg, 0.0 m/s)</description>
      <Style>
        <IconStyle>
          <Icon>
            <href>http://maps.google.com/mapfiles/kml/shapes/shaded_dot.png</href>
          </Icon>
          <scale>0.6</scale>
          <color>bf00ff00</color>
        </IconStyle>
      </Style>
      <Point>
        <altitudeMode>clampToGround</altitudeMode>
        <coordinates>87.3105421833333,22.3228580333333,0</coordinates>
      </Point>
    </Placemark>
    <Placemark>
      <Snippet maxLines="0"> </Snippet>
      <description>400
UTC 19-04-2026 05:42:17.00
GpsMilliseconds 1460612555000
22.3228621,87.3105055, EA(5m)
AltWgs84 -13.6 m, EA(1m)
Hdg 272 deg, Spd 3.6 m/s
EA(0.0 deg, 0.0 m/s)</description>
      <Style>
        <IconStyle>
          <Icon>
            <href>http://maps.google.com/mapfiles/kml/shapes/shaded_dot.png</href>
          </Icon>
          <scale>0.6</scale>
          <color>bf00ff00</color>
        </IconStyle>
      </Style>
      <Point>
        <altitudeMode>clampToGround</altitudeMode>
        <coordinates>87.3105054833333,22.3228621166667,0</coordinates>
      </Point>
    </Placemark>
    <Placemark>
      <Snippet maxLines="0"> </Snippet>
      <description>401
UTC 19-04-2026 05:42:18.00
GpsMilliseconds 1460612556000
22.3228643,87.3104687, EA(6m)
AltWgs84 -13.3 m, EA(1m)
Hdg 271 deg, Spd 3.7 m/s
EA(0.0 deg, 0.0 m/s)</description>
      <Style>
        <IconStyle>
          <Icon>
            <href>http://maps.google.com/mapfiles/kml/shapes/shaded_dot.png</href>
          </Icon>
          <scale>0.6</scale>
          <color>bf00ff00</color>
        </IconStyle>
      </Style>
      <Point>
        <altitudeMode>clampToGround</altitudeMode>
        <coordinates>87.3104686833333,22.3228642833333,0</coordinates>
      </Point>
    </Placemark>
    <Placemark>
      <Snippet maxLines="0"> </Snippet>
      <description>402
UTC 19-04-2026 05:42:19.00
GpsMilliseconds 1460612557000
22.3228627,87.3104396, EA(5m)
AltWgs84 -13.0 m, EA(1m)
Hdg 264 deg, Spd 2.7 m/s
EA(0.0 deg, 0.0 m/s)</description>
      <Style>
        <IconStyle>
          <Icon>
            <href>http://maps.google.com/mapfiles/kml/shapes/shaded_dot.png</href>
          </Icon>
          <scale>0.6</scale>
          <color>bf00ff00</color>
        </IconStyle>
      </Style>
      <Point>
        <altitudeMode>clampToGround</altitudeMode>
        <coordinates>87.3104396166667,22.3228626833333,0</coordinates>
      </Point>
    </Placemark>
    <Placemark>
      <Snippet maxLines="0"> </Snippet>
      <description>403
UTC 19-04-2026 05:42:20.00
GpsMilliseconds 1460612558000
22.3228532,87.3104117, EA(5m)
AltWgs84 -12.9 m, EA(1m)
Hdg 248 deg, Spd 2.9 m/s
EA(0.0 deg, 0.0 m/s)</description>
      <Style>
        <IconStyle>
          <Icon>
            <href>http://maps.google.com/mapfiles/kml/shapes/shaded_dot.png</href>
          </Icon>
          <scale>0.6</scale>
          <color>bf00ff00</color>
        </IconStyle>
      </Style>
      <Point>
        <altitudeMode>clampToGround</altitudeMode>
        <coordinates>87.3104116666667,22.3228531666667,0</coordinates>
      </Point>
    </Placemark>
    <Placemark>
      <Snippet maxLines="0"> </Snippet>
      <description>404
UTC 19-04-2026 05:42:21.00
GpsMilliseconds 1460612559000
22.3228405,87.3103859, EA(5m)
AltWgs84 -12.5 m, EA(1m)
Hdg 241 deg, Spd 2.7 m/s
EA(0.0 deg, 0.0 m/s)</description>
      <Style>
        <IconStyle>
          <Icon>
            <href>http://maps.google.com/mapfiles/kml/shapes/shaded_dot.png</href>
          </Icon>
          <scale>0.6</scale>
          <color>bf00ff00</color>
        </IconStyle>
      </Style>
      <Point>
        <altitudeMode>clampToGround</altitudeMode>
        <coordinates>87.3103859333333,22.3228405333333,0</coordinates>
      </Point>
    </Placemark>
    <Placemark>
      <Snippet maxLines="0"> </Snippet>
      <description>405
UTC 19-04-2026 05:42:22.00
GpsMilliseconds 1460612560000
22.3228178,87.3103629, EA(5m)
AltWgs84 -12.5 m, EA(1m)
Hdg 225 deg, Spd 3.0 m/s
EA(0.0 deg, 0.0 m/s)</description>
      <Style>
        <IconStyle>
          <Icon>
            <href>http://maps.google.com/mapfiles/kml/shapes/shaded_dot.png</href>
          </Icon>
          <scale>0.6</scale>
          <color>bf00ff00</color>
        </IconStyle>
      </Style>
      <Point>
        <altitudeMode>clampToGround</altitudeMode>
        <coordinates>87.31036285,22.32281785,0</coordinates>
      </Point>
    </Placemark>
    <Placemark>
      <Snippet maxLines="0"> </Snippet>
      <description>406
UTC 19-04-2026 05:42:23.00
GpsMilliseconds 1460612561000
22.3227907,87.3103443, EA(5m)
AltWgs84 -12.0 m, EA(1m)
Hdg 217 deg, Spd 2.8 m/s
EA(0.0 deg, 0.0 m/s)</description>
      <Style>
        <IconStyle>
          <Icon>
            <href>http://maps.google.com/mapfiles/kml/shapes/shaded_dot.png</href>
          </Icon>
          <scale>0.6</scale>
          <color>bf00ff00</color>
        </IconStyle>
      </Style>
      <Point>
        <altitudeMode>clampToGround</altitudeMode>
        <coordinates>87.3103442666667,22.3227907,0</coordinates>
      </Point>
    </Placemark>
    <Placemark>
      <Snippet maxLines="0"> </Snippet>
      <description>407
UTC 19-04-2026 05:42:24.00
GpsMilliseconds 1460612562000
22.3227645,87.3103306, EA(5m)
AltWgs84 -11.1 m, EA(1m)
Hdg 207 deg, Spd 2.6 m/s
EA(0.0 deg, 0.0 m/s)</description>
      <Style>
        <IconStyle>
          <Icon>
            <href>http://maps.google.com/mapfiles/kml/shapes/shaded_dot.png</href>
          </Icon>
          <scale>0.6</scale>
          <color>bf00ff00</color>
        </IconStyle>
      </Style>
      <Point>
        <altitudeMode>clampToGround</altitudeMode>
        <coordinates>87.3103306166667,22.3227644666667,0</coordinates>
      </Point>
    </Placemark>
    <Placemark>
      <Snippet maxLines="0"> </Snippet>
      <description>408
UTC 19-04-2026 05:42:25.00
GpsMilliseconds 1460612563000
22.3227399,87.3103217, EA(5m)
AltWgs84 -11.2 m, EA(1m)
Hdg 202 deg, Spd 2.5 m/s
EA(0.0 deg, 0.0 m/s)</description>
      <Style>
        <IconStyle>
          <Icon>
            <href>http://maps.google.com/mapfiles/kml/shapes/shaded_dot.png</href>
          </Icon>
          <scale>0.6</scale>
          <color>bf00ff00</color>
        </IconStyle>
      </Style>
      <Point>
        <altitudeMode>clampToGround</altitudeMode>
        <coordinates>87.3103216833333,22.32273995,0</coordinates>
      </Point>
    </Placemark>
    <Placemark>
      <Snippet maxLines="0"> </Snippet>
      <description>409
UTC 19-04-2026 05:42:26.00
GpsMilliseconds 1460612564000
22.3227132,87.3103047, EA(5m)
AltWgs84 -10.6 m, EA(1m)
Hdg 212 deg, Spd 3.1 m/s
EA(0.0 deg, 0.0 m/s)</description>
      <Style>
        <IconStyle>
          <Icon>
            <href>http://maps.google.com/mapfiles/kml/shapes/shaded_dot.png</href>
          </Icon>
          <scale>0.6</scale>
          <color>bf00ff00</color>
        </IconStyle>
      </Style>
      <Point>
        <altitudeMode>clampToGround</altitudeMode>
        <coordinates>87.31030465,22.3227131666667,0</coordinates>
      </Point>
    </Placemark>
    <Placemark>
      <Snippet maxLines="0"> </Snippet>
      <description>410
UTC 19-04-2026 05:42:27.00
GpsMilliseconds 1460612565000
22.3226870,87.3102827, EA(5m)
AltWgs84 -10.0 m, EA(1m)
Hdg 217 deg, Spd 3.3 m/s
EA(0.0 deg, 0.0 m/s)</description>
      <Style>
        <IconStyle>
          <Icon>
            <href>http://maps.google.com/mapfiles/kml/shapes/shaded_dot.png</href>
          </Icon>
          <scale>0.6</scale>
          <color>bf00ff00</color>
        </IconStyle>
      </Style>
      <Point>
        <altitudeMode>clampToGround</altitudeMode>
        <coordinates>87.3102826666667,22.322687,0</coordinates>
      </Point>
    </Placemark>
    <Placemark>
      <Snippet maxLines="0"> </Snippet>
      <description>411
UTC 19-04-2026 05:42:28.00
GpsMilliseconds 1460612566000
22.3226636,87.3102627, EA(5m)
AltWgs84 -9.8 m, EA(1m)
Hdg 218 deg, Spd 2.9 m/s
EA(0.0 deg, 0.0 m/s)</description>
      <Style>
        <IconStyle>
          <Icon>
            <href>http://maps.google.com/mapfiles/kml/shapes/shaded_dot.png</href>
          </Icon>
          <scale>0.6</scale>
          <color>bf00ff00</color>
        </IconStyle>
      </Style>
      <Point>
        <altitudeMode>clampToGround</altitudeMode>
        <coordinates>87.3102626833333,22.3226636333333,0</coordinates>
      </Point>
    </Placemark>
    <Placemark>
      <Snippet maxLines="0"> </Snippet>
      <description>412
UTC 19-04-2026 05:42:29.00
GpsMilliseconds 1460612567000
22.3226450,87.3102445, EA(5m)
AltWgs84 -10.9 m, EA(1m)
Hdg 220 deg, Spd 2.4 m/s
EA(0.0 deg, 0.0 m/s)</description>
      <Style>
        <IconStyle>
          <Icon>
            <href>http://maps.google.com/mapfiles/kml/shapes/shaded_dot.png</href>
          </Icon>
          <scale>0.6</scale>
          <color>bf00ff00</color>
        </IconStyle>
      </Style>
      <Point>
        <altitudeMode>clampToGround</altitudeMode>
        <coordinates>87.3102445166667,22.32264505,0</coordinates>
      </Point>
    </Placemark>
    <Placemark>
      <Snippet maxLines="0"> </Snippet>
      <description>413
UTC 19-04-2026 05:42:30.00
GpsMilliseconds 1460612568000
22.3226236,87.3102289, EA(5m)
AltWgs84 -9.8 m, EA(1m)
Hdg 217 deg, Spd 2.5 m/s
EA(0.0 deg, 0.0 m/s)</description>
      <Style>
        <IconStyle>
          <Icon>
            <href>http://maps.google.com/mapfiles/kml/shapes/shaded_dot.png</href>
          </Icon>
          <scale>0.6</scale>
          <color>bf00ff00</color>
        </IconStyle>
      </Style>
      <Point>
        <altitudeMode>clampToGround</altitudeMode>
        <coordinates>87.3102289333333,22.3226236333333,0</coordinates>
      </Point>
    </Placemark>
    <Placemark>
      <Snippet maxLines="0"> </Snippet>
      <description>414
UTC 19-04-2026 05:42:31.00
GpsMilliseconds 1460612569000
22.3226005,87.3102120, EA(5m)
AltWgs84 -9.4 m, EA(1m)
Hdg 212 deg, Spd 2.6 m/s
EA(0.0 deg, 0.0 m/s)</description>
      <Style>
        <IconStyle>
          <Icon>
            <href>http://maps.google.com/mapfiles/kml/shapes/shaded_dot.png</href>
          </Icon>
          <scale>0.6</scale>
          <color>bf00ff00</color>
        </IconStyle>
      </Style>
      <Point>
        <altitudeMode>clampToGround</altitudeMode>
        <coordinates>87.3102119833333,22.3226005333333,0</coordinates>
      </Point>
    </Placemark>
    <Placemark>
      <Snippet maxLines="0"> </Snippet>
      <description>415
UTC 19-04-2026 05:42:32.00
GpsMilliseconds 1460612570000
22.3225690,87.3101960, EA(5m)
AltWgs84 -8.5 m, EA(1m)
Hdg 206 deg, Spd 3.0 m/s
EA(0.0 deg, 0.0 m/s)</description>
      <Style>
        <IconStyle>
          <Icon>
            <href>http://maps.google.com/mapfiles/kml/shapes/shaded_dot.png</href>
          </Icon>
          <scale>0.6</scale>
          <color>bf00ff00</color>
        </IconStyle>
      </Style>
      <Point>
        <altitudeMode>clampToGround</altitudeMode>
        <coordinates>87.3101959833333,22.32256895,0</coordinates>
      </Point>
    </Placemark>
    <Placemark>
      <Snippet maxLines="0"> </Snippet>
      <description>416
UTC 19-04-2026 05:42:33.00
GpsMilliseconds 1460612571000
22.3225361,87.3101852, EA(5m)
AltWgs84 -8.8 m, EA(1m)
Hdg 203 deg, Spd 3.2 m/s
EA(0.0 deg, 0.0 m/s)</description>
      <Style>
        <IconStyle>
          <Icon>
            <href>http://maps.google.com/mapfiles/kml/shapes/shaded_dot.png</href>
          </Icon>
          <scale>0.6</scale>
          <color>bf00ff00</color>
        </IconStyle>
      </Style>
      <Point>
        <altitudeMode>clampToGround</altitudeMode>
        <coordinates>87.3101851833333,22.3225360833333,0</coordinates>
      </Point>
    </Placemark>
    <Placemark>
      <Snippet maxLines="0"> </Snippet>
      <description>417
UTC 19-04-2026 05:42:34.00
GpsMilliseconds 1460612572000
22.3225099,87.3101757, EA(5m)
AltWgs84 -7.7 m, EA(1m)
Hdg 203 deg, Spd 2.8 m/s
EA(0.0 deg, 0.0 m/s)</description>
      <Style>
        <IconStyle>
          <Icon>
            <href>http://maps.google.com/mapfiles/kml/shapes/shaded_dot.png</href>
          </Icon>
          <scale>0.6</scale>
          <color>bf00ff00</color>
        </IconStyle>
      </Style>
      <Point>
        <altitudeMode>clampToGround</altitudeMode>
        <coordinates>87.3101757,22.3225099,0</coordinates>
      </Point>
    </Placemark>
    <Placemark>
      <Snippet maxLines="0"> </Snippet>
      <description>418
UTC 19-04-2026 05:42:35.00
GpsMilliseconds 1460612573000
22.3224753,87.3101673, EA(5m)
AltWgs84 -8.2 m, EA(1m)
Hdg 195 deg, Spd 3.5 m/s
EA(0.0 deg, 0.0 m/s)</description>
      <Style>
        <IconStyle>
          <Icon>
            <href>http://maps.google.com/mapfiles/kml/shapes/shaded_dot.png</href>
          </Icon>
          <scale>0.6</scale>
          <color>bf00ff00</color>
        </IconStyle>
      </Style>
      <Point>
        <altitudeMode>clampToGround</altitudeMode>
        <coordinates>87.31016725,22.32247525,0</coordinates>
      </Point>
    </Placemark>
    <Placemark>
      <Snippet maxLines="0"> </Snippet>
      <description>419
UTC 19-04-2026 05:42:36.00
GpsMilliseconds 1460612574000
22.3224401,87.3101647, EA(5m)
AltWgs84 -8.2 m, EA(1m)
Hdg 189 deg, Spd 3.3 m/s
EA(0.0 deg, 0.0 m/s)</description>
      <Style>
        <IconStyle>
          <Icon>
            <href>http://maps.google.com/mapfiles/kml/shapes/shaded_dot.png</href>
          </Icon>
          <scale>0.6</scale>
          <color>bf00ff00</color>
        </IconStyle>
      </Style>
      <Point>
        <altitudeMode>clampToGround</altitudeMode>
        <coordinates>87.3101647166667,22.3224400666667,0</coordinates>
      </Point>
    </Placemark>
    <Placemark>
      <Snippet maxLines="0"> </Snippet>
      <description>420
UTC 19-04-2026 05:42:37.00
GpsMilliseconds 1460612575000
22.3224052,87.3101574, EA(5m)
AltWgs84 -7.4 m, EA(1m)
Hdg 194 deg, Spd 3.5 m/s
EA(0.0 deg, 0.0 m/s)</description>
      <Style>
        <IconStyle>
          <Icon>
            <href>http://maps.google.com/mapfiles/kml/shapes/shaded_dot.png</href>
          </Icon>
          <scale>0.6</scale>
          <color>bf00ff00</color>
        </IconStyle>
      </Style>
      <Point>
        <altitudeMode>clampToGround</altitudeMode>
        <coordinates>87.3101574333333,22.3224052333333,0</coordinates>
      </Point>
    </Placemark>
    <Placemark>
      <Snippet maxLines="0"> </Snippet>
      <description>421
UTC 19-04-2026 05:42:38.00
GpsMilliseconds 1460612576000
22.3223750,87.3101448, EA(5m)
AltWgs84 -7.9 m, EA(1m)
Hdg 198 deg, Spd 3.1 m/s
EA(0.0 deg, 0.0 m/s)</description>
      <Style>
        <IconStyle>
          <Icon>
            <href>http://maps.google.com/mapfiles/kml/shapes/shaded_dot.png</href>
          </Icon>
          <scale>0.6</scale>
          <color>bf00ff00</color>
        </IconStyle>
      </Style>
      <Point>
        <altitudeMode>clampToGround</altitudeMode>
        <coordinates>87.3101448166667,22.3223749666667,0</coordinates>
      </Point>
    </Placemark>
    <Placemark>
      <Snippet maxLines="0"> </Snippet>
      <description>422
UTC 19-04-2026 05:42:39.00
GpsMilliseconds 1460612577000
22.3223438,87.3101319, EA(5m)
AltWgs84 -6.8 m, EA(1m)
Hdg 201 deg, Spd 3.4 m/s
EA(0.0 deg, 0.0 m/s)</description>
      <Style>
        <IconStyle>
          <Icon>
            <href>http://maps.google.com/mapfiles/kml/shapes/shaded_dot.png</href>
          </Icon>
          <scale>0.6</scale>
          <color>bf00ff00</color>
        </IconStyle>
      </Style>
      <Point>
        <altitudeMode>clampToGround</altitudeMode>
        <coordinates>87.31013185,22.3223437666667,0</coordinates>
      </Point>
    </Placemark>
    <Placemark>
      <Snippet maxLines="0"> </Snippet>
      <description>423
UTC 19-04-2026 05:42:40.00
GpsMilliseconds 1460612578000
22.3223158,87.3101189, EA(5m)
AltWgs84 -6.8 m, EA(1m)
Hdg 202 deg, Spd 3.1 m/s
EA(0.0 deg, 0.0 m/s)</description>
      <Style>
        <IconStyle>
          <Icon>
            <href>http://maps.google.com/mapfiles/kml/shapes/shaded_dot.png</href>
          </Icon>
          <scale>0.6</scale>
          <color>bf00ff00</color>
        </IconStyle>
      </Style>
      <Point>
        <altitudeMode>clampToGround</altitudeMode>
        <coordinates>87.3101189166667,22.3223157833333,0</coordinates>
      </Point>
    </Placemark>
    <Placemark>
      <Snippet maxLines="0"> </Snippet>
      <description>424
UTC 19-04-2026 05:42:41.00
GpsMilliseconds 1460612579000
22.3222828,87.3101044, EA(5m)
AltWgs84 -6.3 m, EA(1m)
Hdg 203 deg, Spd 3.5 m/s
EA(0.0 deg, 0.0 m/s)</description>
      <Style>
        <IconStyle>
          <Icon>
            <href>http://maps.google.com/mapfiles/kml/shapes/shaded_dot.png</href>
          </Icon>
          <scale>0.6</scale>
          <color>bf00ff00</color>
        </IconStyle>
      </Style>
      <Point>
        <altitudeMode>clampToGround</altitudeMode>
        <coordinates>87.3101043666667,22.3222827833333,0</coordinates>
      </Point>
    </Placemark>
    <Placemark>
      <Snippet maxLines="0"> </Snippet>
      <description>425
UTC 19-04-2026 05:42:42.00
GpsMilliseconds 1460612580000
22.3222512,87.3100892, EA(5m)
AltWgs84 -6.7 m, EA(1m)
Hdg 203 deg, Spd 3.4 m/s
EA(0.0 deg, 0.0 m/s)</description>
      <Style>
        <IconStyle>
          <Icon>
            <href>http://maps.google.com/mapfiles/kml/shapes/shaded_dot.png</href>
          </Icon>
          <scale>0.6</scale>
          <color>bf00ff00</color>
        </IconStyle>
      </Style>
      <Point>
        <altitudeMode>clampToGround</altitudeMode>
        <coordinates>87.3100892333333,22.3222512333333,0</coordinates>
      </Point>
    </Placemark>
    <Placemark>
      <Snippet maxLines="0"> </Snippet>
      <description>426
UTC 19-04-2026 05:42:43.00
GpsMilliseconds 1460612581000
22.3222206,87.3100800, EA(5m)
AltWgs84 -7.3 m, EA(1m)
Hdg 200 deg, Spd 3.2 m/s
EA(0.0 deg, 0.0 m/s)</description>
      <Style>
        <IconStyle>
          <Icon>
            <href>http://maps.google.com/mapfiles/kml/shapes/shaded_dot.png</href>
          </Icon>
          <scale>0.6</scale>
          <color>bf00ff00</color>
        </IconStyle>
      </Style>
      <Point>
        <altitudeMode>clampToGround</altitudeMode>
        <coordinates>87.3100799666667,22.3222205833333,0</coordinates>
      </Point>
    </Placemark>
    <Placemark>
      <Snippet maxLines="0"> </Snippet>
      <description>427
UTC 19-04-2026 05:42:44.00
GpsMilliseconds 1460612582000
22.3221873,87.3100649, EA(5m)
AltWgs84 -6.6 m, EA(1m)
Hdg 204 deg, Spd 3.5 m/s
EA(0.0 deg, 0.0 m/s)</description>
      <Style>
        <IconStyle>
          <Icon>
            <href>http://maps.google.com/mapfiles/kml/shapes/shaded_dot.png</href>
          </Icon>
          <scale>0.6</scale>
          <color>bf00ff00</color>
        </IconStyle>
      </Style>
      <Point>
        <altitudeMode>clampToGround</altitudeMode>
        <coordinates>87.3100648666667,22.3221872833333,0</coordinates>
      </Point>
    </Placemark>
    <Placemark>
      <Snippet maxLines="0"> </Snippet>
      <description>428
UTC 19-04-2026 05:42:45.00
GpsMilliseconds 1460612583000
22.3221538,87.3100452, EA(5m)
AltWgs84 -6.6 m, EA(1m)
Hdg 208 deg, Spd 3.6 m/s
EA(0.0 deg, 0.0 m/s)</description>
      <Style>
        <IconStyle>
          <Icon>
            <href>http://maps.google.com/mapfiles/kml/shapes/shaded_dot.png</href>
          </Icon>
          <scale>0.6</scale>
          <color>bf00ff00</color>
        </IconStyle>
      </Style>
      <Point>
        <altitudeMode>clampToGround</altitudeMode>
        <coordinates>87.3100451833333,22.3221538,0</coordinates>
      </Point>
    </Placemark>
    <Placemark>
      <Snippet maxLines="0"> </Snippet>
      <description>429
UTC 19-04-2026 05:42:46.00
GpsMilliseconds 1460612584000
22.3221211,87.3100257, EA(5m)
AltWgs84 -7.2 m, EA(1m)
Hdg 209 deg, Spd 3.7 m/s
EA(0.0 deg, 0.0 m/s)</description>
      <Style>
        <IconStyle>
          <Icon>
            <href>http://maps.google.com/mapfiles/kml/shapes/shaded_dot.png</href>
          </Icon>
          <scale>0.6</scale>
          <color>bf00ff00</color>
        </IconStyle>
      </Style>
      <Point>
        <altitudeMode>clampToGround</altitudeMode>
        <coordinates>87.3100256666667,22.3221211166667,0</coordinates>
      </Point>
    </Placemark>
    <Placemark>
      <Snippet maxLines="0"> </Snippet>
      <description>430
UTC 19-04-2026 05:42:47.00
GpsMilliseconds 1460612585000
22.3220884,87.3100068, EA(5m)
AltWgs84 -7.0 m, EA(1m)
Hdg 210 deg, Spd 3.7 m/s
EA(0.0 deg, 0.0 m/s)</description>
      <Style>
        <IconStyle>
          <Icon>
            <href>http://maps.google.com/mapfiles/kml/shapes/shaded_dot.png</href>
          </Icon>
          <scale>0.6</scale>
          <color>bf00ff00</color>
        </IconStyle>
      </Style>
      <Point>
        <altitudeMode>clampToGround</altitudeMode>
        <coordinates>87.3100067666667,22.3220884333333,0</coordinates>
      </Point>
    </Placemark>
    <Placemark>
      <Snippet maxLines="0"> </Snippet>
      <description>431
UTC 19-04-2026 05:42:48.00
GpsMilliseconds 1460612586000
22.3220427,87.3099885, EA(5m)
AltWgs84 -6.8 m, EA(1m)
Hdg 207 deg, Spd 3.8 m/s
EA(0.0 deg, 0.0 m/s)</description>
      <Style>
        <IconStyle>
          <Icon>
            <href>http://maps.google.com/mapfiles/kml/shapes/shaded_dot.png</href>
          </Icon>
          <scale>0.6</scale>
          <color>bf00ff00</color>
        </IconStyle>
      </Style>
      <Point>
        <altitudeMode>clampToGround</altitudeMode>
        <coordinates>87.3099884666667,22.3220427166667,0</coordinates>
      </Point>
    </Placemark>
    <Placemark>
      <Snippet maxLines="0"> </Snippet>
      <description>432
UTC 19-04-2026 05:42:49.00
GpsMilliseconds 1460612587000
22.3220093,87.3099678, EA(5m)
AltWgs84 -6.8 m, EA(1m)
Hdg 210 deg, Spd 3.8 m/s
EA(0.0 deg, 0.0 m/s)</description>
      <Style>
        <IconStyle>
          <Icon>
            <href>http://maps.google.com/mapfiles/kml/shapes/shaded_dot.png</href>
          </Icon>
          <scale>0.6</scale>
          <color>bf00ff00</color>
        </IconStyle>
      </Style>
      <Point>
        <altitudeMode>clampToGround</altitudeMode>
        <coordinates>87.3099678,22.32200925,0</coordinates>
      </Point>
    </Placemark>
    <Placemark>
      <Snippet maxLines="0"> </Snippet>
      <description>433
UTC 19-04-2026 05:42:50.00
GpsMilliseconds 1460612588000
22.3219771,87.3099498, EA(5m)
AltWgs84 -6.7 m, EA(1m)
Hdg 212 deg, Spd 3.9 m/s
EA(0.0 deg, 0.0 m/s)</description>
      <Style>
        <IconStyle>
          <Icon>
            <href>http://maps.google.com/mapfiles/kml/shapes/shaded_dot.png</href>
          </Icon>
          <scale>0.6</scale>
          <color>bf00ff00</color>
        </IconStyle>
      </Style>
      <Point>
        <altitudeMode>clampToGround</altitudeMode>
        <coordinates>87.30994975,22.3219770833333,0</coordinates>
      </Point>
    </Placemark>
    <Placemark>
      <Snippet maxLines="0"> </Snippet>
      <description>434
UTC 19-04-2026 05:42:51.00
GpsMilliseconds 1460612589000
22.3219483,87.3099328, EA(5m)
AltWgs84 -6.7 m, EA(1m)
Hdg 209 deg, Spd 3.8 m/s
EA(0.0 deg, 0.0 m/s)</description>
      <Style>
        <IconStyle>
          <Icon>
            <href>http://maps.google.com/mapfiles/kml/shapes/shaded_dot.png</href>
          </Icon>
          <scale>0.6</scale>
          <color>bf00ff00</color>
        </IconStyle>
      </Style>
      <Point>
        <altitudeMode>clampToGround</altitudeMode>
        <coordinates>87.3099328166667,22.3219482666667,0</coordinates>
      </Point>
    </Placemark>
    <Placemark>
      <Snippet maxLines="0"> </Snippet>
      <description>435
UTC 19-04-2026 05:42:52.00
GpsMilliseconds 1460612590000
22.3219181,87.3099151, EA(5m)
AltWgs84 -6.6 m, EA(1m)
Hdg 210 deg, Spd 4.0 m/s
EA(0.0 deg, 0.0 m/s)</description>
      <Style>
        <IconStyle>
          <Icon>
            <href>http://maps.google.com/mapfiles/kml/shapes/shaded_dot.png</href>
          </Icon>
          <scale>0.6</scale>
          <color>bf00ff00</color>
        </IconStyle>
      </Style>
      <Point>
        <altitudeMode>clampToGround</altitudeMode>
        <coordinates>87.30991515,22.3219181166667,0</coordinates>
      </Point>
    </Placemark>
    <Placemark>
      <Snippet maxLines="0"> </Snippet>
      <description>436
UTC 19-04-2026 05:42:53.00
GpsMilliseconds 1460612591000
22.3218888,87.3098919, EA(5m)
AltWgs84 -6.7 m, EA(1m)
Hdg 210 deg, Spd 3.9 m/s
EA(0.0 deg, 0.0 m/s)</description>
      <Style>
        <IconStyle>
          <Icon>
            <href>http://maps.google.com/mapfiles/kml/shapes/shaded_dot.png</href>
          </Icon>
          <scale>0.6</scale>
          <color>bf00ff00</color>
        </IconStyle>
      </Style>
      <Point>
        <altitudeMode>clampToGround</altitudeMode>
        <coordinates>87.3098918666667,22.3218888166667,0</coordinates>
      </Point>
    </Placemark>
    <Placemark>
      <Snippet maxLines="0"> </Snippet>
      <description>437
UTC 19-04-2026 05:42:54.00
GpsMilliseconds 1460612592000
22.3218538,87.3098681, EA(5m)
AltWgs84 -6.4 m, EA(1m)
Hdg 211 deg, Spd 4.1 m/s
EA(0.0 deg, 0.0 m/s)</description>
      <Style>
        <IconStyle>
          <Icon>
            <href>http://maps.google.com/mapfiles/kml/shapes/shaded_dot.png</href>
          </Icon>
          <scale>0.6</scale>
          <color>bf00ff00</color>
        </IconStyle>
      </Style>
      <Point>
        <altitudeMode>clampToGround</altitudeMode>
        <coordinates>87.3098680666667,22.3218537833333,0</coordinates>
      </Point>
    </Placemark>
    <Placemark>
      <Snippet maxLines="0"> </Snippet>
      <description>438
UTC 19-04-2026 05:42:55.00
GpsMilliseconds 1460612593000
22.3218243,87.3098467, EA(5m)
AltWgs84 -6.4 m, EA(1m)
Hdg 212 deg, Spd 4.0 m/s
EA(0.0 deg, 0.0 m/s)</description>
      <Style>
        <IconStyle>
          <Icon>
            <href>http://maps.google.com/mapfiles/kml/shapes/shaded_dot.png</href>
          </Icon>
          <scale>0.6</scale>
          <color>bf00ff00</color>
        </IconStyle>
      </Style>
      <Point>
        <altitudeMode>clampToGround</altitudeMode>
        <coordinates>87.3098467166667,22.3218243333333,0</coordinates>
      </Point>
    </Placemark>
    <Placemark>
      <Snippet maxLines="0"> </Snippet>
      <description>439
UTC 19-04-2026 05:42:56.00
GpsMilliseconds 1460612594000
22.3217942,87.3098252, EA(5m)
AltWgs84 -6.1 m, EA(1m)
Hdg 214 deg, Spd 4.0 m/s
EA(0.0 deg, 0.0 m/s)</description>
      <Style>
        <IconStyle>
          <Icon>
            <href>http://maps.google.com/mapfiles/kml/shapes/shaded_dot.png</href>
          </Icon>
          <scale>0.6</scale>
          <color>bf00ff00</color>
        </IconStyle>
      </Style>
      <Point>
        <altitudeMode>clampToGround</altitudeMode>
        <coordinates>87.3098251666667,22.3217942,0</coordinates>
      </Point>
    </Placemark>
    <Placemark>
      <Snippet maxLines="0"> </Snippet>
      <description>440
UTC 19-04-2026 05:42:57.00
GpsMilliseconds 1460612595000
22.3217647,87.3098028, EA(5m)
AltWgs84 -6.1 m, EA(1m)
Hdg 216 deg, Spd 4.0 m/s
EA(0.0 deg, 0.0 m/s)</description>
      <Style>
        <IconStyle>
          <Icon>
            <href>http://maps.google.com/mapfiles/kml/shapes/shaded_dot.png</href>
          </Icon>
          <scale>0.6</scale>
          <color>bf00ff00</color>
        </IconStyle>
      </Style>
      <Point>
        <altitudeMode>clampToGround</altitudeMode>
        <coordinates>87.3098028,22.3217646666667,0</coordinates>
      </Point>
    </Placemark>
    <Placemark>
      <Snippet maxLines="0"> </Snippet>
      <description>441
UTC 19-04-2026 05:42:58.00
GpsMilliseconds 1460612596000
22.3217361,87.3097799, EA(5m)
AltWgs84 -5.8 m, EA(1m)
Hdg 217 deg, Spd 4.0 m/s
EA(0.0 deg, 0.0 m/s)</description>
      <Style>
        <IconStyle>
          <Icon>
            <href>http://maps.google.com/mapfiles/kml/shapes/shaded_dot.png</href>
          </Icon>
          <scale>0.6</scale>
          <color>bf00ff00</color>
        </IconStyle>
      </Style>
      <Point>
        <altitudeMode>clampToGround</altitudeMode>
        <coordinates>87.3097798833333,22.3217361166667,0</coordinates>
      </Point>
    </Placemark>
    <Placemark>
      <Snippet maxLines="0"> </Snippet>
      <description>442
UTC 19-04-2026 05:42:59.00
GpsMilliseconds 1460612597000
22.3217067,87.3097579, EA(5m)
AltWgs84 -5.9 m, EA(1m)
Hdg 215 deg, Spd 4.0 m/s
EA(0.0 deg, 0.0 m/s)</description>
      <Style>
        <IconStyle>
          <Icon>
            <href>http://maps.google.com/mapfiles/kml/shapes/shaded_dot.png</href>
          </Icon>
          <scale>0.6</scale>
          <color>bf00ff00</color>
        </IconStyle>
      </Style>
      <Point>
        <altitudeMode>clampToGround</altitudeMode>
        <coordinates>87.3097579333333,22.3217067333333,0</coordinates>
      </Point>
    </Placemark>
    <Placemark>
      <Snippet maxLines="0"> </Snippet>
      <description>443
UTC 19-04-2026 05:43:00.00
GpsMilliseconds 1460612598000
22.3216759,87.3097367, EA(5m)
AltWgs84 -6.2 m, EA(1m)
Hdg 213 deg, Spd 4.0 m/s
EA(0.0 deg, 0.0 m/s)</description>
      <Style>
        <IconStyle>
          <Icon>
            <href>http://maps.google.com/mapfiles/kml/shapes/shaded_dot.png</href>
          </Icon>
          <scale>0.6</scale>
          <color>bf00ff00</color>
        </IconStyle>
      </Style>
      <Point>
        <altitudeMode>clampToGround</altitudeMode>
        <coordinates>87.3097366833333,22.3216758666667,0</coordinates>
      </Point>
    </Placemark>
    <Placemark>
      <Snippet maxLines="0"> </Snippet>
      <description>444
UTC 19-04-2026 05:43:01.00
GpsMilliseconds 1460612599000
22.3216449,87.3097155, EA(5m)
AltWgs84 -6.1 m, EA(1m)
Hdg 213 deg, Spd 4.1 m/s
EA(0.0 deg, 0.0 m/s)</description>
      <Style>
        <IconStyle>
          <Icon>
            <href>http://maps.google.com/mapfiles/kml/shapes/shaded_dot.png</href>
          </Icon>
          <scale>0.6</scale>
          <color>bf00ff00</color>
        </IconStyle>
      </Style>
      <Point>
        <altitudeMode>clampToGround</altitudeMode>
        <coordinates>87.3097154833333,22.3216449,0</coordinates>
      </Point>
    </Placemark>
    <Placemark>
      <Snippet maxLines="0"> </Snippet>
      <description>445
UTC 19-04-2026 05:43:02.00
GpsMilliseconds 1460612600000
22.3216120,87.3096952, EA(5m)
AltWgs84 -6.1 m, EA(1m)
Hdg 211 deg, Spd 4.1 m/s
EA(0.0 deg, 0.0 m/s)</description>
      <Style>
        <IconStyle>
          <Icon>
            <href>http://maps.google.com/mapfiles/kml/shapes/shaded_dot.png</href>
          </Icon>
          <scale>0.6</scale>
          <color>bf00ff00</color>
        </IconStyle>
      </Style>
      <Point>
        <altitudeMode>clampToGround</altitudeMode>
        <coordinates>87.3096952333333,22.3216119666667,0</coordinates>
      </Point>
    </Placemark>
    <Placemark>
      <Snippet maxLines="0"> </Snippet>
      <description>446
UTC 19-04-2026 05:43:03.00
GpsMilliseconds 1460612601000
22.3215783,87.3096733, EA(5m)
AltWgs84 -6.3 m, EA(1m)
Hdg 212 deg, Spd 4.0 m/s
EA(0.0 deg, 0.0 m/s)</description>
      <Style>
        <IconStyle>
          <Icon>
            <href>http://maps.google.com/mapfiles/kml/shapes/shaded_dot.png</href>
          </Icon>
          <scale>0.6</scale>
          <color>bf00ff00</color>
        </IconStyle>
      </Style>
      <Point>
        <altitudeMode>clampToGround</altitudeMode>
        <coordinates>87.3096732833333,22.3215783333333,0</coordinates>
      </Point>
    </Placemark>
    <Placemark>
      <Snippet maxLines="0"> </Snippet>
      <description>447
UTC 19-04-2026 05:43:04.00
GpsMilliseconds 1460612602000
22.3215456,87.3096521, EA(5m)
AltWgs84 -6.5 m, EA(1m)
Hdg 209 deg, Spd 3.9 m/s
EA(0.0 deg, 0.0 m/s)</description>
      <Style>
        <IconStyle>
          <Icon>
            <href>http://maps.google.com/mapfiles/kml/shapes/shaded_dot.png</href>
          </Icon>
          <scale>0.6</scale>
          <color>bf00ff00</color>
        </IconStyle>
      </Style>
      <Point>
        <altitudeMode>clampToGround</altitudeMode>
        <coordinates>87.3096521166667,22.3215456166667,0</coordinates>
      </Point>
    </Placemark>
    <Placemark>
      <Snippet maxLines="0"> </Snippet>
      <description>448
UTC 19-04-2026 05:43:05.00
GpsMilliseconds 1460612603000
22.3215172,87.3096333, EA(5m)
AltWgs84 -6.6 m, EA(1m)
Hdg 209 deg, Spd 3.5 m/s
EA(0.0 deg, 0.0 m/s)</description>
      <Style>
        <IconStyle>
          <Icon>
            <href>http://maps.google.com/mapfiles/kml/shapes/shaded_dot.png</href>
          </Icon>
          <scale>0.6</scale>
          <color>bf00ff00</color>
        </IconStyle>
      </Style>
      <Point>
        <altitudeMode>clampToGround</altitudeMode>
        <coordinates>87.3096332666667,22.3215171833333,0</coordinates>
      </Point>
    </Placemark>
    <Placemark>
      <Snippet maxLines="0"> </Snippet>
      <description>449
UTC 19-04-2026 05:43:06.00
GpsMilliseconds 1460612604000
22.3214938,87.3096161, EA(5m)
AltWgs84 -6.8 m, EA(1m)
Hdg 210 deg, Spd 2.8 m/s
EA(0.0 deg, 0.0 m/s)</description>
      <Style>
        <IconStyle>
          <Icon>
            <href>http://maps.google.com/mapfiles/kml/shapes/shaded_dot.png</href>
          </Icon>
          <scale>0.6</scale>
          <color>bf00ff00</color>
        </IconStyle>
      </Style>
      <Point>
        <altitudeMode>clampToGround</altitudeMode>
        <coordinates>87.3096161166667,22.3214938,0</coordinates>
      </Point>
    </Placemark>
    <Placemark>
      <Snippet maxLines="0"> </Snippet>
      <description>450
UTC 19-04-2026 05:43:07.00
GpsMilliseconds 1460612605000
22.3214649,87.3096005, EA(5m)
AltWgs84 -7.0 m, EA(1m)
Hdg 205 deg, Spd 4.1 m/s
EA(0.0 deg, 0.0 m/s)</description>
      <Style>
        <IconStyle>
          <Icon>
            <href>http://maps.google.com/mapfiles/kml/shapes/shaded_dot.png</href>
          </Icon>
          <scale>0.6</scale>
          <color>bf00ff00</color>
        </IconStyle>
      </Style>
      <Point>
        <altitudeMode>clampToGround</altitudeMode>
        <coordinates>87.3096005333333,22.3214649333333,0</coordinates>
      </Point>
    </Placemark>
    <Placemark>
      <Snippet maxLines="0"> </Snippet>
      <description>451
UTC 19-04-2026 05:43:08.00
GpsMilliseconds 1460612606000
22.3214321,87.3095842, EA(5m)
AltWgs84 -7.2 m, EA(1m)
Hdg 206 deg, Spd 3.8 m/s
EA(0.0 deg, 0.0 m/s)</description>
      <Style>
        <IconStyle>
          <Icon>
            <href>http://maps.google.com/mapfiles/kml/shapes/shaded_dot.png</href>
          </Icon>
          <scale>0.6</scale>
          <color>bf00ff00</color>
        </IconStyle>
      </Style>
      <Point>
        <altitudeMode>clampToGround</altitudeMode>
        <coordinates>87.3095842166667,22.3214320666667,0</coordinates>
      </Point>
    </Placemark>
    <Placemark>
      <Snippet maxLines="0"> </Snippet>
      <description>452
UTC 19-04-2026 05:43:09.00
GpsMilliseconds 1460612607000
22.3214013,87.3095663, EA(5m)
AltWgs84 -6.8 m, EA(1m)
Hdg 209 deg, Spd 3.9 m/s
EA(0.0 deg, 0.0 m/s)</description>
      <Style>
        <IconStyle>
          <Icon>
            <href>http://maps.google.com/mapfiles/kml/shapes/shaded_dot.png</href>
          </Icon>
          <scale>0.6</scale>
          <color>bf00ff00</color>
        </IconStyle>
      </Style>
      <Point>
        <altitudeMode>clampToGround</altitudeMode>
        <coordinates>87.30956625,22.3214012666667,0</coordinates>
      </Point>
    </Placemark>
    <Placemark>
      <Snippet maxLines="0"> </Snippet>
      <description>453
UTC 19-04-2026 05:43:10.00
GpsMilliseconds 1460612608000
22.3213705,87.3095471, EA(5m)
AltWgs84 -7.1 m, EA(1m)
Hdg 210 deg, Spd 4.0 m/s
EA(0.0 deg, 0.0 m/s)</description>
      <Style>
        <IconStyle>
          <Icon>
            <href>http://maps.google.com/mapfiles/kml/shapes/shaded_dot.png</href>
          </Icon>
          <scale>0.6</scale>
          <color>bf00ff00</color>
        </IconStyle>
      </Style>
      <Point>
        <altitudeMode>clampToGround</altitudeMode>
        <coordinates>87.3095471333333,22.3213704833333,0</coordinates>
      </Point>
    </Placemark>
    <Placemark>
      <Snippet maxLines="0"> </Snippet>
      <description>454
UTC 19-04-2026 05:43:11.00
GpsMilliseconds 1460612609000
22.3213384,87.3095267, EA(5m)
AltWgs84 -7.1 m, EA(1m)
Hdg 209 deg, Spd 4.1 m/s
EA(0.0 deg, 0.0 m/s)</description>
      <Style>
        <IconStyle>
          <Icon>
            <href>http://maps.google.com/mapfiles/kml/shapes/shaded_dot.png</href>
          </Icon>
          <scale>0.6</scale>
          <color>bf00ff00</color>
        </IconStyle>
      </Style>
      <Point>
        <altitudeMode>clampToGround</altitudeMode>
        <coordinates>87.3095266833333,22.3213383666667,0</coordinates>
      </Point>
    </Placemark>
    <Placemark>
      <Snippet maxLines="0"> </Snippet>
      <description>455
UTC 19-04-2026 05:43:12.00
GpsMilliseconds 1460612610000
22.3213067,87.3095081, EA(5m)
AltWgs84 -6.7 m, EA(1m)
Hdg 207 deg, Spd 4.0 m/s
EA(0.0 deg, 0.0 m/s)</description>
      <Style>
        <IconStyle>
          <Icon>
            <href>http://maps.google.com/mapfiles/kml/shapes/shaded_dot.png</href>
          </Icon>
          <scale>0.6</scale>
          <color>bf00ff00</color>
        </IconStyle>
      </Style>
      <Point>
        <altitudeMode>clampToGround</altitudeMode>
        <coordinates>87.3095081166667,22.3213067333333,0</coordinates>
      </Point>
    </Placemark>
    <Placemark>
      <Snippet maxLines="0"> </Snippet>
      <description>456
UTC 19-04-2026 05:43:13.00
GpsMilliseconds 1460612611000
22.3212748,87.3094899, EA(5m)
AltWgs84 -6.8 m, EA(1m)
Hdg 209 deg, Spd 4.0 m/s
EA(0.0 deg, 0.0 m/s)</description>
      <Style>
        <IconStyle>
          <Icon>
            <href>http://maps.google.com/mapfiles/kml/shapes/shaded_dot.png</href>
          </Icon>
          <scale>0.6</scale>
          <color>bf00ff00</color>
        </IconStyle>
      </Style>
      <Point>
        <altitudeMode>clampToGround</altitudeMode>
        <coordinates>87.3094898666667,22.3212748166667,0</coordinates>
      </Point>
    </Placemark>
    <Placemark>
      <Snippet maxLines="0"> </Snippet>
      <description>457
UTC 19-04-2026 05:43:14.00
GpsMilliseconds 1460612612000
22.3212436,87.3094723, EA(5m)
AltWgs84 -7.4 m, EA(1m)
Hdg 207 deg, Spd 3.8 m/s
EA(0.0 deg, 0.0 m/s)</description>
      <Style>
        <IconStyle>
          <Icon>
            <href>http://maps.google.com/mapfiles/kml/shapes/shaded_dot.png</href>
          </Icon>
          <scale>0.6</scale>
          <color>bf00ff00</color>
        </IconStyle>
      </Style>
      <Point>
        <altitudeMode>clampToGround</altitudeMode>
        <coordinates>87.3094723333333,22.3212436333333,0</coordinates>
      </Point>
    </Placemark>
    <Placemark>
      <Snippet maxLines="0"> </Snippet>
      <description>458
UTC 19-04-2026 05:43:15.00
GpsMilliseconds 1460612613000
22.3212100,87.3094541, EA(5m)
AltWgs84 -6.8 m, EA(1m)
Hdg 205 deg, Spd 3.8 m/s
EA(0.0 deg, 0.0 m/s)</description>
      <Style>
        <IconStyle>
          <Icon>
            <href>http://maps.google.com/mapfiles/kml/shapes/shaded_dot.png</href>
          </Icon>
          <scale>0.6</scale>
          <color>bf00ff00</color>
        </IconStyle>
      </Style>
      <Point>
        <altitudeMode>clampToGround</altitudeMode>
        <coordinates>87.30945415,22.32121,0</coordinates>
      </Point>
    </Placemark>
    <Placemark>
      <Snippet maxLines="0"> </Snippet>
      <description>459
UTC 19-04-2026 05:43:16.00
GpsMilliseconds 1460612614000
22.3211752,87.3094359, EA(5m)
AltWgs84 -5.9 m, EA(1m)
Hdg 207 deg, Spd 4.0 m/s
EA(0.0 deg, 0.0 m/s)</description>
      <Style>
        <IconStyle>
          <Icon>
            <href>http://maps.google.com/mapfiles/kml/shapes/shaded_dot.png</href>
          </Icon>
          <scale>0.6</scale>
          <color>bf00ff00</color>
        </IconStyle>
      </Style>
      <Point>
        <altitudeMode>clampToGround</altitudeMode>
        <coordinates>87.3094358666667,22.3211751833333,0</coordinates>
      </Point>
    </Placemark>
    <Placemark>
      <Snippet maxLines="0"> </Snippet>
      <description>460
UTC 19-04-2026 05:43:17.00
GpsMilliseconds 1460612615000
22.3211437,87.3094176, EA(5m)
AltWgs84 -5.7 m, EA(1m)
Hdg 207 deg, Spd 3.7 m/s
EA(0.0 deg, 0.0 m/s)</description>
      <Style>
        <IconStyle>
          <Icon>
            <href>http://maps.google.com/mapfiles/kml/shapes/shaded_dot.png</href>
          </Icon>
          <scale>0.6</scale>
          <color>bf00ff00</color>
        </IconStyle>
      </Style>
      <Point>
        <altitudeMode>clampToGround</altitudeMode>
        <coordinates>87.30941755,22.3211437166667,0</coordinates>
      </Point>
    </Placemark>
    <Placemark>
      <Snippet maxLines="0"> </Snippet>
      <description>461
UTC 19-04-2026 05:43:18.00
GpsMilliseconds 1460612616000
22.3211152,87.3094010, EA(5m)
AltWgs84 -6.1 m, EA(1m)
Hdg 207 deg, Spd 3.1 m/s
EA(0.0 deg, 0.0 m/s)</description>
      <Style>
        <IconStyle>
          <Icon>
            <href>http://maps.google.com/mapfiles/kml/shapes/shaded_dot.png</href>
          </Icon>
          <scale>0.6</scale>
          <color>bf00ff00</color>
        </IconStyle>
      </Style>
      <Point>
        <altitudeMode>clampToGround</altitudeMode>
        <coordinates>87.3094010166667,22.3211152333333,0</coordinates>
      </Point>
    </Placemark>
    <Placemark>
      <Snippet maxLines="0"> </Snippet>
      <description>462
UTC 19-04-2026 05:43:19.00
GpsMilliseconds 1460612617000
22.3210879,87.3093815, EA(5m)
AltWgs84 -7.5 m, EA(1m)
Hdg 210 deg, Spd 3.2 m/s
EA(0.0 deg, 0.0 m/s)</description>
      <Style>
        <IconStyle>
          <Icon>
            <href>http://maps.google.com/mapfiles/kml/shapes/shaded_dot.png</href>
          </Icon>
          <scale>0.6</scale>
          <color>bf00ff00</color>
        </IconStyle>
      </Style>
      <Point>
        <altitudeMode>clampToGround</altitudeMode>
        <coordinates>87.30938155,22.3210878666667,0</coordinates>
      </Point>
    </Placemark>
    <Placemark>
      <Snippet maxLines="0"> </Snippet>
      <description>463
UTC 19-04-2026 05:43:20.00
GpsMilliseconds 1460612618000
22.3210562,87.3093594, EA(5m)
AltWgs84 -6.9 m, EA(1m)
Hdg 209 deg, Spd 4.1 m/s
EA(0.0 deg, 0.0 m/s)</description>
      <Style>
        <IconStyle>
          <Icon>
            <href>http://maps.google.com/mapfiles/kml/shapes/shaded_dot.png</href>
          </Icon>
          <scale>0.6</scale>
          <color>bf00ff00</color>
        </IconStyle>
      </Style>
      <Point>
        <altitudeMode>clampToGround</altitudeMode>
        <coordinates>87.3093594333333,22.3210562166667,0</coordinates>
      </Point>
    </Placemark>
    <Placemark>
      <Snippet maxLines="0"> </Snippet>
      <description>464
UTC 19-04-2026 05:43:21.00
GpsMilliseconds 1460612619000
22.3210236,87.3093396, EA(5m)
AltWgs84 -6.4 m, EA(1m)
Hdg 207 deg, Spd 3.7 m/s
EA(0.0 deg, 0.0 m/s)</description>
      <Style>
        <IconStyle>
          <Icon>
            <href>http://maps.google.com/mapfiles/kml/shapes/shaded_dot.png</href>
          </Icon>
          <scale>0.6</scale>
          <color>bf00ff00</color>
        </IconStyle>
      </Style>
      <Point>
        <altitudeMode>clampToGround</altitudeMode>
        <coordinates>87.3093396166667,22.3210236,0</coordinates>
      </Point>
    </Placemark>
    <Placemark>
      <Snippet maxLines="0"> </Snippet>
      <description>465
UTC 19-04-2026 05:43:22.00
GpsMilliseconds 1460612620000
22.3209928,87.3093192, EA(5m)
AltWgs84 -6.4 m, EA(1m)
Hdg 207 deg, Spd 3.7 m/s
EA(0.0 deg, 0.0 m/s)</description>
      <Style>
        <IconStyle>
          <Icon>
            <href>http://maps.google.com/mapfiles/kml/shapes/shaded_dot.png</href>
          </Icon>
          <scale>0.6</scale>
          <color>bf00ff00</color>
        </IconStyle>
      </Style>
      <Point>
        <altitudeMode>clampToGround</altitudeMode>
        <coordinates>87.3093192,22.32099285,0</coordinates>
      </Point>
    </Placemark>
    <Placemark>
      <Snippet maxLines="0"> </Snippet>
      <description>466
UTC 19-04-2026 05:43:23.00
GpsMilliseconds 1460612621000
22.3209621,87.3092992, EA(5m)
AltWgs84 -6.7 m, EA(1m)
Hdg 209 deg, Spd 4.1 m/s
EA(0.0 deg, 0.0 m/s)</description>
      <Style>
        <IconStyle>
          <Icon>
            <href>http://maps.google.com/mapfiles/kml/shapes/shaded_dot.png</href>
          </Icon>
          <scale>0.6</scale>
          <color>bf00ff00</color>
        </IconStyle>
      </Style>
      <Point>
        <altitudeMode>clampToGround</altitudeMode>
        <coordinates>87.3092992166667,22.3209621166667,0</coordinates>
      </Point>
    </Placemark>
    <Placemark>
      <Snippet maxLines="0"> </Snippet>
      <description>467
UTC 19-04-2026 05:43:24.00
GpsMilliseconds 1460612622000
22.3209313,87.3092800, EA(5m)
AltWgs84 -7.2 m, EA(1m)
Hdg 209 deg, Spd 4.1 m/s
EA(0.0 deg, 0.0 m/s)</description>
      <Style>
        <IconStyle>
          <Icon>
            <href>http://maps.google.com/mapfiles/kml/shapes/shaded_dot.png</href>
          </Icon>
          <scale>0.6</scale>
          <color>bf00ff00</color>
        </IconStyle>
      </Style>
      <Point>
        <altitudeMode>clampToGround</altitudeMode>
        <coordinates>87.30927995,22.3209312666667,0</coordinates>
      </Point>
    </Placemark>
    <Placemark>
      <Snippet maxLines="0"> </Snippet>
      <description>468
UTC 19-04-2026 05:43:25.00
GpsMilliseconds 1460612623000
22.3208968,87.3092592, EA(5m)
AltWgs84 -6.5 m, EA(1m)
Hdg 208 deg, Spd 3.8 m/s
EA(0.0 deg, 0.0 m/s)</description>
      <Style>
        <IconStyle>
          <Icon>
            <href>http://maps.google.com/mapfiles/kml/shapes/shaded_dot.png</href>
          </Icon>
          <scale>0.6</scale>
          <color>bf00ff00</color>
        </IconStyle>
      </Style>
      <Point>
        <altitudeMode>clampToGround</altitudeMode>
        <coordinates>87.3092592166667,22.3208967833333,0</coordinates>
      </Point>
    </Placemark>
    <Placemark>
      <Snippet maxLines="0"> </Snippet>
      <description>469
UTC 19-04-2026 05:43:26.00
GpsMilliseconds 1460612624000
22.3208607,87.3092380, EA(5m)
AltWgs84 -7.4 m, EA(1m)
Hdg 208 deg, Spd 4.5 m/s
EA(0.0 deg, 0.0 m/s)</description>
      <Style>
        <IconStyle>
          <Icon>
            <href>http://maps.google.com/mapfiles/kml/shapes/shaded_dot.png</href>
          </Icon>
          <scale>0.6</scale>
          <color>bf00ff00</color>
        </IconStyle>
      </Style>
      <Point>
        <altitudeMode>clampToGround</altitudeMode>
        <coordinates>87.3092379833333,22.3208607333333,0</coordinates>
      </Point>
    </Placemark>
    <Placemark>
      <Snippet maxLines="0"> </Snippet>
      <description>470
UTC 19-04-2026 05:43:27.00
GpsMilliseconds 1460612625000
22.3208258,87.3092179, EA(5m)
AltWgs84 -7.5 m, EA(1m)
Hdg 207 deg, Spd 4.0 m/s
EA(0.0 deg, 0.0 m/s)</description>
      <Style>
        <IconStyle>
          <Icon>
            <href>http://maps.google.com/mapfiles/kml/shapes/shaded_dot.png</href>
          </Icon>
          <scale>0.6</scale>
          <color>bf00ff00</color>
        </IconStyle>
      </Style>
      <Point>
        <altitudeMode>clampToGround</altitudeMode>
        <coordinates>87.3092178833333,22.3208257666667,0</coordinates>
      </Point>
    </Placemark>
    <Placemark>
      <Snippet maxLines="0"> </Snippet>
      <description>471
UTC 19-04-2026 05:43:28.00
GpsMilliseconds 1460612626000
22.3207930,87.3092106, EA(5m)
AltWgs84 -8.3 m, EA(1m)
Hdg 194 deg, Spd 3.4 m/s
EA(0.0 deg, 0.0 m/s)</description>
      <Style>
        <IconStyle>
          <Icon>
            <href>http://maps.google.com/mapfiles/kml/shapes/shaded_dot.png</href>
          </Icon>
          <scale>0.6</scale>
          <color>bf00ff00</color>
        </IconStyle>
      </Style>
      <Point>
        <altitudeMode>clampToGround</altitudeMode>
        <coordinates>87.3092106333333,22.3207930333333,0</coordinates>
      </Point>
    </Placemark>
    <Placemark>
      <Snippet maxLines="0"> </Snippet>
      <description>472
UTC 19-04-2026 05:43:29.00
GpsMilliseconds 1460612627000
22.3207611,87.3092070, EA(5m)
AltWgs84 -8.4 m, EA(1m)
Hdg 187 deg, Spd 3.5 m/s
EA(0.0 deg, 0.0 m/s)</description>
      <Style>
        <IconStyle>
          <Icon>
            <href>http://maps.google.com/mapfiles/kml/shapes/shaded_dot.png</href>
          </Icon>
          <scale>0.6</scale>
          <color>bf00ff00</color>
        </IconStyle>
      </Style>
      <Point>
        <altitudeMode>clampToGround</altitudeMode>
        <coordinates>87.3092070333333,22.3207610833333,0</coordinates>
      </Point>
    </Placemark>
    <Placemark>
      <Snippet maxLines="0"> </Snippet>
      <description>473
UTC 19-04-2026 05:43:30.00
GpsMilliseconds 1460612628000
22.3207441,87.3091882, EA(6m)
AltWgs84 -8.4 m, EA(1m)
Hdg 221 deg, Spd 2.7 m/s
EA(0.0 deg, 0.0 m/s)</description>
      <Style>
        <IconStyle>
          <Icon>
            <href>http://maps.google.com/mapfiles/kml/shapes/shaded_dot.png</href>
          </Icon>
          <scale>0.6</scale>
          <color>bf00ff00</color>
        </IconStyle>
      </Style>
      <Point>
        <altitudeMode>clampToGround</altitudeMode>
        <coordinates>87.3091881666667,22.3207441166667,0</coordinates>
      </Point>
    </Placemark>
    <Placemark>
      <Snippet maxLines="0"> </Snippet>
      <description>474
UTC 19-04-2026 05:43:31.00
GpsMilliseconds 1460612629000
22.3207216,87.3091672, EA(6m)
AltWgs84 -8.0 m, EA(1m)
Hdg 219 deg, Spd 3.0 m/s
EA(0.0 deg, 0.0 m/s)</description>
      <Style>
        <IconStyle>
          <Icon>
            <href>http://maps.google.com/mapfiles/kml/shapes/shaded_dot.png</href>
          </Icon>
          <scale>0.6</scale>
          <color>bf00ff00</color>
        </IconStyle>
      </Style>
      <Point>
        <altitudeMode>clampToGround</altitudeMode>
        <coordinates>87.3091672333333,22.3207215666667,0</coordinates>
      </Point>
    </Placemark>
    <Placemark>
      <Snippet maxLines="0"> </Snippet>
      <description>475
UTC 19-04-2026 05:43:32.00
GpsMilliseconds 1460612630000
22.3207053,87.3091504, EA(6m)
AltWgs84 -7.1 m, EA(1m)
Hdg 224 deg, Spd 1.9 m/s
EA(0.0 deg, 0.0 m/s)</description>
      <Style>
        <IconStyle>
          <Icon>
            <href>http://maps.google.com/mapfiles/kml/shapes/shaded_dot.png</href>
          </Icon>
          <scale>0.6</scale>
          <color>bf00ff00</color>
        </IconStyle>
      </Style>
      <Point>
        <altitudeMode>clampToGround</altitudeMode>
        <coordinates>87.3091503666667,22.3207053333333,0</coordinates>
      </Point>
    </Placemark>
    <Placemark>
      <Snippet maxLines="0"> </Snippet>
      <description>476
UTC 19-04-2026 05:43:33.00
GpsMilliseconds 1460612631000
22.3207028,87.3091396, EA(6m)
AltWgs84 -7.3 m, EA(1m)
Hdg 233 deg, Spd 0.4 m/s
EA(0.0 deg, 0.0 m/s)</description>
      <Style>
        <IconStyle>
          <Icon>
            <href>http://maps.google.com/mapfiles/kml/shapes/shaded_dot.png</href>
          </Icon>
          <scale>0.6</scale>
          <color>bf00ff00</color>
        </IconStyle>
      </Style>
      <Point>
        <altitudeMode>clampToGround</altitudeMode>
        <coordinates>87.3091396333333,22.3207027666667,0</coordinates>
      </Point>
    </Placemark>
    <Placemark>
      <Snippet maxLines="0"> </Snippet>
      <description>477
UTC 19-04-2026 05:43:34.00
GpsMilliseconds 1460612632000
22.3207029,87.3091386, EA(7m)
AltWgs84 -7.5 m, EA(1m)
Hdg 206 deg, Spd 0.2 m/s
EA(0.0 deg, 0.0 m/s)</description>
      <Style>
        <IconStyle>
          <Icon>
            <href>http://maps.google.com/mapfiles/kml/shapes/shaded_dot.png</href>
          </Icon>
          <scale>0.6</scale>
          <color>bf00ff00</color>
        </IconStyle>
      </Style>
      <Point>
        <altitudeMode>clampToGround</altitudeMode>
        <coordinates>87.3091386333333,22.3207028833333,0</coordinates>
      </Point>
    </Placemark>
    <Placemark>
      <Snippet maxLines="0"> </Snippet>
      <description>478
UTC 19-04-2026 05:43:35.00
GpsMilliseconds 1460612633000
22.3206973,87.3091373, EA(7m)
AltWgs84 -7.0 m, EA(1m)
Hdg 216 deg, Spd 0.7 m/s
EA(0.0 deg, 0.0 m/s)</description>
      <Style>
        <IconStyle>
          <Icon>
            <href>http://maps.google.com/mapfiles/kml/shapes/shaded_dot.png</href>
          </Icon>
          <scale>0.6</scale>
          <color>bf00ff00</color>
        </IconStyle>
      </Style>
      <Point>
        <altitudeMode>clampToGround</altitudeMode>
        <coordinates>87.3091373166667,22.32069735,0</coordinates>
      </Point>
    </Placemark>
    <Placemark>
      <Snippet maxLines="0"> </Snippet>
      <description>479
UTC 19-04-2026 05:43:36.00
GpsMilliseconds 1460612634000
22.3206919,87.3091327, EA(7m)
AltWgs84 -6.9 m, EA(1m)
Hdg 223 deg, Spd 0.7 m/s
EA(0.0 deg, 0.0 m/s)</description>
      <Style>
        <IconStyle>
          <Icon>
            <href>http://maps.google.com/mapfiles/kml/shapes/shaded_dot.png</href>
          </Icon>
          <scale>0.6</scale>
          <color>bf00ff00</color>
        </IconStyle>
      </Style>
      <Point>
        <altitudeMode>clampToGround</altitudeMode>
        <coordinates>87.3091327166667,22.3206918833333,0</coordinates>
      </Point>
    </Placemark>
    <Placemark>
      <Snippet maxLines="0"> </Snippet>
      <description>480
UTC 19-04-2026 05:43:37.00
GpsMilliseconds 1460612635000
22.3206869,87.3091086, EA(6m)
AltWgs84 -7.2 m, EA(1m)
Hdg 256 deg, Spd 2.4 m/s
EA(0.0 deg, 0.0 m/s)</description>
      <Style>
        <IconStyle>
          <Icon>
            <href>http://maps.google.com/mapfiles/kml/shapes/shaded_dot.png</href>
          </Icon>
          <scale>0.6</scale>
          <color>bf00ff00</color>
        </IconStyle>
      </Style>
      <Point>
        <altitudeMode>clampToGround</altitudeMode>
        <coordinates>87.3091086,22.3206868666667,0</coordinates>
      </Point>
    </Placemark>
    <Placemark>
      <Snippet maxLines="0"> </Snippet>
      <description>481
UTC 19-04-2026 05:43:38.00
GpsMilliseconds 1460612636000
22.3206846,87.3090774, EA(6m)
AltWgs84 -6.5 m, EA(1m)
Hdg 272 deg, Spd 3.8 m/s
EA(0.0 deg, 0.0 m/s)</description>
      <Style>
        <IconStyle>
          <Icon>
            <href>http://maps.google.com/mapfiles/kml/shapes/shaded_dot.png</href>
          </Icon>
          <scale>0.6</scale>
          <color>bf00ff00</color>
        </IconStyle>
      </Style>
      <Point>
        <altitudeMode>clampToGround</altitudeMode>
        <coordinates>87.3090773666667,22.3206846333333,0</coordinates>
      </Point>
    </Placemark>
    <Placemark>
      <Snippet maxLines="0"> </Snippet>
      <description>482
UTC 19-04-2026 05:43:39.00
GpsMilliseconds 1460612637000
22.3206892,87.3090362, EA(6m)
AltWgs84 -6.4 m, EA(1m)
Hdg 279 deg, Spd 4.9 m/s
EA(0.0 deg, 0.0 m/s)</description>
      <Style>
        <IconStyle>
          <Icon>
            <href>http://maps.google.com/mapfiles/kml/shapes/shaded_dot.png</href>
          </Icon>
          <scale>0.6</scale>
          <color>bf00ff00</color>
        </IconStyle>
      </Style>
      <Point>
        <altitudeMode>clampToGround</altitudeMode>
        <coordinates>87.3090362166667,22.3206892333333,0</coordinates>
      </Point>
    </Placemark>
    <Placemark>
      <Snippet maxLines="0"> </Snippet>
      <description>483
UTC 19-04-2026 05:43:40.00
GpsMilliseconds 1460612638000
22.3206832,87.3090173, EA(6m)
AltWgs84 -6.1 m, EA(1m)
Hdg 280 deg, Spd 3.1 m/s
EA(0.0 deg, 0.0 m/s)</description>
      <Style>
        <IconStyle>
          <Icon>
            <href>http://maps.google.com/mapfiles/kml/shapes/shaded_dot.png</href>
          </Icon>
          <scale>0.6</scale>
          <color>bf00ff00</color>
        </IconStyle>
      </Style>
      <Point>
        <altitudeMode>clampToGround</altitudeMode>
        <coordinates>87.3090172666667,22.3206832333333,0</coordinates>
      </Point>
    </Placemark>
    <Placemark>
      <Snippet maxLines="0"> </Snippet>
      <description>484
UTC 19-04-2026 05:43:41.00
GpsMilliseconds 1460612639000
22.3206894,87.3089897, EA(6m)
AltWgs84 -5.9 m, EA(1m)
Hdg 285 deg, Spd 3.0 m/s
EA(0.0 deg, 0.0 m/s)</description>
      <Style>
        <IconStyle>
          <Icon>
            <href>http://maps.google.com/mapfiles/kml/shapes/shaded_dot.png</href>
          </Icon>
          <scale>0.6</scale>
          <color>bf00ff00</color>
        </IconStyle>
      </Style>
      <Point>
        <altitudeMode>clampToGround</altitudeMode>
        <coordinates>87.3089897333333,22.3206893666667,0</coordinates>
      </Point>
    </Placemark>
    <Placemark>
      <Snippet maxLines="0"> </Snippet>
      <description>485
UTC 19-04-2026 05:43:42.00
GpsMilliseconds 1460612640000
22.3206972,87.3089617, EA(7m)
AltWgs84 -5.9 m, EA(1m)
Hdg 287 deg, Spd 3.0 m/s
EA(0.0 deg, 0.0 m/s)</description>
      <Style>
        <IconStyle>
          <Icon>
            <href>http://maps.google.com/mapfiles/kml/shapes/shaded_dot.png</href>
          </Icon>
          <scale>0.6</scale>
          <color>bf00ff00</color>
        </IconStyle>
      </Style>
      <Point>
        <altitudeMode>clampToGround</altitudeMode>
        <coordinates>87.3089617333333,22.3206972166667,0</coordinates>
      </Point>
    </Placemark>
    <Placemark>
      <Snippet maxLines="0"> </Snippet>
      <description>486
UTC 19-04-2026 05:43:43.00
GpsMilliseconds 1460612641000
22.3206844,87.3089221, EA(8m)
AltWgs84 -5.1 m, EA(1m)
Hdg 276 deg, Spd 3.9 m/s
EA(0.0 deg, 0.0 m/s)</description>
      <Style>
        <IconStyle>
          <Icon>
            <href>http://maps.google.com/mapfiles/kml/shapes/shaded_dot.png</href>
          </Icon>
          <scale>0.6</scale>
          <color>bf00ff00</color>
        </IconStyle>
      </Style>
      <Point>
        <altitudeMode>clampToGround</altitudeMode>
        <coordinates>87.30892205,22.3206844166667,0</coordinates>
      </Point>
    </Placemark>
    <Placemark>
      <Snippet maxLines="0"> </Snippet>
      <description>487
UTC 19-04-2026 05:43:44.00
GpsMilliseconds 1460612642000
22.3207098,87.3089016, EA(7m)
AltWgs84 -5.9 m, EA(1m)
Hdg 296 deg, Spd 3.2 m/s
EA(0.0 deg, 0.0 m/s)</description>
      <Style>
        <IconStyle>
          <Icon>
            <href>http://maps.google.com/mapfiles/kml/shapes/shaded_dot.png</href>
          </Icon>
          <scale>0.6</scale>
          <color>bf00ff00</color>
        </IconStyle>
      </Style>
      <Point>
        <altitudeMode>clampToGround</altitudeMode>
        <coordinates>87.3089015833333,22.3207097666667,0</coordinates>
      </Point>
    </Placemark>
    <Placemark>
      <Snippet maxLines="0"> </Snippet>
      <description>488
UTC 19-04-2026 05:43:45.00
GpsMilliseconds 1460612643000
22.3207258,87.3088726, EA(7m)
AltWgs84 -6.7 m, EA(1m)
Hdg 297 deg, Spd 3.5 m/s
EA(0.0 deg, 0.0 m/s)</description>
      <Style>
        <IconStyle>
          <Icon>
            <href>http://maps.google.com/mapfiles/kml/shapes/shaded_dot.png</href>
          </Icon>
          <scale>0.6</scale>
          <color>bf00ff00</color>
        </IconStyle>
      </Style>
      <Point>
        <altitudeMode>clampToGround</altitudeMode>
        <coordinates>87.30887255,22.3207257666667,0</coordinates>
      </Point>
    </Placemark>
    <Placemark>
      <Snippet maxLines="0"> </Snippet>
      <description>489
UTC 19-04-2026 05:43:46.00
GpsMilliseconds 1460612644000
22.3207434,87.3088478, EA(7m)
AltWgs84 -6.2 m, EA(1m)
Hdg 306 deg, Spd 3.1 m/s
EA(0.0 deg, 0.0 m/s)</description>
      <Style>
        <IconStyle>
          <Icon>
            <href>http://maps.google.com/mapfiles/kml/shapes/shaded_dot.png</href>
          </Icon>
          <scale>0.6</scale>
          <color>bf00ff00</color>
        </IconStyle>
      </Style>
      <Point>
        <altitudeMode>clampToGround</altitudeMode>
        <coordinates>87.3088477833333,22.3207434333333,0</coordinates>
      </Point>
    </Placemark>
    <Placemark>
      <Snippet maxLines="0"> </Snippet>
      <description>490
UTC 19-04-2026 05:43:47.00
GpsMilliseconds 1460612645000
22.3207663,87.3088272, EA(8m)
AltWgs84 -5.4 m, EA(1m)
Hdg 308 deg, Spd 3.6 m/s
EA(0.0 deg, 0.0 m/s)</description>
      <Style>
        <IconStyle>
          <Icon>
            <href>http://maps.google.com/mapfiles/kml/shapes/shaded_dot.png</href>
          </Icon>
          <scale>0.6</scale>
          <color>bf00ff00</color>
        </IconStyle>
      </Style>
      <Point>
        <altitudeMode>clampToGround</altitudeMode>
        <coordinates>87.3088272333333,22.3207663333333,0</coordinates>
      </Point>
    </Placemark>
    <Placemark>
      <Snippet maxLines="0"> </Snippet>
      <description>491
UTC 19-04-2026 05:43:48.00
GpsMilliseconds 1460612646000
22.3207867,87.3088016, EA(8m)
AltWgs84 -4.9 m, EA(1m)
Hdg 306 deg, Spd 3.5 m/s
EA(0.0 deg, 0.0 m/s)</description>
      <Style>
        <IconStyle>
          <Icon>
            <href>http://maps.google.com/mapfiles/kml/shapes/shaded_dot.png</href>
          </Icon>
          <scale>0.6</scale>
          <color>bf00ff00</color>
        </IconStyle>
      </Style>
      <Point>
        <altitudeMode>clampToGround</altitudeMode>
        <coordinates>87.3088016166667,22.3207867333333,0</coordinates>
      </Point>
    </Placemark>
    <Placemark>
      <Snippet maxLines="0"> </Snippet>
      <description>492
UTC 19-04-2026 05:43:49.00
GpsMilliseconds 1460612647000
22.3208198,87.3087843, EA(7m)
AltWgs84 -6.7 m, EA(1m)
Hdg 312 deg, Spd 3.1 m/s
EA(0.0 deg, 0.0 m/s)</description>
      <Style>
        <IconStyle>
          <Icon>
            <href>http://maps.google.com/mapfiles/kml/shapes/shaded_dot.png</href>
          </Icon>
          <scale>0.6</scale>
          <color>bf00ff00</color>
        </IconStyle>
      </Style>
      <Point>
        <altitudeMode>clampToGround</altitudeMode>
        <coordinates>87.30878435,22.32081985,0</coordinates>
      </Point>
    </Placemark>
    <Placemark>
      <Snippet maxLines="0"> </Snippet>
      <description>493
UTC 19-04-2026 05:43:50.00
GpsMilliseconds 1460612648000
22.3208372,87.3087557, EA(8m)
AltWgs84 -6.8 m, EA(1m)
Hdg 303 deg, Spd 3.2 m/s
EA(0.0 deg, 0.0 m/s)</description>
      <Style>
        <IconStyle>
          <Icon>
            <href>http://maps.google.com/mapfiles/kml/shapes/shaded_dot.png</href>
          </Icon>
          <scale>0.6</scale>
          <color>bf00ff00</color>
        </IconStyle>
      </Style>
      <Point>
        <altitudeMode>clampToGround</altitudeMode>
        <coordinates>87.3087557166667,22.3208372333333,0</coordinates>
      </Point>
    </Placemark>
    <Placemark>
      <Snippet maxLines="0"> </Snippet>
      <description>494
UTC 19-04-2026 05:43:51.00
GpsMilliseconds 1460612649000
22.3208496,87.3087271, EA(8m)
AltWgs84 -6.2 m, EA(1m)
Hdg 291 deg, Spd 3.1 m/s
EA(0.0 deg, 0.0 m/s)</description>
      <Style>
        <IconStyle>
          <Icon>
            <href>http://maps.google.com/mapfiles/kml/shapes/shaded_dot.png</href>
          </Icon>
          <scale>0.6</scale>
          <color>bf00ff00</color>
        </IconStyle>
      </Style>
      <Point>
        <altitudeMode>clampToGround</altitudeMode>
        <coordinates>87.3087271333333,22.3208495833333,0</coordinates>
      </Point>
    </Placemark>
    <Placemark>
      <Snippet maxLines="0"> </Snippet>
      <description>495
UTC 19-04-2026 05:43:52.00
GpsMilliseconds 1460612650000
22.3208572,87.3086933, EA(8m)
AltWgs84 -6.5 m, EA(1m)
Hdg 285 deg, Spd 3.4 m/s
EA(0.0 deg, 0.0 m/s)</description>
      <Style>
        <IconStyle>
          <Icon>
            <href>http://maps.google.com/mapfiles/kml/shapes/shaded_dot.png</href>
          </Icon>
          <scale>0.6</scale>
          <color>bf00ff00</color>
        </IconStyle>
      </Style>
      <Point>
        <altitudeMode>clampToGround</altitudeMode>
        <coordinates>87.3086932833333,22.32085725,0</coordinates>
      </Point>
    </Placemark>
    <Placemark>
      <Snippet maxLines="0"> </Snippet>
      <description>496
UTC 19-04-2026 05:43:53.00
GpsMilliseconds 1460612651000
22.3208652,87.3086627, EA(8m)
AltWgs84 -7.1 m, EA(1m)
Hdg 285 deg, Spd 3.1 m/s
EA(0.0 deg, 0.0 m/s)</description>
      <Style>
        <IconStyle>
          <Icon>
            <href>http://maps.google.com/mapfiles/kml/shapes/shaded_dot.png</href>
          </Icon>
          <scale>0.6</scale>
          <color>bf00ff00</color>
        </IconStyle>
      </Style>
      <Point>
        <altitudeMode>clampToGround</altitudeMode>
        <coordinates>87.3086626833333,22.3208652,0</coordinates>
      </Point>
    </Placemark>
    <Placemark>
      <Snippet maxLines="0"> </Snippet>
      <description>497
UTC 19-04-2026 05:43:54.00
GpsMilliseconds 1460612652000
22.3208736,87.3086348, EA(7m)
AltWgs84 -7.5 m, EA(1m)
Hdg 287 deg, Spd 3.0 m/s
EA(0.0 deg, 0.0 m/s)</description>
      <Style>
        <IconStyle>
          <Icon>
            <href>http://maps.google.com/mapfiles/kml/shapes/shaded_dot.png</href>
          </Icon>
          <scale>0.6</scale>
          <color>bf00ff00</color>
        </IconStyle>
      </Style>
      <Point>
        <altitudeMode>clampToGround</altitudeMode>
        <coordinates>87.3086348333333,22.3208735833333,0</coordinates>
      </Point>
    </Placemark>
    <Placemark>
      <Snippet maxLines="0"> </Snippet>
      <description>498
UTC 19-04-2026 05:43:55.00
GpsMilliseconds 1460612653000
22.3208858,87.3086042, EA(8m)
AltWgs84 -7.6 m, EA(1m)
Hdg 293 deg, Spd 3.4 m/s
EA(0.0 deg, 0.0 m/s)</description>
      <Style>
        <IconStyle>
          <Icon>
            <href>http://maps.google.com/mapfiles/kml/shapes/shaded_dot.png</href>
          </Icon>
          <scale>0.6</scale>
          <color>bf00ff00</color>
        </IconStyle>
      </Style>
      <Point>
        <altitudeMode>clampToGround</altitudeMode>
        <coordinates>87.3086041666667,22.3208858166667,0</coordinates>
      </Point>
    </Placemark>
    <Placemark>
      <Snippet maxLines="0"> </Snippet>
      <description>499
UTC 19-04-2026 05:43:56.00
GpsMilliseconds 1460612654000
22.3208989,87.3085714, EA(8m)
AltWgs84 -8.0 m, EA(1m)
Hdg 294 deg, Spd 3.5 m/s
EA(0.0 deg, 0.0 m/s)</description>
      <Style>
        <IconStyle>
          <Icon>
            <href>http://maps.google.com/mapfiles/kml/shapes/shaded_dot.png</href>
          </Icon>
          <scale>0.6</scale>
          <color>bf00ff00</color>
        </IconStyle>
      </Style>
      <Point>
        <altitudeMode>clampToGround</altitudeMode>
        <coordinates>87.3085713666667,22.3208988666667,0</coordinates>
      </Point>
    </Placemark>
    <Placemark>
      <Snippet maxLines="0"> </Snippet>
      <description>500
UTC 19-04-2026 05:43:57.00
GpsMilliseconds 1460612655000
22.3209116,87.3085371, EA(9m)
AltWgs84 -8.2 m, EA(1m)
Hdg 295 deg, Spd 3.4 m/s
EA(0.0 deg, 0.0 m/s)</description>
      <Style>
        <IconStyle>
          <Icon>
            <href>http://maps.google.com/mapfiles/kml/shapes/shaded_dot.png</href>
          </Icon>
          <scale>0.6</scale>
          <color>bf00ff00</color>
        </IconStyle>
      </Style>
      <Point>
        <altitudeMode>clampToGround</altitudeMode>
        <coordinates>87.3085370666667,22.3209116333333,0</coordinates>
      </Point>
    </Placemark>
    <Placemark>
      <Snippet maxLines="0"> </Snippet>
      <description>501
UTC 19-04-2026 05:43:58.00
GpsMilliseconds 1460612656000
22.3209244,87.3085009, EA(6m)
AltWgs84 -9.9 m, EA(1m)
Hdg 297 deg, Spd 3.3 m/s
EA(0.0 deg, 0.0 m/s)</description>
      <Style>
        <IconStyle>
          <Icon>
            <href>http://maps.google.com/mapfiles/kml/shapes/shaded_dot.png</href>
          </Icon>
          <scale>0.6</scale>
          <color>bf00ff00</color>
        </IconStyle>
      </Style>
      <Point>
        <altitudeMode>clampToGround</altitudeMode>
        <coordinates>87.3085008666667,22.32092445,0</coordinates>
      </Point>
    </Placemark>
    <Placemark>
      <Snippet maxLines="0"> </Snippet>
      <description>502
UTC 19-04-2026 05:43:59.00
GpsMilliseconds 1460612657000
22.3209383,87.3084716, EA(6m)
AltWgs84 -8.2 m, EA(1m)
Hdg 299 deg, Spd 2.8 m/s
EA(0.0 deg, 0.0 m/s)</description>
      <Style>
        <IconStyle>
          <Icon>
            <href>http://maps.google.com/mapfiles/kml/shapes/shaded_dot.png</href>
          </Icon>
          <scale>0.6</scale>
          <color>bf00ff00</color>
        </IconStyle>
      </Style>
      <Point>
        <altitudeMode>clampToGround</altitudeMode>
        <coordinates>87.3084715833333,22.32093835,0</coordinates>
      </Point>
    </Placemark>
    <Placemark>
      <Snippet maxLines="0"> </Snippet>
      <description>503
UTC 19-04-2026 05:44:00.00
GpsMilliseconds 1460612658000
22.3209598,87.3084477, EA(6m)
AltWgs84 -7.8 m, EA(1m)
Hdg 307 deg, Spd 2.8 m/s
EA(0.0 deg, 0.0 m/s)</description>
      <Style>
        <IconStyle>
          <Icon>
            <href>http://maps.google.com/mapfiles/kml/shapes/shaded_dot.png</href>
          </Icon>
          <scale>0.6</scale>
          <color>bf00ff00</color>
        </IconStyle>
      </Style>
      <Point>
        <altitudeMode>clampToGround</altitudeMode>
        <coordinates>87.3084476666667,22.3209597666667,0</coordinates>
      </Point>
    </Placemark>
    <Placemark>
      <Snippet maxLines="0"> </Snippet>
      <description>504
UTC 19-04-2026 05:44:01.00
GpsMilliseconds 1460612659000
22.3209758,87.3084183, EA(6m)
AltWgs84 -8.5 m, EA(1m)
Hdg 297 deg, Spd 3.0 m/s
EA(0.0 deg, 0.0 m/s)</description>
      <Style>
        <IconStyle>
          <Icon>
            <href>http://maps.google.com/mapfiles/kml/shapes/shaded_dot.png</href>
          </Icon>
          <scale>0.6</scale>
          <color>bf00ff00</color>
        </IconStyle>
      </Style>
      <Point>
        <altitudeMode>clampToGround</altitudeMode>
        <coordinates>87.3084183,22.3209757833333,0</coordinates>
      </Point>
    </Placemark>
    <Placemark>
      <Snippet maxLines="0"> </Snippet>
      <description>505
UTC 19-04-2026 05:44:02.00
GpsMilliseconds 1460612660000
22.3209901,87.3083839, EA(6m)
AltWgs84 -9.3 m, EA(1m)
Hdg 294 deg, Spd 3.4 m/s
EA(0.0 deg, 0.0 m/s)</description>
      <Style>
        <IconStyle>
          <Icon>
            <href>http://maps.google.com/mapfiles/kml/shapes/shaded_dot.png</href>
          </Icon>
          <scale>0.6</scale>
          <color>bf00ff00</color>
        </IconStyle>
      </Style>
      <Point>
        <altitudeMode>clampToGround</altitudeMode>
        <coordinates>87.3083838833333,22.3209900833333,0</coordinates>
      </Point>
    </Placemark>
    <Placemark>
      <Snippet maxLines="0"> </Snippet>
      <description>506
UTC 19-04-2026 05:44:03.00
GpsMilliseconds 1460612661000
22.3210032,87.3083501, EA(6m)
AltWgs84 -9.6 m, EA(1m)
Hdg 295 deg, Spd 3.4 m/s
EA(0.0 deg, 0.0 m/s)</description>
      <Style>
        <IconStyle>
          <Icon>
            <href>http://maps.google.com/mapfiles/kml/shapes/shaded_dot.png</href>
          </Icon>
          <scale>0.6</scale>
          <color>bf00ff00</color>
        </IconStyle>
      </Style>
      <Point>
        <altitudeMode>clampToGround</altitudeMode>
        <coordinates>87.30835005,22.3210032166667,0</coordinates>
      </Point>
    </Placemark>
    <Placemark>
      <Snippet maxLines="0"> </Snippet>
      <description>507
UTC 19-04-2026 05:44:04.00
GpsMilliseconds 1460612662000
22.3210139,87.3083181, EA(6m)
AltWgs84 -9.6 m, EA(1m)
Hdg 293 deg, Spd 3.3 m/s
EA(0.0 deg, 0.0 m/s)</description>
      <Style>
        <IconStyle>
          <Icon>
            <href>http://maps.google.com/mapfiles/kml/shapes/shaded_dot.png</href>
          </Icon>
          <scale>0.6</scale>
          <color>bf00ff00</color>
        </IconStyle>
      </Style>
      <Point>
        <altitudeMode>clampToGround</altitudeMode>
        <coordinates>87.3083181333333,22.3210139333333,0</coordinates>
      </Point>
    </Placemark>
    <Placemark>
      <Snippet maxLines="0"> </Snippet>
      <description>508
UTC 19-04-2026 05:44:05.00
GpsMilliseconds 1460612663000
22.3210267,87.3082857, EA(6m)
AltWgs84 -9.8 m, EA(1m)
Hdg 294 deg, Spd 3.5 m/s
EA(0.0 deg, 0.0 m/s)</description>
      <Style>
        <IconStyle>
          <Icon>
            <href>http://maps.google.com/mapfiles/kml/shapes/shaded_dot.png</href>
          </Icon>
          <scale>0.6</scale>
          <color>bf00ff00</color>
        </IconStyle>
      </Style>
      <Point>
        <altitudeMode>clampToGround</altitudeMode>
        <coordinates>87.3082857333333,22.3210266833333,0</coordinates>
      </Point>
    </Placemark>
    <Placemark>
      <Snippet maxLines="0"> </Snippet>
      <description>509
UTC 19-04-2026 05:44:06.00
GpsMilliseconds 1460612664000
22.3210440,87.3082541, EA(7m)
AltWgs84 -9.4 m, EA(1m)
Hdg 296 deg, Spd 3.4 m/s
EA(0.0 deg, 0.0 m/s)</description>
      <Style>
        <IconStyle>
          <Icon>
            <href>http://maps.google.com/mapfiles/kml/shapes/shaded_dot.png</href>
          </Icon>
          <scale>0.6</scale>
          <color>bf00ff00</color>
        </IconStyle>
      </Style>
      <Point>
        <altitudeMode>clampToGround</altitudeMode>
        <coordinates>87.3082541333333,22.3210439666667,0</coordinates>
      </Point>
    </Placemark>
    <Placemark>
      <Snippet maxLines="0"> </Snippet>
      <description>510
UTC 19-04-2026 05:44:07.00
GpsMilliseconds 1460612665000
22.3210563,87.3082245, EA(7m)
AltWgs84 -9.1 m, EA(1m)
Hdg 295 deg, Spd 3.3 m/s
EA(0.0 deg, 0.0 m/s)</description>
      <Style>
        <IconStyle>
          <Icon>
            <href>http://maps.google.com/mapfiles/kml/shapes/shaded_dot.png</href>
          </Icon>
          <scale>0.6</scale>
          <color>bf00ff00</color>
        </IconStyle>
      </Style>
      <Point>
        <altitudeMode>clampToGround</altitudeMode>
        <coordinates>87.3082245166667,22.3210562666667,0</coordinates>
      </Point>
    </Placemark>
    <Placemark>
      <Snippet maxLines="0"> </Snippet>
      <description>511
UTC 19-04-2026 05:44:08.00
GpsMilliseconds 1460612666000
22.3210700,87.3081930, EA(7m)
AltWgs84 -8.3 m, EA(1m)
Hdg 293 deg, Spd 3.3 m/s
EA(0.0 deg, 0.0 m/s)</description>
      <Style>
        <IconStyle>
          <Icon>
            <href>http://maps.google.com/mapfiles/kml/shapes/shaded_dot.png</href>
          </Icon>
          <scale>0.6</scale>
          <color>bf00ff00</color>
        </IconStyle>
      </Style>
      <Point>
        <altitudeMode>clampToGround</altitudeMode>
        <coordinates>87.308193,22.32107005,0</coordinates>
      </Point>
    </Placemark>
    <Placemark>
      <Snippet maxLines="0"> </Snippet>
      <description>512
UTC 19-04-2026 05:44:09.00
GpsMilliseconds 1460612667000
22.3210790,87.3081596, EA(6m)
AltWgs84 -8.3 m, EA(1m)
Hdg 288 deg, Spd 3.4 m/s
EA(0.0 deg, 0.0 m/s)</description>
      <Style>
        <IconStyle>
          <Icon>
            <href>http://maps.google.com/mapfiles/kml/shapes/shaded_dot.png</href>
          </Icon>
          <scale>0.6</scale>
          <color>bf00ff00</color>
        </IconStyle>
      </Style>
      <Point>
        <altitudeMode>clampToGround</altitudeMode>
        <coordinates>87.3081595833333,22.3210789833333,0</coordinates>
      </Point>
    </Placemark>
    <Placemark>
      <Snippet maxLines="0"> </Snippet>
      <description>513
UTC 19-04-2026 05:44:10.00
GpsMilliseconds 1460612668000
22.3210869,87.3081260, EA(6m)
AltWgs84 -8.6 m, EA(1m)
Hdg 284 deg, Spd 3.4 m/s
EA(0.0 deg, 0.0 m/s)</description>
      <Style>
        <IconStyle>
          <Icon>
            <href>http://maps.google.com/mapfiles/kml/shapes/shaded_dot.png</href>
          </Icon>
          <scale>0.6</scale>
          <color>bf00ff00</color>
        </IconStyle>
      </Style>
      <Point>
        <altitudeMode>clampToGround</altitudeMode>
        <coordinates>87.3081260166667,22.3210868833333,0</coordinates>
      </Point>
    </Placemark>
    <Placemark>
      <Snippet maxLines="0"> </Snippet>
      <description>514
UTC 19-04-2026 05:44:11.00
GpsMilliseconds 1460612669000
22.3210918,87.3080952, EA(6m)
AltWgs84 -9.0 m, EA(1m)
Hdg 285 deg, Spd 3.3 m/s
EA(0.0 deg, 0.0 m/s)</description>
      <Style>
        <IconStyle>
          <Icon>
            <href>http://maps.google.com/mapfiles/kml/shapes/shaded_dot.png</href>
          </Icon>
          <scale>0.6</scale>
          <color>bf00ff00</color>
        </IconStyle>
      </Style>
      <Point>
        <altitudeMode>clampToGround</altitudeMode>
        <coordinates>87.3080952166667,22.3210918,0</coordinates>
      </Point>
    </Placemark>
    <Placemark>
      <Snippet maxLines="0"> </Snippet>
      <description>515
UTC 19-04-2026 05:44:12.00
GpsMilliseconds 1460612670000
22.3211036,87.3080681, EA(6m)
AltWgs84 -8.5 m, EA(1m)
Hdg 292 deg, Spd 3.1 m/s
EA(0.0 deg, 0.0 m/s)</description>
      <Style>
        <IconStyle>
          <Icon>
            <href>http://maps.google.com/mapfiles/kml/shapes/shaded_dot.png</href>
          </Icon>
          <scale>0.6</scale>
          <color>bf00ff00</color>
        </IconStyle>
      </Style>
      <Point>
        <altitudeMode>clampToGround</altitudeMode>
        <coordinates>87.3080680666667,22.3211036333333,0</coordinates>
      </Point>
    </Placemark>
    <Placemark>
      <Snippet maxLines="0"> </Snippet>
      <description>516
UTC 19-04-2026 05:44:13.00
GpsMilliseconds 1460612671000
22.3211155,87.3080391, EA(6m)
AltWgs84 -7.7 m, EA(1m)
Hdg 293 deg, Spd 3.1 m/s
EA(0.0 deg, 0.0 m/s)</description>
      <Style>
        <IconStyle>
          <Icon>
            <href>http://maps.google.com/mapfiles/kml/shapes/shaded_dot.png</href>
          </Icon>
          <scale>0.6</scale>
          <color>bf00ff00</color>
        </IconStyle>
      </Style>
      <Point>
        <altitudeMode>clampToGround</altitudeMode>
        <coordinates>87.3080390833333,22.3211155,0</coordinates>
      </Point>
    </Placemark>
    <Placemark>
      <Snippet maxLines="0"> </Snippet>
      <description>517
UTC 19-04-2026 05:44:14.00
GpsMilliseconds 1460612672000
22.3211296,87.3080081, EA(6m)
AltWgs84 -7.7 m, EA(1m)
Hdg 297 deg, Spd 3.0 m/s
EA(0.0 deg, 0.0 m/s)</description>
      <Style>
        <IconStyle>
          <Icon>
            <href>http://maps.google.com/mapfiles/kml/shapes/shaded_dot.png</href>
          </Icon>
          <scale>0.6</scale>
          <color>bf00ff00</color>
        </IconStyle>
      </Style>
      <Point>
        <altitudeMode>clampToGround</altitudeMode>
        <coordinates>87.3080080833333,22.3211295666667,0</coordinates>
      </Point>
    </Placemark>
    <Placemark>
      <Snippet maxLines="0"> </Snippet>
      <description>518
UTC 19-04-2026 05:44:15.00
GpsMilliseconds 1460612673000
22.3211318,87.3079540, EA(5m)
AltWgs84 -11.9 m, EA(1m)
Hdg 279 deg, Spd 3.5 m/s
EA(0.0 deg, 0.0 m/s)</description>
      <Style>
        <IconStyle>
          <Icon>
            <href>http://maps.google.com/mapfiles/kml/shapes/shaded_dot.png</href>
          </Icon>
          <scale>0.6</scale>
          <color>bf00ff00</color>
        </IconStyle>
      </Style>
      <Point>
        <altitudeMode>clampToGround</altitudeMode>
        <coordinates>87.3079539666667,22.3211317833333,0</coordinates>
      </Point>
    </Placemark>
    <Placemark>
      <Snippet maxLines="0"> </Snippet>
      <description>519
UTC 19-04-2026 05:44:16.00
GpsMilliseconds 1460612674000
22.3211336,87.3079027, EA(5m)
AltWgs84 -12.9 m, EA(1m)
Hdg 278 deg, Spd 3.4 m/s
EA(0.0 deg, 0.0 m/s)</description>
      <Style>
        <IconStyle>
          <Icon>
            <href>http://maps.google.com/mapfiles/kml/shapes/shaded_dot.png</href>
          </Icon>
          <scale>0.6</scale>
          <color>bf00ff00</color>
        </IconStyle>
      </Style>
      <Point>
        <altitudeMode>clampToGround</altitudeMode>
        <coordinates>87.3079027333333,22.3211336333333,0</coordinates>
      </Point>
    </Placemark>
    <Placemark>
      <Snippet maxLines="0"> </Snippet>
      <description>520
UTC 19-04-2026 05:44:17.00
GpsMilliseconds 1460612675000
22.3211336,87.3078638, EA(5m)
AltWgs84 -12.4 m, EA(1m)
Hdg 274 deg, Spd 3.2 m/s
EA(0.0 deg, 0.0 m/s)</description>
      <Style>
        <IconStyle>
          <Icon>
            <href>http://maps.google.com/mapfiles/kml/shapes/shaded_dot.png</href>
          </Icon>
          <scale>0.6</scale>
          <color>bf00ff00</color>
        </IconStyle>
      </Style>
      <Point>
        <altitudeMode>clampToGround</altitudeMode>
        <coordinates>87.3078637833333,22.3211336166667,0</coordinates>
      </Point>
    </Placemark>
    <Placemark>
      <Snippet maxLines="0"> </Snippet>
      <description>521
UTC 19-04-2026 05:44:18.00
GpsMilliseconds 1460612676000
22.3211330,87.3078271, EA(5m)
AltWgs84 -11.6 m, EA(1m)
Hdg 274 deg, Spd 3.4 m/s
EA(0.0 deg, 0.0 m/s)</description>
      <Style>
        <IconStyle>
          <Icon>
            <href>http://maps.google.com/mapfiles/kml/shapes/shaded_dot.png</href>
          </Icon>
          <scale>0.6</scale>
          <color>bf00ff00</color>
        </IconStyle>
      </Style>
      <Point>
        <altitudeMode>clampToGround</altitudeMode>
        <coordinates>87.3078271333333,22.3211330166667,0</coordinates>
      </Point>
    </Placemark>
    <Placemark>
      <Snippet maxLines="0"> </Snippet>
      <description>522
UTC 19-04-2026 05:44:19.00
GpsMilliseconds 1460612677000
22.3211312,87.3077951, EA(5m)
AltWgs84 -12.0 m, EA(1m)
Hdg 273 deg, Spd 3.2 m/s
EA(0.0 deg, 0.0 m/s)</description>
      <Style>
        <IconStyle>
          <Icon>
            <href>http://maps.google.com/mapfiles/kml/shapes/shaded_dot.png</href>
          </Icon>
          <scale>0.6</scale>
          <color>bf00ff00</color>
        </IconStyle>
      </Style>
      <Point>
        <altitudeMode>clampToGround</altitudeMode>
        <coordinates>87.3077950833333,22.3211311833333,0</coordinates>
      </Point>
    </Placemark>
    <Placemark>
      <Snippet maxLines="0"> </Snippet>
      <description>523
UTC 19-04-2026 05:44:20.00
GpsMilliseconds 1460612678000
22.3211298,87.3077606, EA(5m)
AltWgs84 -12.1 m, EA(1m)
Hdg 271 deg, Spd 3.4 m/s
EA(0.0 deg, 0.0 m/s)</description>
      <Style>
        <IconStyle>
          <Icon>
            <href>http://maps.google.com/mapfiles/kml/shapes/shaded_dot.png</href>
          </Icon>
          <scale>0.6</scale>
          <color>bf00ff00</color>
        </IconStyle>
      </Style>
      <Point>
        <altitudeMode>clampToGround</altitudeMode>
        <coordinates>87.3077606166667,22.32112975,0</coordinates>
      </Point>
    </Placemark>
    <Placemark>
      <Snippet maxLines="0"> </Snippet>
      <description>524
UTC 19-04-2026 05:44:21.00
GpsMilliseconds 1460612679000
22.3211253,87.3077285, EA(5m)
AltWgs84 -12.3 m, EA(1m)
Hdg 268 deg, Spd 3.3 m/s
EA(0.0 deg, 0.0 m/s)</description>
      <Style>
        <IconStyle>
          <Icon>
            <href>http://maps.google.com/mapfiles/kml/shapes/shaded_dot.png</href>
          </Icon>
          <scale>0.6</scale>
          <color>bf00ff00</color>
        </IconStyle>
      </Style>
      <Point>
        <altitudeMode>clampToGround</altitudeMode>
        <coordinates>87.3077285166667,22.32112535,0</coordinates>
      </Point>
    </Placemark>
    <Placemark>
      <Snippet maxLines="0"> </Snippet>
      <description>525
UTC 19-04-2026 05:44:22.00
GpsMilliseconds 1460612680000
22.3211234,87.3076922, EA(6m)
AltWgs84 -13.3 m, EA(1m)
Hdg 268 deg, Spd 3.5 m/s
EA(0.0 deg, 0.0 m/s)</description>
      <Style>
        <IconStyle>
          <Icon>
            <href>http://maps.google.com/mapfiles/kml/shapes/shaded_dot.png</href>
          </Icon>
          <scale>0.6</scale>
          <color>bf00ff00</color>
        </IconStyle>
      </Style>
      <Point>
        <altitudeMode>clampToGround</altitudeMode>
        <coordinates>87.3076921833333,22.3211234166667,0</coordinates>
      </Point>
    </Placemark>
    <Placemark>
      <Snippet maxLines="0"> </Snippet>
      <description>526
UTC 19-04-2026 05:44:23.00
GpsMilliseconds 1460612681000
22.3211202,87.3076562, EA(6m)
AltWgs84 -13.0 m, EA(1m)
Hdg 267 deg, Spd 3.5 m/s
EA(0.0 deg, 0.0 m/s)</description>
      <Style>
        <IconStyle>
          <Icon>
            <href>http://maps.google.com/mapfiles/kml/shapes/shaded_dot.png</href>
          </Icon>
          <scale>0.6</scale>
          <color>bf00ff00</color>
        </IconStyle>
      </Style>
      <Point>
        <altitudeMode>clampToGround</altitudeMode>
        <coordinates>87.3076562166667,22.3211202333333,0</coordinates>
      </Point>
    </Placemark>
    <Placemark>
      <Snippet maxLines="0"> </Snippet>
      <description>527
UTC 19-04-2026 05:44:24.00
GpsMilliseconds 1460612682000
22.3211181,87.3076192, EA(6m)
AltWgs84 -13.3 m, EA(1m)
Hdg 266 deg, Spd 3.6 m/s
EA(0.0 deg, 0.0 m/s)</description>
      <Style>
        <IconStyle>
          <Icon>
            <href>http://maps.google.com/mapfiles/kml/shapes/shaded_dot.png</href>
          </Icon>
          <scale>0.6</scale>
          <color>bf00ff00</color>
        </IconStyle>
      </Style>
      <Point>
        <altitudeMode>clampToGround</altitudeMode>
        <coordinates>87.3076191666667,22.3211181,0</coordinates>
      </Point>
    </Placemark>
    <Placemark>
      <Snippet maxLines="0"> </Snippet>
      <description>528
UTC 19-04-2026 05:44:25.00
GpsMilliseconds 1460612683000
22.3211174,87.3075839, EA(6m)
AltWgs84 -13.1 m, EA(1m)
Hdg 267 deg, Spd 3.4 m/s
EA(0.0 deg, 0.0 m/s)</description>
      <Style>
        <IconStyle>
          <Icon>
            <href>http://maps.google.com/mapfiles/kml/shapes/shaded_dot.png</href>
          </Icon>
          <scale>0.6</scale>
          <color>bf00ff00</color>
        </IconStyle>
      </Style>
      <Point>
        <altitudeMode>clampToGround</altitudeMode>
        <coordinates>87.30758385,22.3211173666667,0</coordinates>
      </Point>
    </Placemark>
    <Placemark>
      <Snippet maxLines="0"> </Snippet>
      <description>529
UTC 19-04-2026 05:44:26.00
GpsMilliseconds 1460612684000
22.3211165,87.3075475, EA(6m)
AltWgs84 -13.4 m, EA(1m)
Hdg 268 deg, Spd 3.5 m/s
EA(0.0 deg, 0.0 m/s)</description>
      <Style>
        <IconStyle>
          <Icon>
            <href>http://maps.google.com/mapfiles/kml/shapes/shaded_dot.png</href>
          </Icon>
          <scale>0.6</scale>
          <color>bf00ff00</color>
        </IconStyle>
      </Style>
      <Point>
        <altitudeMode>clampToGround</altitudeMode>
        <coordinates>87.3075474666667,22.3211164833333,0</coordinates>
      </Point>
    </Placemark>
    <Placemark>
      <Snippet maxLines="0"> </Snippet>
      <description>530
UTC 19-04-2026 05:44:27.00
GpsMilliseconds 1460612685000
22.3211149,87.3075097, EA(5m)
AltWgs84 -12.6 m, EA(1m)
Hdg 268 deg, Spd 3.4 m/s
EA(0.0 deg, 0.0 m/s)</description>
      <Style>
        <IconStyle>
          <Icon>
            <href>http://maps.google.com/mapfiles/kml/shapes/shaded_dot.png</href>
          </Icon>
          <scale>0.6</scale>
          <color>bf00ff00</color>
        </IconStyle>
      </Style>
      <Point>
        <altitudeMode>clampToGround</altitudeMode>
        <coordinates>87.30750975,22.3211149,0</coordinates>
      </Point>
    </Placemark>
    <Placemark>
      <Snippet maxLines="0"> </Snippet>
      <description>531
UTC 19-04-2026 05:44:28.00
GpsMilliseconds 1460612686000
22.3211143,87.3074742, EA(5m)
AltWgs84 -11.3 m, EA(1m)
Hdg 270 deg, Spd 3.3 m/s
EA(0.0 deg, 0.0 m/s)</description>
      <Style>
        <IconStyle>
          <Icon>
            <href>http://maps.google.com/mapfiles/kml/shapes/shaded_dot.png</href>
          </Icon>
          <scale>0.6</scale>
          <color>bf00ff00</color>
        </IconStyle>
      </Style>
      <Point>
        <altitudeMode>clampToGround</altitudeMode>
        <coordinates>87.3074742166667,22.3211143333333,0</coordinates>
      </Point>
    </Placemark>
    <Placemark>
      <Snippet maxLines="0"> </Snippet>
      <description>532
UTC 19-04-2026 05:44:29.00
GpsMilliseconds 1460612687000
22.3211187,87.3074412, EA(5m)
AltWgs84 -11.1 m, EA(1m)
Hdg 278 deg, Spd 3.1 m/s
EA(0.0 deg, 0.0 m/s)</description>
      <Style>
        <IconStyle>
          <Icon>
            <href>http://maps.google.com/mapfiles/kml/shapes/shaded_dot.png</href>
          </Icon>
          <scale>0.6</scale>
          <color>bf00ff00</color>
        </IconStyle>
      </Style>
      <Point>
        <altitudeMode>clampToGround</altitudeMode>
        <coordinates>87.3074412166667,22.3211186833333,0</coordinates>
      </Point>
    </Placemark>
    <Placemark>
      <Snippet maxLines="0"> </Snippet>
      <description>533
UTC 19-04-2026 05:44:30.00
GpsMilliseconds 1460612688000
22.3211223,87.3074038, EA(5m)
AltWgs84 -10.2 m, EA(1m)
Hdg 273 deg, Spd 3.5 m/s
EA(0.0 deg, 0.0 m/s)</description>
      <Style>
        <IconStyle>
          <Icon>
            <href>http://maps.google.com/mapfiles/kml/shapes/shaded_dot.png</href>
          </Icon>
          <scale>0.6</scale>
          <color>bf00ff00</color>
        </IconStyle>
      </Style>
      <Point>
        <altitudeMode>clampToGround</altitudeMode>
        <coordinates>87.3074038,22.3211222666667,0</coordinates>
      </Point>
    </Placemark>
    <Placemark>
      <Snippet maxLines="0"> </Snippet>
      <description>534
UTC 19-04-2026 05:44:31.00
GpsMilliseconds 1460612689000
22.3211199,87.3073643, EA(5m)
AltWgs84 -9.7 m, EA(1m)
Hdg 268 deg, Spd 3.4 m/s
EA(0.0 deg, 0.0 m/s)</description>
      <Style>
        <IconStyle>
          <Icon>
            <href>http://maps.google.com/mapfiles/kml/shapes/shaded_dot.png</href>
          </Icon>
          <scale>0.6</scale>
          <color>bf00ff00</color>
        </IconStyle>
      </Style>
      <Point>
        <altitudeMode>clampToGround</altitudeMode>
        <coordinates>87.3073642666667,22.32111995,0</coordinates>
      </Point>
    </Placemark>
    <Placemark>
      <Snippet maxLines="0"> </Snippet>
      <description>535
UTC 19-04-2026 05:44:32.00
GpsMilliseconds 1460612690000
22.3211175,87.3073268, EA(5m)
AltWgs84 -9.8 m, EA(1m)
Hdg 268 deg, Spd 3.5 m/s
EA(0.0 deg, 0.0 m/s)</description>
      <Style>
        <IconStyle>
          <Icon>
            <href>http://maps.google.com/mapfiles/kml/shapes/shaded_dot.png</href>
          </Icon>
          <scale>0.6</scale>
          <color>bf00ff00</color>
        </IconStyle>
      </Style>
      <Point>
        <altitudeMode>clampToGround</altitudeMode>
        <coordinates>87.3073268333333,22.3211174666667,0</coordinates>
      </Point>
    </Placemark>
    <Placemark>
      <Snippet maxLines="0"> </Snippet>
      <description>536
UTC 19-04-2026 05:44:33.00
GpsMilliseconds 1460612691000
22.3211161,87.3072913, EA(5m)
AltWgs84 -9.7 m, EA(1m)
Hdg 268 deg, Spd 3.4 m/s
EA(0.0 deg, 0.0 m/s)</description>
      <Style>
        <IconStyle>
          <Icon>
            <href>http://maps.google.com/mapfiles/kml/shapes/shaded_dot.png</href>
          </Icon>
          <scale>0.6</scale>
          <color>bf00ff00</color>
        </IconStyle>
      </Style>
      <Point>
        <altitudeMode>clampToGround</altitudeMode>
        <coordinates>87.3072913333333,22.3211160833333,0</coordinates>
      </Point>
    </Placemark>
    <Placemark>
      <Snippet maxLines="0"> </Snippet>
      <description>537
UTC 19-04-2026 05:44:34.00
GpsMilliseconds 1460612692000
22.3211150,87.3072562, EA(5m)
AltWgs84 -9.1 m, EA(1m)
Hdg 268 deg, Spd 3.3 m/s
EA(0.0 deg, 0.0 m/s)</description>
      <Style>
        <IconStyle>
          <Icon>
            <href>http://maps.google.com/mapfiles/kml/shapes/shaded_dot.png</href>
          </Icon>
          <scale>0.6</scale>
          <color>bf00ff00</color>
        </IconStyle>
      </Style>
      <Point>
        <altitudeMode>clampToGround</altitudeMode>
        <coordinates>87.3072561833333,22.3211149666667,0</coordinates>
      </Point>
    </Placemark>
    <Placemark>
      <Snippet maxLines="0"> </Snippet>
      <description>538
UTC 19-04-2026 05:44:35.00
GpsMilliseconds 1460612693000
22.3211142,87.3072182, EA(5m)
AltWgs84 -7.9 m, EA(1m)
Hdg 269 deg, Spd 3.5 m/s
EA(0.0 deg, 0.0 m/s)</description>
      <Style>
        <IconStyle>
          <Icon>
            <href>http://maps.google.com/mapfiles/kml/shapes/shaded_dot.png</href>
          </Icon>
          <scale>0.6</scale>
          <color>bf00ff00</color>
        </IconStyle>
      </Style>
      <Point>
        <altitudeMode>clampToGround</altitudeMode>
        <coordinates>87.3072182166667,22.3211141666667,0</coordinates>
      </Point>
    </Placemark>
    <Placemark>
      <Snippet maxLines="0"> </Snippet>
      <description>539
UTC 19-04-2026 05:44:36.00
GpsMilliseconds 1460612694000
22.3211135,87.3071794, EA(5m)
AltWgs84 -8.1 m, EA(1m)
Hdg 271 deg, Spd 3.4 m/s
EA(0.0 deg, 0.0 m/s)</description>
      <Style>
        <IconStyle>
          <Icon>
            <href>http://maps.google.com/mapfiles/kml/shapes/shaded_dot.png</href>
          </Icon>
          <scale>0.6</scale>
          <color>bf00ff00</color>
        </IconStyle>
      </Style>
      <Point>
        <altitudeMode>clampToGround</altitudeMode>
        <coordinates>87.3071794333333,22.3211134833333,0</coordinates>
      </Point>
    </Placemark>
    <Placemark>
      <Snippet maxLines="0"> </Snippet>
      <description>540
UTC 19-04-2026 05:44:37.00
GpsMilliseconds 1460612695000
22.3211123,87.3071448, EA(5m)
AltWgs84 -7.3 m, EA(1m)
Hdg 270 deg, Spd 3.1 m/s
EA(0.0 deg, 0.0 m/s)</description>
      <Style>
        <IconStyle>
          <Icon>
            <href>http://maps.google.com/mapfiles/kml/shapes/shaded_dot.png</href>
          </Icon>
          <scale>0.6</scale>
          <color>bf00ff00</color>
        </IconStyle>
      </Style>
      <Point>
        <altitudeMode>clampToGround</altitudeMode>
        <coordinates>87.3071447833333,22.3211122833333,0</coordinates>
      </Point>
    </Placemark>
    <Placemark>
      <Snippet maxLines="0"> </Snippet>
      <description>541
UTC 19-04-2026 05:44:38.00
GpsMilliseconds 1460612696000
22.3211110,87.3071118, EA(5m)
AltWgs84 -7.1 m, EA(1m)
Hdg 271 deg, Spd 2.9 m/s
EA(0.0 deg, 0.0 m/s)</description>
      <Style>
        <IconStyle>
          <Icon>
            <href>http://maps.google.com/mapfiles/kml/shapes/shaded_dot.png</href>
          </Icon>
          <scale>0.6</scale>
          <color>bf00ff00</color>
        </IconStyle>
      </Style>
      <Point>
        <altitudeMode>clampToGround</altitudeMode>
        <coordinates>87.3071118166667,22.321111,0</coordinates>
      </Point>
    </Placemark>
    <Placemark>
      <Snippet maxLines="0"> </Snippet>
      <description>542
UTC 19-04-2026 05:44:39.00
GpsMilliseconds 1460612697000
22.3211113,87.3070773, EA(5m)
AltWgs84 -6.3 m, EA(1m)
Hdg 271 deg, Spd 3.1 m/s
EA(0.0 deg, 0.0 m/s)</description>
      <Style>
        <IconStyle>
          <Icon>
            <href>http://maps.google.com/mapfiles/kml/shapes/shaded_dot.png</href>
          </Icon>
          <scale>0.6</scale>
          <color>bf00ff00</color>
        </IconStyle>
      </Style>
      <Point>
        <altitudeMode>clampToGround</altitudeMode>
        <coordinates>87.3070772666667,22.32111135,0</coordinates>
      </Point>
    </Placemark>
    <Placemark>
      <Snippet maxLines="0"> </Snippet>
      <description>543
UTC 19-04-2026 05:44:40.00
GpsMilliseconds 1460612698000
22.3211088,87.3070383, EA(5m)
AltWgs84 -5.3 m, EA(1m)
Hdg 268 deg, Spd 3.3 m/s
EA(0.0 deg, 0.0 m/s)</description>
      <Style>
        <IconStyle>
          <Icon>
            <href>http://maps.google.com/mapfiles/kml/shapes/shaded_dot.png</href>
          </Icon>
          <scale>0.6</scale>
          <color>bf00ff00</color>
        </IconStyle>
      </Style>
      <Point>
        <altitudeMode>clampToGround</altitudeMode>
        <coordinates>87.3070382833333,22.32110875,0</coordinates>
      </Point>
    </Placemark>
    <Placemark>
      <Snippet maxLines="0"> </Snippet>
      <description>544
UTC 19-04-2026 05:44:41.00
GpsMilliseconds 1460612699000
22.3211077,87.3070018, EA(5m)
AltWgs84 -4.9 m, EA(1m)
Hdg 271 deg, Spd 3.2 m/s
EA(0.0 deg, 0.0 m/s)</description>
      <Style>
        <IconStyle>
          <Icon>
            <href>http://maps.google.com/mapfiles/kml/shapes/shaded_dot.png</href>
          </Icon>
          <scale>0.6</scale>
          <color>bf00ff00</color>
        </IconStyle>
      </Style>
      <Point>
        <altitudeMode>clampToGround</altitudeMode>
        <coordinates>87.3070018333333,22.3211077,0</coordinates>
      </Point>
    </Placemark>
    <Placemark>
      <Snippet maxLines="0"> </Snippet>
      <description>545
UTC 19-04-2026 05:44:42.00
GpsMilliseconds 1460612700000
22.3211045,87.3069647, EA(5m)
AltWgs84 -4.2 m, EA(1m)
Hdg 271 deg, Spd 3.3 m/s
EA(0.0 deg, 0.0 m/s)</description>
      <Style>
        <IconStyle>
          <Icon>
            <href>http://maps.google.com/mapfiles/kml/shapes/shaded_dot.png</href>
          </Icon>
          <scale>0.6</scale>
          <color>bf00ff00</color>
        </IconStyle>
      </Style>
      <Point>
        <altitudeMode>clampToGround</altitudeMode>
        <coordinates>87.3069647166667,22.3211045333333,0</coordinates>
      </Point>
    </Placemark>
    <Placemark>
      <Snippet maxLines="0"> </Snippet>
      <description>546
UTC 19-04-2026 05:44:43.00
GpsMilliseconds 1460612701000
22.3211001,87.3069276, EA(5m)
AltWgs84 -3.4 m, EA(1m)
Hdg 268 deg, Spd 3.3 m/s
EA(0.0 deg, 0.0 m/s)</description>
      <Style>
        <IconStyle>
          <Icon>
            <href>http://maps.google.com/mapfiles/kml/shapes/shaded_dot.png</href>
          </Icon>
          <scale>0.6</scale>
          <color>bf00ff00</color>
        </IconStyle>
      </Style>
      <Point>
        <altitudeMode>clampToGround</altitudeMode>
        <coordinates>87.3069276333333,22.3211000833333,0</coordinates>
      </Point>
    </Placemark>
    <Placemark>
      <Snippet maxLines="0"> </Snippet>
      <description>547
UTC 19-04-2026 05:44:44.00
GpsMilliseconds 1460612702000
22.3210955,87.3068913, EA(5m)
AltWgs84 -4.1 m, EA(1m)
Hdg 268 deg, Spd 3.2 m/s
EA(0.0 deg, 0.0 m/s)</description>
      <Style>
        <IconStyle>
          <Icon>
            <href>http://maps.google.com/mapfiles/kml/shapes/shaded_dot.png</href>
          </Icon>
          <scale>0.6</scale>
          <color>bf00ff00</color>
        </IconStyle>
      </Style>
      <Point>
        <altitudeMode>clampToGround</altitudeMode>
        <coordinates>87.3068913166667,22.3210955166667,0</coordinates>
      </Point>
    </Placemark>
    <Placemark>
      <Snippet maxLines="0"> </Snippet>
      <description>548
UTC 19-04-2026 05:44:45.00
GpsMilliseconds 1460612703000
22.3210941,87.3068557, EA(5m)
AltWgs84 -5.5 m, EA(1m)
Hdg 269 deg, Spd 3.2 m/s
EA(0.0 deg, 0.0 m/s)</description>
      <Style>
        <IconStyle>
          <Icon>
            <href>http://maps.google.com/mapfiles/kml/shapes/shaded_dot.png</href>
          </Icon>
          <scale>0.6</scale>
          <color>bf00ff00</color>
        </IconStyle>
      </Style>
      <Point>
        <altitudeMode>clampToGround</altitudeMode>
        <coordinates>87.3068557166667,22.3210941166667,0</coordinates>
      </Point>
    </Placemark>
    <Placemark>
      <Snippet maxLines="0"> </Snippet>
      <description>549
UTC 19-04-2026 05:44:46.00
GpsMilliseconds 1460612704000
22.3210940,87.3068189, EA(5m)
AltWgs84 -4.8 m, EA(1m)
Hdg 271 deg, Spd 3.4 m/s
EA(0.0 deg, 0.0 m/s)</description>
      <Style>
        <IconStyle>
          <Icon>
            <href>http://maps.google.com/mapfiles/kml/shapes/shaded_dot.png</href>
          </Icon>
          <scale>0.6</scale>
          <color>bf00ff00</color>
        </IconStyle>
      </Style>
      <Point>
        <altitudeMode>clampToGround</altitudeMode>
        <coordinates>87.3068189166667,22.3210939666667,0</coordinates>
      </Point>
    </Placemark>
    <Placemark>
      <Snippet maxLines="0"> </Snippet>
      <description>550
UTC 19-04-2026 05:44:47.00
GpsMilliseconds 1460612705000
22.3210935,87.3067861, EA(5m)
AltWgs84 -4.6 m, EA(1m)
Hdg 271 deg, Spd 3.0 m/s
EA(0.0 deg, 0.0 m/s)</description>
      <Style>
        <IconStyle>
          <Icon>
            <href>http://maps.google.com/mapfiles/kml/shapes/shaded_dot.png</href>
          </Icon>
          <scale>0.6</scale>
          <color>bf00ff00</color>
        </IconStyle>
      </Style>
      <Point>
        <altitudeMode>clampToGround</altitudeMode>
        <coordinates>87.3067861166667,22.3210934833333,0</coordinates>
      </Point>
    </Placemark>
    <Placemark>
      <Snippet maxLines="0"> </Snippet>
      <description>551
UTC 19-04-2026 05:44:48.00
GpsMilliseconds 1460612706000
22.3210937,87.3067519, EA(5m)
AltWgs84 -4.3 m, EA(1m)
Hdg 271 deg, Spd 3.3 m/s
EA(0.0 deg, 0.0 m/s)</description>
      <Style>
        <IconStyle>
          <Icon>
            <href>http://maps.google.com/mapfiles/kml/shapes/shaded_dot.png</href>
          </Icon>
          <scale>0.6</scale>
          <color>bf00ff00</color>
        </IconStyle>
      </Style>
      <Point>
        <altitudeMode>clampToGround</altitudeMode>
        <coordinates>87.3067518666667,22.3210936666667,0</coordinates>
      </Point>
    </Placemark>
    <Placemark>
      <Snippet maxLines="0"> </Snippet>
      <description>552
UTC 19-04-2026 05:44:49.00
GpsMilliseconds 1460612707000
22.3210947,87.3067197, EA(5m)
AltWgs84 -3.7 m, EA(1m)
Hdg 273 deg, Spd 3.1 m/s
EA(0.0 deg, 0.0 m/s)</description>
      <Style>
        <IconStyle>
          <Icon>
            <href>http://maps.google.com/mapfiles/kml/shapes/shaded_dot.png</href>
          </Icon>
          <scale>0.6</scale>
          <color>bf00ff00</color>
        </IconStyle>
      </Style>
      <Point>
        <altitudeMode>clampToGround</altitudeMode>
        <coordinates>87.3067196666667,22.3210947166667,0</coordinates>
      </Point>
    </Placemark>
    <Placemark>
      <Snippet maxLines="0"> </Snippet>
      <description>553
UTC 19-04-2026 05:44:50.00
GpsMilliseconds 1460612708000
22.3210951,87.3066836, EA(5m)
AltWgs84 -2.8 m, EA(1m)
Hdg 271 deg, Spd 3.5 m/s
EA(0.0 deg, 0.0 m/s)</description>
      <Style>
        <IconStyle>
          <Icon>
            <href>http://maps.google.com/mapfiles/kml/shapes/shaded_dot.png</href>
          </Icon>
          <scale>0.6</scale>
          <color>bf00ff00</color>
        </IconStyle>
      </Style>
      <Point>
        <altitudeMode>clampToGround</altitudeMode>
        <coordinates>87.3066835666667,22.3210951333333,0</coordinates>
      </Point>
    </Placemark>
    <Placemark>
      <Snippet maxLines="0"> </Snippet>
      <description>554
UTC 19-04-2026 05:44:51.00
GpsMilliseconds 1460612709000
22.3210959,87.3066492, EA(5m)
AltWgs84 -2.5 m, EA(1m)
Hdg 272 deg, Spd 3.3 m/s
EA(0.0 deg, 0.0 m/s)</description>
      <Style>
        <IconStyle>
          <Icon>
            <href>http://maps.google.com/mapfiles/kml/shapes/shaded_dot.png</href>
          </Icon>
          <scale>0.6</scale>
          <color>bf00ff00</color>
        </IconStyle>
      </Style>
      <Point>
        <altitudeMode>clampToGround</altitudeMode>
        <coordinates>87.3066491666667,22.3210959166667,0</coordinates>
      </Point>
    </Placemark>
    <Placemark>
      <Snippet maxLines="0"> </Snippet>
      <description>555
UTC 19-04-2026 05:44:52.00
GpsMilliseconds 1460612710000
22.3210966,87.3066134, EA(5m)
AltWgs84 -2.6 m, EA(1m)
Hdg 271 deg, Spd 3.7 m/s
EA(0.0 deg, 0.0 m/s)</description>
      <Style>
        <IconStyle>
          <Icon>
            <href>http://maps.google.com/mapfiles/kml/shapes/shaded_dot.png</href>
          </Icon>
          <scale>0.6</scale>
          <color>bf00ff00</color>
        </IconStyle>
      </Style>
      <Point>
        <altitudeMode>clampToGround</altitudeMode>
        <coordinates>87.3066133666667,22.3210965666667,0</coordinates>
      </Point>
    </Placemark>
    <Placemark>
      <Snippet maxLines="0"> </Snippet>
      <description>556
UTC 19-04-2026 05:44:53.00
GpsMilliseconds 1460612711000
22.3210956,87.3065761, EA(5m)
AltWgs84 -2.8 m, EA(1m)
Hdg 268 deg, Spd 3.8 m/s
EA(0.0 deg, 0.0 m/s)</description>
      <Style>
        <IconStyle>
          <Icon>
            <href>http://maps.google.com/mapfiles/kml/shapes/shaded_dot.png</href>
          </Icon>
          <scale>0.6</scale>
          <color>bf00ff00</color>
        </IconStyle>
      </Style>
      <Point>
        <altitudeMode>clampToGround</altitudeMode>
        <coordinates>87.3065761,22.3210956166667,0</coordinates>
      </Point>
    </Placemark>
    <Placemark>
      <Snippet maxLines="0"> </Snippet>
      <description>557
UTC 19-04-2026 05:44:54.00
GpsMilliseconds 1460612712000
22.3210968,87.3065401, EA(5m)
AltWgs84 -3.1 m, EA(1m)
Hdg 271 deg, Spd 3.6 m/s
EA(0.0 deg, 0.0 m/s)</description>
      <Style>
        <IconStyle>
          <Icon>
            <href>http://maps.google.com/mapfiles/kml/shapes/shaded_dot.png</href>
          </Icon>
          <scale>0.6</scale>
          <color>bf00ff00</color>
        </IconStyle>
      </Style>
      <Point>
        <altitudeMode>clampToGround</altitudeMode>
        <coordinates>87.3065401333333,22.3210968166667,0</coordinates>
      </Point>
    </Placemark>
    <Placemark>
      <Snippet maxLines="0"> </Snippet>
      <description>558
UTC 19-04-2026 05:44:55.00
GpsMilliseconds 1460612713000
22.3210981,87.3065032, EA(5m)
AltWgs84 -2.7 m, EA(1m)
Hdg 270 deg, Spd 3.6 m/s
EA(0.0 deg, 0.0 m/s)</description>
      <Style>
        <IconStyle>
          <Icon>
            <href>http://maps.google.com/mapfiles/kml/shapes/shaded_dot.png</href>
          </Icon>
          <scale>0.6</scale>
          <color>bf00ff00</color>
        </IconStyle>
      </Style>
      <Point>
        <altitudeMode>clampToGround</altitudeMode>
        <coordinates>87.3065032,22.3210981333333,0</coordinates>
      </Point>
    </Placemark>
    <Placemark>
      <Snippet maxLines="0"> </Snippet>
      <description>559
UTC 19-04-2026 05:44:56.00
GpsMilliseconds 1460612714000
22.3210968,87.3064648, EA(5m)
AltWgs84 -2.8 m, EA(1m)
Hdg 270 deg, Spd 3.8 m/s
EA(0.0 deg, 0.0 m/s)</description>
      <Style>
        <IconStyle>
          <Icon>
            <href>http://maps.google.com/mapfiles/kml/shapes/shaded_dot.png</href>
          </Icon>
          <scale>0.6</scale>
          <color>bf00ff00</color>
        </IconStyle>
      </Style>
      <Point>
        <altitudeMode>clampToGround</altitudeMode>
        <coordinates>87.3064648166667,22.3210968166667,0</coordinates>
      </Point>
    </Placemark>
    <Placemark>
      <Snippet maxLines="0"> </Snippet>
      <description>560
UTC 19-04-2026 05:44:57.00
GpsMilliseconds 1460612715000
22.3210949,87.3064268, EA(5m)
AltWgs84 -2.8 m, EA(1m)
Hdg 270 deg, Spd 3.6 m/s
EA(0.0 deg, 0.0 m/s)</description>
      <Style>
        <IconStyle>
          <Icon>
            <href>http://maps.google.com/mapfiles/kml/shapes/shaded_dot.png</href>
          </Icon>
          <scale>0.6</scale>
          <color>bf00ff00</color>
        </IconStyle>
      </Style>
      <Point>
        <altitudeMode>clampToGround</altitudeMode>
        <coordinates>87.3064267666667,22.3210949166667,0</coordinates>
      </Point>
    </Placemark>
    <Placemark>
      <Snippet maxLines="0"> </Snippet>
      <description>561
UTC 19-04-2026 05:44:58.00
GpsMilliseconds 1460612716000
22.3210981,87.3063978, EA(5m)
AltWgs84 -3.3 m, EA(1m)
Hdg 274 deg, Spd 3.0 m/s
EA(0.0 deg, 0.0 m/s)</description>
      <Style>
        <IconStyle>
          <Icon>
            <href>http://maps.google.com/mapfiles/kml/shapes/shaded_dot.png</href>
          </Icon>
          <scale>0.6</scale>
          <color>bf00ff00</color>
        </IconStyle>
      </Style>
      <Point>
        <altitudeMode>clampToGround</altitudeMode>
        <coordinates>87.3063978,22.3210981166667,0</coordinates>
      </Point>
    </Placemark>
    <Placemark>
      <Snippet maxLines="0"> </Snippet>
      <description>562
UTC 19-04-2026 05:44:59.00
GpsMilliseconds 1460612717000
22.3211049,87.3063636, EA(5m)
AltWgs84 -3.2 m, EA(1m)
Hdg 280 deg, Spd 3.3 m/s
EA(0.0 deg, 0.0 m/s)</description>
      <Style>
        <IconStyle>
          <Icon>
            <href>http://maps.google.com/mapfiles/kml/shapes/shaded_dot.png</href>
          </Icon>
          <scale>0.6</scale>
          <color>bf00ff00</color>
        </IconStyle>
      </Style>
      <Point>
        <altitudeMode>clampToGround</altitudeMode>
        <coordinates>87.3063635666667,22.32110485,0</coordinates>
      </Point>
    </Placemark>
    <Placemark>
      <Snippet maxLines="0"> </Snippet>
      <description>563
UTC 19-04-2026 05:45:00.00
GpsMilliseconds 1460612718000
22.3211116,87.3063309, EA(5m)
AltWgs84 -2.9 m, EA(1m)
Hdg 281 deg, Spd 3.2 m/s
EA(0.0 deg, 0.0 m/s)</description>
      <Style>
        <IconStyle>
          <Icon>
            <href>http://maps.google.com/mapfiles/kml/shapes/shaded_dot.png</href>
          </Icon>
          <scale>0.6</scale>
          <color>bf00ff00</color>
        </IconStyle>
      </Style>
      <Point>
        <altitudeMode>clampToGround</altitudeMode>
        <coordinates>87.3063309166667,22.3211115833333,0</coordinates>
      </Point>
    </Placemark>
    <Placemark>
      <Snippet maxLines="0"> </Snippet>
      <description>564
UTC 19-04-2026 05:45:01.00
GpsMilliseconds 1460612719000
22.3211157,87.3062955, EA(5m)
AltWgs84 -4.4 m, EA(1m)
Hdg 273 deg, Spd 3.4 m/s
EA(0.0 deg, 0.0 m/s)</description>
      <Style>
        <IconStyle>
          <Icon>
            <href>http://maps.google.com/mapfiles/kml/shapes/shaded_dot.png</href>
          </Icon>
          <scale>0.6</scale>
          <color>bf00ff00</color>
        </IconStyle>
      </Style>
      <Point>
        <altitudeMode>clampToGround</altitudeMode>
        <coordinates>87.3062954666667,22.3211157333333,0</coordinates>
      </Point>
    </Placemark>
    <Placemark>
      <Snippet maxLines="0"> </Snippet>
      <description>565
UTC 19-04-2026 05:45:02.00
GpsMilliseconds 1460612720000
22.3211132,87.3062593, EA(5m)
AltWgs84 -4.2 m, EA(1m)
Hdg 267 deg, Spd 3.4 m/s
EA(0.0 deg, 0.0 m/s)</description>
      <Style>
        <IconStyle>
          <Icon>
            <href>http://maps.google.com/mapfiles/kml/shapes/shaded_dot.png</href>
          </Icon>
          <scale>0.6</scale>
          <color>bf00ff00</color>
        </IconStyle>
      </Style>
      <Point>
        <altitudeMode>clampToGround</altitudeMode>
        <coordinates>87.3062592833333,22.3211132166667,0</coordinates>
      </Point>
    </Placemark>
    <Placemark>
      <Snippet maxLines="0"> </Snippet>
      <description>566
UTC 19-04-2026 05:45:03.00
GpsMilliseconds 1460612721000
22.3211067,87.3062221, EA(5m)
AltWgs84 -4.1 m, EA(1m)
Hdg 266 deg, Spd 3.5 m/s
EA(0.0 deg, 0.0 m/s)</description>
      <Style>
        <IconStyle>
          <Icon>
            <href>http://maps.google.com/mapfiles/kml/shapes/shaded_dot.png</href>
          </Icon>
          <scale>0.6</scale>
          <color>bf00ff00</color>
        </IconStyle>
      </Style>
      <Point>
        <altitudeMode>clampToGround</altitudeMode>
        <coordinates>87.3062220666667,22.3211066833333,0</coordinates>
      </Point>
    </Placemark>
    <Placemark>
      <Snippet maxLines="0"> </Snippet>
      <description>567
UTC 19-04-2026 05:45:04.00
GpsMilliseconds 1460612722000
22.3210999,87.3061892, EA(5m)
AltWgs84 -4.5 m, EA(1m)
Hdg 267 deg, Spd 3.0 m/s
EA(0.0 deg, 0.0 m/s)</description>
      <Style>
        <IconStyle>
          <Icon>
            <href>http://maps.google.com/mapfiles/kml/shapes/shaded_dot.png</href>
          </Icon>
          <scale>0.6</scale>
          <color>bf00ff00</color>
        </IconStyle>
      </Style>
      <Point>
        <altitudeMode>clampToGround</altitudeMode>
        <coordinates>87.3061892166667,22.3210999333333,0</coordinates>
      </Point>
    </Placemark>
    <Placemark>
      <Snippet maxLines="0"> </Snippet>
      <description>568
UTC 19-04-2026 05:45:05.00
GpsMilliseconds 1460612723000
22.3210961,87.3061572, EA(5m)
AltWgs84 -5.4 m, EA(1m)
Hdg 269 deg, Spd 3.0 m/s
EA(0.0 deg, 0.0 m/s)</description>
      <Style>
        <IconStyle>
          <Icon>
            <href>http://maps.google.com/mapfiles/kml/shapes/shaded_dot.png</href>
          </Icon>
          <scale>0.6</scale>
          <color>bf00ff00</color>
        </IconStyle>
      </Style>
      <Point>
        <altitudeMode>clampToGround</altitudeMode>
        <coordinates>87.3061572333333,22.3210960833333,0</coordinates>
      </Point>
    </Placemark>
    <Placemark>
      <Snippet maxLines="0"> </Snippet>
      <description>569
UTC 19-04-2026 05:45:06.00
GpsMilliseconds 1460612724000
22.3210894,87.3061218, EA(5m)
AltWgs84 -6.5 m, EA(1m)
Hdg 265 deg, Spd 3.0 m/s
EA(0.0 deg, 0.0 m/s)</description>
      <Style>
        <IconStyle>
          <Icon>
            <href>http://maps.google.com/mapfiles/kml/shapes/shaded_dot.png</href>
          </Icon>
          <scale>0.6</scale>
          <color>bf00ff00</color>
        </IconStyle>
      </Style>
      <Point>
        <altitudeMode>clampToGround</altitudeMode>
        <coordinates>87.3061218333333,22.3210894333333,0</coordinates>
      </Point>
    </Placemark>
    <Placemark>
      <Snippet maxLines="0"> </Snippet>
      <description>570
UTC 19-04-2026 05:45:07.00
GpsMilliseconds 1460612725000
22.3210837,87.3060866, EA(5m)
AltWgs84 -5.4 m, EA(1m)
Hdg 270 deg, Spd 3.0 m/s
EA(0.0 deg, 0.0 m/s)</description>
      <Style>
        <IconStyle>
          <Icon>
            <href>http://maps.google.com/mapfiles/kml/shapes/shaded_dot.png</href>
          </Icon>
          <scale>0.6</scale>
          <color>bf00ff00</color>
        </IconStyle>
      </Style>
      <Point>
        <altitudeMode>clampToGround</altitudeMode>
        <coordinates>87.3060865833333,22.3210836666667,0</coordinates>
      </Point>
    </Placemark>
    <Placemark>
      <Snippet maxLines="0"> </Snippet>
      <description>571
UTC 19-04-2026 05:45:08.00
GpsMilliseconds 1460612726000
22.3210771,87.3060521, EA(5m)
AltWgs84 -6.2 m, EA(1m)
Hdg 270 deg, Spd 2.9 m/s
EA(0.0 deg, 0.0 m/s)</description>
      <Style>
        <IconStyle>
          <Icon>
            <href>http://maps.google.com/mapfiles/kml/shapes/shaded_dot.png</href>
          </Icon>
          <scale>0.6</scale>
          <color>bf00ff00</color>
        </IconStyle>
      </Style>
      <Point>
        <altitudeMode>clampToGround</altitudeMode>
        <coordinates>87.3060520833333,22.3210771333333,0</coordinates>
      </Point>
    </Placemark>
    <Placemark>
      <Snippet maxLines="0"> </Snippet>
      <description>572
UTC 19-04-2026 05:45:09.00
GpsMilliseconds 1460612727000
22.3210729,87.3060209, EA(5m)
AltWgs84 -6.3 m, EA(1m)
Hdg 270 deg, Spd 2.6 m/s
EA(0.0 deg, 0.0 m/s)</description>
      <Style>
        <IconStyle>
          <Icon>
            <href>http://maps.google.com/mapfiles/kml/shapes/shaded_dot.png</href>
          </Icon>
          <scale>0.6</scale>
          <color>bf00ff00</color>
        </IconStyle>
      </Style>
      <Point>
        <altitudeMode>clampToGround</altitudeMode>
        <coordinates>87.3060209333333,22.3210728833333,0</coordinates>
      </Point>
    </Placemark>
    <Placemark>
      <Snippet maxLines="0"> </Snippet>
      <description>573
UTC 19-04-2026 05:45:10.00
GpsMilliseconds 1460612728000
22.3210724,87.3059838, EA(5m)
AltWgs84 -6.2 m, EA(1m)
Hdg 271 deg, Spd 3.2 m/s
EA(0.0 deg, 0.0 m/s)</description>
      <Style>
        <IconStyle>
          <Icon>
            <href>http://maps.google.com/mapfiles/kml/shapes/shaded_dot.png</href>
          </Icon>
          <scale>0.6</scale>
          <color>bf00ff00</color>
        </IconStyle>
      </Style>
      <Point>
        <altitudeMode>clampToGround</altitudeMode>
        <coordinates>87.3059838166667,22.32107245,0</coordinates>
      </Point>
    </Placemark>
    <Placemark>
      <Snippet maxLines="0"> </Snippet>
      <description>574
UTC 19-04-2026 05:45:11.00
GpsMilliseconds 1460612729000
22.3210725,87.3059411, EA(5m)
AltWgs84 -3.8 m, EA(1m)
Hdg 270 deg, Spd 3.6 m/s
EA(0.0 deg, 0.0 m/s)</description>
      <Style>
        <IconStyle>
          <Icon>
            <href>http://maps.google.com/mapfiles/kml/shapes/shaded_dot.png</href>
          </Icon>
          <scale>0.6</scale>
          <color>bf00ff00</color>
        </IconStyle>
      </Style>
      <Point>
        <altitudeMode>clampToGround</altitudeMode>
        <coordinates>87.3059410833333,22.3210725333333,0</coordinates>
      </Point>
    </Placemark>
    <Placemark>
      <Snippet maxLines="0"> </Snippet>
      <description>575
UTC 19-04-2026 05:45:12.00
GpsMilliseconds 1460612730000
22.3210764,87.3059043, EA(5m)
AltWgs84 -3.9 m, EA(1m)
Hdg 272 deg, Spd 3.2 m/s
EA(0.0 deg, 0.0 m/s)</description>
      <Style>
        <IconStyle>
          <Icon>
            <href>http://maps.google.com/mapfiles/kml/shapes/shaded_dot.png</href>
          </Icon>
          <scale>0.6</scale>
          <color>bf00ff00</color>
        </IconStyle>
      </Style>
      <Point>
        <altitudeMode>clampToGround</altitudeMode>
        <coordinates>87.3059043166667,22.3210764333333,0</coordinates>
      </Point>
    </Placemark>
    <Placemark>
      <Snippet maxLines="0"> </Snippet>
      <description>576
UTC 19-04-2026 05:45:13.00
GpsMilliseconds 1460612731000
22.3210812,87.3058676, EA(5m)
AltWgs84 -4.4 m, EA(1m)
Hdg 274 deg, Spd 3.5 m/s
EA(0.0 deg, 0.0 m/s)</description>
      <Style>
        <IconStyle>
          <Icon>
            <href>http://maps.google.com/mapfiles/kml/shapes/shaded_dot.png</href>
          </Icon>
          <scale>0.6</scale>
          <color>bf00ff00</color>
        </IconStyle>
      </Style>
      <Point>
        <altitudeMode>clampToGround</altitudeMode>
        <coordinates>87.3058676166667,22.3210811833333,0</coordinates>
      </Point>
    </Placemark>
    <Placemark>
      <Snippet maxLines="0"> </Snippet>
      <description>577
UTC 19-04-2026 05:45:14.00
GpsMilliseconds 1460612732000
22.3210853,87.3058323, EA(5m)
AltWgs84 -4.3 m, EA(1m)
Hdg 274 deg, Spd 3.5 m/s
EA(0.0 deg, 0.0 m/s)</description>
      <Style>
        <IconStyle>
          <Icon>
            <href>http://maps.google.com/mapfiles/kml/shapes/shaded_dot.png</href>
          </Icon>
          <scale>0.6</scale>
          <color>bf00ff00</color>
        </IconStyle>
      </Style>
      <Point>
        <altitudeMode>clampToGround</altitudeMode>
        <coordinates>87.3058322666667,22.3210853166667,0</coordinates>
      </Point>
    </Placemark>
    <Placemark>
      <Snippet maxLines="0"> </Snippet>
      <description>578
UTC 19-04-2026 05:45:15.00
GpsMilliseconds 1460612733000
22.3210896,87.3057954, EA(5m)
AltWgs84 -4.3 m, EA(1m)
Hdg 276 deg, Spd 3.7 m/s
EA(0.0 deg, 0.0 m/s)</description>
      <Style>
        <IconStyle>
          <Icon>
            <href>http://maps.google.com/mapfiles/kml/shapes/shaded_dot.png</href>
          </Icon>
          <scale>0.6</scale>
          <color>bf00ff00</color>
        </IconStyle>
      </Style>
      <Point>
        <altitudeMode>clampToGround</altitudeMode>
        <coordinates>87.3057954166667,22.3210896333333,0</coordinates>
      </Point>
    </Placemark>
    <Placemark>
      <Snippet maxLines="0"> </Snippet>
      <description>579
UTC 19-04-2026 05:45:16.00
GpsMilliseconds 1460612734000
22.3210964,87.3057592, EA(5m)
AltWgs84 -3.7 m, EA(1m)
Hdg 280 deg, Spd 3.6 m/s
EA(0.0 deg, 0.0 m/s)</description>
      <Style>
        <IconStyle>
          <Icon>
            <href>http://maps.google.com/mapfiles/kml/shapes/shaded_dot.png</href>
          </Icon>
          <scale>0.6</scale>
          <color>bf00ff00</color>
        </IconStyle>
      </Style>
      <Point>
        <altitudeMode>clampToGround</altitudeMode>
        <coordinates>87.3057591833333,22.3210963666667,0</coordinates>
      </Point>
    </Placemark>
    <Placemark>
      <Snippet maxLines="0"> </Snippet>
      <description>580
UTC 19-04-2026 05:45:17.00
GpsMilliseconds 1460612735000
22.3211048,87.3057235, EA(5m)
AltWgs84 -3.3 m, EA(1m)
Hdg 282 deg, Spd 3.6 m/s
EA(0.0 deg, 0.0 m/s)</description>
      <Style>
        <IconStyle>
          <Icon>
            <href>http://maps.google.com/mapfiles/kml/shapes/shaded_dot.png</href>
          </Icon>
          <scale>0.6</scale>
          <color>bf00ff00</color>
        </IconStyle>
      </Style>
      <Point>
        <altitudeMode>clampToGround</altitudeMode>
        <coordinates>87.3057235166667,22.3211048166667,0</coordinates>
      </Point>
    </Placemark>
    <Placemark>
      <Snippet maxLines="0"> </Snippet>
      <description>581
UTC 19-04-2026 05:45:18.00
GpsMilliseconds 1460612736000
22.3211153,87.3056894, EA(5m)
AltWgs84 -3.9 m, EA(1m)
Hdg 287 deg, Spd 3.5 m/s
EA(0.0 deg, 0.0 m/s)</description>
      <Style>
        <IconStyle>
          <Icon>
            <href>http://maps.google.com/mapfiles/kml/shapes/shaded_dot.png</href>
          </Icon>
          <scale>0.6</scale>
          <color>bf00ff00</color>
        </IconStyle>
      </Style>
      <Point>
        <altitudeMode>clampToGround</altitudeMode>
        <coordinates>87.3056893833333,22.3211152833333,0</coordinates>
      </Point>
    </Placemark>
    <Placemark>
      <Snippet maxLines="0"> </Snippet>
      <description>582
UTC 19-04-2026 05:45:19.00
GpsMilliseconds 1460612737000
22.3211289,87.3056578, EA(5m)
AltWgs84 -4.3 m, EA(1m)
Hdg 293 deg, Spd 3.4 m/s
EA(0.0 deg, 0.0 m/s)</description>
      <Style>
        <IconStyle>
          <Icon>
            <href>http://maps.google.com/mapfiles/kml/shapes/shaded_dot.png</href>
          </Icon>
          <scale>0.6</scale>
          <color>bf00ff00</color>
        </IconStyle>
      </Style>
      <Point>
        <altitudeMode>clampToGround</altitudeMode>
        <coordinates>87.3056577666667,22.3211288666667,0</coordinates>
      </Point>
    </Placemark>
    <Placemark>
      <Snippet maxLines="0"> </Snippet>
      <description>583
UTC 19-04-2026 05:45:20.00
GpsMilliseconds 1460612738000
22.3211443,87.3056272, EA(5m)
AltWgs84 -4.4 m, EA(1m)
Hdg 298 deg, Spd 3.4 m/s
EA(0.0 deg, 0.0 m/s)</description>
      <Style>
        <IconStyle>
          <Icon>
            <href>http://maps.google.com/mapfiles/kml/shapes/shaded_dot.png</href>
          </Icon>
          <scale>0.6</scale>
          <color>bf00ff00</color>
        </IconStyle>
      </Style>
      <Point>
        <altitudeMode>clampToGround</altitudeMode>
        <coordinates>87.30562715,22.3211443333333,0</coordinates>
      </Point>
    </Placemark>
    <Placemark>
      <Snippet maxLines="0"> </Snippet>
      <description>584
UTC 19-04-2026 05:45:21.00
GpsMilliseconds 1460612739000
22.3211635,87.3055995, EA(5m)
AltWgs84 -4.4 m, EA(1m)
Hdg 305 deg, Spd 3.5 m/s
EA(0.0 deg, 0.0 m/s)</description>
      <Style>
        <IconStyle>
          <Icon>
            <href>http://maps.google.com/mapfiles/kml/shapes/shaded_dot.png</href>
          </Icon>
          <scale>0.6</scale>
          <color>bf00ff00</color>
        </IconStyle>
      </Style>
      <Point>
        <altitudeMode>clampToGround</altitudeMode>
        <coordinates>87.3055995166667,22.3211635166667,0</coordinates>
      </Point>
    </Placemark>
    <Placemark>
      <Snippet maxLines="0"> </Snippet>
      <description>585
UTC 19-04-2026 05:45:22.00
GpsMilliseconds 1460612740000
22.3211844,87.3055726, EA(5m)
AltWgs84 -5.5 m, EA(1m)
Hdg 314 deg, Spd 3.7 m/s
EA(0.0 deg, 0.0 m/s)</description>
      <Style>
        <IconStyle>
          <Icon>
            <href>http://maps.google.com/mapfiles/kml/shapes/shaded_dot.png</href>
          </Icon>
          <scale>0.6</scale>
          <color>bf00ff00</color>
        </IconStyle>
      </Style>
      <Point>
        <altitudeMode>clampToGround</altitudeMode>
        <coordinates>87.3055725666667,22.3211843833333,0</coordinates>
      </Point>
    </Placemark>
    <Placemark>
      <Snippet maxLines="0"> </Snippet>
      <description>586
UTC 19-04-2026 05:45:23.00
GpsMilliseconds 1460612741000
22.3212062,87.3055460, EA(5m)
AltWgs84 -5.8 m, EA(1m)
Hdg 312 deg, Spd 3.7 m/s
EA(0.0 deg, 0.0 m/s)</description>
      <Style>
        <IconStyle>
          <Icon>
            <href>http://maps.google.com/mapfiles/kml/shapes/shaded_dot.png</href>
          </Icon>
          <scale>0.6</scale>
          <color>bf00ff00</color>
        </IconStyle>
      </Style>
      <Point>
        <altitudeMode>clampToGround</altitudeMode>
        <coordinates>87.3055459833333,22.32120625,0</coordinates>
      </Point>
    </Placemark>
    <Placemark>
      <Snippet maxLines="0"> </Snippet>
      <description>587
UTC 19-04-2026 05:45:24.00
GpsMilliseconds 1460612742000
22.3212242,87.3055127, EA(5m)
AltWgs84 -5.8 m, EA(1m)
Hdg 298 deg, Spd 4.0 m/s
EA(0.0 deg, 0.0 m/s)</description>
      <Style>
        <IconStyle>
          <Icon>
            <href>http://maps.google.com/mapfiles/kml/shapes/shaded_dot.png</href>
          </Icon>
          <scale>0.6</scale>
          <color>bf00ff00</color>
        </IconStyle>
      </Style>
      <Point>
        <altitudeMode>clampToGround</altitudeMode>
        <coordinates>87.3055127333333,22.3212241666667,0</coordinates>
      </Point>
    </Placemark>
    <Placemark>
      <Snippet maxLines="0"> </Snippet>
      <description>588
UTC 19-04-2026 05:45:25.00
GpsMilliseconds 1460612743000
22.3212344,87.3054756, EA(5m)
AltWgs84 -5.3 m, EA(1m)
Hdg 288 deg, Spd 3.8 m/s
EA(0.0 deg, 0.0 m/s)</description>
      <Style>
        <IconStyle>
          <Icon>
            <href>http://maps.google.com/mapfiles/kml/shapes/shaded_dot.png</href>
          </Icon>
          <scale>0.6</scale>
          <color>bf00ff00</color>
        </IconStyle>
      </Style>
      <Point>
        <altitudeMode>clampToGround</altitudeMode>
        <coordinates>87.3054755666667,22.3212343666667,0</coordinates>
      </Point>
    </Placemark>
    <Placemark>
      <Snippet maxLines="0"> </Snippet>
      <description>589
UTC 19-04-2026 05:45:26.00
GpsMilliseconds 1460612744000
22.3212378,87.3054386, EA(5m)
AltWgs84 -5.1 m, EA(1m)
Hdg 279 deg, Spd 3.6 m/s
EA(0.0 deg, 0.0 m/s)</description>
      <Style>
        <IconStyle>
          <Icon>
            <href>http://maps.google.com/mapfiles/kml/shapes/shaded_dot.png</href>
          </Icon>
          <scale>0.6</scale>
          <color>bf00ff00</color>
        </IconStyle>
      </Style>
      <Point>
        <altitudeMode>clampToGround</altitudeMode>
        <coordinates>87.3054385666667,22.32123785,0</coordinates>
      </Point>
    </Placemark>
    <Placemark>
      <Snippet maxLines="0"> </Snippet>
      <description>590
UTC 19-04-2026 05:45:27.00
GpsMilliseconds 1460612745000
22.3212350,87.3053943, EA(5m)
AltWgs84 -4.9 m, EA(1m)
Hdg 271 deg, Spd 4.1 m/s
EA(0.0 deg, 0.0 m/s)</description>
      <Style>
        <IconStyle>
          <Icon>
            <href>http://maps.google.com/mapfiles/kml/shapes/shaded_dot.png</href>
          </Icon>
          <scale>0.6</scale>
          <color>bf00ff00</color>
        </IconStyle>
      </Style>
      <Point>
        <altitudeMode>clampToGround</altitudeMode>
        <coordinates>87.3053942833333,22.3212350333333,0</coordinates>
      </Point>
    </Placemark>
    <Placemark>
      <Snippet maxLines="0"> </Snippet>
      <description>591
UTC 19-04-2026 05:45:28.00
GpsMilliseconds 1460612746000
22.3212356,87.3053563, EA(5m)
AltWgs84 -4.2 m, EA(1m)
Hdg 273 deg, Spd 3.8 m/s
EA(0.0 deg, 0.0 m/s)</description>
      <Style>
        <IconStyle>
          <Icon>
            <href>http://maps.google.com/mapfiles/kml/shapes/shaded_dot.png</href>
          </Icon>
          <scale>0.6</scale>
          <color>bf00ff00</color>
        </IconStyle>
      </Style>
      <Point>
        <altitudeMode>clampToGround</altitudeMode>
        <coordinates>87.30535635,22.3212356166667,0</coordinates>
      </Point>
    </Placemark>
    <Placemark>
      <Snippet maxLines="0"> </Snippet>
      <description>592
UTC 19-04-2026 05:45:29.00
GpsMilliseconds 1460612747000
22.3212404,87.3053215, EA(5m)
AltWgs84 -4.6 m, EA(1m)
Hdg 278 deg, Spd 3.4 m/s
EA(0.0 deg, 0.0 m/s)</description>
      <Style>
        <IconStyle>
          <Icon>
            <href>http://maps.google.com/mapfiles/kml/shapes/shaded_dot.png</href>
          </Icon>
          <scale>0.6</scale>
          <color>bf00ff00</color>
        </IconStyle>
      </Style>
      <Point>
        <altitudeMode>clampToGround</altitudeMode>
        <coordinates>87.3053214666667,22.3212404,0</coordinates>
      </Point>
    </Placemark>
    <Placemark>
      <Snippet maxLines="0"> </Snippet>
      <description>593
UTC 19-04-2026 05:45:30.00
GpsMilliseconds 1460612748000
22.3212396,87.3052828, EA(5m)
AltWgs84 -4.1 m, EA(1m)
Hdg 270 deg, Spd 3.7 m/s
EA(0.0 deg, 0.0 m/s)</description>
      <Style>
        <IconStyle>
          <Icon>
            <href>http://maps.google.com/mapfiles/kml/shapes/shaded_dot.png</href>
          </Icon>
          <scale>0.6</scale>
          <color>bf00ff00</color>
        </IconStyle>
      </Style>
      <Point>
        <altitudeMode>clampToGround</altitudeMode>
        <coordinates>87.3052827833333,22.3212396166667,0</coordinates>
      </Point>
    </Placemark>
    <Placemark>
      <Snippet maxLines="0"> </Snippet>
      <description>594
UTC 19-04-2026 05:45:31.00
GpsMilliseconds 1460612749000
22.3212332,87.3052432, EA(5m)
AltWgs84 -4.1 m, EA(1m)
Hdg 261 deg, Spd 3.8 m/s
EA(0.0 deg, 0.0 m/s)</description>
      <Style>
        <IconStyle>
          <Icon>
            <href>http://maps.google.com/mapfiles/kml/shapes/shaded_dot.png</href>
          </Icon>
          <scale>0.6</scale>
          <color>bf00ff00</color>
        </IconStyle>
      </Style>
      <Point>
        <altitudeMode>clampToGround</altitudeMode>
        <coordinates>87.3052432166667,22.3212331666667,0</coordinates>
      </Point>
    </Placemark>
    <Placemark>
      <Snippet maxLines="0"> </Snippet>
      <description>595
UTC 19-04-2026 05:45:32.00
GpsMilliseconds 1460612750000
22.3212240,87.3052056, EA(5m)
AltWgs84 -4.7 m, EA(1m)
Hdg 256 deg, Spd 3.9 m/s
EA(0.0 deg, 0.0 m/s)</description>
      <Style>
        <IconStyle>
          <Icon>
            <href>http://maps.google.com/mapfiles/kml/shapes/shaded_dot.png</href>
          </Icon>
          <scale>0.6</scale>
          <color>bf00ff00</color>
        </IconStyle>
      </Style>
      <Point>
        <altitudeMode>clampToGround</altitudeMode>
        <coordinates>87.3052055833333,22.3212239833333,0</coordinates>
      </Point>
    </Placemark>
    <Placemark>
      <Snippet maxLines="0"> </Snippet>
      <description>596
UTC 19-04-2026 05:45:33.00
GpsMilliseconds 1460612751000
22.3212111,87.3051667, EA(5m)
AltWgs84 -5.5 m, EA(1m)
Hdg 254 deg, Spd 3.9 m/s
EA(0.0 deg, 0.0 m/s)</description>
      <Style>
        <IconStyle>
          <Icon>
            <href>http://maps.google.com/mapfiles/kml/shapes/shaded_dot.png</href>
          </Icon>
          <scale>0.6</scale>
          <color>bf00ff00</color>
        </IconStyle>
      </Style>
      <Point>
        <altitudeMode>clampToGround</altitudeMode>
        <coordinates>87.3051666666667,22.3212110666667,0</coordinates>
      </Point>
    </Placemark>
    <Placemark>
      <Snippet maxLines="0"> </Snippet>
      <description>597
UTC 19-04-2026 05:45:34.00
GpsMilliseconds 1460612752000
22.3211984,87.3051280, EA(5m)
AltWgs84 -5.2 m, EA(1m)
Hdg 255 deg, Spd 4.0 m/s
EA(0.0 deg, 0.0 m/s)</description>
      <Style>
        <IconStyle>
          <Icon>
            <href>http://maps.google.com/mapfiles/kml/shapes/shaded_dot.png</href>
          </Icon>
          <scale>0.6</scale>
          <color>bf00ff00</color>
        </IconStyle>
      </Style>
      <Point>
        <altitudeMode>clampToGround</altitudeMode>
        <coordinates>87.3051280166667,22.3211984333333,0</coordinates>
      </Point>
    </Placemark>
    <Placemark>
      <Snippet maxLines="0"> </Snippet>
      <description>598
UTC 19-04-2026 05:45:35.00
GpsMilliseconds 1460612753000
22.3211884,87.3050893, EA(5m)
AltWgs84 -6.0 m, EA(1m)
Hdg 256 deg, Spd 4.0 m/s
EA(0.0 deg, 0.0 m/s)</description>
      <Style>
        <IconStyle>
          <Icon>
            <href>http://maps.google.com/mapfiles/kml/shapes/shaded_dot.png</href>
          </Icon>
          <scale>0.6</scale>
          <color>bf00ff00</color>
        </IconStyle>
      </Style>
      <Point>
        <altitudeMode>clampToGround</altitudeMode>
        <coordinates>87.3050892833333,22.3211883666667,0</coordinates>
      </Point>
    </Placemark>
    <Placemark>
      <Snippet maxLines="0"> </Snippet>
      <description>599
UTC 19-04-2026 05:45:36.00
GpsMilliseconds 1460612754000
22.3211801,87.3050503, EA(6m)
AltWgs84 -6.3 m, EA(1m)
Hdg 258 deg, Spd 4.1 m/s
EA(0.0 deg, 0.0 m/s)</description>
      <Style>
        <IconStyle>
          <Icon>
            <href>http://maps.google.com/mapfiles/kml/shapes/shaded_dot.png</href>
          </Icon>
          <scale>0.6</scale>
          <color>bf00ff00</color>
        </IconStyle>
      </Style>
      <Point>
        <altitudeMode>clampToGround</altitudeMode>
        <coordinates>87.3050502833333,22.3211800833333,0</coordinates>
      </Point>
    </Placemark>
    <Placemark>
      <Snippet maxLines="0"> </Snippet>
      <description>600
UTC 19-04-2026 05:45:37.00
GpsMilliseconds 1460612755000
22.3211716,87.3050101, EA(6m)
AltWgs84 -5.9 m, EA(1m)
Hdg 258 deg, Spd 4.0 m/s
EA(0.0 deg, 0.0 m/s)</description>
      <Style>
        <IconStyle>
          <Icon>
            <href>http://maps.google.com/mapfiles/kml/shapes/shaded_dot.png</href>
          </Icon>
          <scale>0.6</scale>
          <color>bf00ff00</color>
        </IconStyle>
      </Style>
      <Point>
        <altitudeMode>clampToGround</altitudeMode>
        <coordinates>87.3050101166667,22.3211716333333,0</coordinates>
      </Point>
    </Placemark>
   </Document>
</kml>