<?xml version="1.0" encoding="utf-8"?>
<kml xmlns="http://www.opengis.net/kml/2.2">
  <Document>
    <name>cleaned_gnss_log_2026_04_21_15_49_10_rawKfPr.kml</name>
    <Placemark>
      <Snippet maxLines="0"> </Snippet>
      <description> </description>
      <name>Line 1</name>
      <Style>
        <LineStyle>
          <color>80ffffff</color>
        </LineStyle>
      </Style>
      <LineString>
        <altitudeMode>clampToGround</altitudeMode>
        <coordinates> 87.3246911573078,22.3158518071303,0 87.3246789269684,22.3158494081577,0 87.3246813706509,22.3158459735025,0 87.3246857398553,22.3158451882173,0 87.3246902918685,22.3158431400708,0 87.3246951823727,22.3158448609953,0 87.3246975935132,22.315847265372,0 87.3247010008101,22.3158497562273,0 87.3247027004618,22.3158530974868,0 87.324702893116,22.3158550383968,0 87.3247039812366,22.3158551714577,0 87.3247030326321,22.3158569130977,0 87.3247038032509,22.3158557290159,0 87.3247062320333,22.315853200835,0 87.3247059823107,22.3158532637769,0 87.3247079844335,22.3158534318815,0 87.3247043235017,22.3158573500362,0 87.3247006330095,22.3158566586272,0 87.3246973992814,22.3158554722571,0 87.3246953469796,22.315854696825,0 87.3246934539964,22.3158528724664,0 87.3246917917733,22.3158516192814,0 87.324690639557,22.315851481624,0 87.3246896836743,22.3158513754524,0 87.3246883846315,22.3158513929072,0 87.3246883360356,22.3158520067036,0 87.3246894460028,22.3158520364531,0 87.3246908634889,22.3158522347758,0 87.3246920947662,22.3158538261087,0 87.3246927920443,22.3158551767922,0 87.3246934641928,22.3158583017098,0 87.3246944112027,22.3158510760804,0 87.3246948511473,22.3158463868122,0 87.3246952901396,22.3158433552783,0 87.324695549683,22.3158515386775,0 87.3246956903548,22.3158530912063,0 87.3246968565558,22.3158538642266,0 87.3246980172662,22.3158530469226,0 87.3246998224722,22.3158508793363,0 87.3246991862362,22.315849824552,0 87.3246996154172,22.3158488649195,0 87.3246999895049,22.3158485273955,0 87.3247004860983,22.3158504634999,0 87.324702292993,22.3158512549573,0 87.3247032872308,22.3158530441507,0 87.324703841975,22.3158529216174,0 87.3247032244805,22.3158545475548,0 87.3247020866661,22.3158540546012,0 87.3247010565126,22.3158537567809,0 87.3246989062849,22.3158535789554,0 87.324697407948,22.3158555853348,0 87.3246930189176,22.3158553134412,0 87.3246900581521,22.3158561910865,0 87.3246868210623,22.3158570378128,0 87.324682829222,22.315856153932,0 87.3246807066815,22.3158567560721,0 87.3246843289645,22.3158573404334,0 87.3246861760387,22.3158553895848,0 87.3246882515356,22.3158539171501,0 87.3246912191742,22.3158519971858,0 87.3246944222764,22.315852780246,0 87.3246958765178,22.3158522699513,0 87.324696817233,22.3158509220956,0 87.3246989954468,22.3158460313143,0 87.3246995613364,22.3158409155691,0 87.3247003955735,22.3158350035526,0 87.3247016431282,22.3158304692197,0 87.3247008259661,22.3158259240433,0 87.3246987233522,22.3158210256403,0 87.3246961581147,22.3158183822358,0 87.3246953189167,22.3158152484363,0 87.3246927383612,22.3158159981658,0 87.3246891215927,22.3158170401919,0 87.3246864038372,22.3158191606362,0 87.3246833245428,22.3158215246901,0 87.3246793174384,22.3158254334189,0 87.3246795193788,22.3158285058161,0 87.3246794136625,22.3158312007167,0 87.3246783459475,22.3158332317284,0 87.3246775190088,22.3158368480387,0 87.324676547344,22.3158372420873,0 87.3246742087513,22.3158391573727,0 87.3246716327906,22.3158385368838,0 87.324669483004,22.3158390541344,0 87.3246673630945,22.3158396339764,0 87.3246664933291,22.3158410278415,0 87.3246652090299,22.3158417844653,0 87.3246643067894,22.3158425520749,0 87.3246633112605,22.3158427801444,0 87.3246627162487,22.3158439109984,0 87.3246637208898,22.3158429354087,0 87.3246649556253,22.3158407559202,0 87.3246669994281,22.3158389501407,0 87.3246681053457,22.3158371432544,0 87.3246697261361,22.3158361116078,0 87.324671067054,22.3158356870574,0 87.3246741265595,22.3158354540295,0 87.3246778277661,22.3158316664976,0 87.3246804484108,22.3158299943501,0 87.3246837586544,22.3158282851453,0 87.3246866985272,22.3158274047387,0 87.3246888579899,22.3158249081803,0 87.3246913120313,22.3158226954286,0 87.32469408238,22.3158216321112,0 87.324697306981,22.315822683679,0 87.3246991911187,22.3158240352198,0 87.3246993070594,22.3158256781863,0 87.3246978112105,22.3158287290278,0 87.3246957626767,22.3158310601346,0 87.3246935559955,22.3158323110824,0 87.3246917604388,22.3158338153279,0 87.3246898679946,22.3158350398757,0 87.3246878246224,22.3158351875116,0 87.3246833849025,22.3158343613954,0 87.3246803329001,22.3158327177277,0 87.3246777473833,22.3158328698843,0 87.3246756172352,22.3158324783603,0 87.3246760830025,22.3158335615818,0 87.32467573888,22.3158328866316,0 87.3246752608154,22.3158338556553,0 87.3246732698275,22.3158344603467,0 87.3246714169088,22.3158345999582,0 87.3246690595359,22.3158348213965,0 87.324667809958,22.3158354178335,0 87.324666586238,22.3158377215852,0 87.3246652141333,22.3158384877753,0 87.3246645633781,22.3158430125131,0 87.3246639080536,22.3158463004931,0 87.3246635071653,22.3158477295353,0 87.3246640351237,22.3158496093688,0 87.3246636623355,22.315849956033,0 87.324663364352,22.3158502982124,0 87.3246637465779,22.3158499014949,0 87.3246647975698,22.3158503311948,0 87.3246653256315,22.31584945494,0 87.3246663110219,22.315849272404,0 87.3246665413919,22.3158480380396,0 87.3246664531622,22.3158487947298,0 87.3246660024665,22.3158497604436,0 87.3246671954296,22.3158499404006,0 87.3246656540358,22.3158485579912,0 87.3246641961974,22.3158464300288,0 87.3246661661883,22.3158480270027,0 87.3246670033528,22.3158480792298,0 87.3246677527204,22.3158480690687,0 87.3246705956478,22.3158499785332,0 87.3246736810702,22.3158521984498,0 87.3246766252755,22.3158522397629,0 87.324679305675,22.3158541904889,0 87.3246823881727,22.3158533125291,0 87.3246856494472,22.3158514072057,0 87.3246864863222,22.3158494514854,0 87.3246864224031,22.3158482343172,0 87.3246865315224,22.3158483972892,0 87.32468780939,22.3158480282076,0 87.3246887603849,22.3158462349695,0 87.3246882463948,22.3158444498514,0 87.3246878350476,22.3158451776495,0 87.3246871068642,22.315845599783,0 87.3246876970298,22.3158485750103,0 87.3246861785946,22.3158502453996,0 87.3246863261964,22.315848452395,0 87.3246858393403,22.3158456510691,0 87.3246857902924,22.3158433234734,0 87.3246863261159,22.3158442924007,0 87.3246856475622,22.31584326883,0 87.3246844967097,22.3158428337386,0 87.3246846030286,22.3158423675747,0 87.3246824877301,22.315841778536,0 87.3246803025426,22.3158403217751,0 87.3246781452426,22.3158392238565,0 87.3246785834949,22.3158372729693,0 87.3246769720884,22.3158350570019,0 87.3246769393688,22.3158337948057,0 87.3246767859699,22.3158326173119,0 87.324676666368,22.3158300963622,0 87.3246772729063,22.3158278573611,0 87.3246770484632,22.3158264564341,0 87.3246779889113,22.3158256738582,0 87.3246796668418,22.315826372979,0 87.3246849952457,22.3158277924422,0 87.3246867926095,22.3158264469232,0 87.3246900336228,22.3158265431825,0 87.3246926497243,22.3158265806346,0 87.3246950321318,22.3158279013983,0 87.3246968929491,22.315828924259,0 87.324697755428,22.3158324031895,0 87.3246955596116,22.3158324465019,0 87.3246971470313,22.3158349079862,0 87.3247000237891,22.3158350657832,0 87.3247013887195,22.3158358717635,0 87.3247013234032,22.3158351176985,0 87.3247029660464,22.3158351770998,0 87.324705592706,22.3158375807906,0 87.3247058402348,22.3158388401761,0 87.3247041585765,22.3158413998553,0 87.3247036221982,22.3158440504915,0 87.3247015313559,22.3158455779661,0 87.3247008627172,22.3158478722382,0 87.3246998975945,22.3158492614915,0 87.3246975105807,22.3158471489402,0 87.324696169985,22.3158440722595,0 87.324696484659,22.3158441294173,0 87.3246936537842,22.3158432172114,0 87.3246921447181,22.315842356011,0 87.3246913718975,22.3158424108887,0 87.3246911543309,22.3158420656622,0 87.3246910366646,22.3158403397752,0 87.3246903419128,22.3158393957553,0 87.3246911294068,22.3158391859036,0 87.3246941066249,22.31583743607,0 87.3246964463607,22.3158359061612,0 87.3246980868475,22.315834033811,0 87.3246989604978,22.3158324717401,0 87.3247005321227,22.315830823238,0 87.3247001345996,22.3158298689817,0 87.3247000613193,22.3158283541006,0 87.3246999860369,22.3158263733163,0 87.3246975430611,22.315824975024,0 87.3246945543912,22.3158248113321,0 87.3246916666302,22.3158254989736,0 87.3246896852399,22.3158256744496,0 87.3246887218134,22.3158269646072,0 87.3246878347083,22.3158278882062,0 87.3246893013788,22.3158292887768,0 87.3246904799396,22.3158309960532,0 87.3246912097736,22.3158315505496,0 87.3246898548253,22.3158331978309,0 87.3246904607891,22.3158327098281,0 87.3246910500006,22.3158333343932,0 87.324689591193,22.3158323751525,0 87.324689711109,22.3158333929889,0 87.3246904996626,22.3158349348882,0 87.3246913981686,22.3158359733901,0 87.3246927436616,22.3158383828881,0 87.3246946849797,22.3158413560398,0 87.3246959659243,22.3158428360846,0 87.3246983612771,22.3158439257522,0 87.3246997585119,22.3158437555901,0 87.3247002666845,22.3158427600023,0 87.3247003373658,22.315840374877,0 87.3246990202275,22.3158384732834,0 87.3246972091198,22.3158362853254,0 87.3246943326477,22.3158336799312,0 87.3246926593488,22.3158312929762,0 87.3246915168875,22.3158296588584,0 87.3246885426003,22.3158292711087,0 87.3246840522063,22.3158265508018,0 87.3246807458532,22.3158241614901,0 87.3246778980731,22.3158209560711,0 87.3246779790163,22.3158190014847,0 87.3246795325466,22.3158181431499,0 87.324680710727,22.3158177077084,0 87.3246828579974,22.3158179135321,0 87.3246876898698,22.3158220921302,0 87.3246901565054,22.3158245148919,0 87.32469410173,22.3158265624397,0 87.324696378549,22.3158270898824,0 87.3246984463675,22.315827454089,0 87.3246991405376,22.3158278371852,0 87.3246999570055,22.3158283906049,0 87.3247007496868,22.3158310594588,0 87.3247022839985,22.3158326379673,0 87.3247028363968,22.3158338594469,0 87.3247024098486,22.3158343122095,0 87.3247029453537,22.3158360049614,0 87.3247040373049,22.3158370851026,0 87.3247035947274,22.3158378246708,0 87.324704072448,22.315838532357,0 87.3247031024739,22.3158383011191,0 87.3247022625948,22.3158396871978,0 87.3247015218456,22.3158403678816,0 87.3246996826583,22.315840163804,0 87.3247003299041,22.3158395366569,0 87.3247019975902,22.3158387407432,0 87.3247021503687,22.3158375398031,0 87.3247012222962,22.3158350884622,0 87.3246998480794,22.3158332169363,0 87.3246976878142,22.3158319136095,0 87.324695843955,22.3158327963282,0 87.3246937171754,22.3158367401266,0 87.3246927687342,22.3158413156276,0 87.3246928288271,22.3158449888968,0 87.324691463339,22.3158476995239,0 87.3246927141437,22.3158506976946,0 87.3246926322832,22.3158509394858,0 87.3246932974505,22.3158514055512,0 87.3246945693285,22.3158525017927,0 87.3246973760929,22.3158552011224,0 87.3246990121301,22.3158577609065,0 87.3246989816797,22.3158581079273,0 87.3246981192078,22.3158591831422,0 87.3246966280711,22.315859470734,0 87.324697121697,22.3158598263747,0 87.3246974011496,22.3158602635747,0 87.3246983595203,22.3158613255778,0 87.3246972368207,22.3158608889519,0 87.3246967808861,22.3158594084702,0 87.3246955579455,22.3158579520247,0 87.324695230315,22.3158576036841,0 87.3246938831659,22.3158562626814,0 87.324692380704,22.3158552545236,0 87.3246900113269,22.3158538359409,0 87.3246871590577,22.3158509809951,0 87.3246859540913,22.31585035364,0 87.3246850949433,22.3158484693269,0 87.3246844330185,22.3158473526201,0 87.3246856796055,22.3158456122576,0 87.3246848984892,22.3158450943439,0 87.3246859287259,22.315844559111,0 87.3246843076697,22.3158444067005,0 87.3246849525318,22.315842836538,0 87.3246831971106,22.3158440599455,0 87.3246831013722,22.3158437363552,0 87.324683725894,22.3158439205384,0 87.3246840393508,22.3158439204376,0 87.3246834980748,22.3158437813874,0 87.3246830641174,22.3158437855445,0 87.3246816325282,22.315843229823,0 87.3246811051979,22.3158413090316,0 87.3246809668416,22.3158397549135,0 87.3246817457774,22.3158393077497,0 87.32468127274,22.3158388103095,0 87.3246822141373,22.3158390597713,0 87.3246837522947,22.3158387005228,0 87.3246849692886,22.3158374972629,0 87.3246876640569,22.3158366499004,0 87.3246913162959,22.3158366507298,0 87.3246949138531,22.3158363831036,0 87.3246958196312,22.3158370126729,0 87.3246987800469,22.3158376726746,0 87.3247021988564,22.315838662125,0 87.3247038136496,22.3158397648776,0 87.3247053434518,22.3158423166938,0 87.3247063208514,22.3158443599092,0 87.3247052893067,22.3158455705826,0 87.3247025022807,22.315846428743,0 87.3247000459062,22.3158485790739,0 87.3246966470661,22.3158504170997,0 87.3246935969451,22.3158513829306,0 87.3246914947829,22.3158517359682,0 87.3246889389727,22.315851223042,0 87.3246877919529,22.3158498184255,0 87.324686531021,22.315847818886,0 87.3246861020901,22.3158455497859,0 87.3246832129423,22.3158429129584,0 87.3246809954008,22.3158407264637,0 87.3246800071102,22.3158381025955,0 87.3246803954622,22.3158355932028,0 87.3246819113968,22.3158335876224,0 87.3246822400196,22.3158325613513,0 87.3246828100988,22.315832658439,0 87.3246837298015,22.3158314694657,0 87.3246845170943,22.3158316678045,0 87.3246861366229,22.3158337943343,0 87.324687552732,22.3158347637309,0 87.3246907842661,22.3158361686168,0 87.3246937272687,22.3158367083809,0 87.3246956771371,22.3158370300223,0 87.3246960007962,22.3158378113471,0 87.3246974853621,22.3158385262117,0 87.3246943402631,22.3158375248506,0 87.3246967470347,22.3158417265392,0 87.324699685757,22.315840726032,0 87.3247024588393,22.3158425129305,0 87.3247042626328,22.315843635661,0 87.3247047077884,22.3158463760779,0 87.324707624935,22.3158467484232,0 87.3247107747646,22.3158505660043,0 87.3247140662896,22.3158518295632,0</coordinates>
      </LineString>
    </Placemark>
    <Placemark>
      <Snippet maxLines="0"> </Snippet>
      <description>1
UTC 21-04-2026 10:19:11.00
GpsMilliseconds 1460801969000
22.3158518,87.3246912, EA(2m)
AltWgs84 -9.9 m, EA(3m)
Hdg 178 deg, Spd 0.6 m/s
EA(42.9 deg, 1.9 m/s)</description>
      <Style>
        <IconStyle>
          <Icon>
            <href>http://maps.google.com/mapfiles/kml/shapes/shaded_dot.png</href>
          </Icon>
          <scale>0.6</scale>
          <color>bf00a0f4</color>
        </IconStyle>
      </Style>
      <Point>
        <altitudeMode>clampToGround</altitudeMode>
        <coordinates>87.3246911573078,22.3158518071303,0</coordinates>
      </Point>
    </Placemark>
    <Placemark>
      <Snippet maxLines="0"> </Snippet>
      <description>2
UTC 21-04-2026 10:19:12.00
GpsMilliseconds 1460801970000
22.3158494,87.3246789, EA(2m)
AltWgs84 -6.9 m, EA(3m)
Hdg 224 deg, Spd 0.5 m/s
EA(42.4 deg, 1.4 m/s)</description>
      <Style>
        <IconStyle>
          <Icon>
            <href>http://maps.google.com/mapfiles/kml/shapes/shaded_dot.png</href>
          </Icon>
          <scale>0.6</scale>
          <color>bf00a0f4</color>
        </IconStyle>
      </Style>
      <Point>
        <altitudeMode>clampToGround</altitudeMode>
        <coordinates>87.3246789269684,22.3158494081577,0</coordinates>
      </Point>
    </Placemark>
    <Placemark>
      <Snippet maxLines="0"> </Snippet>
      <description>3
UTC 21-04-2026 10:19:13.00
GpsMilliseconds 1460801971000
22.3158460,87.3246814, EA(2m)
AltWgs84 -7.9 m, EA(3m)
Hdg 199 deg, Spd 0.4 m/s
EA(44.2 deg, 1.1 m/s)</description>
      <Style>
        <IconStyle>
          <Icon>
            <href>http://maps.google.com/mapfiles/kml/shapes/shaded_dot.png</href>
          </Icon>
          <scale>0.6</scale>
          <color>bf00a0f4</color>
        </IconStyle>
      </Style>
      <Point>
        <altitudeMode>clampToGround</altitudeMode>
        <coordinates>87.3246813706509,22.3158459735025,0</coordinates>
      </Point>
    </Placemark>
    <Placemark>
      <Snippet maxLines="0"> </Snippet>
      <description>4
UTC 21-04-2026 10:19:14.00
GpsMilliseconds 1460801972000
22.3158452,87.3246857, EA(2m)
AltWgs84 -9.4 m, EA(3m)
Hdg 165 deg, Spd 0.2 m/s
EA(43.8 deg, 1.0 m/s)</description>
      <Style>
        <IconStyle>
          <Icon>
            <href>http://maps.google.com/mapfiles/kml/shapes/shaded_dot.png</href>
          </Icon>
          <scale>0.6</scale>
          <color>bf00a0f4</color>
        </IconStyle>
      </Style>
      <Point>
        <altitudeMode>clampToGround</altitudeMode>
        <coordinates>87.3246857398553,22.3158451882173,0</coordinates>
      </Point>
    </Placemark>
    <Placemark>
      <Snippet maxLines="0"> </Snippet>
      <description>5
UTC 21-04-2026 10:19:15.00
GpsMilliseconds 1460801973000
22.3158431,87.3246903, EA(2m)
AltWgs84 -10.8 m, EA(3m)
Hdg 145 deg, Spd 0.3 m/s
EA(43.5 deg, 0.8 m/s)</description>
      <Style>
        <IconStyle>
          <Icon>
            <href>http://maps.google.com/mapfiles/kml/shapes/shaded_dot.png</href>
          </Icon>
          <scale>0.6</scale>
          <color>bf00a0f4</color>
        </IconStyle>
      </Style>
      <Point>
        <altitudeMode>clampToGround</altitudeMode>
        <coordinates>87.3246902918685,22.3158431400708,0</coordinates>
      </Point>
    </Placemark>
    <Placemark>
      <Snippet maxLines="0"> </Snippet>
      <description>6
UTC 21-04-2026 10:19:16.00
GpsMilliseconds 1460801974000
22.3158449,87.3246952, EA(2m)
AltWgs84 -11.8 m, EA(3m)
Hdg 120 deg, Spd 0.3 m/s
EA(43.6 deg, 0.8 m/s)</description>
      <Style>
        <IconStyle>
          <Icon>
            <href>http://maps.google.com/mapfiles/kml/shapes/shaded_dot.png</href>
          </Icon>
          <scale>0.6</scale>
          <color>bf00a0f4</color>
        </IconStyle>
      </Style>
      <Point>
        <altitudeMode>clampToGround</altitudeMode>
        <coordinates>87.3246951823727,22.3158448609953,0</coordinates>
      </Point>
    </Placemark>
    <Placemark>
      <Snippet maxLines="0"> </Snippet>
      <description>7
UTC 21-04-2026 10:19:17.00
GpsMilliseconds 1460801975000
22.3158473,87.3246976, EA(2m)
AltWgs84 -12.8 m, EA(3m)
Hdg 101 deg, Spd 0.2 m/s
EA(43.9 deg, 0.7 m/s)</description>
      <Style>
        <IconStyle>
          <Icon>
            <href>http://maps.google.com/mapfiles/kml/shapes/shaded_dot.png</href>
          </Icon>
          <scale>0.6</scale>
          <color>bf00a0f4</color>
        </IconStyle>
      </Style>
      <Point>
        <altitudeMode>clampToGround</altitudeMode>
        <coordinates>87.3246975935132,22.315847265372,0</coordinates>
      </Point>
    </Placemark>
    <Placemark>
      <Snippet maxLines="0"> </Snippet>
      <description>8
UTC 21-04-2026 10:19:18.00
GpsMilliseconds 1460801976000
22.3158498,87.3247010, EA(2m)
AltWgs84 -13.2 m, EA(3m)
Hdg 85 deg, Spd 0.2 m/s
EA(44.0 deg, 0.7 m/s)</description>
      <Style>
        <IconStyle>
          <Icon>
            <href>http://maps.google.com/mapfiles/kml/shapes/shaded_dot.png</href>
          </Icon>
          <scale>0.6</scale>
          <color>bf00a0f4</color>
        </IconStyle>
      </Style>
      <Point>
        <altitudeMode>clampToGround</altitudeMode>
        <coordinates>87.3247010008101,22.3158497562273,0</coordinates>
      </Point>
    </Placemark>
    <Placemark>
      <Snippet maxLines="0"> </Snippet>
      <description>9
UTC 21-04-2026 10:19:19.00
GpsMilliseconds 1460801977000
22.3158531,87.3247027, EA(2m)
AltWgs84 -13.4 m, EA(3m)
Hdg 68 deg, Spd 0.2 m/s
EA(44.1 deg, 0.7 m/s)</description>
      <Style>
        <IconStyle>
          <Icon>
            <href>http://maps.google.com/mapfiles/kml/shapes/shaded_dot.png</href>
          </Icon>
          <scale>0.6</scale>
          <color>bf00a0f4</color>
        </IconStyle>
      </Style>
      <Point>
        <altitudeMode>clampToGround</altitudeMode>
        <coordinates>87.3247027004618,22.3158530974868,0</coordinates>
      </Point>
    </Placemark>
    <Placemark>
      <Snippet maxLines="0"> </Snippet>
      <description>10
UTC 21-04-2026 10:19:20.00
GpsMilliseconds 1460801978000
22.3158550,87.3247029, EA(2m)
AltWgs84 -13.8 m, EA(3m)
Hdg 57 deg, Spd 0.2 m/s
EA(44.2 deg, 0.7 m/s)</description>
      <Style>
        <IconStyle>
          <Icon>
            <href>http://maps.google.com/mapfiles/kml/shapes/shaded_dot.png</href>
          </Icon>
          <scale>0.6</scale>
          <color>bf00a0f4</color>
        </IconStyle>
      </Style>
      <Point>
        <altitudeMode>clampToGround</altitudeMode>
        <coordinates>87.324702893116,22.3158550383968,0</coordinates>
      </Point>
    </Placemark>
    <Placemark>
      <Snippet maxLines="0"> </Snippet>
      <description>11
UTC 21-04-2026 10:19:21.00
GpsMilliseconds 1460801979000
22.3158552,87.3247040, EA(2m)
AltWgs84 -14.1 m, EA(3m)
Hdg 58 deg, Spd 0.2 m/s
EA(44.1 deg, 0.7 m/s)</description>
      <Style>
        <IconStyle>
          <Icon>
            <href>http://maps.google.com/mapfiles/kml/shapes/shaded_dot.png</href>
          </Icon>
          <scale>0.6</scale>
          <color>bf00a0f4</color>
        </IconStyle>
      </Style>
      <Point>
        <altitudeMode>clampToGround</altitudeMode>
        <coordinates>87.3247039812366,22.3158551714577,0</coordinates>
      </Point>
    </Placemark>
    <Placemark>
      <Snippet maxLines="0"> </Snippet>
      <description>12
UTC 21-04-2026 10:19:22.00
GpsMilliseconds 1460801980000
22.3158569,87.3247030, EA(2m)
AltWgs84 -14.0 m, EA(2m)
Hdg 39 deg, Spd 0.1 m/s
EA(44.1 deg, 0.7 m/s)</description>
      <Style>
        <IconStyle>
          <Icon>
            <href>http://maps.google.com/mapfiles/kml/shapes/shaded_dot.png</href>
          </Icon>
          <scale>0.6</scale>
          <color>bf00a0f4</color>
        </IconStyle>
      </Style>
      <Point>
        <altitudeMode>clampToGround</altitudeMode>
        <coordinates>87.3247030326321,22.3158569130977,0</coordinates>
      </Point>
    </Placemark>
    <Placemark>
      <Snippet maxLines="0"> </Snippet>
      <description>13
UTC 21-04-2026 10:19:23.00
GpsMilliseconds 1460801981000
22.3158557,87.3247038, EA(2m)
AltWgs84 -14.3 m, EA(2m)
Hdg 56 deg, Spd 0.1 m/s
EA(44.0 deg, 0.7 m/s)</description>
      <Style>
        <IconStyle>
          <Icon>
            <href>http://maps.google.com/mapfiles/kml/shapes/shaded_dot.png</href>
          </Icon>
          <scale>0.6</scale>
          <color>bf00a0f4</color>
        </IconStyle>
      </Style>
      <Point>
        <altitudeMode>clampToGround</altitudeMode>
        <coordinates>87.3247038032509,22.3158557290159,0</coordinates>
      </Point>
    </Placemark>
    <Placemark>
      <Snippet maxLines="0"> </Snippet>
      <description>14
UTC 21-04-2026 10:19:24.00
GpsMilliseconds 1460801982000
22.3158532,87.3247062, EA(2m)
AltWgs84 -14.7 m, EA(2m)
Hdg 96 deg, Spd 0.1 m/s
EA(43.9 deg, 0.7 m/s)</description>
      <Style>
        <IconStyle>
          <Icon>
            <href>http://maps.google.com/mapfiles/kml/shapes/shaded_dot.png</href>
          </Icon>
          <scale>0.6</scale>
          <color>bf00a0f4</color>
        </IconStyle>
      </Style>
      <Point>
        <altitudeMode>clampToGround</altitudeMode>
        <coordinates>87.3247062320333,22.315853200835,0</coordinates>
      </Point>
    </Placemark>
    <Placemark>
      <Snippet maxLines="0"> </Snippet>
      <description>15
UTC 21-04-2026 10:19:25.00
GpsMilliseconds 1460801983000
22.3158533,87.3247060, EA(2m)
AltWgs84 -15.0 m, EA(2m)
Hdg 93 deg, Spd 0.1 m/s
EA(43.8 deg, 0.7 m/s)</description>
      <Style>
        <IconStyle>
          <Icon>
            <href>http://maps.google.com/mapfiles/kml/shapes/shaded_dot.png</href>
          </Icon>
          <scale>0.6</scale>
          <color>bf00a0f4</color>
        </IconStyle>
      </Style>
      <Point>
        <altitudeMode>clampToGround</altitudeMode>
        <coordinates>87.3247059823107,22.3158532637769,0</coordinates>
      </Point>
    </Placemark>
    <Placemark>
      <Snippet maxLines="0"> </Snippet>
      <description>16
UTC 21-04-2026 10:19:26.00
GpsMilliseconds 1460801984000
22.3158534,87.3247080, EA(2m)
AltWgs84 -14.9 m, EA(2m)
Hdg 87 deg, Spd 0.1 m/s
EA(44.1 deg, 0.7 m/s)</description>
      <Style>
        <IconStyle>
          <Icon>
            <href>http://maps.google.com/mapfiles/kml/shapes/shaded_dot.png</href>
          </Icon>
          <scale>0.6</scale>
          <color>bf00a0f4</color>
        </IconStyle>
      </Style>
      <Point>
        <altitudeMode>clampToGround</altitudeMode>
        <coordinates>87.3247079844335,22.3158534318815,0</coordinates>
      </Point>
    </Placemark>
    <Placemark>
      <Snippet maxLines="0"> </Snippet>
      <description>17
UTC 21-04-2026 10:19:27.00
GpsMilliseconds 1460801985000
22.3158574,87.3247043, EA(2m)
AltWgs84 -14.3 m, EA(2m)
Hdg 4 deg, Spd 0.1 m/s
EA(44.5 deg, 0.7 m/s)</description>
      <Style>
        <IconStyle>
          <Icon>
            <href>http://maps.google.com/mapfiles/kml/shapes/shaded_dot.png</href>
          </Icon>
          <scale>0.6</scale>
          <color>bf00a0f4</color>
        </IconStyle>
      </Style>
      <Point>
        <altitudeMode>clampToGround</altitudeMode>
        <coordinates>87.3247043235017,22.3158573500362,0</coordinates>
      </Point>
    </Placemark>
    <Placemark>
      <Snippet maxLines="0"> </Snippet>
      <description>18
UTC 21-04-2026 10:19:28.00
GpsMilliseconds 1460801986000
22.3158567,87.3247006, EA(2m)
AltWgs84 -14.5 m, EA(2m)
Hdg 313 deg, Spd 0.1 m/s
EA(43.8 deg, 0.7 m/s)</description>
      <Style>
        <IconStyle>
          <Icon>
            <href>http://maps.google.com/mapfiles/kml/shapes/shaded_dot.png</href>
          </Icon>
          <scale>0.6</scale>
          <color>bf00a0f4</color>
        </IconStyle>
      </Style>
      <Point>
        <altitudeMode>clampToGround</altitudeMode>
        <coordinates>87.3247006330095,22.3158566586272,0</coordinates>
      </Point>
    </Placemark>
    <Placemark>
      <Snippet maxLines="0"> </Snippet>
      <description>19
UTC 21-04-2026 10:19:29.00
GpsMilliseconds 1460801987000
22.3158555,87.3246974, EA(2m)
AltWgs84 -15.0 m, EA(2m)
Hdg 281 deg, Spd 0.1 m/s
EA(43.7 deg, 0.7 m/s)</description>
      <Style>
        <IconStyle>
          <Icon>
            <href>http://maps.google.com/mapfiles/kml/shapes/shaded_dot.png</href>
          </Icon>
          <scale>0.6</scale>
          <color>bf00a0f4</color>
        </IconStyle>
      </Style>
      <Point>
        <altitudeMode>clampToGround</altitudeMode>
        <coordinates>87.3246973992814,22.3158554722571,0</coordinates>
      </Point>
    </Placemark>
    <Placemark>
      <Snippet maxLines="0"> </Snippet>
      <description>20
UTC 21-04-2026 10:19:30.00
GpsMilliseconds 1460801988000
22.3158547,87.3246953, EA(2m)
AltWgs84 -15.2 m, EA(2m)
Hdg 268 deg, Spd 0.1 m/s
EA(43.7 deg, 0.7 m/s)</description>
      <Style>
        <IconStyle>
          <Icon>
            <href>http://maps.google.com/mapfiles/kml/shapes/shaded_dot.png</href>
          </Icon>
          <scale>0.6</scale>
          <color>bf00a0f4</color>
        </IconStyle>
      </Style>
      <Point>
        <altitudeMode>clampToGround</altitudeMode>
        <coordinates>87.3246953469796,22.315854696825,0</coordinates>
      </Point>
    </Placemark>
    <Placemark>
      <Snippet maxLines="0"> </Snippet>
      <description>21
UTC 21-04-2026 10:19:31.00
GpsMilliseconds 1460801989000
22.3158529,87.3246935, EA(2m)
AltWgs84 -15.6 m, EA(2m)
Hdg 253 deg, Spd 0.1 m/s
EA(43.5 deg, 0.7 m/s)</description>
      <Style>
        <IconStyle>
          <Icon>
            <href>http://maps.google.com/mapfiles/kml/shapes/shaded_dot.png</href>
          </Icon>
          <scale>0.6</scale>
          <color>bf00a0f4</color>
        </IconStyle>
      </Style>
      <Point>
        <altitudeMode>clampToGround</altitudeMode>
        <coordinates>87.3246934539964,22.3158528724664,0</coordinates>
      </Point>
    </Placemark>
    <Placemark>
      <Snippet maxLines="0"> </Snippet>
      <description>22
UTC 21-04-2026 10:19:32.00
GpsMilliseconds 1460801990000
22.3158516,87.3246918, EA(2m)
AltWgs84 -15.9 m, EA(2m)
Hdg 245 deg, Spd 0.1 m/s
EA(43.4 deg, 0.7 m/s)</description>
      <Style>
        <IconStyle>
          <Icon>
            <href>http://maps.google.com/mapfiles/kml/shapes/shaded_dot.png</href>
          </Icon>
          <scale>0.6</scale>
          <color>bf00a0f4</color>
        </IconStyle>
      </Style>
      <Point>
        <altitudeMode>clampToGround</altitudeMode>
        <coordinates>87.3246917917733,22.3158516192814,0</coordinates>
      </Point>
    </Placemark>
    <Placemark>
      <Snippet maxLines="0"> </Snippet>
      <description>23
UTC 21-04-2026 10:19:33.00
GpsMilliseconds 1460801991000
22.3158515,87.3246906, EA(2m)
AltWgs84 -16.3 m, EA(2m)
Hdg 248 deg, Spd 0.1 m/s
EA(43.4 deg, 0.7 m/s)</description>
      <Style>
        <IconStyle>
          <Icon>
            <href>http://maps.google.com/mapfiles/kml/shapes/shaded_dot.png</href>
          </Icon>
          <scale>0.6</scale>
          <color>bf00a0f4</color>
        </IconStyle>
      </Style>
      <Point>
        <altitudeMode>clampToGround</altitudeMode>
        <coordinates>87.324690639557,22.315851481624,0</coordinates>
      </Point>
    </Placemark>
    <Placemark>
      <Snippet maxLines="0"> </Snippet>
      <description>24
UTC 21-04-2026 10:19:34.00
GpsMilliseconds 1460801992000
22.3158514,87.3246897, EA(2m)
AltWgs84 -16.4 m, EA(2m)
Hdg 251 deg, Spd 0.1 m/s
EA(43.4 deg, 0.7 m/s)</description>
      <Style>
        <IconStyle>
          <Icon>
            <href>http://maps.google.com/mapfiles/kml/shapes/shaded_dot.png</href>
          </Icon>
          <scale>0.6</scale>
          <color>bf00a0f4</color>
        </IconStyle>
      </Style>
      <Point>
        <altitudeMode>clampToGround</altitudeMode>
        <coordinates>87.3246896836743,22.3158513754524,0</coordinates>
      </Point>
    </Placemark>
    <Placemark>
      <Snippet maxLines="0"> </Snippet>
      <description>25
UTC 21-04-2026 10:19:35.00
GpsMilliseconds 1460801993000
22.3158514,87.3246884, EA(2m)
AltWgs84 -16.5 m, EA(2m)
Hdg 252 deg, Spd 0.1 m/s
EA(43.4 deg, 0.7 m/s)</description>
      <Style>
        <IconStyle>
          <Icon>
            <href>http://maps.google.com/mapfiles/kml/shapes/shaded_dot.png</href>
          </Icon>
          <scale>0.6</scale>
          <color>bf00a0f4</color>
        </IconStyle>
      </Style>
      <Point>
        <altitudeMode>clampToGround</altitudeMode>
        <coordinates>87.3246883846315,22.3158513929072,0</coordinates>
      </Point>
    </Placemark>
    <Placemark>
      <Snippet maxLines="0"> </Snippet>
      <description>26
UTC 21-04-2026 10:19:36.00
GpsMilliseconds 1460801994000
22.3158520,87.3246883, EA(2m)
AltWgs84 -16.7 m, EA(2m)
Hdg 255 deg, Spd 0.1 m/s
EA(43.3 deg, 0.7 m/s)</description>
      <Style>
        <IconStyle>
          <Icon>
            <href>http://maps.google.com/mapfiles/kml/shapes/shaded_dot.png</href>
          </Icon>
          <scale>0.6</scale>
          <color>bf00a0f4</color>
        </IconStyle>
      </Style>
      <Point>
        <altitudeMode>clampToGround</altitudeMode>
        <coordinates>87.3246883360356,22.3158520067036,0</coordinates>
      </Point>
    </Placemark>
    <Placemark>
      <Snippet maxLines="0"> </Snippet>
      <description>27
UTC 21-04-2026 10:19:37.00
GpsMilliseconds 1460801995000
22.3158520,87.3246894, EA(2m)
AltWgs84 -16.8 m, EA(2m)
Hdg 241 deg, Spd 0.0 m/s
EA(43.3 deg, 0.7 m/s)</description>
      <Style>
        <IconStyle>
          <Icon>
            <href>http://maps.google.com/mapfiles/kml/shapes/shaded_dot.png</href>
          </Icon>
          <scale>0.6</scale>
          <color>bf00a0f4</color>
        </IconStyle>
      </Style>
      <Point>
        <altitudeMode>clampToGround</altitudeMode>
        <coordinates>87.3246894460028,22.3158520364531,0</coordinates>
      </Point>
    </Placemark>
    <Placemark>
      <Snippet maxLines="0"> </Snippet>
      <description>28
UTC 21-04-2026 10:19:38.00
GpsMilliseconds 1460801996000
22.3158522,87.3246909, EA(2m)
AltWgs84 -16.7 m, EA(2m)
Hdg 143 deg, Spd 0.0 m/s
EA(43.3 deg, 0.7 m/s)</description>
      <Style>
        <IconStyle>
          <Icon>
            <href>http://maps.google.com/mapfiles/kml/shapes/shaded_dot.png</href>
          </Icon>
          <scale>0.6</scale>
          <color>bf00a0f4</color>
        </IconStyle>
      </Style>
      <Point>
        <altitudeMode>clampToGround</altitudeMode>
        <coordinates>87.3246908634889,22.3158522347758,0</coordinates>
      </Point>
    </Placemark>
    <Placemark>
      <Snippet maxLines="0"> </Snippet>
      <description>29
UTC 21-04-2026 10:19:39.00
GpsMilliseconds 1460801997000
22.3158538,87.3246921, EA(2m)
AltWgs84 -16.6 m, EA(2m)
Hdg 71 deg, Spd 0.0 m/s
EA(43.1 deg, 0.7 m/s)</description>
      <Style>
        <IconStyle>
          <Icon>
            <href>http://maps.google.com/mapfiles/kml/shapes/shaded_dot.png</href>
          </Icon>
          <scale>0.6</scale>
          <color>bf00a0f4</color>
        </IconStyle>
      </Style>
      <Point>
        <altitudeMode>clampToGround</altitudeMode>
        <coordinates>87.3246920947662,22.3158538261087,0</coordinates>
      </Point>
    </Placemark>
    <Placemark>
      <Snippet maxLines="0"> </Snippet>
      <description>30
UTC 21-04-2026 10:19:40.00
GpsMilliseconds 1460801998000
22.3158552,87.3246928, EA(2m)
AltWgs84 -16.4 m, EA(2m)
Hdg 48 deg, Spd 0.1 m/s
EA(43.1 deg, 0.7 m/s)</description>
      <Style>
        <IconStyle>
          <Icon>
            <href>http://maps.google.com/mapfiles/kml/shapes/shaded_dot.png</href>
          </Icon>
          <scale>0.6</scale>
          <color>bf00a0f4</color>
        </IconStyle>
      </Style>
      <Point>
        <altitudeMode>clampToGround</altitudeMode>
        <coordinates>87.3246927920443,22.3158551767922,0</coordinates>
      </Point>
    </Placemark>
    <Placemark>
      <Snippet maxLines="0"> </Snippet>
      <description>31
UTC 21-04-2026 10:19:41.00
GpsMilliseconds 1460801999000
22.3158583,87.3246935, EA(2m)
AltWgs84 -16.2 m, EA(2m)
Hdg 26 deg, Spd 0.1 m/s
EA(43.1 deg, 0.7 m/s)</description>
      <Style>
        <IconStyle>
          <Icon>
            <href>http://maps.google.com/mapfiles/kml/shapes/shaded_dot.png</href>
          </Icon>
          <scale>0.6</scale>
          <color>bf00a0f4</color>
        </IconStyle>
      </Style>
      <Point>
        <altitudeMode>clampToGround</altitudeMode>
        <coordinates>87.3246934641928,22.3158583017098,0</coordinates>
      </Point>
    </Placemark>
    <Placemark>
      <Snippet maxLines="0"> </Snippet>
      <description>32
UTC 21-04-2026 10:19:42.00
GpsMilliseconds 1460802000000
22.3158511,87.3246944, EA(2m)
AltWgs84 -15.9 m, EA(2m)
Hdg 143 deg, Spd 0.1 m/s
EA(43.8 deg, 0.7 m/s)</description>
      <Style>
        <IconStyle>
          <Icon>
            <href>http://maps.google.com/mapfiles/kml/shapes/shaded_dot.png</href>
          </Icon>
          <scale>0.6</scale>
          <color>bf00a0f4</color>
        </IconStyle>
      </Style>
      <Point>
        <altitudeMode>clampToGround</altitudeMode>
        <coordinates>87.3246944112027,22.3158510760804,0</coordinates>
      </Point>
    </Placemark>
    <Placemark>
      <Snippet maxLines="0"> </Snippet>
      <description>33
UTC 21-04-2026 10:19:43.00
GpsMilliseconds 1460802001000
22.3158464,87.3246949, EA(2m)
AltWgs84 -15.6 m, EA(2m)
Hdg 160 deg, Spd 0.2 m/s
EA(44.0 deg, 0.7 m/s)</description>
      <Style>
        <IconStyle>
          <Icon>
            <href>http://maps.google.com/mapfiles/kml/shapes/shaded_dot.png</href>
          </Icon>
          <scale>0.6</scale>
          <color>bf00a0f4</color>
        </IconStyle>
      </Style>
      <Point>
        <altitudeMode>clampToGround</altitudeMode>
        <coordinates>87.3246948511473,22.3158463868122,0</coordinates>
      </Point>
    </Placemark>
    <Placemark>
      <Snippet maxLines="0"> </Snippet>
      <description>34
UTC 21-04-2026 10:19:44.00
GpsMilliseconds 1460802002000
22.3158434,87.3246953, EA(2m)
AltWgs84 -15.4 m, EA(2m)
Hdg 164 deg, Spd 0.2 m/s
EA(44.1 deg, 0.7 m/s)</description>
      <Style>
        <IconStyle>
          <Icon>
            <href>http://maps.google.com/mapfiles/kml/shapes/shaded_dot.png</href>
          </Icon>
          <scale>0.6</scale>
          <color>bf00a0f4</color>
        </IconStyle>
      </Style>
      <Point>
        <altitudeMode>clampToGround</altitudeMode>
        <coordinates>87.3246952901396,22.3158433552783,0</coordinates>
      </Point>
    </Placemark>
    <Placemark>
      <Snippet maxLines="0"> </Snippet>
      <description>35
UTC 21-04-2026 10:19:45.00
GpsMilliseconds 1460802003000
22.3158515,87.3246955, EA(2m)
AltWgs84 -14.7 m, EA(2m)
Hdg 52 deg, Spd 0.1 m/s
EA(44.2 deg, 0.7 m/s)</description>
      <Style>
        <IconStyle>
          <Icon>
            <href>http://maps.google.com/mapfiles/kml/shapes/shaded_dot.png</href>
          </Icon>
          <scale>0.6</scale>
          <color>bf00a0f4</color>
        </IconStyle>
      </Style>
      <Point>
        <altitudeMode>clampToGround</altitudeMode>
        <coordinates>87.324695549683,22.3158515386775,0</coordinates>
      </Point>
    </Placemark>
    <Placemark>
      <Snippet maxLines="0"> </Snippet>
      <description>36
UTC 21-04-2026 10:19:46.00
GpsMilliseconds 1460802004000
22.3158531,87.3246957, EA(2m)
AltWgs84 -14.4 m, EA(2m)
Hdg 30 deg, Spd 0.1 m/s
EA(44.2 deg, 0.7 m/s)</description>
      <Style>
        <IconStyle>
          <Icon>
            <href>http://maps.google.com/mapfiles/kml/shapes/shaded_dot.png</href>
          </Icon>
          <scale>0.6</scale>
          <color>bf00a0f4</color>
        </IconStyle>
      </Style>
      <Point>
        <altitudeMode>clampToGround</altitudeMode>
        <coordinates>87.3246956903548,22.3158530912063,0</coordinates>
      </Point>
    </Placemark>
    <Placemark>
      <Snippet maxLines="0"> </Snippet>
      <description>37
UTC 21-04-2026 10:19:47.00
GpsMilliseconds 1460802005000
22.3158539,87.3246969, EA(2m)
AltWgs84 -14.2 m, EA(2m)
Hdg 34 deg, Spd 0.1 m/s
EA(44.3 deg, 0.7 m/s)</description>
      <Style>
        <IconStyle>
          <Icon>
            <href>http://maps.google.com/mapfiles/kml/shapes/shaded_dot.png</href>
          </Icon>
          <scale>0.6</scale>
          <color>bf00a0f4</color>
        </IconStyle>
      </Style>
      <Point>
        <altitudeMode>clampToGround</altitudeMode>
        <coordinates>87.3246968565558,22.3158538642266,0</coordinates>
      </Point>
    </Placemark>
    <Placemark>
      <Snippet maxLines="0"> </Snippet>
      <description>38
UTC 21-04-2026 10:19:48.00
GpsMilliseconds 1460802006000
22.3158530,87.3246980, EA(2m)
AltWgs84 -14.0 m, EA(2m)
Hdg 59 deg, Spd 0.1 m/s
EA(44.1 deg, 0.7 m/s)</description>
      <Style>
        <IconStyle>
          <Icon>
            <href>http://maps.google.com/mapfiles/kml/shapes/shaded_dot.png</href>
          </Icon>
          <scale>0.6</scale>
          <color>bf00a0f4</color>
        </IconStyle>
      </Style>
      <Point>
        <altitudeMode>clampToGround</altitudeMode>
        <coordinates>87.3246980172662,22.3158530469226,0</coordinates>
      </Point>
    </Placemark>
    <Placemark>
      <Snippet maxLines="0"> </Snippet>
      <description>39
UTC 21-04-2026 10:19:49.00
GpsMilliseconds 1460802007000
22.3158509,87.3246998, EA(2m)
AltWgs84 -13.8 m, EA(2m)
Hdg 105 deg, Spd 0.1 m/s
EA(44.3 deg, 0.7 m/s)</description>
      <Style>
        <IconStyle>
          <Icon>
            <href>http://maps.google.com/mapfiles/kml/shapes/shaded_dot.png</href>
          </Icon>
          <scale>0.6</scale>
          <color>bf00a0f4</color>
        </IconStyle>
      </Style>
      <Point>
        <altitudeMode>clampToGround</altitudeMode>
        <coordinates>87.3246998224722,22.3158508793363,0</coordinates>
      </Point>
    </Placemark>
    <Placemark>
      <Snippet maxLines="0"> </Snippet>
      <description>40
UTC 21-04-2026 10:19:50.00
GpsMilliseconds 1460802008000
22.3158498,87.3246992, EA(2m)
AltWgs84 -13.7 m, EA(2m)
Hdg 134 deg, Spd 0.1 m/s
EA(44.4 deg, 0.7 m/s)</description>
      <Style>
        <IconStyle>
          <Icon>
            <href>http://maps.google.com/mapfiles/kml/shapes/shaded_dot.png</href>
          </Icon>
          <scale>0.6</scale>
          <color>bf00a0f4</color>
        </IconStyle>
      </Style>
      <Point>
        <altitudeMode>clampToGround</altitudeMode>
        <coordinates>87.3246991862362,22.315849824552,0</coordinates>
      </Point>
    </Placemark>
    <Placemark>
      <Snippet maxLines="0"> </Snippet>
      <description>41
UTC 21-04-2026 10:19:51.00
GpsMilliseconds 1460802009000
22.3158489,87.3246996, EA(2m)
AltWgs84 -13.6 m, EA(2m)
Hdg 146 deg, Spd 0.1 m/s
EA(44.5 deg, 0.7 m/s)</description>
      <Style>
        <IconStyle>
          <Icon>
            <href>http://maps.google.com/mapfiles/kml/shapes/shaded_dot.png</href>
          </Icon>
          <scale>0.6</scale>
          <color>bf00a0f4</color>
        </IconStyle>
      </Style>
      <Point>
        <altitudeMode>clampToGround</altitudeMode>
        <coordinates>87.3246996154172,22.3158488649195,0</coordinates>
      </Point>
    </Placemark>
    <Placemark>
      <Snippet maxLines="0"> </Snippet>
      <description>42
UTC 21-04-2026 10:19:52.00
GpsMilliseconds 1460802010000
22.3158485,87.3247000, EA(2m)
AltWgs84 -13.4 m, EA(2m)
Hdg 147 deg, Spd 0.1 m/s
EA(44.5 deg, 0.7 m/s)</description>
      <Style>
        <IconStyle>
          <Icon>
            <href>http://maps.google.com/mapfiles/kml/shapes/shaded_dot.png</href>
          </Icon>
          <scale>0.6</scale>
          <color>bf00a0f4</color>
        </IconStyle>
      </Style>
      <Point>
        <altitudeMode>clampToGround</altitudeMode>
        <coordinates>87.3246999895049,22.3158485273955,0</coordinates>
      </Point>
    </Placemark>
    <Placemark>
      <Snippet maxLines="0"> </Snippet>
      <description>43
UTC 21-04-2026 10:19:53.00
GpsMilliseconds 1460802011000
22.3158505,87.3247005, EA(2m)
AltWgs84 -13.3 m, EA(2m)
Hdg 84 deg, Spd 0.0 m/s
EA(44.4 deg, 0.7 m/s)</description>
      <Style>
        <IconStyle>
          <Icon>
            <href>http://maps.google.com/mapfiles/kml/shapes/shaded_dot.png</href>
          </Icon>
          <scale>0.6</scale>
          <color>bf00a0f4</color>
        </IconStyle>
      </Style>
      <Point>
        <altitudeMode>clampToGround</altitudeMode>
        <coordinates>87.3247004860983,22.3158504634999,0</coordinates>
      </Point>
    </Placemark>
    <Placemark>
      <Snippet maxLines="0"> </Snippet>
      <description>44
UTC 21-04-2026 10:19:54.00
GpsMilliseconds 1460802012000
22.3158513,87.3247023, EA(2m)
AltWgs84 -13.1 m, EA(2m)
Hdg 71 deg, Spd 0.1 m/s
EA(44.4 deg, 0.7 m/s)</description>
      <Style>
        <IconStyle>
          <Icon>
            <href>http://maps.google.com/mapfiles/kml/shapes/shaded_dot.png</href>
          </Icon>
          <scale>0.6</scale>
          <color>bf00a0f4</color>
        </IconStyle>
      </Style>
      <Point>
        <altitudeMode>clampToGround</altitudeMode>
        <coordinates>87.324702292993,22.3158512549573,0</coordinates>
      </Point>
    </Placemark>
    <Placemark>
      <Snippet maxLines="0"> </Snippet>
      <description>45
UTC 21-04-2026 10:19:55.00
GpsMilliseconds 1460802013000
22.3158530,87.3247033, EA(2m)
AltWgs84 -12.8 m, EA(2m)
Hdg 49 deg, Spd 0.1 m/s
EA(44.2 deg, 0.7 m/s)</description>
      <Style>
        <IconStyle>
          <Icon>
            <href>http://maps.google.com/mapfiles/kml/shapes/shaded_dot.png</href>
          </Icon>
          <scale>0.6</scale>
          <color>bf00a0f4</color>
        </IconStyle>
      </Style>
      <Point>
        <altitudeMode>clampToGround</altitudeMode>
        <coordinates>87.3247032872308,22.3158530441507,0</coordinates>
      </Point>
    </Placemark>
    <Placemark>
      <Snippet maxLines="0"> </Snippet>
      <description>46
UTC 21-04-2026 10:19:56.00
GpsMilliseconds 1460802014000
22.3158529,87.3247038, EA(2m)
AltWgs84 -12.5 m, EA(1m)
Hdg 55 deg, Spd 0.1 m/s
EA(44.2 deg, 0.7 m/s)</description>
      <Style>
        <IconStyle>
          <Icon>
            <href>http://maps.google.com/mapfiles/kml/shapes/shaded_dot.png</href>
          </Icon>
          <scale>0.6</scale>
          <color>bf00a0f4</color>
        </IconStyle>
      </Style>
      <Point>
        <altitudeMode>clampToGround</altitudeMode>
        <coordinates>87.324703841975,22.3158529216174,0</coordinates>
      </Point>
    </Placemark>
    <Placemark>
      <Snippet maxLines="0"> </Snippet>
      <description>47
UTC 21-04-2026 10:19:57.00
GpsMilliseconds 1460802015000
22.3158545,87.3247032, EA(2m)
AltWgs84 -12.3 m, EA(1m)
Hdg 24 deg, Spd 0.1 m/s
EA(44.1 deg, 0.7 m/s)</description>
      <Style>
        <IconStyle>
          <Icon>
            <href>http://maps.google.com/mapfiles/kml/shapes/shaded_dot.png</href>
          </Icon>
          <scale>0.6</scale>
          <color>bf00a0f4</color>
        </IconStyle>
      </Style>
      <Point>
        <altitudeMode>clampToGround</altitudeMode>
        <coordinates>87.3247032244805,22.3158545475548,0</coordinates>
      </Point>
    </Placemark>
    <Placemark>
      <Snippet maxLines="0"> </Snippet>
      <description>48
UTC 21-04-2026 10:19:58.00
GpsMilliseconds 1460802016000
22.3158541,87.3247021, EA(2m)
AltWgs84 -12.1 m, EA(1m)
Hdg 345 deg, Spd 0.0 m/s
EA(44.1 deg, 0.7 m/s)</description>
      <Style>
        <IconStyle>
          <Icon>
            <href>http://maps.google.com/mapfiles/kml/shapes/shaded_dot.png</href>
          </Icon>
          <scale>0.6</scale>
          <color>bf00a0f4</color>
        </IconStyle>
      </Style>
      <Point>
        <altitudeMode>clampToGround</altitudeMode>
        <coordinates>87.3247020866661,22.3158540546012,0</coordinates>
      </Point>
    </Placemark>
    <Placemark>
      <Snippet maxLines="0"> </Snippet>
      <description>49
UTC 21-04-2026 10:19:59.00
GpsMilliseconds 1460802017000
22.3158538,87.3247011, EA(2m)
AltWgs84 -12.0 m, EA(1m)
Hdg 312 deg, Spd 0.0 m/s
EA(43.9 deg, 0.7 m/s)</description>
      <Style>
        <IconStyle>
          <Icon>
            <href>http://maps.google.com/mapfiles/kml/shapes/shaded_dot.png</href>
          </Icon>
          <scale>0.6</scale>
          <color>bf00a0f4</color>
        </IconStyle>
      </Style>
      <Point>
        <altitudeMode>clampToGround</altitudeMode>
        <coordinates>87.3247010565126,22.3158537567809,0</coordinates>
      </Point>
    </Placemark>
    <Placemark>
      <Snippet maxLines="0"> </Snippet>
      <description>50
UTC 21-04-2026 10:20:00.00
GpsMilliseconds 1460802018000
22.3158536,87.3246989, EA(2m)
AltWgs84 -11.8 m, EA(1m)
Hdg 297 deg, Spd 0.1 m/s
EA(43.8 deg, 0.7 m/s)</description>
      <Style>
        <IconStyle>
          <Icon>
            <href>http://maps.google.com/mapfiles/kml/shapes/shaded_dot.png</href>
          </Icon>
          <scale>0.6</scale>
          <color>bf00a0f4</color>
        </IconStyle>
      </Style>
      <Point>
        <altitudeMode>clampToGround</altitudeMode>
        <coordinates>87.3246989062849,22.3158535789554,0</coordinates>
      </Point>
    </Placemark>
    <Placemark>
      <Snippet maxLines="0"> </Snippet>
      <description>51
UTC 21-04-2026 10:20:01.00
GpsMilliseconds 1460802019000
22.3158556,87.3246974, EA(2m)
AltWgs84 -11.6 m, EA(1m)
Hdg 325 deg, Spd 0.1 m/s
EA(43.8 deg, 0.7 m/s)</description>
      <Style>
        <IconStyle>
          <Icon>
            <href>http://maps.google.com/mapfiles/kml/shapes/shaded_dot.png</href>
          </Icon>
          <scale>0.6</scale>
          <color>bf00a0f4</color>
        </IconStyle>
      </Style>
      <Point>
        <altitudeMode>clampToGround</altitudeMode>
        <coordinates>87.324697407948,22.3158555853348,0</coordinates>
      </Point>
    </Placemark>
    <Placemark>
      <Snippet maxLines="0"> </Snippet>
      <description>52
UTC 21-04-2026 10:20:02.00
GpsMilliseconds 1460802020000
22.3158553,87.3246930, EA(2m)
AltWgs84 -11.5 m, EA(1m)
Hdg 292 deg, Spd 0.1 m/s
EA(44.0 deg, 0.7 m/s)</description>
      <Style>
        <IconStyle>
          <Icon>
            <href>http://maps.google.com/mapfiles/kml/shapes/shaded_dot.png</href>
          </Icon>
          <scale>0.6</scale>
          <color>bf00a0f4</color>
        </IconStyle>
      </Style>
      <Point>
        <altitudeMode>clampToGround</altitudeMode>
        <coordinates>87.3246930189176,22.3158553134412,0</coordinates>
      </Point>
    </Placemark>
    <Placemark>
      <Snippet maxLines="0"> </Snippet>
      <description>53
UTC 21-04-2026 10:20:03.00
GpsMilliseconds 1460802021000
22.3158562,87.3246901, EA(2m)
AltWgs84 -11.3 m, EA(1m)
Hdg 289 deg, Spd 0.2 m/s
EA(44.1 deg, 0.7 m/s)</description>
      <Style>
        <IconStyle>
          <Icon>
            <href>http://maps.google.com/mapfiles/kml/shapes/shaded_dot.png</href>
          </Icon>
          <scale>0.6</scale>
          <color>bf00a0f4</color>
        </IconStyle>
      </Style>
      <Point>
        <altitudeMode>clampToGround</altitudeMode>
        <coordinates>87.3246900581521,22.3158561910865,0</coordinates>
      </Point>
    </Placemark>
    <Placemark>
      <Snippet maxLines="0"> </Snippet>
      <description>54
UTC 21-04-2026 10:20:04.00
GpsMilliseconds 1460802022000
22.3158570,87.3246868, EA(2m)
AltWgs84 -11.3 m, EA(1m)
Hdg 289 deg, Spd 0.2 m/s
EA(44.0 deg, 0.7 m/s)</description>
      <Style>
        <IconStyle>
          <Icon>
            <href>http://maps.google.com/mapfiles/kml/shapes/shaded_dot.png</href>
          </Icon>
          <scale>0.6</scale>
          <color>bf00a0f4</color>
        </IconStyle>
      </Style>
      <Point>
        <altitudeMode>clampToGround</altitudeMode>
        <coordinates>87.3246868210623,22.3158570378128,0</coordinates>
      </Point>
    </Placemark>
    <Placemark>
      <Snippet maxLines="0"> </Snippet>
      <description>55
UTC 21-04-2026 10:20:05.00
GpsMilliseconds 1460802023000
22.3158562,87.3246828, EA(2m)
AltWgs84 -11.3 m, EA(1m)
Hdg 277 deg, Spd 0.2 m/s
EA(44.3 deg, 0.7 m/s)</description>
      <Style>
        <IconStyle>
          <Icon>
            <href>http://maps.google.com/mapfiles/kml/shapes/shaded_dot.png</href>
          </Icon>
          <scale>0.6</scale>
          <color>bf00a0f4</color>
        </IconStyle>
      </Style>
      <Point>
        <altitudeMode>clampToGround</altitudeMode>
        <coordinates>87.324682829222,22.315856153932,0</coordinates>
      </Point>
    </Placemark>
    <Placemark>
      <Snippet maxLines="0"> </Snippet>
      <description>56
UTC 21-04-2026 10:20:06.00
GpsMilliseconds 1460802024000
22.3158568,87.3246807, EA(2m)
AltWgs84 -11.0 m, EA(1m)
Hdg 278 deg, Spd 0.2 m/s
EA(44.5 deg, 0.7 m/s)</description>
      <Style>
        <IconStyle>
          <Icon>
            <href>http://maps.google.com/mapfiles/kml/shapes/shaded_dot.png</href>
          </Icon>
          <scale>0.6</scale>
          <color>bf00a0f4</color>
        </IconStyle>
      </Style>
      <Point>
        <altitudeMode>clampToGround</altitudeMode>
        <coordinates>87.3246807066815,22.3158567560721,0</coordinates>
      </Point>
    </Placemark>
    <Placemark>
      <Snippet maxLines="0"> </Snippet>
      <description>57
UTC 21-04-2026 10:20:07.00
GpsMilliseconds 1460802025000
22.3158573,87.3246843, EA(2m)
AltWgs84 -10.8 m, EA(1m)
Hdg 298 deg, Spd 0.1 m/s
EA(44.3 deg, 0.7 m/s)</description>
      <Style>
        <IconStyle>
          <Icon>
            <href>http://maps.google.com/mapfiles/kml/shapes/shaded_dot.png</href>
          </Icon>
          <scale>0.6</scale>
          <color>bf00a0f4</color>
        </IconStyle>
      </Style>
      <Point>
        <altitudeMode>clampToGround</altitudeMode>
        <coordinates>87.3246843289645,22.3158573404334,0</coordinates>
      </Point>
    </Placemark>
    <Placemark>
      <Snippet maxLines="0"> </Snippet>
      <description>58
UTC 21-04-2026 10:20:08.00
GpsMilliseconds 1460802026000
22.3158554,87.3246862, EA(2m)
AltWgs84 -10.7 m, EA(1m)
Hdg 234 deg, Spd 0.0 m/s
EA(44.0 deg, 0.7 m/s)</description>
      <Style>
        <IconStyle>
          <Icon>
            <href>http://maps.google.com/mapfiles/kml/shapes/shaded_dot.png</href>
          </Icon>
          <scale>0.6</scale>
          <color>bf00a0f4</color>
        </IconStyle>
      </Style>
      <Point>
        <altitudeMode>clampToGround</altitudeMode>
        <coordinates>87.3246861760387,22.3158553895848,0</coordinates>
      </Point>
    </Placemark>
    <Placemark>
      <Snippet maxLines="0"> </Snippet>
      <description>59
UTC 21-04-2026 10:20:09.00
GpsMilliseconds 1460802027000
22.3158539,87.3246883, EA(2m)
AltWgs84 -10.6 m, EA(1m)
Hdg 157 deg, Spd 0.1 m/s
EA(43.7 deg, 0.7 m/s)</description>
      <Style>
        <IconStyle>
          <Icon>
            <href>http://maps.google.com/mapfiles/kml/shapes/shaded_dot.png</href>
          </Icon>
          <scale>0.6</scale>
          <color>bf00a0f4</color>
        </IconStyle>
      </Style>
      <Point>
        <altitudeMode>clampToGround</altitudeMode>
        <coordinates>87.3246882515356,22.3158539171501,0</coordinates>
      </Point>
    </Placemark>
    <Placemark>
      <Snippet maxLines="0"> </Snippet>
      <description>60
UTC 21-04-2026 10:20:10.00
GpsMilliseconds 1460802028000
22.3158520,87.3246912, EA(2m)
AltWgs84 -10.5 m, EA(1m)
Hdg 140 deg, Spd 0.1 m/s
EA(43.5 deg, 0.7 m/s)</description>
      <Style>
        <IconStyle>
          <Icon>
            <href>http://maps.google.com/mapfiles/kml/shapes/shaded_dot.png</href>
          </Icon>
          <scale>0.6</scale>
          <color>bf00a0f4</color>
        </IconStyle>
      </Style>
      <Point>
        <altitudeMode>clampToGround</altitudeMode>
        <coordinates>87.3246912191742,22.3158519971858,0</coordinates>
      </Point>
    </Placemark>
    <Placemark>
      <Snippet maxLines="0"> </Snippet>
      <description>61
UTC 21-04-2026 10:20:11.00
GpsMilliseconds 1460802029000
22.3158528,87.3246944, EA(2m)
AltWgs84 -10.2 m, EA(1m)
Hdg 116 deg, Spd 0.1 m/s
EA(43.6 deg, 0.7 m/s)</description>
      <Style>
        <IconStyle>
          <Icon>
            <href>http://maps.google.com/mapfiles/kml/shapes/shaded_dot.png</href>
          </Icon>
          <scale>0.6</scale>
          <color>bf00a0f4</color>
        </IconStyle>
      </Style>
      <Point>
        <altitudeMode>clampToGround</altitudeMode>
        <coordinates>87.3246944222764,22.315852780246,0</coordinates>
      </Point>
    </Placemark>
    <Placemark>
      <Snippet maxLines="0"> </Snippet>
      <description>62
UTC 21-04-2026 10:20:12.00
GpsMilliseconds 1460802030000
22.3158523,87.3246959, EA(2m)
AltWgs84 -10.0 m, EA(1m)
Hdg 121 deg, Spd 0.1 m/s
EA(43.8 deg, 0.7 m/s)</description>
      <Style>
        <IconStyle>
          <Icon>
            <href>http://maps.google.com/mapfiles/kml/shapes/shaded_dot.png</href>
          </Icon>
          <scale>0.6</scale>
          <color>bf00a0f4</color>
        </IconStyle>
      </Style>
      <Point>
        <altitudeMode>clampToGround</altitudeMode>
        <coordinates>87.3246958765178,22.3158522699513,0</coordinates>
      </Point>
    </Placemark>
    <Placemark>
      <Snippet maxLines="0"> </Snippet>
      <description>63
UTC 21-04-2026 10:20:13.00
GpsMilliseconds 1460802031000
22.3158509,87.3246968, EA(2m)
AltWgs84 -9.9 m, EA(1m)
Hdg 127 deg, Spd 0.1 m/s
EA(43.7 deg, 0.7 m/s)</description>
      <Style>
        <IconStyle>
          <Icon>
            <href>http://maps.google.com/mapfiles/kml/shapes/shaded_dot.png</href>
          </Icon>
          <scale>0.6</scale>
          <color>bf00a0f4</color>
        </IconStyle>
      </Style>
      <Point>
        <altitudeMode>clampToGround</altitudeMode>
        <coordinates>87.324696817233,22.3158509220956,0</coordinates>
      </Point>
    </Placemark>
    <Placemark>
      <Snippet maxLines="0"> </Snippet>
      <description>64
UTC 21-04-2026 10:20:14.00
GpsMilliseconds 1460802032000
22.3158460,87.3246990, EA(2m)
AltWgs84 -10.0 m, EA(1m)
Hdg 138 deg, Spd 0.2 m/s
EA(43.7 deg, 0.7 m/s)</description>
      <Style>
        <IconStyle>
          <Icon>
            <href>http://maps.google.com/mapfiles/kml/shapes/shaded_dot.png</href>
          </Icon>
          <scale>0.6</scale>
          <color>bf00a0f4</color>
        </IconStyle>
      </Style>
      <Point>
        <altitudeMode>clampToGround</altitudeMode>
        <coordinates>87.3246989954468,22.3158460313143,0</coordinates>
      </Point>
    </Placemark>
    <Placemark>
      <Snippet maxLines="0"> </Snippet>
      <description>65
UTC 21-04-2026 10:20:15.00
GpsMilliseconds 1460802033000
22.3158409,87.3246996, EA(2m)
AltWgs84 -10.2 m, EA(1m)
Hdg 155 deg, Spd 0.3 m/s
EA(43.5 deg, 0.7 m/s)</description>
      <Style>
        <IconStyle>
          <Icon>
            <href>http://maps.google.com/mapfiles/kml/shapes/shaded_dot.png</href>
          </Icon>
          <scale>0.6</scale>
          <color>bf00a0f4</color>
        </IconStyle>
      </Style>
      <Point>
        <altitudeMode>clampToGround</altitudeMode>
        <coordinates>87.3246995613364,22.3158409155691,0</coordinates>
      </Point>
    </Placemark>
    <Placemark>
      <Snippet maxLines="0"> </Snippet>
      <description>66
UTC 21-04-2026 10:20:16.00
GpsMilliseconds 1460802034000
22.3158350,87.3247004, EA(2m)
AltWgs84 -10.5 m, EA(1m)
Hdg 162 deg, Spd 0.3 m/s
EA(43.6 deg, 0.7 m/s)</description>
      <Style>
        <IconStyle>
          <Icon>
            <href>http://maps.google.com/mapfiles/kml/shapes/shaded_dot.png</href>
          </Icon>
          <scale>0.6</scale>
          <color>bf00a0f4</color>
        </IconStyle>
      </Style>
      <Point>
        <altitudeMode>clampToGround</altitudeMode>
        <coordinates>87.3247003955735,22.3158350035526,0</coordinates>
      </Point>
    </Placemark>
    <Placemark>
      <Snippet maxLines="0"> </Snippet>
      <description>67
UTC 21-04-2026 10:20:17.00
GpsMilliseconds 1460802035000
22.3158305,87.3247016, EA(2m)
AltWgs84 -10.7 m, EA(1m)
Hdg 165 deg, Spd 0.3 m/s
EA(43.6 deg, 0.7 m/s)</description>
      <Style>
        <IconStyle>
          <Icon>
            <href>http://maps.google.com/mapfiles/kml/shapes/shaded_dot.png</href>
          </Icon>
          <scale>0.6</scale>
          <color>bf00a0f4</color>
        </IconStyle>
      </Style>
      <Point>
        <altitudeMode>clampToGround</altitudeMode>
        <coordinates>87.3247016431282,22.3158304692197,0</coordinates>
      </Point>
    </Placemark>
    <Placemark>
      <Snippet maxLines="0"> </Snippet>
      <description>68
UTC 21-04-2026 10:20:18.00
GpsMilliseconds 1460802036000
22.3158259,87.3247008, EA(2m)
AltWgs84 -11.0 m, EA(1m)
Hdg 173 deg, Spd 0.4 m/s
EA(43.6 deg, 0.7 m/s)</description>
      <Style>
        <IconStyle>
          <Icon>
            <href>http://maps.google.com/mapfiles/kml/shapes/shaded_dot.png</href>
          </Icon>
          <scale>0.6</scale>
          <color>bf00a0f4</color>
        </IconStyle>
      </Style>
      <Point>
        <altitudeMode>clampToGround</altitudeMode>
        <coordinates>87.3247008259661,22.3158259240433,0</coordinates>
      </Point>
    </Placemark>
    <Placemark>
      <Snippet maxLines="0"> </Snippet>
      <description>69
UTC 21-04-2026 10:20:19.00
GpsMilliseconds 1460802037000
22.3158210,87.3246987, EA(2m)
AltWgs84 -11.3 m, EA(1m)
Hdg 181 deg, Spd 0.4 m/s
EA(43.6 deg, 0.7 m/s)</description>
      <Style>
        <IconStyle>
          <Icon>
            <href>http://maps.google.com/mapfiles/kml/shapes/shaded_dot.png</href>
          </Icon>
          <scale>0.6</scale>
          <color>bf00a0f4</color>
        </IconStyle>
      </Style>
      <Point>
        <altitudeMode>clampToGround</altitudeMode>
        <coordinates>87.3246987233522,22.3158210256403,0</coordinates>
      </Point>
    </Placemark>
    <Placemark>
      <Snippet maxLines="0"> </Snippet>
      <description>70
UTC 21-04-2026 10:20:20.00
GpsMilliseconds 1460802038000
22.3158184,87.3246962, EA(2m)
AltWgs84 -11.6 m, EA(1m)
Hdg 190 deg, Spd 0.4 m/s
EA(43.6 deg, 0.7 m/s)</description>
      <Style>
        <IconStyle>
          <Icon>
            <href>http://maps.google.com/mapfiles/kml/shapes/shaded_dot.png</href>
          </Icon>
          <scale>0.6</scale>
          <color>bf00a0f4</color>
        </IconStyle>
      </Style>
      <Point>
        <altitudeMode>clampToGround</altitudeMode>
        <coordinates>87.3246961581147,22.3158183822358,0</coordinates>
      </Point>
    </Placemark>
    <Placemark>
      <Snippet maxLines="0"> </Snippet>
      <description>71
UTC 21-04-2026 10:20:21.00
GpsMilliseconds 1460802039000
22.3158152,87.3246953, EA(2m)
AltWgs84 -12.0 m, EA(1m)
Hdg 190 deg, Spd 0.4 m/s
EA(43.5 deg, 0.7 m/s)</description>
      <Style>
        <IconStyle>
          <Icon>
            <href>http://maps.google.com/mapfiles/kml/shapes/shaded_dot.png</href>
          </Icon>
          <scale>0.6</scale>
          <color>bf00a0f4</color>
        </IconStyle>
      </Style>
      <Point>
        <altitudeMode>clampToGround</altitudeMode>
        <coordinates>87.3246953189167,22.3158152484363,0</coordinates>
      </Point>
    </Placemark>
    <Placemark>
      <Snippet maxLines="0"> </Snippet>
      <description>72
UTC 21-04-2026 10:20:22.00
GpsMilliseconds 1460802040000
22.3158160,87.3246927, EA(2m)
AltWgs84 -12.3 m, EA(1m)
Hdg 202 deg, Spd 0.3 m/s
EA(43.9 deg, 0.7 m/s)</description>
      <Style>
        <IconStyle>
          <Icon>
            <href>http://maps.google.com/mapfiles/kml/shapes/shaded_dot.png</href>
          </Icon>
          <scale>0.6</scale>
          <color>bf00a0f4</color>
        </IconStyle>
      </Style>
      <Point>
        <altitudeMode>clampToGround</altitudeMode>
        <coordinates>87.3246927383612,22.3158159981658,0</coordinates>
      </Point>
    </Placemark>
    <Placemark>
      <Snippet maxLines="0"> </Snippet>
      <description>73
UTC 21-04-2026 10:20:23.00
GpsMilliseconds 1460802041000
22.3158170,87.3246891, EA(2m)
AltWgs84 -12.6 m, EA(1m)
Hdg 220 deg, Spd 0.2 m/s
EA(43.9 deg, 0.7 m/s)</description>
      <Style>
        <IconStyle>
          <Icon>
            <href>http://maps.google.com/mapfiles/kml/shapes/shaded_dot.png</href>
          </Icon>
          <scale>0.6</scale>
          <color>bf00a0f4</color>
        </IconStyle>
      </Style>
      <Point>
        <altitudeMode>clampToGround</altitudeMode>
        <coordinates>87.3246891215927,22.3158170401919,0</coordinates>
      </Point>
    </Placemark>
    <Placemark>
      <Snippet maxLines="0"> </Snippet>
      <description>74
UTC 21-04-2026 10:20:24.00
GpsMilliseconds 1460802042000
22.3158192,87.3246864, EA(2m)
AltWgs84 -12.9 m, EA(1m)
Hdg 238 deg, Spd 0.2 m/s
EA(43.8 deg, 0.7 m/s)</description>
      <Style>
        <IconStyle>
          <Icon>
            <href>http://maps.google.com/mapfiles/kml/shapes/shaded_dot.png</href>
          </Icon>
          <scale>0.6</scale>
          <color>bf00a0f4</color>
        </IconStyle>
      </Style>
      <Point>
        <altitudeMode>clampToGround</altitudeMode>
        <coordinates>87.3246864038372,22.3158191606362,0</coordinates>
      </Point>
    </Placemark>
    <Placemark>
      <Snippet maxLines="0"> </Snippet>
      <description>75
UTC 21-04-2026 10:20:25.00
GpsMilliseconds 1460802043000
22.3158215,87.3246833, EA(2m)
AltWgs84 -13.2 m, EA(1m)
Hdg 257 deg, Spd 0.2 m/s
EA(43.7 deg, 0.7 m/s)</description>
      <Style>
        <IconStyle>
          <Icon>
            <href>http://maps.google.com/mapfiles/kml/shapes/shaded_dot.png</href>
          </Icon>
          <scale>0.6</scale>
          <color>bf00a0f4</color>
        </IconStyle>
      </Style>
      <Point>
        <altitudeMode>clampToGround</altitudeMode>
        <coordinates>87.3246833245428,22.3158215246901,0</coordinates>
      </Point>
    </Placemark>
    <Placemark>
      <Snippet maxLines="0"> </Snippet>
      <description>76
UTC 21-04-2026 10:20:26.00
GpsMilliseconds 1460802044000
22.3158254,87.3246793, EA(2m)
AltWgs84 -13.6 m, EA(1m)
Hdg 281 deg, Spd 0.2 m/s
EA(44.1 deg, 0.7 m/s)</description>
      <Style>
        <IconStyle>
          <Icon>
            <href>http://maps.google.com/mapfiles/kml/shapes/shaded_dot.png</href>
          </Icon>
          <scale>0.6</scale>
          <color>bf00a0f4</color>
        </IconStyle>
      </Style>
      <Point>
        <altitudeMode>clampToGround</altitudeMode>
        <coordinates>87.3246793174384,22.3158254334189,0</coordinates>
      </Point>
    </Placemark>
    <Placemark>
      <Snippet maxLines="0"> </Snippet>
      <description>77
UTC 21-04-2026 10:20:27.00
GpsMilliseconds 1460802045000
22.3158285,87.3246795, EA(2m)
AltWgs84 -13.9 m, EA(1m)
Hdg 299 deg, Spd 0.2 m/s
EA(44.4 deg, 0.7 m/s)</description>
      <Style>
        <IconStyle>
          <Icon>
            <href>http://maps.google.com/mapfiles/kml/shapes/shaded_dot.png</href>
          </Icon>
          <scale>0.6</scale>
          <color>bf00a0f4</color>
        </IconStyle>
      </Style>
      <Point>
        <altitudeMode>clampToGround</altitudeMode>
        <coordinates>87.3246795193788,22.3158285058161,0</coordinates>
      </Point>
    </Placemark>
    <Placemark>
      <Snippet maxLines="0"> </Snippet>
      <description>78
UTC 21-04-2026 10:20:28.00
GpsMilliseconds 1460802046000
22.3158312,87.3246794, EA(2m)
AltWgs84 -14.1 m, EA(1m)
Hdg 314 deg, Spd 0.2 m/s
EA(44.6 deg, 0.7 m/s)</description>
      <Style>
        <IconStyle>
          <Icon>
            <href>http://maps.google.com/mapfiles/kml/shapes/shaded_dot.png</href>
          </Icon>
          <scale>0.6</scale>
          <color>bf00a0f4</color>
        </IconStyle>
      </Style>
      <Point>
        <altitudeMode>clampToGround</altitudeMode>
        <coordinates>87.3246794136625,22.3158312007167,0</coordinates>
      </Point>
    </Placemark>
    <Placemark>
      <Snippet maxLines="0"> </Snippet>
      <description>79
UTC 21-04-2026 10:20:29.00
GpsMilliseconds 1460802047000
22.3158332,87.3246783, EA(2m)
AltWgs84 -14.4 m, EA(1m)
Hdg 317 deg, Spd 0.2 m/s
EA(44.6 deg, 0.7 m/s)</description>
      <Style>
        <IconStyle>
          <Icon>
            <href>http://maps.google.com/mapfiles/kml/shapes/shaded_dot.png</href>
          </Icon>
          <scale>0.6</scale>
          <color>bf00a0f4</color>
        </IconStyle>
      </Style>
      <Point>
        <altitudeMode>clampToGround</altitudeMode>
        <coordinates>87.3246783459475,22.3158332317284,0</coordinates>
      </Point>
    </Placemark>
    <Placemark>
      <Snippet maxLines="0"> </Snippet>
      <description>80
UTC 21-04-2026 10:20:30.00
GpsMilliseconds 1460802048000
22.3158368,87.3246775, EA(2m)
AltWgs84 -14.5 m, EA(1m)
Hdg 329 deg, Spd 0.2 m/s
EA(44.7 deg, 0.7 m/s)</description>
      <Style>
        <IconStyle>
          <Icon>
            <href>http://maps.google.com/mapfiles/kml/shapes/shaded_dot.png</href>
          </Icon>
          <scale>0.6</scale>
          <color>bf00a0f4</color>
        </IconStyle>
      </Style>
      <Point>
        <altitudeMode>clampToGround</altitudeMode>
        <coordinates>87.3246775190088,22.3158368480387,0</coordinates>
      </Point>
    </Placemark>
    <Placemark>
      <Snippet maxLines="0"> </Snippet>
      <description>81
UTC 21-04-2026 10:20:31.00
GpsMilliseconds 1460802049000
22.3158372,87.3246765, EA(2m)
AltWgs84 -14.7 m, EA(1m)
Hdg 328 deg, Spd 0.2 m/s
EA(44.8 deg, 0.7 m/s)</description>
      <Style>
        <IconStyle>
          <Icon>
            <href>http://maps.google.com/mapfiles/kml/shapes/shaded_dot.png</href>
          </Icon>
          <scale>0.6</scale>
          <color>bf00a0f4</color>
        </IconStyle>
      </Style>
      <Point>
        <altitudeMode>clampToGround</altitudeMode>
        <coordinates>87.324676547344,22.3158372420873,0</coordinates>
      </Point>
    </Placemark>
    <Placemark>
      <Snippet maxLines="0"> </Snippet>
      <description>82
UTC 21-04-2026 10:20:32.00
GpsMilliseconds 1460802050000
22.3158392,87.3246742, EA(2m)
AltWgs84 -14.7 m, EA(1m)
Hdg 322 deg, Spd 0.2 m/s
EA(45.0 deg, 0.7 m/s)</description>
      <Style>
        <IconStyle>
          <Icon>
            <href>http://maps.google.com/mapfiles/kml/shapes/shaded_dot.png</href>
          </Icon>
          <scale>0.6</scale>
          <color>bf00a0f4</color>
        </IconStyle>
      </Style>
      <Point>
        <altitudeMode>clampToGround</altitudeMode>
        <coordinates>87.3246742087513,22.3158391573727,0</coordinates>
      </Point>
    </Placemark>
    <Placemark>
      <Snippet maxLines="0"> </Snippet>
      <description>83
UTC 21-04-2026 10:20:33.00
GpsMilliseconds 1460802051000
22.3158385,87.3246716, EA(2m)
AltWgs84 -14.7 m, EA(1m)
Hdg 306 deg, Spd 0.2 m/s
EA(45.0 deg, 0.7 m/s)</description>
      <Style>
        <IconStyle>
          <Icon>
            <href>http://maps.google.com/mapfiles/kml/shapes/shaded_dot.png</href>
          </Icon>
          <scale>0.6</scale>
          <color>bf00a0f4</color>
        </IconStyle>
      </Style>
      <Point>
        <altitudeMode>clampToGround</altitudeMode>
        <coordinates>87.3246716327906,22.3158385368838,0</coordinates>
      </Point>
    </Placemark>
    <Placemark>
      <Snippet maxLines="0"> </Snippet>
      <description>84
UTC 21-04-2026 10:20:34.00
GpsMilliseconds 1460802052000
22.3158391,87.3246695, EA(2m)
AltWgs84 -14.7 m, EA(1m)
Hdg 301 deg, Spd 0.2 m/s
EA(44.9 deg, 0.7 m/s)</description>
      <Style>
        <IconStyle>
          <Icon>
            <href>http://maps.google.com/mapfiles/kml/shapes/shaded_dot.png</href>
          </Icon>
          <scale>0.6</scale>
          <color>bf00a0f4</color>
        </IconStyle>
      </Style>
      <Point>
        <altitudeMode>clampToGround</altitudeMode>
        <coordinates>87.324669483004,22.3158390541344,0</coordinates>
      </Point>
    </Placemark>
    <Placemark>
      <Snippet maxLines="0"> </Snippet>
      <description>85
UTC 21-04-2026 10:20:35.00
GpsMilliseconds 1460802053000
22.3158396,87.3246674, EA(2m)
AltWgs84 -14.6 m, EA(1m)
Hdg 297 deg, Spd 0.2 m/s
EA(45.0 deg, 0.7 m/s)</description>
      <Style>
        <IconStyle>
          <Icon>
            <href>http://maps.google.com/mapfiles/kml/shapes/shaded_dot.png</href>
          </Icon>
          <scale>0.6</scale>
          <color>bf00a0f4</color>
        </IconStyle>
      </Style>
      <Point>
        <altitudeMode>clampToGround</altitudeMode>
        <coordinates>87.3246673630945,22.3158396339764,0</coordinates>
      </Point>
    </Placemark>
    <Placemark>
      <Snippet maxLines="0"> </Snippet>
      <description>86
UTC 21-04-2026 10:20:36.00
GpsMilliseconds 1460802054000
22.3158410,87.3246665, EA(2m)
AltWgs84 -14.4 m, EA(1m)
Hdg 300 deg, Spd 0.2 m/s
EA(45.1 deg, 0.7 m/s)</description>
      <Style>
        <IconStyle>
          <Icon>
            <href>http://maps.google.com/mapfiles/kml/shapes/shaded_dot.png</href>
          </Icon>
          <scale>0.6</scale>
          <color>bf00a0f4</color>
        </IconStyle>
      </Style>
      <Point>
        <altitudeMode>clampToGround</altitudeMode>
        <coordinates>87.3246664933291,22.3158410278415,0</coordinates>
      </Point>
    </Placemark>
    <Placemark>
      <Snippet maxLines="0"> </Snippet>
      <description>87
UTC 21-04-2026 10:20:37.00
GpsMilliseconds 1460802055000
22.3158418,87.3246652, EA(2m)
AltWgs84 -14.2 m, EA(1m)
Hdg 301 deg, Spd 0.2 m/s
EA(44.9 deg, 0.7 m/s)</description>
      <Style>
        <IconStyle>
          <Icon>
            <href>http://maps.google.com/mapfiles/kml/shapes/shaded_dot.png</href>
          </Icon>
          <scale>0.6</scale>
          <color>bf00a0f4</color>
        </IconStyle>
      </Style>
      <Point>
        <altitudeMode>clampToGround</altitudeMode>
        <coordinates>87.3246652090299,22.3158417844653,0</coordinates>
      </Point>
    </Placemark>
    <Placemark>
      <Snippet maxLines="0"> </Snippet>
      <description>88
UTC 21-04-2026 10:20:38.00
GpsMilliseconds 1460802056000
22.3158426,87.3246643, EA(2m)
AltWgs84 -13.9 m, EA(1m)
Hdg 302 deg, Spd 0.2 m/s
EA(44.8 deg, 0.7 m/s)</description>
      <Style>
        <IconStyle>
          <Icon>
            <href>http://maps.google.com/mapfiles/kml/shapes/shaded_dot.png</href>
          </Icon>
          <scale>0.6</scale>
          <color>bf00a0f4</color>
        </IconStyle>
      </Style>
      <Point>
        <altitudeMode>clampToGround</altitudeMode>
        <coordinates>87.3246643067894,22.3158425520749,0</coordinates>
      </Point>
    </Placemark>
    <Placemark>
      <Snippet maxLines="0"> </Snippet>
      <description>89
UTC 21-04-2026 10:20:39.00
GpsMilliseconds 1460802057000
22.3158428,87.3246633, EA(2m)
AltWgs84 -13.7 m, EA(1m)
Hdg 295 deg, Spd 0.1 m/s
EA(44.8 deg, 0.7 m/s)</description>
      <Style>
        <IconStyle>
          <Icon>
            <href>http://maps.google.com/mapfiles/kml/shapes/shaded_dot.png</href>
          </Icon>
          <scale>0.6</scale>
          <color>bf00a0f4</color>
        </IconStyle>
      </Style>
      <Point>
        <altitudeMode>clampToGround</altitudeMode>
        <coordinates>87.3246633112605,22.3158427801444,0</coordinates>
      </Point>
    </Placemark>
    <Placemark>
      <Snippet maxLines="0"> </Snippet>
      <description>90
UTC 21-04-2026 10:20:40.00
GpsMilliseconds 1460802058000
22.3158439,87.3246627, EA(2m)
AltWgs84 -13.5 m, EA(1m)
Hdg 303 deg, Spd 0.1 m/s
EA(44.7 deg, 0.7 m/s)</description>
      <Style>
        <IconStyle>
          <Icon>
            <href>http://maps.google.com/mapfiles/kml/shapes/shaded_dot.png</href>
          </Icon>
          <scale>0.6</scale>
          <color>bf00a0f4</color>
        </IconStyle>
      </Style>
      <Point>
        <altitudeMode>clampToGround</altitudeMode>
        <coordinates>87.3246627162487,22.3158439109984,0</coordinates>
      </Point>
    </Placemark>
    <Placemark>
      <Snippet maxLines="0"> </Snippet>
      <description>91
UTC 21-04-2026 10:20:41.00
GpsMilliseconds 1460802059000
22.3158429,87.3246637, EA(2m)
AltWgs84 -13.4 m, EA(1m)
Hdg 298 deg, Spd 0.1 m/s
EA(44.7 deg, 0.7 m/s)</description>
      <Style>
        <IconStyle>
          <Icon>
            <href>http://maps.google.com/mapfiles/kml/shapes/shaded_dot.png</href>
          </Icon>
          <scale>0.6</scale>
          <color>bf00a0f4</color>
        </IconStyle>
      </Style>
      <Point>
        <altitudeMode>clampToGround</altitudeMode>
        <coordinates>87.3246637208898,22.3158429354087,0</coordinates>
      </Point>
    </Placemark>
    <Placemark>
      <Snippet maxLines="0"> </Snippet>
      <description>92
UTC 21-04-2026 10:20:42.00
GpsMilliseconds 1460802060000
22.3158408,87.3246650, EA(2m)
AltWgs84 -13.4 m, EA(1m)
Hdg 229 deg, Spd 0.0 m/s
EA(44.7 deg, 0.7 m/s)</description>
      <Style>
        <IconStyle>
          <Icon>
            <href>http://maps.google.com/mapfiles/kml/shapes/shaded_dot.png</href>
          </Icon>
          <scale>0.6</scale>
          <color>bf00a0f4</color>
        </IconStyle>
      </Style>
      <Point>
        <altitudeMode>clampToGround</altitudeMode>
        <coordinates>87.3246649556253,22.3158407559202,0</coordinates>
      </Point>
    </Placemark>
    <Placemark>
      <Snippet maxLines="0"> </Snippet>
      <description>93
UTC 21-04-2026 10:20:43.00
GpsMilliseconds 1460802061000
22.3158390,87.3246670, EA(2m)
AltWgs84 -13.4 m, EA(1m)
Hdg 158 deg, Spd 0.1 m/s
EA(44.7 deg, 0.7 m/s)</description>
      <Style>
        <IconStyle>
          <Icon>
            <href>http://maps.google.com/mapfiles/kml/shapes/shaded_dot.png</href>
          </Icon>
          <scale>0.6</scale>
          <color>bf00a0f4</color>
        </IconStyle>
      </Style>
      <Point>
        <altitudeMode>clampToGround</altitudeMode>
        <coordinates>87.3246669994281,22.3158389501407,0</coordinates>
      </Point>
    </Placemark>
    <Placemark>
      <Snippet maxLines="0"> </Snippet>
      <description>94
UTC 21-04-2026 10:20:44.00
GpsMilliseconds 1460802062000
22.3158371,87.3246681, EA(2m)
AltWgs84 -13.4 m, EA(1m)
Hdg 155 deg, Spd 0.1 m/s
EA(44.7 deg, 0.7 m/s)</description>
      <Style>
        <IconStyle>
          <Icon>
            <href>http://maps.google.com/mapfiles/kml/shapes/shaded_dot.png</href>
          </Icon>
          <scale>0.6</scale>
          <color>bf00a0f4</color>
        </IconStyle>
      </Style>
      <Point>
        <altitudeMode>clampToGround</altitudeMode>
        <coordinates>87.3246681053457,22.3158371432544,0</coordinates>
      </Point>
    </Placemark>
    <Placemark>
      <Snippet maxLines="0"> </Snippet>
      <description>95
UTC 21-04-2026 10:20:45.00
GpsMilliseconds 1460802063000
22.3158361,87.3246697, EA(2m)
AltWgs84 -13.4 m, EA(1m)
Hdg 144 deg, Spd 0.1 m/s
EA(44.7 deg, 0.7 m/s)</description>
      <Style>
        <IconStyle>
          <Icon>
            <href>http://maps.google.com/mapfiles/kml/shapes/shaded_dot.png</href>
          </Icon>
          <scale>0.6</scale>
          <color>bf00a0f4</color>
        </IconStyle>
      </Style>
      <Point>
        <altitudeMode>clampToGround</altitudeMode>
        <coordinates>87.3246697261361,22.3158361116078,0</coordinates>
      </Point>
    </Placemark>
    <Placemark>
      <Snippet maxLines="0"> </Snippet>
      <description>96
UTC 21-04-2026 10:20:46.00
GpsMilliseconds 1460802064000
22.3158357,87.3246711, EA(2m)
AltWgs84 -13.4 m, EA(1m)
Hdg 137 deg, Spd 0.1 m/s
EA(44.7 deg, 0.7 m/s)</description>
      <Style>
        <IconStyle>
          <Icon>
            <href>http://maps.google.com/mapfiles/kml/shapes/shaded_dot.png</href>
          </Icon>
          <scale>0.6</scale>
          <color>bf00a0f4</color>
        </IconStyle>
      </Style>
      <Point>
        <altitudeMode>clampToGround</altitudeMode>
        <coordinates>87.324671067054,22.3158356870574,0</coordinates>
      </Point>
    </Placemark>
    <Placemark>
      <Snippet maxLines="0"> </Snippet>
      <description>97
UTC 21-04-2026 10:20:47.00
GpsMilliseconds 1460802065000
22.3158355,87.3246741, EA(2m)
AltWgs84 -13.4 m, EA(1m)
Hdg 119 deg, Spd 0.1 m/s
EA(44.7 deg, 0.7 m/s)</description>
      <Style>
        <IconStyle>
          <Icon>
            <href>http://maps.google.com/mapfiles/kml/shapes/shaded_dot.png</href>
          </Icon>
          <scale>0.6</scale>
          <color>bf00a0f4</color>
        </IconStyle>
      </Style>
      <Point>
        <altitudeMode>clampToGround</altitudeMode>
        <coordinates>87.3246741265595,22.3158354540295,0</coordinates>
      </Point>
    </Placemark>
    <Placemark>
      <Snippet maxLines="0"> </Snippet>
      <description>98
UTC 21-04-2026 10:20:48.00
GpsMilliseconds 1460802066000
22.3158317,87.3246778, EA(2m)
AltWgs84 -13.6 m, EA(1m)
Hdg 129 deg, Spd 0.2 m/s
EA(44.6 deg, 0.7 m/s)</description>
      <Style>
        <IconStyle>
          <Icon>
            <href>http://maps.google.com/mapfiles/kml/shapes/shaded_dot.png</href>
          </Icon>
          <scale>0.6</scale>
          <color>bf00a0f4</color>
        </IconStyle>
      </Style>
      <Point>
        <altitudeMode>clampToGround</altitudeMode>
        <coordinates>87.3246778277661,22.3158316664976,0</coordinates>
      </Point>
    </Placemark>
    <Placemark>
      <Snippet maxLines="0"> </Snippet>
      <description>99
UTC 21-04-2026 10:20:49.00
GpsMilliseconds 1460802067000
22.3158300,87.3246804, EA(2m)
AltWgs84 -13.6 m, EA(1m)
Hdg 128 deg, Spd 0.2 m/s
EA(44.7 deg, 0.7 m/s)</description>
      <Style>
        <IconStyle>
          <Icon>
            <href>http://maps.google.com/mapfiles/kml/shapes/shaded_dot.png</href>
          </Icon>
          <scale>0.6</scale>
          <color>bf00a0f4</color>
        </IconStyle>
      </Style>
      <Point>
        <altitudeMode>clampToGround</altitudeMode>
        <coordinates>87.3246804484108,22.3158299943501,0</coordinates>
      </Point>
    </Placemark>
    <Placemark>
      <Snippet maxLines="0"> </Snippet>
      <description>100
UTC 21-04-2026 10:20:50.00
GpsMilliseconds 1460802068000
22.3158283,87.3246838, EA(2m)
AltWgs84 -13.7 m, EA(1m)
Hdg 126 deg, Spd 0.3 m/s
EA(45.1 deg, 0.7 m/s)</description>
      <Style>
        <IconStyle>
          <Icon>
            <href>http://maps.google.com/mapfiles/kml/shapes/shaded_dot.png</href>
          </Icon>
          <scale>0.6</scale>
          <color>bf00a0f4</color>
        </IconStyle>
      </Style>
      <Point>
        <altitudeMode>clampToGround</altitudeMode>
        <coordinates>87.3246837586544,22.3158282851453,0</coordinates>
      </Point>
    </Placemark>
    <Placemark>
      <Snippet maxLines="0"> </Snippet>
      <description>101
UTC 21-04-2026 10:20:51.00
GpsMilliseconds 1460802069000
22.3158274,87.3246867, EA(2m)
AltWgs84 -13.8 m, EA(1m)
Hdg 122 deg, Spd 0.3 m/s
EA(45.0 deg, 0.7 m/s)</description>
      <Style>
        <IconStyle>
          <Icon>
            <href>http://maps.google.com/mapfiles/kml/shapes/shaded_dot.png</href>
          </Icon>
          <scale>0.6</scale>
          <color>bf00a0f4</color>
        </IconStyle>
      </Style>
      <Point>
        <altitudeMode>clampToGround</altitudeMode>
        <coordinates>87.3246866985272,22.3158274047387,0</coordinates>
      </Point>
    </Placemark>
    <Placemark>
      <Snippet maxLines="0"> </Snippet>
      <description>102
UTC 21-04-2026 10:20:52.00
GpsMilliseconds 1460802070000
22.3158249,87.3246889, EA(2m)
AltWgs84 -14.0 m, EA(1m)
Hdg 128 deg, Spd 0.3 m/s
EA(44.8 deg, 0.7 m/s)</description>
      <Style>
        <IconStyle>
          <Icon>
            <href>http://maps.google.com/mapfiles/kml/shapes/shaded_dot.png</href>
          </Icon>
          <scale>0.6</scale>
          <color>bf00a0f4</color>
        </IconStyle>
      </Style>
      <Point>
        <altitudeMode>clampToGround</altitudeMode>
        <coordinates>87.3246888579899,22.3158249081803,0</coordinates>
      </Point>
    </Placemark>
    <Placemark>
      <Snippet maxLines="0"> </Snippet>
      <description>103
UTC 21-04-2026 10:20:53.00
GpsMilliseconds 1460802071000
22.3158227,87.3246913, EA(2m)
AltWgs84 -14.3 m, EA(1m)
Hdg 128 deg, Spd 0.3 m/s
EA(44.7 deg, 0.7 m/s)</description>
      <Style>
        <IconStyle>
          <Icon>
            <href>http://maps.google.com/mapfiles/kml/shapes/shaded_dot.png</href>
          </Icon>
          <scale>0.6</scale>
          <color>bf00a0f4</color>
        </IconStyle>
      </Style>
      <Point>
        <altitudeMode>clampToGround</altitudeMode>
        <coordinates>87.3246913120313,22.3158226954286,0</coordinates>
      </Point>
    </Placemark>
    <Placemark>
      <Snippet maxLines="0"> </Snippet>
      <description>104
UTC 21-04-2026 10:20:54.00
GpsMilliseconds 1460802072000
22.3158216,87.3246941, EA(2m)
AltWgs84 -14.5 m, EA(1m)
Hdg 123 deg, Spd 0.3 m/s
EA(44.5 deg, 0.7 m/s)</description>
      <Style>
        <IconStyle>
          <Icon>
            <href>http://maps.google.com/mapfiles/kml/shapes/shaded_dot.png</href>
          </Icon>
          <scale>0.6</scale>
          <color>bf00a0f4</color>
        </IconStyle>
      </Style>
      <Point>
        <altitudeMode>clampToGround</altitudeMode>
        <coordinates>87.32469408238,22.3158216321112,0</coordinates>
      </Point>
    </Placemark>
    <Placemark>
      <Snippet maxLines="0"> </Snippet>
      <description>105
UTC 21-04-2026 10:20:55.00
GpsMilliseconds 1460802073000
22.3158227,87.3246973, EA(2m)
AltWgs84 -14.5 m, EA(1m)
Hdg 113 deg, Spd 0.2 m/s
EA(44.3 deg, 0.7 m/s)</description>
      <Style>
        <IconStyle>
          <Icon>
            <href>http://maps.google.com/mapfiles/kml/shapes/shaded_dot.png</href>
          </Icon>
          <scale>0.6</scale>
          <color>bf00a0f4</color>
        </IconStyle>
      </Style>
      <Point>
        <altitudeMode>clampToGround</altitudeMode>
        <coordinates>87.324697306981,22.315822683679,0</coordinates>
      </Point>
    </Placemark>
    <Placemark>
      <Snippet maxLines="0"> </Snippet>
      <description>106
UTC 21-04-2026 10:20:56.00
GpsMilliseconds 1460802074000
22.3158240,87.3246992, EA(2m)
AltWgs84 -14.6 m, EA(1m)
Hdg 101 deg, Spd 0.2 m/s
EA(44.2 deg, 0.7 m/s)</description>
      <Style>
        <IconStyle>
          <Icon>
            <href>http://maps.google.com/mapfiles/kml/shapes/shaded_dot.png</href>
          </Icon>
          <scale>0.6</scale>
          <color>bf00a0f4</color>
        </IconStyle>
      </Style>
      <Point>
        <altitudeMode>clampToGround</altitudeMode>
        <coordinates>87.3246991911187,22.3158240352198,0</coordinates>
      </Point>
    </Placemark>
    <Placemark>
      <Snippet maxLines="0"> </Snippet>
      <description>107
UTC 21-04-2026 10:20:57.00
GpsMilliseconds 1460802075000
22.3158257,87.3246993, EA(2m)
AltWgs84 -14.7 m, EA(1m)
Hdg 89 deg, Spd 0.2 m/s
EA(44.2 deg, 0.7 m/s)</description>
      <Style>
        <IconStyle>
          <Icon>
            <href>http://maps.google.com/mapfiles/kml/shapes/shaded_dot.png</href>
          </Icon>
          <scale>0.6</scale>
          <color>bf00a0f4</color>
        </IconStyle>
      </Style>
      <Point>
        <altitudeMode>clampToGround</altitudeMode>
        <coordinates>87.3246993070594,22.3158256781863,0</coordinates>
      </Point>
    </Placemark>
    <Placemark>
      <Snippet maxLines="0"> </Snippet>
      <description>108
UTC 21-04-2026 10:20:58.00
GpsMilliseconds 1460802076000
22.3158287,87.3246978, EA(2m)
AltWgs84 -14.8 m, EA(1m)
Hdg 53 deg, Spd 0.1 m/s
EA(44.1 deg, 0.7 m/s)</description>
      <Style>
        <IconStyle>
          <Icon>
            <href>http://maps.google.com/mapfiles/kml/shapes/shaded_dot.png</href>
          </Icon>
          <scale>0.6</scale>
          <color>bf00a0f4</color>
        </IconStyle>
      </Style>
      <Point>
        <altitudeMode>clampToGround</altitudeMode>
        <coordinates>87.3246978112105,22.3158287290278,0</coordinates>
      </Point>
    </Placemark>
    <Placemark>
      <Snippet maxLines="0"> </Snippet>
      <description>109
UTC 21-04-2026 10:20:59.00
GpsMilliseconds 1460802077000
22.3158311,87.3246958, EA(2m)
AltWgs84 -15.0 m, EA(1m)
Hdg 10 deg, Spd 0.1 m/s
EA(44.0 deg, 0.7 m/s)</description>
      <Style>
        <IconStyle>
          <Icon>
            <href>http://maps.google.com/mapfiles/kml/shapes/shaded_dot.png</href>
          </Icon>
          <scale>0.6</scale>
          <color>bf00a0f4</color>
        </IconStyle>
      </Style>
      <Point>
        <altitudeMode>clampToGround</altitudeMode>
        <coordinates>87.3246957626767,22.3158310601346,0</coordinates>
      </Point>
    </Placemark>
    <Placemark>
      <Snippet maxLines="0"> </Snippet>
      <description>110
UTC 21-04-2026 10:21:00.00
GpsMilliseconds 1460802078000
22.3158323,87.3246936, EA(2m)
AltWgs84 -15.2 m, EA(1m)
Hdg 348 deg, Spd 0.1 m/s
EA(44.0 deg, 0.7 m/s)</description>
      <Style>
        <IconStyle>
          <Icon>
            <href>http://maps.google.com/mapfiles/kml/shapes/shaded_dot.png</href>
          </Icon>
          <scale>0.6</scale>
          <color>bf00a0f4</color>
        </IconStyle>
      </Style>
      <Point>
        <altitudeMode>clampToGround</altitudeMode>
        <coordinates>87.3246935559955,22.3158323110824,0</coordinates>
      </Point>
    </Placemark>
    <Placemark>
      <Snippet maxLines="0"> </Snippet>
      <description>111
UTC 21-04-2026 10:21:01.00
GpsMilliseconds 1460802079000
22.3158338,87.3246918, EA(2m)
AltWgs84 -15.3 m, EA(1m)
Hdg 332 deg, Spd 0.1 m/s
EA(44.0 deg, 0.7 m/s)</description>
      <Style>
        <IconStyle>
          <Icon>
            <href>http://maps.google.com/mapfiles/kml/shapes/shaded_dot.png</href>
          </Icon>
          <scale>0.6</scale>
          <color>bf00a0f4</color>
        </IconStyle>
      </Style>
      <Point>
        <altitudeMode>clampToGround</altitudeMode>
        <coordinates>87.3246917604388,22.3158338153279,0</coordinates>
      </Point>
    </Placemark>
    <Placemark>
      <Snippet maxLines="0"> </Snippet>
      <description>112
UTC 21-04-2026 10:21:02.00
GpsMilliseconds 1460802080000
22.3158350,87.3246899, EA(2m)
AltWgs84 -15.4 m, EA(1m)
Hdg 322 deg, Spd 0.1 m/s
EA(44.0 deg, 0.7 m/s)</description>
      <Style>
        <IconStyle>
          <Icon>
            <href>http://maps.google.com/mapfiles/kml/shapes/shaded_dot.png</href>
          </Icon>
          <scale>0.6</scale>
          <color>bf00a0f4</color>
        </IconStyle>
      </Style>
      <Point>
        <altitudeMode>clampToGround</altitudeMode>
        <coordinates>87.3246898679946,22.3158350398757,0</coordinates>
      </Point>
    </Placemark>
    <Placemark>
      <Snippet maxLines="0"> </Snippet>
      <description>113
UTC 21-04-2026 10:21:03.00
GpsMilliseconds 1460802081000
22.3158352,87.3246878, EA(2m)
AltWgs84 -15.5 m, EA(1m)
Hdg 306 deg, Spd 0.1 m/s
EA(44.0 deg, 0.7 m/s)</description>
      <Style>
        <IconStyle>
          <Icon>
            <href>http://maps.google.com/mapfiles/kml/shapes/shaded_dot.png</href>
          </Icon>
          <scale>0.6</scale>
          <color>bf00a0f4</color>
        </IconStyle>
      </Style>
      <Point>
        <altitudeMode>clampToGround</altitudeMode>
        <coordinates>87.3246878246224,22.3158351875116,0</coordinates>
      </Point>
    </Placemark>
    <Placemark>
      <Snippet maxLines="0"> </Snippet>
      <description>114
UTC 21-04-2026 10:21:04.00
GpsMilliseconds 1460802082000
22.3158344,87.3246834, EA(2m)
AltWgs84 -15.7 m, EA(1m)
Hdg 285 deg, Spd 0.2 m/s
EA(44.2 deg, 0.7 m/s)</description>
      <Style>
        <IconStyle>
          <Icon>
            <href>http://maps.google.com/mapfiles/kml/shapes/shaded_dot.png</href>
          </Icon>
          <scale>0.6</scale>
          <color>bf00a0f4</color>
        </IconStyle>
      </Style>
      <Point>
        <altitudeMode>clampToGround</altitudeMode>
        <coordinates>87.3246833849025,22.3158343613954,0</coordinates>
      </Point>
    </Placemark>
    <Placemark>
      <Snippet maxLines="0"> </Snippet>
      <description>115
UTC 21-04-2026 10:21:05.00
GpsMilliseconds 1460802083000
22.3158327,87.3246803, EA(2m)
AltWgs84 -16.0 m, EA(1m)
Hdg 272 deg, Spd 0.2 m/s
EA(44.4 deg, 0.7 m/s)</description>
      <Style>
        <IconStyle>
          <Icon>
            <href>http://maps.google.com/mapfiles/kml/shapes/shaded_dot.png</href>
          </Icon>
          <scale>0.6</scale>
          <color>bf00a0f4</color>
        </IconStyle>
      </Style>
      <Point>
        <altitudeMode>clampToGround</altitudeMode>
        <coordinates>87.3246803329001,22.3158327177277,0</coordinates>
      </Point>
    </Placemark>
    <Placemark>
      <Snippet maxLines="0"> </Snippet>
      <description>116
UTC 21-04-2026 10:21:06.00
GpsMilliseconds 1460802084000
22.3158329,87.3246777, EA(2m)
AltWgs84 -16.2 m, EA(1m)
Hdg 275 deg, Spd 0.2 m/s
EA(44.5 deg, 0.7 m/s)</description>
      <Style>
        <IconStyle>
          <Icon>
            <href>http://maps.google.com/mapfiles/kml/shapes/shaded_dot.png</href>
          </Icon>
          <scale>0.6</scale>
          <color>bf00a0f4</color>
        </IconStyle>
      </Style>
      <Point>
        <altitudeMode>clampToGround</altitudeMode>
        <coordinates>87.3246777473833,22.3158328698843,0</coordinates>
      </Point>
    </Placemark>
    <Placemark>
      <Snippet maxLines="0"> </Snippet>
      <description>117
UTC 21-04-2026 10:21:07.00
GpsMilliseconds 1460802085000
22.3158325,87.3246756, EA(2m)
AltWgs84 -16.5 m, EA(1m)
Hdg 274 deg, Spd 0.2 m/s
EA(44.5 deg, 0.7 m/s)</description>
      <Style>
        <IconStyle>
          <Icon>
            <href>http://maps.google.com/mapfiles/kml/shapes/shaded_dot.png</href>
          </Icon>
          <scale>0.6</scale>
          <color>bf00a0f4</color>
        </IconStyle>
      </Style>
      <Point>
        <altitudeMode>clampToGround</altitudeMode>
        <coordinates>87.3246756172352,22.3158324783603,0</coordinates>
      </Point>
    </Placemark>
    <Placemark>
      <Snippet maxLines="0"> </Snippet>
      <description>118
UTC 21-04-2026 10:21:08.00
GpsMilliseconds 1460802086000
22.3158336,87.3246761, EA(2m)
AltWgs84 -16.8 m, EA(1m)
Hdg 286 deg, Spd 0.1 m/s
EA(44.5 deg, 0.7 m/s)</description>
      <Style>
        <IconStyle>
          <Icon>
            <href>http://maps.google.com/mapfiles/kml/shapes/shaded_dot.png</href>
          </Icon>
          <scale>0.6</scale>
          <color>bf00a0f4</color>
        </IconStyle>
      </Style>
      <Point>
        <altitudeMode>clampToGround</altitudeMode>
        <coordinates>87.3246760830025,22.3158335615818,0</coordinates>
      </Point>
    </Placemark>
    <Placemark>
      <Snippet maxLines="0"> </Snippet>
      <description>119
UTC 21-04-2026 10:21:09.00
GpsMilliseconds 1460802087000
22.3158329,87.3246757, EA(2m)
AltWgs84 -17.1 m, EA(1m)
Hdg 279 deg, Spd 0.1 m/s
EA(44.5 deg, 0.7 m/s)</description>
      <Style>
        <IconStyle>
          <Icon>
            <href>http://maps.google.com/mapfiles/kml/shapes/shaded_dot.png</href>
          </Icon>
          <scale>0.6</scale>
          <color>bf00a0f4</color>
        </IconStyle>
      </Style>
      <Point>
        <altitudeMode>clampToGround</altitudeMode>
        <coordinates>87.32467573888,22.3158328866316,0</coordinates>
      </Point>
    </Placemark>
    <Placemark>
      <Snippet maxLines="0"> </Snippet>
      <description>120
UTC 21-04-2026 10:21:10.00
GpsMilliseconds 1460802088000
22.3158339,87.3246753, EA(2m)
AltWgs84 -17.4 m, EA(1m)
Hdg 296 deg, Spd 0.1 m/s
EA(44.4 deg, 0.7 m/s)</description>
      <Style>
        <IconStyle>
          <Icon>
            <href>http://maps.google.com/mapfiles/kml/shapes/shaded_dot.png</href>
          </Icon>
          <scale>0.6</scale>
          <color>bf00a0f4</color>
        </IconStyle>
      </Style>
      <Point>
        <altitudeMode>clampToGround</altitudeMode>
        <coordinates>87.3246752608154,22.3158338556553,0</coordinates>
      </Point>
    </Placemark>
    <Placemark>
      <Snippet maxLines="0"> </Snippet>
      <description>121
UTC 21-04-2026 10:21:11.00
GpsMilliseconds 1460802089000
22.3158345,87.3246733, EA(2m)
AltWgs84 -17.7 m, EA(1m)
Hdg 290 deg, Spd 0.1 m/s
EA(44.5 deg, 0.7 m/s)</description>
      <Style>
        <IconStyle>
          <Icon>
            <href>http://maps.google.com/mapfiles/kml/shapes/shaded_dot.png</href>
          </Icon>
          <scale>0.6</scale>
          <color>bf00a0f4</color>
        </IconStyle>
      </Style>
      <Point>
        <altitudeMode>clampToGround</altitudeMode>
        <coordinates>87.3246732698275,22.3158344603467,0</coordinates>
      </Point>
    </Placemark>
    <Placemark>
      <Snippet maxLines="0"> </Snippet>
      <description>122
UTC 21-04-2026 10:21:12.00
GpsMilliseconds 1460802090000
22.3158346,87.3246714, EA(2m)
AltWgs84 -18.0 m, EA(1m)
Hdg 286 deg, Spd 0.1 m/s
EA(44.5 deg, 0.7 m/s)</description>
      <Style>
        <IconStyle>
          <Icon>
            <href>http://maps.google.com/mapfiles/kml/shapes/shaded_dot.png</href>
          </Icon>
          <scale>0.6</scale>
          <color>bf00a0f4</color>
        </IconStyle>
      </Style>
      <Point>
        <altitudeMode>clampToGround</altitudeMode>
        <coordinates>87.3246714169088,22.3158345999582,0</coordinates>
      </Point>
    </Placemark>
    <Placemark>
      <Snippet maxLines="0"> </Snippet>
      <description>123
UTC 21-04-2026 10:21:13.00
GpsMilliseconds 1460802091000
22.3158348,87.3246691, EA(2m)
AltWgs84 -18.1 m, EA(1m)
Hdg 287 deg, Spd 0.1 m/s
EA(44.4 deg, 0.7 m/s)</description>
      <Style>
        <IconStyle>
          <Icon>
            <href>http://maps.google.com/mapfiles/kml/shapes/shaded_dot.png</href>
          </Icon>
          <scale>0.6</scale>
          <color>bf00a0f4</color>
        </IconStyle>
      </Style>
      <Point>
        <altitudeMode>clampToGround</altitudeMode>
        <coordinates>87.3246690595359,22.3158348213965,0</coordinates>
      </Point>
    </Placemark>
    <Placemark>
      <Snippet maxLines="0"> </Snippet>
      <description>124
UTC 21-04-2026 10:21:14.00
GpsMilliseconds 1460802092000
22.3158354,87.3246678, EA(2m)
AltWgs84 -18.3 m, EA(1m)
Hdg 288 deg, Spd 0.1 m/s
EA(44.6 deg, 0.7 m/s)</description>
      <Style>
        <IconStyle>
          <Icon>
            <href>http://maps.google.com/mapfiles/kml/shapes/shaded_dot.png</href>
          </Icon>
          <scale>0.6</scale>
          <color>bf00a0f4</color>
        </IconStyle>
      </Style>
      <Point>
        <altitudeMode>clampToGround</altitudeMode>
        <coordinates>87.324667809958,22.3158354178335,0</coordinates>
      </Point>
    </Placemark>
    <Placemark>
      <Snippet maxLines="0"> </Snippet>
      <description>125
UTC 21-04-2026 10:21:15.00
GpsMilliseconds 1460802093000
22.3158377,87.3246666, EA(2m)
AltWgs84 -18.4 m, EA(1m)
Hdg 305 deg, Spd 0.1 m/s
EA(44.7 deg, 0.7 m/s)</description>
      <Style>
        <IconStyle>
          <Icon>
            <href>http://maps.google.com/mapfiles/kml/shapes/shaded_dot.png</href>
          </Icon>
          <scale>0.6</scale>
          <color>bf00a0f4</color>
        </IconStyle>
      </Style>
      <Point>
        <altitudeMode>clampToGround</altitudeMode>
        <coordinates>87.324666586238,22.3158377215852,0</coordinates>
      </Point>
    </Placemark>
    <Placemark>
      <Snippet maxLines="0"> </Snippet>
      <description>126
UTC 21-04-2026 10:21:16.00
GpsMilliseconds 1460802094000
22.3158385,87.3246652, EA(2m)
AltWgs84 -18.6 m, EA(1m)
Hdg 302 deg, Spd 0.1 m/s
EA(44.6 deg, 0.7 m/s)</description>
      <Style>
        <IconStyle>
          <Icon>
            <href>http://maps.google.com/mapfiles/kml/shapes/shaded_dot.png</href>
          </Icon>
          <scale>0.6</scale>
          <color>bf00a0f4</color>
        </IconStyle>
      </Style>
      <Point>
        <altitudeMode>clampToGround</altitudeMode>
        <coordinates>87.3246652141333,22.3158384877753,0</coordinates>
      </Point>
    </Placemark>
    <Placemark>
      <Snippet maxLines="0"> </Snippet>
      <description>127
UTC 21-04-2026 10:21:17.00
GpsMilliseconds 1460802095000
22.3158430,87.3246646, EA(2m)
AltWgs84 -18.5 m, EA(1m)
Hdg 328 deg, Spd 0.2 m/s
EA(44.6 deg, 0.7 m/s)</description>
      <Style>
        <IconStyle>
          <Icon>
            <href>http://maps.google.com/mapfiles/kml/shapes/shaded_dot.png</href>
          </Icon>
          <scale>0.6</scale>
          <color>bf00a0f4</color>
        </IconStyle>
      </Style>
      <Point>
        <altitudeMode>clampToGround</altitudeMode>
        <coordinates>87.3246645633781,22.3158430125131,0</coordinates>
      </Point>
    </Placemark>
    <Placemark>
      <Snippet maxLines="0"> </Snippet>
      <description>128
UTC 21-04-2026 10:21:18.00
GpsMilliseconds 1460802096000
22.3158463,87.3246639, EA(2m)
AltWgs84 -18.4 m, EA(1m)
Hdg 335 deg, Spd 0.2 m/s
EA(44.7 deg, 0.7 m/s)</description>
      <Style>
        <IconStyle>
          <Icon>
            <href>http://maps.google.com/mapfiles/kml/shapes/shaded_dot.png</href>
          </Icon>
          <scale>0.6</scale>
          <color>bf00a0f4</color>
        </IconStyle>
      </Style>
      <Point>
        <altitudeMode>clampToGround</altitudeMode>
        <coordinates>87.3246639080536,22.3158463004931,0</coordinates>
      </Point>
    </Placemark>
    <Placemark>
      <Snippet maxLines="0"> </Snippet>
      <description>129
UTC 21-04-2026 10:21:19.00
GpsMilliseconds 1460802097000
22.3158477,87.3246635, EA(2m)
AltWgs84 -18.2 m, EA(1m)
Hdg 337 deg, Spd 0.2 m/s
EA(44.8 deg, 0.7 m/s)</description>
      <Style>
        <IconStyle>
          <Icon>
            <href>http://maps.google.com/mapfiles/kml/shapes/shaded_dot.png</href>
          </Icon>
          <scale>0.6</scale>
          <color>bf00a0f4</color>
        </IconStyle>
      </Style>
      <Point>
        <altitudeMode>clampToGround</altitudeMode>
        <coordinates>87.3246635071653,22.3158477295353,0</coordinates>
      </Point>
    </Placemark>
    <Placemark>
      <Snippet maxLines="0"> </Snippet>
      <description>130
UTC 21-04-2026 10:21:20.00
GpsMilliseconds 1460802098000
22.3158496,87.3246640, EA(2m)
AltWgs84 -18.0 m, EA(1m)
Hdg 345 deg, Spd 0.2 m/s
EA(44.9 deg, 0.7 m/s)</description>
      <Style>
        <IconStyle>
          <Icon>
            <href>http://maps.google.com/mapfiles/kml/shapes/shaded_dot.png</href>
          </Icon>
          <scale>0.6</scale>
          <color>bf00a0f4</color>
        </IconStyle>
      </Style>
      <Point>
        <altitudeMode>clampToGround</altitudeMode>
        <coordinates>87.3246640351237,22.3158496093688,0</coordinates>
      </Point>
    </Placemark>
    <Placemark>
      <Snippet maxLines="0"> </Snippet>
      <description>131
UTC 21-04-2026 10:21:21.00
GpsMilliseconds 1460802099000
22.3158500,87.3246637, EA(2m)
AltWgs84 -17.9 m, EA(1m)
Hdg 342 deg, Spd 0.2 m/s
EA(44.8 deg, 0.7 m/s)</description>
      <Style>
        <IconStyle>
          <Icon>
            <href>http://maps.google.com/mapfiles/kml/shapes/shaded_dot.png</href>
          </Icon>
          <scale>0.6</scale>
          <color>bf00a0f4</color>
        </IconStyle>
      </Style>
      <Point>
        <altitudeMode>clampToGround</altitudeMode>
        <coordinates>87.3246636623355,22.315849956033,0</coordinates>
      </Point>
    </Placemark>
    <Placemark>
      <Snippet maxLines="0"> </Snippet>
      <description>132
UTC 21-04-2026 10:21:22.00
GpsMilliseconds 1460802100000
22.3158503,87.3246634, EA(2m)
AltWgs84 -17.7 m, EA(1m)
Hdg 341 deg, Spd 0.1 m/s
EA(44.8 deg, 0.7 m/s)</description>
      <Style>
        <IconStyle>
          <Icon>
            <href>http://maps.google.com/mapfiles/kml/shapes/shaded_dot.png</href>
          </Icon>
          <scale>0.6</scale>
          <color>bf00a0f4</color>
        </IconStyle>
      </Style>
      <Point>
        <altitudeMode>clampToGround</altitudeMode>
        <coordinates>87.324663364352,22.3158502982124,0</coordinates>
      </Point>
    </Placemark>
    <Placemark>
      <Snippet maxLines="0"> </Snippet>
      <description>133
UTC 21-04-2026 10:21:23.00
GpsMilliseconds 1460802101000
22.3158499,87.3246637, EA(2m)
AltWgs84 -17.6 m, EA(1m)
Hdg 344 deg, Spd 0.1 m/s
EA(44.8 deg, 0.7 m/s)</description>
      <Style>
        <IconStyle>
          <Icon>
            <href>http://maps.google.com/mapfiles/kml/shapes/shaded_dot.png</href>
          </Icon>
          <scale>0.6</scale>
          <color>bf00a0f4</color>
        </IconStyle>
      </Style>
      <Point>
        <altitudeMode>clampToGround</altitudeMode>
        <coordinates>87.3246637465779,22.3158499014949,0</coordinates>
      </Point>
    </Placemark>
    <Placemark>
      <Snippet maxLines="0"> </Snippet>
      <description>134
UTC 21-04-2026 10:21:24.00
GpsMilliseconds 1460802102000
22.3158503,87.3246648, EA(2m)
AltWgs84 -17.3 m, EA(1m)
Hdg 3 deg, Spd 0.1 m/s
EA(44.8 deg, 0.7 m/s)</description>
      <Style>
        <IconStyle>
          <Icon>
            <href>http://maps.google.com/mapfiles/kml/shapes/shaded_dot.png</href>
          </Icon>
          <scale>0.6</scale>
          <color>bf00a0f4</color>
        </IconStyle>
      </Style>
      <Point>
        <altitudeMode>clampToGround</altitudeMode>
        <coordinates>87.3246647975698,22.3158503311948,0</coordinates>
      </Point>
    </Placemark>
    <Placemark>
      <Snippet maxLines="0"> </Snippet>
      <description>135
UTC 21-04-2026 10:21:25.00
GpsMilliseconds 1460802103000
22.3158495,87.3246653, EA(2m)
AltWgs84 -17.1 m, EA(1m)
Hdg 21 deg, Spd 0.0 m/s
EA(44.9 deg, 0.7 m/s)</description>
      <Style>
        <IconStyle>
          <Icon>
            <href>http://maps.google.com/mapfiles/kml/shapes/shaded_dot.png</href>
          </Icon>
          <scale>0.6</scale>
          <color>bf00a0f4</color>
        </IconStyle>
      </Style>
      <Point>
        <altitudeMode>clampToGround</altitudeMode>
        <coordinates>87.3246653256315,22.31584945494,0</coordinates>
      </Point>
    </Placemark>
    <Placemark>
      <Snippet maxLines="0"> </Snippet>
      <description>136
UTC 21-04-2026 10:21:26.00
GpsMilliseconds 1460802104000
22.3158493,87.3246663, EA(2m)
AltWgs84 -16.9 m, EA(1m)
Hdg 50 deg, Spd 0.0 m/s
EA(44.8 deg, 0.7 m/s)</description>
      <Style>
        <IconStyle>
          <Icon>
            <href>http://maps.google.com/mapfiles/kml/shapes/shaded_dot.png</href>
          </Icon>
          <scale>0.6</scale>
          <color>bf00a0f4</color>
        </IconStyle>
      </Style>
      <Point>
        <altitudeMode>clampToGround</altitudeMode>
        <coordinates>87.3246663110219,22.315849272404,0</coordinates>
      </Point>
    </Placemark>
    <Placemark>
      <Snippet maxLines="0"> </Snippet>
      <description>137
UTC 21-04-2026 10:21:27.00
GpsMilliseconds 1460802105000
22.3158480,87.3246665, EA(2m)
AltWgs84 -16.6 m, EA(1m)
Hdg 92 deg, Spd 0.0 m/s
EA(44.6 deg, 0.7 m/s)</description>
      <Style>
        <IconStyle>
          <Icon>
            <href>http://maps.google.com/mapfiles/kml/shapes/shaded_dot.png</href>
          </Icon>
          <scale>0.6</scale>
          <color>bf00a0f4</color>
        </IconStyle>
      </Style>
      <Point>
        <altitudeMode>clampToGround</altitudeMode>
        <coordinates>87.3246665413919,22.3158480380396,0</coordinates>
      </Point>
    </Placemark>
    <Placemark>
      <Snippet maxLines="0"> </Snippet>
      <description>138
UTC 21-04-2026 10:21:28.00
GpsMilliseconds 1460802106000
22.3158488,87.3246665, EA(2m)
AltWgs84 -16.4 m, EA(1m)
Hdg 59 deg, Spd 0.0 m/s
EA(44.3 deg, 0.7 m/s)</description>
      <Style>
        <IconStyle>
          <Icon>
            <href>http://maps.google.com/mapfiles/kml/shapes/shaded_dot.png</href>
          </Icon>
          <scale>0.6</scale>
          <color>bf00a0f4</color>
        </IconStyle>
      </Style>
      <Point>
        <altitudeMode>clampToGround</altitudeMode>
        <coordinates>87.3246664531622,22.3158487947298,0</coordinates>
      </Point>
    </Placemark>
    <Placemark>
      <Snippet maxLines="0"> </Snippet>
      <description>139
UTC 21-04-2026 10:21:29.00
GpsMilliseconds 1460802107000
22.3158498,87.3246660, EA(2m)
AltWgs84 -16.2 m, EA(1m)
Hdg 7 deg, Spd 0.0 m/s
EA(44.2 deg, 0.7 m/s)</description>
      <Style>
        <IconStyle>
          <Icon>
            <href>http://maps.google.com/mapfiles/kml/shapes/shaded_dot.png</href>
          </Icon>
          <scale>0.6</scale>
          <color>bf00a0f4</color>
        </IconStyle>
      </Style>
      <Point>
        <altitudeMode>clampToGround</altitudeMode>
        <coordinates>87.3246660024665,22.3158497604436,0</coordinates>
      </Point>
    </Placemark>
    <Placemark>
      <Snippet maxLines="0"> </Snippet>
      <description>140
UTC 21-04-2026 10:21:30.00
GpsMilliseconds 1460802108000
22.3158499,87.3246672, EA(2m)
AltWgs84 -15.9 m, EA(1m)
Hdg 46 deg, Spd 0.0 m/s
EA(44.2 deg, 0.7 m/s)</description>
      <Style>
        <IconStyle>
          <Icon>
            <href>http://maps.google.com/mapfiles/kml/shapes/shaded_dot.png</href>
          </Icon>
          <scale>0.6</scale>
          <color>bf00a0f4</color>
        </IconStyle>
      </Style>
      <Point>
        <altitudeMode>clampToGround</altitudeMode>
        <coordinates>87.3246671954296,22.3158499404006,0</coordinates>
      </Point>
    </Placemark>
    <Placemark>
      <Snippet maxLines="0"> </Snippet>
      <description>141
UTC 21-04-2026 10:21:31.00
GpsMilliseconds 1460802109000
22.3158486,87.3246657, EA(2m)
AltWgs84 -15.7 m, EA(1m)
Hdg 217 deg, Spd 0.0 m/s
EA(44.6 deg, 0.7 m/s)</description>
      <Style>
        <IconStyle>
          <Icon>
            <href>http://maps.google.com/mapfiles/kml/shapes/shaded_dot.png</href>
          </Icon>
          <scale>0.6</scale>
          <color>bf00a0f4</color>
        </IconStyle>
      </Style>
      <Point>
        <altitudeMode>clampToGround</altitudeMode>
        <coordinates>87.3246656540358,22.3158485579912,0</coordinates>
      </Point>
    </Placemark>
    <Placemark>
      <Snippet maxLines="0"> </Snippet>
      <description>142
UTC 21-04-2026 10:21:32.00
GpsMilliseconds 1460802110000
22.3158464,87.3246642, EA(2m)
AltWgs84 -15.5 m, EA(1m)
Hdg 214 deg, Spd 0.1 m/s
EA(44.8 deg, 0.7 m/s)</description>
      <Style>
        <IconStyle>
          <Icon>
            <href>http://maps.google.com/mapfiles/kml/shapes/shaded_dot.png</href>
          </Icon>
          <scale>0.6</scale>
          <color>bf00a0f4</color>
        </IconStyle>
      </Style>
      <Point>
        <altitudeMode>clampToGround</altitudeMode>
        <coordinates>87.3246641961974,22.3158464300288,0</coordinates>
      </Point>
    </Placemark>
    <Placemark>
      <Snippet maxLines="0"> </Snippet>
      <description>143
UTC 21-04-2026 10:21:33.00
GpsMilliseconds 1460802111000
22.3158480,87.3246662, EA(2m)
AltWgs84 -15.2 m, EA(1m)
Hdg 100 deg, Spd 0.0 m/s
EA(44.4 deg, 0.7 m/s)</description>
      <Style>
        <IconStyle>
          <Icon>
            <href>http://maps.google.com/mapfiles/kml/shapes/shaded_dot.png</href>
          </Icon>
          <scale>0.6</scale>
          <color>bf00a0f4</color>
        </IconStyle>
      </Style>
      <Point>
        <altitudeMode>clampToGround</altitudeMode>
        <coordinates>87.3246661661883,22.3158480270027,0</coordinates>
      </Point>
    </Placemark>
    <Placemark>
      <Snippet maxLines="0"> </Snippet>
      <description>144
UTC 21-04-2026 10:21:34.00
GpsMilliseconds 1460802112000
22.3158481,87.3246670, EA(2m)
AltWgs84 -15.0 m, EA(1m)
Hdg 89 deg, Spd 0.0 m/s
EA(44.3 deg, 0.7 m/s)</description>
      <Style>
        <IconStyle>
          <Icon>
            <href>http://maps.google.com/mapfiles/kml/shapes/shaded_dot.png</href>
          </Icon>
          <scale>0.6</scale>
          <color>bf00a0f4</color>
        </IconStyle>
      </Style>
      <Point>
        <altitudeMode>clampToGround</altitudeMode>
        <coordinates>87.3246670033528,22.3158480792298,0</coordinates>
      </Point>
    </Placemark>
    <Placemark>
      <Snippet maxLines="0"> </Snippet>
      <description>145
UTC 21-04-2026 10:21:35.00
GpsMilliseconds 1460802113000
22.3158481,87.3246678, EA(2m)
AltWgs84 -14.7 m, EA(1m)
Hdg 92 deg, Spd 0.0 m/s
EA(44.6 deg, 0.7 m/s)</description>
      <Style>
        <IconStyle>
          <Icon>
            <href>http://maps.google.com/mapfiles/kml/shapes/shaded_dot.png</href>
          </Icon>
          <scale>0.6</scale>
          <color>bf00a0f4</color>
        </IconStyle>
      </Style>
      <Point>
        <altitudeMode>clampToGround</altitudeMode>
        <coordinates>87.3246677527204,22.3158480690687,0</coordinates>
      </Point>
    </Placemark>
    <Placemark>
      <Snippet maxLines="0"> </Snippet>
      <description>146
UTC 21-04-2026 10:21:36.00
GpsMilliseconds 1460802114000
22.3158500,87.3246706, EA(2m)
AltWgs84 -14.3 m, EA(1m)
Hdg 66 deg, Spd 0.1 m/s
EA(44.4 deg, 0.7 m/s)</description>
      <Style>
        <IconStyle>
          <Icon>
            <href>http://maps.google.com/mapfiles/kml/shapes/shaded_dot.png</href>
          </Icon>
          <scale>0.6</scale>
          <color>bf00a0f4</color>
        </IconStyle>
      </Style>
      <Point>
        <altitudeMode>clampToGround</altitudeMode>
        <coordinates>87.3246705956478,22.3158499785332,0</coordinates>
      </Point>
    </Placemark>
    <Placemark>
      <Snippet maxLines="0"> </Snippet>
      <description>147
UTC 21-04-2026 10:21:37.00
GpsMilliseconds 1460802115000
22.3158522,87.3246737, EA(2m)
AltWgs84 -14.0 m, EA(1m)
Hdg 60 deg, Spd 0.2 m/s
EA(44.4 deg, 0.7 m/s)</description>
      <Style>
        <IconStyle>
          <Icon>
            <href>http://maps.google.com/mapfiles/kml/shapes/shaded_dot.png</href>
          </Icon>
          <scale>0.6</scale>
          <color>bf00a0f4</color>
        </IconStyle>
      </Style>
      <Point>
        <altitudeMode>clampToGround</altitudeMode>
        <coordinates>87.3246736810702,22.3158521984498,0</coordinates>
      </Point>
    </Placemark>
    <Placemark>
      <Snippet maxLines="0"> </Snippet>
      <description>148
UTC 21-04-2026 10:21:38.00
GpsMilliseconds 1460802116000
22.3158522,87.3246766, EA(2m)
AltWgs84 -13.7 m, EA(1m)
Hdg 70 deg, Spd 0.2 m/s
EA(44.2 deg, 0.7 m/s)</description>
      <Style>
        <IconStyle>
          <Icon>
            <href>http://maps.google.com/mapfiles/kml/shapes/shaded_dot.png</href>
          </Icon>
          <scale>0.6</scale>
          <color>bf00a0f4</color>
        </IconStyle>
      </Style>
      <Point>
        <altitudeMode>clampToGround</altitudeMode>
        <coordinates>87.3246766252755,22.3158522397629,0</coordinates>
      </Point>
    </Placemark>
    <Placemark>
      <Snippet maxLines="0"> </Snippet>
      <description>149
UTC 21-04-2026 10:21:39.00
GpsMilliseconds 1460802117000
22.3158542,87.3246793, EA(2m)
AltWgs84 -13.4 m, EA(1m)
Hdg 62 deg, Spd 0.2 m/s
EA(44.2 deg, 0.7 m/s)</description>
      <Style>
        <IconStyle>
          <Icon>
            <href>http://maps.google.com/mapfiles/kml/shapes/shaded_dot.png</href>
          </Icon>
          <scale>0.6</scale>
          <color>bf00a0f4</color>
        </IconStyle>
      </Style>
      <Point>
        <altitudeMode>clampToGround</altitudeMode>
        <coordinates>87.324679305675,22.3158541904889,0</coordinates>
      </Point>
    </Placemark>
    <Placemark>
      <Snippet maxLines="0"> </Snippet>
      <description>150
UTC 21-04-2026 10:21:39.100
GpsMilliseconds 1460802117999
22.3158533,87.3246824, EA(2m)
AltWgs84 -13.2 m, EA(1m)
Hdg 77 deg, Spd 0.2 m/s
EA(44.0 deg, 0.7 m/s)</description>
      <Style>
        <IconStyle>
          <Icon>
            <href>http://maps.google.com/mapfiles/kml/shapes/shaded_dot.png</href>
          </Icon>
          <scale>0.6</scale>
          <color>bf00a0f4</color>
        </IconStyle>
      </Style>
      <Point>
        <altitudeMode>clampToGround</altitudeMode>
        <coordinates>87.3246823881727,22.3158533125291,0</coordinates>
      </Point>
    </Placemark>
    <Placemark>
      <Snippet maxLines="0"> </Snippet>
      <description>151
UTC 21-04-2026 10:21:40.100
GpsMilliseconds 1460802118999
22.3158514,87.3246856, EA(2m)
AltWgs84 -13.0 m, EA(1m)
Hdg 93 deg, Spd 0.2 m/s
EA(44.1 deg, 0.7 m/s)</description>
      <Style>
        <IconStyle>
          <Icon>
            <href>http://maps.google.com/mapfiles/kml/shapes/shaded_dot.png</href>
          </Icon>
          <scale>0.6</scale>
          <color>bf00a0f4</color>
        </IconStyle>
      </Style>
      <Point>
        <altitudeMode>clampToGround</altitudeMode>
        <coordinates>87.3246856494472,22.3158514072057,0</coordinates>
      </Point>
    </Placemark>
    <Placemark>
      <Snippet maxLines="0"> </Snippet>
      <description>152
UTC 21-04-2026 10:21:41.100
GpsMilliseconds 1460802119999
22.3158495,87.3246865, EA(2m)
AltWgs84 -12.9 m, EA(1m)
Hdg 105 deg, Spd 0.2 m/s
EA(44.1 deg, 0.7 m/s)</description>
      <Style>
        <IconStyle>
          <Icon>
            <href>http://maps.google.com/mapfiles/kml/shapes/shaded_dot.png</href>
          </Icon>
          <scale>0.6</scale>
          <color>bf00a0f4</color>
        </IconStyle>
      </Style>
      <Point>
        <altitudeMode>clampToGround</altitudeMode>
        <coordinates>87.3246864863222,22.3158494514854,0</coordinates>
      </Point>
    </Placemark>
    <Placemark>
      <Snippet maxLines="0"> </Snippet>
      <description>153
UTC 21-04-2026 10:21:42.100
GpsMilliseconds 1460802120999
22.3158482,87.3246864, EA(2m)
AltWgs84 -12.7 m, EA(1m)
Hdg 116 deg, Spd 0.1 m/s
EA(43.9 deg, 0.7 m/s)</description>
      <Style>
        <IconStyle>
          <Icon>
            <href>http://maps.google.com/mapfiles/kml/shapes/shaded_dot.png</href>
          </Icon>
          <scale>0.6</scale>
          <color>bf00a0f4</color>
        </IconStyle>
      </Style>
      <Point>
        <altitudeMode>clampToGround</altitudeMode>
        <coordinates>87.3246864224031,22.3158482343172,0</coordinates>
      </Point>
    </Placemark>
    <Placemark>
      <Snippet maxLines="0"> </Snippet>
      <description>154
UTC 21-04-2026 10:21:43.100
GpsMilliseconds 1460802121999
22.3158484,87.3246865, EA(2m)
AltWgs84 -12.5 m, EA(1m)
Hdg 117 deg, Spd 0.1 m/s
EA(44.2 deg, 0.7 m/s)</description>
      <Style>
        <IconStyle>
          <Icon>
            <href>http://maps.google.com/mapfiles/kml/shapes/shaded_dot.png</href>
          </Icon>
          <scale>0.6</scale>
          <color>bf00a0f4</color>
        </IconStyle>
      </Style>
      <Point>
        <altitudeMode>clampToGround</altitudeMode>
        <coordinates>87.3246865315224,22.3158483972892,0</coordinates>
      </Point>
    </Placemark>
    <Placemark>
      <Snippet maxLines="0"> </Snippet>
      <description>155
UTC 21-04-2026 10:21:44.100
GpsMilliseconds 1460802122999
22.3158480,87.3246878, EA(2m)
AltWgs84 -12.2 m, EA(1m)
Hdg 119 deg, Spd 0.1 m/s
EA(44.2 deg, 0.7 m/s)</description>
      <Style>
        <IconStyle>
          <Icon>
            <href>http://maps.google.com/mapfiles/kml/shapes/shaded_dot.png</href>
          </Icon>
          <scale>0.6</scale>
          <color>bf00a0f4</color>
        </IconStyle>
      </Style>
      <Point>
        <altitudeMode>clampToGround</altitudeMode>
        <coordinates>87.32468780939,22.3158480282076,0</coordinates>
      </Point>
    </Placemark>
    <Placemark>
      <Snippet maxLines="0"> </Snippet>
      <description>156
UTC 21-04-2026 10:21:45.100
GpsMilliseconds 1460802123999
22.3158462,87.3246888, EA(2m)
AltWgs84 -12.1 m, EA(1m)
Hdg 129 deg, Spd 0.1 m/s
EA(44.0 deg, 0.7 m/s)</description>
      <Style>
        <IconStyle>
          <Icon>
            <href>http://maps.google.com/mapfiles/kml/shapes/shaded_dot.png</href>
          </Icon>
          <scale>0.6</scale>
          <color>bf00a0f4</color>
        </IconStyle>
      </Style>
      <Point>
        <altitudeMode>clampToGround</altitudeMode>
        <coordinates>87.3246887603849,22.3158462349695,0</coordinates>
      </Point>
    </Placemark>
    <Placemark>
      <Snippet maxLines="0"> </Snippet>
      <description>157
UTC 21-04-2026 10:21:46.100
GpsMilliseconds 1460802124999
22.3158444,87.3246882, EA(2m)
AltWgs84 -11.9 m, EA(1m)
Hdg 144 deg, Spd 0.1 m/s
EA(44.1 deg, 0.7 m/s)</description>
      <Style>
        <IconStyle>
          <Icon>
            <href>http://maps.google.com/mapfiles/kml/shapes/shaded_dot.png</href>
          </Icon>
          <scale>0.6</scale>
          <color>bf00a0f4</color>
        </IconStyle>
      </Style>
      <Point>
        <altitudeMode>clampToGround</altitudeMode>
        <coordinates>87.3246882463948,22.3158444498514,0</coordinates>
      </Point>
    </Placemark>
    <Placemark>
      <Snippet maxLines="0"> </Snippet>
      <description>158
UTC 21-04-2026 10:21:47.100
GpsMilliseconds 1460802125999
22.3158452,87.3246878, EA(2m)
AltWgs84 -11.7 m, EA(1m)
Hdg 151 deg, Spd 0.1 m/s
EA(44.0 deg, 0.7 m/s)</description>
      <Style>
        <IconStyle>
          <Icon>
            <href>http://maps.google.com/mapfiles/kml/shapes/shaded_dot.png</href>
          </Icon>
          <scale>0.6</scale>
          <color>bf00a0f4</color>
        </IconStyle>
      </Style>
      <Point>
        <altitudeMode>clampToGround</altitudeMode>
        <coordinates>87.3246878350476,22.3158451776495,0</coordinates>
      </Point>
    </Placemark>
    <Placemark>
      <Snippet maxLines="0"> </Snippet>
      <description>159
UTC 21-04-2026 10:21:48.100
GpsMilliseconds 1460802126999
22.3158456,87.3246871, EA(2m)
AltWgs84 -11.5 m, EA(1m)
Hdg 168 deg, Spd 0.0 m/s
EA(44.2 deg, 0.7 m/s)</description>
      <Style>
        <IconStyle>
          <Icon>
            <href>http://maps.google.com/mapfiles/kml/shapes/shaded_dot.png</href>
          </Icon>
          <scale>0.6</scale>
          <color>bf00a0f4</color>
        </IconStyle>
      </Style>
      <Point>
        <altitudeMode>clampToGround</altitudeMode>
        <coordinates>87.3246871068642,22.315845599783,0</coordinates>
      </Point>
    </Placemark>
    <Placemark>
      <Snippet maxLines="0"> </Snippet>
      <description>160
UTC 21-04-2026 10:21:49.100
GpsMilliseconds 1460802127999
22.3158486,87.3246877, EA(2m)
AltWgs84 -11.1 m, EA(1m)
Hdg 22 deg, Spd 0.0 m/s
EA(44.0 deg, 0.7 m/s)</description>
      <Style>
        <IconStyle>
          <Icon>
            <href>http://maps.google.com/mapfiles/kml/shapes/shaded_dot.png</href>
          </Icon>
          <scale>0.6</scale>
          <color>bf00a0f4</color>
        </IconStyle>
      </Style>
      <Point>
        <altitudeMode>clampToGround</altitudeMode>
        <coordinates>87.3246876970298,22.3158485750103,0</coordinates>
      </Point>
    </Placemark>
    <Placemark>
      <Snippet maxLines="0"> </Snippet>
      <description>161
UTC 21-04-2026 10:21:50.100
GpsMilliseconds 1460802128999
22.3158502,87.3246862, EA(2m)
AltWgs84 -10.9 m, EA(1m)
Hdg 341 deg, Spd 0.1 m/s
EA(43.9 deg, 0.7 m/s)</description>
      <Style>
        <IconStyle>
          <Icon>
            <href>http://maps.google.com/mapfiles/kml/shapes/shaded_dot.png</href>
          </Icon>
          <scale>0.6</scale>
          <color>bf00a0f4</color>
        </IconStyle>
      </Style>
      <Point>
        <altitudeMode>clampToGround</altitudeMode>
        <coordinates>87.3246861785946,22.3158502453996,0</coordinates>
      </Point>
    </Placemark>
    <Placemark>
      <Snippet maxLines="0"> </Snippet>
      <description>162
UTC 21-04-2026 10:21:51.100
GpsMilliseconds 1460802129999
22.3158485,87.3246863, EA(2m)
AltWgs84 -10.7 m, EA(1m)
Hdg 306 deg, Spd 0.0 m/s
EA(43.9 deg, 0.7 m/s)</description>
      <Style>
        <IconStyle>
          <Icon>
            <href>http://maps.google.com/mapfiles/kml/shapes/shaded_dot.png</href>
          </Icon>
          <scale>0.6</scale>
          <color>bf00a0f4</color>
        </IconStyle>
      </Style>
      <Point>
        <altitudeMode>clampToGround</altitudeMode>
        <coordinates>87.3246863261964,22.315848452395,0</coordinates>
      </Point>
    </Placemark>
    <Placemark>
      <Snippet maxLines="0"> </Snippet>
      <description>163
UTC 21-04-2026 10:21:52.100
GpsMilliseconds 1460802130999
22.3158457,87.3246858, EA(2m)
AltWgs84 -10.7 m, EA(1m)
Hdg 189 deg, Spd 0.0 m/s
EA(44.0 deg, 0.7 m/s)</description>
      <Style>
        <IconStyle>
          <Icon>
            <href>http://maps.google.com/mapfiles/kml/shapes/shaded_dot.png</href>
          </Icon>
          <scale>0.6</scale>
          <color>bf00a0f4</color>
        </IconStyle>
      </Style>
      <Point>
        <altitudeMode>clampToGround</altitudeMode>
        <coordinates>87.3246858393403,22.3158456510691,0</coordinates>
      </Point>
    </Placemark>
    <Placemark>
      <Snippet maxLines="0"> </Snippet>
      <description>164
UTC 21-04-2026 10:21:53.100
GpsMilliseconds 1460802131999
22.3158433,87.3246858, EA(2m)
AltWgs84 -10.6 m, EA(1m)
Hdg 180 deg, Spd 0.1 m/s
EA(44.0 deg, 0.7 m/s)</description>
      <Style>
        <IconStyle>
          <Icon>
            <href>http://maps.google.com/mapfiles/kml/shapes/shaded_dot.png</href>
          </Icon>
          <scale>0.6</scale>
          <color>bf00a0f4</color>
        </IconStyle>
      </Style>
      <Point>
        <altitudeMode>clampToGround</altitudeMode>
        <coordinates>87.3246857902924,22.3158433234734,0</coordinates>
      </Point>
    </Placemark>
    <Placemark>
      <Snippet maxLines="0"> </Snippet>
      <description>165
UTC 21-04-2026 10:21:54.100
GpsMilliseconds 1460802132999
22.3158443,87.3246863, EA(2m)
AltWgs84 -10.4 m, EA(1m)
Hdg 174 deg, Spd 0.0 m/s
EA(44.0 deg, 0.7 m/s)</description>
      <Style>
        <IconStyle>
          <Icon>
            <href>http://maps.google.com/mapfiles/kml/shapes/shaded_dot.png</href>
          </Icon>
          <scale>0.6</scale>
          <color>bf00a0f4</color>
        </IconStyle>
      </Style>
      <Point>
        <altitudeMode>clampToGround</altitudeMode>
        <coordinates>87.3246863261159,22.3158442924007,0</coordinates>
      </Point>
    </Placemark>
    <Placemark>
      <Snippet maxLines="0"> </Snippet>
      <description>166
UTC 21-04-2026 10:21:55.100
GpsMilliseconds 1460802133999
22.3158433,87.3246856, EA(2m)
AltWgs84 -10.3 m, EA(1m)
Hdg 196 deg, Spd 0.1 m/s
EA(44.1 deg, 0.7 m/s)</description>
      <Style>
        <IconStyle>
          <Icon>
            <href>http://maps.google.com/mapfiles/kml/shapes/shaded_dot.png</href>
          </Icon>
          <scale>0.6</scale>
          <color>bf00a0f4</color>
        </IconStyle>
      </Style>
      <Point>
        <altitudeMode>clampToGround</altitudeMode>
        <coordinates>87.3246856475622,22.31584326883,0</coordinates>
      </Point>
    </Placemark>
    <Placemark>
      <Snippet maxLines="0"> </Snippet>
      <description>167
UTC 21-04-2026 10:21:56.100
GpsMilliseconds 1460802134999
22.3158428,87.3246845, EA(2m)
AltWgs84 -10.2 m, EA(1m)
Hdg 218 deg, Spd 0.1 m/s
EA(44.1 deg, 0.7 m/s)</description>
      <Style>
        <IconStyle>
          <Icon>
            <href>http://maps.google.com/mapfiles/kml/shapes/shaded_dot.png</href>
          </Icon>
          <scale>0.6</scale>
          <color>bf00a0f4</color>
        </IconStyle>
      </Style>
      <Point>
        <altitudeMode>clampToGround</altitudeMode>
        <coordinates>87.3246844967097,22.3158428337386,0</coordinates>
      </Point>
    </Placemark>
    <Placemark>
      <Snippet maxLines="0"> </Snippet>
      <description>168
UTC 21-04-2026 10:21:57.100
GpsMilliseconds 1460802135999
22.3158424,87.3246846, EA(2m)
AltWgs84 -10.1 m, EA(1m)
Hdg 215 deg, Spd 0.1 m/s
EA(44.1 deg, 0.7 m/s)</description>
      <Style>
        <IconStyle>
          <Icon>
            <href>http://maps.google.com/mapfiles/kml/shapes/shaded_dot.png</href>
          </Icon>
          <scale>0.6</scale>
          <color>bf00a0f4</color>
        </IconStyle>
      </Style>
      <Point>
        <altitudeMode>clampToGround</altitudeMode>
        <coordinates>87.3246846030286,22.3158423675747,0</coordinates>
      </Point>
    </Placemark>
    <Placemark>
      <Snippet maxLines="0"> </Snippet>
      <description>169
UTC 21-04-2026 10:21:58.100
GpsMilliseconds 1460802136999
22.3158418,87.3246825, EA(2m)
AltWgs84 -10.0 m, EA(1m)
Hdg 236 deg, Spd 0.1 m/s
EA(44.3 deg, 0.7 m/s)</description>
      <Style>
        <IconStyle>
          <Icon>
            <href>http://maps.google.com/mapfiles/kml/shapes/shaded_dot.png</href>
          </Icon>
          <scale>0.6</scale>
          <color>bf00a0f4</color>
        </IconStyle>
      </Style>
      <Point>
        <altitudeMode>clampToGround</altitudeMode>
        <coordinates>87.3246824877301,22.315841778536,0</coordinates>
      </Point>
    </Placemark>
    <Placemark>
      <Snippet maxLines="0"> </Snippet>
      <description>170
UTC 21-04-2026 10:21:59.100
GpsMilliseconds 1460802137999
22.3158403,87.3246803, EA(2m)
AltWgs84 -10.0 m, EA(1m)
Hdg 235 deg, Spd 0.1 m/s
EA(44.5 deg, 0.7 m/s)</description>
      <Style>
        <IconStyle>
          <Icon>
            <href>http://maps.google.com/mapfiles/kml/shapes/shaded_dot.png</href>
          </Icon>
          <scale>0.6</scale>
          <color>bf00a0f4</color>
        </IconStyle>
      </Style>
      <Point>
        <altitudeMode>clampToGround</altitudeMode>
        <coordinates>87.3246803025426,22.3158403217751,0</coordinates>
      </Point>
    </Placemark>
    <Placemark>
      <Snippet maxLines="0"> </Snippet>
      <description>171
UTC 21-04-2026 10:22:00.100
GpsMilliseconds 1460802138999
22.3158392,87.3246781, EA(2m)
AltWgs84 -10.1 m, EA(1m)
Hdg 237 deg, Spd 0.1 m/s
EA(44.6 deg, 0.7 m/s)</description>
      <Style>
        <IconStyle>
          <Icon>
            <href>http://maps.google.com/mapfiles/kml/shapes/shaded_dot.png</href>
          </Icon>
          <scale>0.6</scale>
          <color>bf00a0f4</color>
        </IconStyle>
      </Style>
      <Point>
        <altitudeMode>clampToGround</altitudeMode>
        <coordinates>87.3246781452426,22.3158392238565,0</coordinates>
      </Point>
    </Placemark>
    <Placemark>
      <Snippet maxLines="0"> </Snippet>
      <description>172
UTC 21-04-2026 10:22:01.100
GpsMilliseconds 1460802139999
22.3158373,87.3246786, EA(2m)
AltWgs84 -10.1 m, EA(1m)
Hdg 219 deg, Spd 0.1 m/s
EA(44.7 deg, 0.7 m/s)</description>
      <Style>
        <IconStyle>
          <Icon>
            <href>http://maps.google.com/mapfiles/kml/shapes/shaded_dot.png</href>
          </Icon>
          <scale>0.6</scale>
          <color>bf00a0f4</color>
        </IconStyle>
      </Style>
      <Point>
        <altitudeMode>clampToGround</altitudeMode>
        <coordinates>87.3246785834949,22.3158372729693,0</coordinates>
      </Point>
    </Placemark>
    <Placemark>
      <Snippet maxLines="0"> </Snippet>
      <description>173
UTC 21-04-2026 10:22:02.100
GpsMilliseconds 1460802140999
22.3158351,87.3246770, EA(2m)
AltWgs84 -10.2 m, EA(1m)
Hdg 218 deg, Spd 0.2 m/s
EA(44.5 deg, 0.7 m/s)</description>
      <Style>
        <IconStyle>
          <Icon>
            <href>http://maps.google.com/mapfiles/kml/shapes/shaded_dot.png</href>
          </Icon>
          <scale>0.6</scale>
          <color>bf00a0f4</color>
        </IconStyle>
      </Style>
      <Point>
        <altitudeMode>clampToGround</altitudeMode>
        <coordinates>87.3246769720884,22.3158350570019,0</coordinates>
      </Point>
    </Placemark>
    <Placemark>
      <Snippet maxLines="0"> </Snippet>
      <description>174
UTC 21-04-2026 10:22:03.100
GpsMilliseconds 1460802141999
22.3158338,87.3246769, EA(2m)
AltWgs84 -10.3 m, EA(1m)
Hdg 210 deg, Spd 0.2 m/s
EA(44.6 deg, 0.7 m/s)</description>
      <Style>
        <IconStyle>
          <Icon>
            <href>http://maps.google.com/mapfiles/kml/shapes/shaded_dot.png</href>
          </Icon>
          <scale>0.6</scale>
          <color>bf00a0f4</color>
        </IconStyle>
      </Style>
      <Point>
        <altitudeMode>clampToGround</altitudeMode>
        <coordinates>87.3246769393688,22.3158337948057,0</coordinates>
      </Point>
    </Placemark>
    <Placemark>
      <Snippet maxLines="0"> </Snippet>
      <description>175
UTC 21-04-2026 10:22:04.100
GpsMilliseconds 1460802142999
22.3158326,87.3246768, EA(2m)
AltWgs84 -10.4 m, EA(1m)
Hdg 206 deg, Spd 0.1 m/s
EA(44.7 deg, 0.7 m/s)</description>
      <Style>
        <IconStyle>
          <Icon>
            <href>http://maps.google.com/mapfiles/kml/shapes/shaded_dot.png</href>
          </Icon>
          <scale>0.6</scale>
          <color>bf00a0f4</color>
        </IconStyle>
      </Style>
      <Point>
        <altitudeMode>clampToGround</altitudeMode>
        <coordinates>87.3246767859699,22.3158326173119,0</coordinates>
      </Point>
    </Placemark>
    <Placemark>
      <Snippet maxLines="0"> </Snippet>
      <description>176
UTC 21-04-2026 10:22:05.100
GpsMilliseconds 1460802143999
22.3158301,87.3246767, EA(2m)
AltWgs84 -10.5 m, EA(1m)
Hdg 199 deg, Spd 0.2 m/s
EA(44.6 deg, 0.7 m/s)</description>
      <Style>
        <IconStyle>
          <Icon>
            <href>http://maps.google.com/mapfiles/kml/shapes/shaded_dot.png</href>
          </Icon>
          <scale>0.6</scale>
          <color>bf00a0f4</color>
        </IconStyle>
      </Style>
      <Point>
        <altitudeMode>clampToGround</altitudeMode>
        <coordinates>87.324676666368,22.3158300963622,0</coordinates>
      </Point>
    </Placemark>
    <Placemark>
      <Snippet maxLines="0"> </Snippet>
      <description>177
UTC 21-04-2026 10:22:06.100
GpsMilliseconds 1460802144999
22.3158279,87.3246773, EA(2m)
AltWgs84 -10.7 m, EA(1m)
Hdg 189 deg, Spd 0.2 m/s
EA(44.5 deg, 0.7 m/s)</description>
      <Style>
        <IconStyle>
          <Icon>
            <href>http://maps.google.com/mapfiles/kml/shapes/shaded_dot.png</href>
          </Icon>
          <scale>0.6</scale>
          <color>bf00a0f4</color>
        </IconStyle>
      </Style>
      <Point>
        <altitudeMode>clampToGround</altitudeMode>
        <coordinates>87.3246772729063,22.3158278573611,0</coordinates>
      </Point>
    </Placemark>
    <Placemark>
      <Snippet maxLines="0"> </Snippet>
      <description>178
UTC 21-04-2026 10:22:07.100
GpsMilliseconds 1460802145999
22.3158265,87.3246770, EA(2m)
AltWgs84 -10.8 m, EA(1m)
Hdg 188 deg, Spd 0.2 m/s
EA(44.7 deg, 0.7 m/s)</description>
      <Style>
        <IconStyle>
          <Icon>
            <href>http://maps.google.com/mapfiles/kml/shapes/shaded_dot.png</href>
          </Icon>
          <scale>0.6</scale>
          <color>bf00a0f4</color>
        </IconStyle>
      </Style>
      <Point>
        <altitudeMode>clampToGround</altitudeMode>
        <coordinates>87.3246770484632,22.3158264564341,0</coordinates>
      </Point>
    </Placemark>
    <Placemark>
      <Snippet maxLines="0"> </Snippet>
      <description>179
UTC 21-04-2026 10:22:08.100
GpsMilliseconds 1460802146999
22.3158257,87.3246780, EA(2m)
AltWgs84 -11.0 m, EA(1m)
Hdg 179 deg, Spd 0.1 m/s
EA(44.7 deg, 0.7 m/s)</description>
      <Style>
        <IconStyle>
          <Icon>
            <href>http://maps.google.com/mapfiles/kml/shapes/shaded_dot.png</href>
          </Icon>
          <scale>0.6</scale>
          <color>bf00a0f4</color>
        </IconStyle>
      </Style>
      <Point>
        <altitudeMode>clampToGround</altitudeMode>
        <coordinates>87.3246779889113,22.3158256738582,0</coordinates>
      </Point>
    </Placemark>
    <Placemark>
      <Snippet maxLines="0"> </Snippet>
      <description>180
UTC 21-04-2026 10:22:09.100
GpsMilliseconds 1460802147999
22.3158264,87.3246797, EA(2m)
AltWgs84 -11.1 m, EA(1m)
Hdg 161 deg, Spd 0.1 m/s
EA(44.4 deg, 0.7 m/s)</description>
      <Style>
        <IconStyle>
          <Icon>
            <href>http://maps.google.com/mapfiles/kml/shapes/shaded_dot.png</href>
          </Icon>
          <scale>0.6</scale>
          <color>bf00a0f4</color>
        </IconStyle>
      </Style>
      <Point>
        <altitudeMode>clampToGround</altitudeMode>
        <coordinates>87.3246796668418,22.315826372979,0</coordinates>
      </Point>
    </Placemark>
    <Placemark>
      <Snippet maxLines="0"> </Snippet>
      <description>181
UTC 21-04-2026 10:22:10.100
GpsMilliseconds 1460802148999
22.3158278,87.3246850, EA(2m)
AltWgs84 -11.0 m, EA(1m)
Hdg 111 deg, Spd 0.1 m/s
EA(44.2 deg, 0.7 m/s)</description>
      <Style>
        <IconStyle>
          <Icon>
            <href>http://maps.google.com/mapfiles/kml/shapes/shaded_dot.png</href>
          </Icon>
          <scale>0.6</scale>
          <color>bf00a0f4</color>
        </IconStyle>
      </Style>
      <Point>
        <altitudeMode>clampToGround</altitudeMode>
        <coordinates>87.3246849952457,22.3158277924422,0</coordinates>
      </Point>
    </Placemark>
    <Placemark>
      <Snippet maxLines="0"> </Snippet>
      <description>182
UTC 21-04-2026 10:22:11.100
GpsMilliseconds 1460802149999
22.3158264,87.3246868, EA(2m)
AltWgs84 -11.1 m, EA(1m)
Hdg 116 deg, Spd 0.2 m/s
EA(44.1 deg, 0.7 m/s)</description>
      <Style>
        <IconStyle>
          <Icon>
            <href>http://maps.google.com/mapfiles/kml/shapes/shaded_dot.png</href>
          </Icon>
          <scale>0.6</scale>
          <color>bf00a0f4</color>
        </IconStyle>
      </Style>
      <Point>
        <altitudeMode>clampToGround</altitudeMode>
        <coordinates>87.3246867926095,22.3158264469232,0</coordinates>
      </Point>
    </Placemark>
    <Placemark>
      <Snippet maxLines="0"> </Snippet>
      <description>183
UTC 21-04-2026 10:22:12.100
GpsMilliseconds 1460802150999
22.3158265,87.3246900, EA(2m)
AltWgs84 -11.1 m, EA(1m)
Hdg 103 deg, Spd 0.2 m/s
EA(43.8 deg, 0.7 m/s)</description>
      <Style>
        <IconStyle>
          <Icon>
            <href>http://maps.google.com/mapfiles/kml/shapes/shaded_dot.png</href>
          </Icon>
          <scale>0.6</scale>
          <color>bf00a0f4</color>
        </IconStyle>
      </Style>
      <Point>
        <altitudeMode>clampToGround</altitudeMode>
        <coordinates>87.3246900336228,22.3158265431825,0</coordinates>
      </Point>
    </Placemark>
    <Placemark>
      <Snippet maxLines="0"> </Snippet>
      <description>184
UTC 21-04-2026 10:22:13.100
GpsMilliseconds 1460802151999
22.3158266,87.3246926, EA(2m)
AltWgs84 -11.1 m, EA(1m)
Hdg 99 deg, Spd 0.2 m/s
EA(43.8 deg, 0.7 m/s)</description>
      <Style>
        <IconStyle>
          <Icon>
            <href>http://maps.google.com/mapfiles/kml/shapes/shaded_dot.png</href>
          </Icon>
          <scale>0.6</scale>
          <color>bf00a0f4</color>
        </IconStyle>
      </Style>
      <Point>
        <altitudeMode>clampToGround</altitudeMode>
        <coordinates>87.3246926497243,22.3158265806346,0</coordinates>
      </Point>
    </Placemark>
    <Placemark>
      <Snippet maxLines="0"> </Snippet>
      <description>185
UTC 21-04-2026 10:22:14.100
GpsMilliseconds 1460802152999
22.3158279,87.3246950, EA(2m)
AltWgs84 -11.0 m, EA(1m)
Hdg 89 deg, Spd 0.2 m/s
EA(43.8 deg, 0.7 m/s)</description>
      <Style>
        <IconStyle>
          <Icon>
            <href>http://maps.google.com/mapfiles/kml/shapes/shaded_dot.png</href>
          </Icon>
          <scale>0.6</scale>
          <color>bf00a0f4</color>
        </IconStyle>
      </Style>
      <Point>
        <altitudeMode>clampToGround</altitudeMode>
        <coordinates>87.3246950321318,22.3158279013983,0</coordinates>
      </Point>
    </Placemark>
    <Placemark>
      <Snippet maxLines="0"> </Snippet>
      <description>186
UTC 21-04-2026 10:22:15.100
GpsMilliseconds 1460802153999
22.3158289,87.3246969, EA(2m)
AltWgs84 -11.0 m, EA(1m)
Hdg 83 deg, Spd 0.2 m/s
EA(43.7 deg, 0.7 m/s)</description>
      <Style>
        <IconStyle>
          <Icon>
            <href>http://maps.google.com/mapfiles/kml/shapes/shaded_dot.png</href>
          </Icon>
          <scale>0.6</scale>
          <color>bf00a0f4</color>
        </IconStyle>
      </Style>
      <Point>
        <altitudeMode>clampToGround</altitudeMode>
        <coordinates>87.3246968929491,22.315828924259,0</coordinates>
      </Point>
    </Placemark>
    <Placemark>
      <Snippet maxLines="0"> </Snippet>
      <description>187
UTC 21-04-2026 10:22:16.100
GpsMilliseconds 1460802154999
22.3158324,87.3246978, EA(2m)
AltWgs84 -10.9 m, EA(1m)
Hdg 58 deg, Spd 0.2 m/s
EA(43.7 deg, 0.7 m/s)</description>
      <Style>
        <IconStyle>
          <Icon>
            <href>http://maps.google.com/mapfiles/kml/shapes/shaded_dot.png</href>
          </Icon>
          <scale>0.6</scale>
          <color>bf00a0f4</color>
        </IconStyle>
      </Style>
      <Point>
        <altitudeMode>clampToGround</altitudeMode>
        <coordinates>87.324697755428,22.3158324031895,0</coordinates>
      </Point>
    </Placemark>
    <Placemark>
      <Snippet maxLines="0"> </Snippet>
      <description>188
UTC 21-04-2026 10:22:17.100
GpsMilliseconds 1460802155999
22.3158324,87.3246956, EA(2m)
AltWgs84 -11.0 m, EA(1m)
Hdg 45 deg, Spd 0.1 m/s
EA(44.0 deg, 0.7 m/s)</description>
      <Style>
        <IconStyle>
          <Icon>
            <href>http://maps.google.com/mapfiles/kml/shapes/shaded_dot.png</href>
          </Icon>
          <scale>0.6</scale>
          <color>bf00a0f4</color>
        </IconStyle>
      </Style>
      <Point>
        <altitudeMode>clampToGround</altitudeMode>
        <coordinates>87.3246955596116,22.3158324465019,0</coordinates>
      </Point>
    </Placemark>
    <Placemark>
      <Snippet maxLines="0"> </Snippet>
      <description>189
UTC 21-04-2026 10:22:18.100
GpsMilliseconds 1460802156999
22.3158349,87.3246971, EA(2m)
AltWgs84 -10.9 m, EA(1m)
Hdg 40 deg, Spd 0.1 m/s
EA(44.0 deg, 0.7 m/s)</description>
      <Style>
        <IconStyle>
          <Icon>
            <href>http://maps.google.com/mapfiles/kml/shapes/shaded_dot.png</href>
          </Icon>
          <scale>0.6</scale>
          <color>bf00a0f4</color>
        </IconStyle>
      </Style>
      <Point>
        <altitudeMode>clampToGround</altitudeMode>
        <coordinates>87.3246971470313,22.3158349079862,0</coordinates>
      </Point>
    </Placemark>
    <Placemark>
      <Snippet maxLines="0"> </Snippet>
      <description>190
UTC 21-04-2026 10:22:19.100
GpsMilliseconds 1460802157999
22.3158351,87.3247000, EA(2m)
AltWgs84 -10.9 m, EA(1m)
Hdg 55 deg, Spd 0.2 m/s
EA(44.1 deg, 0.7 m/s)</description>
      <Style>
        <IconStyle>
          <Icon>
            <href>http://maps.google.com/mapfiles/kml/shapes/shaded_dot.png</href>
          </Icon>
          <scale>0.6</scale>
          <color>bf00a0f4</color>
        </IconStyle>
      </Style>
      <Point>
        <altitudeMode>clampToGround</altitudeMode>
        <coordinates>87.3247000237891,22.3158350657832,0</coordinates>
      </Point>
    </Placemark>
    <Placemark>
      <Snippet maxLines="0"> </Snippet>
      <description>191
UTC 21-04-2026 10:22:20.100
GpsMilliseconds 1460802158999
22.3158359,87.3247014, EA(2m)
AltWgs84 -10.8 m, EA(1m)
Hdg 55 deg, Spd 0.2 m/s
EA(43.7 deg, 0.7 m/s)</description>
      <Style>
        <IconStyle>
          <Icon>
            <href>http://maps.google.com/mapfiles/kml/shapes/shaded_dot.png</href>
          </Icon>
          <scale>0.6</scale>
          <color>bf00a0f4</color>
        </IconStyle>
      </Style>
      <Point>
        <altitudeMode>clampToGround</altitudeMode>
        <coordinates>87.3247013887195,22.3158358717635,0</coordinates>
      </Point>
    </Placemark>
    <Placemark>
      <Snippet maxLines="0"> </Snippet>
      <description>192
UTC 21-04-2026 10:22:21.100
GpsMilliseconds 1460802159999
22.3158351,87.3247013, EA(2m)
AltWgs84 -10.8 m, EA(1m)
Hdg 60 deg, Spd 0.1 m/s
EA(43.8 deg, 0.7 m/s)</description>
      <Style>
        <IconStyle>
          <Icon>
            <href>http://maps.google.com/mapfiles/kml/shapes/shaded_dot.png</href>
          </Icon>
          <scale>0.6</scale>
          <color>bf00a0f4</color>
        </IconStyle>
      </Style>
      <Point>
        <altitudeMode>clampToGround</altitudeMode>
        <coordinates>87.3247013234032,22.3158351176985,0</coordinates>
      </Point>
    </Placemark>
    <Placemark>
      <Snippet maxLines="0"> </Snippet>
      <description>193
UTC 21-04-2026 10:22:22.100
GpsMilliseconds 1460802160999
22.3158352,87.3247030, EA(2m)
AltWgs84 -10.8 m, EA(1m)
Hdg 69 deg, Spd 0.1 m/s
EA(43.9 deg, 0.7 m/s)</description>
      <Style>
        <IconStyle>
          <Icon>
            <href>http://maps.google.com/mapfiles/kml/shapes/shaded_dot.png</href>
          </Icon>
          <scale>0.6</scale>
          <color>bf00a0f4</color>
        </IconStyle>
      </Style>
      <Point>
        <altitudeMode>clampToGround</altitudeMode>
        <coordinates>87.3247029660464,22.3158351770998,0</coordinates>
      </Point>
    </Placemark>
    <Placemark>
      <Snippet maxLines="0"> </Snippet>
      <description>194
UTC 21-04-2026 10:22:23.100
GpsMilliseconds 1460802161999
22.3158376,87.3247056, EA(2m)
AltWgs84 -10.6 m, EA(1m)
Hdg 56 deg, Spd 0.2 m/s
EA(43.8 deg, 0.7 m/s)</description>
      <Style>
        <IconStyle>
          <Icon>
            <href>http://maps.google.com/mapfiles/kml/shapes/shaded_dot.png</href>
          </Icon>
          <scale>0.6</scale>
          <color>bf00a0f4</color>
        </IconStyle>
      </Style>
      <Point>
        <altitudeMode>clampToGround</altitudeMode>
        <coordinates>87.324705592706,22.3158375807906,0</coordinates>
      </Point>
    </Placemark>
    <Placemark>
      <Snippet maxLines="0"> </Snippet>
      <description>195
UTC 21-04-2026 10:22:24.100
GpsMilliseconds 1460802162999
22.3158388,87.3247058, EA(2m)
AltWgs84 -10.6 m, EA(1m)
Hdg 48 deg, Spd 0.1 m/s
EA(43.8 deg, 0.7 m/s)</description>
      <Style>
        <IconStyle>
          <Icon>
            <href>http://maps.google.com/mapfiles/kml/shapes/shaded_dot.png</href>
          </Icon>
          <scale>0.6</scale>
          <color>bf00a0f4</color>
        </IconStyle>
      </Style>
      <Point>
        <altitudeMode>clampToGround</altitudeMode>
        <coordinates>87.3247058402348,22.3158388401761,0</coordinates>
      </Point>
    </Placemark>
    <Placemark>
      <Snippet maxLines="0"> </Snippet>
      <description>196
UTC 21-04-2026 10:22:25.100
GpsMilliseconds 1460802163999
22.3158414,87.3247042, EA(2m)
AltWgs84 -10.5 m, EA(1m)
Hdg 19 deg, Spd 0.1 m/s
EA(43.7 deg, 0.7 m/s)</description>
      <Style>
        <IconStyle>
          <Icon>
            <href>http://maps.google.com/mapfiles/kml/shapes/shaded_dot.png</href>
          </Icon>
          <scale>0.6</scale>
          <color>bf00a0f4</color>
        </IconStyle>
      </Style>
      <Point>
        <altitudeMode>clampToGround</altitudeMode>
        <coordinates>87.3247041585765,22.3158413998553,0</coordinates>
      </Point>
    </Placemark>
    <Placemark>
      <Snippet maxLines="0"> </Snippet>
      <description>197
UTC 21-04-2026 10:22:26.100
GpsMilliseconds 1460802164999
22.3158441,87.3247036, EA(2m)
AltWgs84 -10.4 m, EA(1m)
Hdg 9 deg, Spd 0.2 m/s
EA(43.7 deg, 0.7 m/s)</description>
      <Style>
        <IconStyle>
          <Icon>
            <href>http://maps.google.com/mapfiles/kml/shapes/shaded_dot.png</href>
          </Icon>
          <scale>0.6</scale>
          <color>bf00a0f4</color>
        </IconStyle>
      </Style>
      <Point>
        <altitudeMode>clampToGround</altitudeMode>
        <coordinates>87.3247036221982,22.3158440504915,0</coordinates>
      </Point>
    </Placemark>
    <Placemark>
      <Snippet maxLines="0"> </Snippet>
      <description>198
UTC 21-04-2026 10:22:27.100
GpsMilliseconds 1460802165999
22.3158456,87.3247015, EA(2m)
AltWgs84 -10.4 m, EA(1m)
Hdg 349 deg, Spd 0.2 m/s
EA(43.7 deg, 0.7 m/s)</description>
      <Style>
        <IconStyle>
          <Icon>
            <href>http://maps.google.com/mapfiles/kml/shapes/shaded_dot.png</href>
          </Icon>
          <scale>0.6</scale>
          <color>bf00a0f4</color>
        </IconStyle>
      </Style>
      <Point>
        <altitudeMode>clampToGround</altitudeMode>
        <coordinates>87.3247015313559,22.3158455779661,0</coordinates>
      </Point>
    </Placemark>
    <Placemark>
      <Snippet maxLines="0"> </Snippet>
      <description>199
UTC 21-04-2026 10:22:28.100
GpsMilliseconds 1460802166999
22.3158479,87.3247009, EA(2m)
AltWgs84 -10.3 m, EA(1m)
Hdg 347 deg, Spd 0.2 m/s
EA(43.7 deg, 0.7 m/s)</description>
      <Style>
        <IconStyle>
          <Icon>
            <href>http://maps.google.com/mapfiles/kml/shapes/shaded_dot.png</href>
          </Icon>
          <scale>0.6</scale>
          <color>bf00a0f4</color>
        </IconStyle>
      </Style>
      <Point>
        <altitudeMode>clampToGround</altitudeMode>
        <coordinates>87.3247008627172,22.3158478722382,0</coordinates>
      </Point>
    </Placemark>
    <Placemark>
      <Snippet maxLines="0"> </Snippet>
      <description>200
UTC 21-04-2026 10:22:29.100
GpsMilliseconds 1460802167999
22.3158493,87.3246999, EA(2m)
AltWgs84 -10.3 m, EA(1m)
Hdg 342 deg, Spd 0.2 m/s
EA(43.7 deg, 0.7 m/s)</description>
      <Style>
        <IconStyle>
          <Icon>
            <href>http://maps.google.com/mapfiles/kml/shapes/shaded_dot.png</href>
          </Icon>
          <scale>0.6</scale>
          <color>bf00a0f4</color>
        </IconStyle>
      </Style>
      <Point>
        <altitudeMode>clampToGround</altitudeMode>
        <coordinates>87.3246998975945,22.3158492614915,0</coordinates>
      </Point>
    </Placemark>
    <Placemark>
      <Snippet maxLines="0"> </Snippet>
      <description>201
UTC 21-04-2026 10:22:30.100
GpsMilliseconds 1460802168999
22.3158471,87.3246975, EA(2m)
AltWgs84 -10.4 m, EA(1m)
Hdg 306 deg, Spd 0.1 m/s
EA(43.8 deg, 0.7 m/s)</description>
      <Style>
        <IconStyle>
          <Icon>
            <href>http://maps.google.com/mapfiles/kml/shapes/shaded_dot.png</href>
          </Icon>
          <scale>0.6</scale>
          <color>bf00a0f4</color>
        </IconStyle>
      </Style>
      <Point>
        <altitudeMode>clampToGround</altitudeMode>
        <coordinates>87.3246975105807,22.3158471489402,0</coordinates>
      </Point>
    </Placemark>
    <Placemark>
      <Snippet maxLines="0"> </Snippet>
      <description>202
UTC 21-04-2026 10:22:31.100
GpsMilliseconds 1460802169999
22.3158441,87.3246962, EA(2m)
AltWgs84 -10.5 m, EA(1m)
Hdg 264 deg, Spd 0.1 m/s
EA(44.0 deg, 0.7 m/s)</description>
      <Style>
        <IconStyle>
          <Icon>
            <href>http://maps.google.com/mapfiles/kml/shapes/shaded_dot.png</href>
          </Icon>
          <scale>0.6</scale>
          <color>bf00a0f4</color>
        </IconStyle>
      </Style>
      <Point>
        <altitudeMode>clampToGround</altitudeMode>
        <coordinates>87.324696169985,22.3158440722595,0</coordinates>
      </Point>
    </Placemark>
    <Placemark>
      <Snippet maxLines="0"> </Snippet>
      <description>203
UTC 21-04-2026 10:22:32.100
GpsMilliseconds 1460802170999
22.3158441,87.3246965, EA(2m)
AltWgs84 -10.5 m, EA(1m)
Hdg 273 deg, Spd 0.0 m/s
EA(43.9 deg, 0.7 m/s)</description>
      <Style>
        <IconStyle>
          <Icon>
            <href>http://maps.google.com/mapfiles/kml/shapes/shaded_dot.png</href>
          </Icon>
          <scale>0.6</scale>
          <color>bf00a0f4</color>
        </IconStyle>
      </Style>
      <Point>
        <altitudeMode>clampToGround</altitudeMode>
        <coordinates>87.324696484659,22.3158441294173,0</coordinates>
      </Point>
    </Placemark>
    <Placemark>
      <Snippet maxLines="0"> </Snippet>
      <description>204
UTC 21-04-2026 10:22:33.100
GpsMilliseconds 1460802171999
22.3158432,87.3246937, EA(2m)
AltWgs84 -10.6 m, EA(1m)
Hdg 257 deg, Spd 0.1 m/s
EA(44.0 deg, 0.7 m/s)</description>
      <Style>
        <IconStyle>
          <Icon>
            <href>http://maps.google.com/mapfiles/kml/shapes/shaded_dot.png</href>
          </Icon>
          <scale>0.6</scale>
          <color>bf00a0f4</color>
        </IconStyle>
      </Style>
      <Point>
        <altitudeMode>clampToGround</altitudeMode>
        <coordinates>87.3246936537842,22.3158432172114,0</coordinates>
      </Point>
    </Placemark>
    <Placemark>
      <Snippet maxLines="0"> </Snippet>
      <description>205
UTC 21-04-2026 10:22:34.100
GpsMilliseconds 1460802172999
22.3158424,87.3246921, EA(2m)
AltWgs84 -10.6 m, EA(1m)
Hdg 250 deg, Spd 0.1 m/s
EA(44.2 deg, 0.7 m/s)</description>
      <Style>
        <IconStyle>
          <Icon>
            <href>http://maps.google.com/mapfiles/kml/shapes/shaded_dot.png</href>
          </Icon>
          <scale>0.6</scale>
          <color>bf00a0f4</color>
        </IconStyle>
      </Style>
      <Point>
        <altitudeMode>clampToGround</altitudeMode>
        <coordinates>87.3246921447181,22.315842356011,0</coordinates>
      </Point>
    </Placemark>
    <Placemark>
      <Snippet maxLines="0"> </Snippet>
      <description>206
UTC 21-04-2026 10:22:35.100
GpsMilliseconds 1460802173999
22.3158424,87.3246914, EA(2m)
AltWgs84 -10.6 m, EA(1m)
Hdg 251 deg, Spd 0.1 m/s
EA(43.9 deg, 0.7 m/s)</description>
      <Style>
        <IconStyle>
          <Icon>
            <href>http://maps.google.com/mapfiles/kml/shapes/shaded_dot.png</href>
          </Icon>
          <scale>0.6</scale>
          <color>bf00a0f4</color>
        </IconStyle>
      </Style>
      <Point>
        <altitudeMode>clampToGround</altitudeMode>
        <coordinates>87.3246913718975,22.3158424108887,0</coordinates>
      </Point>
    </Placemark>
    <Placemark>
      <Snippet maxLines="0"> </Snippet>
      <description>207
UTC 21-04-2026 10:22:36.100
GpsMilliseconds 1460802174999
22.3158421,87.3246912, EA(2m)
AltWgs84 -10.6 m, EA(1m)
Hdg 248 deg, Spd 0.1 m/s
EA(43.8 deg, 0.7 m/s)</description>
      <Style>
        <IconStyle>
          <Icon>
            <href>http://maps.google.com/mapfiles/kml/shapes/shaded_dot.png</href>
          </Icon>
          <scale>0.6</scale>
          <color>bf00a0f4</color>
        </IconStyle>
      </Style>
      <Point>
        <altitudeMode>clampToGround</altitudeMode>
        <coordinates>87.3246911543309,22.3158420656622,0</coordinates>
      </Point>
    </Placemark>
    <Placemark>
      <Snippet maxLines="0"> </Snippet>
      <description>208
UTC 21-04-2026 10:22:37.100
GpsMilliseconds 1460802175999
22.3158403,87.3246910, EA(2m)
AltWgs84 -10.6 m, EA(1m)
Hdg 221 deg, Spd 0.1 m/s
EA(44.0 deg, 0.7 m/s)</description>
      <Style>
        <IconStyle>
          <Icon>
            <href>http://maps.google.com/mapfiles/kml/shapes/shaded_dot.png</href>
          </Icon>
          <scale>0.6</scale>
          <color>bf00a0f4</color>
        </IconStyle>
      </Style>
      <Point>
        <altitudeMode>clampToGround</altitudeMode>
        <coordinates>87.3246910366646,22.3158403397752,0</coordinates>
      </Point>
    </Placemark>
    <Placemark>
      <Snippet maxLines="0"> </Snippet>
      <description>209
UTC 21-04-2026 10:22:38.100
GpsMilliseconds 1460802176999
22.3158394,87.3246903, EA(2m)
AltWgs84 -10.7 m, EA(1m)
Hdg 218 deg, Spd 0.1 m/s
EA(44.3 deg, 0.7 m/s)</description>
      <Style>
        <IconStyle>
          <Icon>
            <href>http://maps.google.com/mapfiles/kml/shapes/shaded_dot.png</href>
          </Icon>
          <scale>0.6</scale>
          <color>bf00a0f4</color>
        </IconStyle>
      </Style>
      <Point>
        <altitudeMode>clampToGround</altitudeMode>
        <coordinates>87.3246903419128,22.3158393957553,0</coordinates>
      </Point>
    </Placemark>
    <Placemark>
      <Snippet maxLines="0"> </Snippet>
      <description>210
UTC 21-04-2026 10:22:39.100
GpsMilliseconds 1460802177999
22.3158392,87.3246911, EA(2m)
AltWgs84 -10.7 m, EA(1m)
Hdg 204 deg, Spd 0.0 m/s
EA(44.4 deg, 0.7 m/s)</description>
      <Style>
        <IconStyle>
          <Icon>
            <href>http://maps.google.com/mapfiles/kml/shapes/shaded_dot.png</href>
          </Icon>
          <scale>0.6</scale>
          <color>bf00a0f4</color>
        </IconStyle>
      </Style>
      <Point>
        <altitudeMode>clampToGround</altitudeMode>
        <coordinates>87.3246911294068,22.3158391859036,0</coordinates>
      </Point>
    </Placemark>
    <Placemark>
      <Snippet maxLines="0"> </Snippet>
      <description>211
UTC 21-04-2026 10:22:40.100
GpsMilliseconds 1460802178999
22.3158374,87.3246941, EA(2m)
AltWgs84 -10.6 m, EA(1m)
Hdg 145 deg, Spd 0.1 m/s
EA(44.5 deg, 0.7 m/s)</description>
      <Style>
        <IconStyle>
          <Icon>
            <href>http://maps.google.com/mapfiles/kml/shapes/shaded_dot.png</href>
          </Icon>
          <scale>0.6</scale>
          <color>bf00a0f4</color>
        </IconStyle>
      </Style>
      <Point>
        <altitudeMode>clampToGround</altitudeMode>
        <coordinates>87.3246941066249,22.31583743607,0</coordinates>
      </Point>
    </Placemark>
    <Placemark>
      <Snippet maxLines="0"> </Snippet>
      <description>212
UTC 21-04-2026 10:22:41.100
GpsMilliseconds 1460802179999
22.3158359,87.3246964, EA(2m)
AltWgs84 -10.6 m, EA(1m)
Hdg 137 deg, Spd 0.1 m/s
EA(44.5 deg, 0.7 m/s)</description>
      <Style>
        <IconStyle>
          <Icon>
            <href>http://maps.google.com/mapfiles/kml/shapes/shaded_dot.png</href>
          </Icon>
          <scale>0.6</scale>
          <color>bf00a0f4</color>
        </IconStyle>
      </Style>
      <Point>
        <altitudeMode>clampToGround</altitudeMode>
        <coordinates>87.3246964463607,22.3158359061612,0</coordinates>
      </Point>
    </Placemark>
    <Placemark>
      <Snippet maxLines="0"> </Snippet>
      <description>213
UTC 21-04-2026 10:22:42.100
GpsMilliseconds 1460802180999
22.3158340,87.3246981, EA(2m)
AltWgs84 -10.6 m, EA(1m)
Hdg 135 deg, Spd 0.2 m/s
EA(44.4 deg, 0.7 m/s)</description>
      <Style>
        <IconStyle>
          <Icon>
            <href>http://maps.google.com/mapfiles/kml/shapes/shaded_dot.png</href>
          </Icon>
          <scale>0.6</scale>
          <color>bf00a0f4</color>
        </IconStyle>
      </Style>
      <Point>
        <altitudeMode>clampToGround</altitudeMode>
        <coordinates>87.3246980868475,22.315834033811,0</coordinates>
      </Point>
    </Placemark>
    <Placemark>
      <Snippet maxLines="0"> </Snippet>
      <description>214
UTC 21-04-2026 10:22:43.100
GpsMilliseconds 1460802181999
22.3158325,87.3246990, EA(2m)
AltWgs84 -10.7 m, EA(1m)
Hdg 140 deg, Spd 0.2 m/s
EA(44.4 deg, 0.7 m/s)</description>
      <Style>
        <IconStyle>
          <Icon>
            <href>http://maps.google.com/mapfiles/kml/shapes/shaded_dot.png</href>
          </Icon>
          <scale>0.6</scale>
          <color>bf00a0f4</color>
        </IconStyle>
      </Style>
      <Point>
        <altitudeMode>clampToGround</altitudeMode>
        <coordinates>87.3246989604978,22.3158324717401,0</coordinates>
      </Point>
    </Placemark>
    <Placemark>
      <Snippet maxLines="0"> </Snippet>
      <description>215
UTC 21-04-2026 10:22:44.100
GpsMilliseconds 1460802182999
22.3158308,87.3247005, EA(2m)
AltWgs84 -10.6 m, EA(1m)
Hdg 138 deg, Spd 0.2 m/s
EA(44.3 deg, 0.7 m/s)</description>
      <Style>
        <IconStyle>
          <Icon>
            <href>http://maps.google.com/mapfiles/kml/shapes/shaded_dot.png</href>
          </Icon>
          <scale>0.6</scale>
          <color>bf00a0f4</color>
        </IconStyle>
      </Style>
      <Point>
        <altitudeMode>clampToGround</altitudeMode>
        <coordinates>87.3247005321227,22.315830823238,0</coordinates>
      </Point>
    </Placemark>
    <Placemark>
      <Snippet maxLines="0"> </Snippet>
      <description>216
UTC 21-04-2026 10:22:45.100
GpsMilliseconds 1460802183999
22.3158299,87.3247001, EA(2m)
AltWgs84 -10.7 m, EA(1m)
Hdg 141 deg, Spd 0.1 m/s
EA(44.3 deg, 0.7 m/s)</description>
      <Style>
        <IconStyle>
          <Icon>
            <href>http://maps.google.com/mapfiles/kml/shapes/shaded_dot.png</href>
          </Icon>
          <scale>0.6</scale>
          <color>bf00a0f4</color>
        </IconStyle>
      </Style>
      <Point>
        <altitudeMode>clampToGround</altitudeMode>
        <coordinates>87.3247001345996,22.3158298689817,0</coordinates>
      </Point>
    </Placemark>
    <Placemark>
      <Snippet maxLines="0"> </Snippet>
      <description>217
UTC 21-04-2026 10:22:46.100
GpsMilliseconds 1460802184999
22.3158284,87.3247001, EA(2m)
AltWgs84 -10.7 m, EA(1m)
Hdg 150 deg, Spd 0.1 m/s
EA(44.3 deg, 0.7 m/s)</description>
      <Style>
        <IconStyle>
          <Icon>
            <href>http://maps.google.com/mapfiles/kml/shapes/shaded_dot.png</href>
          </Icon>
          <scale>0.6</scale>
          <color>bf00a0f4</color>
        </IconStyle>
      </Style>
      <Point>
        <altitudeMode>clampToGround</altitudeMode>
        <coordinates>87.3247000613193,22.3158283541006,0</coordinates>
      </Point>
    </Placemark>
    <Placemark>
      <Snippet maxLines="0"> </Snippet>
      <description>218
UTC 21-04-2026 10:22:47.100
GpsMilliseconds 1460802185999
22.3158264,87.3247000, EA(2m)
AltWgs84 -10.8 m, EA(1m)
Hdg 161 deg, Spd 0.2 m/s
EA(44.3 deg, 0.7 m/s)</description>
      <Style>
        <IconStyle>
          <Icon>
            <href>http://maps.google.com/mapfiles/kml/shapes/shaded_dot.png</href>
          </Icon>
          <scale>0.6</scale>
          <color>bf00a0f4</color>
        </IconStyle>
      </Style>
      <Point>
        <altitudeMode>clampToGround</altitudeMode>
        <coordinates>87.3246999860369,22.3158263733163,0</coordinates>
      </Point>
    </Placemark>
    <Placemark>
      <Snippet maxLines="0"> </Snippet>
      <description>219
UTC 21-04-2026 10:22:48.100
GpsMilliseconds 1460802186999
22.3158250,87.3246975, EA(2m)
AltWgs84 -11.0 m, EA(1m)
Hdg 186 deg, Spd 0.2 m/s
EA(44.5 deg, 0.7 m/s)</description>
      <Style>
        <IconStyle>
          <Icon>
            <href>http://maps.google.com/mapfiles/kml/shapes/shaded_dot.png</href>
          </Icon>
          <scale>0.6</scale>
          <color>bf00a0f4</color>
        </IconStyle>
      </Style>
      <Point>
        <altitudeMode>clampToGround</altitudeMode>
        <coordinates>87.3246975430611,22.315824975024,0</coordinates>
      </Point>
    </Placemark>
    <Placemark>
      <Snippet maxLines="0"> </Snippet>
      <description>220
UTC 21-04-2026 10:22:49.100
GpsMilliseconds 1460802187999
22.3158248,87.3246946, EA(2m)
AltWgs84 -11.1 m, EA(1m)
Hdg 210 deg, Spd 0.1 m/s
EA(44.5 deg, 0.7 m/s)</description>
      <Style>
        <IconStyle>
          <Icon>
            <href>http://maps.google.com/mapfiles/kml/shapes/shaded_dot.png</href>
          </Icon>
          <scale>0.6</scale>
          <color>bf00a0f4</color>
        </IconStyle>
      </Style>
      <Point>
        <altitudeMode>clampToGround</altitudeMode>
        <coordinates>87.3246945543912,22.3158248113321,0</coordinates>
      </Point>
    </Placemark>
    <Placemark>
      <Snippet maxLines="0"> </Snippet>
      <description>221
UTC 21-04-2026 10:22:50.100
GpsMilliseconds 1460802188999
22.3158255,87.3246917, EA(2m)
AltWgs84 -11.3 m, EA(1m)
Hdg 236 deg, Spd 0.1 m/s
EA(44.4 deg, 0.7 m/s)</description>
      <Style>
        <IconStyle>
          <Icon>
            <href>http://maps.google.com/mapfiles/kml/shapes/shaded_dot.png</href>
          </Icon>
          <scale>0.6</scale>
          <color>bf00a0f4</color>
        </IconStyle>
      </Style>
      <Point>
        <altitudeMode>clampToGround</altitudeMode>
        <coordinates>87.3246916666302,22.3158254989736,0</coordinates>
      </Point>
    </Placemark>
    <Placemark>
      <Snippet maxLines="0"> </Snippet>
      <description>222
UTC 21-04-2026 10:22:51.100
GpsMilliseconds 1460802189999
22.3158257,87.3246897, EA(2m)
AltWgs84 -11.6 m, EA(1m)
Hdg 248 deg, Spd 0.1 m/s
EA(44.4 deg, 0.7 m/s)</description>
      <Style>
        <IconStyle>
          <Icon>
            <href>http://maps.google.com/mapfiles/kml/shapes/shaded_dot.png</href>
          </Icon>
          <scale>0.6</scale>
          <color>bf00a0f4</color>
        </IconStyle>
      </Style>
      <Point>
        <altitudeMode>clampToGround</altitudeMode>
        <coordinates>87.3246896852399,22.3158256744496,0</coordinates>
      </Point>
    </Placemark>
    <Placemark>
      <Snippet maxLines="0"> </Snippet>
      <description>223
UTC 21-04-2026 10:22:52.100
GpsMilliseconds 1460802190999
22.3158270,87.3246887, EA(2m)
AltWgs84 -11.8 m, EA(1m)
Hdg 266 deg, Spd 0.1 m/s
EA(44.4 deg, 0.7 m/s)</description>
      <Style>
        <IconStyle>
          <Icon>
            <href>http://maps.google.com/mapfiles/kml/shapes/shaded_dot.png</href>
          </Icon>
          <scale>0.6</scale>
          <color>bf00a0f4</color>
        </IconStyle>
      </Style>
      <Point>
        <altitudeMode>clampToGround</altitudeMode>
        <coordinates>87.3246887218134,22.3158269646072,0</coordinates>
      </Point>
    </Placemark>
    <Placemark>
      <Snippet maxLines="0"> </Snippet>
      <description>224
UTC 21-04-2026 10:22:53.100
GpsMilliseconds 1460802191999
22.3158279,87.3246878, EA(2m)
AltWgs84 -12.0 m, EA(1m)
Hdg 278 deg, Spd 0.1 m/s
EA(44.7 deg, 0.7 m/s)</description>
      <Style>
        <IconStyle>
          <Icon>
            <href>http://maps.google.com/mapfiles/kml/shapes/shaded_dot.png</href>
          </Icon>
          <scale>0.6</scale>
          <color>bf00a0f4</color>
        </IconStyle>
      </Style>
      <Point>
        <altitudeMode>clampToGround</altitudeMode>
        <coordinates>87.3246878347083,22.3158278882062,0</coordinates>
      </Point>
    </Placemark>
    <Placemark>
      <Snippet maxLines="0"> </Snippet>
      <description>225
UTC 21-04-2026 10:22:54.100
GpsMilliseconds 1460802192999
22.3158293,87.3246893, EA(2m)
AltWgs84 -12.1 m, EA(1m)
Hdg 313 deg, Spd 0.1 m/s
EA(44.5 deg, 0.7 m/s)</description>
      <Style>
        <IconStyle>
          <Icon>
            <href>http://maps.google.com/mapfiles/kml/shapes/shaded_dot.png</href>
          </Icon>
          <scale>0.6</scale>
          <color>bf00a0f4</color>
        </IconStyle>
      </Style>
      <Point>
        <altitudeMode>clampToGround</altitudeMode>
        <coordinates>87.3246893013788,22.3158292887768,0</coordinates>
      </Point>
    </Placemark>
    <Placemark>
      <Snippet maxLines="0"> </Snippet>
      <description>226
UTC 21-04-2026 10:22:55.100
GpsMilliseconds 1460802193999
22.3158310,87.3246905, EA(2m)
AltWgs84 -12.2 m, EA(1m)
Hdg 355 deg, Spd 0.1 m/s
EA(44.4 deg, 0.7 m/s)</description>
      <Style>
        <IconStyle>
          <Icon>
            <href>http://maps.google.com/mapfiles/kml/shapes/shaded_dot.png</href>
          </Icon>
          <scale>0.6</scale>
          <color>bf00a0f4</color>
        </IconStyle>
      </Style>
      <Point>
        <altitudeMode>clampToGround</altitudeMode>
        <coordinates>87.3246904799396,22.3158309960532,0</coordinates>
      </Point>
    </Placemark>
    <Placemark>
      <Snippet maxLines="0"> </Snippet>
      <description>227
UTC 21-04-2026 10:22:56.100
GpsMilliseconds 1460802194999
22.3158316,87.3246912, EA(2m)
AltWgs84 -12.4 m, EA(1m)
Hdg 7 deg, Spd 0.1 m/s
EA(44.4 deg, 0.7 m/s)</description>
      <Style>
        <IconStyle>
          <Icon>
            <href>http://maps.google.com/mapfiles/kml/shapes/shaded_dot.png</href>
          </Icon>
          <scale>0.6</scale>
          <color>bf00a0f4</color>
        </IconStyle>
      </Style>
      <Point>
        <altitudeMode>clampToGround</altitudeMode>
        <coordinates>87.3246912097736,22.3158315505496,0</coordinates>
      </Point>
    </Placemark>
    <Placemark>
      <Snippet maxLines="0"> </Snippet>
      <description>228
UTC 21-04-2026 10:22:57.100
GpsMilliseconds 1460802195999
22.3158332,87.3246899, EA(2m)
AltWgs84 -12.6 m, EA(1m)
Hdg 344 deg, Spd 0.1 m/s
EA(44.3 deg, 0.7 m/s)</description>
      <Style>
        <IconStyle>
          <Icon>
            <href>http://maps.google.com/mapfiles/kml/shapes/shaded_dot.png</href>
          </Icon>
          <scale>0.6</scale>
          <color>bf00a0f4</color>
        </IconStyle>
      </Style>
      <Point>
        <altitudeMode>clampToGround</altitudeMode>
        <coordinates>87.3246898548253,22.3158331978309,0</coordinates>
      </Point>
    </Placemark>
    <Placemark>
      <Snippet maxLines="0"> </Snippet>
      <description>229
UTC 21-04-2026 10:22:58.100
GpsMilliseconds 1460802196999
22.3158327,87.3246905, EA(2m)
AltWgs84 -12.8 m, EA(1m)
Hdg 358 deg, Spd 0.1 m/s
EA(44.1 deg, 0.7 m/s)</description>
      <Style>
        <IconStyle>
          <Icon>
            <href>http://maps.google.com/mapfiles/kml/shapes/shaded_dot.png</href>
          </Icon>
          <scale>0.6</scale>
          <color>bf00a0f4</color>
        </IconStyle>
      </Style>
      <Point>
        <altitudeMode>clampToGround</altitudeMode>
        <coordinates>87.3246904607891,22.3158327098281,0</coordinates>
      </Point>
    </Placemark>
    <Placemark>
      <Snippet maxLines="0"> </Snippet>
      <description>230
UTC 21-04-2026 10:22:59.100
GpsMilliseconds 1460802197999
22.3158333,87.3246911, EA(2m)
AltWgs84 -13.0 m, EA(1m)
Hdg 12 deg, Spd 0.1 m/s
EA(44.0 deg, 0.7 m/s)</description>
      <Style>
        <IconStyle>
          <Icon>
            <href>http://maps.google.com/mapfiles/kml/shapes/shaded_dot.png</href>
          </Icon>
          <scale>0.6</scale>
          <color>bf00a0f4</color>
        </IconStyle>
      </Style>
      <Point>
        <altitudeMode>clampToGround</altitudeMode>
        <coordinates>87.3246910500006,22.3158333343932,0</coordinates>
      </Point>
    </Placemark>
    <Placemark>
      <Snippet maxLines="0"> </Snippet>
      <description>231
UTC 21-04-2026 10:23:00.100
GpsMilliseconds 1460802198999
22.3158324,87.3246896, EA(2m)
AltWgs84 -13.1 m, EA(1m)
Hdg 324 deg, Spd 0.0 m/s
EA(44.0 deg, 0.7 m/s)</description>
      <Style>
        <IconStyle>
          <Icon>
            <href>http://maps.google.com/mapfiles/kml/shapes/shaded_dot.png</href>
          </Icon>
          <scale>0.6</scale>
          <color>bf00a0f4</color>
        </IconStyle>
      </Style>
      <Point>
        <altitudeMode>clampToGround</altitudeMode>
        <coordinates>87.324689591193,22.3158323751525,0</coordinates>
      </Point>
    </Placemark>
    <Placemark>
      <Snippet maxLines="0"> </Snippet>
      <description>232
UTC 21-04-2026 10:23:01.100
GpsMilliseconds 1460802199999
22.3158334,87.3246897, EA(2m)
AltWgs84 -13.3 m, EA(1m)
Hdg 339 deg, Spd 0.0 m/s
EA(43.9 deg, 0.7 m/s)</description>
      <Style>
        <IconStyle>
          <Icon>
            <href>http://maps.google.com/mapfiles/kml/shapes/shaded_dot.png</href>
          </Icon>
          <scale>0.6</scale>
          <color>bf00a0f4</color>
        </IconStyle>
      </Style>
      <Point>
        <altitudeMode>clampToGround</altitudeMode>
        <coordinates>87.324689711109,22.3158333929889,0</coordinates>
      </Point>
    </Placemark>
    <Placemark>
      <Snippet maxLines="0"> </Snippet>
      <description>233
UTC 21-04-2026 10:23:02.100
GpsMilliseconds 1460802200999
22.3158349,87.3246905, EA(2m)
AltWgs84 -13.4 m, EA(1m)
Hdg 5 deg, Spd 0.1 m/s
EA(43.9 deg, 0.7 m/s)</description>
      <Style>
        <IconStyle>
          <Icon>
            <href>http://maps.google.com/mapfiles/kml/shapes/shaded_dot.png</href>
          </Icon>
          <scale>0.6</scale>
          <color>bf00a0f4</color>
        </IconStyle>
      </Style>
      <Point>
        <altitudeMode>clampToGround</altitudeMode>
        <coordinates>87.3246904996626,22.3158349348882,0</coordinates>
      </Point>
    </Placemark>
    <Placemark>
      <Snippet maxLines="0"> </Snippet>
      <description>234
UTC 21-04-2026 10:23:03.100
GpsMilliseconds 1460802201999
22.3158360,87.3246914, EA(2m)
AltWgs84 -13.5 m, EA(1m)
Hdg 18 deg, Spd 0.1 m/s
EA(44.0 deg, 0.7 m/s)</description>
      <Style>
        <IconStyle>
          <Icon>
            <href>http://maps.google.com/mapfiles/kml/shapes/shaded_dot.png</href>
          </Icon>
          <scale>0.6</scale>
          <color>bf00a0f4</color>
        </IconStyle>
      </Style>
      <Point>
        <altitudeMode>clampToGround</altitudeMode>
        <coordinates>87.3246913981686,22.3158359733901,0</coordinates>
      </Point>
    </Placemark>
    <Placemark>
      <Snippet maxLines="0"> </Snippet>
      <description>235
UTC 21-04-2026 10:23:04.100
GpsMilliseconds 1460802202999
22.3158384,87.3246927, EA(2m)
AltWgs84 -13.6 m, EA(1m)
Hdg 23 deg, Spd 0.1 m/s
EA(44.1 deg, 0.7 m/s)</description>
      <Style>
        <IconStyle>
          <Icon>
            <href>http://maps.google.com/mapfiles/kml/shapes/shaded_dot.png</href>
          </Icon>
          <scale>0.6</scale>
          <color>bf00a0f4</color>
        </IconStyle>
      </Style>
      <Point>
        <altitudeMode>clampToGround</altitudeMode>
        <coordinates>87.3246927436616,22.3158383828881,0</coordinates>
      </Point>
    </Placemark>
    <Placemark>
      <Snippet maxLines="0"> </Snippet>
      <description>236
UTC 21-04-2026 10:23:05.100
GpsMilliseconds 1460802203999
22.3158414,87.3246947, EA(2m)
AltWgs84 -13.8 m, EA(1m)
Hdg 28 deg, Spd 0.2 m/s
EA(44.2 deg, 0.7 m/s)</description>
      <Style>
        <IconStyle>
          <Icon>
            <href>http://maps.google.com/mapfiles/kml/shapes/shaded_dot.png</href>
          </Icon>
          <scale>0.6</scale>
          <color>bf00a0f4</color>
        </IconStyle>
      </Style>
      <Point>
        <altitudeMode>clampToGround</altitudeMode>
        <coordinates>87.3246946849797,22.3158413560398,0</coordinates>
      </Point>
    </Placemark>
    <Placemark>
      <Snippet maxLines="0"> </Snippet>
      <description>237
UTC 21-04-2026 10:23:06.100
GpsMilliseconds 1460802204999
22.3158428,87.3246960, EA(2m)
AltWgs84 -13.9 m, EA(1m)
Hdg 30 deg, Spd 0.2 m/s
EA(44.0 deg, 0.7 m/s)</description>
      <Style>
        <IconStyle>
          <Icon>
            <href>http://maps.google.com/mapfiles/kml/shapes/shaded_dot.png</href>
          </Icon>
          <scale>0.6</scale>
          <color>bf00a0f4</color>
        </IconStyle>
      </Style>
      <Point>
        <altitudeMode>clampToGround</altitudeMode>
        <coordinates>87.3246959659243,22.3158428360846,0</coordinates>
      </Point>
    </Placemark>
    <Placemark>
      <Snippet maxLines="0"> </Snippet>
      <description>238
UTC 21-04-2026 10:23:07.100
GpsMilliseconds 1460802205999
22.3158439,87.3246984, EA(2m)
AltWgs84 -14.1 m, EA(1m)
Hdg 39 deg, Spd 0.2 m/s
EA(43.9 deg, 0.7 m/s)</description>
      <Style>
        <IconStyle>
          <Icon>
            <href>http://maps.google.com/mapfiles/kml/shapes/shaded_dot.png</href>
          </Icon>
          <scale>0.6</scale>
          <color>bf00a0f4</color>
        </IconStyle>
      </Style>
      <Point>
        <altitudeMode>clampToGround</altitudeMode>
        <coordinates>87.3246983612771,22.3158439257522,0</coordinates>
      </Point>
    </Placemark>
    <Placemark>
      <Snippet maxLines="0"> </Snippet>
      <description>239
UTC 21-04-2026 10:23:08.100
GpsMilliseconds 1460802206999
22.3158438,87.3246998, EA(2m)
AltWgs84 -14.2 m, EA(1m)
Hdg 48 deg, Spd 0.1 m/s
EA(43.9 deg, 0.7 m/s)</description>
      <Style>
        <IconStyle>
          <Icon>
            <href>http://maps.google.com/mapfiles/kml/shapes/shaded_dot.png</href>
          </Icon>
          <scale>0.6</scale>
          <color>bf00a0f4</color>
        </IconStyle>
      </Style>
      <Point>
        <altitudeMode>clampToGround</altitudeMode>
        <coordinates>87.3246997585119,22.3158437555901,0</coordinates>
      </Point>
    </Placemark>
    <Placemark>
      <Snippet maxLines="0"> </Snippet>
      <description>240
UTC 21-04-2026 10:23:09.100
GpsMilliseconds 1460802207999
22.3158428,87.3247003, EA(2m)
AltWgs84 -14.4 m, EA(1m)
Hdg 62 deg, Spd 0.1 m/s
EA(44.0 deg, 0.7 m/s)</description>
      <Style>
        <IconStyle>
          <Icon>
            <href>http://maps.google.com/mapfiles/kml/shapes/shaded_dot.png</href>
          </Icon>
          <scale>0.6</scale>
          <color>bf00a0f4</color>
        </IconStyle>
      </Style>
      <Point>
        <altitudeMode>clampToGround</altitudeMode>
        <coordinates>87.3247002666845,22.3158427600023,0</coordinates>
      </Point>
    </Placemark>
    <Placemark>
      <Snippet maxLines="0"> </Snippet>
      <description>241
UTC 21-04-2026 10:23:10.100
GpsMilliseconds 1460802208999
22.3158404,87.3247003, EA(2m)
AltWgs84 -14.6 m, EA(1m)
Hdg 105 deg, Spd 0.1 m/s
EA(44.1 deg, 0.7 m/s)</description>
      <Style>
        <IconStyle>
          <Icon>
            <href>http://maps.google.com/mapfiles/kml/shapes/shaded_dot.png</href>
          </Icon>
          <scale>0.6</scale>
          <color>bf00a0f4</color>
        </IconStyle>
      </Style>
      <Point>
        <altitudeMode>clampToGround</altitudeMode>
        <coordinates>87.3247003373658,22.315840374877,0</coordinates>
      </Point>
    </Placemark>
    <Placemark>
      <Snippet maxLines="0"> </Snippet>
      <description>242
UTC 21-04-2026 10:23:11.100
GpsMilliseconds 1460802209999
22.3158385,87.3246990, EA(2m)
AltWgs84 -14.8 m, EA(1m)
Hdg 144 deg, Spd 0.1 m/s
EA(43.9 deg, 0.7 m/s)</description>
      <Style>
        <IconStyle>
          <Icon>
            <href>http://maps.google.com/mapfiles/kml/shapes/shaded_dot.png</href>
          </Icon>
          <scale>0.6</scale>
          <color>bf00a0f4</color>
        </IconStyle>
      </Style>
      <Point>
        <altitudeMode>clampToGround</altitudeMode>
        <coordinates>87.3246990202275,22.3158384732834,0</coordinates>
      </Point>
    </Placemark>
    <Placemark>
      <Snippet maxLines="0"> </Snippet>
      <description>243
UTC 21-04-2026 10:23:12.100
GpsMilliseconds 1460802210999
22.3158363,87.3246972, EA(2m)
AltWgs84 -15.0 m, EA(1m)
Hdg 182 deg, Spd 0.1 m/s
EA(43.9 deg, 0.7 m/s)</description>
      <Style>
        <IconStyle>
          <Icon>
            <href>http://maps.google.com/mapfiles/kml/shapes/shaded_dot.png</href>
          </Icon>
          <scale>0.6</scale>
          <color>bf00a0f4</color>
        </IconStyle>
      </Style>
      <Point>
        <altitudeMode>clampToGround</altitudeMode>
        <coordinates>87.3246972091198,22.3158362853254,0</coordinates>
      </Point>
    </Placemark>
    <Placemark>
      <Snippet maxLines="0"> </Snippet>
      <description>244
UTC 21-04-2026 10:23:13.100
GpsMilliseconds 1460802211999
22.3158337,87.3246943, EA(2m)
AltWgs84 -15.1 m, EA(1m)
Hdg 212 deg, Spd 0.1 m/s
EA(43.8 deg, 0.7 m/s)</description>
      <Style>
        <IconStyle>
          <Icon>
            <href>http://maps.google.com/mapfiles/kml/shapes/shaded_dot.png</href>
          </Icon>
          <scale>0.6</scale>
          <color>bf00a0f4</color>
        </IconStyle>
      </Style>
      <Point>
        <altitudeMode>clampToGround</altitudeMode>
        <coordinates>87.3246943326477,22.3158336799312,0</coordinates>
      </Point>
    </Placemark>
    <Placemark>
      <Snippet maxLines="0"> </Snippet>
      <description>245
UTC 21-04-2026 10:23:14.100
GpsMilliseconds 1460802212999
22.3158313,87.3246927, EA(2m)
AltWgs84 -15.2 m, EA(1m)
Hdg 212 deg, Spd 0.2 m/s
EA(43.8 deg, 0.7 m/s)</description>
      <Style>
        <IconStyle>
          <Icon>
            <href>http://maps.google.com/mapfiles/kml/shapes/shaded_dot.png</href>
          </Icon>
          <scale>0.6</scale>
          <color>bf00a0f4</color>
        </IconStyle>
      </Style>
      <Point>
        <altitudeMode>clampToGround</altitudeMode>
        <coordinates>87.3246926593488,22.3158312929762,0</coordinates>
      </Point>
    </Placemark>
    <Placemark>
      <Snippet maxLines="0"> </Snippet>
      <description>246
UTC 21-04-2026 10:23:15.100
GpsMilliseconds 1460802213999
22.3158297,87.3246915, EA(2m)
AltWgs84 -15.2 m, EA(1m)
Hdg 212 deg, Spd 0.2 m/s
EA(43.8 deg, 0.7 m/s)</description>
      <Style>
        <IconStyle>
          <Icon>
            <href>http://maps.google.com/mapfiles/kml/shapes/shaded_dot.png</href>
          </Icon>
          <scale>0.6</scale>
          <color>bf00a0f4</color>
        </IconStyle>
      </Style>
      <Point>
        <altitudeMode>clampToGround</altitudeMode>
        <coordinates>87.3246915168875,22.3158296588584,0</coordinates>
      </Point>
    </Placemark>
    <Placemark>
      <Snippet maxLines="0"> </Snippet>
      <description>247
UTC 21-04-2026 10:23:16.100
GpsMilliseconds 1460802214999
22.3158293,87.3246885, EA(2m)
AltWgs84 -15.3 m, EA(1m)
Hdg 228 deg, Spd 0.2 m/s
EA(43.8 deg, 0.7 m/s)</description>
      <Style>
        <IconStyle>
          <Icon>
            <href>http://maps.google.com/mapfiles/kml/shapes/shaded_dot.png</href>
          </Icon>
          <scale>0.6</scale>
          <color>bf00a0f4</color>
        </IconStyle>
      </Style>
      <Point>
        <altitudeMode>clampToGround</altitudeMode>
        <coordinates>87.3246885426003,22.3158292711087,0</coordinates>
      </Point>
    </Placemark>
    <Placemark>
      <Snippet maxLines="0"> </Snippet>
      <description>248
UTC 21-04-2026 10:23:17.100
GpsMilliseconds 1460802215999
22.3158266,87.3246841, EA(2m)
AltWgs84 -15.5 m, EA(1m)
Hdg 232 deg, Spd 0.2 m/s
EA(44.0 deg, 0.7 m/s)</description>
      <Style>
        <IconStyle>
          <Icon>
            <href>http://maps.google.com/mapfiles/kml/shapes/shaded_dot.png</href>
          </Icon>
          <scale>0.6</scale>
          <color>bf00a0f4</color>
        </IconStyle>
      </Style>
      <Point>
        <altitudeMode>clampToGround</altitudeMode>
        <coordinates>87.3246840522063,22.3158265508018,0</coordinates>
      </Point>
    </Placemark>
    <Placemark>
      <Snippet maxLines="0"> </Snippet>
      <description>249
UTC 21-04-2026 10:23:18.100
GpsMilliseconds 1460802216999
22.3158242,87.3246807, EA(2m)
AltWgs84 -15.7 m, EA(1m)
Hdg 232 deg, Spd 0.3 m/s
EA(44.3 deg, 0.7 m/s)</description>
      <Style>
        <IconStyle>
          <Icon>
            <href>http://maps.google.com/mapfiles/kml/shapes/shaded_dot.png</href>
          </Icon>
          <scale>0.6</scale>
          <color>bf00a0f4</color>
        </IconStyle>
      </Style>
      <Point>
        <altitudeMode>clampToGround</altitudeMode>
        <coordinates>87.3246807458532,22.3158241614901,0</coordinates>
      </Point>
    </Placemark>
    <Placemark>
      <Snippet maxLines="0"> </Snippet>
      <description>250
UTC 21-04-2026 10:23:19.100
GpsMilliseconds 1460802217999
22.3158210,87.3246779, EA(2m)
AltWgs84 -15.8 m, EA(1m)
Hdg 226 deg, Spd 0.3 m/s
EA(44.3 deg, 0.7 m/s)</description>
      <Style>
        <IconStyle>
          <Icon>
            <href>http://maps.google.com/mapfiles/kml/shapes/shaded_dot.png</href>
          </Icon>
          <scale>0.6</scale>
          <color>bf00a0f4</color>
        </IconStyle>
      </Style>
      <Point>
        <altitudeMode>clampToGround</altitudeMode>
        <coordinates>87.3246778980731,22.3158209560711,0</coordinates>
      </Point>
    </Placemark>
    <Placemark>
      <Snippet maxLines="0"> </Snippet>
      <description>251
UTC 21-04-2026 10:23:20.100
GpsMilliseconds 1460802218999
22.3158190,87.3246780, EA(2m)
AltWgs84 -15.9 m, EA(1m)
Hdg 219 deg, Spd 0.3 m/s
EA(44.4 deg, 0.7 m/s)</description>
      <Style>
        <IconStyle>
          <Icon>
            <href>http://maps.google.com/mapfiles/kml/shapes/shaded_dot.png</href>
          </Icon>
          <scale>0.6</scale>
          <color>bf00a0f4</color>
        </IconStyle>
      </Style>
      <Point>
        <altitudeMode>clampToGround</altitudeMode>
        <coordinates>87.3246779790163,22.3158190014847,0</coordinates>
      </Point>
    </Placemark>
    <Placemark>
      <Snippet maxLines="0"> </Snippet>
      <description>252
UTC 21-04-2026 10:23:21.100
GpsMilliseconds 1460802219999
22.3158181,87.3246795, EA(2m)
AltWgs84 -16.0 m, EA(1m)
Hdg 209 deg, Spd 0.2 m/s
EA(44.2 deg, 0.7 m/s)</description>
      <Style>
        <IconStyle>
          <Icon>
            <href>http://maps.google.com/mapfiles/kml/shapes/shaded_dot.png</href>
          </Icon>
          <scale>0.6</scale>
          <color>bf00a0f4</color>
        </IconStyle>
      </Style>
      <Point>
        <altitudeMode>clampToGround</altitudeMode>
        <coordinates>87.3246795325466,22.3158181431499,0</coordinates>
      </Point>
    </Placemark>
    <Placemark>
      <Snippet maxLines="0"> </Snippet>
      <description>253
UTC 21-04-2026 10:23:22.100
GpsMilliseconds 1460802220999
22.3158177,87.3246807, EA(2m)
AltWgs84 -16.1 m, EA(1m)
Hdg 200 deg, Spd 0.2 m/s
EA(44.0 deg, 0.7 m/s)</description>
      <Style>
        <IconStyle>
          <Icon>
            <href>http://maps.google.com/mapfiles/kml/shapes/shaded_dot.png</href>
          </Icon>
          <scale>0.6</scale>
          <color>bf00a0f4</color>
        </IconStyle>
      </Style>
      <Point>
        <altitudeMode>clampToGround</altitudeMode>
        <coordinates>87.324680710727,22.3158177077084,0</coordinates>
      </Point>
    </Placemark>
    <Placemark>
      <Snippet maxLines="0"> </Snippet>
      <description>254
UTC 21-04-2026 10:23:23.100
GpsMilliseconds 1460802221999
22.3158179,87.3246829, EA(2m)
AltWgs84 -16.1 m, EA(1m)
Hdg 180 deg, Spd 0.1 m/s
EA(43.8 deg, 0.7 m/s)</description>
      <Style>
        <IconStyle>
          <Icon>
            <href>http://maps.google.com/mapfiles/kml/shapes/shaded_dot.png</href>
          </Icon>
          <scale>0.6</scale>
          <color>bf00a0f4</color>
        </IconStyle>
      </Style>
      <Point>
        <altitudeMode>clampToGround</altitudeMode>
        <coordinates>87.3246828579974,22.3158179135321,0</coordinates>
      </Point>
    </Placemark>
    <Placemark>
      <Snippet maxLines="0"> </Snippet>
      <description>255
UTC 21-04-2026 10:23:24.100
GpsMilliseconds 1460802222999
22.3158221,87.3246877, EA(2m)
AltWgs84 -16.0 m, EA(1m)
Hdg 87 deg, Spd 0.1 m/s
EA(43.8 deg, 0.7 m/s)</description>
      <Style>
        <IconStyle>
          <Icon>
            <href>http://maps.google.com/mapfiles/kml/shapes/shaded_dot.png</href>
          </Icon>
          <scale>0.6</scale>
          <color>bf00a0f4</color>
        </IconStyle>
      </Style>
      <Point>
        <altitudeMode>clampToGround</altitudeMode>
        <coordinates>87.3246876898698,22.3158220921302,0</coordinates>
      </Point>
    </Placemark>
    <Placemark>
      <Snippet maxLines="0"> </Snippet>
      <description>256
UTC 21-04-2026 10:23:25.100
GpsMilliseconds 1460802223999
22.3158245,87.3246902, EA(2m)
AltWgs84 -15.9 m, EA(1m)
Hdg 68 deg, Spd 0.1 m/s
EA(43.9 deg, 0.7 m/s)</description>
      <Style>
        <IconStyle>
          <Icon>
            <href>http://maps.google.com/mapfiles/kml/shapes/shaded_dot.png</href>
          </Icon>
          <scale>0.6</scale>
          <color>bf00a0f4</color>
        </IconStyle>
      </Style>
      <Point>
        <altitudeMode>clampToGround</altitudeMode>
        <coordinates>87.3246901565054,22.3158245148919,0</coordinates>
      </Point>
    </Placemark>
    <Placemark>
      <Snippet maxLines="0"> </Snippet>
      <description>257
UTC 21-04-2026 10:23:26.100
GpsMilliseconds 1460802224999
22.3158266,87.3246941, EA(2m)
AltWgs84 -15.8 m, EA(1m)
Hdg 66 deg, Spd 0.2 m/s
EA(43.8 deg, 0.7 m/s)</description>
      <Style>
        <IconStyle>
          <Icon>
            <href>http://maps.google.com/mapfiles/kml/shapes/shaded_dot.png</href>
          </Icon>
          <scale>0.6</scale>
          <color>bf00a0f4</color>
        </IconStyle>
      </Style>
      <Point>
        <altitudeMode>clampToGround</altitudeMode>
        <coordinates>87.32469410173,22.3158265624397,0</coordinates>
      </Point>
    </Placemark>
    <Placemark>
      <Snippet maxLines="0"> </Snippet>
      <description>258
UTC 21-04-2026 10:23:27.100
GpsMilliseconds 1460802225999
22.3158271,87.3246964, EA(2m)
AltWgs84 -15.6 m, EA(1m)
Hdg 70 deg, Spd 0.2 m/s
EA(43.8 deg, 0.7 m/s)</description>
      <Style>
        <IconStyle>
          <Icon>
            <href>http://maps.google.com/mapfiles/kml/shapes/shaded_dot.png</href>
          </Icon>
          <scale>0.6</scale>
          <color>bf00a0f4</color>
        </IconStyle>
      </Style>
      <Point>
        <altitudeMode>clampToGround</altitudeMode>
        <coordinates>87.324696378549,22.3158270898824,0</coordinates>
      </Point>
    </Placemark>
    <Placemark>
      <Snippet maxLines="0"> </Snippet>
      <description>259
UTC 21-04-2026 10:23:28.100
GpsMilliseconds 1460802226999
22.3158275,87.3246984, EA(2m)
AltWgs84 -15.4 m, EA(1m)
Hdg 73 deg, Spd 0.2 m/s
EA(43.8 deg, 0.7 m/s)</description>
      <Style>
        <IconStyle>
          <Icon>
            <href>http://maps.google.com/mapfiles/kml/shapes/shaded_dot.png</href>
          </Icon>
          <scale>0.6</scale>
          <color>bf00a0f4</color>
        </IconStyle>
      </Style>
      <Point>
        <altitudeMode>clampToGround</altitudeMode>
        <coordinates>87.3246984463675,22.315827454089,0</coordinates>
      </Point>
    </Placemark>
    <Placemark>
      <Snippet maxLines="0"> </Snippet>
      <description>260
UTC 21-04-2026 10:23:29.100
GpsMilliseconds 1460802227999
22.3158278,87.3246991, EA(2m)
AltWgs84 -15.3 m, EA(1m)
Hdg 75 deg, Spd 0.1 m/s
EA(43.9 deg, 0.7 m/s)</description>
      <Style>
        <IconStyle>
          <Icon>
            <href>http://maps.google.com/mapfiles/kml/shapes/shaded_dot.png</href>
          </Icon>
          <scale>0.6</scale>
          <color>bf00a0f4</color>
        </IconStyle>
      </Style>
      <Point>
        <altitudeMode>clampToGround</altitudeMode>
        <coordinates>87.3246991405376,22.3158278371852,0</coordinates>
      </Point>
    </Placemark>
    <Placemark>
      <Snippet maxLines="0"> </Snippet>
      <description>261
UTC 21-04-2026 10:23:30.100
GpsMilliseconds 1460802228999
22.3158284,87.3247000, EA(2m)
AltWgs84 -15.1 m, EA(1m)
Hdg 72 deg, Spd 0.1 m/s
EA(43.8 deg, 0.7 m/s)</description>
      <Style>
        <IconStyle>
          <Icon>
            <href>http://maps.google.com/mapfiles/kml/shapes/shaded_dot.png</href>
          </Icon>
          <scale>0.6</scale>
          <color>bf00a0f4</color>
        </IconStyle>
      </Style>
      <Point>
        <altitudeMode>clampToGround</altitudeMode>
        <coordinates>87.3246999570055,22.3158283906049,0</coordinates>
      </Point>
    </Placemark>
    <Placemark>
      <Snippet maxLines="0"> </Snippet>
      <description>262
UTC 21-04-2026 10:23:31.100
GpsMilliseconds 1460802229999
22.3158311,87.3247007, EA(2m)
AltWgs84 -14.9 m, EA(1m)
Hdg 50 deg, Spd 0.1 m/s
EA(43.8 deg, 0.7 m/s)</description>
      <Style>
        <IconStyle>
          <Icon>
            <href>http://maps.google.com/mapfiles/kml/shapes/shaded_dot.png</href>
          </Icon>
          <scale>0.6</scale>
          <color>bf00a0f4</color>
        </IconStyle>
      </Style>
      <Point>
        <altitudeMode>clampToGround</altitudeMode>
        <coordinates>87.3247007496868,22.3158310594588,0</coordinates>
      </Point>
    </Placemark>
    <Placemark>
      <Snippet maxLines="0"> </Snippet>
      <description>263
UTC 21-04-2026 10:23:32.100
GpsMilliseconds 1460802230999
22.3158326,87.3247023, EA(2m)
AltWgs84 -14.8 m, EA(1m)
Hdg 47 deg, Spd 0.2 m/s
EA(43.8 deg, 0.7 m/s)</description>
      <Style>
        <IconStyle>
          <Icon>
            <href>http://maps.google.com/mapfiles/kml/shapes/shaded_dot.png</href>
          </Icon>
          <scale>0.6</scale>
          <color>bf00a0f4</color>
        </IconStyle>
      </Style>
      <Point>
        <altitudeMode>clampToGround</altitudeMode>
        <coordinates>87.3247022839985,22.3158326379673,0</coordinates>
      </Point>
    </Placemark>
    <Placemark>
      <Snippet maxLines="0"> </Snippet>
      <description>264
UTC 21-04-2026 10:23:33.100
GpsMilliseconds 1460802231999
22.3158339,87.3247028, EA(2m)
AltWgs84 -14.7 m, EA(1m)
Hdg 43 deg, Spd 0.2 m/s
EA(43.8 deg, 0.7 m/s)</description>
      <Style>
        <IconStyle>
          <Icon>
            <href>http://maps.google.com/mapfiles/kml/shapes/shaded_dot.png</href>
          </Icon>
          <scale>0.6</scale>
          <color>bf00a0f4</color>
        </IconStyle>
      </Style>
      <Point>
        <altitudeMode>clampToGround</altitudeMode>
        <coordinates>87.3247028363968,22.3158338594469,0</coordinates>
      </Point>
    </Placemark>
    <Placemark>
      <Snippet maxLines="0"> </Snippet>
      <description>265
UTC 21-04-2026 10:23:34.100
GpsMilliseconds 1460802232999
22.3158343,87.3247024, EA(2m)
AltWgs84 -14.5 m, EA(1m)
Hdg 36 deg, Spd 0.1 m/s
EA(44.0 deg, 0.7 m/s)</description>
      <Style>
        <IconStyle>
          <Icon>
            <href>http://maps.google.com/mapfiles/kml/shapes/shaded_dot.png</href>
          </Icon>
          <scale>0.6</scale>
          <color>bf00a0f4</color>
        </IconStyle>
      </Style>
      <Point>
        <altitudeMode>clampToGround</altitudeMode>
        <coordinates>87.3247024098486,22.3158343122095,0</coordinates>
      </Point>
    </Placemark>
    <Placemark>
      <Snippet maxLines="0"> </Snippet>
      <description>266
UTC 21-04-2026 10:23:35.100
GpsMilliseconds 1460802233999
22.3158360,87.3247029, EA(2m)
AltWgs84 -14.3 m, EA(1m)
Hdg 24 deg, Spd 0.1 m/s
EA(43.9 deg, 0.7 m/s)</description>
      <Style>
        <IconStyle>
          <Icon>
            <href>http://maps.google.com/mapfiles/kml/shapes/shaded_dot.png</href>
          </Icon>
          <scale>0.6</scale>
          <color>bf00a0f4</color>
        </IconStyle>
      </Style>
      <Point>
        <altitudeMode>clampToGround</altitudeMode>
        <coordinates>87.3247029453537,22.3158360049614,0</coordinates>
      </Point>
    </Placemark>
    <Placemark>
      <Snippet maxLines="0"> </Snippet>
      <description>267
UTC 21-04-2026 10:23:36.100
GpsMilliseconds 1460802234999
22.3158371,87.3247040, EA(2m)
AltWgs84 -14.1 m, EA(1m)
Hdg 29 deg, Spd 0.1 m/s
EA(43.8 deg, 0.7 m/s)</description>
      <Style>
        <IconStyle>
          <Icon>
            <href>http://maps.google.com/mapfiles/kml/shapes/shaded_dot.png</href>
          </Icon>
          <scale>0.6</scale>
          <color>bf00a0f4</color>
        </IconStyle>
      </Style>
      <Point>
        <altitudeMode>clampToGround</altitudeMode>
        <coordinates>87.3247040373049,22.3158370851026,0</coordinates>
      </Point>
    </Placemark>
    <Placemark>
      <Snippet maxLines="0"> </Snippet>
      <description>268
UTC 21-04-2026 10:23:37.100
GpsMilliseconds 1460802235999
22.3158378,87.3247036, EA(2m)
AltWgs84 -13.8 m, EA(1m)
Hdg 19 deg, Spd 0.1 m/s
EA(43.7 deg, 0.7 m/s)</description>
      <Style>
        <IconStyle>
          <Icon>
            <href>http://maps.google.com/mapfiles/kml/shapes/shaded_dot.png</href>
          </Icon>
          <scale>0.6</scale>
          <color>bf00a0f4</color>
        </IconStyle>
      </Style>
      <Point>
        <altitudeMode>clampToGround</altitudeMode>
        <coordinates>87.3247035947274,22.3158378246708,0</coordinates>
      </Point>
    </Placemark>
    <Placemark>
      <Snippet maxLines="0"> </Snippet>
      <description>269
UTC 21-04-2026 10:23:38.100
GpsMilliseconds 1460802236999
22.3158385,87.3247041, EA(2m)
AltWgs84 -13.6 m, EA(1m)
Hdg 25 deg, Spd 0.1 m/s
EA(43.6 deg, 0.7 m/s)</description>
      <Style>
        <IconStyle>
          <Icon>
            <href>http://maps.google.com/mapfiles/kml/shapes/shaded_dot.png</href>
          </Icon>
          <scale>0.6</scale>
          <color>bf00a0f4</color>
        </IconStyle>
      </Style>
      <Point>
        <altitudeMode>clampToGround</altitudeMode>
        <coordinates>87.324704072448,22.315838532357,0</coordinates>
      </Point>
    </Placemark>
    <Placemark>
      <Snippet maxLines="0"> </Snippet>
      <description>270
UTC 21-04-2026 10:23:39.100
GpsMilliseconds 1460802237999
22.3158383,87.3247031, EA(2m)
AltWgs84 -13.4 m, EA(1m)
Hdg 20 deg, Spd 0.1 m/s
EA(43.7 deg, 0.7 m/s)</description>
      <Style>
        <IconStyle>
          <Icon>
            <href>http://maps.google.com/mapfiles/kml/shapes/shaded_dot.png</href>
          </Icon>
          <scale>0.6</scale>
          <color>bf00a0f4</color>
        </IconStyle>
      </Style>
      <Point>
        <altitudeMode>clampToGround</altitudeMode>
        <coordinates>87.3247031024739,22.3158383011191,0</coordinates>
      </Point>
    </Placemark>
    <Placemark>
      <Snippet maxLines="0"> </Snippet>
      <description>271
UTC 21-04-2026 10:23:40.100
GpsMilliseconds 1460802238999
22.3158397,87.3247023, EA(2m)
AltWgs84 -13.2 m, EA(1m)
Hdg 343 deg, Spd 0.1 m/s
EA(43.6 deg, 0.7 m/s)</description>
      <Style>
        <IconStyle>
          <Icon>
            <href>http://maps.google.com/mapfiles/kml/shapes/shaded_dot.png</href>
          </Icon>
          <scale>0.6</scale>
          <color>bf00a0f4</color>
        </IconStyle>
      </Style>
      <Point>
        <altitudeMode>clampToGround</altitudeMode>
        <coordinates>87.3247022625948,22.3158396871978,0</coordinates>
      </Point>
    </Placemark>
    <Placemark>
      <Snippet maxLines="0"> </Snippet>
      <description>272
UTC 21-04-2026 10:23:41.100
GpsMilliseconds 1460802239999
22.3158404,87.3247015, EA(2m)
AltWgs84 -13.0 m, EA(1m)
Hdg 328 deg, Spd 0.1 m/s
EA(43.6 deg, 0.7 m/s)</description>
      <Style>
        <IconStyle>
          <Icon>
            <href>http://maps.google.com/mapfiles/kml/shapes/shaded_dot.png</href>
          </Icon>
          <scale>0.6</scale>
          <color>bf00a0f4</color>
        </IconStyle>
      </Style>
      <Point>
        <altitudeMode>clampToGround</altitudeMode>
        <coordinates>87.3247015218456,22.3158403678816,0</coordinates>
      </Point>
    </Placemark>
    <Placemark>
      <Snippet maxLines="0"> </Snippet>
      <description>273
UTC 21-04-2026 10:23:42.100
GpsMilliseconds 1460802240999
22.3158402,87.3246997, EA(2m)
AltWgs84 -12.8 m, EA(1m)
Hdg 296 deg, Spd 0.1 m/s
EA(43.7 deg, 0.7 m/s)</description>
      <Style>
        <IconStyle>
          <Icon>
            <href>http://maps.google.com/mapfiles/kml/shapes/shaded_dot.png</href>
          </Icon>
          <scale>0.6</scale>
          <color>bf00a0f4</color>
        </IconStyle>
      </Style>
      <Point>
        <altitudeMode>clampToGround</altitudeMode>
        <coordinates>87.3246996826583,22.315840163804,0</coordinates>
      </Point>
    </Placemark>
    <Placemark>
      <Snippet maxLines="0"> </Snippet>
      <description>274
UTC 21-04-2026 10:23:43.100
GpsMilliseconds 1460802241999
22.3158395,87.3247003, EA(2m)
AltWgs84 -12.7 m, EA(1m)
Hdg 292 deg, Spd 0.0 m/s
EA(43.7 deg, 0.7 m/s)</description>
      <Style>
        <IconStyle>
          <Icon>
            <href>http://maps.google.com/mapfiles/kml/shapes/shaded_dot.png</href>
          </Icon>
          <scale>0.6</scale>
          <color>bf00a0f4</color>
        </IconStyle>
      </Style>
      <Point>
        <altitudeMode>clampToGround</altitudeMode>
        <coordinates>87.3247003299041,22.3158395366569,0</coordinates>
      </Point>
    </Placemark>
    <Placemark>
      <Snippet maxLines="0"> </Snippet>
      <description>275
UTC 21-04-2026 10:23:44.100
GpsMilliseconds 1460802242999
22.3158387,87.3247020, EA(2m)
AltWgs84 -12.5 m, EA(1m)
Hdg 65 deg, Spd 0.0 m/s
EA(43.6 deg, 0.7 m/s)</description>
      <Style>
        <IconStyle>
          <Icon>
            <href>http://maps.google.com/mapfiles/kml/shapes/shaded_dot.png</href>
          </Icon>
          <scale>0.6</scale>
          <color>bf00a0f4</color>
        </IconStyle>
      </Style>
      <Point>
        <altitudeMode>clampToGround</altitudeMode>
        <coordinates>87.3247019975902,22.3158387407432,0</coordinates>
      </Point>
    </Placemark>
    <Placemark>
      <Snippet maxLines="0"> </Snippet>
      <description>276
UTC 21-04-2026 10:23:45.100
GpsMilliseconds 1460802243999
22.3158375,87.3247022, EA(2m)
AltWgs84 -12.4 m, EA(1m)
Hdg 104 deg, Spd 0.0 m/s
EA(43.7 deg, 0.7 m/s)</description>
      <Style>
        <IconStyle>
          <Icon>
            <href>http://maps.google.com/mapfiles/kml/shapes/shaded_dot.png</href>
          </Icon>
          <scale>0.6</scale>
          <color>bf00a0f4</color>
        </IconStyle>
      </Style>
      <Point>
        <altitudeMode>clampToGround</altitudeMode>
        <coordinates>87.3247021503687,22.3158375398031,0</coordinates>
      </Point>
    </Placemark>
    <Placemark>
      <Snippet maxLines="0"> </Snippet>
      <description>277
UTC 21-04-2026 10:23:46.100
GpsMilliseconds 1460802244999
22.3158351,87.3247012, EA(2m)
AltWgs84 -12.4 m, EA(1m)
Hdg 182 deg, Spd 0.1 m/s
EA(43.7 deg, 0.7 m/s)</description>
      <Style>
        <IconStyle>
          <Icon>
            <href>http://maps.google.com/mapfiles/kml/shapes/shaded_dot.png</href>
          </Icon>
          <scale>0.6</scale>
          <color>bf00a0f4</color>
        </IconStyle>
      </Style>
      <Point>
        <altitudeMode>clampToGround</altitudeMode>
        <coordinates>87.3247012222962,22.3158350884622,0</coordinates>
      </Point>
    </Placemark>
    <Placemark>
      <Snippet maxLines="0"> </Snippet>
      <description>278
UTC 21-04-2026 10:23:47.100
GpsMilliseconds 1460802245999
22.3158332,87.3246998, EA(2m)
AltWgs84 -12.4 m, EA(1m)
Hdg 200 deg, Spd 0.1 m/s
EA(43.7 deg, 0.7 m/s)</description>
      <Style>
        <IconStyle>
          <Icon>
            <href>http://maps.google.com/mapfiles/kml/shapes/shaded_dot.png</href>
          </Icon>
          <scale>0.6</scale>
          <color>bf00a0f4</color>
        </IconStyle>
      </Style>
      <Point>
        <altitudeMode>clampToGround</altitudeMode>
        <coordinates>87.3246998480794,22.3158332169363,0</coordinates>
      </Point>
    </Placemark>
    <Placemark>
      <Snippet maxLines="0"> </Snippet>
      <description>279
UTC 21-04-2026 10:23:48.100
GpsMilliseconds 1460802246999
22.3158319,87.3246977, EA(2m)
AltWgs84 -12.5 m, EA(1m)
Hdg 214 deg, Spd 0.1 m/s
EA(43.8 deg, 0.7 m/s)</description>
      <Style>
        <IconStyle>
          <Icon>
            <href>http://maps.google.com/mapfiles/kml/shapes/shaded_dot.png</href>
          </Icon>
          <scale>0.6</scale>
          <color>bf00a0f4</color>
        </IconStyle>
      </Style>
      <Point>
        <altitudeMode>clampToGround</altitudeMode>
        <coordinates>87.3246976878142,22.3158319136095,0</coordinates>
      </Point>
    </Placemark>
    <Placemark>
      <Snippet maxLines="0"> </Snippet>
      <description>280
UTC 21-04-2026 10:23:49.100
GpsMilliseconds 1460802247999
22.3158328,87.3246958, EA(2m)
AltWgs84 -12.4 m, EA(1m)
Hdg 237 deg, Spd 0.1 m/s
EA(43.9 deg, 0.7 m/s)</description>
      <Style>
        <IconStyle>
          <Icon>
            <href>http://maps.google.com/mapfiles/kml/shapes/shaded_dot.png</href>
          </Icon>
          <scale>0.6</scale>
          <color>bf00a0f4</color>
        </IconStyle>
      </Style>
      <Point>
        <altitudeMode>clampToGround</altitudeMode>
        <coordinates>87.324695843955,22.3158327963282,0</coordinates>
      </Point>
    </Placemark>
    <Placemark>
      <Snippet maxLines="0"> </Snippet>
      <description>281
UTC 21-04-2026 10:23:50.100
GpsMilliseconds 1460802248999
22.3158367,87.3246937, EA(2m)
AltWgs84 -12.3 m, EA(1m)
Hdg 293 deg, Spd 0.1 m/s
EA(43.9 deg, 0.7 m/s)</description>
      <Style>
        <IconStyle>
          <Icon>
            <href>http://maps.google.com/mapfiles/kml/shapes/shaded_dot.png</href>
          </Icon>
          <scale>0.6</scale>
          <color>bf00a0f4</color>
        </IconStyle>
      </Style>
      <Point>
        <altitudeMode>clampToGround</altitudeMode>
        <coordinates>87.3246937171754,22.3158367401266,0</coordinates>
      </Point>
    </Placemark>
    <Placemark>
      <Snippet maxLines="0"> </Snippet>
      <description>282
UTC 21-04-2026 10:23:51.100
GpsMilliseconds 1460802249999
22.3158413,87.3246928, EA(2m)
AltWgs84 -12.2 m, EA(1m)
Hdg 327 deg, Spd 0.2 m/s
EA(44.0 deg, 0.7 m/s)</description>
      <Style>
        <IconStyle>
          <Icon>
            <href>http://maps.google.com/mapfiles/kml/shapes/shaded_dot.png</href>
          </Icon>
          <scale>0.6</scale>
          <color>bf00a0f4</color>
        </IconStyle>
      </Style>
      <Point>
        <altitudeMode>clampToGround</altitudeMode>
        <coordinates>87.3246927687342,22.3158413156276,0</coordinates>
      </Point>
    </Placemark>
    <Placemark>
      <Snippet maxLines="0"> </Snippet>
      <description>283
UTC 21-04-2026 10:23:52.100
GpsMilliseconds 1460802250999
22.3158450,87.3246928, EA(2m)
AltWgs84 -12.1 m, EA(1m)
Hdg 347 deg, Spd 0.2 m/s
EA(44.0 deg, 0.7 m/s)</description>
      <Style>
        <IconStyle>
          <Icon>
            <href>http://maps.google.com/mapfiles/kml/shapes/shaded_dot.png</href>
          </Icon>
          <scale>0.6</scale>
          <color>bf00a0f4</color>
        </IconStyle>
      </Style>
      <Point>
        <altitudeMode>clampToGround</altitudeMode>
        <coordinates>87.3246928288271,22.3158449888968,0</coordinates>
      </Point>
    </Placemark>
    <Placemark>
      <Snippet maxLines="0"> </Snippet>
      <description>284
UTC 21-04-2026 10:23:53.100
GpsMilliseconds 1460802251999
22.3158477,87.3246915, EA(2m)
AltWgs84 -12.0 m, EA(1m)
Hdg 340 deg, Spd 0.2 m/s
EA(44.0 deg, 0.7 m/s)</description>
      <Style>
        <IconStyle>
          <Icon>
            <href>http://maps.google.com/mapfiles/kml/shapes/shaded_dot.png</href>
          </Icon>
          <scale>0.6</scale>
          <color>bf00a0f4</color>
        </IconStyle>
      </Style>
      <Point>
        <altitudeMode>clampToGround</altitudeMode>
        <coordinates>87.324691463339,22.3158476995239,0</coordinates>
      </Point>
    </Placemark>
    <Placemark>
      <Snippet maxLines="0"> </Snippet>
      <description>285
UTC 21-04-2026 10:23:54.100
GpsMilliseconds 1460802252999
22.3158507,87.3246927, EA(2m)
AltWgs84 -11.8 m, EA(1m)
Hdg 352 deg, Spd 0.2 m/s
EA(43.9 deg, 0.7 m/s)</description>
      <Style>
        <IconStyle>
          <Icon>
            <href>http://maps.google.com/mapfiles/kml/shapes/shaded_dot.png</href>
          </Icon>
          <scale>0.6</scale>
          <color>bf00a0f4</color>
        </IconStyle>
      </Style>
      <Point>
        <altitudeMode>clampToGround</altitudeMode>
        <coordinates>87.3246927141437,22.3158506976946,0</coordinates>
      </Point>
    </Placemark>
    <Placemark>
      <Snippet maxLines="0"> </Snippet>
      <description>286
UTC 21-04-2026 10:23:55.100
GpsMilliseconds 1460802253999
22.3158509,87.3246926, EA(2m)
AltWgs84 -11.7 m, EA(1m)
Hdg 353 deg, Spd 0.2 m/s
EA(44.3 deg, 0.7 m/s)</description>
      <Style>
        <IconStyle>
          <Icon>
            <href>http://maps.google.com/mapfiles/kml/shapes/shaded_dot.png</href>
          </Icon>
          <scale>0.6</scale>
          <color>bf00a0f4</color>
        </IconStyle>
      </Style>
      <Point>
        <altitudeMode>clampToGround</altitudeMode>
        <coordinates>87.3246926322832,22.3158509394858,0</coordinates>
      </Point>
    </Placemark>
    <Placemark>
      <Snippet maxLines="0"> </Snippet>
      <description>287
UTC 21-04-2026 10:23:56.100
GpsMilliseconds 1460802254999
22.3158514,87.3246933, EA(2m)
AltWgs84 -11.6 m, EA(1m)
Hdg 358 deg, Spd 0.1 m/s
EA(44.5 deg, 0.7 m/s)</description>
      <Style>
        <IconStyle>
          <Icon>
            <href>http://maps.google.com/mapfiles/kml/shapes/shaded_dot.png</href>
          </Icon>
          <scale>0.6</scale>
          <color>bf00a0f4</color>
        </IconStyle>
      </Style>
      <Point>
        <altitudeMode>clampToGround</altitudeMode>
        <coordinates>87.3246932974505,22.3158514055512,0</coordinates>
      </Point>
    </Placemark>
    <Placemark>
      <Snippet maxLines="0"> </Snippet>
      <description>288
UTC 21-04-2026 10:23:57.100
GpsMilliseconds 1460802255999
22.3158525,87.3246946, EA(2m)
AltWgs84 -11.5 m, EA(1m)
Hdg 10 deg, Spd 0.1 m/s
EA(44.6 deg, 0.7 m/s)</description>
      <Style>
        <IconStyle>
          <Icon>
            <href>http://maps.google.com/mapfiles/kml/shapes/shaded_dot.png</href>
          </Icon>
          <scale>0.6</scale>
          <color>bf00a0f4</color>
        </IconStyle>
      </Style>
      <Point>
        <altitudeMode>clampToGround</altitudeMode>
        <coordinates>87.3246945693285,22.3158525017927,0</coordinates>
      </Point>
    </Placemark>
    <Placemark>
      <Snippet maxLines="0"> </Snippet>
      <description>289
UTC 21-04-2026 10:23:58.100
GpsMilliseconds 1460802256999
22.3158552,87.3246974, EA(2m)
AltWgs84 -11.3 m, EA(1m)
Hdg 26 deg, Spd 0.2 m/s
EA(44.6 deg, 0.7 m/s)</description>
      <Style>
        <IconStyle>
          <Icon>
            <href>http://maps.google.com/mapfiles/kml/shapes/shaded_dot.png</href>
          </Icon>
          <scale>0.6</scale>
          <color>bf00a0f4</color>
        </IconStyle>
      </Style>
      <Point>
        <altitudeMode>clampToGround</altitudeMode>
        <coordinates>87.3246973760929,22.3158552011224,0</coordinates>
      </Point>
    </Placemark>
    <Placemark>
      <Snippet maxLines="0"> </Snippet>
      <description>290
UTC 21-04-2026 10:23:59.100
GpsMilliseconds 1460802257999
22.3158578,87.3246990, EA(2m)
AltWgs84 -11.1 m, EA(1m)
Hdg 28 deg, Spd 0.2 m/s
EA(44.5 deg, 0.7 m/s)</description>
      <Style>
        <IconStyle>
          <Icon>
            <href>http://maps.google.com/mapfiles/kml/shapes/shaded_dot.png</href>
          </Icon>
          <scale>0.6</scale>
          <color>bf00a0f4</color>
        </IconStyle>
      </Style>
      <Point>
        <altitudeMode>clampToGround</altitudeMode>
        <coordinates>87.3246990121301,22.3158577609065,0</coordinates>
      </Point>
    </Placemark>
    <Placemark>
      <Snippet maxLines="0"> </Snippet>
      <description>291
UTC 21-04-2026 10:24:00.100
GpsMilliseconds 1460802258999
22.3158581,87.3246990, EA(2m)
AltWgs84 -11.1 m, EA(1m)
Hdg 28 deg, Spd 0.2 m/s
EA(44.6 deg, 0.7 m/s)</description>
      <Style>
        <IconStyle>
          <Icon>
            <href>http://maps.google.com/mapfiles/kml/shapes/shaded_dot.png</href>
          </Icon>
          <scale>0.6</scale>
          <color>bf00a0f4</color>
        </IconStyle>
      </Style>
      <Point>
        <altitudeMode>clampToGround</altitudeMode>
        <coordinates>87.3246989816797,22.3158581079273,0</coordinates>
      </Point>
    </Placemark>
    <Placemark>
      <Snippet maxLines="0"> </Snippet>
      <description>292
UTC 21-04-2026 10:24:01.100
GpsMilliseconds 1460802259999
22.3158592,87.3246981, EA(2m)
AltWgs84 -11.0 m, EA(1m)
Hdg 18 deg, Spd 0.1 m/s
EA(44.7 deg, 0.7 m/s)</description>
      <Style>
        <IconStyle>
          <Icon>
            <href>http://maps.google.com/mapfiles/kml/shapes/shaded_dot.png</href>
          </Icon>
          <scale>0.6</scale>
          <color>bf00a0f4</color>
        </IconStyle>
      </Style>
      <Point>
        <altitudeMode>clampToGround</altitudeMode>
        <coordinates>87.3246981192078,22.3158591831422,0</coordinates>
      </Point>
    </Placemark>
    <Placemark>
      <Snippet maxLines="0"> </Snippet>
      <description>293
UTC 21-04-2026 10:24:02.100
GpsMilliseconds 1460802260999
22.3158595,87.3246966, EA(2m)
AltWgs84 -11.0 m, EA(1m)
Hdg 1 deg, Spd 0.1 m/s
EA(44.7 deg, 0.7 m/s)</description>
      <Style>
        <IconStyle>
          <Icon>
            <href>http://maps.google.com/mapfiles/kml/shapes/shaded_dot.png</href>
          </Icon>
          <scale>0.6</scale>
          <color>bf00a0f4</color>
        </IconStyle>
      </Style>
      <Point>
        <altitudeMode>clampToGround</altitudeMode>
        <coordinates>87.3246966280711,22.315859470734,0</coordinates>
      </Point>
    </Placemark>
    <Placemark>
      <Snippet maxLines="0"> </Snippet>
      <description>294
UTC 21-04-2026 10:24:03.100
GpsMilliseconds 1460802261999
22.3158598,87.3246971, EA(2m)
AltWgs84 -10.9 m, EA(1m)
Hdg 10 deg, Spd 0.1 m/s
EA(44.5 deg, 0.7 m/s)</description>
      <Style>
        <IconStyle>
          <Icon>
            <href>http://maps.google.com/mapfiles/kml/shapes/shaded_dot.png</href>
          </Icon>
          <scale>0.6</scale>
          <color>bf00a0f4</color>
        </IconStyle>
      </Style>
      <Point>
        <altitudeMode>clampToGround</altitudeMode>
        <coordinates>87.324697121697,22.3158598263747,0</coordinates>
      </Point>
    </Placemark>
    <Placemark>
      <Snippet maxLines="0"> </Snippet>
      <description>295
UTC 21-04-2026 10:24:04.100
GpsMilliseconds 1460802262999
22.3158603,87.3246974, EA(2m)
AltWgs84 -10.9 m, EA(1m)
Hdg 14 deg, Spd 0.1 m/s
EA(44.7 deg, 0.7 m/s)</description>
      <Style>
        <IconStyle>
          <Icon>
            <href>http://maps.google.com/mapfiles/kml/shapes/shaded_dot.png</href>
          </Icon>
          <scale>0.6</scale>
          <color>bf00a0f4</color>
        </IconStyle>
      </Style>
      <Point>
        <altitudeMode>clampToGround</altitudeMode>
        <coordinates>87.3246974011496,22.3158602635747,0</coordinates>
      </Point>
    </Placemark>
    <Placemark>
      <Snippet maxLines="0"> </Snippet>
      <description>296
UTC 21-04-2026 10:24:05.100
GpsMilliseconds 1460802263999
22.3158613,87.3246984, EA(2m)
AltWgs84 -10.7 m, EA(1m)
Hdg 20 deg, Spd 0.1 m/s
EA(44.7 deg, 0.7 m/s)</description>
      <Style>
        <IconStyle>
          <Icon>
            <href>http://maps.google.com/mapfiles/kml/shapes/shaded_dot.png</href>
          </Icon>
          <scale>0.6</scale>
          <color>bf00a0f4</color>
        </IconStyle>
      </Style>
      <Point>
        <altitudeMode>clampToGround</altitudeMode>
        <coordinates>87.3246983595203,22.3158613255778,0</coordinates>
      </Point>
    </Placemark>
    <Placemark>
      <Snippet maxLines="0"> </Snippet>
      <description>297
UTC 21-04-2026 10:24:06.100
GpsMilliseconds 1460802264999
22.3158609,87.3246972, EA(2m)
AltWgs84 -10.6 m, EA(1m)
Hdg 3 deg, Spd 0.1 m/s
EA(44.8 deg, 0.7 m/s)</description>
      <Style>
        <IconStyle>
          <Icon>
            <href>http://maps.google.com/mapfiles/kml/shapes/shaded_dot.png</href>
          </Icon>
          <scale>0.6</scale>
          <color>bf00a0f4</color>
        </IconStyle>
      </Style>
      <Point>
        <altitudeMode>clampToGround</altitudeMode>
        <coordinates>87.3246972368207,22.3158608889519,0</coordinates>
      </Point>
    </Placemark>
    <Placemark>
      <Snippet maxLines="0"> </Snippet>
      <description>298
UTC 21-04-2026 10:24:07.100
GpsMilliseconds 1460802265999
22.3158594,87.3246968, EA(2m)
AltWgs84 -10.6 m, EA(1m)
Hdg 343 deg, Spd 0.0 m/s
EA(44.7 deg, 0.7 m/s)</description>
      <Style>
        <IconStyle>
          <Icon>
            <href>http://maps.google.com/mapfiles/kml/shapes/shaded_dot.png</href>
          </Icon>
          <scale>0.6</scale>
          <color>bf00a0f4</color>
        </IconStyle>
      </Style>
      <Point>
        <altitudeMode>clampToGround</altitudeMode>
        <coordinates>87.3246967808861,22.3158594084702,0</coordinates>
      </Point>
    </Placemark>
    <Placemark>
      <Snippet maxLines="0"> </Snippet>
      <description>299
UTC 21-04-2026 10:24:08.100
GpsMilliseconds 1460802266999
22.3158580,87.3246956, EA(2m)
AltWgs84 -10.5 m, EA(1m)
Hdg 237 deg, Spd 0.0 m/s
EA(44.8 deg, 0.7 m/s)</description>
      <Style>
        <IconStyle>
          <Icon>
            <href>http://maps.google.com/mapfiles/kml/shapes/shaded_dot.png</href>
          </Icon>
          <scale>0.6</scale>
          <color>bf00a0f4</color>
        </IconStyle>
      </Style>
      <Point>
        <altitudeMode>clampToGround</altitudeMode>
        <coordinates>87.3246955579455,22.3158579520247,0</coordinates>
      </Point>
    </Placemark>
    <Placemark>
      <Snippet maxLines="0"> </Snippet>
      <description>300
UTC 21-04-2026 10:24:09.100
GpsMilliseconds 1460802267999
22.3158576,87.3246952, EA(2m)
AltWgs84 -10.5 m, EA(1m)
Hdg 233 deg, Spd 0.0 m/s
EA(44.8 deg, 0.7 m/s)</description>
      <Style>
        <IconStyle>
          <Icon>
            <href>http://maps.google.com/mapfiles/kml/shapes/shaded_dot.png</href>
          </Icon>
          <scale>0.6</scale>
          <color>bf00a0f4</color>
        </IconStyle>
      </Style>
      <Point>
        <altitudeMode>clampToGround</altitudeMode>
        <coordinates>87.324695230315,22.3158576036841,0</coordinates>
      </Point>
    </Placemark>
    <Placemark>
      <Snippet maxLines="0"> </Snippet>
      <description>301
UTC 21-04-2026 10:24:10.100
GpsMilliseconds 1460802268999
22.3158563,87.3246939, EA(2m)
AltWgs84 -10.4 m, EA(1m)
Hdg 223 deg, Spd 0.1 m/s
EA(44.8 deg, 0.7 m/s)</description>
      <Style>
        <IconStyle>
          <Icon>
            <href>http://maps.google.com/mapfiles/kml/shapes/shaded_dot.png</href>
          </Icon>
          <scale>0.6</scale>
          <color>bf00a0f4</color>
        </IconStyle>
      </Style>
      <Point>
        <altitudeMode>clampToGround</altitudeMode>
        <coordinates>87.3246938831659,22.3158562626814,0</coordinates>
      </Point>
    </Placemark>
    <Placemark>
      <Snippet maxLines="0"> </Snippet>
      <description>302
UTC 21-04-2026 10:24:11.100
GpsMilliseconds 1460802269999
22.3158553,87.3246924, EA(2m)
AltWgs84 -10.3 m, EA(1m)
Hdg 234 deg, Spd 0.1 m/s
EA(44.7 deg, 0.7 m/s)</description>
      <Style>
        <IconStyle>
          <Icon>
            <href>http://maps.google.com/mapfiles/kml/shapes/shaded_dot.png</href>
          </Icon>
          <scale>0.6</scale>
          <color>bf00a0f4</color>
        </IconStyle>
      </Style>
      <Point>
        <altitudeMode>clampToGround</altitudeMode>
        <coordinates>87.324692380704,22.3158552545236,0</coordinates>
      </Point>
    </Placemark>
    <Placemark>
      <Snippet maxLines="0"> </Snippet>
      <description>303
UTC 21-04-2026 10:24:12.100
GpsMilliseconds 1460802270999
22.3158538,87.3246900, EA(2m)
AltWgs84 -10.2 m, EA(1m)
Hdg 237 deg, Spd 0.1 m/s
EA(44.7 deg, 0.7 m/s)</description>
      <Style>
        <IconStyle>
          <Icon>
            <href>http://maps.google.com/mapfiles/kml/shapes/shaded_dot.png</href>
          </Icon>
          <scale>0.6</scale>
          <color>bf00a0f4</color>
        </IconStyle>
      </Style>
      <Point>
        <altitudeMode>clampToGround</altitudeMode>
        <coordinates>87.3246900113269,22.3158538359409,0</coordinates>
      </Point>
    </Placemark>
    <Placemark>
      <Snippet maxLines="0"> </Snippet>
      <description>304
UTC 21-04-2026 10:24:13.100
GpsMilliseconds 1460802271999
22.3158510,87.3246872, EA(2m)
AltWgs84 -10.3 m, EA(1m)
Hdg 229 deg, Spd 0.2 m/s
EA(44.8 deg, 0.7 m/s)</description>
      <Style>
        <IconStyle>
          <Icon>
            <href>http://maps.google.com/mapfiles/kml/shapes/shaded_dot.png</href>
          </Icon>
          <scale>0.6</scale>
          <color>bf00a0f4</color>
        </IconStyle>
      </Style>
      <Point>
        <altitudeMode>clampToGround</altitudeMode>
        <coordinates>87.3246871590577,22.3158509809951,0</coordinates>
      </Point>
    </Placemark>
    <Placemark>
      <Snippet maxLines="0"> </Snippet>
      <description>305
UTC 21-04-2026 10:24:14.100
GpsMilliseconds 1460802272999
22.3158504,87.3246860, EA(2m)
AltWgs84 -10.2 m, EA(1m)
Hdg 230 deg, Spd 0.2 m/s
EA(44.8 deg, 0.7 m/s)</description>
      <Style>
        <IconStyle>
          <Icon>
            <href>http://maps.google.com/mapfiles/kml/shapes/shaded_dot.png</href>
          </Icon>
          <scale>0.6</scale>
          <color>bf00a0f4</color>
        </IconStyle>
      </Style>
      <Point>
        <altitudeMode>clampToGround</altitudeMode>
        <coordinates>87.3246859540913,22.31585035364,0</coordinates>
      </Point>
    </Placemark>
    <Placemark>
      <Snippet maxLines="0"> </Snippet>
      <description>306
UTC 21-04-2026 10:24:15.100
GpsMilliseconds 1460802273999
22.3158485,87.3246851, EA(2m)
AltWgs84 -10.2 m, EA(1m)
Hdg 225 deg, Spd 0.2 m/s
EA(44.8 deg, 0.7 m/s)</description>
      <Style>
        <IconStyle>
          <Icon>
            <href>http://maps.google.com/mapfiles/kml/shapes/shaded_dot.png</href>
          </Icon>
          <scale>0.6</scale>
          <color>bf00a0f4</color>
        </IconStyle>
      </Style>
      <Point>
        <altitudeMode>clampToGround</altitudeMode>
        <coordinates>87.3246850949433,22.3158484693269,0</coordinates>
      </Point>
    </Placemark>
    <Placemark>
      <Snippet maxLines="0"> </Snippet>
      <description>307
UTC 21-04-2026 10:24:16.100
GpsMilliseconds 1460802274999
22.3158474,87.3246844, EA(2m)
AltWgs84 -10.3 m, EA(1m)
Hdg 221 deg, Spd 0.2 m/s
EA(44.7 deg, 0.7 m/s)</description>
      <Style>
        <IconStyle>
          <Icon>
            <href>http://maps.google.com/mapfiles/kml/shapes/shaded_dot.png</href>
          </Icon>
          <scale>0.6</scale>
          <color>bf00a0f4</color>
        </IconStyle>
      </Style>
      <Point>
        <altitudeMode>clampToGround</altitudeMode>
        <coordinates>87.3246844330185,22.3158473526201,0</coordinates>
      </Point>
    </Placemark>
    <Placemark>
      <Snippet maxLines="0"> </Snippet>
      <description>308
UTC 21-04-2026 10:24:17.100
GpsMilliseconds 1460802275999
22.3158456,87.3246857, EA(2m)
AltWgs84 -10.3 m, EA(1m)
Hdg 203 deg, Spd 0.2 m/s
EA(44.8 deg, 0.7 m/s)</description>
      <Style>
        <IconStyle>
          <Icon>
            <href>http://maps.google.com/mapfiles/kml/shapes/shaded_dot.png</href>
          </Icon>
          <scale>0.6</scale>
          <color>bf00a0f4</color>
        </IconStyle>
      </Style>
      <Point>
        <altitudeMode>clampToGround</altitudeMode>
        <coordinates>87.3246856796055,22.3158456122576,0</coordinates>
      </Point>
    </Placemark>
    <Placemark>
      <Snippet maxLines="0"> </Snippet>
      <description>309
UTC 21-04-2026 10:24:18.100
GpsMilliseconds 1460802276999
22.3158451,87.3246849, EA(2m)
AltWgs84 -10.4 m, EA(1m)
Hdg 208 deg, Spd 0.1 m/s
EA(44.8 deg, 0.7 m/s)</description>
      <Style>
        <IconStyle>
          <Icon>
            <href>http://maps.google.com/mapfiles/kml/shapes/shaded_dot.png</href>
          </Icon>
          <scale>0.6</scale>
          <color>bf00a0f4</color>
        </IconStyle>
      </Style>
      <Point>
        <altitudeMode>clampToGround</altitudeMode>
        <coordinates>87.3246848984892,22.3158450943439,0</coordinates>
      </Point>
    </Placemark>
    <Placemark>
      <Snippet maxLines="0"> </Snippet>
      <description>310
UTC 21-04-2026 10:24:19.100
GpsMilliseconds 1460802277999
22.3158446,87.3246859, EA(2m)
AltWgs84 -10.5 m, EA(1m)
Hdg 193 deg, Spd 0.1 m/s
EA(44.8 deg, 0.7 m/s)</description>
      <Style>
        <IconStyle>
          <Icon>
            <href>http://maps.google.com/mapfiles/kml/shapes/shaded_dot.png</href>
          </Icon>
          <scale>0.6</scale>
          <color>bf00a0f4</color>
        </IconStyle>
      </Style>
      <Point>
        <altitudeMode>clampToGround</altitudeMode>
        <coordinates>87.3246859287259,22.315844559111,0</coordinates>
      </Point>
    </Placemark>
    <Placemark>
      <Snippet maxLines="0"> </Snippet>
      <description>311
UTC 21-04-2026 10:24:20.100
GpsMilliseconds 1460802278999
22.3158444,87.3246843, EA(2m)
AltWgs84 -10.7 m, EA(1m)
Hdg 212 deg, Spd 0.1 m/s
EA(44.7 deg, 0.7 m/s)</description>
      <Style>
        <IconStyle>
          <Icon>
            <href>http://maps.google.com/mapfiles/kml/shapes/shaded_dot.png</href>
          </Icon>
          <scale>0.6</scale>
          <color>bf00a0f4</color>
        </IconStyle>
      </Style>
      <Point>
        <altitudeMode>clampToGround</altitudeMode>
        <coordinates>87.3246843076697,22.3158444067005,0</coordinates>
      </Point>
    </Placemark>
    <Placemark>
      <Snippet maxLines="0"> </Snippet>
      <description>312
UTC 21-04-2026 10:24:21.100
GpsMilliseconds 1460802279999
22.3158428,87.3246850, EA(2m)
AltWgs84 -10.8 m, EA(1m)
Hdg 193 deg, Spd 0.1 m/s
EA(44.8 deg, 0.7 m/s)</description>
      <Style>
        <IconStyle>
          <Icon>
            <href>http://maps.google.com/mapfiles/kml/shapes/shaded_dot.png</href>
          </Icon>
          <scale>0.6</scale>
          <color>bf00a0f4</color>
        </IconStyle>
      </Style>
      <Point>
        <altitudeMode>clampToGround</altitudeMode>
        <coordinates>87.3246849525318,22.315842836538,0</coordinates>
      </Point>
    </Placemark>
    <Placemark>
      <Snippet maxLines="0"> </Snippet>
      <description>313
UTC 21-04-2026 10:24:22.100
GpsMilliseconds 1460802280999
22.3158441,87.3246832, EA(2m)
AltWgs84 -11.0 m, EA(1m)
Hdg 226 deg, Spd 0.1 m/s
EA(44.8 deg, 0.7 m/s)</description>
      <Style>
        <IconStyle>
          <Icon>
            <href>http://maps.google.com/mapfiles/kml/shapes/shaded_dot.png</href>
          </Icon>
          <scale>0.6</scale>
          <color>bf00a0f4</color>
        </IconStyle>
      </Style>
      <Point>
        <altitudeMode>clampToGround</altitudeMode>
        <coordinates>87.3246831971106,22.3158440599455,0</coordinates>
      </Point>
    </Placemark>
    <Placemark>
      <Snippet maxLines="0"> </Snippet>
      <description>314
UTC 21-04-2026 10:24:23.100
GpsMilliseconds 1460802281999
22.3158437,87.3246831, EA(2m)
AltWgs84 -11.1 m, EA(1m)
Hdg 218 deg, Spd 0.1 m/s
EA(44.8 deg, 0.7 m/s)</description>
      <Style>
        <IconStyle>
          <Icon>
            <href>http://maps.google.com/mapfiles/kml/shapes/shaded_dot.png</href>
          </Icon>
          <scale>0.6</scale>
          <color>bf00a0f4</color>
        </IconStyle>
      </Style>
      <Point>
        <altitudeMode>clampToGround</altitudeMode>
        <coordinates>87.3246831013722,22.3158437363552,0</coordinates>
      </Point>
    </Placemark>
    <Placemark>
      <Snippet maxLines="0"> </Snippet>
      <description>315
UTC 21-04-2026 10:24:24.100
GpsMilliseconds 1460802282999
22.3158439,87.3246837, EA(2m)
AltWgs84 -11.3 m, EA(1m)
Hdg 209 deg, Spd 0.0 m/s
EA(44.9 deg, 0.7 m/s)</description>
      <Style>
        <IconStyle>
          <Icon>
            <href>http://maps.google.com/mapfiles/kml/shapes/shaded_dot.png</href>
          </Icon>
          <scale>0.6</scale>
          <color>bf00a0f4</color>
        </IconStyle>
      </Style>
      <Point>
        <altitudeMode>clampToGround</altitudeMode>
        <coordinates>87.324683725894,22.3158439205384,0</coordinates>
      </Point>
    </Placemark>
    <Placemark>
      <Snippet maxLines="0"> </Snippet>
      <description>316
UTC 21-04-2026 10:24:25.100
GpsMilliseconds 1460802283999
22.3158439,87.3246840, EA(2m)
AltWgs84 -11.4 m, EA(1m)
Hdg 219 deg, Spd 0.0 m/s
EA(44.9 deg, 0.7 m/s)</description>
      <Style>
        <IconStyle>
          <Icon>
            <href>http://maps.google.com/mapfiles/kml/shapes/shaded_dot.png</href>
          </Icon>
          <scale>0.6</scale>
          <color>bf00a0f4</color>
        </IconStyle>
      </Style>
      <Point>
        <altitudeMode>clampToGround</altitudeMode>
        <coordinates>87.3246840393508,22.3158439204376,0</coordinates>
      </Point>
    </Placemark>
    <Placemark>
      <Snippet maxLines="0"> </Snippet>
      <description>317
UTC 21-04-2026 10:24:26.100
GpsMilliseconds 1460802284999
22.3158438,87.3246835, EA(2m)
AltWgs84 -11.6 m, EA(1m)
Hdg 220 deg, Spd 0.0 m/s
EA(44.9 deg, 0.7 m/s)</description>
      <Style>
        <IconStyle>
          <Icon>
            <href>http://maps.google.com/mapfiles/kml/shapes/shaded_dot.png</href>
          </Icon>
          <scale>0.6</scale>
          <color>bf00a0f4</color>
        </IconStyle>
      </Style>
      <Point>
        <altitudeMode>clampToGround</altitudeMode>
        <coordinates>87.3246834980748,22.3158437813874,0</coordinates>
      </Point>
    </Placemark>
    <Placemark>
      <Snippet maxLines="0"> </Snippet>
      <description>318
UTC 21-04-2026 10:24:27.100
GpsMilliseconds 1460802285999
22.3158438,87.3246831, EA(2m)
AltWgs84 -11.7 m, EA(1m)
Hdg 223 deg, Spd 0.0 m/s
EA(44.9 deg, 0.7 m/s)</description>
      <Style>
        <IconStyle>
          <Icon>
            <href>http://maps.google.com/mapfiles/kml/shapes/shaded_dot.png</href>
          </Icon>
          <scale>0.6</scale>
          <color>bf00a0f4</color>
        </IconStyle>
      </Style>
      <Point>
        <altitudeMode>clampToGround</altitudeMode>
        <coordinates>87.3246830641174,22.3158437855445,0</coordinates>
      </Point>
    </Placemark>
    <Placemark>
      <Snippet maxLines="0"> </Snippet>
      <description>319
UTC 21-04-2026 10:24:28.100
GpsMilliseconds 1460802286999
22.3158432,87.3246816, EA(2m)
AltWgs84 -11.9 m, EA(1m)
Hdg 238 deg, Spd 0.0 m/s
EA(44.9 deg, 0.7 m/s)</description>
      <Style>
        <IconStyle>
          <Icon>
            <href>http://maps.google.com/mapfiles/kml/shapes/shaded_dot.png</href>
          </Icon>
          <scale>0.6</scale>
          <color>bf00a0f4</color>
        </IconStyle>
      </Style>
      <Point>
        <altitudeMode>clampToGround</altitudeMode>
        <coordinates>87.3246816325282,22.315843229823,0</coordinates>
      </Point>
    </Placemark>
    <Placemark>
      <Snippet maxLines="0"> </Snippet>
      <description>320
UTC 21-04-2026 10:24:29.100
GpsMilliseconds 1460802287999
22.3158413,87.3246811, EA(2m)
AltWgs84 -12.1 m, EA(1m)
Hdg 211 deg, Spd 0.1 m/s
EA(44.9 deg, 0.7 m/s)</description>
      <Style>
        <IconStyle>
          <Icon>
            <href>http://maps.google.com/mapfiles/kml/shapes/shaded_dot.png</href>
          </Icon>
          <scale>0.6</scale>
          <color>bf00a0f4</color>
        </IconStyle>
      </Style>
      <Point>
        <altitudeMode>clampToGround</altitudeMode>
        <coordinates>87.3246811051979,22.3158413090316,0</coordinates>
      </Point>
    </Placemark>
    <Placemark>
      <Snippet maxLines="0"> </Snippet>
      <description>321
UTC 21-04-2026 10:24:30.100
GpsMilliseconds 1460802288999
22.3158398,87.3246810, EA(2m)
AltWgs84 -12.2 m, EA(1m)
Hdg 200 deg, Spd 0.1 m/s
EA(44.9 deg, 0.7 m/s)</description>
      <Style>
        <IconStyle>
          <Icon>
            <href>http://maps.google.com/mapfiles/kml/shapes/shaded_dot.png</href>
          </Icon>
          <scale>0.6</scale>
          <color>bf00a0f4</color>
        </IconStyle>
      </Style>
      <Point>
        <altitudeMode>clampToGround</altitudeMode>
        <coordinates>87.3246809668416,22.3158397549135,0</coordinates>
      </Point>
    </Placemark>
    <Placemark>
      <Snippet maxLines="0"> </Snippet>
      <description>322
UTC 21-04-2026 10:24:31.100
GpsMilliseconds 1460802289999
22.3158393,87.3246817, EA(2m)
AltWgs84 -12.4 m, EA(1m)
Hdg 185 deg, Spd 0.1 m/s
EA(44.9 deg, 0.7 m/s)</description>
      <Style>
        <IconStyle>
          <Icon>
            <href>http://maps.google.com/mapfiles/kml/shapes/shaded_dot.png</href>
          </Icon>
          <scale>0.6</scale>
          <color>bf00a0f4</color>
        </IconStyle>
      </Style>
      <Point>
        <altitudeMode>clampToGround</altitudeMode>
        <coordinates>87.3246817457774,22.3158393077497,0</coordinates>
      </Point>
    </Placemark>
    <Placemark>
      <Snippet maxLines="0"> </Snippet>
      <description>323
UTC 21-04-2026 10:24:32.100
GpsMilliseconds 1460802290999
22.3158388,87.3246813, EA(2m)
AltWgs84 -12.5 m, EA(1m)
Hdg 189 deg, Spd 0.1 m/s
EA(44.9 deg, 0.7 m/s)</description>
      <Style>
        <IconStyle>
          <Icon>
            <href>http://maps.google.com/mapfiles/kml/shapes/shaded_dot.png</href>
          </Icon>
          <scale>0.6</scale>
          <color>bf00a0f4</color>
        </IconStyle>
      </Style>
      <Point>
        <altitudeMode>clampToGround</altitudeMode>
        <coordinates>87.32468127274,22.3158388103095,0</coordinates>
      </Point>
    </Placemark>
    <Placemark>
      <Snippet maxLines="0"> </Snippet>
      <description>324
UTC 21-04-2026 10:24:33.100
GpsMilliseconds 1460802291999
22.3158391,87.3246822, EA(2m)
AltWgs84 -12.6 m, EA(1m)
Hdg 171 deg, Spd 0.1 m/s
EA(44.9 deg, 0.7 m/s)</description>
      <Style>
        <IconStyle>
          <Icon>
            <href>http://maps.google.com/mapfiles/kml/shapes/shaded_dot.png</href>
          </Icon>
          <scale>0.6</scale>
          <color>bf00a0f4</color>
        </IconStyle>
      </Style>
      <Point>
        <altitudeMode>clampToGround</altitudeMode>
        <coordinates>87.3246822141373,22.3158390597713,0</coordinates>
      </Point>
    </Placemark>
    <Placemark>
      <Snippet maxLines="0"> </Snippet>
      <description>325
UTC 21-04-2026 10:24:34.100
GpsMilliseconds 1460802292999
22.3158387,87.3246838, EA(2m)
AltWgs84 -12.8 m, EA(1m)
Hdg 145 deg, Spd 0.1 m/s
EA(44.9 deg, 0.7 m/s)</description>
      <Style>
        <IconStyle>
          <Icon>
            <href>http://maps.google.com/mapfiles/kml/shapes/shaded_dot.png</href>
          </Icon>
          <scale>0.6</scale>
          <color>bf00a0f4</color>
        </IconStyle>
      </Style>
      <Point>
        <altitudeMode>clampToGround</altitudeMode>
        <coordinates>87.3246837522947,22.3158387005228,0</coordinates>
      </Point>
    </Placemark>
    <Placemark>
      <Snippet maxLines="0"> </Snippet>
      <description>326
UTC 21-04-2026 10:24:35.100
GpsMilliseconds 1460802293999
22.3158375,87.3246850, EA(2m)
AltWgs84 -12.9 m, EA(1m)
Hdg 143 deg, Spd 0.1 m/s
EA(44.9 deg, 0.7 m/s)</description>
      <Style>
        <IconStyle>
          <Icon>
            <href>http://maps.google.com/mapfiles/kml/shapes/shaded_dot.png</href>
          </Icon>
          <scale>0.6</scale>
          <color>bf00a0f4</color>
        </IconStyle>
      </Style>
      <Point>
        <altitudeMode>clampToGround</altitudeMode>
        <coordinates>87.3246849692886,22.3158374972629,0</coordinates>
      </Point>
    </Placemark>
    <Placemark>
      <Snippet maxLines="0"> </Snippet>
      <description>327
UTC 21-04-2026 10:24:36.100
GpsMilliseconds 1460802294999
22.3158366,87.3246877, EA(2m)
AltWgs84 -13.1 m, EA(1m)
Hdg 129 deg, Spd 0.1 m/s
EA(44.9 deg, 0.7 m/s)</description>
      <Style>
        <IconStyle>
          <Icon>
            <href>http://maps.google.com/mapfiles/kml/shapes/shaded_dot.png</href>
          </Icon>
          <scale>0.6</scale>
          <color>bf00a0f4</color>
        </IconStyle>
      </Style>
      <Point>
        <altitudeMode>clampToGround</altitudeMode>
        <coordinates>87.3246876640569,22.3158366499004,0</coordinates>
      </Point>
    </Placemark>
    <Placemark>
      <Snippet maxLines="0"> </Snippet>
      <description>328
UTC 21-04-2026 10:24:37.100
GpsMilliseconds 1460802295999
22.3158367,87.3246913, EA(2m)
AltWgs84 -13.3 m, EA(1m)
Hdg 112 deg, Spd 0.2 m/s
EA(44.8 deg, 0.7 m/s)</description>
      <Style>
        <IconStyle>
          <Icon>
            <href>http://maps.google.com/mapfiles/kml/shapes/shaded_dot.png</href>
          </Icon>
          <scale>0.6</scale>
          <color>bf00a0f4</color>
        </IconStyle>
      </Style>
      <Point>
        <altitudeMode>clampToGround</altitudeMode>
        <coordinates>87.3246913162959,22.3158366507298,0</coordinates>
      </Point>
    </Placemark>
    <Placemark>
      <Snippet maxLines="0"> </Snippet>
      <description>329
UTC 21-04-2026 10:24:38.100
GpsMilliseconds 1460802296999
22.3158364,87.3246949, EA(2m)
AltWgs84 -13.5 m, EA(1m)
Hdg 103 deg, Spd 0.2 m/s
EA(44.9 deg, 0.7 m/s)</description>
      <Style>
        <IconStyle>
          <Icon>
            <href>http://maps.google.com/mapfiles/kml/shapes/shaded_dot.png</href>
          </Icon>
          <scale>0.6</scale>
          <color>bf00a0f4</color>
        </IconStyle>
      </Style>
      <Point>
        <altitudeMode>clampToGround</altitudeMode>
        <coordinates>87.3246949138531,22.3158363831036,0</coordinates>
      </Point>
    </Placemark>
    <Placemark>
      <Snippet maxLines="0"> </Snippet>
      <description>330
UTC 21-04-2026 10:24:39.100
GpsMilliseconds 1460802297999
22.3158370,87.3246958, EA(2m)
AltWgs84 -13.6 m, EA(1m)
Hdg 100 deg, Spd 0.2 m/s
EA(44.9 deg, 0.7 m/s)</description>
      <Style>
        <IconStyle>
          <Icon>
            <href>http://maps.google.com/mapfiles/kml/shapes/shaded_dot.png</href>
          </Icon>
          <scale>0.6</scale>
          <color>bf00a0f4</color>
        </IconStyle>
      </Style>
      <Point>
        <altitudeMode>clampToGround</altitudeMode>
        <coordinates>87.3246958196312,22.3158370126729,0</coordinates>
      </Point>
    </Placemark>
    <Placemark>
      <Snippet maxLines="0"> </Snippet>
      <description>331
UTC 21-04-2026 10:24:40.100
GpsMilliseconds 1460802298999
22.3158377,87.3246988, EA(2m)
AltWgs84 -13.7 m, EA(1m)
Hdg 92 deg, Spd 0.2 m/s
EA(44.7 deg, 0.7 m/s)</description>
      <Style>
        <IconStyle>
          <Icon>
            <href>http://maps.google.com/mapfiles/kml/shapes/shaded_dot.png</href>
          </Icon>
          <scale>0.6</scale>
          <color>bf00a0f4</color>
        </IconStyle>
      </Style>
      <Point>
        <altitudeMode>clampToGround</altitudeMode>
        <coordinates>87.3246987800469,22.3158376726746,0</coordinates>
      </Point>
    </Placemark>
    <Placemark>
      <Snippet maxLines="0"> </Snippet>
      <description>332
UTC 21-04-2026 10:24:41.100
GpsMilliseconds 1460802299999
22.3158387,87.3247022, EA(2m)
AltWgs84 -13.9 m, EA(1m)
Hdg 86 deg, Spd 0.2 m/s
EA(44.7 deg, 0.7 m/s)</description>
      <Style>
        <IconStyle>
          <Icon>
            <href>http://maps.google.com/mapfiles/kml/shapes/shaded_dot.png</href>
          </Icon>
          <scale>0.6</scale>
          <color>bf00a0f4</color>
        </IconStyle>
      </Style>
      <Point>
        <altitudeMode>clampToGround</altitudeMode>
        <coordinates>87.3247021988564,22.315838662125,0</coordinates>
      </Point>
    </Placemark>
    <Placemark>
      <Snippet maxLines="0"> </Snippet>
      <description>333
UTC 21-04-2026 10:24:42.100
GpsMilliseconds 1460802300999
22.3158398,87.3247038, EA(2m)
AltWgs84 -14.0 m, EA(1m)
Hdg 82 deg, Spd 0.2 m/s
EA(44.9 deg, 0.7 m/s)</description>
      <Style>
        <IconStyle>
          <Icon>
            <href>http://maps.google.com/mapfiles/kml/shapes/shaded_dot.png</href>
          </Icon>
          <scale>0.6</scale>
          <color>bf00a0f4</color>
        </IconStyle>
      </Style>
      <Point>
        <altitudeMode>clampToGround</altitudeMode>
        <coordinates>87.3247038136496,22.3158397648776,0</coordinates>
      </Point>
    </Placemark>
    <Placemark>
      <Snippet maxLines="0"> </Snippet>
      <description>334
UTC 21-04-2026 10:24:43.100
GpsMilliseconds 1460802301999
22.3158423,87.3247053, EA(2m)
AltWgs84 -14.0 m, EA(1m)
Hdg 67 deg, Spd 0.2 m/s
EA(45.0 deg, 0.7 m/s)</description>
      <Style>
        <IconStyle>
          <Icon>
            <href>http://maps.google.com/mapfiles/kml/shapes/shaded_dot.png</href>
          </Icon>
          <scale>0.6</scale>
          <color>bf00a0f4</color>
        </IconStyle>
      </Style>
      <Point>
        <altitudeMode>clampToGround</altitudeMode>
        <coordinates>87.3247053434518,22.3158423166938,0</coordinates>
      </Point>
    </Placemark>
    <Placemark>
      <Snippet maxLines="0"> </Snippet>
      <description>335
UTC 21-04-2026 10:24:44.100
GpsMilliseconds 1460802302999
22.3158444,87.3247063, EA(2m)
AltWgs84 -14.0 m, EA(1m)
Hdg 58 deg, Spd 0.2 m/s
EA(45.0 deg, 0.7 m/s)</description>
      <Style>
        <IconStyle>
          <Icon>
            <href>http://maps.google.com/mapfiles/kml/shapes/shaded_dot.png</href>
          </Icon>
          <scale>0.6</scale>
          <color>bf00a0f4</color>
        </IconStyle>
      </Style>
      <Point>
        <altitudeMode>clampToGround</altitudeMode>
        <coordinates>87.3247063208514,22.3158443599092,0</coordinates>
      </Point>
    </Placemark>
    <Placemark>
      <Snippet maxLines="0"> </Snippet>
      <description>336
UTC 21-04-2026 10:24:45.100
GpsMilliseconds 1460802303999
22.3158456,87.3247053, EA(2m)
AltWgs84 -14.0 m, EA(1m)
Hdg 46 deg, Spd 0.1 m/s
EA(45.0 deg, 0.7 m/s)</description>
      <Style>
        <IconStyle>
          <Icon>
            <href>http://maps.google.com/mapfiles/kml/shapes/shaded_dot.png</href>
          </Icon>
          <scale>0.6</scale>
          <color>bf00a0f4</color>
        </IconStyle>
      </Style>
      <Point>
        <altitudeMode>clampToGround</altitudeMode>
        <coordinates>87.3247052893067,22.3158455705826,0</coordinates>
      </Point>
    </Placemark>
    <Placemark>
      <Snippet maxLines="0"> </Snippet>
      <description>337
UTC 21-04-2026 10:24:46.100
GpsMilliseconds 1460802304999
22.3158464,87.3247025, EA(2m)
AltWgs84 -14.1 m, EA(1m)
Hdg 15 deg, Spd 0.1 m/s
EA(44.9 deg, 0.7 m/s)</description>
      <Style>
        <IconStyle>
          <Icon>
            <href>http://maps.google.com/mapfiles/kml/shapes/shaded_dot.png</href>
          </Icon>
          <scale>0.6</scale>
          <color>bf00a0f4</color>
        </IconStyle>
      </Style>
      <Point>
        <altitudeMode>clampToGround</altitudeMode>
        <coordinates>87.3247025022807,22.315846428743,0</coordinates>
      </Point>
    </Placemark>
    <Placemark>
      <Snippet maxLines="0"> </Snippet>
      <description>338
UTC 21-04-2026 10:24:47.100
GpsMilliseconds 1460802305999
22.3158486,87.3247000, EA(2m)
AltWgs84 -14.0 m, EA(1m)
Hdg 343 deg, Spd 0.1 m/s
EA(44.9 deg, 0.7 m/s)</description>
      <Style>
        <IconStyle>
          <Icon>
            <href>http://maps.google.com/mapfiles/kml/shapes/shaded_dot.png</href>
          </Icon>
          <scale>0.6</scale>
          <color>bf00a0f4</color>
        </IconStyle>
      </Style>
      <Point>
        <altitudeMode>clampToGround</altitudeMode>
        <coordinates>87.3247000459062,22.3158485790739,0</coordinates>
      </Point>
    </Placemark>
    <Placemark>
      <Snippet maxLines="0"> </Snippet>
      <description>339
UTC 21-04-2026 10:24:48.100
GpsMilliseconds 1460802306999
22.3158504,87.3246966, EA(2m)
AltWgs84 -13.9 m, EA(1m)
Hdg 320 deg, Spd 0.1 m/s
EA(44.9 deg, 0.7 m/s)</description>
      <Style>
        <IconStyle>
          <Icon>
            <href>http://maps.google.com/mapfiles/kml/shapes/shaded_dot.png</href>
          </Icon>
          <scale>0.6</scale>
          <color>bf00a0f4</color>
        </IconStyle>
      </Style>
      <Point>
        <altitudeMode>clampToGround</altitudeMode>
        <coordinates>87.3246966470661,22.3158504170997,0</coordinates>
      </Point>
    </Placemark>
    <Placemark>
      <Snippet maxLines="0"> </Snippet>
      <description>340
UTC 21-04-2026 10:24:49.100
GpsMilliseconds 1460802307999
22.3158514,87.3246936, EA(2m)
AltWgs84 -13.8 m, EA(1m)
Hdg 308 deg, Spd 0.2 m/s
EA(44.9 deg, 0.7 m/s)</description>
      <Style>
        <IconStyle>
          <Icon>
            <href>http://maps.google.com/mapfiles/kml/shapes/shaded_dot.png</href>
          </Icon>
          <scale>0.6</scale>
          <color>bf00a0f4</color>
        </IconStyle>
      </Style>
      <Point>
        <altitudeMode>clampToGround</altitudeMode>
        <coordinates>87.3246935969451,22.3158513829306,0</coordinates>
      </Point>
    </Placemark>
    <Placemark>
      <Snippet maxLines="0"> </Snippet>
      <description>341
UTC 21-04-2026 10:24:50.100
GpsMilliseconds 1460802308999
22.3158517,87.3246915, EA(2m)
AltWgs84 -13.8 m, EA(1m)
Hdg 301 deg, Spd 0.2 m/s
EA(44.9 deg, 0.7 m/s)</description>
      <Style>
        <IconStyle>
          <Icon>
            <href>http://maps.google.com/mapfiles/kml/shapes/shaded_dot.png</href>
          </Icon>
          <scale>0.6</scale>
          <color>bf00a0f4</color>
        </IconStyle>
      </Style>
      <Point>
        <altitudeMode>clampToGround</altitudeMode>
        <coordinates>87.3246914947829,22.3158517359682,0</coordinates>
      </Point>
    </Placemark>
    <Placemark>
      <Snippet maxLines="0"> </Snippet>
      <description>342
UTC 21-04-2026 10:24:51.100
GpsMilliseconds 1460802309999
22.3158512,87.3246889, EA(2m)
AltWgs84 -13.7 m, EA(1m)
Hdg 294 deg, Spd 0.2 m/s
EA(44.9 deg, 0.7 m/s)</description>
      <Style>
        <IconStyle>
          <Icon>
            <href>http://maps.google.com/mapfiles/kml/shapes/shaded_dot.png</href>
          </Icon>
          <scale>0.6</scale>
          <color>bf00a0f4</color>
        </IconStyle>
      </Style>
      <Point>
        <altitudeMode>clampToGround</altitudeMode>
        <coordinates>87.3246889389727,22.315851223042,0</coordinates>
      </Point>
    </Placemark>
    <Placemark>
      <Snippet maxLines="0"> </Snippet>
      <description>343
UTC 21-04-2026 10:24:52.100
GpsMilliseconds 1460802310999
22.3158498,87.3246878, EA(2m)
AltWgs84 -13.7 m, EA(1m)
Hdg 286 deg, Spd 0.1 m/s
EA(44.9 deg, 0.7 m/s)</description>
      <Style>
        <IconStyle>
          <Icon>
            <href>http://maps.google.com/mapfiles/kml/shapes/shaded_dot.png</href>
          </Icon>
          <scale>0.6</scale>
          <color>bf00a0f4</color>
        </IconStyle>
      </Style>
      <Point>
        <altitudeMode>clampToGround</altitudeMode>
        <coordinates>87.3246877919529,22.3158498184255,0</coordinates>
      </Point>
    </Placemark>
    <Placemark>
      <Snippet maxLines="0"> </Snippet>
      <description>344
UTC 21-04-2026 10:24:53.100
GpsMilliseconds 1460802311999
22.3158478,87.3246865, EA(2m)
AltWgs84 -13.7 m, EA(1m)
Hdg 267 deg, Spd 0.1 m/s
EA(44.9 deg, 0.7 m/s)</description>
      <Style>
        <IconStyle>
          <Icon>
            <href>http://maps.google.com/mapfiles/kml/shapes/shaded_dot.png</href>
          </Icon>
          <scale>0.6</scale>
          <color>bf00a0f4</color>
        </IconStyle>
      </Style>
      <Point>
        <altitudeMode>clampToGround</altitudeMode>
        <coordinates>87.324686531021,22.315847818886,0</coordinates>
      </Point>
    </Placemark>
    <Placemark>
      <Snippet maxLines="0"> </Snippet>
      <description>345
UTC 21-04-2026 10:24:54.100
GpsMilliseconds 1460802312999
22.3158455,87.3246861, EA(2m)
AltWgs84 -13.6 m, EA(1m)
Hdg 245 deg, Spd 0.1 m/s
EA(44.6 deg, 0.7 m/s)</description>
      <Style>
        <IconStyle>
          <Icon>
            <href>http://maps.google.com/mapfiles/kml/shapes/shaded_dot.png</href>
          </Icon>
          <scale>0.6</scale>
          <color>bf00a0f4</color>
        </IconStyle>
      </Style>
      <Point>
        <altitudeMode>clampToGround</altitudeMode>
        <coordinates>87.3246861020901,22.3158455497859,0</coordinates>
      </Point>
    </Placemark>
    <Placemark>
      <Snippet maxLines="0"> </Snippet>
      <description>346
UTC 21-04-2026 10:24:55.100
GpsMilliseconds 1460802313999
22.3158429,87.3246832, EA(2m)
AltWgs84 -13.6 m, EA(1m)
Hdg 236 deg, Spd 0.2 m/s
EA(44.7 deg, 0.7 m/s)</description>
      <Style>
        <IconStyle>
          <Icon>
            <href>http://maps.google.com/mapfiles/kml/shapes/shaded_dot.png</href>
          </Icon>
          <scale>0.6</scale>
          <color>bf00a0f4</color>
        </IconStyle>
      </Style>
      <Point>
        <altitudeMode>clampToGround</altitudeMode>
        <coordinates>87.3246832129423,22.3158429129584,0</coordinates>
      </Point>
    </Placemark>
    <Placemark>
      <Snippet maxLines="0"> </Snippet>
      <description>347
UTC 21-04-2026 10:24:56.100
GpsMilliseconds 1460802314999
22.3158407,87.3246810, EA(2m)
AltWgs84 -13.6 m, EA(1m)
Hdg 232 deg, Spd 0.2 m/s
EA(44.9 deg, 0.7 m/s)</description>
      <Style>
        <IconStyle>
          <Icon>
            <href>http://maps.google.com/mapfiles/kml/shapes/shaded_dot.png</href>
          </Icon>
          <scale>0.6</scale>
          <color>bf00a0f4</color>
        </IconStyle>
      </Style>
      <Point>
        <altitudeMode>clampToGround</altitudeMode>
        <coordinates>87.3246809954008,22.3158407264637,0</coordinates>
      </Point>
    </Placemark>
    <Placemark>
      <Snippet maxLines="0"> </Snippet>
      <description>348
UTC 21-04-2026 10:24:57.100
GpsMilliseconds 1460802315999
22.3158381,87.3246800, EA(2m)
AltWgs84 -13.7 m, EA(1m)
Hdg 225 deg, Spd 0.2 m/s
EA(44.8 deg, 0.7 m/s)</description>
      <Style>
        <IconStyle>
          <Icon>
            <href>http://maps.google.com/mapfiles/kml/shapes/shaded_dot.png</href>
          </Icon>
          <scale>0.6</scale>
          <color>bf00a0f4</color>
        </IconStyle>
      </Style>
      <Point>
        <altitudeMode>clampToGround</altitudeMode>
        <coordinates>87.3246800071102,22.3158381025955,0</coordinates>
      </Point>
    </Placemark>
    <Placemark>
      <Snippet maxLines="0"> </Snippet>
      <description>349
UTC 21-04-2026 10:24:58.100
GpsMilliseconds 1460802316999
22.3158356,87.3246804, EA(2m)
AltWgs84 -13.8 m, EA(1m)
Hdg 211 deg, Spd 0.2 m/s
EA(44.4 deg, 0.7 m/s)</description>
      <Style>
        <IconStyle>
          <Icon>
            <href>http://maps.google.com/mapfiles/kml/shapes/shaded_dot.png</href>
          </Icon>
          <scale>0.6</scale>
          <color>bf00a0f4</color>
        </IconStyle>
      </Style>
      <Point>
        <altitudeMode>clampToGround</altitudeMode>
        <coordinates>87.3246803954622,22.3158355932028,0</coordinates>
      </Point>
    </Placemark>
    <Placemark>
      <Snippet maxLines="0"> </Snippet>
      <description>350
UTC 21-04-2026 10:24:59.100
GpsMilliseconds 1460802317999
22.3158336,87.3246819, EA(2m)
AltWgs84 -13.8 m, EA(1m)
Hdg 195 deg, Spd 0.2 m/s
EA(44.2 deg, 0.7 m/s)</description>
      <Style>
        <IconStyle>
          <Icon>
            <href>http://maps.google.com/mapfiles/kml/shapes/shaded_dot.png</href>
          </Icon>
          <scale>0.6</scale>
          <color>bf00a0f4</color>
        </IconStyle>
      </Style>
      <Point>
        <altitudeMode>clampToGround</altitudeMode>
        <coordinates>87.3246819113968,22.3158335876224,0</coordinates>
      </Point>
    </Placemark>
    <Placemark>
      <Snippet maxLines="0"> </Snippet>
      <description>351
UTC 21-04-2026 10:25:00.100
GpsMilliseconds 1460802318999
22.3158326,87.3246822, EA(2m)
AltWgs84 -13.8 m, EA(1m)
Hdg 192 deg, Spd 0.2 m/s
EA(44.1 deg, 0.7 m/s)</description>
      <Style>
        <IconStyle>
          <Icon>
            <href>http://maps.google.com/mapfiles/kml/shapes/shaded_dot.png</href>
          </Icon>
          <scale>0.6</scale>
          <color>bf00a0f4</color>
        </IconStyle>
      </Style>
      <Point>
        <altitudeMode>clampToGround</altitudeMode>
        <coordinates>87.3246822400196,22.3158325613513,0</coordinates>
      </Point>
    </Placemark>
    <Placemark>
      <Snippet maxLines="0"> </Snippet>
      <description>352
UTC 21-04-2026 10:25:01.100
GpsMilliseconds 1460802319999
22.3158327,87.3246828, EA(2m)
AltWgs84 -13.9 m, EA(1m)
Hdg 190 deg, Spd 0.1 m/s
EA(44.0 deg, 0.7 m/s)</description>
      <Style>
        <IconStyle>
          <Icon>
            <href>http://maps.google.com/mapfiles/kml/shapes/shaded_dot.png</href>
          </Icon>
          <scale>0.6</scale>
          <color>bf00a0f4</color>
        </IconStyle>
      </Style>
      <Point>
        <altitudeMode>clampToGround</altitudeMode>
        <coordinates>87.3246828100988,22.315832658439,0</coordinates>
      </Point>
    </Placemark>
    <Placemark>
      <Snippet maxLines="0"> </Snippet>
      <description>353
UTC 21-04-2026 10:25:02.100
GpsMilliseconds 1460802320999
22.3158315,87.3246837, EA(2m)
AltWgs84 -13.9 m, EA(1m)
Hdg 182 deg, Spd 0.1 m/s
EA(44.0 deg, 0.7 m/s)</description>
      <Style>
        <IconStyle>
          <Icon>
            <href>http://maps.google.com/mapfiles/kml/shapes/shaded_dot.png</href>
          </Icon>
          <scale>0.6</scale>
          <color>bf00a0f4</color>
        </IconStyle>
      </Style>
      <Point>
        <altitudeMode>clampToGround</altitudeMode>
        <coordinates>87.3246837298015,22.3158314694657,0</coordinates>
      </Point>
    </Placemark>
    <Placemark>
      <Snippet maxLines="0"> </Snippet>
      <description>354
UTC 21-04-2026 10:25:03.100
GpsMilliseconds 1460802321999
22.3158317,87.3246845, EA(2m)
AltWgs84 -14.0 m, EA(1m)
Hdg 172 deg, Spd 0.1 m/s
EA(44.0 deg, 0.7 m/s)</description>
      <Style>
        <IconStyle>
          <Icon>
            <href>http://maps.google.com/mapfiles/kml/shapes/shaded_dot.png</href>
          </Icon>
          <scale>0.6</scale>
          <color>bf00a0f4</color>
        </IconStyle>
      </Style>
      <Point>
        <altitudeMode>clampToGround</altitudeMode>
        <coordinates>87.3246845170943,22.3158316678045,0</coordinates>
      </Point>
    </Placemark>
    <Placemark>
      <Snippet maxLines="0"> </Snippet>
      <description>355
UTC 21-04-2026 10:25:04.100
GpsMilliseconds 1460802322999
22.3158338,87.3246861, EA(2m)
AltWgs84 -14.0 m, EA(1m)
Hdg 111 deg, Spd 0.1 m/s
EA(44.0 deg, 0.7 m/s)</description>
      <Style>
        <IconStyle>
          <Icon>
            <href>http://maps.google.com/mapfiles/kml/shapes/shaded_dot.png</href>
          </Icon>
          <scale>0.6</scale>
          <color>bf00a0f4</color>
        </IconStyle>
      </Style>
      <Point>
        <altitudeMode>clampToGround</altitudeMode>
        <coordinates>87.3246861366229,22.3158337943343,0</coordinates>
      </Point>
    </Placemark>
    <Placemark>
      <Snippet maxLines="0"> </Snippet>
      <description>356
UTC 21-04-2026 10:25:05.100
GpsMilliseconds 1460802323999
22.3158348,87.3246876, EA(2m)
AltWgs84 -14.0 m, EA(1m)
Hdg 86 deg, Spd 0.1 m/s
EA(44.0 deg, 0.7 m/s)</description>
      <Style>
        <IconStyle>
          <Icon>
            <href>http://maps.google.com/mapfiles/kml/shapes/shaded_dot.png</href>
          </Icon>
          <scale>0.6</scale>
          <color>bf00a0f4</color>
        </IconStyle>
      </Style>
      <Point>
        <altitudeMode>clampToGround</altitudeMode>
        <coordinates>87.324687552732,22.3158347637309,0</coordinates>
      </Point>
    </Placemark>
    <Placemark>
      <Snippet maxLines="0"> </Snippet>
      <description>357
UTC 21-04-2026 10:25:06.100
GpsMilliseconds 1460802324999
22.3158362,87.3246908, EA(2m)
AltWgs84 -14.0 m, EA(1m)
Hdg 75 deg, Spd 0.1 m/s
EA(44.0 deg, 0.7 m/s)</description>
      <Style>
        <IconStyle>
          <Icon>
            <href>http://maps.google.com/mapfiles/kml/shapes/shaded_dot.png</href>
          </Icon>
          <scale>0.6</scale>
          <color>bf00a0f4</color>
        </IconStyle>
      </Style>
      <Point>
        <altitudeMode>clampToGround</altitudeMode>
        <coordinates>87.3246907842661,22.3158361686168,0</coordinates>
      </Point>
    </Placemark>
    <Placemark>
      <Snippet maxLines="0"> </Snippet>
      <description>358
UTC 21-04-2026 10:25:07.100
GpsMilliseconds 1460802325999
22.3158367,87.3246937, EA(2m)
AltWgs84 -14.0 m, EA(1m)
Hdg 76 deg, Spd 0.2 m/s
EA(44.0 deg, 0.7 m/s)</description>
      <Style>
        <IconStyle>
          <Icon>
            <href>http://maps.google.com/mapfiles/kml/shapes/shaded_dot.png</href>
          </Icon>
          <scale>0.6</scale>
          <color>bf00a0f4</color>
        </IconStyle>
      </Style>
      <Point>
        <altitudeMode>clampToGround</altitudeMode>
        <coordinates>87.3246937272687,22.3158367083809,0</coordinates>
      </Point>
    </Placemark>
    <Placemark>
      <Snippet maxLines="0"> </Snippet>
      <description>359
UTC 21-04-2026 10:25:08.100
GpsMilliseconds 1460802326999
22.3158370,87.3246957, EA(2m)
AltWgs84 -14.0 m, EA(1m)
Hdg 77 deg, Spd 0.2 m/s
EA(44.0 deg, 0.7 m/s)</description>
      <Style>
        <IconStyle>
          <Icon>
            <href>http://maps.google.com/mapfiles/kml/shapes/shaded_dot.png</href>
          </Icon>
          <scale>0.6</scale>
          <color>bf00a0f4</color>
        </IconStyle>
      </Style>
      <Point>
        <altitudeMode>clampToGround</altitudeMode>
        <coordinates>87.3246956771371,22.3158370300223,0</coordinates>
      </Point>
    </Placemark>
    <Placemark>
      <Snippet maxLines="0"> </Snippet>
      <description>360
UTC 21-04-2026 10:25:09.100
GpsMilliseconds 1460802327999
22.3158378,87.3246960, EA(2m)
AltWgs84 -14.1 m, EA(1m)
Hdg 69 deg, Spd 0.1 m/s
EA(43.9 deg, 0.7 m/s)</description>
      <Style>
        <IconStyle>
          <Icon>
            <href>http://maps.google.com/mapfiles/kml/shapes/shaded_dot.png</href>
          </Icon>
          <scale>0.6</scale>
          <color>bf00a0f4</color>
        </IconStyle>
      </Style>
      <Point>
        <altitudeMode>clampToGround</altitudeMode>
        <coordinates>87.3246960007962,22.3158378113471,0</coordinates>
      </Point>
    </Placemark>
    <Placemark>
      <Snippet maxLines="0"> </Snippet>
      <description>361
UTC 21-04-2026 10:25:10.100
GpsMilliseconds 1460802328999
22.3158385,87.3246975, EA(2m)
AltWgs84 -14.1 m, EA(1m)
Hdg 68 deg, Spd 0.1 m/s
EA(44.0 deg, 0.7 m/s)</description>
      <Style>
        <IconStyle>
          <Icon>
            <href>http://maps.google.com/mapfiles/kml/shapes/shaded_dot.png</href>
          </Icon>
          <scale>0.6</scale>
          <color>bf00a0f4</color>
        </IconStyle>
      </Style>
      <Point>
        <altitudeMode>clampToGround</altitudeMode>
        <coordinates>87.3246974853621,22.3158385262117,0</coordinates>
      </Point>
    </Placemark>
    <Placemark>
      <Snippet maxLines="0"> </Snippet>
      <description>362
UTC 21-04-2026 10:25:11.100
GpsMilliseconds 1460802329999
22.3158375,87.3246943, EA(2m)
AltWgs84 -14.2 m, EA(1m)
Hdg 57 deg, Spd 0.0 m/s
EA(44.3 deg, 0.7 m/s)</description>
      <Style>
        <IconStyle>
          <Icon>
            <href>http://maps.google.com/mapfiles/kml/shapes/shaded_dot.png</href>
          </Icon>
          <scale>0.6</scale>
          <color>bf00a0f4</color>
        </IconStyle>
      </Style>
      <Point>
        <altitudeMode>clampToGround</altitudeMode>
        <coordinates>87.3246943402631,22.3158375248506,0</coordinates>
      </Point>
    </Placemark>
    <Placemark>
      <Snippet maxLines="0"> </Snippet>
      <description>363
UTC 21-04-2026 10:25:12.100
GpsMilliseconds 1460802330999
22.3158417,87.3246967, EA(2m)
AltWgs84 -14.0 m, EA(1m)
Hdg 36 deg, Spd 0.1 m/s
EA(44.5 deg, 0.7 m/s)</description>
      <Style>
        <IconStyle>
          <Icon>
            <href>http://maps.google.com/mapfiles/kml/shapes/shaded_dot.png</href>
          </Icon>
          <scale>0.6</scale>
          <color>bf00a0f4</color>
        </IconStyle>
      </Style>
      <Point>
        <altitudeMode>clampToGround</altitudeMode>
        <coordinates>87.3246967470347,22.3158417265392,0</coordinates>
      </Point>
    </Placemark>
    <Placemark>
      <Snippet maxLines="0"> </Snippet>
      <description>364
UTC 21-04-2026 10:25:13.100
GpsMilliseconds 1460802331999
22.3158407,87.3246997, EA(2m)
AltWgs84 -13.9 m, EA(1m)
Hdg 61 deg, Spd 0.1 m/s
EA(45.1 deg, 0.7 m/s)</description>
      <Style>
        <IconStyle>
          <Icon>
            <href>http://maps.google.com/mapfiles/kml/shapes/shaded_dot.png</href>
          </Icon>
          <scale>0.6</scale>
          <color>bf00a0f4</color>
        </IconStyle>
      </Style>
      <Point>
        <altitudeMode>clampToGround</altitudeMode>
        <coordinates>87.324699685757,22.315840726032,0</coordinates>
      </Point>
    </Placemark>
    <Placemark>
      <Snippet maxLines="0"> </Snippet>
      <description>365
UTC 21-04-2026 10:25:14.100
GpsMilliseconds 1460802332999
22.3158425,87.3247025, EA(2m)
AltWgs84 -13.9 m, EA(1m)
Hdg 54 deg, Spd 0.2 m/s
EA(44.4 deg, 0.7 m/s)</description>
      <Style>
        <IconStyle>
          <Icon>
            <href>http://maps.google.com/mapfiles/kml/shapes/shaded_dot.png</href>
          </Icon>
          <scale>0.6</scale>
          <color>bf00a0f4</color>
        </IconStyle>
      </Style>
      <Point>
        <altitudeMode>clampToGround</altitudeMode>
        <coordinates>87.3247024588393,22.3158425129305,0</coordinates>
      </Point>
    </Placemark>
    <Placemark>
      <Snippet maxLines="0"> </Snippet>
      <description>366
UTC 21-04-2026 10:25:15.100
GpsMilliseconds 1460802333999
22.3158436,87.3247043, EA(2m)
AltWgs84 -13.8 m, EA(1m)
Hdg 54 deg, Spd 0.2 m/s
EA(45.2 deg, 0.7 m/s)</description>
      <Style>
        <IconStyle>
          <Icon>
            <href>http://maps.google.com/mapfiles/kml/shapes/shaded_dot.png</href>
          </Icon>
          <scale>0.6</scale>
          <color>bf00a0f4</color>
        </IconStyle>
      </Style>
      <Point>
        <altitudeMode>clampToGround</altitudeMode>
        <coordinates>87.3247042626328,22.315843635661,0</coordinates>
      </Point>
    </Placemark>
    <Placemark>
      <Snippet maxLines="0"> </Snippet>
      <description>367
UTC 21-04-2026 10:25:16.100
GpsMilliseconds 1460802334999
22.3158464,87.3247047, EA(2m)
AltWgs84 -13.8 m, EA(1m)
Hdg 40 deg, Spd 0.2 m/s
EA(45.1 deg, 0.7 m/s)</description>
      <Style>
        <IconStyle>
          <Icon>
            <href>http://maps.google.com/mapfiles/kml/shapes/shaded_dot.png</href>
          </Icon>
          <scale>0.6</scale>
          <color>bf00a0f4</color>
        </IconStyle>
      </Style>
      <Point>
        <altitudeMode>clampToGround</altitudeMode>
        <coordinates>87.3247047077884,22.3158463760779,0</coordinates>
      </Point>
    </Placemark>
    <Placemark>
      <Snippet maxLines="0"> </Snippet>
      <description>368
UTC 21-04-2026 10:25:17.100
GpsMilliseconds 1460802335999
22.3158467,87.3247076, EA(2m)
AltWgs84 -13.8 m, EA(1m)
Hdg 53 deg, Spd 0.2 m/s
EA(45.0 deg, 0.7 m/s)</description>
      <Style>
        <IconStyle>
          <Icon>
            <href>http://maps.google.com/mapfiles/kml/shapes/shaded_dot.png</href>
          </Icon>
          <scale>0.6</scale>
          <color>bf00a0f4</color>
        </IconStyle>
      </Style>
      <Point>
        <altitudeMode>clampToGround</altitudeMode>
        <coordinates>87.324707624935,22.3158467484232,0</coordinates>
      </Point>
    </Placemark>
    <Placemark>
      <Snippet maxLines="0"> </Snippet>
      <description>369
UTC 21-04-2026 10:25:18.100
GpsMilliseconds 1460802336999
22.3158506,87.3247108, EA(2m)
AltWgs84 -13.8 m, EA(1m)
Hdg 46 deg, Spd 0.3 m/s
EA(44.7 deg, 0.7 m/s)</description>
      <Style>
        <IconStyle>
          <Icon>
            <href>http://maps.google.com/mapfiles/kml/shapes/shaded_dot.png</href>
          </Icon>
          <scale>0.6</scale>
          <color>bf00a0f4</color>
        </IconStyle>
      </Style>
      <Point>
        <altitudeMode>clampToGround</altitudeMode>
        <coordinates>87.3247107747646,22.3158505660043,0</coordinates>
      </Point>
    </Placemark>
    <Placemark>
      <Snippet maxLines="0"> </Snippet>
      <description>370
UTC 21-04-2026 10:25:19.100
GpsMilliseconds 1460802337999
22.3158518,87.3247141, EA(2m)
AltWgs84 -13.7 m, EA(1m)
Hdg 51 deg, Spd 0.3 m/s
EA(45.3 deg, 0.7 m/s)</description>
      <Style>
        <IconStyle>
          <Icon>
            <href>http://maps.google.com/mapfiles/kml/shapes/shaded_dot.png</href>
          </Icon>
          <scale>0.6</scale>
          <color>bf00a0f4</color>
        </IconStyle>
      </Style>
      <Point>
        <altitudeMode>clampToGround</altitudeMode>
        <coordinates>87.3247140662896,22.3158518295632,0</coordinates>
      </Point>
    </Placemark>
   </Document>
</kml>