<?xml version="1.0" encoding="utf-8"?>
<kml xmlns="http://www.opengis.net/kml/2.2">
  <Document>
    <name>cleaned_gnss_log_2026_04_21_15_49_10_rawPr.kml</name>
    <Placemark>
      <Snippet maxLines="0"> </Snippet>
      <description> </description>
      <name>Line 1</name>
      <Style>
        <LineStyle>
          <color>80ffffff</color>
        </LineStyle>
      </Style>
      <LineString>
        <altitudeMode>clampToGround</altitudeMode>
        <coordinates> 87.3246910025044,22.3158620189579,0 87.3246911623174,22.315848153214,0 87.3246698666863,22.3158499414443,0 87.3246907227325,22.3158442263048,0 87.3246916297849,22.3158462630965,0 87.3246959792305,22.3158424164742,0 87.3247017235798,22.3158505535698,0 87.3246986515914,22.3158532610026,0 87.3247039825109,22.3158553021162,0 87.3247021497489,22.3158591337153,0 87.3246995379111,22.31585765549,0 87.3247032517571,22.3158530352789,0 87.3246989975668,22.3158589797801,0 87.3247038301276,22.3158512875852,0 87.324709796699,22.3158461140537,0 87.3247036613256,22.3158533138685,0 87.3247110068695,22.315853472641,0 87.3246920408001,22.3158654068219,0 87.3246940787064,22.3158531118474,0 87.3246922398254,22.3158516317535,0 87.3246933310814,22.3158529659509,0 87.3246917366842,22.3158484069783,0 87.3246905092112,22.3158496346903,0 87.324690547373,22.3158522600888,0 87.3246900555613,22.3158519577593,0 87.3246875431799,22.3158525925965,0 87.3246897301293,22.31585470602,0 87.3246927424728,22.3158526975013,0 87.324693687622,22.3158535880782,0 87.3246937218139,22.3158582218965,0 87.3246936003903,22.3158580599365,0 87.3246942306853,22.3158649646619,0 87.3246955679595,22.3158364390985,0 87.3246945718275,22.3158378980384,0 87.3246952248901,22.3158396011616,0 87.3246951422195,22.3158711936991,0 87.3246953880723,22.31585570949,0 87.3246983934726,22.3158532682299,0 87.3246991969361,22.3158498293279,0 87.3247027194692,22.3158463358354,0 87.3246966466931,22.315848434188,0 87.3246999742899,22.3158480563349,0 87.3247002382383,22.3158488926205,0 87.3247010429721,22.3158554703594,0 87.3247049644747,22.3158525586814,0 87.3247046927141,22.315856581165,0 87.3247047009047,22.3158521635576,0 87.3247010460129,22.3158577209122,0 87.3246996403752,22.3158521290278,0 87.324699153032,22.3158521296108,0 87.324694018042,22.3158516510183,0 87.3246936148926,22.315859005778,0 87.3246845186835,22.3158530401658,0 87.3246864476216,22.3158574831574,0 87.3246829154286,22.3158575445207,0 87.3246776530895,22.3158536073139,0 87.3246803572943,22.3158578529498,0 87.3246945888127,22.3158576615895,0 87.324691055721,22.3158506126894,0 87.3246935493918,22.315851114561,0 87.3246975838881,22.3158483785124,0 87.3247000789758,22.3158563713797,0 87.3246978255149,22.3158527297069,0 87.3246965678106,22.3158489010831,0 87.3247006692064,22.3158361557829,0 87.3246987560862,22.3158311473996,0 87.3247004456904,22.3158249845381,0 87.324703201192,22.3158244467227,0 87.3246979813635,22.3158216046898,0 87.3246935232575,22.3158157853582,0 87.3246909435926,22.3158188168536,0 87.3246944023707,22.3158150030113,0 87.3246885480938,22.3158234485871,0 87.3246834176532,22.3158247694272,0 87.3246833485715,22.3158284493756,0 87.3246800832046,22.3158304963494,0 87.3246744533931,22.315833533998,0 87.3246840492034,22.3158339354418,0 87.324682362322,22.315835204738,0 87.3246786243411,22.315835793605,0 87.3246778738324,22.3158417492,0 87.3246761723126,22.3158344779995,0 87.3246712118487,22.315840820967,0 87.3246684538726,22.3158345135325,0 87.3246677130805,22.3158382419613,0 87.3246659352011,22.3158392596516,0 87.3246680462086,22.3158431502914,0 87.3246652277226,22.3158419101783,0 87.3246649111521,22.3158429082879,0 87.3246642685504,22.3158423963989,0 87.3246639113931,22.3158452198809,0 87.3246678337227,22.3158395223062,0 87.3246687426964,22.3158356047026,0 87.3246715933586,22.3158358572654,0 87.3246700162159,22.3158343253357,0 87.324672422691,22.3158353651444,0 87.3246728599616,22.3158363478716,0 87.3246791703671,22.3158363603421,0 87.3246836524865,22.3158245450442,0 87.324682947051,22.3158286902684,0 87.3246876835554,22.3158271551914,0 87.3246894949283,22.3158282798679,0 87.3246899297597,22.3158217536982,0 87.3246922119676,22.3158203021351,0 87.324695605619,22.3158218626828,0 87.3247012662739,22.3158276957548,0 87.3246989820844,22.3158285350083,0 87.3246960750573,22.3158299452643,0 87.3246922569636,22.3158352165074,0 87.324690540874,22.3158354907569,0 87.3246878140119,22.3158329097212,0 87.3246888668273,22.3158352920875,0 87.3246872868467,22.3158358178591,0 87.3246858581336,22.3158338520921,0 87.3246757869683,22.3158310539826,0 87.3246766939642,22.3158279230957,0 87.3246750170256,22.3158324183288,0 87.3246733736993,22.3158307250774,0 87.3246796384952,22.3158355212426,0 87.3246767683564,22.3158306688126,0 87.324675465184,22.3158354472184,0 87.3246711133541,22.3158353601273,0 87.3246691927433,22.3158341282311,0 87.324664979998,22.3158341670613,0 87.3246671218373,22.3158363395579,0 87.3246661198739,22.3158418323333,0 87.3246646050282,22.3158390915629,0 87.3246649166092,22.3158509667373,0 87.3246643174858,22.3158507123311,0 87.3246642862334,22.315847511779,0 87.3246665841539,22.3158504722598,0 87.324663846406,22.3158475809782,0 87.32466362821,22.3158483776099,0 87.324665269805,22.3158469881592,0 87.3246672899706,22.3158497737941,0 87.3246662106359,22.315846367449,0 87.3246680045586,22.3158481303775,0 87.3246655533527,22.3158447583666,0 87.3246658860378,22.3158504576753,0 87.3246651503754,22.3158517118762,0 87.3246693373162,22.3158496130368,0 87.3246618955332,22.3158455180646,0 87.3246612139488,22.3158419386072,0 87.324670437715,22.3158522430641,0 87.3246681172039,22.3158481031505,0 87.3246686703095,22.3158481609556,0 87.324675697559,22.3158539443461,0 87.324678423262,22.3158564986615,0 87.324680707187,22.3158510382165,0 87.3246821880812,22.3158570450393,0 87.3246847231518,22.315849777971,0 87.3246884208463,22.3158472640941,0 87.3246846041578,22.3158455384015,0 87.3246838388688,22.3158462347032,0 87.3246848434363,22.3158498993458,0 87.3246890484647,22.3158485578361,0 87.3246886864303,22.3158430124561,0 87.3246846811215,22.3158418254402,0 87.3246864684238,22.3158488582647,0 87.3246851911088,22.3158476315461,0 87.3246890864287,22.315855684496,0 87.3246830101299,22.3158532556934,0 87.3246869358506,22.3158434994148,0 87.3246841127114,22.3158391706464,0 87.3246853210438,22.315839136214,0 87.3246878028764,22.3158477456435,0 87.3246846216825,22.3158420182105,0 87.3246830114255,22.3158430794969,0 87.324686469816,22.3158428001622,0 87.3246788816398,22.3158410416786,0 87.3246770788511,22.3158380698558,0 87.3246754780741,22.3158381093381,0 87.3246816602201,22.3158346082539,0 87.3246752624447,22.3158315776964,0 87.3246785346566,22.3158334738354,0 87.3246778294951,22.3158322467599,0 87.3246776263568,22.3158263103242,0 87.3246793875751,22.3158257562245,0 87.3246769386917,22.3158265047115,0 87.3246802877871,22.3158268357809,0 87.3246831658471,22.315830210201,0 87.3246953172684,22.3158327661101,0 87.3246880630556,22.3158243724124,0 87.3246928844172,22.3158272866387,0 87.3246946729799,22.3158273623874,0 87.3246970290555,22.3158312847326,0 87.3246977269741,22.3158312013558,0 87.3246963096319,22.315839029297,0 87.3246875009151,22.3158307775265,0 87.324698855193,22.3158387761958,0 87.3247040715698,22.3158331936666,0 87.3247019303288,22.3158359040699,0 87.3246995030785,22.3158322233931,0 87.3247050235379,22.3158347087347,0 87.3247093380042,22.3158416342089,0 87.3247040812795,22.315840231635,0 87.3246989978211,22.3158452254352,0 87.3247015571993,22.3158476549,0 87.3246970706652,22.3158465527036,0 87.3246999434102,22.3158507180603,0 87.3246986418156,22.3158498225554,0 87.3246936816463,22.3158407896474,0 87.3246945729097,22.315835738341,0 87.3246977548419,22.315843730111,0 87.3246886135039,22.3158414821309,0 87.3246905764111,22.315841074943,0 87.3246915012734,22.3158435399037,0 87.3246923122686,22.3158417346378,0 87.3246918168197,22.3158374691753,0 87.3246894245304,22.3158381389372,0 87.3246931358177,22.3158385363337,0 87.3247001789913,22.3158348643726,0 87.3247004354471,22.3158342297133,0 87.3246993993083,22.3158311163683,0 87.3246985555957,22.3158314137565,0 87.3247015206822,22.3158291182688,0 87.3246966840932,22.3158292667392,0 87.3246983266417,22.3158270303514,0 87.3246987035504,22.3158249291746,0 87.3246914621246,22.3158251559576,0 87.3246879474438,22.3158268498718,0 87.3246867754409,22.315829092204,0 87.3246877645832,22.315827174852,0 87.3246883400784,22.3158302320675,0 87.3246873955801,22.3158298505228,0 87.3246936250929,22.3158321413034,0 87.3246936505231,22.3158335229216,0 87.324692988131,22.3158317920802,0 87.3246871391883,22.3158354830908,0 87.3246919408631,22.3158292893944,0 87.3246920879772,22.3158335285469,0 87.3246864062498,22.3158293511625,0 87.3246905507057,22.3158351695289,0 87.3246922732039,22.3158375327081,0 87.3246931857814,22.3158372200608,0 87.3246949857439,22.3158421104531,0 87.3246972289584,22.3158448662633,0 87.3246973343159,22.3158434904401,0 87.324701836014,22.3158438894574,0 87.3247011399882,22.3158413561745,0 87.3246996468783,22.3158394610566,0 87.3246992303796,22.3158347228281,0 87.3246943060452,22.3158335574098,0 87.3246919176581,22.3158307627582,0 87.3246886408342,22.315828897121,0 87.3246901361789,22.3158279067154,0 87.3246907731223,22.3158286933774,0 87.3246841125029,22.3158306120213,0 87.3246767980942,22.3158226025694,0 87.3246771114012,22.3158215376707,0 87.3246758173181,22.3158181867902,0 87.3246822851024,22.3158185063617,0 87.3246861034703,22.3158198747584,0 87.3246849894249,22.3158200516479,0 87.3246878584459,22.3158209953237,0 87.3246965951387,22.3158324901163,0 87.3246935009652,22.3158299069824,0 87.3246996757591,22.3158304740992,0 87.3246983400867,22.3158274027887,0 87.3246996634995,22.3158274445474,0 87.3246982244136,22.3158287925756,0 87.3246994559294,22.3158290700055,0 87.3247000713912,22.3158359321838,0 87.3247025743783,22.3158334586212,0 87.3247020146103,22.3158348284705,0 87.3247002972802,22.3158341459169,0 87.3247040282553,22.3158384225155,0 87.3247055277168,22.3158377756997,0 87.3247017025126,22.3158376880787,0 87.3247039818682,22.3158384536716,0 87.3246996783626,22.3158373931786,0 87.324701382426,22.3158423562349,0 87.3247009146742,22.3158411117987,0 87.3246970418569,22.3158391049123,0 87.3247030244348,22.3158373576632,0 87.3247051379119,22.3158360302166,0 87.324700747069,22.315833624527,0 87.3246992781351,22.315830317109,0 87.3246971812586,22.3158305060795,0 87.3246934003104,22.3158304632599,0 87.3246926194246,22.3158359321466,0 87.3246906372344,22.3158461703956,0 87.324691878078,22.3158499768108,0 87.3246930557413,22.3158497542396,0 87.3246901115094,22.3158510782636,0 87.3246962954654,22.3158540051497,0 87.3246927558761,22.3158476448673,0 87.3246953445611,22.315849366038,0 87.324697056398,22.3158521557872,0 87.3247022410998,22.3158587135217,0 87.3247004152328,22.3158599459408,0 87.3246970623155,22.3158564035999,0 87.32469486266,22.3158597976771,0 87.3246928153272,22.3158581688878,0 87.3246978669399,22.3158592135348,0 87.3246974985683,22.3158593039502,0 87.3246998601329,22.315861037662,0 87.324694329895,22.3158586182986,0 87.3246957146618,22.315854954913,0 87.3246932916483,22.3158547717852,0 87.3246950609659,22.3158571506324,0 87.3246914068246,22.3158540227132,0 87.3246906575447,22.3158534635085,0 87.3246873718525,22.3158519500963,0 87.3246836899663,22.3158466212111,0 87.3246865039434,22.3158519642729,0 87.3246859277602,22.315845978079,0 87.3246854280687,22.3158477926462,0 87.3246902432027,22.3158440929967,0 87.3246838131436,22.3158452687914,0 87.3246890794271,22.3158452544421,0 87.3246812868597,22.315845770913,0 87.3246871270119,22.3158411882043,0 87.3246799317445,22.3158485041335,0 87.3246836530553,22.3158442596058,0 87.3246856480044,22.3158447831938,0 87.3246849559131,22.3158431994767,0 87.3246824274311,22.3158443108592,0 87.3246823115038,22.3158445621685,0 87.3246787627649,22.3158422343479,0 87.3246804193652,22.315837623723,0 87.3246812414595,22.3158375437713,0 87.324683724352,22.3158391185172,0 87.3246803491978,22.3158404441054,0 87.3246841970461,22.3158417491101,0 87.3246869294288,22.315838737841,0 87.3246869581544,22.31583599461,0 87.3246925440475,22.3158361741168,0 87.3246972546125,22.3158381730727,0 87.324699845246,22.3158362160517,0 87.3246946967945,22.3158396544489,0 87.3247014840155,22.3158396732724,0 87.3247052942848,22.3158410294665,0 87.3247034094615,22.3158424028278,0 87.3247049688714,22.3158475496286,0 87.3247048761994,22.3158475765578,0 87.3247001110259,22.3158468511408,0 87.3246948908297,22.3158478288017,0 87.3246942661226,22.3158523282704,0 87.324690203129,22.315853304451,0 87.3246889212513,22.315851674085,0 87.3246895299853,22.315850793285,0 87.3246860133993,22.3158473551569,0 87.3246875637537,22.3158443696787,0 87.3246859817785,22.315842200862,0 87.3246875780036,22.3158402096198,0 87.3246787323615,22.3158376607201,0 87.3246788091941,22.3158374114518,0 87.3246806150318,22.3158334800415,0 87.3246834931698,22.3158324076893,0 87.3246869291253,22.3158321977507,0 87.3246842417197,22.3158335479318,0 87.3246850801588,22.3158357182389,0 87.3246865498955,22.3158310696117,0 87.3246863125392,22.3158341848645,0 87.324688424151,22.3158397990549,0 87.3246891714753,22.3158372368283,0 87.3246967188171,22.3158393587203,0 87.3246981322,22.3158373627974,0 87.3246973143229,22.3158371533685,0 87.324694580511,22.3158388840458,0 87.3246987768047,22.3158394546285,0 87.32468252189,22.315833971552,0 87.3247017208261,22.3158498475203,0 87.3247072205808,22.3158370396513,0 87.3247074870103,22.3158457725962,0 87.3247057622439,22.3158440445476,0 87.3247031123571,22.315850798014,0 87.3247112271471,22.3158447946052,0 87.3247143518987,22.3158583622469,0 87.3247192901018,22.3158518834243,0</coordinates>
      </LineString>
    </Placemark>
    <Placemark>
      <Snippet maxLines="0"> </Snippet>
      <description>1
UTC 21-04-2026 10:19:10.00
GpsMilliseconds 1460801968000
22.3158620,87.3246910, EA(4m)
AltWgs84 -10.0 m, EA(5m)
Hdg 217 deg, Spd 0.3 m/s
EA(41.9 deg, 2.9 m/s)</description>
      <Style>
        <IconStyle>
          <Icon>
            <href>http://maps.google.com/mapfiles/kml/shapes/shaded_dot.png</href>
          </Icon>
          <scale>0.6</scale>
          <color>bf3744db</color>
        </IconStyle>
      </Style>
      <Point>
        <altitudeMode>clampToGround</altitudeMode>
        <coordinates>87.3246910025044,22.3158620189579,0</coordinates>
      </Point>
    </Placemark>
    <Placemark>
      <Snippet maxLines="0"> </Snippet>
      <description>2
UTC 21-04-2026 10:19:11.00
GpsMilliseconds 1460801969000
22.3158482,87.3246912, EA(3m)
AltWgs84 -9.5 m, EA(4m)
Hdg 154 deg, Spd 0.5 m/s
EA(41.9 deg, 2.9 m/s)</description>
      <Style>
        <IconStyle>
          <Icon>
            <href>http://maps.google.com/mapfiles/kml/shapes/shaded_dot.png</href>
          </Icon>
          <scale>0.6</scale>
          <color>bf3744db</color>
        </IconStyle>
      </Style>
      <Point>
        <altitudeMode>clampToGround</altitudeMode>
        <coordinates>87.3246911623174,22.315848153214,0</coordinates>
      </Point>
    </Placemark>
    <Placemark>
      <Snippet maxLines="0"> </Snippet>
      <description>3
UTC 21-04-2026 10:19:12.00
GpsMilliseconds 1460801970000
22.3158499,87.3246699, EA(3m)
AltWgs84 -3.1 m, EA(5m)
Hdg 69 deg, Spd 0.1 m/s
EA(42.8 deg, 2.8 m/s)</description>
      <Style>
        <IconStyle>
          <Icon>
            <href>http://maps.google.com/mapfiles/kml/shapes/shaded_dot.png</href>
          </Icon>
          <scale>0.6</scale>
          <color>bf3744db</color>
        </IconStyle>
      </Style>
      <Point>
        <altitudeMode>clampToGround</altitudeMode>
        <coordinates>87.3246698666863,22.3158499414443,0</coordinates>
      </Point>
    </Placemark>
    <Placemark>
      <Snippet maxLines="0"> </Snippet>
      <description>4
UTC 21-04-2026 10:19:13.00
GpsMilliseconds 1460801971000
22.3158442,87.3246907, EA(4m)
AltWgs84 -10.3 m, EA(5m)
Hdg 100 deg, Spd 0.1 m/s
EA(41.2 deg, 2.8 m/s)</description>
      <Style>
        <IconStyle>
          <Icon>
            <href>http://maps.google.com/mapfiles/kml/shapes/shaded_dot.png</href>
          </Icon>
          <scale>0.6</scale>
          <color>bf3744db</color>
        </IconStyle>
      </Style>
      <Point>
        <altitudeMode>clampToGround</altitudeMode>
        <coordinates>87.3246907227325,22.3158442263048,0</coordinates>
      </Point>
    </Placemark>
    <Placemark>
      <Snippet maxLines="0"> </Snippet>
      <description>5
UTC 21-04-2026 10:19:14.00
GpsMilliseconds 1460801972000
22.3158463,87.3246916, EA(4m)
AltWgs84 -11.9 m, EA(5m)
Hdg 46 deg, Spd 0.3 m/s
EA(41.2 deg, 2.8 m/s)</description>
      <Style>
        <IconStyle>
          <Icon>
            <href>http://maps.google.com/mapfiles/kml/shapes/shaded_dot.png</href>
          </Icon>
          <scale>0.6</scale>
          <color>bf3744db</color>
        </IconStyle>
      </Style>
      <Point>
        <altitudeMode>clampToGround</altitudeMode>
        <coordinates>87.3246916297849,22.3158462630965,0</coordinates>
      </Point>
    </Placemark>
    <Placemark>
      <Snippet maxLines="0"> </Snippet>
      <description>6
UTC 21-04-2026 10:19:15.00
GpsMilliseconds 1460801973000
22.3158424,87.3246960, EA(4m)
AltWgs84 -12.4 m, EA(5m)
Hdg 63 deg, Spd 0.1 m/s
EA(39.2 deg, 2.9 m/s)</description>
      <Style>
        <IconStyle>
          <Icon>
            <href>http://maps.google.com/mapfiles/kml/shapes/shaded_dot.png</href>
          </Icon>
          <scale>0.6</scale>
          <color>bf3744db</color>
        </IconStyle>
      </Style>
      <Point>
        <altitudeMode>clampToGround</altitudeMode>
        <coordinates>87.3246959792305,22.3158424164742,0</coordinates>
      </Point>
    </Placemark>
    <Placemark>
      <Snippet maxLines="0"> </Snippet>
      <description>7
UTC 21-04-2026 10:19:16.00
GpsMilliseconds 1460801974000
22.3158506,87.3247017, EA(4m)
AltWgs84 -12.7 m, EA(5m)
Hdg 238 deg, Spd 0.1 m/s
EA(39.3 deg, 2.9 m/s)</description>
      <Style>
        <IconStyle>
          <Icon>
            <href>http://maps.google.com/mapfiles/kml/shapes/shaded_dot.png</href>
          </Icon>
          <scale>0.6</scale>
          <color>bf3744db</color>
        </IconStyle>
      </Style>
      <Point>
        <altitudeMode>clampToGround</altitudeMode>
        <coordinates>87.3247017235798,22.3158505535698,0</coordinates>
      </Point>
    </Placemark>
    <Placemark>
      <Snippet maxLines="0"> </Snippet>
      <description>8
UTC 21-04-2026 10:19:17.00
GpsMilliseconds 1460801975000
22.3158533,87.3246987, EA(4m)
AltWgs84 -13.7 m, EA(5m)
Hdg 74 deg, Spd 0.0 m/s
EA(42.3 deg, 3.0 m/s)</description>
      <Style>
        <IconStyle>
          <Icon>
            <href>http://maps.google.com/mapfiles/kml/shapes/shaded_dot.png</href>
          </Icon>
          <scale>0.6</scale>
          <color>bf3744db</color>
        </IconStyle>
      </Style>
      <Point>
        <altitudeMode>clampToGround</altitudeMode>
        <coordinates>87.3246986515914,22.3158532610026,0</coordinates>
      </Point>
    </Placemark>
    <Placemark>
      <Snippet maxLines="0"> </Snippet>
      <description>9
UTC 21-04-2026 10:19:18.00
GpsMilliseconds 1460801976000
22.3158553,87.3247040, EA(4m)
AltWgs84 -12.6 m, EA(5m)
Hdg 184 deg, Spd 0.0 m/s
EA(42.3 deg, 3.0 m/s)</description>
      <Style>
        <IconStyle>
          <Icon>
            <href>http://maps.google.com/mapfiles/kml/shapes/shaded_dot.png</href>
          </Icon>
          <scale>0.6</scale>
          <color>bf3744db</color>
        </IconStyle>
      </Style>
      <Point>
        <altitudeMode>clampToGround</altitudeMode>
        <coordinates>87.3247039825109,22.3158553021162,0</coordinates>
      </Point>
    </Placemark>
    <Placemark>
      <Snippet maxLines="0"> </Snippet>
      <description>10
UTC 21-04-2026 10:19:19.00
GpsMilliseconds 1460801977000
22.3158591,87.3247021, EA(4m)
AltWgs84 -12.7 m, EA(5m)
Hdg 64 deg, Spd 0.0 m/s
EA(42.3 deg, 3.0 m/s)</description>
      <Style>
        <IconStyle>
          <Icon>
            <href>http://maps.google.com/mapfiles/kml/shapes/shaded_dot.png</href>
          </Icon>
          <scale>0.6</scale>
          <color>bf3744db</color>
        </IconStyle>
      </Style>
      <Point>
        <altitudeMode>clampToGround</altitudeMode>
        <coordinates>87.3247021497489,22.3158591337153,0</coordinates>
      </Point>
    </Placemark>
    <Placemark>
      <Snippet maxLines="0"> </Snippet>
      <description>11
UTC 21-04-2026 10:19:20.00
GpsMilliseconds 1460801978000
22.3158577,87.3246995, EA(4m)
AltWgs84 -13.3 m, EA(5m)
Hdg 59 deg, Spd 0.0 m/s
EA(42.3 deg, 3.0 m/s)</description>
      <Style>
        <IconStyle>
          <Icon>
            <href>http://maps.google.com/mapfiles/kml/shapes/shaded_dot.png</href>
          </Icon>
          <scale>0.6</scale>
          <color>bf3744db</color>
        </IconStyle>
      </Style>
      <Point>
        <altitudeMode>clampToGround</altitudeMode>
        <coordinates>87.3246995379111,22.31585765549,0</coordinates>
      </Point>
    </Placemark>
    <Placemark>
      <Snippet maxLines="0"> </Snippet>
      <description>12
UTC 21-04-2026 10:19:21.00
GpsMilliseconds 1460801979000
22.3158530,87.3247033, EA(4m)
AltWgs84 -13.6 m, EA(5m)
Hdg 12 deg, Spd 0.2 m/s
EA(42.3 deg, 3.0 m/s)</description>
      <Style>
        <IconStyle>
          <Icon>
            <href>http://maps.google.com/mapfiles/kml/shapes/shaded_dot.png</href>
          </Icon>
          <scale>0.6</scale>
          <color>bf3744db</color>
        </IconStyle>
      </Style>
      <Point>
        <altitudeMode>clampToGround</altitudeMode>
        <coordinates>87.3247032517571,22.3158530352789,0</coordinates>
      </Point>
    </Placemark>
    <Placemark>
      <Snippet maxLines="0"> </Snippet>
      <description>13
UTC 21-04-2026 10:19:22.00
GpsMilliseconds 1460801980000
22.3158590,87.3246990, EA(4m)
AltWgs84 -12.5 m, EA(5m)
Hdg 269 deg, Spd 0.1 m/s
EA(42.3 deg, 3.0 m/s)</description>
      <Style>
        <IconStyle>
          <Icon>
            <href>http://maps.google.com/mapfiles/kml/shapes/shaded_dot.png</href>
          </Icon>
          <scale>0.6</scale>
          <color>bf3744db</color>
        </IconStyle>
      </Style>
      <Point>
        <altitudeMode>clampToGround</altitudeMode>
        <coordinates>87.3246989975668,22.3158589797801,0</coordinates>
      </Point>
    </Placemark>
    <Placemark>
      <Snippet maxLines="0"> </Snippet>
      <description>14
UTC 21-04-2026 10:19:23.00
GpsMilliseconds 1460801981000
22.3158513,87.3247038, EA(4m)
AltWgs84 -13.8 m, EA(5m)
Hdg 178 deg, Spd 0.1 m/s
EA(42.3 deg, 3.0 m/s)</description>
      <Style>
        <IconStyle>
          <Icon>
            <href>http://maps.google.com/mapfiles/kml/shapes/shaded_dot.png</href>
          </Icon>
          <scale>0.6</scale>
          <color>bf3744db</color>
        </IconStyle>
      </Style>
      <Point>
        <altitudeMode>clampToGround</altitudeMode>
        <coordinates>87.3247038301276,22.3158512875852,0</coordinates>
      </Point>
    </Placemark>
    <Placemark>
      <Snippet maxLines="0"> </Snippet>
      <description>15
UTC 21-04-2026 10:19:24.00
GpsMilliseconds 1460801982000
22.3158461,87.3247098, EA(4m)
AltWgs84 -14.6 m, EA(5m)
Hdg 257 deg, Spd 0.0 m/s
EA(42.3 deg, 3.0 m/s)</description>
      <Style>
        <IconStyle>
          <Icon>
            <href>http://maps.google.com/mapfiles/kml/shapes/shaded_dot.png</href>
          </Icon>
          <scale>0.6</scale>
          <color>bf3744db</color>
        </IconStyle>
      </Style>
      <Point>
        <altitudeMode>clampToGround</altitudeMode>
        <coordinates>87.324709796699,22.3158461140537,0</coordinates>
      </Point>
    </Placemark>
    <Placemark>
      <Snippet maxLines="0"> </Snippet>
      <description>16
UTC 21-04-2026 10:19:25.00
GpsMilliseconds 1460801983000
22.3158533,87.3247037, EA(4m)
AltWgs84 -14.9 m, EA(5m)
Hdg 354 deg, Spd 0.1 m/s
EA(42.3 deg, 3.0 m/s)</description>
      <Style>
        <IconStyle>
          <Icon>
            <href>http://maps.google.com/mapfiles/kml/shapes/shaded_dot.png</href>
          </Icon>
          <scale>0.6</scale>
          <color>bf3744db</color>
        </IconStyle>
      </Style>
      <Point>
        <altitudeMode>clampToGround</altitudeMode>
        <coordinates>87.3247036613256,22.3158533138685,0</coordinates>
      </Point>
    </Placemark>
    <Placemark>
      <Snippet maxLines="0"> </Snippet>
      <description>17
UTC 21-04-2026 10:19:26.00
GpsMilliseconds 1460801984000
22.3158535,87.3247110, EA(4m)
AltWgs84 -12.9 m, EA(5m)
Hdg 36 deg, Spd 0.2 m/s
EA(42.3 deg, 3.0 m/s)</description>
      <Style>
        <IconStyle>
          <Icon>
            <href>http://maps.google.com/mapfiles/kml/shapes/shaded_dot.png</href>
          </Icon>
          <scale>0.6</scale>
          <color>bf3744db</color>
        </IconStyle>
      </Style>
      <Point>
        <altitudeMode>clampToGround</altitudeMode>
        <coordinates>87.3247110068695,22.315853472641,0</coordinates>
      </Point>
    </Placemark>
    <Placemark>
      <Snippet maxLines="0"> </Snippet>
      <description>18
UTC 21-04-2026 10:19:27.00
GpsMilliseconds 1460801985000
22.3158654,87.3246920, EA(4m)
AltWgs84 -10.2 m, EA(5m)
Hdg 14 deg, Spd 0.2 m/s
EA(42.4 deg, 3.0 m/s)</description>
      <Style>
        <IconStyle>
          <Icon>
            <href>http://maps.google.com/mapfiles/kml/shapes/shaded_dot.png</href>
          </Icon>
          <scale>0.6</scale>
          <color>bf3744db</color>
        </IconStyle>
      </Style>
      <Point>
        <altitudeMode>clampToGround</altitudeMode>
        <coordinates>87.3246920408001,22.3158654068219,0</coordinates>
      </Point>
    </Placemark>
    <Placemark>
      <Snippet maxLines="0"> </Snippet>
      <description>19
UTC 21-04-2026 10:19:28.00
GpsMilliseconds 1460801986000
22.3158531,87.3246941, EA(4m)
AltWgs84 -14.5 m, EA(5m)
Hdg 51 deg, Spd 0.1 m/s
EA(42.4 deg, 3.0 m/s)</description>
      <Style>
        <IconStyle>
          <Icon>
            <href>http://maps.google.com/mapfiles/kml/shapes/shaded_dot.png</href>
          </Icon>
          <scale>0.6</scale>
          <color>bf3744db</color>
        </IconStyle>
      </Style>
      <Point>
        <altitudeMode>clampToGround</altitudeMode>
        <coordinates>87.3246940787064,22.3158531118474,0</coordinates>
      </Point>
    </Placemark>
    <Placemark>
      <Snippet maxLines="0"> </Snippet>
      <description>20
UTC 21-04-2026 10:19:29.00
GpsMilliseconds 1460801987000
22.3158516,87.3246922, EA(4m)
AltWgs84 -16.0 m, EA(5m)
Hdg 141 deg, Spd 0.0 m/s
EA(42.4 deg, 3.0 m/s)</description>
      <Style>
        <IconStyle>
          <Icon>
            <href>http://maps.google.com/mapfiles/kml/shapes/shaded_dot.png</href>
          </Icon>
          <scale>0.6</scale>
          <color>bf3744db</color>
        </IconStyle>
      </Style>
      <Point>
        <altitudeMode>clampToGround</altitudeMode>
        <coordinates>87.3246922398254,22.3158516317535,0</coordinates>
      </Point>
    </Placemark>
    <Placemark>
      <Snippet maxLines="0"> </Snippet>
      <description>21
UTC 21-04-2026 10:19:30.00
GpsMilliseconds 1460801988000
22.3158530,87.3246933, EA(4m)
AltWgs84 -14.5 m, EA(5m)
Hdg 192 deg, Spd 0.1 m/s
EA(42.4 deg, 3.0 m/s)</description>
      <Style>
        <IconStyle>
          <Icon>
            <href>http://maps.google.com/mapfiles/kml/shapes/shaded_dot.png</href>
          </Icon>
          <scale>0.6</scale>
          <color>bf3744db</color>
        </IconStyle>
      </Style>
      <Point>
        <altitudeMode>clampToGround</altitudeMode>
        <coordinates>87.3246933310814,22.3158529659509,0</coordinates>
      </Point>
    </Placemark>
    <Placemark>
      <Snippet maxLines="0"> </Snippet>
      <description>22
UTC 21-04-2026 10:19:31.00
GpsMilliseconds 1460801989000
22.3158484,87.3246917, EA(4m)
AltWgs84 -16.4 m, EA(5m)
Hdg 81 deg, Spd 0.0 m/s
EA(41.5 deg, 3.1 m/s)</description>
      <Style>
        <IconStyle>
          <Icon>
            <href>http://maps.google.com/mapfiles/kml/shapes/shaded_dot.png</href>
          </Icon>
          <scale>0.6</scale>
          <color>bf3744db</color>
        </IconStyle>
      </Style>
      <Point>
        <altitudeMode>clampToGround</altitudeMode>
        <coordinates>87.3246917366842,22.3158484069783,0</coordinates>
      </Point>
    </Placemark>
    <Placemark>
      <Snippet maxLines="0"> </Snippet>
      <description>23
UTC 21-04-2026 10:19:32.00
GpsMilliseconds 1460801990000
22.3158496,87.3246905, EA(4m)
AltWgs84 -16.0 m, EA(5m)
Hdg 136 deg, Spd 0.1 m/s
EA(41.5 deg, 3.1 m/s)</description>
      <Style>
        <IconStyle>
          <Icon>
            <href>http://maps.google.com/mapfiles/kml/shapes/shaded_dot.png</href>
          </Icon>
          <scale>0.6</scale>
          <color>bf3744db</color>
        </IconStyle>
      </Style>
      <Point>
        <altitudeMode>clampToGround</altitudeMode>
        <coordinates>87.3246905092112,22.3158496346903,0</coordinates>
      </Point>
    </Placemark>
    <Placemark>
      <Snippet maxLines="0"> </Snippet>
      <description>24
UTC 21-04-2026 10:19:33.00
GpsMilliseconds 1460801991000
22.3158523,87.3246905, EA(4m)
AltWgs84 -16.6 m, EA(5m)
Hdg 91 deg, Spd 0.0 m/s
EA(41.5 deg, 3.1 m/s)</description>
      <Style>
        <IconStyle>
          <Icon>
            <href>http://maps.google.com/mapfiles/kml/shapes/shaded_dot.png</href>
          </Icon>
          <scale>0.6</scale>
          <color>bf3744db</color>
        </IconStyle>
      </Style>
      <Point>
        <altitudeMode>clampToGround</altitudeMode>
        <coordinates>87.324690547373,22.3158522600888,0</coordinates>
      </Point>
    </Placemark>
    <Placemark>
      <Snippet maxLines="0"> </Snippet>
      <description>25
UTC 21-04-2026 10:19:34.00
GpsMilliseconds 1460801992000
22.3158520,87.3246901, EA(4m)
AltWgs84 -15.7 m, EA(5m)
Hdg 296 deg, Spd 0.1 m/s
EA(41.5 deg, 3.1 m/s)</description>
      <Style>
        <IconStyle>
          <Icon>
            <href>http://maps.google.com/mapfiles/kml/shapes/shaded_dot.png</href>
          </Icon>
          <scale>0.6</scale>
          <color>bf3744db</color>
        </IconStyle>
      </Style>
      <Point>
        <altitudeMode>clampToGround</altitudeMode>
        <coordinates>87.3246900555613,22.3158519577593,0</coordinates>
      </Point>
    </Placemark>
    <Placemark>
      <Snippet maxLines="0"> </Snippet>
      <description>26
UTC 21-04-2026 10:19:35.00
GpsMilliseconds 1460801993000
22.3158526,87.3246875, EA(4m)
AltWgs84 -15.5 m, EA(5m)
Hdg 151 deg, Spd 0.2 m/s
EA(41.5 deg, 3.1 m/s)</description>
      <Style>
        <IconStyle>
          <Icon>
            <href>http://maps.google.com/mapfiles/kml/shapes/shaded_dot.png</href>
          </Icon>
          <scale>0.6</scale>
          <color>bf3744db</color>
        </IconStyle>
      </Style>
      <Point>
        <altitudeMode>clampToGround</altitudeMode>
        <coordinates>87.3246875431799,22.3158525925965,0</coordinates>
      </Point>
    </Placemark>
    <Placemark>
      <Snippet maxLines="0"> </Snippet>
      <description>27
UTC 21-04-2026 10:19:36.00
GpsMilliseconds 1460801994000
22.3158547,87.3246897, EA(4m)
AltWgs84 -15.8 m, EA(5m)
Hdg 140 deg, Spd 0.2 m/s
EA(41.5 deg, 3.1 m/s)</description>
      <Style>
        <IconStyle>
          <Icon>
            <href>http://maps.google.com/mapfiles/kml/shapes/shaded_dot.png</href>
          </Icon>
          <scale>0.6</scale>
          <color>bf3744db</color>
        </IconStyle>
      </Style>
      <Point>
        <altitudeMode>clampToGround</altitudeMode>
        <coordinates>87.3246897301293,22.31585470602,0</coordinates>
      </Point>
    </Placemark>
    <Placemark>
      <Snippet maxLines="0"> </Snippet>
      <description>28
UTC 21-04-2026 10:19:37.00
GpsMilliseconds 1460801995000
22.3158527,87.3246927, EA(4m)
AltWgs84 -15.6 m, EA(5m)
Hdg 126 deg, Spd 0.1 m/s
EA(41.5 deg, 3.1 m/s)</description>
      <Style>
        <IconStyle>
          <Icon>
            <href>http://maps.google.com/mapfiles/kml/shapes/shaded_dot.png</href>
          </Icon>
          <scale>0.6</scale>
          <color>bf3744db</color>
        </IconStyle>
      </Style>
      <Point>
        <altitudeMode>clampToGround</altitudeMode>
        <coordinates>87.3246927424728,22.3158526975013,0</coordinates>
      </Point>
    </Placemark>
    <Placemark>
      <Snippet maxLines="0"> </Snippet>
      <description>29
UTC 21-04-2026 10:19:38.00
GpsMilliseconds 1460801996000
22.3158536,87.3246937, EA(4m)
AltWgs84 -13.9 m, EA(5m)
Hdg 135 deg, Spd 0.3 m/s
EA(41.5 deg, 3.1 m/s)</description>
      <Style>
        <IconStyle>
          <Icon>
            <href>http://maps.google.com/mapfiles/kml/shapes/shaded_dot.png</href>
          </Icon>
          <scale>0.6</scale>
          <color>bf3744db</color>
        </IconStyle>
      </Style>
      <Point>
        <altitudeMode>clampToGround</altitudeMode>
        <coordinates>87.324693687622,22.3158535880782,0</coordinates>
      </Point>
    </Placemark>
    <Placemark>
      <Snippet maxLines="0"> </Snippet>
      <description>30
UTC 21-04-2026 10:19:39.00
GpsMilliseconds 1460801997000
22.3158582,87.3246937, EA(4m)
AltWgs84 -14.0 m, EA(5m)
Hdg 135 deg, Spd 0.2 m/s
EA(41.5 deg, 3.1 m/s)</description>
      <Style>
        <IconStyle>
          <Icon>
            <href>http://maps.google.com/mapfiles/kml/shapes/shaded_dot.png</href>
          </Icon>
          <scale>0.6</scale>
          <color>bf3744db</color>
        </IconStyle>
      </Style>
      <Point>
        <altitudeMode>clampToGround</altitudeMode>
        <coordinates>87.3246937218139,22.3158582218965,0</coordinates>
      </Point>
    </Placemark>
    <Placemark>
      <Snippet maxLines="0"> </Snippet>
      <description>31
UTC 21-04-2026 10:19:40.00
GpsMilliseconds 1460801998000
22.3158581,87.3246936, EA(4m)
AltWgs84 -13.7 m, EA(5m)
Hdg 265 deg, Spd 0.1 m/s
EA(41.5 deg, 3.1 m/s)</description>
      <Style>
        <IconStyle>
          <Icon>
            <href>http://maps.google.com/mapfiles/kml/shapes/shaded_dot.png</href>
          </Icon>
          <scale>0.6</scale>
          <color>bf3744db</color>
        </IconStyle>
      </Style>
      <Point>
        <altitudeMode>clampToGround</altitudeMode>
        <coordinates>87.3246936003903,22.3158580599365,0</coordinates>
      </Point>
    </Placemark>
    <Placemark>
      <Snippet maxLines="0"> </Snippet>
      <description>32
UTC 21-04-2026 10:19:41.00
GpsMilliseconds 1460801999000
22.3158650,87.3246942, EA(4m)
AltWgs84 -12.8 m, EA(5m)
Hdg 253 deg, Spd 0.1 m/s
EA(41.5 deg, 3.1 m/s)</description>
      <Style>
        <IconStyle>
          <Icon>
            <href>http://maps.google.com/mapfiles/kml/shapes/shaded_dot.png</href>
          </Icon>
          <scale>0.6</scale>
          <color>bf3744db</color>
        </IconStyle>
      </Style>
      <Point>
        <altitudeMode>clampToGround</altitudeMode>
        <coordinates>87.3246942306853,22.3158649646619,0</coordinates>
      </Point>
    </Placemark>
    <Placemark>
      <Snippet maxLines="0"> </Snippet>
      <description>33
UTC 21-04-2026 10:19:42.00
GpsMilliseconds 1460802000000
22.3158364,87.3246956, EA(4m)
AltWgs84 -12.1 m, EA(5m)
Hdg 39 deg, Spd 0.1 m/s
EA(43.3 deg, 3.1 m/s)</description>
      <Style>
        <IconStyle>
          <Icon>
            <href>http://maps.google.com/mapfiles/kml/shapes/shaded_dot.png</href>
          </Icon>
          <scale>0.6</scale>
          <color>bf3744db</color>
        </IconStyle>
      </Style>
      <Point>
        <altitudeMode>clampToGround</altitudeMode>
        <coordinates>87.3246955679595,22.3158364390985,0</coordinates>
      </Point>
    </Placemark>
    <Placemark>
      <Snippet maxLines="0"> </Snippet>
      <description>34
UTC 21-04-2026 10:19:43.00
GpsMilliseconds 1460802001000
22.3158379,87.3246946, EA(4m)
AltWgs84 -12.3 m, EA(5m)
Hdg 50 deg, Spd 0.1 m/s
EA(43.3 deg, 3.1 m/s)</description>
      <Style>
        <IconStyle>
          <Icon>
            <href>http://maps.google.com/mapfiles/kml/shapes/shaded_dot.png</href>
          </Icon>
          <scale>0.6</scale>
          <color>bf3744db</color>
        </IconStyle>
      </Style>
      <Point>
        <altitudeMode>clampToGround</altitudeMode>
        <coordinates>87.3246945718275,22.3158378980384,0</coordinates>
      </Point>
    </Placemark>
    <Placemark>
      <Snippet maxLines="0"> </Snippet>
      <description>35
UTC 21-04-2026 10:19:44.00
GpsMilliseconds 1460802002000
22.3158396,87.3246952, EA(4m)
AltWgs84 -12.4 m, EA(5m)
Hdg 156 deg, Spd 0.0 m/s
EA(43.3 deg, 3.1 m/s)</description>
      <Style>
        <IconStyle>
          <Icon>
            <href>http://maps.google.com/mapfiles/kml/shapes/shaded_dot.png</href>
          </Icon>
          <scale>0.6</scale>
          <color>bf3744db</color>
        </IconStyle>
      </Style>
      <Point>
        <altitudeMode>clampToGround</altitudeMode>
        <coordinates>87.3246952248901,22.3158396011616,0</coordinates>
      </Point>
    </Placemark>
    <Placemark>
      <Snippet maxLines="0"> </Snippet>
      <description>36
UTC 21-04-2026 10:19:45.00
GpsMilliseconds 1460802003000
22.3158712,87.3246951, EA(4m)
AltWgs84 -7.4 m, EA(5m)
Hdg 36 deg, Spd 0.0 m/s
EA(44.0 deg, 2.9 m/s)</description>
      <Style>
        <IconStyle>
          <Icon>
            <href>http://maps.google.com/mapfiles/kml/shapes/shaded_dot.png</href>
          </Icon>
          <scale>0.6</scale>
          <color>bf3744db</color>
        </IconStyle>
      </Style>
      <Point>
        <altitudeMode>clampToGround</altitudeMode>
        <coordinates>87.3246951422195,22.3158711936991,0</coordinates>
      </Point>
    </Placemark>
    <Placemark>
      <Snippet maxLines="0"> </Snippet>
      <description>37
UTC 21-04-2026 10:19:46.00
GpsMilliseconds 1460802004000
22.3158557,87.3246954, EA(4m)
AltWgs84 -10.7 m, EA(5m)
Hdg 289 deg, Spd 0.1 m/s
EA(44.0 deg, 2.9 m/s)</description>
      <Style>
        <IconStyle>
          <Icon>
            <href>http://maps.google.com/mapfiles/kml/shapes/shaded_dot.png</href>
          </Icon>
          <scale>0.6</scale>
          <color>bf3744db</color>
        </IconStyle>
      </Style>
      <Point>
        <altitudeMode>clampToGround</altitudeMode>
        <coordinates>87.3246953880723,22.31585570949,0</coordinates>
      </Point>
    </Placemark>
    <Placemark>
      <Snippet maxLines="0"> </Snippet>
      <description>38
UTC 21-04-2026 10:19:47.00
GpsMilliseconds 1460802005000
22.3158533,87.3246984, EA(4m)
AltWgs84 -11.3 m, EA(5m)
Hdg 13 deg, Spd 0.4 m/s
EA(44.0 deg, 2.9 m/s)</description>
      <Style>
        <IconStyle>
          <Icon>
            <href>http://maps.google.com/mapfiles/kml/shapes/shaded_dot.png</href>
          </Icon>
          <scale>0.6</scale>
          <color>bf3744db</color>
        </IconStyle>
      </Style>
      <Point>
        <altitudeMode>clampToGround</altitudeMode>
        <coordinates>87.3246983934726,22.3158532682299,0</coordinates>
      </Point>
    </Placemark>
    <Placemark>
      <Snippet maxLines="0"> </Snippet>
      <description>39
UTC 21-04-2026 10:19:48.00
GpsMilliseconds 1460802006000
22.3158498,87.3246992, EA(4m)
AltWgs84 -11.7 m, EA(5m)
Hdg 127 deg, Spd 0.1 m/s
EA(44.0 deg, 2.9 m/s)</description>
      <Style>
        <IconStyle>
          <Icon>
            <href>http://maps.google.com/mapfiles/kml/shapes/shaded_dot.png</href>
          </Icon>
          <scale>0.6</scale>
          <color>bf3744db</color>
        </IconStyle>
      </Style>
      <Point>
        <altitudeMode>clampToGround</altitudeMode>
        <coordinates>87.3246991969361,22.3158498293279,0</coordinates>
      </Point>
    </Placemark>
    <Placemark>
      <Snippet maxLines="0"> </Snippet>
      <description>40
UTC 21-04-2026 10:19:49.00
GpsMilliseconds 1460802007000
22.3158463,87.3247027, EA(4m)
AltWgs84 -11.9 m, EA(5m)
Hdg 213 deg, Spd 0.2 m/s
EA(44.0 deg, 2.9 m/s)</description>
      <Style>
        <IconStyle>
          <Icon>
            <href>http://maps.google.com/mapfiles/kml/shapes/shaded_dot.png</href>
          </Icon>
          <scale>0.6</scale>
          <color>bf3744db</color>
        </IconStyle>
      </Style>
      <Point>
        <altitudeMode>clampToGround</altitudeMode>
        <coordinates>87.3247027194692,22.3158463358354,0</coordinates>
      </Point>
    </Placemark>
    <Placemark>
      <Snippet maxLines="0"> </Snippet>
      <description>41
UTC 21-04-2026 10:19:50.00
GpsMilliseconds 1460802008000
22.3158484,87.3246966, EA(4m)
AltWgs84 -11.7 m, EA(5m)
Hdg 208 deg, Spd 0.2 m/s
EA(44.0 deg, 2.9 m/s)</description>
      <Style>
        <IconStyle>
          <Icon>
            <href>http://maps.google.com/mapfiles/kml/shapes/shaded_dot.png</href>
          </Icon>
          <scale>0.6</scale>
          <color>bf3744db</color>
        </IconStyle>
      </Style>
      <Point>
        <altitudeMode>clampToGround</altitudeMode>
        <coordinates>87.3246966466931,22.315848434188,0</coordinates>
      </Point>
    </Placemark>
    <Placemark>
      <Snippet maxLines="0"> </Snippet>
      <description>42
UTC 21-04-2026 10:19:51.00
GpsMilliseconds 1460802009000
22.3158481,87.3247000, EA(4m)
AltWgs84 -12.4 m, EA(5m)
Hdg 210 deg, Spd 0.2 m/s
EA(44.0 deg, 2.9 m/s)</description>
      <Style>
        <IconStyle>
          <Icon>
            <href>http://maps.google.com/mapfiles/kml/shapes/shaded_dot.png</href>
          </Icon>
          <scale>0.6</scale>
          <color>bf3744db</color>
        </IconStyle>
      </Style>
      <Point>
        <altitudeMode>clampToGround</altitudeMode>
        <coordinates>87.3246999742899,22.3158480563349,0</coordinates>
      </Point>
    </Placemark>
    <Placemark>
      <Snippet maxLines="0"> </Snippet>
      <description>43
UTC 21-04-2026 10:19:52.00
GpsMilliseconds 1460802010000
22.3158489,87.3247002, EA(4m)
AltWgs84 -11.8 m, EA(5m)
Hdg 249 deg, Spd 0.1 m/s
EA(44.0 deg, 2.9 m/s)</description>
      <Style>
        <IconStyle>
          <Icon>
            <href>http://maps.google.com/mapfiles/kml/shapes/shaded_dot.png</href>
          </Icon>
          <scale>0.6</scale>
          <color>bf3744db</color>
        </IconStyle>
      </Style>
      <Point>
        <altitudeMode>clampToGround</altitudeMode>
        <coordinates>87.3247002382383,22.3158488926205,0</coordinates>
      </Point>
    </Placemark>
    <Placemark>
      <Snippet maxLines="0"> </Snippet>
      <description>44
UTC 21-04-2026 10:19:53.00
GpsMilliseconds 1460802011000
22.3158555,87.3247010, EA(4m)
AltWgs84 -11.2 m, EA(5m)
Hdg 336 deg, Spd 0.1 m/s
EA(44.0 deg, 2.9 m/s)</description>
      <Style>
        <IconStyle>
          <Icon>
            <href>http://maps.google.com/mapfiles/kml/shapes/shaded_dot.png</href>
          </Icon>
          <scale>0.6</scale>
          <color>bf3744db</color>
        </IconStyle>
      </Style>
      <Point>
        <altitudeMode>clampToGround</altitudeMode>
        <coordinates>87.3247010429721,22.3158554703594,0</coordinates>
      </Point>
    </Placemark>
    <Placemark>
      <Snippet maxLines="0"> </Snippet>
      <description>45
UTC 21-04-2026 10:19:54.00
GpsMilliseconds 1460802012000
22.3158526,87.3247050, EA(4m)
AltWgs84 -11.4 m, EA(5m)
Hdg 49 deg, Spd 0.2 m/s
EA(44.0 deg, 2.9 m/s)</description>
      <Style>
        <IconStyle>
          <Icon>
            <href>http://maps.google.com/mapfiles/kml/shapes/shaded_dot.png</href>
          </Icon>
          <scale>0.6</scale>
          <color>bf3744db</color>
        </IconStyle>
      </Style>
      <Point>
        <altitudeMode>clampToGround</altitudeMode>
        <coordinates>87.3247049644747,22.3158525586814,0</coordinates>
      </Point>
    </Placemark>
    <Placemark>
      <Snippet maxLines="0"> </Snippet>
      <description>46
UTC 21-04-2026 10:19:55.00
GpsMilliseconds 1460802013000
22.3158566,87.3247047, EA(4m)
AltWgs84 -9.6 m, EA(5m)
Hdg 257 deg, Spd 0.2 m/s
EA(40.9 deg, 2.8 m/s)</description>
      <Style>
        <IconStyle>
          <Icon>
            <href>http://maps.google.com/mapfiles/kml/shapes/shaded_dot.png</href>
          </Icon>
          <scale>0.6</scale>
          <color>bf3744db</color>
        </IconStyle>
      </Style>
      <Point>
        <altitudeMode>clampToGround</altitudeMode>
        <coordinates>87.3247046927141,22.315856581165,0</coordinates>
      </Point>
    </Placemark>
    <Placemark>
      <Snippet maxLines="0"> </Snippet>
      <description>47
UTC 21-04-2026 10:19:56.00
GpsMilliseconds 1460802014000
22.3158522,87.3247047, EA(4m)
AltWgs84 -10.0 m, EA(5m)
Hdg 239 deg, Spd 0.3 m/s
EA(40.9 deg, 2.8 m/s)</description>
      <Style>
        <IconStyle>
          <Icon>
            <href>http://maps.google.com/mapfiles/kml/shapes/shaded_dot.png</href>
          </Icon>
          <scale>0.6</scale>
          <color>bf3744db</color>
        </IconStyle>
      </Style>
      <Point>
        <altitudeMode>clampToGround</altitudeMode>
        <coordinates>87.3247047009047,22.3158521635576,0</coordinates>
      </Point>
    </Placemark>
    <Placemark>
      <Snippet maxLines="0"> </Snippet>
      <description>48
UTC 21-04-2026 10:19:57.00
GpsMilliseconds 1460802015000
22.3158577,87.3247010, EA(4m)
AltWgs84 -9.8 m, EA(5m)
Hdg 170 deg, Spd 0.1 m/s
EA(40.9 deg, 2.8 m/s)</description>
      <Style>
        <IconStyle>
          <Icon>
            <href>http://maps.google.com/mapfiles/kml/shapes/shaded_dot.png</href>
          </Icon>
          <scale>0.6</scale>
          <color>bf3744db</color>
        </IconStyle>
      </Style>
      <Point>
        <altitudeMode>clampToGround</altitudeMode>
        <coordinates>87.3247010460129,22.3158577209122,0</coordinates>
      </Point>
    </Placemark>
    <Placemark>
      <Snippet maxLines="0"> </Snippet>
      <description>49
UTC 21-04-2026 10:19:58.00
GpsMilliseconds 1460802016000
22.3158521,87.3246996, EA(4m)
AltWgs84 -10.4 m, EA(5m)
Hdg 247 deg, Spd 0.1 m/s
EA(40.9 deg, 2.8 m/s)</description>
      <Style>
        <IconStyle>
          <Icon>
            <href>http://maps.google.com/mapfiles/kml/shapes/shaded_dot.png</href>
          </Icon>
          <scale>0.6</scale>
          <color>bf3744db</color>
        </IconStyle>
      </Style>
      <Point>
        <altitudeMode>clampToGround</altitudeMode>
        <coordinates>87.3246996403752,22.3158521290278,0</coordinates>
      </Point>
    </Placemark>
    <Placemark>
      <Snippet maxLines="0"> </Snippet>
      <description>50
UTC 21-04-2026 10:19:59.00
GpsMilliseconds 1460802017000
22.3158521,87.3246992, EA(4m)
AltWgs84 -10.5 m, EA(5m)
Hdg 10 deg, Spd 0.1 m/s
EA(40.9 deg, 2.8 m/s)</description>
      <Style>
        <IconStyle>
          <Icon>
            <href>http://maps.google.com/mapfiles/kml/shapes/shaded_dot.png</href>
          </Icon>
          <scale>0.6</scale>
          <color>bf3744db</color>
        </IconStyle>
      </Style>
      <Point>
        <altitudeMode>clampToGround</altitudeMode>
        <coordinates>87.324699153032,22.3158521296108,0</coordinates>
      </Point>
    </Placemark>
    <Placemark>
      <Snippet maxLines="0"> </Snippet>
      <description>51
UTC 21-04-2026 10:20:00.00
GpsMilliseconds 1460802018000
22.3158517,87.3246940, EA(4m)
AltWgs84 -10.7 m, EA(5m)
Hdg 36 deg, Spd 0.4 m/s
EA(40.9 deg, 2.8 m/s)</description>
      <Style>
        <IconStyle>
          <Icon>
            <href>http://maps.google.com/mapfiles/kml/shapes/shaded_dot.png</href>
          </Icon>
          <scale>0.6</scale>
          <color>bf3744db</color>
        </IconStyle>
      </Style>
      <Point>
        <altitudeMode>clampToGround</altitudeMode>
        <coordinates>87.324694018042,22.3158516510183,0</coordinates>
      </Point>
    </Placemark>
    <Placemark>
      <Snippet maxLines="0"> </Snippet>
      <description>52
UTC 21-04-2026 10:20:01.00
GpsMilliseconds 1460802019000
22.3158590,87.3246936, EA(4m)
AltWgs84 -9.1 m, EA(5m)
Hdg 67 deg, Spd 0.5 m/s
EA(40.9 deg, 2.8 m/s)</description>
      <Style>
        <IconStyle>
          <Icon>
            <href>http://maps.google.com/mapfiles/kml/shapes/shaded_dot.png</href>
          </Icon>
          <scale>0.6</scale>
          <color>bf3744db</color>
        </IconStyle>
      </Style>
      <Point>
        <altitudeMode>clampToGround</altitudeMode>
        <coordinates>87.3246936148926,22.315859005778,0</coordinates>
      </Point>
    </Placemark>
    <Placemark>
      <Snippet maxLines="0"> </Snippet>
      <description>53
UTC 21-04-2026 10:20:02.00
GpsMilliseconds 1460802020000
22.3158530,87.3246845, EA(4m)
AltWgs84 -10.8 m, EA(5m)
Hdg 352 deg, Spd 0.1 m/s
EA(44.0 deg, 2.9 m/s)</description>
      <Style>
        <IconStyle>
          <Icon>
            <href>http://maps.google.com/mapfiles/kml/shapes/shaded_dot.png</href>
          </Icon>
          <scale>0.6</scale>
          <color>bf3744db</color>
        </IconStyle>
      </Style>
      <Point>
        <altitudeMode>clampToGround</altitudeMode>
        <coordinates>87.3246845186835,22.3158530401658,0</coordinates>
      </Point>
    </Placemark>
    <Placemark>
      <Snippet maxLines="0"> </Snippet>
      <description>54
UTC 21-04-2026 10:20:03.00
GpsMilliseconds 1460802021000
22.3158575,87.3246864, EA(4m)
AltWgs84 -10.5 m, EA(5m)
Hdg 235 deg, Spd 0.1 m/s
EA(44.0 deg, 2.9 m/s)</description>
      <Style>
        <IconStyle>
          <Icon>
            <href>http://maps.google.com/mapfiles/kml/shapes/shaded_dot.png</href>
          </Icon>
          <scale>0.6</scale>
          <color>bf3744db</color>
        </IconStyle>
      </Style>
      <Point>
        <altitudeMode>clampToGround</altitudeMode>
        <coordinates>87.3246864476216,22.3158574831574,0</coordinates>
      </Point>
    </Placemark>
    <Placemark>
      <Snippet maxLines="0"> </Snippet>
      <description>55
UTC 21-04-2026 10:20:04.00
GpsMilliseconds 1460802022000
22.3158575,87.3246829, EA(4m)
AltWgs84 -10.8 m, EA(5m)
Hdg 359 deg, Spd 0.2 m/s
EA(44.0 deg, 2.9 m/s)</description>
      <Style>
        <IconStyle>
          <Icon>
            <href>http://maps.google.com/mapfiles/kml/shapes/shaded_dot.png</href>
          </Icon>
          <scale>0.6</scale>
          <color>bf3744db</color>
        </IconStyle>
      </Style>
      <Point>
        <altitudeMode>clampToGround</altitudeMode>
        <coordinates>87.3246829154286,22.3158575445207,0</coordinates>
      </Point>
    </Placemark>
    <Placemark>
      <Snippet maxLines="0"> </Snippet>
      <description>56
UTC 21-04-2026 10:20:05.00
GpsMilliseconds 1460802023000
22.3158536,87.3246777, EA(4m)
AltWgs84 -11.8 m, EA(5m)
Hdg 190 deg, Spd 0.1 m/s
EA(44.0 deg, 2.9 m/s)</description>
      <Style>
        <IconStyle>
          <Icon>
            <href>http://maps.google.com/mapfiles/kml/shapes/shaded_dot.png</href>
          </Icon>
          <scale>0.6</scale>
          <color>bf3744db</color>
        </IconStyle>
      </Style>
      <Point>
        <altitudeMode>clampToGround</altitudeMode>
        <coordinates>87.3246776530895,22.3158536073139,0</coordinates>
      </Point>
    </Placemark>
    <Placemark>
      <Snippet maxLines="0"> </Snippet>
      <description>57
UTC 21-04-2026 10:20:06.00
GpsMilliseconds 1460802024000
22.3158579,87.3246804, EA(4m)
AltWgs84 -9.1 m, EA(5m)
Hdg 195 deg, Spd 0.1 m/s
EA(44.0 deg, 2.9 m/s)</description>
      <Style>
        <IconStyle>
          <Icon>
            <href>http://maps.google.com/mapfiles/kml/shapes/shaded_dot.png</href>
          </Icon>
          <scale>0.6</scale>
          <color>bf3744db</color>
        </IconStyle>
      </Style>
      <Point>
        <altitudeMode>clampToGround</altitudeMode>
        <coordinates>87.3246803572943,22.3158578529498,0</coordinates>
      </Point>
    </Placemark>
    <Placemark>
      <Snippet maxLines="0"> </Snippet>
      <description>58
UTC 21-04-2026 10:20:07.00
GpsMilliseconds 1460802025000
22.3158577,87.3246946, EA(4m)
AltWgs84 -9.1 m, EA(5m)
Hdg 59 deg, Spd 0.3 m/s
EA(40.9 deg, 2.8 m/s)</description>
      <Style>
        <IconStyle>
          <Icon>
            <href>http://maps.google.com/mapfiles/kml/shapes/shaded_dot.png</href>
          </Icon>
          <scale>0.6</scale>
          <color>bf3744db</color>
        </IconStyle>
      </Style>
      <Point>
        <altitudeMode>clampToGround</altitudeMode>
        <coordinates>87.3246945888127,22.3158576615895,0</coordinates>
      </Point>
    </Placemark>
    <Placemark>
      <Snippet maxLines="0"> </Snippet>
      <description>59
UTC 21-04-2026 10:20:08.00
GpsMilliseconds 1460802026000
22.3158506,87.3246911, EA(4m)
AltWgs84 -10.2 m, EA(5m)
Hdg 129 deg, Spd 0.1 m/s
EA(39.5 deg, 2.9 m/s)</description>
      <Style>
        <IconStyle>
          <Icon>
            <href>http://maps.google.com/mapfiles/kml/shapes/shaded_dot.png</href>
          </Icon>
          <scale>0.6</scale>
          <color>bf3744db</color>
        </IconStyle>
      </Style>
      <Point>
        <altitudeMode>clampToGround</altitudeMode>
        <coordinates>87.324691055721,22.3158506126894,0</coordinates>
      </Point>
    </Placemark>
    <Placemark>
      <Snippet maxLines="0"> </Snippet>
      <description>60
UTC 21-04-2026 10:20:09.00
GpsMilliseconds 1460802027000
22.3158511,87.3246935, EA(4m)
AltWgs84 -10.1 m, EA(5m)
Hdg 232 deg, Spd 0.3 m/s
EA(39.5 deg, 2.9 m/s)</description>
      <Style>
        <IconStyle>
          <Icon>
            <href>http://maps.google.com/mapfiles/kml/shapes/shaded_dot.png</href>
          </Icon>
          <scale>0.6</scale>
          <color>bf3744db</color>
        </IconStyle>
      </Style>
      <Point>
        <altitudeMode>clampToGround</altitudeMode>
        <coordinates>87.3246935493918,22.315851114561,0</coordinates>
      </Point>
    </Placemark>
    <Placemark>
      <Snippet maxLines="0"> </Snippet>
      <description>61
UTC 21-04-2026 10:20:10.00
GpsMilliseconds 1460802028000
22.3158484,87.3246976, EA(4m)
AltWgs84 -9.9 m, EA(5m)
Hdg 244 deg, Spd 0.2 m/s
EA(39.5 deg, 2.9 m/s)</description>
      <Style>
        <IconStyle>
          <Icon>
            <href>http://maps.google.com/mapfiles/kml/shapes/shaded_dot.png</href>
          </Icon>
          <scale>0.6</scale>
          <color>bf3744db</color>
        </IconStyle>
      </Style>
      <Point>
        <altitudeMode>clampToGround</altitudeMode>
        <coordinates>87.3246975838881,22.3158483785124,0</coordinates>
      </Point>
    </Placemark>
    <Placemark>
      <Snippet maxLines="0"> </Snippet>
      <description>62
UTC 21-04-2026 10:20:11.00
GpsMilliseconds 1460802029000
22.3158564,87.3247001, EA(4m)
AltWgs84 -7.2 m, EA(5m)
Hdg 218 deg, Spd 0.3 m/s
EA(40.9 deg, 2.8 m/s)</description>
      <Style>
        <IconStyle>
          <Icon>
            <href>http://maps.google.com/mapfiles/kml/shapes/shaded_dot.png</href>
          </Icon>
          <scale>0.6</scale>
          <color>bf3744db</color>
        </IconStyle>
      </Style>
      <Point>
        <altitudeMode>clampToGround</altitudeMode>
        <coordinates>87.3247000789758,22.3158563713797,0</coordinates>
      </Point>
    </Placemark>
    <Placemark>
      <Snippet maxLines="0"> </Snippet>
      <description>63
UTC 21-04-2026 10:20:12.00
GpsMilliseconds 1460802030000
22.3158527,87.3246978, EA(4m)
AltWgs84 -8.7 m, EA(5m)
Hdg 221 deg, Spd 0.3 m/s
EA(40.9 deg, 2.8 m/s)</description>
      <Style>
        <IconStyle>
          <Icon>
            <href>http://maps.google.com/mapfiles/kml/shapes/shaded_dot.png</href>
          </Icon>
          <scale>0.6</scale>
          <color>bf3744db</color>
        </IconStyle>
      </Style>
      <Point>
        <altitudeMode>clampToGround</altitudeMode>
        <coordinates>87.3246978255149,22.3158527297069,0</coordinates>
      </Point>
    </Placemark>
    <Placemark>
      <Snippet maxLines="0"> </Snippet>
      <description>64
UTC 21-04-2026 10:20:13.00
GpsMilliseconds 1460802031000
22.3158489,87.3246966, EA(4m)
AltWgs84 -9.8 m, EA(5m)
Hdg 95 deg, Spd 0.1 m/s
EA(40.9 deg, 2.8 m/s)</description>
      <Style>
        <IconStyle>
          <Icon>
            <href>http://maps.google.com/mapfiles/kml/shapes/shaded_dot.png</href>
          </Icon>
          <scale>0.6</scale>
          <color>bf3744db</color>
        </IconStyle>
      </Style>
      <Point>
        <altitudeMode>clampToGround</altitudeMode>
        <coordinates>87.3246965678106,22.3158489010831,0</coordinates>
      </Point>
    </Placemark>
    <Placemark>
      <Snippet maxLines="0"> </Snippet>
      <description>65
UTC 21-04-2026 10:20:14.00
GpsMilliseconds 1460802032000
22.3158362,87.3247007, EA(4m)
AltWgs84 -12.0 m, EA(5m)
Hdg 48 deg, Spd 0.4 m/s
EA(40.9 deg, 2.8 m/s)</description>
      <Style>
        <IconStyle>
          <Icon>
            <href>http://maps.google.com/mapfiles/kml/shapes/shaded_dot.png</href>
          </Icon>
          <scale>0.6</scale>
          <color>bf3744db</color>
        </IconStyle>
      </Style>
      <Point>
        <altitudeMode>clampToGround</altitudeMode>
        <coordinates>87.3247006692064,22.3158361557829,0</coordinates>
      </Point>
    </Placemark>
    <Placemark>
      <Snippet maxLines="0"> </Snippet>
      <description>66
UTC 21-04-2026 10:20:15.00
GpsMilliseconds 1460802033000
22.3158311,87.3246988, EA(4m)
AltWgs84 -13.9 m, EA(5m)
Hdg 215 deg, Spd 0.2 m/s
EA(40.9 deg, 2.8 m/s)</description>
      <Style>
        <IconStyle>
          <Icon>
            <href>http://maps.google.com/mapfiles/kml/shapes/shaded_dot.png</href>
          </Icon>
          <scale>0.6</scale>
          <color>bf3744db</color>
        </IconStyle>
      </Style>
      <Point>
        <altitudeMode>clampToGround</altitudeMode>
        <coordinates>87.3246987560862,22.3158311473996,0</coordinates>
      </Point>
    </Placemark>
    <Placemark>
      <Snippet maxLines="0"> </Snippet>
      <description>67
UTC 21-04-2026 10:20:16.00
GpsMilliseconds 1460802034000
22.3158250,87.3247004, EA(4m)
AltWgs84 -14.4 m, EA(5m)
Hdg 259 deg, Spd 0.1 m/s
EA(44.0 deg, 2.9 m/s)</description>
      <Style>
        <IconStyle>
          <Icon>
            <href>http://maps.google.com/mapfiles/kml/shapes/shaded_dot.png</href>
          </Icon>
          <scale>0.6</scale>
          <color>bf3744db</color>
        </IconStyle>
      </Style>
      <Point>
        <altitudeMode>clampToGround</altitudeMode>
        <coordinates>87.3247004456904,22.3158249845381,0</coordinates>
      </Point>
    </Placemark>
    <Placemark>
      <Snippet maxLines="0"> </Snippet>
      <description>68
UTC 21-04-2026 10:20:17.00
GpsMilliseconds 1460802035000
22.3158244,87.3247032, EA(4m)
AltWgs84 -14.5 m, EA(5m)
Hdg 291 deg, Spd 0.3 m/s
EA(44.0 deg, 2.9 m/s)</description>
      <Style>
        <IconStyle>
          <Icon>
            <href>http://maps.google.com/mapfiles/kml/shapes/shaded_dot.png</href>
          </Icon>
          <scale>0.6</scale>
          <color>bf3744db</color>
        </IconStyle>
      </Style>
      <Point>
        <altitudeMode>clampToGround</altitudeMode>
        <coordinates>87.324703201192,22.3158244467227,0</coordinates>
      </Point>
    </Placemark>
    <Placemark>
      <Snippet maxLines="0"> </Snippet>
      <description>69
UTC 21-04-2026 10:20:18.00
GpsMilliseconds 1460802036000
22.3158216,87.3246980, EA(4m)
AltWgs84 -15.3 m, EA(5m)
Hdg 202 deg, Spd 0.3 m/s
EA(44.0 deg, 2.9 m/s)</description>
      <Style>
        <IconStyle>
          <Icon>
            <href>http://maps.google.com/mapfiles/kml/shapes/shaded_dot.png</href>
          </Icon>
          <scale>0.6</scale>
          <color>bf3744db</color>
        </IconStyle>
      </Style>
      <Point>
        <altitudeMode>clampToGround</altitudeMode>
        <coordinates>87.3246979813635,22.3158216046898,0</coordinates>
      </Point>
    </Placemark>
    <Placemark>
      <Snippet maxLines="0"> </Snippet>
      <description>70
UTC 21-04-2026 10:20:19.00
GpsMilliseconds 1460802037000
22.3158158,87.3246935, EA(4m)
AltWgs84 -16.6 m, EA(5m)
Hdg 171 deg, Spd 0.0 m/s
EA(43.4 deg, 3.1 m/s)</description>
      <Style>
        <IconStyle>
          <Icon>
            <href>http://maps.google.com/mapfiles/kml/shapes/shaded_dot.png</href>
          </Icon>
          <scale>0.6</scale>
          <color>bf3744db</color>
        </IconStyle>
      </Style>
      <Point>
        <altitudeMode>clampToGround</altitudeMode>
        <coordinates>87.3246935232575,22.3158157853582,0</coordinates>
      </Point>
    </Placemark>
    <Placemark>
      <Snippet maxLines="0"> </Snippet>
      <description>71
UTC 21-04-2026 10:20:20.00
GpsMilliseconds 1460802038000
22.3158188,87.3246909, EA(4m)
AltWgs84 -16.9 m, EA(5m)
Hdg 351 deg, Spd 0.1 m/s
EA(43.4 deg, 3.1 m/s)</description>
      <Style>
        <IconStyle>
          <Icon>
            <href>http://maps.google.com/mapfiles/kml/shapes/shaded_dot.png</href>
          </Icon>
          <scale>0.6</scale>
          <color>bf3744db</color>
        </IconStyle>
      </Style>
      <Point>
        <altitudeMode>clampToGround</altitudeMode>
        <coordinates>87.3246909435926,22.3158188168536,0</coordinates>
      </Point>
    </Placemark>
    <Placemark>
      <Snippet maxLines="0"> </Snippet>
      <description>72
UTC 21-04-2026 10:20:21.00
GpsMilliseconds 1460802039000
22.3158150,87.3246944, EA(4m)
AltWgs84 -16.8 m, EA(5m)
Hdg 161 deg, Spd 0.3 m/s
EA(43.4 deg, 3.1 m/s)</description>
      <Style>
        <IconStyle>
          <Icon>
            <href>http://maps.google.com/mapfiles/kml/shapes/shaded_dot.png</href>
          </Icon>
          <scale>0.6</scale>
          <color>bf3744db</color>
        </IconStyle>
      </Style>
      <Point>
        <altitudeMode>clampToGround</altitudeMode>
        <coordinates>87.3246944023707,22.3158150030113,0</coordinates>
      </Point>
    </Placemark>
    <Placemark>
      <Snippet maxLines="0"> </Snippet>
      <description>73
UTC 21-04-2026 10:20:22.00
GpsMilliseconds 1460802040000
22.3158234,87.3246885, EA(4m)
AltWgs84 -16.5 m, EA(5m)
Hdg 224 deg, Spd 0.1 m/s
EA(45.8 deg, 2.9 m/s)</description>
      <Style>
        <IconStyle>
          <Icon>
            <href>http://maps.google.com/mapfiles/kml/shapes/shaded_dot.png</href>
          </Icon>
          <scale>0.6</scale>
          <color>bf3744db</color>
        </IconStyle>
      </Style>
      <Point>
        <altitudeMode>clampToGround</altitudeMode>
        <coordinates>87.3246885480938,22.3158234485871,0</coordinates>
      </Point>
    </Placemark>
    <Placemark>
      <Snippet maxLines="0"> </Snippet>
      <description>74
UTC 21-04-2026 10:20:23.00
GpsMilliseconds 1460802041000
22.3158248,87.3246834, EA(4m)
AltWgs84 -16.7 m, EA(5m)
Hdg 182 deg, Spd 0.1 m/s
EA(45.8 deg, 2.9 m/s)</description>
      <Style>
        <IconStyle>
          <Icon>
            <href>http://maps.google.com/mapfiles/kml/shapes/shaded_dot.png</href>
          </Icon>
          <scale>0.6</scale>
          <color>bf3744db</color>
        </IconStyle>
      </Style>
      <Point>
        <altitudeMode>clampToGround</altitudeMode>
        <coordinates>87.3246834176532,22.3158247694272,0</coordinates>
      </Point>
    </Placemark>
    <Placemark>
      <Snippet maxLines="0"> </Snippet>
      <description>75
UTC 21-04-2026 10:20:24.00
GpsMilliseconds 1460802042000
22.3158284,87.3246833, EA(4m)
AltWgs84 -17.0 m, EA(5m)
Hdg 147 deg, Spd 0.2 m/s
EA(45.8 deg, 2.9 m/s)</description>
      <Style>
        <IconStyle>
          <Icon>
            <href>http://maps.google.com/mapfiles/kml/shapes/shaded_dot.png</href>
          </Icon>
          <scale>0.6</scale>
          <color>bf3744db</color>
        </IconStyle>
      </Style>
      <Point>
        <altitudeMode>clampToGround</altitudeMode>
        <coordinates>87.3246833485715,22.3158284493756,0</coordinates>
      </Point>
    </Placemark>
    <Placemark>
      <Snippet maxLines="0"> </Snippet>
      <description>76
UTC 21-04-2026 10:20:25.00
GpsMilliseconds 1460802043000
22.3158305,87.3246801, EA(4m)
AltWgs84 -17.4 m, EA(5m)
Hdg 177 deg, Spd 0.2 m/s
EA(45.8 deg, 2.9 m/s)</description>
      <Style>
        <IconStyle>
          <Icon>
            <href>http://maps.google.com/mapfiles/kml/shapes/shaded_dot.png</href>
          </Icon>
          <scale>0.6</scale>
          <color>bf3744db</color>
        </IconStyle>
      </Style>
      <Point>
        <altitudeMode>clampToGround</altitudeMode>
        <coordinates>87.3246800832046,22.3158304963494,0</coordinates>
      </Point>
    </Placemark>
    <Placemark>
      <Snippet maxLines="0"> </Snippet>
      <description>77
UTC 21-04-2026 10:20:26.00
GpsMilliseconds 1460802044000
22.3158335,87.3246745, EA(4m)
AltWgs84 -17.5 m, EA(5m)
Hdg 24 deg, Spd 0.1 m/s
EA(45.8 deg, 2.9 m/s)</description>
      <Style>
        <IconStyle>
          <Icon>
            <href>http://maps.google.com/mapfiles/kml/shapes/shaded_dot.png</href>
          </Icon>
          <scale>0.6</scale>
          <color>bf3744db</color>
        </IconStyle>
      </Style>
      <Point>
        <altitudeMode>clampToGround</altitudeMode>
        <coordinates>87.3246744533931,22.315833533998,0</coordinates>
      </Point>
    </Placemark>
    <Placemark>
      <Snippet maxLines="0"> </Snippet>
      <description>78
UTC 21-04-2026 10:20:27.00
GpsMilliseconds 1460802045000
22.3158339,87.3246840, EA(4m)
AltWgs84 -17.4 m, EA(5m)
Hdg 174 deg, Spd 0.0 m/s
EA(45.8 deg, 2.9 m/s)</description>
      <Style>
        <IconStyle>
          <Icon>
            <href>http://maps.google.com/mapfiles/kml/shapes/shaded_dot.png</href>
          </Icon>
          <scale>0.6</scale>
          <color>bf3744db</color>
        </IconStyle>
      </Style>
      <Point>
        <altitudeMode>clampToGround</altitudeMode>
        <coordinates>87.3246840492034,22.3158339354418,0</coordinates>
      </Point>
    </Placemark>
    <Placemark>
      <Snippet maxLines="0"> </Snippet>
      <description>79
UTC 21-04-2026 10:20:28.00
GpsMilliseconds 1460802046000
22.3158352,87.3246824, EA(4m)
AltWgs84 -16.4 m, EA(5m)
Hdg 219 deg, Spd 0.1 m/s
EA(45.8 deg, 2.9 m/s)</description>
      <Style>
        <IconStyle>
          <Icon>
            <href>http://maps.google.com/mapfiles/kml/shapes/shaded_dot.png</href>
          </Icon>
          <scale>0.6</scale>
          <color>bf3744db</color>
        </IconStyle>
      </Style>
      <Point>
        <altitudeMode>clampToGround</altitudeMode>
        <coordinates>87.324682362322,22.315835204738,0</coordinates>
      </Point>
    </Placemark>
    <Placemark>
      <Snippet maxLines="0"> </Snippet>
      <description>80
UTC 21-04-2026 10:20:29.00
GpsMilliseconds 1460802047000
22.3158358,87.3246786, EA(4m)
AltWgs84 -16.8 m, EA(5m)
Hdg 212 deg, Spd 0.1 m/s
EA(45.8 deg, 2.9 m/s)</description>
      <Style>
        <IconStyle>
          <Icon>
            <href>http://maps.google.com/mapfiles/kml/shapes/shaded_dot.png</href>
          </Icon>
          <scale>0.6</scale>
          <color>bf3744db</color>
        </IconStyle>
      </Style>
      <Point>
        <altitudeMode>clampToGround</altitudeMode>
        <coordinates>87.3246786243411,22.315835793605,0</coordinates>
      </Point>
    </Placemark>
    <Placemark>
      <Snippet maxLines="0"> </Snippet>
      <description>81
UTC 21-04-2026 10:20:30.00
GpsMilliseconds 1460802048000
22.3158417,87.3246779, EA(4m)
AltWgs84 -14.9 m, EA(5m)
Hdg 15 deg, Spd 0.1 m/s
EA(45.8 deg, 2.9 m/s)</description>
      <Style>
        <IconStyle>
          <Icon>
            <href>http://maps.google.com/mapfiles/kml/shapes/shaded_dot.png</href>
          </Icon>
          <scale>0.6</scale>
          <color>bf3744db</color>
        </IconStyle>
      </Style>
      <Point>
        <altitudeMode>clampToGround</altitudeMode>
        <coordinates>87.3246778738324,22.3158417492,0</coordinates>
      </Point>
    </Placemark>
    <Placemark>
      <Snippet maxLines="0"> </Snippet>
      <description>82
UTC 21-04-2026 10:20:31.00
GpsMilliseconds 1460802049000
22.3158345,87.3246762, EA(4m)
AltWgs84 -16.0 m, EA(5m)
Hdg 25 deg, Spd 0.2 m/s
EA(45.8 deg, 2.9 m/s)</description>
      <Style>
        <IconStyle>
          <Icon>
            <href>http://maps.google.com/mapfiles/kml/shapes/shaded_dot.png</href>
          </Icon>
          <scale>0.6</scale>
          <color>bf3744db</color>
        </IconStyle>
      </Style>
      <Point>
        <altitudeMode>clampToGround</altitudeMode>
        <coordinates>87.3246761723126,22.3158344779995,0</coordinates>
      </Point>
    </Placemark>
    <Placemark>
      <Snippet maxLines="0"> </Snippet>
      <description>83
UTC 21-04-2026 10:20:32.00
GpsMilliseconds 1460802050000
22.3158408,87.3246712, EA(4m)
AltWgs84 -14.0 m, EA(5m)
Hdg 205 deg, Spd 0.1 m/s
EA(48.4 deg, 3.1 m/s)</description>
      <Style>
        <IconStyle>
          <Icon>
            <href>http://maps.google.com/mapfiles/kml/shapes/shaded_dot.png</href>
          </Icon>
          <scale>0.6</scale>
          <color>bf3744db</color>
        </IconStyle>
      </Style>
      <Point>
        <altitudeMode>clampToGround</altitudeMode>
        <coordinates>87.3246712118487,22.315840820967,0</coordinates>
      </Point>
    </Placemark>
    <Placemark>
      <Snippet maxLines="0"> </Snippet>
      <description>84
UTC 21-04-2026 10:20:33.00
GpsMilliseconds 1460802051000
22.3158345,87.3246685, EA(4m)
AltWgs84 -14.3 m, EA(5m)
Hdg 123 deg, Spd 0.0 m/s
EA(45.9 deg, 3.4 m/s)</description>
      <Style>
        <IconStyle>
          <Icon>
            <href>http://maps.google.com/mapfiles/kml/shapes/shaded_dot.png</href>
          </Icon>
          <scale>0.6</scale>
          <color>bf3744db</color>
        </IconStyle>
      </Style>
      <Point>
        <altitudeMode>clampToGround</altitudeMode>
        <coordinates>87.3246684538726,22.3158345135325,0</coordinates>
      </Point>
    </Placemark>
    <Placemark>
      <Snippet maxLines="0"> </Snippet>
      <description>85
UTC 21-04-2026 10:20:34.00
GpsMilliseconds 1460802052000
22.3158382,87.3246677, EA(4m)
AltWgs84 -12.7 m, EA(5m)
Hdg 37 deg, Spd 0.0 m/s
EA(46.0 deg, 3.4 m/s)</description>
      <Style>
        <IconStyle>
          <Icon>
            <href>http://maps.google.com/mapfiles/kml/shapes/shaded_dot.png</href>
          </Icon>
          <scale>0.6</scale>
          <color>bf3744db</color>
        </IconStyle>
      </Style>
      <Point>
        <altitudeMode>clampToGround</altitudeMode>
        <coordinates>87.3246677130805,22.3158382419613,0</coordinates>
      </Point>
    </Placemark>
    <Placemark>
      <Snippet maxLines="0"> </Snippet>
      <description>86
UTC 21-04-2026 10:20:35.00
GpsMilliseconds 1460802053000
22.3158393,87.3246659, EA(4m)
AltWgs84 -12.7 m, EA(5m)
Hdg 266 deg, Spd 0.0 m/s
EA(46.0 deg, 3.4 m/s)</description>
      <Style>
        <IconStyle>
          <Icon>
            <href>http://maps.google.com/mapfiles/kml/shapes/shaded_dot.png</href>
          </Icon>
          <scale>0.6</scale>
          <color>bf3744db</color>
        </IconStyle>
      </Style>
      <Point>
        <altitudeMode>clampToGround</altitudeMode>
        <coordinates>87.3246659352011,22.3158392596516,0</coordinates>
      </Point>
    </Placemark>
    <Placemark>
      <Snippet maxLines="0"> </Snippet>
      <description>87
UTC 21-04-2026 10:20:36.00
GpsMilliseconds 1460802054000
22.3158432,87.3246680, EA(4m)
AltWgs84 -10.6 m, EA(5m)
Hdg 219 deg, Spd 0.3 m/s
EA(48.4 deg, 3.1 m/s)</description>
      <Style>
        <IconStyle>
          <Icon>
            <href>http://maps.google.com/mapfiles/kml/shapes/shaded_dot.png</href>
          </Icon>
          <scale>0.6</scale>
          <color>bf3744db</color>
        </IconStyle>
      </Style>
      <Point>
        <altitudeMode>clampToGround</altitudeMode>
        <coordinates>87.3246680462086,22.3158431502914,0</coordinates>
      </Point>
    </Placemark>
    <Placemark>
      <Snippet maxLines="0"> </Snippet>
      <description>88
UTC 21-04-2026 10:20:37.00
GpsMilliseconds 1460802055000
22.3158419,87.3246652, EA(4m)
AltWgs84 -10.7 m, EA(5m)
Hdg 275 deg, Spd 0.0 m/s
EA(43.4 deg, 3.1 m/s)</description>
      <Style>
        <IconStyle>
          <Icon>
            <href>http://maps.google.com/mapfiles/kml/shapes/shaded_dot.png</href>
          </Icon>
          <scale>0.6</scale>
          <color>bf3744db</color>
        </IconStyle>
      </Style>
      <Point>
        <altitudeMode>clampToGround</altitudeMode>
        <coordinates>87.3246652277226,22.3158419101783,0</coordinates>
      </Point>
    </Placemark>
    <Placemark>
      <Snippet maxLines="0"> </Snippet>
      <description>89
UTC 21-04-2026 10:20:38.00
GpsMilliseconds 1460802056000
22.3158429,87.3246649, EA(4m)
AltWgs84 -10.2 m, EA(5m)
Hdg 188 deg, Spd 0.1 m/s
EA(43.4 deg, 3.1 m/s)</description>
      <Style>
        <IconStyle>
          <Icon>
            <href>http://maps.google.com/mapfiles/kml/shapes/shaded_dot.png</href>
          </Icon>
          <scale>0.6</scale>
          <color>bf3744db</color>
        </IconStyle>
      </Style>
      <Point>
        <altitudeMode>clampToGround</altitudeMode>
        <coordinates>87.3246649111521,22.3158429082879,0</coordinates>
      </Point>
    </Placemark>
    <Placemark>
      <Snippet maxLines="0"> </Snippet>
      <description>90
UTC 21-04-2026 10:20:39.00
GpsMilliseconds 1460802057000
22.3158424,87.3246643, EA(4m)
AltWgs84 -10.0 m, EA(5m)
Hdg 238 deg, Spd 0.3 m/s
EA(43.4 deg, 3.1 m/s)</description>
      <Style>
        <IconStyle>
          <Icon>
            <href>http://maps.google.com/mapfiles/kml/shapes/shaded_dot.png</href>
          </Icon>
          <scale>0.6</scale>
          <color>bf3744db</color>
        </IconStyle>
      </Style>
      <Point>
        <altitudeMode>clampToGround</altitudeMode>
        <coordinates>87.3246642685504,22.3158423963989,0</coordinates>
      </Point>
    </Placemark>
    <Placemark>
      <Snippet maxLines="0"> </Snippet>
      <description>91
UTC 21-04-2026 10:20:40.00
GpsMilliseconds 1460802058000
22.3158452,87.3246639, EA(4m)
AltWgs84 -10.2 m, EA(5m)
Hdg 299 deg, Spd 0.1 m/s
EA(43.4 deg, 3.1 m/s)</description>
      <Style>
        <IconStyle>
          <Icon>
            <href>http://maps.google.com/mapfiles/kml/shapes/shaded_dot.png</href>
          </Icon>
          <scale>0.6</scale>
          <color>bf3744db</color>
        </IconStyle>
      </Style>
      <Point>
        <altitudeMode>clampToGround</altitudeMode>
        <coordinates>87.3246639113931,22.3158452198809,0</coordinates>
      </Point>
    </Placemark>
    <Placemark>
      <Snippet maxLines="0"> </Snippet>
      <description>92
UTC 21-04-2026 10:20:41.00
GpsMilliseconds 1460802059000
22.3158395,87.3246678, EA(4m)
AltWgs84 -11.5 m, EA(5m)
Hdg 358 deg, Spd 0.0 m/s
EA(43.5 deg, 3.1 m/s)</description>
      <Style>
        <IconStyle>
          <Icon>
            <href>http://maps.google.com/mapfiles/kml/shapes/shaded_dot.png</href>
          </Icon>
          <scale>0.6</scale>
          <color>bf3744db</color>
        </IconStyle>
      </Style>
      <Point>
        <altitudeMode>clampToGround</altitudeMode>
        <coordinates>87.3246678337227,22.3158395223062,0</coordinates>
      </Point>
    </Placemark>
    <Placemark>
      <Snippet maxLines="0"> </Snippet>
      <description>93
UTC 21-04-2026 10:20:42.00
GpsMilliseconds 1460802060000
22.3158356,87.3246687, EA(4m)
AltWgs84 -12.9 m, EA(5m)
Hdg 321 deg, Spd 0.0 m/s
EA(43.5 deg, 3.1 m/s)</description>
      <Style>
        <IconStyle>
          <Icon>
            <href>http://maps.google.com/mapfiles/kml/shapes/shaded_dot.png</href>
          </Icon>
          <scale>0.6</scale>
          <color>bf3744db</color>
        </IconStyle>
      </Style>
      <Point>
        <altitudeMode>clampToGround</altitudeMode>
        <coordinates>87.3246687426964,22.3158356047026,0</coordinates>
      </Point>
    </Placemark>
    <Placemark>
      <Snippet maxLines="0"> </Snippet>
      <description>94
UTC 21-04-2026 10:20:43.00
GpsMilliseconds 1460802061000
22.3158359,87.3246716, EA(4m)
AltWgs84 -13.9 m, EA(5m)
Hdg 165 deg, Spd 0.2 m/s
EA(43.5 deg, 3.1 m/s)</description>
      <Style>
        <IconStyle>
          <Icon>
            <href>http://maps.google.com/mapfiles/kml/shapes/shaded_dot.png</href>
          </Icon>
          <scale>0.6</scale>
          <color>bf3744db</color>
        </IconStyle>
      </Style>
      <Point>
        <altitudeMode>clampToGround</altitudeMode>
        <coordinates>87.3246715933586,22.3158358572654,0</coordinates>
      </Point>
    </Placemark>
    <Placemark>
      <Snippet maxLines="0"> </Snippet>
      <description>95
UTC 21-04-2026 10:20:44.00
GpsMilliseconds 1460802062000
22.3158343,87.3246700, EA(4m)
AltWgs84 -13.0 m, EA(5m)
Hdg 346 deg, Spd 0.0 m/s
EA(43.5 deg, 3.1 m/s)</description>
      <Style>
        <IconStyle>
          <Icon>
            <href>http://maps.google.com/mapfiles/kml/shapes/shaded_dot.png</href>
          </Icon>
          <scale>0.6</scale>
          <color>bf3744db</color>
        </IconStyle>
      </Style>
      <Point>
        <altitudeMode>clampToGround</altitudeMode>
        <coordinates>87.3246700162159,22.3158343253357,0</coordinates>
      </Point>
    </Placemark>
    <Placemark>
      <Snippet maxLines="0"> </Snippet>
      <description>96
UTC 21-04-2026 10:20:45.00
GpsMilliseconds 1460802063000
22.3158354,87.3246724, EA(4m)
AltWgs84 -12.9 m, EA(5m)
Hdg 254 deg, Spd 0.0 m/s
EA(43.5 deg, 3.1 m/s)</description>
      <Style>
        <IconStyle>
          <Icon>
            <href>http://maps.google.com/mapfiles/kml/shapes/shaded_dot.png</href>
          </Icon>
          <scale>0.6</scale>
          <color>bf3744db</color>
        </IconStyle>
      </Style>
      <Point>
        <altitudeMode>clampToGround</altitudeMode>
        <coordinates>87.324672422691,22.3158353651444,0</coordinates>
      </Point>
    </Placemark>
    <Placemark>
      <Snippet maxLines="0"> </Snippet>
      <description>97
UTC 21-04-2026 10:20:46.00
GpsMilliseconds 1460802064000
22.3158363,87.3246729, EA(4m)
AltWgs84 -13.3 m, EA(5m)
Hdg 230 deg, Spd 0.1 m/s
EA(43.5 deg, 3.1 m/s)</description>
      <Style>
        <IconStyle>
          <Icon>
            <href>http://maps.google.com/mapfiles/kml/shapes/shaded_dot.png</href>
          </Icon>
          <scale>0.6</scale>
          <color>bf3744db</color>
        </IconStyle>
      </Style>
      <Point>
        <altitudeMode>clampToGround</altitudeMode>
        <coordinates>87.3246728599616,22.3158363478716,0</coordinates>
      </Point>
    </Placemark>
    <Placemark>
      <Snippet maxLines="0"> </Snippet>
      <description>98
UTC 21-04-2026 10:20:47.00
GpsMilliseconds 1460802065000
22.3158364,87.3246792, EA(4m)
AltWgs84 -13.7 m, EA(5m)
Hdg 157 deg, Spd 0.0 m/s
EA(43.5 deg, 3.1 m/s)</description>
      <Style>
        <IconStyle>
          <Icon>
            <href>http://maps.google.com/mapfiles/kml/shapes/shaded_dot.png</href>
          </Icon>
          <scale>0.6</scale>
          <color>bf3744db</color>
        </IconStyle>
      </Style>
      <Point>
        <altitudeMode>clampToGround</altitudeMode>
        <coordinates>87.3246791703671,22.3158363603421,0</coordinates>
      </Point>
    </Placemark>
    <Placemark>
      <Snippet maxLines="0"> </Snippet>
      <description>99
UTC 21-04-2026 10:20:48.00
GpsMilliseconds 1460802066000
22.3158245,87.3246837, EA(4m)
AltWgs84 -15.1 m, EA(5m)
Hdg 286 deg, Spd 0.1 m/s
EA(43.5 deg, 3.1 m/s)</description>
      <Style>
        <IconStyle>
          <Icon>
            <href>http://maps.google.com/mapfiles/kml/shapes/shaded_dot.png</href>
          </Icon>
          <scale>0.6</scale>
          <color>bf3744db</color>
        </IconStyle>
      </Style>
      <Point>
        <altitudeMode>clampToGround</altitudeMode>
        <coordinates>87.3246836524865,22.3158245450442,0</coordinates>
      </Point>
    </Placemark>
    <Placemark>
      <Snippet maxLines="0"> </Snippet>
      <description>100
UTC 21-04-2026 10:20:49.00
GpsMilliseconds 1460802067000
22.3158287,87.3246829, EA(4m)
AltWgs84 -14.3 m, EA(5m)
Hdg 226 deg, Spd 0.0 m/s
EA(46.0 deg, 3.4 m/s)</description>
      <Style>
        <IconStyle>
          <Icon>
            <href>http://maps.google.com/mapfiles/kml/shapes/shaded_dot.png</href>
          </Icon>
          <scale>0.6</scale>
          <color>bf3744db</color>
        </IconStyle>
      </Style>
      <Point>
        <altitudeMode>clampToGround</altitudeMode>
        <coordinates>87.324682947051,22.3158286902684,0</coordinates>
      </Point>
    </Placemark>
    <Placemark>
      <Snippet maxLines="0"> </Snippet>
      <description>101
UTC 21-04-2026 10:20:50.00
GpsMilliseconds 1460802068000
22.3158272,87.3246877, EA(4m)
AltWgs84 -14.9 m, EA(5m)
Hdg 231 deg, Spd 0.1 m/s
EA(48.4 deg, 3.1 m/s)</description>
      <Style>
        <IconStyle>
          <Icon>
            <href>http://maps.google.com/mapfiles/kml/shapes/shaded_dot.png</href>
          </Icon>
          <scale>0.6</scale>
          <color>bf3744db</color>
        </IconStyle>
      </Style>
      <Point>
        <altitudeMode>clampToGround</altitudeMode>
        <coordinates>87.3246876835554,22.3158271551914,0</coordinates>
      </Point>
    </Placemark>
    <Placemark>
      <Snippet maxLines="0"> </Snippet>
      <description>102
UTC 21-04-2026 10:20:51.00
GpsMilliseconds 1460802069000
22.3158283,87.3246895, EA(4m)
AltWgs84 -14.8 m, EA(5m)
Hdg 210 deg, Spd 0.1 m/s
EA(45.9 deg, 2.9 m/s)</description>
      <Style>
        <IconStyle>
          <Icon>
            <href>http://maps.google.com/mapfiles/kml/shapes/shaded_dot.png</href>
          </Icon>
          <scale>0.6</scale>
          <color>bf3744db</color>
        </IconStyle>
      </Style>
      <Point>
        <altitudeMode>clampToGround</altitudeMode>
        <coordinates>87.3246894949283,22.3158282798679,0</coordinates>
      </Point>
    </Placemark>
    <Placemark>
      <Snippet maxLines="0"> </Snippet>
      <description>103
UTC 21-04-2026 10:20:52.00
GpsMilliseconds 1460802070000
22.3158218,87.3246899, EA(4m)
AltWgs84 -17.0 m, EA(5m)
Hdg 252 deg, Spd 0.1 m/s
EA(43.5 deg, 3.1 m/s)</description>
      <Style>
        <IconStyle>
          <Icon>
            <href>http://maps.google.com/mapfiles/kml/shapes/shaded_dot.png</href>
          </Icon>
          <scale>0.6</scale>
          <color>bf3744db</color>
        </IconStyle>
      </Style>
      <Point>
        <altitudeMode>clampToGround</altitudeMode>
        <coordinates>87.3246899297597,22.3158217536982,0</coordinates>
      </Point>
    </Placemark>
    <Placemark>
      <Snippet maxLines="0"> </Snippet>
      <description>104
UTC 21-04-2026 10:20:53.00
GpsMilliseconds 1460802071000
22.3158203,87.3246922, EA(4m)
AltWgs84 -17.0 m, EA(5m)
Hdg 68 deg, Spd 0.2 m/s
EA(43.5 deg, 3.1 m/s)</description>
      <Style>
        <IconStyle>
          <Icon>
            <href>http://maps.google.com/mapfiles/kml/shapes/shaded_dot.png</href>
          </Icon>
          <scale>0.6</scale>
          <color>bf3744db</color>
        </IconStyle>
      </Style>
      <Point>
        <altitudeMode>clampToGround</altitudeMode>
        <coordinates>87.3246922119676,22.3158203021351,0</coordinates>
      </Point>
    </Placemark>
    <Placemark>
      <Snippet maxLines="0"> </Snippet>
      <description>105
UTC 21-04-2026 10:20:54.00
GpsMilliseconds 1460802072000
22.3158219,87.3246956, EA(4m)
AltWgs84 -16.9 m, EA(5m)
Hdg 56 deg, Spd 0.2 m/s
EA(43.5 deg, 3.1 m/s)</description>
      <Style>
        <IconStyle>
          <Icon>
            <href>http://maps.google.com/mapfiles/kml/shapes/shaded_dot.png</href>
          </Icon>
          <scale>0.6</scale>
          <color>bf3744db</color>
        </IconStyle>
      </Style>
      <Point>
        <altitudeMode>clampToGround</altitudeMode>
        <coordinates>87.324695605619,22.3158218626828,0</coordinates>
      </Point>
    </Placemark>
    <Placemark>
      <Snippet maxLines="0"> </Snippet>
      <description>106
UTC 21-04-2026 10:20:55.00
GpsMilliseconds 1460802073000
22.3158277,87.3247013, EA(4m)
AltWgs84 -14.9 m, EA(5m)
Hdg 246 deg, Spd 0.3 m/s
EA(39.5 deg, 2.9 m/s)</description>
      <Style>
        <IconStyle>
          <Icon>
            <href>http://maps.google.com/mapfiles/kml/shapes/shaded_dot.png</href>
          </Icon>
          <scale>0.6</scale>
          <color>bf3744db</color>
        </IconStyle>
      </Style>
      <Point>
        <altitudeMode>clampToGround</altitudeMode>
        <coordinates>87.3247012662739,22.3158276957548,0</coordinates>
      </Point>
    </Placemark>
    <Placemark>
      <Snippet maxLines="0"> </Snippet>
      <description>107
UTC 21-04-2026 10:20:56.00
GpsMilliseconds 1460802074000
22.3158285,87.3246990, EA(4m)
AltWgs84 -14.5 m, EA(5m)
Hdg 52 deg, Spd 0.1 m/s
EA(40.3 deg, 3.0 m/s)</description>
      <Style>
        <IconStyle>
          <Icon>
            <href>http://maps.google.com/mapfiles/kml/shapes/shaded_dot.png</href>
          </Icon>
          <scale>0.6</scale>
          <color>bf3744db</color>
        </IconStyle>
      </Style>
      <Point>
        <altitudeMode>clampToGround</altitudeMode>
        <coordinates>87.3246989820844,22.3158285350083,0</coordinates>
      </Point>
    </Placemark>
    <Placemark>
      <Snippet maxLines="0"> </Snippet>
      <description>108
UTC 21-04-2026 10:20:57.00
GpsMilliseconds 1460802075000
22.3158299,87.3246961, EA(4m)
AltWgs84 -15.7 m, EA(5m)
Hdg 255 deg, Spd 0.1 m/s
EA(40.3 deg, 3.0 m/s)</description>
      <Style>
        <IconStyle>
          <Icon>
            <href>http://maps.google.com/mapfiles/kml/shapes/shaded_dot.png</href>
          </Icon>
          <scale>0.6</scale>
          <color>bf3744db</color>
        </IconStyle>
      </Style>
      <Point>
        <altitudeMode>clampToGround</altitudeMode>
        <coordinates>87.3246960750573,22.3158299452643,0</coordinates>
      </Point>
    </Placemark>
    <Placemark>
      <Snippet maxLines="0"> </Snippet>
      <description>109
UTC 21-04-2026 10:20:58.00
GpsMilliseconds 1460802076000
22.3158352,87.3246923, EA(4m)
AltWgs84 -15.4 m, EA(5m)
Hdg 233 deg, Spd 0.1 m/s
EA(39.5 deg, 2.9 m/s)</description>
      <Style>
        <IconStyle>
          <Icon>
            <href>http://maps.google.com/mapfiles/kml/shapes/shaded_dot.png</href>
          </Icon>
          <scale>0.6</scale>
          <color>bf3744db</color>
        </IconStyle>
      </Style>
      <Point>
        <altitudeMode>clampToGround</altitudeMode>
        <coordinates>87.3246922569636,22.3158352165074,0</coordinates>
      </Point>
    </Placemark>
    <Placemark>
      <Snippet maxLines="0"> </Snippet>
      <description>110
UTC 21-04-2026 10:20:59.00
GpsMilliseconds 1460802077000
22.3158355,87.3246905, EA(4m)
AltWgs84 -16.8 m, EA(5m)
Hdg 241 deg, Spd 0.2 m/s
EA(39.5 deg, 2.9 m/s)</description>
      <Style>
        <IconStyle>
          <Icon>
            <href>http://maps.google.com/mapfiles/kml/shapes/shaded_dot.png</href>
          </Icon>
          <scale>0.6</scale>
          <color>bf3744db</color>
        </IconStyle>
      </Style>
      <Point>
        <altitudeMode>clampToGround</altitudeMode>
        <coordinates>87.324690540874,22.3158354907569,0</coordinates>
      </Point>
    </Placemark>
    <Placemark>
      <Snippet maxLines="0"> </Snippet>
      <description>111
UTC 21-04-2026 10:21:00.00
GpsMilliseconds 1460802078000
22.3158329,87.3246878, EA(4m)
AltWgs84 -17.2 m, EA(5m)
Hdg 45 deg, Spd 0.2 m/s
EA(39.5 deg, 2.9 m/s)</description>
      <Style>
        <IconStyle>
          <Icon>
            <href>http://maps.google.com/mapfiles/kml/shapes/shaded_dot.png</href>
          </Icon>
          <scale>0.6</scale>
          <color>bf3744db</color>
        </IconStyle>
      </Style>
      <Point>
        <altitudeMode>clampToGround</altitudeMode>
        <coordinates>87.3246878140119,22.3158329097212,0</coordinates>
      </Point>
    </Placemark>
    <Placemark>
      <Snippet maxLines="0"> </Snippet>
      <description>112
UTC 21-04-2026 10:21:01.00
GpsMilliseconds 1460802079000
22.3158353,87.3246889, EA(4m)
AltWgs84 -16.6 m, EA(5m)
Hdg 253 deg, Spd 0.1 m/s
EA(39.5 deg, 2.9 m/s)</description>
      <Style>
        <IconStyle>
          <Icon>
            <href>http://maps.google.com/mapfiles/kml/shapes/shaded_dot.png</href>
          </Icon>
          <scale>0.6</scale>
          <color>bf3744db</color>
        </IconStyle>
      </Style>
      <Point>
        <altitudeMode>clampToGround</altitudeMode>
        <coordinates>87.3246888668273,22.3158352920875,0</coordinates>
      </Point>
    </Placemark>
    <Placemark>
      <Snippet maxLines="0"> </Snippet>
      <description>113
UTC 21-04-2026 10:21:02.00
GpsMilliseconds 1460802080000
22.3158358,87.3246873, EA(4m)
AltWgs84 -16.0 m, EA(5m)
Hdg 247 deg, Spd 0.1 m/s
EA(39.5 deg, 2.9 m/s)</description>
      <Style>
        <IconStyle>
          <Icon>
            <href>http://maps.google.com/mapfiles/kml/shapes/shaded_dot.png</href>
          </Icon>
          <scale>0.6</scale>
          <color>bf3744db</color>
        </IconStyle>
      </Style>
      <Point>
        <altitudeMode>clampToGround</altitudeMode>
        <coordinates>87.3246872868467,22.3158358178591,0</coordinates>
      </Point>
    </Placemark>
    <Placemark>
      <Snippet maxLines="0"> </Snippet>
      <description>114
UTC 21-04-2026 10:21:03.00
GpsMilliseconds 1460802081000
22.3158339,87.3246859, EA(4m)
AltWgs84 -15.8 m, EA(5m)
Hdg 251 deg, Spd 0.3 m/s
EA(39.5 deg, 2.9 m/s)</description>
      <Style>
        <IconStyle>
          <Icon>
            <href>http://maps.google.com/mapfiles/kml/shapes/shaded_dot.png</href>
          </Icon>
          <scale>0.6</scale>
          <color>bf3744db</color>
        </IconStyle>
      </Style>
      <Point>
        <altitudeMode>clampToGround</altitudeMode>
        <coordinates>87.3246858581336,22.3158338520921,0</coordinates>
      </Point>
    </Placemark>
    <Placemark>
      <Snippet maxLines="0"> </Snippet>
      <description>115
UTC 21-04-2026 10:21:04.00
GpsMilliseconds 1460802082000
22.3158311,87.3246758, EA(4m)
AltWgs84 -17.3 m, EA(5m)
Hdg 153 deg, Spd 0.0 m/s
EA(43.5 deg, 3.1 m/s)</description>
      <Style>
        <IconStyle>
          <Icon>
            <href>http://maps.google.com/mapfiles/kml/shapes/shaded_dot.png</href>
          </Icon>
          <scale>0.6</scale>
          <color>bf3744db</color>
        </IconStyle>
      </Style>
      <Point>
        <altitudeMode>clampToGround</altitudeMode>
        <coordinates>87.3246757869683,22.3158310539826,0</coordinates>
      </Point>
    </Placemark>
    <Placemark>
      <Snippet maxLines="0"> </Snippet>
      <description>116
UTC 21-04-2026 10:21:05.00
GpsMilliseconds 1460802083000
22.3158279,87.3246767, EA(4m)
AltWgs84 -19.0 m, EA(5m)
Hdg 37 deg, Spd 0.2 m/s
EA(43.5 deg, 3.1 m/s)</description>
      <Style>
        <IconStyle>
          <Icon>
            <href>http://maps.google.com/mapfiles/kml/shapes/shaded_dot.png</href>
          </Icon>
          <scale>0.6</scale>
          <color>bf3744db</color>
        </IconStyle>
      </Style>
      <Point>
        <altitudeMode>clampToGround</altitudeMode>
        <coordinates>87.3246766939642,22.3158279230957,0</coordinates>
      </Point>
    </Placemark>
    <Placemark>
      <Snippet maxLines="0"> </Snippet>
      <description>117
UTC 21-04-2026 10:21:06.00
GpsMilliseconds 1460802084000
22.3158324,87.3246750, EA(4m)
AltWgs84 -19.0 m, EA(5m)
Hdg 46 deg, Spd 0.4 m/s
EA(43.5 deg, 3.1 m/s)</description>
      <Style>
        <IconStyle>
          <Icon>
            <href>http://maps.google.com/mapfiles/kml/shapes/shaded_dot.png</href>
          </Icon>
          <scale>0.6</scale>
          <color>bf3744db</color>
        </IconStyle>
      </Style>
      <Point>
        <altitudeMode>clampToGround</altitudeMode>
        <coordinates>87.3246750170256,22.3158324183288,0</coordinates>
      </Point>
    </Placemark>
    <Placemark>
      <Snippet maxLines="0"> </Snippet>
      <description>118
UTC 21-04-2026 10:21:07.00
GpsMilliseconds 1460802085000
22.3158307,87.3246734, EA(4m)
AltWgs84 -19.7 m, EA(5m)
Hdg 60 deg, Spd 0.5 m/s
EA(43.5 deg, 3.1 m/s)</description>
      <Style>
        <IconStyle>
          <Icon>
            <href>http://maps.google.com/mapfiles/kml/shapes/shaded_dot.png</href>
          </Icon>
          <scale>0.6</scale>
          <color>bf3744db</color>
        </IconStyle>
      </Style>
      <Point>
        <altitudeMode>clampToGround</altitudeMode>
        <coordinates>87.3246733736993,22.3158307250774,0</coordinates>
      </Point>
    </Placemark>
    <Placemark>
      <Snippet maxLines="0"> </Snippet>
      <description>119
UTC 21-04-2026 10:21:08.00
GpsMilliseconds 1460802086000
22.3158355,87.3246796, EA(4m)
AltWgs84 -19.5 m, EA(5m)
Hdg 74 deg, Spd 0.2 m/s
EA(43.5 deg, 3.1 m/s)</description>
      <Style>
        <IconStyle>
          <Icon>
            <href>http://maps.google.com/mapfiles/kml/shapes/shaded_dot.png</href>
          </Icon>
          <scale>0.6</scale>
          <color>bf3744db</color>
        </IconStyle>
      </Style>
      <Point>
        <altitudeMode>clampToGround</altitudeMode>
        <coordinates>87.3246796384952,22.3158355212426,0</coordinates>
      </Point>
    </Placemark>
    <Placemark>
      <Snippet maxLines="0"> </Snippet>
      <description>120
UTC 21-04-2026 10:21:09.00
GpsMilliseconds 1460802087000
22.3158307,87.3246768, EA(4m)
AltWgs84 -20.1 m, EA(5m)
Hdg 53 deg, Spd 0.1 m/s
EA(43.5 deg, 3.1 m/s)</description>
      <Style>
        <IconStyle>
          <Icon>
            <href>http://maps.google.com/mapfiles/kml/shapes/shaded_dot.png</href>
          </Icon>
          <scale>0.6</scale>
          <color>bf3744db</color>
        </IconStyle>
      </Style>
      <Point>
        <altitudeMode>clampToGround</altitudeMode>
        <coordinates>87.3246767683564,22.3158306688126,0</coordinates>
      </Point>
    </Placemark>
    <Placemark>
      <Snippet maxLines="0"> </Snippet>
      <description>121
UTC 21-04-2026 10:21:10.00
GpsMilliseconds 1460802088000
22.3158354,87.3246755, EA(4m)
AltWgs84 -20.6 m, EA(5m)
Hdg 51 deg, Spd 0.2 m/s
EA(43.5 deg, 3.1 m/s)</description>
      <Style>
        <IconStyle>
          <Icon>
            <href>http://maps.google.com/mapfiles/kml/shapes/shaded_dot.png</href>
          </Icon>
          <scale>0.6</scale>
          <color>bf3744db</color>
        </IconStyle>
      </Style>
      <Point>
        <altitudeMode>clampToGround</altitudeMode>
        <coordinates>87.324675465184,22.3158354472184,0</coordinates>
      </Point>
    </Placemark>
    <Placemark>
      <Snippet maxLines="0"> </Snippet>
      <description>122
UTC 21-04-2026 10:21:11.00
GpsMilliseconds 1460802089000
22.3158354,87.3246711, EA(4m)
AltWgs84 -20.1 m, EA(5m)
Hdg 246 deg, Spd 0.2 m/s
EA(43.5 deg, 3.1 m/s)</description>
      <Style>
        <IconStyle>
          <Icon>
            <href>http://maps.google.com/mapfiles/kml/shapes/shaded_dot.png</href>
          </Icon>
          <scale>0.6</scale>
          <color>bf3744db</color>
        </IconStyle>
      </Style>
      <Point>
        <altitudeMode>clampToGround</altitudeMode>
        <coordinates>87.3246711133541,22.3158353601273,0</coordinates>
      </Point>
    </Placemark>
    <Placemark>
      <Snippet maxLines="0"> </Snippet>
      <description>123
UTC 21-04-2026 10:21:12.00
GpsMilliseconds 1460802090000
22.3158341,87.3246692, EA(4m)
AltWgs84 -19.6 m, EA(5m)
Hdg 60 deg, Spd 0.1 m/s
EA(43.5 deg, 3.1 m/s)</description>
      <Style>
        <IconStyle>
          <Icon>
            <href>http://maps.google.com/mapfiles/kml/shapes/shaded_dot.png</href>
          </Icon>
          <scale>0.6</scale>
          <color>bf3744db</color>
        </IconStyle>
      </Style>
      <Point>
        <altitudeMode>clampToGround</altitudeMode>
        <coordinates>87.3246691927433,22.3158341282311,0</coordinates>
      </Point>
    </Placemark>
    <Placemark>
      <Snippet maxLines="0"> </Snippet>
      <description>124
UTC 21-04-2026 10:21:13.00
GpsMilliseconds 1460802091000
22.3158342,87.3246650, EA(4m)
AltWgs84 -19.1 m, EA(5m)
Hdg 62 deg, Spd 0.4 m/s
EA(43.5 deg, 3.1 m/s)</description>
      <Style>
        <IconStyle>
          <Icon>
            <href>http://maps.google.com/mapfiles/kml/shapes/shaded_dot.png</href>
          </Icon>
          <scale>0.6</scale>
          <color>bf3744db</color>
        </IconStyle>
      </Style>
      <Point>
        <altitudeMode>clampToGround</altitudeMode>
        <coordinates>87.324664979998,22.3158341670613,0</coordinates>
      </Point>
    </Placemark>
    <Placemark>
      <Snippet maxLines="0"> </Snippet>
      <description>125
UTC 21-04-2026 10:21:14.00
GpsMilliseconds 1460802092000
22.3158363,87.3246671, EA(4m)
AltWgs84 -19.3 m, EA(5m)
Hdg 126 deg, Spd 0.2 m/s
EA(46.1 deg, 3.4 m/s)</description>
      <Style>
        <IconStyle>
          <Icon>
            <href>http://maps.google.com/mapfiles/kml/shapes/shaded_dot.png</href>
          </Icon>
          <scale>0.6</scale>
          <color>bf3744db</color>
        </IconStyle>
      </Style>
      <Point>
        <altitudeMode>clampToGround</altitudeMode>
        <coordinates>87.3246671218373,22.3158363395579,0</coordinates>
      </Point>
    </Placemark>
    <Placemark>
      <Snippet maxLines="0"> </Snippet>
      <description>126
UTC 21-04-2026 10:21:15.00
GpsMilliseconds 1460802093000
22.3158418,87.3246661, EA(4m)
AltWgs84 -18.1 m, EA(5m)
Hdg 142 deg, Spd 0.0 m/s
EA(46.1 deg, 3.4 m/s)</description>
      <Style>
        <IconStyle>
          <Icon>
            <href>http://maps.google.com/mapfiles/kml/shapes/shaded_dot.png</href>
          </Icon>
          <scale>0.6</scale>
          <color>bf3744db</color>
        </IconStyle>
      </Style>
      <Point>
        <altitudeMode>clampToGround</altitudeMode>
        <coordinates>87.3246661198739,22.3158418323333,0</coordinates>
      </Point>
    </Placemark>
    <Placemark>
      <Snippet maxLines="0"> </Snippet>
      <description>127
UTC 21-04-2026 10:21:16.00
GpsMilliseconds 1460802094000
22.3158391,87.3246646, EA(4m)
AltWgs84 -18.5 m, EA(5m)
Hdg 217 deg, Spd 0.1 m/s
EA(43.5 deg, 3.1 m/s)</description>
      <Style>
        <IconStyle>
          <Icon>
            <href>http://maps.google.com/mapfiles/kml/shapes/shaded_dot.png</href>
          </Icon>
          <scale>0.6</scale>
          <color>bf3744db</color>
        </IconStyle>
      </Style>
      <Point>
        <altitudeMode>clampToGround</altitudeMode>
        <coordinates>87.3246646050282,22.3158390915629,0</coordinates>
      </Point>
    </Placemark>
    <Placemark>
      <Snippet maxLines="0"> </Snippet>
      <description>128
UTC 21-04-2026 10:21:17.00
GpsMilliseconds 1460802095000
22.3158510,87.3246649, EA(4m)
AltWgs84 -16.0 m, EA(5m)
Hdg 56 deg, Spd 0.1 m/s
EA(43.5 deg, 3.1 m/s)</description>
      <Style>
        <IconStyle>
          <Icon>
            <href>http://maps.google.com/mapfiles/kml/shapes/shaded_dot.png</href>
          </Icon>
          <scale>0.6</scale>
          <color>bf3744db</color>
        </IconStyle>
      </Style>
      <Point>
        <altitudeMode>clampToGround</altitudeMode>
        <coordinates>87.3246649166092,22.3158509667373,0</coordinates>
      </Point>
    </Placemark>
    <Placemark>
      <Snippet maxLines="0"> </Snippet>
      <description>129
UTC 21-04-2026 10:21:18.00
GpsMilliseconds 1460802096000
22.3158507,87.3246643, EA(4m)
AltWgs84 -15.1 m, EA(5m)
Hdg 79 deg, Spd 0.0 m/s
EA(46.1 deg, 3.4 m/s)</description>
      <Style>
        <IconStyle>
          <Icon>
            <href>http://maps.google.com/mapfiles/kml/shapes/shaded_dot.png</href>
          </Icon>
          <scale>0.6</scale>
          <color>bf3744db</color>
        </IconStyle>
      </Style>
      <Point>
        <altitudeMode>clampToGround</altitudeMode>
        <coordinates>87.3246643174858,22.3158507123311,0</coordinates>
      </Point>
    </Placemark>
    <Placemark>
      <Snippet maxLines="0"> </Snippet>
      <description>130
UTC 21-04-2026 10:21:19.00
GpsMilliseconds 1460802097000
22.3158475,87.3246643, EA(4m)
AltWgs84 -14.4 m, EA(5m)
Hdg 54 deg, Spd 0.0 m/s
EA(46.1 deg, 3.4 m/s)</description>
      <Style>
        <IconStyle>
          <Icon>
            <href>http://maps.google.com/mapfiles/kml/shapes/shaded_dot.png</href>
          </Icon>
          <scale>0.6</scale>
          <color>bf3744db</color>
        </IconStyle>
      </Style>
      <Point>
        <altitudeMode>clampToGround</altitudeMode>
        <coordinates>87.3246642862334,22.315847511779,0</coordinates>
      </Point>
    </Placemark>
    <Placemark>
      <Snippet maxLines="0"> </Snippet>
      <description>131
UTC 21-04-2026 10:21:20.00
GpsMilliseconds 1460802098000
22.3158505,87.3246666, EA(4m)
AltWgs84 -14.6 m, EA(5m)
Hdg 308 deg, Spd 0.1 m/s
EA(46.1 deg, 3.4 m/s)</description>
      <Style>
        <IconStyle>
          <Icon>
            <href>http://maps.google.com/mapfiles/kml/shapes/shaded_dot.png</href>
          </Icon>
          <scale>0.6</scale>
          <color>bf3744db</color>
        </IconStyle>
      </Style>
      <Point>
        <altitudeMode>clampToGround</altitudeMode>
        <coordinates>87.3246665841539,22.3158504722598,0</coordinates>
      </Point>
    </Placemark>
    <Placemark>
      <Snippet maxLines="0"> </Snippet>
      <description>132
UTC 21-04-2026 10:21:21.00
GpsMilliseconds 1460802099000
22.3158476,87.3246638, EA(4m)
AltWgs84 -14.5 m, EA(5m)
Hdg 284 deg, Spd 0.0 m/s
EA(46.1 deg, 3.4 m/s)</description>
      <Style>
        <IconStyle>
          <Icon>
            <href>http://maps.google.com/mapfiles/kml/shapes/shaded_dot.png</href>
          </Icon>
          <scale>0.6</scale>
          <color>bf3744db</color>
        </IconStyle>
      </Style>
      <Point>
        <altitudeMode>clampToGround</altitudeMode>
        <coordinates>87.324663846406,22.3158475809782,0</coordinates>
      </Point>
    </Placemark>
    <Placemark>
      <Snippet maxLines="0"> </Snippet>
      <description>133
UTC 21-04-2026 10:21:22.00
GpsMilliseconds 1460802100000
22.3158484,87.3246636, EA(4m)
AltWgs84 -14.2 m, EA(5m)
Hdg 341 deg, Spd 0.1 m/s
EA(46.1 deg, 3.4 m/s)</description>
      <Style>
        <IconStyle>
          <Icon>
            <href>http://maps.google.com/mapfiles/kml/shapes/shaded_dot.png</href>
          </Icon>
          <scale>0.6</scale>
          <color>bf3744db</color>
        </IconStyle>
      </Style>
      <Point>
        <altitudeMode>clampToGround</altitudeMode>
        <coordinates>87.32466362821,22.3158483776099,0</coordinates>
      </Point>
    </Placemark>
    <Placemark>
      <Snippet maxLines="0"> </Snippet>
      <description>134
UTC 21-04-2026 10:21:23.00
GpsMilliseconds 1460802101000
22.3158470,87.3246653, EA(4m)
AltWgs84 -14.4 m, EA(5m)
Hdg 215 deg, Spd 0.0 m/s
EA(46.1 deg, 3.4 m/s)</description>
      <Style>
        <IconStyle>
          <Icon>
            <href>http://maps.google.com/mapfiles/kml/shapes/shaded_dot.png</href>
          </Icon>
          <scale>0.6</scale>
          <color>bf3744db</color>
        </IconStyle>
      </Style>
      <Point>
        <altitudeMode>clampToGround</altitudeMode>
        <coordinates>87.324665269805,22.3158469881592,0</coordinates>
      </Point>
    </Placemark>
    <Placemark>
      <Snippet maxLines="0"> </Snippet>
      <description>135
UTC 21-04-2026 10:21:24.00
GpsMilliseconds 1460802102000
22.3158498,87.3246673, EA(4m)
AltWgs84 -13.6 m, EA(5m)
Hdg 71 deg, Spd 0.0 m/s
EA(46.1 deg, 3.4 m/s)</description>
      <Style>
        <IconStyle>
          <Icon>
            <href>http://maps.google.com/mapfiles/kml/shapes/shaded_dot.png</href>
          </Icon>
          <scale>0.6</scale>
          <color>bf3744db</color>
        </IconStyle>
      </Style>
      <Point>
        <altitudeMode>clampToGround</altitudeMode>
        <coordinates>87.3246672899706,22.3158497737941,0</coordinates>
      </Point>
    </Placemark>
    <Placemark>
      <Snippet maxLines="0"> </Snippet>
      <description>136
UTC 21-04-2026 10:21:25.00
GpsMilliseconds 1460802103000
22.3158464,87.3246662, EA(4m)
AltWgs84 -13.3 m, EA(5m)
Hdg 68 deg, Spd 0.1 m/s
EA(46.1 deg, 3.4 m/s)</description>
      <Style>
        <IconStyle>
          <Icon>
            <href>http://maps.google.com/mapfiles/kml/shapes/shaded_dot.png</href>
          </Icon>
          <scale>0.6</scale>
          <color>bf3744db</color>
        </IconStyle>
      </Style>
      <Point>
        <altitudeMode>clampToGround</altitudeMode>
        <coordinates>87.3246662106359,22.315846367449,0</coordinates>
      </Point>
    </Placemark>
    <Placemark>
      <Snippet maxLines="0"> </Snippet>
      <description>137
UTC 21-04-2026 10:21:26.00
GpsMilliseconds 1460802104000
22.3158481,87.3246680, EA(4m)
AltWgs84 -13.0 m, EA(5m)
Hdg 50 deg, Spd 0.0 m/s
EA(46.1 deg, 3.4 m/s)</description>
      <Style>
        <IconStyle>
          <Icon>
            <href>http://maps.google.com/mapfiles/kml/shapes/shaded_dot.png</href>
          </Icon>
          <scale>0.6</scale>
          <color>bf3744db</color>
        </IconStyle>
      </Style>
      <Point>
        <altitudeMode>clampToGround</altitudeMode>
        <coordinates>87.3246680045586,22.3158481303775,0</coordinates>
      </Point>
    </Placemark>
    <Placemark>
      <Snippet maxLines="0"> </Snippet>
      <description>138
UTC 21-04-2026 10:21:27.00
GpsMilliseconds 1460802105000
22.3158448,87.3246656, EA(4m)
AltWgs84 -12.9 m, EA(5m)
Hdg 63 deg, Spd 0.3 m/s
EA(40.3 deg, 3.0 m/s)</description>
      <Style>
        <IconStyle>
          <Icon>
            <href>http://maps.google.com/mapfiles/kml/shapes/shaded_dot.png</href>
          </Icon>
          <scale>0.6</scale>
          <color>bf3744db</color>
        </IconStyle>
      </Style>
      <Point>
        <altitudeMode>clampToGround</altitudeMode>
        <coordinates>87.3246655533527,22.3158447583666,0</coordinates>
      </Point>
    </Placemark>
    <Placemark>
      <Snippet maxLines="0"> </Snippet>
      <description>139
UTC 21-04-2026 10:21:28.00
GpsMilliseconds 1460802106000
22.3158505,87.3246659, EA(4m)
AltWgs84 -12.8 m, EA(5m)
Hdg 264 deg, Spd 0.1 m/s
EA(40.3 deg, 3.0 m/s)</description>
      <Style>
        <IconStyle>
          <Icon>
            <href>http://maps.google.com/mapfiles/kml/shapes/shaded_dot.png</href>
          </Icon>
          <scale>0.6</scale>
          <color>bf3744db</color>
        </IconStyle>
      </Style>
      <Point>
        <altitudeMode>clampToGround</altitudeMode>
        <coordinates>87.3246658860378,22.3158504576753,0</coordinates>
      </Point>
    </Placemark>
    <Placemark>
      <Snippet maxLines="0"> </Snippet>
      <description>140
UTC 21-04-2026 10:21:29.00
GpsMilliseconds 1460802107000
22.3158517,87.3246652, EA(4m)
AltWgs84 -13.1 m, EA(5m)
Hdg 247 deg, Spd 0.2 m/s
EA(40.3 deg, 3.0 m/s)</description>
      <Style>
        <IconStyle>
          <Icon>
            <href>http://maps.google.com/mapfiles/kml/shapes/shaded_dot.png</href>
          </Icon>
          <scale>0.6</scale>
          <color>bf3744db</color>
        </IconStyle>
      </Style>
      <Point>
        <altitudeMode>clampToGround</altitudeMode>
        <coordinates>87.3246651503754,22.3158517118762,0</coordinates>
      </Point>
    </Placemark>
    <Placemark>
      <Snippet maxLines="0"> </Snippet>
      <description>141
UTC 21-04-2026 10:21:30.00
GpsMilliseconds 1460802108000
22.3158496,87.3246693, EA(4m)
AltWgs84 -12.2 m, EA(5m)
Hdg 52 deg, Spd 0.1 m/s
EA(40.3 deg, 3.0 m/s)</description>
      <Style>
        <IconStyle>
          <Icon>
            <href>http://maps.google.com/mapfiles/kml/shapes/shaded_dot.png</href>
          </Icon>
          <scale>0.6</scale>
          <color>bf3744db</color>
        </IconStyle>
      </Style>
      <Point>
        <altitudeMode>clampToGround</altitudeMode>
        <coordinates>87.3246693373162,22.3158496130368,0</coordinates>
      </Point>
    </Placemark>
    <Placemark>
      <Snippet maxLines="0"> </Snippet>
      <description>142
UTC 21-04-2026 10:21:31.00
GpsMilliseconds 1460802109000
22.3158455,87.3246619, EA(4m)
AltWgs84 -13.2 m, EA(5m)
Hdg 187 deg, Spd 0.1 m/s
EA(46.2 deg, 3.4 m/s)</description>
      <Style>
        <IconStyle>
          <Icon>
            <href>http://maps.google.com/mapfiles/kml/shapes/shaded_dot.png</href>
          </Icon>
          <scale>0.6</scale>
          <color>bf3744db</color>
        </IconStyle>
      </Style>
      <Point>
        <altitudeMode>clampToGround</altitudeMode>
        <coordinates>87.3246618955332,22.3158455180646,0</coordinates>
      </Point>
    </Placemark>
    <Placemark>
      <Snippet maxLines="0"> </Snippet>
      <description>143
UTC 21-04-2026 10:21:32.00
GpsMilliseconds 1460802110000
22.3158419,87.3246612, EA(4m)
AltWgs84 -13.1 m, EA(5m)
Hdg 19 deg, Spd 0.1 m/s
EA(46.2 deg, 3.4 m/s)</description>
      <Style>
        <IconStyle>
          <Icon>
            <href>http://maps.google.com/mapfiles/kml/shapes/shaded_dot.png</href>
          </Icon>
          <scale>0.6</scale>
          <color>bf3744db</color>
        </IconStyle>
      </Style>
      <Point>
        <altitudeMode>clampToGround</altitudeMode>
        <coordinates>87.3246612139488,22.3158419386072,0</coordinates>
      </Point>
    </Placemark>
    <Placemark>
      <Snippet maxLines="0"> </Snippet>
      <description>144
UTC 21-04-2026 10:21:33.00
GpsMilliseconds 1460802111000
22.3158522,87.3246704, EA(4m)
AltWgs84 -11.2 m, EA(5m)
Hdg 62 deg, Spd 0.1 m/s
EA(40.3 deg, 3.0 m/s)</description>
      <Style>
        <IconStyle>
          <Icon>
            <href>http://maps.google.com/mapfiles/kml/shapes/shaded_dot.png</href>
          </Icon>
          <scale>0.6</scale>
          <color>bf3744db</color>
        </IconStyle>
      </Style>
      <Point>
        <altitudeMode>clampToGround</altitudeMode>
        <coordinates>87.324670437715,22.3158522430641,0</coordinates>
      </Point>
    </Placemark>
    <Placemark>
      <Snippet maxLines="0"> </Snippet>
      <description>145
UTC 21-04-2026 10:21:34.00
GpsMilliseconds 1460802112000
22.3158481,87.3246681, EA(4m)
AltWgs84 -11.5 m, EA(5m)
Hdg 59 deg, Spd 0.1 m/s
EA(40.3 deg, 3.0 m/s)</description>
      <Style>
        <IconStyle>
          <Icon>
            <href>http://maps.google.com/mapfiles/kml/shapes/shaded_dot.png</href>
          </Icon>
          <scale>0.6</scale>
          <color>bf3744db</color>
        </IconStyle>
      </Style>
      <Point>
        <altitudeMode>clampToGround</altitudeMode>
        <coordinates>87.3246681172039,22.3158481031505,0</coordinates>
      </Point>
    </Placemark>
    <Placemark>
      <Snippet maxLines="0"> </Snippet>
      <description>146
UTC 21-04-2026 10:21:35.00
GpsMilliseconds 1460802113000
22.3158482,87.3246687, EA(4m)
AltWgs84 -11.9 m, EA(5m)
Hdg 178 deg, Spd 0.1 m/s
EA(46.2 deg, 3.4 m/s)</description>
      <Style>
        <IconStyle>
          <Icon>
            <href>http://maps.google.com/mapfiles/kml/shapes/shaded_dot.png</href>
          </Icon>
          <scale>0.6</scale>
          <color>bf3744db</color>
        </IconStyle>
      </Style>
      <Point>
        <altitudeMode>clampToGround</altitudeMode>
        <coordinates>87.3246686703095,22.3158481609556,0</coordinates>
      </Point>
    </Placemark>
    <Placemark>
      <Snippet maxLines="0"> </Snippet>
      <description>147
UTC 21-04-2026 10:21:36.00
GpsMilliseconds 1460802114000
22.3158539,87.3246757, EA(4m)
AltWgs84 -9.9 m, EA(5m)
Hdg 222 deg, Spd 0.0 m/s
EA(40.3 deg, 3.0 m/s)</description>
      <Style>
        <IconStyle>
          <Icon>
            <href>http://maps.google.com/mapfiles/kml/shapes/shaded_dot.png</href>
          </Icon>
          <scale>0.6</scale>
          <color>bf3744db</color>
        </IconStyle>
      </Style>
      <Point>
        <altitudeMode>clampToGround</altitudeMode>
        <coordinates>87.324675697559,22.3158539443461,0</coordinates>
      </Point>
    </Placemark>
    <Placemark>
      <Snippet maxLines="0"> </Snippet>
      <description>148
UTC 21-04-2026 10:21:37.00
GpsMilliseconds 1460802115000
22.3158565,87.3246784, EA(4m)
AltWgs84 -9.6 m, EA(5m)
Hdg 165 deg, Spd 0.2 m/s
EA(40.3 deg, 3.0 m/s)</description>
      <Style>
        <IconStyle>
          <Icon>
            <href>http://maps.google.com/mapfiles/kml/shapes/shaded_dot.png</href>
          </Icon>
          <scale>0.6</scale>
          <color>bf3744db</color>
        </IconStyle>
      </Style>
      <Point>
        <altitudeMode>clampToGround</altitudeMode>
        <coordinates>87.324678423262,22.3158564986615,0</coordinates>
      </Point>
    </Placemark>
    <Placemark>
      <Snippet maxLines="0"> </Snippet>
      <description>149
UTC 21-04-2026 10:21:38.00
GpsMilliseconds 1460802116000
22.3158510,87.3246807, EA(4m)
AltWgs84 -11.5 m, EA(5m)
Hdg 265 deg, Spd 0.0 m/s
EA(40.3 deg, 3.0 m/s)</description>
      <Style>
        <IconStyle>
          <Icon>
            <href>http://maps.google.com/mapfiles/kml/shapes/shaded_dot.png</href>
          </Icon>
          <scale>0.6</scale>
          <color>bf3744db</color>
        </IconStyle>
      </Style>
      <Point>
        <altitudeMode>clampToGround</altitudeMode>
        <coordinates>87.324680707187,22.3158510382165,0</coordinates>
      </Point>
    </Placemark>
    <Placemark>
      <Snippet maxLines="0"> </Snippet>
      <description>150
UTC 21-04-2026 10:21:39.00
GpsMilliseconds 1460802117000
22.3158570,87.3246822, EA(4m)
AltWgs84 -9.5 m, EA(5m)
Hdg 4 deg, Spd 0.1 m/s
EA(40.3 deg, 3.0 m/s)</description>
      <Style>
        <IconStyle>
          <Icon>
            <href>http://maps.google.com/mapfiles/kml/shapes/shaded_dot.png</href>
          </Icon>
          <scale>0.6</scale>
          <color>bf3744db</color>
        </IconStyle>
      </Style>
      <Point>
        <altitudeMode>clampToGround</altitudeMode>
        <coordinates>87.3246821880812,22.3158570450393,0</coordinates>
      </Point>
    </Placemark>
    <Placemark>
      <Snippet maxLines="0"> </Snippet>
      <description>151
UTC 21-04-2026 10:21:39.100
GpsMilliseconds 1460802117999
22.3158498,87.3246847, EA(4m)
AltWgs84 -11.7 m, EA(5m)
Hdg 100 deg, Spd 0.3 m/s
EA(40.3 deg, 3.0 m/s)</description>
      <Style>
        <IconStyle>
          <Icon>
            <href>http://maps.google.com/mapfiles/kml/shapes/shaded_dot.png</href>
          </Icon>
          <scale>0.6</scale>
          <color>bf3744db</color>
        </IconStyle>
      </Style>
      <Point>
        <altitudeMode>clampToGround</altitudeMode>
        <coordinates>87.3246847231518,22.315849777971,0</coordinates>
      </Point>
    </Placemark>
    <Placemark>
      <Snippet maxLines="0"> </Snippet>
      <description>152
UTC 21-04-2026 10:21:40.100
GpsMilliseconds 1460802118999
22.3158473,87.3246884, EA(4m)
AltWgs84 -11.5 m, EA(5m)
Hdg 145 deg, Spd 0.3 m/s
EA(40.3 deg, 3.0 m/s)</description>
      <Style>
        <IconStyle>
          <Icon>
            <href>http://maps.google.com/mapfiles/kml/shapes/shaded_dot.png</href>
          </Icon>
          <scale>0.6</scale>
          <color>bf3744db</color>
        </IconStyle>
      </Style>
      <Point>
        <altitudeMode>clampToGround</altitudeMode>
        <coordinates>87.3246884208463,22.3158472640941,0</coordinates>
      </Point>
    </Placemark>
    <Placemark>
      <Snippet maxLines="0"> </Snippet>
      <description>153
UTC 21-04-2026 10:21:41.100
GpsMilliseconds 1460802119999
22.3158455,87.3246846, EA(4m)
AltWgs84 -11.6 m, EA(5m)
Hdg 267 deg, Spd 0.1 m/s
EA(40.3 deg, 3.0 m/s)</description>
      <Style>
        <IconStyle>
          <Icon>
            <href>http://maps.google.com/mapfiles/kml/shapes/shaded_dot.png</href>
          </Icon>
          <scale>0.6</scale>
          <color>bf3744db</color>
        </IconStyle>
      </Style>
      <Point>
        <altitudeMode>clampToGround</altitudeMode>
        <coordinates>87.3246846041578,22.3158455384015,0</coordinates>
      </Point>
    </Placemark>
    <Placemark>
      <Snippet maxLines="0"> </Snippet>
      <description>154
UTC 21-04-2026 10:21:42.100
GpsMilliseconds 1460802120999
22.3158462,87.3246838, EA(4m)
AltWgs84 -12.2 m, EA(5m)
Hdg 283 deg, Spd 0.2 m/s
EA(40.3 deg, 3.0 m/s)</description>
      <Style>
        <IconStyle>
          <Icon>
            <href>http://maps.google.com/mapfiles/kml/shapes/shaded_dot.png</href>
          </Icon>
          <scale>0.6</scale>
          <color>bf3744db</color>
        </IconStyle>
      </Style>
      <Point>
        <altitudeMode>clampToGround</altitudeMode>
        <coordinates>87.3246838388688,22.3158462347032,0</coordinates>
      </Point>
    </Placemark>
    <Placemark>
      <Snippet maxLines="0"> </Snippet>
      <description>155
UTC 21-04-2026 10:21:43.100
GpsMilliseconds 1460802121999
22.3158499,87.3246848, EA(4m)
AltWgs84 -10.4 m, EA(5m)
Hdg 234 deg, Spd 0.1 m/s
EA(40.3 deg, 3.0 m/s)</description>
      <Style>
        <IconStyle>
          <Icon>
            <href>http://maps.google.com/mapfiles/kml/shapes/shaded_dot.png</href>
          </Icon>
          <scale>0.6</scale>
          <color>bf3744db</color>
        </IconStyle>
      </Style>
      <Point>
        <altitudeMode>clampToGround</altitudeMode>
        <coordinates>87.3246848434363,22.3158498993458,0</coordinates>
      </Point>
    </Placemark>
    <Placemark>
      <Snippet maxLines="0"> </Snippet>
      <description>156
UTC 21-04-2026 10:21:44.100
GpsMilliseconds 1460802122999
22.3158486,87.3246890, EA(4m)
AltWgs84 -9.9 m, EA(5m)
Hdg 199 deg, Spd 0.2 m/s
EA(40.3 deg, 3.0 m/s)</description>
      <Style>
        <IconStyle>
          <Icon>
            <href>http://maps.google.com/mapfiles/kml/shapes/shaded_dot.png</href>
          </Icon>
          <scale>0.6</scale>
          <color>bf3744db</color>
        </IconStyle>
      </Style>
      <Point>
        <altitudeMode>clampToGround</altitudeMode>
        <coordinates>87.3246890484647,22.3158485578361,0</coordinates>
      </Point>
    </Placemark>
    <Placemark>
      <Snippet maxLines="0"> </Snippet>
      <description>157
UTC 21-04-2026 10:21:45.100
GpsMilliseconds 1460802123999
22.3158430,87.3246887, EA(4m)
AltWgs84 -11.4 m, EA(5m)
Hdg 102 deg, Spd 0.1 m/s
EA(40.3 deg, 3.0 m/s)</description>
      <Style>
        <IconStyle>
          <Icon>
            <href>http://maps.google.com/mapfiles/kml/shapes/shaded_dot.png</href>
          </Icon>
          <scale>0.6</scale>
          <color>bf3744db</color>
        </IconStyle>
      </Style>
      <Point>
        <altitudeMode>clampToGround</altitudeMode>
        <coordinates>87.3246886864303,22.3158430124561,0</coordinates>
      </Point>
    </Placemark>
    <Placemark>
      <Snippet maxLines="0"> </Snippet>
      <description>158
UTC 21-04-2026 10:21:46.100
GpsMilliseconds 1460802124999
22.3158418,87.3246847, EA(4m)
AltWgs84 -11.7 m, EA(5m)
Hdg 70 deg, Spd 0.2 m/s
EA(40.3 deg, 3.0 m/s)</description>
      <Style>
        <IconStyle>
          <Icon>
            <href>http://maps.google.com/mapfiles/kml/shapes/shaded_dot.png</href>
          </Icon>
          <scale>0.6</scale>
          <color>bf3744db</color>
        </IconStyle>
      </Style>
      <Point>
        <altitudeMode>clampToGround</altitudeMode>
        <coordinates>87.3246846811215,22.3158418254402,0</coordinates>
      </Point>
    </Placemark>
    <Placemark>
      <Snippet maxLines="0"> </Snippet>
      <description>159
UTC 21-04-2026 10:21:47.100
GpsMilliseconds 1460802125999
22.3158489,87.3246865, EA(4m)
AltWgs84 -9.8 m, EA(5m)
Hdg 234 deg, Spd 0.3 m/s
EA(40.3 deg, 3.0 m/s)</description>
      <Style>
        <IconStyle>
          <Icon>
            <href>http://maps.google.com/mapfiles/kml/shapes/shaded_dot.png</href>
          </Icon>
          <scale>0.6</scale>
          <color>bf3744db</color>
        </IconStyle>
      </Style>
      <Point>
        <altitudeMode>clampToGround</altitudeMode>
        <coordinates>87.3246864684238,22.3158488582647,0</coordinates>
      </Point>
    </Placemark>
    <Placemark>
      <Snippet maxLines="0"> </Snippet>
      <description>160
UTC 21-04-2026 10:21:48.100
GpsMilliseconds 1460802126999
22.3158476,87.3246852, EA(4m)
AltWgs84 -9.6 m, EA(5m)
Hdg 238 deg, Spd 0.1 m/s
EA(40.3 deg, 3.0 m/s)</description>
      <Style>
        <IconStyle>
          <Icon>
            <href>http://maps.google.com/mapfiles/kml/shapes/shaded_dot.png</href>
          </Icon>
          <scale>0.6</scale>
          <color>bf3744db</color>
        </IconStyle>
      </Style>
      <Point>
        <altitudeMode>clampToGround</altitudeMode>
        <coordinates>87.3246851911088,22.3158476315461,0</coordinates>
      </Point>
    </Placemark>
    <Placemark>
      <Snippet maxLines="0"> </Snippet>
      <description>161
UTC 21-04-2026 10:21:49.100
GpsMilliseconds 1460802127999
22.3158557,87.3246891, EA(4m)
AltWgs84 -7.9 m, EA(5m)
Hdg 321 deg, Spd 0.2 m/s
EA(40.3 deg, 3.0 m/s)</description>
      <Style>
        <IconStyle>
          <Icon>
            <href>http://maps.google.com/mapfiles/kml/shapes/shaded_dot.png</href>
          </Icon>
          <scale>0.6</scale>
          <color>bf3744db</color>
        </IconStyle>
      </Style>
      <Point>
        <altitudeMode>clampToGround</altitudeMode>
        <coordinates>87.3246890864287,22.315855684496,0</coordinates>
      </Point>
    </Placemark>
    <Placemark>
      <Snippet maxLines="0"> </Snippet>
      <description>162
UTC 21-04-2026 10:21:50.100
GpsMilliseconds 1460802128999
22.3158533,87.3246830, EA(4m)
AltWgs84 -9.1 m, EA(5m)
Hdg 296 deg, Spd 0.1 m/s
EA(40.3 deg, 3.0 m/s)</description>
      <Style>
        <IconStyle>
          <Icon>
            <href>http://maps.google.com/mapfiles/kml/shapes/shaded_dot.png</href>
          </Icon>
          <scale>0.6</scale>
          <color>bf3744db</color>
        </IconStyle>
      </Style>
      <Point>
        <altitudeMode>clampToGround</altitudeMode>
        <coordinates>87.3246830101299,22.3158532556934,0</coordinates>
      </Point>
    </Placemark>
    <Placemark>
      <Snippet maxLines="0"> </Snippet>
      <description>163
UTC 21-04-2026 10:21:51.100
GpsMilliseconds 1460802129999
22.3158435,87.3246869, EA(4m)
AltWgs84 -10.7 m, EA(5m)
Hdg 155 deg, Spd 0.1 m/s
EA(40.3 deg, 3.0 m/s)</description>
      <Style>
        <IconStyle>
          <Icon>
            <href>http://maps.google.com/mapfiles/kml/shapes/shaded_dot.png</href>
          </Icon>
          <scale>0.6</scale>
          <color>bf3744db</color>
        </IconStyle>
      </Style>
      <Point>
        <altitudeMode>clampToGround</altitudeMode>
        <coordinates>87.3246869358506,22.3158434994148,0</coordinates>
      </Point>
    </Placemark>
    <Placemark>
      <Snippet maxLines="0"> </Snippet>
      <description>164
UTC 21-04-2026 10:21:52.100
GpsMilliseconds 1460802130999
22.3158392,87.3246841, EA(4m)
AltWgs84 -11.7 m, EA(5m)
Hdg 61 deg, Spd 0.3 m/s
EA(40.3 deg, 3.0 m/s)</description>
      <Style>
        <IconStyle>
          <Icon>
            <href>http://maps.google.com/mapfiles/kml/shapes/shaded_dot.png</href>
          </Icon>
          <scale>0.6</scale>
          <color>bf3744db</color>
        </IconStyle>
      </Style>
      <Point>
        <altitudeMode>clampToGround</altitudeMode>
        <coordinates>87.3246841127114,22.3158391706464,0</coordinates>
      </Point>
    </Placemark>
    <Placemark>
      <Snippet maxLines="0"> </Snippet>
      <description>165
UTC 21-04-2026 10:21:53.100
GpsMilliseconds 1460802131999
22.3158391,87.3246853, EA(4m)
AltWgs84 -11.2 m, EA(5m)
Hdg 69 deg, Spd 0.2 m/s
EA(40.3 deg, 3.0 m/s)</description>
      <Style>
        <IconStyle>
          <Icon>
            <href>http://maps.google.com/mapfiles/kml/shapes/shaded_dot.png</href>
          </Icon>
          <scale>0.6</scale>
          <color>bf3744db</color>
        </IconStyle>
      </Style>
      <Point>
        <altitudeMode>clampToGround</altitudeMode>
        <coordinates>87.3246853210438,22.315839136214,0</coordinates>
      </Point>
    </Placemark>
    <Placemark>
      <Snippet maxLines="0"> </Snippet>
      <description>166
UTC 21-04-2026 10:21:54.100
GpsMilliseconds 1460802132999
22.3158477,87.3246878, EA(4m)
AltWgs84 -8.8 m, EA(5m)
Hdg 239 deg, Spd 0.2 m/s
EA(40.3 deg, 3.0 m/s)</description>
      <Style>
        <IconStyle>
          <Icon>
            <href>http://maps.google.com/mapfiles/kml/shapes/shaded_dot.png</href>
          </Icon>
          <scale>0.6</scale>
          <color>bf3744db</color>
        </IconStyle>
      </Style>
      <Point>
        <altitudeMode>clampToGround</altitudeMode>
        <coordinates>87.3246878028764,22.3158477456435,0</coordinates>
      </Point>
    </Placemark>
    <Placemark>
      <Snippet maxLines="0"> </Snippet>
      <description>167
UTC 21-04-2026 10:21:55.100
GpsMilliseconds 1460802133999
22.3158420,87.3246846, EA(4m)
AltWgs84 -10.7 m, EA(5m)
Hdg 255 deg, Spd 0.2 m/s
EA(40.3 deg, 3.0 m/s)</description>
      <Style>
        <IconStyle>
          <Icon>
            <href>http://maps.google.com/mapfiles/kml/shapes/shaded_dot.png</href>
          </Icon>
          <scale>0.6</scale>
          <color>bf3744db</color>
        </IconStyle>
      </Style>
      <Point>
        <altitudeMode>clampToGround</altitudeMode>
        <coordinates>87.3246846216825,22.3158420182105,0</coordinates>
      </Point>
    </Placemark>
    <Placemark>
      <Snippet maxLines="0"> </Snippet>
      <description>168
UTC 21-04-2026 10:21:56.100
GpsMilliseconds 1460802134999
22.3158431,87.3246830, EA(4m)
AltWgs84 -10.7 m, EA(5m)
Hdg 252 deg, Spd 0.2 m/s
EA(40.3 deg, 3.0 m/s)</description>
      <Style>
        <IconStyle>
          <Icon>
            <href>http://maps.google.com/mapfiles/kml/shapes/shaded_dot.png</href>
          </Icon>
          <scale>0.6</scale>
          <color>bf3744db</color>
        </IconStyle>
      </Style>
      <Point>
        <altitudeMode>clampToGround</altitudeMode>
        <coordinates>87.3246830114255,22.3158430794969,0</coordinates>
      </Point>
    </Placemark>
    <Placemark>
      <Snippet maxLines="0"> </Snippet>
      <description>169
UTC 21-04-2026 10:21:57.100
GpsMilliseconds 1460802135999
22.3158428,87.3246865, EA(4m)
AltWgs84 -9.9 m, EA(5m)
Hdg 235 deg, Spd 0.3 m/s
EA(40.3 deg, 3.0 m/s)</description>
      <Style>
        <IconStyle>
          <Icon>
            <href>http://maps.google.com/mapfiles/kml/shapes/shaded_dot.png</href>
          </Icon>
          <scale>0.6</scale>
          <color>bf3744db</color>
        </IconStyle>
      </Style>
      <Point>
        <altitudeMode>clampToGround</altitudeMode>
        <coordinates>87.324686469816,22.3158428001622,0</coordinates>
      </Point>
    </Placemark>
    <Placemark>
      <Snippet maxLines="0"> </Snippet>
      <description>170
UTC 21-04-2026 10:21:58.100
GpsMilliseconds 1460802136999
22.3158410,87.3246789, EA(4m)
AltWgs84 -11.8 m, EA(5m)
Hdg 346 deg, Spd 0.2 m/s
EA(46.3 deg, 3.4 m/s)</description>
      <Style>
        <IconStyle>
          <Icon>
            <href>http://maps.google.com/mapfiles/kml/shapes/shaded_dot.png</href>
          </Icon>
          <scale>0.6</scale>
          <color>bf3744db</color>
        </IconStyle>
      </Style>
      <Point>
        <altitudeMode>clampToGround</altitudeMode>
        <coordinates>87.3246788816398,22.3158410416786,0</coordinates>
      </Point>
    </Placemark>
    <Placemark>
      <Snippet maxLines="0"> </Snippet>
      <description>171
UTC 21-04-2026 10:21:59.100
GpsMilliseconds 1460802137999
22.3158381,87.3246771, EA(4m)
AltWgs84 -11.7 m, EA(5m)
Hdg 87 deg, Spd 0.1 m/s
EA(46.3 deg, 3.4 m/s)</description>
      <Style>
        <IconStyle>
          <Icon>
            <href>http://maps.google.com/mapfiles/kml/shapes/shaded_dot.png</href>
          </Icon>
          <scale>0.6</scale>
          <color>bf3744db</color>
        </IconStyle>
      </Style>
      <Point>
        <altitudeMode>clampToGround</altitudeMode>
        <coordinates>87.3246770788511,22.3158380698558,0</coordinates>
      </Point>
    </Placemark>
    <Placemark>
      <Snippet maxLines="0"> </Snippet>
      <description>172
UTC 21-04-2026 10:22:00.100
GpsMilliseconds 1460802138999
22.3158381,87.3246755, EA(4m)
AltWgs84 -12.6 m, EA(6m)
Hdg 141 deg, Spd 0.0 m/s
EA(46.3 deg, 3.4 m/s)</description>
      <Style>
        <IconStyle>
          <Icon>
            <href>http://maps.google.com/mapfiles/kml/shapes/shaded_dot.png</href>
          </Icon>
          <scale>0.6</scale>
          <color>bf3744db</color>
        </IconStyle>
      </Style>
      <Point>
        <altitudeMode>clampToGround</altitudeMode>
        <coordinates>87.3246754780741,22.3158381093381,0</coordinates>
      </Point>
    </Placemark>
    <Placemark>
      <Snippet maxLines="0"> </Snippet>
      <description>173
UTC 21-04-2026 10:22:01.100
GpsMilliseconds 1460802139999
22.3158346,87.3246817, EA(4m)
AltWgs84 -12.2 m, EA(5m)
Hdg 153 deg, Spd 0.1 m/s
EA(46.3 deg, 3.4 m/s)</description>
      <Style>
        <IconStyle>
          <Icon>
            <href>http://maps.google.com/mapfiles/kml/shapes/shaded_dot.png</href>
          </Icon>
          <scale>0.6</scale>
          <color>bf3744db</color>
        </IconStyle>
      </Style>
      <Point>
        <altitudeMode>clampToGround</altitudeMode>
        <coordinates>87.3246816602201,22.3158346082539,0</coordinates>
      </Point>
    </Placemark>
    <Placemark>
      <Snippet maxLines="0"> </Snippet>
      <description>174
UTC 21-04-2026 10:22:02.100
GpsMilliseconds 1460802140999
22.3158316,87.3246753, EA(4m)
AltWgs84 -13.3 m, EA(6m)
Hdg 337 deg, Spd 0.0 m/s
EA(46.3 deg, 3.4 m/s)</description>
      <Style>
        <IconStyle>
          <Icon>
            <href>http://maps.google.com/mapfiles/kml/shapes/shaded_dot.png</href>
          </Icon>
          <scale>0.6</scale>
          <color>bf3744db</color>
        </IconStyle>
      </Style>
      <Point>
        <altitudeMode>clampToGround</altitudeMode>
        <coordinates>87.3246752624447,22.3158315776964,0</coordinates>
      </Point>
    </Placemark>
    <Placemark>
      <Snippet maxLines="0"> </Snippet>
      <description>175
UTC 21-04-2026 10:22:03.100
GpsMilliseconds 1460802141999
22.3158335,87.3246785, EA(4m)
AltWgs84 -12.9 m, EA(6m)
Hdg 151 deg, Spd 0.1 m/s
EA(46.3 deg, 3.4 m/s)</description>
      <Style>
        <IconStyle>
          <Icon>
            <href>http://maps.google.com/mapfiles/kml/shapes/shaded_dot.png</href>
          </Icon>
          <scale>0.6</scale>
          <color>bf3744db</color>
        </IconStyle>
      </Style>
      <Point>
        <altitudeMode>clampToGround</altitudeMode>
        <coordinates>87.3246785346566,22.3158334738354,0</coordinates>
      </Point>
    </Placemark>
    <Placemark>
      <Snippet maxLines="0"> </Snippet>
      <description>176
UTC 21-04-2026 10:22:04.100
GpsMilliseconds 1460802142999
22.3158322,87.3246778, EA(4m)
AltWgs84 -13.4 m, EA(5m)
Hdg 322 deg, Spd 0.0 m/s
EA(46.3 deg, 3.4 m/s)</description>
      <Style>
        <IconStyle>
          <Icon>
            <href>http://maps.google.com/mapfiles/kml/shapes/shaded_dot.png</href>
          </Icon>
          <scale>0.6</scale>
          <color>bf3744db</color>
        </IconStyle>
      </Style>
      <Point>
        <altitudeMode>clampToGround</altitudeMode>
        <coordinates>87.3246778294951,22.3158322467599,0</coordinates>
      </Point>
    </Placemark>
    <Placemark>
      <Snippet maxLines="0"> </Snippet>
      <description>177
UTC 21-04-2026 10:22:05.100
GpsMilliseconds 1460802143999
22.3158263,87.3246776, EA(4m)
AltWgs84 -14.2 m, EA(6m)
Hdg 335 deg, Spd 0.1 m/s
EA(46.3 deg, 3.4 m/s)</description>
      <Style>
        <IconStyle>
          <Icon>
            <href>http://maps.google.com/mapfiles/kml/shapes/shaded_dot.png</href>
          </Icon>
          <scale>0.6</scale>
          <color>bf3744db</color>
        </IconStyle>
      </Style>
      <Point>
        <altitudeMode>clampToGround</altitudeMode>
        <coordinates>87.3246776263568,22.3158263103242,0</coordinates>
      </Point>
    </Placemark>
    <Placemark>
      <Snippet maxLines="0"> </Snippet>
      <description>178
UTC 21-04-2026 10:22:06.100
GpsMilliseconds 1460802144999
22.3158258,87.3246794, EA(4m)
AltWgs84 -14.4 m, EA(6m)
Hdg 188 deg, Spd 0.2 m/s
EA(46.3 deg, 3.4 m/s)</description>
      <Style>
        <IconStyle>
          <Icon>
            <href>http://maps.google.com/mapfiles/kml/shapes/shaded_dot.png</href>
          </Icon>
          <scale>0.6</scale>
          <color>bf3744db</color>
        </IconStyle>
      </Style>
      <Point>
        <altitudeMode>clampToGround</altitudeMode>
        <coordinates>87.3246793875751,22.3158257562245,0</coordinates>
      </Point>
    </Placemark>
    <Placemark>
      <Snippet maxLines="0"> </Snippet>
      <description>179
UTC 21-04-2026 10:22:07.100
GpsMilliseconds 1460802145999
22.3158265,87.3246769, EA(4m)
AltWgs84 -13.9 m, EA(6m)
Hdg 146 deg, Spd 0.1 m/s
EA(46.3 deg, 3.4 m/s)</description>
      <Style>
        <IconStyle>
          <Icon>
            <href>http://maps.google.com/mapfiles/kml/shapes/shaded_dot.png</href>
          </Icon>
          <scale>0.6</scale>
          <color>bf3744db</color>
        </IconStyle>
      </Style>
      <Point>
        <altitudeMode>clampToGround</altitudeMode>
        <coordinates>87.3246769386917,22.3158265047115,0</coordinates>
      </Point>
    </Placemark>
    <Placemark>
      <Snippet maxLines="0"> </Snippet>
      <description>180
UTC 21-04-2026 10:22:08.100
GpsMilliseconds 1460802146999
22.3158268,87.3246803, EA(4m)
AltWgs84 -14.1 m, EA(6m)
Hdg 171 deg, Spd 0.1 m/s
EA(46.3 deg, 3.4 m/s)</description>
      <Style>
        <IconStyle>
          <Icon>
            <href>http://maps.google.com/mapfiles/kml/shapes/shaded_dot.png</href>
          </Icon>
          <scale>0.6</scale>
          <color>bf3744db</color>
        </IconStyle>
      </Style>
      <Point>
        <altitudeMode>clampToGround</altitudeMode>
        <coordinates>87.3246802877871,22.3158268357809,0</coordinates>
      </Point>
    </Placemark>
    <Placemark>
      <Snippet maxLines="0"> </Snippet>
      <description>181
UTC 21-04-2026 10:22:09.100
GpsMilliseconds 1460802147999
22.3158302,87.3246832, EA(4m)
AltWgs84 -13.1 m, EA(5m)
Hdg 262 deg, Spd 0.1 m/s
EA(40.4 deg, 3.0 m/s)</description>
      <Style>
        <IconStyle>
          <Icon>
            <href>http://maps.google.com/mapfiles/kml/shapes/shaded_dot.png</href>
          </Icon>
          <scale>0.6</scale>
          <color>bf3744db</color>
        </IconStyle>
      </Style>
      <Point>
        <altitudeMode>clampToGround</altitudeMode>
        <coordinates>87.3246831658471,22.315830210201,0</coordinates>
      </Point>
    </Placemark>
    <Placemark>
      <Snippet maxLines="0"> </Snippet>
      <description>182
UTC 21-04-2026 10:22:10.100
GpsMilliseconds 1460802148999
22.3158328,87.3246953, EA(4m)
AltWgs84 -11.0 m, EA(5m)
Hdg 188 deg, Spd 0.2 m/s
EA(40.4 deg, 3.0 m/s)</description>
      <Style>
        <IconStyle>
          <Icon>
            <href>http://maps.google.com/mapfiles/kml/shapes/shaded_dot.png</href>
          </Icon>
          <scale>0.6</scale>
          <color>bf3744db</color>
        </IconStyle>
      </Style>
      <Point>
        <altitudeMode>clampToGround</altitudeMode>
        <coordinates>87.3246953172684,22.3158327661101,0</coordinates>
      </Point>
    </Placemark>
    <Placemark>
      <Snippet maxLines="0"> </Snippet>
      <description>183
UTC 21-04-2026 10:22:11.100
GpsMilliseconds 1460802149999
22.3158244,87.3246881, EA(4m)
AltWgs84 -12.9 m, EA(5m)
Hdg 73 deg, Spd 0.1 m/s
EA(39.6 deg, 2.9 m/s)</description>
      <Style>
        <IconStyle>
          <Icon>
            <href>http://maps.google.com/mapfiles/kml/shapes/shaded_dot.png</href>
          </Icon>
          <scale>0.6</scale>
          <color>bf3744db</color>
        </IconStyle>
      </Style>
      <Point>
        <altitudeMode>clampToGround</altitudeMode>
        <coordinates>87.3246880630556,22.3158243724124,0</coordinates>
      </Point>
    </Placemark>
    <Placemark>
      <Snippet maxLines="0"> </Snippet>
      <description>184
UTC 21-04-2026 10:22:12.100
GpsMilliseconds 1460802150999
22.3158273,87.3246929, EA(4m)
AltWgs84 -11.5 m, EA(5m)
Hdg 59 deg, Spd 0.4 m/s
EA(39.6 deg, 2.9 m/s)</description>
      <Style>
        <IconStyle>
          <Icon>
            <href>http://maps.google.com/mapfiles/kml/shapes/shaded_dot.png</href>
          </Icon>
          <scale>0.6</scale>
          <color>bf3744db</color>
        </IconStyle>
      </Style>
      <Point>
        <altitudeMode>clampToGround</altitudeMode>
        <coordinates>87.3246928844172,22.3158272866387,0</coordinates>
      </Point>
    </Placemark>
    <Placemark>
      <Snippet maxLines="0"> </Snippet>
      <description>185
UTC 21-04-2026 10:22:13.100
GpsMilliseconds 1460802151999
22.3158274,87.3246947, EA(4m)
AltWgs84 -11.5 m, EA(5m)
Hdg 95 deg, Spd 0.0 m/s
EA(39.6 deg, 2.9 m/s)</description>
      <Style>
        <IconStyle>
          <Icon>
            <href>http://maps.google.com/mapfiles/kml/shapes/shaded_dot.png</href>
          </Icon>
          <scale>0.6</scale>
          <color>bf3744db</color>
        </IconStyle>
      </Style>
      <Point>
        <altitudeMode>clampToGround</altitudeMode>
        <coordinates>87.3246946729799,22.3158273623874,0</coordinates>
      </Point>
    </Placemark>
    <Placemark>
      <Snippet maxLines="0"> </Snippet>
      <description>186
UTC 21-04-2026 10:22:14.100
GpsMilliseconds 1460802152999
22.3158313,87.3246970, EA(4m)
AltWgs84 -10.9 m, EA(5m)
Hdg 261 deg, Spd 0.1 m/s
EA(39.6 deg, 2.9 m/s)</description>
      <Style>
        <IconStyle>
          <Icon>
            <href>http://maps.google.com/mapfiles/kml/shapes/shaded_dot.png</href>
          </Icon>
          <scale>0.6</scale>
          <color>bf3744db</color>
        </IconStyle>
      </Style>
      <Point>
        <altitudeMode>clampToGround</altitudeMode>
        <coordinates>87.3246970290555,22.3158312847326,0</coordinates>
      </Point>
    </Placemark>
    <Placemark>
      <Snippet maxLines="0"> </Snippet>
      <description>187
UTC 21-04-2026 10:22:15.100
GpsMilliseconds 1460802153999
22.3158312,87.3246977, EA(4m)
AltWgs84 -10.8 m, EA(5m)
Hdg 233 deg, Spd 0.1 m/s
EA(39.6 deg, 2.9 m/s)</description>
      <Style>
        <IconStyle>
          <Icon>
            <href>http://maps.google.com/mapfiles/kml/shapes/shaded_dot.png</href>
          </Icon>
          <scale>0.6</scale>
          <color>bf3744db</color>
        </IconStyle>
      </Style>
      <Point>
        <altitudeMode>clampToGround</altitudeMode>
        <coordinates>87.3246977269741,22.3158312013558,0</coordinates>
      </Point>
    </Placemark>
    <Placemark>
      <Snippet maxLines="0"> </Snippet>
      <description>188
UTC 21-04-2026 10:22:16.100
GpsMilliseconds 1460802154999
22.3158390,87.3246963, EA(4m)
AltWgs84 -10.6 m, EA(5m)
Hdg 36 deg, Spd 0.2 m/s
EA(39.6 deg, 2.9 m/s)</description>
      <Style>
        <IconStyle>
          <Icon>
            <href>http://maps.google.com/mapfiles/kml/shapes/shaded_dot.png</href>
          </Icon>
          <scale>0.6</scale>
          <color>bf3744db</color>
        </IconStyle>
      </Style>
      <Point>
        <altitudeMode>clampToGround</altitudeMode>
        <coordinates>87.3246963096319,22.315839029297,0</coordinates>
      </Point>
    </Placemark>
    <Placemark>
      <Snippet maxLines="0"> </Snippet>
      <description>189
UTC 21-04-2026 10:22:17.100
GpsMilliseconds 1460802155999
22.3158308,87.3246875, EA(4m)
AltWgs84 -13.4 m, EA(5m)
Hdg 66 deg, Spd 0.1 m/s
EA(43.7 deg, 3.1 m/s)</description>
      <Style>
        <IconStyle>
          <Icon>
            <href>http://maps.google.com/mapfiles/kml/shapes/shaded_dot.png</href>
          </Icon>
          <scale>0.6</scale>
          <color>bf3744db</color>
        </IconStyle>
      </Style>
      <Point>
        <altitudeMode>clampToGround</altitudeMode>
        <coordinates>87.3246875009151,22.3158307775265,0</coordinates>
      </Point>
    </Placemark>
    <Placemark>
      <Snippet maxLines="0"> </Snippet>
      <description>190
UTC 21-04-2026 10:22:18.100
GpsMilliseconds 1460802156999
22.3158388,87.3246989, EA(4m)
AltWgs84 -10.4 m, EA(5m)
Hdg 81 deg, Spd 0.1 m/s
EA(39.6 deg, 2.9 m/s)</description>
      <Style>
        <IconStyle>
          <Icon>
            <href>http://maps.google.com/mapfiles/kml/shapes/shaded_dot.png</href>
          </Icon>
          <scale>0.6</scale>
          <color>bf3744db</color>
        </IconStyle>
      </Style>
      <Point>
        <altitudeMode>clampToGround</altitudeMode>
        <coordinates>87.324698855193,22.3158387761958,0</coordinates>
      </Point>
    </Placemark>
    <Placemark>
      <Snippet maxLines="0"> </Snippet>
      <description>191
UTC 21-04-2026 10:22:19.100
GpsMilliseconds 1460802157999
22.3158332,87.3247041, EA(4m)
AltWgs84 -10.3 m, EA(5m)
Hdg 45 deg, Spd 0.2 m/s
EA(40.6 deg, 3.0 m/s)</description>
      <Style>
        <IconStyle>
          <Icon>
            <href>http://maps.google.com/mapfiles/kml/shapes/shaded_dot.png</href>
          </Icon>
          <scale>0.6</scale>
          <color>bf3744db</color>
        </IconStyle>
      </Style>
      <Point>
        <altitudeMode>clampToGround</altitudeMode>
        <coordinates>87.3247040715698,22.3158331936666,0</coordinates>
      </Point>
    </Placemark>
    <Placemark>
      <Snippet maxLines="0"> </Snippet>
      <description>192
UTC 21-04-2026 10:22:20.100
GpsMilliseconds 1460802158999
22.3158359,87.3247019, EA(4m)
AltWgs84 -10.6 m, EA(5m)
Hdg 325 deg, Spd 0.0 m/s
EA(40.6 deg, 3.0 m/s)</description>
      <Style>
        <IconStyle>
          <Icon>
            <href>http://maps.google.com/mapfiles/kml/shapes/shaded_dot.png</href>
          </Icon>
          <scale>0.6</scale>
          <color>bf3744db</color>
        </IconStyle>
      </Style>
      <Point>
        <altitudeMode>clampToGround</altitudeMode>
        <coordinates>87.3247019303288,22.3158359040699,0</coordinates>
      </Point>
    </Placemark>
    <Placemark>
      <Snippet maxLines="0"> </Snippet>
      <description>193
UTC 21-04-2026 10:22:21.100
GpsMilliseconds 1460802159999
22.3158322,87.3246995, EA(4m)
AltWgs84 -11.2 m, EA(5m)
Hdg 244 deg, Spd 0.2 m/s
EA(40.6 deg, 3.0 m/s)</description>
      <Style>
        <IconStyle>
          <Icon>
            <href>http://maps.google.com/mapfiles/kml/shapes/shaded_dot.png</href>
          </Icon>
          <scale>0.6</scale>
          <color>bf3744db</color>
        </IconStyle>
      </Style>
      <Point>
        <altitudeMode>clampToGround</altitudeMode>
        <coordinates>87.3246995030785,22.3158322233931,0</coordinates>
      </Point>
    </Placemark>
    <Placemark>
      <Snippet maxLines="0"> </Snippet>
      <description>194
UTC 21-04-2026 10:22:22.100
GpsMilliseconds 1460802160999
22.3158347,87.3247050, EA(4m)
AltWgs84 -10.9 m, EA(5m)
Hdg 216 deg, Spd 0.1 m/s
EA(40.6 deg, 3.0 m/s)</description>
      <Style>
        <IconStyle>
          <Icon>
            <href>http://maps.google.com/mapfiles/kml/shapes/shaded_dot.png</href>
          </Icon>
          <scale>0.6</scale>
          <color>bf3744db</color>
        </IconStyle>
      </Style>
      <Point>
        <altitudeMode>clampToGround</altitudeMode>
        <coordinates>87.3247050235379,22.3158347087347,0</coordinates>
      </Point>
    </Placemark>
    <Placemark>
      <Snippet maxLines="0"> </Snippet>
      <description>195
UTC 21-04-2026 10:22:23.100
GpsMilliseconds 1460802161999
22.3158416,87.3247093, EA(4m)
AltWgs84 -9.4 m, EA(5m)
Hdg 355 deg, Spd 0.1 m/s
EA(39.7 deg, 2.9 m/s)</description>
      <Style>
        <IconStyle>
          <Icon>
            <href>http://maps.google.com/mapfiles/kml/shapes/shaded_dot.png</href>
          </Icon>
          <scale>0.6</scale>
          <color>bf3744db</color>
        </IconStyle>
      </Style>
      <Point>
        <altitudeMode>clampToGround</altitudeMode>
        <coordinates>87.3247093380042,22.3158416342089,0</coordinates>
      </Point>
    </Placemark>
    <Placemark>
      <Snippet maxLines="0"> </Snippet>
      <description>196
UTC 21-04-2026 10:22:24.100
GpsMilliseconds 1460802162999
22.3158402,87.3247041, EA(4m)
AltWgs84 -10.2 m, EA(5m)
Hdg 152 deg, Spd 0.1 m/s
EA(39.7 deg, 2.9 m/s)</description>
      <Style>
        <IconStyle>
          <Icon>
            <href>http://maps.google.com/mapfiles/kml/shapes/shaded_dot.png</href>
          </Icon>
          <scale>0.6</scale>
          <color>bf3744db</color>
        </IconStyle>
      </Style>
      <Point>
        <altitudeMode>clampToGround</altitudeMode>
        <coordinates>87.3247040812795,22.315840231635,0</coordinates>
      </Point>
    </Placemark>
    <Placemark>
      <Snippet maxLines="0"> </Snippet>
      <description>197
UTC 21-04-2026 10:22:25.100
GpsMilliseconds 1460802163999
22.3158452,87.3246990, EA(4m)
AltWgs84 -11.0 m, EA(5m)
Hdg 48 deg, Spd 0.1 m/s
EA(39.7 deg, 2.9 m/s)</description>
      <Style>
        <IconStyle>
          <Icon>
            <href>http://maps.google.com/mapfiles/kml/shapes/shaded_dot.png</href>
          </Icon>
          <scale>0.6</scale>
          <color>bf3744db</color>
        </IconStyle>
      </Style>
      <Point>
        <altitudeMode>clampToGround</altitudeMode>
        <coordinates>87.3246989978211,22.3158452254352,0</coordinates>
      </Point>
    </Placemark>
    <Placemark>
      <Snippet maxLines="0"> </Snippet>
      <description>198
UTC 21-04-2026 10:22:26.100
GpsMilliseconds 1460802164999
22.3158477,87.3247016, EA(4m)
AltWgs84 -9.6 m, EA(5m)
Hdg 110 deg, Spd 0.1 m/s
EA(39.7 deg, 2.9 m/s)</description>
      <Style>
        <IconStyle>
          <Icon>
            <href>http://maps.google.com/mapfiles/kml/shapes/shaded_dot.png</href>
          </Icon>
          <scale>0.6</scale>
          <color>bf3744db</color>
        </IconStyle>
      </Style>
      <Point>
        <altitudeMode>clampToGround</altitudeMode>
        <coordinates>87.3247015571993,22.3158476549,0</coordinates>
      </Point>
    </Placemark>
    <Placemark>
      <Snippet maxLines="0"> </Snippet>
      <description>199
UTC 21-04-2026 10:22:27.100
GpsMilliseconds 1460802165999
22.3158466,87.3246971, EA(4m)
AltWgs84 -10.5 m, EA(5m)
Hdg 221 deg, Spd 0.2 m/s
EA(39.7 deg, 2.9 m/s)</description>
      <Style>
        <IconStyle>
          <Icon>
            <href>http://maps.google.com/mapfiles/kml/shapes/shaded_dot.png</href>
          </Icon>
          <scale>0.6</scale>
          <color>bf3744db</color>
        </IconStyle>
      </Style>
      <Point>
        <altitudeMode>clampToGround</altitudeMode>
        <coordinates>87.3246970706652,22.3158465527036,0</coordinates>
      </Point>
    </Placemark>
    <Placemark>
      <Snippet maxLines="0"> </Snippet>
      <description>200
UTC 21-04-2026 10:22:28.100
GpsMilliseconds 1460802166999
22.3158507,87.3246999, EA(4m)
AltWgs84 -10.1 m, EA(5m)
Hdg 179 deg, Spd 0.1 m/s
EA(39.7 deg, 2.9 m/s)</description>
      <Style>
        <IconStyle>
          <Icon>
            <href>http://maps.google.com/mapfiles/kml/shapes/shaded_dot.png</href>
          </Icon>
          <scale>0.6</scale>
          <color>bf3744db</color>
        </IconStyle>
      </Style>
      <Point>
        <altitudeMode>clampToGround</altitudeMode>
        <coordinates>87.3246999434102,22.3158507180603,0</coordinates>
      </Point>
    </Placemark>
    <Placemark>
      <Snippet maxLines="0"> </Snippet>
      <description>201
UTC 21-04-2026 10:22:29.100
GpsMilliseconds 1460802167999
22.3158498,87.3246986, EA(4m)
AltWgs84 -10.5 m, EA(5m)
Hdg 199 deg, Spd 0.1 m/s
EA(39.7 deg, 2.9 m/s)</description>
      <Style>
        <IconStyle>
          <Icon>
            <href>http://maps.google.com/mapfiles/kml/shapes/shaded_dot.png</href>
          </Icon>
          <scale>0.6</scale>
          <color>bf3744db</color>
        </IconStyle>
      </Style>
      <Point>
        <altitudeMode>clampToGround</altitudeMode>
        <coordinates>87.3246986418156,22.3158498225554,0</coordinates>
      </Point>
    </Placemark>
    <Placemark>
      <Snippet maxLines="0"> </Snippet>
      <description>202
UTC 21-04-2026 10:22:30.100
GpsMilliseconds 1460802168999
22.3158408,87.3246937, EA(4m)
AltWgs84 -11.7 m, EA(5m)
Hdg 192 deg, Spd 0.1 m/s
EA(42.3 deg, 2.8 m/s)</description>
      <Style>
        <IconStyle>
          <Icon>
            <href>http://maps.google.com/mapfiles/kml/shapes/shaded_dot.png</href>
          </Icon>
          <scale>0.6</scale>
          <color>bf3744db</color>
        </IconStyle>
      </Style>
      <Point>
        <altitudeMode>clampToGround</altitudeMode>
        <coordinates>87.3246936816463,22.3158407896474,0</coordinates>
      </Point>
    </Placemark>
    <Placemark>
      <Snippet maxLines="0"> </Snippet>
      <description>203
UTC 21-04-2026 10:22:31.100
GpsMilliseconds 1460802169999
22.3158357,87.3246946, EA(4m)
AltWgs84 -12.5 m, EA(5m)
Hdg 23 deg, Spd 0.2 m/s
EA(42.3 deg, 2.8 m/s)</description>
      <Style>
        <IconStyle>
          <Icon>
            <href>http://maps.google.com/mapfiles/kml/shapes/shaded_dot.png</href>
          </Icon>
          <scale>0.6</scale>
          <color>bf3744db</color>
        </IconStyle>
      </Style>
      <Point>
        <altitudeMode>clampToGround</altitudeMode>
        <coordinates>87.3246945729097,22.315835738341,0</coordinates>
      </Point>
    </Placemark>
    <Placemark>
      <Snippet maxLines="0"> </Snippet>
      <description>204
UTC 21-04-2026 10:22:32.100
GpsMilliseconds 1460802170999
22.3158437,87.3246978, EA(4m)
AltWgs84 -11.3 m, EA(5m)
Hdg 47 deg, Spd 0.4 m/s
EA(39.7 deg, 2.9 m/s)</description>
      <Style>
        <IconStyle>
          <Icon>
            <href>http://maps.google.com/mapfiles/kml/shapes/shaded_dot.png</href>
          </Icon>
          <scale>0.6</scale>
          <color>bf3744db</color>
        </IconStyle>
      </Style>
      <Point>
        <altitudeMode>clampToGround</altitudeMode>
        <coordinates>87.3246977548419,22.315843730111,0</coordinates>
      </Point>
    </Placemark>
    <Placemark>
      <Snippet maxLines="0"> </Snippet>
      <description>205
UTC 21-04-2026 10:22:33.100
GpsMilliseconds 1460802171999
22.3158415,87.3246886, EA(4m)
AltWgs84 -12.2 m, EA(5m)
Hdg 169 deg, Spd 0.1 m/s
EA(43.8 deg, 3.1 m/s)</description>
      <Style>
        <IconStyle>
          <Icon>
            <href>http://maps.google.com/mapfiles/kml/shapes/shaded_dot.png</href>
          </Icon>
          <scale>0.6</scale>
          <color>bf3744db</color>
        </IconStyle>
      </Style>
      <Point>
        <altitudeMode>clampToGround</altitudeMode>
        <coordinates>87.3246886135039,22.3158414821309,0</coordinates>
      </Point>
    </Placemark>
    <Placemark>
      <Snippet maxLines="0"> </Snippet>
      <description>206
UTC 21-04-2026 10:22:34.100
GpsMilliseconds 1460802172999
22.3158411,87.3246906, EA(4m)
AltWgs84 -11.9 m, EA(5m)
Hdg 148 deg, Spd 0.1 m/s
EA(43.8 deg, 3.1 m/s)</description>
      <Style>
        <IconStyle>
          <Icon>
            <href>http://maps.google.com/mapfiles/kml/shapes/shaded_dot.png</href>
          </Icon>
          <scale>0.6</scale>
          <color>bf3744db</color>
        </IconStyle>
      </Style>
      <Point>
        <altitudeMode>clampToGround</altitudeMode>
        <coordinates>87.3246905764111,22.315841074943,0</coordinates>
      </Point>
    </Placemark>
    <Placemark>
      <Snippet maxLines="0"> </Snippet>
      <description>207
UTC 21-04-2026 10:22:35.100
GpsMilliseconds 1460802173999
22.3158435,87.3246915, EA(4m)
AltWgs84 -11.0 m, EA(5m)
Hdg 183 deg, Spd 0.1 m/s
EA(39.7 deg, 2.9 m/s)</description>
      <Style>
        <IconStyle>
          <Icon>
            <href>http://maps.google.com/mapfiles/kml/shapes/shaded_dot.png</href>
          </Icon>
          <scale>0.6</scale>
          <color>bf3744db</color>
        </IconStyle>
      </Style>
      <Point>
        <altitudeMode>clampToGround</altitudeMode>
        <coordinates>87.3246915012734,22.3158435399037,0</coordinates>
      </Point>
    </Placemark>
    <Placemark>
      <Snippet maxLines="0"> </Snippet>
      <description>208
UTC 21-04-2026 10:22:36.100
GpsMilliseconds 1460802174999
22.3158417,87.3246923, EA(4m)
AltWgs84 -11.1 m, EA(5m)
Hdg 337 deg, Spd 0.1 m/s
EA(39.7 deg, 2.9 m/s)</description>
      <Style>
        <IconStyle>
          <Icon>
            <href>http://maps.google.com/mapfiles/kml/shapes/shaded_dot.png</href>
          </Icon>
          <scale>0.6</scale>
          <color>bf3744db</color>
        </IconStyle>
      </Style>
      <Point>
        <altitudeMode>clampToGround</altitudeMode>
        <coordinates>87.3246923122686,22.3158417346378,0</coordinates>
      </Point>
    </Placemark>
    <Placemark>
      <Snippet maxLines="0"> </Snippet>
      <description>209
UTC 21-04-2026 10:22:37.100
GpsMilliseconds 1460802175999
22.3158375,87.3246918, EA(4m)
AltWgs84 -10.7 m, EA(5m)
Hdg 128 deg, Spd 0.1 m/s
EA(42.3 deg, 2.8 m/s)</description>
      <Style>
        <IconStyle>
          <Icon>
            <href>http://maps.google.com/mapfiles/kml/shapes/shaded_dot.png</href>
          </Icon>
          <scale>0.6</scale>
          <color>bf3744db</color>
        </IconStyle>
      </Style>
      <Point>
        <altitudeMode>clampToGround</altitudeMode>
        <coordinates>87.3246918168197,22.3158374691753,0</coordinates>
      </Point>
    </Placemark>
    <Placemark>
      <Snippet maxLines="0"> </Snippet>
      <description>210
UTC 21-04-2026 10:22:38.100
GpsMilliseconds 1460802176999
22.3158381,87.3246894, EA(4m)
AltWgs84 -11.6 m, EA(5m)
Hdg 64 deg, Spd 0.2 m/s
EA(46.1 deg, 2.9 m/s)</description>
      <Style>
        <IconStyle>
          <Icon>
            <href>http://maps.google.com/mapfiles/kml/shapes/shaded_dot.png</href>
          </Icon>
          <scale>0.6</scale>
          <color>bf3744db</color>
        </IconStyle>
      </Style>
      <Point>
        <altitudeMode>clampToGround</altitudeMode>
        <coordinates>87.3246894245304,22.3158381389372,0</coordinates>
      </Point>
    </Placemark>
    <Placemark>
      <Snippet maxLines="0"> </Snippet>
      <description>211
UTC 21-04-2026 10:22:39.100
GpsMilliseconds 1460802177999
22.3158385,87.3246931, EA(4m)
AltWgs84 -11.1 m, EA(5m)
Hdg 19 deg, Spd 0.4 m/s
EA(46.0 deg, 2.9 m/s)</description>
      <Style>
        <IconStyle>
          <Icon>
            <href>http://maps.google.com/mapfiles/kml/shapes/shaded_dot.png</href>
          </Icon>
          <scale>0.6</scale>
          <color>bf3744db</color>
        </IconStyle>
      </Style>
      <Point>
        <altitudeMode>clampToGround</altitudeMode>
        <coordinates>87.3246931358177,22.3158385363337,0</coordinates>
      </Point>
    </Placemark>
    <Placemark>
      <Snippet maxLines="0"> </Snippet>
      <description>212
UTC 21-04-2026 10:22:40.100
GpsMilliseconds 1460802178999
22.3158349,87.3247002, EA(4m)
AltWgs84 -10.4 m, EA(5m)
Hdg 166 deg, Spd 0.2 m/s
EA(46.0 deg, 2.9 m/s)</description>
      <Style>
        <IconStyle>
          <Icon>
            <href>http://maps.google.com/mapfiles/kml/shapes/shaded_dot.png</href>
          </Icon>
          <scale>0.6</scale>
          <color>bf3744db</color>
        </IconStyle>
      </Style>
      <Point>
        <altitudeMode>clampToGround</altitudeMode>
        <coordinates>87.3247001789913,22.3158348643726,0</coordinates>
      </Point>
    </Placemark>
    <Placemark>
      <Snippet maxLines="0"> </Snippet>
      <description>213
UTC 21-04-2026 10:22:41.100
GpsMilliseconds 1460802179999
22.3158342,87.3247004, EA(4m)
AltWgs84 -10.6 m, EA(5m)
Hdg 185 deg, Spd 0.2 m/s
EA(44.4 deg, 2.9 m/s)</description>
      <Style>
        <IconStyle>
          <Icon>
            <href>http://maps.google.com/mapfiles/kml/shapes/shaded_dot.png</href>
          </Icon>
          <scale>0.6</scale>
          <color>bf3744db</color>
        </IconStyle>
      </Style>
      <Point>
        <altitudeMode>clampToGround</altitudeMode>
        <coordinates>87.3247004354471,22.3158342297133,0</coordinates>
      </Point>
    </Placemark>
    <Placemark>
      <Snippet maxLines="0"> </Snippet>
      <description>214
UTC 21-04-2026 10:22:42.100
GpsMilliseconds 1460802180999
22.3158311,87.3246994, EA(4m)
AltWgs84 -10.8 m, EA(5m)
Hdg 54 deg, Spd 0.2 m/s
EA(44.4 deg, 2.9 m/s)</description>
      <Style>
        <IconStyle>
          <Icon>
            <href>http://maps.google.com/mapfiles/kml/shapes/shaded_dot.png</href>
          </Icon>
          <scale>0.6</scale>
          <color>bf3744db</color>
        </IconStyle>
      </Style>
      <Point>
        <altitudeMode>clampToGround</altitudeMode>
        <coordinates>87.3246993993083,22.3158311163683,0</coordinates>
      </Point>
    </Placemark>
    <Placemark>
      <Snippet maxLines="0"> </Snippet>
      <description>215
UTC 21-04-2026 10:22:43.100
GpsMilliseconds 1460802181999
22.3158314,87.3246986, EA(4m)
AltWgs84 -11.6 m, EA(5m)
Hdg 145 deg, Spd 0.2 m/s
EA(44.4 deg, 2.9 m/s)</description>
      <Style>
        <IconStyle>
          <Icon>
            <href>http://maps.google.com/mapfiles/kml/shapes/shaded_dot.png</href>
          </Icon>
          <scale>0.6</scale>
          <color>bf3744db</color>
        </IconStyle>
      </Style>
      <Point>
        <altitudeMode>clampToGround</altitudeMode>
        <coordinates>87.3246985555957,22.3158314137565,0</coordinates>
      </Point>
    </Placemark>
    <Placemark>
      <Snippet maxLines="0"> </Snippet>
      <description>216
UTC 21-04-2026 10:22:44.100
GpsMilliseconds 1460802182999
22.3158291,87.3247015, EA(4m)
AltWgs84 -10.5 m, EA(5m)
Hdg 75 deg, Spd 0.2 m/s
EA(44.4 deg, 2.9 m/s)</description>
      <Style>
        <IconStyle>
          <Icon>
            <href>http://maps.google.com/mapfiles/kml/shapes/shaded_dot.png</href>
          </Icon>
          <scale>0.6</scale>
          <color>bf3744db</color>
        </IconStyle>
      </Style>
      <Point>
        <altitudeMode>clampToGround</altitudeMode>
        <coordinates>87.3247015206822,22.3158291182688,0</coordinates>
      </Point>
    </Placemark>
    <Placemark>
      <Snippet maxLines="0"> </Snippet>
      <description>217
UTC 21-04-2026 10:22:45.100
GpsMilliseconds 1460802183999
22.3158293,87.3246967, EA(4m)
AltWgs84 -11.4 m, EA(5m)
Hdg 49 deg, Spd 0.3 m/s
EA(44.4 deg, 2.9 m/s)</description>
      <Style>
        <IconStyle>
          <Icon>
            <href>http://maps.google.com/mapfiles/kml/shapes/shaded_dot.png</href>
          </Icon>
          <scale>0.6</scale>
          <color>bf3744db</color>
        </IconStyle>
      </Style>
      <Point>
        <altitudeMode>clampToGround</altitudeMode>
        <coordinates>87.3246966840932,22.3158292667392,0</coordinates>
      </Point>
    </Placemark>
    <Placemark>
      <Snippet maxLines="0"> </Snippet>
      <description>218
UTC 21-04-2026 10:22:46.100
GpsMilliseconds 1460802184999
22.3158270,87.3246983, EA(4m)
AltWgs84 -11.5 m, EA(5m)
Hdg 157 deg, Spd 0.1 m/s
EA(44.4 deg, 2.9 m/s)</description>
      <Style>
        <IconStyle>
          <Icon>
            <href>http://maps.google.com/mapfiles/kml/shapes/shaded_dot.png</href>
          </Icon>
          <scale>0.6</scale>
          <color>bf3744db</color>
        </IconStyle>
      </Style>
      <Point>
        <altitudeMode>clampToGround</altitudeMode>
        <coordinates>87.3246983266417,22.3158270303514,0</coordinates>
      </Point>
    </Placemark>
    <Placemark>
      <Snippet maxLines="0"> </Snippet>
      <description>219
UTC 21-04-2026 10:22:47.100
GpsMilliseconds 1460802185999
22.3158249,87.3246987, EA(4m)
AltWgs84 -12.5 m, EA(5m)
Hdg 182 deg, Spd 0.3 m/s
EA(44.4 deg, 2.9 m/s)</description>
      <Style>
        <IconStyle>
          <Icon>
            <href>http://maps.google.com/mapfiles/kml/shapes/shaded_dot.png</href>
          </Icon>
          <scale>0.6</scale>
          <color>bf3744db</color>
        </IconStyle>
      </Style>
      <Point>
        <altitudeMode>clampToGround</altitudeMode>
        <coordinates>87.3246987035504,22.3158249291746,0</coordinates>
      </Point>
    </Placemark>
    <Placemark>
      <Snippet maxLines="0"> </Snippet>
      <description>220
UTC 21-04-2026 10:22:48.100
GpsMilliseconds 1460802186999
22.3158252,87.3246915, EA(4m)
AltWgs84 -13.6 m, EA(5m)
Hdg 187 deg, Spd 0.3 m/s
EA(44.4 deg, 2.9 m/s)</description>
      <Style>
        <IconStyle>
          <Icon>
            <href>http://maps.google.com/mapfiles/kml/shapes/shaded_dot.png</href>
          </Icon>
          <scale>0.6</scale>
          <color>bf3744db</color>
        </IconStyle>
      </Style>
      <Point>
        <altitudeMode>clampToGround</altitudeMode>
        <coordinates>87.3246914621246,22.3158251559576,0</coordinates>
      </Point>
    </Placemark>
    <Placemark>
      <Snippet maxLines="0"> </Snippet>
      <description>221
UTC 21-04-2026 10:22:49.100
GpsMilliseconds 1460802187999
22.3158268,87.3246879, EA(4m)
AltWgs84 -13.3 m, EA(5m)
Hdg 63 deg, Spd 0.2 m/s
EA(43.8 deg, 3.1 m/s)</description>
      <Style>
        <IconStyle>
          <Icon>
            <href>http://maps.google.com/mapfiles/kml/shapes/shaded_dot.png</href>
          </Icon>
          <scale>0.6</scale>
          <color>bf3744db</color>
        </IconStyle>
      </Style>
      <Point>
        <altitudeMode>clampToGround</altitudeMode>
        <coordinates>87.3246879474438,22.3158268498718,0</coordinates>
      </Point>
    </Placemark>
    <Placemark>
      <Snippet maxLines="0"> </Snippet>
      <description>222
UTC 21-04-2026 10:22:50.100
GpsMilliseconds 1460802188999
22.3158291,87.3246868, EA(4m)
AltWgs84 -14.1 m, EA(5m)
Hdg 140 deg, Spd 0.0 m/s
EA(43.8 deg, 3.1 m/s)</description>
      <Style>
        <IconStyle>
          <Icon>
            <href>http://maps.google.com/mapfiles/kml/shapes/shaded_dot.png</href>
          </Icon>
          <scale>0.6</scale>
          <color>bf3744db</color>
        </IconStyle>
      </Style>
      <Point>
        <altitudeMode>clampToGround</altitudeMode>
        <coordinates>87.3246867754409,22.315829092204,0</coordinates>
      </Point>
    </Placemark>
    <Placemark>
      <Snippet maxLines="0"> </Snippet>
      <description>223
UTC 21-04-2026 10:22:51.100
GpsMilliseconds 1460802189999
22.3158272,87.3246878, EA(4m)
AltWgs84 -15.5 m, EA(5m)
Hdg 310 deg, Spd 0.1 m/s
EA(43.8 deg, 3.1 m/s)</description>
      <Style>
        <IconStyle>
          <Icon>
            <href>http://maps.google.com/mapfiles/kml/shapes/shaded_dot.png</href>
          </Icon>
          <scale>0.6</scale>
          <color>bf3744db</color>
        </IconStyle>
      </Style>
      <Point>
        <altitudeMode>clampToGround</altitudeMode>
        <coordinates>87.3246877645832,22.315827174852,0</coordinates>
      </Point>
    </Placemark>
    <Placemark>
      <Snippet maxLines="0"> </Snippet>
      <description>224
UTC 21-04-2026 10:22:52.100
GpsMilliseconds 1460802190999
22.3158302,87.3246883, EA(4m)
AltWgs84 -14.1 m, EA(5m)
Hdg 64 deg, Spd 0.3 m/s
EA(43.8 deg, 3.1 m/s)</description>
      <Style>
        <IconStyle>
          <Icon>
            <href>http://maps.google.com/mapfiles/kml/shapes/shaded_dot.png</href>
          </Icon>
          <scale>0.6</scale>
          <color>bf3744db</color>
        </IconStyle>
      </Style>
      <Point>
        <altitudeMode>clampToGround</altitudeMode>
        <coordinates>87.3246883400784,22.3158302320675,0</coordinates>
      </Point>
    </Placemark>
    <Placemark>
      <Snippet maxLines="0"> </Snippet>
      <description>225
UTC 21-04-2026 10:22:53.100
GpsMilliseconds 1460802191999
22.3158299,87.3246874, EA(4m)
AltWgs84 -14.0 m, EA(5m)
Hdg 89 deg, Spd 0.2 m/s
EA(46.2 deg, 2.9 m/s)</description>
      <Style>
        <IconStyle>
          <Icon>
            <href>http://maps.google.com/mapfiles/kml/shapes/shaded_dot.png</href>
          </Icon>
          <scale>0.6</scale>
          <color>bf3744db</color>
        </IconStyle>
      </Style>
      <Point>
        <altitudeMode>clampToGround</altitudeMode>
        <coordinates>87.3246873955801,22.3158298505228,0</coordinates>
      </Point>
    </Placemark>
    <Placemark>
      <Snippet maxLines="0"> </Snippet>
      <description>226
UTC 21-04-2026 10:22:54.100
GpsMilliseconds 1460802192999
22.3158321,87.3246936, EA(4m)
AltWgs84 -13.7 m, EA(5m)
Hdg 146 deg, Spd 0.1 m/s
EA(42.3 deg, 2.8 m/s)</description>
      <Style>
        <IconStyle>
          <Icon>
            <href>http://maps.google.com/mapfiles/kml/shapes/shaded_dot.png</href>
          </Icon>
          <scale>0.6</scale>
          <color>bf3744db</color>
        </IconStyle>
      </Style>
      <Point>
        <altitudeMode>clampToGround</altitudeMode>
        <coordinates>87.3246936250929,22.3158321413034,0</coordinates>
      </Point>
    </Placemark>
    <Placemark>
      <Snippet maxLines="0"> </Snippet>
      <description>227
UTC 21-04-2026 10:22:55.100
GpsMilliseconds 1460802193999
22.3158335,87.3246937, EA(4m)
AltWgs84 -13.5 m, EA(5m)
Hdg 356 deg, Spd 0.2 m/s
EA(42.3 deg, 2.8 m/s)</description>
      <Style>
        <IconStyle>
          <Icon>
            <href>http://maps.google.com/mapfiles/kml/shapes/shaded_dot.png</href>
          </Icon>
          <scale>0.6</scale>
          <color>bf3744db</color>
        </IconStyle>
      </Style>
      <Point>
        <altitudeMode>clampToGround</altitudeMode>
        <coordinates>87.3246936505231,22.3158335229216,0</coordinates>
      </Point>
    </Placemark>
    <Placemark>
      <Snippet maxLines="0"> </Snippet>
      <description>228
UTC 21-04-2026 10:22:56.100
GpsMilliseconds 1460802194999
22.3158318,87.3246930, EA(4m)
AltWgs84 -14.5 m, EA(5m)
Hdg 201 deg, Spd 0.1 m/s
EA(42.3 deg, 2.8 m/s)</description>
      <Style>
        <IconStyle>
          <Icon>
            <href>http://maps.google.com/mapfiles/kml/shapes/shaded_dot.png</href>
          </Icon>
          <scale>0.6</scale>
          <color>bf3744db</color>
        </IconStyle>
      </Style>
      <Point>
        <altitudeMode>clampToGround</altitudeMode>
        <coordinates>87.324692988131,22.3158317920802,0</coordinates>
      </Point>
    </Placemark>
    <Placemark>
      <Snippet maxLines="0"> </Snippet>
      <description>229
UTC 21-04-2026 10:22:57.100
GpsMilliseconds 1460802195999
22.3158355,87.3246871, EA(4m)
AltWgs84 -14.2 m, EA(5m)
Hdg 318 deg, Spd 0.1 m/s
EA(42.3 deg, 2.8 m/s)</description>
      <Style>
        <IconStyle>
          <Icon>
            <href>http://maps.google.com/mapfiles/kml/shapes/shaded_dot.png</href>
          </Icon>
          <scale>0.6</scale>
          <color>bf3744db</color>
        </IconStyle>
      </Style>
      <Point>
        <altitudeMode>clampToGround</altitudeMode>
        <coordinates>87.3246871391883,22.3158354830908,0</coordinates>
      </Point>
    </Placemark>
    <Placemark>
      <Snippet maxLines="0"> </Snippet>
      <description>230
UTC 21-04-2026 10:22:58.100
GpsMilliseconds 1460802196999
22.3158293,87.3246919, EA(4m)
AltWgs84 -15.3 m, EA(5m)
Hdg 20 deg, Spd 0.2 m/s
EA(39.7 deg, 2.9 m/s)</description>
      <Style>
        <IconStyle>
          <Icon>
            <href>http://maps.google.com/mapfiles/kml/shapes/shaded_dot.png</href>
          </Icon>
          <scale>0.6</scale>
          <color>bf3744db</color>
        </IconStyle>
      </Style>
      <Point>
        <altitudeMode>clampToGround</altitudeMode>
        <coordinates>87.3246919408631,22.3158292893944,0</coordinates>
      </Point>
    </Placemark>
    <Placemark>
      <Snippet maxLines="0"> </Snippet>
      <description>231
UTC 21-04-2026 10:22:59.100
GpsMilliseconds 1460802197999
22.3158335,87.3246921, EA(4m)
AltWgs84 -14.2 m, EA(5m)
Hdg 72 deg, Spd 0.1 m/s
EA(39.7 deg, 2.9 m/s)</description>
      <Style>
        <IconStyle>
          <Icon>
            <href>http://maps.google.com/mapfiles/kml/shapes/shaded_dot.png</href>
          </Icon>
          <scale>0.6</scale>
          <color>bf3744db</color>
        </IconStyle>
      </Style>
      <Point>
        <altitudeMode>clampToGround</altitudeMode>
        <coordinates>87.3246920879772,22.3158335285469,0</coordinates>
      </Point>
    </Placemark>
    <Placemark>
      <Snippet maxLines="0"> </Snippet>
      <description>232
UTC 21-04-2026 10:23:00.100
GpsMilliseconds 1460802198999
22.3158294,87.3246864, EA(4m)
AltWgs84 -15.0 m, EA(5m)
Hdg 275 deg, Spd 0.0 m/s
EA(39.7 deg, 2.9 m/s)</description>
      <Style>
        <IconStyle>
          <Icon>
            <href>http://maps.google.com/mapfiles/kml/shapes/shaded_dot.png</href>
          </Icon>
          <scale>0.6</scale>
          <color>bf3744db</color>
        </IconStyle>
      </Style>
      <Point>
        <altitudeMode>clampToGround</altitudeMode>
        <coordinates>87.3246864062498,22.3158293511625,0</coordinates>
      </Point>
    </Placemark>
    <Placemark>
      <Snippet maxLines="0"> </Snippet>
      <description>233
UTC 21-04-2026 10:23:01.100
GpsMilliseconds 1460802199999
22.3158352,87.3246906, EA(4m)
AltWgs84 -14.3 m, EA(5m)
Hdg 262 deg, Spd 0.1 m/s
EA(39.7 deg, 2.9 m/s)</description>
      <Style>
        <IconStyle>
          <Icon>
            <href>http://maps.google.com/mapfiles/kml/shapes/shaded_dot.png</href>
          </Icon>
          <scale>0.6</scale>
          <color>bf3744db</color>
        </IconStyle>
      </Style>
      <Point>
        <altitudeMode>clampToGround</altitudeMode>
        <coordinates>87.3246905507057,22.3158351695289,0</coordinates>
      </Point>
    </Placemark>
    <Placemark>
      <Snippet maxLines="0"> </Snippet>
      <description>234
UTC 21-04-2026 10:23:02.100
GpsMilliseconds 1460802200999
22.3158375,87.3246923, EA(4m)
AltWgs84 -14.2 m, EA(5m)
Hdg 79 deg, Spd 0.0 m/s
EA(39.7 deg, 2.9 m/s)</description>
      <Style>
        <IconStyle>
          <Icon>
            <href>http://maps.google.com/mapfiles/kml/shapes/shaded_dot.png</href>
          </Icon>
          <scale>0.6</scale>
          <color>bf3744db</color>
        </IconStyle>
      </Style>
      <Point>
        <altitudeMode>clampToGround</altitudeMode>
        <coordinates>87.3246922732039,22.3158375327081,0</coordinates>
      </Point>
    </Placemark>
    <Placemark>
      <Snippet maxLines="0"> </Snippet>
      <description>235
UTC 21-04-2026 10:23:03.100
GpsMilliseconds 1460802201999
22.3158372,87.3246932, EA(4m)
AltWgs84 -14.0 m, EA(5m)
Hdg 172 deg, Spd 0.1 m/s
EA(39.7 deg, 2.9 m/s)</description>
      <Style>
        <IconStyle>
          <Icon>
            <href>http://maps.google.com/mapfiles/kml/shapes/shaded_dot.png</href>
          </Icon>
          <scale>0.6</scale>
          <color>bf3744db</color>
        </IconStyle>
      </Style>
      <Point>
        <altitudeMode>clampToGround</altitudeMode>
        <coordinates>87.3246931857814,22.3158372200608,0</coordinates>
      </Point>
    </Placemark>
    <Placemark>
      <Snippet maxLines="0"> </Snippet>
      <description>236
UTC 21-04-2026 10:23:04.100
GpsMilliseconds 1460802202999
22.3158421,87.3246950, EA(4m)
AltWgs84 -14.4 m, EA(5m)
Hdg 55 deg, Spd 0.1 m/s
EA(42.3 deg, 2.8 m/s)</description>
      <Style>
        <IconStyle>
          <Icon>
            <href>http://maps.google.com/mapfiles/kml/shapes/shaded_dot.png</href>
          </Icon>
          <scale>0.6</scale>
          <color>bf3744db</color>
        </IconStyle>
      </Style>
      <Point>
        <altitudeMode>clampToGround</altitudeMode>
        <coordinates>87.3246949857439,22.3158421104531,0</coordinates>
      </Point>
    </Placemark>
    <Placemark>
      <Snippet maxLines="0"> </Snippet>
      <description>237
UTC 21-04-2026 10:23:05.100
GpsMilliseconds 1460802203999
22.3158449,87.3246972, EA(4m)
AltWgs84 -14.9 m, EA(5m)
Hdg 32 deg, Spd 0.4 m/s
EA(42.3 deg, 2.8 m/s)</description>
      <Style>
        <IconStyle>
          <Icon>
            <href>http://maps.google.com/mapfiles/kml/shapes/shaded_dot.png</href>
          </Icon>
          <scale>0.6</scale>
          <color>bf3744db</color>
        </IconStyle>
      </Style>
      <Point>
        <altitudeMode>clampToGround</altitudeMode>
        <coordinates>87.3246972289584,22.3158448662633,0</coordinates>
      </Point>
    </Placemark>
    <Placemark>
      <Snippet maxLines="0"> </Snippet>
      <description>238
UTC 21-04-2026 10:23:06.100
GpsMilliseconds 1460802204999
22.3158435,87.3246973, EA(4m)
AltWgs84 -15.1 m, EA(5m)
Hdg 210 deg, Spd 0.1 m/s
EA(39.7 deg, 2.9 m/s)</description>
      <Style>
        <IconStyle>
          <Icon>
            <href>http://maps.google.com/mapfiles/kml/shapes/shaded_dot.png</href>
          </Icon>
          <scale>0.6</scale>
          <color>bf3744db</color>
        </IconStyle>
      </Style>
      <Point>
        <altitudeMode>clampToGround</altitudeMode>
        <coordinates>87.3246973343159,22.3158434904401,0</coordinates>
      </Point>
    </Placemark>
    <Placemark>
      <Snippet maxLines="0"> </Snippet>
      <description>239
UTC 21-04-2026 10:23:07.100
GpsMilliseconds 1460802205999
22.3158439,87.3247018, EA(4m)
AltWgs84 -15.3 m, EA(5m)
Hdg 217 deg, Spd 0.1 m/s
EA(39.7 deg, 2.9 m/s)</description>
      <Style>
        <IconStyle>
          <Icon>
            <href>http://maps.google.com/mapfiles/kml/shapes/shaded_dot.png</href>
          </Icon>
          <scale>0.6</scale>
          <color>bf3744db</color>
        </IconStyle>
      </Style>
      <Point>
        <altitudeMode>clampToGround</altitudeMode>
        <coordinates>87.324701836014,22.3158438894574,0</coordinates>
      </Point>
    </Placemark>
    <Placemark>
      <Snippet maxLines="0"> </Snippet>
      <description>240
UTC 21-04-2026 10:23:08.100
GpsMilliseconds 1460802206999
22.3158414,87.3247011, EA(4m)
AltWgs84 -15.2 m, EA(5m)
Hdg 220 deg, Spd 0.1 m/s
EA(39.7 deg, 2.9 m/s)</description>
      <Style>
        <IconStyle>
          <Icon>
            <href>http://maps.google.com/mapfiles/kml/shapes/shaded_dot.png</href>
          </Icon>
          <scale>0.6</scale>
          <color>bf3744db</color>
        </IconStyle>
      </Style>
      <Point>
        <altitudeMode>clampToGround</altitudeMode>
        <coordinates>87.3247011399882,22.3158413561745,0</coordinates>
      </Point>
    </Placemark>
    <Placemark>
      <Snippet maxLines="0"> </Snippet>
      <description>241
UTC 21-04-2026 10:23:09.100
GpsMilliseconds 1460802207999
22.3158395,87.3246996, EA(4m)
AltWgs84 -16.2 m, EA(5m)
Hdg 196 deg, Spd 0.2 m/s
EA(39.7 deg, 2.9 m/s)</description>
      <Style>
        <IconStyle>
          <Icon>
            <href>http://maps.google.com/mapfiles/kml/shapes/shaded_dot.png</href>
          </Icon>
          <scale>0.6</scale>
          <color>bf3744db</color>
        </IconStyle>
      </Style>
      <Point>
        <altitudeMode>clampToGround</altitudeMode>
        <coordinates>87.3246996468783,22.3158394610566,0</coordinates>
      </Point>
    </Placemark>
    <Placemark>
      <Snippet maxLines="0"> </Snippet>
      <description>242
UTC 21-04-2026 10:23:10.100
GpsMilliseconds 1460802208999
22.3158347,87.3246992, EA(4m)
AltWgs84 -16.1 m, EA(5m)
Hdg 235 deg, Spd 0.1 m/s
EA(41.2 deg, 2.8 m/s)</description>
      <Style>
        <IconStyle>
          <Icon>
            <href>http://maps.google.com/mapfiles/kml/shapes/shaded_dot.png</href>
          </Icon>
          <scale>0.6</scale>
          <color>bf3744db</color>
        </IconStyle>
      </Style>
      <Point>
        <altitudeMode>clampToGround</altitudeMode>
        <coordinates>87.3246992303796,22.3158347228281,0</coordinates>
      </Point>
    </Placemark>
    <Placemark>
      <Snippet maxLines="0"> </Snippet>
      <description>243
UTC 21-04-2026 10:23:11.100
GpsMilliseconds 1460802209999
22.3158336,87.3246943, EA(4m)
AltWgs84 -16.2 m, EA(5m)
Hdg 33 deg, Spd 0.4 m/s
EA(39.7 deg, 2.9 m/s)</description>
      <Style>
        <IconStyle>
          <Icon>
            <href>http://maps.google.com/mapfiles/kml/shapes/shaded_dot.png</href>
          </Icon>
          <scale>0.6</scale>
          <color>bf3744db</color>
        </IconStyle>
      </Style>
      <Point>
        <altitudeMode>clampToGround</altitudeMode>
        <coordinates>87.3246943060452,22.3158335574098,0</coordinates>
      </Point>
    </Placemark>
    <Placemark>
      <Snippet maxLines="0"> </Snippet>
      <description>244
UTC 21-04-2026 10:23:12.100
GpsMilliseconds 1460802210999
22.3158308,87.3246919, EA(4m)
AltWgs84 -16.1 m, EA(5m)
Hdg 25 deg, Spd 0.5 m/s
EA(39.7 deg, 2.9 m/s)</description>
      <Style>
        <IconStyle>
          <Icon>
            <href>http://maps.google.com/mapfiles/kml/shapes/shaded_dot.png</href>
          </Icon>
          <scale>0.6</scale>
          <color>bf3744db</color>
        </IconStyle>
      </Style>
      <Point>
        <altitudeMode>clampToGround</altitudeMode>
        <coordinates>87.3246919176581,22.3158307627582,0</coordinates>
      </Point>
    </Placemark>
    <Placemark>
      <Snippet maxLines="0"> </Snippet>
      <description>245
UTC 21-04-2026 10:23:13.100
GpsMilliseconds 1460802211999
22.3158289,87.3246886, EA(4m)
AltWgs84 -15.6 m, EA(5m)
Hdg 298 deg, Spd 0.1 m/s
EA(39.7 deg, 2.9 m/s)</description>
      <Style>
        <IconStyle>
          <Icon>
            <href>http://maps.google.com/mapfiles/kml/shapes/shaded_dot.png</href>
          </Icon>
          <scale>0.6</scale>
          <color>bf3744db</color>
        </IconStyle>
      </Style>
      <Point>
        <altitudeMode>clampToGround</altitudeMode>
        <coordinates>87.3246886408342,22.315828897121,0</coordinates>
      </Point>
    </Placemark>
    <Placemark>
      <Snippet maxLines="0"> </Snippet>
      <description>246
UTC 21-04-2026 10:23:14.100
GpsMilliseconds 1460802212999
22.3158279,87.3246901, EA(4m)
AltWgs84 -15.1 m, EA(5m)
Hdg 154 deg, Spd 0.0 m/s
EA(39.7 deg, 2.9 m/s)</description>
      <Style>
        <IconStyle>
          <Icon>
            <href>http://maps.google.com/mapfiles/kml/shapes/shaded_dot.png</href>
          </Icon>
          <scale>0.6</scale>
          <color>bf3744db</color>
        </IconStyle>
      </Style>
      <Point>
        <altitudeMode>clampToGround</altitudeMode>
        <coordinates>87.3246901361789,22.3158279067154,0</coordinates>
      </Point>
    </Placemark>
    <Placemark>
      <Snippet maxLines="0"> </Snippet>
      <description>247
UTC 21-04-2026 10:23:15.100
GpsMilliseconds 1460802213999
22.3158287,87.3246908, EA(4m)
AltWgs84 -14.6 m, EA(5m)
Hdg 211 deg, Spd 0.1 m/s
EA(39.7 deg, 2.9 m/s)</description>
      <Style>
        <IconStyle>
          <Icon>
            <href>http://maps.google.com/mapfiles/kml/shapes/shaded_dot.png</href>
          </Icon>
          <scale>0.6</scale>
          <color>bf3744db</color>
        </IconStyle>
      </Style>
      <Point>
        <altitudeMode>clampToGround</altitudeMode>
        <coordinates>87.3246907731223,22.3158286933774,0</coordinates>
      </Point>
    </Placemark>
    <Placemark>
      <Snippet maxLines="0"> </Snippet>
      <description>248
UTC 21-04-2026 10:23:16.100
GpsMilliseconds 1460802214999
22.3158306,87.3246841, EA(4m)
AltWgs84 -15.3 m, EA(5m)
Hdg 332 deg, Spd 0.1 m/s
EA(39.7 deg, 2.9 m/s)</description>
      <Style>
        <IconStyle>
          <Icon>
            <href>http://maps.google.com/mapfiles/kml/shapes/shaded_dot.png</href>
          </Icon>
          <scale>0.6</scale>
          <color>bf3744db</color>
        </IconStyle>
      </Style>
      <Point>
        <altitudeMode>clampToGround</altitudeMode>
        <coordinates>87.3246841125029,22.3158306120213,0</coordinates>
      </Point>
    </Placemark>
    <Placemark>
      <Snippet maxLines="0"> </Snippet>
      <description>249
UTC 21-04-2026 10:23:17.100
GpsMilliseconds 1460802215999
22.3158226,87.3246768, EA(4m)
AltWgs84 -16.8 m, EA(5m)
Hdg 229 deg, Spd 0.1 m/s
EA(43.8 deg, 3.1 m/s)</description>
      <Style>
        <IconStyle>
          <Icon>
            <href>http://maps.google.com/mapfiles/kml/shapes/shaded_dot.png</href>
          </Icon>
          <scale>0.6</scale>
          <color>bf3744db</color>
        </IconStyle>
      </Style>
      <Point>
        <altitudeMode>clampToGround</altitudeMode>
        <coordinates>87.3246767980942,22.3158226025694,0</coordinates>
      </Point>
    </Placemark>
    <Placemark>
      <Snippet maxLines="0"> </Snippet>
      <description>250
UTC 21-04-2026 10:23:18.100
GpsMilliseconds 1460802216999
22.3158215,87.3246771, EA(4m)
AltWgs84 -16.8 m, EA(5m)
Hdg 181 deg, Spd 0.0 m/s
EA(43.8 deg, 3.1 m/s)</description>
      <Style>
        <IconStyle>
          <Icon>
            <href>http://maps.google.com/mapfiles/kml/shapes/shaded_dot.png</href>
          </Icon>
          <scale>0.6</scale>
          <color>bf3744db</color>
        </IconStyle>
      </Style>
      <Point>
        <altitudeMode>clampToGround</altitudeMode>
        <coordinates>87.3246771114012,22.3158215376707,0</coordinates>
      </Point>
    </Placemark>
    <Placemark>
      <Snippet maxLines="0"> </Snippet>
      <description>251
UTC 21-04-2026 10:23:19.100
GpsMilliseconds 1460802217999
22.3158182,87.3246758, EA(4m)
AltWgs84 -16.6 m, EA(5m)
Hdg 182 deg, Spd 0.5 m/s
EA(43.8 deg, 3.1 m/s)</description>
      <Style>
        <IconStyle>
          <Icon>
            <href>http://maps.google.com/mapfiles/kml/shapes/shaded_dot.png</href>
          </Icon>
          <scale>0.6</scale>
          <color>bf3744db</color>
        </IconStyle>
      </Style>
      <Point>
        <altitudeMode>clampToGround</altitudeMode>
        <coordinates>87.3246758173181,22.3158181867902,0</coordinates>
      </Point>
    </Placemark>
    <Placemark>
      <Snippet maxLines="0"> </Snippet>
      <description>252
UTC 21-04-2026 10:23:20.100
GpsMilliseconds 1460802218999
22.3158185,87.3246823, EA(4m)
AltWgs84 -16.3 m, EA(5m)
Hdg 219 deg, Spd 0.1 m/s
EA(43.8 deg, 3.1 m/s)</description>
      <Style>
        <IconStyle>
          <Icon>
            <href>http://maps.google.com/mapfiles/kml/shapes/shaded_dot.png</href>
          </Icon>
          <scale>0.6</scale>
          <color>bf3744db</color>
        </IconStyle>
      </Style>
      <Point>
        <altitudeMode>clampToGround</altitudeMode>
        <coordinates>87.3246822851024,22.3158185063617,0</coordinates>
      </Point>
    </Placemark>
    <Placemark>
      <Snippet maxLines="0"> </Snippet>
      <description>253
UTC 21-04-2026 10:23:21.100
GpsMilliseconds 1460802219999
22.3158199,87.3246861, EA(4m)
AltWgs84 -15.7 m, EA(5m)
Hdg 267 deg, Spd 0.1 m/s
EA(40.7 deg, 3.0 m/s)</description>
      <Style>
        <IconStyle>
          <Icon>
            <href>http://maps.google.com/mapfiles/kml/shapes/shaded_dot.png</href>
          </Icon>
          <scale>0.6</scale>
          <color>bf3744db</color>
        </IconStyle>
      </Style>
      <Point>
        <altitudeMode>clampToGround</altitudeMode>
        <coordinates>87.3246861034703,22.3158198747584,0</coordinates>
      </Point>
    </Placemark>
    <Placemark>
      <Snippet maxLines="0"> </Snippet>
      <description>254
UTC 21-04-2026 10:23:22.100
GpsMilliseconds 1460802220999
22.3158201,87.3246850, EA(4m)
AltWgs84 -15.5 m, EA(5m)
Hdg 227 deg, Spd 0.1 m/s
EA(40.7 deg, 3.0 m/s)</description>
      <Style>
        <IconStyle>
          <Icon>
            <href>http://maps.google.com/mapfiles/kml/shapes/shaded_dot.png</href>
          </Icon>
          <scale>0.6</scale>
          <color>bf3744db</color>
        </IconStyle>
      </Style>
      <Point>
        <altitudeMode>clampToGround</altitudeMode>
        <coordinates>87.3246849894249,22.3158200516479,0</coordinates>
      </Point>
    </Placemark>
    <Placemark>
      <Snippet maxLines="0"> </Snippet>
      <description>255
UTC 21-04-2026 10:23:23.100
GpsMilliseconds 1460802221999
22.3158210,87.3246879, EA(4m)
AltWgs84 -15.8 m, EA(5m)
Hdg 250 deg, Spd 0.0 m/s
EA(40.7 deg, 3.0 m/s)</description>
      <Style>
        <IconStyle>
          <Icon>
            <href>http://maps.google.com/mapfiles/kml/shapes/shaded_dot.png</href>
          </Icon>
          <scale>0.6</scale>
          <color>bf3744db</color>
        </IconStyle>
      </Style>
      <Point>
        <altitudeMode>clampToGround</altitudeMode>
        <coordinates>87.3246878584459,22.3158209953237,0</coordinates>
      </Point>
    </Placemark>
    <Placemark>
      <Snippet maxLines="0"> </Snippet>
      <description>256
UTC 21-04-2026 10:23:24.100
GpsMilliseconds 1460802222999
22.3158325,87.3246966, EA(4m)
AltWgs84 -12.8 m, EA(5m)
Hdg 49 deg, Spd 0.2 m/s
EA(41.2 deg, 2.8 m/s)</description>
      <Style>
        <IconStyle>
          <Icon>
            <href>http://maps.google.com/mapfiles/kml/shapes/shaded_dot.png</href>
          </Icon>
          <scale>0.6</scale>
          <color>bf3744db</color>
        </IconStyle>
      </Style>
      <Point>
        <altitudeMode>clampToGround</altitudeMode>
        <coordinates>87.3246965951387,22.3158324901163,0</coordinates>
      </Point>
    </Placemark>
    <Placemark>
      <Snippet maxLines="0"> </Snippet>
      <description>257
UTC 21-04-2026 10:23:25.100
GpsMilliseconds 1460802223999
22.3158299,87.3246935, EA(4m)
AltWgs84 -13.5 m, EA(5m)
Hdg 143 deg, Spd 0.1 m/s
EA(41.2 deg, 2.8 m/s)</description>
      <Style>
        <IconStyle>
          <Icon>
            <href>http://maps.google.com/mapfiles/kml/shapes/shaded_dot.png</href>
          </Icon>
          <scale>0.6</scale>
          <color>bf3744db</color>
        </IconStyle>
      </Style>
      <Point>
        <altitudeMode>clampToGround</altitudeMode>
        <coordinates>87.3246935009652,22.3158299069824,0</coordinates>
      </Point>
    </Placemark>
    <Placemark>
      <Snippet maxLines="0"> </Snippet>
      <description>258
UTC 21-04-2026 10:23:26.100
GpsMilliseconds 1460802224999
22.3158305,87.3246997, EA(4m)
AltWgs84 -12.7 m, EA(5m)
Hdg 178 deg, Spd 0.1 m/s
EA(41.2 deg, 2.8 m/s)</description>
      <Style>
        <IconStyle>
          <Icon>
            <href>http://maps.google.com/mapfiles/kml/shapes/shaded_dot.png</href>
          </Icon>
          <scale>0.6</scale>
          <color>bf3744db</color>
        </IconStyle>
      </Style>
      <Point>
        <altitudeMode>clampToGround</altitudeMode>
        <coordinates>87.3246996757591,22.3158304740992,0</coordinates>
      </Point>
    </Placemark>
    <Placemark>
      <Snippet maxLines="0"> </Snippet>
      <description>259
UTC 21-04-2026 10:23:27.100
GpsMilliseconds 1460802225999
22.3158274,87.3246983, EA(4m)
AltWgs84 -12.4 m, EA(5m)
Hdg 211 deg, Spd 0.2 m/s
EA(41.2 deg, 2.8 m/s)</description>
      <Style>
        <IconStyle>
          <Icon>
            <href>http://maps.google.com/mapfiles/kml/shapes/shaded_dot.png</href>
          </Icon>
          <scale>0.6</scale>
          <color>bf3744db</color>
        </IconStyle>
      </Style>
      <Point>
        <altitudeMode>clampToGround</altitudeMode>
        <coordinates>87.3246983400867,22.3158274027887,0</coordinates>
      </Point>
    </Placemark>
    <Placemark>
      <Snippet maxLines="0"> </Snippet>
      <description>260
UTC 21-04-2026 10:23:28.100
GpsMilliseconds 1460802226999
22.3158274,87.3246997, EA(4m)
AltWgs84 -12.2 m, EA(5m)
Hdg 173 deg, Spd 0.1 m/s
EA(41.2 deg, 2.8 m/s)</description>
      <Style>
        <IconStyle>
          <Icon>
            <href>http://maps.google.com/mapfiles/kml/shapes/shaded_dot.png</href>
          </Icon>
          <scale>0.6</scale>
          <color>bf3744db</color>
        </IconStyle>
      </Style>
      <Point>
        <altitudeMode>clampToGround</altitudeMode>
        <coordinates>87.3246996634995,22.3158274445474,0</coordinates>
      </Point>
    </Placemark>
    <Placemark>
      <Snippet maxLines="0"> </Snippet>
      <description>261
UTC 21-04-2026 10:23:29.100
GpsMilliseconds 1460802227999
22.3158288,87.3246982, EA(4m)
AltWgs84 -12.4 m, EA(5m)
Hdg 211 deg, Spd 0.4 m/s
EA(41.2 deg, 2.8 m/s)</description>
      <Style>
        <IconStyle>
          <Icon>
            <href>http://maps.google.com/mapfiles/kml/shapes/shaded_dot.png</href>
          </Icon>
          <scale>0.6</scale>
          <color>bf3744db</color>
        </IconStyle>
      </Style>
      <Point>
        <altitudeMode>clampToGround</altitudeMode>
        <coordinates>87.3246982244136,22.3158287925756,0</coordinates>
      </Point>
    </Placemark>
    <Placemark>
      <Snippet maxLines="0"> </Snippet>
      <description>262
UTC 21-04-2026 10:23:30.100
GpsMilliseconds 1460802228999
22.3158291,87.3246995, EA(4m)
AltWgs84 -12.6 m, EA(5m)
Hdg 229 deg, Spd 0.0 m/s
EA(41.2 deg, 2.8 m/s)</description>
      <Style>
        <IconStyle>
          <Icon>
            <href>http://maps.google.com/mapfiles/kml/shapes/shaded_dot.png</href>
          </Icon>
          <scale>0.6</scale>
          <color>bf3744db</color>
        </IconStyle>
      </Style>
      <Point>
        <altitudeMode>clampToGround</altitudeMode>
        <coordinates>87.3246994559294,22.3158290700055,0</coordinates>
      </Point>
    </Placemark>
    <Placemark>
      <Snippet maxLines="0"> </Snippet>
      <description>263
UTC 21-04-2026 10:23:31.100
GpsMilliseconds 1460802229999
22.3158359,87.3247001, EA(4m)
AltWgs84 -11.8 m, EA(5m)
Hdg 42 deg, Spd 0.1 m/s
EA(41.2 deg, 2.8 m/s)</description>
      <Style>
        <IconStyle>
          <Icon>
            <href>http://maps.google.com/mapfiles/kml/shapes/shaded_dot.png</href>
          </Icon>
          <scale>0.6</scale>
          <color>bf3744db</color>
        </IconStyle>
      </Style>
      <Point>
        <altitudeMode>clampToGround</altitudeMode>
        <coordinates>87.3247000713912,22.3158359321838,0</coordinates>
      </Point>
    </Placemark>
    <Placemark>
      <Snippet maxLines="0"> </Snippet>
      <description>264
UTC 21-04-2026 10:23:32.100
GpsMilliseconds 1460802230999
22.3158335,87.3247026, EA(4m)
AltWgs84 -12.4 m, EA(5m)
Hdg 38 deg, Spd 0.5 m/s
EA(41.2 deg, 2.8 m/s)</description>
      <Style>
        <IconStyle>
          <Icon>
            <href>http://maps.google.com/mapfiles/kml/shapes/shaded_dot.png</href>
          </Icon>
          <scale>0.6</scale>
          <color>bf3744db</color>
        </IconStyle>
      </Style>
      <Point>
        <altitudeMode>clampToGround</altitudeMode>
        <coordinates>87.3247025743783,22.3158334586212,0</coordinates>
      </Point>
    </Placemark>
    <Placemark>
      <Snippet maxLines="0"> </Snippet>
      <description>265
UTC 21-04-2026 10:23:33.100
GpsMilliseconds 1460802231999
22.3158348,87.3247020, EA(4m)
AltWgs84 -12.6 m, EA(5m)
Hdg 213 deg, Spd 0.1 m/s
EA(41.2 deg, 2.8 m/s)</description>
      <Style>
        <IconStyle>
          <Icon>
            <href>http://maps.google.com/mapfiles/kml/shapes/shaded_dot.png</href>
          </Icon>
          <scale>0.6</scale>
          <color>bf3744db</color>
        </IconStyle>
      </Style>
      <Point>
        <altitudeMode>clampToGround</altitudeMode>
        <coordinates>87.3247020146103,22.3158348284705,0</coordinates>
      </Point>
    </Placemark>
    <Placemark>
      <Snippet maxLines="0"> </Snippet>
      <description>266
UTC 21-04-2026 10:23:34.100
GpsMilliseconds 1460802232999
22.3158341,87.3247003, EA(4m)
AltWgs84 -12.1 m, EA(5m)
Hdg 221 deg, Spd 0.3 m/s
EA(44.5 deg, 2.9 m/s)</description>
      <Style>
        <IconStyle>
          <Icon>
            <href>http://maps.google.com/mapfiles/kml/shapes/shaded_dot.png</href>
          </Icon>
          <scale>0.6</scale>
          <color>bf3744db</color>
        </IconStyle>
      </Style>
      <Point>
        <altitudeMode>clampToGround</altitudeMode>
        <coordinates>87.3247002972802,22.3158341459169,0</coordinates>
      </Point>
    </Placemark>
    <Placemark>
      <Snippet maxLines="0"> </Snippet>
      <description>267
UTC 21-04-2026 10:23:35.100
GpsMilliseconds 1460802233999
22.3158384,87.3247040, EA(4m)
AltWgs84 -11.3 m, EA(5m)
Hdg 256 deg, Spd 0.3 m/s
EA(41.2 deg, 2.8 m/s)</description>
      <Style>
        <IconStyle>
          <Icon>
            <href>http://maps.google.com/mapfiles/kml/shapes/shaded_dot.png</href>
          </Icon>
          <scale>0.6</scale>
          <color>bf3744db</color>
        </IconStyle>
      </Style>
      <Point>
        <altitudeMode>clampToGround</altitudeMode>
        <coordinates>87.3247040282553,22.3158384225155,0</coordinates>
      </Point>
    </Placemark>
    <Placemark>
      <Snippet maxLines="0"> </Snippet>
      <description>268
UTC 21-04-2026 10:23:36.100
GpsMilliseconds 1460802234999
22.3158378,87.3247055, EA(4m)
AltWgs84 -11.0 m, EA(5m)
Hdg 81 deg, Spd 0.0 m/s
EA(41.2 deg, 2.8 m/s)</description>
      <Style>
        <IconStyle>
          <Icon>
            <href>http://maps.google.com/mapfiles/kml/shapes/shaded_dot.png</href>
          </Icon>
          <scale>0.6</scale>
          <color>bf3744db</color>
        </IconStyle>
      </Style>
      <Point>
        <altitudeMode>clampToGround</altitudeMode>
        <coordinates>87.3247055277168,22.3158377756997,0</coordinates>
      </Point>
    </Placemark>
    <Placemark>
      <Snippet maxLines="0"> </Snippet>
      <description>269
UTC 21-04-2026 10:23:37.100
GpsMilliseconds 1460802235999
22.3158377,87.3247017, EA(4m)
AltWgs84 -10.4 m, EA(5m)
Hdg 14 deg, Spd 0.0 m/s
EA(39.8 deg, 2.9 m/s)</description>
      <Style>
        <IconStyle>
          <Icon>
            <href>http://maps.google.com/mapfiles/kml/shapes/shaded_dot.png</href>
          </Icon>
          <scale>0.6</scale>
          <color>bf3744db</color>
        </IconStyle>
      </Style>
      <Point>
        <altitudeMode>clampToGround</altitudeMode>
        <coordinates>87.3247017025126,22.3158376880787,0</coordinates>
      </Point>
    </Placemark>
    <Placemark>
      <Snippet maxLines="0"> </Snippet>
      <description>270
UTC 21-04-2026 10:23:38.100
GpsMilliseconds 1460802236999
22.3158385,87.3247040, EA(4m)
AltWgs84 -10.4 m, EA(5m)
Hdg 86 deg, Spd 0.2 m/s
EA(39.8 deg, 2.9 m/s)</description>
      <Style>
        <IconStyle>
          <Icon>
            <href>http://maps.google.com/mapfiles/kml/shapes/shaded_dot.png</href>
          </Icon>
          <scale>0.6</scale>
          <color>bf3744db</color>
        </IconStyle>
      </Style>
      <Point>
        <altitudeMode>clampToGround</altitudeMode>
        <coordinates>87.3247039818682,22.3158384536716,0</coordinates>
      </Point>
    </Placemark>
    <Placemark>
      <Snippet maxLines="0"> </Snippet>
      <description>271
UTC 21-04-2026 10:23:39.100
GpsMilliseconds 1460802237999
22.3158374,87.3246997, EA(4m)
AltWgs84 -10.9 m, EA(5m)
Hdg 158 deg, Spd 0.4 m/s
EA(39.8 deg, 2.9 m/s)</description>
      <Style>
        <IconStyle>
          <Icon>
            <href>http://maps.google.com/mapfiles/kml/shapes/shaded_dot.png</href>
          </Icon>
          <scale>0.6</scale>
          <color>bf3744db</color>
        </IconStyle>
      </Style>
      <Point>
        <altitudeMode>clampToGround</altitudeMode>
        <coordinates>87.3246996783626,22.3158373931786,0</coordinates>
      </Point>
    </Placemark>
    <Placemark>
      <Snippet maxLines="0"> </Snippet>
      <description>272
UTC 21-04-2026 10:23:40.100
GpsMilliseconds 1460802238999
22.3158424,87.3247014, EA(4m)
AltWgs84 -10.6 m, EA(5m)
Hdg 247 deg, Spd 0.4 m/s
EA(39.8 deg, 2.9 m/s)</description>
      <Style>
        <IconStyle>
          <Icon>
            <href>http://maps.google.com/mapfiles/kml/shapes/shaded_dot.png</href>
          </Icon>
          <scale>0.6</scale>
          <color>bf3744db</color>
        </IconStyle>
      </Style>
      <Point>
        <altitudeMode>clampToGround</altitudeMode>
        <coordinates>87.324701382426,22.3158423562349,0</coordinates>
      </Point>
    </Placemark>
    <Placemark>
      <Snippet maxLines="0"> </Snippet>
      <description>273
UTC 21-04-2026 10:23:41.100
GpsMilliseconds 1460802239999
22.3158411,87.3247009, EA(4m)
AltWgs84 -10.6 m, EA(5m)
Hdg 236 deg, Spd 0.2 m/s
EA(39.8 deg, 2.9 m/s)</description>
      <Style>
        <IconStyle>
          <Icon>
            <href>http://maps.google.com/mapfiles/kml/shapes/shaded_dot.png</href>
          </Icon>
          <scale>0.6</scale>
          <color>bf3744db</color>
        </IconStyle>
      </Style>
      <Point>
        <altitudeMode>clampToGround</altitudeMode>
        <coordinates>87.3247009146742,22.3158411117987,0</coordinates>
      </Point>
    </Placemark>
    <Placemark>
      <Snippet maxLines="0"> </Snippet>
      <description>274
UTC 21-04-2026 10:23:42.100
GpsMilliseconds 1460802240999
22.3158391,87.3246970, EA(4m)
AltWgs84 -11.0 m, EA(5m)
Hdg 236 deg, Spd 0.3 m/s
EA(39.8 deg, 2.9 m/s)</description>
      <Style>
        <IconStyle>
          <Icon>
            <href>http://maps.google.com/mapfiles/kml/shapes/shaded_dot.png</href>
          </Icon>
          <scale>0.6</scale>
          <color>bf3744db</color>
        </IconStyle>
      </Style>
      <Point>
        <altitudeMode>clampToGround</altitudeMode>
        <coordinates>87.3246970418569,22.3158391049123,0</coordinates>
      </Point>
    </Placemark>
    <Placemark>
      <Snippet maxLines="0"> </Snippet>
      <description>275
UTC 21-04-2026 10:23:43.100
GpsMilliseconds 1460802241999
22.3158374,87.3247030, EA(4m)
AltWgs84 -10.7 m, EA(5m)
Hdg 5 deg, Spd 0.1 m/s
EA(39.8 deg, 2.9 m/s)</description>
      <Style>
        <IconStyle>
          <Icon>
            <href>http://maps.google.com/mapfiles/kml/shapes/shaded_dot.png</href>
          </Icon>
          <scale>0.6</scale>
          <color>bf3744db</color>
        </IconStyle>
      </Style>
      <Point>
        <altitudeMode>clampToGround</altitudeMode>
        <coordinates>87.3247030244348,22.3158373576632,0</coordinates>
      </Point>
    </Placemark>
    <Placemark>
      <Snippet maxLines="0"> </Snippet>
      <description>276
UTC 21-04-2026 10:23:44.100
GpsMilliseconds 1460802242999
22.3158360,87.3247051, EA(4m)
AltWgs84 -11.2 m, EA(5m)
Hdg 41 deg, Spd 0.3 m/s
EA(39.8 deg, 2.9 m/s)</description>
      <Style>
        <IconStyle>
          <Icon>
            <href>http://maps.google.com/mapfiles/kml/shapes/shaded_dot.png</href>
          </Icon>
          <scale>0.6</scale>
          <color>bf3744db</color>
        </IconStyle>
      </Style>
      <Point>
        <altitudeMode>clampToGround</altitudeMode>
        <coordinates>87.3247051379119,22.3158360302166,0</coordinates>
      </Point>
    </Placemark>
    <Placemark>
      <Snippet maxLines="0"> </Snippet>
      <description>277
UTC 21-04-2026 10:23:45.100
GpsMilliseconds 1460802243999
22.3158336,87.3247007, EA(4m)
AltWgs84 -12.2 m, EA(5m)
Hdg 46 deg, Spd 0.6 m/s
EA(39.8 deg, 2.9 m/s)</description>
      <Style>
        <IconStyle>
          <Icon>
            <href>http://maps.google.com/mapfiles/kml/shapes/shaded_dot.png</href>
          </Icon>
          <scale>0.6</scale>
          <color>bf3744db</color>
        </IconStyle>
      </Style>
      <Point>
        <altitudeMode>clampToGround</altitudeMode>
        <coordinates>87.324700747069,22.315833624527,0</coordinates>
      </Point>
    </Placemark>
    <Placemark>
      <Snippet maxLines="0"> </Snippet>
      <description>278
UTC 21-04-2026 10:23:46.100
GpsMilliseconds 1460802244999
22.3158303,87.3246993, EA(4m)
AltWgs84 -12.4 m, EA(5m)
Hdg 234 deg, Spd 0.2 m/s
EA(39.8 deg, 2.9 m/s)</description>
      <Style>
        <IconStyle>
          <Icon>
            <href>http://maps.google.com/mapfiles/kml/shapes/shaded_dot.png</href>
          </Icon>
          <scale>0.6</scale>
          <color>bf3744db</color>
        </IconStyle>
      </Style>
      <Point>
        <altitudeMode>clampToGround</altitudeMode>
        <coordinates>87.3246992781351,22.315830317109,0</coordinates>
      </Point>
    </Placemark>
    <Placemark>
      <Snippet maxLines="0"> </Snippet>
      <description>279
UTC 21-04-2026 10:23:47.100
GpsMilliseconds 1460802245999
22.3158305,87.3246972, EA(4m)
AltWgs84 -13.2 m, EA(5m)
Hdg 210 deg, Spd 0.2 m/s
EA(39.8 deg, 2.9 m/s)</description>
      <Style>
        <IconStyle>
          <Icon>
            <href>http://maps.google.com/mapfiles/kml/shapes/shaded_dot.png</href>
          </Icon>
          <scale>0.6</scale>
          <color>bf3744db</color>
        </IconStyle>
      </Style>
      <Point>
        <altitudeMode>clampToGround</altitudeMode>
        <coordinates>87.3246971812586,22.3158305060795,0</coordinates>
      </Point>
    </Placemark>
    <Placemark>
      <Snippet maxLines="0"> </Snippet>
      <description>280
UTC 21-04-2026 10:23:48.100
GpsMilliseconds 1460802246999
22.3158305,87.3246934, EA(4m)
AltWgs84 -13.9 m, EA(5m)
Hdg 48 deg, Spd 0.1 m/s
EA(39.8 deg, 2.9 m/s)</description>
      <Style>
        <IconStyle>
          <Icon>
            <href>http://maps.google.com/mapfiles/kml/shapes/shaded_dot.png</href>
          </Icon>
          <scale>0.6</scale>
          <color>bf3744db</color>
        </IconStyle>
      </Style>
      <Point>
        <altitudeMode>clampToGround</altitudeMode>
        <coordinates>87.3246934003104,22.3158304632599,0</coordinates>
      </Point>
    </Placemark>
    <Placemark>
      <Snippet maxLines="0"> </Snippet>
      <description>281
UTC 21-04-2026 10:23:49.100
GpsMilliseconds 1460802247999
22.3158359,87.3246926, EA(4m)
AltWgs84 -12.6 m, EA(5m)
Hdg 60 deg, Spd 0.2 m/s
EA(41.2 deg, 2.8 m/s)</description>
      <Style>
        <IconStyle>
          <Icon>
            <href>http://maps.google.com/mapfiles/kml/shapes/shaded_dot.png</href>
          </Icon>
          <scale>0.6</scale>
          <color>bf3744db</color>
        </IconStyle>
      </Style>
      <Point>
        <altitudeMode>clampToGround</altitudeMode>
        <coordinates>87.3246926194246,22.3158359321466,0</coordinates>
      </Point>
    </Placemark>
    <Placemark>
      <Snippet maxLines="0"> </Snippet>
      <description>282
UTC 21-04-2026 10:23:50.100
GpsMilliseconds 1460802248999
22.3158462,87.3246906, EA(4m)
AltWgs84 -11.6 m, EA(5m)
Hdg 252 deg, Spd 0.0 m/s
EA(41.2 deg, 2.8 m/s)</description>
      <Style>
        <IconStyle>
          <Icon>
            <href>http://maps.google.com/mapfiles/kml/shapes/shaded_dot.png</href>
          </Icon>
          <scale>0.6</scale>
          <color>bf3744db</color>
        </IconStyle>
      </Style>
      <Point>
        <altitudeMode>clampToGround</altitudeMode>
        <coordinates>87.3246906372344,22.3158461703956,0</coordinates>
      </Point>
    </Placemark>
    <Placemark>
      <Snippet maxLines="0"> </Snippet>
      <description>283
UTC 21-04-2026 10:23:51.100
GpsMilliseconds 1460802249999
22.3158500,87.3246919, EA(4m)
AltWgs84 -11.5 m, EA(5m)
Hdg 44 deg, Spd 0.3 m/s
EA(41.2 deg, 2.8 m/s)</description>
      <Style>
        <IconStyle>
          <Icon>
            <href>http://maps.google.com/mapfiles/kml/shapes/shaded_dot.png</href>
          </Icon>
          <scale>0.6</scale>
          <color>bf3744db</color>
        </IconStyle>
      </Style>
      <Point>
        <altitudeMode>clampToGround</altitudeMode>
        <coordinates>87.324691878078,22.3158499768108,0</coordinates>
      </Point>
    </Placemark>
    <Placemark>
      <Snippet maxLines="0"> </Snippet>
      <description>284
UTC 21-04-2026 10:23:52.100
GpsMilliseconds 1460802250999
22.3158498,87.3246931, EA(4m)
AltWgs84 -11.3 m, EA(5m)
Hdg 50 deg, Spd 0.5 m/s
EA(41.2 deg, 2.8 m/s)</description>
      <Style>
        <IconStyle>
          <Icon>
            <href>http://maps.google.com/mapfiles/kml/shapes/shaded_dot.png</href>
          </Icon>
          <scale>0.6</scale>
          <color>bf3744db</color>
        </IconStyle>
      </Style>
      <Point>
        <altitudeMode>clampToGround</altitudeMode>
        <coordinates>87.3246930557413,22.3158497542396,0</coordinates>
      </Point>
    </Placemark>
    <Placemark>
      <Snippet maxLines="0"> </Snippet>
      <description>285
UTC 21-04-2026 10:23:53.100
GpsMilliseconds 1460802251999
22.3158511,87.3246901, EA(4m)
AltWgs84 -10.6 m, EA(5m)
Hdg 217 deg, Spd 0.3 m/s
EA(41.2 deg, 2.8 m/s)</description>
      <Style>
        <IconStyle>
          <Icon>
            <href>http://maps.google.com/mapfiles/kml/shapes/shaded_dot.png</href>
          </Icon>
          <scale>0.6</scale>
          <color>bf3744db</color>
        </IconStyle>
      </Style>
      <Point>
        <altitudeMode>clampToGround</altitudeMode>
        <coordinates>87.3246901115094,22.3158510782636,0</coordinates>
      </Point>
    </Placemark>
    <Placemark>
      <Snippet maxLines="0"> </Snippet>
      <description>286
UTC 21-04-2026 10:23:54.100
GpsMilliseconds 1460802252999
22.3158540,87.3246963, EA(4m)
AltWgs84 -9.5 m, EA(5m)
Hdg 212 deg, Spd 0.1 m/s
EA(41.2 deg, 2.8 m/s)</description>
      <Style>
        <IconStyle>
          <Icon>
            <href>http://maps.google.com/mapfiles/kml/shapes/shaded_dot.png</href>
          </Icon>
          <scale>0.6</scale>
          <color>bf3744db</color>
        </IconStyle>
      </Style>
      <Point>
        <altitudeMode>clampToGround</altitudeMode>
        <coordinates>87.3246962954654,22.3158540051497,0</coordinates>
      </Point>
    </Placemark>
    <Placemark>
      <Snippet maxLines="0"> </Snippet>
      <description>287
UTC 21-04-2026 10:23:55.100
GpsMilliseconds 1460802253999
22.3158476,87.3246928, EA(4m)
AltWgs84 -11.5 m, EA(5m)
Hdg 47 deg, Spd 0.1 m/s
EA(46.2 deg, 2.9 m/s)</description>
      <Style>
        <IconStyle>
          <Icon>
            <href>http://maps.google.com/mapfiles/kml/shapes/shaded_dot.png</href>
          </Icon>
          <scale>0.6</scale>
          <color>bf3744db</color>
        </IconStyle>
      </Style>
      <Point>
        <altitudeMode>clampToGround</altitudeMode>
        <coordinates>87.3246927558761,22.3158476448673,0</coordinates>
      </Point>
    </Placemark>
    <Placemark>
      <Snippet maxLines="0"> </Snippet>
      <description>288
UTC 21-04-2026 10:23:56.100
GpsMilliseconds 1460802254999
22.3158494,87.3246953, EA(4m)
AltWgs84 -11.6 m, EA(5m)
Hdg 303 deg, Spd 0.1 m/s
EA(46.2 deg, 2.9 m/s)</description>
      <Style>
        <IconStyle>
          <Icon>
            <href>http://maps.google.com/mapfiles/kml/shapes/shaded_dot.png</href>
          </Icon>
          <scale>0.6</scale>
          <color>bf3744db</color>
        </IconStyle>
      </Style>
      <Point>
        <altitudeMode>clampToGround</altitudeMode>
        <coordinates>87.3246953445611,22.315849366038,0</coordinates>
      </Point>
    </Placemark>
    <Placemark>
      <Snippet maxLines="0"> </Snippet>
      <description>289
UTC 21-04-2026 10:23:57.100
GpsMilliseconds 1460802255999
22.3158522,87.3246971, EA(4m)
AltWgs84 -10.7 m, EA(5m)
Hdg 42 deg, Spd 0.1 m/s
EA(46.2 deg, 2.9 m/s)</description>
      <Style>
        <IconStyle>
          <Icon>
            <href>http://maps.google.com/mapfiles/kml/shapes/shaded_dot.png</href>
          </Icon>
          <scale>0.6</scale>
          <color>bf3744db</color>
        </IconStyle>
      </Style>
      <Point>
        <altitudeMode>clampToGround</altitudeMode>
        <coordinates>87.324697056398,22.3158521557872,0</coordinates>
      </Point>
    </Placemark>
    <Placemark>
      <Snippet maxLines="0"> </Snippet>
      <description>290
UTC 21-04-2026 10:23:58.100
GpsMilliseconds 1460802256999
22.3158587,87.3247022, EA(4m)
AltWgs84 -9.2 m, EA(5m)
Hdg 59 deg, Spd 0.1 m/s
EA(46.2 deg, 2.9 m/s)</description>
      <Style>
        <IconStyle>
          <Icon>
            <href>http://maps.google.com/mapfiles/kml/shapes/shaded_dot.png</href>
          </Icon>
          <scale>0.6</scale>
          <color>bf3744db</color>
        </IconStyle>
      </Style>
      <Point>
        <altitudeMode>clampToGround</altitudeMode>
        <coordinates>87.3247022410998,22.3158587135217,0</coordinates>
      </Point>
    </Placemark>
    <Placemark>
      <Snippet maxLines="0"> </Snippet>
      <description>291
UTC 21-04-2026 10:23:59.100
GpsMilliseconds 1460802257999
22.3158599,87.3247004, EA(4m)
AltWgs84 -9.8 m, EA(5m)
Hdg 35 deg, Spd 0.3 m/s
EA(46.2 deg, 2.9 m/s)</description>
      <Style>
        <IconStyle>
          <Icon>
            <href>http://maps.google.com/mapfiles/kml/shapes/shaded_dot.png</href>
          </Icon>
          <scale>0.6</scale>
          <color>bf3744db</color>
        </IconStyle>
      </Style>
      <Point>
        <altitudeMode>clampToGround</altitudeMode>
        <coordinates>87.3247004152328,22.3158599459408,0</coordinates>
      </Point>
    </Placemark>
    <Placemark>
      <Snippet maxLines="0"> </Snippet>
      <description>292
UTC 21-04-2026 10:24:00.100
GpsMilliseconds 1460802258999
22.3158564,87.3246971, EA(4m)
AltWgs84 -11.1 m, EA(5m)
Hdg 176 deg, Spd 0.2 m/s
EA(46.2 deg, 2.9 m/s)</description>
      <Style>
        <IconStyle>
          <Icon>
            <href>http://maps.google.com/mapfiles/kml/shapes/shaded_dot.png</href>
          </Icon>
          <scale>0.6</scale>
          <color>bf3744db</color>
        </IconStyle>
      </Style>
      <Point>
        <altitudeMode>clampToGround</altitudeMode>
        <coordinates>87.3246970623155,22.3158564035999,0</coordinates>
      </Point>
    </Placemark>
    <Placemark>
      <Snippet maxLines="0"> </Snippet>
      <description>293
UTC 21-04-2026 10:24:01.100
GpsMilliseconds 1460802259999
22.3158598,87.3246949, EA(4m)
AltWgs84 -10.7 m, EA(5m)
Hdg 171 deg, Spd 0.2 m/s
EA(46.2 deg, 2.9 m/s)</description>
      <Style>
        <IconStyle>
          <Icon>
            <href>http://maps.google.com/mapfiles/kml/shapes/shaded_dot.png</href>
          </Icon>
          <scale>0.6</scale>
          <color>bf3744db</color>
        </IconStyle>
      </Style>
      <Point>
        <altitudeMode>clampToGround</altitudeMode>
        <coordinates>87.32469486266,22.3158597976771,0</coordinates>
      </Point>
    </Placemark>
    <Placemark>
      <Snippet maxLines="0"> </Snippet>
      <description>294
UTC 21-04-2026 10:24:02.100
GpsMilliseconds 1460802260999
22.3158582,87.3246928, EA(4m)
AltWgs84 -11.8 m, EA(5m)
Hdg 123 deg, Spd 0.1 m/s
EA(46.2 deg, 2.9 m/s)</description>
      <Style>
        <IconStyle>
          <Icon>
            <href>http://maps.google.com/mapfiles/kml/shapes/shaded_dot.png</href>
          </Icon>
          <scale>0.6</scale>
          <color>bf3744db</color>
        </IconStyle>
      </Style>
      <Point>
        <altitudeMode>clampToGround</altitudeMode>
        <coordinates>87.3246928153272,22.3158581688878,0</coordinates>
      </Point>
    </Placemark>
    <Placemark>
      <Snippet maxLines="0"> </Snippet>
      <description>295
UTC 21-04-2026 10:24:03.100
GpsMilliseconds 1460802261999
22.3158592,87.3246979, EA(4m)
AltWgs84 -10.9 m, EA(5m)
Hdg 149 deg, Spd 0.1 m/s
EA(46.2 deg, 2.9 m/s)</description>
      <Style>
        <IconStyle>
          <Icon>
            <href>http://maps.google.com/mapfiles/kml/shapes/shaded_dot.png</href>
          </Icon>
          <scale>0.6</scale>
          <color>bf3744db</color>
        </IconStyle>
      </Style>
      <Point>
        <altitudeMode>clampToGround</altitudeMode>
        <coordinates>87.3246978669399,22.3158592135348,0</coordinates>
      </Point>
    </Placemark>
    <Placemark>
      <Snippet maxLines="0"> </Snippet>
      <description>296
UTC 21-04-2026 10:24:04.100
GpsMilliseconds 1460802262999
22.3158593,87.3246975, EA(4m)
AltWgs84 -11.0 m, EA(5m)
Hdg 25 deg, Spd 0.2 m/s
EA(46.2 deg, 2.9 m/s)</description>
      <Style>
        <IconStyle>
          <Icon>
            <href>http://maps.google.com/mapfiles/kml/shapes/shaded_dot.png</href>
          </Icon>
          <scale>0.6</scale>
          <color>bf3744db</color>
        </IconStyle>
      </Style>
      <Point>
        <altitudeMode>clampToGround</altitudeMode>
        <coordinates>87.3246974985683,22.3158593039502,0</coordinates>
      </Point>
    </Placemark>
    <Placemark>
      <Snippet maxLines="0"> </Snippet>
      <description>297
UTC 21-04-2026 10:24:05.100
GpsMilliseconds 1460802263999
22.3158610,87.3246999, EA(4m)
AltWgs84 -10.1 m, EA(5m)
Hdg 6 deg, Spd 0.4 m/s
EA(46.2 deg, 2.9 m/s)</description>
      <Style>
        <IconStyle>
          <Icon>
            <href>http://maps.google.com/mapfiles/kml/shapes/shaded_dot.png</href>
          </Icon>
          <scale>0.6</scale>
          <color>bf3744db</color>
        </IconStyle>
      </Style>
      <Point>
        <altitudeMode>clampToGround</altitudeMode>
        <coordinates>87.3246998601329,22.315861037662,0</coordinates>
      </Point>
    </Placemark>
    <Placemark>
      <Snippet maxLines="0"> </Snippet>
      <description>298
UTC 21-04-2026 10:24:06.100
GpsMilliseconds 1460802264999
22.3158586,87.3246943, EA(4m)
AltWgs84 -9.5 m, EA(5m)
Hdg 188 deg, Spd 0.1 m/s
EA(46.2 deg, 2.9 m/s)</description>
      <Style>
        <IconStyle>
          <Icon>
            <href>http://maps.google.com/mapfiles/kml/shapes/shaded_dot.png</href>
          </Icon>
          <scale>0.6</scale>
          <color>bf3744db</color>
        </IconStyle>
      </Style>
      <Point>
        <altitudeMode>clampToGround</altitudeMode>
        <coordinates>87.324694329895,22.3158586182986,0</coordinates>
      </Point>
    </Placemark>
    <Placemark>
      <Snippet maxLines="0"> </Snippet>
      <description>299
UTC 21-04-2026 10:24:07.100
GpsMilliseconds 1460802265999
22.3158550,87.3246957, EA(4m)
AltWgs84 -11.1 m, EA(5m)
Hdg 32 deg, Spd 0.1 m/s
EA(46.2 deg, 2.9 m/s)</description>
      <Style>
        <IconStyle>
          <Icon>
            <href>http://maps.google.com/mapfiles/kml/shapes/shaded_dot.png</href>
          </Icon>
          <scale>0.6</scale>
          <color>bf3744db</color>
        </IconStyle>
      </Style>
      <Point>
        <altitudeMode>clampToGround</altitudeMode>
        <coordinates>87.3246957146618,22.315854954913,0</coordinates>
      </Point>
    </Placemark>
    <Placemark>
      <Snippet maxLines="0"> </Snippet>
      <description>300
UTC 21-04-2026 10:24:08.100
GpsMilliseconds 1460802266999
22.3158548,87.3246933, EA(4m)
AltWgs84 -11.2 m, EA(5m)
Hdg 211 deg, Spd 0.1 m/s
EA(46.2 deg, 2.9 m/s)</description>
      <Style>
        <IconStyle>
          <Icon>
            <href>http://maps.google.com/mapfiles/kml/shapes/shaded_dot.png</href>
          </Icon>
          <scale>0.6</scale>
          <color>bf3744db</color>
        </IconStyle>
      </Style>
      <Point>
        <altitudeMode>clampToGround</altitudeMode>
        <coordinates>87.3246932916483,22.3158547717852,0</coordinates>
      </Point>
    </Placemark>
    <Placemark>
      <Snippet maxLines="0"> </Snippet>
      <description>301
UTC 21-04-2026 10:24:09.100
GpsMilliseconds 1460802267999
22.3158572,87.3246951, EA(4m)
AltWgs84 -10.7 m, EA(5m)
Hdg 48 deg, Spd 0.0 m/s
EA(46.2 deg, 2.9 m/s)</description>
      <Style>
        <IconStyle>
          <Icon>
            <href>http://maps.google.com/mapfiles/kml/shapes/shaded_dot.png</href>
          </Icon>
          <scale>0.6</scale>
          <color>bf3744db</color>
        </IconStyle>
      </Style>
      <Point>
        <altitudeMode>clampToGround</altitudeMode>
        <coordinates>87.3246950609659,22.3158571506324,0</coordinates>
      </Point>
    </Placemark>
    <Placemark>
      <Snippet maxLines="0"> </Snippet>
      <description>302
UTC 21-04-2026 10:24:10.100
GpsMilliseconds 1460802268999
22.3158540,87.3246914, EA(4m)
AltWgs84 -10.2 m, EA(5m)
Hdg 134 deg, Spd 0.1 m/s
EA(46.2 deg, 2.9 m/s)</description>
      <Style>
        <IconStyle>
          <Icon>
            <href>http://maps.google.com/mapfiles/kml/shapes/shaded_dot.png</href>
          </Icon>
          <scale>0.6</scale>
          <color>bf3744db</color>
        </IconStyle>
      </Style>
      <Point>
        <altitudeMode>clampToGround</altitudeMode>
        <coordinates>87.3246914068246,22.3158540227132,0</coordinates>
      </Point>
    </Placemark>
    <Placemark>
      <Snippet maxLines="0"> </Snippet>
      <description>303
UTC 21-04-2026 10:24:11.100
GpsMilliseconds 1460802269999
22.3158535,87.3246907, EA(4m)
AltWgs84 -10.1 m, EA(5m)
Hdg 310 deg, Spd 0.2 m/s
EA(46.2 deg, 2.9 m/s)</description>
      <Style>
        <IconStyle>
          <Icon>
            <href>http://maps.google.com/mapfiles/kml/shapes/shaded_dot.png</href>
          </Icon>
          <scale>0.6</scale>
          <color>bf3744db</color>
        </IconStyle>
      </Style>
      <Point>
        <altitudeMode>clampToGround</altitudeMode>
        <coordinates>87.3246906575447,22.3158534635085,0</coordinates>
      </Point>
    </Placemark>
    <Placemark>
      <Snippet maxLines="0"> </Snippet>
      <description>304
UTC 21-04-2026 10:24:12.100
GpsMilliseconds 1460802270999
22.3158520,87.3246874, EA(4m)
AltWgs84 -9.9 m, EA(5m)
Hdg 252 deg, Spd 0.3 m/s
EA(46.2 deg, 2.9 m/s)</description>
      <Style>
        <IconStyle>
          <Icon>
            <href>http://maps.google.com/mapfiles/kml/shapes/shaded_dot.png</href>
          </Icon>
          <scale>0.6</scale>
          <color>bf3744db</color>
        </IconStyle>
      </Style>
      <Point>
        <altitudeMode>clampToGround</altitudeMode>
        <coordinates>87.3246873718525,22.3158519500963,0</coordinates>
      </Point>
    </Placemark>
    <Placemark>
      <Snippet maxLines="0"> </Snippet>
      <description>305
UTC 21-04-2026 10:24:13.100
GpsMilliseconds 1460802271999
22.3158466,87.3246837, EA(4m)
AltWgs84 -11.5 m, EA(5m)
Hdg 207 deg, Spd 0.3 m/s
EA(47.6 deg, 2.9 m/s)</description>
      <Style>
        <IconStyle>
          <Icon>
            <href>http://maps.google.com/mapfiles/kml/shapes/shaded_dot.png</href>
          </Icon>
          <scale>0.6</scale>
          <color>bf3744db</color>
        </IconStyle>
      </Style>
      <Point>
        <altitudeMode>clampToGround</altitudeMode>
        <coordinates>87.3246836899663,22.3158466212111,0</coordinates>
      </Point>
    </Placemark>
    <Placemark>
      <Snippet maxLines="0"> </Snippet>
      <description>306
UTC 21-04-2026 10:24:14.100
GpsMilliseconds 1460802272999
22.3158520,87.3246865, EA(4m)
AltWgs84 -10.9 m, EA(5m)
Hdg 209 deg, Spd 0.3 m/s
EA(47.6 deg, 2.9 m/s)</description>
      <Style>
        <IconStyle>
          <Icon>
            <href>http://maps.google.com/mapfiles/kml/shapes/shaded_dot.png</href>
          </Icon>
          <scale>0.6</scale>
          <color>bf3744db</color>
        </IconStyle>
      </Style>
      <Point>
        <altitudeMode>clampToGround</altitudeMode>
        <coordinates>87.3246865039434,22.3158519642729,0</coordinates>
      </Point>
    </Placemark>
    <Placemark>
      <Snippet maxLines="0"> </Snippet>
      <description>307
UTC 21-04-2026 10:24:15.100
GpsMilliseconds 1460802273999
22.3158460,87.3246859, EA(4m)
AltWgs84 -11.4 m, EA(5m)
Hdg 344 deg, Spd 0.1 m/s
EA(46.2 deg, 2.9 m/s)</description>
      <Style>
        <IconStyle>
          <Icon>
            <href>http://maps.google.com/mapfiles/kml/shapes/shaded_dot.png</href>
          </Icon>
          <scale>0.6</scale>
          <color>bf3744db</color>
        </IconStyle>
      </Style>
      <Point>
        <altitudeMode>clampToGround</altitudeMode>
        <coordinates>87.3246859277602,22.315845978079,0</coordinates>
      </Point>
    </Placemark>
    <Placemark>
      <Snippet maxLines="0"> </Snippet>
      <description>308
UTC 21-04-2026 10:24:16.100
GpsMilliseconds 1460802274999
22.3158478,87.3246854, EA(4m)
AltWgs84 -11.8 m, EA(5m)
Hdg 190 deg, Spd 0.2 m/s
EA(46.2 deg, 2.9 m/s)</description>
      <Style>
        <IconStyle>
          <Icon>
            <href>http://maps.google.com/mapfiles/kml/shapes/shaded_dot.png</href>
          </Icon>
          <scale>0.6</scale>
          <color>bf3744db</color>
        </IconStyle>
      </Style>
      <Point>
        <altitudeMode>clampToGround</altitudeMode>
        <coordinates>87.3246854280687,22.3158477926462,0</coordinates>
      </Point>
    </Placemark>
    <Placemark>
      <Snippet maxLines="0"> </Snippet>
      <description>309
UTC 21-04-2026 10:24:17.100
GpsMilliseconds 1460802275999
22.3158441,87.3246902, EA(4m)
AltWgs84 -11.5 m, EA(5m)
Hdg 133 deg, Spd 0.0 m/s
EA(46.2 deg, 2.9 m/s)</description>
      <Style>
        <IconStyle>
          <Icon>
            <href>http://maps.google.com/mapfiles/kml/shapes/shaded_dot.png</href>
          </Icon>
          <scale>0.6</scale>
          <color>bf3744db</color>
        </IconStyle>
      </Style>
      <Point>
        <altitudeMode>clampToGround</altitudeMode>
        <coordinates>87.3246902432027,22.3158440929967,0</coordinates>
      </Point>
    </Placemark>
    <Placemark>
      <Snippet maxLines="0"> </Snippet>
      <description>310
UTC 21-04-2026 10:24:18.100
GpsMilliseconds 1460802276999
22.3158453,87.3246838, EA(4m)
AltWgs84 -12.8 m, EA(5m)
Hdg 33 deg, Spd 0.4 m/s
EA(47.6 deg, 2.9 m/s)</description>
      <Style>
        <IconStyle>
          <Icon>
            <href>http://maps.google.com/mapfiles/kml/shapes/shaded_dot.png</href>
          </Icon>
          <scale>0.6</scale>
          <color>bf3744db</color>
        </IconStyle>
      </Style>
      <Point>
        <altitudeMode>clampToGround</altitudeMode>
        <coordinates>87.3246838131436,22.3158452687914,0</coordinates>
      </Point>
    </Placemark>
    <Placemark>
      <Snippet maxLines="0"> </Snippet>
      <description>311
UTC 21-04-2026 10:24:19.100
GpsMilliseconds 1460802277999
22.3158453,87.3246891, EA(4m)
AltWgs84 -12.3 m, EA(5m)
Hdg 215 deg, Spd 0.1 m/s
EA(46.2 deg, 2.9 m/s)</description>
      <Style>
        <IconStyle>
          <Icon>
            <href>http://maps.google.com/mapfiles/kml/shapes/shaded_dot.png</href>
          </Icon>
          <scale>0.6</scale>
          <color>bf3744db</color>
        </IconStyle>
      </Style>
      <Point>
        <altitudeMode>clampToGround</altitudeMode>
        <coordinates>87.3246890794271,22.3158452544421,0</coordinates>
      </Point>
    </Placemark>
    <Placemark>
      <Snippet maxLines="0"> </Snippet>
      <description>312
UTC 21-04-2026 10:24:20.100
GpsMilliseconds 1460802278999
22.3158458,87.3246813, EA(4m)
AltWgs84 -13.5 m, EA(5m)
Hdg 130 deg, Spd 0.1 m/s
EA(46.2 deg, 2.9 m/s)</description>
      <Style>
        <IconStyle>
          <Icon>
            <href>http://maps.google.com/mapfiles/kml/shapes/shaded_dot.png</href>
          </Icon>
          <scale>0.6</scale>
          <color>bf3744db</color>
        </IconStyle>
      </Style>
      <Point>
        <altitudeMode>clampToGround</altitudeMode>
        <coordinates>87.3246812868597,22.315845770913,0</coordinates>
      </Point>
    </Placemark>
    <Placemark>
      <Snippet maxLines="0"> </Snippet>
      <description>313
UTC 21-04-2026 10:24:21.100
GpsMilliseconds 1460802279999
22.3158412,87.3246871, EA(4m)
AltWgs84 -12.9 m, EA(5m)
Hdg 182 deg, Spd 0.2 m/s
EA(46.2 deg, 2.9 m/s)</description>
      <Style>
        <IconStyle>
          <Icon>
            <href>http://maps.google.com/mapfiles/kml/shapes/shaded_dot.png</href>
          </Icon>
          <scale>0.6</scale>
          <color>bf3744db</color>
        </IconStyle>
      </Style>
      <Point>
        <altitudeMode>clampToGround</altitudeMode>
        <coordinates>87.3246871270119,22.3158411882043,0</coordinates>
      </Point>
    </Placemark>
    <Placemark>
      <Snippet maxLines="0"> </Snippet>
      <description>314
UTC 21-04-2026 10:24:22.100
GpsMilliseconds 1460802280999
22.3158485,87.3246799, EA(4m)
AltWgs84 -13.5 m, EA(5m)
Hdg 144 deg, Spd 0.0 m/s
EA(46.2 deg, 2.9 m/s)</description>
      <Style>
        <IconStyle>
          <Icon>
            <href>http://maps.google.com/mapfiles/kml/shapes/shaded_dot.png</href>
          </Icon>
          <scale>0.6</scale>
          <color>bf3744db</color>
        </IconStyle>
      </Style>
      <Point>
        <altitudeMode>clampToGround</altitudeMode>
        <coordinates>87.3246799317445,22.3158485041335,0</coordinates>
      </Point>
    </Placemark>
    <Placemark>
      <Snippet maxLines="0"> </Snippet>
      <description>315
UTC 21-04-2026 10:24:23.100
GpsMilliseconds 1460802281999
22.3158443,87.3246837, EA(4m)
AltWgs84 -13.3 m, EA(5m)
Hdg 152 deg, Spd 0.1 m/s
EA(46.2 deg, 2.9 m/s)</description>
      <Style>
        <IconStyle>
          <Icon>
            <href>http://maps.google.com/mapfiles/kml/shapes/shaded_dot.png</href>
          </Icon>
          <scale>0.6</scale>
          <color>bf3744db</color>
        </IconStyle>
      </Style>
      <Point>
        <altitudeMode>clampToGround</altitudeMode>
        <coordinates>87.3246836530553,22.3158442596058,0</coordinates>
      </Point>
    </Placemark>
    <Placemark>
      <Snippet maxLines="0"> </Snippet>
      <description>316
UTC 21-04-2026 10:24:24.100
GpsMilliseconds 1460802282999
22.3158448,87.3246856, EA(4m)
AltWgs84 -13.9 m, EA(5m)
Hdg 14 deg, Spd 0.1 m/s
EA(46.2 deg, 2.9 m/s)</description>
      <Style>
        <IconStyle>
          <Icon>
            <href>http://maps.google.com/mapfiles/kml/shapes/shaded_dot.png</href>
          </Icon>
          <scale>0.6</scale>
          <color>bf3744db</color>
        </IconStyle>
      </Style>
      <Point>
        <altitudeMode>clampToGround</altitudeMode>
        <coordinates>87.3246856480044,22.3158447831938,0</coordinates>
      </Point>
    </Placemark>
    <Placemark>
      <Snippet maxLines="0"> </Snippet>
      <description>317
UTC 21-04-2026 10:24:25.100
GpsMilliseconds 1460802283999
22.3158432,87.3246850, EA(4m)
AltWgs84 -13.8 m, EA(5m)
Hdg 1 deg, Spd 0.4 m/s
EA(46.2 deg, 2.9 m/s)</description>
      <Style>
        <IconStyle>
          <Icon>
            <href>http://maps.google.com/mapfiles/kml/shapes/shaded_dot.png</href>
          </Icon>
          <scale>0.6</scale>
          <color>bf3744db</color>
        </IconStyle>
      </Style>
      <Point>
        <altitudeMode>clampToGround</altitudeMode>
        <coordinates>87.3246849559131,22.3158431994767,0</coordinates>
      </Point>
    </Placemark>
    <Placemark>
      <Snippet maxLines="0"> </Snippet>
      <description>318
UTC 21-04-2026 10:24:26.100
GpsMilliseconds 1460802284999
22.3158443,87.3246824, EA(4m)
AltWgs84 -13.8 m, EA(5m)
Hdg 177 deg, Spd 0.2 m/s
EA(46.2 deg, 2.9 m/s)</description>
      <Style>
        <IconStyle>
          <Icon>
            <href>http://maps.google.com/mapfiles/kml/shapes/shaded_dot.png</href>
          </Icon>
          <scale>0.6</scale>
          <color>bf3744db</color>
        </IconStyle>
      </Style>
      <Point>
        <altitudeMode>clampToGround</altitudeMode>
        <coordinates>87.3246824274311,22.3158443108592,0</coordinates>
      </Point>
    </Placemark>
    <Placemark>
      <Snippet maxLines="0"> </Snippet>
      <description>319
UTC 21-04-2026 10:24:27.100
GpsMilliseconds 1460802285999
22.3158446,87.3246823, EA(4m)
AltWgs84 -13.7 m, EA(5m)
Hdg 162 deg, Spd 0.2 m/s
EA(46.3 deg, 2.9 m/s)</description>
      <Style>
        <IconStyle>
          <Icon>
            <href>http://maps.google.com/mapfiles/kml/shapes/shaded_dot.png</href>
          </Icon>
          <scale>0.6</scale>
          <color>bf3744db</color>
        </IconStyle>
      </Style>
      <Point>
        <altitudeMode>clampToGround</altitudeMode>
        <coordinates>87.3246823115038,22.3158445621685,0</coordinates>
      </Point>
    </Placemark>
    <Placemark>
      <Snippet maxLines="0"> </Snippet>
      <description>320
UTC 21-04-2026 10:24:28.100
GpsMilliseconds 1460802286999
22.3158422,87.3246788, EA(4m)
AltWgs84 -14.0 m, EA(5m)
Hdg 58 deg, Spd 0.0 m/s
EA(46.3 deg, 2.9 m/s)</description>
      <Style>
        <IconStyle>
          <Icon>
            <href>http://maps.google.com/mapfiles/kml/shapes/shaded_dot.png</href>
          </Icon>
          <scale>0.6</scale>
          <color>bf3744db</color>
        </IconStyle>
      </Style>
      <Point>
        <altitudeMode>clampToGround</altitudeMode>
        <coordinates>87.3246787627649,22.3158422343479,0</coordinates>
      </Point>
    </Placemark>
    <Placemark>
      <Snippet maxLines="0"> </Snippet>
      <description>321
UTC 21-04-2026 10:24:29.100
GpsMilliseconds 1460802287999
22.3158376,87.3246804, EA(4m)
AltWgs84 -14.4 m, EA(5m)
Hdg 121 deg, Spd 0.1 m/s
EA(46.3 deg, 2.9 m/s)</description>
      <Style>
        <IconStyle>
          <Icon>
            <href>http://maps.google.com/mapfiles/kml/shapes/shaded_dot.png</href>
          </Icon>
          <scale>0.6</scale>
          <color>bf3744db</color>
        </IconStyle>
      </Style>
      <Point>
        <altitudeMode>clampToGround</altitudeMode>
        <coordinates>87.3246804193652,22.315837623723,0</coordinates>
      </Point>
    </Placemark>
    <Placemark>
      <Snippet maxLines="0"> </Snippet>
      <description>322
UTC 21-04-2026 10:24:30.100
GpsMilliseconds 1460802288999
22.3158375,87.3246812, EA(4m)
AltWgs84 -14.3 m, EA(5m)
Hdg 144 deg, Spd 0.1 m/s
EA(46.3 deg, 2.9 m/s)</description>
      <Style>
        <IconStyle>
          <Icon>
            <href>http://maps.google.com/mapfiles/kml/shapes/shaded_dot.png</href>
          </Icon>
          <scale>0.6</scale>
          <color>bf3744db</color>
        </IconStyle>
      </Style>
      <Point>
        <altitudeMode>clampToGround</altitudeMode>
        <coordinates>87.3246812414595,22.3158375437713,0</coordinates>
      </Point>
    </Placemark>
    <Placemark>
      <Snippet maxLines="0"> </Snippet>
      <description>323
UTC 21-04-2026 10:24:31.100
GpsMilliseconds 1460802289999
22.3158391,87.3246837, EA(4m)
AltWgs84 -14.2 m, EA(5m)
Hdg 17 deg, Spd 0.2 m/s
EA(46.3 deg, 2.9 m/s)</description>
      <Style>
        <IconStyle>
          <Icon>
            <href>http://maps.google.com/mapfiles/kml/shapes/shaded_dot.png</href>
          </Icon>
          <scale>0.6</scale>
          <color>bf3744db</color>
        </IconStyle>
      </Style>
      <Point>
        <altitudeMode>clampToGround</altitudeMode>
        <coordinates>87.324683724352,22.3158391185172,0</coordinates>
      </Point>
    </Placemark>
    <Placemark>
      <Snippet maxLines="0"> </Snippet>
      <description>324
UTC 21-04-2026 10:24:32.100
GpsMilliseconds 1460802290999
22.3158404,87.3246803, EA(4m)
AltWgs84 -14.0 m, EA(5m)
Hdg 178 deg, Spd 0.5 m/s
EA(46.3 deg, 2.9 m/s)</description>
      <Style>
        <IconStyle>
          <Icon>
            <href>http://maps.google.com/mapfiles/kml/shapes/shaded_dot.png</href>
          </Icon>
          <scale>0.6</scale>
          <color>bf3744db</color>
        </IconStyle>
      </Style>
      <Point>
        <altitudeMode>clampToGround</altitudeMode>
        <coordinates>87.3246803491978,22.3158404441054,0</coordinates>
      </Point>
    </Placemark>
    <Placemark>
      <Snippet maxLines="0"> </Snippet>
      <description>325
UTC 21-04-2026 10:24:33.100
GpsMilliseconds 1460802291999
22.3158417,87.3246842, EA(4m)
AltWgs84 -13.8 m, EA(5m)
Hdg 168 deg, Spd 0.3 m/s
EA(46.3 deg, 2.9 m/s)</description>
      <Style>
        <IconStyle>
          <Icon>
            <href>http://maps.google.com/mapfiles/kml/shapes/shaded_dot.png</href>
          </Icon>
          <scale>0.6</scale>
          <color>bf3744db</color>
        </IconStyle>
      </Style>
      <Point>
        <altitudeMode>clampToGround</altitudeMode>
        <coordinates>87.3246841970461,22.3158417491101,0</coordinates>
      </Point>
    </Placemark>
    <Placemark>
      <Snippet maxLines="0"> </Snippet>
      <description>326
UTC 21-04-2026 10:24:34.100
GpsMilliseconds 1460802292999
22.3158387,87.3246869, EA(4m)
AltWgs84 -14.5 m, EA(5m)
Hdg 338 deg, Spd 0.1 m/s
EA(46.3 deg, 2.9 m/s)</description>
      <Style>
        <IconStyle>
          <Icon>
            <href>http://maps.google.com/mapfiles/kml/shapes/shaded_dot.png</href>
          </Icon>
          <scale>0.6</scale>
          <color>bf3744db</color>
        </IconStyle>
      </Style>
      <Point>
        <altitudeMode>clampToGround</altitudeMode>
        <coordinates>87.3246869294288,22.315838737841,0</coordinates>
      </Point>
    </Placemark>
    <Placemark>
      <Snippet maxLines="0"> </Snippet>
      <description>327
UTC 21-04-2026 10:24:35.100
GpsMilliseconds 1460802293999
22.3158360,87.3246870, EA(4m)
AltWgs84 -14.6 m, EA(5m)
Hdg 193 deg, Spd 0.1 m/s
EA(46.3 deg, 2.9 m/s)</description>
      <Style>
        <IconStyle>
          <Icon>
            <href>http://maps.google.com/mapfiles/kml/shapes/shaded_dot.png</href>
          </Icon>
          <scale>0.6</scale>
          <color>bf3744db</color>
        </IconStyle>
      </Style>
      <Point>
        <altitudeMode>clampToGround</altitudeMode>
        <coordinates>87.3246869581544,22.31583599461,0</coordinates>
      </Point>
    </Placemark>
    <Placemark>
      <Snippet maxLines="0"> </Snippet>
      <description>328
UTC 21-04-2026 10:24:36.100
GpsMilliseconds 1460802294999
22.3158362,87.3246925, EA(4m)
AltWgs84 -15.1 m, EA(5m)
Hdg 242 deg, Spd 0.1 m/s
EA(46.3 deg, 2.9 m/s)</description>
      <Style>
        <IconStyle>
          <Icon>
            <href>http://maps.google.com/mapfiles/kml/shapes/shaded_dot.png</href>
          </Icon>
          <scale>0.6</scale>
          <color>bf3744db</color>
        </IconStyle>
      </Style>
      <Point>
        <altitudeMode>clampToGround</altitudeMode>
        <coordinates>87.3246925440475,22.3158361741168,0</coordinates>
      </Point>
    </Placemark>
    <Placemark>
      <Snippet maxLines="0"> </Snippet>
      <description>329
UTC 21-04-2026 10:24:37.100
GpsMilliseconds 1460802295999
22.3158382,87.3246973, EA(4m)
AltWgs84 -15.1 m, EA(5m)
Hdg 165 deg, Spd 0.0 m/s
EA(46.3 deg, 2.9 m/s)</description>
      <Style>
        <IconStyle>
          <Icon>
            <href>http://maps.google.com/mapfiles/kml/shapes/shaded_dot.png</href>
          </Icon>
          <scale>0.6</scale>
          <color>bf3744db</color>
        </IconStyle>
      </Style>
      <Point>
        <altitudeMode>clampToGround</altitudeMode>
        <coordinates>87.3246972546125,22.3158381730727,0</coordinates>
      </Point>
    </Placemark>
    <Placemark>
      <Snippet maxLines="0"> </Snippet>
      <description>330
UTC 21-04-2026 10:24:38.100
GpsMilliseconds 1460802296999
22.3158362,87.3246998, EA(4m)
AltWgs84 -15.1 m, EA(5m)
Hdg 14 deg, Spd 0.2 m/s
EA(46.3 deg, 2.9 m/s)</description>
      <Style>
        <IconStyle>
          <Icon>
            <href>http://maps.google.com/mapfiles/kml/shapes/shaded_dot.png</href>
          </Icon>
          <scale>0.6</scale>
          <color>bf3744db</color>
        </IconStyle>
      </Style>
      <Point>
        <altitudeMode>clampToGround</altitudeMode>
        <coordinates>87.324699845246,22.3158362160517,0</coordinates>
      </Point>
    </Placemark>
    <Placemark>
      <Snippet maxLines="0"> </Snippet>
      <description>331
UTC 21-04-2026 10:24:39.100
GpsMilliseconds 1460802297999
22.3158397,87.3246947, EA(4m)
AltWgs84 -14.7 m, EA(5m)
Hdg 204 deg, Spd 0.2 m/s
EA(46.3 deg, 2.9 m/s)</description>
      <Style>
        <IconStyle>
          <Icon>
            <href>http://maps.google.com/mapfiles/kml/shapes/shaded_dot.png</href>
          </Icon>
          <scale>0.6</scale>
          <color>bf3744db</color>
        </IconStyle>
      </Style>
      <Point>
        <altitudeMode>clampToGround</altitudeMode>
        <coordinates>87.3246946967945,22.3158396544489,0</coordinates>
      </Point>
    </Placemark>
    <Placemark>
      <Snippet maxLines="0"> </Snippet>
      <description>332
UTC 21-04-2026 10:24:40.100
GpsMilliseconds 1460802298999
22.3158397,87.3247015, EA(4m)
AltWgs84 -14.9 m, EA(5m)
Hdg 93 deg, Spd 0.2 m/s
EA(46.3 deg, 2.9 m/s)</description>
      <Style>
        <IconStyle>
          <Icon>
            <href>http://maps.google.com/mapfiles/kml/shapes/shaded_dot.png</href>
          </Icon>
          <scale>0.6</scale>
          <color>bf3744db</color>
        </IconStyle>
      </Style>
      <Point>
        <altitudeMode>clampToGround</altitudeMode>
        <coordinates>87.3247014840155,22.3158396732724,0</coordinates>
      </Point>
    </Placemark>
    <Placemark>
      <Snippet maxLines="0"> </Snippet>
      <description>333
UTC 21-04-2026 10:24:41.100
GpsMilliseconds 1460802299999
22.3158410,87.3247053, EA(4m)
AltWgs84 -15.0 m, EA(5m)
Hdg 92 deg, Spd 0.2 m/s
EA(46.3 deg, 2.9 m/s)</description>
      <Style>
        <IconStyle>
          <Icon>
            <href>http://maps.google.com/mapfiles/kml/shapes/shaded_dot.png</href>
          </Icon>
          <scale>0.6</scale>
          <color>bf3744db</color>
        </IconStyle>
      </Style>
      <Point>
        <altitudeMode>clampToGround</altitudeMode>
        <coordinates>87.3247052942848,22.3158410294665,0</coordinates>
      </Point>
    </Placemark>
    <Placemark>
      <Snippet maxLines="0"> </Snippet>
      <description>334
UTC 21-04-2026 10:24:42.100
GpsMilliseconds 1460802300999
22.3158424,87.3247034, EA(4m)
AltWgs84 -14.5 m, EA(5m)
Hdg 204 deg, Spd 0.1 m/s
EA(47.6 deg, 2.9 m/s)</description>
      <Style>
        <IconStyle>
          <Icon>
            <href>http://maps.google.com/mapfiles/kml/shapes/shaded_dot.png</href>
          </Icon>
          <scale>0.6</scale>
          <color>bf3744db</color>
        </IconStyle>
      </Style>
      <Point>
        <altitudeMode>clampToGround</altitudeMode>
        <coordinates>87.3247034094615,22.3158424028278,0</coordinates>
      </Point>
    </Placemark>
    <Placemark>
      <Snippet maxLines="0"> </Snippet>
      <description>335
UTC 21-04-2026 10:24:43.100
GpsMilliseconds 1460802301999
22.3158475,87.3247050, EA(4m)
AltWgs84 -13.2 m, EA(5m)
Hdg 88 deg, Spd 0.0 m/s
EA(47.6 deg, 2.9 m/s)</description>
      <Style>
        <IconStyle>
          <Icon>
            <href>http://maps.google.com/mapfiles/kml/shapes/shaded_dot.png</href>
          </Icon>
          <scale>0.6</scale>
          <color>bf3744db</color>
        </IconStyle>
      </Style>
      <Point>
        <altitudeMode>clampToGround</altitudeMode>
        <coordinates>87.3247049688714,22.3158475496286,0</coordinates>
      </Point>
    </Placemark>
    <Placemark>
      <Snippet maxLines="0"> </Snippet>
      <description>336
UTC 21-04-2026 10:24:44.100
GpsMilliseconds 1460802302999
22.3158476,87.3247049, EA(4m)
AltWgs84 -13.4 m, EA(5m)
Hdg 88 deg, Spd 0.1 m/s
EA(47.6 deg, 2.9 m/s)</description>
      <Style>
        <IconStyle>
          <Icon>
            <href>http://maps.google.com/mapfiles/kml/shapes/shaded_dot.png</href>
          </Icon>
          <scale>0.6</scale>
          <color>bf3744db</color>
        </IconStyle>
      </Style>
      <Point>
        <altitudeMode>clampToGround</altitudeMode>
        <coordinates>87.3247048761994,22.3158475765578,0</coordinates>
      </Point>
    </Placemark>
    <Placemark>
      <Snippet maxLines="0"> </Snippet>
      <description>337
UTC 21-04-2026 10:24:45.100
GpsMilliseconds 1460802303999
22.3158469,87.3247001, EA(4m)
AltWgs84 -13.6 m, EA(5m)
Hdg 163 deg, Spd 0.1 m/s
EA(46.3 deg, 2.9 m/s)</description>
      <Style>
        <IconStyle>
          <Icon>
            <href>http://maps.google.com/mapfiles/kml/shapes/shaded_dot.png</href>
          </Icon>
          <scale>0.6</scale>
          <color>bf3744db</color>
        </IconStyle>
      </Style>
      <Point>
        <altitudeMode>clampToGround</altitudeMode>
        <coordinates>87.3247001110259,22.3158468511408,0</coordinates>
      </Point>
    </Placemark>
    <Placemark>
      <Snippet maxLines="0"> </Snippet>
      <description>338
UTC 21-04-2026 10:24:46.100
GpsMilliseconds 1460802304999
22.3158478,87.3246949, EA(4m)
AltWgs84 -13.6 m, EA(5m)
Hdg 186 deg, Spd 0.4 m/s
EA(46.3 deg, 2.9 m/s)</description>
      <Style>
        <IconStyle>
          <Icon>
            <href>http://maps.google.com/mapfiles/kml/shapes/shaded_dot.png</href>
          </Icon>
          <scale>0.6</scale>
          <color>bf3744db</color>
        </IconStyle>
      </Style>
      <Point>
        <altitudeMode>clampToGround</altitudeMode>
        <coordinates>87.3246948908297,22.3158478288017,0</coordinates>
      </Point>
    </Placemark>
    <Placemark>
      <Snippet maxLines="0"> </Snippet>
      <description>339
UTC 21-04-2026 10:24:47.100
GpsMilliseconds 1460802305999
22.3158523,87.3246943, EA(4m)
AltWgs84 -12.3 m, EA(5m)
Hdg 132 deg, Spd 0.1 m/s
EA(46.3 deg, 2.9 m/s)</description>
      <Style>
        <IconStyle>
          <Icon>
            <href>http://maps.google.com/mapfiles/kml/shapes/shaded_dot.png</href>
          </Icon>
          <scale>0.6</scale>
          <color>bf3744db</color>
        </IconStyle>
      </Style>
      <Point>
        <altitudeMode>clampToGround</altitudeMode>
        <coordinates>87.3246942661226,22.3158523282704,0</coordinates>
      </Point>
    </Placemark>
    <Placemark>
      <Snippet maxLines="0"> </Snippet>
      <description>340
UTC 21-04-2026 10:24:48.100
GpsMilliseconds 1460802306999
22.3158533,87.3246902, EA(4m)
AltWgs84 -11.6 m, EA(5m)
Hdg 184 deg, Spd 0.2 m/s
EA(46.3 deg, 2.9 m/s)</description>
      <Style>
        <IconStyle>
          <Icon>
            <href>http://maps.google.com/mapfiles/kml/shapes/shaded_dot.png</href>
          </Icon>
          <scale>0.6</scale>
          <color>bf3744db</color>
        </IconStyle>
      </Style>
      <Point>
        <altitudeMode>clampToGround</altitudeMode>
        <coordinates>87.324690203129,22.315853304451,0</coordinates>
      </Point>
    </Placemark>
    <Placemark>
      <Snippet maxLines="0"> </Snippet>
      <description>341
UTC 21-04-2026 10:24:49.100
GpsMilliseconds 1460802307999
22.3158517,87.3246889, EA(4m)
AltWgs84 -12.0 m, EA(5m)
Hdg 253 deg, Spd 0.0 m/s
EA(46.3 deg, 2.9 m/s)</description>
      <Style>
        <IconStyle>
          <Icon>
            <href>http://maps.google.com/mapfiles/kml/shapes/shaded_dot.png</href>
          </Icon>
          <scale>0.6</scale>
          <color>bf3744db</color>
        </IconStyle>
      </Style>
      <Point>
        <altitudeMode>clampToGround</altitudeMode>
        <coordinates>87.3246889212513,22.315851674085,0</coordinates>
      </Point>
    </Placemark>
    <Placemark>
      <Snippet maxLines="0"> </Snippet>
      <description>342
UTC 21-04-2026 10:24:50.100
GpsMilliseconds 1460802308999
22.3158508,87.3246895, EA(4m)
AltWgs84 -12.3 m, EA(5m)
Hdg 236 deg, Spd 0.0 m/s
EA(46.3 deg, 2.9 m/s)</description>
      <Style>
        <IconStyle>
          <Icon>
            <href>http://maps.google.com/mapfiles/kml/shapes/shaded_dot.png</href>
          </Icon>
          <scale>0.6</scale>
          <color>bf3744db</color>
        </IconStyle>
      </Style>
      <Point>
        <altitudeMode>clampToGround</altitudeMode>
        <coordinates>87.3246895299853,22.315850793285,0</coordinates>
      </Point>
    </Placemark>
    <Placemark>
      <Snippet maxLines="0"> </Snippet>
      <description>343
UTC 21-04-2026 10:24:51.100
GpsMilliseconds 1460802309999
22.3158474,87.3246860, EA(4m)
AltWgs84 -13.1 m, EA(5m)
Hdg 7 deg, Spd 0.4 m/s
EA(46.3 deg, 2.9 m/s)</description>
      <Style>
        <IconStyle>
          <Icon>
            <href>http://maps.google.com/mapfiles/kml/shapes/shaded_dot.png</href>
          </Icon>
          <scale>0.6</scale>
          <color>bf3744db</color>
        </IconStyle>
      </Style>
      <Point>
        <altitudeMode>clampToGround</altitudeMode>
        <coordinates>87.3246860133993,22.3158473551569,0</coordinates>
      </Point>
    </Placemark>
    <Placemark>
      <Snippet maxLines="0"> </Snippet>
      <description>344
UTC 21-04-2026 10:24:52.100
GpsMilliseconds 1460802310999
22.3158444,87.3246876, EA(4m)
AltWgs84 -12.8 m, EA(5m)
Hdg 33 deg, Spd 0.4 m/s
EA(46.3 deg, 2.9 m/s)</description>
      <Style>
        <IconStyle>
          <Icon>
            <href>http://maps.google.com/mapfiles/kml/shapes/shaded_dot.png</href>
          </Icon>
          <scale>0.6</scale>
          <color>bf3744db</color>
        </IconStyle>
      </Style>
      <Point>
        <altitudeMode>clampToGround</altitudeMode>
        <coordinates>87.3246875637537,22.3158443696787,0</coordinates>
      </Point>
    </Placemark>
    <Placemark>
      <Snippet maxLines="0"> </Snippet>
      <description>345
UTC 21-04-2026 10:24:53.100
GpsMilliseconds 1460802311999
22.3158422,87.3246860, EA(4m)
AltWgs84 -12.5 m, EA(5m)
Hdg 40 deg, Spd 0.2 m/s
EA(46.3 deg, 2.9 m/s)</description>
      <Style>
        <IconStyle>
          <Icon>
            <href>http://maps.google.com/mapfiles/kml/shapes/shaded_dot.png</href>
          </Icon>
          <scale>0.6</scale>
          <color>bf3744db</color>
        </IconStyle>
      </Style>
      <Point>
        <altitudeMode>clampToGround</altitudeMode>
        <coordinates>87.3246859817785,22.315842200862,0</coordinates>
      </Point>
    </Placemark>
    <Placemark>
      <Snippet maxLines="0"> </Snippet>
      <description>346
UTC 21-04-2026 10:24:54.100
GpsMilliseconds 1460802312999
22.3158402,87.3246876, EA(4m)
AltWgs84 -12.3 m, EA(5m)
Hdg 331 deg, Spd 0.1 m/s
EA(42.5 deg, 2.8 m/s)</description>
      <Style>
        <IconStyle>
          <Icon>
            <href>http://maps.google.com/mapfiles/kml/shapes/shaded_dot.png</href>
          </Icon>
          <scale>0.6</scale>
          <color>bf3744db</color>
        </IconStyle>
      </Style>
      <Point>
        <altitudeMode>clampToGround</altitudeMode>
        <coordinates>87.3246875780036,22.3158402096198,0</coordinates>
      </Point>
    </Placemark>
    <Placemark>
      <Snippet maxLines="0"> </Snippet>
      <description>347
UTC 21-04-2026 10:24:55.100
GpsMilliseconds 1460802313999
22.3158377,87.3246787, EA(4m)
AltWgs84 -13.7 m, EA(5m)
Hdg 60 deg, Spd 0.1 m/s
EA(46.4 deg, 3.0 m/s)</description>
      <Style>
        <IconStyle>
          <Icon>
            <href>http://maps.google.com/mapfiles/kml/shapes/shaded_dot.png</href>
          </Icon>
          <scale>0.6</scale>
          <color>bf3744db</color>
        </IconStyle>
      </Style>
      <Point>
        <altitudeMode>clampToGround</altitudeMode>
        <coordinates>87.3246787323615,22.3158376607201,0</coordinates>
      </Point>
    </Placemark>
    <Placemark>
      <Snippet maxLines="0"> </Snippet>
      <description>348
UTC 21-04-2026 10:24:56.100
GpsMilliseconds 1460802314999
22.3158374,87.3246788, EA(4m)
AltWgs84 -13.2 m, EA(5m)
Hdg 338 deg, Spd 0.0 m/s
EA(46.4 deg, 3.0 m/s)</description>
      <Style>
        <IconStyle>
          <Icon>
            <href>http://maps.google.com/mapfiles/kml/shapes/shaded_dot.png</href>
          </Icon>
          <scale>0.6</scale>
          <color>bf3744db</color>
        </IconStyle>
      </Style>
      <Point>
        <altitudeMode>clampToGround</altitudeMode>
        <coordinates>87.3246788091941,22.3158374114518,0</coordinates>
      </Point>
    </Placemark>
    <Placemark>
      <Snippet maxLines="0"> </Snippet>
      <description>349
UTC 21-04-2026 10:24:57.100
GpsMilliseconds 1460802315999
22.3158335,87.3246806, EA(4m)
AltWgs84 -14.5 m, EA(5m)
Hdg 358 deg, Spd 0.2 m/s
EA(46.4 deg, 3.0 m/s)</description>
      <Style>
        <IconStyle>
          <Icon>
            <href>http://maps.google.com/mapfiles/kml/shapes/shaded_dot.png</href>
          </Icon>
          <scale>0.6</scale>
          <color>bf3744db</color>
        </IconStyle>
      </Style>
      <Point>
        <altitudeMode>clampToGround</altitudeMode>
        <coordinates>87.3246806150318,22.3158334800415,0</coordinates>
      </Point>
    </Placemark>
    <Placemark>
      <Snippet maxLines="0"> </Snippet>
      <description>350
UTC 21-04-2026 10:24:58.100
GpsMilliseconds 1460802316999
22.3158324,87.3246835, EA(4m)
AltWgs84 -14.2 m, EA(5m)
Hdg 213 deg, Spd 0.0 m/s
EA(39.9 deg, 2.9 m/s)</description>
      <Style>
        <IconStyle>
          <Icon>
            <href>http://maps.google.com/mapfiles/kml/shapes/shaded_dot.png</href>
          </Icon>
          <scale>0.6</scale>
          <color>bf3744db</color>
        </IconStyle>
      </Style>
      <Point>
        <altitudeMode>clampToGround</altitudeMode>
        <coordinates>87.3246834931698,22.3158324076893,0</coordinates>
      </Point>
    </Placemark>
    <Placemark>
      <Snippet maxLines="0"> </Snippet>
      <description>351
UTC 21-04-2026 10:24:59.100
GpsMilliseconds 1460802317999
22.3158322,87.3246869, EA(4m)
AltWgs84 -13.9 m, EA(5m)
Hdg 223 deg, Spd 0.1 m/s
EA(39.9 deg, 2.9 m/s)</description>
      <Style>
        <IconStyle>
          <Icon>
            <href>http://maps.google.com/mapfiles/kml/shapes/shaded_dot.png</href>
          </Icon>
          <scale>0.6</scale>
          <color>bf3744db</color>
        </IconStyle>
      </Style>
      <Point>
        <altitudeMode>clampToGround</altitudeMode>
        <coordinates>87.3246869291253,22.3158321977507,0</coordinates>
      </Point>
    </Placemark>
    <Placemark>
      <Snippet maxLines="0"> </Snippet>
      <description>352
UTC 21-04-2026 10:25:00.100
GpsMilliseconds 1460802318999
22.3158335,87.3246842, EA(4m)
AltWgs84 -13.7 m, EA(5m)
Hdg 228 deg, Spd 0.2 m/s
EA(39.9 deg, 2.9 m/s)</description>
      <Style>
        <IconStyle>
          <Icon>
            <href>http://maps.google.com/mapfiles/kml/shapes/shaded_dot.png</href>
          </Icon>
          <scale>0.6</scale>
          <color>bf3744db</color>
        </IconStyle>
      </Style>
      <Point>
        <altitudeMode>clampToGround</altitudeMode>
        <coordinates>87.3246842417197,22.3158335479318,0</coordinates>
      </Point>
    </Placemark>
    <Placemark>
      <Snippet maxLines="0"> </Snippet>
      <description>353
UTC 21-04-2026 10:25:01.100
GpsMilliseconds 1460802319999
22.3158357,87.3246851, EA(4m)
AltWgs84 -13.8 m, EA(5m)
Hdg 254 deg, Spd 0.1 m/s
EA(39.9 deg, 2.9 m/s)</description>
      <Style>
        <IconStyle>
          <Icon>
            <href>http://maps.google.com/mapfiles/kml/shapes/shaded_dot.png</href>
          </Icon>
          <scale>0.6</scale>
          <color>bf3744db</color>
        </IconStyle>
      </Style>
      <Point>
        <altitudeMode>clampToGround</altitudeMode>
        <coordinates>87.3246850801588,22.3158357182389,0</coordinates>
      </Point>
    </Placemark>
    <Placemark>
      <Snippet maxLines="0"> </Snippet>
      <description>354
UTC 21-04-2026 10:25:02.100
GpsMilliseconds 1460802320999
22.3158311,87.3246865, EA(4m)
AltWgs84 -14.5 m, EA(5m)
Hdg 247 deg, Spd 0.2 m/s
EA(40.7 deg, 3.0 m/s)</description>
      <Style>
        <IconStyle>
          <Icon>
            <href>http://maps.google.com/mapfiles/kml/shapes/shaded_dot.png</href>
          </Icon>
          <scale>0.6</scale>
          <color>bf3744db</color>
        </IconStyle>
      </Style>
      <Point>
        <altitudeMode>clampToGround</altitudeMode>
        <coordinates>87.3246865498955,22.3158310696117,0</coordinates>
      </Point>
    </Placemark>
    <Placemark>
      <Snippet maxLines="0"> </Snippet>
      <description>355
UTC 21-04-2026 10:25:03.100
GpsMilliseconds 1460802321999
22.3158342,87.3246863, EA(4m)
AltWgs84 -14.0 m, EA(5m)
Hdg 260 deg, Spd 0.0 m/s
EA(40.7 deg, 3.0 m/s)</description>
      <Style>
        <IconStyle>
          <Icon>
            <href>http://maps.google.com/mapfiles/kml/shapes/shaded_dot.png</href>
          </Icon>
          <scale>0.6</scale>
          <color>bf3744db</color>
        </IconStyle>
      </Style>
      <Point>
        <altitudeMode>clampToGround</altitudeMode>
        <coordinates>87.3246863125392,22.3158341848645,0</coordinates>
      </Point>
    </Placemark>
    <Placemark>
      <Snippet maxLines="0"> </Snippet>
      <description>356
UTC 21-04-2026 10:25:04.100
GpsMilliseconds 1460802322999
22.3158398,87.3246884, EA(4m)
AltWgs84 -14.0 m, EA(5m)
Hdg 74 deg, Spd 0.3 m/s
EA(40.7 deg, 3.0 m/s)</description>
      <Style>
        <IconStyle>
          <Icon>
            <href>http://maps.google.com/mapfiles/kml/shapes/shaded_dot.png</href>
          </Icon>
          <scale>0.6</scale>
          <color>bf3744db</color>
        </IconStyle>
      </Style>
      <Point>
        <altitudeMode>clampToGround</altitudeMode>
        <coordinates>87.324688424151,22.3158397990549,0</coordinates>
      </Point>
    </Placemark>
    <Placemark>
      <Snippet maxLines="0"> </Snippet>
      <description>357
UTC 21-04-2026 10:25:05.100
GpsMilliseconds 1460802323999
22.3158372,87.3246892, EA(4m)
AltWgs84 -13.7 m, EA(5m)
Hdg 89 deg, Spd 0.1 m/s
EA(40.7 deg, 3.0 m/s)</description>
      <Style>
        <IconStyle>
          <Icon>
            <href>http://maps.google.com/mapfiles/kml/shapes/shaded_dot.png</href>
          </Icon>
          <scale>0.6</scale>
          <color>bf3744db</color>
        </IconStyle>
      </Style>
      <Point>
        <altitudeMode>clampToGround</altitudeMode>
        <coordinates>87.3246891714753,22.3158372368283,0</coordinates>
      </Point>
    </Placemark>
    <Placemark>
      <Snippet maxLines="0"> </Snippet>
      <description>358
UTC 21-04-2026 10:25:06.100
GpsMilliseconds 1460802324999
22.3158394,87.3246967, EA(4m)
AltWgs84 -13.3 m, EA(5m)
Hdg 241 deg, Spd 0.2 m/s
EA(40.7 deg, 3.0 m/s)</description>
      <Style>
        <IconStyle>
          <Icon>
            <href>http://maps.google.com/mapfiles/kml/shapes/shaded_dot.png</href>
          </Icon>
          <scale>0.6</scale>
          <color>bf3744db</color>
        </IconStyle>
      </Style>
      <Point>
        <altitudeMode>clampToGround</altitudeMode>
        <coordinates>87.3246967188171,22.3158393587203,0</coordinates>
      </Point>
    </Placemark>
    <Placemark>
      <Snippet maxLines="0"> </Snippet>
      <description>359
UTC 21-04-2026 10:25:07.100
GpsMilliseconds 1460802325999
22.3158374,87.3246981, EA(4m)
AltWgs84 -13.6 m, EA(5m)
Hdg 263 deg, Spd 0.1 m/s
EA(40.7 deg, 3.0 m/s)</description>
      <Style>
        <IconStyle>
          <Icon>
            <href>http://maps.google.com/mapfiles/kml/shapes/shaded_dot.png</href>
          </Icon>
          <scale>0.6</scale>
          <color>bf3744db</color>
        </IconStyle>
      </Style>
      <Point>
        <altitudeMode>clampToGround</altitudeMode>
        <coordinates>87.3246981322,22.3158373627974,0</coordinates>
      </Point>
    </Placemark>
    <Placemark>
      <Snippet maxLines="0"> </Snippet>
      <description>360
UTC 21-04-2026 10:25:08.100
GpsMilliseconds 1460802326999
22.3158372,87.3246973, EA(4m)
AltWgs84 -14.0 m, EA(5m)
Hdg 229 deg, Spd 0.0 m/s
EA(40.7 deg, 3.0 m/s)</description>
      <Style>
        <IconStyle>
          <Icon>
            <href>http://maps.google.com/mapfiles/kml/shapes/shaded_dot.png</href>
          </Icon>
          <scale>0.6</scale>
          <color>bf3744db</color>
        </IconStyle>
      </Style>
      <Point>
        <altitudeMode>clampToGround</altitudeMode>
        <coordinates>87.3246973143229,22.3158371533685,0</coordinates>
      </Point>
    </Placemark>
    <Placemark>
      <Snippet maxLines="0"> </Snippet>
      <description>361
UTC 21-04-2026 10:25:09.100
GpsMilliseconds 1460802327999
22.3158389,87.3246946, EA(4m)
AltWgs84 -14.1 m, EA(5m)
Hdg 273 deg, Spd 0.1 m/s
EA(40.7 deg, 3.0 m/s)</description>
      <Style>
        <IconStyle>
          <Icon>
            <href>http://maps.google.com/mapfiles/kml/shapes/shaded_dot.png</href>
          </Icon>
          <scale>0.6</scale>
          <color>bf3744db</color>
        </IconStyle>
      </Style>
      <Point>
        <altitudeMode>clampToGround</altitudeMode>
        <coordinates>87.324694580511,22.3158388840458,0</coordinates>
      </Point>
    </Placemark>
    <Placemark>
      <Snippet maxLines="0"> </Snippet>
      <description>362
UTC 21-04-2026 10:25:10.100
GpsMilliseconds 1460802328999
22.3158395,87.3246988, EA(4m)
AltWgs84 -13.7 m, EA(5m)
Hdg 226 deg, Spd 0.1 m/s
EA(40.7 deg, 3.0 m/s)</description>
      <Style>
        <IconStyle>
          <Icon>
            <href>http://maps.google.com/mapfiles/kml/shapes/shaded_dot.png</href>
          </Icon>
          <scale>0.6</scale>
          <color>bf3744db</color>
        </IconStyle>
      </Style>
      <Point>
        <altitudeMode>clampToGround</altitudeMode>
        <coordinates>87.3246987768047,22.3158394546285,0</coordinates>
      </Point>
    </Placemark>
    <Placemark>
      <Snippet maxLines="0"> </Snippet>
      <description>363
UTC 21-04-2026 10:25:11.100
GpsMilliseconds 1460802329999
22.3158340,87.3246825, EA(4m)
AltWgs84 -15.8 m, EA(5m)
Hdg 50 deg, Spd 0.2 m/s
EA(40.7 deg, 3.0 m/s)</description>
      <Style>
        <IconStyle>
          <Icon>
            <href>http://maps.google.com/mapfiles/kml/shapes/shaded_dot.png</href>
          </Icon>
          <scale>0.6</scale>
          <color>bf3744db</color>
        </IconStyle>
      </Style>
      <Point>
        <altitudeMode>clampToGround</altitudeMode>
        <coordinates>87.32468252189,22.315833971552,0</coordinates>
      </Point>
    </Placemark>
    <Placemark>
      <Snippet maxLines="0"> </Snippet>
      <description>364
UTC 21-04-2026 10:25:12.100
GpsMilliseconds 1460802330999
22.3158498,87.3247017, EA(4m)
AltWgs84 -10.1 m, EA(5m)
Hdg 130 deg, Spd 0.1 m/s
EA(40.7 deg, 3.0 m/s)</description>
      <Style>
        <IconStyle>
          <Icon>
            <href>http://maps.google.com/mapfiles/kml/shapes/shaded_dot.png</href>
          </Icon>
          <scale>0.6</scale>
          <color>bf3744db</color>
        </IconStyle>
      </Style>
      <Point>
        <altitudeMode>clampToGround</altitudeMode>
        <coordinates>87.3247017208261,22.3158498475203,0</coordinates>
      </Point>
    </Placemark>
    <Placemark>
      <Snippet maxLines="0"> </Snippet>
      <description>365
UTC 21-04-2026 10:25:13.100
GpsMilliseconds 1460802331999
22.3158370,87.3247072, EA(4m)
AltWgs84 -12.3 m, EA(5m)
Hdg 281 deg, Spd 0.2 m/s
EA(43.9 deg, 2.8 m/s)</description>
      <Style>
        <IconStyle>
          <Icon>
            <href>http://maps.google.com/mapfiles/kml/shapes/shaded_dot.png</href>
          </Icon>
          <scale>0.6</scale>
          <color>bf3744db</color>
        </IconStyle>
      </Style>
      <Point>
        <altitudeMode>clampToGround</altitudeMode>
        <coordinates>87.3247072205808,22.3158370396513,0</coordinates>
      </Point>
    </Placemark>
    <Placemark>
      <Snippet maxLines="0"> </Snippet>
      <description>366
UTC 21-04-2026 10:25:14.100
GpsMilliseconds 1460802332999
22.3158458,87.3247075, EA(4m)
AltWgs84 -13.5 m, EA(5m)
Hdg 330 deg, Spd 0.3 m/s
EA(43.9 deg, 2.8 m/s)</description>
      <Style>
        <IconStyle>
          <Icon>
            <href>http://maps.google.com/mapfiles/kml/shapes/shaded_dot.png</href>
          </Icon>
          <scale>0.6</scale>
          <color>bf3744db</color>
        </IconStyle>
      </Style>
      <Point>
        <altitudeMode>clampToGround</altitudeMode>
        <coordinates>87.3247074870103,22.3158457725962,0</coordinates>
      </Point>
    </Placemark>
    <Placemark>
      <Snippet maxLines="0"> </Snippet>
      <description>367
UTC 21-04-2026 10:25:15.100
GpsMilliseconds 1460802333999
22.3158440,87.3247058, EA(4m)
AltWgs84 -13.2 m, EA(5m)
Hdg 49 deg, Spd 0.2 m/s
EA(43.9 deg, 2.8 m/s)</description>
      <Style>
        <IconStyle>
          <Icon>
            <href>http://maps.google.com/mapfiles/kml/shapes/shaded_dot.png</href>
          </Icon>
          <scale>0.6</scale>
          <color>bf3744db</color>
        </IconStyle>
      </Style>
      <Point>
        <altitudeMode>clampToGround</altitudeMode>
        <coordinates>87.3247057622439,22.3158440445476,0</coordinates>
      </Point>
    </Placemark>
    <Placemark>
      <Snippet maxLines="0"> </Snippet>
      <description>368
UTC 21-04-2026 10:25:16.100
GpsMilliseconds 1460802334999
22.3158508,87.3247031, EA(4m)
AltWgs84 -12.6 m, EA(5m)
Hdg 345 deg, Spd 0.1 m/s
EA(43.9 deg, 2.8 m/s)</description>
      <Style>
        <IconStyle>
          <Icon>
            <href>http://maps.google.com/mapfiles/kml/shapes/shaded_dot.png</href>
          </Icon>
          <scale>0.6</scale>
          <color>bf3744db</color>
        </IconStyle>
      </Style>
      <Point>
        <altitudeMode>clampToGround</altitudeMode>
        <coordinates>87.3247031123571,22.315850798014,0</coordinates>
      </Point>
    </Placemark>
    <Placemark>
      <Snippet maxLines="0"> </Snippet>
      <description>369
UTC 21-04-2026 10:25:17.100
GpsMilliseconds 1460802335999
22.3158448,87.3247112, EA(4m)
AltWgs84 -13.9 m, EA(5m)
Hdg 79 deg, Spd 0.3 m/s
EA(43.9 deg, 2.8 m/s)</description>
      <Style>
        <IconStyle>
          <Icon>
            <href>http://maps.google.com/mapfiles/kml/shapes/shaded_dot.png</href>
          </Icon>
          <scale>0.6</scale>
          <color>bf3744db</color>
        </IconStyle>
      </Style>
      <Point>
        <altitudeMode>clampToGround</altitudeMode>
        <coordinates>87.3247112271471,22.3158447946052,0</coordinates>
      </Point>
    </Placemark>
    <Placemark>
      <Snippet maxLines="0"> </Snippet>
      <description>370
UTC 21-04-2026 10:25:18.100
GpsMilliseconds 1460802336999
22.3158584,87.3247144, EA(5m)
AltWgs84 -13.4 m, EA(5m)
Hdg 43 deg, Spd 0.4 m/s
EA(44.8 deg, 2.9 m/s)</description>
      <Style>
        <IconStyle>
          <Icon>
            <href>http://maps.google.com/mapfiles/kml/shapes/shaded_dot.png</href>
          </Icon>
          <scale>0.6</scale>
          <color>bf3744db</color>
        </IconStyle>
      </Style>
      <Point>
        <altitudeMode>clampToGround</altitudeMode>
        <coordinates>87.3247143518987,22.3158583622469,0</coordinates>
      </Point>
    </Placemark>
    <Placemark>
      <Snippet maxLines="0"> </Snippet>
      <description>371
UTC 21-04-2026 10:25:19.100
GpsMilliseconds 1460802337999
22.3158519,87.3247193, EA(4m)
AltWgs84 -12.0 m, EA(5m)
Hdg 247 deg, Spd 0.2 m/s
EA(44.8 deg, 2.9 m/s)</description>
      <Style>
        <IconStyle>
          <Icon>
            <href>http://maps.google.com/mapfiles/kml/shapes/shaded_dot.png</href>
          </Icon>
          <scale>0.6</scale>
          <color>bf3744db</color>
        </IconStyle>
      </Style>
      <Point>
        <altitudeMode>clampToGround</altitudeMode>
        <coordinates>87.3247192901018,22.3158518834243,0</coordinates>
      </Point>
    </Placemark>
   </Document>
</kml>