<?xml version="1.0" encoding="utf-8"?>
<kml xmlns="http://www.opengis.net/kml/2.2">
  <Document>
    <name>cleaned_gnss_log_2026_04_21_15_49_10_Adr.kml</name>
    <Placemark>
      <Snippet maxLines="0"> </Snippet>
      <description> </description>
      <name>Line 1</name>
      <Style>
        <LineStyle>
          <color>80ffffff</color>
        </LineStyle>
      </Style>
      <LineString>
        <altitudeMode>clampToGround</altitudeMode>
        <coordinates> 87.3246916666105,22.3158462824311,0 87.3247015033807,22.3158556735555,0 87.3247014922661,22.3158556626593,0 87.3247015048361,22.3158557072599,0 87.3247016769817,22.3158556973947,0 87.3247014030638,22.3158552285414,0 87.3246949696826,22.315852511353,0 87.3246949424365,22.3158526572614,0 87.3246946216884,22.3158525231626,0 87.3246947612451,22.3158526114209,0 87.3246947127796,22.3158526228684,0 87.3246947603115,22.3158526260458,0 87.324694801742,22.3158525899754,0 87.3246948024312,22.3158525952505,0 87.3246948239937,22.3158526313157,0 87.3246948245302,22.315852697898,0 87.3246948595499,22.3158526992842,0 87.3246948713641,22.3158527441642,0 87.3246949408812,22.3158527034492,0 87.3246949092763,22.3158527559353,0 87.3246949329786,22.3158527477446,0 87.324694969654,22.3158527419526,0 87.3246949838333,22.3158527549906,0 87.3246950139079,22.315852721041,0 87.3246950322385,22.3158527671439,0 87.3246950753003,22.3158528568532,0 87.3246950618837,22.3158528681297,0 87.3246951273919,22.3158528704461,0 87.3246951439178,22.3158529606866,0 87.32469517218,22.3158529821937,0 87.3246978513395,22.3158536093801,0 87.3246979094192,22.315853612508,0 87.3246979205345,22.3158536406676,0 87.3246979410042,22.3158536100846,0 87.3246979667236,22.3158535890794,0 87.3246980135443,22.315853560111,0 87.3246980242077,22.3158535160139,0 87.3246980436704,22.3158535476774,0 87.3246980694688,22.3158536774512,0 87.3246981033611,22.315853729894,0 87.3246981500707,22.3158538641948,0 87.3246978833785,22.3158537685563,0 87.3246978933165,22.3158537157085,0 87.3246959896941,22.315845167652,0 87.3246960505551,22.315845143478,0 87.3246960700021,22.3158450819756,0 87.3246960350436,22.3158451183366,0 87.3246961058974,22.3158449919095,0 87.3246961053179,22.3158450389508,0 87.3246961439664,22.3158450270482,0 87.3246963358599,22.3158450624591,0 87.3246965001444,22.3158450486653,0 87.324696487222,22.3158450915045,0 87.3246965558365,22.3158450939591,0 87.3246962593638,22.3158451171397,0 87.3246845494625,22.3158271983868,0 87.3246845541724,22.3158272319752,0 87.3246845682146,22.3158272258117,0 87.3246845381051,22.3158272676802,0 87.3246845792035,22.3158272699082,0 87.3246845857411,22.3158272724094,0 87.3246846061977,22.3158271630156,0 87.324684658785,22.3158271457516,0 87.3246847010317,22.315827106098,0 87.324667461875,22.315839925246,0 87.3246674539712,22.3158403458536,0 87.324667494804,22.3158403298294,0 87.3246675284727,22.3158403298573,0 87.3246675335102,22.3158403291623,0 87.3246675541084,22.3158403620251,0 87.3246675962549,22.3158403445017,0 87.3246676137756,22.3158403130637,0 87.3246676183745,22.3158403413612,0 87.3246676321112,22.3158403620949,0 87.3246859573874,22.3158299871119,0 87.3246861705641,22.3158300270445,0 87.3246862000732,22.3158300006147,0 87.3246862161388,22.315830054146,0 87.3246862271337,22.315830037958,0 87.3246862893944,22.3158300607951,0 87.3246862962535,22.3158300700557,0 87.3246863061702,22.3158301016969,0 87.3246863600798,22.315830128613,0 87.324686375498,22.3158301533968,0 87.3246864148011,22.3158301366729,0 87.3246864659261,22.3158301926647,0 87.3246864961343,22.3158301657716,0 87.3246864737451,22.3158301847481,0 87.324686517836,22.3158302262744,0 87.3246865502611,22.315830198933,0 87.3246866151675,22.3158302606521,0 87.3246866338259,22.3158302628545,0 87.3246749163071,22.3158328234318,0 87.3246749490811,22.3158328235352,0 87.3246749863902,22.3158328052894,0 87.3246750261158,22.3158328029701,0 87.324675042292,22.3158327926281,0 87.3246750990265,22.3158328416891,0 87.3246750504881,22.3158327848416,0 87.3246751241326,22.3158328245986,0 87.3246750920401,22.315832912557,0 87.3246744559812,22.3158331894489,0 87.3246738895408,22.3158334004827,0 87.3246672901833,22.3158492896885,0 87.324667303106,22.3158492314103,0 87.3246673046832,22.3158492881848,0 87.3246673353697,22.3158492665257,0 87.3246673426873,22.3158492998145,0 87.3246674027701,22.315849306156,0 87.324667407309,22.3158492745592,0 87.3246674076846,22.3158492171762,0 87.3246674454661,22.3158491352283,0 87.3246674662318,22.315849132844,0 87.3246674742213,22.3158491288724,0 87.3246674951189,22.3158490774867,0 87.3246675519548,22.3158491137065,0 87.324667546598,22.3158491227967,0 87.3246675644376,22.3158491386391,0 87.3246675747123,22.3158491489007,0 87.324667621532,22.3158491230372,0 87.3246676641844,22.3158490937633,0 87.3246676371428,22.3158490966143,0 87.324667681434,22.3158490519136,0 87.3246677263608,22.3158490908618,0 87.3246676947422,22.3158490608213,0 87.3246828299453,22.3158396042851,0 87.3246828616083,22.3158396444426,0 87.3246828833121,22.3158396237316,0 87.3246829145817,22.3158395846832,0 87.3246829375182,22.3158395820739,0 87.3246829582287,22.3158395790705,0 87.3246829695079,22.3158395765821,0 87.3246830057406,22.3158394996872,0 87.3246830153288,22.3158395133768,0 87.3246830437234,22.3158394949943,0 87.3246830569492,22.3158395140135,0 87.3246831021004,22.3158394694871,0 87.3246831195858,22.3158394403764,0 87.3246831804668,22.3158394201429,0 87.3246833751822,22.3158388489531,0 87.3246833642502,22.3158388339263,0 87.3246833737667,22.3158388248381,0 87.3246834017427,22.3158388119516,0 87.3246834583357,22.3158388311108,0 87.3246834825406,22.3158388144278,0 87.3246834873371,22.3158387607006,0 87.3246835136358,22.3158387859853,0 87.3246835253181,22.3158387594975,0 87.3246835657057,22.315838743014,0 87.3246836123657,22.3158387187074,0 87.3246836454841,22.3158386986964,0 87.3246836831157,22.3158386602045,0 87.3246837296858,22.3158386218247,0 87.3246837374625,22.3158385922449,0 87.3246837674522,22.3158386150413,0 87.3246998254187,22.3158383083847,0 87.3246998455936,22.3158382637753,0 87.3246998795728,22.3158382421226,0 87.3246998879838,22.3158382468701,0 87.3246993190873,22.3158393101816,0 87.3246988070374,22.3158399257169,0 87.3246988077594,22.3158399131857,0 87.3246988446491,22.3158398848049,0 87.3246988520399,22.3158399024711,0 87.3246988679158,22.3158398787239,0 87.3246989015874,22.31583982837,0 87.3246989399193,22.3158398104273,0 87.3246989406031,22.3158398198382,0 87.3246989481363,22.3158397739596,0 87.3246989637729,22.3158397294516,0 87.3246990102996,22.3158396878885,0 87.3246990133227,22.3158396901241,0 87.3246990517379,22.3158396594666,0 87.3246990639707,22.3158396629373,0 87.3246915171946,22.315839530213,0 87.3246915179153,22.3158395770378,0 87.3246916423991,22.315840166657,0 87.3246916909612,22.3158401150439,0 87.3246916877717,22.3158401537755,0 87.324693318697,22.3158290522272,0 87.3246933974463,22.3158290597224,0 87.3246934041817,22.3158290768503,0 87.32469340307,22.3158289868526,0 87.3246934155085,22.3158290312891,0 87.3246934195773,22.3158289677702,0 87.3246934381569,22.3158289633561,0 87.3246935852649,22.3158291577449,0 87.3246936214089,22.3158291433046,0 87.3246936818169,22.3158291903332,0 87.3246937150214,22.3158291387857,0 87.3246937187707,22.3158291621174,0 87.3246937480015,22.315829147728,0 87.3246937560738,22.3158291933476,0 87.3246919711826,22.3158314516966,0 87.3246919979065,22.315831413007,0 87.3246904869188,22.3158313944412,0 87.3246905175407,22.3158313816417,0 87.3246905412423,22.3158313785935,0 87.3246905531537,22.3158313772868,0 87.3246905361401,22.315831374311,0 87.3246905947087,22.3158313094497,0 87.324690646999,22.3158312858807,0 87.3246906424082,22.3158313174068,0 87.324690647871,22.3158313240963,0 87.3246906600178,22.315831276529,0 87.3246906783345,22.3158312376933,0 87.3246906609163,22.3158312248509,0 87.3246907055968,22.3158311831668,0 87.3246906690827,22.3158311825698,0 87.3246906972949,22.3158312346735,0 87.3246906144719,22.31583116026,0 87.3246906314344,22.3158311441884,0 87.3246907471361,22.3158311737388,0 87.3246909722125,22.315831240335,0 87.3246909571397,22.3158312874537,0 87.3246909750161,22.3158312681904,0 87.3246909514289,22.3158313031113,0 87.3246909830647,22.3158312731795,0 87.3246910436638,22.3158308676721,0 87.3247000195265,22.3158310005762,0 87.3247000410002,22.3158309808865,0 87.3247000827416,22.3158309499274,0 87.324699873457,22.3158308729837,0 87.3246999016294,22.3158308669327,0 87.3247037633183,22.3158381452249,0 87.3247037989789,22.3158381303137,0 87.3247037522398,22.3158381088528,0 87.3247038238753,22.3158380703889,0 87.3246963978993,22.3158387953759,0 87.3246964236562,22.3158387417325,0 87.3246966581391,22.3158380109283,0 87.3246967249481,22.315838051538,0 87.3246967717998,22.3158380710558,0 87.3246968141832,22.3158380146425,0 87.324696869218,22.315838062462,0 87.3246967371853,22.3158380674211,0 87.3246967431536,22.3158380562047,0 87.3246967780823,22.3158380126454,0 87.3246968150893,22.3158380458607,0 87.3246970414684,22.3158518635644,0 87.3246970245108,22.315851827646,0 87.3246970267612,22.3158518614794,0 87.3246970248767,22.3158518661305,0 87.3246956636402,22.3158579095169,0 87.3246956924681,22.3158579193813,0 87.3246957349234,22.3158579074522,0 87.3246957643779,22.3158579156756,0 87.3246957963111,22.3158579389402,0 87.3246958310159,22.3158579683565,0 87.3246958778095,22.3158580069275,0 87.3246959006256,22.3158580090858,0 87.3246843354177,22.3158454407398,0 87.3246844695597,22.3158454714572,0 87.3246845087184,22.3158454638887,0 87.3246845353951,22.3158455093151,0 87.3246845657131,22.3158454810664,0 87.3246845876345,22.3158455130894,0 87.3246846213033,22.315845521856,0 87.3246844974054,22.3158461333159,0 87.3246845289233,22.3158460329686,0 87.3246845915021,22.3158460537809,0 87.3246846771658,22.3158461084469,0 87.3246846244436,22.3158461435169,0 87.3246846867364,22.3158460675174,0 87.3246846841912,22.3158460709809,0 87.3246846703476,22.3158460117388,0 87.3246846405626,22.3158459723331,0 87.324684637241,22.3158459544856,0 87.3246837177149,22.3158388920251,0 87.3246983638935,22.3158396747635,0 87.3246983841342,22.3158396544542,0 87.3246984128746,22.3158396160148,0 87.3246985655905,22.3158397245017,0 87.3246985529874,22.3158397204094,0 87.3246985724194,22.3158397091718,0 87.3246985154426,22.3158397238012,0 87.3246985079361,22.3158396639508,0 87.3246984978808,22.3158398241981,0 87.3246905189488,22.3158505923582,0 87.3246904977051,22.3158506048631,0 87.3246905666911,22.3158505664489,0 87.3246906118176,22.3158505170045,0 87.3246906637625,22.3158505747249,0 87.3246907057597,22.3158505475309,0 87.3246830961492,22.3158389186833,0 87.3246831964723,22.3158389187057,0 87.3246933369716,22.3158378764871,0 87.3246933771257,22.3158378893844,0 87.3246934100317,22.3158378874831,0 87.3246932875018,22.3158378463227,0 87.3246933424315,22.3158378396909,0 87.3246933603981,22.3158378303694,0 87.3246933906266,22.3158378377767,0 87.3246933907887,22.3158378348586,0 87.3246933846444,22.3158375764105,0 87.3246933131184,22.3158377390552,0 87.3246933430703,22.3158377511892,0 87.3246933480055,22.3158377646574,0 87.3246933895051,22.3158377954087,0 87.3246933790289,22.315837737351,0 87.3246932841255,22.3158381463088,0 87.3246933025064,22.3158378773484,0 87.3246932573641,22.3158377516743,0 87.3246933325264,22.3158378145973,0</coordinates>
      </LineString>
    </Placemark>
    <Placemark>
      <Snippet maxLines="0"> </Snippet>
      <description>1
UTC 21-04-2026 10:19:14.00
GpsMilliseconds 1460801972000
22.3158463,87.3246917, EA(3m)
AltWgs84 -11.9 m, EA(4m)
Hdg NaN deg, Spd NaN m/s
EA(NaN deg, NaN m/s)</description>
      <Style>
        <IconStyle>
          <Icon>
            <href>http://maps.google.com/mapfiles/kml/shapes/shaded_dot.png</href>
          </Icon>
          <scale>0.6</scale>
          <color>bff48542</color>
        </IconStyle>
      </Style>
      <Point>
        <altitudeMode>clampToGround</altitudeMode>
        <coordinates>87.3246916666105,22.3158462824311,0</coordinates>
      </Point>
    </Placemark>
    <Placemark>
      <Snippet maxLines="0"> </Snippet>
      <description>2
UTC 21-04-2026 10:19:17.00
GpsMilliseconds 1460801975000
22.3158557,87.3247015, EA(1m)
AltWgs84 -13.2 m, EA(2m)
Hdg NaN deg, Spd NaN m/s
EA(NaN deg, NaN m/s)</description>
      <Style>
        <IconStyle>
          <Icon>
            <href>http://maps.google.com/mapfiles/kml/shapes/shaded_dot.png</href>
          </Icon>
          <scale>0.6</scale>
          <color>bff48542</color>
        </IconStyle>
      </Style>
      <Point>
        <altitudeMode>clampToGround</altitudeMode>
        <coordinates>87.3247015033807,22.3158556735555,0</coordinates>
      </Point>
    </Placemark>
    <Placemark>
      <Snippet maxLines="0"> </Snippet>
      <description>3
UTC 21-04-2026 10:19:18.00
GpsMilliseconds 1460801976000
22.3158557,87.3247015, EA(1m)
AltWgs84 -13.2 m, EA(2m)
Hdg 224 deg, Spd 0.0 m/s
EA(NaN deg, NaN m/s)</description>
      <Style>
        <IconStyle>
          <Icon>
            <href>http://maps.google.com/mapfiles/kml/shapes/shaded_dot.png</href>
          </Icon>
          <scale>0.6</scale>
          <color>bff48542</color>
        </IconStyle>
      </Style>
      <Point>
        <altitudeMode>clampToGround</altitudeMode>
        <coordinates>87.3247014922661,22.3158556626593,0</coordinates>
      </Point>
    </Placemark>
    <Placemark>
      <Snippet maxLines="0"> </Snippet>
      <description>4
UTC 21-04-2026 10:19:19.00
GpsMilliseconds 1460801977000
22.3158557,87.3247015, EA(1m)
AltWgs84 -13.2 m, EA(2m)
Hdg 15 deg, Spd 0.0 m/s
EA(NaN deg, NaN m/s)</description>
      <Style>
        <IconStyle>
          <Icon>
            <href>http://maps.google.com/mapfiles/kml/shapes/shaded_dot.png</href>
          </Icon>
          <scale>0.6</scale>
          <color>bff48542</color>
        </IconStyle>
      </Style>
      <Point>
        <altitudeMode>clampToGround</altitudeMode>
        <coordinates>87.3247015048361,22.3158557072599,0</coordinates>
      </Point>
    </Placemark>
    <Placemark>
      <Snippet maxLines="0"> </Snippet>
      <description>5
UTC 21-04-2026 10:19:20.00
GpsMilliseconds 1460801978000
22.3158557,87.3247017, EA(1m)
AltWgs84 -13.2 m, EA(2m)
Hdg 94 deg, Spd 0.0 m/s
EA(NaN deg, NaN m/s)</description>
      <Style>
        <IconStyle>
          <Icon>
            <href>http://maps.google.com/mapfiles/kml/shapes/shaded_dot.png</href>
          </Icon>
          <scale>0.6</scale>
          <color>bff48542</color>
        </IconStyle>
      </Style>
      <Point>
        <altitudeMode>clampToGround</altitudeMode>
        <coordinates>87.3247016769817,22.3158556973947,0</coordinates>
      </Point>
    </Placemark>
    <Placemark>
      <Snippet maxLines="0"> </Snippet>
      <description>6
UTC 21-04-2026 10:19:21.00
GpsMilliseconds 1460801979000
22.3158552,87.3247014, EA(1m)
AltWgs84 -13.1 m, EA(2m)
Hdg 209 deg, Spd 0.1 m/s
EA(NaN deg, NaN m/s)</description>
      <Style>
        <IconStyle>
          <Icon>
            <href>http://maps.google.com/mapfiles/kml/shapes/shaded_dot.png</href>
          </Icon>
          <scale>0.6</scale>
          <color>bff48542</color>
        </IconStyle>
      </Style>
      <Point>
        <altitudeMode>clampToGround</altitudeMode>
        <coordinates>87.3247014030638,22.3158552285414,0</coordinates>
      </Point>
    </Placemark>
    <Placemark>
      <Snippet maxLines="0"> </Snippet>
      <description>7
UTC 21-04-2026 10:19:24.00
GpsMilliseconds 1460801982000
22.3158525,87.3246950, EA(1m)
AltWgs84 -13.7 m, EA(1m)
Hdg NaN deg, Spd NaN m/s
EA(NaN deg, NaN m/s)</description>
      <Style>
        <IconStyle>
          <Icon>
            <href>http://maps.google.com/mapfiles/kml/shapes/shaded_dot.png</href>
          </Icon>
          <scale>0.6</scale>
          <color>bff48542</color>
        </IconStyle>
      </Style>
      <Point>
        <altitudeMode>clampToGround</altitudeMode>
        <coordinates>87.3246949696826,22.315852511353,0</coordinates>
      </Point>
    </Placemark>
    <Placemark>
      <Snippet maxLines="0"> </Snippet>
      <description>8
UTC 21-04-2026 10:19:25.00
GpsMilliseconds 1460801983000
22.3158527,87.3246949, EA(1m)
AltWgs84 -13.8 m, EA(1m)
Hdg 350 deg, Spd 0.0 m/s
EA(NaN deg, NaN m/s)</description>
      <Style>
        <IconStyle>
          <Icon>
            <href>http://maps.google.com/mapfiles/kml/shapes/shaded_dot.png</href>
          </Icon>
          <scale>0.6</scale>
          <color>bff48542</color>
        </IconStyle>
      </Style>
      <Point>
        <altitudeMode>clampToGround</altitudeMode>
        <coordinates>87.3246949424365,22.3158526572614,0</coordinates>
      </Point>
    </Placemark>
    <Placemark>
      <Snippet maxLines="0"> </Snippet>
      <description>9
UTC 21-04-2026 10:19:26.00
GpsMilliseconds 1460801984000
22.3158525,87.3246946, EA(1m)
AltWgs84 -13.8 m, EA(1m)
Hdg 246 deg, Spd 0.0 m/s
EA(NaN deg, NaN m/s)</description>
      <Style>
        <IconStyle>
          <Icon>
            <href>http://maps.google.com/mapfiles/kml/shapes/shaded_dot.png</href>
          </Icon>
          <scale>0.6</scale>
          <color>bff48542</color>
        </IconStyle>
      </Style>
      <Point>
        <altitudeMode>clampToGround</altitudeMode>
        <coordinates>87.3246946216884,22.3158525231626,0</coordinates>
      </Point>
    </Placemark>
    <Placemark>
      <Snippet maxLines="0"> </Snippet>
      <description>10
UTC 21-04-2026 10:19:27.00
GpsMilliseconds 1460801985000
22.3158526,87.3246948, EA(1m)
AltWgs84 -13.8 m, EA(1m)
Hdg 56 deg, Spd 0.0 m/s
EA(NaN deg, NaN m/s)</description>
      <Style>
        <IconStyle>
          <Icon>
            <href>http://maps.google.com/mapfiles/kml/shapes/shaded_dot.png</href>
          </Icon>
          <scale>0.6</scale>
          <color>bff48542</color>
        </IconStyle>
      </Style>
      <Point>
        <altitudeMode>clampToGround</altitudeMode>
        <coordinates>87.3246947612451,22.3158526114209,0</coordinates>
      </Point>
    </Placemark>
    <Placemark>
      <Snippet maxLines="0"> </Snippet>
      <description>11
UTC 21-04-2026 10:19:28.00
GpsMilliseconds 1460801986000
22.3158526,87.3246947, EA(1m)
AltWgs84 -13.8 m, EA(1m)
Hdg 284 deg, Spd 0.0 m/s
EA(NaN deg, NaN m/s)</description>
      <Style>
        <IconStyle>
          <Icon>
            <href>http://maps.google.com/mapfiles/kml/shapes/shaded_dot.png</href>
          </Icon>
          <scale>0.6</scale>
          <color>bff48542</color>
        </IconStyle>
      </Style>
      <Point>
        <altitudeMode>clampToGround</altitudeMode>
        <coordinates>87.3246947127796,22.3158526228684,0</coordinates>
      </Point>
    </Placemark>
    <Placemark>
      <Snippet maxLines="0"> </Snippet>
      <description>12
UTC 21-04-2026 10:19:29.00
GpsMilliseconds 1460801987000
22.3158526,87.3246948, EA(1m)
AltWgs84 -13.8 m, EA(1m)
Hdg 86 deg, Spd 0.0 m/s
EA(NaN deg, NaN m/s)</description>
      <Style>
        <IconStyle>
          <Icon>
            <href>http://maps.google.com/mapfiles/kml/shapes/shaded_dot.png</href>
          </Icon>
          <scale>0.6</scale>
          <color>bff48542</color>
        </IconStyle>
      </Style>
      <Point>
        <altitudeMode>clampToGround</altitudeMode>
        <coordinates>87.3246947603115,22.3158526260458,0</coordinates>
      </Point>
    </Placemark>
    <Placemark>
      <Snippet maxLines="0"> </Snippet>
      <description>13
UTC 21-04-2026 10:19:30.00
GpsMilliseconds 1460801988000
22.3158526,87.3246948, EA(1m)
AltWgs84 -13.8 m, EA(1m)
Hdg 133 deg, Spd 0.0 m/s
EA(NaN deg, NaN m/s)</description>
      <Style>
        <IconStyle>
          <Icon>
            <href>http://maps.google.com/mapfiles/kml/shapes/shaded_dot.png</href>
          </Icon>
          <scale>0.6</scale>
          <color>bff48542</color>
        </IconStyle>
      </Style>
      <Point>
        <altitudeMode>clampToGround</altitudeMode>
        <coordinates>87.324694801742,22.3158525899754,0</coordinates>
      </Point>
    </Placemark>
    <Placemark>
      <Snippet maxLines="0"> </Snippet>
      <description>14
UTC 21-04-2026 10:19:31.00
GpsMilliseconds 1460801989000
22.3158526,87.3246948, EA(1m)
AltWgs84 -13.8 m, EA(1m)
Hdg 7 deg, Spd 0.0 m/s
EA(NaN deg, NaN m/s)</description>
      <Style>
        <IconStyle>
          <Icon>
            <href>http://maps.google.com/mapfiles/kml/shapes/shaded_dot.png</href>
          </Icon>
          <scale>0.6</scale>
          <color>bff48542</color>
        </IconStyle>
      </Style>
      <Point>
        <altitudeMode>clampToGround</altitudeMode>
        <coordinates>87.3246948024312,22.3158525952505,0</coordinates>
      </Point>
    </Placemark>
    <Placemark>
      <Snippet maxLines="0"> </Snippet>
      <description>15
UTC 21-04-2026 10:19:32.00
GpsMilliseconds 1460801990000
22.3158526,87.3246948, EA(1m)
AltWgs84 -13.8 m, EA(1m)
Hdg 29 deg, Spd 0.0 m/s
EA(NaN deg, NaN m/s)</description>
      <Style>
        <IconStyle>
          <Icon>
            <href>http://maps.google.com/mapfiles/kml/shapes/shaded_dot.png</href>
          </Icon>
          <scale>0.6</scale>
          <color>bff48542</color>
        </IconStyle>
      </Style>
      <Point>
        <altitudeMode>clampToGround</altitudeMode>
        <coordinates>87.3246948239937,22.3158526313157,0</coordinates>
      </Point>
    </Placemark>
    <Placemark>
      <Snippet maxLines="0"> </Snippet>
      <description>16
UTC 21-04-2026 10:19:33.00
GpsMilliseconds 1460801991000
22.3158527,87.3246948, EA(1m)
AltWgs84 -13.7 m, EA(1m)
Hdg 0 deg, Spd 0.0 m/s
EA(NaN deg, NaN m/s)</description>
      <Style>
        <IconStyle>
          <Icon>
            <href>http://maps.google.com/mapfiles/kml/shapes/shaded_dot.png</href>
          </Icon>
          <scale>0.6</scale>
          <color>bff48542</color>
        </IconStyle>
      </Style>
      <Point>
        <altitudeMode>clampToGround</altitudeMode>
        <coordinates>87.3246948245302,22.315852697898,0</coordinates>
      </Point>
    </Placemark>
    <Placemark>
      <Snippet maxLines="0"> </Snippet>
      <description>17
UTC 21-04-2026 10:19:34.00
GpsMilliseconds 1460801992000
22.3158527,87.3246949, EA(1m)
AltWgs84 -13.7 m, EA(1m)
Hdg 88 deg, Spd 0.0 m/s
EA(NaN deg, NaN m/s)</description>
      <Style>
        <IconStyle>
          <Icon>
            <href>http://maps.google.com/mapfiles/kml/shapes/shaded_dot.png</href>
          </Icon>
          <scale>0.6</scale>
          <color>bff48542</color>
        </IconStyle>
      </Style>
      <Point>
        <altitudeMode>clampToGround</altitudeMode>
        <coordinates>87.3246948595499,22.3158526992842,0</coordinates>
      </Point>
    </Placemark>
    <Placemark>
      <Snippet maxLines="0"> </Snippet>
      <description>18
UTC 21-04-2026 10:19:35.00
GpsMilliseconds 1460801993000
22.3158527,87.3246949, EA(1m)
AltWgs84 -13.7 m, EA(1m)
Hdg 14 deg, Spd 0.0 m/s
EA(NaN deg, NaN m/s)</description>
      <Style>
        <IconStyle>
          <Icon>
            <href>http://maps.google.com/mapfiles/kml/shapes/shaded_dot.png</href>
          </Icon>
          <scale>0.6</scale>
          <color>bff48542</color>
        </IconStyle>
      </Style>
      <Point>
        <altitudeMode>clampToGround</altitudeMode>
        <coordinates>87.3246948713641,22.3158527441642,0</coordinates>
      </Point>
    </Placemark>
    <Placemark>
      <Snippet maxLines="0"> </Snippet>
      <description>19
UTC 21-04-2026 10:19:36.00
GpsMilliseconds 1460801994000
22.3158527,87.3246949, EA(1m)
AltWgs84 -13.7 m, EA(1m)
Hdg 122 deg, Spd 0.0 m/s
EA(NaN deg, NaN m/s)</description>
      <Style>
        <IconStyle>
          <Icon>
            <href>http://maps.google.com/mapfiles/kml/shapes/shaded_dot.png</href>
          </Icon>
          <scale>0.6</scale>
          <color>bff48542</color>
        </IconStyle>
      </Style>
      <Point>
        <altitudeMode>clampToGround</altitudeMode>
        <coordinates>87.3246949408812,22.3158527034492,0</coordinates>
      </Point>
    </Placemark>
    <Placemark>
      <Snippet maxLines="0"> </Snippet>
      <description>20
UTC 21-04-2026 10:19:37.00
GpsMilliseconds 1460801995000
22.3158528,87.3246949, EA(1m)
AltWgs84 -13.7 m, EA(1m)
Hdg 331 deg, Spd 0.0 m/s
EA(NaN deg, NaN m/s)</description>
      <Style>
        <IconStyle>
          <Icon>
            <href>http://maps.google.com/mapfiles/kml/shapes/shaded_dot.png</href>
          </Icon>
          <scale>0.6</scale>
          <color>bff48542</color>
        </IconStyle>
      </Style>
      <Point>
        <altitudeMode>clampToGround</altitudeMode>
        <coordinates>87.3246949092763,22.3158527559353,0</coordinates>
      </Point>
    </Placemark>
    <Placemark>
      <Snippet maxLines="0"> </Snippet>
      <description>21
UTC 21-04-2026 10:19:38.00
GpsMilliseconds 1460801996000
22.3158527,87.3246949, EA(1m)
AltWgs84 -13.7 m, EA(1m)
Hdg 110 deg, Spd 0.0 m/s
EA(NaN deg, NaN m/s)</description>
      <Style>
        <IconStyle>
          <Icon>
            <href>http://maps.google.com/mapfiles/kml/shapes/shaded_dot.png</href>
          </Icon>
          <scale>0.6</scale>
          <color>bff48542</color>
        </IconStyle>
      </Style>
      <Point>
        <altitudeMode>clampToGround</altitudeMode>
        <coordinates>87.3246949329786,22.3158527477446,0</coordinates>
      </Point>
    </Placemark>
    <Placemark>
      <Snippet maxLines="0"> </Snippet>
      <description>22
UTC 21-04-2026 10:19:39.00
GpsMilliseconds 1460801997000
22.3158527,87.3246950, EA(1m)
AltWgs84 -13.7 m, EA(1m)
Hdg 100 deg, Spd 0.0 m/s
EA(NaN deg, NaN m/s)</description>
      <Style>
        <IconStyle>
          <Icon>
            <href>http://maps.google.com/mapfiles/kml/shapes/shaded_dot.png</href>
          </Icon>
          <scale>0.6</scale>
          <color>bff48542</color>
        </IconStyle>
      </Style>
      <Point>
        <altitudeMode>clampToGround</altitudeMode>
        <coordinates>87.324694969654,22.3158527419526,0</coordinates>
      </Point>
    </Placemark>
    <Placemark>
      <Snippet maxLines="0"> </Snippet>
      <description>23
UTC 21-04-2026 10:19:40.00
GpsMilliseconds 1460801998000
22.3158528,87.3246950, EA(1m)
AltWgs84 -13.7 m, EA(1m)
Hdg 45 deg, Spd 0.0 m/s
EA(NaN deg, NaN m/s)</description>
      <Style>
        <IconStyle>
          <Icon>
            <href>http://maps.google.com/mapfiles/kml/shapes/shaded_dot.png</href>
          </Icon>
          <scale>0.6</scale>
          <color>bff48542</color>
        </IconStyle>
      </Style>
      <Point>
        <altitudeMode>clampToGround</altitudeMode>
        <coordinates>87.3246949838333,22.3158527549906,0</coordinates>
      </Point>
    </Placemark>
    <Placemark>
      <Snippet maxLines="0"> </Snippet>
      <description>24
UTC 21-04-2026 10:19:41.00
GpsMilliseconds 1460801999000
22.3158527,87.3246950, EA(1m)
AltWgs84 -13.7 m, EA(1m)
Hdg 141 deg, Spd 0.0 m/s
EA(NaN deg, NaN m/s)</description>
      <Style>
        <IconStyle>
          <Icon>
            <href>http://maps.google.com/mapfiles/kml/shapes/shaded_dot.png</href>
          </Icon>
          <scale>0.6</scale>
          <color>bff48542</color>
        </IconStyle>
      </Style>
      <Point>
        <altitudeMode>clampToGround</altitudeMode>
        <coordinates>87.3246950139079,22.315852721041,0</coordinates>
      </Point>
    </Placemark>
    <Placemark>
      <Snippet maxLines="0"> </Snippet>
      <description>25
UTC 21-04-2026 10:19:42.00
GpsMilliseconds 1460802000000
22.3158528,87.3246950, EA(1m)
AltWgs84 -13.7 m, EA(1m)
Hdg 20 deg, Spd 0.0 m/s
EA(NaN deg, NaN m/s)</description>
      <Style>
        <IconStyle>
          <Icon>
            <href>http://maps.google.com/mapfiles/kml/shapes/shaded_dot.png</href>
          </Icon>
          <scale>0.6</scale>
          <color>bff48542</color>
        </IconStyle>
      </Style>
      <Point>
        <altitudeMode>clampToGround</altitudeMode>
        <coordinates>87.3246950322385,22.3158527671439,0</coordinates>
      </Point>
    </Placemark>
    <Placemark>
      <Snippet maxLines="0"> </Snippet>
      <description>26
UTC 21-04-2026 10:19:43.00
GpsMilliseconds 1460802001000
22.3158529,87.3246951, EA(1m)
AltWgs84 -13.7 m, EA(1m)
Hdg 24 deg, Spd 0.0 m/s
EA(NaN deg, NaN m/s)</description>
      <Style>
        <IconStyle>
          <Icon>
            <href>http://maps.google.com/mapfiles/kml/shapes/shaded_dot.png</href>
          </Icon>
          <scale>0.6</scale>
          <color>bff48542</color>
        </IconStyle>
      </Style>
      <Point>
        <altitudeMode>clampToGround</altitudeMode>
        <coordinates>87.3246950753003,22.3158528568532,0</coordinates>
      </Point>
    </Placemark>
    <Placemark>
      <Snippet maxLines="0"> </Snippet>
      <description>27
UTC 21-04-2026 10:19:44.00
GpsMilliseconds 1460802002000
22.3158529,87.3246951, EA(1m)
AltWgs84 -13.7 m, EA(1m)
Hdg 312 deg, Spd 0.0 m/s
EA(NaN deg, NaN m/s)</description>
      <Style>
        <IconStyle>
          <Icon>
            <href>http://maps.google.com/mapfiles/kml/shapes/shaded_dot.png</href>
          </Icon>
          <scale>0.6</scale>
          <color>bff48542</color>
        </IconStyle>
      </Style>
      <Point>
        <altitudeMode>clampToGround</altitudeMode>
        <coordinates>87.3246950618837,22.3158528681297,0</coordinates>
      </Point>
    </Placemark>
    <Placemark>
      <Snippet maxLines="0"> </Snippet>
      <description>28
UTC 21-04-2026 10:19:45.00
GpsMilliseconds 1460802003000
22.3158529,87.3246951, EA(1m)
AltWgs84 -13.7 m, EA(1m)
Hdg 88 deg, Spd 0.0 m/s
EA(NaN deg, NaN m/s)</description>
      <Style>
        <IconStyle>
          <Icon>
            <href>http://maps.google.com/mapfiles/kml/shapes/shaded_dot.png</href>
          </Icon>
          <scale>0.6</scale>
          <color>bff48542</color>
        </IconStyle>
      </Style>
      <Point>
        <altitudeMode>clampToGround</altitudeMode>
        <coordinates>87.3246951273919,22.3158528704461,0</coordinates>
      </Point>
    </Placemark>
    <Placemark>
      <Snippet maxLines="0"> </Snippet>
      <description>29
UTC 21-04-2026 10:19:46.00
GpsMilliseconds 1460802004000
22.3158530,87.3246951, EA(1m)
AltWgs84 -13.7 m, EA(1m)
Hdg 10 deg, Spd 0.0 m/s
EA(NaN deg, NaN m/s)</description>
      <Style>
        <IconStyle>
          <Icon>
            <href>http://maps.google.com/mapfiles/kml/shapes/shaded_dot.png</href>
          </Icon>
          <scale>0.6</scale>
          <color>bff48542</color>
        </IconStyle>
      </Style>
      <Point>
        <altitudeMode>clampToGround</altitudeMode>
        <coordinates>87.3246951439178,22.3158529606866,0</coordinates>
      </Point>
    </Placemark>
    <Placemark>
      <Snippet maxLines="0"> </Snippet>
      <description>30
UTC 21-04-2026 10:19:47.00
GpsMilliseconds 1460802005000
22.3158530,87.3246952, EA(1m)
AltWgs84 -13.7 m, EA(1m)
Hdg 51 deg, Spd 0.0 m/s
EA(NaN deg, NaN m/s)</description>
      <Style>
        <IconStyle>
          <Icon>
            <href>http://maps.google.com/mapfiles/kml/shapes/shaded_dot.png</href>
          </Icon>
          <scale>0.6</scale>
          <color>bff48542</color>
        </IconStyle>
      </Style>
      <Point>
        <altitudeMode>clampToGround</altitudeMode>
        <coordinates>87.32469517218,22.3158529821937,0</coordinates>
      </Point>
    </Placemark>
    <Placemark>
      <Snippet maxLines="0"> </Snippet>
      <description>31
UTC 21-04-2026 10:19:51.00
GpsMilliseconds 1460802009000
22.3158536,87.3246979, EA(1m)
AltWgs84 -10.6 m, EA(1m)
Hdg NaN deg, Spd NaN m/s
EA(NaN deg, NaN m/s)</description>
      <Style>
        <IconStyle>
          <Icon>
            <href>http://maps.google.com/mapfiles/kml/shapes/shaded_dot.png</href>
          </Icon>
          <scale>0.6</scale>
          <color>bff48542</color>
        </IconStyle>
      </Style>
      <Point>
        <altitudeMode>clampToGround</altitudeMode>
        <coordinates>87.3246978513395,22.3158536093801,0</coordinates>
      </Point>
    </Placemark>
    <Placemark>
      <Snippet maxLines="0"> </Snippet>
      <description>32
UTC 21-04-2026 10:19:52.00
GpsMilliseconds 1460802010000
22.3158536,87.3246979, EA(1m)
AltWgs84 -10.6 m, EA(1m)
Hdg 87 deg, Spd 0.0 m/s
EA(NaN deg, NaN m/s)</description>
      <Style>
        <IconStyle>
          <Icon>
            <href>http://maps.google.com/mapfiles/kml/shapes/shaded_dot.png</href>
          </Icon>
          <scale>0.6</scale>
          <color>bff48542</color>
        </IconStyle>
      </Style>
      <Point>
        <altitudeMode>clampToGround</altitudeMode>
        <coordinates>87.3246979094192,22.315853612508,0</coordinates>
      </Point>
    </Placemark>
    <Placemark>
      <Snippet maxLines="0"> </Snippet>
      <description>33
UTC 21-04-2026 10:19:53.00
GpsMilliseconds 1460802011000
22.3158536,87.3246979, EA(1m)
AltWgs84 -10.6 m, EA(1m)
Hdg 20 deg, Spd 0.0 m/s
EA(NaN deg, NaN m/s)</description>
      <Style>
        <IconStyle>
          <Icon>
            <href>http://maps.google.com/mapfiles/kml/shapes/shaded_dot.png</href>
          </Icon>
          <scale>0.6</scale>
          <color>bff48542</color>
        </IconStyle>
      </Style>
      <Point>
        <altitudeMode>clampToGround</altitudeMode>
        <coordinates>87.3246979205345,22.3158536406676,0</coordinates>
      </Point>
    </Placemark>
    <Placemark>
      <Snippet maxLines="0"> </Snippet>
      <description>34
UTC 21-04-2026 10:19:54.00
GpsMilliseconds 1460802012000
22.3158536,87.3246979, EA(1m)
AltWgs84 -10.6 m, EA(1m)
Hdg 148 deg, Spd 0.0 m/s
EA(NaN deg, NaN m/s)</description>
      <Style>
        <IconStyle>
          <Icon>
            <href>http://maps.google.com/mapfiles/kml/shapes/shaded_dot.png</href>
          </Icon>
          <scale>0.6</scale>
          <color>bff48542</color>
        </IconStyle>
      </Style>
      <Point>
        <altitudeMode>clampToGround</altitudeMode>
        <coordinates>87.3246979410042,22.3158536100846,0</coordinates>
      </Point>
    </Placemark>
    <Placemark>
      <Snippet maxLines="0"> </Snippet>
      <description>35
UTC 21-04-2026 10:19:55.00
GpsMilliseconds 1460802013000
22.3158536,87.3246980, EA(1m)
AltWgs84 -10.6 m, EA(2m)
Hdg 131 deg, Spd 0.0 m/s
EA(NaN deg, NaN m/s)</description>
      <Style>
        <IconStyle>
          <Icon>
            <href>http://maps.google.com/mapfiles/kml/shapes/shaded_dot.png</href>
          </Icon>
          <scale>0.6</scale>
          <color>bff48542</color>
        </IconStyle>
      </Style>
      <Point>
        <altitudeMode>clampToGround</altitudeMode>
        <coordinates>87.3246979667236,22.3158535890794,0</coordinates>
      </Point>
    </Placemark>
    <Placemark>
      <Snippet maxLines="0"> </Snippet>
      <description>36
UTC 21-04-2026 10:19:56.00
GpsMilliseconds 1460802014000
22.3158536,87.3246980, EA(1m)
AltWgs84 -10.6 m, EA(2m)
Hdg 124 deg, Spd 0.0 m/s
EA(NaN deg, NaN m/s)</description>
      <Style>
        <IconStyle>
          <Icon>
            <href>http://maps.google.com/mapfiles/kml/shapes/shaded_dot.png</href>
          </Icon>
          <scale>0.6</scale>
          <color>bff48542</color>
        </IconStyle>
      </Style>
      <Point>
        <altitudeMode>clampToGround</altitudeMode>
        <coordinates>87.3246980135443,22.315853560111,0</coordinates>
      </Point>
    </Placemark>
    <Placemark>
      <Snippet maxLines="0"> </Snippet>
      <description>37
UTC 21-04-2026 10:19:57.00
GpsMilliseconds 1460802015000
22.3158535,87.3246980, EA(1m)
AltWgs84 -10.6 m, EA(1m)
Hdg 167 deg, Spd 0.0 m/s
EA(NaN deg, NaN m/s)</description>
      <Style>
        <IconStyle>
          <Icon>
            <href>http://maps.google.com/mapfiles/kml/shapes/shaded_dot.png</href>
          </Icon>
          <scale>0.6</scale>
          <color>bff48542</color>
        </IconStyle>
      </Style>
      <Point>
        <altitudeMode>clampToGround</altitudeMode>
        <coordinates>87.3246980242077,22.3158535160139,0</coordinates>
      </Point>
    </Placemark>
    <Placemark>
      <Snippet maxLines="0"> </Snippet>
      <description>38
UTC 21-04-2026 10:19:58.00
GpsMilliseconds 1460802016000
22.3158535,87.3246980, EA(1m)
AltWgs84 -10.6 m, EA(1m)
Hdg 30 deg, Spd 0.0 m/s
EA(NaN deg, NaN m/s)</description>
      <Style>
        <IconStyle>
          <Icon>
            <href>http://maps.google.com/mapfiles/kml/shapes/shaded_dot.png</href>
          </Icon>
          <scale>0.6</scale>
          <color>bff48542</color>
        </IconStyle>
      </Style>
      <Point>
        <altitudeMode>clampToGround</altitudeMode>
        <coordinates>87.3246980436704,22.3158535476774,0</coordinates>
      </Point>
    </Placemark>
    <Placemark>
      <Snippet maxLines="0"> </Snippet>
      <description>39
UTC 21-04-2026 10:19:59.00
GpsMilliseconds 1460802017000
22.3158537,87.3246981, EA(1m)
AltWgs84 -10.6 m, EA(1m)
Hdg 10 deg, Spd 0.0 m/s
EA(NaN deg, NaN m/s)</description>
      <Style>
        <IconStyle>
          <Icon>
            <href>http://maps.google.com/mapfiles/kml/shapes/shaded_dot.png</href>
          </Icon>
          <scale>0.6</scale>
          <color>bff48542</color>
        </IconStyle>
      </Style>
      <Point>
        <altitudeMode>clampToGround</altitudeMode>
        <coordinates>87.3246980694688,22.3158536774512,0</coordinates>
      </Point>
    </Placemark>
    <Placemark>
      <Snippet maxLines="0"> </Snippet>
      <description>40
UTC 21-04-2026 10:20:00.00
GpsMilliseconds 1460802018000
22.3158537,87.3246981, EA(2m)
AltWgs84 -10.6 m, EA(5m)
Hdg 31 deg, Spd 0.0 m/s
EA(NaN deg, NaN m/s)</description>
      <Style>
        <IconStyle>
          <Icon>
            <href>http://maps.google.com/mapfiles/kml/shapes/shaded_dot.png</href>
          </Icon>
          <scale>0.6</scale>
          <color>bff48542</color>
        </IconStyle>
      </Style>
      <Point>
        <altitudeMode>clampToGround</altitudeMode>
        <coordinates>87.3246981033611,22.315853729894,0</coordinates>
      </Point>
    </Placemark>
    <Placemark>
      <Snippet maxLines="0"> </Snippet>
      <description>41
UTC 21-04-2026 10:20:01.00
GpsMilliseconds 1460802019000
22.3158539,87.3246982, EA(2m)
AltWgs84 -10.6 m, EA(5m)
Hdg 18 deg, Spd 0.0 m/s
EA(NaN deg, NaN m/s)</description>
      <Style>
        <IconStyle>
          <Icon>
            <href>http://maps.google.com/mapfiles/kml/shapes/shaded_dot.png</href>
          </Icon>
          <scale>0.6</scale>
          <color>bff48542</color>
        </IconStyle>
      </Style>
      <Point>
        <altitudeMode>clampToGround</altitudeMode>
        <coordinates>87.3246981500707,22.3158538641948,0</coordinates>
      </Point>
    </Placemark>
    <Placemark>
      <Snippet maxLines="0"> </Snippet>
      <description>42
UTC 21-04-2026 10:20:02.00
GpsMilliseconds 1460802020000
22.3158538,87.3246979, EA(1m)
AltWgs84 -10.6 m, EA(1m)
Hdg 249 deg, Spd 0.0 m/s
EA(NaN deg, NaN m/s)</description>
      <Style>
        <IconStyle>
          <Icon>
            <href>http://maps.google.com/mapfiles/kml/shapes/shaded_dot.png</href>
          </Icon>
          <scale>0.6</scale>
          <color>bff48542</color>
        </IconStyle>
      </Style>
      <Point>
        <altitudeMode>clampToGround</altitudeMode>
        <coordinates>87.3246978833785,22.3158537685563,0</coordinates>
      </Point>
    </Placemark>
    <Placemark>
      <Snippet maxLines="0"> </Snippet>
      <description>43
UTC 21-04-2026 10:20:03.00
GpsMilliseconds 1460802021000
22.3158537,87.3246979, EA(1m)
AltWgs84 -10.6 m, EA(1m)
Hdg 170 deg, Spd 0.0 m/s
EA(NaN deg, NaN m/s)</description>
      <Style>
        <IconStyle>
          <Icon>
            <href>http://maps.google.com/mapfiles/kml/shapes/shaded_dot.png</href>
          </Icon>
          <scale>0.6</scale>
          <color>bff48542</color>
        </IconStyle>
      </Style>
      <Point>
        <altitudeMode>clampToGround</altitudeMode>
        <coordinates>87.3246978933165,22.3158537157085,0</coordinates>
      </Point>
    </Placemark>
    <Placemark>
      <Snippet maxLines="0"> </Snippet>
      <description>44
UTC 21-04-2026 10:20:06.00
GpsMilliseconds 1460802024000
22.3158452,87.3246960, EA(1m)
AltWgs84 -10.7 m, EA(1m)
Hdg NaN deg, Spd NaN m/s
EA(NaN deg, NaN m/s)</description>
      <Style>
        <IconStyle>
          <Icon>
            <href>http://maps.google.com/mapfiles/kml/shapes/shaded_dot.png</href>
          </Icon>
          <scale>0.6</scale>
          <color>bff48542</color>
        </IconStyle>
      </Style>
      <Point>
        <altitudeMode>clampToGround</altitudeMode>
        <coordinates>87.3246959896941,22.315845167652,0</coordinates>
      </Point>
    </Placemark>
    <Placemark>
      <Snippet maxLines="0"> </Snippet>
      <description>45
UTC 21-04-2026 10:20:07.00
GpsMilliseconds 1460802025000
22.3158451,87.3246961, EA(1m)
AltWgs84 -10.7 m, EA(1m)
Hdg 113 deg, Spd 0.0 m/s
EA(NaN deg, NaN m/s)</description>
      <Style>
        <IconStyle>
          <Icon>
            <href>http://maps.google.com/mapfiles/kml/shapes/shaded_dot.png</href>
          </Icon>
          <scale>0.6</scale>
          <color>bff48542</color>
        </IconStyle>
      </Style>
      <Point>
        <altitudeMode>clampToGround</altitudeMode>
        <coordinates>87.3246960505551,22.315845143478,0</coordinates>
      </Point>
    </Placemark>
    <Placemark>
      <Snippet maxLines="0"> </Snippet>
      <description>46
UTC 21-04-2026 10:20:08.00
GpsMilliseconds 1460802026000
22.3158451,87.3246961, EA(1m)
AltWgs84 -10.7 m, EA(1m)
Hdg 164 deg, Spd 0.0 m/s
EA(NaN deg, NaN m/s)</description>
      <Style>
        <IconStyle>
          <Icon>
            <href>http://maps.google.com/mapfiles/kml/shapes/shaded_dot.png</href>
          </Icon>
          <scale>0.6</scale>
          <color>bff48542</color>
        </IconStyle>
      </Style>
      <Point>
        <altitudeMode>clampToGround</altitudeMode>
        <coordinates>87.3246960700021,22.3158450819756,0</coordinates>
      </Point>
    </Placemark>
    <Placemark>
      <Snippet maxLines="0"> </Snippet>
      <description>47
UTC 21-04-2026 10:20:09.00
GpsMilliseconds 1460802027000
22.3158451,87.3246960, EA(1m)
AltWgs84 -10.7 m, EA(1m)
Hdg 318 deg, Spd 0.0 m/s
EA(NaN deg, NaN m/s)</description>
      <Style>
        <IconStyle>
          <Icon>
            <href>http://maps.google.com/mapfiles/kml/shapes/shaded_dot.png</href>
          </Icon>
          <scale>0.6</scale>
          <color>bff48542</color>
        </IconStyle>
      </Style>
      <Point>
        <altitudeMode>clampToGround</altitudeMode>
        <coordinates>87.3246960350436,22.3158451183366,0</coordinates>
      </Point>
    </Placemark>
    <Placemark>
      <Snippet maxLines="0"> </Snippet>
      <description>48
UTC 21-04-2026 10:20:10.00
GpsMilliseconds 1460802028000
22.3158450,87.3246961, EA(2m)
AltWgs84 -10.7 m, EA(2m)
Hdg 152 deg, Spd 0.0 m/s
EA(NaN deg, NaN m/s)</description>
      <Style>
        <IconStyle>
          <Icon>
            <href>http://maps.google.com/mapfiles/kml/shapes/shaded_dot.png</href>
          </Icon>
          <scale>0.6</scale>
          <color>bff48542</color>
        </IconStyle>
      </Style>
      <Point>
        <altitudeMode>clampToGround</altitudeMode>
        <coordinates>87.3246961058974,22.3158449919095,0</coordinates>
      </Point>
    </Placemark>
    <Placemark>
      <Snippet maxLines="0"> </Snippet>
      <description>49
UTC 21-04-2026 10:20:11.00
GpsMilliseconds 1460802029000
22.3158450,87.3246961, EA(2m)
AltWgs84 -10.7 m, EA(2m)
Hdg 359 deg, Spd 0.0 m/s
EA(NaN deg, NaN m/s)</description>
      <Style>
        <IconStyle>
          <Icon>
            <href>http://maps.google.com/mapfiles/kml/shapes/shaded_dot.png</href>
          </Icon>
          <scale>0.6</scale>
          <color>bff48542</color>
        </IconStyle>
      </Style>
      <Point>
        <altitudeMode>clampToGround</altitudeMode>
        <coordinates>87.3246961053179,22.3158450389508,0</coordinates>
      </Point>
    </Placemark>
    <Placemark>
      <Snippet maxLines="0"> </Snippet>
      <description>50
UTC 21-04-2026 10:20:12.00
GpsMilliseconds 1460802030000
22.3158450,87.3246961, EA(1m)
AltWgs84 -10.7 m, EA(1m)
Hdg 108 deg, Spd 0.0 m/s
EA(NaN deg, NaN m/s)</description>
      <Style>
        <IconStyle>
          <Icon>
            <href>http://maps.google.com/mapfiles/kml/shapes/shaded_dot.png</href>
          </Icon>
          <scale>0.6</scale>
          <color>bff48542</color>
        </IconStyle>
      </Style>
      <Point>
        <altitudeMode>clampToGround</altitudeMode>
        <coordinates>87.3246961439664,22.3158450270482,0</coordinates>
      </Point>
    </Placemark>
    <Placemark>
      <Snippet maxLines="0"> </Snippet>
      <description>51
UTC 21-04-2026 10:20:13.00
GpsMilliseconds 1460802031000
22.3158451,87.3246963, EA(1m)
AltWgs84 -10.7 m, EA(1m)
Hdg 79 deg, Spd 0.0 m/s
EA(NaN deg, NaN m/s)</description>
      <Style>
        <IconStyle>
          <Icon>
            <href>http://maps.google.com/mapfiles/kml/shapes/shaded_dot.png</href>
          </Icon>
          <scale>0.6</scale>
          <color>bff48542</color>
        </IconStyle>
      </Style>
      <Point>
        <altitudeMode>clampToGround</altitudeMode>
        <coordinates>87.3246963358599,22.3158450624591,0</coordinates>
      </Point>
    </Placemark>
    <Placemark>
      <Snippet maxLines="0"> </Snippet>
      <description>52
UTC 21-04-2026 10:20:14.00
GpsMilliseconds 1460802032000
22.3158450,87.3246965, EA(1m)
AltWgs84 -10.7 m, EA(1m)
Hdg 95 deg, Spd 0.0 m/s
EA(NaN deg, NaN m/s)</description>
      <Style>
        <IconStyle>
          <Icon>
            <href>http://maps.google.com/mapfiles/kml/shapes/shaded_dot.png</href>
          </Icon>
          <scale>0.6</scale>
          <color>bff48542</color>
        </IconStyle>
      </Style>
      <Point>
        <altitudeMode>clampToGround</altitudeMode>
        <coordinates>87.3246965001444,22.3158450486653,0</coordinates>
      </Point>
    </Placemark>
    <Placemark>
      <Snippet maxLines="0"> </Snippet>
      <description>53
UTC 21-04-2026 10:20:15.00
GpsMilliseconds 1460802033000
22.3158451,87.3246965, EA(1m)
AltWgs84 -10.7 m, EA(2m)
Hdg 344 deg, Spd 0.0 m/s
EA(NaN deg, NaN m/s)</description>
      <Style>
        <IconStyle>
          <Icon>
            <href>http://maps.google.com/mapfiles/kml/shapes/shaded_dot.png</href>
          </Icon>
          <scale>0.6</scale>
          <color>bff48542</color>
        </IconStyle>
      </Style>
      <Point>
        <altitudeMode>clampToGround</altitudeMode>
        <coordinates>87.324696487222,22.3158450915045,0</coordinates>
      </Point>
    </Placemark>
    <Placemark>
      <Snippet maxLines="0"> </Snippet>
      <description>54
UTC 21-04-2026 10:20:16.00
GpsMilliseconds 1460802034000
22.3158451,87.3246966, EA(1m)
AltWgs84 -10.7 m, EA(2m)
Hdg 88 deg, Spd 0.0 m/s
EA(NaN deg, NaN m/s)</description>
      <Style>
        <IconStyle>
          <Icon>
            <href>http://maps.google.com/mapfiles/kml/shapes/shaded_dot.png</href>
          </Icon>
          <scale>0.6</scale>
          <color>bff48542</color>
        </IconStyle>
      </Style>
      <Point>
        <altitudeMode>clampToGround</altitudeMode>
        <coordinates>87.3246965558365,22.3158450939591,0</coordinates>
      </Point>
    </Placemark>
    <Placemark>
      <Snippet maxLines="0"> </Snippet>
      <description>55
UTC 21-04-2026 10:20:17.00
GpsMilliseconds 1460802035000
22.3158451,87.3246963, EA(1m)
AltWgs84 -10.8 m, EA(4m)
Hdg 275 deg, Spd 0.0 m/s
EA(NaN deg, NaN m/s)</description>
      <Style>
        <IconStyle>
          <Icon>
            <href>http://maps.google.com/mapfiles/kml/shapes/shaded_dot.png</href>
          </Icon>
          <scale>0.6</scale>
          <color>bff48542</color>
        </IconStyle>
      </Style>
      <Point>
        <altitudeMode>clampToGround</altitudeMode>
        <coordinates>87.3246962593638,22.3158451171397,0</coordinates>
      </Point>
    </Placemark>
    <Placemark>
      <Snippet maxLines="0"> </Snippet>
      <description>56
UTC 21-04-2026 10:20:20.00
GpsMilliseconds 1460802038000
22.3158272,87.3246845, EA(1m)
AltWgs84 -17.0 m, EA(1m)
Hdg NaN deg, Spd NaN m/s
EA(NaN deg, NaN m/s)</description>
      <Style>
        <IconStyle>
          <Icon>
            <href>http://maps.google.com/mapfiles/kml/shapes/shaded_dot.png</href>
          </Icon>
          <scale>0.6</scale>
          <color>bff48542</color>
        </IconStyle>
      </Style>
      <Point>
        <altitudeMode>clampToGround</altitudeMode>
        <coordinates>87.3246845494625,22.3158271983868,0</coordinates>
      </Point>
    </Placemark>
    <Placemark>
      <Snippet maxLines="0"> </Snippet>
      <description>57
UTC 21-04-2026 10:20:21.00
GpsMilliseconds 1460802039000
22.3158272,87.3246846, EA(1m)
AltWgs84 -16.9 m, EA(2m)
Hdg 7 deg, Spd 0.0 m/s
EA(NaN deg, NaN m/s)</description>
      <Style>
        <IconStyle>
          <Icon>
            <href>http://maps.google.com/mapfiles/kml/shapes/shaded_dot.png</href>
          </Icon>
          <scale>0.6</scale>
          <color>bff48542</color>
        </IconStyle>
      </Style>
      <Point>
        <altitudeMode>clampToGround</altitudeMode>
        <coordinates>87.3246845541724,22.3158272319752,0</coordinates>
      </Point>
    </Placemark>
    <Placemark>
      <Snippet maxLines="0"> </Snippet>
      <description>58
UTC 21-04-2026 10:20:22.00
GpsMilliseconds 1460802040000
22.3158272,87.3246846, EA(1m)
AltWgs84 -16.9 m, EA(2m)
Hdg 115 deg, Spd 0.0 m/s
EA(NaN deg, NaN m/s)</description>
      <Style>
        <IconStyle>
          <Icon>
            <href>http://maps.google.com/mapfiles/kml/shapes/shaded_dot.png</href>
          </Icon>
          <scale>0.6</scale>
          <color>bff48542</color>
        </IconStyle>
      </Style>
      <Point>
        <altitudeMode>clampToGround</altitudeMode>
        <coordinates>87.3246845682146,22.3158272258117,0</coordinates>
      </Point>
    </Placemark>
    <Placemark>
      <Snippet maxLines="0"> </Snippet>
      <description>59
UTC 21-04-2026 10:20:23.00
GpsMilliseconds 1460802041000
22.3158273,87.3246845, EA(1m)
AltWgs84 -16.9 m, EA(2m)
Hdg 326 deg, Spd 0.0 m/s
EA(NaN deg, NaN m/s)</description>
      <Style>
        <IconStyle>
          <Icon>
            <href>http://maps.google.com/mapfiles/kml/shapes/shaded_dot.png</href>
          </Icon>
          <scale>0.6</scale>
          <color>bff48542</color>
        </IconStyle>
      </Style>
      <Point>
        <altitudeMode>clampToGround</altitudeMode>
        <coordinates>87.3246845381051,22.3158272676802,0</coordinates>
      </Point>
    </Placemark>
    <Placemark>
      <Snippet maxLines="0"> </Snippet>
      <description>60
UTC 21-04-2026 10:20:24.00
GpsMilliseconds 1460802042000
22.3158273,87.3246846, EA(1m)
AltWgs84 -17.0 m, EA(2m)
Hdg 87 deg, Spd 0.0 m/s
EA(NaN deg, NaN m/s)</description>
      <Style>
        <IconStyle>
          <Icon>
            <href>http://maps.google.com/mapfiles/kml/shapes/shaded_dot.png</href>
          </Icon>
          <scale>0.6</scale>
          <color>bff48542</color>
        </IconStyle>
      </Style>
      <Point>
        <altitudeMode>clampToGround</altitudeMode>
        <coordinates>87.3246845792035,22.3158272699082,0</coordinates>
      </Point>
    </Placemark>
    <Placemark>
      <Snippet maxLines="0"> </Snippet>
      <description>61
UTC 21-04-2026 10:20:25.00
GpsMilliseconds 1460802043000
22.3158273,87.3246846, EA(1m)
AltWgs84 -17.0 m, EA(2m)
Hdg 68 deg, Spd 0.0 m/s
EA(NaN deg, NaN m/s)</description>
      <Style>
        <IconStyle>
          <Icon>
            <href>http://maps.google.com/mapfiles/kml/shapes/shaded_dot.png</href>
          </Icon>
          <scale>0.6</scale>
          <color>bff48542</color>
        </IconStyle>
      </Style>
      <Point>
        <altitudeMode>clampToGround</altitudeMode>
        <coordinates>87.3246845857411,22.3158272724094,0</coordinates>
      </Point>
    </Placemark>
    <Placemark>
      <Snippet maxLines="0"> </Snippet>
      <description>62
UTC 21-04-2026 10:20:26.00
GpsMilliseconds 1460802044000
22.3158272,87.3246846, EA(1m)
AltWgs84 -17.0 m, EA(2m)
Hdg 170 deg, Spd 0.0 m/s
EA(NaN deg, NaN m/s)</description>
      <Style>
        <IconStyle>
          <Icon>
            <href>http://maps.google.com/mapfiles/kml/shapes/shaded_dot.png</href>
          </Icon>
          <scale>0.6</scale>
          <color>bff48542</color>
        </IconStyle>
      </Style>
      <Point>
        <altitudeMode>clampToGround</altitudeMode>
        <coordinates>87.3246846061977,22.3158271630156,0</coordinates>
      </Point>
    </Placemark>
    <Placemark>
      <Snippet maxLines="0"> </Snippet>
      <description>63
UTC 21-04-2026 10:20:27.00
GpsMilliseconds 1460802045000
22.3158271,87.3246847, EA(1m)
AltWgs84 -16.9 m, EA(2m)
Hdg 109 deg, Spd 0.0 m/s
EA(NaN deg, NaN m/s)</description>
      <Style>
        <IconStyle>
          <Icon>
            <href>http://maps.google.com/mapfiles/kml/shapes/shaded_dot.png</href>
          </Icon>
          <scale>0.6</scale>
          <color>bff48542</color>
        </IconStyle>
      </Style>
      <Point>
        <altitudeMode>clampToGround</altitudeMode>
        <coordinates>87.324684658785,22.3158271457516,0</coordinates>
      </Point>
    </Placemark>
    <Placemark>
      <Snippet maxLines="0"> </Snippet>
      <description>64
UTC 21-04-2026 10:20:28.00
GpsMilliseconds 1460802046000
22.3158271,87.3246847, EA(1m)
AltWgs84 -16.9 m, EA(2m)
Hdg 135 deg, Spd 0.0 m/s
EA(NaN deg, NaN m/s)</description>
      <Style>
        <IconStyle>
          <Icon>
            <href>http://maps.google.com/mapfiles/kml/shapes/shaded_dot.png</href>
          </Icon>
          <scale>0.6</scale>
          <color>bff48542</color>
        </IconStyle>
      </Style>
      <Point>
        <altitudeMode>clampToGround</altitudeMode>
        <coordinates>87.3246847010317,22.315827106098,0</coordinates>
      </Point>
    </Placemark>
    <Placemark>
      <Snippet maxLines="0"> </Snippet>
      <description>65
UTC 21-04-2026 10:20:31.00
GpsMilliseconds 1460802049000
22.3158399,87.3246675, EA(1m)
AltWgs84 -12.2 m, EA(1m)
Hdg NaN deg, Spd NaN m/s
EA(NaN deg, NaN m/s)</description>
      <Style>
        <IconStyle>
          <Icon>
            <href>http://maps.google.com/mapfiles/kml/shapes/shaded_dot.png</href>
          </Icon>
          <scale>0.6</scale>
          <color>bff48542</color>
        </IconStyle>
      </Style>
      <Point>
        <altitudeMode>clampToGround</altitudeMode>
        <coordinates>87.324667461875,22.315839925246,0</coordinates>
      </Point>
    </Placemark>
    <Placemark>
      <Snippet maxLines="0"> </Snippet>
      <description>66
UTC 21-04-2026 10:20:32.00
GpsMilliseconds 1460802050000
22.3158403,87.3246675, EA(1m)
AltWgs84 -12.1 m, EA(1m)
Hdg 359 deg, Spd 0.0 m/s
EA(NaN deg, NaN m/s)</description>
      <Style>
        <IconStyle>
          <Icon>
            <href>http://maps.google.com/mapfiles/kml/shapes/shaded_dot.png</href>
          </Icon>
          <scale>0.6</scale>
          <color>bff48542</color>
        </IconStyle>
      </Style>
      <Point>
        <altitudeMode>clampToGround</altitudeMode>
        <coordinates>87.3246674539712,22.3158403458536,0</coordinates>
      </Point>
    </Placemark>
    <Placemark>
      <Snippet maxLines="0"> </Snippet>
      <description>67
UTC 21-04-2026 10:20:33.00
GpsMilliseconds 1460802051000
22.3158403,87.3246675, EA(1m)
AltWgs84 -12.1 m, EA(1m)
Hdg 113 deg, Spd 0.0 m/s
EA(NaN deg, NaN m/s)</description>
      <Style>
        <IconStyle>
          <Icon>
            <href>http://maps.google.com/mapfiles/kml/shapes/shaded_dot.png</href>
          </Icon>
          <scale>0.6</scale>
          <color>bff48542</color>
        </IconStyle>
      </Style>
      <Point>
        <altitudeMode>clampToGround</altitudeMode>
        <coordinates>87.324667494804,22.3158403298294,0</coordinates>
      </Point>
    </Placemark>
    <Placemark>
      <Snippet maxLines="0"> </Snippet>
      <description>68
UTC 21-04-2026 10:20:34.00
GpsMilliseconds 1460802052000
22.3158403,87.3246675, EA(1m)
AltWgs84 -12.1 m, EA(1m)
Hdg 90 deg, Spd 0.0 m/s
EA(NaN deg, NaN m/s)</description>
      <Style>
        <IconStyle>
          <Icon>
            <href>http://maps.google.com/mapfiles/kml/shapes/shaded_dot.png</href>
          </Icon>
          <scale>0.6</scale>
          <color>bff48542</color>
        </IconStyle>
      </Style>
      <Point>
        <altitudeMode>clampToGround</altitudeMode>
        <coordinates>87.3246675284727,22.3158403298573,0</coordinates>
      </Point>
    </Placemark>
    <Placemark>
      <Snippet maxLines="0"> </Snippet>
      <description>69
UTC 21-04-2026 10:20:35.00
GpsMilliseconds 1460802053000
22.3158403,87.3246675, EA(1m)
AltWgs84 -12.1 m, EA(1m)
Hdg 98 deg, Spd 0.0 m/s
EA(NaN deg, NaN m/s)</description>
      <Style>
        <IconStyle>
          <Icon>
            <href>http://maps.google.com/mapfiles/kml/shapes/shaded_dot.png</href>
          </Icon>
          <scale>0.6</scale>
          <color>bff48542</color>
        </IconStyle>
      </Style>
      <Point>
        <altitudeMode>clampToGround</altitudeMode>
        <coordinates>87.3246675335102,22.3158403291623,0</coordinates>
      </Point>
    </Placemark>
    <Placemark>
      <Snippet maxLines="0"> </Snippet>
      <description>70
UTC 21-04-2026 10:20:36.00
GpsMilliseconds 1460802054000
22.3158404,87.3246676, EA(1m)
AltWgs84 -12.1 m, EA(1m)
Hdg 30 deg, Spd 0.0 m/s
EA(NaN deg, NaN m/s)</description>
      <Style>
        <IconStyle>
          <Icon>
            <href>http://maps.google.com/mapfiles/kml/shapes/shaded_dot.png</href>
          </Icon>
          <scale>0.6</scale>
          <color>bff48542</color>
        </IconStyle>
      </Style>
      <Point>
        <altitudeMode>clampToGround</altitudeMode>
        <coordinates>87.3246675541084,22.3158403620251,0</coordinates>
      </Point>
    </Placemark>
    <Placemark>
      <Snippet maxLines="0"> </Snippet>
      <description>71
UTC 21-04-2026 10:20:37.00
GpsMilliseconds 1460802055000
22.3158403,87.3246676, EA(1m)
AltWgs84 -12.1 m, EA(1m)
Hdg 114 deg, Spd 0.0 m/s
EA(NaN deg, NaN m/s)</description>
      <Style>
        <IconStyle>
          <Icon>
            <href>http://maps.google.com/mapfiles/kml/shapes/shaded_dot.png</href>
          </Icon>
          <scale>0.6</scale>
          <color>bff48542</color>
        </IconStyle>
      </Style>
      <Point>
        <altitudeMode>clampToGround</altitudeMode>
        <coordinates>87.3246675962549,22.3158403445017,0</coordinates>
      </Point>
    </Placemark>
    <Placemark>
      <Snippet maxLines="0"> </Snippet>
      <description>72
UTC 21-04-2026 10:20:38.00
GpsMilliseconds 1460802056000
22.3158403,87.3246676, EA(1m)
AltWgs84 -12.1 m, EA(1m)
Hdg 153 deg, Spd 0.0 m/s
EA(NaN deg, NaN m/s)</description>
      <Style>
        <IconStyle>
          <Icon>
            <href>http://maps.google.com/mapfiles/kml/shapes/shaded_dot.png</href>
          </Icon>
          <scale>0.6</scale>
          <color>bff48542</color>
        </IconStyle>
      </Style>
      <Point>
        <altitudeMode>clampToGround</altitudeMode>
        <coordinates>87.3246676137756,22.3158403130637,0</coordinates>
      </Point>
    </Placemark>
    <Placemark>
      <Snippet maxLines="0"> </Snippet>
      <description>73
UTC 21-04-2026 10:20:39.00
GpsMilliseconds 1460802057000
22.3158403,87.3246676, EA(1m)
AltWgs84 -12.1 m, EA(1m)
Hdg 9 deg, Spd 0.0 m/s
EA(NaN deg, NaN m/s)</description>
      <Style>
        <IconStyle>
          <Icon>
            <href>http://maps.google.com/mapfiles/kml/shapes/shaded_dot.png</href>
          </Icon>
          <scale>0.6</scale>
          <color>bff48542</color>
        </IconStyle>
      </Style>
      <Point>
        <altitudeMode>clampToGround</altitudeMode>
        <coordinates>87.3246676183745,22.3158403413612,0</coordinates>
      </Point>
    </Placemark>
    <Placemark>
      <Snippet maxLines="0"> </Snippet>
      <description>74
UTC 21-04-2026 10:20:40.00
GpsMilliseconds 1460802058000
22.3158404,87.3246676, EA(1m)
AltWgs84 -12.1 m, EA(1m)
Hdg 32 deg, Spd 0.0 m/s
EA(NaN deg, NaN m/s)</description>
      <Style>
        <IconStyle>
          <Icon>
            <href>http://maps.google.com/mapfiles/kml/shapes/shaded_dot.png</href>
          </Icon>
          <scale>0.6</scale>
          <color>bff48542</color>
        </IconStyle>
      </Style>
      <Point>
        <altitudeMode>clampToGround</altitudeMode>
        <coordinates>87.3246676321112,22.3158403620949,0</coordinates>
      </Point>
    </Placemark>
    <Placemark>
      <Snippet maxLines="0"> </Snippet>
      <description>75
UTC 21-04-2026 10:20:43.00
GpsMilliseconds 1460802061000
22.3158300,87.3246860, EA(1m)
AltWgs84 -15.1 m, EA(1m)
Hdg NaN deg, Spd NaN m/s
EA(NaN deg, NaN m/s)</description>
      <Style>
        <IconStyle>
          <Icon>
            <href>http://maps.google.com/mapfiles/kml/shapes/shaded_dot.png</href>
          </Icon>
          <scale>0.6</scale>
          <color>bff48542</color>
        </IconStyle>
      </Style>
      <Point>
        <altitudeMode>clampToGround</altitudeMode>
        <coordinates>87.3246859573874,22.3158299871119,0</coordinates>
      </Point>
    </Placemark>
    <Placemark>
      <Snippet maxLines="0"> </Snippet>
      <description>76
UTC 21-04-2026 10:20:44.00
GpsMilliseconds 1460802062000
22.3158300,87.3246862, EA(1m)
AltWgs84 -15.1 m, EA(1m)
Hdg 79 deg, Spd 0.0 m/s
EA(NaN deg, NaN m/s)</description>
      <Style>
        <IconStyle>
          <Icon>
            <href>http://maps.google.com/mapfiles/kml/shapes/shaded_dot.png</href>
          </Icon>
          <scale>0.6</scale>
          <color>bff48542</color>
        </IconStyle>
      </Style>
      <Point>
        <altitudeMode>clampToGround</altitudeMode>
        <coordinates>87.3246861705641,22.3158300270445,0</coordinates>
      </Point>
    </Placemark>
    <Placemark>
      <Snippet maxLines="0"> </Snippet>
      <description>77
UTC 21-04-2026 10:20:45.00
GpsMilliseconds 1460802063000
22.3158300,87.3246862, EA(1m)
AltWgs84 -15.1 m, EA(1m)
Hdg 134 deg, Spd 0.0 m/s
EA(NaN deg, NaN m/s)</description>
      <Style>
        <IconStyle>
          <Icon>
            <href>http://maps.google.com/mapfiles/kml/shapes/shaded_dot.png</href>
          </Icon>
          <scale>0.6</scale>
          <color>bff48542</color>
        </IconStyle>
      </Style>
      <Point>
        <altitudeMode>clampToGround</altitudeMode>
        <coordinates>87.3246862000732,22.3158300006147,0</coordinates>
      </Point>
    </Placemark>
    <Placemark>
      <Snippet maxLines="0"> </Snippet>
      <description>78
UTC 21-04-2026 10:20:46.00
GpsMilliseconds 1460802064000
22.3158301,87.3246862, EA(1m)
AltWgs84 -15.1 m, EA(1m)
Hdg 16 deg, Spd 0.0 m/s
EA(NaN deg, NaN m/s)</description>
      <Style>
        <IconStyle>
          <Icon>
            <href>http://maps.google.com/mapfiles/kml/shapes/shaded_dot.png</href>
          </Icon>
          <scale>0.6</scale>
          <color>bff48542</color>
        </IconStyle>
      </Style>
      <Point>
        <altitudeMode>clampToGround</altitudeMode>
        <coordinates>87.3246862161388,22.315830054146,0</coordinates>
      </Point>
    </Placemark>
    <Placemark>
      <Snippet maxLines="0"> </Snippet>
      <description>79
UTC 21-04-2026 10:20:47.00
GpsMilliseconds 1460802065000
22.3158300,87.3246862, EA(1m)
AltWgs84 -15.1 m, EA(1m)
Hdg 148 deg, Spd 0.0 m/s
EA(NaN deg, NaN m/s)</description>
      <Style>
        <IconStyle>
          <Icon>
            <href>http://maps.google.com/mapfiles/kml/shapes/shaded_dot.png</href>
          </Icon>
          <scale>0.6</scale>
          <color>bff48542</color>
        </IconStyle>
      </Style>
      <Point>
        <altitudeMode>clampToGround</altitudeMode>
        <coordinates>87.3246862271337,22.315830037958,0</coordinates>
      </Point>
    </Placemark>
    <Placemark>
      <Snippet maxLines="0"> </Snippet>
      <description>80
UTC 21-04-2026 10:20:48.00
GpsMilliseconds 1460802066000
22.3158301,87.3246863, EA(1m)
AltWgs84 -15.1 m, EA(1m)
Hdg 68 deg, Spd 0.0 m/s
EA(NaN deg, NaN m/s)</description>
      <Style>
        <IconStyle>
          <Icon>
            <href>http://maps.google.com/mapfiles/kml/shapes/shaded_dot.png</href>
          </Icon>
          <scale>0.6</scale>
          <color>bff48542</color>
        </IconStyle>
      </Style>
      <Point>
        <altitudeMode>clampToGround</altitudeMode>
        <coordinates>87.3246862893944,22.3158300607951,0</coordinates>
      </Point>
    </Placemark>
    <Placemark>
      <Snippet maxLines="0"> </Snippet>
      <description>81
UTC 21-04-2026 10:20:49.00
GpsMilliseconds 1460802067000
22.3158301,87.3246863, EA(1m)
AltWgs84 -15.1 m, EA(1m)
Hdg 35 deg, Spd 0.0 m/s
EA(NaN deg, NaN m/s)</description>
      <Style>
        <IconStyle>
          <Icon>
            <href>http://maps.google.com/mapfiles/kml/shapes/shaded_dot.png</href>
          </Icon>
          <scale>0.6</scale>
          <color>bff48542</color>
        </IconStyle>
      </Style>
      <Point>
        <altitudeMode>clampToGround</altitudeMode>
        <coordinates>87.3246862962535,22.3158300700557,0</coordinates>
      </Point>
    </Placemark>
    <Placemark>
      <Snippet maxLines="0"> </Snippet>
      <description>82
UTC 21-04-2026 10:20:50.00
GpsMilliseconds 1460802068000
22.3158301,87.3246863, EA(1m)
AltWgs84 -15.1 m, EA(1m)
Hdg 16 deg, Spd 0.0 m/s
EA(NaN deg, NaN m/s)</description>
      <Style>
        <IconStyle>
          <Icon>
            <href>http://maps.google.com/mapfiles/kml/shapes/shaded_dot.png</href>
          </Icon>
          <scale>0.6</scale>
          <color>bff48542</color>
        </IconStyle>
      </Style>
      <Point>
        <altitudeMode>clampToGround</altitudeMode>
        <coordinates>87.3246863061702,22.3158301016969,0</coordinates>
      </Point>
    </Placemark>
    <Placemark>
      <Snippet maxLines="0"> </Snippet>
      <description>83
UTC 21-04-2026 10:20:51.00
GpsMilliseconds 1460802069000
22.3158301,87.3246864, EA(1m)
AltWgs84 -15.1 m, EA(1m)
Hdg 62 deg, Spd 0.0 m/s
EA(NaN deg, NaN m/s)</description>
      <Style>
        <IconStyle>
          <Icon>
            <href>http://maps.google.com/mapfiles/kml/shapes/shaded_dot.png</href>
          </Icon>
          <scale>0.6</scale>
          <color>bff48542</color>
        </IconStyle>
      </Style>
      <Point>
        <altitudeMode>clampToGround</altitudeMode>
        <coordinates>87.3246863600798,22.315830128613,0</coordinates>
      </Point>
    </Placemark>
    <Placemark>
      <Snippet maxLines="0"> </Snippet>
      <description>84
UTC 21-04-2026 10:20:52.00
GpsMilliseconds 1460802070000
22.3158302,87.3246864, EA(1m)
AltWgs84 -15.1 m, EA(1m)
Hdg 30 deg, Spd 0.0 m/s
EA(NaN deg, NaN m/s)</description>
      <Style>
        <IconStyle>
          <Icon>
            <href>http://maps.google.com/mapfiles/kml/shapes/shaded_dot.png</href>
          </Icon>
          <scale>0.6</scale>
          <color>bff48542</color>
        </IconStyle>
      </Style>
      <Point>
        <altitudeMode>clampToGround</altitudeMode>
        <coordinates>87.324686375498,22.3158301533968,0</coordinates>
      </Point>
    </Placemark>
    <Placemark>
      <Snippet maxLines="0"> </Snippet>
      <description>85
UTC 21-04-2026 10:20:53.00
GpsMilliseconds 1460802071000
22.3158301,87.3246864, EA(1m)
AltWgs84 -15.1 m, EA(1m)
Hdg 115 deg, Spd 0.0 m/s
EA(NaN deg, NaN m/s)</description>
      <Style>
        <IconStyle>
          <Icon>
            <href>http://maps.google.com/mapfiles/kml/shapes/shaded_dot.png</href>
          </Icon>
          <scale>0.6</scale>
          <color>bff48542</color>
        </IconStyle>
      </Style>
      <Point>
        <altitudeMode>clampToGround</altitudeMode>
        <coordinates>87.3246864148011,22.3158301366729,0</coordinates>
      </Point>
    </Placemark>
    <Placemark>
      <Snippet maxLines="0"> </Snippet>
      <description>86
UTC 21-04-2026 10:20:54.00
GpsMilliseconds 1460802072000
22.3158302,87.3246865, EA(1m)
AltWgs84 -15.1 m, EA(1m)
Hdg 40 deg, Spd 0.0 m/s
EA(NaN deg, NaN m/s)</description>
      <Style>
        <IconStyle>
          <Icon>
            <href>http://maps.google.com/mapfiles/kml/shapes/shaded_dot.png</href>
          </Icon>
          <scale>0.6</scale>
          <color>bff48542</color>
        </IconStyle>
      </Style>
      <Point>
        <altitudeMode>clampToGround</altitudeMode>
        <coordinates>87.3246864659261,22.3158301926647,0</coordinates>
      </Point>
    </Placemark>
    <Placemark>
      <Snippet maxLines="0"> </Snippet>
      <description>87
UTC 21-04-2026 10:20:55.00
GpsMilliseconds 1460802073000
22.3158302,87.3246865, EA(1m)
AltWgs84 -15.1 m, EA(1m)
Hdg 134 deg, Spd 0.0 m/s
EA(NaN deg, NaN m/s)</description>
      <Style>
        <IconStyle>
          <Icon>
            <href>http://maps.google.com/mapfiles/kml/shapes/shaded_dot.png</href>
          </Icon>
          <scale>0.6</scale>
          <color>bff48542</color>
        </IconStyle>
      </Style>
      <Point>
        <altitudeMode>clampToGround</altitudeMode>
        <coordinates>87.3246864961343,22.3158301657716,0</coordinates>
      </Point>
    </Placemark>
    <Placemark>
      <Snippet maxLines="0"> </Snippet>
      <description>88
UTC 21-04-2026 10:20:56.00
GpsMilliseconds 1460802074000
22.3158302,87.3246865, EA(1m)
AltWgs84 -15.1 m, EA(1m)
Hdg 312 deg, Spd 0.0 m/s
EA(NaN deg, NaN m/s)</description>
      <Style>
        <IconStyle>
          <Icon>
            <href>http://maps.google.com/mapfiles/kml/shapes/shaded_dot.png</href>
          </Icon>
          <scale>0.6</scale>
          <color>bff48542</color>
        </IconStyle>
      </Style>
      <Point>
        <altitudeMode>clampToGround</altitudeMode>
        <coordinates>87.3246864737451,22.3158301847481,0</coordinates>
      </Point>
    </Placemark>
    <Placemark>
      <Snippet maxLines="0"> </Snippet>
      <description>89
UTC 21-04-2026 10:20:57.00
GpsMilliseconds 1460802075000
22.3158302,87.3246865, EA(1m)
AltWgs84 -15.1 m, EA(1m)
Hdg 45 deg, Spd 0.0 m/s
EA(NaN deg, NaN m/s)</description>
      <Style>
        <IconStyle>
          <Icon>
            <href>http://maps.google.com/mapfiles/kml/shapes/shaded_dot.png</href>
          </Icon>
          <scale>0.6</scale>
          <color>bff48542</color>
        </IconStyle>
      </Style>
      <Point>
        <altitudeMode>clampToGround</altitudeMode>
        <coordinates>87.324686517836,22.3158302262744,0</coordinates>
      </Point>
    </Placemark>
    <Placemark>
      <Snippet maxLines="0"> </Snippet>
      <description>90
UTC 21-04-2026 10:20:58.00
GpsMilliseconds 1460802076000
22.3158302,87.3246866, EA(1m)
AltWgs84 -15.1 m, EA(1m)
Hdg 132 deg, Spd 0.0 m/s
EA(NaN deg, NaN m/s)</description>
      <Style>
        <IconStyle>
          <Icon>
            <href>http://maps.google.com/mapfiles/kml/shapes/shaded_dot.png</href>
          </Icon>
          <scale>0.6</scale>
          <color>bff48542</color>
        </IconStyle>
      </Style>
      <Point>
        <altitudeMode>clampToGround</altitudeMode>
        <coordinates>87.3246865502611,22.315830198933,0</coordinates>
      </Point>
    </Placemark>
    <Placemark>
      <Snippet maxLines="0"> </Snippet>
      <description>91
UTC 21-04-2026 10:20:59.00
GpsMilliseconds 1460802077000
22.3158303,87.3246866, EA(1m)
AltWgs84 -15.1 m, EA(2m)
Hdg 44 deg, Spd 0.0 m/s
EA(NaN deg, NaN m/s)</description>
      <Style>
        <IconStyle>
          <Icon>
            <href>http://maps.google.com/mapfiles/kml/shapes/shaded_dot.png</href>
          </Icon>
          <scale>0.6</scale>
          <color>bff48542</color>
        </IconStyle>
      </Style>
      <Point>
        <altitudeMode>clampToGround</altitudeMode>
        <coordinates>87.3246866151675,22.3158302606521,0</coordinates>
      </Point>
    </Placemark>
    <Placemark>
      <Snippet maxLines="0"> </Snippet>
      <description>92
UTC 21-04-2026 10:21:00.00
GpsMilliseconds 1460802078000
22.3158303,87.3246866, EA(1m)
AltWgs84 -15.1 m, EA(2m)
Hdg 83 deg, Spd 0.0 m/s
EA(NaN deg, NaN m/s)</description>
      <Style>
        <IconStyle>
          <Icon>
            <href>http://maps.google.com/mapfiles/kml/shapes/shaded_dot.png</href>
          </Icon>
          <scale>0.6</scale>
          <color>bff48542</color>
        </IconStyle>
      </Style>
      <Point>
        <altitudeMode>clampToGround</altitudeMode>
        <coordinates>87.3246866338259,22.3158302628545,0</coordinates>
      </Point>
    </Placemark>
    <Placemark>
      <Snippet maxLines="0"> </Snippet>
      <description>93
UTC 21-04-2026 10:21:03.00
GpsMilliseconds 1460802081000
22.3158328,87.3246749, EA(1m)
AltWgs84 -19.0 m, EA(1m)
Hdg NaN deg, Spd NaN m/s
EA(NaN deg, NaN m/s)</description>
      <Style>
        <IconStyle>
          <Icon>
            <href>http://maps.google.com/mapfiles/kml/shapes/shaded_dot.png</href>
          </Icon>
          <scale>0.6</scale>
          <color>bff48542</color>
        </IconStyle>
      </Style>
      <Point>
        <altitudeMode>clampToGround</altitudeMode>
        <coordinates>87.3246749163071,22.3158328234318,0</coordinates>
      </Point>
    </Placemark>
    <Placemark>
      <Snippet maxLines="0"> </Snippet>
      <description>94
UTC 21-04-2026 10:21:04.00
GpsMilliseconds 1460802082000
22.3158328,87.3246749, EA(1m)
AltWgs84 -19.0 m, EA(2m)
Hdg 90 deg, Spd 0.0 m/s
EA(NaN deg, NaN m/s)</description>
      <Style>
        <IconStyle>
          <Icon>
            <href>http://maps.google.com/mapfiles/kml/shapes/shaded_dot.png</href>
          </Icon>
          <scale>0.6</scale>
          <color>bff48542</color>
        </IconStyle>
      </Style>
      <Point>
        <altitudeMode>clampToGround</altitudeMode>
        <coordinates>87.3246749490811,22.3158328235352,0</coordinates>
      </Point>
    </Placemark>
    <Placemark>
      <Snippet maxLines="0"> </Snippet>
      <description>95
UTC 21-04-2026 10:21:05.00
GpsMilliseconds 1460802083000
22.3158328,87.3246750, EA(1m)
AltWgs84 -19.0 m, EA(2m)
Hdg 118 deg, Spd 0.0 m/s
EA(NaN deg, NaN m/s)</description>
      <Style>
        <IconStyle>
          <Icon>
            <href>http://maps.google.com/mapfiles/kml/shapes/shaded_dot.png</href>
          </Icon>
          <scale>0.6</scale>
          <color>bff48542</color>
        </IconStyle>
      </Style>
      <Point>
        <altitudeMode>clampToGround</altitudeMode>
        <coordinates>87.3246749863902,22.3158328052894,0</coordinates>
      </Point>
    </Placemark>
    <Placemark>
      <Snippet maxLines="0"> </Snippet>
      <description>96
UTC 21-04-2026 10:21:06.00
GpsMilliseconds 1460802084000
22.3158328,87.3246750, EA(1m)
AltWgs84 -19.0 m, EA(2m)
Hdg 94 deg, Spd 0.0 m/s
EA(NaN deg, NaN m/s)</description>
      <Style>
        <IconStyle>
          <Icon>
            <href>http://maps.google.com/mapfiles/kml/shapes/shaded_dot.png</href>
          </Icon>
          <scale>0.6</scale>
          <color>bff48542</color>
        </IconStyle>
      </Style>
      <Point>
        <altitudeMode>clampToGround</altitudeMode>
        <coordinates>87.3246750261158,22.3158328029701,0</coordinates>
      </Point>
    </Placemark>
    <Placemark>
      <Snippet maxLines="0"> </Snippet>
      <description>97
UTC 21-04-2026 10:21:07.00
GpsMilliseconds 1460802085000
22.3158328,87.3246750, EA(1m)
AltWgs84 -19.0 m, EA(1m)
Hdg 124 deg, Spd 0.0 m/s
EA(NaN deg, NaN m/s)</description>
      <Style>
        <IconStyle>
          <Icon>
            <href>http://maps.google.com/mapfiles/kml/shapes/shaded_dot.png</href>
          </Icon>
          <scale>0.6</scale>
          <color>bff48542</color>
        </IconStyle>
      </Style>
      <Point>
        <altitudeMode>clampToGround</altitudeMode>
        <coordinates>87.324675042292,22.3158327926281,0</coordinates>
      </Point>
    </Placemark>
    <Placemark>
      <Snippet maxLines="0"> </Snippet>
      <description>98
UTC 21-04-2026 10:21:08.00
GpsMilliseconds 1460802086000
22.3158328,87.3246751, EA(2m)
AltWgs84 -19.0 m, EA(2m)
Hdg 47 deg, Spd 0.0 m/s
EA(NaN deg, NaN m/s)</description>
      <Style>
        <IconStyle>
          <Icon>
            <href>http://maps.google.com/mapfiles/kml/shapes/shaded_dot.png</href>
          </Icon>
          <scale>0.6</scale>
          <color>bff48542</color>
        </IconStyle>
      </Style>
      <Point>
        <altitudeMode>clampToGround</altitudeMode>
        <coordinates>87.3246750990265,22.3158328416891,0</coordinates>
      </Point>
    </Placemark>
    <Placemark>
      <Snippet maxLines="0"> </Snippet>
      <description>99
UTC 21-04-2026 10:21:09.00
GpsMilliseconds 1460802087000
22.3158328,87.3246751, EA(2m)
AltWgs84 -19.0 m, EA(2m)
Hdg 218 deg, Spd 0.0 m/s
EA(NaN deg, NaN m/s)</description>
      <Style>
        <IconStyle>
          <Icon>
            <href>http://maps.google.com/mapfiles/kml/shapes/shaded_dot.png</href>
          </Icon>
          <scale>0.6</scale>
          <color>bff48542</color>
        </IconStyle>
      </Style>
      <Point>
        <altitudeMode>clampToGround</altitudeMode>
        <coordinates>87.3246750504881,22.3158327848416,0</coordinates>
      </Point>
    </Placemark>
    <Placemark>
      <Snippet maxLines="0"> </Snippet>
      <description>100
UTC 21-04-2026 10:21:10.00
GpsMilliseconds 1460802088000
22.3158328,87.3246751, EA(1m)
AltWgs84 -19.0 m, EA(1m)
Hdg 60 deg, Spd 0.0 m/s
EA(NaN deg, NaN m/s)</description>
      <Style>
        <IconStyle>
          <Icon>
            <href>http://maps.google.com/mapfiles/kml/shapes/shaded_dot.png</href>
          </Icon>
          <scale>0.6</scale>
          <color>bff48542</color>
        </IconStyle>
      </Style>
      <Point>
        <altitudeMode>clampToGround</altitudeMode>
        <coordinates>87.3246751241326,22.3158328245986,0</coordinates>
      </Point>
    </Placemark>
    <Placemark>
      <Snippet maxLines="0"> </Snippet>
      <description>101
UTC 21-04-2026 10:21:11.00
GpsMilliseconds 1460802089000
22.3158329,87.3246751, EA(1m)
AltWgs84 -19.0 m, EA(1m)
Hdg 341 deg, Spd 0.0 m/s
EA(NaN deg, NaN m/s)</description>
      <Style>
        <IconStyle>
          <Icon>
            <href>http://maps.google.com/mapfiles/kml/shapes/shaded_dot.png</href>
          </Icon>
          <scale>0.6</scale>
          <color>bff48542</color>
        </IconStyle>
      </Style>
      <Point>
        <altitudeMode>clampToGround</altitudeMode>
        <coordinates>87.3246750920401,22.315832912557,0</coordinates>
      </Point>
    </Placemark>
    <Placemark>
      <Snippet maxLines="0"> </Snippet>
      <description>102
UTC 21-04-2026 10:21:12.00
GpsMilliseconds 1460802090000
22.3158332,87.3246745, EA(1m)
AltWgs84 -19.4 m, EA(1m)
Hdg 295 deg, Spd 0.1 m/s
EA(NaN deg, NaN m/s)</description>
      <Style>
        <IconStyle>
          <Icon>
            <href>http://maps.google.com/mapfiles/kml/shapes/shaded_dot.png</href>
          </Icon>
          <scale>0.6</scale>
          <color>bff48542</color>
        </IconStyle>
      </Style>
      <Point>
        <altitudeMode>clampToGround</altitudeMode>
        <coordinates>87.3246744559812,22.3158331894489,0</coordinates>
      </Point>
    </Placemark>
    <Placemark>
      <Snippet maxLines="0"> </Snippet>
      <description>103
UTC 21-04-2026 10:21:13.00
GpsMilliseconds 1460802091000
22.3158334,87.3246739, EA(1m)
AltWgs84 -19.8 m, EA(1m)
Hdg 292 deg, Spd 0.1 m/s
EA(NaN deg, NaN m/s)</description>
      <Style>
        <IconStyle>
          <Icon>
            <href>http://maps.google.com/mapfiles/kml/shapes/shaded_dot.png</href>
          </Icon>
          <scale>0.6</scale>
          <color>bff48542</color>
        </IconStyle>
      </Style>
      <Point>
        <altitudeMode>clampToGround</altitudeMode>
        <coordinates>87.3246738895408,22.3158334004827,0</coordinates>
      </Point>
    </Placemark>
    <Placemark>
      <Snippet maxLines="0"> </Snippet>
      <description>104
UTC 21-04-2026 10:21:17.00
GpsMilliseconds 1460802095000
22.3158493,87.3246673, EA(1m)
AltWgs84 -13.0 m, EA(1m)
Hdg NaN deg, Spd NaN m/s
EA(NaN deg, NaN m/s)</description>
      <Style>
        <IconStyle>
          <Icon>
            <href>http://maps.google.com/mapfiles/kml/shapes/shaded_dot.png</href>
          </Icon>
          <scale>0.6</scale>
          <color>bff48542</color>
        </IconStyle>
      </Style>
      <Point>
        <altitudeMode>clampToGround</altitudeMode>
        <coordinates>87.3246672901833,22.3158492896885,0</coordinates>
      </Point>
    </Placemark>
    <Placemark>
      <Snippet maxLines="0"> </Snippet>
      <description>105
UTC 21-04-2026 10:21:18.00
GpsMilliseconds 1460802096000
22.3158492,87.3246673, EA(1m)
AltWgs84 -13.0 m, EA(1m)
Hdg 168 deg, Spd 0.0 m/s
EA(NaN deg, NaN m/s)</description>
      <Style>
        <IconStyle>
          <Icon>
            <href>http://maps.google.com/mapfiles/kml/shapes/shaded_dot.png</href>
          </Icon>
          <scale>0.6</scale>
          <color>bff48542</color>
        </IconStyle>
      </Style>
      <Point>
        <altitudeMode>clampToGround</altitudeMode>
        <coordinates>87.324667303106,22.3158492314103,0</coordinates>
      </Point>
    </Placemark>
    <Placemark>
      <Snippet maxLines="0"> </Snippet>
      <description>106
UTC 21-04-2026 10:21:19.00
GpsMilliseconds 1460802097000
22.3158493,87.3246673, EA(1m)
AltWgs84 -13.0 m, EA(1m)
Hdg 1 deg, Spd 0.0 m/s
EA(NaN deg, NaN m/s)</description>
      <Style>
        <IconStyle>
          <Icon>
            <href>http://maps.google.com/mapfiles/kml/shapes/shaded_dot.png</href>
          </Icon>
          <scale>0.6</scale>
          <color>bff48542</color>
        </IconStyle>
      </Style>
      <Point>
        <altitudeMode>clampToGround</altitudeMode>
        <coordinates>87.3246673046832,22.3158492881848,0</coordinates>
      </Point>
    </Placemark>
    <Placemark>
      <Snippet maxLines="0"> </Snippet>
      <description>107
UTC 21-04-2026 10:21:20.00
GpsMilliseconds 1460802098000
22.3158493,87.3246673, EA(1m)
AltWgs84 -13.0 m, EA(1m)
Hdg 127 deg, Spd 0.0 m/s
EA(NaN deg, NaN m/s)</description>
      <Style>
        <IconStyle>
          <Icon>
            <href>http://maps.google.com/mapfiles/kml/shapes/shaded_dot.png</href>
          </Icon>
          <scale>0.6</scale>
          <color>bff48542</color>
        </IconStyle>
      </Style>
      <Point>
        <altitudeMode>clampToGround</altitudeMode>
        <coordinates>87.3246673353697,22.3158492665257,0</coordinates>
      </Point>
    </Placemark>
    <Placemark>
      <Snippet maxLines="0"> </Snippet>
      <description>108
UTC 21-04-2026 10:21:21.00
GpsMilliseconds 1460802099000
22.3158493,87.3246673, EA(1m)
AltWgs84 -13.0 m, EA(1m)
Hdg 12 deg, Spd 0.0 m/s
EA(NaN deg, NaN m/s)</description>
      <Style>
        <IconStyle>
          <Icon>
            <href>http://maps.google.com/mapfiles/kml/shapes/shaded_dot.png</href>
          </Icon>
          <scale>0.6</scale>
          <color>bff48542</color>
        </IconStyle>
      </Style>
      <Point>
        <altitudeMode>clampToGround</altitudeMode>
        <coordinates>87.3246673426873,22.3158492998145,0</coordinates>
      </Point>
    </Placemark>
    <Placemark>
      <Snippet maxLines="0"> </Snippet>
      <description>109
UTC 21-04-2026 10:21:22.00
GpsMilliseconds 1460802100000
22.3158493,87.3246674, EA(1m)
AltWgs84 -13.0 m, EA(1m)
Hdg 84 deg, Spd 0.0 m/s
EA(NaN deg, NaN m/s)</description>
      <Style>
        <IconStyle>
          <Icon>
            <href>http://maps.google.com/mapfiles/kml/shapes/shaded_dot.png</href>
          </Icon>
          <scale>0.6</scale>
          <color>bff48542</color>
        </IconStyle>
      </Style>
      <Point>
        <altitudeMode>clampToGround</altitudeMode>
        <coordinates>87.3246674027701,22.315849306156,0</coordinates>
      </Point>
    </Placemark>
    <Placemark>
      <Snippet maxLines="0"> </Snippet>
      <description>110
UTC 21-04-2026 10:21:23.00
GpsMilliseconds 1460802101000
22.3158493,87.3246674, EA(1m)
AltWgs84 -13.0 m, EA(1m)
Hdg 172 deg, Spd 0.0 m/s
EA(NaN deg, NaN m/s)</description>
      <Style>
        <IconStyle>
          <Icon>
            <href>http://maps.google.com/mapfiles/kml/shapes/shaded_dot.png</href>
          </Icon>
          <scale>0.6</scale>
          <color>bff48542</color>
        </IconStyle>
      </Style>
      <Point>
        <altitudeMode>clampToGround</altitudeMode>
        <coordinates>87.324667407309,22.3158492745592,0</coordinates>
      </Point>
    </Placemark>
    <Placemark>
      <Snippet maxLines="0"> </Snippet>
      <description>111
UTC 21-04-2026 10:21:24.00
GpsMilliseconds 1460802102000
22.3158492,87.3246674, EA(1m)
AltWgs84 -13.0 m, EA(1m)
Hdg 180 deg, Spd 0.0 m/s
EA(NaN deg, NaN m/s)</description>
      <Style>
        <IconStyle>
          <Icon>
            <href>http://maps.google.com/mapfiles/kml/shapes/shaded_dot.png</href>
          </Icon>
          <scale>0.6</scale>
          <color>bff48542</color>
        </IconStyle>
      </Style>
      <Point>
        <altitudeMode>clampToGround</altitudeMode>
        <coordinates>87.3246674076846,22.3158492171762,0</coordinates>
      </Point>
    </Placemark>
    <Placemark>
      <Snippet maxLines="0"> </Snippet>
      <description>112
UTC 21-04-2026 10:21:25.00
GpsMilliseconds 1460802103000
22.3158491,87.3246674, EA(1m)
AltWgs84 -13.0 m, EA(1m)
Hdg 157 deg, Spd 0.0 m/s
EA(NaN deg, NaN m/s)</description>
      <Style>
        <IconStyle>
          <Icon>
            <href>http://maps.google.com/mapfiles/kml/shapes/shaded_dot.png</href>
          </Icon>
          <scale>0.6</scale>
          <color>bff48542</color>
        </IconStyle>
      </Style>
      <Point>
        <altitudeMode>clampToGround</altitudeMode>
        <coordinates>87.3246674454661,22.3158491352283,0</coordinates>
      </Point>
    </Placemark>
    <Placemark>
      <Snippet maxLines="0"> </Snippet>
      <description>113
UTC 21-04-2026 10:21:26.00
GpsMilliseconds 1460802104000
22.3158491,87.3246675, EA(1m)
AltWgs84 -13.0 m, EA(1m)
Hdg 97 deg, Spd 0.0 m/s
EA(NaN deg, NaN m/s)</description>
      <Style>
        <IconStyle>
          <Icon>
            <href>http://maps.google.com/mapfiles/kml/shapes/shaded_dot.png</href>
          </Icon>
          <scale>0.6</scale>
          <color>bff48542</color>
        </IconStyle>
      </Style>
      <Point>
        <altitudeMode>clampToGround</altitudeMode>
        <coordinates>87.3246674662318,22.315849132844,0</coordinates>
      </Point>
    </Placemark>
    <Placemark>
      <Snippet maxLines="0"> </Snippet>
      <description>114
UTC 21-04-2026 10:21:27.00
GpsMilliseconds 1460802105000
22.3158491,87.3246675, EA(1m)
AltWgs84 -13.0 m, EA(1m)
Hdg 118 deg, Spd 0.0 m/s
EA(NaN deg, NaN m/s)</description>
      <Style>
        <IconStyle>
          <Icon>
            <href>http://maps.google.com/mapfiles/kml/shapes/shaded_dot.png</href>
          </Icon>
          <scale>0.6</scale>
          <color>bff48542</color>
        </IconStyle>
      </Style>
      <Point>
        <altitudeMode>clampToGround</altitudeMode>
        <coordinates>87.3246674742213,22.3158491288724,0</coordinates>
      </Point>
    </Placemark>
    <Placemark>
      <Snippet maxLines="0"> </Snippet>
      <description>115
UTC 21-04-2026 10:21:28.00
GpsMilliseconds 1460802106000
22.3158491,87.3246675, EA(1m)
AltWgs84 -13.0 m, EA(1m)
Hdg 159 deg, Spd 0.0 m/s
EA(NaN deg, NaN m/s)</description>
      <Style>
        <IconStyle>
          <Icon>
            <href>http://maps.google.com/mapfiles/kml/shapes/shaded_dot.png</href>
          </Icon>
          <scale>0.6</scale>
          <color>bff48542</color>
        </IconStyle>
      </Style>
      <Point>
        <altitudeMode>clampToGround</altitudeMode>
        <coordinates>87.3246674951189,22.3158490774867,0</coordinates>
      </Point>
    </Placemark>
    <Placemark>
      <Snippet maxLines="0"> </Snippet>
      <description>116
UTC 21-04-2026 10:21:29.00
GpsMilliseconds 1460802107000
22.3158491,87.3246676, EA(1m)
AltWgs84 -13.0 m, EA(1m)
Hdg 56 deg, Spd 0.0 m/s
EA(NaN deg, NaN m/s)</description>
      <Style>
        <IconStyle>
          <Icon>
            <href>http://maps.google.com/mapfiles/kml/shapes/shaded_dot.png</href>
          </Icon>
          <scale>0.6</scale>
          <color>bff48542</color>
        </IconStyle>
      </Style>
      <Point>
        <altitudeMode>clampToGround</altitudeMode>
        <coordinates>87.3246675519548,22.3158491137065,0</coordinates>
      </Point>
    </Placemark>
    <Placemark>
      <Snippet maxLines="0"> </Snippet>
      <description>117
UTC 21-04-2026 10:21:30.00
GpsMilliseconds 1460802108000
22.3158491,87.3246675, EA(1m)
AltWgs84 -13.0 m, EA(1m)
Hdg 331 deg, Spd 0.0 m/s
EA(NaN deg, NaN m/s)</description>
      <Style>
        <IconStyle>
          <Icon>
            <href>http://maps.google.com/mapfiles/kml/shapes/shaded_dot.png</href>
          </Icon>
          <scale>0.6</scale>
          <color>bff48542</color>
        </IconStyle>
      </Style>
      <Point>
        <altitudeMode>clampToGround</altitudeMode>
        <coordinates>87.324667546598,22.3158491227967,0</coordinates>
      </Point>
    </Placemark>
    <Placemark>
      <Snippet maxLines="0"> </Snippet>
      <description>118
UTC 21-04-2026 10:21:31.00
GpsMilliseconds 1460802109000
22.3158491,87.3246676, EA(1m)
AltWgs84 -13.0 m, EA(1m)
Hdg 46 deg, Spd 0.0 m/s
EA(NaN deg, NaN m/s)</description>
      <Style>
        <IconStyle>
          <Icon>
            <href>http://maps.google.com/mapfiles/kml/shapes/shaded_dot.png</href>
          </Icon>
          <scale>0.6</scale>
          <color>bff48542</color>
        </IconStyle>
      </Style>
      <Point>
        <altitudeMode>clampToGround</altitudeMode>
        <coordinates>87.3246675644376,22.3158491386391,0</coordinates>
      </Point>
    </Placemark>
    <Placemark>
      <Snippet maxLines="0"> </Snippet>
      <description>119
UTC 21-04-2026 10:21:32.00
GpsMilliseconds 1460802110000
22.3158491,87.3246676, EA(1m)
AltWgs84 -13.0 m, EA(1m)
Hdg 43 deg, Spd 0.0 m/s
EA(NaN deg, NaN m/s)</description>
      <Style>
        <IconStyle>
          <Icon>
            <href>http://maps.google.com/mapfiles/kml/shapes/shaded_dot.png</href>
          </Icon>
          <scale>0.6</scale>
          <color>bff48542</color>
        </IconStyle>
      </Style>
      <Point>
        <altitudeMode>clampToGround</altitudeMode>
        <coordinates>87.3246675747123,22.3158491489007,0</coordinates>
      </Point>
    </Placemark>
    <Placemark>
      <Snippet maxLines="0"> </Snippet>
      <description>120
UTC 21-04-2026 10:21:33.00
GpsMilliseconds 1460802111000
22.3158491,87.3246676, EA(1m)
AltWgs84 -13.0 m, EA(1m)
Hdg 121 deg, Spd 0.0 m/s
EA(NaN deg, NaN m/s)</description>
      <Style>
        <IconStyle>
          <Icon>
            <href>http://maps.google.com/mapfiles/kml/shapes/shaded_dot.png</href>
          </Icon>
          <scale>0.6</scale>
          <color>bff48542</color>
        </IconStyle>
      </Style>
      <Point>
        <altitudeMode>clampToGround</altitudeMode>
        <coordinates>87.324667621532,22.3158491230372,0</coordinates>
      </Point>
    </Placemark>
    <Placemark>
      <Snippet maxLines="0"> </Snippet>
      <description>121
UTC 21-04-2026 10:21:34.00
GpsMilliseconds 1460802112000
22.3158491,87.3246677, EA(1m)
AltWgs84 -13.0 m, EA(1m)
Hdg 126 deg, Spd 0.0 m/s
EA(NaN deg, NaN m/s)</description>
      <Style>
        <IconStyle>
          <Icon>
            <href>http://maps.google.com/mapfiles/kml/shapes/shaded_dot.png</href>
          </Icon>
          <scale>0.6</scale>
          <color>bff48542</color>
        </IconStyle>
      </Style>
      <Point>
        <altitudeMode>clampToGround</altitudeMode>
        <coordinates>87.3246676641844,22.3158490937633,0</coordinates>
      </Point>
    </Placemark>
    <Placemark>
      <Snippet maxLines="0"> </Snippet>
      <description>122
UTC 21-04-2026 10:21:35.00
GpsMilliseconds 1460802113000
22.3158491,87.3246676, EA(1m)
AltWgs84 -13.0 m, EA(1m)
Hdg 276 deg, Spd 0.0 m/s
EA(NaN deg, NaN m/s)</description>
      <Style>
        <IconStyle>
          <Icon>
            <href>http://maps.google.com/mapfiles/kml/shapes/shaded_dot.png</href>
          </Icon>
          <scale>0.6</scale>
          <color>bff48542</color>
        </IconStyle>
      </Style>
      <Point>
        <altitudeMode>clampToGround</altitudeMode>
        <coordinates>87.3246676371428,22.3158490966143,0</coordinates>
      </Point>
    </Placemark>
    <Placemark>
      <Snippet maxLines="0"> </Snippet>
      <description>123
UTC 21-04-2026 10:21:36.00
GpsMilliseconds 1460802114000
22.3158491,87.3246677, EA(1m)
AltWgs84 -13.0 m, EA(1m)
Hdg 137 deg, Spd 0.0 m/s
EA(NaN deg, NaN m/s)</description>
      <Style>
        <IconStyle>
          <Icon>
            <href>http://maps.google.com/mapfiles/kml/shapes/shaded_dot.png</href>
          </Icon>
          <scale>0.6</scale>
          <color>bff48542</color>
        </IconStyle>
      </Style>
      <Point>
        <altitudeMode>clampToGround</altitudeMode>
        <coordinates>87.324667681434,22.3158490519136,0</coordinates>
      </Point>
    </Placemark>
    <Placemark>
      <Snippet maxLines="0"> </Snippet>
      <description>124
UTC 21-04-2026 10:21:37.00
GpsMilliseconds 1460802115000
22.3158491,87.3246677, EA(1m)
AltWgs84 -13.0 m, EA(1m)
Hdg 47 deg, Spd 0.0 m/s
EA(NaN deg, NaN m/s)</description>
      <Style>
        <IconStyle>
          <Icon>
            <href>http://maps.google.com/mapfiles/kml/shapes/shaded_dot.png</href>
          </Icon>
          <scale>0.6</scale>
          <color>bff48542</color>
        </IconStyle>
      </Style>
      <Point>
        <altitudeMode>clampToGround</altitudeMode>
        <coordinates>87.3246677263608,22.3158490908618,0</coordinates>
      </Point>
    </Placemark>
    <Placemark>
      <Snippet maxLines="0"> </Snippet>
      <description>125
UTC 21-04-2026 10:21:38.00
GpsMilliseconds 1460802116000
22.3158491,87.3246677, EA(1m)
AltWgs84 -13.0 m, EA(1m)
Hdg 224 deg, Spd 0.0 m/s
EA(NaN deg, NaN m/s)</description>
      <Style>
        <IconStyle>
          <Icon>
            <href>http://maps.google.com/mapfiles/kml/shapes/shaded_dot.png</href>
          </Icon>
          <scale>0.6</scale>
          <color>bff48542</color>
        </IconStyle>
      </Style>
      <Point>
        <altitudeMode>clampToGround</altitudeMode>
        <coordinates>87.3246676947422,22.3158490608213,0</coordinates>
      </Point>
    </Placemark>
    <Placemark>
      <Snippet maxLines="0"> </Snippet>
      <description>126
UTC 21-04-2026 10:21:42.100
GpsMilliseconds 1460802120999
22.3158396,87.3246828, EA(0m)
AltWgs84 -11.6 m, EA(1m)
Hdg NaN deg, Spd NaN m/s
EA(NaN deg, NaN m/s)</description>
      <Style>
        <IconStyle>
          <Icon>
            <href>http://maps.google.com/mapfiles/kml/shapes/shaded_dot.png</href>
          </Icon>
          <scale>0.6</scale>
          <color>bff48542</color>
        </IconStyle>
      </Style>
      <Point>
        <altitudeMode>clampToGround</altitudeMode>
        <coordinates>87.3246828299453,22.3158396042851,0</coordinates>
      </Point>
    </Placemark>
    <Placemark>
      <Snippet maxLines="0"> </Snippet>
      <description>127
UTC 21-04-2026 10:21:43.100
GpsMilliseconds 1460802121999
22.3158396,87.3246829, EA(1m)
AltWgs84 -11.5 m, EA(2m)
Hdg 36 deg, Spd 0.0 m/s
EA(NaN deg, NaN m/s)</description>
      <Style>
        <IconStyle>
          <Icon>
            <href>http://maps.google.com/mapfiles/kml/shapes/shaded_dot.png</href>
          </Icon>
          <scale>0.6</scale>
          <color>bff48542</color>
        </IconStyle>
      </Style>
      <Point>
        <altitudeMode>clampToGround</altitudeMode>
        <coordinates>87.3246828616083,22.3158396444426,0</coordinates>
      </Point>
    </Placemark>
    <Placemark>
      <Snippet maxLines="0"> </Snippet>
      <description>128
UTC 21-04-2026 10:21:44.100
GpsMilliseconds 1460802122999
22.3158396,87.3246829, EA(1m)
AltWgs84 -11.5 m, EA(1m)
Hdg 136 deg, Spd 0.0 m/s
EA(NaN deg, NaN m/s)</description>
      <Style>
        <IconStyle>
          <Icon>
            <href>http://maps.google.com/mapfiles/kml/shapes/shaded_dot.png</href>
          </Icon>
          <scale>0.6</scale>
          <color>bff48542</color>
        </IconStyle>
      </Style>
      <Point>
        <altitudeMode>clampToGround</altitudeMode>
        <coordinates>87.3246828833121,22.3158396237316,0</coordinates>
      </Point>
    </Placemark>
    <Placemark>
      <Snippet maxLines="0"> </Snippet>
      <description>129
UTC 21-04-2026 10:21:45.100
GpsMilliseconds 1460802123999
22.3158396,87.3246829, EA(1m)
AltWgs84 -11.5 m, EA(1m)
Hdg 143 deg, Spd 0.0 m/s
EA(NaN deg, NaN m/s)</description>
      <Style>
        <IconStyle>
          <Icon>
            <href>http://maps.google.com/mapfiles/kml/shapes/shaded_dot.png</href>
          </Icon>
          <scale>0.6</scale>
          <color>bff48542</color>
        </IconStyle>
      </Style>
      <Point>
        <altitudeMode>clampToGround</altitudeMode>
        <coordinates>87.3246829145817,22.3158395846832,0</coordinates>
      </Point>
    </Placemark>
    <Placemark>
      <Snippet maxLines="0"> </Snippet>
      <description>130
UTC 21-04-2026 10:21:46.100
GpsMilliseconds 1460802124999
22.3158396,87.3246829, EA(1m)
AltWgs84 -11.5 m, EA(1m)
Hdg 97 deg, Spd 0.0 m/s
EA(NaN deg, NaN m/s)</description>
      <Style>
        <IconStyle>
          <Icon>
            <href>http://maps.google.com/mapfiles/kml/shapes/shaded_dot.png</href>
          </Icon>
          <scale>0.6</scale>
          <color>bff48542</color>
        </IconStyle>
      </Style>
      <Point>
        <altitudeMode>clampToGround</altitudeMode>
        <coordinates>87.3246829375182,22.3158395820739,0</coordinates>
      </Point>
    </Placemark>
    <Placemark>
      <Snippet maxLines="0"> </Snippet>
      <description>131
UTC 21-04-2026 10:21:47.100
GpsMilliseconds 1460802125999
22.3158396,87.3246830, EA(1m)
AltWgs84 -11.5 m, EA(1m)
Hdg 99 deg, Spd 0.0 m/s
EA(NaN deg, NaN m/s)</description>
      <Style>
        <IconStyle>
          <Icon>
            <href>http://maps.google.com/mapfiles/kml/shapes/shaded_dot.png</href>
          </Icon>
          <scale>0.6</scale>
          <color>bff48542</color>
        </IconStyle>
      </Style>
      <Point>
        <altitudeMode>clampToGround</altitudeMode>
        <coordinates>87.3246829582287,22.3158395790705,0</coordinates>
      </Point>
    </Placemark>
    <Placemark>
      <Snippet maxLines="0"> </Snippet>
      <description>132
UTC 21-04-2026 10:21:48.100
GpsMilliseconds 1460802126999
22.3158396,87.3246830, EA(1m)
AltWgs84 -11.5 m, EA(1m)
Hdg 103 deg, Spd 0.0 m/s
EA(NaN deg, NaN m/s)</description>
      <Style>
        <IconStyle>
          <Icon>
            <href>http://maps.google.com/mapfiles/kml/shapes/shaded_dot.png</href>
          </Icon>
          <scale>0.6</scale>
          <color>bff48542</color>
        </IconStyle>
      </Style>
      <Point>
        <altitudeMode>clampToGround</altitudeMode>
        <coordinates>87.3246829695079,22.3158395765821,0</coordinates>
      </Point>
    </Placemark>
    <Placemark>
      <Snippet maxLines="0"> </Snippet>
      <description>133
UTC 21-04-2026 10:21:49.100
GpsMilliseconds 1460802127999
22.3158395,87.3246830, EA(1m)
AltWgs84 -11.5 m, EA(1m)
Hdg 156 deg, Spd 0.0 m/s
EA(NaN deg, NaN m/s)</description>
      <Style>
        <IconStyle>
          <Icon>
            <href>http://maps.google.com/mapfiles/kml/shapes/shaded_dot.png</href>
          </Icon>
          <scale>0.6</scale>
          <color>bff48542</color>
        </IconStyle>
      </Style>
      <Point>
        <altitudeMode>clampToGround</altitudeMode>
        <coordinates>87.3246830057406,22.3158394996872,0</coordinates>
      </Point>
    </Placemark>
    <Placemark>
      <Snippet maxLines="0"> </Snippet>
      <description>134
UTC 21-04-2026 10:21:50.100
GpsMilliseconds 1460802128999
22.3158395,87.3246830, EA(1m)
AltWgs84 -11.5 m, EA(1m)
Hdg 33 deg, Spd 0.0 m/s
EA(NaN deg, NaN m/s)</description>
      <Style>
        <IconStyle>
          <Icon>
            <href>http://maps.google.com/mapfiles/kml/shapes/shaded_dot.png</href>
          </Icon>
          <scale>0.6</scale>
          <color>bff48542</color>
        </IconStyle>
      </Style>
      <Point>
        <altitudeMode>clampToGround</altitudeMode>
        <coordinates>87.3246830153288,22.3158395133768,0</coordinates>
      </Point>
    </Placemark>
    <Placemark>
      <Snippet maxLines="0"> </Snippet>
      <description>135
UTC 21-04-2026 10:21:51.100
GpsMilliseconds 1460802129999
22.3158395,87.3246830, EA(1m)
AltWgs84 -11.5 m, EA(1m)
Hdg 125 deg, Spd 0.0 m/s
EA(NaN deg, NaN m/s)</description>
      <Style>
        <IconStyle>
          <Icon>
            <href>http://maps.google.com/mapfiles/kml/shapes/shaded_dot.png</href>
          </Icon>
          <scale>0.6</scale>
          <color>bff48542</color>
        </IconStyle>
      </Style>
      <Point>
        <altitudeMode>clampToGround</altitudeMode>
        <coordinates>87.3246830437234,22.3158394949943,0</coordinates>
      </Point>
    </Placemark>
    <Placemark>
      <Snippet maxLines="0"> </Snippet>
      <description>136
UTC 21-04-2026 10:21:52.100
GpsMilliseconds 1460802130999
22.3158395,87.3246831, EA(1m)
AltWgs84 -11.5 m, EA(1m)
Hdg 33 deg, Spd 0.0 m/s
EA(NaN deg, NaN m/s)</description>
      <Style>
        <IconStyle>
          <Icon>
            <href>http://maps.google.com/mapfiles/kml/shapes/shaded_dot.png</href>
          </Icon>
          <scale>0.6</scale>
          <color>bff48542</color>
        </IconStyle>
      </Style>
      <Point>
        <altitudeMode>clampToGround</altitudeMode>
        <coordinates>87.3246830569492,22.3158395140135,0</coordinates>
      </Point>
    </Placemark>
    <Placemark>
      <Snippet maxLines="0"> </Snippet>
      <description>137
UTC 21-04-2026 10:21:53.100
GpsMilliseconds 1460802131999
22.3158395,87.3246831, EA(1m)
AltWgs84 -11.5 m, EA(1m)
Hdg 137 deg, Spd 0.0 m/s
EA(NaN deg, NaN m/s)</description>
      <Style>
        <IconStyle>
          <Icon>
            <href>http://maps.google.com/mapfiles/kml/shapes/shaded_dot.png</href>
          </Icon>
          <scale>0.6</scale>
          <color>bff48542</color>
        </IconStyle>
      </Style>
      <Point>
        <altitudeMode>clampToGround</altitudeMode>
        <coordinates>87.3246831021004,22.3158394694871,0</coordinates>
      </Point>
    </Placemark>
    <Placemark>
      <Snippet maxLines="0"> </Snippet>
      <description>138
UTC 21-04-2026 10:21:54.100
GpsMilliseconds 1460802132999
22.3158394,87.3246831, EA(1m)
AltWgs84 -11.5 m, EA(1m)
Hdg 151 deg, Spd 0.0 m/s
EA(NaN deg, NaN m/s)</description>
      <Style>
        <IconStyle>
          <Icon>
            <href>http://maps.google.com/mapfiles/kml/shapes/shaded_dot.png</href>
          </Icon>
          <scale>0.6</scale>
          <color>bff48542</color>
        </IconStyle>
      </Style>
      <Point>
        <altitudeMode>clampToGround</altitudeMode>
        <coordinates>87.3246831195858,22.3158394403764,0</coordinates>
      </Point>
    </Placemark>
    <Placemark>
      <Snippet maxLines="0"> </Snippet>
      <description>139
UTC 21-04-2026 10:21:55.100
GpsMilliseconds 1460802133999
22.3158394,87.3246832, EA(1m)
AltWgs84 -11.5 m, EA(1m)
Hdg 110 deg, Spd 0.0 m/s
EA(NaN deg, NaN m/s)</description>
      <Style>
        <IconStyle>
          <Icon>
            <href>http://maps.google.com/mapfiles/kml/shapes/shaded_dot.png</href>
          </Icon>
          <scale>0.6</scale>
          <color>bff48542</color>
        </IconStyle>
      </Style>
      <Point>
        <altitudeMode>clampToGround</altitudeMode>
        <coordinates>87.3246831804668,22.3158394201429,0</coordinates>
      </Point>
    </Placemark>
    <Placemark>
      <Snippet maxLines="0"> </Snippet>
      <description>140
UTC 21-04-2026 10:21:56.100
GpsMilliseconds 1460802134999
22.3158388,87.3246834, EA(7m)
AltWgs84 -11.6 m, EA(7m)
Hdg 162 deg, Spd 0.1 m/s
EA(NaN deg, NaN m/s)</description>
      <Style>
        <IconStyle>
          <Icon>
            <href>http://maps.google.com/mapfiles/kml/shapes/shaded_dot.png</href>
          </Icon>
          <scale>0.6</scale>
          <color>bff48542</color>
        </IconStyle>
      </Style>
      <Point>
        <altitudeMode>clampToGround</altitudeMode>
        <coordinates>87.3246833751822,22.3158388489531,0</coordinates>
      </Point>
    </Placemark>
    <Placemark>
      <Snippet maxLines="0"> </Snippet>
      <description>141
UTC 21-04-2026 10:21:57.100
GpsMilliseconds 1460802135999
22.3158388,87.3246834, EA(1m)
AltWgs84 -11.6 m, EA(1m)
Hdg 214 deg, Spd 0.0 m/s
EA(NaN deg, NaN m/s)</description>
      <Style>
        <IconStyle>
          <Icon>
            <href>http://maps.google.com/mapfiles/kml/shapes/shaded_dot.png</href>
          </Icon>
          <scale>0.6</scale>
          <color>bff48542</color>
        </IconStyle>
      </Style>
      <Point>
        <altitudeMode>clampToGround</altitudeMode>
        <coordinates>87.3246833642502,22.3158388339263,0</coordinates>
      </Point>
    </Placemark>
    <Placemark>
      <Snippet maxLines="0"> </Snippet>
      <description>142
UTC 21-04-2026 10:21:58.100
GpsMilliseconds 1460802136999
22.3158388,87.3246834, EA(0m)
AltWgs84 -11.6 m, EA(1m)
Hdg 136 deg, Spd 0.0 m/s
EA(NaN deg, NaN m/s)</description>
      <Style>
        <IconStyle>
          <Icon>
            <href>http://maps.google.com/mapfiles/kml/shapes/shaded_dot.png</href>
          </Icon>
          <scale>0.6</scale>
          <color>bff48542</color>
        </IconStyle>
      </Style>
      <Point>
        <altitudeMode>clampToGround</altitudeMode>
        <coordinates>87.3246833737667,22.3158388248381,0</coordinates>
      </Point>
    </Placemark>
    <Placemark>
      <Snippet maxLines="0"> </Snippet>
      <description>143
UTC 21-04-2026 10:21:59.100
GpsMilliseconds 1460802137999
22.3158388,87.3246834, EA(0m)
AltWgs84 -11.6 m, EA(1m)
Hdg 116 deg, Spd 0.0 m/s
EA(NaN deg, NaN m/s)</description>
      <Style>
        <IconStyle>
          <Icon>
            <href>http://maps.google.com/mapfiles/kml/shapes/shaded_dot.png</href>
          </Icon>
          <scale>0.6</scale>
          <color>bff48542</color>
        </IconStyle>
      </Style>
      <Point>
        <altitudeMode>clampToGround</altitudeMode>
        <coordinates>87.3246834017427,22.3158388119516,0</coordinates>
      </Point>
    </Placemark>
    <Placemark>
      <Snippet maxLines="0"> </Snippet>
      <description>144
UTC 21-04-2026 10:22:00.100
GpsMilliseconds 1460802138999
22.3158388,87.3246835, EA(0m)
AltWgs84 -11.6 m, EA(1m)
Hdg 70 deg, Spd 0.0 m/s
EA(NaN deg, NaN m/s)</description>
      <Style>
        <IconStyle>
          <Icon>
            <href>http://maps.google.com/mapfiles/kml/shapes/shaded_dot.png</href>
          </Icon>
          <scale>0.6</scale>
          <color>bff48542</color>
        </IconStyle>
      </Style>
      <Point>
        <altitudeMode>clampToGround</altitudeMode>
        <coordinates>87.3246834583357,22.3158388311108,0</coordinates>
      </Point>
    </Placemark>
    <Placemark>
      <Snippet maxLines="0"> </Snippet>
      <description>145
UTC 21-04-2026 10:22:01.100
GpsMilliseconds 1460802139999
22.3158388,87.3246835, EA(0m)
AltWgs84 -11.6 m, EA(1m)
Hdg 127 deg, Spd 0.0 m/s
EA(NaN deg, NaN m/s)</description>
      <Style>
        <IconStyle>
          <Icon>
            <href>http://maps.google.com/mapfiles/kml/shapes/shaded_dot.png</href>
          </Icon>
          <scale>0.6</scale>
          <color>bff48542</color>
        </IconStyle>
      </Style>
      <Point>
        <altitudeMode>clampToGround</altitudeMode>
        <coordinates>87.3246834825406,22.3158388144278,0</coordinates>
      </Point>
    </Placemark>
    <Placemark>
      <Snippet maxLines="0"> </Snippet>
      <description>146
UTC 21-04-2026 10:22:02.100
GpsMilliseconds 1460802140999
22.3158388,87.3246835, EA(1m)
AltWgs84 -11.6 m, EA(1m)
Hdg 175 deg, Spd 0.0 m/s
EA(NaN deg, NaN m/s)</description>
      <Style>
        <IconStyle>
          <Icon>
            <href>http://maps.google.com/mapfiles/kml/shapes/shaded_dot.png</href>
          </Icon>
          <scale>0.6</scale>
          <color>bff48542</color>
        </IconStyle>
      </Style>
      <Point>
        <altitudeMode>clampToGround</altitudeMode>
        <coordinates>87.3246834873371,22.3158387607006,0</coordinates>
      </Point>
    </Placemark>
    <Placemark>
      <Snippet maxLines="0"> </Snippet>
      <description>147
UTC 21-04-2026 10:22:03.100
GpsMilliseconds 1460802141999
22.3158388,87.3246835, EA(1m)
AltWgs84 -11.6 m, EA(1m)
Hdg 44 deg, Spd 0.0 m/s
EA(NaN deg, NaN m/s)</description>
      <Style>
        <IconStyle>
          <Icon>
            <href>http://maps.google.com/mapfiles/kml/shapes/shaded_dot.png</href>
          </Icon>
          <scale>0.6</scale>
          <color>bff48542</color>
        </IconStyle>
      </Style>
      <Point>
        <altitudeMode>clampToGround</altitudeMode>
        <coordinates>87.3246835136358,22.3158387859853,0</coordinates>
      </Point>
    </Placemark>
    <Placemark>
      <Snippet maxLines="0"> </Snippet>
      <description>148
UTC 21-04-2026 10:22:04.100
GpsMilliseconds 1460802142999
22.3158388,87.3246835, EA(1m)
AltWgs84 -11.6 m, EA(1m)
Hdg 158 deg, Spd 0.0 m/s
EA(NaN deg, NaN m/s)</description>
      <Style>
        <IconStyle>
          <Icon>
            <href>http://maps.google.com/mapfiles/kml/shapes/shaded_dot.png</href>
          </Icon>
          <scale>0.6</scale>
          <color>bff48542</color>
        </IconStyle>
      </Style>
      <Point>
        <altitudeMode>clampToGround</altitudeMode>
        <coordinates>87.3246835253181,22.3158387594975,0</coordinates>
      </Point>
    </Placemark>
    <Placemark>
      <Snippet maxLines="0"> </Snippet>
      <description>149
UTC 21-04-2026 10:22:05.100
GpsMilliseconds 1460802143999
22.3158387,87.3246836, EA(1m)
AltWgs84 -11.6 m, EA(1m)
Hdg 114 deg, Spd 0.0 m/s
EA(NaN deg, NaN m/s)</description>
      <Style>
        <IconStyle>
          <Icon>
            <href>http://maps.google.com/mapfiles/kml/shapes/shaded_dot.png</href>
          </Icon>
          <scale>0.6</scale>
          <color>bff48542</color>
        </IconStyle>
      </Style>
      <Point>
        <altitudeMode>clampToGround</altitudeMode>
        <coordinates>87.3246835657057,22.315838743014,0</coordinates>
      </Point>
    </Placemark>
    <Placemark>
      <Snippet maxLines="0"> </Snippet>
      <description>150
UTC 21-04-2026 10:22:06.100
GpsMilliseconds 1460802144999
22.3158387,87.3246836, EA(1m)
AltWgs84 -11.6 m, EA(1m)
Hdg 119 deg, Spd 0.0 m/s
EA(NaN deg, NaN m/s)</description>
      <Style>
        <IconStyle>
          <Icon>
            <href>http://maps.google.com/mapfiles/kml/shapes/shaded_dot.png</href>
          </Icon>
          <scale>0.6</scale>
          <color>bff48542</color>
        </IconStyle>
      </Style>
      <Point>
        <altitudeMode>clampToGround</altitudeMode>
        <coordinates>87.3246836123657,22.3158387187074,0</coordinates>
      </Point>
    </Placemark>
    <Placemark>
      <Snippet maxLines="0"> </Snippet>
      <description>151
UTC 21-04-2026 10:22:07.100
GpsMilliseconds 1460802145999
22.3158387,87.3246836, EA(1m)
AltWgs84 -11.6 m, EA(1m)
Hdg 123 deg, Spd 0.0 m/s
EA(NaN deg, NaN m/s)</description>
      <Style>
        <IconStyle>
          <Icon>
            <href>http://maps.google.com/mapfiles/kml/shapes/shaded_dot.png</href>
          </Icon>
          <scale>0.6</scale>
          <color>bff48542</color>
        </IconStyle>
      </Style>
      <Point>
        <altitudeMode>clampToGround</altitudeMode>
        <coordinates>87.3246836454841,22.3158386986964,0</coordinates>
      </Point>
    </Placemark>
    <Placemark>
      <Snippet maxLines="0"> </Snippet>
      <description>152
UTC 21-04-2026 10:22:08.100
GpsMilliseconds 1460802146999
22.3158387,87.3246837, EA(1m)
AltWgs84 -11.6 m, EA(1m)
Hdg 138 deg, Spd 0.0 m/s
EA(NaN deg, NaN m/s)</description>
      <Style>
        <IconStyle>
          <Icon>
            <href>http://maps.google.com/mapfiles/kml/shapes/shaded_dot.png</href>
          </Icon>
          <scale>0.6</scale>
          <color>bff48542</color>
        </IconStyle>
      </Style>
      <Point>
        <altitudeMode>clampToGround</altitudeMode>
        <coordinates>87.3246836831157,22.3158386602045,0</coordinates>
      </Point>
    </Placemark>
    <Placemark>
      <Snippet maxLines="0"> </Snippet>
      <description>153
UTC 21-04-2026 10:22:09.100
GpsMilliseconds 1460802147999
22.3158386,87.3246837, EA(1m)
AltWgs84 -11.6 m, EA(1m)
Hdg 132 deg, Spd 0.0 m/s
EA(NaN deg, NaN m/s)</description>
      <Style>
        <IconStyle>
          <Icon>
            <href>http://maps.google.com/mapfiles/kml/shapes/shaded_dot.png</href>
          </Icon>
          <scale>0.6</scale>
          <color>bff48542</color>
        </IconStyle>
      </Style>
      <Point>
        <altitudeMode>clampToGround</altitudeMode>
        <coordinates>87.3246837296858,22.3158386218247,0</coordinates>
      </Point>
    </Placemark>
    <Placemark>
      <Snippet maxLines="0"> </Snippet>
      <description>154
UTC 21-04-2026 10:22:10.100
GpsMilliseconds 1460802148999
22.3158386,87.3246837, EA(1m)
AltWgs84 -11.6 m, EA(1m)
Hdg 166 deg, Spd 0.0 m/s
EA(NaN deg, NaN m/s)</description>
      <Style>
        <IconStyle>
          <Icon>
            <href>http://maps.google.com/mapfiles/kml/shapes/shaded_dot.png</href>
          </Icon>
          <scale>0.6</scale>
          <color>bff48542</color>
        </IconStyle>
      </Style>
      <Point>
        <altitudeMode>clampToGround</altitudeMode>
        <coordinates>87.3246837374625,22.3158385922449,0</coordinates>
      </Point>
    </Placemark>
    <Placemark>
      <Snippet maxLines="0"> </Snippet>
      <description>155
UTC 21-04-2026 10:22:11.100
GpsMilliseconds 1460802149999
22.3158386,87.3246838, EA(1m)
AltWgs84 -11.6 m, EA(1m)
Hdg 51 deg, Spd 0.0 m/s
EA(NaN deg, NaN m/s)</description>
      <Style>
        <IconStyle>
          <Icon>
            <href>http://maps.google.com/mapfiles/kml/shapes/shaded_dot.png</href>
          </Icon>
          <scale>0.6</scale>
          <color>bff48542</color>
        </IconStyle>
      </Style>
      <Point>
        <altitudeMode>clampToGround</altitudeMode>
        <coordinates>87.3246837674522,22.3158386150413,0</coordinates>
      </Point>
    </Placemark>
    <Placemark>
      <Snippet maxLines="0"> </Snippet>
      <description>156
UTC 21-04-2026 10:22:14.100
GpsMilliseconds 1460802152999
22.3158383,87.3246998, EA(1m)
AltWgs84 -11.0 m, EA(1m)
Hdg NaN deg, Spd NaN m/s
EA(NaN deg, NaN m/s)</description>
      <Style>
        <IconStyle>
          <Icon>
            <href>http://maps.google.com/mapfiles/kml/shapes/shaded_dot.png</href>
          </Icon>
          <scale>0.6</scale>
          <color>bff48542</color>
        </IconStyle>
      </Style>
      <Point>
        <altitudeMode>clampToGround</altitudeMode>
        <coordinates>87.3246998254187,22.3158383083847,0</coordinates>
      </Point>
    </Placemark>
    <Placemark>
      <Snippet maxLines="0"> </Snippet>
      <description>157
UTC 21-04-2026 10:22:15.100
GpsMilliseconds 1460802153999
22.3158383,87.3246998, EA(1m)
AltWgs84 -11.0 m, EA(1m)
Hdg 157 deg, Spd 0.0 m/s
EA(NaN deg, NaN m/s)</description>
      <Style>
        <IconStyle>
          <Icon>
            <href>http://maps.google.com/mapfiles/kml/shapes/shaded_dot.png</href>
          </Icon>
          <scale>0.6</scale>
          <color>bff48542</color>
        </IconStyle>
      </Style>
      <Point>
        <altitudeMode>clampToGround</altitudeMode>
        <coordinates>87.3246998455936,22.3158382637753,0</coordinates>
      </Point>
    </Placemark>
    <Placemark>
      <Snippet maxLines="0"> </Snippet>
      <description>158
UTC 21-04-2026 10:22:16.100
GpsMilliseconds 1460802154999
22.3158382,87.3246999, EA(1m)
AltWgs84 -11.0 m, EA(2m)
Hdg 124 deg, Spd 0.0 m/s
EA(NaN deg, NaN m/s)</description>
      <Style>
        <IconStyle>
          <Icon>
            <href>http://maps.google.com/mapfiles/kml/shapes/shaded_dot.png</href>
          </Icon>
          <scale>0.6</scale>
          <color>bff48542</color>
        </IconStyle>
      </Style>
      <Point>
        <altitudeMode>clampToGround</altitudeMode>
        <coordinates>87.3246998795728,22.3158382421226,0</coordinates>
      </Point>
    </Placemark>
    <Placemark>
      <Snippet maxLines="0"> </Snippet>
      <description>159
UTC 21-04-2026 10:22:17.100
GpsMilliseconds 1460802155999
22.3158382,87.3246999, EA(1m)
AltWgs84 -11.0 m, EA(2m)
Hdg 59 deg, Spd 0.0 m/s
EA(NaN deg, NaN m/s)</description>
      <Style>
        <IconStyle>
          <Icon>
            <href>http://maps.google.com/mapfiles/kml/shapes/shaded_dot.png</href>
          </Icon>
          <scale>0.6</scale>
          <color>bff48542</color>
        </IconStyle>
      </Style>
      <Point>
        <altitudeMode>clampToGround</altitudeMode>
        <coordinates>87.3246998879838,22.3158382468701,0</coordinates>
      </Point>
    </Placemark>
    <Placemark>
      <Snippet maxLines="0"> </Snippet>
      <description>160
UTC 21-04-2026 10:22:18.100
GpsMilliseconds 1460802156999
22.3158393,87.3246993, EA(1m)
AltWgs84 -10.9 m, EA(1m)
Hdg 334 deg, Spd 0.1 m/s
EA(NaN deg, NaN m/s)</description>
      <Style>
        <IconStyle>
          <Icon>
            <href>http://maps.google.com/mapfiles/kml/shapes/shaded_dot.png</href>
          </Icon>
          <scale>0.6</scale>
          <color>bff48542</color>
        </IconStyle>
      </Style>
      <Point>
        <altitudeMode>clampToGround</altitudeMode>
        <coordinates>87.3246993190873,22.3158393101816,0</coordinates>
      </Point>
    </Placemark>
    <Placemark>
      <Snippet maxLines="0"> </Snippet>
      <description>161
UTC 21-04-2026 10:22:19.100
GpsMilliseconds 1460802157999
22.3158399,87.3246988, EA(1m)
AltWgs84 -10.8 m, EA(1m)
Hdg 322 deg, Spd 0.1 m/s
EA(NaN deg, NaN m/s)</description>
      <Style>
        <IconStyle>
          <Icon>
            <href>http://maps.google.com/mapfiles/kml/shapes/shaded_dot.png</href>
          </Icon>
          <scale>0.6</scale>
          <color>bff48542</color>
        </IconStyle>
      </Style>
      <Point>
        <altitudeMode>clampToGround</altitudeMode>
        <coordinates>87.3246988070374,22.3158399257169,0</coordinates>
      </Point>
    </Placemark>
    <Placemark>
      <Snippet maxLines="0"> </Snippet>
      <description>162
UTC 21-04-2026 10:22:20.100
GpsMilliseconds 1460802158999
22.3158399,87.3246988, EA(1m)
AltWgs84 -10.8 m, EA(1m)
Hdg 177 deg, Spd 0.0 m/s
EA(NaN deg, NaN m/s)</description>
      <Style>
        <IconStyle>
          <Icon>
            <href>http://maps.google.com/mapfiles/kml/shapes/shaded_dot.png</href>
          </Icon>
          <scale>0.6</scale>
          <color>bff48542</color>
        </IconStyle>
      </Style>
      <Point>
        <altitudeMode>clampToGround</altitudeMode>
        <coordinates>87.3246988077594,22.3158399131857,0</coordinates>
      </Point>
    </Placemark>
    <Placemark>
      <Snippet maxLines="0"> </Snippet>
      <description>163
UTC 21-04-2026 10:22:21.100
GpsMilliseconds 1460802159999
22.3158399,87.3246988, EA(1m)
AltWgs84 -10.8 m, EA(1m)
Hdg 130 deg, Spd 0.0 m/s
EA(NaN deg, NaN m/s)</description>
      <Style>
        <IconStyle>
          <Icon>
            <href>http://maps.google.com/mapfiles/kml/shapes/shaded_dot.png</href>
          </Icon>
          <scale>0.6</scale>
          <color>bff48542</color>
        </IconStyle>
      </Style>
      <Point>
        <altitudeMode>clampToGround</altitudeMode>
        <coordinates>87.3246988446491,22.3158398848049,0</coordinates>
      </Point>
    </Placemark>
    <Placemark>
      <Snippet maxLines="0"> </Snippet>
      <description>164
UTC 21-04-2026 10:22:22.100
GpsMilliseconds 1460802160999
22.3158399,87.3246989, EA(1m)
AltWgs84 -10.8 m, EA(1m)
Hdg 21 deg, Spd 0.0 m/s
EA(NaN deg, NaN m/s)</description>
      <Style>
        <IconStyle>
          <Icon>
            <href>http://maps.google.com/mapfiles/kml/shapes/shaded_dot.png</href>
          </Icon>
          <scale>0.6</scale>
          <color>bff48542</color>
        </IconStyle>
      </Style>
      <Point>
        <altitudeMode>clampToGround</altitudeMode>
        <coordinates>87.3246988520399,22.3158399024711,0</coordinates>
      </Point>
    </Placemark>
    <Placemark>
      <Snippet maxLines="0"> </Snippet>
      <description>165
UTC 21-04-2026 10:22:23.100
GpsMilliseconds 1460802161999
22.3158399,87.3246989, EA(1m)
AltWgs84 -10.8 m, EA(1m)
Hdg 148 deg, Spd 0.0 m/s
EA(NaN deg, NaN m/s)</description>
      <Style>
        <IconStyle>
          <Icon>
            <href>http://maps.google.com/mapfiles/kml/shapes/shaded_dot.png</href>
          </Icon>
          <scale>0.6</scale>
          <color>bff48542</color>
        </IconStyle>
      </Style>
      <Point>
        <altitudeMode>clampToGround</altitudeMode>
        <coordinates>87.3246988679158,22.3158398787239,0</coordinates>
      </Point>
    </Placemark>
    <Placemark>
      <Snippet maxLines="0"> </Snippet>
      <description>166
UTC 21-04-2026 10:22:24.100
GpsMilliseconds 1460802162999
22.3158398,87.3246989, EA(1m)
AltWgs84 -10.8 m, EA(1m)
Hdg 148 deg, Spd 0.0 m/s
EA(NaN deg, NaN m/s)</description>
      <Style>
        <IconStyle>
          <Icon>
            <href>http://maps.google.com/mapfiles/kml/shapes/shaded_dot.png</href>
          </Icon>
          <scale>0.6</scale>
          <color>bff48542</color>
        </IconStyle>
      </Style>
      <Point>
        <altitudeMode>clampToGround</altitudeMode>
        <coordinates>87.3246989015874,22.31583982837,0</coordinates>
      </Point>
    </Placemark>
    <Placemark>
      <Snippet maxLines="0"> </Snippet>
      <description>167
UTC 21-04-2026 10:22:25.100
GpsMilliseconds 1460802163999
22.3158398,87.3246989, EA(1m)
AltWgs84 -10.8 m, EA(1m)
Hdg 117 deg, Spd 0.0 m/s
EA(NaN deg, NaN m/s)</description>
      <Style>
        <IconStyle>
          <Icon>
            <href>http://maps.google.com/mapfiles/kml/shapes/shaded_dot.png</href>
          </Icon>
          <scale>0.6</scale>
          <color>bff48542</color>
        </IconStyle>
      </Style>
      <Point>
        <altitudeMode>clampToGround</altitudeMode>
        <coordinates>87.3246989399193,22.3158398104273,0</coordinates>
      </Point>
    </Placemark>
    <Placemark>
      <Snippet maxLines="0"> </Snippet>
      <description>168
UTC 21-04-2026 10:22:26.100
GpsMilliseconds 1460802164999
22.3158398,87.3246989, EA(1m)
AltWgs84 -10.8 m, EA(1m)
Hdg 4 deg, Spd 0.0 m/s
EA(NaN deg, NaN m/s)</description>
      <Style>
        <IconStyle>
          <Icon>
            <href>http://maps.google.com/mapfiles/kml/shapes/shaded_dot.png</href>
          </Icon>
          <scale>0.6</scale>
          <color>bff48542</color>
        </IconStyle>
      </Style>
      <Point>
        <altitudeMode>clampToGround</altitudeMode>
        <coordinates>87.3246989406031,22.3158398198382,0</coordinates>
      </Point>
    </Placemark>
    <Placemark>
      <Snippet maxLines="0"> </Snippet>
      <description>169
UTC 21-04-2026 10:22:27.100
GpsMilliseconds 1460802165999
22.3158398,87.3246989, EA(1m)
AltWgs84 -10.8 m, EA(1m)
Hdg 171 deg, Spd 0.0 m/s
EA(NaN deg, NaN m/s)</description>
      <Style>
        <IconStyle>
          <Icon>
            <href>http://maps.google.com/mapfiles/kml/shapes/shaded_dot.png</href>
          </Icon>
          <scale>0.6</scale>
          <color>bff48542</color>
        </IconStyle>
      </Style>
      <Point>
        <altitudeMode>clampToGround</altitudeMode>
        <coordinates>87.3246989481363,22.3158397739596,0</coordinates>
      </Point>
    </Placemark>
    <Placemark>
      <Snippet maxLines="0"> </Snippet>
      <description>170
UTC 21-04-2026 10:22:28.100
GpsMilliseconds 1460802166999
22.3158397,87.3246990, EA(1m)
AltWgs84 -10.8 m, EA(1m)
Hdg 162 deg, Spd 0.0 m/s
EA(NaN deg, NaN m/s)</description>
      <Style>
        <IconStyle>
          <Icon>
            <href>http://maps.google.com/mapfiles/kml/shapes/shaded_dot.png</href>
          </Icon>
          <scale>0.6</scale>
          <color>bff48542</color>
        </IconStyle>
      </Style>
      <Point>
        <altitudeMode>clampToGround</altitudeMode>
        <coordinates>87.3246989637729,22.3158397294516,0</coordinates>
      </Point>
    </Placemark>
    <Placemark>
      <Snippet maxLines="0"> </Snippet>
      <description>171
UTC 21-04-2026 10:22:29.100
GpsMilliseconds 1460802167999
22.3158397,87.3246990, EA(1m)
AltWgs84 -10.8 m, EA(1m)
Hdg 134 deg, Spd 0.0 m/s
EA(NaN deg, NaN m/s)</description>
      <Style>
        <IconStyle>
          <Icon>
            <href>http://maps.google.com/mapfiles/kml/shapes/shaded_dot.png</href>
          </Icon>
          <scale>0.6</scale>
          <color>bff48542</color>
        </IconStyle>
      </Style>
      <Point>
        <altitudeMode>clampToGround</altitudeMode>
        <coordinates>87.3246990102996,22.3158396878885,0</coordinates>
      </Point>
    </Placemark>
    <Placemark>
      <Snippet maxLines="0"> </Snippet>
      <description>172
UTC 21-04-2026 10:22:30.100
GpsMilliseconds 1460802168999
22.3158397,87.3246990, EA(1m)
AltWgs84 -10.8 m, EA(1m)
Hdg 52 deg, Spd 0.0 m/s
EA(NaN deg, NaN m/s)</description>
      <Style>
        <IconStyle>
          <Icon>
            <href>http://maps.google.com/mapfiles/kml/shapes/shaded_dot.png</href>
          </Icon>
          <scale>0.6</scale>
          <color>bff48542</color>
        </IconStyle>
      </Style>
      <Point>
        <altitudeMode>clampToGround</altitudeMode>
        <coordinates>87.3246990133227,22.3158396901241,0</coordinates>
      </Point>
    </Placemark>
    <Placemark>
      <Snippet maxLines="0"> </Snippet>
      <description>173
UTC 21-04-2026 10:22:31.100
GpsMilliseconds 1460802169999
22.3158397,87.3246991, EA(1m)
AltWgs84 -10.8 m, EA(1m)
Hdg 131 deg, Spd 0.0 m/s
EA(NaN deg, NaN m/s)</description>
      <Style>
        <IconStyle>
          <Icon>
            <href>http://maps.google.com/mapfiles/kml/shapes/shaded_dot.png</href>
          </Icon>
          <scale>0.6</scale>
          <color>bff48542</color>
        </IconStyle>
      </Style>
      <Point>
        <altitudeMode>clampToGround</altitudeMode>
        <coordinates>87.3246990517379,22.3158396594666,0</coordinates>
      </Point>
    </Placemark>
    <Placemark>
      <Snippet maxLines="0"> </Snippet>
      <description>174
UTC 21-04-2026 10:22:32.100
GpsMilliseconds 1460802170999
22.3158397,87.3246991, EA(1m)
AltWgs84 -10.8 m, EA(1m)
Hdg 73 deg, Spd 0.0 m/s
EA(NaN deg, NaN m/s)</description>
      <Style>
        <IconStyle>
          <Icon>
            <href>http://maps.google.com/mapfiles/kml/shapes/shaded_dot.png</href>
          </Icon>
          <scale>0.6</scale>
          <color>bff48542</color>
        </IconStyle>
      </Style>
      <Point>
        <altitudeMode>clampToGround</altitudeMode>
        <coordinates>87.3246990639707,22.3158396629373,0</coordinates>
      </Point>
    </Placemark>
    <Placemark>
      <Snippet maxLines="0"> </Snippet>
      <description>175
UTC 21-04-2026 10:22:35.100
GpsMilliseconds 1460802173999
22.3158395,87.3246915, EA(1m)
AltWgs84 -11.1 m, EA(2m)
Hdg NaN deg, Spd NaN m/s
EA(NaN deg, NaN m/s)</description>
      <Style>
        <IconStyle>
          <Icon>
            <href>http://maps.google.com/mapfiles/kml/shapes/shaded_dot.png</href>
          </Icon>
          <scale>0.6</scale>
          <color>bff48542</color>
        </IconStyle>
      </Style>
      <Point>
        <altitudeMode>clampToGround</altitudeMode>
        <coordinates>87.3246915171946,22.315839530213,0</coordinates>
      </Point>
    </Placemark>
    <Placemark>
      <Snippet maxLines="0"> </Snippet>
      <description>176
UTC 21-04-2026 10:22:36.100
GpsMilliseconds 1460802174999
22.3158396,87.3246915, EA(1m)
AltWgs84 -11.1 m, EA(2m)
Hdg 1 deg, Spd 0.0 m/s
EA(NaN deg, NaN m/s)</description>
      <Style>
        <IconStyle>
          <Icon>
            <href>http://maps.google.com/mapfiles/kml/shapes/shaded_dot.png</href>
          </Icon>
          <scale>0.6</scale>
          <color>bff48542</color>
        </IconStyle>
      </Style>
      <Point>
        <altitudeMode>clampToGround</altitudeMode>
        <coordinates>87.3246915179153,22.3158395770378,0</coordinates>
      </Point>
    </Placemark>
    <Placemark>
      <Snippet maxLines="0"> </Snippet>
      <description>177
UTC 21-04-2026 10:22:37.100
GpsMilliseconds 1460802175999
22.3158402,87.3246916, EA(1m)
AltWgs84 -11.1 m, EA(2m)
Hdg 11 deg, Spd 0.1 m/s
EA(NaN deg, NaN m/s)</description>
      <Style>
        <IconStyle>
          <Icon>
            <href>http://maps.google.com/mapfiles/kml/shapes/shaded_dot.png</href>
          </Icon>
          <scale>0.6</scale>
          <color>bff48542</color>
        </IconStyle>
      </Style>
      <Point>
        <altitudeMode>clampToGround</altitudeMode>
        <coordinates>87.3246916423991,22.315840166657,0</coordinates>
      </Point>
    </Placemark>
    <Placemark>
      <Snippet maxLines="0"> </Snippet>
      <description>178
UTC 21-04-2026 10:22:38.100
GpsMilliseconds 1460802176999
22.3158401,87.3246917, EA(1m)
AltWgs84 -11.1 m, EA(2m)
Hdg 139 deg, Spd 0.0 m/s
EA(NaN deg, NaN m/s)</description>
      <Style>
        <IconStyle>
          <Icon>
            <href>http://maps.google.com/mapfiles/kml/shapes/shaded_dot.png</href>
          </Icon>
          <scale>0.6</scale>
          <color>bff48542</color>
        </IconStyle>
      </Style>
      <Point>
        <altitudeMode>clampToGround</altitudeMode>
        <coordinates>87.3246916909612,22.3158401150439,0</coordinates>
      </Point>
    </Placemark>
    <Placemark>
      <Snippet maxLines="0"> </Snippet>
      <description>179
UTC 21-04-2026 10:22:39.100
GpsMilliseconds 1460802177999
22.3158402,87.3246917, EA(1m)
AltWgs84 -11.1 m, EA(2m)
Hdg 356 deg, Spd 0.0 m/s
EA(NaN deg, NaN m/s)</description>
      <Style>
        <IconStyle>
          <Icon>
            <href>http://maps.google.com/mapfiles/kml/shapes/shaded_dot.png</href>
          </Icon>
          <scale>0.6</scale>
          <color>bff48542</color>
        </IconStyle>
      </Style>
      <Point>
        <altitudeMode>clampToGround</altitudeMode>
        <coordinates>87.3246916877717,22.3158401537755,0</coordinates>
      </Point>
    </Placemark>
    <Placemark>
      <Snippet maxLines="0"> </Snippet>
      <description>180
UTC 21-04-2026 10:22:42.100
GpsMilliseconds 1460802180999
22.3158291,87.3246933, EA(1m)
AltWgs84 -12.9 m, EA(1m)
Hdg NaN deg, Spd NaN m/s
EA(NaN deg, NaN m/s)</description>
      <Style>
        <IconStyle>
          <Icon>
            <href>http://maps.google.com/mapfiles/kml/shapes/shaded_dot.png</href>
          </Icon>
          <scale>0.6</scale>
          <color>bff48542</color>
        </IconStyle>
      </Style>
      <Point>
        <altitudeMode>clampToGround</altitudeMode>
        <coordinates>87.324693318697,22.3158290522272,0</coordinates>
      </Point>
    </Placemark>
    <Placemark>
      <Snippet maxLines="0"> </Snippet>
      <description>181
UTC 21-04-2026 10:22:43.100
GpsMilliseconds 1460802181999
22.3158291,87.3246934, EA(1m)
AltWgs84 -12.9 m, EA(1m)
Hdg 84 deg, Spd 0.0 m/s
EA(NaN deg, NaN m/s)</description>
      <Style>
        <IconStyle>
          <Icon>
            <href>http://maps.google.com/mapfiles/kml/shapes/shaded_dot.png</href>
          </Icon>
          <scale>0.6</scale>
          <color>bff48542</color>
        </IconStyle>
      </Style>
      <Point>
        <altitudeMode>clampToGround</altitudeMode>
        <coordinates>87.3246933974463,22.3158290597224,0</coordinates>
      </Point>
    </Placemark>
    <Placemark>
      <Snippet maxLines="0"> </Snippet>
      <description>182
UTC 21-04-2026 10:22:44.100
GpsMilliseconds 1460802182999
22.3158291,87.3246934, EA(1m)
AltWgs84 -12.9 m, EA(1m)
Hdg 20 deg, Spd 0.0 m/s
EA(NaN deg, NaN m/s)</description>
      <Style>
        <IconStyle>
          <Icon>
            <href>http://maps.google.com/mapfiles/kml/shapes/shaded_dot.png</href>
          </Icon>
          <scale>0.6</scale>
          <color>bff48542</color>
        </IconStyle>
      </Style>
      <Point>
        <altitudeMode>clampToGround</altitudeMode>
        <coordinates>87.3246934041817,22.3158290768503,0</coordinates>
      </Point>
    </Placemark>
    <Placemark>
      <Snippet maxLines="0"> </Snippet>
      <description>183
UTC 21-04-2026 10:22:45.100
GpsMilliseconds 1460802183999
22.3158290,87.3246934, EA(1m)
AltWgs84 -12.9 m, EA(1m)
Hdg 181 deg, Spd 0.0 m/s
EA(NaN deg, NaN m/s)</description>
      <Style>
        <IconStyle>
          <Icon>
            <href>http://maps.google.com/mapfiles/kml/shapes/shaded_dot.png</href>
          </Icon>
          <scale>0.6</scale>
          <color>bff48542</color>
        </IconStyle>
      </Style>
      <Point>
        <altitudeMode>clampToGround</altitudeMode>
        <coordinates>87.32469340307,22.3158289868526,0</coordinates>
      </Point>
    </Placemark>
    <Placemark>
      <Snippet maxLines="0"> </Snippet>
      <description>184
UTC 21-04-2026 10:22:46.100
GpsMilliseconds 1460802184999
22.3158290,87.3246934, EA(1m)
AltWgs84 -12.9 m, EA(1m)
Hdg 15 deg, Spd 0.0 m/s
EA(NaN deg, NaN m/s)</description>
      <Style>
        <IconStyle>
          <Icon>
            <href>http://maps.google.com/mapfiles/kml/shapes/shaded_dot.png</href>
          </Icon>
          <scale>0.6</scale>
          <color>bff48542</color>
        </IconStyle>
      </Style>
      <Point>
        <altitudeMode>clampToGround</altitudeMode>
        <coordinates>87.3246934155085,22.3158290312891,0</coordinates>
      </Point>
    </Placemark>
    <Placemark>
      <Snippet maxLines="0"> </Snippet>
      <description>185
UTC 21-04-2026 10:22:47.100
GpsMilliseconds 1460802185999
22.3158290,87.3246934, EA(1m)
AltWgs84 -12.8 m, EA(1m)
Hdg 177 deg, Spd 0.0 m/s
EA(NaN deg, NaN m/s)</description>
      <Style>
        <IconStyle>
          <Icon>
            <href>http://maps.google.com/mapfiles/kml/shapes/shaded_dot.png</href>
          </Icon>
          <scale>0.6</scale>
          <color>bff48542</color>
        </IconStyle>
      </Style>
      <Point>
        <altitudeMode>clampToGround</altitudeMode>
        <coordinates>87.3246934195773,22.3158289677702,0</coordinates>
      </Point>
    </Placemark>
    <Placemark>
      <Snippet maxLines="0"> </Snippet>
      <description>186
UTC 21-04-2026 10:22:48.100
GpsMilliseconds 1460802186999
22.3158290,87.3246934, EA(1m)
AltWgs84 -12.8 m, EA(1m)
Hdg 104 deg, Spd 0.0 m/s
EA(NaN deg, NaN m/s)</description>
      <Style>
        <IconStyle>
          <Icon>
            <href>http://maps.google.com/mapfiles/kml/shapes/shaded_dot.png</href>
          </Icon>
          <scale>0.6</scale>
          <color>bff48542</color>
        </IconStyle>
      </Style>
      <Point>
        <altitudeMode>clampToGround</altitudeMode>
        <coordinates>87.3246934381569,22.3158289633561,0</coordinates>
      </Point>
    </Placemark>
    <Placemark>
      <Snippet maxLines="0"> </Snippet>
      <description>187
UTC 21-04-2026 10:22:49.100
GpsMilliseconds 1460802187999
22.3158292,87.3246936, EA(1m)
AltWgs84 -12.9 m, EA(1m)
Hdg 35 deg, Spd 0.0 m/s
EA(NaN deg, NaN m/s)</description>
      <Style>
        <IconStyle>
          <Icon>
            <href>http://maps.google.com/mapfiles/kml/shapes/shaded_dot.png</href>
          </Icon>
          <scale>0.6</scale>
          <color>bff48542</color>
        </IconStyle>
      </Style>
      <Point>
        <altitudeMode>clampToGround</altitudeMode>
        <coordinates>87.3246935852649,22.3158291577449,0</coordinates>
      </Point>
    </Placemark>
    <Placemark>
      <Snippet maxLines="0"> </Snippet>
      <description>188
UTC 21-04-2026 10:22:50.100
GpsMilliseconds 1460802188999
22.3158291,87.3246936, EA(1m)
AltWgs84 -12.9 m, EA(1m)
Hdg 113 deg, Spd 0.0 m/s
EA(NaN deg, NaN m/s)</description>
      <Style>
        <IconStyle>
          <Icon>
            <href>http://maps.google.com/mapfiles/kml/shapes/shaded_dot.png</href>
          </Icon>
          <scale>0.6</scale>
          <color>bff48542</color>
        </IconStyle>
      </Style>
      <Point>
        <altitudeMode>clampToGround</altitudeMode>
        <coordinates>87.3246936214089,22.3158291433046,0</coordinates>
      </Point>
    </Placemark>
    <Placemark>
      <Snippet maxLines="0"> </Snippet>
      <description>189
UTC 21-04-2026 10:22:51.100
GpsMilliseconds 1460802189999
22.3158292,87.3246937, EA(1m)
AltWgs84 -12.9 m, EA(1m)
Hdg 50 deg, Spd 0.0 m/s
EA(NaN deg, NaN m/s)</description>
      <Style>
        <IconStyle>
          <Icon>
            <href>http://maps.google.com/mapfiles/kml/shapes/shaded_dot.png</href>
          </Icon>
          <scale>0.6</scale>
          <color>bff48542</color>
        </IconStyle>
      </Style>
      <Point>
        <altitudeMode>clampToGround</altitudeMode>
        <coordinates>87.3246936818169,22.3158291903332,0</coordinates>
      </Point>
    </Placemark>
    <Placemark>
      <Snippet maxLines="0"> </Snippet>
      <description>190
UTC 21-04-2026 10:22:52.100
GpsMilliseconds 1460802190999
22.3158291,87.3246937, EA(1m)
AltWgs84 -12.9 m, EA(1m)
Hdg 149 deg, Spd 0.0 m/s
EA(NaN deg, NaN m/s)</description>
      <Style>
        <IconStyle>
          <Icon>
            <href>http://maps.google.com/mapfiles/kml/shapes/shaded_dot.png</href>
          </Icon>
          <scale>0.6</scale>
          <color>bff48542</color>
        </IconStyle>
      </Style>
      <Point>
        <altitudeMode>clampToGround</altitudeMode>
        <coordinates>87.3246937150214,22.3158291387857,0</coordinates>
      </Point>
    </Placemark>
    <Placemark>
      <Snippet maxLines="0"> </Snippet>
      <description>191
UTC 21-04-2026 10:22:53.100
GpsMilliseconds 1460802191999
22.3158292,87.3246937, EA(1m)
AltWgs84 -12.9 m, EA(1m)
Hdg 9 deg, Spd 0.0 m/s
EA(NaN deg, NaN m/s)</description>
      <Style>
        <IconStyle>
          <Icon>
            <href>http://maps.google.com/mapfiles/kml/shapes/shaded_dot.png</href>
          </Icon>
          <scale>0.6</scale>
          <color>bff48542</color>
        </IconStyle>
      </Style>
      <Point>
        <altitudeMode>clampToGround</altitudeMode>
        <coordinates>87.3246937187707,22.3158291621174,0</coordinates>
      </Point>
    </Placemark>
    <Placemark>
      <Snippet maxLines="0"> </Snippet>
      <description>192
UTC 21-04-2026 10:22:54.100
GpsMilliseconds 1460802192999
22.3158291,87.3246937, EA(1m)
AltWgs84 -12.9 m, EA(1m)
Hdg 118 deg, Spd 0.0 m/s
EA(NaN deg, NaN m/s)</description>
      <Style>
        <IconStyle>
          <Icon>
            <href>http://maps.google.com/mapfiles/kml/shapes/shaded_dot.png</href>
          </Icon>
          <scale>0.6</scale>
          <color>bff48542</color>
        </IconStyle>
      </Style>
      <Point>
        <altitudeMode>clampToGround</altitudeMode>
        <coordinates>87.3246937480015,22.315829147728,0</coordinates>
      </Point>
    </Placemark>
    <Placemark>
      <Snippet maxLines="0"> </Snippet>
      <description>193
UTC 21-04-2026 10:22:55.100
GpsMilliseconds 1460802193999
22.3158292,87.3246938, EA(2m)
AltWgs84 -12.9 m, EA(3m)
Hdg 9 deg, Spd 0.0 m/s
EA(NaN deg, NaN m/s)</description>
      <Style>
        <IconStyle>
          <Icon>
            <href>http://maps.google.com/mapfiles/kml/shapes/shaded_dot.png</href>
          </Icon>
          <scale>0.6</scale>
          <color>bff48542</color>
        </IconStyle>
      </Style>
      <Point>
        <altitudeMode>clampToGround</altitudeMode>
        <coordinates>87.3246937560738,22.3158291933476,0</coordinates>
      </Point>
    </Placemark>
    <Placemark>
      <Snippet maxLines="0"> </Snippet>
      <description>194
UTC 21-04-2026 10:22:58.100
GpsMilliseconds 1460802196999
22.3158315,87.3246920, EA(2m)
AltWgs84 -14.8 m, EA(3m)
Hdg NaN deg, Spd NaN m/s
EA(NaN deg, NaN m/s)</description>
      <Style>
        <IconStyle>
          <Icon>
            <href>http://maps.google.com/mapfiles/kml/shapes/shaded_dot.png</href>
          </Icon>
          <scale>0.6</scale>
          <color>bff48542</color>
        </IconStyle>
      </Style>
      <Point>
        <altitudeMode>clampToGround</altitudeMode>
        <coordinates>87.3246919711826,22.3158314516966,0</coordinates>
      </Point>
    </Placemark>
    <Placemark>
      <Snippet maxLines="0"> </Snippet>
      <description>195
UTC 21-04-2026 10:22:59.100
GpsMilliseconds 1460802197999
22.3158314,87.3246920, EA(2m)
AltWgs84 -14.8 m, EA(3m)
Hdg 147 deg, Spd 0.0 m/s
EA(NaN deg, NaN m/s)</description>
      <Style>
        <IconStyle>
          <Icon>
            <href>http://maps.google.com/mapfiles/kml/shapes/shaded_dot.png</href>
          </Icon>
          <scale>0.6</scale>
          <color>bff48542</color>
        </IconStyle>
      </Style>
      <Point>
        <altitudeMode>clampToGround</altitudeMode>
        <coordinates>87.3246919979065,22.315831413007,0</coordinates>
      </Point>
    </Placemark>
    <Placemark>
      <Snippet maxLines="0"> </Snippet>
      <description>196
UTC 21-04-2026 10:23:02.100
GpsMilliseconds 1460802200999
22.3158314,87.3246905, EA(1m)
AltWgs84 -15.3 m, EA(1m)
Hdg NaN deg, Spd NaN m/s
EA(NaN deg, NaN m/s)</description>
      <Style>
        <IconStyle>
          <Icon>
            <href>http://maps.google.com/mapfiles/kml/shapes/shaded_dot.png</href>
          </Icon>
          <scale>0.6</scale>
          <color>bff48542</color>
        </IconStyle>
      </Style>
      <Point>
        <altitudeMode>clampToGround</altitudeMode>
        <coordinates>87.3246904869188,22.3158313944412,0</coordinates>
      </Point>
    </Placemark>
    <Placemark>
      <Snippet maxLines="0"> </Snippet>
      <description>197
UTC 21-04-2026 10:23:03.100
GpsMilliseconds 1460802201999
22.3158314,87.3246905, EA(1m)
AltWgs84 -15.3 m, EA(1m)
Hdg 114 deg, Spd 0.0 m/s
EA(NaN deg, NaN m/s)</description>
      <Style>
        <IconStyle>
          <Icon>
            <href>http://maps.google.com/mapfiles/kml/shapes/shaded_dot.png</href>
          </Icon>
          <scale>0.6</scale>
          <color>bff48542</color>
        </IconStyle>
      </Style>
      <Point>
        <altitudeMode>clampToGround</altitudeMode>
        <coordinates>87.3246905175407,22.3158313816417,0</coordinates>
      </Point>
    </Placemark>
    <Placemark>
      <Snippet maxLines="0"> </Snippet>
      <description>198
UTC 21-04-2026 10:23:04.100
GpsMilliseconds 1460802202999
22.3158314,87.3246905, EA(1m)
AltWgs84 -15.3 m, EA(1m)
Hdg 98 deg, Spd 0.0 m/s
EA(NaN deg, NaN m/s)</description>
      <Style>
        <IconStyle>
          <Icon>
            <href>http://maps.google.com/mapfiles/kml/shapes/shaded_dot.png</href>
          </Icon>
          <scale>0.6</scale>
          <color>bff48542</color>
        </IconStyle>
      </Style>
      <Point>
        <altitudeMode>clampToGround</altitudeMode>
        <coordinates>87.3246905412423,22.3158313785935,0</coordinates>
      </Point>
    </Placemark>
    <Placemark>
      <Snippet maxLines="0"> </Snippet>
      <description>199
UTC 21-04-2026 10:23:05.100
GpsMilliseconds 1460802203999
22.3158314,87.3246906, EA(1m)
AltWgs84 -15.3 m, EA(1m)
Hdg 97 deg, Spd 0.0 m/s
EA(NaN deg, NaN m/s)</description>
      <Style>
        <IconStyle>
          <Icon>
            <href>http://maps.google.com/mapfiles/kml/shapes/shaded_dot.png</href>
          </Icon>
          <scale>0.6</scale>
          <color>bff48542</color>
        </IconStyle>
      </Style>
      <Point>
        <altitudeMode>clampToGround</altitudeMode>
        <coordinates>87.3246905531537,22.3158313772868,0</coordinates>
      </Point>
    </Placemark>
    <Placemark>
      <Snippet maxLines="0"> </Snippet>
      <description>200
UTC 21-04-2026 10:23:06.100
GpsMilliseconds 1460802204999
22.3158314,87.3246905, EA(1m)
AltWgs84 -15.3 m, EA(1m)
Hdg 259 deg, Spd 0.0 m/s
EA(NaN deg, NaN m/s)</description>
      <Style>
        <IconStyle>
          <Icon>
            <href>http://maps.google.com/mapfiles/kml/shapes/shaded_dot.png</href>
          </Icon>
          <scale>0.6</scale>
          <color>bff48542</color>
        </IconStyle>
      </Style>
      <Point>
        <altitudeMode>clampToGround</altitudeMode>
        <coordinates>87.3246905361401,22.315831374311,0</coordinates>
      </Point>
    </Placemark>
    <Placemark>
      <Snippet maxLines="0"> </Snippet>
      <description>201
UTC 21-04-2026 10:23:07.100
GpsMilliseconds 1460802205999
22.3158313,87.3246906, EA(1m)
AltWgs84 -15.4 m, EA(1m)
Hdg 140 deg, Spd 0.0 m/s
EA(NaN deg, NaN m/s)</description>
      <Style>
        <IconStyle>
          <Icon>
            <href>http://maps.google.com/mapfiles/kml/shapes/shaded_dot.png</href>
          </Icon>
          <scale>0.6</scale>
          <color>bff48542</color>
        </IconStyle>
      </Style>
      <Point>
        <altitudeMode>clampToGround</altitudeMode>
        <coordinates>87.3246905947087,22.3158313094497,0</coordinates>
      </Point>
    </Placemark>
    <Placemark>
      <Snippet maxLines="0"> </Snippet>
      <description>202
UTC 21-04-2026 10:23:08.100
GpsMilliseconds 1460802206999
22.3158313,87.3246906, EA(1m)
AltWgs84 -15.3 m, EA(1m)
Hdg 116 deg, Spd 0.0 m/s
EA(NaN deg, NaN m/s)</description>
      <Style>
        <IconStyle>
          <Icon>
            <href>http://maps.google.com/mapfiles/kml/shapes/shaded_dot.png</href>
          </Icon>
          <scale>0.6</scale>
          <color>bff48542</color>
        </IconStyle>
      </Style>
      <Point>
        <altitudeMode>clampToGround</altitudeMode>
        <coordinates>87.324690646999,22.3158312858807,0</coordinates>
      </Point>
    </Placemark>
    <Placemark>
      <Snippet maxLines="0"> </Snippet>
      <description>203
UTC 21-04-2026 10:23:09.100
GpsMilliseconds 1460802207999
22.3158313,87.3246906, EA(1m)
AltWgs84 -15.3 m, EA(1m)
Hdg 352 deg, Spd 0.0 m/s
EA(NaN deg, NaN m/s)</description>
      <Style>
        <IconStyle>
          <Icon>
            <href>http://maps.google.com/mapfiles/kml/shapes/shaded_dot.png</href>
          </Icon>
          <scale>0.6</scale>
          <color>bff48542</color>
        </IconStyle>
      </Style>
      <Point>
        <altitudeMode>clampToGround</altitudeMode>
        <coordinates>87.3246906424082,22.3158313174068,0</coordinates>
      </Point>
    </Placemark>
    <Placemark>
      <Snippet maxLines="0"> </Snippet>
      <description>204
UTC 21-04-2026 10:23:10.100
GpsMilliseconds 1460802208999
22.3158313,87.3246906, EA(1m)
AltWgs84 -15.3 m, EA(1m)
Hdg 37 deg, Spd 0.0 m/s
EA(NaN deg, NaN m/s)</description>
      <Style>
        <IconStyle>
          <Icon>
            <href>http://maps.google.com/mapfiles/kml/shapes/shaded_dot.png</href>
          </Icon>
          <scale>0.6</scale>
          <color>bff48542</color>
        </IconStyle>
      </Style>
      <Point>
        <altitudeMode>clampToGround</altitudeMode>
        <coordinates>87.324690647871,22.3158313240963,0</coordinates>
      </Point>
    </Placemark>
    <Placemark>
      <Snippet maxLines="0"> </Snippet>
      <description>205
UTC 21-04-2026 10:23:11.100
GpsMilliseconds 1460802209999
22.3158313,87.3246907, EA(1m)
AltWgs84 -15.3 m, EA(1m)
Hdg 167 deg, Spd 0.0 m/s
EA(NaN deg, NaN m/s)</description>
      <Style>
        <IconStyle>
          <Icon>
            <href>http://maps.google.com/mapfiles/kml/shapes/shaded_dot.png</href>
          </Icon>
          <scale>0.6</scale>
          <color>bff48542</color>
        </IconStyle>
      </Style>
      <Point>
        <altitudeMode>clampToGround</altitudeMode>
        <coordinates>87.3246906600178,22.315831276529,0</coordinates>
      </Point>
    </Placemark>
    <Placemark>
      <Snippet maxLines="0"> </Snippet>
      <description>206
UTC 21-04-2026 10:23:12.100
GpsMilliseconds 1460802210999
22.3158312,87.3246907, EA(1m)
AltWgs84 -15.3 m, EA(1m)
Hdg 156 deg, Spd 0.0 m/s
EA(NaN deg, NaN m/s)</description>
      <Style>
        <IconStyle>
          <Icon>
            <href>http://maps.google.com/mapfiles/kml/shapes/shaded_dot.png</href>
          </Icon>
          <scale>0.6</scale>
          <color>bff48542</color>
        </IconStyle>
      </Style>
      <Point>
        <altitudeMode>clampToGround</altitudeMode>
        <coordinates>87.3246906783345,22.3158312376933,0</coordinates>
      </Point>
    </Placemark>
    <Placemark>
      <Snippet maxLines="0"> </Snippet>
      <description>207
UTC 21-04-2026 10:23:13.100
GpsMilliseconds 1460802211999
22.3158312,87.3246907, EA(1m)
AltWgs84 -15.3 m, EA(1m)
Hdg 232 deg, Spd 0.0 m/s
EA(NaN deg, NaN m/s)</description>
      <Style>
        <IconStyle>
          <Icon>
            <href>http://maps.google.com/mapfiles/kml/shapes/shaded_dot.png</href>
          </Icon>
          <scale>0.6</scale>
          <color>bff48542</color>
        </IconStyle>
      </Style>
      <Point>
        <altitudeMode>clampToGround</altitudeMode>
        <coordinates>87.3246906609163,22.3158312248509,0</coordinates>
      </Point>
    </Placemark>
    <Placemark>
      <Snippet maxLines="0"> </Snippet>
      <description>208
UTC 21-04-2026 10:23:14.100
GpsMilliseconds 1460802212999
22.3158312,87.3246907, EA(1m)
AltWgs84 -15.3 m, EA(1m)
Hdg 135 deg, Spd 0.0 m/s
EA(NaN deg, NaN m/s)</description>
      <Style>
        <IconStyle>
          <Icon>
            <href>http://maps.google.com/mapfiles/kml/shapes/shaded_dot.png</href>
          </Icon>
          <scale>0.6</scale>
          <color>bff48542</color>
        </IconStyle>
      </Style>
      <Point>
        <altitudeMode>clampToGround</altitudeMode>
        <coordinates>87.3246907055968,22.3158311831668,0</coordinates>
      </Point>
    </Placemark>
    <Placemark>
      <Snippet maxLines="0"> </Snippet>
      <description>209
UTC 21-04-2026 10:23:15.100
GpsMilliseconds 1460802213999
22.3158312,87.3246907, EA(2m)
AltWgs84 -15.3 m, EA(2m)
Hdg 269 deg, Spd 0.0 m/s
EA(NaN deg, NaN m/s)</description>
      <Style>
        <IconStyle>
          <Icon>
            <href>http://maps.google.com/mapfiles/kml/shapes/shaded_dot.png</href>
          </Icon>
          <scale>0.6</scale>
          <color>bff48542</color>
        </IconStyle>
      </Style>
      <Point>
        <altitudeMode>clampToGround</altitudeMode>
        <coordinates>87.3246906690827,22.3158311825698,0</coordinates>
      </Point>
    </Placemark>
    <Placemark>
      <Snippet maxLines="0"> </Snippet>
      <description>210
UTC 21-04-2026 10:23:16.100
GpsMilliseconds 1460802214999
22.3158312,87.3246907, EA(1m)
AltWgs84 -15.3 m, EA(1m)
Hdg 27 deg, Spd 0.0 m/s
EA(NaN deg, NaN m/s)</description>
      <Style>
        <IconStyle>
          <Icon>
            <href>http://maps.google.com/mapfiles/kml/shapes/shaded_dot.png</href>
          </Icon>
          <scale>0.6</scale>
          <color>bff48542</color>
        </IconStyle>
      </Style>
      <Point>
        <altitudeMode>clampToGround</altitudeMode>
        <coordinates>87.3246906972949,22.3158312346735,0</coordinates>
      </Point>
    </Placemark>
    <Placemark>
      <Snippet maxLines="0"> </Snippet>
      <description>211
UTC 21-04-2026 10:23:17.100
GpsMilliseconds 1460802215999
22.3158312,87.3246906, EA(1m)
AltWgs84 -15.3 m, EA(1m)
Hdg 226 deg, Spd 0.0 m/s
EA(NaN deg, NaN m/s)</description>
      <Style>
        <IconStyle>
          <Icon>
            <href>http://maps.google.com/mapfiles/kml/shapes/shaded_dot.png</href>
          </Icon>
          <scale>0.6</scale>
          <color>bff48542</color>
        </IconStyle>
      </Style>
      <Point>
        <altitudeMode>clampToGround</altitudeMode>
        <coordinates>87.3246906144719,22.31583116026,0</coordinates>
      </Point>
    </Placemark>
    <Placemark>
      <Snippet maxLines="0"> </Snippet>
      <description>212
UTC 21-04-2026 10:23:18.100
GpsMilliseconds 1460802216999
22.3158311,87.3246906, EA(1m)
AltWgs84 -15.3 m, EA(1m)
Hdg 136 deg, Spd 0.0 m/s
EA(NaN deg, NaN m/s)</description>
      <Style>
        <IconStyle>
          <Icon>
            <href>http://maps.google.com/mapfiles/kml/shapes/shaded_dot.png</href>
          </Icon>
          <scale>0.6</scale>
          <color>bff48542</color>
        </IconStyle>
      </Style>
      <Point>
        <altitudeMode>clampToGround</altitudeMode>
        <coordinates>87.3246906314344,22.3158311441884,0</coordinates>
      </Point>
    </Placemark>
    <Placemark>
      <Snippet maxLines="0"> </Snippet>
      <description>213
UTC 21-04-2026 10:23:19.100
GpsMilliseconds 1460802217999
22.3158312,87.3246907, EA(1m)
AltWgs84 -15.3 m, EA(1m)
Hdg 75 deg, Spd 0.0 m/s
EA(NaN deg, NaN m/s)</description>
      <Style>
        <IconStyle>
          <Icon>
            <href>http://maps.google.com/mapfiles/kml/shapes/shaded_dot.png</href>
          </Icon>
          <scale>0.6</scale>
          <color>bff48542</color>
        </IconStyle>
      </Style>
      <Point>
        <altitudeMode>clampToGround</altitudeMode>
        <coordinates>87.3246907471361,22.3158311737388,0</coordinates>
      </Point>
    </Placemark>
    <Placemark>
      <Snippet maxLines="0"> </Snippet>
      <description>214
UTC 21-04-2026 10:23:20.100
GpsMilliseconds 1460802218999
22.3158312,87.3246910, EA(2m)
AltWgs84 -15.3 m, EA(3m)
Hdg 72 deg, Spd 0.0 m/s
EA(NaN deg, NaN m/s)</description>
      <Style>
        <IconStyle>
          <Icon>
            <href>http://maps.google.com/mapfiles/kml/shapes/shaded_dot.png</href>
          </Icon>
          <scale>0.6</scale>
          <color>bff48542</color>
        </IconStyle>
      </Style>
      <Point>
        <altitudeMode>clampToGround</altitudeMode>
        <coordinates>87.3246909722125,22.315831240335,0</coordinates>
      </Point>
    </Placemark>
    <Placemark>
      <Snippet maxLines="0"> </Snippet>
      <description>215
UTC 21-04-2026 10:23:21.100
GpsMilliseconds 1460802219999
22.3158313,87.3246910, EA(1m)
AltWgs84 -15.3 m, EA(1m)
Hdg 343 deg, Spd 0.0 m/s
EA(NaN deg, NaN m/s)</description>
      <Style>
        <IconStyle>
          <Icon>
            <href>http://maps.google.com/mapfiles/kml/shapes/shaded_dot.png</href>
          </Icon>
          <scale>0.6</scale>
          <color>bff48542</color>
        </IconStyle>
      </Style>
      <Point>
        <altitudeMode>clampToGround</altitudeMode>
        <coordinates>87.3246909571397,22.3158312874537,0</coordinates>
      </Point>
    </Placemark>
    <Placemark>
      <Snippet maxLines="0"> </Snippet>
      <description>216
UTC 21-04-2026 10:23:22.100
GpsMilliseconds 1460802220999
22.3158313,87.3246910, EA(1m)
AltWgs84 -15.3 m, EA(1m)
Hdg 139 deg, Spd 0.0 m/s
EA(NaN deg, NaN m/s)</description>
      <Style>
        <IconStyle>
          <Icon>
            <href>http://maps.google.com/mapfiles/kml/shapes/shaded_dot.png</href>
          </Icon>
          <scale>0.6</scale>
          <color>bff48542</color>
        </IconStyle>
      </Style>
      <Point>
        <altitudeMode>clampToGround</altitudeMode>
        <coordinates>87.3246909750161,22.3158312681904,0</coordinates>
      </Point>
    </Placemark>
    <Placemark>
      <Snippet maxLines="0"> </Snippet>
      <description>217
UTC 21-04-2026 10:23:23.100
GpsMilliseconds 1460802221999
22.3158313,87.3246910, EA(1m)
AltWgs84 -15.3 m, EA(1m)
Hdg 328 deg, Spd 0.0 m/s
EA(NaN deg, NaN m/s)</description>
      <Style>
        <IconStyle>
          <Icon>
            <href>http://maps.google.com/mapfiles/kml/shapes/shaded_dot.png</href>
          </Icon>
          <scale>0.6</scale>
          <color>bff48542</color>
        </IconStyle>
      </Style>
      <Point>
        <altitudeMode>clampToGround</altitudeMode>
        <coordinates>87.3246909514289,22.3158313031113,0</coordinates>
      </Point>
    </Placemark>
    <Placemark>
      <Snippet maxLines="0"> </Snippet>
      <description>218
UTC 21-04-2026 10:23:24.100
GpsMilliseconds 1460802222999
22.3158313,87.3246910, EA(1m)
AltWgs84 -15.3 m, EA(1m)
Hdg 135 deg, Spd 0.0 m/s
EA(NaN deg, NaN m/s)</description>
      <Style>
        <IconStyle>
          <Icon>
            <href>http://maps.google.com/mapfiles/kml/shapes/shaded_dot.png</href>
          </Icon>
          <scale>0.6</scale>
          <color>bff48542</color>
        </IconStyle>
      </Style>
      <Point>
        <altitudeMode>clampToGround</altitudeMode>
        <coordinates>87.3246909830647,22.3158312731795,0</coordinates>
      </Point>
    </Placemark>
    <Placemark>
      <Snippet maxLines="0"> </Snippet>
      <description>219
UTC 21-04-2026 10:23:25.100
GpsMilliseconds 1460802223999
22.3158309,87.3246910, EA(1m)
AltWgs84 -15.3 m, EA(1m)
Hdg 172 deg, Spd 0.0 m/s
EA(NaN deg, NaN m/s)</description>
      <Style>
        <IconStyle>
          <Icon>
            <href>http://maps.google.com/mapfiles/kml/shapes/shaded_dot.png</href>
          </Icon>
          <scale>0.6</scale>
          <color>bff48542</color>
        </IconStyle>
      </Style>
      <Point>
        <altitudeMode>clampToGround</altitudeMode>
        <coordinates>87.3246910436638,22.3158308676721,0</coordinates>
      </Point>
    </Placemark>
    <Placemark>
      <Snippet maxLines="0"> </Snippet>
      <description>220
UTC 21-04-2026 10:23:28.100
GpsMilliseconds 1460802226999
22.3158310,87.3247000, EA(1m)
AltWgs84 -12.2 m, EA(2m)
Hdg NaN deg, Spd NaN m/s
EA(NaN deg, NaN m/s)</description>
      <Style>
        <IconStyle>
          <Icon>
            <href>http://maps.google.com/mapfiles/kml/shapes/shaded_dot.png</href>
          </Icon>
          <scale>0.6</scale>
          <color>bff48542</color>
        </IconStyle>
      </Style>
      <Point>
        <altitudeMode>clampToGround</altitudeMode>
        <coordinates>87.3247000195265,22.3158310005762,0</coordinates>
      </Point>
    </Placemark>
    <Placemark>
      <Snippet maxLines="0"> </Snippet>
      <description>221
UTC 21-04-2026 10:23:29.100
GpsMilliseconds 1460802227999
22.3158310,87.3247000, EA(1m)
AltWgs84 -12.3 m, EA(2m)
Hdg 135 deg, Spd 0.0 m/s
EA(NaN deg, NaN m/s)</description>
      <Style>
        <IconStyle>
          <Icon>
            <href>http://maps.google.com/mapfiles/kml/shapes/shaded_dot.png</href>
          </Icon>
          <scale>0.6</scale>
          <color>bff48542</color>
        </IconStyle>
      </Style>
      <Point>
        <altitudeMode>clampToGround</altitudeMode>
        <coordinates>87.3247000410002,22.3158309808865,0</coordinates>
      </Point>
    </Placemark>
    <Placemark>
      <Snippet maxLines="0"> </Snippet>
      <description>222
UTC 21-04-2026 10:23:30.100
GpsMilliseconds 1460802228999
22.3158309,87.3247001, EA(1m)
AltWgs84 -12.3 m, EA(2m)
Hdg 129 deg, Spd 0.0 m/s
EA(NaN deg, NaN m/s)</description>
      <Style>
        <IconStyle>
          <Icon>
            <href>http://maps.google.com/mapfiles/kml/shapes/shaded_dot.png</href>
          </Icon>
          <scale>0.6</scale>
          <color>bff48542</color>
        </IconStyle>
      </Style>
      <Point>
        <altitudeMode>clampToGround</altitudeMode>
        <coordinates>87.3247000827416,22.3158309499274,0</coordinates>
      </Point>
    </Placemark>
    <Placemark>
      <Snippet maxLines="0"> </Snippet>
      <description>223
UTC 21-04-2026 10:23:31.100
GpsMilliseconds 1460802229999
22.3158309,87.3246999, EA(1m)
AltWgs84 -12.3 m, EA(2m)
Hdg 248 deg, Spd 0.0 m/s
EA(NaN deg, NaN m/s)</description>
      <Style>
        <IconStyle>
          <Icon>
            <href>http://maps.google.com/mapfiles/kml/shapes/shaded_dot.png</href>
          </Icon>
          <scale>0.6</scale>
          <color>bff48542</color>
        </IconStyle>
      </Style>
      <Point>
        <altitudeMode>clampToGround</altitudeMode>
        <coordinates>87.324699873457,22.3158308729837,0</coordinates>
      </Point>
    </Placemark>
    <Placemark>
      <Snippet maxLines="0"> </Snippet>
      <description>224
UTC 21-04-2026 10:23:32.100
GpsMilliseconds 1460802230999
22.3158309,87.3246999, EA(1m)
AltWgs84 -12.3 m, EA(2m)
Hdg 103 deg, Spd 0.0 m/s
EA(NaN deg, NaN m/s)</description>
      <Style>
        <IconStyle>
          <Icon>
            <href>http://maps.google.com/mapfiles/kml/shapes/shaded_dot.png</href>
          </Icon>
          <scale>0.6</scale>
          <color>bff48542</color>
        </IconStyle>
      </Style>
      <Point>
        <altitudeMode>clampToGround</altitudeMode>
        <coordinates>87.3246999016294,22.3158308669327,0</coordinates>
      </Point>
    </Placemark>
    <Placemark>
      <Snippet maxLines="0"> </Snippet>
      <description>225
UTC 21-04-2026 10:23:35.100
GpsMilliseconds 1460802233999
22.3158381,87.3247038, EA(1m)
AltWgs84 -10.8 m, EA(2m)
Hdg NaN deg, Spd NaN m/s
EA(NaN deg, NaN m/s)</description>
      <Style>
        <IconStyle>
          <Icon>
            <href>http://maps.google.com/mapfiles/kml/shapes/shaded_dot.png</href>
          </Icon>
          <scale>0.6</scale>
          <color>bff48542</color>
        </IconStyle>
      </Style>
      <Point>
        <altitudeMode>clampToGround</altitudeMode>
        <coordinates>87.3247037633183,22.3158381452249,0</coordinates>
      </Point>
    </Placemark>
    <Placemark>
      <Snippet maxLines="0"> </Snippet>
      <description>226
UTC 21-04-2026 10:23:36.100
GpsMilliseconds 1460802234999
22.3158381,87.3247038, EA(1m)
AltWgs84 -10.8 m, EA(2m)
Hdg 114 deg, Spd 0.0 m/s
EA(NaN deg, NaN m/s)</description>
      <Style>
        <IconStyle>
          <Icon>
            <href>http://maps.google.com/mapfiles/kml/shapes/shaded_dot.png</href>
          </Icon>
          <scale>0.6</scale>
          <color>bff48542</color>
        </IconStyle>
      </Style>
      <Point>
        <altitudeMode>clampToGround</altitudeMode>
        <coordinates>87.3247037989789,22.3158381303137,0</coordinates>
      </Point>
    </Placemark>
    <Placemark>
      <Snippet maxLines="0"> </Snippet>
      <description>227
UTC 21-04-2026 10:23:37.100
GpsMilliseconds 1460802235999
22.3158381,87.3247038, EA(1m)
AltWgs84 -10.8 m, EA(2m)
Hdg 244 deg, Spd 0.0 m/s
EA(NaN deg, NaN m/s)</description>
      <Style>
        <IconStyle>
          <Icon>
            <href>http://maps.google.com/mapfiles/kml/shapes/shaded_dot.png</href>
          </Icon>
          <scale>0.6</scale>
          <color>bff48542</color>
        </IconStyle>
      </Style>
      <Point>
        <altitudeMode>clampToGround</altitudeMode>
        <coordinates>87.3247037522398,22.3158381088528,0</coordinates>
      </Point>
    </Placemark>
    <Placemark>
      <Snippet maxLines="0"> </Snippet>
      <description>228
UTC 21-04-2026 10:23:38.100
GpsMilliseconds 1460802236999
22.3158381,87.3247038, EA(1m)
AltWgs84 -10.8 m, EA(2m)
Hdg 120 deg, Spd 0.0 m/s
EA(NaN deg, NaN m/s)</description>
      <Style>
        <IconStyle>
          <Icon>
            <href>http://maps.google.com/mapfiles/kml/shapes/shaded_dot.png</href>
          </Icon>
          <scale>0.6</scale>
          <color>bff48542</color>
        </IconStyle>
      </Style>
      <Point>
        <altitudeMode>clampToGround</altitudeMode>
        <coordinates>87.3247038238753,22.3158380703889,0</coordinates>
      </Point>
    </Placemark>
    <Placemark>
      <Snippet maxLines="0"> </Snippet>
      <description>229
UTC 21-04-2026 10:23:42.100
GpsMilliseconds 1460802240999
22.3158388,87.3246964, EA(1m)
AltWgs84 -11.9 m, EA(1m)
Hdg NaN deg, Spd NaN m/s
EA(NaN deg, NaN m/s)</description>
      <Style>
        <IconStyle>
          <Icon>
            <href>http://maps.google.com/mapfiles/kml/shapes/shaded_dot.png</href>
          </Icon>
          <scale>0.6</scale>
          <color>bff48542</color>
        </IconStyle>
      </Style>
      <Point>
        <altitudeMode>clampToGround</altitudeMode>
        <coordinates>87.3246963978993,22.3158387953759,0</coordinates>
      </Point>
    </Placemark>
    <Placemark>
      <Snippet maxLines="0"> </Snippet>
      <description>230
UTC 21-04-2026 10:23:43.100
GpsMilliseconds 1460802241999
22.3158387,87.3246964, EA(1m)
AltWgs84 -11.9 m, EA(1m)
Hdg 156 deg, Spd 0.0 m/s
EA(NaN deg, NaN m/s)</description>
      <Style>
        <IconStyle>
          <Icon>
            <href>http://maps.google.com/mapfiles/kml/shapes/shaded_dot.png</href>
          </Icon>
          <scale>0.6</scale>
          <color>bff48542</color>
        </IconStyle>
      </Style>
      <Point>
        <altitudeMode>clampToGround</altitudeMode>
        <coordinates>87.3246964236562,22.3158387417325,0</coordinates>
      </Point>
    </Placemark>
    <Placemark>
      <Snippet maxLines="0"> </Snippet>
      <description>231
UTC 21-04-2026 10:23:44.100
GpsMilliseconds 1460802242999
22.3158380,87.3246967, EA(1m)
AltWgs84 -12.0 m, EA(1m)
Hdg 163 deg, Spd 0.1 m/s
EA(NaN deg, NaN m/s)</description>
      <Style>
        <IconStyle>
          <Icon>
            <href>http://maps.google.com/mapfiles/kml/shapes/shaded_dot.png</href>
          </Icon>
          <scale>0.6</scale>
          <color>bff48542</color>
        </IconStyle>
      </Style>
      <Point>
        <altitudeMode>clampToGround</altitudeMode>
        <coordinates>87.3246966581391,22.3158380109283,0</coordinates>
      </Point>
    </Placemark>
    <Placemark>
      <Snippet maxLines="0"> </Snippet>
      <description>232
UTC 21-04-2026 10:23:45.100
GpsMilliseconds 1460802243999
22.3158381,87.3246967, EA(1m)
AltWgs84 -12.0 m, EA(1m)
Hdg 57 deg, Spd 0.0 m/s
EA(NaN deg, NaN m/s)</description>
      <Style>
        <IconStyle>
          <Icon>
            <href>http://maps.google.com/mapfiles/kml/shapes/shaded_dot.png</href>
          </Icon>
          <scale>0.6</scale>
          <color>bff48542</color>
        </IconStyle>
      </Style>
      <Point>
        <altitudeMode>clampToGround</altitudeMode>
        <coordinates>87.3246967249481,22.315838051538,0</coordinates>
      </Point>
    </Placemark>
    <Placemark>
      <Snippet maxLines="0"> </Snippet>
      <description>233
UTC 21-04-2026 10:23:46.100
GpsMilliseconds 1460802244999
22.3158381,87.3246968, EA(1m)
AltWgs84 -12.0 m, EA(2m)
Hdg 66 deg, Spd 0.0 m/s
EA(NaN deg, NaN m/s)</description>
      <Style>
        <IconStyle>
          <Icon>
            <href>http://maps.google.com/mapfiles/kml/shapes/shaded_dot.png</href>
          </Icon>
          <scale>0.6</scale>
          <color>bff48542</color>
        </IconStyle>
      </Style>
      <Point>
        <altitudeMode>clampToGround</altitudeMode>
        <coordinates>87.3246967717998,22.3158380710558,0</coordinates>
      </Point>
    </Placemark>
    <Placemark>
      <Snippet maxLines="0"> </Snippet>
      <description>234
UTC 21-04-2026 10:23:47.100
GpsMilliseconds 1460802245999
22.3158380,87.3246968, EA(1m)
AltWgs84 -12.0 m, EA(2m)
Hdg 145 deg, Spd 0.0 m/s
EA(NaN deg, NaN m/s)</description>
      <Style>
        <IconStyle>
          <Icon>
            <href>http://maps.google.com/mapfiles/kml/shapes/shaded_dot.png</href>
          </Icon>
          <scale>0.6</scale>
          <color>bff48542</color>
        </IconStyle>
      </Style>
      <Point>
        <altitudeMode>clampToGround</altitudeMode>
        <coordinates>87.3246968141832,22.3158380146425,0</coordinates>
      </Point>
    </Placemark>
    <Placemark>
      <Snippet maxLines="0"> </Snippet>
      <description>235
UTC 21-04-2026 10:23:48.100
GpsMilliseconds 1460802246999
22.3158381,87.3246969, EA(1m)
AltWgs84 -12.0 m, EA(1m)
Hdg 47 deg, Spd 0.0 m/s
EA(NaN deg, NaN m/s)</description>
      <Style>
        <IconStyle>
          <Icon>
            <href>http://maps.google.com/mapfiles/kml/shapes/shaded_dot.png</href>
          </Icon>
          <scale>0.6</scale>
          <color>bff48542</color>
        </IconStyle>
      </Style>
      <Point>
        <altitudeMode>clampToGround</altitudeMode>
        <coordinates>87.324696869218,22.315838062462,0</coordinates>
      </Point>
    </Placemark>
    <Placemark>
      <Snippet maxLines="0"> </Snippet>
      <description>236
UTC 21-04-2026 10:23:49.100
GpsMilliseconds 1460802247999
22.3158381,87.3246967, EA(1m)
AltWgs84 -12.0 m, EA(1m)
Hdg 272 deg, Spd 0.0 m/s
EA(NaN deg, NaN m/s)</description>
      <Style>
        <IconStyle>
          <Icon>
            <href>http://maps.google.com/mapfiles/kml/shapes/shaded_dot.png</href>
          </Icon>
          <scale>0.6</scale>
          <color>bff48542</color>
        </IconStyle>
      </Style>
      <Point>
        <altitudeMode>clampToGround</altitudeMode>
        <coordinates>87.3246967371853,22.3158380674211,0</coordinates>
      </Point>
    </Placemark>
    <Placemark>
      <Snippet maxLines="0"> </Snippet>
      <description>237
UTC 21-04-2026 10:23:50.100
GpsMilliseconds 1460802248999
22.3158381,87.3246967, EA(1m)
AltWgs84 -12.0 m, EA(1m)
Hdg 154 deg, Spd 0.0 m/s
EA(NaN deg, NaN m/s)</description>
      <Style>
        <IconStyle>
          <Icon>
            <href>http://maps.google.com/mapfiles/kml/shapes/shaded_dot.png</href>
          </Icon>
          <scale>0.6</scale>
          <color>bff48542</color>
        </IconStyle>
      </Style>
      <Point>
        <altitudeMode>clampToGround</altitudeMode>
        <coordinates>87.3246967431536,22.3158380562047,0</coordinates>
      </Point>
    </Placemark>
    <Placemark>
      <Snippet maxLines="0"> </Snippet>
      <description>238
UTC 21-04-2026 10:23:51.100
GpsMilliseconds 1460802249999
22.3158380,87.3246968, EA(1m)
AltWgs84 -12.0 m, EA(2m)
Hdg 143 deg, Spd 0.0 m/s
EA(NaN deg, NaN m/s)</description>
      <Style>
        <IconStyle>
          <Icon>
            <href>http://maps.google.com/mapfiles/kml/shapes/shaded_dot.png</href>
          </Icon>
          <scale>0.6</scale>
          <color>bff48542</color>
        </IconStyle>
      </Style>
      <Point>
        <altitudeMode>clampToGround</altitudeMode>
        <coordinates>87.3246967780823,22.3158380126454,0</coordinates>
      </Point>
    </Placemark>
    <Placemark>
      <Snippet maxLines="0"> </Snippet>
      <description>239
UTC 21-04-2026 10:23:52.100
GpsMilliseconds 1460802250999
22.3158380,87.3246968, EA(1m)
AltWgs84 -12.0 m, EA(2m)
Hdg 46 deg, Spd 0.0 m/s
EA(NaN deg, NaN m/s)</description>
      <Style>
        <IconStyle>
          <Icon>
            <href>http://maps.google.com/mapfiles/kml/shapes/shaded_dot.png</href>
          </Icon>
          <scale>0.6</scale>
          <color>bff48542</color>
        </IconStyle>
      </Style>
      <Point>
        <altitudeMode>clampToGround</altitudeMode>
        <coordinates>87.3246968150893,22.3158380458607,0</coordinates>
      </Point>
    </Placemark>
    <Placemark>
      <Snippet maxLines="0"> </Snippet>
      <description>240
UTC 21-04-2026 10:23:55.100
GpsMilliseconds 1460802253999
22.3158519,87.3246970, EA(1m)
AltWgs84 -10.7 m, EA(2m)
Hdg NaN deg, Spd NaN m/s
EA(NaN deg, NaN m/s)</description>
      <Style>
        <IconStyle>
          <Icon>
            <href>http://maps.google.com/mapfiles/kml/shapes/shaded_dot.png</href>
          </Icon>
          <scale>0.6</scale>
          <color>bff48542</color>
        </IconStyle>
      </Style>
      <Point>
        <altitudeMode>clampToGround</altitudeMode>
        <coordinates>87.3246970414684,22.3158518635644,0</coordinates>
      </Point>
    </Placemark>
    <Placemark>
      <Snippet maxLines="0"> </Snippet>
      <description>241
UTC 21-04-2026 10:23:56.100
GpsMilliseconds 1460802254999
22.3158518,87.3246970, EA(1m)
AltWgs84 -10.7 m, EA(2m)
Hdg 204 deg, Spd 0.0 m/s
EA(NaN deg, NaN m/s)</description>
      <Style>
        <IconStyle>
          <Icon>
            <href>http://maps.google.com/mapfiles/kml/shapes/shaded_dot.png</href>
          </Icon>
          <scale>0.6</scale>
          <color>bff48542</color>
        </IconStyle>
      </Style>
      <Point>
        <altitudeMode>clampToGround</altitudeMode>
        <coordinates>87.3246970245108,22.315851827646,0</coordinates>
      </Point>
    </Placemark>
    <Placemark>
      <Snippet maxLines="0"> </Snippet>
      <description>242
UTC 21-04-2026 10:23:57.100
GpsMilliseconds 1460802255999
22.3158519,87.3246970, EA(1m)
AltWgs84 -10.7 m, EA(2m)
Hdg 4 deg, Spd 0.0 m/s
EA(NaN deg, NaN m/s)</description>
      <Style>
        <IconStyle>
          <Icon>
            <href>http://maps.google.com/mapfiles/kml/shapes/shaded_dot.png</href>
          </Icon>
          <scale>0.6</scale>
          <color>bff48542</color>
        </IconStyle>
      </Style>
      <Point>
        <altitudeMode>clampToGround</altitudeMode>
        <coordinates>87.3246970267612,22.3158518614794,0</coordinates>
      </Point>
    </Placemark>
    <Placemark>
      <Snippet maxLines="0"> </Snippet>
      <description>243
UTC 21-04-2026 10:23:58.100
GpsMilliseconds 1460802256999
22.3158519,87.3246970, EA(1m)
AltWgs84 -10.7 m, EA(2m)
Hdg 339 deg, Spd 0.0 m/s
EA(NaN deg, NaN m/s)</description>
      <Style>
        <IconStyle>
          <Icon>
            <href>http://maps.google.com/mapfiles/kml/shapes/shaded_dot.png</href>
          </Icon>
          <scale>0.6</scale>
          <color>bff48542</color>
        </IconStyle>
      </Style>
      <Point>
        <altitudeMode>clampToGround</altitudeMode>
        <coordinates>87.3246970248767,22.3158518661305,0</coordinates>
      </Point>
    </Placemark>
    <Placemark>
      <Snippet maxLines="0"> </Snippet>
      <description>244
UTC 21-04-2026 10:24:02.100
GpsMilliseconds 1460802260999
22.3158579,87.3246957, EA(1m)
AltWgs84 -10.8 m, EA(1m)
Hdg NaN deg, Spd NaN m/s
EA(NaN deg, NaN m/s)</description>
      <Style>
        <IconStyle>
          <Icon>
            <href>http://maps.google.com/mapfiles/kml/shapes/shaded_dot.png</href>
          </Icon>
          <scale>0.6</scale>
          <color>bff48542</color>
        </IconStyle>
      </Style>
      <Point>
        <altitudeMode>clampToGround</altitudeMode>
        <coordinates>87.3246956636402,22.3158579095169,0</coordinates>
      </Point>
    </Placemark>
    <Placemark>
      <Snippet maxLines="0"> </Snippet>
      <description>245
UTC 21-04-2026 10:24:03.100
GpsMilliseconds 1460802261999
22.3158579,87.3246957, EA(1m)
AltWgs84 -10.8 m, EA(2m)
Hdg 70 deg, Spd 0.0 m/s
EA(NaN deg, NaN m/s)</description>
      <Style>
        <IconStyle>
          <Icon>
            <href>http://maps.google.com/mapfiles/kml/shapes/shaded_dot.png</href>
          </Icon>
          <scale>0.6</scale>
          <color>bff48542</color>
        </IconStyle>
      </Style>
      <Point>
        <altitudeMode>clampToGround</altitudeMode>
        <coordinates>87.3246956924681,22.3158579193813,0</coordinates>
      </Point>
    </Placemark>
    <Placemark>
      <Snippet maxLines="0"> </Snippet>
      <description>246
UTC 21-04-2026 10:24:04.100
GpsMilliseconds 1460802262999
22.3158579,87.3246957, EA(1m)
AltWgs84 -10.8 m, EA(2m)
Hdg 107 deg, Spd 0.0 m/s
EA(NaN deg, NaN m/s)</description>
      <Style>
        <IconStyle>
          <Icon>
            <href>http://maps.google.com/mapfiles/kml/shapes/shaded_dot.png</href>
          </Icon>
          <scale>0.6</scale>
          <color>bff48542</color>
        </IconStyle>
      </Style>
      <Point>
        <altitudeMode>clampToGround</altitudeMode>
        <coordinates>87.3246957349234,22.3158579074522,0</coordinates>
      </Point>
    </Placemark>
    <Placemark>
      <Snippet maxLines="0"> </Snippet>
      <description>247
UTC 21-04-2026 10:24:05.100
GpsMilliseconds 1460802263999
22.3158579,87.3246958, EA(1m)
AltWgs84 -10.8 m, EA(2m)
Hdg 73 deg, Spd 0.0 m/s
EA(NaN deg, NaN m/s)</description>
      <Style>
        <IconStyle>
          <Icon>
            <href>http://maps.google.com/mapfiles/kml/shapes/shaded_dot.png</href>
          </Icon>
          <scale>0.6</scale>
          <color>bff48542</color>
        </IconStyle>
      </Style>
      <Point>
        <altitudeMode>clampToGround</altitudeMode>
        <coordinates>87.3246957643779,22.3158579156756,0</coordinates>
      </Point>
    </Placemark>
    <Placemark>
      <Snippet maxLines="0"> </Snippet>
      <description>248
UTC 21-04-2026 10:24:06.100
GpsMilliseconds 1460802264999
22.3158579,87.3246958, EA(1m)
AltWgs84 -10.8 m, EA(2m)
Hdg 52 deg, Spd 0.0 m/s
EA(NaN deg, NaN m/s)</description>
      <Style>
        <IconStyle>
          <Icon>
            <href>http://maps.google.com/mapfiles/kml/shapes/shaded_dot.png</href>
          </Icon>
          <scale>0.6</scale>
          <color>bff48542</color>
        </IconStyle>
      </Style>
      <Point>
        <altitudeMode>clampToGround</altitudeMode>
        <coordinates>87.3246957963111,22.3158579389402,0</coordinates>
      </Point>
    </Placemark>
    <Placemark>
      <Snippet maxLines="0"> </Snippet>
      <description>249
UTC 21-04-2026 10:24:07.100
GpsMilliseconds 1460802265999
22.3158580,87.3246958, EA(1m)
AltWgs84 -10.8 m, EA(2m)
Hdg 48 deg, Spd 0.0 m/s
EA(NaN deg, NaN m/s)</description>
      <Style>
        <IconStyle>
          <Icon>
            <href>http://maps.google.com/mapfiles/kml/shapes/shaded_dot.png</href>
          </Icon>
          <scale>0.6</scale>
          <color>bff48542</color>
        </IconStyle>
      </Style>
      <Point>
        <altitudeMode>clampToGround</altitudeMode>
        <coordinates>87.3246958310159,22.3158579683565,0</coordinates>
      </Point>
    </Placemark>
    <Placemark>
      <Snippet maxLines="0"> </Snippet>
      <description>250
UTC 21-04-2026 10:24:08.100
GpsMilliseconds 1460802266999
22.3158580,87.3246959, EA(1m)
AltWgs84 -10.8 m, EA(2m)
Hdg 48 deg, Spd 0.0 m/s
EA(NaN deg, NaN m/s)</description>
      <Style>
        <IconStyle>
          <Icon>
            <href>http://maps.google.com/mapfiles/kml/shapes/shaded_dot.png</href>
          </Icon>
          <scale>0.6</scale>
          <color>bff48542</color>
        </IconStyle>
      </Style>
      <Point>
        <altitudeMode>clampToGround</altitudeMode>
        <coordinates>87.3246958778095,22.3158580069275,0</coordinates>
      </Point>
    </Placemark>
    <Placemark>
      <Snippet maxLines="0"> </Snippet>
      <description>251
UTC 21-04-2026 10:24:09.100
GpsMilliseconds 1460802267999
22.3158580,87.3246959, EA(1m)
AltWgs84 -10.8 m, EA(2m)
Hdg 84 deg, Spd 0.0 m/s
EA(NaN deg, NaN m/s)</description>
      <Style>
        <IconStyle>
          <Icon>
            <href>http://maps.google.com/mapfiles/kml/shapes/shaded_dot.png</href>
          </Icon>
          <scale>0.6</scale>
          <color>bff48542</color>
        </IconStyle>
      </Style>
      <Point>
        <altitudeMode>clampToGround</altitudeMode>
        <coordinates>87.3246959006256,22.3158580090858,0</coordinates>
      </Point>
    </Placemark>
    <Placemark>
      <Snippet maxLines="0"> </Snippet>
      <description>252
UTC 21-04-2026 10:24:12.100
GpsMilliseconds 1460802270999
22.3158454,87.3246843, EA(1m)
AltWgs84 -12.7 m, EA(1m)
Hdg NaN deg, Spd NaN m/s
EA(NaN deg, NaN m/s)</description>
      <Style>
        <IconStyle>
          <Icon>
            <href>http://maps.google.com/mapfiles/kml/shapes/shaded_dot.png</href>
          </Icon>
          <scale>0.6</scale>
          <color>bff48542</color>
        </IconStyle>
      </Style>
      <Point>
        <altitudeMode>clampToGround</altitudeMode>
        <coordinates>87.3246843354177,22.3158454407398,0</coordinates>
      </Point>
    </Placemark>
    <Placemark>
      <Snippet maxLines="0"> </Snippet>
      <description>253
UTC 21-04-2026 10:24:13.100
GpsMilliseconds 1460802271999
22.3158455,87.3246845, EA(1m)
AltWgs84 -12.6 m, EA(1m)
Hdg 76 deg, Spd 0.0 m/s
EA(NaN deg, NaN m/s)</description>
      <Style>
        <IconStyle>
          <Icon>
            <href>http://maps.google.com/mapfiles/kml/shapes/shaded_dot.png</href>
          </Icon>
          <scale>0.6</scale>
          <color>bff48542</color>
        </IconStyle>
      </Style>
      <Point>
        <altitudeMode>clampToGround</altitudeMode>
        <coordinates>87.3246844695597,22.3158454714572,0</coordinates>
      </Point>
    </Placemark>
    <Placemark>
      <Snippet maxLines="0"> </Snippet>
      <description>254
UTC 21-04-2026 10:24:14.100
GpsMilliseconds 1460802272999
22.3158455,87.3246845, EA(1m)
AltWgs84 -12.6 m, EA(1m)
Hdg 102 deg, Spd 0.0 m/s
EA(NaN deg, NaN m/s)</description>
      <Style>
        <IconStyle>
          <Icon>
            <href>http://maps.google.com/mapfiles/kml/shapes/shaded_dot.png</href>
          </Icon>
          <scale>0.6</scale>
          <color>bff48542</color>
        </IconStyle>
      </Style>
      <Point>
        <altitudeMode>clampToGround</altitudeMode>
        <coordinates>87.3246845087184,22.3158454638887,0</coordinates>
      </Point>
    </Placemark>
    <Placemark>
      <Snippet maxLines="0"> </Snippet>
      <description>255
UTC 21-04-2026 10:24:15.100
GpsMilliseconds 1460802273999
22.3158455,87.3246845, EA(1m)
AltWgs84 -12.6 m, EA(1m)
Hdg 29 deg, Spd 0.0 m/s
EA(NaN deg, NaN m/s)</description>
      <Style>
        <IconStyle>
          <Icon>
            <href>http://maps.google.com/mapfiles/kml/shapes/shaded_dot.png</href>
          </Icon>
          <scale>0.6</scale>
          <color>bff48542</color>
        </IconStyle>
      </Style>
      <Point>
        <altitudeMode>clampToGround</altitudeMode>
        <coordinates>87.3246845353951,22.3158455093151,0</coordinates>
      </Point>
    </Placemark>
    <Placemark>
      <Snippet maxLines="0"> </Snippet>
      <description>256
UTC 21-04-2026 10:24:16.100
GpsMilliseconds 1460802274999
22.3158455,87.3246846, EA(1m)
AltWgs84 -12.6 m, EA(1m)
Hdg 135 deg, Spd 0.0 m/s
EA(NaN deg, NaN m/s)</description>
      <Style>
        <IconStyle>
          <Icon>
            <href>http://maps.google.com/mapfiles/kml/shapes/shaded_dot.png</href>
          </Icon>
          <scale>0.6</scale>
          <color>bff48542</color>
        </IconStyle>
      </Style>
      <Point>
        <altitudeMode>clampToGround</altitudeMode>
        <coordinates>87.3246845657131,22.3158454810664,0</coordinates>
      </Point>
    </Placemark>
    <Placemark>
      <Snippet maxLines="0"> </Snippet>
      <description>257
UTC 21-04-2026 10:24:17.100
GpsMilliseconds 1460802275999
22.3158455,87.3246846, EA(1m)
AltWgs84 -12.6 m, EA(1m)
Hdg 32 deg, Spd 0.0 m/s
EA(NaN deg, NaN m/s)</description>
      <Style>
        <IconStyle>
          <Icon>
            <href>http://maps.google.com/mapfiles/kml/shapes/shaded_dot.png</href>
          </Icon>
          <scale>0.6</scale>
          <color>bff48542</color>
        </IconStyle>
      </Style>
      <Point>
        <altitudeMode>clampToGround</altitudeMode>
        <coordinates>87.3246845876345,22.3158455130894,0</coordinates>
      </Point>
    </Placemark>
    <Placemark>
      <Snippet maxLines="0"> </Snippet>
      <description>258
UTC 21-04-2026 10:24:18.100
GpsMilliseconds 1460802276999
22.3158455,87.3246846, EA(1m)
AltWgs84 -12.6 m, EA(1m)
Hdg 74 deg, Spd 0.0 m/s
EA(NaN deg, NaN m/s)</description>
      <Style>
        <IconStyle>
          <Icon>
            <href>http://maps.google.com/mapfiles/kml/shapes/shaded_dot.png</href>
          </Icon>
          <scale>0.6</scale>
          <color>bff48542</color>
        </IconStyle>
      </Style>
      <Point>
        <altitudeMode>clampToGround</altitudeMode>
        <coordinates>87.3246846213033,22.315845521856,0</coordinates>
      </Point>
    </Placemark>
    <Placemark>
      <Snippet maxLines="0"> </Snippet>
      <description>259
UTC 21-04-2026 10:24:19.100
GpsMilliseconds 1460802277999
22.3158461,87.3246845, EA(9m)
AltWgs84 -12.6 m, EA(5m)
Hdg 349 deg, Spd 0.1 m/s
EA(NaN deg, NaN m/s)</description>
      <Style>
        <IconStyle>
          <Icon>
            <href>http://maps.google.com/mapfiles/kml/shapes/shaded_dot.png</href>
          </Icon>
          <scale>0.6</scale>
          <color>bff48542</color>
        </IconStyle>
      </Style>
      <Point>
        <altitudeMode>clampToGround</altitudeMode>
        <coordinates>87.3246844974054,22.3158461333159,0</coordinates>
      </Point>
    </Placemark>
    <Placemark>
      <Snippet maxLines="0"> </Snippet>
      <description>260
UTC 21-04-2026 10:24:20.100
GpsMilliseconds 1460802278999
22.3158460,87.3246845, EA(9m)
AltWgs84 -12.6 m, EA(5m)
Hdg 164 deg, Spd 0.0 m/s
EA(NaN deg, NaN m/s)</description>
      <Style>
        <IconStyle>
          <Icon>
            <href>http://maps.google.com/mapfiles/kml/shapes/shaded_dot.png</href>
          </Icon>
          <scale>0.6</scale>
          <color>bff48542</color>
        </IconStyle>
      </Style>
      <Point>
        <altitudeMode>clampToGround</altitudeMode>
        <coordinates>87.3246845289233,22.3158460329686,0</coordinates>
      </Point>
    </Placemark>
    <Placemark>
      <Snippet maxLines="0"> </Snippet>
      <description>261
UTC 21-04-2026 10:24:21.100
GpsMilliseconds 1460802279999
22.3158461,87.3246846, EA(1m)
AltWgs84 -12.6 m, EA(1m)
Hdg 70 deg, Spd 0.0 m/s
EA(NaN deg, NaN m/s)</description>
      <Style>
        <IconStyle>
          <Icon>
            <href>http://maps.google.com/mapfiles/kml/shapes/shaded_dot.png</href>
          </Icon>
          <scale>0.6</scale>
          <color>bff48542</color>
        </IconStyle>
      </Style>
      <Point>
        <altitudeMode>clampToGround</altitudeMode>
        <coordinates>87.3246845915021,22.3158460537809,0</coordinates>
      </Point>
    </Placemark>
    <Placemark>
      <Snippet maxLines="0"> </Snippet>
      <description>262
UTC 21-04-2026 10:24:22.100
GpsMilliseconds 1460802280999
22.3158461,87.3246847, EA(1m)
AltWgs84 -12.6 m, EA(1m)
Hdg 56 deg, Spd 0.0 m/s
EA(NaN deg, NaN m/s)</description>
      <Style>
        <IconStyle>
          <Icon>
            <href>http://maps.google.com/mapfiles/kml/shapes/shaded_dot.png</href>
          </Icon>
          <scale>0.6</scale>
          <color>bff48542</color>
        </IconStyle>
      </Style>
      <Point>
        <altitudeMode>clampToGround</altitudeMode>
        <coordinates>87.3246846771658,22.3158461084469,0</coordinates>
      </Point>
    </Placemark>
    <Placemark>
      <Snippet maxLines="0"> </Snippet>
      <description>263
UTC 21-04-2026 10:24:23.100
GpsMilliseconds 1460802281999
22.3158461,87.3246846, EA(1m)
AltWgs84 -12.6 m, EA(1m)
Hdg 306 deg, Spd 0.0 m/s
EA(NaN deg, NaN m/s)</description>
      <Style>
        <IconStyle>
          <Icon>
            <href>http://maps.google.com/mapfiles/kml/shapes/shaded_dot.png</href>
          </Icon>
          <scale>0.6</scale>
          <color>bff48542</color>
        </IconStyle>
      </Style>
      <Point>
        <altitudeMode>clampToGround</altitudeMode>
        <coordinates>87.3246846244436,22.3158461435169,0</coordinates>
      </Point>
    </Placemark>
    <Placemark>
      <Snippet maxLines="0"> </Snippet>
      <description>264
UTC 21-04-2026 10:24:24.100
GpsMilliseconds 1460802282999
22.3158461,87.3246847, EA(1m)
AltWgs84 -12.6 m, EA(1m)
Hdg 143 deg, Spd 0.0 m/s
EA(NaN deg, NaN m/s)</description>
      <Style>
        <IconStyle>
          <Icon>
            <href>http://maps.google.com/mapfiles/kml/shapes/shaded_dot.png</href>
          </Icon>
          <scale>0.6</scale>
          <color>bff48542</color>
        </IconStyle>
      </Style>
      <Point>
        <altitudeMode>clampToGround</altitudeMode>
        <coordinates>87.3246846867364,22.3158460675174,0</coordinates>
      </Point>
    </Placemark>
    <Placemark>
      <Snippet maxLines="0"> </Snippet>
      <description>265
UTC 21-04-2026 10:24:25.100
GpsMilliseconds 1460802283999
22.3158461,87.3246847, EA(1m)
AltWgs84 -12.6 m, EA(1m)
Hdg 326 deg, Spd 0.0 m/s
EA(NaN deg, NaN m/s)</description>
      <Style>
        <IconStyle>
          <Icon>
            <href>http://maps.google.com/mapfiles/kml/shapes/shaded_dot.png</href>
          </Icon>
          <scale>0.6</scale>
          <color>bff48542</color>
        </IconStyle>
      </Style>
      <Point>
        <altitudeMode>clampToGround</altitudeMode>
        <coordinates>87.3246846841912,22.3158460709809,0</coordinates>
      </Point>
    </Placemark>
    <Placemark>
      <Snippet maxLines="0"> </Snippet>
      <description>266
UTC 21-04-2026 10:24:26.100
GpsMilliseconds 1460802284999
22.3158460,87.3246847, EA(2m)
AltWgs84 -12.6 m, EA(2m)
Hdg 192 deg, Spd 0.0 m/s
EA(NaN deg, NaN m/s)</description>
      <Style>
        <IconStyle>
          <Icon>
            <href>http://maps.google.com/mapfiles/kml/shapes/shaded_dot.png</href>
          </Icon>
          <scale>0.6</scale>
          <color>bff48542</color>
        </IconStyle>
      </Style>
      <Point>
        <altitudeMode>clampToGround</altitudeMode>
        <coordinates>87.3246846703476,22.3158460117388,0</coordinates>
      </Point>
    </Placemark>
    <Placemark>
      <Snippet maxLines="0"> </Snippet>
      <description>267
UTC 21-04-2026 10:24:27.100
GpsMilliseconds 1460802285999
22.3158460,87.3246846, EA(2m)
AltWgs84 -12.6 m, EA(2m)
Hdg 215 deg, Spd 0.0 m/s
EA(NaN deg, NaN m/s)</description>
      <Style>
        <IconStyle>
          <Icon>
            <href>http://maps.google.com/mapfiles/kml/shapes/shaded_dot.png</href>
          </Icon>
          <scale>0.6</scale>
          <color>bff48542</color>
        </IconStyle>
      </Style>
      <Point>
        <altitudeMode>clampToGround</altitudeMode>
        <coordinates>87.3246846405626,22.3158459723331,0</coordinates>
      </Point>
    </Placemark>
    <Placemark>
      <Snippet maxLines="0"> </Snippet>
      <description>268
UTC 21-04-2026 10:24:28.100
GpsMilliseconds 1460802286999
22.3158460,87.3246846, EA(1m)
AltWgs84 -12.6 m, EA(1m)
Hdg 190 deg, Spd 0.0 m/s
EA(NaN deg, NaN m/s)</description>
      <Style>
        <IconStyle>
          <Icon>
            <href>http://maps.google.com/mapfiles/kml/shapes/shaded_dot.png</href>
          </Icon>
          <scale>0.6</scale>
          <color>bff48542</color>
        </IconStyle>
      </Style>
      <Point>
        <altitudeMode>clampToGround</altitudeMode>
        <coordinates>87.324684637241,22.3158459544856,0</coordinates>
      </Point>
    </Placemark>
    <Placemark>
      <Snippet maxLines="0"> </Snippet>
      <description>269
UTC 21-04-2026 10:24:31.100
GpsMilliseconds 1460802289999
22.3158389,87.3246837, EA(3m)
AltWgs84 -14.2 m, EA(4m)
Hdg NaN deg, Spd NaN m/s
EA(NaN deg, NaN m/s)</description>
      <Style>
        <IconStyle>
          <Icon>
            <href>http://maps.google.com/mapfiles/kml/shapes/shaded_dot.png</href>
          </Icon>
          <scale>0.6</scale>
          <color>bff48542</color>
        </IconStyle>
      </Style>
      <Point>
        <altitudeMode>clampToGround</altitudeMode>
        <coordinates>87.3246837177149,22.3158388920251,0</coordinates>
      </Point>
    </Placemark>
    <Placemark>
      <Snippet maxLines="0"> </Snippet>
      <description>270
UTC 21-04-2026 10:24:35.100
GpsMilliseconds 1460802293999
22.3158397,87.3246984, EA(1m)
AltWgs84 -14.7 m, EA(1m)
Hdg NaN deg, Spd NaN m/s
EA(NaN deg, NaN m/s)</description>
      <Style>
        <IconStyle>
          <Icon>
            <href>http://maps.google.com/mapfiles/kml/shapes/shaded_dot.png</href>
          </Icon>
          <scale>0.6</scale>
          <color>bff48542</color>
        </IconStyle>
      </Style>
      <Point>
        <altitudeMode>clampToGround</altitudeMode>
        <coordinates>87.3246983638935,22.3158396747635,0</coordinates>
      </Point>
    </Placemark>
    <Placemark>
      <Snippet maxLines="0"> </Snippet>
      <description>271
UTC 21-04-2026 10:24:36.100
GpsMilliseconds 1460802294999
22.3158397,87.3246984, EA(1m)
AltWgs84 -14.7 m, EA(1m)
Hdg 137 deg, Spd 0.0 m/s
EA(NaN deg, NaN m/s)</description>
      <Style>
        <IconStyle>
          <Icon>
            <href>http://maps.google.com/mapfiles/kml/shapes/shaded_dot.png</href>
          </Icon>
          <scale>0.6</scale>
          <color>bff48542</color>
        </IconStyle>
      </Style>
      <Point>
        <altitudeMode>clampToGround</altitudeMode>
        <coordinates>87.3246983841342,22.3158396544542,0</coordinates>
      </Point>
    </Placemark>
    <Placemark>
      <Snippet maxLines="0"> </Snippet>
      <description>272
UTC 21-04-2026 10:24:37.100
GpsMilliseconds 1460802295999
22.3158396,87.3246984, EA(1m)
AltWgs84 -14.7 m, EA(1m)
Hdg 145 deg, Spd 0.0 m/s
EA(NaN deg, NaN m/s)</description>
      <Style>
        <IconStyle>
          <Icon>
            <href>http://maps.google.com/mapfiles/kml/shapes/shaded_dot.png</href>
          </Icon>
          <scale>0.6</scale>
          <color>bff48542</color>
        </IconStyle>
      </Style>
      <Point>
        <altitudeMode>clampToGround</altitudeMode>
        <coordinates>87.3246984128746,22.3158396160148,0</coordinates>
      </Point>
    </Placemark>
    <Placemark>
      <Snippet maxLines="0"> </Snippet>
      <description>273
UTC 21-04-2026 10:24:38.100
GpsMilliseconds 1460802296999
22.3158397,87.3246986, EA(1m)
AltWgs84 -14.7 m, EA(1m)
Hdg 53 deg, Spd 0.0 m/s
EA(NaN deg, NaN m/s)</description>
      <Style>
        <IconStyle>
          <Icon>
            <href>http://maps.google.com/mapfiles/kml/shapes/shaded_dot.png</href>
          </Icon>
          <scale>0.6</scale>
          <color>bff48542</color>
        </IconStyle>
      </Style>
      <Point>
        <altitudeMode>clampToGround</altitudeMode>
        <coordinates>87.3246985655905,22.3158397245017,0</coordinates>
      </Point>
    </Placemark>
    <Placemark>
      <Snippet maxLines="0"> </Snippet>
      <description>274
UTC 21-04-2026 10:24:39.100
GpsMilliseconds 1460802297999
22.3158397,87.3246986, EA(1m)
AltWgs84 -14.7 m, EA(2m)
Hdg 251 deg, Spd 0.0 m/s
EA(NaN deg, NaN m/s)</description>
      <Style>
        <IconStyle>
          <Icon>
            <href>http://maps.google.com/mapfiles/kml/shapes/shaded_dot.png</href>
          </Icon>
          <scale>0.6</scale>
          <color>bff48542</color>
        </IconStyle>
      </Style>
      <Point>
        <altitudeMode>clampToGround</altitudeMode>
        <coordinates>87.3246985529874,22.3158397204094,0</coordinates>
      </Point>
    </Placemark>
    <Placemark>
      <Snippet maxLines="0"> </Snippet>
      <description>275
UTC 21-04-2026 10:24:40.100
GpsMilliseconds 1460802298999
22.3158397,87.3246986, EA(1m)
AltWgs84 -14.7 m, EA(2m)
Hdg 122 deg, Spd 0.0 m/s
EA(NaN deg, NaN m/s)</description>
      <Style>
        <IconStyle>
          <Icon>
            <href>http://maps.google.com/mapfiles/kml/shapes/shaded_dot.png</href>
          </Icon>
          <scale>0.6</scale>
          <color>bff48542</color>
        </IconStyle>
      </Style>
      <Point>
        <altitudeMode>clampToGround</altitudeMode>
        <coordinates>87.3246985724194,22.3158397091718,0</coordinates>
      </Point>
    </Placemark>
    <Placemark>
      <Snippet maxLines="0"> </Snippet>
      <description>276
UTC 21-04-2026 10:24:41.100
GpsMilliseconds 1460802299999
22.3158397,87.3246985, EA(1m)
AltWgs84 -14.7 m, EA(2m)
Hdg 285 deg, Spd 0.0 m/s
EA(NaN deg, NaN m/s)</description>
      <Style>
        <IconStyle>
          <Icon>
            <href>http://maps.google.com/mapfiles/kml/shapes/shaded_dot.png</href>
          </Icon>
          <scale>0.6</scale>
          <color>bff48542</color>
        </IconStyle>
      </Style>
      <Point>
        <altitudeMode>clampToGround</altitudeMode>
        <coordinates>87.3246985154426,22.3158397238012,0</coordinates>
      </Point>
    </Placemark>
    <Placemark>
      <Snippet maxLines="0"> </Snippet>
      <description>277
UTC 21-04-2026 10:24:42.100
GpsMilliseconds 1460802300999
22.3158397,87.3246985, EA(1m)
AltWgs84 -14.7 m, EA(2m)
Hdg 187 deg, Spd 0.0 m/s
EA(NaN deg, NaN m/s)</description>
      <Style>
        <IconStyle>
          <Icon>
            <href>http://maps.google.com/mapfiles/kml/shapes/shaded_dot.png</href>
          </Icon>
          <scale>0.6</scale>
          <color>bff48542</color>
        </IconStyle>
      </Style>
      <Point>
        <altitudeMode>clampToGround</altitudeMode>
        <coordinates>87.3246985079361,22.3158396639508,0</coordinates>
      </Point>
    </Placemark>
    <Placemark>
      <Snippet maxLines="0"> </Snippet>
      <description>278
UTC 21-04-2026 10:24:43.100
GpsMilliseconds 1460802301999
22.3158398,87.3246985, EA(3m)
AltWgs84 -14.7 m, EA(3m)
Hdg 357 deg, Spd 0.0 m/s
EA(NaN deg, NaN m/s)</description>
      <Style>
        <IconStyle>
          <Icon>
            <href>http://maps.google.com/mapfiles/kml/shapes/shaded_dot.png</href>
          </Icon>
          <scale>0.6</scale>
          <color>bff48542</color>
        </IconStyle>
      </Style>
      <Point>
        <altitudeMode>clampToGround</altitudeMode>
        <coordinates>87.3246984978808,22.3158398241981,0</coordinates>
      </Point>
    </Placemark>
    <Placemark>
      <Snippet maxLines="0"> </Snippet>
      <description>279
UTC 21-04-2026 10:24:46.100
GpsMilliseconds 1460802304999
22.3158506,87.3246905, EA(1m)
AltWgs84 -12.5 m, EA(1m)
Hdg NaN deg, Spd NaN m/s
EA(NaN deg, NaN m/s)</description>
      <Style>
        <IconStyle>
          <Icon>
            <href>http://maps.google.com/mapfiles/kml/shapes/shaded_dot.png</href>
          </Icon>
          <scale>0.6</scale>
          <color>bff48542</color>
        </IconStyle>
      </Style>
      <Point>
        <altitudeMode>clampToGround</altitudeMode>
        <coordinates>87.3246905189488,22.3158505923582,0</coordinates>
      </Point>
    </Placemark>
    <Placemark>
      <Snippet maxLines="0"> </Snippet>
      <description>280
UTC 21-04-2026 10:24:47.100
GpsMilliseconds 1460802305999
22.3158506,87.3246905, EA(1m)
AltWgs84 -12.5 m, EA(1m)
Hdg 302 deg, Spd 0.0 m/s
EA(NaN deg, NaN m/s)</description>
      <Style>
        <IconStyle>
          <Icon>
            <href>http://maps.google.com/mapfiles/kml/shapes/shaded_dot.png</href>
          </Icon>
          <scale>0.6</scale>
          <color>bff48542</color>
        </IconStyle>
      </Style>
      <Point>
        <altitudeMode>clampToGround</altitudeMode>
        <coordinates>87.3246904977051,22.3158506048631,0</coordinates>
      </Point>
    </Placemark>
    <Placemark>
      <Snippet maxLines="0"> </Snippet>
      <description>281
UTC 21-04-2026 10:24:48.100
GpsMilliseconds 1460802306999
22.3158506,87.3246906, EA(1m)
AltWgs84 -12.5 m, EA(1m)
Hdg 121 deg, Spd 0.0 m/s
EA(NaN deg, NaN m/s)</description>
      <Style>
        <IconStyle>
          <Icon>
            <href>http://maps.google.com/mapfiles/kml/shapes/shaded_dot.png</href>
          </Icon>
          <scale>0.6</scale>
          <color>bff48542</color>
        </IconStyle>
      </Style>
      <Point>
        <altitudeMode>clampToGround</altitudeMode>
        <coordinates>87.3246905666911,22.3158505664489,0</coordinates>
      </Point>
    </Placemark>
    <Placemark>
      <Snippet maxLines="0"> </Snippet>
      <description>282
UTC 21-04-2026 10:24:49.100
GpsMilliseconds 1460802307999
22.3158505,87.3246906, EA(1m)
AltWgs84 -12.5 m, EA(1m)
Hdg 140 deg, Spd 0.0 m/s
EA(NaN deg, NaN m/s)</description>
      <Style>
        <IconStyle>
          <Icon>
            <href>http://maps.google.com/mapfiles/kml/shapes/shaded_dot.png</href>
          </Icon>
          <scale>0.6</scale>
          <color>bff48542</color>
        </IconStyle>
      </Style>
      <Point>
        <altitudeMode>clampToGround</altitudeMode>
        <coordinates>87.3246906118176,22.3158505170045,0</coordinates>
      </Point>
    </Placemark>
    <Placemark>
      <Snippet maxLines="0"> </Snippet>
      <description>283
UTC 21-04-2026 10:24:50.100
GpsMilliseconds 1460802308999
22.3158506,87.3246907, EA(1m)
AltWgs84 -12.5 m, EA(2m)
Hdg 40 deg, Spd 0.0 m/s
EA(NaN deg, NaN m/s)</description>
      <Style>
        <IconStyle>
          <Icon>
            <href>http://maps.google.com/mapfiles/kml/shapes/shaded_dot.png</href>
          </Icon>
          <scale>0.6</scale>
          <color>bff48542</color>
        </IconStyle>
      </Style>
      <Point>
        <altitudeMode>clampToGround</altitudeMode>
        <coordinates>87.3246906637625,22.3158505747249,0</coordinates>
      </Point>
    </Placemark>
    <Placemark>
      <Snippet maxLines="0"> </Snippet>
      <description>284
UTC 21-04-2026 10:24:51.100
GpsMilliseconds 1460802309999
22.3158505,87.3246907, EA(1m)
AltWgs84 -12.5 m, EA(2m)
Hdg 125 deg, Spd 0.0 m/s
EA(NaN deg, NaN m/s)</description>
      <Style>
        <IconStyle>
          <Icon>
            <href>http://maps.google.com/mapfiles/kml/shapes/shaded_dot.png</href>
          </Icon>
          <scale>0.6</scale>
          <color>bff48542</color>
        </IconStyle>
      </Style>
      <Point>
        <altitudeMode>clampToGround</altitudeMode>
        <coordinates>87.3246907057597,22.3158505475309,0</coordinates>
      </Point>
    </Placemark>
    <Placemark>
      <Snippet maxLines="0"> </Snippet>
      <description>285
UTC 21-04-2026 10:24:54.100
GpsMilliseconds 1460802312999
22.3158389,87.3246831, EA(2m)
AltWgs84 -13.0 m, EA(3m)
Hdg NaN deg, Spd NaN m/s
EA(NaN deg, NaN m/s)</description>
      <Style>
        <IconStyle>
          <Icon>
            <href>http://maps.google.com/mapfiles/kml/shapes/shaded_dot.png</href>
          </Icon>
          <scale>0.6</scale>
          <color>bff48542</color>
        </IconStyle>
      </Style>
      <Point>
        <altitudeMode>clampToGround</altitudeMode>
        <coordinates>87.3246830961492,22.3158389186833,0</coordinates>
      </Point>
    </Placemark>
    <Placemark>
      <Snippet maxLines="0"> </Snippet>
      <description>286
UTC 21-04-2026 10:24:55.100
GpsMilliseconds 1460802313999
22.3158389,87.3246832, EA(2m)
AltWgs84 -13.0 m, EA(3m)
Hdg 90 deg, Spd 0.0 m/s
EA(NaN deg, NaN m/s)</description>
      <Style>
        <IconStyle>
          <Icon>
            <href>http://maps.google.com/mapfiles/kml/shapes/shaded_dot.png</href>
          </Icon>
          <scale>0.6</scale>
          <color>bff48542</color>
        </IconStyle>
      </Style>
      <Point>
        <altitudeMode>clampToGround</altitudeMode>
        <coordinates>87.3246831964723,22.3158389187057,0</coordinates>
      </Point>
    </Placemark>
    <Placemark>
      <Snippet maxLines="0"> </Snippet>
      <description>287
UTC 21-04-2026 10:24:58.100
GpsMilliseconds 1460802316999
22.3158379,87.3246933, EA(1m)
AltWgs84 -13.6 m, EA(1m)
Hdg NaN deg, Spd NaN m/s
EA(NaN deg, NaN m/s)</description>
      <Style>
        <IconStyle>
          <Icon>
            <href>http://maps.google.com/mapfiles/kml/shapes/shaded_dot.png</href>
          </Icon>
          <scale>0.6</scale>
          <color>bff48542</color>
        </IconStyle>
      </Style>
      <Point>
        <altitudeMode>clampToGround</altitudeMode>
        <coordinates>87.3246933369716,22.3158378764871,0</coordinates>
      </Point>
    </Placemark>
    <Placemark>
      <Snippet maxLines="0"> </Snippet>
      <description>288
UTC 21-04-2026 10:24:59.100
GpsMilliseconds 1460802317999
22.3158379,87.3246934, EA(1m)
AltWgs84 -13.6 m, EA(1m)
Hdg 71 deg, Spd 0.0 m/s
EA(NaN deg, NaN m/s)</description>
      <Style>
        <IconStyle>
          <Icon>
            <href>http://maps.google.com/mapfiles/kml/shapes/shaded_dot.png</href>
          </Icon>
          <scale>0.6</scale>
          <color>bff48542</color>
        </IconStyle>
      </Style>
      <Point>
        <altitudeMode>clampToGround</altitudeMode>
        <coordinates>87.3246933771257,22.3158378893844,0</coordinates>
      </Point>
    </Placemark>
    <Placemark>
      <Snippet maxLines="0"> </Snippet>
      <description>289
UTC 21-04-2026 10:25:00.100
GpsMilliseconds 1460802318999
22.3158379,87.3246934, EA(1m)
AltWgs84 -13.6 m, EA(1m)
Hdg 94 deg, Spd 0.0 m/s
EA(NaN deg, NaN m/s)</description>
      <Style>
        <IconStyle>
          <Icon>
            <href>http://maps.google.com/mapfiles/kml/shapes/shaded_dot.png</href>
          </Icon>
          <scale>0.6</scale>
          <color>bff48542</color>
        </IconStyle>
      </Style>
      <Point>
        <altitudeMode>clampToGround</altitudeMode>
        <coordinates>87.3246934100317,22.3158378874831,0</coordinates>
      </Point>
    </Placemark>
    <Placemark>
      <Snippet maxLines="0"> </Snippet>
      <description>290
UTC 21-04-2026 10:25:01.100
GpsMilliseconds 1460802319999
22.3158378,87.3246933, EA(1m)
AltWgs84 -13.6 m, EA(1m)
Hdg 250 deg, Spd 0.0 m/s
EA(NaN deg, NaN m/s)</description>
      <Style>
        <IconStyle>
          <Icon>
            <href>http://maps.google.com/mapfiles/kml/shapes/shaded_dot.png</href>
          </Icon>
          <scale>0.6</scale>
          <color>bff48542</color>
        </IconStyle>
      </Style>
      <Point>
        <altitudeMode>clampToGround</altitudeMode>
        <coordinates>87.3246932875018,22.3158378463227,0</coordinates>
      </Point>
    </Placemark>
    <Placemark>
      <Snippet maxLines="0"> </Snippet>
      <description>291
UTC 21-04-2026 10:25:02.100
GpsMilliseconds 1460802320999
22.3158378,87.3246933, EA(1m)
AltWgs84 -13.6 m, EA(1m)
Hdg 97 deg, Spd 0.0 m/s
EA(NaN deg, NaN m/s)</description>
      <Style>
        <IconStyle>
          <Icon>
            <href>http://maps.google.com/mapfiles/kml/shapes/shaded_dot.png</href>
          </Icon>
          <scale>0.6</scale>
          <color>bff48542</color>
        </IconStyle>
      </Style>
      <Point>
        <altitudeMode>clampToGround</altitudeMode>
        <coordinates>87.3246933424315,22.3158378396909,0</coordinates>
      </Point>
    </Placemark>
    <Placemark>
      <Snippet maxLines="0"> </Snippet>
      <description>292
UTC 21-04-2026 10:25:03.100
GpsMilliseconds 1460802321999
22.3158378,87.3246934, EA(1m)
AltWgs84 -13.6 m, EA(1m)
Hdg 119 deg, Spd 0.0 m/s
EA(NaN deg, NaN m/s)</description>
      <Style>
        <IconStyle>
          <Icon>
            <href>http://maps.google.com/mapfiles/kml/shapes/shaded_dot.png</href>
          </Icon>
          <scale>0.6</scale>
          <color>bff48542</color>
        </IconStyle>
      </Style>
      <Point>
        <altitudeMode>clampToGround</altitudeMode>
        <coordinates>87.3246933603981,22.3158378303694,0</coordinates>
      </Point>
    </Placemark>
    <Placemark>
      <Snippet maxLines="0"> </Snippet>
      <description>293
UTC 21-04-2026 10:25:04.100
GpsMilliseconds 1460802322999
22.3158378,87.3246934, EA(1m)
AltWgs84 -13.6 m, EA(1m)
Hdg 75 deg, Spd 0.0 m/s
EA(NaN deg, NaN m/s)</description>
      <Style>
        <IconStyle>
          <Icon>
            <href>http://maps.google.com/mapfiles/kml/shapes/shaded_dot.png</href>
          </Icon>
          <scale>0.6</scale>
          <color>bff48542</color>
        </IconStyle>
      </Style>
      <Point>
        <altitudeMode>clampToGround</altitudeMode>
        <coordinates>87.3246933906266,22.3158378377767,0</coordinates>
      </Point>
    </Placemark>
    <Placemark>
      <Snippet maxLines="0"> </Snippet>
      <description>294
UTC 21-04-2026 10:25:05.100
GpsMilliseconds 1460802323999
22.3158378,87.3246934, EA(1m)
AltWgs84 -13.6 m, EA(1m)
Hdg 177 deg, Spd 0.0 m/s
EA(NaN deg, NaN m/s)</description>
      <Style>
        <IconStyle>
          <Icon>
            <href>http://maps.google.com/mapfiles/kml/shapes/shaded_dot.png</href>
          </Icon>
          <scale>0.6</scale>
          <color>bff48542</color>
        </IconStyle>
      </Style>
      <Point>
        <altitudeMode>clampToGround</altitudeMode>
        <coordinates>87.3246933907887,22.3158378348586,0</coordinates>
      </Point>
    </Placemark>
    <Placemark>
      <Snippet maxLines="0"> </Snippet>
      <description>295
UTC 21-04-2026 10:25:06.100
GpsMilliseconds 1460802324999
22.3158376,87.3246934, EA(4m)
AltWgs84 -13.7 m, EA(3m)
Hdg 181 deg, Spd 0.0 m/s
EA(NaN deg, NaN m/s)</description>
      <Style>
        <IconStyle>
          <Icon>
            <href>http://maps.google.com/mapfiles/kml/shapes/shaded_dot.png</href>
          </Icon>
          <scale>0.6</scale>
          <color>bff48542</color>
        </IconStyle>
      </Style>
      <Point>
        <altitudeMode>clampToGround</altitudeMode>
        <coordinates>87.3246933846444,22.3158375764105,0</coordinates>
      </Point>
    </Placemark>
    <Placemark>
      <Snippet maxLines="0"> </Snippet>
      <description>296
UTC 21-04-2026 10:25:07.100
GpsMilliseconds 1460802325999
22.3158377,87.3246933, EA(4m)
AltWgs84 -13.6 m, EA(3m)
Hdg 338 deg, Spd 0.0 m/s
EA(NaN deg, NaN m/s)</description>
      <Style>
        <IconStyle>
          <Icon>
            <href>http://maps.google.com/mapfiles/kml/shapes/shaded_dot.png</href>
          </Icon>
          <scale>0.6</scale>
          <color>bff48542</color>
        </IconStyle>
      </Style>
      <Point>
        <altitudeMode>clampToGround</altitudeMode>
        <coordinates>87.3246933131184,22.3158377390552,0</coordinates>
      </Point>
    </Placemark>
    <Placemark>
      <Snippet maxLines="0"> </Snippet>
      <description>297
UTC 21-04-2026 10:25:08.100
GpsMilliseconds 1460802326999
22.3158378,87.3246933, EA(1m)
AltWgs84 -13.6 m, EA(1m)
Hdg 66 deg, Spd 0.0 m/s
EA(NaN deg, NaN m/s)</description>
      <Style>
        <IconStyle>
          <Icon>
            <href>http://maps.google.com/mapfiles/kml/shapes/shaded_dot.png</href>
          </Icon>
          <scale>0.6</scale>
          <color>bff48542</color>
        </IconStyle>
      </Style>
      <Point>
        <altitudeMode>clampToGround</altitudeMode>
        <coordinates>87.3246933430703,22.3158377511892,0</coordinates>
      </Point>
    </Placemark>
    <Placemark>
      <Snippet maxLines="0"> </Snippet>
      <description>298
UTC 21-04-2026 10:25:09.100
GpsMilliseconds 1460802327999
22.3158378,87.3246933, EA(1m)
AltWgs84 -13.7 m, EA(1m)
Hdg 19 deg, Spd 0.0 m/s
EA(NaN deg, NaN m/s)</description>
      <Style>
        <IconStyle>
          <Icon>
            <href>http://maps.google.com/mapfiles/kml/shapes/shaded_dot.png</href>
          </Icon>
          <scale>0.6</scale>
          <color>bff48542</color>
        </IconStyle>
      </Style>
      <Point>
        <altitudeMode>clampToGround</altitudeMode>
        <coordinates>87.3246933480055,22.3158377646574,0</coordinates>
      </Point>
    </Placemark>
    <Placemark>
      <Snippet maxLines="0"> </Snippet>
      <description>299
UTC 21-04-2026 10:25:10.100
GpsMilliseconds 1460802328999
22.3158378,87.3246934, EA(1m)
AltWgs84 -13.6 m, EA(1m)
Hdg 51 deg, Spd 0.0 m/s
EA(NaN deg, NaN m/s)</description>
      <Style>
        <IconStyle>
          <Icon>
            <href>http://maps.google.com/mapfiles/kml/shapes/shaded_dot.png</href>
          </Icon>
          <scale>0.6</scale>
          <color>bff48542</color>
        </IconStyle>
      </Style>
      <Point>
        <altitudeMode>clampToGround</altitudeMode>
        <coordinates>87.3246933895051,22.3158377954087,0</coordinates>
      </Point>
    </Placemark>
    <Placemark>
      <Snippet maxLines="0"> </Snippet>
      <description>300
UTC 21-04-2026 10:25:11.100
GpsMilliseconds 1460802329999
22.3158377,87.3246934, EA(1m)
AltWgs84 -13.7 m, EA(1m)
Hdg 190 deg, Spd 0.0 m/s
EA(NaN deg, NaN m/s)</description>
      <Style>
        <IconStyle>
          <Icon>
            <href>http://maps.google.com/mapfiles/kml/shapes/shaded_dot.png</href>
          </Icon>
          <scale>0.6</scale>
          <color>bff48542</color>
        </IconStyle>
      </Style>
      <Point>
        <altitudeMode>clampToGround</altitudeMode>
        <coordinates>87.3246933790289,22.315837737351,0</coordinates>
      </Point>
    </Placemark>
    <Placemark>
      <Snippet maxLines="0"> </Snippet>
      <description>301
UTC 21-04-2026 10:25:12.100
GpsMilliseconds 1460802330999
22.3158381,87.3246933, EA(3m)
AltWgs84 -13.6 m, EA(2m)
Hdg 348 deg, Spd 0.0 m/s
EA(NaN deg, NaN m/s)</description>
      <Style>
        <IconStyle>
          <Icon>
            <href>http://maps.google.com/mapfiles/kml/shapes/shaded_dot.png</href>
          </Icon>
          <scale>0.6</scale>
          <color>bff48542</color>
        </IconStyle>
      </Style>
      <Point>
        <altitudeMode>clampToGround</altitudeMode>
        <coordinates>87.3246932841255,22.3158381463088,0</coordinates>
      </Point>
    </Placemark>
    <Placemark>
      <Snippet maxLines="0"> </Snippet>
      <description>302
UTC 21-04-2026 10:25:13.100
GpsMilliseconds 1460802331999
22.3158379,87.3246933, EA(3m)
AltWgs84 -13.6 m, EA(2m)
Hdg 176 deg, Spd 0.0 m/s
EA(NaN deg, NaN m/s)</description>
      <Style>
        <IconStyle>
          <Icon>
            <href>http://maps.google.com/mapfiles/kml/shapes/shaded_dot.png</href>
          </Icon>
          <scale>0.6</scale>
          <color>bff48542</color>
        </IconStyle>
      </Style>
      <Point>
        <altitudeMode>clampToGround</altitudeMode>
        <coordinates>87.3246933025064,22.3158378773484,0</coordinates>
      </Point>
    </Placemark>
    <Placemark>
      <Snippet maxLines="0"> </Snippet>
      <description>303
UTC 21-04-2026 10:25:14.100
GpsMilliseconds 1460802332999
22.3158378,87.3246933, EA(1m)
AltWgs84 -13.6 m, EA(1m)
Hdg 198 deg, Spd 0.0 m/s
EA(NaN deg, NaN m/s)</description>
      <Style>
        <IconStyle>
          <Icon>
            <href>http://maps.google.com/mapfiles/kml/shapes/shaded_dot.png</href>
          </Icon>
          <scale>0.6</scale>
          <color>bff48542</color>
        </IconStyle>
      </Style>
      <Point>
        <altitudeMode>clampToGround</altitudeMode>
        <coordinates>87.3246932573641,22.3158377516743,0</coordinates>
      </Point>
    </Placemark>
    <Placemark>
      <Snippet maxLines="0"> </Snippet>
      <description>304
UTC 21-04-2026 10:25:15.100
GpsMilliseconds 1460802333999
22.3158378,87.3246933, EA(1m)
AltWgs84 -13.6 m, EA(1m)
Hdg 48 deg, Spd 0.0 m/s
EA(NaN deg, NaN m/s)</description>
      <Style>
        <IconStyle>
          <Icon>
            <href>http://maps.google.com/mapfiles/kml/shapes/shaded_dot.png</href>
          </Icon>
          <scale>0.6</scale>
          <color>bff48542</color>
        </IconStyle>
      </Style>
      <Point>
        <altitudeMode>clampToGround</altitudeMode>
        <coordinates>87.3246933325264,22.3158378145973,0</coordinates>
      </Point>
    </Placemark>
   </Document>
</kml>