     3.05           NAVIGATION DATA     C                   RINEX VERSION / TYPE
BNC 2.12.12         BKG Frankfurt       20200515 091836 UTC PGM / RUN BY / DATE
gfzrnx-2.2.0        FILE PROCESSING     20260422 011231 UTC COMMENT             
Concatenated RINEX files (6)                                COMMENT             
                                                            END OF HEADER
C01 2020 05 14 00 00 00-5.163705209270e-04 3.578026763760e-11 0.000000000000e+00
     1.000000000000e+00 3.164062500000e+01-6.460626253870e-09 2.948754740800e+00
     1.192092895510e-06 5.420246161520e-04-1.050811260940e-05 6.493441448210e+03
     3.456000000000e+05 7.171183824540e-08 2.998848537580e+00 1.713633537290e-07
     8.090811510780e-02 3.223593750000e+02 2.927569956380e+00 7.540314084350e-09
     1.325055193870e-10 0.000000000000e+00 7.490000000000e+02 0.000000000000e+00
     2.000000000000e+00 0.000000000000e+00-5.500000010980e-09-1.000000000000e-08
     3.456000000000e+05 0.000000000000e+00                                      
C01 2020 05 14 01 00 00-5.162423476580e-04 3.569233797410e-11 0.000000000000e+00
     1.000000000000e+00-1.153281250000e+02-5.774169088750e-09-3.073677432240e+00
    -3.675930202010e-06 5.470127798620e-04-8.087605237960e-06 6.493429239270e+03
     3.492000000000e+05 1.578591763970e-07-2.998523926290e+00 1.075677573680e-07
     7.633178990260e-02 2.432343750000e+02 2.643635321410e+00 6.932431620750e-09
     2.907263956360e-10 0.000000000000e+00 7.490000000000e+02 0.000000000000e+00
     2.000000000000e+00 0.000000000000e+00-5.500000010980e-09-1.000000000000e-08
     3.492000000000e+05 0.000000000000e+00                                      
C01 2020 05 14 02 00 00-5.161139415580e-04 3.568789708200e-11 0.000000000000e+00
     1.000000000000e+00-2.064062500000e+02-4.124814672230e-09-2.813942841640e+00
    -6.799586117270e-06 5.503155989570e-04-3.626104444270e-06 6.493420530320e+03
     3.528000000000e+05 1.634471118450e-07-2.694577034280e+00 2.840533852580e-08
     7.248404471430e-02 1.043906250000e+02 2.342629904140e+00 5.337008022090e-09
     4.203746531490e-10 0.000000000000e+00 7.490000000000e+02 0.000000000000e+00
     2.000000000000e+00 0.000000000000e+00-5.500000010980e-09-1.000000000000e-08
     3.528000000000e+05 0.000000000000e+00                                      
C01 2020 05 14 03 00 00-5.159856518730e-04 3.566302808620e-11 0.000000000000e+00
     1.000000000000e+00-2.218281250000e+02-1.545064358130e-09-2.551897443190e+00
    -7.448717951770e-06 5.507586756720e-04 1.221895217900e-06 6.493419385910e+03
     3.564000000000e+05 8.102506399150e-08-2.374199573890e+00-1.210719347000e-08
     6.976711472040e-02-4.200000000000e+01 2.022916531030e+00 2.761186443070e-09
     5.021637742800e-10 0.000000000000e+00 7.490000000000e+02 0.000000000000e+00
     2.000000000000e+00 0.000000000000e+00-5.500000010980e-09-1.000000000000e-08
     3.564000000000e+05 0.000000000000e+00                                      
C01 2020 05 14 04 00 00-5.158585263420e-04 3.550937321960e-11 0.000000000000e+00
     1.000000000000e+00-1.712656250000e+02 1.430416725460e-09-2.285227548580e+00
    -5.849637091160e-06 5.493173375730e-04 4.944857209920e-06 6.493425947190e+03
     3.600000000000e+05-3.259629011150e-08-2.042715188860e+00 7.450580596920e-09
     6.850911050230e-02-1.509218750000e+02 1.687490870610e+00-2.585821995580e-10
     5.268076579390e-10 0.000000000000e+00 7.490000000000e+02 0.000000000000e+00
     2.000000000000e+00 0.000000000000e+00-5.500000010980e-09-1.000000000000e-08
     3.600000000000e+05 0.000000000000e+00                                      
C01 2020 05 14 05 00 00-5.157286068420e-04 3.577760310240e-11 0.000000000000e+00
     1.000000000000e+00-8.334375000000e+01 4.015881563300e-09-2.014982361180e+00
    -2.918764948840e-06 5.479190731420e-04 6.748363375660e-06 6.493436738970e+03
     3.636000000000e+05-1.126900315280e-07-1.708617347500e+00 4.936009645460e-08
     6.887633658730e-02-2.015000000000e+02 1.345879768720e+00-2.911192691430e-09
     5.010923010770e-10 0.000000000000e+00 7.490000000000e+02 0.000000000000e+00
     2.000000000000e+00 0.000000000000e+00-5.500000010980e-09-1.000000000000e-08
     3.636000000000e+05 0.000000000000e+00                                      
C01 2020 05 14 06 00 00-5.155998514970e-04 3.577760310240e-11 0.000000000000e+00
     2.000000000000e+00 6.312500000000e+00 5.690594178950e-09-1.743571598180e+00
     1.806765794750e-07 5.476004444060e-04 6.563961505890e-06 6.493448492050e+03
     3.672000000000e+05-1.476146280770e-07-1.381232510980e+00 6.565824151040e-08
     7.081881091630e-02-1.932968750000e+02 1.009803874860e+00-4.661979904460e-09
     4.421612749350e-10 0.000000000000e+00 7.490000000000e+02 0.000000000000e+00
     2.000000000000e+00 0.000000000000e+00-5.500000010980e-09-1.000000000000e-08
     3.672000000000e+05 1.000000000000e+00                                      
C01 2020 05 14 07 00 00-5.154713289810e-04 3.574296414400e-11 0.000000000000e+00
     1.000000000000e+00 7.932812500000e+01 6.432767950610e-09-1.474357484220e+00
     2.760440111160e-06 5.484571447600e-04 4.869885742660e-06 6.493457580570e+03
     3.708000000000e+05-1.615844666960e-07-1.067809941610e+00 4.190951585770e-08
     7.408737513370e-02-1.417187500000e+02 6.898605866170e-01-5.466656279610e-09
     3.660866775510e-10 0.000000000000e+00 7.490000000000e+02 0.000000000000e+00
     2.000000000000e+00 0.000000000000e+00-5.500000010980e-09-1.000000000000e-08
     3.708000000000e+05 1.000000000000e+00                                      
C01 2020 05 14 08 00 00-5.153425736350e-04 3.569855522300e-11-8.809142651440e-19
     1.000000000000e+00 1.418750000000e+02 6.630276177620e-09-1.211356500370e+00
     4.859641194340e-06 5.485794972630e-04 2.484302967790e-06 6.493458278660e+03
     3.744000000000e+05-1.667067408560e-07-7.719847801730e-01 1.629814505580e-08
     7.830955420440e-02-7.310937500000e+01 3.936889696060e-01-5.663450191150e-09
     2.775115594700e-10 0.000000000000e+00 7.490000000000e+02 0.000000000000e+00
     2.000000000000e+00 0.000000000000e+00-5.500000010980e-09-1.000000000000e-08
     3.744000000000e+05 2.000000000000e+00                                      
C01 2020 05 14 09 00 00-5.152140511200e-04 3.569233797410e-11-8.809142651440e-19
     1.000000000000e+00 1.822968750000e+02 6.560273261710e-09-9.517069257960e-01
     6.157439202070e-06 5.471126642080e-04-3.362074494360e-07 6.493453088760e+03
     3.780000000000e+05-1.504085958000e-07-4.941076500930e-01 1.676380634310e-08
     8.307564767990e-02 8.953125000000e+00 1.187696872570e-01-5.560588763700e-09
     1.767930784270e-10 0.000000000000e+00 7.490000000000e+02 0.000000000000e+00
     2.000000000000e+00 0.000000000000e+00-5.500000010980e-09-1.000000000000e-08
     3.780000000000e+05 3.000000000000e+00                                      
C01 2020 05 14 10 00 00-5.150835495440e-04 3.579092577870e-11 0.000000000000e+00
     1.000000000000e+00 1.966250000000e+02 6.384908814220e-09-6.931808430440e-01
     6.514601409440e-06 5.437833024190e-04-3.186520189050e-06 6.493443506240e+03
     3.816000000000e+05-1.071020960810e-07-2.324825465510e-01 4.470348358150e-08
     8.799873713490e-02 9.328125000000e+01-1.388267256850e-01-5.323078870460e-09
     6.678849629470e-11 0.000000000000e+00 7.490000000000e+02 0.000000000000e+00
     2.000000000000e+00 0.000000000000e+00-5.500000010980e-09-1.000000000000e-08
     3.816000000000e+05 0.000000000000e+00                                      
C01 2020 05 14 11 00 00-5.149549106140e-04 3.576250406920e-11 0.000000000000e+00
     1.000000000000e+00 1.731406250000e+02 6.095611049520e-09-4.330455752750e-01
     5.599111318590e-06 5.398517241700e-04-5.672220140700e-06 6.493433530810e+03
     3.852000000000e+05-4.842877388000e-08 1.547139443430e-02 7.357448339460e-08
     9.274335789880e-02 1.683437500000e+02-3.844159283520e-01-4.968064082670e-09
    -4.464471677450e-11 0.000000000000e+00 7.490000000000e+02 0.000000000000e+00
     2.000000000000e+00 0.000000000000e+00-5.500000010980e-09-1.000000000000e-08
     3.852000000000e+05 0.000000000000e+00                                      
C01 2020 05 14 12 00 00-5.148258060220e-04 3.581313023910e-11 0.000000000000e+00
     1.000000000000e+00 1.036093750000e+02 5.648449566310e-09-1.707883024070e-01
     3.190245479350e-06 5.373733583840e-04-7.432885468010e-06 6.493427553180e+03
     3.888000000000e+05 8.847564458850e-09 2.524977074860e-01 7.823109626770e-08
     9.703326861370e-02 2.232812500000e+02-6.212530568380e-01-4.476972198150e-09
    -1.492919328940e-10 0.000000000000e+00 7.490000000000e+02 0.000000000000e+00
     2.000000000000e+00 0.000000000000e+00-5.500000010980e-09-1.000000000000e-08
     3.888000000000e+05 0.000000000000e+00                                      
C01 2020 05 14 13 00 00-5.146969342600e-04 3.579803120600e-11 0.000000000000e+00
     1.000000000000e+00-1.367187500000e+01 5.014494588110e-09 9.141551982330e-02
    -6.873160600660e-07 5.381264491010e-04-8.170492947100e-06 6.493429418560e+03
     3.924000000000e+05 6.007030606270e-08 4.811679553540e-01 4.982575774190e-08
     1.006496123460e-01 2.489062500000e+02-8.497297928280e-01-3.851231847840e-09
    -2.432244169880e-10 0.000000000000e+00 7.490000000000e+02 0.000000000000e+00
     2.000000000000e+00 0.000000000000e+00-5.500000010980e-09-1.000000000000e-08
     3.924000000000e+05 0.000000000000e+00                                      
C01 2020 05 14 14 00 00-5.145681789140e-04 3.578914942180e-11 0.000000000000e+00
     1.000000000000e+00-1.590468750000e+02 4.232676307960e-09 3.507008073190e-01
    -5.380250513550e-06 5.415843334050e-04-7.561407983300e-06 6.493438758850e+03
     3.960000000000e+05 1.061707735060e-07 7.037819374230e-01 0.000000000000e+00
     1.034261855100e-01 2.340312500000e+02-1.069273889580e+00-3.125844489680e-09
    -3.264421690550e-10 0.000000000000e+00 7.490000000000e+02 0.000000000000e+00
     2.000000000000e+00 0.000000000000e+00-5.500000010980e-09-1.000000000000e-08
     3.960000000000e+05 0.000000000000e+00                                      
C01 2020 05 14 15 00 00-5.144394235690e-04 3.577671492390e-11 0.000000000000e+00
     1.000000000000e+00-2.961718750000e+02 3.381569427370e-09 6.067337221750e-01
    -9.722542017700e-06 5.456171929840e-04-5.358830094340e-06 6.493451662060e+03
     3.996000000000e+05 1.345761120320e-07 9.223841958160e-01-4.889443516730e-08
     1.052448794150e-01 1.696562500000e+02-1.281586328770e+00-2.356169572490e-09
    -3.985880313630e-10 0.000000000000e+00 7.490000000000e+02 0.000000000000e+00
     2.000000000000e+00 0.000000000000e+00-5.500000010980e-09-1.000000000000e-08
     3.996000000000e+05 0.000000000000e+00                                      
C01 2020 05 14 16 00 00-5.143105518070e-04 3.577849128080e-11 0.000000000000e+00
     1.000000000000e+00-3.802656250000e+02 2.553320641770e-09 8.629920653920e-01
    -1.231022179130e-05 5.480208201330e-04-1.480337232350e-06 6.493461719510e+03
     4.032000000000e+05 1.215375959870e-07 1.138829018700e+00-7.590278983120e-08
     1.060322643490e-01 5.178125000000e+01-1.491986930060e+00-1.591137705840e-09
    -4.560904265680e-10 0.000000000000e+00 7.490000000000e+02 0.000000000000e+00
     2.000000000000e+00 0.000000000000e+00-5.500000010980e-09-1.000000000000e-08
     4.032000000000e+05 0.000000000000e+00                                      
C01 2020 05 14 17 00 00-5.141814472150e-04 3.581046570390e-11 0.000000000000e+00
     1.000000000000e+00-3.730468750000e+02 1.761501945060e-09 1.124856860750e+00
    -1.199217513200e-05 5.483074346560e-04 3.767199814320e-06 6.493462722780e+03
     4.068000000000e+05 5.261972546580e-08 1.354861926270e+00-8.381903171540e-08
     1.057575853880e-01-1.118281250000e+02-1.707587761850e+00-7.971760627260e-10
    -4.921633577220e-10 0.000000000000e+00 7.490000000000e+02 0.000000000000e+00
     2.000000000000e+00 0.000000000000e+00-5.500000010980e-09-1.000000000000e-08
     4.068000000000e+05 0.000000000000e+00                                      
C01 2020 05 14 18 00 00-5.140524590390e-04 3.583000562910e-11 0.000000000000e+00
     1.000000000000e+00-2.690468750000e+02 8.475353032470e-10 1.392917280940e+00
    -8.606817573310e-06 5.482708802450e-04 9.183771908280e-06 6.493455366130e+03
     4.104000000000e+05-4.190951585770e-08 1.572206332590e+00-9.918585419650e-08
     1.044319138940e-01-2.826718750000e+02-1.930685252970e+00 1.757216052240e-10
    -4.968064082670e-10 0.000000000000e+00 7.490000000000e+02 0.000000000000e+00
     2.000000000000e+00 0.000000000000e+00-5.500000010980e-09-1.000000000000e-08
     4.104000000000e+05 0.000000000000e+00                                      
C01 2020 05 14 19 00 00-5.139233544470e-04 3.584776919750e-11 0.000000000000e+00
     1.000000000000e+00-9.248437500000e+01-3.593006806010e-10 1.663031079280e+00
    -2.939254045490e-06 5.492576165120e-04 1.302873715760e-05 6.493445005420e+03
     4.140000000000e+05-1.080334186550e-07 1.792651788770e+00-1.322478055950e-07
     1.021083274620e-01-4.055781250000e+02-2.158911127770e+00 1.463989552470e-09
    -4.650193699230e-10 0.000000000000e+00 7.490000000000e+02 0.000000000000e+00
     2.000000000000e+00 0.000000000000e+00-5.500000010980e-09-1.000000000000e-08
     4.140000000000e+05 0.000000000000e+00                                      
C01 2020 05 14 20 00 00-5.137940170240e-04 3.588596086960e-11 0.000000000000e+00
     1.000000000000e+00 1.077187500000e+02-1.818647182530e-09 1.929159072460e+00
     3.466382622720e-06 5.503718275580e-04 1.358240842820e-05 6.493439464570e+03
     4.176000000000e+05-1.243315637110e-07 2.018140109350e+00-1.457519829270e-07
     9.888314315410e-02-4.250000000000e+02-2.388154873170e+00 2.971909506250e-09
    -4.014452932360e-10 0.000000000000e+00 7.490000000000e+02 0.000000000000e+00
     2.000000000000e+00 0.000000000000e+00-5.500000010980e-09-1.000000000000e-08
     4.176000000000e+05 0.000000000000e+00                                      
C01 2020 05 14 21 00 00-5.136645631860e-04 3.591527075740e-11 0.000000000000e+00
     1.000000000000e+00 2.744218750000e+02-3.247992434780e-09 2.189178605860e+00
     8.831266313790e-06 5.492047639560e-04 1.010345295070e-05 6.493443742750e+03
     4.212000000000e+05-1.215375959870e-07 2.250840117210e+00-9.592622518540e-08
     9.489870143750e-02-3.154375000000e+02-2.618453379580e+00 4.373753612970e-09
    -3.132273328900e-10 0.000000000000e+00 7.490000000000e+02 0.000000000000e+00
     2.000000000000e+00 0.000000000000e+00-5.500000010980e-09-1.000000000000e-08
     4.212000000000e+05 0.000000000000e+00                                      
C01 2020 05 14 22 00 00-5.135354585950e-04 3.588151997750e-11 0.000000000000e+00
     1.000000000000e+00 3.616250000000e+02-4.393040130610e-09 2.447197512470e+00
     1.171324402090e-05 5.455876234920e-04 3.674998879430e-06 6.493454202650e+03
     4.248000000000e+05-1.126900315280e-07 2.493191043920e+00 3.725290298460e-09
     9.034776078690e-02-1.118906250000e+02-2.856349071200e+00 5.438083660870e-09
    -2.046513816940e-10 0.000000000000e+00 7.490000000000e+02 0.000000000000e+00
     2.000000000000e+00 0.000000000000e+00-5.500000010980e-09-1.000000000000e-08
     4.248000000000e+05 0.000000000000e+00                                      
C01 2020 05 14 23 00 00-5.134072853250e-04 3.574740503610e-11 0.000000000000e+00
     1.000000000000e+00 3.529531250000e+02-5.100569602050e-09 2.708037225030e+00
     1.152325421570e-05 5.432344041760e-04-3.158114850520e-06 6.493460214610e+03
     4.284000000000e+05-7.916241884230e-08 2.747869773540e+00 1.010484993460e-07
     8.547837505460e-02 1.008750000000e+02-3.109339157420e+00 6.098111153660e-09
    -7.786038605470e-11 0.000000000000e+00 7.490000000000e+02 0.000000000000e+00
     2.000000000000e+00 0.000000000000e+00-5.500000010980e-09-1.000000000000e-08
     4.284000000000e+05 0.000000000000e+00                                      
C02 2020 05 14 00 00 00 3.524662461132e-04-2.521982622739e-11 0.000000000000e+00
     1.000000000000e+00-1.474531250000e+02-1.970796414952e-09-6.454683404272e-01
    -4.780944436789e-06 2.801923546940e-04-1.276005059481e-05 6.493389463425e+03
     3.456000000000e+05 1.923181116581e-07-2.927569635998e+00-6.845220923424e-08
     1.157873883123e-01 3.971250000000e+02-1.173949982060e+00 3.090485867219e-09
     3.864446818103e-10 0.000000000000e+00 7.490000000000e+02 0.000000000000e+00
     2.000000000000e+00 0.000000000000e+00 9.000000189552e-10-1.350000022882e-08
     3.456004000000e+05 0.000000000000e+00                                      
C02 2020 05 14 01 00 00 3.523749765010e-04-2.528288689520e-11 0.000000000000e+00
     1.000000000000e+00-2.826250000000e+02-1.274695953350e-09-3.796776800590e-01
    -9.132549166680e-06 2.837236970660e-04-8.833128958940e-06 6.493398254390e+03
     3.492000000000e+05 1.345761120320e-07-2.733450774580e+00-1.057051122190e-07
     1.183283877780e-01 2.719687500000e+02-1.371672768500e+00 2.321168114540e-09
     4.718053668730e-10 0.000000000000e+00 7.490000000000e+02 0.000000000000e+00
     2.000000000000e+00 0.000000000000e+00 9.000000189550e-10-1.350000000000e-08
     3.495000000000e+05 0.000000000000e+00                                      
C02 2020 05 14 02 00 00 3.522841725498e-04-2.526689968363e-11 0.000000000000e+00
     1.000000000000e+00-3.640781250000e+02-5.275219705503e-10-1.170854720970e-01
    -1.178402453661e-05 2.873582998291e-04-3.587454557419e-06 6.493406997681e+03
     3.528000000000e+05 5.541369318962e-08-2.541196822111e+00-1.285225152969e-07
     1.192853424733e-01 1.061406250000e+02-1.564360802409e+00 1.500419677392e-09
     5.293077642854e-10 0.000000000000e+00 7.490000000000e+02 0.000000000000e+00
     2.000000000000e+00 0.000000000000e+00 9.000000189552e-10-1.350000022882e-08
     3.528004000000e+05 0.000000000000e+00                                      
C02 2020 05 14 03 00 00 3.521937178448e-04-2.518696362586e-11 0.000000000000e+00
     1.000000000000e+00-3.768281250000e+02 3.282279448236e-10 1.451474402592e-01
    -1.225387677550e-05 2.879020757973e-04 1.247506588697e-06 6.493408302307e+03
     3.564000000000e+05-2.188608050346e-08-2.349102876307e+00-1.378357410431e-07
     1.186305827657e-01-4.460937500000e+01-1.756533750178e+00 6.232402371964e-10
     5.532373448247e-10 0.000000000000e+00 7.490000000000e+02 0.000000000000e+00
     2.000000000000e+00 0.000000000000e+00 9.000000189552e-10-1.350000022882e-08
     3.564004000000e+05 0.000000000000e+00                                      
C02 2020 05 14 04 00 00 3.521030303090e-04-2.519762176690e-11 0.000000000000e+00
     1.000000000000e+00-3.199375000000e+02 1.318269196920e-09 4.138215604380e-01
    -1.049740239980e-05 2.850285964090e-04 4.700385034080e-06 6.493400157930e+03
     3.600000000000e+05-7.217749953270e-08-2.155478763540e+00-1.355074346070e-07
     1.163826935660e-01-1.494531250000e+02-1.956656291340e+00-3.214419607760e-10
     5.418082827750e-10 0.000000000000e+00 7.490000000000e+02 0.000000000000e+00
     2.000000000000e+00 0.000000000000e+00 9.000000189550e-10-1.350000000000e-08
     3.609000000000e+05 0.000000000000e+00                                      
C02 2020 05 14 05 00 00 3.520117606968e-04-2.526157061311e-11 0.000000000000e+00
     1.000000000000e+00-2.101875000000e+02 2.417957833956e-09 6.912244739196e-01
    -7.041729986668e-06 2.811108715832e-04 6.660353392363e-06 6.493386257172e+03
     3.636000000000e+05-8.940696716309e-08-1.958489324770e+00-1.178123056889e-07
     1.126072062907e-01-2.054062500000e+02-2.168826160384e+00-1.331484034139e-09
     4.985922230638e-10 0.000000000000e+00 7.490000000000e+02 0.000000000000e+00
     2.000000000000e+00 0.000000000000e+00 9.000000189552e-10-1.350000022882e-08
     3.636004000000e+05 0.000000000000e+00                                      
C02 2020 05 14 06 00 00 3.519199090078e-04-2.538769194871e-11 0.000000000000e+00
     1.000000000000e+00-8.898437500000e+01 3.523003888617e-09 9.668622962784e-01
    -3.106426447630e-06 2.791237784550e-04 7.667113095522e-06 6.493376184464e+03
     3.672000000000e+05-8.894130587578e-08-1.755971280121e+00-8.102506399155e-08
     1.074192584433e-01-2.327031250000e+02-2.384690737290e+00-2.378313324058e-09
     4.343038151333e-10 0.000000000000e+00 7.490000000000e+02 0.000000000000e+00
     2.000000000000e+00 0.000000000000e+00 9.000000189552e-10-1.350000022882e-08
     3.672004000000e+05 0.000000000000e+00                                      
C02 2020 05 14 07 00 00 3.518289886415e-04-2.533706577879e-11 0.000000000000e+00
     1.000000000000e+00 2.270312500000e+01 4.577690670970e-09 1.234213130982e+00
     5.764886736870e-07 2.787933917716e-04 7.884111255407e-06 6.493372846603e+03
     3.708000000000e+05-9.406358003616e-08-1.545198550510e+00-2.793967723846e-08
     1.009890810234e-01-2.364062500000e+02-2.600439086817e+00-3.414785121336e-09
     3.603721487888e-10 0.000000000000e+00 7.490000000000e+02 0.000000000000e+00
     2.000000000000e+00 0.000000000000e+00 9.000000189552e-10-1.350000022882e-08
     3.708004000000e+05 0.000000000000e+00                                      
C02 2020 05 14 08 00 00 3.517379518600e-04-2.530775589090e-11 0.000000000000e+00
     1.000000000000e+00 1.084843750000e+02 5.555588555420e-09 1.490332229270e+00
     3.460794687270e-06 2.786612603810e-04 7.333699613810e-06 6.493377166750e+03
     3.744000000000e+05-1.038424670700e-07-1.322567731720e+00 3.119930624960e-08
     9.355205316140e-02-2.173281250000e+02-2.816720689000e+00-4.416969698800e-09
     2.782258749390e-10 0.000000000000e+00 7.490000000000e+02 0.000000000000e+00
     2.000000000000e+00 0.000000000000e+00 9.000000189550e-10-1.350000000000e-08
     3.766200000000e+05 0.000000000000e+00                                      
C02 2020 05 14 09 00 00 3.516469150782e-04-2.530153864200e-11 0.000000000000e+00
     1.000000000000e+00 1.598125000000e+02 6.439196731378e-09 1.736588706907e+00
     5.299225449562e-06 2.772531006485e-04 6.063841283321e-06 6.493388591766e+03
     3.780000000000e+05-9.918585419655e-08-1.083195164318e+00 8.661299943924e-08
     8.542626006091e-02-1.791718750000e+02-3.039785750158e+00-5.374509726153e-09
     1.853648623484e-10 0.000000000000e+00 7.490000000000e+02 0.000000000000e+00
     2.000000000000e+00 0.000000000000e+00 9.000000189552e-10-1.350000022882e-08
     3.780004000000e+05 0.000000000000e+00                                      
C02 2020 05 14 10 00 00 3.515549469739e-04-2.540723187394e-11 0.000000000000e+00
     1.000000000000e+00 1.895937500000e+02 7.221014897141e-09 1.983516039279e+00
     6.387010216713e-06 2.746469108388e-04 3.842636942863e-06 6.493400728226e+03
     3.816000000000e+05-6.984919309616e-08-8.205070284283e-01 1.317821443081e-07
     7.704152753457e-02-1.137343750000e+02 2.996439428952e+00-6.228473736769e-09
     8.000333034941e-11 0.000000000000e+00 7.490000000000e+02 0.000000000000e+00
     2.000000000000e+00 0.000000000000e+00 9.000000189552e-10-1.350000022882e-08
     3.816004000000e+05 0.000000000000e+00                                      
C02 2020 05 14 11 00 00 3.514629788697e-04-2.548095068278e-11 0.000000000000e+00
     1.000000000000e+00 1.944843750000e+02 7.748536923202e-09 2.236304620229e+00
     6.586313247681e-06 2.719832118601e-04 6.677582859993e-07 6.493409814835e+03
     3.852000000000e+05-1.722946763039e-08-5.262281538463e-01 1.597218215466e-07
     6.898188173798e-02-2.067187500000e+01 2.712109114139e+00-6.806712082863e-09
    -3.428714256959e-11 0.000000000000e+00 7.490000000000e+02 0.000000000000e+00
     2.000000000000e+00 0.000000000000e+00 9.000000189552e-10-1.350000022882e-08
     3.852004000000e+05 0.000000000000e+00                                      
C02 2020 05 14 12 00 00 3.513722913340e-04-2.533973031404e-11 0.000000000000e+00
     1.000000000000e+00 1.584062500000e+02 7.716749905740e-09 2.496474475771e+00
     5.348119884729e-06 2.708997344598e-04-3.167428076267e-06 6.493412855148e+03
     3.888000000000e+05 5.122274160385e-08-1.920065949654e-01 1.578591763973e-07
     6.202810106796e-02 9.257812500000e+01 2.380522057133e+00-6.788139828018e-09
    -1.500062435378e-10 0.000000000000e+00 7.490000000000e+02 0.000000000000e+00
     2.000000000000e+00 0.000000000000e+00 9.000000189552e-10-1.350000022882e-08
     3.888004000000e+05 0.000000000000e+00                                      
C02 2020 05 14 13 00 00 3.512814873829e-04-2.529176867938e-11 0.000000000000e+00
     1.000000000000e+00 5.798437500000e+01 6.722780110380e-09 2.760465571351e+00
     1.916196197271e-06 2.723957877606e-04-6.471760571003e-06 6.493409137726e+03
     3.924000000000e+05 1.168809831142e-07 1.850596973249e-01 1.089647412300e-07
     5.713726749368e-02 1.918437500000e+02 2.002317447805e+00-5.767740063334e-09
    -2.542963062346e-10 0.000000000000e+00 7.490000000000e+02 0.000000000000e+00
     2.000000000000e+00 0.000000000000e+00 9.000000189552e-10-1.350000022882e-08
     3.924004000000e+05 0.000000000000e+00                                      
C02 2020 05 14 14 00 00 3.511896356940e-04-2.539746191133e-11 0.000000000000e+00
     1.000000000000e+00-9.787500000000e+01 4.653408325339e-09 3.022992947173e+00
    -3.332737833261e-06 2.761991927400e-04-7.132068276405e-06 6.493399974823e+03
     3.960000000000e+05 1.364387571812e-07 5.931397139185e-01 1.722946763039e-08
     5.522600598482e-02 2.150468750000e+02 1.594589334692e+00-3.636222878356e-09
    -3.275136550851e-10 0.000000000000e+00 7.490000000000e+02 0.000000000000e+00
     2.000000000000e+00 0.000000000000e+00 9.000000189552e-10-1.350000022882e-08
     3.960004000000e+05 0.000000000000e+00                                      
C02 2020 05 14 15 00 00 3.510987153277e-04-2.530953224777e-11 0.000000000000e+00
     1.000000000000e+00-2.362343750000e+02 2.095087214826e-09-3.001693832780e+00
    -7.863156497478e-06 2.805014373735e-04-3.882218152285e-06 6.493389259338e+03
     3.996000000000e+05 8.568167686462e-08 1.003282753679e+00-6.100162863731e-08
     5.672680925359e-02 1.220156250000e+02 1.188829870439e+00-1.002898875058e-09
    -3.535861603510e-10 0.000000000000e+00 7.490000000000e+02 0.000000000000e+00
     2.000000000000e+00 0.000000000000e+00 9.000000189552e-10-1.350000022882e-08
     3.996004000000e+05 0.000000000000e+00                                      
C02 2020 05 14 16 00 00 3.510090755299e-04-2.512390295806e-11 0.000000000000e+00
     1.000000000000e+00-2.708593750000e+02-7.464596302187e-11-2.744251144732e+00
    -8.842907845974e-06 2.831009915099e-04 1.769047230482e-06 6.493382102966e+03
     4.032000000000e+05 8.381903171539e-09 1.385199816070e+00-7.357448339462e-08
     6.129669908213e-02-4.701562500000e+01 8.123307397845e-01 1.220407996882e-09
    -3.332281672819e-10 0.000000000000e+00 7.490000000000e+02 0.000000000000e+00
     2.000000000000e+00 0.000000000000e+00 9.000000189552e-10-1.350000022882e-08
     4.032004000000e+05 0.000000000000e+00                                      
C02 2020 05 14 17 00 00 3.509174566716e-04-2.527222875415e-11 0.000000000000e+00
     1.000000000000e+00-1.816250000000e+02-1.484704692523e-09-2.481231698860e+00
    -5.763489753008e-06 2.830550074577e-04 6.999820470810e-06 6.493382421494e+03
     4.068000000000e+05-4.377216100693e-08 1.724746692268e+00-3.585591912270e-08
     6.805257180563e-02-2.085781250000e+02 4.725800264321e-01 2.634395368517e-09
    -2.825117639826e-10 0.000000000000e+00 7.490000000000e+02 0.000000000000e+00
     2.000000000000e+00 0.000000000000e+00 9.000000189552e-10-1.350000022882e-08
     4.068004000000e+05 0.000000000000e+00                                      
C02 2020 05 14 18 00 00 3.508254885674e-04-2.540989640920e-11 0.000000000000e+00
     1.000000000000e+00-8.234375000000e+00-2.263665699331e-09-2.207703331225e+00
    -5.494803190231e-08 2.813097089529e-04 9.963754564524e-06 6.493391006470e+03
     4.104000000000e+05-5.913898348808e-08 2.023526831192e+00 1.629814505577e-08
     7.602513447772e-02-3.045937500000e+02 1.630209022921e-01 3.360139944064e-09
    -2.175090663137e-10 0.000000000000e+00 7.490000000000e+02 0.000000000000e+00
     2.000000000000e+00 0.000000000000e+00 9.000000189552e-10-1.350000022882e-08
     4.104004000000e+05 0.000000000000e+00                                      
C02 2020 05 14 19 00 00 3.507346846163e-04-2.532019038881e-11 0.000000000000e+00
     1.000000000000e+00 1.869062500000e+02-2.619751970911e-09-1.926092787393e+00
     6.234738975763e-06 2.799676731229e-04 1.002708449960e-05 6.493404315948e+03
     4.140000000000e+05-4.237517714500e-08 2.289622093048e+00 5.960464477539e-08
     8.440821244371e-02-3.120625000000e+02-1.220187683315e-01 3.630508338404e-09
    -1.457203524513e-10 0.000000000000e+00 7.490000000000e+02 0.000000000000e+00
     2.000000000000e+00 0.000000000000e+00 9.000000189552e-10-1.350000022882e-08
     4.140004000000e+05 0.000000000000e+00                                      
C02 2020 05 14 20 00 00 3.506437642500e-04-2.528910414412e-11 0.000000000000e+00
     1.000000000000e+00 3.423906250000e+02-2.666539655749e-09-1.647417157126e+00
     1.117633655667e-05 2.800669753924e-04 7.171649485826e-06 6.493415222168e+03
     4.176000000000e+05 0.000000000000e+00 2.531459229758e+00 7.962808012962e-08
     9.259534423633e-02-2.271406250000e+02-3.799598052739e-01 3.609793131076e-09
    -6.893144388620e-11 0.000000000000e+00 7.490000000000e+02 0.000000000000e+00
     2.000000000000e+00 0.000000000000e+00 9.000000189552e-10-1.350000022882e-08
     4.176004000000e+05 0.000000000000e+00                                      
C02 2020 05 14 21 00 00 3.505530767143e-04-2.525446518575e-11 0.000000000000e+00
     1.000000000000e+00 4.169062500000e+02-2.470102788976e-09-1.380281969713e+00
     1.348648220301e-05 2.803861862049e-04 1.972541213036e-06 6.493418420792e+03
     4.212000000000e+05 5.913898348808e-08 2.755836821014e+00 7.543712854385e-08
     1.001400852936e-01-6.712500000000e+01-6.089988635671e-01 3.395498548997e-09
     1.285767846360e-11 0.000000000000e+00 7.490000000000e+02 0.000000000000e+00
     2.000000000000e+00 0.000000000000e+00 9.000000189552e-10-1.350000022882e-08
     4.212004000000e+05 0.000000000000e+00                                      
C02 2020 05 14 22 00 00 3.504618071020e-04-2.529709774990e-11 0.000000000000e+00
     1.000000000000e+00 3.959843750000e+02-2.078300864738e-09-1.125386298114e+00
     1.274421811104e-05 2.789183054119e-04-4.517380148172e-06 6.493412179947e+03
     4.248000000000e+05 1.215375959873e-07 2.967825697830e+00 5.681067705154e-08
     1.067122696344e-01 1.359062500000e+02-8.135037543138e-01 3.049412722333e-09
     1.010756409126e-10 0.000000000000e+00 7.490000000000e+02 0.000000000000e+00
     2.000000000000e+00 0.000000000000e+00 9.000000189552e-10-1.350000022882e-08
     4.248004000000e+05 0.000000000000e+00                                      
C02 2020 05 14 23 00 00 3.503696061671e-04-2.544719990283e-11 0.000000000000e+00
     1.000000000000e+00 2.914843750000e+02-1.560422124847e-09-8.743997674486e-01
     9.359326213598e-06 2.754336455837e-04-1.062918454409e-05 6.493400777817e+03
     4.284000000000e+05 1.695007085800e-07-3.112021925347e+00 3.306195139885e-08
     1.120673061331e-01 3.294531250000e+02-1.005531327524e+00 2.614037430959e-09
     1.914365471700e-10 0.000000000000e+00 7.490000000000e+02 0.000000000000e+00
     2.000000000000e+00 0.000000000000e+00 9.000000189552e-10-1.350000022882e-08
     4.284004000000e+05 0.000000000000e+00                                      
C03 2020 05 14 00 00 00 6.961991311982e-04 1.263353865966e-10 0.000000000000e+00
     1.000000000000e+00-1.332812500000e+02-2.695469403236e-09-1.531938470861e+00
    -4.142988473177e-06 8.974618976936e-04-1.139892265201e-05 6.493319557190e+03
     3.456000000000e+05 1.830048859119e-07-3.033273460609e+00 4.656612873077e-08
     1.117592901945e-01 3.507500000000e+02 2.790177190308e-01 3.696225325811e-09
     3.389426794786e-10 0.000000000000e+00 7.490000000000e+02 0.000000000000e+00
     2.000000000000e+00 0.000000000000e+00 2.299999968258e-09-8.099999782019e-09
     3.456004000000e+05 0.000000000000e+00                                      
C03 2020 05 14 01 00 00 6.966541986912e-04 1.263797955176e-10 0.000000000000e+00
     1.000000000000e+00-2.737500000000e+02-2.116516739648e-09-1.268006180198e+00
    -8.696690201759e-06 8.979667909443e-04-8.540693670511e-06 6.493322845459e+03
     3.492000000000e+05 1.164153218269e-07-2.828858804113e+00-4.796311259270e-08
     1.120006833809e-01 2.595468750000e+02 7.291643794803e-02 3.088342914737e-09
     4.389468510890e-10 0.000000000000e+00 7.490000000000e+02 0.000000000000e+00
     2.000000000000e+00 0.000000000000e+00 2.299999968258e-09-8.099999782019e-09
     3.492004000000e+05 0.000000000000e+00                                      
C03 2020 05 14 02 00 00 6.971093825996e-04 1.264011117996e-10 0.000000000000e+00
     1.000000000000e+00-3.276718750000e+02-1.278267491855e-09-1.007826828856e+00
    -1.056212931871e-05 8.961973944679e-04-4.748348146677e-06 6.493316230774e+03
     3.528000000000e+05 5.867332220078e-08-2.623885111027e+00-1.299194991589e-07
     1.109165264957e-01 1.412031250000e+02-1.299859123550e-01 2.290452494336e-09
     5.025209137699e-10 0.000000000000e+00 7.490000000000e+02 0.000000000000e+00
     2.000000000000e+00 0.000000000000e+00 2.299999968258e-09-8.099999782019e-09
     3.528004000000e+05 0.000000000000e+00                                      
C03 2020 05 14 03 00 00 6.975645665079e-04 1.264250926170e-10 0.000000000000e+00
     1.000000000000e+00-3.028750000000e+02-1.532206722610e-10-7.487790431841e-01
    -9.933952242136e-06 8.918918902054e-04-6.956979632378e-07 6.493303417206e+03
     3.564000000000e+05 3.864988684654e-08-2.416546360707e+00-1.620501279831e-07
     1.085434407671e-01 1.692187500000e+01-3.340959161617e-01 1.247194791887e-09
     5.214502718509e-10 0.000000000000e+00 7.490000000000e+02 0.000000000000e+00
     2.000000000000e+00 0.000000000000e+00 2.299999968258e-09-8.099999782019e-09
     3.564004000000e+05 0.000000000000e+00                                      
C03 2020 05 14 04 00 00 6.980196340010e-04 1.264126581191e-10 0.000000000000e+00
     1.000000000000e+00-2.331875000000e+02 1.129332738437e-09-4.882147220228e-01
    -7.811933755875e-06 8.874369086698e-04 3.031920641661e-06 6.493291862488e+03
     3.600000000000e+05 2.374872565269e-08-2.204863837955e+00-1.438893377781e-07
     1.049641000847e-01-9.543750000000e+01-5.440217361632e-01 3.607293283525e-11
     5.082354537222e-10 0.000000000000e+00 7.490000000000e+02 0.000000000000e+00
     2.000000000000e+00 0.000000000000e+00 2.299999968258e-09-8.099999782019e-09
     3.600004000000e+05 0.000000000000e+00                                      
C03 2020 05 14 05 00 00 6.984745850787e-04 1.263957827291e-10 0.000000000000e+00
     1.000000000000e+00-1.516406250000e+02 2.404743071338e-09-2.259564251121e-01
    -5.208887159824e-06 8.856073254719e-04 5.925074219704e-06 6.493287397385e+03
     3.636000000000e+05-1.257285475731e-08-1.986540195236e+00-1.043081283569e-07
     1.003107639460e-01-1.808281250000e+02-7.622236494688e-01-1.215407774424e-09
     4.775199125007e-10 0.000000000000e+00 7.490000000000e+02 0.000000000000e+00
     2.000000000000e+00 0.000000000000e+00 2.299999968258e-09-8.099999782019e-09
     3.636004000000e+05 0.000000000000e+00                                      
C03 2020 05 14 06 00 00 6.989300018176e-04 1.264455207206e-10 0.000000000000e+00
     1.000000000000e+00-7.464062500000e+01 3.510503443493e-09 3.624394170565e-02
    -2.662185579538e-06 8.872118778527e-04 7.643830031157e-06 6.493291326523e+03
     3.672000000000e+05-7.543712854385e-08-1.758798879867e+00-8.940696716309e-08
     9.477104281719e-02-2.298437500000e+02-9.897168641715e-01-2.349026306803e-09
     4.396611685831e-10 0.000000000000e+00 7.490000000000e+02 0.000000000000e+00
     2.000000000000e+00 0.000000000000e+00 2.299999968258e-09-8.099999782019e-09
     3.672004000000e+05 0.000000000000e+00                                      
C03 2020 05 14 07 00 00 6.993851857260e-04 1.264446325422e-10 0.000000000000e+00
     1.000000000000e+00-6.218750000000e+00 4.408755138741e-09 2.968034206081e-01
    -3.222376108170e-07 8.910890901461e-04 8.071772754192e-06 6.493301568985e+03
     3.708000000000e+05-1.466833055019e-07-1.518228555605e+00-1.052394509315e-07
     8.859700772385e-02-2.400937500000e+02-1.228325270461e+00-3.311923624238e-09
     3.939449877421e-10 0.000000000000e+00 7.490000000000e+02 0.000000000000e+00
     2.000000000000e+00 0.000000000000e+00 2.299999968258e-09-8.099999782019e-09
     3.708004000000e+05 0.000000000000e+00                                      
C03 2020 05 14 08 00 00 6.998407188803e-04 1.264908178200e-10 0.000000000000e+00
     1.000000000000e+00 5.689062500000e+01 5.239503941823e-09 5.557282289971e-01
     1.883134245872e-06 8.950880728662e-04 7.261056452990e-06 6.493313940048e+03
     3.744000000000e+05-1.993030309677e-07-1.260709969905e+00-1.052394509315e-07
     8.211840040099e-02-2.143125000000e+02-1.482174704011e+00-4.218033033965e-09
     3.292994210646e-10 0.000000000000e+00 7.490000000000e+02 0.000000000000e+00
     2.000000000000e+00 0.000000000000e+00 2.299999968258e-09-8.099999782019e-09
     3.744004000000e+05 0.000000000000e+00                                      
C03 2020 05 14 09 00 00 7.002963684499e-04 1.265210158863e-10 0.000000000000e+00
     1.000000000000e+00 1.160937500000e+02 6.211330116912e-09 8.145011367502e-01
     3.945548087358e-06 8.975872769952e-04 5.290843546391e-06 6.493324052811e+03
     3.780000000000e+05-1.960434019566e-07-9.816316392522e-01-3.678724169731e-08
     7.575792956471e-02-1.555312500000e+02-1.757364264864e+00-5.248789847201e-09
     2.303667395731e-10 0.000000000000e+00 7.490000000000e+02 0.000000000000e+00
     2.000000000000e+00 0.000000000000e+00 2.299999968258e-09-8.099999782019e-09
     3.780004000000e+05 0.000000000000e+00                                      
C03 2020 05 14 10 00 00 7.007515523583e-04 1.264766069653e-10 0.000000000000e+00
     1.000000000000e+00 1.617812500000e+02 7.016006442484e-09 1.074894709039e+00
     5.507841706276e-06 8.983775041997e-04 2.227723598480e-06 6.493329076767e+03
     3.816000000000e+05-1.681037247181e-07-6.768197208523e-01 4.516914486885e-08
     7.004055605315e-02-6.551562500000e+01-2.059849232120e+00-6.079539094372e-09
     1.139333141720e-10 0.000000000000e+00 7.490000000000e+02 0.000000000000e+00
     2.000000000000e+00 0.000000000000e+00 2.299999968258e-09-8.099999782019e-09
     3.816004000000e+05 0.000000000000e+00                                      
C03 2020 05 14 11 00 00 7.012066198513e-04 1.264508497911e-10 0.000000000000e+00
     1.000000000000e+00 1.794062500000e+02 7.784967337443e-09 1.338647024205e+00
     6.032641977072e-06 8.983031148091e-04-1.699663698673e-06 6.493326465607e+03
     3.852000000000e+05-4.097819328308e-08-3.447046177138e-01 1.918524503708e-07
     6.557217957305e-02 5.035937500000e+01-2.392949838800e+00-6.825641385433e-09
    -3.714440560687e-11 0.000000000000e+00 7.490000000000e+02 0.000000000000e+00
     2.000000000000e+00 0.000000000000e+00 2.299999968258e-09-8.099999782019e-09
     3.852004000000e+05 0.000000000000e+00                                      
C03 2020 05 14 12 00 00 7.016619201750e-04 1.264659488243e-10 0.000000000000e+00
     1.000000000000e+00 1.382187500000e+02 7.484597830398e-09 1.605137652838e+00
     4.536006599665e-06 8.988833287731e-04-5.759764462709e-06 6.493317823410e+03
     3.888000000000e+05 9.592622518539e-08 1.038421530996e-02 2.086162567139e-07
     6.295118043220e-02 1.726093750000e+02-2.751731391583e+00-6.463126478451e-09
    -1.689356016188e-10 0.000000000000e+00 7.490000000000e+02 0.000000000000e+00
     2.000000000000e+00 0.000000000000e+00 2.299999968258e-09-8.099999782019e-09
     3.888004000000e+05 0.000000000000e+00                                      
C03 2020 05 14 13 00 00 7.021172204986e-04 1.264606197537e-10 0.000000000000e+00
     1.000000000000e+00 2.389062500000e+01 6.067395474929e-09 1.872079041641e+00
     6.421469151974e-07 9.006584296003e-04-8.244067430496e-06 6.493307388306e+03
     3.924000000000e+05 1.443549990654e-07 3.763077356191e-01 1.243315637112e-07
     6.259505496958e-02 2.506875000000e+02-3.121784637466e+00-4.971993039504e-09
    -2.578678937049e-10 0.000000000000e+00 7.490000000000e+02 0.000000000000e+00
     2.000000000000e+00 0.000000000000e+00 2.299999968258e-09-8.099999782019e-09
     3.924004000000e+05 0.000000000000e+00                                      
C03 2020 05 14 14 00 00 7.025726372376e-04 1.264792715006e-10 0.000000000000e+00
     1.000000000000e+00-1.273125000000e+02 4.096956551791e-09 2.137152920426e+00
    -4.354864358902e-06 9.025401668623e-04-7.398426532745e-06 6.493300336838e+03
     3.960000000000e+05 1.010484993458e-07 7.362656837353e-01 2.887099981308e-08
     6.456485368246e-02 2.292656250000e+02 2.799175463362e+00-2.949765764981e-09
    -3.042983920398e-10 0.000000000000e+00 7.490000000000e+02 0.000000000000e+00
     2.000000000000e+00 0.000000000000e+00 2.299999968258e-09-8.099999782019e-09
     3.960004000000e+05 0.000000000000e+00                                      
C03 2020 05 14 15 00 00 7.030279375613e-04 1.264721660732e-10 0.000000000000e+00
     1.000000000000e+00-2.428750000000e+02 2.214735062012e-09 2.399949133777e+00
    -8.046627044678e-06 9.027563501149e-04-3.096647560596e-06 6.493299571991e+03
     3.996000000000e+05 3.911554813385e-08 1.076106043245e+00-2.747401595116e-08
     6.853645536704e-02 1.018437500000e+02 2.459321396310e+00-1.056472576089e-09
    -3.271564963381e-10 0.000000000000e+00 7.490000000000e+02 0.000000000000e+00
     2.000000000000e+00 0.000000000000e+00 2.299999968258e-09-8.099999782019e-09
     3.996004000000e+05 0.000000000000e+00                                      
C03 2020 05 14 16 00 00 7.034832378849e-04 1.264730542516e-10 0.000000000000e+00
     1.000000000000e+00-2.726875000000e+02 6.625275883465e-10 2.661274886244e+00
    -8.843839168549e-06 8.996984688565e-04 3.209337592125e-06 6.493307359695e+03
     4.032000000000e+05-5.587935447693e-09 1.389182231645e+00-5.960464477539e-08
     7.394507709213e-02-9.153125000000e+01 2.147659814583e+00 4.475186332620e-10
    -3.360854372580e-10 0.000000000000e+00 7.490000000000e+02 0.000000000000e+00
     2.000000000000e+00 0.000000000000e+00 2.299999968258e-09-8.099999782019e-09
     4.032004000000e+05 0.000000000000e+00                                      
C03 2020 05 14 17 00 00 7.039390038699e-04 1.265405558115e-10 0.000000000000e+00
     1.000000000000e+00-2.021562500000e+02-5.307363992735e-10 2.923241721597e+00
    -6.402842700481e-06 8.943482534960e-04 9.200535714626e-06 6.493320268631e+03
     4.068000000000e+05-3.678724169731e-08 1.675638529231e+00-6.426125764847e-08
     8.017367610399e-02-2.790312500000e+02 1.861919118005e+00 1.560064966100e-09
    -3.257278613500e-10 0.000000000000e+00 7.490000000000e+02 0.000000000000e+00
     2.000000000000e+00 0.000000000000e+00 2.299999968258e-09-8.099999782019e-09
     4.068004000000e+05 0.000000000000e+00                                      
C03 2020 05 14 18 00 00 7.043950026855e-04 1.265956228735e-10 0.000000000000e+00
     1.000000000000e+00-5.482812500000e+01-1.402558402752e-09-3.096505977743e+00
    -1.551583409309e-06 8.892790647224e-04 1.281453296542e-05 6.493332605362e+03
     4.104000000000e+05-6.053596735001e-08 1.939157108123e+00-2.607703208923e-08
     8.666836674821e-02-3.951562500000e+02 1.597575958023e+00 2.354383799030e-09
    -2.867976689469e-10 0.000000000000e+00 7.490000000000e+02 0.000000000000e+00
     2.000000000000e+00 0.000000000000e+00 2.299999968258e-09-8.099999782019e-09
     4.104004000000e+05 0.000000000000e+00                                      
C03 2020 05 14 19 00 00 7.048505358398e-04 1.265645366288e-10 0.000000000000e+00
     1.000000000000e+00 1.293750000000e+02-1.977939589892e-09-2.833023170124e+00
     4.389788955450e-06 8.872229373083e-04 1.276843249798e-05 6.493337945938e+03
     4.140000000000e+05-7.636845111847e-08 2.184359727373e+00 5.029141902924e-08
     9.297562393936e-02-3.974375000000e+02 1.351428058163e+00 2.900120810168e-09
    -2.160804313256e-10 0.000000000000e+00 7.490000000000e+02 0.000000000000e+00
     2.000000000000e+00 0.000000000000e+00 2.299999968258e-09-8.099999782019e-09
     4.140004000000e+05 0.000000000000e+00                                      
C03 2020 05 14 20 00 00 7.053059525788e-04 1.265441085252e-10 0.000000000000e+00
     1.000000000000e+00 3.053437500000e+02-2.274737509467e-09-2.572091722356e+00
     9.964220225811e-06 8.887923322618e-04 8.926726877689e-06 6.493332864761e+03
     4.176000000000e+05-8.055940270424e-08 2.415556496207e+00 1.341104507446e-07
     9.873906766707e-02-2.786406250000e+02 1.121761958071e+00 3.244063684349e-09
    -1.207193095487e-10 0.000000000000e+00 7.490000000000e+02 0.000000000000e+00
     2.000000000000e+00 0.000000000000e+00 2.299999968258e-09-8.099999782019e-09
     4.176004000000e+05 0.000000000000e+00                                      
C03 2020 05 14 21 00 00 7.057614857331e-04 1.265432203468e-10 0.000000000000e+00
     1.000000000000e+00 4.225156250000e+02-2.330811321727e-09-2.313791081132e+00
     1.362105831504e-05 8.914244826883e-04 2.591870725155e-06 6.493321817398e+03
     4.212000000000e+05-5.727633833885e-08 2.636372639731e+00 1.876614987850e-07
     1.036846275438e-01-7.971875000000e+01 9.050381376940e-01 3.389069691551e-09
    -1.785788704411e-11 0.000000000000e+00 7.490000000000e+02 0.000000000000e+00
     2.000000000000e+00 0.000000000000e+00 2.299999968258e-09-8.099999782019e-09
     4.212004000000e+05 0.000000000000e+00                                      
C03 2020 05 14 22 00 00 7.062172517180e-04 1.265618720936e-10 0.000000000000e+00
     1.000000000000e+00 4.395625000000e+02-2.191162806753e-09-2.054749308053e+00
     1.411465927958e-05 8.926023729146e-04-4.118774086237e-06 6.493313819885e+03
     4.248000000000e+05 1.257285475731e-08 2.849763562605e+00 1.951120793819e-07
     1.076063232410e-01 1.309062500000e+02 6.949398615947e-01 3.312637941733e-09
     7.500312176889e-11 0.000000000000e+00 7.490000000000e+02 0.000000000000e+00
     2.000000000000e+00 0.000000000000e+00 2.299999968258e-09-8.099999782019e-09
     4.248004000000e+05 0.000000000000e+00                                      
C03 2020 05 14 23 00 00 7.066723192111e-04 1.264996996042e-10 0.000000000000e+00
     1.000000000000e+00 3.417343750000e+02-1.932223270273e-09-1.791254685908e+00
     1.102546229959e-05 8.925297297537e-04-9.289942681789e-06 6.493315919876e+03
     4.284000000000e+05 1.080334186554e-07 3.058155137031e+00 1.695007085800e-07
     1.103558236430e-01 2.911250000000e+02 4.853427914697e-01 3.036555007441e-09
     1.557207696123e-10 0.000000000000e+00 7.490000000000e+02 0.000000000000e+00
     2.000000000000e+00 0.000000000000e+00 2.299999968258e-09-8.099999782019e-09
     4.284004000000e+05 0.000000000000e+00                                      
C04 2020 05 14 00 00 00-2.192286774520e-04 1.729105747470e-11 0.000000000000e+00
     1.000000000000e+00-7.228125000000e+01-3.598364172030e-09-1.995696409310e+00
    -2.217479050160e-06 2.608107170090e-04-8.841045200820e-06 6.493418575290e+03
     3.456000000000e+05 1.285225152970e-07-3.096209910920e+00 1.578591763970e-07
     1.004869534110e-01 2.665468750000e+02 1.669792822690e+00 4.774127433000e-09
     2.700112470520e-10 0.000000000000e+00 7.490000000000e+02 0.000000000000e+00
     2.000000000000e+00 0.000000000000e+00 4.899999961340e-09-8.600000000000e-09
     3.456000000000e+05 0.000000000000e+00                                      
C04 2020 05 14 01 00 00-2.191669773310e-04 1.722888498530e-11 0.000000000000e+00
     1.000000000000e+00-1.689687500000e+02-2.399028500600e-09-1.747749750740e+00
    -5.463603883980e-06 2.609819639470e-04-5.745328962800e-06 6.493409399030e+03
     3.492000000000e+05 1.150183379650e-07-2.867558923830e+00 1.187436282630e-07
     9.956110913130e-02 1.684687500000e+02 1.455565979650e+00 3.630151210370e-09
     3.603721538040e-10 0.000000000000e+00 7.490000000000e+02 0.000000000000e+00
     2.000000000000e+00 0.000000000000e+00 4.899999961340e-09-8.600000000000e-09
     3.492000000000e+05 0.000000000000e+00                                      
C04 2020 05 14 02 00 00-2.191043458880e-04 1.730171561580e-11 0.000000000000e+00
     1.000000000000e+00-2.238281250000e+02-1.125404020450e-09-1.486811417010e+00
    -7.377471774820e-06 2.609579823910e-04-2.577435225250e-06 6.493408412930e+03
     3.528000000000e+05 8.009374141690e-08-2.636311283480e+00 6.100162863730e-08
     9.788869240550e-02 7.143750000000e+01 1.225769815900e+00 2.356883887960e-09
     4.271606500990e-10 0.000000000000e+00 7.490000000000e+02 0.000000000000e+00
     2.000000000000e+00 0.000000000000e+00 4.899999961340e-09-8.600000000000e-09
     3.528000000000e+05 0.000000000000e+00                                      
C04 2020 05 14 03 00 00-2.190419472750e-04 1.731237375680e-11 0.000000000000e+00
     1.000000000000e+00-2.375781250000e+02 8.250343659930e-11-1.215074136550e+00
    -7.931608706710e-06 2.622399479150e-04 1.140870153900e-07 6.493415008540e+03
     3.564000000000e+05 5.122274160390e-08-2.400843962730e+00-6.984919309620e-09
     9.554898900460e-02-8.765625000000e+00 9.809814760330e-01 1.102545925460e-09
     4.693052627340e-10 0.000000000000e+00 7.490000000000e+02 0.000000000000e+00
     2.000000000000e+00 0.000000000000e+00 4.899999961340e-09-8.600000000000e-09
     3.564000000000e+05 0.000000000000e+00                                      
C04 2020 05 14 04 00 00-2.189804799850e-04 1.720579234640e-11 0.000000000000e+00
     1.000000000000e+00-2.152968750000e+02 1.167191475350e-09-9.394669842740e-01
    -7.260590791700e-06 2.654599957170e-04 2.162996679540e-06 6.493426403050e+03
     3.600000000000e+05 3.818422555920e-08-2.159462602540e+00-6.984919309620e-08
     9.265876904970e-02-6.753125000000e+01 7.264414617630e-01-5.714523747140e-11
     4.850202030380e-10 0.000000000000e+00 7.490000000000e+02 0.000000000000e+00
     2.000000000000e+00 0.000000000000e+00 4.899999961340e-09-8.600000000000e-09
     3.600000000000e+05 0.000000000000e+00                                      
C04 2020 05 14 05 00 00-2.189177321270e-04 1.731770282730e-11 0.000000000000e+00
     1.000000000000e+00-1.650625000000e+02 2.143303562910e-09-6.672936635280e-01
    -5.607958883050e-06 2.696850569920e-04 3.674533218150e-06 6.493438358310e+03
     3.636000000000e+05 3.678724169730e-08-1.910426713670e+00-1.136213541030e-07
     8.937310331990e-02-1.090625000000e+02 4.677168507870e-01-1.112189184290e-09
     4.739483132780e-10 0.000000000000e+00 7.490000000000e+02 0.000000000000e+00
     2.000000000000e+00 0.000000000000e+00 4.899999961340e-09-8.600000000000e-09
     3.636000000000e+05 0.000000000000e+00                                      
C04 2020 05 14 06 00 00-2.188553335150e-04 1.733546639570e-11 0.000000000000e+00
     1.000000000000e+00-9.459375000000e+01 3.069770725420e-09-4.014205501710e-01
    -3.222841769460e-06 2.728826366360e-04 4.828907549380e-06 6.493446395870e+03
     3.672000000000e+05 3.492459654810e-08-1.652042769500e+00-1.364387571810e-07
     8.588514527820e-02-1.408125000000e+02 2.059823677870e-01-2.092587164650e-09
     4.368039089220e-10 0.000000000000e+00 7.490000000000e+02 0.000000000000e+00
     2.000000000000e+00 0.000000000000e+00 4.899999961340e-09-8.600000000000e-09
     3.672000000000e+05 0.000000000000e+00                                      
C04 2020 05 14 07 00 00-2.187922364100e-04 1.742872512980e-11 0.000000000000e+00
     1.000000000000e+00-9.453125000000e+00 4.033025134540e-09-1.389641390430e-01
    -3.115274012090e-07 2.734467852860e-04 5.607027560470e-06 6.493447780610e+03
     3.708000000000e+05 1.303851604460e-08-1.382864899340e+00-1.438893377780e-07
     8.242329154660e-02-1.635625000000e+02-6.309150499730e-02-3.067270621280e-09
     3.768014095770e-10 0.000000000000e+00 7.490000000000e+02 0.000000000000e+00
     2.000000000000e+00 0.000000000000e+00 4.899999961340e-09-8.600000000000e-09
     3.708000000000e+05 0.000000000000e+00                                      
C04 2020 05 14 08 00 00-2.187292557210e-04 1.744915323340e-11 0.000000000000e+00
     1.000000000000e+00 8.521875000000e+01 5.059139304890e-09 1.254769676940e-01
     2.904795110230e-06 2.711474662650e-04 5.704816430810e-06 6.493442131040e+03
     3.744000000000e+05-4.004687070850e-08-1.102036411030e+00-1.336447894570e-07
     7.924296615900e-02-1.687812500000e+02-3.457651177510e-01-4.059454806870e-09
     2.957266039140e-10 0.000000000000e+00 7.490000000000e+02 0.000000000000e+00
     2.000000000000e+00 0.000000000000e+00 4.899999961340e-09-8.600000000000e-09
     3.744000000000e+05 0.000000000000e+00                                      
C04 2020 05 14 09 00 00-2.186663914470e-04 1.746158773130e-11 0.000000000000e+00
     1.000000000000e+00 1.771875000000e+02 5.987035098330e-09 3.953374881020e-01
     5.968846380710e-06 2.674927236510e-04 4.533212631940e-06 6.493432153700e+03
     3.780000000000e+05-9.918585419650e-08-8.097578662600e-01-9.313225746150e-08
     7.660943273610e-02-1.374687500000e+02-6.452771282570e-01-4.925562312300e-09
     1.960795960740e-10 0.000000000000e+00 7.490000000000e+02 0.000000000000e+00
     2.000000000000e+00 0.000000000000e+00 4.899999961340e-09-8.600000000000e-09
     3.780000000000e+05 0.000000000000e+00                                      
C04 2020 05 14 10 00 00-2.186038764190e-04 1.740918520450e-11 0.000000000000e+00
     1.000000000000e+00 2.414531250000e+02 6.542772532740e-09 6.690083249390e-01
     8.019153028730e-06 2.643837360670e-04 1.708511263130e-06 6.493421838760e+03
     3.816000000000e+05-1.187436282630e-07-5.077505256650e-01-2.607703208920e-08
     7.476884187380e-02-5.637500000000e+01-9.583040499650e-01-5.413796934940e-09
     8.178912113090e-11 0.000000000000e+00 7.490000000000e+02 0.000000000000e+00
     2.000000000000e+00 0.000000000000e+00 4.899999961340e-09-8.600000000000e-09
     3.816000000000e+05 0.000000000000e+00                                      
C04 2020 05 14 11 00 00-2.185408957300e-04 1.745981137450e-11 0.000000000000e+00
     1.000000000000e+00 2.421406250000e+02 6.533129273910e-09 9.388875750880e-01
     7.906928658490e-06 2.631684765220e-04-2.554152160880e-06 6.493416362760e+03
     3.852000000000e+05-7.683411240580e-08-1.994406867510e-01 4.004687070850e-08
     7.390971251050e-02 7.151562500000e+01-1.273826625070e+00-5.367723587230e-09
    -3.857303529320e-11 0.000000000000e+00 7.490000000000e+02 0.000000000000e+00
     2.000000000000e+00 0.000000000000e+00 4.899999961340e-09-8.600000000000e-09
     3.852000000000e+05 0.000000000000e+00                                      
C04 2020 05 14 12 00 00-2.184781478720e-04 1.744382416290e-11 0.000000000000e+00
     1.000000000000e+00 1.528750000000e+02 5.980606259110e-09 1.198188915180e+00
     4.854053258900e-06 2.632926916700e-04-6.950926035640e-06 6.493418458940e+03
     3.888000000000e+05 6.053596735000e-09 1.104244520560e-01 7.776543498040e-08
     7.412515791890e-02 2.076718750000e+02-1.580322179310e+00-4.826629619930e-09
    -1.564350875780e-10 0.000000000000e+00 7.490000000000e+02 0.000000000000e+00
     2.000000000000e+00 0.000000000000e+00 4.899999961340e-09-8.600000000000e-09
     3.888000000000e+05 0.000000000000e+00                                      
C04 2020 05 14 13 00 00-2.184156328440e-04 1.740918520450e-11 0.000000000000e+00
     1.000000000000e+00-1.785937500000e+01 5.053067623410e-09 1.445607848010e+00
    -7.664784789090e-07 2.632213290780e-04-9.604729712010e-06 6.493428066250e+03
     3.924000000000e+05 8.707866072650e-08 4.167448043050e-01 8.009374141690e-08
     7.539145541960e-02 2.939843750000e+02-1.871397674380e+00-3.960879272230e-09
    -2.639395655710e-10 0.000000000000e+00 7.490000000000e+02 0.000000000000e+00
     2.000000000000e+00 0.000000000000e+00 4.899999961340e-09-8.600000000000e-09
     3.924000000000e+05 0.000000000000e+00                                      
C04 2020 05 14 14 00 00-2.183530014010e-04 1.740030342030e-11 0.000000000000e+00
     1.000000000000e+00-2.165468750000e+02 3.910877189450e-09 1.688424816530e+00
    -7.165130227800e-06 2.619115402920e-04-8.917413651940e-06 6.493440933230e+03
     3.960000000000e+05 1.327134668830e-07 7.152092615990e-01 5.168840289120e-08
     7.757381466650e-02 2.783437500000e+02-2.150033829260e+00-2.902978063550e-09
    -3.532289991200e-10 0.000000000000e+00 7.490000000000e+02 0.000000000000e+00
     2.000000000000e+00 0.000000000000e+00 4.899999961340e-09-8.600000000000e-09
     3.960000000000e+05 0.000000000000e+00                                      
C04 2020 05 14 15 00 00-2.182887401430e-04 1.762323620370e-11 0.000000000000e+00
     1.000000000000e+00-3.632343750000e+02 2.641895759850e-09 1.937482527740e+00
    -1.178495585920e-05 2.601038431750e-04-4.548579454420e-06 6.493450441360e+03
     3.996000000000e+05 1.280568540100e-07 1.003057941210e+00-4.656612873080e-10
     8.045617143680e-02 1.468281250000e+02-2.424323198110e+00-1.696142079700e-09
    -4.150172871360e-10 0.000000000000e+00 7.490000000000e+02 0.000000000000e+00
     2.000000000000e+00 0.000000000000e+00 4.899999961340e-09-8.600000000000e-09
     3.996000000000e+05 0.000000000000e+00                                      
C04 2020 05 14 16 00 00-2.182226162400e-04 1.795807946790e-11 0.000000000000e+00
     1.000000000000e+00-3.895625000000e+02 1.298268363800e-09 2.199254667720e+00
    -1.252163201570e-05 2.600931329650e-04 2.295244485140e-06 6.493450773240e+03
     4.032000000000e+05 7.962808012960e-08 1.279216885710e+00-6.565824151040e-08
     8.378082393330e-02-6.582812500000e+01-2.699672386730e+00-3.485859485750e-10
    -4.418041172010e-10 0.000000000000e+00 7.490000000000e+02 0.000000000000e+00
     2.000000000000e+00 0.000000000000e+00 4.899999961340e-09-8.600000000000e-09
     4.032000000000e+05 0.000000000000e+00                                      
C04 2020 05 14 17 00 00-2.181591698900e-04 1.780176006600e-11 0.000000000000e+00
     1.000000000000e+00-2.775937500000e+02-5.678807973720e-11 2.468778945180e+00
    -8.882954716680e-06 2.632905961950e-04 9.201001375910e-06 6.493441862110e+03
     4.068000000000e+05 8.847564458850e-09 1.543964285060e+00-1.234002411370e-07
     8.728369935070e-02-2.840000000000e+02-2.971400643910e+00 1.078616357270e-09
    -4.300179119720e-10 0.000000000000e+00 7.490000000000e+02 0.000000000000e+00
     2.000000000000e+00 0.000000000000e+00 4.899999961340e-09-8.600000000000e-09
     4.068000000000e+05 0.000000000000e+00                                      
C04 2020 05 14 18 00 00-2.180970041080e-04 1.755484646540e-11 0.000000000000e+00
     1.000000000000e+00-7.129687500000e+01-1.313626146370e-09 2.735945496090e+00
    -2.279877662660e-06 2.677770098670e-04 1.349765807390e-05 6.493430610660e+03
     4.104000000000e+05-6.146728992460e-08 1.798440734080e+00-1.476146280770e-07
     9.071844374730e-02-4.211562500000e+02 3.052646353690e+00 2.422600911050e-09
    -3.835874065270e-10 0.000000000000e+00 7.490000000000e+02 0.000000000000e+00
     2.000000000000e+00 0.000000000000e+00 4.899999961340e-09-8.600000000000e-09
     4.104000000000e+05 0.000000000000e+00                                      
C04 2020 05 14 19 00 00-2.180342562500e-04 1.749445033280e-11 0.000000000000e+00
     1.000000000000e+00 1.494218750000e+02-2.337240212580e-09 2.998489234660e+00
     4.782807081940e-06 2.697753952820e-04 1.348089426760e-05 6.493425758360e+03
     4.140000000000e+05-1.206062734130e-07 2.044223205780e+00-1.159496605400e-07
     9.386974484020e-02-4.214531250000e+02 2.806787634700e+00 3.484430854820e-09
    -3.107272287510e-10 0.000000000000e+00 7.490000000000e+02 0.000000000000e+00
     2.000000000000e+00 0.000000000000e+00 4.899999961340e-09-8.600000000000e-09
     4.140000000000e+05 0.000000000000e+00                                      
C04 2020 05 14 20 00 00-2.179711591450e-04 1.751931932860e-11 0.000000000000e+00
     1.000000000000e+00 3.117500000000e+02-3.052984311910e-09-3.020567316350e+00
     1.002522185440e-05 2.677924931050e-04 9.271316230300e-06 6.493430614470e+03
     4.176000000000e+05-1.564621925350e-07 2.283040431920e+00-3.492459654810e-08
     9.655918221470e-02-2.883750000000e+02 2.566274375950e+00 4.164816338460e-09
    -2.200091642650e-10 0.000000000000e+00 7.490000000000e+02 0.000000000000e+00
     2.000000000000e+00 0.000000000000e+00 4.899999961340e-09-8.600000000000e-09
     4.176000000000e+05 0.000000000000e+00                                      
C04 2020 05 14 21 00 00-2.179078292100e-04 1.754951739490e-11 0.000000000000e+00
     1.000000000000e+00 3.802031250000e+02-3.515503577690e-09-2.750668599150e+00
     1.231441274290e-05 2.640744205560e-04 2.676621079440e-06 6.493440698620e+03
     4.212000000000e+05-1.401640474800e-07 2.516619595030e+00 5.215406417850e-08
     9.864686725510e-02-8.012500000000e+01 2.325198408680e+00 4.550903849130e-09
    -1.175048945510e-10 0.000000000000e+00 7.490000000000e+02 0.000000000000e+00
     2.000000000000e+00 0.000000000000e+00 4.899999961340e-09-8.600000000000e-09
     4.212000000000e+05 0.000000000000e+00                                      
C04 2020 05 14 22 00 00-2.178446156900e-04 1.754685285960e-11 0.000000000000e+00
     1.000000000000e+00 3.594531250000e+02-3.699439810800e-09-2.481757222920e+00
     1.174863427880e-05 2.621844178070e-04-3.724824637170e-06 6.493446760180e+03
     4.248000000000e+05-7.217749953270e-08 2.746626534560e+00 1.145526766780e-07
     1.000309633080e-01 1.196875000000e+02 2.088657632290e+00 4.686980945860e-09
    -9.643258823290e-12 0.000000000000e+00 7.490000000000e+02 0.000000000000e+00
     2.000000000000e+00 0.000000000000e+00 4.899999961340e-09-8.600000000000e-09
     4.248000000000e+05 0.000000000000e+00                                      
C04 2020 05 14 23 00 00-2.177819842470e-04 1.746958133710e-11 0.000000000000e+00
     1.000000000000e+00 2.739375000000e+02-3.545147669630e-09-2.223798976210e+00
     9.061302989720e-06 2.627393696460e-04-8.074566721920e-06 6.493443574910e+03
     4.284000000000e+05 1.909211277960e-08 2.974659005730e+00 1.434236764910e-07
     1.006468137840e-01 2.522968750000e+02 1.865029749980e+00 4.548403744990e-09
     9.500395729620e-11 0.000000000000e+00 7.490000000000e+02 0.000000000000e+00
     2.000000000000e+00 0.000000000000e+00 4.899999961340e-09-8.600000000000e-09
     4.284000000000e+05 0.000000000000e+00                                      
C05 2020 05 14 00 00 00-2.775252796710e-04-6.426947862790e-11 0.000000000000e+00
     1.000000000000e+00-4.401562500000e+01-2.776544225640e-09-1.150285264760e+00
    -1.504085958000e-06 5.508776521310e-04-1.263292506340e-05 6.493409545900e+03
     3.456000000000e+05 1.341104507450e-07-3.022688588530e+00-1.112930476670e-07
     1.112683934040e-01 3.928125000000e+02-1.017130348540e+00 3.863732368530e-09
     2.578678840900e-10 0.000000000000e+00 7.490000000000e+02 0.000000000000e+00
     2.000000000000e+00 0.000000000000e+00-4.000000053410e-10-9.000000000000e-09
     3.456300000000e+05 0.000000000000e+00                                      
C05 2020 05 14 01 00 00-2.777570625770e-04-6.432543386840e-11 0.000000000000e+00
     1.000000000000e+00-2.206562500000e+02-2.045442343740e-09-8.914096572360e-01
    -7.152091711760e-06 5.488854367290e-04-1.159729436040e-05 6.493402744290e+03
     3.492000000000e+05 1.192092895510e-07-2.817632934000e+00-1.545995473860e-07
     1.117593282300e-01 3.621875000000e+02-1.218822657860e+00 3.172632152860e-09
     3.671581507540e-10 0.000000000000e+00 7.490000000000e+02 0.000000000000e+00
     2.000000000000e+00 0.000000000000e+00-4.000000053410e-10-9.000000000000e-09
     3.493200000000e+05 0.000000000000e+00                                      
C05 2020 05 14 02 00 00-2.779886126520e-04-6.431832844100e-11 0.000000000000e+00
     1.000000000000e+00-3.397656250000e+02-1.270052902800e-09-6.280182307940e-01
    -1.100404188040e-05 5.498896352950e-04-7.510185241700e-06 6.493405424120e+03
     3.528000000000e+05 6.519258022310e-08-2.612356977170e+00-1.667067408560e-07
     1.109355341900e-01 2.338437500000e+02-1.425247002460e+00 2.365455673580e-09
     4.560904265680e-10 0.000000000000e+00 7.490000000000e+02 0.000000000000e+00
     2.000000000000e+00 0.000000000000e+00-4.000000053410e-10-9.000000000000e-09
     3.528000000000e+05 0.000000000000e+00                                      
C05 2020 05 14 03 00 00-2.782201627270e-04-6.431921661940e-11 0.000000000000e+00
     1.000000000000e+00-3.817343750000e+02-4.375182243900e-10-3.638817884510e-01
    -1.242291182280e-05 5.535403033720e-04-1.464504748580e-06 6.493414480210e+03
     3.564000000000e+05-1.443549990650e-08-2.405072109040e+00-1.504085958000e-07
     1.088248827990e-01 4.323437500000e+01-1.634403931740e+00 1.452560504980e-09
     5.146642949770e-10 0.000000000000e+00 7.490000000000e+02 0.000000000000e+00
     2.000000000000e+00 0.000000000000e+00-4.000000053410e-10-9.000000000000e-09
     3.564300000000e+05 0.000000000000e+00                                      
C05 2020 05 14 04 00 00-2.784518292170e-04-6.433964472310e-11 0.000000000000e+00
     1.000000000000e+00-3.498906250000e+02 5.235932383310e-10-1.014048701370e-01
    -1.147901639340e-05 5.563788581640e-04 4.520174115900e-06 6.493421298980e+03
     3.600000000000e+05-9.266659617420e-08-2.193844262690e+00-1.052394509320e-07
     1.055008769120e-01-1.439375000000e+02-1.845807004950e+00 4.271606500990e-10
     5.403796518390e-10 0.000000000000e+00 7.490000000000e+02 0.000000000000e+00
     2.000000000000e+00 0.000000000000e+00-4.000000053410e-10-9.000000000000e-09
     3.600000000000e+05 0.000000000000e+00                                      
C05 2020 05 14 05 00 00-2.786837285380e-04-6.436895461090e-11 0.000000000000e+00
     1.000000000000e+00-2.588750000000e+02 1.656497571200e-09 1.615966023240e-01
    -8.601229637860e-06 5.556334508580e-04 8.635688573120e-06 6.493419372560e+03
     3.636000000000e+05-1.471489667890e-07-1.976453713010e+00-4.190951585770e-08
     1.010855004910e-01-2.698281250000e+02-2.063845302570e+00-7.075294714420e-10
     5.303792352810e-10 0.000000000000e+00 7.490000000000e+02 0.000000000000e+00
     2.000000000000e+00 0.000000000000e+00-4.000000053410e-10-9.000000000000e-09
     3.636300000000e+05 0.000000000000e+00                                      
C05 2020 05 14 06 00 00-2.789152786140e-04-6.434230925830e-11 0.000000000000e+00
     1.000000000000e+00-1.300625000000e+02 2.942979729780e-09 4.282622676420e-01
    -4.445668309930e-06 5.519301630560e-04 1.011230051520e-05 6.493408851620e+03
     3.672000000000e+05-1.671724021430e-07-1.750241831680e+00 1.490116119380e-08
     9.575446316350e-02-3.112187500000e+02-2.294304611480e+00-1.933651972940e-09
     4.800199947600e-10 0.000000000000e+00 7.490000000000e+02 0.000000000000e+00
     2.000000000000e+00 0.000000000000e+00-4.000000053410e-10-9.000000000000e-09
     3.672000000000e+05 0.000000000000e+00                                      
C05 2020 05 14 07 00 00-2.791468286890e-04-6.434408561520e-11 0.000000000000e+00
     1.000000000000e+00 9.828125000000e+00 4.312679640420e-09 6.984909708840e-01
     1.438893377780e-07 5.480092950170e-04 9.154435247180e-06 6.493394962310e+03
     3.708000000000e+05-1.508742570880e-07-1.511960220810e+00 5.261972546580e-08
     8.974554324500e-02-2.767812500000e+02-2.540323944240e+00-3.214062450030e-09
     3.918020344130e-10 0.000000000000e+00 7.490000000000e+02 0.000000000000e+00
     2.000000000000e+00 0.000000000000e+00-4.000000053410e-10-9.000000000000e-09
     3.708000000000e+05 0.000000000000e+00                                      
C05 2020 05 14 08 00 00-2.793787280100e-04-6.438050093040e-11 0.000000000000e+00
     1.000000000000e+00 1.322968750000e+02 5.632377468270e-09 9.673834710850e-01
     4.229135811330e-06 5.462080007420e-04 6.638001650570e-06 6.493385486600e+03
     3.744000000000e+05-1.052394509320e-07-1.257683587390e+00 7.636845111850e-08
     8.337069631270e-02-1.962968750000e+02-2.800926500230e+00-4.476615040410e-09
     2.771544017360e-10 0.000000000000e+00 7.490000000000e+02 0.000000000000e+00
     2.000000000000e+00 0.000000000000e+00-4.000000053410e-10-9.000000000000e-09
     3.746100000000e+05 0.000000000000e+00                                      
C05 2020 05 14 09 00 00-2.796107437460e-04-6.440714628300e-11 0.000000000000e+00
     1.000000000000e+00 2.131718750000e+02 6.768139063020e-09 1.231459056040e+00
     7.006805390120e-06 5.460440879690e-04 3.198627382520e-06 6.493383392330e+03
     3.780000000000e+05-3.818422555920e-08-9.829574350940e-01 8.754432201390e-08
     7.703066829370e-02-8.976562500000e+01-3.077089795450e+00-5.597733168060e-09
     1.467918287550e-10 0.000000000000e+00 7.490000000000e+02 0.000000000000e+00
     2.000000000000e+00 0.000000000000e+00-4.000000053410e-10-9.000000000000e-09
     3.780600000000e+05 0.000000000000e+00                                      
C05 2020 05 14 10 00 00-2.798428758980e-04-6.444622613340e-11 0.000000000000e+00
     1.000000000000e+00 2.380156250000e+02 7.511384307880e-09 1.489200136950e+00
     7.948372513060e-06 5.459634121510e-04-4.540197551250e-07 6.493389684680e+03
     3.816000000000e+05 3.632158041000e-08-6.835474031440e-01 6.938353180890e-08
     7.122524320580e-02 1.931250000000e+01 2.911645662990e+00-6.379194290480e-09
     6.428839215530e-12 0.000000000000e+00 7.490000000000e+02 0.000000000000e+00
     2.000000000000e+00 0.000000000000e+00-4.000000053410e-10-9.000000000000e-09
     3.840300000000e+05 0.000000000000e+00                                      
C05 2020 05 14 11 00 00-2.800751244650e-04-6.447198330760e-11 0.000000000000e+00
     1.000000000000e+00 2.040000000000e+02 7.597459321820e-09 1.743232539120e+00
     6.872694939370e-06 5.445865681390e-04-3.734137862920e-06 6.493401325230e+03
     3.852000000000e+05 9.220093488690e-08-3.573124143760e-01 1.117587089540e-08
     6.653957072590e-02 1.138750000000e+02 2.594128662410e+00-6.538129482190e-09
    -1.346484657920e-10 0.000000000000e+00 7.490000000000e+02 0.000000000000e+00
     2.000000000000e+00 0.000000000000e+00-4.000000053410e-10-9.000000000000e-09
     3.855300000000e+05 0.000000000000e+00                                      
C05 2020 05 14 12 00 00-2.803070237860e-04-6.446043698820e-11 0.000000000000e+00
     1.000000000000e+00 1.163125000000e+02 6.834570401580e-09 1.998396463090e+00
     3.916211426260e-06 5.422154208650e-04-6.036367267370e-06 6.493412517550e+03
     3.888000000000e+05 1.066364347930e-07-7.250046450680e-03-6.146728992460e-08
     6.357146208660e-02 1.798593750000e+02 2.251685015310e+00-5.841314742780e-09
    -2.567964108870e-10 0.000000000000e+00 7.490000000000e+02 0.000000000000e+00
     2.000000000000e+00 0.000000000000e+00-4.000000053410e-10-9.000000000000e-09
     3.888300000000e+05 0.000000000000e+00                                      
C05 2020 05 14 13 00 00-2.805391559380e-04-6.445155520400e-11 0.000000000000e+00
     1.000000000000e+00-4.671875000000e+00 5.311292665230e-09 2.256856720380e+00
    -2.076849341390e-07 5.400673253460e-04-6.465241312980e-06 6.493419893260e+03
     3.924000000000e+05 8.847564458850e-08 3.561572050230e-01-1.136213541030e-07
     6.277669819290e-02 1.918281250000e+02 1.892614309450e+00-4.361253092270e-09
    -3.382283742840e-10 0.000000000000e+00 7.490000000000e+02 0.000000000000e+00
     2.000000000000e+00 0.000000000000e+00-4.000000053410e-10-9.000000000000e-09
     3.924300000000e+05 0.000000000000e+00                                      
C05 2020 05 14 14 00 00-2.807705895980e-04-6.437517185990e-11 0.000000000000e+00
     1.000000000000e+00-1.253593750000e+02 3.438357507110e-09 2.518903232100e+00
    -4.283618181940e-06 5.398743087430e-04-4.719477146860e-06 6.493420555110e+03
     3.960000000000e+05 5.029141902920e-08 7.169287184560e-01-1.401640474800e-07
     6.428967440300e-02 1.415937500000e+02 1.532588537530e+00-2.489746565080e-09
    -3.750156209060e-10 0.000000000000e+00 7.490000000000e+02 0.000000000000e+00
     2.000000000000e+00 0.000000000000e+00-4.000000053410e-10-9.000000000000e-09
     3.960300000000e+05 0.000000000000e+00                                      
C05 2020 05 14 15 00 00-2.810022560880e-04-6.437250732460e-11 0.000000000000e+00
     1.000000000000e+00-2.115312500000e+02 1.646854312380e-09 2.782341385610e+00
    -7.101334631440e-06 5.423726979640e-04-1.266598701480e-06 6.493414379120e+03
     3.996000000000e+05-9.778887033460e-09 1.060245745210e+00-1.364387571810e-07
     6.785993475300e-02 4.096875000000e+01 1.188603220540e+00-6.568130731870e-10
    -3.782300405140e-10 0.000000000000e+00 7.490000000000e+02 0.000000000000e+00
     2.000000000000e+00 0.000000000000e+00-4.000000053410e-10-9.000000000000e-09
     3.996600000000e+05 0.000000000000e+00                                      
C05 2020 05 14 16 00 00-2.812339225780e-04-6.436273736200e-11 0.000000000000e+00
     1.000000000000e+00-2.396406250000e+02 2.114373786440e-10 3.044527284160e+00
    -7.901340723040e-06 5.466957809400e-04 2.834480255840e-06 6.493403915410e+03
     4.032000000000e+05-6.845220923420e-08 1.378039278260e+00-9.685754776000e-08
     7.296651655970e-02-8.084375000000e+01 8.713550472520e-01 8.478924609820e-10
    -3.560862609930e-10 0.000000000000e+00 7.490000000000e+02 0.000000000000e+00
     2.000000000000e+00 0.000000000000e+00-4.000000053410e-10-9.000000000000e-09
     4.032000000000e+05 0.000000000000e+00                                      
C05 2020 05 14 17 00 00-2.814658218990e-04-6.440181721250e-11 0.000000000000e+00
     1.000000000000e+00-2.009375000000e+02-7.736036522690e-10-2.978420722560e+00
    -6.477814167740e-06 5.507841706280e-04 6.451271474360e-06 6.493393577580e+03
     4.068000000000e+05-9.080395102500e-08 1.669281304610e+00-4.004687070850e-08
     7.900265992080e-02-1.908281250000e+02 5.825545492550e-01 1.901507776860e-09
    -3.125130174220e-10 0.000000000000e+00 7.490000000000e+02 0.000000000000e+00
     2.000000000000e+00 0.000000000000e+00-4.000000053410e-10-9.000000000000e-09
     4.069200000000e+05 0.000000000000e+00                                      
C05 2020 05 14 18 00 00-2.816978376360e-04-6.441869260240e-11 0.000000000000e+00
     1.000000000000e+00-1.001406250000e+02-1.380771800400e-09-2.718185320970e+00
    -3.064051270480e-06 5.527774337680e-04 8.711591362950e-06 6.493387861250e+03
     4.104000000000e+05-6.984919309620e-08 1.937057203330e+00 1.024454832080e-08
     8.540574556070e-02-2.619843750000e+02 3.171588723800e-01 2.548320433490e-09
    -2.525105180770e-10 0.000000000000e+00 7.490000000000e+02 0.000000000000e+00
     2.000000000000e+00 0.000000000000e+00-4.000000053410e-10-9.000000000000e-09
     4.107000000000e+05 0.000000000000e+00                                      
C05 2020 05 14 19 00 00-2.819292712960e-04-6.434408561520e-11 0.000000000000e+00
     1.000000000000e+00 4.762500000000e+01-1.766859311070e-09-2.454512796290e+00
     1.783482730390e-06 5.521004786710e-04 9.151641279460e-06 6.493390071870e+03
     4.140000000000e+05-2.235174179080e-08 2.185810235520e+00 4.982575774190e-08
     9.170727542760e-02-2.788906250000e+02 6.727869253050e-02 2.922264581190e-09
    -1.835790753770e-10 0.000000000000e+00 7.490000000000e+02 0.000000000000e+00
     2.000000000000e+00 0.000000000000e+00-4.000000053410e-10-9.000000000000e-09
     4.140000000000e+05 0.000000000000e+00                                      
C05 2020 05 14 20 00 00-2.821609377860e-04-6.435829646990e-11 0.000000000000e+00
     1.000000000000e+00 2.096875000000e+02-2.042227924130e-09-2.186045038260e+00
     7.009133696560e-06 5.501968553290e-04 7.613096386190e-06 6.493399162290e+03
     4.176000000000e+05 2.654269337650e-08 2.419872296180e+00 7.869675755500e-08
     9.753584241650e-02-2.349531250000e+02-1.727789813500e-01 3.141202272250e-09
    -1.146476326770e-10 0.000000000000e+00 7.490000000000e+02 0.000000000000e+00
     2.000000000000e+00 0.000000000000e+00-4.000000053410e-10-9.000000000000e-09
     4.187700000000e+05 0.000000000000e+00                                      
C05 2020 05 14 21 00 00-2.823928371070e-04-6.437872457350e-11 0.000000000000e+00
     1.000000000000e+00 3.467812500000e+02-2.240807624350e-09-1.914240604010e+00
     1.133373007180e-05 5.488704191520e-04 4.321802407500e-06 6.493411821370e+03
     4.212000000000e+05 5.820766091350e-08 2.642956056360e+00 8.894130587580e-08
     1.026041279540e-01-1.364843750000e+02-4.052660922050e-01 3.256207062670e-09
    -4.928776731910e-11 0.000000000000e+00 7.490000000000e+02 0.000000000000e+00
     2.000000000000e+00 0.000000000000e+00-4.000000053410e-10-9.000000000000e-09
     4.218000000000e+05 0.000000000000e+00                                      
C05 2020 05 14 22 00 00-2.826240379360e-04-6.431299937050e-11 0.000000000000e+00
     1.000000000000e+00 4.149218750000e+02-2.309739067050e-09-1.644225047930e+00
     1.337984576820e-05 5.489082541320e-04-3.348104655740e-07 6.493421701430e+03
     4.248000000000e+05 7.310882210730e-08 2.858109239610e+00 6.705522537230e-08
     1.066947380240e-01 5.515625000000e+00-6.280975838600e-01 3.254064116260e-09
     1.392915163360e-11 0.000000000000e+00 7.490000000000e+02 0.000000000000e+00
     2.000000000000e+00 0.000000000000e+00-4.000000053410e-10-9.000000000000e-09
     4.258800000000e+05 0.000000000000e+00                                      
C05 2020 05 14 23 00 00-2.828566357490e-04-6.444977884710e-11 0.000000000000e+00
     1.000000000000e+00 3.819531250000e+02-2.162947238290e-09-1.380992716760e+00
     1.220311969520e-05 5.488904425870e-04-5.774665623900e-06 6.493422573090e+03
     4.284000000000e+05 8.754432201390e-08 3.067834255090e+00 1.443549990650e-08
     1.096493190600e-01 1.745312500000e+02-8.387691775540e-01 3.096914713210e-09
     8.178912113090e-11 0.000000000000e+00 7.490000000000e+02 0.000000000000e+00
     2.000000000000e+00 0.000000000000e+00-4.000000053410e-10-9.000000000000e-09
     4.287000000000e+05 0.000000000000e+00                                      
C06 2020 05 14 00 00 00 7.318694842980e-04 8.255618411110e-12 0.000000000000e+00
     1.000000000000e+00 3.656250000000e+01 1.439702826540e-09-1.146491429570e+00
     8.097849786280e-07 9.518462116830e-03 1.601083204150e-05 6.493424465180e+03
     3.456000000000e+05 4.936009645460e-08-7.840374403860e-01 1.569278538230e-07
     9.450556326980e-01-2.579531250000e+02-2.202469286830e+00-1.949724070980e-09
     3.978737158940e-10 0.000000000000e+00 7.490000000000e+02 0.000000000000e+00
     2.000000000000e+00 0.000000000000e+00 7.999999773740e-09-2.000000000000e-09
     3.456000000000e+05 0.000000000000e+00                                      
C06 2020 05 14 01 00 00 7.318977732210e-04 8.072653656650e-12 0.000000000000e+00
     1.000000000000e+00 4.379687500000e+01 1.437917037870e-09-8.838318015650e-01
     1.068692654370e-06 9.519869461660e-03 1.528812572360e-05 6.493429204940e+03
     3.492000000000e+05 2.281740307810e-08-7.840444711710e-01 9.685754776000e-08
     9.450568264390e-01-2.380781250000e+02-2.202610904610e+00-1.974367954640e-09
     4.068026592490e-10 0.000000000000e+00 7.490000000000e+02 0.000000000000e+00
     2.000000000000e+00 0.000000000000e+00 7.999999773740e-09-2.000000000000e-09
     3.492000000000e+05 0.000000000000e+00                                      
C06 2020 05 14 02 00 00 7.319268770520e-04 8.083311797690e-12 0.000000000000e+00
     1.000000000000e+00 6.395312500000e+01 1.412915996480e-09-6.211856207030e-01
     1.811888068910e-06 9.522043168540e-03 1.463526859880e-05 6.493435279850e+03
     3.528000000000e+05 6.053596735000e-08-7.840515356020e-01 1.010484993460e-07
     9.450583639660e-01-2.202812500000e+02-2.202739651650e+00-1.964724695810e-09
     4.082312901860e-10 0.000000000000e+00 7.490000000000e+02 0.000000000000e+00
     2.000000000000e+00 0.000000000000e+00 7.999999773740e-09-2.000000000000e-09
     3.528000000000e+05 0.000000000000e+00                                      
C06 2020 05 14 03 00 00 7.319559808820e-04 8.086864511370e-12 0.000000000000e+00
     1.000000000000e+00 7.556250000000e+01 1.414344627420e-09-3.586412135890e-01
     2.405606210230e-06 9.523094282490e-03 1.452490687370e-05 6.493437923430e+03
     3.564000000000e+05 4.749745130540e-08-7.840584274090e-01 1.550652086730e-07
     9.450600156000e-01-2.181562500000e+02-2.202767766000e+00-1.941866600820e-09
     3.953736117550e-10 0.000000000000e+00 7.490000000000e+02 0.000000000000e+00
     2.000000000000e+00 0.000000000000e+00 7.999999773740e-09-2.000000000000e-09
     3.564000000000e+05 0.000000000000e+00                                      
C06 2020 05 14 04 00 00 7.319835713130e-04 7.888800723780e-12 0.000000000000e+00
     1.000000000000e+00 8.167187500000e+01 1.417201889290e-09-9.613012589700e-02
     2.770218998190e-06 9.523733519020e-03 1.467810943720e-05 6.493439489360e+03
     3.600000000000e+05-1.629814505580e-08-7.840651597580e-01 1.722946763040e-07
     9.450615984780e-01-2.212968750000e+02-2.202762923750e+00-1.922222925440e-09
     3.728726745010e-10 0.000000000000e+00 7.490000000000e+02 0.000000000000e+00
     2.000000000000e+00 0.000000000000e+00 7.999999773740e-09-2.000000000000e-09
     3.600000000000e+05 0.000000000000e+00                                      
C06 2020 05 14 05 00 00 7.320116274060e-04 7.862155371190e-12 0.000000000000e+00
     1.000000000000e+00 8.035937500000e+01 1.436845564670e-09 1.663893282230e-01
     2.838205546140e-06 9.523578570220e-03 1.477077603340e-05 6.493439113620e+03
     3.636000000000e+05-6.798654794690e-08-7.840718248130e-01 1.383014023300e-07
     9.450630379890e-01-2.200625000000e+02-2.202766781460e+00-1.912222508890e-09
     3.485859485750e-10 0.000000000000e+00 7.490000000000e+02 0.000000000000e+00
     2.000000000000e+00 0.000000000000e+00 7.999999773740e-09-2.000000000000e-09
     3.636000000000e+05 0.000000000000e+00                                      
C06 2020 05 14 06 00 00 7.320399163290e-04 7.862155371190e-12 0.000000000000e+00
     2.000000000000e+00 8.114062500000e+01 1.435416933730e-09 4.288636542470e-01
     2.877321094270e-06 9.524185908960e-03 1.509301364420e-05 6.493440885540e+03
     3.672000000000e+05-7.683411240580e-08-7.840785425330e-01 1.005828380580e-07
     9.450643253570e-01-2.277812500000e+02-2.202725168760e+00-1.910436720210e-09
     3.328710082710e-10 0.000000000000e+00 7.490000000000e+02 0.000000000000e+00
     2.000000000000e+00 0.000000000000e+00 7.999999773740e-09-2.000000000000e-09
     3.672000000000e+05 1.000000000000e+00                                      
C06 2020 05 14 07 00 00 7.320654112850e-04 7.432277016050e-12-1.261740278230e-17
     3.000000000000e+00 7.293750000000e+01 1.406129999530e-09 6.912311345860e-01
     2.618879079820e-06 9.525471599770e-03 1.570116728540e-05 6.493445539470e+03
     3.708000000000e+05-8.707866072650e-08-7.840854562840e-01 1.005828380580e-07
     9.450655161720e-01-2.466093750000e+02-2.202576594800e+00-1.908293773810e-09
     3.350139546760e-10 0.000000000000e+00 7.490000000000e+02 0.000000000000e+00
     2.000000000000e+00 0.000000000000e+00 7.999999773740e-09-2.000000000000e-09
     3.708000000000e+05 2.000000000000e+00                                      
C06 2020 05 14 08 00 00 7.320921868090e-04 7.341682817240e-12-1.261740278230e-17
     4.000000000000e+00 4.271875000000e+01 1.331484033080e-09 9.534236513850e-01
     1.738779246810e-06 9.527049725880e-03 1.635123044250e-05 6.493453933720e+03
     3.744000000000e+05-1.452863216400e-07-7.840926172680e-01 8.847564458850e-08
     9.450667523380e-01-2.686250000000e+02-2.202253278200e+00-1.892935991240e-09
     3.543004723230e-10 0.000000000000e+00 7.490000000000e+02 0.000000000000e+00
     2.000000000000e+00 0.000000000000e+00 7.999999773740e-09-2.000000000000e-09
     3.744000000000e+05 3.000000000000e+00                                      
C06 2020 05 14 09 00 00 7.321186130870e-04 7.251088618430e-12-1.261740278230e-17
     5.000000000000e+00 1.060937500000e+01 1.260766801710e-09 1.215632893730e+00
     7.781200110910e-07 9.527681628240e-03 1.646159216760e-05 6.493461122510e+03
     3.780000000000e+05-1.913867890830e-07-7.840998382310e-01 1.583248376850e-08
     9.450681699060e-01-2.720937500000e+02-2.201948019860e+00-1.862577583830e-09
     3.757299363740e-10 0.000000000000e+00 7.490000000000e+02 0.000000000000e+00
     2.000000000000e+00 0.000000000000e+00 7.999999773740e-09-2.000000000000e-09
     3.780000000000e+05 4.000000000000e+00                                      
C06 2020 05 14 10 00 00 7.321466691790e-04 7.505107646470e-12 0.000000000000e+00
     5.000000000000e+00-1.203125000000e+01 1.197192725030e-09 1.477908586200e+00
     1.308508217330e-07 9.527585702020e-03 1.618545502420e-05 6.493466567990e+03
     3.816000000000e+05-1.811422407630e-07-7.841068558490e-01-5.820766091350e-08
     9.450697440050e-01-2.622968750000e+02-2.201710544370e+00-1.831147703220e-09
     3.889447725400e-10 0.000000000000e+00 7.490000000000e+02 0.000000000000e+00
     2.000000000000e+00 0.000000000000e+00 7.999999773740e-09-2.000000000000e-09
     3.816000000000e+05 0.000000000000e+00                                      
C06 2020 05 14 11 00 00 7.321739103650e-04 7.555733816390e-12 0.000000000000e+00
     1.000000000000e+00-1.525000000000e+01 1.166477159880e-09 1.740381961320e+00
     7.124617695810e-08 9.527517133390e-03 1.614447683100e-05 6.493467445370e+03
     3.852000000000e+05-1.527369022370e-07-7.841136159940e-01-1.140870153900e-07
     9.450713824740e-01-2.595312500000e+02-2.201672097420e+00-1.802575084490e-09
     3.982308736290e-10 0.000000000000e+00 7.490000000000e+02 0.000000000000e+00
     2.000000000000e+00 0.000000000000e+00 7.999999773740e-09-2.000000000000e-09
     3.852000000000e+05 0.000000000000e+00                                      
C06 2020 05 14 12 00 00 7.321997545660e-04 7.370104526670e-12 0.000000000000e+00
     1.000000000000e+00-1.428125000000e+01 1.155048112390e-09 2.002998965750e+00
     1.206062734130e-07 9.528194786980e-03 1.666182652120e-05 6.493464536670e+03
     3.888000000000e+05-1.057051122190e-07-7.841201727930e-01-1.667067408560e-07
     9.450730502000e-01-2.727031250000e+02-2.201777784470e+00-1.775788254420e-09
     4.053740283130e-10 0.000000000000e+00 7.490000000000e+02 0.000000000000e+00
     2.000000000000e+00 0.000000000000e+00 7.999999773740e-09-2.000000000000e-09
     3.888000000000e+05 0.000000000000e+00                                      
C06 2020 05 14 13 00 00 7.322246674450e-04 7.166711668560e-12 0.000000000000e+00
     1.000000000000e+00-2.504687500000e+01 1.159334005200e-09 2.265696872470e+00
    -2.626329660420e-07 9.530087583700e-03 1.762015745040e-05 6.493458377840e+03
     3.924000000000e+05-2.235174179080e-08-7.841265306350e-01-1.811422407630e-07
     9.450747822950e-01-2.995937500000e+02-2.201964258250e+00-1.744358373810e-09
     4.082312901860e-10 0.000000000000e+00 7.490000000000e+02 0.000000000000e+00
     2.000000000000e+00 0.000000000000e+00 7.999999773740e-09-2.000000000000e-09
     3.924000000000e+05 0.000000000000e+00                                      
C06 2020 05 14 14 00 00 7.322520250450e-04 7.378986310870e-12 0.000000000000e+00
     1.000000000000e+00-4.920312500000e+01 1.155405270120e-09 2.528339404810e+00
    -1.163221895690e-06 9.532493539150e-03 1.830700784920e-05 6.493451957700e+03
     3.960000000000e+05 3.678724169730e-08-7.841326544100e-01-1.257285475730e-07
     9.450765275570e-01-3.174687500000e+02-2.202094735910e+00-1.711499862270e-09
     4.021596087050e-10 0.000000000000e+00 7.490000000000e+02 0.000000000000e+00
     2.000000000000e+00 0.000000000000e+00 7.999999773740e-09-2.000000000000e-09
     3.970500000000e+05 0.000000000000e+00                                      
C06 2020 05 14 15 00 00 7.322791498150e-04 7.450040584440e-12 0.000000000000e+00
     1.000000000000e+00-6.853125000000e+01 1.141118960760e-09 2.790894764790e+00
    -1.992098987100e-06 9.534202283250e-03 1.843459904190e-05 6.493447801590e+03
     3.996000000000e+05 3.306195139880e-08-7.841386684660e-01-8.055940270420e-08
     9.450781045820e-01-3.203437500000e+02-2.202137058130e+00-1.694356291030e-09
     3.935878230840e-10 0.000000000000e+00 7.490000000000e+02 0.000000000000e+00
     2.000000000000e+00 0.000000000000e+00 7.999999773740e-09-2.000000000000e-09
     3.996000000000e+05 0.000000000000e+00                                      
C06 2020 05 14 16 00 00 7.323051104320e-04 7.333689211460e-12 0.000000000000e+00
     1.000000000000e+00-7.004687500000e+01 1.114689288430e-09 3.053410415330e+00
    -2.241693437100e-06 9.534330340100e-03 1.835171133280e-05 6.493447505950e+03
     4.032000000000e+05 4.237517714500e-08-7.841447922410e-01-7.916241884230e-08
     9.450794987430e-01-3.201250000000e+02-2.202138845820e+00-1.696142079700e-09
     3.964450849580e-10 0.000000000000e+00 7.490000000000e+02 0.000000000000e+00
     2.000000000000e+00 0.000000000000e+00 7.999999773740e-09-2.000000000000e-09
     4.032000000000e+05 0.000000000000e+00                                      
C06 2020 05 14 17 00 00 7.323299068960e-04 7.128519996510e-12 0.000000000000e+00
     1.000000000000e+00-5.815625000000e+01 1.068615940710e-09-2.967209072010e+00
    -1.979526132350e-06 9.532695752570e-03 1.868139952420e-05 6.493451566700e+03
     4.068000000000e+05 7.357448339460e-08-7.841510476790e-01-5.960464477540e-08
     9.450808694970e-01-3.347031250000e+02-2.202190536570e+00-1.701856603440e-09
     4.103742365910e-10 0.000000000000e+00 7.490000000000e+02 0.000000000000e+00
     2.000000000000e+00 0.000000000000e+00 7.999999773740e-09-2.000000000000e-09
     4.068000000000e+05 0.000000000000e+00                                      
C06 2020 05 14 18 00 00 7.323544705290e-04 6.967759702550e-12 0.000000000000e+00
     1.000000000000e+00-5.256250000000e+01 1.016113753790e-09-2.704549838990e+00
    -1.827720552680e-06 9.530383511450e-03 1.951539888980e-05 6.493457990650e+03
     4.104000000000e+05 8.055940270420e-08-7.841572680060e-01-3.818422555920e-08
     9.450823294900e-01-3.638437500000e+02-2.202336240280e+00-1.702928076650e-09
     4.189460222120e-10 0.000000000000e+00 7.490000000000e+02 0.000000000000e+00
     2.000000000000e+00 0.000000000000e+00 7.999999773740e-09-2.000000000000e-09
     4.104000000000e+05 0.000000000000e+00                                      
C06 2020 05 14 19 00 00 7.323800818990e-04 7.037925797700e-12 0.000000000000e+00
     1.000000000000e+00-6.017187500000e+01 9.825409267730e-10-2.441869907150e+00
    -2.077780663970e-06 9.528815629890e-03 2.024741843340e-05 6.493463344570e+03
     4.140000000000e+05 9.313225746150e-08-7.841633347280e-01-4.423782229420e-08
     9.450838494620e-01-3.871406250000e+02-2.202503810230e+00-1.705428180790e-09
     4.146601294020e-10 0.000000000000e+00 7.490000000000e+02 0.000000000000e+00
     2.000000000000e+00 0.000000000000e+00 7.999999773740e-09-2.000000000000e-09
     4.140000000000e+05 0.000000000000e+00                                      
C06 2020 05 14 20 00 00 7.324059261010e-04 7.094769216560e-12 0.000000000000e+00
     1.000000000000e+00-6.078125000000e+01 9.943271320020e-10-2.179345653190e+00
    -2.161599695680e-06 9.528691414740e-03 2.035265788440e-05 6.493463752750e+03
     4.176000000000e+05 1.206062734130e-07-7.841693385430e-01-4.377216100690e-08
     9.450853328600e-01-3.890937500000e+02-2.202516872630e+00-1.711857020000e-09
     4.057311860470e-10 0.000000000000e+00 7.490000000000e+02 0.000000000000e+00
     2.000000000000e+00 0.000000000000e+00 7.999999773740e-09-2.000000000000e-09
     4.176000000000e+05 0.000000000000e+00                                      
C06 2020 05 14 21 00 00 7.324314210560e-04 7.079670183430e-12 0.000000000000e+00
     1.000000000000e+00-4.103125000000e+01 1.035757429170e-09-1.917021128520e+00
    -1.600477844480e-06 9.529097820630e-03 2.026651054620e-05 6.493459386830e+03
     4.212000000000e+05 1.578591763970e-07-7.841753628400e-01-3.958120942120e-08
     9.450867387250e-01-3.860468750000e+02-2.202330489550e+00-1.720785963360e-09
     3.943021385520e-10 0.000000000000e+00 7.490000000000e+02 0.000000000000e+00
     2.000000000000e+00 0.000000000000e+00 7.999999773740e-09-2.000000000000e-09
     4.239600000000e+05 0.000000000000e+00                                      
C06 2020 05 14 22 00 00 7.324565667660e-04 7.028155835090e-12 0.000000000000e+00
     1.000000000000e+00-5.468750000000e+00 1.114689288430e-09-1.654870471650e+00
    -5.587935447690e-07 9.529050090350e-03 2.062320709230e-05 6.493451108930e+03
     4.248000000000e+05 2.165324985980e-07-7.841812935100e-01 1.955777406690e-08
     9.450879719650e-01-3.980000000000e+02-2.201969805640e+00-1.746501320220e-09
     3.732298322350e-10 0.000000000000e+00 7.490000000000e+02 0.000000000000e+00
     2.000000000000e+00 0.000000000000e+00 7.999999773740e-09-2.000000000000e-09
     4.248000000000e+05 0.000000000000e+00                                      
C06 2020 05 14 23 00 00 7.324817124750e-04 7.007727731430e-12 0.000000000000e+00
     1.000000000000e+00 1.285937500000e+01 1.196478409560e-09-1.392608928530e+00
    -2.328306436540e-08 9.528401424180e-03 2.120761200790e-05 6.493445108410e+03
     4.284000000000e+05 1.764856278900e-07-7.841871919960e-01 1.480802893640e-07
     9.450888160680e-01-4.177656250000e+02-2.201718605050e+00-1.807575292770e-09
     3.518003681830e-10 0.000000000000e+00 7.490000000000e+02 0.000000000000e+00
     2.000000000000e+00 0.000000000000e+00 7.999999773740e-09-2.000000000000e-09
     4.284000000000e+05 0.000000000000e+00                                      
C07 2020 05 14 00 00 00-3.070104867220e-05-3.004174686790e-11 0.000000000000e+00
     1.000000000000e+00 3.064062500000e+02 1.081473619150e-09-2.715323595740e+00
     9.587034583090e-06 7.386389421300e-03 1.392653211950e-05 6.493510318760e+03
     3.456000000000e+05-2.281740307810e-08 1.229961987600e+00-1.918524503710e-07
     8.993052250670e-01-1.987656250000e+02-2.640595358620e+00-1.948295440040e-09
    -5.510943838650e-10 0.000000000000e+00 7.490000000000e+02 0.000000000000e+00
     2.000000000000e+00 0.000000000000e+00 1.400000027020e-08 7.000000000000e-10
     3.456000000000e+05 0.000000000000e+00                                      
C07 2020 05 14 01 00 00-3.080919850620e-05-3.005329318740e-11 0.000000000000e+00
     1.000000000000e+00 2.756093750000e+02 1.164334213480e-09-2.453336408270e+00
     8.607748895880e-06 7.390134152960e-03 1.232465729120e-05 6.493497503280e+03
     3.492000000000e+05 1.629814505580e-08 1.229954794430e+00-1.774169504640e-07
     8.993032062400e-01-1.490156250000e+02-2.640077228150e+00-1.956510067930e-09
    -5.364509167630e-10 0.000000000000e+00 7.490000000000e+02 0.000000000000e+00
     2.000000000000e+00 0.000000000000e+00 1.400000027020e-08 7.000000000000e-10
     3.492000000000e+05 0.000000000000e+00                                      
C07 2020 05 14 02 00 00-3.091723192480e-05-3.003641779740e-11 0.000000000000e+00
     1.000000000000e+00 2.730000000000e+02 1.240051653130e-09-2.191365188550e+00
     8.543021976950e-06 7.392420666290e-03 1.078471541400e-05 6.493486534120e+03
     3.528000000000e+05 2.048909664150e-08 1.229947371580e+00-9.685754776000e-08
     8.993012152080e-01-9.918750000000e+01-2.639540994060e+00-1.956867225660e-09
    -5.035924052160e-10 0.000000000000e+00 7.490000000000e+02 0.000000000000e+00
     2.000000000000e+00 0.000000000000e+00 1.400000027020e-08 7.000000000000e-10
     3.528000000000e+05 0.000000000000e+00                                      
C07 2020 05 14 03 00 00-3.102619666610e-05-3.014122285090e-11 0.000000000000e+00
     1.000000000000e+00 2.787500000000e+02 1.267195640930e-09-1.929027570760e+00
     8.722301572560e-06 7.392793428150e-03 1.039868220690e-05 6.493483343120e+03
     3.564000000000e+05 5.122274160390e-08 1.229940495870e+00-1.131556928160e-07
     8.992994114300e-01-8.621875000000e+01-2.639369402550e+00-1.962938907140e-09
    -5.160929259130e-10 0.000000000000e+00 7.490000000000e+02 0.000000000000e+00
     2.000000000000e+00 0.000000000000e+00 1.400000027020e-08 7.000000000000e-10
     3.564000000000e+05 0.000000000000e+00                                      
C07 2020 05 14 04 00 00-3.113539423790e-05-3.023803429870e-11 0.000000000000e+00
     1.000000000000e+00 2.610625000000e+02 1.270410060540e-09-1.666270268100e+00
     8.147675544020e-06 7.392847095620e-03 1.072278246280e-05 6.493487726210e+03
     3.600000000000e+05 2.151355147360e-07 1.229934266760e+00-1.015141606330e-07
     8.992974101580e-01-9.607812500000e+01-2.639616969250e+00-2.007583623920e-09
    -5.728810056510e-10 0.000000000000e+00 7.490000000000e+02 0.000000000000e+00
     2.000000000000e+00 0.000000000000e+00 1.400000027020e-08 7.000000000000e-10
     3.600000000000e+05 0.000000000000e+00                                      
C07 2020 05 14 05 00 00-3.124447539450e-05-3.027444961390e-11 0.000000000000e+00
     1.000000000000e+00 2.138906250000e+02 1.229694078840e-09-1.403197273580e+00
     6.626825779680e-06 7.394023821690e-03 1.074932515620e-05 6.493498161320e+03
     3.636000000000e+05 2.314336597920e-07 1.229927477360e+00-7.450580596920e-09
     8.992951835970e-01-9.704687500000e+01-2.640180166380e+00-2.042942239600e-09
    -5.896674191580e-10 0.000000000000e+00 7.490000000000e+02 0.000000000000e+00
     2.000000000000e+00 0.000000000000e+00 1.400000027020e-08 7.000000000000e-10
     3.654900000000e+05 0.000000000000e+00                                      
C07 2020 05 14 06 00 00-3.135215956720e-05-3.011102478470e-11 0.000000000000e+00
     1.000000000000e+00 1.709062500000e+02 1.214693454000e-09-1.140165521640e+00
     5.159061402080e-06 7.396305911240e-03 9.947456419470e-06 6.493509027480e+03
     3.672000000000e+05 1.569278538230e-07 1.229920641140e+00 1.098960638050e-07
     8.992926629890e-01-7.389062500000e+01-2.640703632110e+00-2.101873265740e-09
    -6.046680439940e-10 0.000000000000e+00 7.490000000000e+02 0.000000000000e+00
     2.000000000000e+00 0.000000000000e+00 1.400000027020e-08 7.000000000000e-10
     3.672000000000e+05 0.000000000000e+00                                      
C07 2020 05 14 07 00 00-3.146100789310e-05-3.016875638200e-11 0.000000000000e+00
     1.000000000000e+00 1.518125000000e+02 1.216836400410e-09-8.773409730250e-01
     4.469882696870e-06 7.398698362520e-03 8.813105523590e-06 6.493517154690e+03
     3.708000000000e+05 4.982575774190e-08 1.229913326550e+00 1.317821443080e-07
     8.992900970310e-01-4.290625000000e+01-2.641021284290e+00-2.149732402130e-09
    -6.060966749310e-10 0.000000000000e+00 7.490000000000e+02 0.000000000000e+00
     2.000000000000e+00 0.000000000000e+00 1.400000027020e-08 7.000000000000e-10
     3.708000000000e+05 0.000000000000e+00                                      
C07 2020 05 14 08 00 00-3.156985621900e-05-3.018740812880e-11 0.000000000000e+00
     1.000000000000e+00 1.510000000000e+02 1.261123959450e-09-6.147849898400e-01
     4.446599632500e-06 7.399292197080e-03 8.321367204190e-06 6.493518844600e+03
     3.744000000000e+05-1.676380634310e-08 1.229905647700e+00 1.005828380580e-07
     8.992876159220e-01-3.520312500000e+01-2.641071664260e+00-2.184019544610e-09
    -6.018107821200e-10 0.000000000000e+00 7.490000000000e+02 0.000000000000e+00
     2.000000000000e+00 0.000000000000e+00 1.400000027020e-08 7.000000000000e-10
     3.744000000000e+05 0.000000000000e+00                                      
C07 2020 05 14 09 00 00-3.167917020620e-05-3.027178507860e-11 0.000000000000e+00
     1.000000000000e+00 1.443906250000e+02 1.326840982540e-09-3.523140226760e-01
     4.350207746030e-06 7.398141664450e-03 8.461996912960e-06 6.493515956880e+03
     3.780000000000e+05-4.936009645460e-08 1.229897736230e+00 5.494803190230e-08
     8.992852094210e-01-4.576562500000e+01-2.641037262280e+00-2.211163532410e-09
    -5.950247851710e-10 0.000000000000e+00 7.490000000000e+02 0.000000000000e+00
     2.000000000000e+00 0.000000000000e+00 1.400000027020e-08 7.000000000000e-10
     3.780000000000e+05 0.000000000000e+00                                      
C07 2020 05 14 10 00 00-3.178778570150e-05-3.023803429870e-11 0.000000000000e+00
     1.000000000000e+00 1.140468750000e+02 1.424345043970e-09-8.979460512860e-02
     3.618653863670e-06 7.394889136780e-03 8.867587894200e-06 6.493508008960e+03
     3.816000000000e+05-4.656612873080e-08 1.229889675560e+00 1.490116119380e-08
     8.992829097140e-01-6.273437500000e+01-2.641051006400e+00-2.229378576850e-09
    -5.864529995500e-10 0.000000000000e+00 7.490000000000e+02 0.000000000000e+00
     2.000000000000e+00 0.000000000000e+00 1.400000027020e-08 7.000000000000e-10
     3.816000000000e+05 0.000000000000e+00                                      
C07 2020 05 14 11 00 00-3.189709968860e-05-3.029931860970e-11 0.000000000000e+00
     1.000000000000e+00 8.360937500000e+01 1.497205221750e-09 1.728188546450e-01
     2.841465175150e-06 7.392162806350e-03 8.872710168360e-06 6.493501092910e+03
     3.852000000000e+05-3.352761268620e-08 1.229881598790e+00 5.587935447690e-09
     8.992807431330e-01-6.307812500000e+01-2.641157357620e+00-2.235093100600e-09
    -5.814527912710e-10 0.000000000000e+00 7.490000000000e+02 0.000000000000e+00
     2.000000000000e+00 0.000000000000e+00 1.400000027020e-08 7.000000000000e-10
     3.852000000000e+05 0.000000000000e+00                                      
C07 2020 05 14 12 00 00-3.200490027670e-05-3.014122285090e-11 0.000000000000e+00
     1.000000000000e+00 6.300000000000e+01 1.556850563360e-09 4.354824632500e-01
     2.364162355660e-06 7.390279322860e-03 8.597970008850e-06 6.493495727540e+03
     3.888000000000e+05-4.190951585770e-08 1.229873586380e+00 4.656612873080e-09
     8.992786628630e-01-5.114062500000e+01-2.641312734150e+00-2.232950154190e-09
    -5.846672108790e-10 0.000000000000e+00 7.490000000000e+02 0.000000000000e+00
     2.000000000000e+00 0.000000000000e+00 1.400000027020e-08 7.000000000000e-10
     3.888000000000e+05 0.000000000000e+00                                      
C07 2020 05 14 13 00 00-3.211549483240e-05-3.041744633950e-11 0.000000000000e+00
     1.000000000000e+00 6.360937500000e+01 1.568279610860e-09 6.979631529670e-01
     2.443324774500e-06 7.390429847870e-03 8.788891136650e-06 6.493496362690e+03
     3.924000000000e+05-4.982575774190e-08 1.229865616410e+00-1.164153218270e-08
     8.992765825940e-01-5.389062500000e+01-2.641283926360e+00-2.231521523260e-09
    -5.918103655630e-10 0.000000000000e+00 7.490000000000e+02 0.000000000000e+00
     2.000000000000e+00 0.000000000000e+00 1.400000027020e-08 7.000000000000e-10
     3.924000000000e+05 0.000000000000e+00                                      
C07 2020 05 14 14 00 00-3.222504165020e-05-3.041744633950e-11 0.000000000000e+00
     2.000000000000e+00 6.187500000000e+01 1.544350042660e-09 9.602244035090e-01
     2.393499016760e-06 7.391351158730e-03 9.540468454360e-06 6.493501342770e+03
     3.960000000000e+05-4.237517714500e-08 1.229857925840e+00-8.661299943920e-08
     8.992745008610e-01-7.601562500000e+01-2.641035578460e+00-2.232592996460e-09
    -6.225259307040e-10 0.000000000000e+00 7.490000000000e+02 0.000000000000e+00
     2.000000000000e+00 0.000000000000e+00 1.400000027020e-08 7.000000000000e-10
     3.960000000000e+05 1.000000000000e+00                                      
C07 2020 05 14 15 00 00-3.232946619390e-05-3.012523563940e-11 2.168404344970e-19
     3.000000000000e+00 4.664062500000e+01 1.503276903230e-09 1.222398440730e+00
     1.915730535980e-06 7.391881663350e-03 1.026876270770e-05 6.493507463460e+03
     3.996000000000e+05-5.820766091350e-08 1.229849849070e+00-1.001171767710e-07
     8.992722465040e-01-9.889062500000e+01-2.640700403450e+00-2.228307103650e-09
    -6.214544575010e-10 0.000000000000e+00 7.490000000000e+02 0.000000000000e+00
     2.000000000000e+00 0.000000000000e+00 1.400000027020e-08 7.000000000000e-10
     3.996000000000e+05 2.000000000000e+00                                      
C07 2020 05 14 16 00 00-3.243796527390e-05-3.012345928250e-11 2.168404344970e-19
     4.000000000000e+00 2.964062500000e+01 1.465418183410e-09 1.484664264350e+00
     1.402571797370e-06 7.391836377790e-03 1.055328175430e-05 6.493511781690e+03
     4.032000000000e+05-9.220093488690e-08 1.229841652340e+00-1.084990799430e-07
     8.992700418870e-01-1.083906250000e+02-2.640458012550e+00-2.218663844830e-09
    -6.100254100070e-10 0.000000000000e+00 7.490000000000e+02 0.000000000000e+00
     2.000000000000e+00 0.000000000000e+00 1.400000027020e-08 7.000000000000e-10
     4.032000000000e+05 3.000000000000e+00                                      
C07 2020 05 14 17 00 00-3.254646435380e-05-3.012257110410e-11 2.168404344970e-19
     5.000000000000e+00 4.017187500000e+01 1.501491114560e-09 1.747295270360e+00
     1.718755811450e-06 7.392162806350e-03 1.059100031850e-05 6.493509445190e+03
     4.068000000000e+05-4.563480615620e-08 1.229834046630e+00-4.470348358150e-08
     8.992676690340e-01-1.097500000000e+02-2.640582265500e+00-2.249022252230e-09
    -6.318120317930e-10 0.000000000000e+00 7.490000000000e+02 0.000000000000e+00
     2.000000000000e+00 0.000000000000e+00 1.400000027020e-08 7.000000000000e-10
     4.068000000000e+05 4.000000000000e+00                                      
C07 2020 05 14 18 00 00-3.265531267970e-05-2.980371505150e-11 0.000000000000e+00
     5.000000000000e+00 6.110937500000e+01 1.525420682750e-09 2.010063697050e+00
     2.414919435980e-06 7.393422769380e-03 1.105340197680e-05 6.493503929140e+03
     4.104000000000e+05-7.636845111850e-08 1.229825871850e+00-7.450580596920e-08
     8.992654629530e-01-1.239062500000e+02-2.640843419790e+00-2.239378993410e-09
    -6.228830884380e-10 0.000000000000e+00 7.490000000000e+02 0.000000000000e+00
     2.000000000000e+00 0.000000000000e+00 1.400000027020e-08 7.000000000000e-10
     4.104000000000e+05 0.000000000000e+00                                      
C07 2020 05 14 19 00 00-3.276532515880e-05-3.020339534030e-11 0.000000000000e+00
     1.000000000000e+00 7.626562500000e+01 1.548278777740e-09 2.272847099630e+00
     2.895947545770e-06 7.395652122800e-03 1.198053359990e-05 6.493496709820e+03
     4.140000000000e+05-4.237517714500e-08 1.229817631230e+00-1.532025635240e-07
     8.992635289760e-01-1.533437500000e+02-2.641118830210e+00-2.202591746790e-09
    -6.107397254750e-10 0.000000000000e+00 7.490000000000e+02 0.000000000000e+00
     2.000000000000e+00 0.000000000000e+00 1.400000027020e-08 7.000000000000e-10
     4.140000000000e+05 0.000000000000e+00                                      
C07 2020 05 14 20 00 00-3.287417348470e-05-3.021227712450e-11 0.000000000000e+00
     1.000000000000e+00 7.673437500000e+01 1.514705950730e-09 2.535384941170e+00
     2.902466803790e-06 7.395996828560e-03 1.224549487230e-05 6.493495733260e+03
     4.176000000000e+05 2.700835466380e-08 1.229809653940e+00-1.685693860050e-07
     8.992616418110e-01-1.576093750000e+02-2.641147313220e+00-2.167233131100e-09
    -6.085967790700e-10 0.000000000000e+00 7.490000000000e+02 0.000000000000e+00
     2.000000000000e+00 0.000000000000e+00 1.400000027020e-08 7.000000000000e-10
     4.176000000000e+05 0.000000000000e+00                                      
C07 2020 05 14 21 00 00-3.298209048810e-05-3.009326121630e-11 0.000000000000e+00
     1.000000000000e+00 8.696875000000e+01 1.451846189510e-09 2.797841425440e+00
     3.122724592690e-06 7.394304033370e-03 1.188414171340e-05 6.493499839780e+03
     4.212000000000e+05 5.355104804040e-08 1.229801888770e+00-1.471489667890e-07
     8.992595981150e-01-1.408593750000e+02-2.641094209290e+00-2.150446717590e-09
    -6.118111986780e-10 0.000000000000e+00 7.490000000000e+02 0.000000000000e+00
     2.000000000000e+00 0.000000000000e+00 1.400000027020e-08 7.000000000000e-10
     4.212000000000e+05 0.000000000000e+00                                      
C07 2020 05 14 22 00 00-3.308977466080e-05-3.001332515850e-11 0.000000000000e+00
     1.000000000000e+00 1.180937500000e+02 1.362556755960e-09 3.060367307620e+00
     3.862194716930e-06 7.391147431920e-03 1.148832961920e-05 6.493507329940e+03
     4.248000000000e+05 5.355104804040e-08 1.229794185040e+00-1.313164830210e-07
     8.992574578660e-01-1.242656250000e+02-2.641110961170e+00-2.143660720640e-09
    -6.146684605510e-10 0.000000000000e+00 7.490000000000e+02 0.000000000000e+00
     2.000000000000e+00 0.000000000000e+00 1.400000027020e-08 7.000000000000e-10
     4.248000000000e+05 0.000000000000e+00                                      
C07 2020 05 14 23 00 00-3.319769166410e-05-2.998401527070e-11 0.000000000000e+00
     1.000000000000e+00 1.376406250000e+02 1.302911414350e-09-2.960246167120e+00
     4.252418875690e-06 7.389473379590e-03 1.147855073210e-05 6.493511447910e+03
     4.284000000000e+05 4.330649971960e-08 1.229786516420e+00-1.224689185620e-07
     8.992552898210e-01-1.239531250000e+02-2.641175186200e+00-2.138660512370e-09
    -6.189543533620e-10 0.000000000000e+00 7.490000000000e+02 0.000000000000e+00
     2.000000000000e+00 0.000000000000e+00 1.400000027020e-08 7.000000000000e-10
     4.284000000000e+05 0.000000000000e+00                                      
C08 2020 05 14 00 00 00-2.512239152570e-04-2.084910022400e-11-6.911788849600e-19
     5.000000000000e+00-3.499687500000e+02 1.078259199540e-09 1.502719751430e+00
    -1.112092286350e-05 4.555231193080e-03-5.210749804970e-07 6.493527387620e+03
     3.456000000000e+05-1.420266926290e-07-2.902463196840e+00 2.663582563400e-07
     1.034202312870e+00 2.719531250000e+02-2.721884882800e+00-2.332597162030e-09
     4.750197864810e-11 0.000000000000e+00 7.490000000000e+02 0.000000000000e+00
     2.000000000000e+00 0.000000000000e+00 9.999999939230e-09-9.000000000000e-10
     3.456000000000e+05 4.000000000000e+00                                      
C08 2020 05 14 01 00 00-2.512990031390e-04-2.085354111610e-11-6.911788849600e-19
     6.000000000000e+00-3.405312500000e+02 1.054686789080e-09 1.765403001170e+00
    -1.069949939850e-05 4.555539344440e-03-5.392357707020e-07 6.493525283810e+03
     3.492000000000e+05-2.523884177210e-07-2.902472148440e+00 1.955777406690e-07
     1.034202723950e+00 2.720468750000e+02-2.722064100510e+00-2.292595495800e-09
     8.714648714380e-11 0.000000000000e+00 7.490000000000e+02 0.000000000000e+00
     2.000000000000e+00 0.000000000000e+00 9.999999939230e-09-9.000000000000e-10
     3.492000000000e+05 5.000000000000e+00                                      
C08 2020 05 14 02 00 00-2.513740910220e-04-2.085887018670e-11-6.911788849600e-19
     7.000000000000e+00-3.172656250000e+02 1.050043738540e-09 2.028340946420e+00
    -9.824056178330e-06 4.556875675920e-03-1.164153218270e-07 6.493519546510e+03
     3.528000000000e+05-2.938322722910e-07-2.902480782580e+00 9.313225746150e-08
     1.034203347150e+00 2.605468750000e+02-2.722498155620e+00-2.252593829570e-09
     1.135761594740e-10 0.000000000000e+00 7.490000000000e+02 0.000000000000e+00
     2.000000000000e+00 0.000000000000e+00 9.999999939230e-09-9.000000000000e-10
     3.528000000000e+05 6.000000000000e+00                                      
C08 2020 05 14 03 00 00-2.514495281500e-04-2.138911270320e-11 0.000000000000e+00
     6.000000000000e+00-3.009687500000e+02 1.046115003460e-09 2.291225449800e+00
    -9.225681424140e-06 4.558832733890e-03 7.329508662220e-07 6.493513284680e+03
     3.564000000000e+05-2.346932888030e-07-2.902489178270e+00 9.313225746150e-10
     1.034204176630e+00 2.372968750000e+02-2.722878144200e+00-2.204734693190e-09
     1.278624688420e-10 0.000000000000e+00 7.490000000000e+02 0.000000000000e+00
     2.000000000000e+00 0.000000000000e+00 9.999999939230e-09-9.000000000000e-10
     3.564000000000e+05 0.000000000000e+00                                      
C08 2020 05 14 04 00 00-2.515238011260e-04-2.094679985020e-11 0.000000000000e+00
     1.000000000000e+00-2.991250000000e+02 9.675403019370e-10 2.553861739870e+00
    -9.162817150350e-06 4.559967434030e-03 1.240056008100e-06 6.493510202410e+03
     3.600000000000e+05 1.220032572750e-07-2.902497503730e+00-8.568167686460e-08
     1.034206292010e+00 2.235468750000e+02-2.723008883720e+00-2.032941823040e-09
     1.400058318050e-10 0.000000000000e+00 7.490000000000e+02 0.000000000000e+00
     2.000000000000e+00 0.000000000000e+00 9.999999939230e-09-9.000000000000e-10
     3.600000000000e+05 0.000000000000e+00                                      
C08 2020 05 14 05 00 00-2.515992382540e-04-2.093436535230e-11 0.000000000000e+00
     1.000000000000e+00-2.952968750000e+02 1.031828694090e-09 2.816339494980e+00
    -9.102746844290e-06 4.559237160720e-03 1.139473170040e-06 6.493511978150e+03
     3.636000000000e+05-1.988373696800e-07-2.902505068480e+00-3.254972398280e-07
     1.034204979770e+00 2.307187500000e+02-2.722980734250e+00-2.216878056160e-09
     1.739358165530e-10 0.000000000000e+00 7.490000000000e+02 0.000000000000e+00
     2.000000000000e+00 0.000000000000e+00 9.999999939230e-09-9.000000000000e-10
     3.636000000000e+05 0.000000000000e+00                                      
C08 2020 05 14 06 00 00-2.516735112290e-04-2.078426319940e-11 0.000000000000e+00
     1.000000000000e+00-2.704687500000e+02 8.989660169720e-10 3.078885683920e+00
    -8.483882993460e-06 4.556523053910e-03 7.166527211670e-07 6.493518466950e+03
     3.672000000000e+05-1.601874828340e-07-2.902512432810e+00-2.747401595120e-08
     1.034206812810e+00 2.477031250000e+02-2.723021113720e+00-2.091872849190e-09
     1.182192100190e-10 0.000000000000e+00 7.490000000000e+02 0.000000000000e+00
     2.000000000000e+00 0.000000000000e+00 9.999999939230e-09-9.000000000000e-10
     3.678900000000e+05 0.000000000000e+00                                      
C08 2020 05 14 07 00 00-2.517482498660e-04-2.077094052310e-11 0.000000000000e+00
     1.000000000000e+00-2.279687500000e+02 8.371777289560e-10-2.941527555370e+00
    -7.286667823790e-06 4.552829894240e-03 5.997717380520e-07 6.493527763370e+03
     3.708000000000e+05-8.847564458850e-08-2.902520266740e+00-9.965151548390e-08
     1.034206919600e+00 2.519062500000e+02-2.723288034830e+00-2.125088518470e-09
     1.467918287550e-10 0.000000000000e+00 7.490000000000e+02 0.000000000000e+00
     2.000000000000e+00 0.000000000000e+00 9.999999939230e-09-9.000000000000e-10
     3.708000000000e+05 0.000000000000e+00                                      
C08 2020 05 14 08 00 00-2.518217079340e-04-2.061284476440e-11 0.000000000000e+00
     1.000000000000e+00-1.917812500000e+02 7.728893368000e-10-2.678595578830e+00
    -6.259419023990e-06 4.549810895700e-03 1.049134880300e-06 6.493536365510e+03
     3.744000000000e+05-3.119930624960e-08-2.902528121150e+00-1.057051122190e-07
     1.034207318980e+00 2.362031250000e+02-2.723716342130e+00-2.139374827830e-09
     1.660783464010e-10 0.000000000000e+00 7.490000000000e+02 0.000000000000e+00
     2.000000000000e+00 0.000000000000e+00 9.999999939230e-09-9.000000000000e-10
     3.744000000000e+05 0.000000000000e+00                                      
C08 2020 05 14 09 00 00-2.518963301550e-04-2.065725368540e-11 0.000000000000e+00
     1.000000000000e+00-1.774218750000e+02 7.303875664310e-10-2.415747404090e+00
    -5.859881639480e-06 4.548357683230e-03 1.570675522090e-06 6.493541496280e+03
     3.780000000000e+05-1.210719347000e-08-2.902535914110e+00-8.894130587580e-08
     1.034207880740e+00 2.176093750000e+02-2.724062433440e+00-2.142589247440e-09
     1.757216052240e-10 0.000000000000e+00 7.490000000000e+02 0.000000000000e+00
     2.000000000000e+00 0.000000000000e+00 9.999999939230e-09-9.000000000000e-10
     3.780000000000e+05 0.000000000000e+00                                      
C08 2020 05 14 10 00 00-2.519710687920e-04-2.070965621210e-11 0.000000000000e+00
     1.000000000000e+00-1.766406250000e+02 7.246730426840e-10-2.153218262530e+00
    -5.841255187990e-06 4.548260360020e-03 1.598615199330e-06 6.493541872020e+03
     3.816000000000e+05-1.024454832080e-08-2.902543642710e+00-8.475035429000e-08
     1.034208509790e+00 2.159531250000e+02-2.724090625330e+00-2.142946405180e-09
     1.775073938950e-10 0.000000000000e+00 7.490000000000e+02 0.000000000000e+00
     2.000000000000e+00 0.000000000000e+00 9.999999939230e-09-9.000000000000e-10
     3.816000000000e+05 0.000000000000e+00                                      
C08 2020 05 14 11 00 00-2.520460402590e-04-2.075939420370e-11 0.000000000000e+00
     1.000000000000e+00-1.690468750000e+02 7.550314500910e-10-1.891073226200e+00
    -5.613546818490e-06 4.548581666310e-03 1.109205186370e-06 6.493537904740e+03
     3.852000000000e+05 1.396983861920e-09-2.902551265970e+00-1.019798219200e-07
     1.034209152010e+00 2.322968750000e+02-2.723735111370e+00-2.144732193850e-09
     1.692927660090e-10 0.000000000000e+00 7.490000000000e+02 0.000000000000e+00
     2.000000000000e+00 0.000000000000e+00 9.999999939230e-09-9.000000000000e-10
     3.852000000000e+05 0.000000000000e+00                                      
C08 2020 05 14 12 00 00-2.521208953110e-04-2.077094052310e-11 0.000000000000e+00
     1.000000000000e+00-1.451250000000e+02 8.103908988910e-10-1.629169106140e+00
    -4.910863935950e-06 4.548431839790e-03 5.988404154780e-07 6.493531356810e+03
     3.888000000000e+05 4.563480615620e-08-2.902558791220e+00-1.140870153900e-07
     1.034209726940e+00 2.497812500000e+02-2.723138302230e+00-2.154018294940e-09
     1.528635102360e-10 0.000000000000e+00 7.490000000000e+02 0.000000000000e+00
     2.000000000000e+00 0.000000000000e+00 9.999999939230e-09-9.000000000000e-10
     3.888000000000e+05 0.000000000000e+00                                      
C08 2020 05 14 13 00 00-2.521962160240e-04-2.085798200820e-11 0.000000000000e+00
     1.000000000000e+00-1.158281250000e+02 8.771793951860e-10-1.367234569090e+00
    -4.085712134840e-06 4.547601216470e-03 5.043111741540e-07 6.493524814610e+03
     3.924000000000e+05 1.066364347930e-07-2.902566238940e+00-7.543712854390e-08
     1.034210146800e+00 2.532187500000e+02-2.722570956270e+00-2.176162074460e-09
     1.310768884500e-10 0.000000000000e+00 7.490000000000e+02 0.000000000000e+00
     2.000000000000e+00 0.000000000000e+00 9.999999939230e-09-9.000000000000e-10
     3.926400000000e+05 0.000000000000e+00                                      
C08 2020 05 14 14 00 00-2.522707218300e-04-2.078515137780e-11 0.000000000000e+00
     1.000000000000e+00-9.848437500000e+01 9.371818945310e-10-1.105051747050e+00
    -3.675930202010e-06 4.546674201260e-03 6.738118827340e-07 6.493520647050e+03
     3.960000000000e+05 1.173466444020e-07-2.902573832950e+00-1.350417733190e-08
     1.034210432070e+00 2.459843750000e+02-2.722250672300e+00-2.201163115850e-09
     1.167905790820e-10 0.000000000000e+00 7.490000000000e+02 0.000000000000e+00
     2.000000000000e+00 0.000000000000e+00 9.999999939230e-09-9.000000000000e-10
     3.960000000000e+05 0.000000000000e+00                                      
C08 2020 05 14 15 00 00-2.523465082050e-04-2.090150275080e-11 0.000000000000e+00
     1.000000000000e+00-9.634375000000e+01 9.778978762290e-10-8.425907233430e-01
    -3.717374056580e-06 4.546480369750e-03 5.955807864670e-07 6.493519987110e+03
     3.996000000000e+05 6.705522537230e-08-2.902581620060e+00 1.024454832080e-08
     1.034210652970e+00 2.437500000000e+02-2.722207598140e+00-2.224378368570e-09
     1.142904749430e-10 0.000000000000e+00 7.490000000000e+02 0.000000000000e+00
     2.000000000000e+00 0.000000000000e+00 9.999999939230e-09-9.000000000000e-10
     3.996000000000e+05 0.000000000000e+00                                      
C08 2020 05 14 16 00 00-2.524222945790e-04-2.097255702440e-11 0.000000000000e+00
     1.000000000000e+00-9.696875000000e+01 1.073258991260e-09-5.800086899760e-01
    -3.748107701540e-06 4.547194344920e-03 1.750886440280e-07 6.493521909710e+03
     4.032000000000e+05-2.863816916940e-07-2.902589240400e+00 7.357448339460e-08
     1.034209425580e+00 2.523281250000e+02-2.722285276170e+00-2.396171238720e-09
     1.060758470560e-10 0.000000000000e+00 7.490000000000e+02 0.000000000000e+00
     2.000000000000e+00 0.000000000000e+00 9.999999939230e-09-9.000000000000e-10
     4.032000000000e+05 0.000000000000e+00                                      
C08 2020 05 14 17 00 00-2.524987794460e-04-2.109157293260e-11 0.000000000000e+00
     1.000000000000e+00-9.120312500000e+01 9.925413433310e-10-3.174501686280e-01
    -3.475695848460e-06 4.548425669780e-03-3.986060619350e-07 6.493524971010e+03
     4.068000000000e+05 1.862645149230e-08-2.902597628770e+00 2.919696271420e-07
     1.034211526330e+00 2.643125000000e+02-2.722339199330e+00-2.219021002560e-09
     7.357449324440e-11 0.000000000000e+00 7.490000000000e+02 0.000000000000e+00
     2.000000000000e+00 0.000000000000e+00 9.999999939230e-09-9.000000000000e-10
     4.068000000000e+05 0.000000000000e+00                                      
C08 2020 05 14 18 00 00-2.525737509130e-04-2.097344520280e-11 0.000000000000e+00
     1.000000000000e+00-8.565625000000e+01 1.095045613050e-09-5.495102127350e-02
    -3.088731318710e-06 4.549080389550e-03-6.775371730330e-07 6.493526561740e+03
     4.104000000000e+05-1.210719347000e-08-2.902606382880e+00-7.078051567080e-08
     1.034210328200e+00 2.686562500000e+02-2.722334038150e+00-2.372955986000e-09
     1.450060400840e-10 0.000000000000e+00 7.490000000000e+02 0.000000000000e+00
     2.000000000000e+00 0.000000000000e+00 9.999999939230e-09-9.000000000000e-10
     4.104000000000e+05 0.000000000000e+00                                      
C08 2020 05 14 19 00 00-2.526500029490e-04-2.107114482900e-11 0.000000000000e+00
     1.000000000000e+00-9.267187500000e+01 1.125046862720e-09 2.076026446490e-01
    -3.129709512000e-06 4.548483062540e-03-6.854534149170e-07 6.493525022510e+03
     4.140000000000e+05-3.678724169730e-08-2.902614842930e+00-5.494803190230e-08
     1.034210938240e+00 2.685625000000e+02-2.722383841730e+00-2.363669884910e-09
     1.360770967290e-10 0.000000000000e+00 7.490000000000e+02 0.000000000000e+00
     2.000000000000e+00 0.000000000000e+00 9.999999939230e-09-9.000000000000e-10
     4.140000000000e+05 0.000000000000e+00                                      
C08 2020 05 14 20 00 00-2.527247415860e-04-2.091837814080e-11 0.000000000000e+00
     1.000000000000e+00-1.077500000000e+02 1.176120418710e-09 4.702999032960e-01
    -3.446824848650e-06 4.547199001540e-03-8.484348654750e-07 6.493521257400e+03
     4.176000000000e+05-1.024454832080e-08-2.902623446350e+00-5.448237061500e-08
     1.034211368330e+00 2.762500000000e+02-2.722576989350e+00-2.370098724130e-09
     1.453631978180e-10 0.000000000000e+00 7.490000000000e+02 0.000000000000e+00
     2.000000000000e+00 0.000000000000e+00 9.999999939230e-09-9.000000000000e-10
     4.176600000000e+05 0.000000000000e+00                                      
C08 2020 05 14 21 00 00-2.528000622990e-04-2.091837814080e-11 0.000000000000e+00
     2.000000000000e+00-1.165000000000e+02 1.225051028290e-09 7.330443469020e-01
    -3.632623702290e-06 4.546250449490e-03-1.124572008850e-06 6.493517766950e+03
     4.212000000000e+05 3.539025783540e-08-2.902632218010e+00-1.443549990650e-08
     1.034211804280e+00 2.893437500000e+02-2.722816562660e+00-2.378313352010e-09
     1.692927660090e-10 0.000000000000e+00 7.490000000000e+02 0.000000000000e+00
     2.000000000000e+00 0.000000000000e+00 9.999999939230e-09-9.000000000000e-10
     4.212000000000e+05 1.000000000000e+00                                      
C08 2020 05 14 22 00 00-2.528735203670e-04-2.088373918240e-11-4.743384504620e-19
     3.000000000000e+00-1.170312500000e+02 1.244337545940e-09 9.956116750170e-01
    -3.641471266750e-06 4.546096781270e-03-1.133419573310e-06 6.493516998290e+03
     4.248000000000e+05 3.911554813390e-08-2.902641111090e+00 6.565824151040e-08
     1.034212351420e+00 2.928750000000e+02-2.722878163220e+00-2.379027667480e-09
     2.017941198210e-10 0.000000000000e+00 7.490000000000e+02 0.000000000000e+00
     2.000000000000e+00 0.000000000000e+00 9.999999939230e-09-9.000000000000e-10
     4.248000000000e+05 2.000000000000e+00                                      
C08 2020 05 14 23 00 00-2.529487246650e-04-2.088640371770e-11-4.743384504620e-19
     4.000000000000e+00-1.221875000000e+02 1.224693870560e-09 1.257903600030e+00
    -3.806315362450e-06 4.546264302920e-03-8.256174623970e-07 6.493519380570e+03
     4.284000000000e+05-2.840533852580e-08-2.902650112420e+00 1.401640474800e-07
     1.034213072630e+00 2.834843750000e+02-2.722663913010e+00-2.367598619990e-09
     2.414386283170e-10 0.000000000000e+00 7.490000000000e+02 0.000000000000e+00
     2.000000000000e+00 0.000000000000e+00 9.999999939230e-09-9.000000000000e-10
     4.284000000000e+05 3.000000000000e+00                                      
C09 2020 05 14 00 00 00 5.385736003520e-04 2.614619631910e-11 0.000000000000e+00
     1.000000000000e+00 3.860937500000e+01 1.341484449640e-09-1.503994304180e+00
     9.704381227490e-07 7.160799577830e-03 1.595402136450e-05 6.493715753560e+03
     3.456000000000e+05 1.387670636180e-07-7.418694982310e-01 5.913898348810e-08
     9.497972047400e-01-2.475000000000e+02-2.335083643120e+00-1.807932450500e-09
     3.910877189450e-10 0.000000000000e+00 7.490000000000e+02 0.000000000000e+00
     2.000000000000e+00 0.000000000000e+00 6.700000110270e-09 3.300000000000e-09
     3.456000000000e+05 0.000000000000e+00                                      
C09 2020 05 14 01 00 00 5.386677803470e-04 2.615152538970e-11 0.000000000000e+00
     1.000000000000e+00 4.692187500000e+01 1.398629687110e-09-1.241662851120e+00
     1.168344169860e-06 7.160328328610e-03 1.617847010490e-05 6.493712884900e+03
     3.492000000000e+05 8.568167686460e-08-7.418757390390e-01 1.336447894570e-07
     9.497982507270e-01-2.568593750000e+02-2.334933395580e+00-1.851862851810e-09
     3.796586714500e-10 0.000000000000e+00 7.490000000000e+02 0.000000000000e+00
     2.000000000000e+00 0.000000000000e+00 6.700000110270e-09 3.300000000000e-09
     3.492000000000e+05 0.000000000000e+00                                      
C09 2020 05 14 02 00 00 5.387618439270e-04 2.614441996230e-11 0.000000000000e+00
     1.000000000000e+00 4.740625000000e+01 1.434702618270e-09-9.791553636710e-01
     1.162290573120e-06 7.160524837670e-03 1.596380025150e-05 6.493713510510e+03
     3.528000000000e+05 4.190951585770e-09-7.418823060790e-01 1.303851604460e-07
     9.497992572140e-01-2.537812500000e+02-2.334958304680e+00-1.891864518040e-09
     3.803729869190e-10 0.000000000000e+00 7.490000000000e+02 0.000000000000e+00
     2.000000000000e+00 0.000000000000e+00 6.700000110270e-09 3.300000000000e-09
     3.528000000000e+05 0.000000000000e+00                                      
C09 2020 05 14 03 00 00 5.388559075070e-04 2.613553817810e-11 0.000000000000e+00
     1.000000000000e+00 5.643750000000e+01 1.425059359440e-09-7.165106647450e-01
     1.483596861360e-06 7.162220892500e-03 1.523131504650e-05 6.493718492510e+03
     3.564000000000e+05-9.313225746150e-09-7.418891305920e-01 9.033828973770e-08
     9.498004699730e-01-2.333750000000e+02-2.335120058070e+00-1.907579458340e-09
     3.864446684000e-10 0.000000000000e+00 7.490000000000e+02 0.000000000000e+00
     2.000000000000e+00 0.000000000000e+00 6.700000110270e-09 3.300000000000e-09
     3.566700000000e+05 0.000000000000e+00                                      
C09 2020 05 14 04 00 00 5.389498546720e-04 2.611155736076e-11 0.000000000000e+00
     1.000000000000e+00 7.387500000000e+01 1.412916006416e-09-4.539399221798e-01
     2.143438905478e-06 7.164076436311e-03 1.475680619478e-05 6.493723249435e+03
     3.600000000000e+05 7.450580596924e-09-7.418959843628e-01 8.707866072655e-08
     9.498018582827e-01-2.211093750000e+02-2.335208516339e+00-1.906508062532e-09
     3.882304477898e-10 0.000000000000e+00 7.490000000000e+02 0.000000000000e+00
     2.000000000000e+00 0.000000000000e+00 6.700000110271e-09 3.300000050999e-09
     3.600000000000e+05 0.000000000000e+00                                      
C09 2020 05 14 05 00 00 5.390431033447e-04 2.600675230724e-11 0.000000000000e+00
     1.000000000000e+00 9.378125000000e+01 1.393272275330e-09-1.914438571937e-01
     2.861488610506e-06 7.165909628384e-03 1.469906419516e-05 6.493727718353e+03
     3.636000000000e+05 1.396983861923e-09-7.419027942465e-01 1.015141606331e-07
     9.498032992570e-01-2.198750000000e+02-2.335222931934e+00-1.900079205086e-09
     3.843017293281e-10 0.000000000000e+00 7.490000000000e+02 0.000000000000e+00
     2.000000000000e+00 0.000000000000e+00 6.700000110271e-09 3.300000050999e-09
     3.636000000000e+05 0.000000000000e+00                                      
C09 2020 05 14 06 00 00 5.391361191869e-04 2.593569803366e-11 0.000000000000e+00
     1.000000000000e+00 9.103125000000e+01 1.417201911380e-09 7.104159139601e-02
     2.940651029348e-06 7.165656657889e-03 1.474190503359e-05 6.493727092743e+03
     3.672000000000e+05-2.561137080193e-08-7.419095309842e-01 1.033768057823e-07
     9.498047504717e-01-2.190156250000e+02-2.335227746398e+00-1.892936030146e-09
     3.746584709141e-10 0.000000000000e+00 7.490000000000e+02 0.000000000000e+00
     2.000000000000e+00 0.000000000000e+00 6.700000110271e-09 3.300000050999e-09
     3.672000000000e+05 0.000000000000e+00                                      
C09 2020 05 14 07 00 00 5.392294842750e-04 2.593569803366e-11 0.000000000000e+00
     2.000000000000e+00 9.354687500000e+01 1.413630323910e-09 3.334944461709e-01
     3.045424818993e-06 7.166045950726e-03 1.489976420999e-05 6.493728162766e+03
     3.708000000000e+05-4.982575774193e-08-7.419162179827e-01 8.381903171539e-08
     9.498061460956e-01-2.229531250000e+02-2.335199684703e+00-1.888292855412e-09
     3.625151012709e-10 0.000000000000e+00 7.490000000000e+02 0.000000000000e+00
     2.000000000000e+00 0.000000000000e+00 6.700000110271e-09 3.300000050999e-09
     3.708000000000e+05 1.000000000000e+00                                      
C09 2020 05 14 08 00 00 5.393254105000e-04 2.612221550180e-11 1.084202172490e-19
     3.000000000000e+00 9.387500000000e+01 1.396843898440e-09 5.958886115980e-01
     3.058463335040e-06 7.166720344690e-03 1.519592478870e-05 6.493730388640e+03
     3.744000000000e+05-5.355104804040e-08-7.419229283880e-01 6.426125764850e-08
     9.498074656480e-01-2.328437500000e+02-2.335112945360e+00-1.887578625230e-09
     3.543004723230e-10 0.000000000000e+00 7.490000000000e+02 0.000000000000e+00
     2.000000000000e+00 0.000000000000e+00 6.700000110270e-09 3.300000000000e-09
     3.749100000000e+05 2.000000000000e+00                                      
C09 2020 05 14 09 00 00 5.394194740800e-04 2.612310368020e-11 1.084202172490e-19
     4.000000000000e+00 8.357812500000e+01 1.352199181670e-09 8.581279256840e-01
     2.776272594930e-06 7.167830364780e-03 1.574587076900e-05 6.493735372540e+03
     3.780000000000e+05-6.379559636120e-08-7.419297689930e-01 6.705522537230e-08
     9.498087354610e-01-2.526093750000e+02-2.334871397110e+00-1.885435678820e-09
     3.578720496640e-10 0.000000000000e+00 7.490000000000e+02 0.000000000000e+00
     2.000000000000e+00 0.000000000000e+00 6.700000110270e-09 3.300000000000e-09
     3.781500000000e+05 3.000000000000e+00                                      
C09 2020 05 14 10 00 00 5.395135376600e-04 2.612399185860e-11 1.084202172490e-19
     5.000000000000e+00 5.276562500000e+01 1.270767218270e-09 1.120160149090e+00
     1.948792487380e-06 7.168868440200e-03 1.628510653970e-05 6.493743530270e+03
     3.816000000000e+05-1.024454832080e-07-7.419367500380e-01 5.820766091350e-08
     9.498100506240e-01-2.724843750000e+02-2.334423205820e+00-1.874720946800e-09
     3.707297280960e-10 0.000000000000e+00 7.490000000000e+02 0.000000000000e+00
     2.000000000000e+00 0.000000000000e+00 6.700000110270e-09 3.300000000000e-09
     3.816000000000e+05 4.000000000000e+00                                      
C09 2020 05 14 11 00 00 5.396076012400e-04 2.612488003710e-11 1.084202172490e-19
     6.000000000000e+00 2.748437500000e+01 1.211479034390e-09 1.382315816440e+00
     1.241918653250e-06 7.168999873100e-03 1.632981002330e-05 6.493749120710e+03
     3.852000000000e+05-1.331791281700e-07-7.419437544900e-01 1.396983861920e-08
     9.498114857470e-01-2.740000000000e+02-2.334099930190e+00-1.855434429150e-09
     3.846588797290e-10 0.000000000000e+00 7.490000000000e+02 0.000000000000e+00
     2.000000000000e+00 0.000000000000e+00 6.700000110270e-09 3.300000000000e-09
     3.852000000000e+05 5.000000000000e+00                                      
C09 2020 05 14 12 00 00 5.397015484050e-04 2.608313565130e-11 0.000000000000e+00
     6.000000000000e+00 4.687500000000e+00 1.138261698880e-09 1.644475111830e+00
     6.780028343200e-07 7.168518728580e-03 1.604808494450e-05 6.493754728320e+03
     3.888000000000e+05-1.350417733190e-07-7.419506536110e-01-3.818422555920e-08
     9.498130349770e-01-2.624687500000e+02-2.333781186670e+00-1.833290649630e-09
     3.957307694890e-10 0.000000000000e+00 7.490000000000e+02 0.000000000000e+00
     2.000000000000e+00 0.000000000000e+00 6.700000110270e-09 3.300000000000e-09
     3.888000000000e+05 0.000000000000e+00                                      
C09 2020 05 14 13 00 00 5.397923523560e-04 2.566302725880e-11 0.000000000000e+00
     1.000000000000e+00 2.796875000000e+00 1.103974556400e-09 1.906929170590e+00
     6.924383342270e-07 7.168493117210e-03 1.611514016990e-05 6.493755090710e+03
     3.924000000000e+05-1.117587089540e-07-7.419574035150e-01-9.406358003620e-08
     9.498146822230e-01-2.615000000000e+02-2.333758618230e+00-1.806860977300e-09
     4.046597128440e-10 0.000000000000e+00 7.490000000000e+02 0.000000000000e+00
     2.000000000000e+00 0.000000000000e+00 6.700000110270e-09 3.300000000000e-09
     3.924000000000e+05 0.000000000000e+00                                      
C09 2020 05 14 14 00 00 5.398865323510e-04 2.591704628680e-11 0.000000000000e+00
     1.000000000000e+00 3.703125000000e+00 1.092902666640e-09 2.169564076740e+00
     7.315538823600e-07 7.169521530160e-03 1.676334068180e-05 6.493751413350e+03
     3.960000000000e+05-5.308538675310e-08-7.419639676290e-01-1.350417733190e-07
     9.498164143180e-01-2.781562500000e+02-2.333917331680e+00-1.776502569890e-09
     4.103742365910e-10 0.000000000000e+00 7.490000000000e+02 0.000000000000e+00
     2.000000000000e+00 0.000000000000e+00 6.700000110270e-09 3.300000000000e-09
     3.986100000000e+05 0.000000000000e+00                                      
C09 2020 05 14 15 00 00 5.399814108390e-04 2.610622829020e-11 0.000000000000e+00
     1.000000000000e+00-7.796875000000e+00 1.086473827420e-09 2.432224810710e+00
     3.022141754630e-07 7.171515142550e-03 1.765880733730e-05 6.493745716090e+03
     3.996000000000e+05 2.607703208920e-08-7.419703035270e-01-1.187436282630e-07
     9.498182151700e-01-3.020000000000e+02-2.334101635950e+00-1.740429638740e-09
     4.085884479200e-10 0.000000000000e+00 7.490000000000e+02 0.000000000000e+00
     2.000000000000e+00 0.000000000000e+00 6.700000110270e-09 3.300000000000e-09
     3.997500000000e+05 0.000000000000e+00                                      
C09 2020 05 14 16 00 00 5.400750087570e-04 2.604405580090e-11 0.000000000000e+00
     1.000000000000e+00-3.320312500000e+01 1.087545300630e-09 2.694826520330e+00
    -6.258487701420e-07 7.174159633000e-03 1.830141991380e-05 6.493739070890e+03
     4.032000000000e+05 5.820766091350e-08-7.419763921920e-01-4.796311259270e-08
     9.498199794490e-01-3.194843750000e+02-2.334226374580e+00-1.706499653990e-09
     3.975165581600e-10 0.000000000000e+00 7.490000000000e+02 0.000000000000e+00
     2.000000000000e+00 0.000000000000e+00 6.700000110270e-09 3.300000000000e-09
     4.032000000000e+05 0.000000000000e+00                                      
C09 2020 05 14 17 00 00 5.401686066760e-04 2.602984494620e-11 0.000000000000e+00
     1.000000000000e+00-4.690625000000e+01 1.067544467510e-09 2.957316514210e+00
    -1.267064362760e-06 7.175395265220e-03 1.836055889730e-05 6.493736131670e+03
     4.068000000000e+05 3.678724169730e-08-7.419823813790e-01-8.847564458850e-09
     9.498215506230e-01-3.206875000000e+02-2.334238314920e+00-1.689713240480e-09
     3.860875106660e-10 0.000000000000e+00 7.490000000000e+02 0.000000000000e+00
     2.000000000000e+00 0.000000000000e+00 6.700000110270e-09 3.300000000000e-09
     4.068000000000e+05 0.000000000000e+00                                      
C09 2020 05 14 18 00 00 5.402637179940e-04 2.620126338120e-11 0.000000000000e+00
     1.000000000000e+00-5.020312500000e+01 1.057544050950e-09-3.063394989210e+00
    -1.467298716310e-06 7.175688748250e-03 1.828465610740e-05 6.493735443120e+03
     4.104000000000e+05 3.678724169730e-08-7.419884612660e-01-7.916241884230e-09
     9.498229433210e-01-3.196250000000e+02-2.334233541420e+00-1.689356082750e-09
     3.860875106660e-10 0.000000000000e+00 7.490000000000e+02 0.000000000000e+00
     2.000000000000e+00 0.000000000000e+00 6.700000110270e-09 3.300000000000e-09
     4.104000000000e+05 0.000000000000e+00                                      
C09 2020 05 14 19 00 00 5.403571994980e-04 2.609557014920e-11 0.000000000000e+00
     1.000000000000e+00-3.764062500000e+01 1.014327965120e-09-2.800789593040e+00
    -1.130159944300e-06 7.173879421320e-03 1.878011971710e-05 6.493740282060e+03
     4.140000000000e+05 5.029141902920e-08-7.419946157630e-01 4.190951585770e-09
     9.498243096860e-01-3.378125000000e+02-2.334359919990e+00-1.691856186890e-09
     3.932306653500e-10 0.000000000000e+00 7.490000000000e+02 0.000000000000e+00
     2.000000000000e+00 0.000000000000e+00 6.700000110270e-09 3.300000000000e-09
     4.140000000000e+05 0.000000000000e+00                                      
C09 2020 05 14 20 00 00 5.404521944000e-04 2.623412598270e-11 0.000000000000e+00
     1.000000000000e+00-3.478125000000e+01 9.861125041150e-10-2.538112791840e+00
    -1.043546944860e-06 7.172214449380e-03 1.957174390550e-05 6.493745529170e+03
     4.176000000000e+05 5.168840289120e-08-7.420007161310e-01 7.916241884230e-09
     9.498257287170e-01-3.615937500000e+02-2.334558556470e+00-1.692213344620e-09
     3.943021385520e-10 0.000000000000e+00 7.490000000000e+02 0.000000000000e+00
     2.000000000000e+00 0.000000000000e+00 6.700000110270e-09 3.300000000000e-09
     4.176000000000e+05 0.000000000000e+00                                      
C09 2020 05 14 21 00 00 5.405461415650e-04 2.616751260120e-11 0.000000000000e+00
     1.000000000000e+00-4.310937500000e+01 9.657545132660e-10-2.275403197870e+00
    -1.342035830020e-06 7.171049597670e-03 2.027768641710e-05 6.493750410080e+03
     4.212000000000e+05 6.798654794690e-08-7.420067257980e-01 4.656612873080e-10
     9.498271550620e-01-3.821093750000e+02-2.334790834210e+00-1.695070606490e-09
     3.882304570710e-10 0.000000000000e+00 7.490000000000e+02 0.000000000000e+00
     2.000000000000e+00 0.000000000000e+00 6.700000110270e-09 3.300000000000e-09
     4.212000000000e+05 0.000000000000e+00                                      
C09 2020 05 14 22 00 00 5.406405543910e-04 2.618527616960e-11 0.000000000000e+00
     1.000000000000e+00-4.250000000000e+01 9.846838731790e-10-2.012930217730e+00
    -1.421663910150e-06 7.171029574240e-03 2.035405486820e-05 6.493750375750e+03
     4.248000000000e+05 8.614733815190e-08-7.420127398550e-01 4.656612873080e-09
     9.498285419080e-01-3.823906250000e+02-2.334787475350e+00-1.700070814770e-09
     3.825159333240e-10 0.000000000000e+00 7.490000000000e+02 0.000000000000e+00
     2.000000000000e+00 0.000000000000e+00 6.700000110270e-09 3.300000000000e-09
     4.248000000000e+05 0.000000000000e+00                                      
C09 2020 05 14 23 00 00 5.407340358940e-04 2.608668836500e-11 0.000000000000e+00
     1.000000000000e+00-1.885937500000e+01 1.037900375570e-09-1.750756335580e+00
    -7.948838174340e-07 7.171158795240e-03 2.030096948150e-05 6.493745161060e+03
     4.284000000000e+05 1.075677573680e-07-7.420187670770e-01 1.257285475730e-08
     9.498298790160e-01-3.803437500000e+02-2.334485268660e+00-1.706142496250e-09
     3.757299363740e-10 0.000000000000e+00 7.490000000000e+02 0.000000000000e+00
     2.000000000000e+00 0.000000000000e+00 6.700000110270e-09 3.300000000000e-09
     4.284000000000e+05 0.000000000000e+00                                      
C10 2020 05 14 00 00 00-9.363346034660e-04 1.046185360560e-11 0.000000000000e+00
     1.000000000000e+00 3.253437500000e+02 1.025042697140e-09 3.115765714110e+00
     1.047831028700e-05 6.380187114700e-03 1.443549990650e-05 6.493640439990e+03
     3.456000000000e+05 1.350417733190e-08 1.222742122610e+00-1.238659024240e-07
     9.009071423070e-01-2.174218750000e+02-2.614628984030e+00-1.957938698860e-09
    -5.643092200300e-10 0.000000000000e+00 7.490000000000e+02 0.000000000000e+00
     2.000000000000e+00 0.000000000000e+00 5.299999994430e-09 2.500000000000e-09
     3.456000000000e+05 0.000000000000e+00                                      
C10 2020 05 14 01 00 00-9.362944401800e-04 1.079225597780e-11 0.000000000000e+00
     1.000000000000e+00 3.124687500000e+02 1.022899750740e-09-2.905006007400e+00
     9.956769645210e-06 6.381303071980e-03 1.429859548810e-05 6.493637546540e+03
     3.492000000000e+05-1.164153218270e-08 1.222735167900e+00-1.154839992520e-07
     9.009051907740e-01-2.133750000000e+02-2.614552872790e+00-1.950081228710e-09
    -5.728810056510e-10 0.000000000000e+00 7.490000000000e+02 0.000000000000e+00
     2.000000000000e+00 0.000000000000e+00 5.299999994430e-09 2.500000000000e-09
     3.492000000000e+05 0.000000000000e+00                                      
C10 2020 05 14 02 00 00-9.362571872770e-04 1.058086951390e-11 0.000000000000e+00
     1.000000000000e+00 2.757187500000e+02 1.091831193440e-09-2.642915726630e+00
     8.795410394670e-06 6.384903215800e-03 1.329509541390e-05 6.493627012250e+03
     3.528000000000e+05-6.519258022310e-09 1.222728128330e+00-1.285225152970e-07
     9.009031339120e-01-1.816406250000e+02-2.614153488840e+00-1.952581332850e-09
    -5.728810056510e-10 0.000000000000e+00 7.490000000000e+02 0.000000000000e+00
     2.000000000000e+00 0.000000000000e+00 5.299999994430e-09 2.500000000000e-09
     3.528000000000e+05 0.000000000000e+00                                      
C10 2020 05 14 03 00 00-9.362185373900e-04 1.067057553430e-11 0.000000000000e+00
     1.000000000000e+00 2.566406250000e+02 1.177549049640e-09-2.381026810680e+00
     8.213799446820e-06 6.388151785360e-03 1.170067116620e-05 6.493614973070e+03
     3.564000000000e+05 1.676380634310e-08 1.222720951260e+00-1.033768057820e-07
     9.009010448650e-01-1.297656250000e+02-2.613551187910e+00-1.956867225660e-09
    -5.593090117510e-10 0.000000000000e+00 7.490000000000e+02 0.000000000000e+00
     2.000000000000e+00 0.000000000000e+00 5.299999994430e-09 2.500000000000e-09
     3.564000000000e+05 0.000000000000e+00                                      
C10 2020 05 14 04 00 00-9.361804695800e-04 1.062350207800e-11 0.000000000000e+00
     1.000000000000e+00 2.624843750000e+02 1.247551965550e-09-2.119046819310e+00
     8.386559784410e-06 6.389742018650e-03 1.056957989930e-05 6.493606241230e+03
     3.600000000000e+05 2.793967723850e-09 1.222713630820e+00-4.423782229420e-08
     9.008990070200e-01-9.025000000000e+01-2.613037863130e+00-1.954009963790e-09
    -5.350222858260e-10 0.000000000000e+00 7.490000000000e+02 0.000000000000e+00
     2.000000000000e+00 0.000000000000e+00 5.299999994430e-09 2.500000000000e-09
     3.600000000000e+05 0.000000000000e+00                                      
C10 2020 05 14 05 00 00-9.361421689390e-04 1.063860111120e-11 0.000000000000e+00
     1.000000000000e+00 2.631093750000e+02 1.274695953350e-09-1.856583627550e+00
     8.353032171730e-06 6.389828282410e-03 1.056259498000e-05 6.493605730060e+03
     3.636000000000e+05 8.940696716310e-08 1.222707060850e+00-7.683411240580e-08
     9.008970613390e-01-8.770312500000e+01-2.613006366500e+00-1.972939323700e-09
    -5.689522705740e-10 0.000000000000e+00 7.490000000000e+02 0.000000000000e+00
     2.000000000000e+00 0.000000000000e+00 5.299999994430e-09 2.500000000000e-09
     3.636000000000e+05 0.000000000000e+00                                      
C10 2020 05 14 06 00 00-9.361046832050e-04 1.052136155980e-11 0.000000000000e+00
     1.000000000000e+00 2.346562500000e+02 1.263981221320e-09-1.593656651270e+00
     7.375609129670e-06 6.390075315720e-03 1.090485602620e-05 6.493612403870e+03
     3.672000000000e+05 1.741573214530e-07 1.222700470410e+00-2.328306436540e-08
     9.008948903680e-01-9.775000000000e+01-2.613438132140e+00-2.006154992980e-09
    -5.989535202470e-10 0.000000000000e+00 7.490000000000e+02 0.000000000000e+00
     2.000000000000e+00 0.000000000000e+00 5.299999994430e-09 2.500000000000e-09
     3.672000000000e+05 0.000000000000e+00                                      
C10 2020 05 14 07 00 00-9.360656840730e-04 1.066435828530e-11 0.000000000000e+00
     1.000000000000e+00 1.883906250000e+02 1.236480075790e-09-1.330525951940e+00
     5.782581865790e-06 6.391541799530e-03 1.061847433450e-05 6.493622840880e+03
     3.708000000000e+05 1.471489667890e-07 1.222693609320e+00 6.612390279770e-08
     9.008925570140e-01-8.965625000000e+01-2.614074185520e+00-2.039370662260e-09
    -6.089539368040e-10 0.000000000000e+00 7.490000000000e+02 0.000000000000e+00
     2.000000000000e+00 0.000000000000e+00 5.299999994430e-09 2.500000000000e-09
     3.708000000000e+05 0.000000000000e+00                                      
C10 2020 05 14 08 00 00-9.360281983390e-04 1.054445419870e-11 0.000000000000e+00
     1.000000000000e+00 1.543281250000e+02 1.229694078840e-09-1.067507844640e+00
     4.561617970470e-06 6.393861724060e-03 9.593088179830e-06 6.493632717130e+03
     3.744000000000e+05 5.448237061500e-08 1.222686622420e+00 1.336447894570e-07
     9.008900173880e-01-6.148437500000e+01-2.614599081990e+00-2.087229798640e-09
    -6.153827760200e-10 0.000000000000e+00 7.490000000000e+02 0.000000000000e+00
     2.000000000000e+00 0.000000000000e+00 5.299999994430e-09 2.500000000000e-09
     3.744000000000e+05 0.000000000000e+00                                      
C10 2020 05 14 09 00 00-9.359912946820e-04 1.041389197100e-11 0.000000000000e+00
     1.000000000000e+00 1.444687500000e+02 1.244337545940e-09-8.047598183450e-01
     4.184897989030e-06 6.395759177390e-03 8.582603186370e-06 6.493638786320e+03
     3.780000000000e+05-3.166496753690e-08 1.222679253700e+00 1.257285475730e-07
     9.008874792250e-01-3.612500000000e+01-2.614855247720e+00-2.125088518470e-09
    -6.139541450830e-10 0.000000000000e+00 7.490000000000e+02 0.000000000000e+00
     2.000000000000e+00 0.000000000000e+00 5.299999994430e-09 2.500000000000e-09
     3.792300000000e+05 0.000000000000e+00                                      
C10 2020 05 14 10 00 00-9.359541581944e-04 1.038547026155e-11 0.000000000000e+00
     1.000000000000e+00 1.445000000000e+02 1.293982476724e-09-5.422547213028e-01
     4.230067133904e-06 6.395902833901e-03 8.299015462399e-06 6.493639177322e+03
     3.816000000000e+05-9.126961231232e-08 1.222671614346e+00 8.661299943924e-08
     9.008849542287e-01-3.406250000000e+01-2.614869402915e+00-2.160089884740e-09
    -6.082396253326e-10 0.000000000000e+00 7.490000000000e+02 0.000000000000e+00
     2.000000000000e+00 0.000000000000e+00 5.299999994435e-09 2.499999984806e-09
     3.816000000000e+05 0.000000000000e+00                                      
C10 2020 05 14 11 00 00-9.359173709527e-04 1.030819873904e-11 0.000000000000e+00
     1.000000000000e+00 1.307812500000e+02 1.372914337772e-09-2.798085842478e-01
     3.934372216463e-06 6.394026102498e-03 8.614733815193e-06 6.493634548187e+03
     3.852000000000e+05-1.196749508381e-07 1.222663723366e+00 2.188608050346e-08
     9.008824541017e-01-4.900000000000e+01-2.614824715156e+00-2.194377124454e-09
    -5.975248629220e-10 0.000000000000e+00 7.490000000000e+02 0.000000000000e+00
     2.000000000000e+00 0.000000000000e+00 5.299999994435e-09 2.499999984806e-09
     3.852000000000e+05 0.000000000000e+00                                      
C10 2020 05 14 12 00 00-9.358789538965e-04 1.047251174668e-11 0.000000000000e+00
     1.000000000000e+00 9.626562500000e+01 1.470418342642e-09-1.726563420011e-02
     3.035645931959e-06 6.390641094185e-03 8.915551006794e-06 6.493626260757e+03
     3.888000000000e+05-9.639188647270e-08 1.222655631966e+00-3.911554813385e-08
     9.008800636936e-01-6.070312500000e+01-2.614876122098e+00-2.221521189227e-09
    -5.814527748171e-10 0.000000000000e+00 7.490000000000e+02 0.000000000000e+00
     2.000000000000e+00 0.000000000000e+00 5.299999994435e-09 2.499999984806e-09
     3.888000000000e+05 0.000000000000e+00                                      
C10 2020 05 14 13 00 00-9.358415845782e-04 1.044142550199e-11 0.000000000000e+00
     1.000000000000e+00 6.742187500000e+01 1.537921234807e-09 2.453807719512e-01
     2.242159098387e-06 6.388079840690e-03 8.741859346628e-06 6.493619588852e+03
     3.924000000000e+05-5.587935447693e-08 1.222647470346e+00-5.448237061501e-08
     9.008778517614e-01-5.440625000000e+01-2.615029551483e+00-2.235450269339e-09
    -5.675236391944e-10 0.000000000000e+00 7.490000000000e+02 0.000000000000e+00
     2.000000000000e+00 0.000000000000e+00 5.299999994435e-09 2.499999984806e-09
     3.924000000000e+05 0.000000000000e+00                                      
C10 2020 05 14 14 00 00-9.358031675220e-04 1.056488230233e-11 0.000000000000e+00
     1.000000000000e+00 5.496875000000e+01 1.576137109716e-09 5.080123192436e-01
     1.919921487570e-06 6.386834895238e-03 8.462928235531e-06 6.493615896225e+03
     3.960000000000e+05-4.237517714500e-08 1.222639362854e+00-4.842877388000e-08
     9.008757802694e-01-4.359375000000e+01-2.615166899010e+00-2.238307539315e-09
    -5.618090992421e-10 0.000000000000e+00 7.490000000000e+02 0.000000000000e+00
     2.000000000000e+00 0.000000000000e+00 5.299999994435e-09 2.499999984806e-09
     3.960000000000e+05 0.000000000000e+00                                      
C10 2020 05 14 15 00 00-9.357650997120e-04 1.056488230230e-11 0.000000000000e+00
     2.000000000000e+00 5.623437500000e+01 1.569708241790e-09 7.704306403740e-01
     1.971144229170e-06 6.387190544050e-03 8.686911314730e-06 6.493617364880e+03
     3.996000000000e+05-4.656612873080e-08 1.222631381170e+00-6.565824151040e-08
     9.008737789970e-01-5.001562500000e+01-2.615090163100e+00-2.237593204740e-09
    -5.689522705740e-10 0.000000000000e+00 7.490000000000e+02 0.000000000000e+00
     2.000000000000e+00 0.000000000000e+00 5.299999994430e-09 2.500000000000e-09
     4.015800000000e+05 1.000000000000e+00                                      
C10 2020 05 14 16 00 00-9.357250528410e-04 1.061106758020e-11 7.453889935840e-19
     3.000000000000e+00 5.020312500000e+01 1.531135206500e-09 1.032614348940e+00
     1.798849552870e-06 6.388030713420e-03 9.347219020130e-06 6.493622587200e+03
     4.032000000000e+05-2.142041921620e-08 1.222623687690e+00-1.396983861920e-07
     9.008717557820e-01-7.264062500000e+01-2.614778931670e+00-2.241879097550e-09
    -6.007393089180e-10 0.000000000000e+00 7.490000000000e+02 0.000000000000e+00
     2.000000000000e+00 0.000000000000e+00 5.299999994430e-09 2.500000000000e-09
     4.032900000000e+05 2.000000000000e+00                                      
C10 2020 05 14 17 00 00-9.356867522000e-04 1.061639665070e-11 7.453889935840e-19
     4.000000000000e+00 3.190625000000e+01 1.475061442230e-09 1.294737239620e+00
     1.299194991590e-06 6.388372974470e-03 9.861309081320e-06 6.493628370290e+03
     4.068000000000e+05-5.075708031650e-08 1.222615473400e+00-1.396983861920e-07
     9.008695994410e-01-9.129687500000e+01-2.614407309520e+00-2.234735942860e-09
    -5.910960500950e-10 0.000000000000e+00 7.490000000000e+02 0.000000000000e+00
     2.000000000000e+00 0.000000000000e+00 5.299999994430e-09 2.500000000000e-09
     4.068000000000e+05 3.000000000000e+00                                      
C10 2020 05 14 18 00 00-9.356485679750e-04 1.062172572120e-11 7.453889935840e-19
     5.000000000000e+00 2.478125000000e+01 1.463989552470e-09 1.557121243620e+00
     1.145526766780e-06 6.388328969480e-03 9.927898645400e-06 6.493630048750e+03
     4.104000000000e+05-1.024454832080e-08 1.222607668730e+00-1.159496605400e-07
     9.008674036010e-01-9.417187500000e+01-2.614298289940e+00-2.250093725440e-09
    -6.057395171970e-10 0.000000000000e+00 7.490000000000e+02 0.000000000000e+00
     2.000000000000e+00 0.000000000000e+00 5.299999994430e-09 2.500000000000e-09
     4.104000000000e+05 4.000000000000e+00                                      
C10 2020 05 14 19 00 00-9.356111986560e-04 1.136868377220e-11 0.000000000000e+00
     5.000000000000e+00 4.137500000000e+01 1.496490906280e-09 1.819842729650e+00
     1.728534698490e-06 6.388944922950e-03 1.009367406370e-05 6.493626241680e+03
     4.140000000000e+05-4.656612873080e-09 1.222599872840e+00-5.168840289120e-08
     9.008650512280e-01-9.914062500000e+01-2.614527399000e+00-2.277237713230e-09
    -6.189543533620e-10 0.000000000000e+00 7.490000000000e+02 0.000000000000e+00
     2.000000000000e+00 0.000000000000e+00 5.299999994430e-09 2.500000000000e-09
     4.140000000000e+05 0.000000000000e+00                                      
C10 2020 05 14 20 00 00-9.355748770760e-04 1.065281196590e-11 0.000000000000e+00
     1.000000000000e+00 5.910937500000e+01 1.508277111510e-09 2.082623556030e+00
     2.373009920120e-06 6.390347843990e-03 1.073116436600e-05 6.493620695110e+03
     4.176000000000e+05-2.887099981310e-08 1.222591570780e+00-9.918585419650e-08
     9.008629373120e-01-1.170625000000e+02-2.614815116950e+00-2.262951403870e-09
    -6.085967790700e-10 0.000000000000e+00 7.490000000000e+02 0.000000000000e+00
     2.000000000000e+00 0.000000000000e+00 5.299999994430e-09 2.500000000000e-09
     4.176000000000e+05 0.000000000000e+00                                      
C10 2020 05 14 21 00 00-9.355378570040e-04 1.047428810350e-11 0.000000000000e+00
     1.000000000000e+00 6.707812500000e+01 1.520063316740e-09 2.345365105990e+00
     2.637971192600e-06 6.392327952200e-03 1.161126419900e-05 6.493614624020e+03
     4.212000000000e+05 1.909211277960e-08 1.222583299440e+00-1.550652086730e-07
     9.008610296660e-01-1.436250000000e+02-2.615062834330e+00-2.229735734590e-09
    -6.003821511840e-10 0.000000000000e+00 7.490000000000e+02 0.000000000000e+00
     2.000000000000e+00 0.000000000000e+00 5.299999994430e-09 2.500000000000e-09
     4.212600000000e+05 0.000000000000e+00                                      
C10 2020 05 14 22 00 00-9.355006041010e-04 1.039612840260e-11 0.000000000000e+00
     1.000000000000e+00 6.943750000000e+01 1.472204180360e-09 2.607847314210e+00
     2.666842192410e-06 6.391963223000e-03 1.165457069870e-05 6.493615510940e+03
     4.248000000000e+05 8.242204785350e-08 1.222575268020e+00-1.438893377780e-07
     9.008591585940e-01-1.401718750000e+02-2.615049925540e+00-2.197234380770e-09
    -6.018107821200e-10 0.000000000000e+00 7.490000000000e+02 0.000000000000e+00
     2.000000000000e+00 0.000000000000e+00 5.299999994430e-09 2.500000000000e-09
     4.258800000000e+05 0.000000000000e+00                                      
C10 2020 05 14 23 00 00-9.354618377980e-04 1.056132958870e-11 0.000000000000e+00
     1.000000000000e+00 8.521875000000e+01 1.401844106720e-09 2.870295304780e+00
     3.037042915820e-06 6.389902322550e-03 1.127179712060e-05 6.493620483400e+03
     4.284000000000e+05 1.043081283570e-07 1.222567426780e+00-1.080334186550e-07
     9.008571704890e-01-1.236250000000e+02-2.615002930760e+00-2.177233547660e-09
    -6.075253058680e-10 0.000000000000e+00 7.490000000000e+02 0.000000000000e+00
     2.000000000000e+00 0.000000000000e+00 5.299999994430e-09 2.500000000000e-09
     4.284000000000e+05 0.000000000000e+00                                      
C11 2020 05 14 00 00 00-3.629471175370e-04-2.372768648230e-11-6.776263578030e-20
     7.000000000000e+00 3.859375000000e+01 3.440500453510e-09 1.337638465070e+00
     1.928769052030e-06 1.845264574510e-03 3.988854587080e-06 5.282604602810e+03
     3.456000000000e+05-2.421438694000e-08 2.628187677450e+00-3.539025783540e-08
     9.901523778090e-01 2.953125000000e+02-2.071076834330e+00-6.828498720090e-09
     2.267951612150e-10 0.000000000000e+00 7.490000000000e+02 0.000000000000e+00
     2.000000000000e+00 0.000000000000e+00 3.000000026180e-09 1.000000000000e-09
     3.456000000000e+05 5.000000000000e+00                                      
C11 2020 05 14 01 00 00-3.630307037380e-04-2.304911816960e-11 0.000000000000e+00
     8.000000000000e+00 3.529687500000e+01 3.323352716690e-09 1.824821196410e+00
     1.836102455850e-06 1.845138962380e-03 3.885012120010e-06 5.282606004710e+03
     3.492000000000e+05 9.918585419650e-08 2.628162876600e+00-1.131556928160e-07
     9.901537866000e-01 2.996875000000e+02-2.070688265730e+00-6.707065090470e-09
     2.464388365950e-10 0.000000000000e+00 7.490000000000e+02 0.000000000000e+00
     2.000000000000e+00 0.000000000000e+00 3.000000026180e-09 1.000000000000e-09
     3.492000000000e+05 0.000000000000e+00                                      
C11 2020 05 14 02 00 00-3.631181316450e-04-2.377920083060e-11 0.000000000000e+00
     1.000000000000e+00 3.281250000000e+01 3.406927626500e-09 2.312673009420e+00
     1.722946763040e-06 1.845624763520e-03 4.096888005730e-06 5.282604658130e+03
     3.528000000000e+05-1.862645149230e-09 2.628138501450e+00-2.034939825530e-07
     9.901541479400e-01 2.951093750000e+02-2.070969764820e+00-6.820284092210e-09
     2.707255625210e-10 0.000000000000e+00 7.490000000000e+02 0.000000000000e+00
     2.000000000000e+00 0.000000000000e+00 3.000000026180e-09 1.000000000000e-09
     3.528000000000e+05 0.000000000000e+00                                      
C11 2020 05 14 03 00 00-3.632018342610e-04-2.355626804730e-11 0.000000000000e+00
     1.000000000000e+00 2.840625000000e+01 3.302637568110e-09 2.800375803740e+00
     1.400243490930e-06 1.846198923890e-03 4.154630005360e-06 5.282603466030e+03
     3.564000000000e+05-2.142041921620e-08 2.628114891420e+00 5.774199962620e-08
     9.901557425210e-01 2.940781250000e+02-2.071101939470e+00-6.644562486980e-09
     1.828647599080e-10 0.000000000000e+00 7.490000000000e+02 0.000000000000e+00
     2.000000000000e+00 0.000000000000e+00 3.000000026180e-09 1.000000000000e-09
     3.565500000000e+05 0.000000000000e+00                                      
C11 2020 05 14 04 00 00-3.632875159380e-04-2.367972484760e-11 0.000000000000e+00
     1.000000000000e+00 3.400000000000e+01 3.251921169860e-09-2.995134443120e+00
     1.565553247930e-06 1.845020568000e-03 4.386529326440e-06 5.282605773930e+03
     3.600000000000e+05 4.470348358150e-08 2.628090767900e+00-9.313225746150e-10
     9.901564257040e-01 2.871250000000e+02-2.071205808120e+00-6.676706683060e-09
     1.982225424790e-10 0.000000000000e+00 7.490000000000e+02 0.000000000000e+00
     2.000000000000e+00 0.000000000000e+00 3.000000026180e-09 1.000000000000e-09
     3.600000000000e+05 0.000000000000e+00                                      
C11 2020 05 14 05 00 00-3.633730812000e-04-2.370903473550e-11 0.000000000000e+00
     1.000000000000e+00 3.181250000000e+01 3.180846780750e-09-2.507079325460e+00
     1.480802893640e-06 1.843718462620e-03 4.839617758990e-06 5.282608837130e+03
     3.636000000000e+05 3.725290298460e-08 2.628066695580e+00 7.916241884230e-09
     9.901571396080e-01 2.756406250000e+02-2.071690723030e+00-6.674206578920e-09
     2.050085394290e-10 0.000000000000e+00 7.490000000000e+02 0.000000000000e+00
     2.000000000000e+00 0.000000000000e+00 3.000000026180e-09 1.000000000000e-09
     3.650100000000e+05 0.000000000000e+00                                      
C11 2020 05 14 06 00 00-3.634603926910e-04-2.395061926560e-11 0.000000000000e+00
     1.000000000000e+00 2.990625000000e+01 3.147273953740e-09-2.019369554480e+00
     1.477543264630e-06 1.843519508840e-03 4.886649549010e-06 5.282609462740e+03
     3.672000000000e+05 3.073364496230e-08 2.628042651060e+00 7.916241884230e-09
     9.901578915480e-01 2.738906250000e+02-2.071831411870e+00-6.671349317050e-09
     2.089372745050e-10 0.000000000000e+00 7.490000000000e+02 0.000000000000e+00
     2.000000000000e+00 0.000000000000e+00 3.000000026180e-09 1.000000000000e-09
     3.672000000000e+05 0.000000000000e+00                                      
C11 2020 05 14 07 00 00-3.635466564450e-04-2.395061926560e-11 0.000000000000e+00
     2.000000000000e+00 3.620312500000e+01 3.159060158960e-09-1.532392488950e+00
     1.878943294290e-06 1.843476318750e-03 5.182344466450e-06 5.282607324600e+03
     3.708000000000e+05 2.561137080190e-08 2.628018695780e+00 3.073364496230e-08
     9.901585630270e-01 2.691250000000e+02-2.071239655650e+00-6.688850046020e-09
     2.017941198210e-10 0.000000000000e+00 7.490000000000e+02 0.000000000000e+00
     2.000000000000e+00 0.000000000000e+00 3.000000026180e-09 1.000000000000e-09
     3.708000000000e+05 1.000000000000e+00                                      
C11 2020 05 14 08 00 00-3.636293113230e-04-2.369393570230e-11 1.355252715610e-19
     3.000000000000e+00 3.667187500000e+01 3.150488373340e-09-1.045258604450e+00
     1.893844455480e-06 1.843070844190e-03 5.607493221760e-06 5.282605558400e+03
     3.744000000000e+05 4.004687070850e-08 2.627994617610e+00 1.164153218270e-07
     9.901593515400e-01 2.626718750000e+02-2.070803973780e+00-6.676349525330e-09
     1.817932867060e-10 0.000000000000e+00 7.490000000000e+02 0.000000000000e+00
     2.000000000000e+00 0.000000000000e+00 3.000000026180e-09 1.000000000000e-09
     3.744000000000e+05 2.000000000000e+00                                      
C11 2020 05 14 09 00 00-3.637146437540e-04-2.369304752390e-11 1.355252715610e-19
     4.000000000000e+00 3.865625000000e+01 3.186561304500e-09-5.576426167620e-01
     1.940410584210e-06 1.843304140490e-03 5.633570253850e-06 5.282606033330e+03
     3.780000000000e+05 1.355074346070e-07 2.627970179560e+00-5.075708031650e-08
     9.901594978320e-01 2.629375000000e+02-2.070849722150e+00-6.782782530120e-09
     2.600108304950e-10 0.000000000000e+00 7.490000000000e+02 0.000000000000e+00
     2.000000000000e+00 0.000000000000e+00 3.000000026180e-09 1.000000000000e-09
     3.780000000000e+05 3.000000000000e+00                                      
C11 2020 05 14 10 00 00-3.637998597700e-04-2.369215934550e-11 1.355252715610e-19
     5.000000000000e+00 4.448437500000e+01 3.109772391650e-09-7.001007908080e-02
     2.274289727210e-06 1.844136859290e-03 5.743000656370e-06 5.282607679370e+03
     3.816000000000e+05-1.201406121250e-07 2.627946800670e+00-6.984919309620e-09
     9.901608451790e-01 2.611875000000e+02-2.070912946550e+00-6.658491638620e-09
     1.017899542460e-10 0.000000000000e+00 7.490000000000e+02 0.000000000000e+00
     2.000000000000e+00 0.000000000000e+00 3.000000026180e-09 1.000000000000e-09
     3.840300000000e+05 4.000000000000e+00                                      
C11 2020 05 14 11 00 00-3.638851922010e-04-2.369127116710e-11 1.355252715610e-19
     6.000000000000e+00 4.467187500000e+01 3.124415858750e-09 4.176657507350e-01
     2.277083694930e-06 1.843803795050e-03 5.602370947600e-06 5.282606935500e+03
     3.852000000000e+05-9.266659617420e-08 2.627922890740e+00-3.213062882420e-08
     9.901612460190e-01 2.640937500000e+02-2.071019648860e+00-6.666349108770e-09
     8.893227581480e-11 0.000000000000e+00 7.490000000000e+02 0.000000000000e+00
     2.000000000000e+00 0.000000000000e+00 3.000000026180e-09 1.000000000000e-09
     3.852000000000e+05 5.000000000000e+00                                      
C11 2020 05 14 12 00 00-3.639705246310e-04-2.369038298870e-11 1.355252715610e-19
     7.000000000000e+00 5.014062500000e+01 3.192275828240e-09 9.056879893120e-01
     2.478249371050e-06 1.843102741990e-03 5.378387868400e-06 5.282604808810e+03
     3.888000000000e+05-7.450580596920e-09 2.627899266070e+00-7.404014468190e-08
     9.901614596050e-01 2.700156250000e+02-2.071472556600e+00-6.696350358440e-09
     2.464388365950e-11 0.000000000000e+00 7.490000000000e+02 0.000000000000e+00
     2.000000000000e+00 0.000000000000e+00 3.000000026180e-09 1.000000000000e-09
     3.905400000000e+05 6.000000000000e+00                                      
C11 2020 05 14 13 00 00-3.640557406470e-04-2.368949481020e-11 1.355252715610e-19
     8.000000000000e+00 4.857812500000e+01 3.229063074870e-09 1.393117880650e+00
     2.276152372360e-06 1.843099715190e-03 5.305744707580e-06 5.282605316160e+03
     3.924000000000e+05 1.909211277960e-08 2.627875294700e+00-4.097819328310e-08
     9.901614332720e-01 2.710781250000e+02-2.071332138410e+00-6.722065715300e-09
     4.285892810350e-12 0.000000000000e+00 7.490000000000e+02 0.000000000000e+00
     2.000000000000e+00 0.000000000000e+00 3.000000026180e-09 1.000000000000e-09
     3.924000000000e+05 7.000000000000e+00                                      
C11 2020 05 14 14 00 00-3.641410730780e-04-2.368860663180e-11 1.355252715610e-19
     9.000000000000e+00 4.607812500000e+01 3.191561512780e-09 1.880308658040e+00
     2.101063728330e-06 1.842922647480e-03 4.955567419530e-06 5.282606725690e+03
     3.960000000000e+05 1.271255314350e-07 2.627850964910e+00-7.450580596920e-08
     9.901619043320e-01 2.756093750000e+02-2.070952593090e+00-6.629561862150e-09
     1.214336296270e-11 0.000000000000e+00 7.490000000000e+02 0.000000000000e+00
     2.000000000000e+00 0.000000000000e+00 3.000000026180e-09 1.000000000000e-09
     3.960000000000e+05 8.000000000000e+00                                      
C11 2020 05 14 15 00 00-3.642262890930e-04-2.368683027500e-11 1.355252715610e-19
     1.000000000000e+01 4.343750000000e+01 3.344425023010e-09 2.368083047570e+00
     2.119690179820e-06 1.843334175650e-03 4.891306161880e-06 5.282605663300e+03
     3.996000000000e+05-1.257285475730e-08 2.627826807740e+00-1.499429345130e-07
     9.901613177020e-01 2.721562500000e+02-2.071157054910e+00-6.760638750600e-09
     3.071556514090e-11 0.000000000000e+00 7.490000000000e+02 0.000000000000e+00
     2.000000000000e+00 0.000000000000e+00 3.000000026180e-09 1.000000000000e-09
     3.996000000000e+05 9.000000000000e+00                                      
C11 2020 05 14 16 00 00-3.643116215240e-04-2.368594209660e-11 1.355252715610e-19
     1.100000000000e+01 3.650000000000e+01 3.360497121050e-09 2.855813747050e+00
     1.945998519660e-06 1.844211015850e-03 4.904810339210e-06 5.282603883740e+03
     4.032000000000e+05 2.980232238770e-08 2.627802946080e+00 1.769512891770e-08
     9.901616600250e-01 2.715781250000e+02-2.071317327820e+00-6.673135105720e-09
     7.500312418120e-12 0.000000000000e+00 7.490000000000e+02 0.000000000000e+00
     2.000000000000e+00 0.000000000000e+00 3.000000026180e-09 1.000000000000e-09
     4.032000000000e+05 1.000000000000e+01                                      
C11 2020 05 14 17 00 00-3.643968375400e-04-2.368505391810e-11 1.355252715610e-19
     1.200000000000e+01 3.918750000000e+01 3.392641317130e-09-2.939702676240e+00
     2.169515937570e-06 1.843473291960e-03 5.264300853010e-06 5.282605363850e+03
     4.068000000000e+05 9.825453162190e-08 2.627778686510e+00 2.793967723850e-09
     9.901616922090e-01 2.668593750000e+02-2.071414863500e+00-6.699921935780e-09
     3.678724662220e-11 0.000000000000e+00 7.490000000000e+02 0.000000000000e+00
     2.000000000000e+00 0.000000000000e+00 3.000000026180e-09 1.000000000000e-09
     4.068000000000e+05 1.100000000000e+01                                      
C11 2020 05 14 18 00 00-3.644821699710e-04-2.368416573970e-11 1.355252715610e-19
     1.300000000000e+01 3.568750000000e+01 3.376212061360e-09-2.451615146170e+00
     1.954380422830e-06 1.842246972960e-03 5.916226655240e-06 5.282608398440e+03
     4.104000000000e+05 5.122274160390e-08 2.627754197260e+00 8.381903171540e-08
     9.901618677590e-01 2.562031250000e+02-2.071931359890e+00-6.685992784150e-09
     1.028614274480e-10 0.000000000000e+00 7.490000000000e+02 0.000000000000e+00
     2.000000000000e+00 0.000000000000e+00 3.000000026180e-09 1.000000000000e-09
     4.104000000000e+05 1.200000000000e+01                                      
C11 2020 05 14 19 00 00-3.645694814620e-04-2.443734103960e-11 0.000000000000e+00
     1.400000000000e+01 3.170312500000e+01 3.356568385970e-09-1.963754956490e+00
     1.669395715000e-06 1.841944060290e-03 6.039161235090e-06 5.282609603880e+03
     4.140000000000e+05-3.119930624960e-08 2.627729801640e+00 5.587935447690e-08
     9.901624090390e-01 2.541718750000e+02-2.072221481420e+00-6.640990909640e-09
     1.532206679700e-10 0.000000000000e+00 7.490000000000e+02 0.000000000000e+00
     2.000000000000e+00 0.000000000000e+00 3.000000026180e-09 1.000000000000e-09
     4.140000000000e+05 0.000000000000e+00                                      
C11 2020 05 14 20 00 00-3.646538825710e-04-2.389199948990e-11 0.000000000000e+00
     1.500000000000e+01 3.682812500000e+01 3.380855111900e-09-1.476719497120e+00
     1.891516149040e-06 1.841833582150e-03 6.267800927160e-06 5.282607673650e+03
     4.176000000000e+05-3.771856427190e-08 2.627705836120e+00 2.747401595120e-08
     9.901630556490e-01 2.489843750000e+02-2.071687352470e+00-6.621704392000e-09
     1.639353999960e-10 0.000000000000e+00 7.490000000000e+02 0.000000000000e+00
     2.000000000000e+00 0.000000000000e+00 3.000000026180e-09 1.000000000000e-09
     4.176000000000e+05 0.000000000000e+00                                      
C11 2020 05 14 21 00 00-3.647399134930e-04-2.389199948990e-11 0.000000000000e+00
     1.600000000000e+01 3.626562500000e+01 3.364068698390e-09-9.896472629180e-01
     1.843087375160e-06 1.841283286920e-03 6.712973117830e-06 5.282605577470e+03
     4.212000000000e+05 1.117587089540e-08 2.627682028590e+00 1.303851604460e-07
     9.901639143810e-01 2.412656250000e+02-2.071189337120e+00-6.568130731870e-09
     1.396486740710e-10 0.000000000000e+00 7.490000000000e+02 0.000000000000e+00
     2.000000000000e+00 0.000000000000e+00 3.000000026180e-09 1.000000000000e-09
     4.212000000000e+05 1.000000000000e+00                                      
C11 2020 05 14 22 00 00-3.648236161100e-04-2.368771845340e-11 9.486769009250e-20
     1.700000000000e+01 3.851562500000e+01 3.436928876170e-09-5.020395436420e-01
     1.826789230110e-06 1.841540564780e-03 6.778165698050e-06 5.282606077190e+03
     4.248000000000e+05 1.019798219200e-07 2.627657511550e+00-1.527369022370e-07
     9.901634901350e-01 2.412187500000e+02-2.071225779870e+00-6.775282217700e-09
     2.653681965080e-10 0.000000000000e+00 7.490000000000e+02 0.000000000000e+00
     2.000000000000e+00 0.000000000000e+00 3.000000026180e-09 1.000000000000e-09
     4.248000000000e+05 2.000000000000e+00                                      
C11 2020 05 14 23 00 00-3.649088321250e-04-2.368683027500e-11 9.486769009250e-20
     1.800000000000e+01 4.568750000000e+01 3.343353549810e-09-1.442999718160e-02
     2.074986696240e-06 1.842612284240e-03 6.885267794130e-06 5.282608169560e+03
     4.284000000000e+05-2.747401595120e-08 2.627633680610e+00-1.043081283570e-07
     9.901646019530e-01 2.378750000000e+02-2.071264861730e+00-6.707065090470e-09
     1.903650723270e-10 0.000000000000e+00 7.490000000000e+02 0.000000000000e+00
     2.000000000000e+00 0.000000000000e+00 3.000000026180e-09 1.000000000000e-09
     4.284000000000e+05 3.000000000000e+00                                      
C12 2020 05 14 00 00 00 3.722350811590e-04 8.241407556400e-12 0.000000000000e+00
     7.000000000000e+00 3.626562500000e+01 3.491216851770e-09 2.080982343350e+00
     1.891516149040e-06 9.505827911200e-04 3.994908183810e-06 5.282620706560e+03
     3.456000000000e+05-9.313225746150e-09 2.617245767040e+00-1.634471118450e-07
     9.888775792920e-01 2.984062500000e+02-2.014967998250e+00-6.838499136650e-09
     2.503675716710e-10 0.000000000000e+00 7.490000000000e+02 0.000000000000e+00
     2.000000000000e+00 0.000000000000e+00 2.199999959980e-09-5.000000000000e-10
     3.456000000000e+05 0.000000000000e+00                                      
C12 2020 05 14 01 00 00 3.722733817990e-04 9.619860463770e-12 0.000000000000e+00
     1.000000000000e+00 2.957812500000e+01 3.396570052200e-09 2.569161403820e+00
     1.511070877310e-06 9.514555567880e-04 4.192348569630e-06 5.282618698120e+03
     3.492000000000e+05-9.732320904730e-08 2.617221984380e+00 1.168809831140e-07
     9.888794079390e-01 2.948281250000e+02-2.015580497180e+00-6.635990701360e-09
     1.289339420450e-10 0.000000000000e+00 7.490000000000e+02 0.000000000000e+00
     2.000000000000e+00 0.000000000000e+00 2.199999959980e-09-5.000000000000e-10
     3.492000000000e+05 0.000000000000e+00                                      
C12 2020 05 14 02 00 00 3.723065601660e-04 9.421796676180e-12 0.000000000000e+00
     1.000000000000e+00 3.215625000000e+01 3.379426480960e-09 3.056760000330e+00
     1.429114490750e-06 9.509869851170e-04 4.210509359840e-06 5.282619562150e+03
     3.528000000000e+05 9.033828973770e-08 2.617197293250e+00 6.472691893580e-08
     9.888796098220e-01 2.921562500000e+02-2.015611383770e+00-6.730637500930e-09
     2.400099973800e-10 0.000000000000e+00 7.490000000000e+02 0.000000000000e+00
     2.000000000000e+00 0.000000000000e+00 2.199999959980e-09-5.000000000000e-10
     3.528000000000e+05 0.000000000000e+00                                      
C12 2020 05 14 03 00 00 3.723389236260e-04 9.216627461230e-12 0.000000000000e+00
     1.000000000000e+00 3.379687500000e+01 3.280850946330e-09-2.738176054100e+00
     1.485459506510e-06 9.493619436400e-04 4.642177373170e-06 5.282622945790e+03
     3.564000000000e+05 4.889443516730e-08 2.617173267750e+00 2.468004822730e-08
     9.888804451480e-01 2.793750000000e+02-2.016293908200e+00-6.718851295700e-09
     2.057228548970e-10 0.000000000000e+00 7.490000000000e+02 0.000000000000e+00
     2.000000000000e+00 0.000000000000e+00 2.199999959980e-09-5.000000000000e-10
     3.564900000000e+05 0.000000000000e+00                                      
C12 2020 05 14 04 00 00 3.723721019920e-04 9.216627461230e-12 0.000000000000e+00
     2.000000000000e+00 2.890625000000e+01 3.207990768550e-09-2.249861939960e+00
     1.367181539540e-06 9.486885974180e-04 4.795379936700e-06 5.282624845500e+03
     3.600000000000e+05 1.443549990650e-08 2.617148940880e+00 3.539025783540e-08
     9.888812278100e-01 2.739218750000e+02-2.017042443880e+00-6.705993617270e-09
     2.289381076200e-10 0.000000000000e+00 7.490000000000e+02 0.000000000000e+00
     2.000000000000e+00 0.000000000000e+00 2.199999959980e-09-5.000000000000e-10
     3.615900000000e+05 1.000000000000e+00                                      
C12 2020 05 14 05 00 00 3.724091220650e-04 9.476863738200e-12 2.032879073410e-19
     3.000000000000e+00 3.328125000000e+01 3.182275411690e-09-1.762985296440e+00
     1.722015440460e-06 9.487828938290e-04 4.919245839120e-06 5.282623554230e+03
     3.636000000000e+05 3.259629011150e-09 2.617124725200e+00 1.583248376850e-08
     9.888821187270e-01 2.720781250000e+02-2.016354272590e+00-6.690278676960e-09
     2.396528396460e-10 0.000000000000e+00 7.490000000000e+02 0.000000000000e+00
     2.000000000000e+00 0.000000000000e+00 2.199999959980e-09-5.000000000000e-10
     3.636000000000e+05 2.000000000000e+00                                      
C12 2020 05 14 06 00 00 3.724432317540e-04 9.478640095040e-12 2.032879073410e-19
     4.000000000000e+00 3.631250000000e+01 3.234777598610e-09-1.276557343060e+00
     1.907348632810e-06 9.485023329030e-04 5.389098078010e-06 5.282621368410e+03
     3.672000000000e+05-9.918585419650e-08 2.617100740660e+00 4.889443516730e-08
     9.888825371210e-01 2.646250000000e+02-2.015217137590e+00-6.780282425980e-09
     2.321525272270e-10 0.000000000000e+00 7.490000000000e+02 0.000000000000e+00
     2.000000000000e+00 0.000000000000e+00 2.199999959980e-09-5.000000000000e-10
     3.672000000000e+05 3.000000000000e+00                                      
C12 2020 05 14 07 00 00 3.724773414430e-04 9.480416451880e-12 2.032879073410e-19
     5.000000000000e+00 3.632812500000e+01 3.133344802100e-09-7.890922831700e-01
     1.830514520410e-06 9.484559996050e-04 5.543697625400e-06 5.282621168140e+03
     3.708000000000e+05 5.355104804040e-08 2.617076653710e+00 1.145526766780e-07
     9.888839824840e-01 2.637968750000e+02-2.015116453710e+00-6.650991326200e-09
     2.178662178600e-10 0.000000000000e+00 7.490000000000e+02 0.000000000000e+00
     2.000000000000e+00 0.000000000000e+00 2.199999959980e-09-5.000000000000e-10
     3.739800000000e+05 4.000000000000e+00                                      
C12 2020 05 14 08 00 00 3.725114511330e-04 9.482192808720e-12 2.032879073410e-19
     6.000000000000e+00 4.400000000000e+01 3.127630278360e-09-3.011815920970e-01
     2.230051904920e-06 9.494591504340e-04 5.571171641350e-06 5.282623233800e+03
     3.744000000000e+05-4.842877388000e-08 2.617052593100e+00 9.313225746150e-10
     9.888847812380e-01 2.633906250000e+02-2.015461529750e+00-6.679563944940e-09
     1.903650723270e-10 0.000000000000e+00 7.490000000000e+02 0.000000000000e+00
     2.000000000000e+00 0.000000000000e+00 2.199999959980e-09-5.000000000000e-10
     3.744000000000e+05 5.000000000000e+00                                      
C12 2020 05 14 09 00 00 3.725455608220e-04 9.483080987140e-12 2.032879073410e-19
     7.000000000000e+00 4.487500000000e+01 3.116201230860e-09 1.864255390860e-01
     2.274289727210e-06 9.495315607640e-04 5.570705980060e-06 5.282623357770e+03
     3.780000000000e+05-1.001171767710e-07 2.617028747530e+00-4.190951585770e-09
     9.888854688090e-01 2.634375000000e+02-2.015503857830e+00-6.661348900490e-09
     1.617924535910e-10 0.000000000000e+00 7.490000000000e+02 0.000000000000e+00
     2.000000000000e+00 0.000000000000e+00 2.199999959980e-09-5.000000000000e-10
     3.780000000000e+05 6.000000000000e+00                                      
C12 2020 05 14 10 00 00 3.725797869270e-04 9.484857343980e-12 2.032879073410e-19
     8.000000000000e+00 4.851562500000e+01 3.172274995130e-09 6.747217266280e-01
     2.423301339150e-06 9.486622875560e-04 5.264300853010e-06 5.282621192930e+03
     3.816000000000e+05-3.213062882420e-08 2.617005234050e+00-9.685754776000e-08
     9.888859793670e-01 2.708125000000e+02-2.016235395860e+00-6.682064049070e-09
     7.964617472570e-11 0.000000000000e+00 7.490000000000e+02 0.000000000000e+00
     2.000000000000e+00 0.000000000000e+00 2.199999959980e-09-5.000000000000e-10
     3.823500000000e+05 7.000000000000e+00                                      
C12 2020 05 14 11 00 00 3.726138966160e-04 9.486633700820e-12 2.032879073410e-19
     9.000000000000e+00 5.093750000000e+01 3.232634652210e-09 1.162589464960e+00
     2.435408532620e-06 9.484728798270e-04 5.226116627450e-06 5.282620546340e+03
     3.852000000000e+05 4.610046744350e-08 2.616981505520e+00-5.681067705150e-08
     9.888860773830e-01 2.720312500000e+02-2.016537523560e+00-6.729923185460e-09
     3.000124967250e-11 0.000000000000e+00 7.490000000000e+02 0.000000000000e+00
     2.000000000000e+00 0.000000000000e+00 2.199999959980e-09-5.000000000000e-10
     3.852000000000e+05 8.000000000000e+00                                      
C12 2020 05 14 12 00 00 3.726480063050e-04 9.488410057660e-12 2.032879073410e-19
     1.000000000000e+01 4.670312500000e+01 3.236206229550e-09 1.649258742770e+00
     2.150889486070e-06 9.484178153800e-04 4.930421710010e-06 5.282622213360e+03
     3.888000000000e+05 6.193295121190e-08 2.616957279600e+00-4.470348358150e-08
     9.888861753990e-01 2.764843750000e+02-2.015640710890e+00-6.730994658660e-09
     2.464388365950e-11 0.000000000000e+00 7.490000000000e+02 0.000000000000e+00
     2.000000000000e+00 0.000000000000e+00 2.199999959980e-09-5.000000000000e-10
     3.888000000000e+05 9.000000000000e+00                                      
C12 2020 05 14 13 00 00 3.726822324100e-04 9.489298236080e-12 2.032879073410e-19
     1.100000000000e+01 4.576562500000e+01 3.339424814730e-09 2.136950356010e+00
     2.157408744100e-06 9.485437767580e-04 4.798173904420e-06 5.282621902470e+03
     3.924000000000e+05-2.095475792880e-08 2.616932962970e+00-1.676380634310e-07
     9.888857965030e-01 2.752187500000e+02-2.015766679840e+00-6.824927142750e-09
     5.500229106620e-11 0.000000000000e+00 7.490000000000e+02 0.000000000000e+00
     2.000000000000e+00 0.000000000000e+00 2.199999959980e-09-5.000000000000e-10
     3.924000000000e+05 1.000000000000e+01                                      
C12 2020 05 14 14 00 00 3.727163420990e-04 9.491074592920e-12 2.032879073410e-19
     1.200000000000e+01 3.856250000000e+01 3.296923044360e-09 2.625044036190e+00
     1.979060471060e-06 9.494341211390e-04 4.850793629880e-06 5.282619932170e+03
     3.960000000000e+05-1.075677573680e-07 2.616909344160e+00 1.122243702410e-07
     9.888868995430e-01 2.726093750000e+02-2.016294766930e+00-6.615989868250e-09
    -7.036007363660e-11 0.000000000000e+00 7.490000000000e+02 0.000000000000e+00
     2.000000000000e+00 0.000000000000e+00 2.199999959980e-09-5.000000000000e-10
     3.960000000000e+05 1.100000000000e+01                                      
C12 2020 05 14 15 00 00 3.727505682040e-04 9.492850949750e-12 2.032879073410e-19
     1.300000000000e+01 3.873437500000e+01 3.366211644800e-09 3.112678317670e+00
     2.066139131780e-06 9.492918616160e-04 4.969071596860e-06 5.282620208740e+03
     3.996000000000e+05 7.916241884230e-08 2.616884742270e+00 5.494803190230e-08
     9.888864650560e-01 2.712343750000e+02-2.016362018740e+00-6.707422248200e-09
     3.392998474860e-11 0.000000000000e+00 7.490000000000e+02 0.000000000000e+00
     2.000000000000e+00 0.000000000000e+00 2.199999959980e-09-5.000000000000e-10
     3.996000000000e+05 1.200000000000e+01                                      
C12 2020 05 14 16 00 00 3.727846778930e-04 9.494627306590e-12 2.032879073410e-19
     1.400000000000e+01 3.873437500000e+01 3.352282493160e-09-2.682260653830e+00
     2.071727067230e-06 9.479423752050e-04 5.624722689390e-06 5.282623130800e+03
     4.032000000000e+05 5.308538675310e-08 2.616860573400e+00 6.286427378650e-08
     9.888865616090e-01 2.604375000000e+02-2.017041683160e+00-6.700279093520e-09
     3.857303529320e-11 0.000000000000e+00 7.490000000000e+02 0.000000000000e+00
     2.000000000000e+00 0.000000000000e+00 2.199999959980e-09-5.000000000000e-10
     4.032000000000e+05 1.300000000000e+01                                      
C12 2020 05 14 17 00 00 3.728244919330e-04 9.706901948900e-12 0.000000000000e+00
     1.400000000000e+01 3.270312500000e+01 3.328710082710e-09-2.193799365740e+00
     1.692678779360e-06 9.472341043870e-04 5.934853106740e-06 5.282625291820e+03
     4.068000000000e+05-2.747401595120e-08 2.616836141200e+00 7.450580596920e-08
     9.888868176200e-01 2.552343750000e+02-2.017937100210e+00-6.667777739710e-09
     9.036090675160e-11 0.000000000000e+00 7.490000000000e+02 0.000000000000e+00
     2.000000000000e+00 0.000000000000e+00 2.199999959980e-09-5.000000000000e-10
     4.068000000000e+05 0.000000000000e+00                                      
C12 2020 05 14 18 00 00 3.728599986060e-04 9.769074438280e-12 0.000000000000e+00
     1.400000000000e+01 3.656250000000e+01 3.337281868330e-09-1.706876733920e+00
     1.814216375350e-06 9.472649544480e-04 6.023328751330e-06 5.282624095920e+03
     4.104000000000e+05-4.796311259270e-08 2.616811969410e+00 1.443549990650e-08
     9.888873442700e-01 2.528593750000e+02-2.017294400800e+00-6.622775865200e-09
     1.175048945510e-10 0.000000000000e+00 7.490000000000e+02 0.000000000000e+00
     2.000000000000e+00 0.000000000000e+00 2.199999959980e-09-5.000000000000e-10
     4.104000000000e+05 0.000000000000e+00                                      
C12 2020 05 14 19 00 00 3.728924784810e-04 9.428902103540e-12 0.000000000000e+00
     1.500000000000e+01 3.901562500000e+01 3.419785304930e-09-1.220651843810e+00
     1.920387148860e-06 9.468425996600e-04 6.456859409810e-06 5.282621480940e+03
     4.140000000000e+05-1.289881765840e-07 2.616788176510e+00 3.539025783540e-08
     9.888874174160e-01 2.433750000000e+02-2.015953762190e+00-6.693493096570e-09
     1.132190017400e-10 0.000000000000e+00 7.490000000000e+02 0.000000000000e+00
     2.000000000000e+00 0.000000000000e+00 2.199999959980e-09-5.000000000000e-10
     4.140000000000e+05 0.000000000000e+00                                      
C12 2020 05 14 20 00 00 3.729264717550e-04 9.428902103540e-12 0.000000000000e+00
     1.600000000000e+01 3.771875000000e+01 3.389426897520e-09-7.333842017900e-01
     1.789536327120e-06 9.466034825890e-04 6.647780537610e-06 5.282620763780e+03
     4.176000000000e+05-6.053596735000e-09 2.616764164170e+00-1.024454832080e-08
     9.888879396780e-01 2.409843750000e+02-2.015654871930e+00-6.664563320100e-09
     1.371485699310e-10 0.000000000000e+00 7.490000000000e+02 0.000000000000e+00
     2.000000000000e+00 0.000000000000e+00 2.199999959980e-09-5.000000000000e-10
     4.176000000000e+05 1.000000000000e+00                                      
C12 2020 05 14 21 00 00 3.729620948430e-04 9.606537787480e-12 5.692061405550e-19
     1.700000000000e+01 4.537500000000e+01 3.384426689240e-09-2.455289070360e-01
     2.151820808650e-06 9.476279374210e-04 6.711576133970e-06 5.282622837070e+03
     4.212000000000e+05-4.563480615620e-08 2.616739933860e+00-1.410953700540e-07
     9.888883887940e-01 2.397500000000e+02-2.015943454470e+00-6.710279510080e-09
     1.335769925890e-10 0.000000000000e+00 7.490000000000e+02 0.000000000000e+00
     2.000000000000e+00 0.000000000000e+00 2.199999959980e-09-5.000000000000e-10
     4.212000000000e+05 2.000000000000e+00                                      
C12 2020 05 14 22 00 00 3.729966701940e-04 9.610978679580e-12 5.692061405550e-19
     1.800000000000e+01 4.665625000000e+01 3.381926585100e-09 2.420506817880e-01
     2.190470695500e-06 9.478142019360e-04 6.705988198520e-06 5.282623178480e+03
     4.248000000000e+05 4.051253199580e-08 2.616715212010e+00-2.793967723850e-08
     9.888888086510e-01 2.389062500000e+02-2.015956793360e+00-6.737066340140e-09
     2.325096849620e-10 0.000000000000e+00 7.490000000000e+02 0.000000000000e+00
     2.000000000000e+00 0.000000000000e+00 2.199999959980e-09-5.000000000000e-10
     4.248000000000e+05 3.000000000000e+00                                      
C12 2020 05 14 23 00 00 3.730312455450e-04 9.614531393250e-12 5.692061405550e-19
     1.900000000000e+01 5.139062500000e+01 3.401927418220e-09 7.304509427850e-01
     2.437736839060e-06 9.469385258850e-04 6.324145942930e-06 5.282620878220e+03
     4.284000000000e+05 1.862645149230e-08 2.616690836870e+00-4.656612873080e-09
     9.888896703100e-01 2.461250000000e+02-2.016791082370e+00-6.729923185460e-09
     2.546534644820e-10 0.000000000000e+00 7.490000000000e+02 0.000000000000e+00
     2.000000000000e+00 0.000000000000e+00 2.199999959980e-09-5.000000000000e-10
     4.284300000000e+05 4.000000000000e+00                                      
C13 2020 05 14 00 00 00 4.342870088290e-04 2.066258275590e-11 8.131516293640e-20
     4.000000000000e+00-3.082031250000e+02 1.314697619580e-09 1.022243789970e+00
    -1.004664227370e-05 3.702240413990e-03-2.378597855570e-06 6.493565696720e+03
     3.456000000000e+05 7.450580596920e-09-2.921082039040e+00 1.438893377780e-07
     9.952103336820e-01 3.162031250000e+02-2.645542558430e+00-2.486174987740e-09
     4.785913638230e-11 0.000000000000e+00 7.490000000000e+02 0.000000000000e+00
     2.000000000000e+00 0.000000000000e+00-9.899999930950e-09 2.300000000000e-09
     3.470100000000e+05 3.000000000000e+00                                      
C13 2020 05 14 01 00 00 4.343613982200e-04 2.066258275590e-11 8.131516293640e-20
     5.000000000000e+00-3.224218750000e+02 1.256123751170e-09 1.284190006960e+00
    -1.040985807780e-05 3.702571731990e-03-1.923646777870e-06 6.493570701600e+03
     3.492000000000e+05-7.404014468190e-08-2.921091416350e+00 1.918524503710e-07
     9.952105311760e-01 2.985312500000e+02-2.644988058350e+00-2.470817205170e-09
     8.357490980190e-11 0.000000000000e+00 7.490000000000e+02 0.000000000000e+00
     2.000000000000e+00 0.000000000000e+00-9.899999930950e-09 2.300000000000e-09
     3.492000000000e+05 4.000000000000e+00                                      
C13 2020 05 14 02 00 00 4.344357876110e-04 2.066347093430e-11 8.131516293640e-20
     6.000000000000e+00-3.273750000000e+02 1.211121876660e-09 1.546550332170e+00
    -1.040613278750e-05 3.702563117260e-03-1.899432390930e-06 6.493571931840e+03
     3.528000000000e+05-1.671724021430e-07-2.921100735140e+00 1.755543053150e-07
     9.952109495710e-01 2.956250000000e+02-2.644848794400e+00-2.445816163770e-09
     1.157191058800e-10 0.000000000000e+00 7.490000000000e+02 0.000000000000e+00
     2.000000000000e+00 0.000000000000e+00-9.899999930950e-09 2.300000000000e-09
     3.528000000000e+05 5.000000000000e+00                                      
C13 2020 05 14 03 00 00 4.345111083240e-04 2.076028238210e-11 0.000000000000e+00
     5.000000000000e+00-3.067031250000e+02 1.200764302370e-09 1.809537664060e+00
    -9.592622518540e-06 3.703277558090e-03-1.761596649890e-06 6.493567253110e+03
     3.564000000000e+05-2.374872565270e-07-2.921109948590e+00 1.005828380580e-07
     9.952115961810e-01 2.919062500000e+02-2.645337232020e+00-2.411529021290e-09
     1.442917246150e-10 0.000000000000e+00 7.490000000000e+02 0.000000000000e+00
     2.000000000000e+00 0.000000000000e+00-9.899999930950e-09 2.300000000000e-09
     3.564000000000e+05 0.000000000000e+00                                      
C13 2020 05 14 04 00 00 4.345813067630e-04 2.006661503630e-11 0.000000000000e+00
     6.000000000000e+00-2.873750000000e+02 1.192192516750e-09 2.072539828480e+00
    -8.789356797930e-06 3.704647184350e-03-1.105945557360e-06 6.493561691280e+03
     3.600000000000e+05-2.589076757430e-07-2.921118783160e+00 4.516914486890e-08
     9.952122691230e-01 2.759062500000e+02-2.645840145220e+00-2.392242503650e-09
     1.567922453120e-10 0.000000000000e+00 7.490000000000e+02 0.000000000000e+00
     2.000000000000e+00 0.000000000000e+00-9.899999930950e-09 2.300000000000e-09
     3.600000000000e+05 0.000000000000e+00                                      
C13 2020 05 14 05 00 00 4.346544155850e-04 2.019273637190e-11 0.000000000000e+00
     1.000000000000e+00-2.743437500000e+02 1.152905165980e-09 2.335592037870e+00
    -8.349772542720e-06 3.707152558490e-03-7.450580596920e-09 6.493553920750e+03
     3.636000000000e+05 5.122274160390e-09-2.921128011240e+00-1.131556928160e-07
     9.952141562870e-01 2.431875000000e+02-2.646392351450e+00-2.247236463560e-09
     1.792931825660e-10 0.000000000000e+00 7.490000000000e+02 0.000000000000e+00
     2.000000000000e+00 0.000000000000e+00-9.899999930950e-09 2.300000000000e-09
     3.636000000000e+05 0.000000000000e+00                                      
C13 2020 05 14 06 00 00 4.347279900680e-04 2.030464685280e-11 0.000000000000e+00
     1.000000000000e+00-2.742187500000e+02 1.148619273170e-09 2.598133928760e+00
    -8.370727300640e-06 3.707423806190e-03 2.426095306870e-07 6.493553171160e+03
     3.672000000000e+05-2.514570951460e-08-2.921136089480e+00-1.769512891770e-07
     9.952145995510e-01 2.398437500000e+02-2.646433263410e+00-2.266880138940e-09
     1.878649681870e-10 0.000000000000e+00 7.490000000000e+02 0.000000000000e+00
     2.000000000000e+00 0.000000000000e+00-9.899999930950e-09 2.300000000000e-09
     3.685500000000e+05 0.000000000000e+00                                      
C13 2020 05 14 07 00 00 4.348020302130e-04 2.042188640420e-11 0.000000000000e+00
     1.000000000000e+00-2.652812500000e+02 1.116475077100e-09 2.860598921370e+00
    -8.185394108300e-06 3.706239163880e-03 5.867332220080e-08 6.493556037900e+03
     3.708000000000e+05-7.171183824540e-08-2.921144287670e+00-1.736916601660e-07
     9.952151876440e-01 2.491718750000e+02-2.646396890880e+00-2.278666344170e-09
     1.853648640480e-10 0.000000000000e+00 7.490000000000e+02 0.000000000000e+00
     2.000000000000e+00 0.000000000000e+00-9.899999930950e-09 2.300000000000e-09
     3.708000000000e+05 0.000000000000e+00                                      
C13 2020 05 14 08 00 00 4.348740912970e-04 2.022648715180e-11 0.000000000000e+00
     1.000000000000e+00-2.297500000000e+02 1.003256075360e-09 3.123201574570e+00
    -7.202383130790e-06 3.702774643900e-03-3.166496753690e-07 6.493564392090e+03
     3.744000000000e+05-7.729977369310e-08-2.921152017730e+00 3.259629011150e-09
     9.952164823270e-01 2.628281250000e+02-2.646498606110e+00-2.207234797330e-09
     1.500062483620e-10 0.000000000000e+00 7.490000000000e+02 0.000000000000e+00
     2.000000000000e+00 0.000000000000e+00-9.899999930950e-09 2.300000000000e-09
     3.744000000000e+05 0.000000000000e+00                                      
C13 2020 05 14 09 00 00 4.349492955950e-04 2.052846781450e-11 0.000000000000e+00
     1.000000000000e+00-1.872031250000e+02 9.450393646830e-10-2.897115063850e+00
    -5.926471203570e-06 3.699096268970e-03-1.466833055020e-07 6.493573797230e+03
     3.780000000000e+05-2.235174179080e-08-2.921160182280e+00-2.980232238770e-08
     9.952168495190e-01 2.573593750000e+02-2.646867404830e+00-2.226878472710e-09
     1.696499237430e-10 0.000000000000e+00 7.490000000000e+02 0.000000000000e+00
     2.000000000000e+00 0.000000000000e+00-9.899999930950e-09 2.300000000000e-09
     3.780000000000e+05 0.000000000000e+00                                      
C13 2020 05 14 10 00 00 4.350221715870e-04 2.039257651630e-11 0.000000000000e+00
     1.000000000000e+00-1.598281250000e+02 8.932514932240e-10-2.634121909540e+00
    -5.085486918690e-06 3.696527448480e-03 5.019828677180e-07 6.493581357960e+03
     3.816000000000e+05-1.955777406690e-08-2.921168207840e+00-2.374872565270e-08
     9.952174493160e-01 2.364062500000e+02-2.647362269060e+00-2.227235630450e-09
     1.710785546800e-10 0.000000000000e+00 7.490000000000e+02 0.000000000000e+00
     2.000000000000e+00 0.000000000000e+00-9.899999930950e-09 2.300000000000e-09
     3.816000000000e+05 0.000000000000e+00                                      
C13 2020 05 14 11 00 00 4.350955132400e-04 2.038280655370e-11 0.000000000000e+00
     1.000000000000e+00-1.523593750000e+02 8.700362405020e-10-2.371298834090e+00
    -4.852656275030e-06 3.695482737380e-03 1.014210283760e-06 6.493585184100e+03
     3.852000000000e+05-2.095475792880e-08-2.921176218780e+00-2.281740307810e-08
     9.952180681300e-01 2.206093750000e+02-2.647688466140e+00-2.226878472710e-09
     1.710785546800e-10 0.000000000000e+00 7.490000000000e+02 0.000000000000e+00
     2.000000000000e+00 0.000000000000e+00-9.899999930950e-09 2.300000000000e-09
     3.852000000000e+05 0.000000000000e+00                                      
C13 2020 05 14 12 00 00 4.351697862150e-04 2.049116432090e-11 0.000000000000e+00
     1.000000000000e+00-1.508437500000e+02 8.921800200220e-10-2.108971835620e+00
    -4.819128662350e-06 3.695735940710e-03 8.726492524150e-07 6.493583562850e+03
     3.888000000000e+05-1.862645149230e-08-2.921184201930e+00-2.980232238770e-08
     9.952186927960e-01 2.277968750000e+02-2.647519494720e+00-2.227235630450e-09
     1.682212928060e-10 0.000000000000e+00 7.490000000000e+02 0.000000000000e+00
     2.000000000000e+00 0.000000000000e+00-9.899999930950e-09 2.300000000000e-09
     3.888000000000e+05 0.000000000000e+00                                      
C13 2020 05 14 13 00 00 4.352431278680e-04 2.044142632940e-11 0.000000000000e+00
     1.000000000000e+00-1.365468750000e+02 9.393248409360e-10-1.847037825220e+00
    -4.428904503580e-06 3.696056082840e-03 3.892928361890e-07 6.493578498840e+03
     3.924000000000e+05-7.916241884230e-09-2.921192158740e+00-3.818422555920e-08
     9.952192940550e-01 2.456250000000e+02-2.646957485480e+00-2.229021419120e-09
     1.632210845280e-10 0.000000000000e+00 7.490000000000e+02 0.000000000000e+00
     2.000000000000e+00 0.000000000000e+00-9.899999930950e-09 2.300000000000e-09
     3.924000000000e+05 0.000000000000e+00                                      
C13 2020 05 14 14 00 00 4.353170515970e-04 2.047162439570e-11 0.000000000000e+00
     1.000000000000e+00-1.079375000000e+02 1.003613233090e-09-1.585307299420e+00
    -3.641005605460e-06 3.695772844370e-03 7.124617695810e-08 6.493571634290e+03
     3.960000000000e+05 1.722946763040e-08-2.921200073130e+00-3.585591912270e-08
     9.952198528900e-01 2.572968750000e+02-2.646191334800e+00-2.235450258330e-09
     1.546492989070e-10 0.000000000000e+00 7.490000000000e+02 0.000000000000e+00
     2.000000000000e+00 0.000000000000e+00-9.899999930950e-09 2.300000000000e-09
     3.960000000000e+05 0.000000000000e+00                                      
C13 2020 05 14 15 00 00 4.353898111730e-04 2.035704937950e-11 0.000000000000e+00
     1.000000000000e+00-8.025000000000e+01 1.076116253130e-09-1.323461739970e+00
    -2.937391400340e-06 3.694873652420e-03 1.625157892700e-07 6.493565418240e+03
     3.996000000000e+05 4.284083843230e-08-2.921207912900e+00 4.190951585770e-09
     9.952202961540e-01 2.537500000000e+02-2.645539145440e+00-2.252950987310e-09
     1.417916204760e-10 0.000000000000e+00 7.490000000000e+02 0.000000000000e+00
     2.000000000000e+00 0.000000000000e+00-9.899999930950e-09 2.300000000000e-09
     3.996000000000e+05 0.000000000000e+00                                      
C13 2020 05 14 16 00 00 4.354642005640e-04 2.050715153250e-11 0.000000000000e+00
     1.000000000000e+00-6.643750000000e+01 1.133261490600e-09-1.061311347900e+00
    -2.690590918060e-06 3.693984588610e-03 3.329478204250e-07 6.493561632160e+03
     4.032000000000e+05 3.958120942120e-08-2.921216013080e+00 6.053596735000e-09
     9.952207964720e-01 2.438437500000e+02-2.645190492560e+00-2.254379618250e-09
     1.417916204760e-10 0.000000000000e+00 7.490000000000e+02 0.000000000000e+00
     2.000000000000e+00 0.000000000000e+00-9.899999930950e-09 2.300000000000e-09
     4.032000000000e+05 0.000000000000e+00                                      
C13 2020 05 14 17 00 00 4.355380078780e-04 2.050537517560e-11 0.000000000000e+00
     1.000000000000e+00-6.751562500000e+01 1.220765135480e-09-7.987551628330e-01
    -2.790708094840e-06 3.694254904990e-03 5.355104804040e-08 6.493562450410e+03
     4.068000000000e+05-2.044253051280e-07-2.921223601240e+00 1.108273863790e-07
     9.952201688800e-01 2.474218750000e+02-2.645246978750e+00-2.380456298420e-09
     1.275053111080e-10 0.000000000000e+00 7.490000000000e+02 0.000000000000e+00
     2.000000000000e+00 0.000000000000e+00-9.899999930950e-09 2.300000000000e-09
     4.093800000000e+05 0.000000000000e+00                                      
C13 2020 05 14 18 00 00 4.356133285910e-04 2.070166260637e-11 0.000000000000e+00
     1.000000000000e+00-6.520312500000e+01 1.220407996882e-09-5.361454803141e-01
    -2.693850547075e-06 3.695223364048e-03-4.712492227554e-07 6.493564992905e+03
     4.104000000000e+05-1.816079020500e-07-2.921232181252e+00 1.536682248116e-07
     9.952207774544e-01 2.585000000000e+02-2.645356317252e+00-2.365098561441e-09
     1.217907857898e-10 0.000000000000e+00 7.490000000000e+02 0.000000000000e+00
     2.000000000000e+00 0.000000000000e+00-9.899999930951e-09 2.299999968258e-09
     4.104000000000e+05 0.000000000000e+00                                      
C13 2020 05 14 19 00 00 4.356879508123e-04 2.070343896321e-11 0.000000000000e+00
     1.000000000000e+00-5.220312500000e+01 1.213264821942e-09-2.735612540329e-01
    -2.176500856876e-06 3.697138745338e-03-1.114327460527e-06 6.493569707870e+03
     4.140000000000e+05-1.401640474796e-07-2.921240698361e+00 1.187436282635e-07
     9.952211753681e-01 2.747968750000e+02-2.645440424801e+00-2.366169926660e-09
     1.296482643465e-10 0.000000000000e+00 7.490000000000e+02 0.000000000000e+00
     2.000000000000e+00 0.000000000000e+00-9.899999930951e-09 2.299999968258e-09
     4.140000000000e+05 0.000000000000e+00                                      
C13 2020 05 14 20 00 00 4.357609432191e-04 2.049738156984e-11 0.000000000000e+00
     1.000000000000e+00-5.076562500000e+01 1.289696571760e-09-1.106148347519e-02
    -1.960434019566e-06 3.697291598655e-03-1.207925379276e-06 6.493570074081e+03
     4.176000000000e+05-1.075677573681e-07-2.921249885486e+00-1.252628862858e-07
     9.952207613623e-01 2.757187500000e+02-2.645440609128e+00-2.466531201506e-09
     1.832219237441e-10 0.000000000000e+00 7.490000000000e+02 0.000000000000e+00
     2.000000000000e+00 0.000000000000e+00-9.899999930951e-09 2.299999968258e-09
     4.176000000000e+05 0.000000000000e+00                                      
C13 2020 05 14 21 00 00 4.358353326097e-04 2.056577130816e-11 0.000000000000e+00
     1.000000000000e+00-6.139062500000e+01 1.322912224211e-09 2.515311063088e-01
    -2.186279743910e-06 3.696374595165e-03-1.240987330675e-06 6.493567703247e+03
     4.212000000000e+05-8.568167686462e-08-2.921258832693e+00-1.303851604462e-07
     9.952213611587e-01 2.772187500000e+02-2.645533820417e+00-2.472245741458e-09
     1.903650709290e-10 0.000000000000e+00 7.490000000000e+02 0.000000000000e+00
     2.000000000000e+00 0.000000000000e+00-9.899999930951e-09 2.299999968258e-09
     4.212000000000e+05 0.000000000000e+00                                      
C13 2020 05 14 22 00 00 4.359093727540e-04 2.056577130820e-11 0.000000000000e+00
     2.000000000000e+00-7.842187500000e+01 1.380771800400e-09 5.143626505950e-01
    -2.627726644280e-06 3.694723942320e-03-1.614447683100e-06 6.493562728880e+03
     4.248000000000e+05-8.847564458850e-09-2.921268044690e+00-1.066364347930e-07
     9.952218965870e-01 2.916562500000e+02-2.645865654120e+00-2.488317934140e-09
     2.203663219990e-10 0.000000000000e+00 7.490000000000e+02 0.000000000000e+00
     2.000000000000e+00 0.000000000000e+00-9.899999930950e-09 2.300000000000e-09
     4.248000000000e+05 1.000000000000e+00                                      
C13 2020 05 14 23 00 00 4.359800368550e-04 2.040057012210e-11-8.673617379880e-19
     3.000000000000e+00-8.345312500000e+01 1.412558838750e-09 7.771431375770e-01
    -2.765562385320e-06 3.693894948810e-03-1.985579729080e-06 6.493559524540e+03
     4.284000000000e+05 2.840533852580e-08-2.921277328370e+00-3.725290298460e-08
     9.952226002500e-01 3.051562500000e+02-2.646145463540e+00-2.494746773360e-09
     2.521533603420e-10 0.000000000000e+00 7.490000000000e+02 0.000000000000e+00
     2.000000000000e+00 0.000000000000e+00-9.899999930950e-09 2.300000000000e-09
     4.305900000000e+05 2.000000000000e+00                                      
C14 2020 05 14 00 00 00 4.038172774017e-04 4.431033318042e-11 0.000000000000e+00
     1.000000000000e+00-7.639062500000e+01 3.811587490077e-09-2.068995243808e+00
    -3.849156200886e-06 1.555334543809e-03 9.811948984861e-06 5.282619903564e+03
     3.456000000000e+05-7.078051567078e-08-1.584582572727e+00-2.095475792885e-08
     9.603480113094e-01 1.574062500000e+02-7.281203050876e-01-6.710279443212e-09
     3.250135230393e-11 0.000000000000e+00 7.490000000000e+02 0.000000000000e+00
     2.000000000000e+00 0.000000000000e+00 5.500000010983e-09 7.000000024071e-10
     3.456000000000e+05 0.000000000000e+00                                      
C14 2020 05 14 01 00 00 4.039767663930e-04 4.432187949990e-11 0.000000000000e+00
     1.000000000000e+00-6.304687500000e+01 3.809801550670e-09-1.580244333050e+00
    -3.094784915450e-06 1.555255381390e-03 9.835232049230e-06 5.282623502730e+03
     3.492000000000e+05-1.816079020500e-08-1.584606980050e+00-6.100162863730e-08
     9.603479791250e-01 1.571406250000e+02-7.293027671420e-01-6.749924018570e-09
     6.785996949730e-11 0.000000000000e+00 7.490000000000e+02 0.000000000000e+00
     2.000000000000e+00 0.000000000000e+00 5.500000010980e-09 7.000000000000e-10
     3.507600000000e+05 0.000000000000e+00                                      
C14 2020 05 14 02 00 00 4.041363717990e-04 4.432187949990e-11 0.000000000000e+00
     2.000000000000e+00-6.371875000000e+01 3.874804258290e-09-1.092938706360e+00
    -3.039836883540e-06 1.554936054160e-03 9.795185178520e-06 5.282622524260e+03
     3.528000000000e+05 2.048909664150e-08-1.584631495630e+00-2.561137080190e-08
     9.603481941740e-01 1.612812500000e+02-7.290410350050e-01-6.762781697000e-09
     1.039329006510e-10 0.000000000000e+00 7.490000000000e+02 0.000000000000e+00
     2.000000000000e+00 0.000000000000e+00 5.500000010980e-09 7.000000000000e-10
     3.528000000000e+05 1.000000000000e+00                                      
C14 2020 05 14 03 00 00 4.042978398500e-04 4.445155354920e-11 9.893344823930e-19
     3.000000000000e+00-5.689062500000e+01 3.973736950670e-09-6.062114574950e-01
    -2.774409949780e-06 1.553135109130e-03 9.225681424140e-06 5.282618190770e+03
     3.564000000000e+05 7.916241884230e-09-1.584655939530e+00-3.259629011150e-09
     9.603485862360e-01 1.762187500000e+02-7.282002886710e-01-6.758852961930e-09
     1.217907873610e-10 0.000000000000e+00 7.490000000000e+02 0.000000000000e+00
     2.000000000000e+00 0.000000000000e+00 5.500000010980e-09 7.000000000000e-10
     3.564000000000e+05 2.000000000000e+00                                      
C14 2020 05 14 04 00 00 4.044577945020e-04 4.445865897650e-11 9.893344823930e-19
     4.000000000000e+00-5.340625000000e+01 3.993380626050e-09-1.187391693230e-01
    -2.644024789330e-06 1.552645349880e-03 9.155366569760e-06 5.282617212300e+03
     3.600000000000e+05-2.793967723850e-09-1.584680314670e+00-8.847564458850e-09
     9.603490485180e-01 1.780156250000e+02-7.281029987670e-01-6.751709807240e-09
     1.282196265760e-10 0.000000000000e+00 7.490000000000e+02 0.000000000000e+00
     2.000000000000e+00 0.000000000000e+00 5.500000010980e-09 7.000000000000e-10
     3.600000000000e+05 3.000000000000e+00                                      
C14 2020 05 14 05 00 00 4.046178655700e-04 4.446576440390e-11 9.893344823930e-19
     5.000000000000e+00-6.020312500000e+01 3.936949704040e-09 3.685089763920e-01
    -2.949032932520e-06 1.553953392430e-03 8.812639862300e-06 5.282619939800e+03
     3.636000000000e+05 6.053596735000e-09-1.584704657630e+00-2.188608050350e-08
     9.603495737060e-01 1.857031250000e+02-7.277813645240e-01-6.738137813340e-09
     1.321483616530e-10 0.000000000000e+00 7.490000000000e+02 0.000000000000e+00
     2.000000000000e+00 0.000000000000e+00 5.500000010980e-09 7.000000000000e-10
     3.636000000000e+05 4.000000000000e+00                                      
C14 2020 05 14 06 00 00 4.047779366370e-04 4.447375800960e-11 9.893344823930e-19
     6.000000000000e+00-5.992187500000e+01 3.898376668750e-09 8.557559795690e-01
    -2.941582351920e-06 1.554488320830e-03 8.593779057260e-06 5.282621372220e+03
     3.672000000000e+05 2.095475792880e-08-1.584728901110e+00-1.490116119380e-08
     9.603501223000e-01 1.911093750000e+02-7.274596761530e-01-6.723494346240e-09
     1.307197307160e-10 0.000000000000e+00 7.490000000000e+02 0.000000000000e+00
     2.000000000000e+00 0.000000000000e+00 5.500000010980e-09 7.000000000000e-10
     3.672000000000e+05 5.000000000000e+00                                      
C14 2020 05 14 07 00 00 4.049381241200e-04 4.448086343700e-11 9.893344823930e-19
     7.000000000000e+00-6.768750000000e+01 3.908734243040e-09 1.344026668450e+00
    -3.386754542590e-06 1.554265152660e-03 8.732546120880e-06 5.282619190220e+03
     3.708000000000e+05 2.514570951460e-08-1.584753086070e+00-8.847564458850e-09
     9.603506079890e-01 1.888281250000e+02-7.281621401560e-01-6.718851295700e-09
     1.296482575130e-10 0.000000000000e+00 7.490000000000e+02 0.000000000000e+00
     2.000000000000e+00 0.000000000000e+00 5.500000010980e-09 7.000000000000e-10
     3.708000000000e+05 6.000000000000e+00                                      
C14 2020 05 14 08 00 00 4.050977295260e-04 4.433609035460e-11 0.000000000000e+00
     1.000000000000e+00-7.470312500000e+01 3.906234138900e-09 1.832303220700e+00
    -3.856141120200e-06 1.554499380290e-03 8.437782526020e-06 5.282616991040e+03
     3.744000000000e+05 4.516914486890e-08-1.584777352960e+00 4.656612873080e-10
     9.603510454020e-01 1.929687500000e+02-7.288696746330e-01-6.725994450380e-09
     1.432202514130e-10 0.000000000000e+00 7.490000000000e+02 0.000000000000e+00
     2.000000000000e+00 0.000000000000e+00 5.500000010980e-09 7.000000000000e-10
     3.744000000000e+05 0.000000000000e+00                                      
C14 2020 05 14 09 00 00 4.052573349327e-04 4.433609035459e-11 0.000000000000e+00
     2.000000000000e+00-7.576562500000e+01 3.828730910582e-09 2.319445951468e+00
    -3.901775926352e-06 1.553813461214e-03 8.567236363888e-06 5.282618824005e+03
     3.780000000000e+05 4.330649971962e-08-1.584801733948e+00 4.190951585770e-08
     9.603515647374e-01 1.858437500000e+02-7.284427351581e-01-6.725637292646e-09
     1.728643433509e-10 0.000000000000e+00 7.490000000000e+02 0.000000000000e+00
     2.000000000000e+00 0.000000000000e+00 5.500000000000e-09 7.000000000000e-10
     3.790800000000e+05 1.000000000000e+00                                      
C14 2020 05 14 10 00 00 4.054179880768e-04 4.448796886436e-11 9.351243737687e-19
     3.000000000000e+00-8.768750000000e+01 3.718726328450e-09 2.806560888252e+00
    -4.318542778492e-06 1.551970955916e-03 8.864328265190e-06 5.282622653961e+03
     3.816000000000e+05 5.587935447693e-09-1.584826094460e+00 4.842877388000e-08
     9.603522406056e-01 1.773906250000e+02-7.279889496733e-01-6.710279510076e-09
     1.975082270104e-10 0.000000000000e+00 7.490000000000e+02 0.000000000000e+00
     2.000000000000e+00 0.000000000000e+00 5.500000000000e-09 7.000000000000e-10
     3.816000000000e+05 2.000000000000e+00                                      
C14 2020 05 14 11 00 00 4.055781755600e-04 4.449507429170e-11 9.351243737690e-19
     4.000000000000e+00-8.789062500000e+01 3.676224558080e-09-2.989123785260e+00
    -4.190485924480e-06 1.552025321870e-03 8.981674909590e-06 5.282622512820e+03
     3.852000000000e+05-1.396983861920e-09-1.584850323310e+00 2.747401595120e-08
     9.603530232670e-01 1.759375000000e+02-7.279224059190e-01-6.693850254300e-09
     2.067943281000e-10 0.000000000000e+00 7.490000000000e+02 0.000000000000e+00
     2.000000000000e+00 0.000000000000e+00 5.500000010980e-09 7.000000000000e-10
     3.868800000000e+05 3.000000000000e+00                                      
C14 2020 05 14 12 00 00 4.057383630420e-04 4.450129154070e-11 9.351243737690e-19
     5.000000000000e+00-8.498437500000e+01 3.697654022130e-09-2.502209974840e+00
    -4.027038812640e-06 1.553462236190e-03 9.689945727590e-06 5.282619087220e+03
     3.888000000000e+05 2.328306436540e-09-1.584874423420e+00 2.887099981310e-08
     9.603537869100e-01 1.634531250000e+02-7.272690067250e-01-6.690635834700e-09
     2.067943281000e-10 0.000000000000e+00 7.490000000000e+02 0.000000000000e+00
     2.000000000000e+00 0.000000000000e+00 5.500000010980e-09 7.000000000000e-10
     3.888000000000e+05 4.000000000000e+00                                      
C14 2020 05 14 13 00 00 4.058985505250e-04 4.450839696800e-11 9.351243737690e-19
     6.000000000000e+00-8.298437500000e+01 3.663724037380e-09-2.014511894040e+00
    -4.004687070850e-06 1.553468056950e-03 9.759794920680e-06 5.282619417190e+03
     3.924000000000e+05 1.862645149230e-09-1.584898486960e+00 4.051253199580e-08
     9.603545651820e-01 1.635156250000e+02-7.273987953540e-01-6.683135522280e-09
     2.032227507580e-10 0.000000000000e+00 7.490000000000e+02 0.000000000000e+00
     2.000000000000e+00 0.000000000000e+00 5.500000010980e-09 7.000000000000e-10
     3.924000000000e+05 5.000000000000e+00                                      
C14 2020 05 14 14 00 00 4.060587380080e-04 4.451461421700e-11 9.351243737690e-19
     7.000000000000e+00-7.123437500000e+01 3.583006389460e-09-1.525904927110e+00
    -3.509689122440e-06 1.553479232830e-03 9.826384484770e-06 5.282622568130e+03
     3.960000000000e+05-5.075708031650e-08-1.584922316430e+00 6.752088665960e-08
     9.603554136750e-01 1.620000000000e+02-7.284380099330e-01-6.650277010730e-09
     1.700070814770e-10 0.000000000000e+00 7.490000000000e+02 0.000000000000e+00
     2.000000000000e+00 0.000000000000e+00 5.500000010980e-09 7.000000000000e-10
     3.960000000000e+05 6.000000000000e+00                                      
C14 2020 05 14 15 00 00 4.062190419060e-04 4.452171964430e-11 9.351243737690e-19
     8.000000000000e+00-7.165625000000e+01 3.587292282270e-09-1.038616314150e+00
    -3.537163138390e-06 1.553127542140e-03 9.624287486080e-06 5.282621492390e+03
     3.996000000000e+05-1.145526766780e-07-1.584945807970e+00-1.955777406690e-08
     9.603560749140e-01 1.662812500000e+02-7.281601915490e-01-6.630633335350e-09
     9.286101089100e-11 0.000000000000e+00 7.490000000000e+02 0.000000000000e+00
     2.000000000000e+00 0.000000000000e+00 5.500000010980e-09 7.000000000000e-10
     4.006200000000e+05 7.000000000000e+00                                      
C14 2020 05 14 16 00 00 4.063793458040e-04 4.452793689320e-11 9.351243737690e-19
     9.000000000000e+00-6.400000000000e+01 3.673724453940e-09-5.517670374380e-01
    -3.193039447070e-06 1.551409950480e-03 9.041279554370e-06 5.282617498400e+03
     4.032000000000e+05-2.095475792880e-08-1.584969145900e+00-1.084990799430e-07
     9.603563089810e-01 1.792031250000e+02-7.274425921950e-01-6.661348900490e-09
     2.142946405180e-12 0.000000000000e+00 7.490000000000e+02 0.000000000000e+00
     2.000000000000e+00 0.000000000000e+00 5.500000010980e-09 7.000000000000e-10
     4.032000000000e+05 8.000000000000e+00                                      
C14 2020 05 14 17 00 00 4.065396497030e-04 4.453504232060e-11 9.351243737690e-19
     1.000000000000e+01-6.109375000000e+01 3.736227057430e-09-6.427249828180e-02
    -3.121327608820e-06 1.551019027830e-03 8.983071893450e-06 5.282616729740e+03
     4.068000000000e+05 6.146728992460e-08-1.584992741310e+00-4.470348358150e-08
     9.603560690620e-01 1.805625000000e+02-7.273686943510e-01-6.723494346240e-09
    -5.393081786360e-11 0.000000000000e+00 7.490000000000e+02 0.000000000000e+00
     2.000000000000e+00 0.000000000000e+00 5.500000010980e-09 7.000000000000e-10
     4.068000000000e+05 9.000000000000e+00                                      
C14 2020 05 14 18 00 00 4.066999536010e-04 4.454214774800e-11 9.351243737690e-19
     1.100000000000e+01-6.725000000000e+01 3.734798426490e-09 4.229070672970e-01
    -3.467779606580e-06 1.552368281410e-03 8.495058864360e-06 5.282619617460e+03
     4.104000000000e+05 4.284083843230e-08-1.585016864830e+00-1.862645149230e-09
     9.603556989440e-01 1.893750000000e+02-7.269793343160e-01-6.760638750600e-09
    -6.607418082630e-11 0.000000000000e+00 7.490000000000e+02 0.000000000000e+00
     2.000000000000e+00 0.000000000000e+00 5.500000010980e-09 7.000000000000e-10
     4.104000000000e+05 1.000000000000e+01                                      
C14 2020 05 14 19 00 00 4.068602574990e-04 4.454836499690e-11 9.351243737690e-19
     1.200000000000e+01-6.595312500000e+01 3.728369587270e-09 9.100492918920e-01
    -3.372319042680e-06 1.552978064860e-03 8.101109415290e-06 5.282621376040e+03
     4.140000000000e+05 4.423782229420e-08-1.585041196080e+00 7.916241884230e-09
     9.603554824320e-01 1.957656250000e+02-7.265534934920e-01-6.756352857790e-09
    -6.857428496560e-11 0.000000000000e+00 7.490000000000e+02 0.000000000000e+00
     2.000000000000e+00 0.000000000000e+00 5.500000010980e-09 7.000000000000e-10
     4.140000000000e+05 1.100000000000e+01                                      
C14 2020 05 14 20 00 00 4.070206778120e-04 4.455547042430e-11 9.351243737690e-19
     1.300000000000e+01-7.267187500000e+01 3.762299572020e-09 1.398198625870e+00
    -3.607477992770e-06 1.552854082550e-03 8.131843060260e-06 5.282619615550e+03
     4.176000000000e+05 2.980232238770e-08-1.585065398600e+00 3.958120942120e-08
     9.603553317510e-01 1.947031250000e+02-7.271352784570e-01-6.732423289600e-09
    -8.393206753610e-11 0.000000000000e+00 7.490000000000e+02 0.000000000000e+00
     2.000000000000e+00 0.000000000000e+00 5.500000010980e-09 7.000000000000e-10
     4.176000000000e+05 1.200000000000e+01                                      
C14 2020 05 14 21 00 00 4.071810981260e-04 4.456168767320e-11 9.351243737690e-19
     1.400000000000e+01-7.878125000000e+01 3.799801134110e-09 1.886406005500e+00
    -3.848690539600e-06 1.553121488540e-03 7.953960448500e-06 5.282617620470e+03
     4.212000000000e+05-4.656612873080e-09-1.585089485550e+00 3.259629011150e-08
     9.603550655000e-01 1.992812500000e+02-7.277743981080e-01-6.718851295700e-09
    -1.067901625250e-10 0.000000000000e+00 7.490000000000e+02 0.000000000000e+00
     2.000000000000e+00 0.000000000000e+00 5.500000010980e-09 7.000000000000e-10
     4.212000000000e+05 1.300000000000e+01                                      
C14 2020 05 14 22 00 00 4.073445452380e-04 4.423572619320e-11 0.000000000000e+00
     1.400000000000e+01-8.053125000000e+01 3.783014720600e-09 2.373575847060e+00
    -3.932509571310e-06 1.552409841680e-03 8.314382284880e-06 5.282619449620e+03
     4.248000000000e+05-5.587935447690e-09-1.585113619300e+00 2.002343535420e-08
     9.603546749010e-01 1.926250000000e+02-7.273752570020e-01-6.718494137960e-09
    -1.160762636140e-10 0.000000000000e+00 7.490000000000e+02 0.000000000000e+00
     2.000000000000e+00 0.000000000000e+00 5.500000010980e-09 7.000000000000e-10
     4.248000000000e+05 0.000000000000e+00                                      
C14 2020 05 14 23 00 00 4.075039178130e-04 4.419753452110e-11 0.000000000000e+00
     1.000000000000e+00-9.231250000000e+01 3.737298530630e-09 2.860774124830e+00
    -4.534143954520e-06 1.550636719910e-03 8.651521056890e-06 5.282623132710e+03
     4.284000000000e+05-1.396983861920e-08-1.585137829140e+00 1.816079020500e-08
     9.603542711360e-01 1.859687500000e+02-7.270054912910e-01-6.714922560620e-09
    -1.110760553350e-10 0.000000000000e+00 7.490000000000e+02 0.000000000000e+00
     2.000000000000e+00 0.000000000000e+00 5.500000010980e-09 7.000000000000e-10
     4.284000000000e+05 0.000000000000e+00                                      
C16 2020 05 14 00 00 00-6.457538111140e-04 1.207212108060e-11 0.000000000000e+00
     1.000000000000e+00 1.934375000000e+01 1.333984137220e-09-8.435090306680e-01
     2.603046596050e-07 2.894068951720e-03 1.678010448810e-05 6.493267730710e+03
     3.456000000000e+05 6.938353180890e-08-7.969630399100e-01 1.187436282630e-07
     9.604296494530e-01-2.770312500000e+02-2.598187758300e+00-1.830433387750e-09
     4.007309777680e-10 0.000000000000e+00 7.490000000000e+02 0.000000000000e+00
     2.000000000000e+00 0.000000000000e+00-2.900000017900e-09 4.200000000000e-09
     3.456000000000e+05 0.000000000000e+00                                      
C16 2020 05 14 01 00 00-6.457107374440e-04 1.201971855380e-11 0.000000000000e+00
     1.000000000000e+00 2.184375000000e+01 1.351842023930e-09-5.808559185010e-01
     3.557652235030e-07 2.894842065870e-03 1.634564250710e-05 6.493269763950e+03
     3.492000000000e+05 3.818422555920e-08-7.969696186520e-01 1.019798219200e-07
     9.604309338950e-01-2.680781250000e+02-2.598304386520e+00-1.847219801260e-09
     4.032310819070e-10 0.000000000000e+00 7.490000000000e+02 0.000000000000e+00
     2.000000000000e+00 0.000000000000e+00-2.900000017900e-09 4.200000000000e-09
     3.492000000000e+05 0.000000000000e+00                                      
C16 2020 05 14 02 00 00-6.456676637750e-04 1.200728405590e-11 0.000000000000e+00
     1.000000000000e+00 3.971875000000e+01 1.330769717610e-09-3.181520021140e-01
     9.969808161260e-07 2.897333470170e-03 1.557916402820e-05 6.493275886540e+03
     3.528000000000e+05 4.051253199580e-08-7.969762720040e-01 9.639188647270e-08
     9.604323763320e-01-2.470000000000e+02-2.598471756050e+00-1.848291274460e-09
     4.043025551100e-10 0.000000000000e+00 7.490000000000e+02 0.000000000000e+00
     2.000000000000e+00 0.000000000000e+00-2.900000017900e-09 4.200000000000e-09
     3.528000000000e+05 0.000000000000e+00                                      
C16 2020 05 14 03 00 00-6.456240080300e-04 1.206412747480e-11 0.000000000000e+00
     1.000000000000e+00 6.054687500000e+01 1.320054985590e-09-5.566946034220e-02
     1.815613359210e-06 2.899336745030e-03 1.528905704620e-05 6.493280736920e+03
     3.564000000000e+05 3.632158041000e-08-7.969828741530e-01 1.126900315280e-07
     9.604338933780e-01-2.399531250000e+02-2.598418685770e+00-1.841148119780e-09
     4.000166623000e-10 0.000000000000e+00 7.490000000000e+02 0.000000000000e+00
     2.000000000000e+00 0.000000000000e+00-2.900000017900e-09 4.200000000000e-09
     3.564000000000e+05 0.000000000000e+00                                      
C16 2020 05 14 04 00 00-6.455805851150e-04 1.205968658270e-11 0.000000000000e+00
     1.000000000000e+00 8.034375000000e+01 1.298982679270e-09 2.066487869510e-01
     2.537854015830e-06 2.901083906180e-03 1.543201506140e-05 6.493285226820e+03
     3.600000000000e+05 6.984919309620e-09-7.969893870640e-01 1.266598701480e-07
     9.604354192020e-01-2.443125000000e+02-2.598201980790e+00-1.831147703220e-09
     3.896590880080e-10 0.000000000000e+00 7.490000000000e+02 0.000000000000e+00
     2.000000000000e+00 0.000000000000e+00-2.900000017900e-09 4.200000000000e-09
     3.600000000000e+05 0.000000000000e+00                                      
C16 2020 05 14 05 00 00-6.455368129540e-04 1.210143096840e-11 0.000000000000e+00
     1.000000000000e+00 7.656250000000e+01 1.326483824800e-09 4.692533258500e-01
     2.572312951090e-06 2.900739549660e-03 1.547532156110e-05 6.493284261700e+03
     3.636000000000e+05-3.166496753690e-08-7.969958180520e-01 1.140870153900e-07
     9.604368967490e-01-2.418281250000e+02-2.598272609010e+00-1.822933075340e-09
     3.746584631720e-10 0.000000000000e+00 7.490000000000e+02 0.000000000000e+00
     2.000000000000e+00 0.000000000000e+00-2.900000017900e-09 4.200000000000e-09
     3.636000000000e+05 0.000000000000e+00                                      
C16 2020 05 14 06 00 00-6.454932736230e-04 1.210143096840e-11 0.000000000000e+00
     2.000000000000e+00 7.729687500000e+01 1.333269821750e-09 7.317390801900e-01
     2.623070031400e-06 2.900865511040e-03 1.561269164090e-05 6.493284719470e+03
     3.672000000000e+05-4.842877388000e-08-7.970022387990e-01 8.428469300270e-08
     9.604382821320e-01-2.437031250000e+02-2.598224142530e+00-1.820075813460e-09
     3.610864692720e-10 0.000000000000e+00 7.490000000000e+02 0.000000000000e+00
     2.000000000000e+00 0.000000000000e+00-2.900000017900e-09 4.200000000000e-09
     3.672000000000e+05 1.000000000000e+00                                      
C16 2020 05 14 07 00 00-6.454505492000e-04 1.200550769910e-11-1.260385025510e-18
     3.000000000000e+00 7.534375000000e+01 1.325769509340e-09 9.940204897430e-01
     2.556946128610e-06 2.901204279620e-03 1.592002809050e-05 6.493286670680e+03
     3.708000000000e+05-4.749745130540e-08-7.970087385450e-01 7.171183824540e-08
     9.604395855920e-01-2.522343750000e+02-2.597971176200e+00-1.820432971200e-09
     3.560862609930e-10 0.000000000000e+00 7.490000000000e+02 0.000000000000e+00
     2.000000000000e+00 0.000000000000e+00-2.900000017900e-09 4.200000000000e-09
     3.708000000000e+05 2.000000000000e+00                                      
C16 2020 05 14 08 00 00-6.454073591160e-04 1.199662591490e-11-1.260385025510e-18
     4.000000000000e+00 5.989062500000e+01 1.286482158570e-09 1.255840099950e+00
     2.095475792880e-06 2.901573083360e-03 1.643272116780e-05 6.493291748050e+03
     3.744000000000e+05-6.612390279770e-08-7.970153816560e-01 7.497146725650e-08
     9.604408685720e-01-2.691875000000e+02-2.597256347610e+00-1.816147078390e-09
     3.625151002090e-10 0.000000000000e+00 7.490000000000e+02 0.000000000000e+00
     2.000000000000e+00 0.000000000000e+00-2.900000017900e-09 4.200000000000e-09
     3.744000000000e+05 3.000000000000e+00                                      
C16 2020 05 14 09 00 00-6.453641690310e-04 1.198774413070e-11-1.260385025510e-18
     5.000000000000e+00 3.092187500000e+01 1.225765343760e-09 1.517407222190e+00
     1.249834895130e-06 2.901368774470e-03 1.672608777880e-05 6.493298521040e+03
     3.780000000000e+05-1.029111444950e-07-7.970221227820e-01 5.355104804040e-08
     9.604422276220e-01-2.791718750000e+02-2.596289639640e+00-1.803289399960e-09
     3.753727786400e-10 0.000000000000e+00 7.490000000000e+02 0.000000000000e+00
     2.000000000000e+00 0.000000000000e+00-2.900000017900e-09 4.200000000000e-09
     3.780000000000e+05 4.000000000000e+00                                      
C16 2020 05 14 10 00 00-6.453209789470e-04 1.197797416810e-11-1.260385025510e-18
     6.000000000000e+00-5.468750000000e-01 1.151833692780e-09 1.778984659470e+00
     3.767199814320e-07 2.900412771850e-03 1.656077802180e-05 6.493305568700e+03
     3.816000000000e+05-1.215375959870e-07-7.970288565940e-01 2.328306436540e-09
     9.604437139470e-01-2.731562500000e+02-2.595334241490e+00-1.781859935900e-09
     3.885876148050e-10 0.000000000000e+00 7.490000000000e+02 0.000000000000e+00
     2.000000000000e+00 0.000000000000e+00-2.900000017900e-09 4.200000000000e-09
     3.816000000000e+05 5.000000000000e+00                                      
C16 2020 05 14 11 00 00-6.452766247090e-04 1.198507959540e-11 0.000000000000e+00
     1.000000000000e+00-1.515625000000e+01 1.092545508910e-09 2.041018296060e+00
     1.443549990650e-08 2.899462706410e-03 1.626322045920e-05 6.493309711460e+03
     3.852000000000e+05-1.047737896440e-07-7.970354733720e-01-5.448237061500e-08
     9.604453304720e-01-2.610781250000e+02-2.594836417790e+00-1.755073105840e-09
     3.985880313630e-10 0.000000000000e+00 7.490000000000e+02 0.000000000000e+00
     2.000000000000e+00 0.000000000000e+00-2.900000017900e-09 4.200000000000e-09
     3.852000000000e+05 0.000000000000e+00                                      
C16 2020 05 14 12 00 00-6.452327361330e-04 1.206590383160e-11 0.000000000000e+00
     1.000000000000e+00-1.589062500000e+01 1.052543842680e-09 2.303517237140e+00
     4.190951585770e-08 2.899378421720e-03 1.636799424890e-05 6.493309999470e+03
     3.888000000000e+05-5.541369318960e-08-7.970419072860e-01-9.126961231230e-08
     9.604470289200e-01-2.597968750000e+02-2.594804888980e+00-1.725786171640e-09
     4.039453973760e-10 0.000000000000e+00 7.490000000000e+02 0.000000000000e+00
     2.000000000000e+00 0.000000000000e+00-2.900000017900e-09 4.200000000000e-09
     3.888000000000e+05 0.000000000000e+00                                      
C16 2020 05 14 13 00 00-6.451909430330e-04 1.185362918930e-11 0.000000000000e+00
     1.000000000000e+00-1.914062500000e+01 1.035043113700e-09 2.566267345160e+00
    -9.173527359960e-08 2.900704857890e-03 1.704506576060e-05 6.493306476590e+03
     3.924000000000e+05 0.000000000000e+00-7.970481246880e-01-8.754432201390e-08
     9.604487317560e-01-2.756875000000e+02-2.595025009870e+00-1.698642183840e-09
     4.032310819070e-10 0.000000000000e+00 7.490000000000e+02 0.000000000000e+00
     2.000000000000e+00 0.000000000000e+00-2.900000017900e-09 4.200000000000e-09
     3.924000000000e+05 0.000000000000e+00                                      
C16 2020 05 14 14 00 00-6.451462395490e-04 1.212185907210e-11 0.000000000000e+00
     1.000000000000e+00-3.839062500000e+01 1.037186060110e-09 2.828962627410e+00
    -8.163042366500e-07 2.903293701820e-03 1.786975190040e-05 6.493300168990e+03
     3.960000000000e+05 2.887099981310e-08-7.970541665400e-01-5.122274160390e-08
     9.604503848540e-01-2.971875000000e+02-2.595190192340e+00-1.676855562050e-09
     3.978737158940e-10 0.000000000000e+00 7.490000000000e+02 0.000000000000e+00
     2.000000000000e+00 0.000000000000e+00-2.900000017900e-09 4.200000000000e-09
     3.970200000000e+05 0.000000000000e+00                                      
C16 2020 05 14 15 00 00-6.451035151260e-04 1.200373134220e-11 0.000000000000e+00
     1.000000000000e+00-6.242187500000e+01 1.036828902370e-09 3.091440757020e+00
    -1.772772520780e-06 2.905614674090e-03 1.821247860790e-05 6.493294599530e+03
     3.996000000000e+05 2.188608050350e-08-7.970601118390e-01-2.048909664150e-08
     9.604519296950e-01-3.057812500000e+02-2.595137357590e+00-1.663997883620e-09
     3.907305612110e-10 0.000000000000e+00 7.490000000000e+02 0.000000000000e+00
     2.000000000000e+00 0.000000000000e+00-2.900000017900e-09 4.200000000000e-09
     3.996000000000e+05 0.000000000000e+00                                      
C16 2020 05 14 16 00 00-6.450590444730e-04 1.215738620890e-11 0.000000000000e+00
     1.000000000000e+00-7.890625000000e+01 1.038257533310e-09-2.929379678200e+00
    -2.446584403510e-06 2.907071146180e-03 1.809746026990e-05 6.493290914540e+03
     4.032000000000e+05 1.583248376850e-08-7.970660790820e-01-1.862645149230e-08
     9.604533531140e-01-3.030000000000e+02-2.594970431320e+00-1.662212094950e-09
     3.885876148050e-10 0.000000000000e+00 7.490000000000e+02 0.000000000000e+00
     2.000000000000e+00 0.000000000000e+00-2.900000017900e-09 4.200000000000e-09
     4.032000000000e+05 0.000000000000e+00                                      
C16 2020 05 14 17 00 00-6.450158543880e-04 1.209343736260e-11 0.000000000000e+00
     1.000000000000e+00-7.409375000000e+01 1.012542176450e-09-2.666724961220e+00
    -2.393499016760e-06 2.906579407860e-03 1.815892755990e-05 6.493292366030e+03
     4.068000000000e+05 2.793967723850e-08-7.970721150820e-01-1.583248376850e-08
     9.604547297200e-01-3.076406250000e+02-2.595092519150e+00-1.665069356820e-09
     3.932306653500e-10 0.000000000000e+00 7.490000000000e+02 0.000000000000e+00
     2.000000000000e+00 0.000000000000e+00-2.900000017900e-09 4.200000000000e-09
     4.068000000000e+05 0.000000000000e+00                                      
C16 2020 05 14 18 00 00-6.449726643040e-04 1.204103483590e-11 0.000000000000e+00
     1.000000000000e+00-6.512500000000e+01 9.639687245950e-10-2.403549048940e+00
    -2.140179276470e-06 2.904960885640e-03 1.888768747450e-05 6.493298295970e+03
     4.104000000000e+05 3.306195139880e-08-7.970781540070e-01-6.053596735000e-09
     9.604561326590e-01-3.332187500000e+02-2.595735809580e+00-1.665783672290e-09
     3.975165581600e-10 0.000000000000e+00 7.490000000000e+02 0.000000000000e+00
     2.000000000000e+00 0.000000000000e+00-2.900000017900e-09 4.200000000000e-09
     4.104000000000e+05 0.000000000000e+00                                      
C16 2020 05 14 19 00 00-6.449294742200e-04 1.201705401850e-11 0.000000000000e+00
     1.000000000000e+00-7.082812500000e+01 9.132523263390e-10-2.140065651760e+00
    -2.320390194650e-06 2.903594868260e-03 1.990981400010e-05 6.493305711750e+03
     4.140000000000e+05 3.818422555920e-08-7.970841080840e-01-1.350417733190e-08
     9.604575707070e-01-3.664218750000e+02-2.596687480220e+00-1.666855145490e-09
     3.939449808180e-10 0.000000000000e+00 7.490000000000e+02 0.000000000000e+00
     2.000000000000e+00 0.000000000000e+00-2.900000017900e-09 4.200000000000e-09
     4.140000000000e+05 0.000000000000e+00                                      
C16 2020 05 14 20 00 00-6.448865169660e-04 1.199218502280e-11 0.000000000000e+00
     1.000000000000e+00-8.428125000000e+01 8.882512849460e-10-1.876860564510e+00
    -2.762302756310e-06 2.903162385340e-03 2.047279849650e-05 6.493310518260e+03
     4.176000000000e+05 6.519258022310e-08-7.970899714600e-01-2.142041921620e-08
     9.604589868120e-01-3.839687500000e+02-2.597362210220e+00-1.672212511510e-09
     3.839445642610e-10 0.000000000000e+00 7.490000000000e+02 0.000000000000e+00
     2.000000000000e+00 0.000000000000e+00-2.900000017900e-09 4.200000000000e-09
     4.176000000000e+05 0.000000000000e+00                                      
C16 2020 05 14 21 00 00-6.448430940510e-04 1.202504762430e-11 0.000000000000e+00
     1.000000000000e+00-8.096875000000e+01 9.061091716550e-10-1.614438161840e+00
    -2.699438482520e-06 2.903098589740e-03 2.047419548030e-05 6.493309747700e+03
     4.212000000000e+05 1.029111444950e-07-7.970958026510e-01-8.381903171540e-09
     9.604603166050e-01-3.836718750000e+02-2.597255317720e+00-1.683998716730e-09
     3.710868858300e-10 0.000000000000e+00 7.490000000000e+02 0.000000000000e+00
     2.000000000000e+00 0.000000000000e+00-2.900000017900e-09 4.200000000000e-09
     4.212000000000e+05 0.000000000000e+00                                      
C16 2020 05 14 22 00 00-6.448001367970e-04 1.198330323860e-11 0.000000000000e+00
     1.000000000000e+00-4.843750000000e+01 9.786121916970e-10-1.352901541440e+00
    -1.778826117520e-06 2.902087057010e-03 2.065254375340e-05 6.493302379610e+03
     4.248000000000e+05 1.350417733190e-07-7.971016455460e-01 3.445893526080e-08
     9.604615249750e-01-3.899218750000e+02-2.596262900430e+00-1.703285234380e-09
     3.568005764620e-10 0.000000000000e+00 7.490000000000e+02 0.000000000000e+00
     2.000000000000e+00 0.000000000000e+00-2.900000017900e-09 4.200000000000e-09
     4.278000000000e+05 0.000000000000e+00                                      
C16 2020 05 14 23 00 00-6.447571795430e-04 1.195576970760e-11 0.000000000000e+00
     1.000000000000e+00-1.785937500000e+01 1.070758887120e-09-1.091425703820e+00
    -9.173527359960e-07 2.900030231100e-03 2.138130366800e-05 6.493293474200e+03
     4.284000000000e+05 1.215375959870e-07-7.971075513460e-01 1.005828380580e-07
     9.604625709610e-01-4.157031250000e+02-2.595208611940e+00-1.733286484050e-09
     3.446572134990e-10 0.000000000000e+00 7.490000000000e+02 0.000000000000e+00
     2.000000000000e+00 0.000000000000e+00-2.900000017900e-09 4.200000000000e-09
     4.284000000000e+05 0.000000000000e+00                                      
C19 2020 05 14 00 00 00 4.116648342460e-04 1.166355900750e-11 0.000000000000e+00
     1.000000000000e+00-6.050000000000e+01 3.719797801650e-09 1.132492484130e+00
    -3.148335963490e-06 1.040457282220e-03 8.536502718930e-06 5.282625749590e+03
     3.456000000000e+05-1.862645149230e-09-1.586370324450e+00-1.071020960810e-08
     9.630510933210e-01 1.885781250000e+02-1.190051847370e+00-6.670635001580e-09
    -3.428714248280e-11 0.000000000000e+00 7.490000000000e+02 0.000000000000e+00
     2.000000000000e+00 0.000000000000e+00 1.230000012950e-08 1.230000000000e-08
     3.456000000000e+05 1.000000000000e+00                                      
C19 2020 05 14 01 00 00 4.117067437620e-04 1.165822993700e-11 0.000000000000e+00
     1.000000000000e+00-6.290625000000e+01 3.787300613420e-09 1.620352950300e+00
    -3.120861947540e-06 1.040529925380e-03 8.454546332360e-06 5.282625154500e+03
     3.492000000000e+05-8.847564458850e-09-1.586394415790e+00-3.958120942120e-08
     9.630508607170e-01 1.876250000000e+02-1.190345923170e+00-6.694564569770e-09
    -2.464388365950e-11 0.000000000000e+00 7.490000000000e+02 0.000000000000e+00
     2.000000000000e+00 0.000000000000e+00 1.230000012950e-08 1.230000000000e-08
     3.492600000000e+05 1.000000000000e+00                                      
C19 2020 05 14 02 00 00 4.117486532780e-04 1.164934815280e-11 0.000000000000e+00
     1.000000000000e+00-7.229687500000e+01 3.882661728450e-09 2.108997087050e+00
    -3.409106284380e-06 1.041167881340e-03 8.388888090850e-06 5.282622661590e+03
     3.528000000000e+05 4.889443516730e-08-1.586418763130e+00-6.193295121190e-08
     9.630506529820e-01 1.897656250000e+02-1.191423049270e+00-6.727780239050e-09
     1.071473202590e-11 0.000000000000e+00 7.490000000000e+02 0.000000000000e+00
     2.000000000000e+00 0.000000000000e+00 1.230000012950e-08 1.230000000000e-08
     3.560700000000e+05 1.000000000000e+00                                      
C19 2020 05 14 03 00 00 4.117918433620e-04 1.180389119780e-11 0.000000000000e+00
     1.000000000000e+00-7.306250000000e+01 3.918020344130e-09 2.596573581800e+00
    -3.395602107050e-06 1.041053677910e-03 8.544884622100e-06 5.282622846600e+03
     3.564000000000e+05 9.499490261080e-08-1.586443360640e+00 1.816079020500e-08
     9.630506588340e-01 1.889218750000e+02-1.191431371810e+00-6.742066548420e-09
     7.643175511800e-11 0.000000000000e+00 7.490000000000e+02 0.000000000000e+00
     2.000000000000e+00 0.000000000000e+00 1.230000012950e-08 1.230000000000e-08
     3.564000000000e+05 1.000000000000e+00                                      
C19 2020 05 14 04 00 00 4.118335200470e-04 1.168753982480e-11 0.000000000000e+00
     1.000000000000e+00-8.128125000000e+01 3.867303945880e-09 3.084017805350e+00
    -3.830529749390e-06 1.039129798300e-03 9.156763553620e-06 5.282626607890e+03
     3.600000000000e+05 1.909211277960e-08-1.586468022510e+00 7.916241884230e-08
     9.630510172490e-01 1.775312500000e+02-1.191307453870e+00-6.716708349290e-09
     1.432202514130e-10 0.000000000000e+00 7.490000000000e+02 0.000000000000e+00
     2.000000000000e+00 0.000000000000e+00 1.230000012950e-08 1.230000000000e-08
     3.600000000000e+05 1.000000000000e+00                                      
C19 2020 05 14 05 00 00 4.118757788090e-04 1.172129060480e-11 0.000000000000e+00
     1.000000000000e+00-8.801562500000e+01 3.826945121910e-09-2.711325957040e+00
    -4.192814230920e-06 1.038247602990e-03 9.214971214530e-06 5.282628414150e+03
     3.636000000000e+05-2.980232238770e-08-1.586492435690e+00 3.678724169730e-08
     9.630516916540e-01 1.762343750000e+02-1.191582299600e+00-6.677063840800e-09
     1.771502361610e-10 0.000000000000e+00 7.490000000000e+02 0.000000000000e+00
     2.000000000000e+00 0.000000000000e+00 1.230000012950e-08 1.230000000000e-08
     3.636000000000e+05 1.000000000000e+00                                      
C19 2020 05 14 06 00 00 4.119179211560e-04 1.172217878320e-11 0.000000000000e+00
     1.000000000000e+00-8.209375000000e+01 3.864803841740e-09-2.224993798460e+00
    -3.912951797250e-06 1.039208378640e-03 9.696464985610e-06 5.282625289920e+03
     3.672000000000e+05-2.188608050350e-08-1.586516505080e+00 2.048909664150e-08
     9.630524040950e-01 1.660937500000e+02-1.190348399890e+00-6.661706058230e-09
     1.817932867060e-10 0.000000000000e+00 7.490000000000e+02 0.000000000000e+00
     2.000000000000e+00 0.000000000000e+00 1.230000012950e-08 1.230000000000e-08
     3.672000000000e+05 1.000000000000e+00                                      
C19 2020 05 14 07 00 00 4.119601799180e-04 1.172484331850e-11 0.000000000000e+00
     1.000000000000e+00-8.309375000000e+01 3.874804258290e-09-1.738178707220e+00
    -4.003290086980e-06 1.039444701750e-03 1.005921512840e-05 5.282623710630e+03
     3.708000000000e+05-3.445893526080e-08-1.586540507170e+00 1.117587089540e-08
     9.630529980400e-01 1.601406250000e+02-1.189596275670e+00-6.674920894390e-09
     1.842933908450e-10 0.000000000000e+00 7.490000000000e+02 0.000000000000e+00
     2.000000000000e+00 0.000000000000e+00 1.230000012950e-08 1.230000000000e-08
     3.708000000000e+05 1.000000000000e+00                                      
C19 2020 05 14 08 00 00 4.120017401870e-04 1.164135454700e-11 0.000000000000e+00
     1.000000000000e+00-7.151562500000e+01 3.791943663960e-09-1.249165201200e+00
    -3.628432750700e-06 1.039942493660e-03 9.998679161070e-06 5.282626785280e+03
     3.744000000000e+05-2.793967723850e-08-1.586564591190e+00-2.793967723850e-09
     9.630536197800e-01 1.621406250000e+02-1.191042215120e+00-6.685278468680e-09
     1.914365455290e-10 0.000000000000e+00 7.490000000000e+02 0.000000000000e+00
     2.000000000000e+00 0.000000000000e+00 1.230000012950e-08 1.230000000000e-08
     3.744000000000e+05 1.000000000000e+00                                      
C19 2020 05 14 09 00 00 4.120435332880e-04 1.162714369230e-11 0.000000000000e+00
     1.000000000000e+00-6.792187500000e+01 3.731941164610e-09-7.612092269630e-01
    -3.600027412180e-06 1.040215720420e-03 9.940937161450e-06 5.282627708440e+03
     3.780000000000e+05-3.259629011150e-08-1.586588635720e+00-6.053596735000e-09
     9.630543146660e-01 1.606406250000e+02-1.191431961360e+00-6.683849837750e-09
     1.871506527190e-10 0.000000000000e+00 7.490000000000e+02 0.000000000000e+00
     2.000000000000e+00 0.000000000000e+00 1.230000012950e-08 1.230000000000e-08
     3.780000000000e+05 1.000000000000e+00                                      
C19 2020 05 14 10 00 00 4.120860248800e-04 1.168753982480e-11 0.000000000000e+00
     1.000000000000e+00-6.514062500000e+01 3.738727161560e-09-2.741114180240e-01
    -3.435183316470e-06 1.038478338160e-03 9.138137102130e-06 5.282624170300e+03
     3.816000000000e+05-2.607703208920e-08-1.586612595390e+00-2.933666110040e-08
     9.630549817570e-01 1.734218750000e+02-1.190963919740e+00-6.685992784150e-09
     1.692927660090e-10 0.000000000000e+00 7.490000000000e+02 0.000000000000e+00
     2.000000000000e+00 0.000000000000e+00 1.230000012950e-08 1.230000000000e-08
     3.816000000000e+05 1.000000000000e+00                                      
C19 2020 05 14 11 00 00 4.121280508120e-04 1.168665164640e-11 0.000000000000e+00
     1.000000000000e+00-5.835937500000e+01 3.728012429540e-09 2.135967218010e-01
    -2.923421561720e-06 1.037386595270e-03 8.859205991030e-06 5.282622016910e+03
     3.852000000000e+05-2.328306436540e-09-1.586636568230e+00-2.654269337650e-08
     9.630555493690e-01 1.775468750000e+02-1.191105082560e+00-6.697064673910e-09
     1.546492989070e-10 0.000000000000e+00 7.490000000000e+02 0.000000000000e+00
     2.000000000000e+00 0.000000000000e+00 1.230000012950e-08 1.230000000000e-08
     3.852000000000e+05 1.000000000000e+00                                      
C19 2020 05 14 12 00 00 4.121707752350e-04 1.176925223940e-11 0.000000000000e+00
     1.000000000000e+00-6.431250000000e+01 3.660509617780e-09 7.005184553830e-01
    -3.066845238210e-06 1.038131769750e-03 8.728820830580e-06 5.282623958590e+03
     3.888000000000e+05-9.313225746150e-10-1.586660668340e+00-2.235174179080e-08
     9.630560935750e-01 1.821093750000e+02-1.190459306630e+00-6.699564778050e-09
     1.528635102360e-10 0.000000000000e+00 7.490000000000e+02 0.000000000000e+00
     2.000000000000e+00 0.000000000000e+00 1.230000012950e-08 1.230000000000e-08
     3.903600000000e+05 1.000000000000e+00                                      
C19 2020 05 14 13 00 00 4.122125683350e-04 1.169375707380e-11 0.000000000000e+00
     1.000000000000e+00-6.517187500000e+01 3.583720704920e-09 1.186940407870e+00
    -3.099907189610e-06 1.038673566650e-03 8.387956768270e-06 5.282626493450e+03
     3.924000000000e+05 1.955777406690e-08-1.586684787470e+00-2.188608050350e-08
     9.630567357960e-01 1.917500000000e+02-1.189314643450e+00-6.680992575870e-09
     1.528635102360e-10 0.000000000000e+00 7.490000000000e+02 0.000000000000e+00
     2.000000000000e+00 0.000000000000e+00 1.230000012950e-08 1.230000000000e-08
     3.924000000000e+05 1.000000000000e+00                                      
C19 2020 05 14 14 00 00 4.122524987910e-04 1.148325878830e-11 0.000000000000e+00
     1.000000000000e+00-6.751562500000e+01 3.555148086190e-09 1.674801737160e+00
    -3.270804882050e-06 1.038764137770e-03 8.467584848400e-06 5.282625883100e+03
     3.960000000000e+05 2.700835466380e-08-1.586708717880e+00 2.002343535420e-08
     9.630574365340e-01 1.911562500000e+02-1.189610404530e+00-6.647419748860e-09
     1.392915163360e-10 0.000000000000e+00 7.490000000000e+02 0.000000000000e+00
     2.000000000000e+00 0.000000000000e+00 1.230000012950e-08 1.230000000000e-08
     3.960000000000e+05 1.000000000000e+00                                      
C19 2020 05 14 15 00 00 4.122959217060e-04 1.175770592000e-11 0.000000000000e+00
     1.000000000000e+00-7.707812500000e+01 3.577649023440e-09 2.163481841220e+00
    -3.729015588760e-06 1.039511058480e-03 8.312985301020e-06 5.282623205180e+03
     3.996000000000e+05-3.073364496230e-08-1.586732401060e+00 3.725290298460e-08
     9.630580392560e-01 1.944843750000e+02-1.190724830650e+00-6.616347025980e-09
     1.032185851830e-10 0.000000000000e+00 7.490000000000e+02 0.000000000000e+00
     2.000000000000e+00 0.000000000000e+00 1.230000012950e-08 1.230000000000e-08
     3.996000000000e+05 1.000000000000e+00                                      
C19 2020 05 14 16 00 00 4.123387625440e-04 1.182343112300e-11 0.000000000000e+00
     1.000000000000e+00-7.826562500000e+01 3.593721121480e-09 2.651149616210e+00
    -3.764405846600e-06 1.039558555930e-03 8.362811058760e-06 5.282623025890e+03
     4.032000000000e+05-6.007030606270e-08-1.586755892600e+00-3.585591912270e-08
     9.630584283920e-01 1.949843750000e+02-1.190826085060e+00-6.607775240360e-09
     4.643050544550e-11 0.000000000000e+00 7.490000000000e+02 0.000000000000e+00
     2.000000000000e+00 0.000000000000e+00 1.230000012950e-08 1.230000000000e-08
     4.032000000000e+05 1.000000000000e+00                                      
C19 2020 05 14 17 00 00 4.123805556450e-04 1.173194874580e-11 0.000000000000e+00
     1.000000000000e+00-8.670312500000e+01 3.582292073990e-09 3.138699831100e+00
    -4.225410521030e-06 1.037834794260e-03 8.874572813510e-06 5.282626390460e+03
     4.068000000000e+05 2.374872565270e-08-1.586779289050e+00-8.055940270420e-08
     9.630584986120e-01 1.857343750000e+02-1.190809817410e+00-6.637419332300e-09
    -1.821504444400e-11 0.000000000000e+00 7.490000000000e+02 0.000000000000e+00
     2.000000000000e+00 0.000000000000e+00 1.230000012950e-08 1.230000000000e-08
     4.087500000000e+05 1.000000000000e+00                                      
C19 2020 05 14 18 00 00 4.124225815760e-04 1.169730978750e-11 0.000000000000e+00
     1.000000000000e+00-9.293750000000e+01 3.606935957650e-09-2.656624945540e+00
    -4.592817276720e-06 1.037042588000e-03 8.886214345690e-06 5.282628049850e+03
     4.104000000000e+05 7.543712854390e-08-1.586802875680e+00-1.024454832080e-08
     9.630582001770e-01 1.852343750000e+02-1.191104911400e+00-6.694207412040e-09
    -6.071681481330e-11 0.000000000000e+00 7.490000000000e+02 0.000000000000e+00
     2.000000000000e+00 0.000000000000e+00 1.230000012950e-08 1.230000000000e-08
     4.104000000000e+05 1.000000000000e+00                                      
C19 2020 05 14 19 00 00 4.124636761840e-04 1.157829387920e-11 0.000000000000e+00
     1.000000000000e+00-8.853125000000e+01 3.693010971590e-09-2.170226427530e+00
    -4.420056939130e-06 1.037853304300e-03 9.275041520600e-06 5.282625211720e+03
     4.140000000000e+05 4.097819328310e-08-1.586826907040e+00 2.561137080190e-08
     9.630577788560e-01 1.754218750000e+02-1.189938114270e+00-6.735994866940e-09
    -7.000291590240e-11 0.000000000000e+00 7.490000000000e+02 0.000000000000e+00
     2.000000000000e+00 0.000000000000e+00 1.230000012950e-08 1.230000000000e-08
     4.140000000000e+05 1.000000000000e+00                                      
C19 2020 05 14 20 00 00 4.125058185310e-04 1.163957819020e-11 0.000000000000e+00
     1.000000000000e+00-8.989062500000e+01 3.743370212110e-09-1.683314700310e+00
    -4.440546035770e-06 1.038027578030e-03 9.428709745410e-06 5.282623861310e+03
     4.176000000000e+05 3.119930624960e-08-1.586851175380e+00 1.955777406690e-08
     9.630574789580e-01 1.702500000000e+02-1.189283230210e+00-6.745995283500e-09
    -6.821712723150e-11 0.000000000000e+00 7.490000000000e+02 0.000000000000e+00
     2.000000000000e+00 0.000000000000e+00 1.230000012950e-08 1.230000000000e-08
     4.176000000000e+05 1.000000000000e+00                                      
C19 2020 05 14 21 00 00 4.125512205060e-04 1.207833832950e-11 0.000000000000e+00
     1.000000000000e+00-7.829687500000e+01 3.703368545880e-09-1.194312270050e+00
    -3.824476152660e-06 1.038608257660e-03 9.384006261830e-06 5.282626995090e+03
     4.212000000000e+05 1.676380634310e-08-1.586875373510e+00 3.818422555920e-08
     9.630572931680e-01 1.710000000000e+02-1.190718690780e+00-6.730637500930e-09
    -8.000333245990e-11 0.000000000000e+00 7.490000000000e+02 0.000000000000e+00
     2.000000000000e+00 0.000000000000e+00 1.230000012950e-08 1.230000000000e-08
     4.212000000000e+05 1.000000000000e+00                                      
C19 2020 05 14 22 00 00 4.125930136070e-04 1.187139275770e-11 0.000000000000e+00
     1.000000000000e+00-7.509375000000e+01 3.696225391200e-09-7.063821060730e-01
    -3.641936928030e-06 1.038887770850e-03 9.505543857810e-06 5.282627897260e+03
     4.248000000000e+05-1.816079020500e-08-1.586899434130e+00 2.048909664150e-08
     9.630570356940e-01 1.694218750000e+02-1.191083080270e+00-6.718136980230e-09
    -1.071473202590e-10 0.000000000000e+00 7.490000000000e+02 0.000000000000e+00
     2.000000000000e+00 0.000000000000e+00 1.230000012950e-08 1.230000000000e-08
     4.248000000000e+05 1.000000000000e+00                                      
C19 2020 05 14 23 00 00 4.126325948160e-04 1.156585938130e-11 0.000000000000e+00
     1.000000000000e+00-7.068750000000e+01 3.770514199910e-09-2.192082795220e-01
    -3.456138074400e-06 1.037055742930e-03 8.955597877500e-06 5.282624237060e+03
     4.284000000000e+05-1.257285475730e-08-1.586923525460e+00-1.396983861920e-09
     9.630566377800e-01 1.825312500000e+02-1.190691224500e+00-6.719922768900e-09
    -1.235765760320e-10 0.000000000000e+00 7.490000000000e+02 0.000000000000e+00
     2.000000000000e+00 0.000000000000e+00 1.230000012950e-08 1.230000000000e-08
     4.284000000000e+05 1.000000000000e+00                                      
C20 2020 05 14 00 00 00-8.775735041130e-04 1.100186608480e-11 0.000000000000e+00
     1.000000000000e+00-6.820312500000e+01 3.826587964180e-09 1.543931010990e+00
    -3.268942236900e-06 9.645230602470e-04 8.394010365010e-06 5.282626619340e+03
     3.456000000000e+05 2.374872565270e-08-1.585751687120e+00-4.563480615620e-08
     9.630494563150e-01 1.879687500000e+02-8.343044247220e-01-6.720637084370e-09
    -2.321525272270e-11 0.000000000000e+00 7.490000000000e+02 0.000000000000e+00
     2.000000000000e+00 0.000000000000e+00 2.310000013490e-08 2.310000000000e-08
     3.456000000000e+05 1.000000000000e+00                                      
C20 2020 05 14 01 00 00-8.775335736570e-04 1.104183411370e-11 0.000000000000e+00
     1.000000000000e+00-7.239062500000e+01 3.897305195550e-09 2.032162414670e+00
    -3.354623913760e-06 9.647735860200e-04 8.351169526580e-06 5.282625293730e+03
     3.492000000000e+05 8.707866072650e-08-1.585776170510e+00-1.350417733190e-08
     9.630493056350e-01 1.911562500000e+02-8.349690108510e-01-6.743138021620e-09
     2.428672592530e-11 0.000000000000e+00 7.490000000000e+02 0.000000000000e+00
     2.000000000000e+00 0.000000000000e+00 2.310000013490e-08 2.310000000000e-08
     3.492000000000e+05 1.000000000000e+00                                      
C20 2020 05 14 02 00 00-8.774941088630e-04 1.101163604740e-11 0.000000000000e+00
     1.000000000000e+00-7.495312500000e+01 3.884090359380e-09 2.518963693040e+00
    -3.495719283820e-06 9.636945324020e-04 8.908566087480e-06 5.282627845760e+03
     3.528000000000e+05 5.820766091350e-08-1.585800838240e+00 7.823109626770e-08
     9.630494226680e-01 1.820468750000e+02-8.342028367650e-01-6.734923393740e-09
     9.321816862520e-11 0.000000000000e+00 7.490000000000e+02 0.000000000000e+00
     2.000000000000e+00 0.000000000000e+00 2.310000013490e-08 2.310000000000e-08
     3.528000000000e+05 1.000000000000e+00                                      
C20 2020 05 14 03 00 00-8.774532470850e-04 1.115463277300e-11 0.000000000000e+00
     1.000000000000e+00-8.559375000000e+01 3.831588172460e-09 3.006215626250e+00
    -4.076864570380e-06 9.620850905780e-04 9.199138730760e-06 5.282631044390e+03
     3.564000000000e+05-2.887099981310e-08-1.585825428430e+00 6.612390279770e-08
     9.630499098200e-01 1.766250000000e+02-8.338882523240e-01-6.692778781100e-09
     1.467918287550e-10 0.000000000000e+00 7.490000000000e+02 0.000000000000e+00
     2.000000000000e+00 0.000000000000e+00 2.310000013490e-08 2.310000000000e-08
     3.564000000000e+05 1.000000000000e+00                                      
C20 2020 05 14 04 00 00-8.774141315370e-04 1.102939961580e-11 0.000000000000e+00
     1.000000000000e+00-8.095312500000e+01 3.843731535420e-09-2.789790091940e+00
    -3.883615136150e-06 9.628754341970e-04 9.397510439160e-06 5.282629356380e+03
     3.600000000000e+05-3.119930624960e-08-1.585849649960e+00 1.909211277960e-08
     9.630506003170e-01 1.720156250000e+02-8.335025174000e-01-6.657063007680e-09
     1.639353999960e-10 0.000000000000e+00 7.490000000000e+02 0.000000000000e+00
     2.000000000000e+00 0.000000000000e+00 2.310000013490e-08 2.310000000000e-08
     3.600000000000e+05 1.000000000000e+00                                      
C20 2020 05 14 05 00 00-8.773742010820e-04 1.106581493100e-11 0.000000000000e+00
     1.000000000000e+00-7.995312500000e+01 3.889090567660e-09-2.303591749410e+00
    -3.841239959000e-06 9.641627548260e-04 1.007504761220e-05 5.282625772480e+03
     3.636000000000e+05-3.259629011150e-08-1.585873615490e+00 1.536682248120e-08
     9.630511927990e-01 1.585625000000e+02-8.321348923410e-01-6.657063007680e-09
     1.653640309330e-10 0.000000000000e+00 7.490000000000e+02 0.000000000000e+00
     2.000000000000e+00 0.000000000000e+00 2.310000013490e-08 2.310000000000e-08
     3.636000000000e+05 1.000000000000e+00                                      
C20 2020 05 14 06 00 00-8.773347362880e-04 1.101518876110e-11 0.000000000000e+00
     1.000000000000e+00-7.529687500000e+01 3.848374585960e-09-1.815360904570e+00
    -3.736000508070e-06 9.640764910730e-04 1.006433740260e-05 5.282627004620e+03
     3.672000000000e+05-3.492459654810e-08-1.585897652690e+00-9.778887033460e-09
     9.630517004320e-01 1.603593750000e+02-8.327985787750e-01-6.676706683060e-09
     1.739358165530e-10 0.000000000000e+00 7.490000000000e+02 0.000000000000e+00
     2.000000000000e+00 0.000000000000e+00 2.310000013490e-08 2.310000000000e-08
     3.672000000000e+05 1.000000000000e+00                                      
C20 2020 05 14 07 00 00-8.772949222480e-04 1.103739322160e-11 0.000000000000e+00
     1.000000000000e+00-6.593750000000e+01 3.775514408190e-09-1.326461710970e+00
    -3.450084477660e-06 9.643099037930e-04 1.013139262800e-05 5.282629545210e+03
     3.708000000000e+05-2.095475792880e-08-1.585921749880e+00-1.490116119380e-08
     9.630523031540e-01 1.578437500000e+02-8.341313220150e-01-6.684564153210e-09
     1.821504444400e-10 0.000000000000e+00 7.490000000000e+02 0.000000000000e+00
     2.000000000000e+00 0.000000000000e+00 2.310000013490e-08 2.310000000000e-08
     3.708000000000e+05 1.000000000000e+00                                      
C20 2020 05 14 08 00 00-8.772560395300e-04 1.091748913500e-11 0.000000000000e+00
     1.000000000000e+00-6.681250000000e+01 3.775157250450e-09-8.397443865410e-01
    -3.531109541650e-06 9.635007008910e-04 9.596813470130e-06 5.282627290730e+03
     3.744000000000e+05-2.281740307810e-08-1.585945775380e+00-2.374872565270e-08
     9.630529614670e-01 1.661875000000e+02-8.332831864810e-01-6.684206995480e-09
     1.753644474900e-10 0.000000000000e+00 7.490000000000e+02 0.000000000000e+00
     2.000000000000e+00 0.000000000000e+00 2.310000013490e-08 2.310000000000e-08
     3.744000000000e+05 1.000000000000e+00                                      
C20 2020 05 14 09 00 00-8.772168075666e-04 1.091660095653e-11 0.000000000000e+00
     1.000000000000e+00-5.887500000000e+01 3.792300695693e-09-3.528695789829e-01
    -3.046356141567e-06 9.619056945667e-04 9.019859135151e-06 5.282623910904e+03
     3.780000000000e+05-1.862645149231e-09-1.585969737983e+00-3.492459654808e-08
     9.630535671152e-01 1.759062500000e+02-8.325917689720e-01-6.691707188367e-09
     1.589351983355e-10 0.000000000000e+00 7.490000000000e+02 0.000000000000e+00
     2.000000000000e+00 0.000000000000e+00 2.310000013495e-08 2.310000013495e-08
     3.786600000000e+05 1.000000000000e+00                                      
C20 2020 05 14 10 00 00-8.771765278652e-04 1.102673508058e-11 0.000000000000e+00
     1.000000000000e+00-6.210937500000e+01 3.746227328350e-09 1.345641920187e-01
    -3.039836883545e-06 9.623419027776e-04 8.968636393547e-06 5.282624780655e+03
     3.816000000000e+05 8.381903171539e-09-1.585993773727e+00-2.188608050346e-08
     9.630540966916e-01 1.775156250000e+02-8.324582967152e-01-6.701707633283e-09
     1.510777197788e-10 0.000000000000e+00 7.490000000000e+02 0.000000000000e+00
     2.000000000000e+00 0.000000000000e+00 2.310000013495e-08 2.310000013495e-08
     3.816000000000e+05 1.000000000000e+00                                      
C20 2020 05 14 11 00 00-8.771396242080e-04 1.068034549690e-11 0.000000000000e+00
     1.000000000000e+00-6.782812500000e+01 3.666938456990e-09 6.211012366620e-01
    -3.261957317590e-06 9.637877810750e-04 8.513685315850e-06 5.282628189090e+03
     3.852000000000e+05 1.164153218270e-08-1.586017904560e+00-2.328306436540e-08
     9.630546569890e-01 1.890937500000e+02-8.314286115850e-01-6.698493304850e-09
     1.514348792990e-10 0.000000000000e+00 7.490000000000e+02 0.000000000000e+00
     2.000000000000e+00 0.000000000000e+00 2.310000013490e-08 2.310000000000e-08
     3.880200000000e+05 1.000000000000e+00                                      
C20 2020 05 14 12 00 00-8.770989952610e-04 1.098499069490e-11 0.000000000000e+00
     1.000000000000e+00-6.639062500000e+01 3.624436686620e-09 1.108132313130e+00
    -3.220513463020e-06 9.641308570280e-04 8.359551429750e-06 5.282629386900e+03
     3.888000000000e+05 2.514570951460e-08-1.586041984190e+00-9.313225746150e-09
     9.630552816550e-01 1.935156250000e+02-8.308942632010e-01-6.681706891340e-09
     1.478633019570e-10 0.000000000000e+00 7.490000000000e+02 0.000000000000e+00
     2.000000000000e+00 0.000000000000e+00 2.310000013490e-08 2.310000000000e-08
     3.889200000000e+05 1.000000000000e+00                                      
C20 2020 05 14 13 00 00-8.770576678220e-04 1.120259440770e-11 0.000000000000e+00
     1.000000000000e+00-7.365625000000e+01 3.631222683570e-09 1.596726156220e+00
    -3.612134605650e-06 9.641709038990e-04 8.370727300640e-06 5.282627456670e+03
     3.924000000000e+05 6.984919309620e-09-1.586065921920e+00 1.583248376850e-08
     9.630558902290e-01 1.934218750000e+02-8.319231276350e-01-6.661348900490e-09
     1.328626771210e-10 0.000000000000e+00 7.490000000000e+02 0.000000000000e+00
     2.000000000000e+00 0.000000000000e+00 2.310000013490e-08 2.310000000000e-08
     3.924000000000e+05 1.000000000000e+00                                      
C20 2020 05 14 14 00 00-8.770196000110e-04 1.092814727600e-11 0.000000000000e+00
     1.000000000000e+00-7.734375000000e+01 3.642651731070e-09 2.084939851280e+00
    -3.793742507700e-06 9.644565870990e-04 8.195638656620e-06 5.282626119610e+03
     3.960000000000e+05-2.607703208920e-08-1.586089739690e+00-4.190951585770e-09
     9.630563978620e-01 1.969375000000e+02-8.325712120470e-01-6.650277010730e-09
     1.060758470560e-10 0.000000000000e+00 7.490000000000e+02 0.000000000000e+00
     2.000000000000e+00 0.000000000000e+00 2.310000013490e-08 2.310000000000e-08
     3.960000000000e+05 1.000000000000e+00                                      
C20 2020 05 14 15 00 00-8.769802516330e-04 1.092903545440e-11 0.000000000000e+00
     1.000000000000e+00-8.064062500000e+01 3.617293531940e-09 2.571862910260e+00
    -3.954861313100e-06 9.634355083110e-04 8.603557944300e-06 5.282628444670e+03
     3.996000000000e+05-3.725290298460e-09-1.586113474070e+00-4.796311259270e-08
     9.630567577400e-01 1.888593750000e+02-8.319283107530e-01-6.656705849950e-09
     7.071723137080e-11 0.000000000000e+00 7.490000000000e+02 0.000000000000e+00
     2.000000000000e+00 0.000000000000e+00 2.310000013490e-08 2.310000000000e-08
     4.015500000000e+05 1.000000000000e+00                                      
C20 2020 05 14 16 00 00-8.769414853300e-04 1.086242207290e-11 0.000000000000e+00
     1.000000000000e+00-9.081250000000e+01 3.592649648280e-09 3.059220663650e+00
    -4.443805664780e-06 9.619619231670e-04 8.789356797930e-06 5.282631345750e+03
     4.032000000000e+05 5.261972546580e-08-1.586137201140e+00-2.793967723850e-08
     9.630568967170e-01 1.849843750000e+02-8.317210035580e-01-6.688135730560e-09
     3.535861568540e-11 0.000000000000e+00 7.490000000000e+02 0.000000000000e+00
     2.000000000000e+00 0.000000000000e+00 2.310000013490e-08 2.310000000000e-08
     4.032000000000e+05 1.000000000000e+00                                      
C20 2020 05 14 17 00 00-8.769023697820e-04 1.087663292760e-11 0.000000000000e+00
     1.000000000000e+00-8.676562500000e+01 3.633008472240e-09-2.736811801070e+00
    -4.234723746780e-06 9.627169929440e-04 9.027775377040e-06 5.282629692080e+03
     4.068000000000e+05 4.563480615620e-08-1.586161166670e+00 1.722946763040e-08
     9.630568616070e-01 1.801250000000e+02-8.313095914960e-01-6.723494346240e-09
     2.071514858340e-11 0.000000000000e+00 7.490000000000e+02 0.000000000000e+00
     2.000000000000e+00 0.000000000000e+00 2.310000013490e-08 2.310000000000e-08
     4.068000000000e+05 1.000000000000e+00                                      
C20 2020 05 14 18 00 00-8.768605766820e-04 1.120170622930e-11 0.000000000000e+00
     1.000000000000e+00-8.709375000000e+01 3.684439185970e-09-2.250539326620e+00
    -4.251487553120e-06 9.638200281190e-04 9.605661034580e-06 5.282626461030e+03
     4.104000000000e+05 4.051253199580e-08-1.586185373570e+00 2.188608050350e-08
     9.630569186610e-01 1.679062500000e+02-8.300169541550e-01-6.727423081320e-09
     2.000083311500e-11 0.000000000000e+00 7.490000000000e+02 0.000000000000e+00
     2.000000000000e+00 0.000000000000e+00 2.310000013490e-08 2.310000000000e-08
     4.104000000000e+05 1.000000000000e+00                                      
C20 2020 05 14 19 00 00-8.768237894400e-04 1.074607070000e-11 0.000000000000e+00
     1.000000000000e+00-8.229687500000e+01 3.651937832150e-09-1.762283988140e+00
    -4.009809345010e-06 9.637573966760e-04 9.529292583470e-06 5.282627748490e+03
     4.140000000000e+05 3.771856427190e-08-1.586209469290e+00 6.193295121190e-08
     9.630571205430e-01 1.692656250000e+02-8.307061802120e-01-6.697064673910e-09
     5.000208278750e-12 0.000000000000e+00 7.490000000000e+02 0.000000000000e+00
     2.000000000000e+00 0.000000000000e+00 2.310000013490e-08 2.310000000000e-08
     4.140000000000e+05 1.000000000000e+00                                      
C20 2020 05 14 20 00 00-8.767829276620e-04 1.100008972800e-11 0.000000000000e+00
     1.000000000000e+00-7.398437500000e+01 3.600149960700e-09-1.273485610080e+00
    -3.600493073460e-06 9.640355128790e-04 9.691808372740e-06 5.282630130770e+03
     4.176000000000e+05-3.958120942120e-08-1.586233257810e+00 6.845220923420e-08
     9.630572522060e-01 1.660937500000e+02-8.319392299740e-01-6.660991742760e-09
    -4.321608583770e-11 0.000000000000e+00 7.490000000000e+02 0.000000000000e+00
     2.000000000000e+00 0.000000000000e+00 2.310000013490e-08 2.310000000000e-08
     4.176000000000e+05 1.000000000000e+00                                      
C20 2020 05 14 21 00 00-8.767443941910e-04 1.088729106870e-11 0.000000000000e+00
     1.000000000000e+00-7.398437500000e+01 3.641937415600e-09-7.867442689310e-01
    -3.600027412180e-06 9.631661232560e-04 9.320676326750e-06 5.282627838130e+03
     4.212000000000e+05-5.913898348810e-08-1.586256876620e+00-1.629814505580e-08
     9.630570985990e-01 1.748437500000e+02-8.311160810810e-01-6.655277219010e-09
    -1.067901625250e-10 0.000000000000e+00 7.490000000000e+02 0.000000000000e+00
     2.000000000000e+00 0.000000000000e+00 2.310000013490e-08 2.310000000000e-08
     4.233900000000e+05 1.000000000000e+00                                      
C20 2020 05 14 22 00 00-8.767049293970e-04 1.093169998970e-11 0.000000000000e+00
     1.000000000000e+00-6.448437500000e+01 3.725869483130e-09-2.998034413420e-01
    -3.206077963110e-06 9.614692535250e-04 8.934177458290e-06 5.282624336240e+03
     4.248000000000e+05 1.396983861920e-09-1.586280571500e+00-3.911554813390e-08
     9.630566333920e-01 1.840937500000e+02-8.304914033580e-01-6.677778156260e-09
    -1.503634060970e-10 0.000000000000e+00 7.490000000000e+02 0.000000000000e+00
     2.000000000000e+00 0.000000000000e+00 2.310000013490e-08 2.310000000000e-08
     4.248000000000e+05 1.000000000000e+00                                      
C20 2020 05 14 23 00 00-8.766652317720e-04 1.096012169910e-11 0.000000000000e+00
     1.000000000000e+00-6.628125000000e+01 3.755870732810e-09 1.876316506740e-01
    -3.396067768340e-06 9.617567993700e-04 8.833128958940e-06 5.282624940870e+03
     4.284000000000e+05 1.862645149230e-08-1.586304493140e+00-7.450580596920e-09
     9.630559867820e-01 1.857187500000e+02-8.303596324750e-01-6.702064882190e-09
    -1.671498196040e-10 0.000000000000e+00 7.490000000000e+02 0.000000000000e+00
     2.000000000000e+00 0.000000000000e+00 2.310000013490e-08 2.310000000000e-08
     4.284000000000e+05 1.000000000000e+00                                      
C21 2020 05 14 00 00 00-3.976286388930e-04-4.600941849730e-11 0.000000000000e+00
     1.000000000000e+00-6.107812500000e+01 3.793729452630e-09-6.360899632200e-01
    -2.941116690640e-06 8.901823312040e-04 9.593088179830e-06 5.282626949310e+03
     3.456000000000e+05-6.519258022310e-09-1.583839072410e+00-2.328306436540e-09
     9.623344580300e-01 1.680468750000e+02-9.921124510430e-01-6.697064673910e-09
     5.785955293980e-11 0.000000000000e+00 7.490000000000e+02 0.000000000000e+00
     2.000000000000e+00 0.000000000000e+00 1.450000031160e-08 1.450000000000e-08
     3.456000000000e+05 1.000000000000e+00                                      
C21 2020 05 14 01 00 00-3.977934829890e-04-4.590905433590e-11 0.000000000000e+00
     1.000000000000e+00-5.234375000000e+01 3.863732368530e-09-1.488931205790e-01
    -2.585351467130e-06 8.885108400140e-04 9.227078408000e-06 5.282623636250e+03
     3.492000000000e+05-7.916241884230e-09-1.583863184220e+00-2.328306436540e-09
     9.623346657640e-01 1.770781250000e+02-9.917428316240e-01-6.695993200710e-09
     5.857386840820e-11 0.000000000000e+00 7.490000000000e+02 0.000000000000e+00
     2.000000000000e+00 0.000000000000e+00 1.450000031160e-08 1.450000000000e-08
     3.492000000000e+05 1.000000000000e+00                                      
C21 2020 05 14 02 00 00-3.979590255770e-04-4.593925240210e-11 0.000000000000e+00
     1.000000000000e+00-5.507812500000e+01 3.856946371580e-09 3.384539023060e-01
    -2.752989530560e-06 8.888883749020e-04 9.145122021440e-06 5.282624462130e+03
     3.528000000000e+05-1.071020960810e-08-1.583887315060e+00-8.381903171540e-09
     9.623348954430e-01 1.787343750000e+02-9.915222382070e-01-6.690992992430e-09
     6.143113028170e-11 0.000000000000e+00 7.490000000000e+02 0.000000000000e+00
     2.000000000000e+00 0.000000000000e+00 1.450000031160e-08 1.450000000000e-08
     3.528000000000e+05 1.000000000000e+00                                      
C21 2020 05 14 03 00 00-3.981236368420e-04-4.584599366810e-11 0.000000000000e+00
     1.000000000000e+00-5.885937500000e+01 3.819444809490e-09 8.249311384700e-01
    -2.940651029350e-06 8.898419328030e-04 8.686445653440e-06 5.282627120970e+03
     3.564000000000e+05-6.053596735000e-09-1.583911409320e+00-1.257285475730e-08
     9.623351470640e-01 1.878750000000e+02-9.904322603710e-01-6.685278468680e-09
     6.285976121850e-11 0.000000000000e+00 7.490000000000e+02 0.000000000000e+00
     2.000000000000e+00 0.000000000000e+00 1.450000031160e-08 1.450000000000e-08
     3.564000000000e+05 1.000000000000e+00                                      
C21 2020 05 14 04 00 00-3.982892958450e-04-4.592148883380e-11 0.000000000000e+00
     1.000000000000e+00-6.003125000000e+01 3.830873856990e-09 1.312610988380e+00
    -2.981163561340e-06 8.898831438270e-04 8.667819201950e-06 5.282626945500e+03
     3.600000000000e+05-8.381903171540e-09-1.583935494800e+00-2.188608050350e-08
     9.623353387070e-01 1.879375000000e+02-9.905457901280e-01-6.692421623370e-09
     6.571702309210e-11 0.000000000000e+00 7.490000000000e+02 0.000000000000e+00
     2.000000000000e+00 0.000000000000e+00 1.450000031160e-08 1.450000000000e-08
     3.600000000000e+05 1.000000000000e+00                                      
C21 2020 05 14 05 00 00-3.984543727710e-04-4.588063262640e-11 0.000000000000e+00
     1.000000000000e+00-7.087500000000e+01 3.884447517120e-09 1.801796597930e+00
    -3.502238541840e-06 8.902108529580e-04 8.650124073030e-06 5.282624074940e+03
     3.636000000000e+05 1.955777406690e-08-1.583959711950e+00-4.144385457040e-08
     9.623354981650e-01 1.883125000000e+02-9.921648278990e-01-6.712422456480e-09
     8.357490980190e-11 0.000000000000e+00 7.490000000000e+02 0.000000000000e+00
     2.000000000000e+00 0.000000000000e+00 1.450000031160e-08 1.450000000000e-08
     3.636000000000e+05 1.000000000000e+00                                      
C21 2020 05 14 06 00 00-3.986200317740e-04-4.594014058060e-11 0.000000000000e+00
     1.000000000000e+00-7.371875000000e+01 3.896590880080e-09 2.289842014990e+00
    -3.660563379530e-06 8.904830319810e-04 8.487142622470e-06 5.282623094560e+03
     3.672000000000e+05 6.519258022310e-08-1.583984133900e+00 1.862645149230e-09
     9.623357585640e-01 1.908281250000e+02-9.926425203910e-01-6.727423081320e-09
     1.271481533740e-10 0.000000000000e+00 7.490000000000e+02 0.000000000000e+00
     2.000000000000e+00 0.000000000000e+00 1.450000031160e-08 1.450000000000e-08
     3.676800000000e+05 1.000000000000e+00                                      
C21 2020 05 14 07 00 00-3.987852251160e-04-4.592237701220e-11 0.000000000000e+00
     1.000000000000e+00-7.917187500000e+01 3.819801967230e-09 2.776733093120e+00
    -3.885477781300e-06 8.888674201440e-04 8.957460522650e-06 5.282626443860e+03
     3.708000000000e+05 2.561137080190e-08-1.584008642170e+00 6.286427378650e-08
     9.623362574190e-01 1.793750000000e+02-9.919656267330e-01-6.715279718350e-09
     1.782217093640e-10 0.000000000000e+00 7.490000000000e+02 0.000000000000e+00
     2.000000000000e+00 0.000000000000e+00 1.450000031160e-08 1.450000000000e-08
     3.729600000000e+05 1.000000000000e+00                                      
C21 2020 05 14 08 00 00-3.989519318570e-04-4.609734816090e-11 0.000000000000e+00
     1.000000000000e+00-9.009375000000e+01 3.741227265700e-09-3.018783495490e+00
    -4.333443939690e-06 8.873234037310e-04 9.097158908840e-06 5.282629455570e+03
     3.744000000000e+05-1.955777406690e-08-1.584033002680e+00 4.330649971960e-08
     9.623370005820e-01 1.760156250000e+02-9.920677940060e-01-6.688492888290e-09
     2.064371703650e-10 0.000000000000e+00 7.490000000000e+02 0.000000000000e+00
     2.000000000000e+00 0.000000000000e+00 1.450000031160e-08 1.450000000000e-08
     3.744000000000e+05 1.000000000000e+00                                      
C21 2020 05 14 09 00 00-3.991170087830e-04-4.599431946420e-11 0.000000000000e+00
     1.000000000000e+00-8.553125000000e+01 3.747298947190e-09-2.531922493490e+00
    -4.072207957510e-06 8.881265530360e-04 9.415205568080e-06 5.282627470020e+03
     3.780000000000e+05-1.490116119380e-08-1.584057127660e+00 2.421438694000e-08
     9.623378198160e-01 1.701250000000e+02-9.913633755440e-01-6.672063632520e-09
     2.125088518470e-10 0.000000000000e+00 7.490000000000e+02 0.000000000000e+00
     2.000000000000e+00 0.000000000000e+00 1.450000031160e-08 1.450000000000e-08
     3.780000000000e+05 1.000000000000e+00                                      
C21 2020 05 14 10 00 00-3.992823185400e-04-4.595435143530e-11 0.000000000000e+00
     1.000000000000e+00-8.601562500000e+01 3.761585256550e-09-2.045483847640e+00
    -4.115048795940e-06 8.887386647980e-04 9.903684258460e-06 5.282625188830e+03
     3.816000000000e+05-1.443549990650e-08-1.584081145850e+00 2.374872565270e-08
     9.623385907740e-01 1.615312500000e+02-9.902358680070e-01-6.671706474780e-09
     2.128660095810e-10 0.000000000000e+00 7.490000000000e+02 0.000000000000e+00
     2.000000000000e+00 0.000000000000e+00 1.450000031160e-08 1.450000000000e-08
     3.816000000000e+05 1.000000000000e+00                                      
C21 2020 05 14 11 00 00-3.994485596190e-04-4.606270920250e-11 0.000000000000e+00
     1.000000000000e+00-7.687500000000e+01 3.693010971590e-09-1.556454369490e+00
    -3.787688910960e-06 8.887905860320e-04 9.799841791390e-06 5.282627710340e+03
     3.852000000000e+05-1.629814505580e-08-1.584105143560e+00 2.980232238770e-08
     9.623393748980e-01 1.646875000000e+02-9.916985885930e-01-6.666706266500e-09
     2.103659054410e-10 0.000000000000e+00 7.490000000000e+02 0.000000000000e+00
     2.000000000000e+00 0.000000000000e+00 1.450000031160e-08 1.450000000000e-08
     3.852000000000e+05 1.000000000000e+00                                      
C21 2020 05 14 12 00 00-3.996139857920e-04-4.601297121100e-11 0.000000000000e+00
     1.000000000000e+00-6.946875000000e+01 3.626579633030e-09-1.067769208120e+00
    -3.530643880370e-06 8.892215555530e-04 9.898096323010e-06 5.282629816060e+03
     3.888000000000e+05-5.634501576420e-08-1.584128978880e+00 2.607703208920e-08
     9.623401853540e-01 1.615312500000e+02-9.928182066120e-01-6.650277010730e-09
     1.842933908450e-10 0.000000000000e+00 7.490000000000e+02 0.000000000000e+00
     2.000000000000e+00 0.000000000000e+00 1.450000031160e-08 1.450000000000e-08
     3.888000000000e+05 1.000000000000e+00                                      
C21 2020 05 14 13 00 00-3.997784806420e-04-4.586553359330e-11 0.000000000000e+00
     1.000000000000e+00-6.893750000000e+01 3.647294781610e-09-5.810933852150e-01
    -3.512948751450e-06 8.879466913640e-04 9.283889085050e-06 5.282626888280e+03
     3.924000000000e+05-6.100162863730e-08-1.584152632810e+00-4.284083843230e-08
     9.623408465930e-01 1.724531250000e+02-9.919292951620e-01-6.648848379790e-09
     1.339341503240e-10 0.000000000000e+00 7.490000000000e+02 0.000000000000e+00
     2.000000000000e+00 0.000000000000e+00 1.450000031160e-08 1.450000000000e-08
     3.924000000000e+05 1.000000000000e+00                                      
C21 2020 05 14 14 00 00-3.999450709670e-04-4.603872838520e-11 0.000000000000e+00
     1.000000000000e+00-5.917187500000e+01 3.695153917990e-09-9.380805212190e-02
    -2.978835254910e-06 8.862144313750e-04 8.844770491120e-06 5.282623464580e+03
     3.960000000000e+05 1.303851604460e-08-1.584176267710e+00-5.727633833890e-08
     9.623412284150e-01 1.806718750000e+02-9.916488464520e-01-6.678492471730e-09
     8.500354073870e-11 0.000000000000e+00 7.490000000000e+02 0.000000000000e+00
     2.000000000000e+00 0.000000000000e+00 1.450000031160e-08 1.450000000000e-08
     3.960000000000e+05 1.000000000000e+00                                      
C21 2020 05 14 15 00 00-4.001097986470e-04-4.591260704960e-11 0.000000000000e+00
     1.000000000000e+00-6.121875000000e+01 3.688010763310e-09 3.935505673150e-01
    -3.012362867590e-06 8.865008130670e-04 8.785631507640e-06 5.282624113080e+03
     3.996000000000e+05 3.026798367500e-08-1.584200157160e+00-1.117587089540e-08
     9.623413864100e-01 1.824375000000e+02-9.914405122880e-01-6.712422456480e-09
     6.393123442110e-11 0.000000000000e+00 7.490000000000e+02 0.000000000000e+00
     2.000000000000e+00 0.000000000000e+00 1.450000031160e-08 1.450000000000e-08
     3.996000000000e+05 1.000000000000e+00                                      
C21 2020 05 14 16 00 00-4.002753412350e-04-4.594369329420e-11 0.000000000000e+00
     1.000000000000e+00-6.385937500000e+01 3.635151418650e-09 8.800001762710e-01
    -3.121327608820e-06 8.873689221220e-04 8.403789252040e-06 5.282626672740e+03
     4.032000000000e+05 2.887099981310e-08-1.584224320180e+00-6.053596735000e-09
     9.623416073110e-01 1.917656250000e+02-9.903234207280e-01-6.714565402890e-09
     6.285976121850e-11 0.000000000000e+00 7.490000000000e+02 0.000000000000e+00
     2.000000000000e+00 0.000000000000e+00 1.450000031160e-08 1.450000000000e-08
     4.032000000000e+05 1.000000000000e+00                                      
C21 2020 05 14 17 00 00-4.004412330690e-04-4.598987857210e-11 0.000000000000e+00
     1.000000000000e+00-6.465625000000e+01 3.603007222570e-09 1.367604270440e+00
    -3.193039447070e-06 8.874312043190e-04 8.422881364820e-06 5.282626636510e+03
     4.068000000000e+05 4.656612873080e-08-1.584248395420e+00 3.119930624960e-08
     9.623419920580e-01 1.923281250000e+02-9.903618076990e-01-6.680278260400e-09
     5.178787145840e-11 0.000000000000e+00 7.490000000000e+02 0.000000000000e+00
     2.000000000000e+00 0.000000000000e+00 1.450000031160e-08 1.450000000000e-08
     4.068000000000e+05 1.000000000000e+00                                      
C21 2020 05 14 18 00 00-4.006067756560e-04-4.599964853470e-11 0.000000000000e+00
     1.000000000000e+00-7.525000000000e+01 3.618722162870e-09 1.856748611070e+00
    -3.703869879250e-06 8.878317894410e-04 8.353032171730e-06 5.282623802190e+03
     4.104000000000e+05-1.676380634310e-08-1.584272144440e+00 7.404014468190e-08
     9.623423358440e-01 1.938750000000e+02-9.919405581690e-01-6.635990701360e-09
     1.035757429170e-11 0.000000000000e+00 7.490000000000e+02 0.000000000000e+00
     2.000000000000e+00 0.000000000000e+00 1.450000031160e-08 1.450000000000e-08
     4.104000000000e+05 1.000000000000e+00                                      
C21 2020 05 14 19 00 00-4.007731331510e-04-4.610800630190e-11 0.000000000000e+00
     1.000000000000e+00-7.795312500000e+01 3.634794260910e-09 2.344805610040e+00
    -3.809574991460e-06 8.881498361010e-04 8.246861398220e-06 5.282622760770e+03
     4.140000000000e+05-7.776543498040e-08-1.584295647680e+00 4.190951585770e-09
     9.623424177670e-01 1.969843750000e+02-9.924310804520e-01-6.616704183720e-09
    -5.500229106620e-11 0.000000000000e+00 7.490000000000e+02 0.000000000000e+00
     2.000000000000e+00 0.000000000000e+00 1.450000031160e-08 1.450000000000e-08
     4.140000000000e+05 1.000000000000e+00                                      
C21 2020 05 14 20 00 00-4.009378608320e-04-4.593392333160e-11 0.000000000000e+00
     1.000000000000e+00-8.448437500000e+01 3.612293323660e-09 2.831809527430e+00
    -4.150439053770e-06 8.865344570950e-04 8.805189281700e-06 5.282626058580e+03
     4.176000000000e+05-1.955777406690e-08-1.584319104110e+00-6.146728992460e-08
     9.623421529790e-01 1.865468750000e+02-9.918682417390e-01-6.635276385890e-09
    -1.171477368160e-10 0.000000000000e+00 7.490000000000e+02 0.000000000000e+00
     2.000000000000e+00 0.000000000000e+00 1.450000031160e-08 1.450000000000e-08
     4.176000000000e+05 1.000000000000e+00                                      
C21 2020 05 14 21 00 00-4.011038690810e-04-4.601297121100e-11 0.000000000000e+00
     1.000000000000e+00-9.576562500000e+01 3.610150377250e-09-2.963604027850e+00
    -4.781875759360e-06 8.849701844160e-04 8.909031748770e-06 5.282629137040e+03
     4.212000000000e+05 3.399327397350e-08-1.584342749250e+00-2.514570951460e-08
     9.623415824410e-01 1.844375000000e+02-9.920743171570e-01-6.672777947990e-09
    -1.525063525020e-10 0.000000000000e+00 7.490000000000e+02 0.000000000000e+00
     2.000000000000e+00 0.000000000000e+00 1.450000031160e-08 1.450000000000e-08
     4.212000000000e+05 1.000000000000e+00                                      
C21 2020 05 14 22 00 00-4.012691788375e-04-4.597922043104e-11 0.000000000000e+00
     1.000000000000e+00-9.182812500000e+01 3.699796913281e-09-2.476780808639e+00
    -4.697125405073e-06 8.857226930559e-04 9.079929441214e-06 5.282627204895e+03
     4.248000000000e+05 1.071020960808e-08-1.584366682592e+00 1.443549990654e-08
     9.623408568337e-01 1.780312500000e+02-9.913325738037e-01-6.710279443212e-09
    -1.635782481690e-10 0.000000000000e+00 7.490000000000e+02 0.000000000000e+00
     2.000000000000e+00 0.000000000000e+00 1.450000031156e-08 1.450000031156e-08
     4.248000000000e+05 1.000000000000e+00                                      
C21 2020 05 14 23 00 00-4.014356527480e-04-4.610001269610e-11 0.000000000000e+00
     1.000000000000e+00-9.303125000000e+01 3.799443976380e-09-1.990279153450e+00
    -4.706904292110e-06 8.862426038830e-04 9.275041520600e-06 5.282625133510e+03
     4.284000000000e+05-2.933666110040e-08-1.584390885110e+00-4.656612873080e-09
     9.623400829500e-01 1.700000000000e+02-9.902681312030e-01-6.748852545370e-09
    -1.585780339830e-10 0.000000000000e+00 7.490000000000e+02 0.000000000000e+00
     2.000000000000e+00 0.000000000000e+00 1.450000031160e-08 1.450000000000e-08
     4.290900000000e+05 1.000000000000e+00                                      
C22 2020 05 14 00 00 00-8.077685488390e-04 9.511502696570e-12 0.000000000000e+00
     1.000000000000e+00-5.231250000000e+01 3.790157875290e-09-3.516528349060e-01
    -2.639833837750e-06 7.419914472850e-04 9.307637810710e-06 5.282622865680e+03
     3.456000000000e+05 8.847564458850e-09-1.583926085310e+00-1.676380634310e-08
     9.623436817290e-01 1.756562500000e+02-4.951075794690e-01-6.662420373690e-09
     1.142904749430e-11 0.000000000000e+00 7.490000000000e+02 0.000000000000e+00
     2.000000000000e+00 0.000000000000e+00 1.609999955580e-08 1.610000000000e-08
     3.463800000000e+05 1.000000000000e+00                                      
C22 2020 05 14 01 00 00-8.077336242420e-04 9.601208716960e-12 0.000000000000e+00
     1.000000000000e+00-5.907812500000e+01 3.774085777250e-09 1.356671225320e-01
    -3.015156835320e-06 7.433831924570e-04 8.888542652130e-06 5.282625606540e+03
     3.492000000000e+05 2.328306436540e-09-1.583950037670e+00-2.793967723850e-09
     9.623436656360e-01 1.832968750000e+02-4.948600932290e-01-6.674920894390e-09
     7.500312418120e-12 0.000000000000e+00 7.490000000000e+02 0.000000000000e+00
     2.000000000000e+00 0.000000000000e+00 1.609999955580e-08 1.610000000000e-08
     3.494100000000e+05 1.000000000000e+00                                      
C22 2020 05 14 02 00 00-8.076998637990e-04 9.499068198690e-12 0.000000000000e+00
     1.000000000000e+00-5.870312500000e+01 3.784086193810e-09 6.227043886060e-01
    -2.972315996890e-06 7.440594490620e-04 8.522998541590e-06 5.282627143860e+03
     3.528000000000e+05-1.443549990650e-08-1.583974083660e+00-9.778887033460e-09
     9.623436173600e-01 1.889375000000e+02-4.943307977650e-01-6.690635834700e-09
     9.286101089100e-12 0.000000000000e+00 7.490000000000e+02 0.000000000000e+00
     2.000000000000e+00 0.000000000000e+00 1.609999955580e-08 1.610000000000e-08
     3.528000000000e+05 1.000000000000e+00                                      
C22 2020 05 14 03 00 00-8.076656376943e-04 9.499068198693e-12 0.000000000000e+00
     2.000000000000e+00-6.609375000000e+01 3.853017636507e-09 1.111536108032e+00
    -3.229826688766e-06 7.436234736815e-04 8.591916412115e-06 5.282625127792e+03
     3.564000000000e+05-1.862645149231e-09-1.583998292024e+00-4.516914486885e-08
     9.623435383626e-01 1.867656250000e+02-4.955962175146e-01-6.717065507026e-09
     2.571535686212e-11 0.000000000000e+00 7.490000000000e+02 0.000000000000e+00
     2.000000000000e+00 0.000000000000e+00 1.610000000000e-08 1.610000000000e-08
     3.594000000000e+05 2.000000000000e+00                                      
C22 2020 05 14 04 00 00-8.076298981900e-04 9.634959496910e-12 0.000000000000e+00
     1.000000000000e+00-7.340625000000e+01 3.919448975070e-09 1.600641628670e+00
    -3.512017428870e-06 7.435982115570e-04 8.428003638980e-06 5.282622905730e+03
     3.600000000000e+05 5.960464477540e-08-1.584022730070e+00-3.352761268620e-08
     9.623435529920e-01 1.910781250000e+02-4.971344363760e-01-6.742066548420e-09
     6.607418082630e-11 0.000000000000e+00 7.490000000000e+02 0.000000000000e+00
     2.000000000000e+00 0.000000000000e+00 1.609999955580e-08 1.610000000000e-08
     3.603300000000e+05 1.000000000000e+00                                      
C22 2020 05 14 05 00 00-8.075953228400e-04 9.625189534290e-12 0.000000000000e+00
     1.000000000000e+00-7.450000000000e+01 3.900519615160e-09 2.087122997580e+00
    -3.558583557610e-06 7.430764380840e-04 8.797273039820e-06 5.282624774930e+03
     3.636000000000e+05 5.727633833890e-08-1.584047348060e+00 5.168840289120e-08
     9.623437987620e-01 1.841406250000e+02-4.960476067400e-01-6.741352232950e-09
     1.275053111080e-10 0.000000000000e+00 7.490000000000e+02 0.000000000000e+00
     2.000000000000e+00 0.000000000000e+00 1.609999955580e-08 1.610000000000e-08
     3.646500000000e+05 1.000000000000e+00                                      
C22 2020 05 14 06 00 00-8.075613295660e-04 9.534595335480e-12 0.000000000000e+00
     1.000000000000e+00-8.714062500000e+01 3.820516282700e-09 2.573086443740e+00
    -4.162080585960e-06 7.413270650430e-04 9.224284440280e-06 5.282628902440e+03
     3.672000000000e+05-2.095475792880e-08-1.584071930930e+00 6.239861249920e-08
     9.623443693000e-01 1.752031250000e+02-4.944436223960e-01-6.709208036870e-09
     1.778645516300e-10 0.000000000000e+00 7.490000000000e+02 0.000000000000e+00
     2.000000000000e+00 0.000000000000e+00 1.609999955580e-08 1.610000000000e-08
     3.672000000000e+05 1.000000000000e+00                                      
C22 2020 05 14 07 00 00-8.075268706310e-04 9.546141654940e-12 0.000000000000e+00
     1.000000000000e+00-8.771875000000e+01 3.801229765050e-09 3.060517490790e+00
    -4.187226295470e-06 7.413354469460e-04 9.285286068920e-06 5.282628908160e+03
     3.708000000000e+05-3.492459654810e-08-1.584096222690e+00 1.909211277960e-08
     9.623451504980e-01 1.738281250000e+02-4.943088203460e-01-6.676706683060e-09
     1.971510692760e-10 0.000000000000e+00 7.490000000000e+02 0.000000000000e+00
     2.000000000000e+00 0.000000000000e+00 1.609999955580e-08 1.610000000000e-08
     3.708000000000e+05 1.000000000000e+00                                      
C22 2020 05 14 08 00 00-8.074938086790e-04 9.376499576770e-12 0.000000000000e+00
     1.000000000000e+00-8.493750000000e+01 3.838017011670e-09-2.735950374930e+00
    -4.052184522150e-06 7.429043762390e-04 9.887851774690e-06 5.282625617980e+03
     3.744000000000e+05-2.514570951460e-08-1.584120265740e+00 1.210719347000e-08
     9.623459141420e-01 1.617500000000e+02-4.934603673590e-01-6.666349108770e-09
     1.989368579470e-10 0.000000000000e+00 7.490000000000e+02 0.000000000000e+00
     2.000000000000e+00 0.000000000000e+00 1.609999955580e-08 1.610000000000e-08
     3.744000000000e+05 1.000000000000e+00                                      
C22 2020 05 14 09 00 00-8.074587676670e-04 9.555023439130e-12 0.000000000000e+00
     1.000000000000e+00-8.203125000000e+01 3.802658395990e-09-2.247932141820e+00
    -3.997702151540e-06 7.427459349860e-04 9.915791451930e-06 5.282626298900e+03
     3.780000000000e+05-2.607703208920e-08-1.584144279540e+00 6.053596735000e-09
     9.623466075650e-01 1.627812500000e+02-4.939115971260e-01-6.670992159310e-09
     2.010798043520e-10 0.000000000000e+00 7.490000000000e+02 0.000000000000e+00
     2.000000000000e+00 0.000000000000e+00 1.609999955580e-08 1.610000000000e-08
     3.780000000000e+05 1.000000000000e+00                                      
C22 2020 05 14 10 00 00-8.074243087320e-04 9.553247082290e-12 0.000000000000e+00
     1.000000000000e+00-6.937500000000e+01 3.713726120170e-09-1.758101028440e+00
    -3.558117896320e-06 7.423578063030e-04 9.967945516110e-06 5.282629659650e+03
     3.816000000000e+05-2.747401595120e-08-1.584168290420e+00 6.053596735000e-09
     9.623473331720e-01 1.611718750000e+02-4.961762425890e-01-6.670635001580e-09
     2.000083311500e-10 0.000000000000e+00 7.490000000000e+02 0.000000000000e+00
     2.000000000000e+00 0.000000000000e+00 1.609999955580e-08 1.610000000000e-08
     3.816000000000e+05 1.000000000000e+00                                      
C22 2020 05 14 11 00 00-8.073906647040e-04 9.454659277710e-12 0.000000000000e+00
     1.000000000000e+00-6.968750000000e+01 3.688010763310e-09-1.271205361140e+00
    -3.647524863480e-06 7.421131012960e-04 9.621959179640e-06 5.282628582000e+03
     3.852000000000e+05-4.144385457040e-08-1.584192200350e+00-1.443549990650e-08
     9.623480660940e-01 1.653125000000e+02-4.955067820180e-01-6.666349108770e-09
     1.821504444400e-10 0.000000000000e+00 7.490000000000e+02 0.000000000000e+00
     2.000000000000e+00 0.000000000000e+00 1.609999955580e-08 1.610000000000e-08
     3.852000000000e+05 1.000000000000e+00                                      
C22 2020 05 14 12 00 00-8.073560893540e-04 9.516831767090e-12 0.000000000000e+00
     1.000000000000e+00-6.203125000000e+01 3.711940331500e-09-7.856470335580e-01
    -3.191176801920e-06 7.406893419100e-04 8.860602974890e-06 5.282624553680e+03
     3.888000000000e+05-1.117587089540e-08-1.584216023970e+00-4.330649971960e-08
     9.623486892970e-01 1.781562500000e+02-4.934996364690e-01-6.676349525330e-09
     1.525063525020e-10 0.000000000000e+00 7.490000000000e+02 0.000000000000e+00
     2.000000000000e+00 0.000000000000e+00 1.609999955580e-08 1.610000000000e-08
     3.888000000000e+05 1.000000000000e+00                                      
C22 2020 05 14 13 00 00-8.073211647570e-04 9.598544181700e-12 0.000000000000e+00
     1.000000000000e+00-5.839062500000e+01 3.700868441740e-09-2.983984621340e-01
    -2.853572368620e-06 7.402155315500e-04 8.792150765660e-06 5.282623525620e+03
     3.924000000000e+05 2.002343535420e-08-1.584239913430e+00-1.909211277960e-08
     9.623491457280e-01 1.794687500000e+02-4.931814620270e-01-6.699564778050e-09
     1.314340461840e-10 0.000000000000e+00 7.490000000000e+02 0.000000000000e+00
     2.000000000000e+00 0.000000000000e+00 1.609999955580e-08 1.610000000000e-08
     3.924000000000e+05 1.000000000000e+00                                      
C22 2020 05 14 14 00 00-8.072869386520e-04 9.549694368620e-12 0.000000000000e+00
     1.000000000000e+00-6.356250000000e+01 3.637294365050e-09 1.888608558870e-01
    -3.015622496600e-06 7.414120482280e-04 8.550472557540e-06 5.282625888820e+03
     3.960000000000e+05 1.490116119380e-08-1.584264009150e+00-6.984919309620e-09
     9.623495714370e-01 1.868750000000e+02-4.928738352250e-01-6.709565194610e-09
     1.278624688420e-10 0.000000000000e+00 7.490000000000e+02 0.000000000000e+00
     2.000000000000e+00 0.000000000000e+00 1.609999955580e-08 1.610000000000e-08
     3.960000000000e+05 1.000000000000e+00                                      
C22 2020 05 14 15 00 00-8.072531782090e-04 9.467093775580e-12 0.000000000000e+00
     1.000000000000e+00-6.262500000000e+01 3.574077446100e-09 6.759040438540e-01
    -3.006774932150e-06 7.420079782610e-04 8.418224751950e-06 5.282627262120e+03
     3.996000000000e+05 3.725290298460e-08-1.584288132670e+00 7.916241884230e-09
     9.623501463640e-01 1.921406250000e+02-4.923510599860e-01-6.686349941880e-09
     1.246480492340e-10 0.000000000000e+00 7.490000000000e+02 0.000000000000e+00
     2.000000000000e+00 0.000000000000e+00 1.609999955580e-08 1.610000000000e-08
     3.996000000000e+05 1.000000000000e+00                                      
C22 2020 05 14 16 00 00-8.072190685200e-04 9.481304630300e-12 0.000000000000e+00
     1.000000000000e+00-7.045312500000e+01 3.565505660480e-09 1.164832191520e+00
    -3.437045961620e-06 7.416039006780e-04 8.508097380400e-06 5.282625144960e+03
     4.032000000000e+05 1.164153218270e-08-1.584311975310e+00 6.752088665960e-08
     9.623507768810e-01 1.907500000000e+02-4.937139086170e-01-6.640990909640e-09
     9.571827276460e-11 0.000000000000e+00 7.490000000000e+02 0.000000000000e+00
     2.000000000000e+00 0.000000000000e+00 1.609999955580e-08 1.610000000000e-08
     4.032000000000e+05 1.000000000000e+00                                      
C22 2020 05 14 17 00 00-8.071837946770e-04 9.578116078050e-12 0.000000000000e+00
     1.000000000000e+00-7.801562500000e+01 3.593006806010e-09 1.654132859580e+00
    -3.768131136890e-06 7.416477892550e-04 8.263159543280e-06 5.282622640610e+03
     4.068000000000e+05-8.055940270420e-08-1.584335482940e+00 4.004687070850e-08
     9.623512216080e-01 1.965000000000e+02-4.954486924670e-01-6.605989451690e-09
     3.214419607760e-11 0.000000000000e+00 7.490000000000e+02 0.000000000000e+00
     2.000000000000e+00 0.000000000000e+00 1.609999955580e-08 1.610000000000e-08
     4.068000000000e+05 1.000000000000e+00                                      
C22 2020 05 14 18 00 00-8.071498014030e-04 9.523937194440e-12 0.000000000000e+00
     1.000000000000e+00-7.976562500000e+01 3.596935541090e-09 2.140839346710e+00
    -3.859400749210e-06 7.411679252980e-04 8.626375347380e-06 5.282624193190e+03
     4.104000000000e+05-6.193295121190e-08-1.584358803320e+00-6.984919309620e-08
     9.623513108460e-01 1.909687500000e+02-4.945885375980e-01-6.611346817700e-09
    -4.893060958490e-11 0.000000000000e+00 7.490000000000e+02 0.000000000000e+00
     2.000000000000e+00 0.000000000000e+00 1.609999955580e-08 1.610000000000e-08
     4.104000000000e+05 1.000000000000e+00                                      
C22 2020 05 14 19 00 00-8.071156917140e-04 9.495515485010e-12 0.000000000000e+00
     1.000000000000e+00-9.268750000000e+01 3.589078070940e-09 2.626995652300e+00
    -4.567671567200e-06 7.394315907730e-04 9.011477231980e-06 5.282628154750e+03
     4.140000000000e+05 4.004687070850e-08-1.584382196840e+00-6.705522537230e-08
     9.623509685230e-01 1.838906250000e+02-4.931787453890e-01-6.657063007680e-09
    -1.128618440060e-10 0.000000000000e+00 7.490000000000e+02 0.000000000000e+00
     2.000000000000e+00 0.000000000000e+00 1.609999955580e-08 1.610000000000e-08
     4.170900000000e+05 1.000000000000e+00                                      
C22 2020 05 14 20 00 00-8.070813491940e-04 9.517719945510e-12 0.000000000000e+00
     1.000000000000e+00-9.379687500000e+01 3.646223308410e-09 3.114428735730e+00
    -4.736240953210e-06 7.393497508020e-04 8.988659828900e-06 5.282628334050e+03
     4.176000000000e+05 4.703179001810e-08-1.584405969260e+00-4.656612873080e-10
     9.623503409320e-01 1.829062500000e+02-4.930467872520e-01-6.706707932730e-09
    -1.385772008680e-10 0.000000000000e+00 7.490000000000e+02 0.000000000000e+00
     2.000000000000e+00 0.000000000000e+00 1.609999955580e-08 1.610000000000e-08
     4.176000000000e+05 1.000000000000e+00                                      
C22 2020 05 14 21 00 00-8.070482872430e-04 9.389822253070e-12 0.000000000000e+00
     1.000000000000e+00-9.242187500000e+01 3.756227890540e-09-2.682077345800e+00
    -4.690606147050e-06 7.407645462080e-04 9.345356374980e-06 5.282625314710e+03
     4.212000000000e+05 1.024454832080e-08-1.584430107410e+00 6.519258022310e-09
     9.623496826180e-01 1.713593750000e+02-4.921605236840e-01-6.739566444280e-09
    -1.396486740710e-10 0.000000000000e+00 7.490000000000e+02 0.000000000000e+00
     2.000000000000e+00 0.000000000000e+00 1.609999955580e-08 1.610000000000e-08
     4.212000000000e+05 1.000000000000e+00                                      
C22 2020 05 14 22 00 00-8.070135954770e-04 9.512390874990e-12 0.000000000000e+00
     1.000000000000e+00-8.882812500000e+01 3.790872190760e-09-2.193899107490e+00
    -4.400033503770e-06 7.405434735120e-04 9.177718311550e-06 5.282626285550e+03
     4.248000000000e+05 5.587935447690e-09-1.584454431340e+00-1.676380634310e-08
     9.623490945250e-01 1.725312500000e+02-4.927719327400e-01-6.757781488720e-09
    -1.321483616530e-10 0.000000000000e+00 7.490000000000e+02 0.000000000000e+00
     2.000000000000e+00 0.000000000000e+00 1.609999955580e-08 1.610000000000e-08
     4.248000000000e+05 1.000000000000e+00                                      
C22 2020 05 14 23 00 00-8.069784380500e-04 9.635847675330e-12 0.000000000000e+00
     1.000000000000e+00-7.584375000000e+01 3.767299780300e-09-1.703886495720e+00
    -3.681983798740e-06 7.402239134540e-04 9.354203939440e-06 5.282629884720e+03
     4.284000000000e+05 2.188608050350e-08-1.584478824040e+00-2.002343535420e-08
     9.623485883560e-01 1.694531250000e+02-4.952180780610e-01-6.765996116610e-09
    -1.225051028290e-10 0.000000000000e+00 7.490000000000e+02 0.000000000000e+00
     2.000000000000e+00 0.000000000000e+00 1.609999955580e-08 1.610000000000e-08
     4.284000000000e+05 1.000000000000e+00                                      
C23 2020 05 14 00 00 00-8.775654714550e-04 1.115818548670e-11 0.000000000000e+00
     1.000000000000e+00 3.248437500000e+01 3.994809256980e-09 2.627992818220e+00
     1.683831214900e-06 1.211877679450e-04 7.121823728080e-06 5.282618059160e+03
     3.456000000000e+05 5.820766091350e-08 5.246850971150e-01-4.656612873080e-09
     9.530044288030e-01 2.136718750000e+02-2.422450272370e+00-6.860642916170e-09
    -1.892935991240e-10 0.000000000000e+00 7.490000000000e+02 0.000000000000e+00
     2.000000000000e+00 0.000000000000e+00 2.530000031700e-08 2.530000000000e-08
     3.456000000000e+05 1.000000000000e+00                                      
C23 2020 05 14 01 00 00-8.775257738310e-04 1.109956571100e-11 0.000000000000e+00
     1.000000000000e+00 3.037500000000e+01 3.950878855680e-09 3.115671638240e+00
     1.503620296720e-06 1.214910298590e-04 7.167458534240e-06 5.282617471690e+03
     3.492000000000e+05 2.235174179080e-08 5.246606985670e-01 7.078051567080e-08
     9.530039767610e-01 2.131718750000e+02-2.422559729360e+00-6.802783363230e-09
    -2.267951612150e-10 0.000000000000e+00 7.490000000000e+02 0.000000000000e+00
     2.000000000000e+00 0.000000000000e+00 2.530000031700e-08 2.530000000000e-08
     3.492000000000e+05 1.000000000000e+00                                      
C23 2020 05 14 02 00 00-8.774838643150e-04 1.131894578070e-11 0.000000000000e+00
     1.000000000000e+00 2.834375000000e+01 3.943378543260e-09-2.681338025040e+00
     1.404434442520e-06 1.218360848720e-04 7.075257599350e-06 5.282616722110e+03
     3.528000000000e+05-6.612390279770e-08 5.246366057690e-01 3.958120942120e-08
     9.530032526160e-01 2.151875000000e+02-2.421166062900e+00-6.769567693950e-09
    -2.892977646990e-10 0.000000000000e+00 7.490000000000e+02 0.000000000000e+00
     2.000000000000e+00 0.000000000000e+00 2.530000031700e-08 2.530000000000e-08
     3.528000000000e+05 1.000000000000e+00                                      
C23 2020 05 14 03 00 00-8.774438174440e-04 1.119548898030e-11 0.000000000000e+00
     1.000000000000e+00 2.878125000000e+01 3.976237054810e-09-2.196286107030e+00
     1.408625394110e-06 1.220701960850e-04 7.017049938440e-06 5.282615974430e+03
     3.564000000000e+05-5.308538675310e-08 5.246126080610e-01-4.982575774190e-08
     9.530021759090e-01 2.180937500000e+02-2.418648462810e+00-6.773496429030e-09
    -3.546576300570e-10 0.000000000000e+00 7.490000000000e+02 0.000000000000e+00
     2.000000000000e+00 0.000000000000e+00 2.530000031700e-08 2.530000000000e-08
     3.564000000000e+05 1.000000000000e+00                                      
C23 2020 05 14 04 00 00-8.774037705730e-04 1.116351455720e-11 0.000000000000e+00
     1.000000000000e+00 2.792187500000e+01 4.046597128440e-09-1.707631061300e+00
     1.286622136830e-06 1.220608828590e-04 7.069204002620e-06 5.282616245270e+03
     3.600000000000e+05 1.033768057820e-07 5.245889161030e-01 2.980232238770e-08
     9.530006574000e-01 2.178593750000e+02-2.419733847080e+00-6.864571651250e-09
    -4.457328522770e-10 0.000000000000e+00 7.490000000000e+02 0.000000000000e+00
     2.000000000000e+00 0.000000000000e+00 2.530000031700e-08 2.530000000000e-08
     3.600000000000e+05 1.000000000000e+00                                      
C23 2020 05 14 05 00 00-8.773639565330e-04 1.111644110100e-11 0.000000000000e+00
     1.000000000000e+00 2.339062500000e+01 4.024096191190e-09-1.214165225550e+00
     9.424984455110e-07 1.223422586920e-04 6.839167326690e-06 5.282617759700e+03
     3.636000000000e+05 9.220093488690e-08 5.245639792010e-01-4.563480615620e-08
     9.529993305330e-01 2.210468750000e+02-2.425629306000e+00-6.804211994170e-09
    -4.143029716670e-10 0.000000000000e+00 7.490000000000e+02 0.000000000000e+00
     2.000000000000e+00 0.000000000000e+00 2.530000031700e-08 2.530000000000e-08
     3.660300000000e+05 1.000000000000e+00                                      
C23 2020 05 14 06 00 00-8.773243753240e-04 1.106670310950e-11 0.000000000000e+00
     1.000000000000e+00 2.284375000000e+01 4.115885728880e-09-7.213114410830e-01
     9.019859135150e-07 1.230319030580e-04 6.305985152720e-06 5.282619627000e+03
     3.672000000000e+05-3.911554813390e-08 5.245394943410e-01 3.073364496230e-08
     9.529972619670e-01 2.277343750000e+02-2.430913402670e+00-6.922074046450e-09
    -4.321608583770e-10 0.000000000000e+00 7.490000000000e+02 0.000000000000e+00
     2.000000000000e+00 0.000000000000e+00 2.530000031700e-08 2.530000000000e-08
     3.672000000000e+05 1.000000000000e+00                                      
C23 2020 05 14 07 00 00-8.772844448690e-04 1.108269032100e-11 0.000000000000e+00
     1.000000000000e+00 2.706250000000e+01 4.182674225170e-09-2.320781462550e-01
     1.265201717620e-06 1.237720716740e-04 6.015878170730e-06 5.282621133800e+03
     3.708000000000e+05-5.261972546580e-08 5.245143262980e-01-5.727633833890e-08
     9.529953952830e-01 2.312187500000e+02-2.432577046280e+00-6.992434120090e-09
    -4.025167664390e-10 0.000000000000e+00 7.490000000000e+02 0.000000000000e+00
     2.000000000000e+00 0.000000000000e+00 2.530000031700e-08 2.530000000000e-08
     3.708000000000e+05 1.000000000000e+00                                      
C23 2020 05 14 08 00 00-8.772446308290e-04 1.106936764470e-11 0.000000000000e+00
     1.000000000000e+00 2.909375000000e+01 4.247319775060e-09 2.550955852060e-01
     1.537147909400e-06 1.240732381120e-04 6.090383976700e-06 5.282621746060e+03
     3.744000000000e+05 4.097819328310e-08 5.244887530280e-01-8.475035429000e-08
     9.529937787590e-01 2.308906250000e+02-2.432181218680e+00-7.043150518350e-09
    -3.450143712330e-10 0.000000000000e+00 7.490000000000e+02 0.000000000000e+00
     2.000000000000e+00 0.000000000000e+00 2.530000031700e-08 2.530000000000e-08
     3.744000000000e+05 1.000000000000e+00                                      
C23 2020 05 14 09 00 00-8.772030705590e-04 1.127364868130e-11 0.000000000000e+00
     1.000000000000e+00 2.889062500000e+01 4.300179119720e-09 7.438378062300e-01
     1.573469489810e-06 1.239342382180e-04 6.169546395540e-06 5.282621364590e+03
     3.780000000000e+05 8.335337042810e-08 5.244629486160e-01 1.583248376850e-08
     9.529925118720e-01 2.325468750000e+02-2.433353766540e+00-7.056008196780e-09
    -2.667968274440e-10 0.000000000000e+00 7.490000000000e+02 0.000000000000e+00
     2.000000000000e+00 0.000000000000e+00 2.530000031700e-08 2.530000000000e-08
     3.780000000000e+05 1.000000000000e+00                                      
C23 2020 05 14 10 00 00-8.771680295470e-04 1.066613464220e-11 0.000000000000e+00
     1.000000000000e+00 3.304687500000e+01 4.345180994230e-09 1.237515140430e+00
     1.682434231040e-06 1.236798707400e-04 6.065238267180e-06 5.282619825360e+03
     3.816000000000e+05 3.911554813390e-08 5.244373446230e-01 2.980232238770e-08
     9.529915902340e-01 2.369062500000e+02-2.439461273970e+00-7.038864625540e-09
    -2.357241045690e-10 0.000000000000e+00 7.490000000000e+02 0.000000000000e+00
     2.000000000000e+00 0.000000000000e+00 2.530000031700e-08 2.530000000000e-08
     3.816000000000e+05 1.000000000000e+00                                      
C23 2020 05 14 11 00 00-8.771261200310e-04 1.110489478150e-11 0.000000000000e+00
     1.000000000000e+00 2.881250000000e+01 4.316251217760e-09 1.720373548830e+00
     1.499429345130e-06 1.236377283930e-04 6.072688847780e-06 5.282620969770e+03
     3.852000000000e+05-7.916241884230e-08 5.244119059410e-01 5.867332220080e-08
     9.529908792550e-01 2.367968750000e+02-2.434749378680e+00-7.026721262570e-09
    -1.907222300610e-10 0.000000000000e+00 7.490000000000e+02 0.000000000000e+00
     2.000000000000e+00 0.000000000000e+00 2.530000031700e-08 2.530000000000e-08
     3.852000000000e+05 1.000000000000e+00                                      
C23 2020 05 14 12 00 00-8.770864224060e-04 1.106492675260e-11 0.000000000000e+00
     1.000000000000e+00 3.406250000000e+01 4.285892810350e-09 2.217110349440e+00
     1.728069037200e-06 1.244081649930e-04 6.462913006540e-06 5.282618297580e+03
     3.888000000000e+05 6.845220923420e-08 5.243863867980e-01 9.778887033460e-09
     9.529908251270e-01 2.281718750000e+02-2.443916071650e+00-6.894572900920e-09
    -1.789360248320e-10 0.000000000000e+00 7.490000000000e+02 0.000000000000e+00
     2.000000000000e+00 0.000000000000e+00 2.530000031700e-08 2.530000000000e-08
     3.888000000000e+05 1.000000000000e+00                                      
C23 2020 05 14 13 00 00-8.770461427050e-04 1.112709924200e-11 0.000000000000e+00
     1.000000000000e+00 3.278125000000e+01 4.311965324950e-09 2.705272241100e+00
     1.641456037760e-06 1.246449537580e-04 6.578862667080e-06 5.282617803570e+03
     3.924000000000e+05 1.862645149230e-09 5.243614528220e-01-1.583248376850e-08
     9.529899020260e-01 2.269531250000e+02-2.444507429950e+00-6.953503927060e-09
    -1.728643433510e-10 0.000000000000e+00 7.490000000000e+02 0.000000000000e+00
     2.000000000000e+00 0.000000000000e+00 2.530000031700e-08 2.530000000000e-08
     3.924000000000e+05 1.000000000000e+00                                      
C23 2020 05 14 14 00 00-8.770071435720e-04 1.102407054530e-11 0.000000000000e+00
     1.000000000000e+00 2.946875000000e+01 4.306607958940e-09-3.090435697190e+00
     1.385342329740e-06 1.251088688150e-04 6.609596312050e-06 5.282616903310e+03
     3.960000000000e+05 1.257285475730e-08 5.243363784060e-01-2.281740307810e-08
     9.529892481020e-01 2.264843750000e+02-2.444414012390e+00-6.960647081750e-09
    -1.664355041350e-10 0.000000000000e+00 7.490000000000e+02 0.000000000000e+00
     2.000000000000e+00 0.000000000000e+00 2.530000031700e-08 2.530000000000e-08
     3.960000000000e+05 1.000000000000e+00                                      
C23 2020 05 14 15 00 00-8.769670967010e-04 1.107824942890e-11 0.000000000000e+00
     1.000000000000e+00 2.835937500000e+01 4.284821337150e-09-2.603836913010e+00
     1.234002411370e-06 1.253216760230e-04 6.431713700290e-06 5.282616413120e+03
     3.996000000000e+05 4.656612873080e-08 5.243111533100e-01-4.656612873080e-10
     9.529886146580e-01 2.277812500000e+02-2.443441716070e+00-6.972433286980e-09
    -1.385772008680e-10 0.000000000000e+00 7.490000000000e+02 0.000000000000e+00
     2.000000000000e+00 0.000000000000e+00 2.530000031700e-08 2.530000000000e-08
     4.012800000000e+05 1.000000000000e+00                                      
C23 2020 05 14 16 00 00-8.769279811530e-04 1.099653701430e-11 0.000000000000e+00
     1.000000000000e+00 2.876562500000e+01 4.248748406000e-09-2.117545228990e+00
     1.286622136830e-06 1.254188828170e-04 6.235670298340e-06 5.282616039280e+03
     4.032000000000e+05 2.328306436540e-09 5.242857380340e-01 6.286427378650e-08
     9.529881318950e-01 2.290156250000e+02-2.442162190860e+00-6.958861293080e-09
    -8.500354073870e-11 0.000000000000e+00 7.490000000000e+02 0.000000000000e+00
     2.000000000000e+00 0.000000000000e+00 2.530000031700e-08 2.530000000000e-08
     4.032000000000e+05 1.000000000000e+00                                      
C23 2020 05 14 17 00 00-8.768873522060e-04 1.113686920460e-11 0.000000000000e+00
     1.000000000000e+00 2.887500000000e+01 4.241605251310e-09-1.630168435720e+00
     1.421198248860e-06 1.254165545110e-04 6.192829459910e-06 5.282615989690e+03
     4.068000000000e+05 5.587935447690e-08 5.242609781460e-01 1.224689185620e-07
     9.529877193520e-01 2.289531250000e+02-2.441968153800e+00-7.002434536650e-09
    -1.175048945510e-10 0.000000000000e+00 7.490000000000e+02 0.000000000000e+00
     2.000000000000e+00 0.000000000000e+00 2.530000031700e-08 2.530000000000e-08
     4.084500000000e+05 1.000000000000e+00                                      
C23 2020 05 14 18 00 00-8.768477709960e-04 1.106936764470e-11 0.000000000000e+00
     1.000000000000e+00 2.609375000000e+01 4.143029716670e-09-1.138969040440e+00
     1.360662281510e-06 1.256479881700e-04 6.120186299090e-06 5.282616971970e+03
     4.104000000000e+05 3.213062882420e-08 5.242354180410e-01-2.281740307810e-08
     9.529878027390e-01 2.316250000000e+02-2.445596322300e+00-6.895287216390e-09
    -6.071681481330e-11 0.000000000000e+00 7.490000000000e+02 0.000000000000e+00
     2.000000000000e+00 0.000000000000e+00 2.530000031700e-08 2.530000000000e-08
     4.104000000000e+05 1.000000000000e+00                                      
C23 2020 05 14 19 00 00-8.768088882790e-04 1.094768720120e-11 0.000000000000e+00
     1.000000000000e+00 2.643750000000e+01 4.124100356760e-09-6.471223902160e-01
     1.369509845970e-06 1.263290178030e-04 5.898065865040e-06 5.282618669510e+03
     4.140000000000e+05-2.374872565270e-08 5.242105806180e-01 3.166496753690e-08
     9.529873667890e-01 2.379843750000e+02-2.449872617630e+00-6.939931933160e-09
    -7.321733551020e-11 0.000000000000e+00 7.490000000000e+02 0.000000000000e+00
     2.000000000000e+00 0.000000000000e+00 2.530000031700e-08 2.530000000000e-08
     4.140000000000e+05 1.000000000000e+00                                      
C23 2020 05 14 20 00 00-8.767690742390e-04 1.100008972800e-11 0.000000000000e+00
     1.000000000000e+00 3.096875000000e+01 4.105170996850e-09-1.584084810460e-01
     1.545064151290e-06 1.270485809070e-04 5.784910172220e-06 5.282620092390e+03
     4.176000000000e+05-2.561137080190e-08 5.241854974240e-01-4.656612873080e-10
     9.529869952080e-01 2.410000000000e+02-2.451016679550e+00-6.964932974560e-09
    -6.178828801590e-11 0.000000000000e+00 7.490000000000e+02 0.000000000000e+00
     2.000000000000e+00 0.000000000000e+00 2.530000031700e-08 2.530000000000e-08
     4.176000000000e+05 1.000000000000e+00                                      
C23 2020 05 14 21 00 00-8.767285617070e-04 1.111644110100e-11 0.000000000000e+00
     1.000000000000e+00 3.290625000000e+01 4.094099107090e-09 3.286332586310e-01
     1.615844666960e-06 1.273180823770e-04 5.805399268870e-06 5.282620634080e+03
     4.212000000000e+05-1.909211277960e-08 5.241603937500e-01-2.793967723850e-09
     9.529867626040e-01 2.403906250000e+02-2.450489063520e+00-6.968861709630e-09
    -5.785955293980e-11 0.000000000000e+00 7.490000000000e+02 0.000000000000e+00
     2.000000000000e+00 0.000000000000e+00 2.530000031700e-08 2.530000000000e-08
     4.212000000000e+05 1.000000000000e+00                                      
C23 2020 05 14 22 00 00-8.766889804970e-04 1.106581493100e-11 0.000000000000e+00
     1.000000000000e+00 3.304687500000e+01 4.087670267870e-09 8.166497742720e-01
     1.616310328250e-06 1.272819936280e-04 5.746260285380e-06 5.282620500560e+03
     4.248000000000e+05-2.188608050350e-08 5.241353544440e-01-1.303851604460e-08
     9.529865548690e-01 2.409062500000e+02-2.450936442880e+00-6.967790236430e-09
    -6.607418082630e-11 0.000000000000e+00 7.490000000000e+02 0.000000000000e+00
     2.000000000000e+00 0.000000000000e+00 2.530000031700e-08 2.530000000000e-08
     4.248000000000e+05 1.000000000000e+00                                      
C23 2020 05 14 23 00 00-8.766499813650e-04 1.095834534230e-11 0.000000000000e+00
     1.000000000000e+00 3.668750000000e+01 4.109814047390e-09 1.309413786770e+00
     1.784414052960e-06 1.270852517340e-04 5.578156560660e-06 5.282619163510e+03
     4.284000000000e+05 9.313225746150e-10 5.241103985250e-01-6.798654794690e-08
     9.529862447310e-01 2.444375000000e+02-2.456131316190e+00-6.970290340570e-09
    -9.643258823290e-11 0.000000000000e+00 7.490000000000e+02 0.000000000000e+00
     2.000000000000e+00 0.000000000000e+00 2.530000031700e-08 2.530000000000e-08
     4.284000000000e+05 1.000000000000e+00                                      
C24 2020 05 14 00 00 00-8.232445688920e-04 1.272049132690e-11 0.000000000000e+00
     1.000000000000e+00 2.956250000000e+01 3.990166206440e-09 1.320927739110e+00
     1.444946974520e-06 4.195841029290e-04 6.998889148240e-06 5.282615322110e+03
     3.456000000000e+05-5.681067705150e-08 5.245067264390e-01-2.374872565270e-08
     9.529964749170e-01 2.174687500000e+02 4.711036114710e-01-6.794211577610e-09
    -2.475103097980e-10 0.000000000000e+00 7.490000000000e+02 0.000000000000e+00
     2.000000000000e+00 0.000000000000e+00 7.300000159920e-09 7.300000000000e-09
     3.477600000000e+05 1.000000000000e+00                                      
C24 2020 05 14 01 00 00-8.231990505010e-04 1.269295779590e-11 0.000000000000e+00
     1.000000000000e+00 3.006250000000e+01 4.054454598590e-09 1.808652978980e+00
     1.432374119760e-06 4.195898072790e-04 6.996560841800e-06 5.282615205760e+03
     3.492000000000e+05 1.029111444950e-07 5.244829232990e-01 4.144385457040e-08
     9.529952124190e-01 2.176718750000e+02 4.709482832180e-01-6.888144061710e-09
    -3.475144753730e-10 0.000000000000e+00 7.490000000000e+02 0.000000000000e+00
     2.000000000000e+00 0.000000000000e+00 7.300000159920e-09 7.300000000000e-09
     3.492000000000e+05 1.000000000000e+00                                      
C24 2020 05 14 02 00 00-8.231555111710e-04 1.241229341530e-11 0.000000000000e+00
     1.000000000000e+00 2.657812500000e+01 4.049454390320e-09 2.294946278070e+00
     1.227948814630e-06 4.191065672790e-04 6.771180778740e-06 5.282616607670e+03
     3.528000000000e+05 3.399327397350e-08 5.244581429300e-01 9.313225746150e-09
     9.529939543090e-01 2.215937500000e+02 4.722255262710e-01-6.894215743190e-09
    -3.300137463970e-10 0.000000000000e+00 7.490000000000e+02 0.000000000000e+00
     2.000000000000e+00 0.000000000000e+00 7.300000159920e-09 7.300000000000e-09
     3.528000000000e+05 1.000000000000e+00                                      
C24 2020 05 14 03 00 00-8.231074316430e-04 1.282440820210e-11 0.000000000000e+00
     1.000000000000e+00 2.737500000000e+01 4.059454806870e-09 2.781876907650e+00
     1.277774572370e-06 4.184647696090e-04 6.472691893580e-06 5.282617967610e+03
     3.564000000000e+05-1.396983861920e-09 5.244333011180e-01 3.073364496230e-08
     9.529926347570e-01 2.265625000000e+02 4.728650131140e-01-6.921002573250e-09
    -3.346567969420e-10 0.000000000000e+00 7.490000000000e+02 0.000000000000e+00
     2.000000000000e+00 0.000000000000e+00 7.300000159920e-09 7.300000000000e-09
     3.564000000000e+05 1.000000000000e+00                                      
C24 2020 05 14 04 00 00-8.230633102360e-04 1.253930292930e-11 0.000000000000e+00
     1.000000000000e+00 2.878125000000e+01 4.089098898810e-09-3.013725557170e+00
     1.437962055210e-06 4.182239063080e-04 6.391201168300e-06 5.282618452070e+03
     3.600000000000e+05 1.396983861920e-09 5.244082910700e-01 2.793967723850e-09
     9.529913430000e-01 2.274531250000e+02 4.728519887550e-01-6.942432037300e-09
    -3.235849071820e-10 0.000000000000e+00 7.490000000000e+02 0.000000000000e+00
     2.000000000000e+00 0.000000000000e+00 7.300000159920e-09 7.300000000000e-09
     3.600000000000e+05 1.000000000000e+00                                      
C24 2020 05 14 05 00 00-8.230163948610e-04 1.276134753430e-11 0.000000000000e+00
     1.000000000000e+00 2.823437500000e+01 4.111242678330e-09-2.526292287950e+00
     1.476611942050e-06 4.182900302110e-04 6.406567990780e-06 5.282618289950e+03
     3.636000000000e+05 6.519258022310e-09 5.243832795600e-01 2.793967723850e-09
     9.529901712030e-01 2.279687500000e+02 4.729884907150e-01-6.944574983710e-09
    -3.210848030420e-10 0.000000000000e+00 7.490000000000e+02 0.000000000000e+00
     2.000000000000e+00 0.000000000000e+00 7.300000159920e-09 7.300000000000e-09
     3.636000000000e+05 1.000000000000e+00                                      
C24 2020 05 14 06 00 00-8.229715749620e-04 1.257305370930e-11 0.000000000000e+00
     1.000000000000e+00 2.832812500000e+01 4.129457722780e-09-2.039121998740e+00
     1.482665538790e-06 4.183696582910e-04 6.391201168300e-06 5.282617931370e+03
     3.672000000000e+05 4.656612873080e-09 5.243582665870e-01 6.984919309620e-09
     9.529890154980e-01 2.294218750000e+02 4.733880984920e-01-6.944217825970e-09
    -3.182275411690e-10 0.000000000000e+00 7.490000000000e+02 0.000000000000e+00
     2.000000000000e+00 0.000000000000e+00 7.300000159920e-09 7.300000000000e-09
     3.702300000000e+05 1.000000000000e+00                                      
C24 2020 05 14 07 00 00-8.229259401560e-04 1.262723259290e-11 0.000000000000e+00
     1.000000000000e+00 3.037500000000e+01 4.138743823860e-09-1.552527021070e+00
     1.508276909590e-06 4.184202989560e-04 6.333459168670e-06 5.282617147450e+03
     3.708000000000e+05-6.193295121190e-08 5.243329902880e-01-5.867332220080e-08
     9.529878992910e-01 2.318125000000e+02 4.743634186600e-01-6.902787528810e-09
    -2.917978688380e-10 0.000000000000e+00 7.490000000000e+02 0.000000000000e+00
     2.000000000000e+00 0.000000000000e+00 7.300000159920e-09 7.300000000000e-09
     3.708300000000e+05 1.000000000000e+00                                      
C24 2020 05 14 08 00 00-8.228803053500e-04 1.263522619870e-11 0.000000000000e+00
     1.000000000000e+00 2.818750000000e+01 4.215532736720e-09-1.064302153710e+00
     1.355074346070e-06 4.184362478550e-04 6.345566362140e-06 5.282617641450e+03
     3.744000000000e+05-7.636845111850e-08 5.243086765890e-01 1.033768057820e-07
     9.529863515240e-01 2.307968750000e+02 4.737083766100e-01-7.026006947110e-09
    -3.460858444360e-10 0.000000000000e+00 7.490000000000e+02 0.000000000000e+00
     2.000000000000e+00 0.000000000000e+00 7.300000159920e-09 7.300000000000e-09
     3.744000000000e+05 1.000000000000e+00                                      
C24 2020 05 14 09 00 00-8.228357182820e-04 1.251621029040e-11 0.000000000000e+00
     1.000000000000e+00 3.107812500000e+01 4.203746531490e-09-5.780012854910e-01
     1.449603587390e-06 4.178277449680e-04 6.492249667640e-06 5.282616096500e+03
     3.780000000000e+05 2.840533852580e-08 5.242832964240e-01 1.164153218270e-08
     9.529856537120e-01 2.252968750000e+02 4.749781690220e-01-6.914930891770e-09
    -3.228705917130e-10 0.000000000000e+00 7.490000000000e+02 0.000000000000e+00
     2.000000000000e+00 0.000000000000e+00 7.300000159920e-09 7.300000000000e-09
     3.780000000000e+05 1.000000000000e+00                                      
C24 2020 05 14 10 00 00-8.227897342294e-04 1.264677251811e-11 0.000000000000e+00
     1.000000000000e+00 2.967187500000e+01 4.260891768959e-09-9.044176643974e-02
     1.456122845411e-06 4.175952635705e-04 6.465706974268e-06 5.282615644455e+03
     3.816000000000e+05-8.381903171539e-09 5.242582790616e-01-2.561137080193e-08
     9.529842917352e-01 2.241875000000e+02 4.749895344321e-01-6.958504135342e-09
    -3.132273328900e-10 0.000000000000e+00 7.490000000000e+02 0.000000000000e+00
     2.000000000000e+00 0.000000000000e+00 7.300000000000e-09 7.300000000000e-09
     3.816000000000e+05 0.000000000000e+00                                      
C24 2020 05 14 11 00 00-8.227446815000e-04 1.257660642300e-11 0.000000000000e+00
     1.000000000000e+00 2.793750000000e+01 4.301964908390e-09 3.973262067340e-01
     1.457519829270e-06 4.173865308990e-04 6.466638296840e-06 5.282615221020e+03
     3.852000000000e+05 2.980232238770e-08 5.242330612800e-01-4.563480615620e-08
     9.529830760500e-01 2.243906250000e+02 4.747928319300e-01-6.982790861270e-09
    -2.892977646990e-10 0.000000000000e+00 7.490000000000e+02 0.000000000000e+00
     2.000000000000e+00 0.000000000000e+00 7.300000159920e-09 7.300000000000e-09
     3.865500000000e+05 1.000000000000e+00                                      
C24 2020 05 14 12 00 00-8.226991631090e-04 1.260325177550e-11 0.000000000000e+00
     1.000000000000e+00 2.743750000000e+01 4.329823211660e-09 8.852053382750e-01
     1.462176442150e-06 4.172842018310e-04 6.466172635560e-06 5.282614904400e+03
     3.888000000000e+05 7.171183824540e-08 5.242076386890e-01 9.313225746150e-09
     9.529820008060e-01 2.255781250000e+02 4.744852929030e-01-6.996362855170e-09
    -2.407243128480e-10 0.000000000000e+00 7.490000000000e+02 0.000000000000e+00
     2.000000000000e+00 0.000000000000e+00 7.300000159920e-09 7.300000000000e-09
     3.907200000000e+05 1.000000000000e+00                                      
C24 2020 05 14 13 00 00-8.226535283030e-04 1.263256166340e-11 0.000000000000e+00
     1.000000000000e+00 2.787500000000e+01 4.324108687910e-09 1.373041815510e+00
     1.451000571250e-06 4.172574263070e-04 6.483867764470e-06 5.282614690780e+03
     3.924000000000e+05-5.308538675310e-08 5.241818240370e-01 9.965151548390e-08
     9.529812225330e-01 2.264062500000e+02 4.742208060910e-01-6.954575400270e-09
    -1.367914121970e-10 0.000000000000e+00 7.490000000000e+02 0.000000000000e+00
     2.000000000000e+00 0.000000000000e+00 7.300000159920e-09 7.300000000000e-09
     3.924000000000e+05 1.000000000000e+00                                      
C24 2020 05 14 14 00 00-8.226084755730e-04 1.258282367190e-11 0.000000000000e+00
     1.000000000000e+00 2.718750000000e+01 4.324823003380e-09 1.860390453460e+00
     1.412350684400e-06 4.172315821050e-04 6.486196070910e-06 5.282614883420e+03
     3.960000000000e+05-3.725290298460e-09 5.241568461740e-01 7.124617695810e-08
     9.529806563840e-01 2.263281250000e+02 4.744437840650e-01-6.959218450810e-09
    -1.596495071860e-10 0.000000000000e+00 7.490000000000e+02 0.000000000000e+00
     2.000000000000e+00 0.000000000000e+00 7.300000159920e-09 7.300000000000e-09
     3.960000000000e+05 1.000000000000e+00                                      
C24 2020 05 14 15 00 00-8.225629571830e-04 1.260769266760e-11 0.000000000000e+00
     1.000000000000e+00 2.429687500000e+01 4.305536485730e-09 2.346822330390e+00
     1.259613782170e-06 4.167655715720e-04 6.281770765780e-06 5.282616174700e+03
     3.996000000000e+05-7.078051567080e-08 5.241317717580e-01 4.656612873080e-10
     9.529801414370e-01 2.302500000000e+02 4.755835245230e-01-6.950646665190e-09
    -1.332198348550e-10 0.000000000000e+00 7.490000000000e+02 0.000000000000e+00
     2.000000000000e+00 0.000000000000e+00 7.300000159920e-09 7.300000000000e-09
     3.996000000000e+05 1.000000000000e+00                                      
C24 2020 05 14 16 00 00-8.225173223760e-04 1.264410798290e-11 0.000000000000e+00
     1.000000000000e+00 2.620312500000e+01 4.260891768960e-09 2.833723514360e+00
     1.327600330110e-06 4.159457748760e-04 6.050802767280e-06 5.282617858890e+03
     4.032000000000e+05-6.146728992460e-08 5.241067587850e-01 4.656612873080e-09
     9.529796952470e-01 2.363593750000e+02 4.762534912640e-01-6.943503510510e-09
    -1.335769925890e-10 0.000000000000e+00 7.490000000000e+02 0.000000000000e+00
     2.000000000000e+00 0.000000000000e+00 7.300000159920e-09 7.300000000000e-09
     4.032000000000e+05 1.000000000000e+00                                      
C24 2020 05 14 17 00 00-8.224719204010e-04 1.263256166340e-11 0.000000000000e+00
     1.000000000000e+00 3.070312500000e+01 4.245891144120e-09-2.961696523120e+00
     1.445878297090e-06 4.153045592830e-04 6.000511348250e-06 5.282619119640e+03
     4.068000000000e+05-3.771856427190e-08 5.240815292990e-01-5.774199962620e-08
     9.529790223040e-01 2.380468750000e+02 4.760588558650e-01-6.990648331420e-09
    -1.046472161190e-10 0.000000000000e+00 7.490000000000e+02 0.000000000000e+00
     2.000000000000e+00 0.000000000000e+00 7.300000159920e-09 7.300000000000e-09
     4.068000000000e+05 1.000000000000e+00                                      
C24 2020 05 14 18 00 00-8.224264020100e-04 1.262723259290e-11 0.000000000000e+00
     1.000000000000e+00 3.164062500000e+01 4.224104522340e-09-2.473989702850e+00
     1.381151378150e-06 4.151960602030e-04 5.930196493860e-06 5.282619346620e+03
     4.104000000000e+05 2.607703208920e-08 5.240560891540e-01-4.284083843230e-08
     9.529785746510e-01 2.376562500000e+02 4.759223085540e-01-7.016006530550e-09
    -6.214544575010e-11 0.000000000000e+00 7.490000000000e+02 0.000000000000e+00
     2.000000000000e+00 0.000000000000e+00 7.300000159920e-09 7.300000000000e-09
     4.104000000000e+05 1.000000000000e+00                                      
C24 2020 05 14 19 00 00-8.223814656960e-04 1.255884285460e-11 0.000000000000e+00
     1.000000000000e+00 3.209375000000e+01 4.185531487040e-09-1.986952060800e+00
     1.418404281140e-06 4.152759211140e-04 5.666632205250e-06 5.282618877410e+03
     4.140000000000e+05 2.514570951460e-08 5.240306460830e-01 3.725290298460e-09
     9.529783654540e-01 2.392031250000e+02 4.764547522190e-01-7.016006530550e-09
    -2.928693420410e-11 0.000000000000e+00 7.490000000000e+02 0.000000000000e+00
     2.000000000000e+00 0.000000000000e+00 7.300000159920e-09 7.300000000000e-09
     4.140000000000e+05 1.000000000000e+00                                      
C24 2020 05 14 20 00 00-8.223360637200e-04 1.258015913660e-11 0.000000000000e+00
     1.000000000000e+00 3.326562500000e+01 4.109099731930e-09-1.500119834400e+00
     1.642853021620e-06 4.153413465250e-04 5.483627319340e-06 5.282618274690e+03
     4.176000000000e+05-8.754432201390e-08 5.240048840950e-01-8.009374141690e-08
     9.529783859350e-01 2.412343750000e+02 4.771929304410e-01-6.946360772380e-09
     2.928693420410e-11 0.000000000000e+00 7.490000000000e+02 0.000000000000e+00
     2.000000000000e+00 0.000000000000e+00 7.300000159920e-09 7.300000000000e-09
     4.176000000000e+05 1.000000000000e+00                                      
C24 2020 05 14 21 00 00-8.222906617450e-04 1.259436999130e-11 0.000000000000e+00
     1.000000000000e+00 3.434375000000e+01 4.156244552840e-09-1.013038841710e+00
     1.858919858930e-06 4.150636959820e-04 5.673151463270e-06 5.282617645260e+03
     4.212000000000e+05-8.381903171540e-08 5.239804255680e-01 9.452924132350e-08
     9.529778900060e-01 2.384843750000e+02 4.776813154010e-01-7.084223657780e-09
    -3.714440435640e-11 0.000000000000e+00 7.490000000000e+02 0.000000000000e+00
     2.000000000000e+00 0.000000000000e+00 7.300000159920e-09 7.300000000000e-09
     4.212000000000e+05 1.000000000000e+00                                      
C24 2020 05 14 22 00 00-8.222456090150e-04 1.256150738980e-11 0.000000000000e+00
     1.000000000000e+00 3.650000000000e+01 4.072669643040e-09-5.265278633360e-01
     1.970678567890e-06 4.145331913610e-04 6.045214831830e-06 5.282616317750e+03
     4.248000000000e+05 3.678724169730e-08 5.239548800920e-01-8.381903171540e-09
     9.529783361960e-01 2.337968750000e+02 4.787407460450e-01-6.966718763230e-09
    -1.214336296270e-11 0.000000000000e+00 7.490000000000e+02 0.000000000000e+00
     2.000000000000e+00 0.000000000000e+00 7.300000159920e-09 7.300000000000e-09
     4.248000000000e+05 1.000000000000e+00                                      
C24 2020 05 14 23 00 00-8.221998577940e-04 1.259792270500e-11 0.000000000000e+00
     1.000000000000e+00 3.448437500000e+01 4.029453557200e-09-3.897188893560e-02
     1.782085746530e-06 4.141712561250e-04 6.205867975950e-06 5.282615596770e+03
     4.284000000000e+05 4.237517714500e-08 5.239299285620e-01 4.330649971960e-08
     9.529784707840e-01 2.322968750000e+02 4.787549787750e-01-6.927074254730e-09
    -2.892977646990e-11 0.000000000000e+00 7.490000000000e+02 0.000000000000e+00
     2.000000000000e+00 0.000000000000e+00 7.300000159920e-09 7.300000000000e-09
     4.284000000000e+05 1.000000000000e+00                                      
C25 2020 05 14 00 00 00-6.160074844960e-04-1.317523867780e-11 0.000000000000e+00
     1.000000000000e+00 2.985937500000e+01 3.904805507970e-09 6.578948522810e-01
     1.519918441770e-06 3.398803528400e-04 7.067807018760e-06 5.282618700030e+03
     3.456000000000e+05-3.492459654810e-08 4.986577217700e-01 6.146728992460e-08
     9.541711615620e-01 2.151562500000e+02 3.233630728440e-01-6.770282009420e-09
    -2.203663219990e-10 0.000000000000e+00 7.490000000000e+02 0.000000000000e+00
     2.000000000000e+00 0.000000000000e+00 1.199999988270e-09 1.200000000000e-09
     3.456000000000e+05 1.000000000000e+00                                      
C25 2020 05 14 01 00 00-6.160545162860e-04-1.311217801000e-11 0.000000000000e+00
     1.000000000000e+00 2.942187500000e+01 3.925520656550e-09 1.146241990330e+00
     1.513864845040e-06 3.397617256270e-04 7.038470357660e-06 5.282618137360e+03
     3.492000000000e+05-6.891787052150e-08 4.986337328390e-01-2.328306436540e-08
     9.541703847520e-01 2.173437500000e+02 3.225847477610e-01-6.760281592860e-09
    -2.864405028250e-10 0.000000000000e+00 7.490000000000e+02 0.000000000000e+00
     2.000000000000e+00 0.000000000000e+00 1.199999988270e-09 1.200000000000e-09
     3.492000000000e+05 1.000000000000e+00                                      
C25 2020 05 14 02 00 00-6.161010824140e-04-1.302513652490e-11 0.000000000000e+00
     1.000000000000e+00 3.018750000000e+01 3.976594212540e-09 1.634258838060e+00
     1.470092684030e-06 3.397606778890e-04 7.079448550940e-06 5.282617855070e+03
     3.528000000000e+05 2.328306436540e-08 4.986098214430e-01-7.171183824540e-08
     9.541692451390e-01 2.183281250000e+02 3.221369368340e-01-6.792425788940e-09
    -3.568005764620e-10 0.000000000000e+00 7.490000000000e+02 0.000000000000e+00
     2.000000000000e+00 0.000000000000e+00 1.199999988270e-09 1.200000000000e-09
     3.556500000000e+05 1.000000000000e+00                                      
C25 2020 05 14 03 00 00-6.161470664670e-04-1.292033147140e-11 0.000000000000e+00
     1.000000000000e+00 2.701562500000e+01 4.023739033450e-09 2.120695364140e+00
     1.193024218080e-06 3.395110834390e-04 7.029157131910e-06 5.282618759160e+03
     3.564000000000e+05 5.029141902920e-08 4.985856437960e-01 9.313225746150e-10
     9.541677573510e-01 2.190625000000e+02 3.232697986500e-01-6.845642291340e-09
    -3.893019302740e-10 0.000000000000e+00 7.490000000000e+02 0.000000000000e+00
     2.000000000000e+00 0.000000000000e+00 1.199999988270e-09 1.200000000000e-09
     3.567000000000e+05 1.000000000000e+00                                      
C25 2020 05 14 04 00 00-6.161947967480e-04-1.308730901430e-11 0.000000000000e+00
     1.000000000000e+00 2.428125000000e+01 4.049811548050e-09 2.606921895640e+00
     1.003965735440e-06 3.387691685930e-04 6.639398634430e-06 5.282620458600e+03
     3.600000000000e+05 2.607703208920e-08 4.985610536060e-01 3.958120942120e-08
     9.541661891030e-01 2.247031250000e+02 3.246126667460e-01-6.880286591550e-09
    -3.993023468310e-10 0.000000000000e+00 7.490000000000e+02 0.000000000000e+00
     2.000000000000e+00 0.000000000000e+00 1.199999988270e-09 1.200000000000e-09
     3.600000000000e+05 1.000000000000e+00                                      
C25 2020 05 14 05 00 00-6.162417121230e-04-1.305000552070e-11 0.000000000000e+00
     1.000000000000e+00 2.634375000000e+01 4.110528362860e-09 3.094305411020e+00
     1.192092895510e-06 3.381189890210e-04 6.286427378650e-06 5.282621747970e+03
     3.636000000000e+05-3.073364496230e-08 4.985361532780e-01-9.313225746150e-09
     9.541644482310e-01 2.288281250000e+02 3.247982598480e-01-6.944217825970e-09
    -3.864446684000e-10 0.000000000000e+00 7.490000000000e+02 0.000000000000e+00
     2.000000000000e+00 0.000000000000e+00 1.199999988270e-09 1.200000000000e-09
     3.636000000000e+05 1.000000000000e+00                                      
C25 2020 05 14 06 00 00-6.162878125910e-04-1.292566054190e-11 0.000000000000e+00
     1.000000000000e+00 2.796875000000e+01 4.160887603380e-09-2.701061828280e+00
     1.417007297280e-06 3.378853434700e-04 6.255693733690e-06 5.282622249600e+03
     3.672000000000e+05 6.519258022310e-09 4.985109311070e-01-5.448237061500e-08
     9.541629136300e-01 2.292031250000e+02 3.245492273040e-01-6.982433703530e-09
    -3.571577341960e-10 0.000000000000e+00 7.490000000000e+02 0.000000000000e+00
     2.000000000000e+00 0.000000000000e+00 1.199999988270e-09 1.200000000000e-09
     3.672000000000e+05 1.000000000000e+00                                      
C25 2020 05 14 07 00 00-6.163337966430e-04-1.287769890720e-11 0.000000000000e+00
     1.000000000000e+00 2.739062500000e+01 4.201246427350e-09-2.213881168440e+00
     1.455657184120e-06 3.379660192880e-04 6.284099072220e-06 5.282621957780e+03
     3.708000000000e+05 5.727633833890e-08 4.984855421640e-01-2.095475792880e-08
     9.541615809110e-01 2.303437500000e+02 3.249376759410e-01-7.000291590240e-09
    -3.157274370290e-10 0.000000000000e+00 7.490000000000e+02 0.000000000000e+00
     2.000000000000e+00 0.000000000000e+00 1.199999988270e-09 1.200000000000e-09
     3.708000000000e+05 1.000000000000e+00                                      
C25 2020 05 14 08 00 00-6.163828074930e-04-1.320010767360e-11 0.000000000000e+00
     1.000000000000e+00 2.881250000000e+01 4.233390623430e-09-1.727768978620e+00
     1.492910087110e-06 3.380320267750e-04 6.210990250110e-06 5.282620998380e+03
     3.744000000000e+05 2.700835466380e-08 4.984600756860e-01 3.678724169730e-08
     9.541604720190e-01 2.338437500000e+02 3.263948257350e-01-6.991005489150e-09
    -2.692969315840e-10 0.000000000000e+00 7.490000000000e+02 0.000000000000e+00
     2.000000000000e+00 0.000000000000e+00 1.199999988270e-09 1.200000000000e-09
     3.744000000000e+05 1.000000000000e+00                                      
C25 2020 05 14 09 00 00-6.164290243760e-04-1.302868923860e-11 0.000000000000e+00
     1.000000000000e+00 2.975000000000e+01 4.235176412100e-09-1.240684043360e+00
     1.508276909590e-06 3.380255075170e-04 6.184913218020e-06 5.282620697020e+03
     3.780000000000e+05-9.778887033460e-09 4.984347701290e-01 3.119930624960e-08
     9.541595752510e-01 2.347968750000e+02 3.268796236200e-01-6.972433286980e-09
    -2.467959943290e-10 0.000000000000e+00 7.490000000000e+02 0.000000000000e+00
     2.000000000000e+00 0.000000000000e+00 1.199999988270e-09 1.200000000000e-09
     3.780000000000e+05 1.000000000000e+00                                      
C25 2020 05 14 10 00 00-6.164762889970e-04-1.306421637540e-11 0.000000000000e+00
     1.000000000000e+00 3.270312500000e+01 4.247319775060e-09-7.542523727020e-01
     1.610722392800e-06 3.375539090480e-04 6.305053830150e-06 5.282619512560e+03
     3.816000000000e+05-1.210719347000e-08 4.984095684390e-01-1.071020960810e-08
     9.541588350140e-01 2.313750000000e+02 3.280176217420e-01-6.940646248630e-09
    -2.314382117590e-10 0.000000000000e+00 7.490000000000e+02 0.000000000000e+00
     2.000000000000e+00 0.000000000000e+00 1.199999988270e-09 1.200000000000e-09
     3.816000000000e+05 1.000000000000e+00                                      
C25 2020 05 14 11 00 00-6.165235536170e-04-1.309974351220e-11 0.000000000000e+00
     1.000000000000e+00 3.290625000000e+01 4.260177453490e-09-2.670741164350e-01
     1.615379005670e-06 3.371997736390e-04 6.418209522960e-06 5.282618789670e+03
     3.852000000000e+05-6.053596735000e-09 4.983845847240e-01-5.122274160390e-09
     9.541580362610e-01 2.285000000000e+02 3.284094570350e-01-6.934217409420e-09
    -2.325096849620e-10 0.000000000000e+00 7.490000000000e+02 0.000000000000e+00
     2.000000000000e+00 0.000000000000e+00 1.199999988270e-09 1.200000000000e-09
     3.852000000000e+05 1.000000000000e+00                                      
C25 2020 05 14 12 00 00-6.165698869150e-04-1.299582663710e-11 0.000000000000e+00
     1.000000000000e+00 3.076562500000e+01 4.280535444340e-09 2.206888052830e-01
     1.521315425630e-06 3.368676407260e-04 6.473623216150e-06 5.282618125920e+03
     3.888000000000e+05-2.793967723850e-09 4.983595585850e-01-2.561137080190e-08
     9.541571321770e-01 2.272656250000e+02 3.282168741100e-01-6.949575191990e-09
    -2.242950570750e-10 0.000000000000e+00 7.490000000000e+02 0.000000000000e+00
     2.000000000000e+00 0.000000000000e+00 1.199999988270e-09 1.200000000000e-09
     3.888000000000e+05 1.000000000000e+00                                      
C25 2020 05 14 13 00 00-6.166166858750e-04-1.299227392340e-11 0.000000000000e+00
     1.000000000000e+00 2.996875000000e+01 4.289821545430e-09 7.084800095960e-01
     1.462176442150e-06 3.367743920530e-04 6.445217877630e-06 5.282617895130e+03
     3.924000000000e+05 3.958120942120e-08 4.983343685980e-01-2.514570951460e-08
     9.541562617410e-01 2.276250000000e+02 3.279963216550e-01-6.968504551900e-09
    -1.978653847450e-10 0.000000000000e+00 7.490000000000e+02 0.000000000000e+00
     2.000000000000e+00 0.000000000000e+00 1.199999988270e-09 1.200000000000e-09
     3.943200000000e+05 1.000000000000e+00                                      
C25 2020 05 14 14 00 00-6.166647654030e-04-1.314770514680e-11 0.000000000000e+00
     1.000000000000e+00 3.003125000000e+01 4.280178286610e-09 1.196041809340e+00
     1.458916813140e-06 3.367796307430e-04 6.398186087610e-06 5.282617900850e+03
     3.960000000000e+05 5.029141902920e-08 4.983090015990e-01 4.284083843230e-08
     9.541555434480e-01 2.275937500000e+02 3.280053229900e-01-6.971718971510e-09
    -1.482204596910e-10 0.000000000000e+00 7.490000000000e+02 0.000000000000e+00
     2.000000000000e+00 0.000000000000e+00 1.199999988270e-09 1.200000000000e-09
     3.995700000000e+05 1.000000000000e+00                                      
C25 2020 05 14 15 00 00-6.167119136080e-04-1.312550068630e-11 0.000000000000e+00
     1.000000000000e+00 2.978125000000e+01 4.253391456540e-09 1.683459162010e+00
     1.480802893640e-06 3.367778845130e-04 6.380490958690e-06 5.282618003850e+03
     3.996000000000e+05-9.778887033460e-09 4.982836477650e-01 5.727633833890e-08
     9.541550811660e-01 2.272812500000e+02 3.281587172650e-01-6.947789403320e-09
    -1.078616357270e-10 0.000000000000e+00 7.490000000000e+02 0.000000000000e+00
     2.000000000000e+00 0.000000000000e+00 1.199999988270e-09 1.200000000000e-09
     3.996300000000e+05 1.000000000000e+00                                      
C25 2020 05 14 16 00 00-6.167587125670e-04-1.306421637540e-11 0.000000000000e+00
     1.000000000000e+00 2.764062500000e+01 4.226961784210e-09 2.170297051370e+00
     1.408625394110e-06 3.366037271920e-04 6.356276571750e-06 5.282618589400e+03
     4.032000000000e+05-4.330649971960e-08 4.982585499430e-01 3.958120942120e-08
     9.541547768790e-01 2.279687500000e+02 3.288913656570e-01-6.930645832080e-09
    -9.000374901740e-11 0.000000000000e+00 7.490000000000e+02 0.000000000000e+00
     2.000000000000e+00 0.000000000000e+00 1.199999988270e-09 1.200000000000e-09
     4.032000000000e+05 1.000000000000e+00                                      
C25 2020 05 14 17 00 00-6.168053951110e-04-1.302336016810e-11 0.000000000000e+00
     1.000000000000e+00 2.590625000000e+01 4.176245385950e-09 2.656818773410e+00
     1.346692442890e-06 3.359448164700e-04 6.167218089100e-06 5.282620046620e+03
     4.068000000000e+05-2.002343535420e-08 4.982335706170e-01 2.700835466380e-08
     9.541545720710e-01 2.332031250000e+02 3.299398785430e-01-6.906716263880e-09
    -8.643217167550e-11 0.000000000000e+00 7.490000000000e+02 0.000000000000e+00
     2.000000000000e+00 0.000000000000e+00 1.199999988270e-09 1.200000000000e-09
     4.068000000000e+05 1.000000000000e+00                                      
C25 2020 05 14 18 00 00-6.168521940710e-04-1.302247198960e-11 0.000000000000e+00
     1.000000000000e+00 2.921875000000e+01 4.158387499250e-09-3.138868934190e+00
     1.463573426010e-06 3.351591294630e-04 5.994457751510e-06 5.282621564870e+03
     4.104000000000e+05-4.889443516730e-08 4.982086132340e-01-7.450580596920e-09
     9.541540834560e-01 2.380312500000e+02 3.300119360360e-01-6.944574983710e-09
    -7.714607058640e-11 0.000000000000e+00 7.490000000000e+02 0.000000000000e+00
     2.000000000000e+00 0.000000000000e+00 1.199999988270e-09 1.200000000000e-09
     4.104000000000e+05 1.000000000000e+00                                      
C25 2020 05 14 19 00 00-6.168994586910e-04-1.307487451640e-11 0.000000000000e+00
     1.000000000000e+00 3.175000000000e+01 4.146244136280e-09-2.650898158150e+00
     1.507811248300e-06 3.348453901710e-04 5.982816219330e-06 5.282622230530e+03
     4.140000000000e+05-1.629814505580e-08 4.981834437290e-01-3.585591912270e-08
     9.541537074860e-01 2.382656250000e+02 3.296103723380e-01-6.971361813770e-09
    -5.464513333200e-11 0.000000000000e+00 7.490000000000e+02 0.000000000000e+00
     2.000000000000e+00 0.000000000000e+00 1.199999988270e-09 1.200000000000e-09
     4.140000000000e+05 1.000000000000e+00                                      
C25 2020 05 14 20 00 00-6.169466068970e-04-1.304645280700e-11 0.000000000000e+00
     1.000000000000e+00 3.148437500000e+01 4.130172038240e-09-2.163681264750e+00
     1.439824700360e-06 3.349079051990e-04 5.852431058880e-06 5.282621963500e+03
     4.176000000000e+05 6.053596735000e-09 4.981582303360e-01-1.862645149230e-08
     9.541534968260e-01 2.391718750000e+02 3.299624542950e-01-6.978862126190e-09
    -3.535861568540e-11 0.000000000000e+00 7.490000000000e+02 0.000000000000e+00
     2.000000000000e+00 0.000000000000e+00 1.199999988270e-09 1.200000000000e-09
     4.176000000000e+05 1.000000000000e+00                                      
C25 2020 05 14 21 00 00-6.169931730260e-04-1.298783303130e-11 0.000000000000e+00
     1.000000000000e+00 3.339062500000e+01 4.118028675280e-09-1.677705743660e+00
     1.571606844660e-06 3.349481849000e-04 5.589798092840e-06 5.282620916370e+03
     4.212000000000e+05-4.190951585770e-09 4.981330579040e-01-1.117587089540e-08
     9.541533724780e-01 2.425312500000e+02 3.315558734440e-01-6.975647706580e-09
    -2.714398779890e-11 0.000000000000e+00 7.490000000000e+02 0.000000000000e+00
     2.000000000000e+00 0.000000000000e+00 1.199999988270e-09 1.200000000000e-09
     4.212000000000e+05 1.000000000000e+00                                      
C25 2020 05 14 22 00 00-6.170395063240e-04-1.292743689870e-11 0.000000000000e+00
     1.000000000000e+00 3.420312500000e+01 4.095527738030e-09-1.190558221840e+00
     1.753680408000e-06 3.349295584480e-04 5.538109689950e-06 5.282620641710e+03
     4.248000000000e+05 2.095475792880e-08 4.981080522450e-01 9.313225746150e-10
     9.541532144830e-01 2.431562500000e+02 3.319775230080e-01-6.991005489150e-09
    -4.321608583770e-11 0.000000000000e+00 7.490000000000e+02 0.000000000000e+00
     2.000000000000e+00 0.000000000000e+00 1.199999988270e-09 1.200000000000e-09
     4.248000000000e+05 1.000000000000e+00                                      
C25 2020 05 14 23 00 00-6.170871201900e-04-1.306066366170e-11 0.000000000000e+00
     1.000000000000e+00 3.842187500000e+01 4.106956785520e-09-7.047039942070e-01
     1.998618245120e-06 3.342243144290e-04 5.811918526890e-06 5.282618856430e+03
     4.284000000000e+05 1.396983861920e-08 4.980828754250e-01-7.450580596920e-09
     9.541530784310e-01 2.381250000000e+02 3.336924521330e-01-6.987433911810e-09
    -3.928735076160e-11 0.000000000000e+00 7.490000000000e+02 0.000000000000e+00
     2.000000000000e+00 0.000000000000e+00 1.199999988270e-09 1.200000000000e-09
     4.284000000000e+05 1.000000000000e+00                                      
C26 2020 05 14 00 00 00 6.794995861130e-04 1.403677174490e-11 0.000000000000e+00
     1.000000000000e+00 3.059375000000e+01 4.013738616900e-09 2.301335114880e+00
     1.486856490370e-06 6.134784780440e-04 6.882008165120e-06 5.282618797300e+03
     3.456000000000e+05 2.328306436540e-08 4.992102864090e-01 3.539025783540e-08
     9.542257240170e-01 2.182031250000e+02 2.412330583370e-01-6.878143645150e-09
    -2.632252501030e-10 0.000000000000e+00 7.490000000000e+02 0.000000000000e+00
     2.000000000000e+00 0.000000000000e+00-4.499999928240e-09-4.500000000000e-09
     3.456000000000e+05 1.000000000000e+00                                      
C26 2020 05 14 01 00 00 6.795504596080e-04 1.407762795220e-11 0.000000000000e+00
     1.000000000000e+00 2.946875000000e+01 3.986594629100e-09 2.788548920060e+00
     1.449137926100e-06 6.129228277130e-04 6.731599569320e-06 5.282619962690e+03
     3.492000000000e+05 1.676380634310e-08 4.991855294470e-01 3.492459654810e-08
     9.542247541030e-01 2.224375000000e+02 2.415886308160e-01-6.883143853430e-09
    -2.628680923680e-10 0.000000000000e+00 7.490000000000e+02 0.000000000000e+00
     2.000000000000e+00 0.000000000000e+00-4.499999928240e-09-4.500000000000e-09
     3.492000000000e+05 1.000000000000e+00                                      
C26 2020 05 14 02 00 00 6.796014495190e-04 1.412292505170e-11 0.000000000000e+00
     1.000000000000e+00 3.020312500000e+01 3.991951995110e-09-3.007062247660e+00
     1.499429345130e-06 6.127207307150e-04 6.658956408500e-06 5.282620349880e+03
     3.528000000000e+05 4.656612873080e-09 4.991607139670e-01 2.421438694000e-08
     9.542237461520e-01 2.237500000000e+02 2.415834564750e-01-6.896358689590e-09
    -2.600108304950e-10 0.000000000000e+00 7.490000000000e+02 0.000000000000e+00
     2.000000000000e+00 0.000000000000e+00-4.499999928240e-09-4.500000000000e-09
     3.528000000000e+05 1.000000000000e+00                                      
C26 2020 05 14 03 00 00 6.796526722610e-04 1.416555761580e-11 0.000000000000e+00
     1.000000000000e+00 2.782812500000e+01 4.008381250880e-09-2.519807862600e+00
     1.438427716490e-06 6.129766115920e-04 6.644055247310e-06 5.282619735720e+03
     3.564000000000e+05-1.071020960810e-08 4.991359555420e-01 3.352761268620e-08
     9.542228449950e-01 2.242187500000e+02 2.418979136420e-01-6.886358273030e-09
    -2.700112470520e-10 0.000000000000e+00 7.490000000000e+02 0.000000000000e+00
     2.000000000000e+00 0.000000000000e+00-4.499999928240e-09-4.500000000000e-09
     3.564000000000e+05 1.000000000000e+00                                      
C26 2020 05 14 04 00 00 6.797027308490e-04 1.402433724710e-11 0.000000000000e+00
     1.000000000000e+00 2.640625000000e+01 4.025167664390e-09-2.032845258020e+00
     1.388601958750e-06 6.131693953650e-04 6.544869393110e-06 5.282618919370e+03
     3.600000000000e+05-3.864988684650e-08 4.991113477970e-01 0.000000000000e+00
     9.542218955610e-01 2.270156250000e+02 2.425043370730e-01-6.877429329680e-09
    -3.010839699270e-10 0.000000000000e+00 7.490000000000e+02 0.000000000000e+00
     2.000000000000e+00 0.000000000000e+00-4.499999928240e-09-4.500000000000e-09
     3.621300000000e+05 1.000000000000e+00                                      
C26 2020 05 14 05 00 00 6.797529058530e-04 1.402522542550e-11 0.000000000000e+00
     1.000000000000e+00 2.831250000000e+01 4.060526280080e-09-1.546046125750e+00
     1.439824700360e-06 6.131518166510e-04 6.464775651690e-06 5.282618007660e+03
     3.636000000000e+05-1.676380634310e-08 4.990867532180e-01-3.352761268620e-08
     9.542207764280e-01 2.300468750000e+02 2.432745078510e-01-6.884215326630e-09
    -3.296565886630e-10 0.000000000000e+00 7.490000000000e+02 0.000000000000e+00
     2.000000000000e+00 0.000000000000e+00-4.499999928240e-09-4.500000000000e-09
     3.636000000000e+05 1.000000000000e+00                                      
C26 2020 05 14 06 00 00 6.798040121790e-04 1.409361516380e-11 0.000000000000e+00
     1.000000000000e+00 2.625000000000e+01 4.080169955460e-09-1.058084263260e+00
     1.284293830390e-06 6.133099086580e-04 6.464775651690e-06 5.282618577960e+03
     3.672000000000e+05 2.607703208920e-08 4.990621425470e-01-1.396983861920e-08
     9.542194802830e-01 2.302031250000e+02 2.428823609570e-01-6.910287841230e-09
    -3.568005764620e-10 0.000000000000e+00 7.490000000000e+02 0.000000000000e+00
     2.000000000000e+00 0.000000000000e+00-4.499999928240e-09-4.500000000000e-09
     3.672000000000e+05 1.000000000000e+00                                      
C26 2020 05 14 07 00 00 6.798552349210e-04 1.415934036690e-11 0.000000000000e+00
     1.000000000000e+00 2.887500000000e+01 4.155530237370e-09-5.710303301620e-01
     1.290813088420e-06 6.127931410450e-04 6.490387022500e-06 5.282617399220e+03
     3.708000000000e+05 3.725290298460e-09 4.990373168270e-01 0.000000000000e+00
     9.542181007510e-01 2.265000000000e+02 2.433980834670e-01-6.931002989810e-09
    -3.596578383350e-10 0.000000000000e+00 7.490000000000e+02 0.000000000000e+00
     2.000000000000e+00 0.000000000000e+00-4.499999928240e-09-4.500000000000e-09
     3.708000000000e+05 1.000000000000e+00                                      
C26 2020 05 14 08 00 00 6.799045950170e-04 1.394706572460e-11 0.000000000000e+00
     1.000000000000e+00 2.885937500000e+01 4.198389165470e-09-8.345308200730e-02
     1.334585249420e-06 6.128089735280e-04 6.337650120260e-06 5.282617454530e+03
     3.744000000000e+05-3.725290298460e-09 4.990123535930e-01-6.519258022310e-09
     9.542167665700e-01 2.264375000000e+02 2.433911404580e-01-6.939574775430e-09
    -3.578720496640e-10 0.000000000000e+00 7.490000000000e+02 0.000000000000e+00
     2.000000000000e+00 0.000000000000e+00-4.499999928240e-09-4.500000000000e-09
     3.744000000000e+05 1.000000000000e+00                                      
C26 2020 05 14 09 00 00 6.799550028520e-04 1.397815196920e-11 0.000000000000e+00
     1.000000000000e+00 2.851562500000e+01 4.253391456540e-09 4.041311896180e-01
     1.476611942050e-06 6.127742817630e-04 6.294809281830e-06 5.282617393490e+03
     3.780000000000e+05 1.024454832080e-08 4.989872484560e-01-4.004687070850e-08
     9.542153738720e-01 2.262343750000e+02 2.433773904910e-01-6.964932974560e-09
    -3.417999516260e-10 0.000000000000e+00 7.490000000000e+02 0.000000000000e+00
     2.000000000000e+00 0.000000000000e+00-4.499999928240e-09-4.500000000000e-09
     3.780000000000e+05 1.000000000000e+00                                      
C26 2020 05 14 10 00 00 6.800063420090e-04 1.409716787750e-11 0.000000000000e+00
     1.000000000000e+00 2.900000000000e+01 4.295893226910e-09 8.915855643570e-01
     1.603737473490e-06 6.128406384960e-04 6.388872861860e-06 5.282617593770e+03
     3.816000000000e+05 7.124617695810e-08 4.989619151040e-01-2.281740307810e-08
     9.542140704120e-01 2.259531250000e+02 2.434938139000e-01-6.988505385010e-09
    -3.007268121930e-10 0.000000000000e+00 7.490000000000e+02 0.000000000000e+00
     2.000000000000e+00 0.000000000000e+00-4.499999928240e-09-4.500000000000e-09
     3.816600000000e+05 1.000000000000e+00                                      
C26 2020 05 14 11 00 00 6.800568662580e-04 1.407141070330e-11 0.000000000000e+00
     1.000000000000e+00 2.918750000000e+01 4.322322899240e-09 1.379201088300e+00
     1.605600118640e-06 6.128454115240e-04 6.489921361210e-06 5.282617551800e+03
     3.852000000000e+05 5.867332220080e-08 4.989363798690e-01 6.845220923420e-08
     9.542130024820e-01 2.262656250000e+02 2.434492475640e-01-6.984933807670e-09
    -2.342954736330e-10 0.000000000000e+00 7.490000000000e+02 0.000000000000e+00
     2.000000000000e+00 0.000000000000e+00-4.499999928240e-09-4.500000000000e-09
     3.852000000000e+05 1.000000000000e+00                                      
C26 2020 05 14 12 00 00 6.801075069230e-04 1.406164074070e-11 0.000000000000e+00
     1.000000000000e+00 2.962500000000e+01 4.319465637370e-09 1.866857957240e+00
     1.544132828710e-06 6.128599634390e-04 6.527174264190e-06 5.282617458340e+03
     3.888000000000e+05-3.958120942120e-08 4.989108314670e-01 5.494803190230e-08
     9.542122973550e-01 2.265156250000e+02 2.433634722880e-01-6.938503302230e-09
    -1.750072897560e-10 0.000000000000e+00 7.490000000000e+02 0.000000000000e+00
     2.000000000000e+00 0.000000000000e+00-4.499999928240e-09-4.500000000000e-09
     3.888000000000e+05 1.000000000000e+00                                      
C26 2020 05 14 13 00 00 6.801583804190e-04 1.408739791490e-11 0.000000000000e+00
     1.000000000000e+00 2.795312500000e+01 4.313036798150e-09 2.354125969380e+00
     1.423526555300e-06 6.126714870330e-04 6.467569619420e-06 5.282617973330e+03
     3.924000000000e+05-5.681067705150e-08 4.988857950870e-01 3.399327397350e-08
     9.542117355950e-01 2.274218750000e+02 2.436663709400e-01-6.924216992860e-09
    -1.635782422620e-10 0.000000000000e+00 7.490000000000e+02 0.000000000000e+00
     2.000000000000e+00 0.000000000000e+00-4.499999928240e-09-4.500000000000e-09
     3.924000000000e+05 1.000000000000e+00                                      
C26 2020 05 14 14 00 00 6.802080897610e-04 1.397371107710e-11 0.000000000000e+00
     1.000000000000e+00 2.734375000000e+01 4.281606917540e-09 2.841392641490e+00
     1.396983861920e-06 6.121043115850e-04 6.293412297960e-06 5.282619142530e+03
     3.960000000000e+05-4.703179001810e-08 4.988608640370e-01 1.257285475730e-08
     9.542112074810e-01 2.317500000000e+02 2.439703931120e-01-6.912073629900e-09
    -1.578637185150e-10 0.000000000000e+00 7.490000000000e+02 0.000000000000e+00
     2.000000000000e+00 0.000000000000e+00-4.499999928240e-09-4.500000000000e-09
     3.960000000000e+05 1.000000000000e+00                                      
C26 2020 05 14 15 00 00 6.802588468420e-04 1.403765992340e-11 0.000000000000e+00
     1.000000000000e+00 3.009375000000e+01 4.270892185520e-09-2.954099607090e+00
     1.458451151850e-06 6.115885917100e-04 6.222631782290e-06 5.282620143890e+03
     3.996000000000e+05-6.332993507390e-08 4.988358291200e-01-4.330649971960e-08
     9.542104248200e-01 2.345625000000e+02 2.438476586740e-01-6.958861293080e-09
    -1.403629895390e-10 0.000000000000e+00 7.490000000000e+02 0.000000000000e+00
     2.000000000000e+00 0.000000000000e+00-4.499999928240e-09-4.500000000000e-09
     3.996000000000e+05 1.000000000000e+00                                      
C26 2020 05 14 16 00 00 6.803094875070e-04 1.406164074070e-11 0.000000000000e+00
     1.000000000000e+00 3.103125000000e+01 4.258034507090e-09-2.466448415740e+00
     1.361127942800e-06 6.114903371780e-04 6.186775863170e-06 5.282620351790e+03
     4.032000000000e+05 5.587935447690e-09 4.988104694350e-01-7.497146725650e-08
     9.542097767470e-01 2.346406250000e+02 2.437665632730e-01-7.001005905710e-09
    -9.714690370130e-11 0.000000000000e+00 7.490000000000e+02 0.000000000000e+00
     2.000000000000e+00 0.000000000000e+00-4.499999928240e-09-4.500000000000e-09
     4.032000000000e+05 1.000000000000e+00                                      
C26 2020 05 14 17 00 00 6.803605938330e-04 1.413180683580e-11 0.000000000000e+00
     1.000000000000e+00 3.056250000000e+01 4.228747572880e-09-1.979269128120e+00
     1.272652298210e-06 6.115871947260e-04 5.932990461590e-06 5.282619834900e+03
     4.068000000000e+05 4.237517714500e-08 4.987849897910e-01-1.909211277960e-08
     9.542094051660e-01 2.363437500000e+02 2.441572721190e-01-7.012434953210e-09
    -5.000208278750e-11 0.000000000000e+00 7.490000000000e+02 0.000000000000e+00
     2.000000000000e+00 0.000000000000e+00-4.499999928240e-09-4.500000000000e-09
     4.068000000000e+05 1.000000000000e+00                                      
C26 2020 05 14 18 00 00 6.804112344980e-04 1.409450334222e-11 0.000000000000e+00
     1.000000000000e+00 3.268750000000e+01 4.188031699215e-09-1.492484134949e+00
     1.482665538788e-06 6.115437718108e-04 5.646143108606e-06 5.282618885040e+03
     4.104000000000e+05-4.656612873077e-10 4.987595306279e-01 1.164153218269e-08
     9.542092676518e-01 2.390000000000e+02 2.449422739603e-01-6.997791679453e-09
    -1.392915123521e-11 0.000000000000e+00 7.490000000000e+02 0.000000000000e+00
     2.000000000000e+00 0.000000000000e+00-4.499999928242e-09-4.499999928242e-09
     4.132500000000e+05 1.000000000000e+00                                      
C26 2020 05 14 19 00 00 6.804614095017e-04 1.403499538810e-11 0.000000000000e+00
     1.000000000000e+00 3.057812500000e+01 4.115171314822e-09-1.004551507420e+00
     1.626089215279e-06 6.116877775639e-04 5.641952157021e-06 5.282619390488e+03
     4.140000000000e+05-1.862645149231e-09 4.987342777360e-01-7.916241884232e-09
     9.542092500968e-01 2.391093750000e+02 2.445796794739e-01-6.986362599548e-09
    -9.286101401718e-12 0.000000000000e+00 7.490000000000e+02 0.000000000000e+00
     2.000000000000e+00 0.000000000000e+00-4.499999928242e-09-4.499999928242e-09
     4.140000000000e+05 1.000000000000e+00                                      
C26 2020 05 14 20 00 00 6.805113516750e-04 1.393551940510e-11 0.000000000000e+00
     1.000000000000e+00 3.343750000000e+01 4.110885520600e-09-5.175966387430e-01
     1.820269972090e-06 6.110405083750e-04 5.938112735750e-06 5.282617912290e+03
     4.176000000000e+05-6.984919309620e-09 4.987091213970e-01-2.002343535420e-08
     9.542092354680e-01 2.346093750000e+02 2.451944181320e-01-6.982790861270e-09
    -5.357366012940e-12 0.000000000000e+00 7.490000000000e+02 0.000000000000e+00
     2.000000000000e+00 0.000000000000e+00-4.499999928240e-09-4.500000000000e-09
     4.191000000000e+05 1.000000000000e+00                                      
C26 2020 05 14 21 00 00 6.805622251700e-04 1.406696981120e-11 0.000000000000e+00
     1.000000000000e+00 3.340625000000e+01 4.054097440860e-09-3.001145864630e-02
     1.769512891770e-06 6.110448157410e-04 6.057787686590e-06 5.282617914200e+03
     4.212000000000e+05 3.445893526080e-08 4.986840484440e-01 2.793967723850e-09
     9.542094139440e-01 2.347812500000e+02 2.451791759880e-01-6.941360564100e-09
    -1.071473202590e-11 0.000000000000e+00 7.490000000000e+02 0.000000000000e+00
     2.000000000000e+00 0.000000000000e+00-4.499999928240e-09-4.500000000000e-09
     4.212000000000e+05 1.000000000000e+00                                      
C26 2020 05 14 22 00 00 6.806130986660e-04 1.409716787750e-11 0.000000000000e+00
     1.000000000000e+00 3.267187500000e+01 4.018024509710e-09 4.576346914880e-01
     1.662876456980e-06 6.109463283790e-04 6.084796041250e-06 5.282617706300e+03
     4.248000000000e+05 7.916241884230e-09 4.986592622230e-01 5.168840289120e-08
     9.542095265880e-01 2.345937500000e+02 2.451026931680e-01-6.903144686540e-09
    -3.643008888800e-11 0.000000000000e+00 7.490000000000e+02 0.000000000000e+00
     2.000000000000e+00 0.000000000000e+00-4.499999928240e-09-4.500000000000e-09
     4.248000000000e+05 1.000000000000e+00                                      
C26 2020 05 14 23 00 00 6.806638557460e-04 1.410604966170e-11 0.000000000000e+00
     1.000000000000e+00 3.198437500000e+01 4.009452724090e-09 9.453831332420e-01
     1.632608473300e-06 6.108700763430e-04 6.057322025300e-06 5.282617446900e+03
     4.284000000000e+05-6.100162863730e-08 4.986347232350e-01 2.468004822730e-08
     9.542094651460e-01 2.353593750000e+02 2.449237841390e-01-6.877429329680e-09
    -8.643217167550e-11 0.000000000000e+00 7.490000000000e+02 0.000000000000e+00
     2.000000000000e+00 0.000000000000e+00-4.499999928240e-09-4.500000000000e-09
     4.284000000000e+05 1.000000000000e+00                                      
C27 2020 05 14 00 00 00 3.295177593830e-04 6.565414878420e-12 0.000000000000e+00
     1.000000000000e+00 3.606250000000e+01 3.871232680950e-09 2.725076109860e+00
     1.755543053150e-06 6.953005213290e-04 4.615169018510e-06 5.282621892930e+03
     3.456000000000e+05-6.053596735000e-08 2.627515011620e+00-5.820766091350e-08
     9.662071415830e-01 2.728750000000e+02 8.789910787870e-01-6.969218867370e-09
     1.975082270100e-10 0.000000000000e+00 7.490000000000e+02 0.000000000000e+00
     2.000000000000e+00 0.000000000000e+00-4.399999919970e-09-4.400000000000e-09
     3.456000000000e+05 1.000000000000e+00                                      
C27 2020 05 14 01 00 00 3.295416245240e-04 6.606271085730e-12 0.000000000000e+00
     1.000000000000e+00 4.401562500000e+01 3.818730494020e-09-3.070516648510e+00
     1.979060471060e-06 6.942059844730e-04 4.654750227930e-06 5.282624015810e+03
     3.492000000000e+05-5.122274160390e-09 2.627489687050e+00-7.683411240580e-08
     9.662077501570e-01 2.710937500000e+02 8.789666070930e-01-6.999577274770e-09
     2.314382117590e-10 0.000000000000e+00 7.490000000000e+02 0.000000000000e+00
     2.000000000000e+00 0.000000000000e+00-4.399999919970e-09-4.400000000000e-09
     3.492000000000e+05 1.000000000000e+00                                      
C27 2020 05 14 02 00 00 3.295650240030e-04 6.555644915810e-12 0.000000000000e+00
     1.000000000000e+00 4.382812500000e+01 3.790872190760e-09-2.583379097940e+00
     1.908745616670e-06 6.945907371120e-04 4.302244633440e-06 5.282623058320e+03
     3.528000000000e+05 1.955777406690e-08 2.627464293710e+00-3.632158041000e-08
     9.662085752430e-01 2.746093750000e+02 8.793963509820e-01-7.007077587190e-09
     2.646538810390e-10 0.000000000000e+00 7.490000000000e+02 0.000000000000e+00
     2.000000000000e+00 0.000000000000e+00-4.399999919970e-09-4.400000000000e-09
     3.528000000000e+05 1.000000000000e+00                                      
C27 2020 05 14 03 00 00 3.295891219750e-04 6.613376513090e-12 0.000000000000e+00
     1.000000000000e+00 4.789062500000e+01 3.764085360690e-09-2.096985992730e+00
     2.241693437100e-06 6.951104151090e-04 3.860797733070e-06 5.282621162410e+03
     3.564000000000e+05 9.778887033460e-09 2.627439021800e+00-2.793967723850e-08
     9.662095407690e-01 2.802343750000e+02 8.805707362660e-01-7.003863167590e-09
     2.735828243940e-10 0.000000000000e+00 7.490000000000e+02 0.000000000000e+00
     2.000000000000e+00 0.000000000000e+00-4.399999919970e-09-4.400000000000e-09
     3.564300000000e+05 1.000000000000e+00                                      
C27 2020 05 14 04 00 00 3.296128707010e-04 6.576961197880e-12 0.000000000000e+00
     1.000000000000e+00 4.542187500000e+01 3.700511284010e-09-1.608957491400e+00
     2.346467226740e-06 6.951297400520e-04 3.843102604150e-06 5.282621770860e+03
     3.600000000000e+05 9.778887033460e-09 2.627413801100e+00-2.980232238770e-08
     9.662105297010e-01 2.809531250000e+02 8.801101174910e-01-7.002434536650e-09
     2.739399821280e-10 0.000000000000e+00 7.490000000000e+02 0.000000000000e+00
     2.000000000000e+00 0.000000000000e+00-4.399999919970e-09-4.400000000000e-09
     3.600900000000e+05 1.000000000000e+00                                      
C27 2020 05 14 05 00 00 3.296363865960e-04 6.565414878420e-12 0.000000000000e+00
     1.000000000000e+00 4.340625000000e+01 3.632294156770e-09-1.120844417310e+00
     2.346001565460e-06 6.952636176720e-04 3.885012120010e-06 5.282622535710e+03
     3.636000000000e+05 3.119930624960e-08 2.627388552590e+00-4.377216100690e-08
     9.662116225010e-01 2.833750000000e+02 8.795644475840e-01-6.979933599390e-09
     2.775115594700e-10 0.000000000000e+00 7.490000000000e+02 0.000000000000e+00
     2.000000000000e+00 0.000000000000e+00-4.399999919970e-09-4.400000000000e-09
     3.636000000000e+05 1.000000000000e+00                                      
C27 2020 05 14 06 00 00 3.296610666440e-04 6.664890861430e-12 0.000000000000e+00
     1.000000000000e+00 3.993750000000e+01 3.596578383350e-09-6.340650402910e-01
     2.126209437850e-06 6.944866618140e-04 4.289671778680e-06 5.282620677950e+03
     3.672000000000e+05 7.962808012960e-08 2.627363524990e+00-2.328306436540e-09
     9.662128864620e-01 2.774531250000e+02 8.803519685700e-01-6.924931308330e-09
     2.671539851790e-10 0.000000000000e+00 7.490000000000e+02 0.000000000000e+00
     2.000000000000e+00 0.000000000000e+00-4.399999919970e-09-4.400000000000e-09
     3.672000000000e+05 1.000000000000e+00                                      
C27 2020 05 14 07 00 00 3.296844661240e-04 6.585842982080e-12 0.000000000000e+00
     1.000000000000e+00 3.287500000000e+01 3.568362922350e-09-1.467826169420e-01
     1.727137714620e-06 6.935166893530e-04 4.375819116830e-06 5.282618747710e+03
     3.708000000000e+05 1.955777406690e-08 2.627339005020e+00 9.126961231230e-08
     9.662141357940e-01 2.759062500000e+02 8.806367562960e-01-6.850642499620e-09
     2.142946405180e-10 0.000000000000e+00 7.490000000000e+02 0.000000000000e+00
     2.000000000000e+00 0.000000000000e+00-4.399999919970e-09-4.400000000000e-09
     3.708000000000e+05 1.000000000000e+00                                      
C27 2020 05 14 08 00 00 3.297080984340e-04 6.570743948940e-12 0.000000000000e+00
     1.000000000000e+00 3.492187500000e+01 3.543004723230e-09 3.404701515940e-01
     1.850537955760e-06 6.940120365470e-04 4.568602889780e-06 5.282619800570e+03
     3.744000000000e+05-7.776543498040e-08 2.627314799580e+00 4.144385457040e-08
     9.662150003790e-01 2.725312500000e+02 8.809515908960e-01-6.815998199400e-09
     1.392915163360e-10 0.000000000000e+00 7.490000000000e+02 0.000000000000e+00
     2.000000000000e+00 0.000000000000e+00-4.399999919970e-09-4.400000000000e-09
     3.744000000000e+05 1.000000000000e+00                                      
C27 2020 05 14 09 00 00 3.297320799900e-04 6.617817405190e-12 0.000000000000e+00
     1.000000000000e+00 3.265625000000e+01 3.535861568540e-09 8.265814797620e-01
     1.712236553430e-06 6.949886446820e-04 5.155801773070e-06 5.282622552870e+03
     3.780000000000e+05-4.749745130540e-08 2.627290659970e+00-5.029141902920e-08
     9.662154611980e-01 2.626562500000e+02 8.824074182110e-01-6.825284300490e-09
     6.928860043400e-11 0.000000000000e+00 7.490000000000e+02 0.000000000000e+00
     2.000000000000e+00 0.000000000000e+00-4.399999919970e-09-4.400000000000e-09
     3.780000000000e+05 1.000000000000e+00                                      
C27 2020 05 14 10 00 00 3.297559451310e-04 6.611600156250e-12 0.000000000000e+00
     1.000000000000e+00 2.946875000000e+01 3.569791553290e-09 1.313443428270e+00
     1.440290361640e-06 6.951822433620e-04 5.296431481840e-06 5.282623592380e+03
     3.816000000000e+05 2.095475792880e-08 2.627266359440e+00-3.725290298460e-08
     9.662155826200e-01 2.606093750000e+02 8.831118761720e-01-6.858857127500e-09
     2.714398779890e-11 0.000000000000e+00 7.490000000000e+02 0.000000000000e+00
     2.000000000000e+00 0.000000000000e+00-4.399999919970e-09-4.400000000000e-09
     3.819900000000e+05 1.000000000000e+00                                      
C27 2020 05 14 11 00 00 3.297796938570e-04 6.608047442570e-12 0.000000000000e+00
     1.000000000000e+00 3.403125000000e+01 3.633365629980e-09 1.802120986850e+00
     1.570675522090e-06 6.953795673330e-04 5.414243787530e-06 5.282622043610e+03
     3.852000000000e+05 1.816079020500e-08 2.627241760470e+00-1.396983861920e-09
     9.662155548250e-01 2.567968750000e+02 8.820007225960e-01-6.886358273030e-09
     1.464346710200e-11 0.000000000000e+00 7.490000000000e+02 0.000000000000e+00
     2.000000000000e+00 0.000000000000e+00-4.399999919970e-09-4.400000000000e-09
     3.852000000000e+05 1.000000000000e+00                                      
C27 2020 05 14 12 00 00 3.298035589980e-04 6.620481940440e-12 0.000000000000e+00
     1.000000000000e+00 3.434375000000e+01 3.696225391200e-09 2.290573626170e+00
     1.588370651010e-06 6.958622252570e-04 5.564652383330e-06 5.282620527270e+03
     3.888000000000e+05-2.328306436540e-09 2.627216965470e+00-4.656612873080e-10
     9.662155226410e-01 2.509375000000e+02 8.811152782620e-01-6.903859002010e-09
     1.500062483620e-11 0.000000000000e+00 7.490000000000e+02 0.000000000000e+00
     2.000000000000e+00 0.000000000000e+00-4.399999919970e-09-4.400000000000e-09
     3.888000000000e+05 1.000000000000e+00                                      
C27 2020 05 14 13 00 00 3.298276569690e-04 6.661338147750e-12 0.000000000000e+00
     1.000000000000e+00 3.881250000000e+01 3.726226640870e-09 2.777840920020e+00
     1.910142600540e-06 6.952156545590e-04 5.395151674750e-06 5.282621864320e+03
     3.924000000000e+05-1.862645149230e-09 2.627191989070e+00-4.330649971960e-08
     9.662154334030e-01 2.529375000000e+02 8.814158845210e-01-6.936003198090e-09
     3.035840740670e-11 0.000000000000e+00 7.490000000000e+02 0.000000000000e+00
     2.000000000000e+00 0.000000000000e+00-4.399999919970e-09-4.400000000000e-09
     3.924000000000e+05 1.000000000000e+00                                      
C27 2020 05 14 14 00 00 3.298514056950e-04 6.615152869930e-12 0.000000000000e+00
     1.000000000000e+00 4.795312500000e+01 3.715869066580e-09-3.017610303950e+00
     2.422370016570e-06 6.938714068380e-04 5.593057721850e-06 5.282624498370e+03
     3.960000000000e+05 3.026798367500e-08 2.627166889780e+00-4.610046744350e-08
     9.662154919190e-01 2.494531250000e+02 8.812493298350e-01-6.951003822920e-09
     5.000208278750e-11 0.000000000000e+00 7.490000000000e+02 0.000000000000e+00
     2.000000000000e+00 0.000000000000e+00-4.399999919970e-09-4.400000000000e-09
     3.960000000000e+05 1.000000000000e+00                                      
C27 2020 05 14 15 00 00 3.298732917760e-04 6.365574733990e-12 0.000000000000e+00
     1.000000000000e+00 4.871875000000e+01 3.739798634770e-09-2.530283453240e+00
     2.467539161440e-06 6.939898012210e-04 5.581416189670e-06 5.282624128340e+03
     3.996000000000e+05 4.237517714500e-08 2.627141711500e+00-9.313225746150e-09
     9.662156689320e-01 2.511406250000e+02 8.814892264560e-01-6.954575400270e-09
     7.750322832060e-11 0.000000000000e+00 7.490000000000e+02 0.000000000000e+00
     2.000000000000e+00 0.000000000000e+00-4.399999919970e-09-4.400000000000e-09
     3.996000000000e+05 1.000000000000e+00                                      
C27 2020 05 14 16 00 00 3.298980882390e-04 6.700417998220e-12 0.000000000000e+00
     1.000000000000e+00 5.487500000000e+01 3.785514824740e-09-2.044231551730e+00
     2.714339643720e-06 6.945623317730e-04 5.327630788090e-06 5.282621805190e+03
     4.032000000000e+05 1.676380634310e-08 2.627116565400e+00 2.793967723850e-09
     9.662159776080e-01 2.575156250000e+02 8.830043707110e-01-6.945289299180e-09
     9.607543049870e-11 0.000000000000e+00 7.490000000000e+02 0.000000000000e+00
     2.000000000000e+00 0.000000000000e+00-4.399999919970e-09-4.400000000000e-09
     4.032000000000e+05 1.000000000000e+00                                      
C27 2020 05 14 17 00 00 3.299218369650e-04 6.648903649880e-12 0.000000000000e+00
     1.000000000000e+00 5.437500000000e+01 3.783729036070e-09-1.556530466100e+00
     2.659857273100e-06 6.946114590390e-04 5.286652594800e-06 5.282621990200e+03
     4.068000000000e+05 7.916241884230e-09 2.627091512930e+00-8.847564458850e-09
     9.662163638180e-01 2.583437500000e+02 8.828711252060e-01-6.935646040350e-09
     1.032185851830e-10 0.000000000000e+00 7.490000000000e+02 0.000000000000e+00
     2.000000000000e+00 0.000000000000e+00-4.399999919970e-09-4.400000000000e-09
     4.068000000000e+05 1.000000000000e+00                                      
C27 2020 05 14 18 00 00 3.299459349360e-04 6.664890861430e-12 0.000000000000e+00
     1.000000000000e+00 5.226562500000e+01 3.765156833900e-09-1.068203495830e+00
     2.552755177020e-06 6.948519730940e-04 5.090143531560e-06 5.282623115540e+03
     4.104000000000e+05 1.909211277960e-08 2.627066527750e+00-1.629814505580e-08
     9.662167939160e-01 2.620312500000e+02 8.821117961140e-01-6.923502677390e-09
     1.053615315880e-10 0.000000000000e+00 7.490000000000e+02 0.000000000000e+00
     2.000000000000e+00 0.000000000000e+00-4.399999919970e-09-4.400000000000e-09
     4.104000000000e+05 1.000000000000e+00                                      
C27 2020 05 14 19 00 00 3.299685195090e-04 6.490807891170e-12 0.000000000000e+00
     1.000000000000e+00 4.807812500000e+01 3.800158291850e-09-5.813110601100e-01
     2.384185791020e-06 6.940757157280e-04 5.298759788270e-06 5.282621356960e+03
     4.140000000000e+05 2.468004822730e-08 2.627041615720e+00-1.350417733190e-08
     9.662172006080e-01 2.567812500000e+02 8.827866138920e-01-6.917788153640e-09
     1.046472161190e-10 0.000000000000e+00 7.490000000000e+02 0.000000000000e+00
     2.000000000000e+00 0.000000000000e+00-4.399999919970e-09-4.400000000000e-09
     4.140000000000e+05 1.000000000000e+00                                      
C27 2020 05 14 20 00 00 3.299922682340e-04 6.529887741640e-12 0.000000000000e+00
     1.000000000000e+00 3.890625000000e+01 3.843374377680e-09-9.398640670540e-02
     1.992564648390e-06 6.928381044420e-04 5.329959094520e-06 5.282618928910e+03
     4.176000000000e+05 2.235174179080e-08 2.627016753430e+00-2.328306436540e-09
     9.662176014470e-01 2.560468750000e+02 8.830299322780e-01-6.910644998960e-09
     1.007184810430e-10 0.000000000000e+00 7.490000000000e+02 0.000000000000e+00
     2.000000000000e+00 0.000000000000e+00-4.399999919970e-09-4.400000000000e-09
     4.207500000000e+05 1.000000000000e+00                                      
C27 2020 05 14 21 00 00 3.300163662060e-04 6.614264691510e-12 0.000000000000e+00
     1.000000000000e+00 4.000000000000e+01 3.840874273540e-09 3.932755372530e-01
     2.060085535050e-06 6.932159885760e-04 5.489680916070e-06 5.282619766240e+03
     4.212000000000e+05 4.470348358150e-08 2.626991753620e+00 1.816079020500e-08
     9.662179408440e-01 2.530312500000e+02 8.833368817500e-01-6.918145311380e-09
     1.214336296270e-10 0.000000000000e+00 7.490000000000e+02 0.000000000000e+00
     2.000000000000e+00 0.000000000000e+00-4.399999919970e-09-4.400000000000e-09
     4.212000000000e+05 1.000000000000e+00                                      
C27 2020 05 14 22 00 00 3.300401149320e-04 6.601830193630e-12 0.000000000000e+00
     1.000000000000e+00 3.573437500000e+01 3.785871982480e-09 8.789819150680e-01
     1.856125891210e-06 6.943241460250e-04 6.050337105990e-06 5.282623090740e+03
     4.248000000000e+05 7.450580596920e-09 2.626966573870e+00 7.543712854390e-08
     9.662184104410e-01 2.413750000000e+02 8.851991267250e-01-6.906359106150e-09
     1.696499237430e-10 0.000000000000e+00 7.490000000000e+02 0.000000000000e+00
     2.000000000000e+00 0.000000000000e+00-4.399999919970e-09-4.400000000000e-09
     4.257300000000e+05 1.000000000000e+00                                      
C27 2020 05 14 23 00 00 3.300636308270e-04 6.568079413680e-12 0.000000000000e+00
     1.000000000000e+00 2.985937500000e+01 3.737298530630e-09 1.365358035800e+00
     1.571141183380e-06 6.945731583980e-04 6.163027137520e-06 5.282624776840e+03
     4.284000000000e+05-6.472691893580e-08 2.626941408760e+00 4.377216100690e-08
     9.662191784730e-01 2.389843750000e+02 8.863904657670e-01-6.863857335780e-09
     2.142946405180e-10 0.000000000000e+00 7.490000000000e+02 0.000000000000e+00
     2.000000000000e+00 0.000000000000e+00-4.399999919970e-09-4.400000000000e-09
     4.284000000000e+05 1.000000000000e+00                                      
C28 2020 05 14 00 00 00 3.206112887710e-04 6.564526700000e-12 0.000000000000e+00
     1.000000000000e+00 4.318750000000e+01 3.852303321040e-09 1.183129307320e+00
     1.888722181320e-06 7.126783020790e-05 4.418194293980e-06 5.282621723180e+03
     3.456000000000e+05 2.235174179080e-08 2.627372580450e+00-4.749745130540e-08
     9.661034060620e-01 2.740156250000e+02-3.074585292860e+00-7.034221574990e-09
     2.282237921510e-10 0.000000000000e+00 7.490000000000e+02 0.000000000000e+00
     2.000000000000e+00 0.000000000000e+00-6.500000093720e-09-6.500000000000e-09
     3.456000000000e+05 1.000000000000e+00                                      
C28 2020 05 14 01 00 00 3.206356195730e-04 6.660449969330e-12 0.000000000000e+00
     1.000000000000e+00 4.548437500000e+01 3.840159958080e-09 1.685224940700e+00
     2.048909664150e-06 7.136643398550e-05 3.913417458530e-06 5.282619684220e+03
     3.492000000000e+05 1.164153218270e-08 2.627347147620e+00-2.142041921620e-08
     9.661042413880e-01 2.811718750000e+02-3.089112841810e+00-7.031007155380e-09
     2.478674675320e-10 0.000000000000e+00 7.490000000000e+02 0.000000000000e+00
     2.000000000000e+00 0.000000000000e+00-6.500000093720e-09-6.500000000000e-09
     3.492000000000e+05 1.000000000000e+00                                      
C28 2020 05 14 02 00 00 3.206593682989e-04 6.629363724642e-12 0.000000000000e+00
     1.000000000000e+00 4.479687500000e+01 3.786586155741e-09 2.172669587038e+00
     2.206768840551e-06 7.129763253033e-05 3.829598426819e-06 5.282619764328e+03
     3.528000000000e+05-2.793967723846e-09 2.627321779161e+00-2.654269337654e-08
     9.661051630265e-01 2.817500000000e+02-3.088988863894e+00-7.022792569700e-09
     2.567964174638e-10 0.000000000000e+00 7.490000000000e+02 0.000000000000e+00
     2.000000000000e+00 0.000000000000e+00-6.500000093723e-09-6.500000093723e-09
     3.553200000000e+05 1.000000000000e+00                                      
C28 2020 05 14 03 00 00 3.206813707950e-04 6.378009231870e-12 0.000000000000e+00
     1.000000000000e+00 3.920312500000e+01 3.705154334550e-09 2.653718536930e+00
     2.080108970400e-06 7.048156112430e-05 3.734137862920e-06 5.282621578220e+03
     3.564000000000e+05 3.725290298460e-09 2.627296431180e+00-5.075708031650e-08
     9.661061826800e-01 2.860156250000e+02-3.082469509910e+00-7.002077378910e-09
     2.646538810390e-10 0.000000000000e+00 7.490000000000e+02 0.000000000000e+00
     2.000000000000e+00 0.000000000000e+00-6.500000093720e-09-6.500000000000e-09
     3.598200000000e+05 1.000000000000e+00                                      
C28 2020 05 14 04 00 00 3.207073314120e-04 6.813216657520e-12 0.000000000000e+00
     1.000000000000e+00 3.825000000000e+01 3.659438144570e-09 3.140579838830e+00
     2.031680196520e-06 7.076212204990e-05 3.934837877750e-06 5.282621023180e+03
     3.600000000000e+05 5.774199962620e-08 2.627271244120e+00-4.470348358150e-08
     9.661073734960e-01 2.841406250000e+02-3.081763382760e+00-6.953861084800e-09
     2.632252501030e-10 0.000000000000e+00 7.490000000000e+02 0.000000000000e+00
     2.000000000000e+00 0.000000000000e+00-6.500000093720e-09-6.500000000000e-09
     3.600000000000e+05 1.000000000000e+00                                      
C28 2020 05 14 05 00 00 3.207311965530e-04 6.714628852930e-12 0.000000000000e+00
     1.000000000000e+00 3.178125000000e+01 3.639794469190e-09-2.661412846730e+00
     1.662876456980e-06 7.169181481000e-05 4.155561327930e-06 5.282619009020e+03
     3.636000000000e+05 5.308538675310e-08 2.627246444730e+00 3.166496753690e-08
     9.661085716260e-01 2.802656250000e+02-3.075388595810e+00-6.896001531860e-09
     2.346526313670e-10 0.000000000000e+00 7.490000000000e+02 0.000000000000e+00
     2.000000000000e+00 0.000000000000e+00-6.500000093720e-09-6.500000000000e-09
     3.636000000000e+05 1.000000000000e+00                                      
C28 2020 05 14 06 00 00 3.207554109390e-04 6.727063350810e-12 0.000000000000e+00
     1.000000000000e+00 3.257812500000e+01 3.608364588580e-09-2.171423537790e+00
     1.671724021430e-06 7.163383997980e-05 4.203058779240e-06 5.282619350430e+03
     3.672000000000e+05-1.676380634310e-08 2.627221913060e+00 4.237517714500e-08
     9.661095181340e-01 2.789843750000e+02-3.077810013430e+00-6.862428704840e-09
     1.914365455290e-10 0.000000000000e+00 7.490000000000e+02 0.000000000000e+00
     2.000000000000e+00 0.000000000000e+00-6.500000093720e-09-6.500000000000e-09
     3.672000000000e+05 1.000000000000e+00                                      
C28 2020 05 14 07 00 00 3.207790432500e-04 6.642686400940e-12 0.000000000000e+00
     1.000000000000e+00 3.384375000000e+01 3.575506077040e-09-1.664831685670e+00
     1.735053956510e-06 7.147353608160e-05 4.712492227550e-06 5.282622022630e+03
     3.708000000000e+05-3.306195139880e-08 2.627197470620e+00-1.816079020500e-08
     9.661102086310e-01 2.690937500000e+02-3.096834253630e+00-6.857785654300e-09
     1.457203555520e-10 0.000000000000e+00 7.490000000000e+02 0.000000000000e+00
     2.000000000000e+00 0.000000000000e+00-6.500000093720e-09-6.500000000000e-09
     3.708000000000e+05 1.000000000000e+00                                      
C28 2020 05 14 08 00 00 3.208031412210e-04 6.645350936200e-12 0.000000000000e+00
     1.000000000000e+00 2.982812500000e+01 3.576220392510e-09-1.166029534380e+00
     1.493841409680e-06 7.174024358390e-05 4.976987838750e-06 5.282623683930e+03
     3.744000000000e+05 1.396983861920e-08 2.627172987230e+00-3.445893526080e-08
     9.661106723760e-01 2.644531250000e+02-3.108069682460e+00-6.875286383270e-09
     1.125046862720e-10 0.000000000000e+00 7.490000000000e+02 0.000000000000e+00
     2.000000000000e+00 0.000000000000e+00-6.500000093720e-09-6.500000000000e-09
     3.746100000000e+05 1.000000000000e+00                                      
C28 2020 05 14 09 00 00 3.208249108870e-04 6.375344696610e-12 0.000000000000e+00
     1.000000000000e+00 3.425000000000e+01 3.615150585530e-09-6.837655330080e-01
     1.681037247180e-06 7.122021634130e-05 5.057081580160e-06 5.282622436520e+03
     3.780000000000e+05 3.119930624960e-08 2.627148369240e+00 9.313225746150e-10
     9.661109634970e-01 2.626406250000e+02-3.102767330030e+00-6.902073213340e-09
     9.428964182780e-11 0.000000000000e+00 7.490000000000e+02 0.000000000000e+00
     2.000000000000e+00 0.000000000000e+00-6.500000093720e-09-6.500000000000e-09
     3.780000000000e+05 1.000000000000e+00                                      
C28 2020 05 14 10 00 00 3.208501730110e-04 6.678213537730e-12 0.000000000000e+00
     1.000000000000e+00 3.739062500000e+01 3.660866775510e-09-1.999367417910e-01
     1.830048859120e-06 7.007201202210e-05 5.436595529320e-06 5.282620134350e+03
     3.816000000000e+05 1.210719347000e-08 2.627123543520e+00 1.350417733190e-08
     9.661112078040e-01 2.546093750000e+02-3.099029132530e+00-6.921716888720e-09
     9.143237995420e-11 0.000000000000e+00 7.490000000000e+02 0.000000000000e+00
     2.000000000000e+00 0.000000000000e+00-6.500000093720e-09-6.500000000000e-09
     3.816000000000e+05 1.000000000000e+00                                      
C28 2020 05 14 11 00 00 3.208748530600e-04 6.744826919200e-12 0.000000000000e+00
     1.000000000000e+00 3.756250000000e+01 3.676224558080e-09 2.873406637490e-01
     1.863110810520e-06 6.996386218820e-05 5.452893674370e-06 5.282619949340e+03
     3.852000000000e+05 1.210719347000e-08 2.627098615400e+00 6.519258022310e-09
     9.661115194060e-01 2.535468750000e+02-3.098738706720e+00-6.925645623800e-09
     9.393248409360e-11 0.000000000000e+00 7.490000000000e+02 0.000000000000e+00
     2.000000000000e+00 0.000000000000e+00-6.500000093720e-09-6.500000000000e-09
     3.852000000000e+05 1.000000000000e+00                                      
C28 2020 05 14 12 00 00 3.208986017850e-04 6.681766251400e-12 0.000000000000e+00
     1.000000000000e+00 4.565625000000e+01 3.654080778560e-09 7.639883221970e-01
     2.302695065740e-06 7.077387999740e-05 5.471054464580e-06 5.282622135160e+03
     3.888000000000e+05 1.396983861920e-09 2.627073717990e+00 9.778887033460e-09
     9.661118792830e-01 2.531562500000e+02-3.087818530890e+00-6.920288257780e-09
     8.786080261220e-11 0.000000000000e+00 7.490000000000e+02 0.000000000000e+00
     2.000000000000e+00 0.000000000000e+00-6.500000093720e-09-6.500000000000e-09
     3.888000000000e+05 1.000000000000e+00                                      
C28 2020 05 14 13 00 00 3.209229325880e-04 6.751044168140e-12 0.000000000000e+00
     1.000000000000e+00 4.804687500000e+01 3.646580466140e-09 1.246217577800e+00
     2.431217581030e-06 7.097271736710e-05 5.598179996010e-06 5.282622959140e+03
     3.924000000000e+05-1.396983861920e-08 2.627048895200e+00-4.656612873080e-09
     9.661122099030e-01 2.510937500000e+02-3.082480746590e+00-6.915288049500e-09
     7.250302004180e-11 0.000000000000e+00 7.490000000000e+02 0.000000000000e+00
     2.000000000000e+00 0.000000000000e+00-6.500000093720e-09-6.500000000000e-09
     3.924000000000e+05 1.000000000000e+00                                      
C28 2020 05 14 14 00 00 3.209465648980e-04 6.673772645630e-12 0.000000000000e+00
     1.000000000000e+00 5.145312500000e+01 3.693010971590e-09 1.748159751080e+00
     2.568121999500e-06 7.115525659170e-05 5.321111530070e-06 5.282620943070e+03
     3.960000000000e+05 4.656612873080e-10 2.627024117760e+00-2.840533852580e-08
     9.661124527470e-01 2.580000000000e+02-3.096856068670e+00-6.919931100050e-09
     5.214502919260e-11 0.000000000000e+00 7.490000000000e+02 0.000000000000e+00
     2.000000000000e+00 0.000000000000e+00-6.500000093720e-09-6.500000000000e-09
     3.964500000000e+05 1.000000000000e+00                                      
C28 2020 05 14 15 00 00 3.209700807930e-04 6.631140081480e-12 0.000000000000e+00
     1.000000000000e+00 5.401562500000e+01 3.725155167670e-09 2.240249163780e+00
     2.617016434670e-06 7.133313920350e-05 5.277805030350e-06 5.282620244980e+03
     3.996000000000e+05 1.350417733190e-08 2.626999261320e+00-2.281740307810e-08
     9.661126092790e-01 2.592656250000e+02-3.101377778750e+00-6.927074254730e-09
     4.393040130610e-11 0.000000000000e+00 7.490000000000e+02 0.000000000000e+00
     2.000000000000e+00 0.000000000000e+00-6.500000093720e-09-6.500000000000e-09
     3.996000000000e+05 1.000000000000e+00                                      
C28 2020 05 14 16 00 00 3.209940623490e-04 6.640910044100e-12 0.000000000000e+00
     1.000000000000e+00 4.973437500000e+01 3.720512117120e-09 2.722858719570e+00
     2.353917807340e-06 7.056747563180e-05 5.009118467570e-06 5.282621889110e+03
     4.032000000000e+05 1.396983861920e-08 2.626974322950e+00-2.188608050350e-08
     9.661127672750e-01 2.636250000000e+02-3.096419387620e+00-6.927431412470e-09
     4.393040130610e-11 0.000000000000e+00 7.490000000000e+02 0.000000000000e+00
     2.000000000000e+00 0.000000000000e+00-6.500000093720e-09-6.500000000000e-09
     4.032000000000e+05 1.000000000000e+00                                      
C28 2020 05 14 17 00 00 3.210180439050e-04 6.644462757780e-12 0.000000000000e+00
     1.000000000000e+00 4.862500000000e+01 3.751584840000e-09-3.073744015490e+00
     2.329703420400e-06 7.073336746540e-05 4.939734935760e-06 5.282621568680e+03
     4.068000000000e+05 2.188608050350e-08 2.626949390440e+00-2.374872565270e-08
     9.661129589170e-01 2.624687500000e+02-3.095434554100e+00-6.920645415520e-09
     4.428755904030e-11 0.000000000000e+00 7.490000000000e+02 0.000000000000e+00
     2.000000000000e+00 0.000000000000e+00-6.500000093720e-09-6.500000000000e-09
     4.068000000000e+05 1.000000000000e+00                                      
C28 2020 05 14 18 00 00 3.210422582920e-04 6.679989894560e-12 0.000000000000e+00
     1.000000000000e+00 3.995312500000e+01 3.821587755900e-09-2.595225020030e+00
     2.050772309300e-06 7.182185072450e-05 5.058012902740e-06 5.282619119640e+03
     4.104000000000e+05 2.142041921620e-08 2.626924487180e+00-2.048909664150e-08
     9.661131300780e-01 2.587656250000e+02-3.086385835240e+00-6.917788153640e-09
     4.321608583770e-11 0.000000000000e+00 7.490000000000e+02 0.000000000000e+00
     2.000000000000e+00 0.000000000000e+00-6.500000093720e-09-6.500000000000e-09
     4.133100000000e+05 1.000000000000e+00                                      
C28 2020 05 14 19 00 00 3.210657741870e-04 6.613376513090e-12 0.000000000000e+00
     1.000000000000e+00 3.818750000000e+01 3.864089526270e-09-2.109523099730e+00
     2.070330083370e-06 7.197249215100e-05 5.114823579790e-06 5.282618751530e+03
     4.140000000000e+05 5.587935447690e-08 2.626899443490e+00-1.303851604460e-08
     9.661132397970e-01 2.588906250000e+02-3.084518968900e+00-6.931717305280e-09
     6.535986535790e-11 0.000000000000e+00 7.490000000000e+02 0.000000000000e+00
     2.000000000000e+00 0.000000000000e+00-6.500000093720e-09-6.500000000000e-09
     4.140000000000e+05 1.000000000000e+00                                      
C28 2020 05 14 20 00 00 3.210895229130e-04 6.600942015210e-12 0.000000000000e+00
     1.000000000000e+00 3.812500000000e+01 3.846945955030e-09-1.602199700790e+00
     2.072192728520e-06 7.191044278440e-05 5.706213414670e-06 5.282621530530e+03
     4.176000000000e+05 5.355104804040e-08 2.626874212540e+00 5.634501576420e-08
     9.661134753270e-01 2.485937500000e+02-3.104273333970e+00-6.931002989810e-09
     1.150047904110e-10 0.000000000000e+00 7.490000000000e+02 0.000000000000e+00
     2.000000000000e+00 0.000000000000e+00-6.500000093720e-09-6.500000000000e-09
     4.180500000000e+05 1.000000000000e+00                                      
C28 2020 05 14 21 00 00 3.211138537150e-04 6.652456363550e-12 0.000000000000e+00
     1.000000000000e+00 3.082812500000e+01 3.806229973330e-09-1.097996817300e+00
     1.662876456980e-06 7.243233267220e-05 6.040092557670e-06 5.282624094010e+03
     4.212000000000e+05-3.399327397350e-08 2.626848906980e+00 6.984919309620e-08
     9.661140092920e-01 2.425156250000e+02-3.120908067190e+00-6.895287216390e-09
     1.721500278830e-10 0.000000000000e+00 7.490000000000e+02 0.000000000000e+00
     2.000000000000e+00 0.000000000000e+00-6.500000093720e-09-6.500000000000e-09
     4.212000000000e+05 1.000000000000e+00                                      
C28 2020 05 14 22 00 00 3.211378352720e-04 6.655120898810e-12 0.000000000000e+00
     1.000000000000e+00 3.273437500000e+01 3.795872399040e-09-6.123680341240e-01
     1.721549779180e-06 7.214199285950e-05 6.105285137890e-06 5.282623477940e+03
     4.248000000000e+05-5.541369318960e-08 2.626823874990e+00 6.984919309620e-09
     9.661148358410e-01 2.408906250000e+02-3.118969612960e+00-6.847785237740e-09
     2.003654888840e-10 0.000000000000e+00 7.490000000000e+02 0.000000000000e+00
     2.000000000000e+00 0.000000000000e+00-6.500000093720e-09-6.500000000000e-09
     4.248000000000e+05 1.000000000000e+00                                      
C28 2020 05 14 23 00 00 3.211618168280e-04 6.660449969330e-12 0.000000000000e+00
     1.000000000000e+00 3.484375000000e+01 3.814801758950e-09-1.271905626370e-01
     1.825857907530e-06 7.097853813320e-05 6.530433893200e-06 5.282621187210e+03
     4.284000000000e+05-4.144385457040e-08 2.626799211660e+00-4.190951585770e-09
     9.661156360570e-01 2.325312500000e+02-3.116579725620e+00-6.832784612910e-09
     2.035799084920e-10 0.000000000000e+00 7.490000000000e+02 0.000000000000e+00
     2.000000000000e+00 0.000000000000e+00-6.500000093720e-09-6.500000000000e-09
     4.284000000000e+05 1.000000000000e+00                                      
C29 2020 05 14 00 00 00 2.281053457410e-04 5.223377286260e-12 0.000000000000e+00
     1.000000000000e+00 2.726562500000e+01 3.769799884440e-09 8.846338464020e-01
     1.375563442710e-06 2.748481929300e-04 4.505738615990e-06 5.282622982030e+03
     3.456000000000e+05-2.328306436540e-08 2.589314624720e+00 7.124617695810e-08
     9.653079165610e-01 2.701406250000e+02 1.148439148460e+00-6.958504135340e-09
     2.060800126310e-10 0.000000000000e+00 7.490000000000e+02 0.000000000000e+00
     2.000000000000e+00 0.000000000000e+00 1.000000013350e-10 1.000000000000e-10
     3.469200000000e+05 1.000000000000e+01                                      
C29 2020 05 14 01 00 00 2.281240886080e-04 5.223377286260e-12 0.000000000000e+00
     1.000000000000e+00 3.200000000000e+01 3.753013470930e-09 1.374749887940e+00
     1.664273440840e-06 2.747384132820e-04 4.622153937820e-06 5.282621599200e+03
     3.492000000000e+05-4.516914486890e-08 2.589289401090e+00 2.235174179080e-08
     9.653088206440e-01 2.680468750000e+02 1.145890525730e+00-6.921002573250e-09
     2.300095808220e-10 0.000000000000e+00 7.490000000000e+02 0.000000000000e+00
     2.000000000000e+00 0.000000000000e+00 1.000000013350e-10 1.000000000000e-10
     3.492000000000e+05 1.100000000000e+01                                      
C29 2020 05 14 02 00 00 2.281429478900e-04 5.223377286260e-12 0.000000000000e+00
     2.000000000000e+00 3.439062500000e+01 3.753370628670e-09 1.865622515600e+00
     1.801643520590e-06 2.749729901550e-04 5.002599209550e-06 5.282619770050e+03
     3.528000000000e+05-3.632158041000e-08 2.589264468570e+00 1.024454832080e-08
     9.653097144870e-01 2.617031250000e+02 1.142585612390e+00-6.908859210290e-09
     2.335811581640e-10 0.000000000000e+00 7.490000000000e+02 0.000000000000e+00
     2.000000000000e+00 0.000000000000e+00 1.000000013350e-10 1.000000000000e-10
     3.528000000000e+05 1.200000000000e+01                                      
C29 2020 05 14 03 00 00 2.281616907570e-04 5.223377286260e-12 0.000000000000e+00
     3.000000000000e+00 3.721875000000e+01 3.726940956340e-09 2.352066167560e+00
     1.882668584590e-06 2.746088430290e-04 4.959292709830e-06 5.282620698930e+03
     3.564000000000e+05-3.958120942120e-08 2.589239560930e+00-9.313225746150e-09
     9.653104898340e-01 2.640000000000e+02 1.143710217490e+00-6.922788361920e-09
     2.396528396460e-10 0.000000000000e+00 7.490000000000e+02 0.000000000000e+00
     2.000000000000e+00 0.000000000000e+00 1.000000013350e-10 1.000000000000e-10
     3.564000000000e+05 1.300000000000e+01                                      
C29 2020 05 14 04 00 00 2.281805500390e-04 5.223377286260e-12 0.000000000000e+00
     4.000000000000e+00 4.701562500000e+01 3.679081819950e-09 2.838062064170e+00
     2.277083694930e-06 2.733509754760e-04 4.983507096770e-06 5.282623300550e+03
     3.600000000000e+05-2.700835466380e-08 2.589214547960e+00-2.607703208920e-08
     9.653113061420e-01 2.634062500000e+02 1.145282152230e+00-6.936003198090e-09
     2.496532562030e-10 0.000000000000e+00 7.490000000000e+02 0.000000000000e+00
     2.000000000000e+00 0.000000000000e+00 1.000000013350e-10 1.000000000000e-10
     3.600000000000e+05 1.400000000000e+01                                      
C29 2020 05 14 05 00 00 2.281992929060e-04 5.223377286260e-12 0.000000000000e+00
     5.000000000000e+00 4.840625000000e+01 3.657295198170e-09-2.957712744100e+00
     2.302229404450e-06 2.731957938520e-04 4.942063242200e-06 5.282623573300e+03
     3.636000000000e+05-2.840533852580e-08 2.589189599350e+00-3.213062882420e-08
     9.653122058370e-01 2.629375000000e+02 1.145438503060e+00-6.936003198090e-09
     2.450102056590e-10 0.000000000000e+00 7.490000000000e+02 0.000000000000e+00
     2.000000000000e+00 0.000000000000e+00 1.000000013350e-10 1.000000000000e-10
     3.636000000000e+05 1.500000000000e+01                                      
C29 2020 05 14 06 00 00 2.282181521880e-04 5.223377286260e-12 0.000000000000e+00
     6.000000000000e+00 5.245312500000e+01 3.680510450890e-09-2.472832426390e+00
     2.523418515920e-06 2.741295611490e-04 4.511326551440e-06 5.282621248250e+03
     3.672000000000e+05 0.000000000000e+00 2.589164820440e+00-6.472691893580e-08
     9.653130645700e-01 2.706718750000e+02 1.148124893180e+00-6.944932141440e-09
     2.139374827830e-10 0.000000000000e+00 7.490000000000e+02 0.000000000000e+00
     2.000000000000e+00 0.000000000000e+00 1.000000013350e-10 1.000000000000e-10
     3.672000000000e+05 1.600000000000e+01                                      
C29 2020 05 14 07 00 00 2.282368950550e-04 5.223377286260e-12 0.000000000000e+00
     7.000000000000e+00 5.471875000000e+01 3.690510867450e-09-1.986293384860e+00
     2.694316208360e-06 2.743192017080e-04 4.454981535670e-06 5.282620599750e+03
     3.708000000000e+05 4.190951585770e-08 2.589139997650e+00-3.958120942120e-08
     9.653137199570e-01 2.717343750000e+02 1.149153342140e+00-6.972433286980e-09
     1.867934949850e-10 0.000000000000e+00 7.490000000000e+02 0.000000000000e+00
     2.000000000000e+00 0.000000000000e+00 1.000000013350e-10 1.000000000000e-10
     3.708000000000e+05 1.700000000000e+01                                      
C29 2020 05 14 08 00 00 2.282557543370e-04 5.223377286260e-12 0.000000000000e+00
     8.000000000000e+00 5.160937500000e+01 3.661223933240e-09-1.496522925540e+00
     2.593733370300e-06 2.743497025220e-04 4.353001713750e-06 5.282621774670e+03
     3.744000000000e+05 4.097819328310e-08 2.589114910070e+00-2.607703208920e-08
     9.653143358450e-01 2.749531250000e+02 1.146950579580e+00-6.981362230330e-09
     1.825076021740e-10 0.000000000000e+00 7.490000000000e+02 0.000000000000e+00
     2.000000000000e+00 0.000000000000e+00 1.000000013350e-10 1.000000000000e-10
     3.744000000000e+05 1.800000000000e+01                                      
C29 2020 05 14 09 00 00 2.282744972040e-04 5.223377286260e-12 0.000000000000e+00
     9.000000000000e+00 4.989062500000e+01 3.638008680520e-09-1.010517282960e+00
     2.501998096700e-06 2.740238560360e-04 4.583969712260e-06 5.282620731350e+03
     3.780000000000e+05 8.475035429000e-08 2.589089819560e+00-8.847564458850e-09
     9.653151989670e-01 2.714062500000e+02 1.148512155390e+00-6.939931933160e-09
     1.785788670980e-10 0.000000000000e+00 7.490000000000e+02 0.000000000000e+00
     2.000000000000e+00 0.000000000000e+00 1.000000013350e-10 1.000000000000e-10
     3.780000000000e+05 1.900000000000e+01                                      
C29 2020 05 14 10 00 00 2.282933564860e-04 5.223377286260e-12 0.000000000000e+00
     1.000000000000e+01 4.037500000000e+01 3.626579633030e-09-5.256133435060e-01
     2.020504325630e-06 2.728236140680e-04 4.773959517480e-06 5.282617996220e+03
     3.816000000000e+05 5.308538675310e-08 2.589065214740e+00 9.685754776000e-08
     9.653161805850e-01 2.676718750000e+02 1.151175630350e+00-6.860642916170e-09
     1.317912039180e-10 0.000000000000e+00 7.490000000000e+02 0.000000000000e+00
     2.000000000000e+00 0.000000000000e+00 1.000000013350e-10 1.000000000000e-10
     3.816000000000e+05 2.000000000000e+01                                      
C29 2020 05 14 11 00 00 2.283120993520e-04 5.223377286260e-12 0.000000000000e+00
     1.100000000000e+01 3.929687500000e+01 3.606935957650e-09-3.829491189110e-02
     1.981388777490e-06 2.727423561740e-04 4.799570888280e-06 5.282617834090e+03
     3.852000000000e+05-5.681067705150e-08 2.589040980040e+00 8.242204785350e-08
     9.653167920850e-01 2.672968750000e+02 1.151425240750e+00-6.815641041660e-09
     6.035965707910e-11 0.000000000000e+00 7.490000000000e+02 0.000000000000e+00
     2.000000000000e+00 0.000000000000e+00 1.000000013350e-10 1.000000000000e-10
     3.852000000000e+05 2.100000000000e+01                                      
C29 2020 05 14 12 00 00 2.283320063730e-04 5.395683899680e-12 0.000000000000e+00
     1.000000000000e+00 3.876562500000e+01 3.576934707970e-09 4.468768191050e-01
     1.954380422830e-06 2.741254866120e-04 5.383975803850e-06 5.282620830540e+03
     3.888000000000e+05-6.053596735000e-08 2.589016808240e+00-8.847564458850e-09
     9.653169925050e-01 2.563125000000e+02 1.153821316240e+00-6.814926726200e-09
    -6.071681481330e-12 0.000000000000e+00 7.490000000000e+02 0.000000000000e+00
     2.000000000000e+00 0.000000000000e+00 1.000000013350e-10 1.000000000000e-10
     3.888000000000e+05 1.000000000000e+00                                      
C29 2020 05 14 13 00 00 2.283502835780e-04 5.215383680480e-12 0.000000000000e+00
     1.000000000000e+00 3.150000000000e+01 3.570863026490e-09 9.309280060540e-01
     1.526437699790e-06 2.749243285510e-04 5.695968866350e-06 5.282623277660e+03
     3.924000000000e+05-2.095475792880e-08 2.588992441880e+00-1.722946763040e-08
     9.653169105810e-01 2.507812500000e+02 1.157337319880e+00-6.829927351030e-09
    -3.250135381180e-11 0.000000000000e+00 7.490000000000e+02 0.000000000000e+00
     2.000000000000e+00 0.000000000000e+00 1.000000013350e-10 1.000000000000e-10
     3.924000000000e+05 1.000000000000e+00                                      
C29 2020 05 14 14 00 00 2.283690264450e-04 5.212719145220e-12 0.000000000000e+00
     1.000000000000e+00 3.392187500000e+01 3.618365005140e-09 1.419926442550e+00
     1.516658812760e-06 2.749118721110e-04 5.728099495170e-06 5.282622529980e+03
     3.960000000000e+05-1.862645149230e-08 2.588967883880e+00-7.450580596920e-09
     9.653167628260e-01 2.488906250000e+02 1.155905365930e+00-6.837070505720e-09
    -3.678724662220e-11 0.000000000000e+00 7.490000000000e+02 0.000000000000e+00
     2.000000000000e+00 0.000000000000e+00 1.000000013350e-10 1.000000000000e-10
     3.960000000000e+05 1.000000000000e+00                                      
C29 2020 05 14 15 00 00 2.283878857270e-04 5.223377286256e-12 0.000000000000e+00
     1.000000000000e+00 3.564062500000e+01 3.707297357991e-09 1.911252607000e+00
     1.564156264067e-06 2.752342261374e-04 5.928799510002e-06 5.282620420456e+03
     3.996000000000e+05-4.889443516731e-08 2.588943290760e+00-1.862645149231e-09
     9.653165009641e-01 2.410000000000e+02 1.152146198965e+00-6.863857482386e-09
    -3.785871963147e-11 0.000000000000e+00 7.490000000000e+02 0.000000000000e+00
     2.000000000000e+00 0.000000000000e+00 1.000000013351e-10 1.000000013351e-10
     3.996000000000e+05 1.000000000000e+00                                      
C29 2020 05 14 16 00 00 2.284065121780e-04 5.203837361020e-12 0.000000000000e+00
     1.000000000000e+00 3.756250000000e+01 3.770871357640e-09 2.398299796050e+00
     1.770909875630e-06 2.749988343570e-04 5.775131285190e-06 5.282620967860e+03
     4.032000000000e+05-6.519258022310e-08 2.588918413840e+00-7.124617695810e-08
     9.653161103650e-01 2.416718750000e+02 1.152667022670e+00-6.918859626850e-09
    -1.607209803880e-11 0.000000000000e+00 7.490000000000e+02 0.000000000000e+00
     2.000000000000e+00 0.000000000000e+00 1.000000013350e-10 1.000000000000e-10
     4.051800000000e+05 1.000000000000e+00                                      
C29 2020 05 14 17 00 00 2.284256042910e-04 5.246469925170e-12 0.000000000000e+00
     1.000000000000e+00 4.832812500000e+01 3.800158291850e-09 2.884350141010e+00
     2.444256097080e-06 2.735329326240e-04 5.901791155340e-06 5.282623943330e+03
     4.068000000000e+05 2.700835466380e-08 2.588893081950e+00-1.247972249980e-07
     9.653158470400e-01 2.396562500000e+02 1.154184817730e+00-6.979219283930e-09
     4.285892810350e-11 0.000000000000e+00 7.490000000000e+02 0.000000000000e+00
     2.000000000000e+00 0.000000000000e+00 1.000000013350e-10 1.000000000000e-10
     4.068000000000e+05 1.000000000000e+00                                      
C29 2020 05 14 18 00 00 2.284444635730e-04 5.246469925170e-12 0.000000000000e+00
     1.000000000000e+00 5.014062500000e+01 3.846588797290e-09-2.911336347980e+00
     2.597458660600e-06 2.732446882870e-04 6.121583282950e-06 5.282624498370e+03
     4.104000000000e+05 9.778887033460e-08 2.588867457480e+00-2.607703208920e-08
     9.653159567590e-01 2.384531250000e+02 1.154253375930e+00-7.001363063450e-09
     1.285767843110e-10 0.000000000000e+00 7.490000000000e+02 0.000000000000e+00
     2.000000000000e+00 0.000000000000e+00 1.000000013350e-10 1.000000000000e-10
     4.104000000000e+05 2.000000000000e+00                                      
C29 2020 05 14 19 00 00 2.284630900250e-04 5.227818178350e-12 0.000000000000e+00
     1.000000000000e+00 5.592187500000e+01 3.906591296640e-09-2.427066467940e+00
     2.804212272170e-06 2.742857905100e-04 5.836132913830e-06 5.282621841430e+03
     4.140000000000e+05 3.725290298460e-08 2.588841898830e+00 3.352761268620e-08
     9.653164790200e-01 2.468281250000e+02 1.157550904460e+00-6.981719388070e-09
     1.878649681870e-10 0.000000000000e+00 7.490000000000e+02 0.000000000000e+00
     2.000000000000e+00 0.000000000000e+00 1.000000013350e-10 1.000000000000e-10
     4.140000000000e+05 3.000000000000e+00                                      
C29 2020 05 14 20 00 00 2.284819493070e-04 5.227818178350e-12 0.000000000000e+00
     2.000000000000e+00 5.957812500000e+01 3.906591296640e-09-1.941102476100e+00
     2.967193722720e-06 2.745244419200e-04 5.798414349560e-06 5.282620870590e+03
     4.176000000000e+05-4.656612873080e-10 2.588816599130e+00 4.190951585770e-09
     9.653172748480e-01 2.478125000000e+02 1.159155288180e+00-6.952789611600e-09
     2.132231673150e-10 0.000000000000e+00 7.490000000000e+02 0.000000000000e+00
     2.000000000000e+00 0.000000000000e+00 1.000000013350e-10 1.000000000000e-10
     4.176000000000e+05 4.000000000000e+00                                      
C29 2020 05 14 21 00 00 2.285008085890e-04 5.227818178350e-12 0.000000000000e+00
     3.000000000000e+00 5.617187500000e+01 3.851231847840e-09-1.450694474150e+00
     2.847053110600e-06 2.745994133870e-04 5.635432899000e-06 5.282622388840e+03
     4.212000000000e+05 1.676380634310e-08 2.588791511550e+00-2.142041921620e-08
     9.653181672280e-01 2.525000000000e+02 1.156315742240e+00-6.926359939260e-09
     2.203663219990e-10 0.000000000000e+00 7.490000000000e+02 0.000000000000e+00
     2.000000000000e+00 0.000000000000e+00 1.000000013350e-10 1.000000000000e-10
     4.212000000000e+05 5.000000000000e+00                                      
C29 2020 05 14 22 00 00 2.285195514560e-04 5.227818178350e-12 0.000000000000e+00
     4.000000000000e+00 5.440625000000e+01 3.830516699250e-09-9.640463252680e-01
     2.740416675810e-06 2.743480727080e-04 5.805399268870e-06 5.282621704100e+03
     4.248000000000e+05 4.004687070850e-08 2.588766612680e+00-1.303851604460e-08
     9.653190713110e-01 2.504687500000e+02 1.157235310600e+00-6.904930475210e-09
     2.185805333280e-10 0.000000000000e+00 7.490000000000e+02 0.000000000000e+00
     2.000000000000e+00 0.000000000000e+00 1.000000013350e-10 1.000000000000e-10
     4.248000000000e+05 6.000000000000e+00                                      
C29 2020 05 14 23 00 00 2.285384107380e-04 5.227818178350e-12 0.000000000000e+00
     5.000000000000e+00 4.381250000000e+01 3.830159541520e-09-4.790818370990e-01
     2.125278115270e-06 2.730245469140e-04 5.958136171100e-06 5.282618774410e+03
     4.284000000000e+05 2.421438694000e-08 2.588741912770e+00 2.700835466380e-08
     9.653199812460e-01 2.478125000000e+02 1.159838707910e+00-6.874214910070e-09
     1.992940156810e-10 0.000000000000e+00 7.490000000000e+02 0.000000000000e+00
     2.000000000000e+00 0.000000000000e+00 1.000000013350e-10 1.000000000000e-10
     4.284000000000e+05 7.000000000000e+00                                      
C30 2020 05 14 00 00 00 3.164503723380e-04 5.723421736550e-12 0.000000000000e+00
     1.000000000000e+00 3.320312500000e+01 3.836588380730e-09 2.577614080110e+00
     1.737382262950e-06 4.990694578740e-04 4.820525646210e-06 5.282618869780e+03
     3.456000000000e+05-5.122274160390e-08 2.589869176000e+00 1.117587089540e-08
     9.652467695110e-01 2.655781250000e+02 2.555000674260e-01-6.912430787630e-09
     2.075086435680e-10 0.000000000000e+00 7.490000000000e+02 0.000000000000e+00
     2.000000000000e+00 0.000000000000e+00-9.599999906130e-09-9.600000000000e-09
     3.456000000000e+05 1.000000000000e+00                                      
C30 2020 05 14 01 00 00 3.164713270960e-04 5.763389765430e-12 0.000000000000e+00
     1.000000000000e+00 3.384375000000e+01 3.825516490970e-09 3.065292588530e+00
     1.738779246810e-06 4.991189343850e-04 4.920642822980e-06 5.282618759160e+03
     3.492000000000e+05-6.053596735000e-08 2.589844277140e+00 1.396983861920e-09
     9.652474643970e-01 2.650156250000e+02 2.553903778290e-01-6.923145519660e-09
     2.100087477070e-10 0.000000000000e+00 7.490000000000e+02 0.000000000000e+00
     2.000000000000e+00 0.000000000000e+00-9.599999906130e-09-9.600000000000e-09
     3.492000000000e+05 1.000000000000e+00                                      
C30 2020 05 14 02 00 00 3.164922818540e-04 5.795364188540e-12 0.000000000000e+00
     1.000000000000e+00 4.318750000000e+01 3.785871982480e-09-2.729294157650e+00
     2.075452357530e-06 4.979163641110e-04 4.836358129980e-06 5.282621307370e+03
     3.528000000000e+05-3.725290298460e-08 2.589819132500e+00-5.681067705150e-08
     9.652480422500e-01 2.674218750000e+02 2.543606590510e-01-6.967433078700e-09
     2.375098932400e-10 0.000000000000e+00 7.490000000000e+02 0.000000000000e+00
     2.000000000000e+00 0.000000000000e+00-9.599999906130e-09-9.600000000000e-09
     3.528000000000e+05 1.000000000000e+00                                      
C30 2020 05 14 03 00 00 3.165141679350e-04 5.927702773080e-12 0.000000000000e+00
     1.000000000000e+00 4.782812500000e+01 3.740155792500e-09-2.240700936290e+00
     2.188608050350e-06 4.974169423800e-04 4.879198968410e-06 5.282622682570e+03
     3.564000000000e+05-3.725290298460e-09 2.589793904480e+00-4.563480615620e-08
     9.652488600210e-01 2.646875000000e+02 2.533353056210e-01-6.980290757130e-09
     2.610823036970e-10 0.000000000000e+00 7.490000000000e+02 0.000000000000e+00
     2.000000000000e+00 0.000000000000e+00-9.599999906130e-09-9.600000000000e-09
     3.564000000000e+05 1.000000000000e+00                                      
C30 2020 05 14 04 00 00 3.165344242010e-04 5.776712441730e-12 0.000000000000e+00
     1.000000000000e+00 4.917187500000e+01 3.730512533680e-09-1.755034749220e+00
     2.267304807900e-06 4.975678166370e-04 4.394911229610e-06 5.282620805740e+03
     3.600000000000e+05-9.313225746150e-10 2.589768764230e+00-4.144385457040e-08
     9.652498036030e-01 2.715000000000e+02 2.552364291070e-01-6.981005072600e-09
     2.635824078370e-10 0.000000000000e+00 7.490000000000e+02 0.000000000000e+00
     2.000000000000e+00 0.000000000000e+00-9.599999906130e-09-9.600000000000e-09
     3.600000000000e+05 1.000000000000e+00                                      
C30 2020 05 14 05 00 00 3.165542148050e-04 5.656808355070e-12 0.000000000000e+00
     1.000000000000e+00 5.400000000000e+01 3.719440643920e-09-1.269049210070e+00
     2.644956111910e-06 4.973805043850e-04 4.163011908530e-06 5.282619224550e+03
     3.636000000000e+05 2.002343535420e-08 2.589743719070e+00-4.051253199580e-08
     9.652507179270e-01 2.747500000000e+02 2.568187330050e-01-6.990291173690e-09
     2.503675716710e-10 0.000000000000e+00 7.490000000000e+02 0.000000000000e+00
     2.000000000000e+00 0.000000000000e+00-9.599999906130e-09-9.600000000000e-09
     3.636000000000e+05 1.000000000000e+00                                      
C30 2020 05 14 06 00 00 3.165742382410e-04 5.614175790920e-12 0.000000000000e+00
     1.000000000000e+00 5.112500000000e+01 3.671581507540e-09-7.808647294870e-01
     2.647750079630e-06 4.977049538870e-04 4.149507731200e-06 5.282620082860e+03
     3.672000000000e+05 2.374872565270e-08 2.589718578830e+00-3.166496753690e-08
     9.652515912890e-01 2.765781250000e+02 2.562024699870e-01-6.996005697430e-09
     2.464388365950e-10 0.000000000000e+00 7.490000000000e+02 0.000000000000e+00
     2.000000000000e+00 0.000000000000e+00-9.599999906130e-09-9.600000000000e-09
     3.672000000000e+05 1.000000000000e+00                                      
C30 2020 05 14 07 00 00 3.165954258290e-04 5.733191699160e-12 0.000000000000e+00
     1.000000000000e+00 5.042187500000e+01 3.615507743270e-09-2.932497073250e-01
     2.635177224870e-06 4.976070486010e-04 4.322268068790e-06 5.282619903560e+03
     3.708000000000e+05 7.031485438350e-08 2.589693380060e+00-3.399327397350e-08
     9.652526826260e-01 2.759843750000e+02 2.561551899380e-01-6.954575400270e-09
     2.471531520640e-10 0.000000000000e+00 7.490000000000e+02 0.000000000000e+00
     2.000000000000e+00 0.000000000000e+00-9.599999906130e-09-9.600000000000e-09
     3.708000000000e+05 1.000000000000e+00                                      
C30 2020 05 14 08 00 00 3.166147507730e-04 5.562661442580e-12 0.000000000000e+00
     1.000000000000e+00 4.276562500000e+01 3.587292282270e-09 1.948331531140e-01
     2.197455614810e-06 4.962746752430e-04 4.687346518040e-06 5.282617256160e+03
     3.744000000000e+05 8.940696716310e-08 2.589668601150e+00 6.239861249920e-08
     9.652539217170e-01 2.697812500000e+02 2.556398433970e-01-6.877429329680e-09
     2.160804291890e-10 0.000000000000e+00 7.490000000000e+02 0.000000000000e+00
     2.000000000000e+00 0.000000000000e+00-9.599999906130e-09-9.600000000000e-09
     3.744000000000e+05 1.000000000000e+00                                      
C30 2020 05 14 09 00 00 3.166354727000e-04 5.660361068750e-12 0.000000000000e+00
     1.000000000000e+00 3.739062500000e+01 3.564791345010e-09 6.832234121400e-01
     1.924112439160e-06 4.956661723550e-04 4.654750227930e-06 5.282615833280e+03
     3.780000000000e+05-2.887099981310e-08 2.589644369380e+00 1.150183379650e-07
     9.652549325940e-01 2.704062500000e+02 2.548176644190e-01-6.807069256040e-09
     1.417916204760e-10 0.000000000000e+00 7.490000000000e+02 0.000000000000e+00
     2.000000000000e+00 0.000000000000e+00-9.599999906130e-09-9.600000000000e-09
     3.780600000000e+05 1.000000000000e+00                                      
C30 2020 05 14 10 00 00 3.166565438730e-04 5.655031998230e-12 0.000000000000e+00
     1.000000000000e+00 3.915625000000e+01 3.542647565490e-09 1.168879639660e+00
     2.032611519100e-06 4.960420774300e-04 5.069654434920e-06 5.282617822650e+03
     3.816000000000e+05-9.359791874890e-08 2.589620400930e+00 3.259629011150e-09
     9.652554782620e-01 2.632343750000e+02 2.567297685680e-01-6.787425580660e-09
     4.928776731910e-11 0.000000000000e+00 7.490000000000e+02 0.000000000000e+00
     2.000000000000e+00 0.000000000000e+00-9.599999906130e-09-9.600000000000e-09
     3.816000000000e+05 1.000000000000e+00                                      
C30 2020 05 14 11 00 00 3.166769165550e-04 5.653255641390e-12 0.000000000000e+00
     1.000000000000e+00 3.293750000000e+01 3.541933250020e-09 1.653434485900e+00
     1.660548150540e-06 4.959689686070e-04 5.588866770270e-06 5.282620754240e+03
     3.852000000000e+05-2.142041921620e-08 2.589596338850e+00-5.215406417850e-08
     9.652555675000e-01 2.543906250000e+02 2.597426161680e-01-6.811355148850e-09
    -1.392915163360e-11 0.000000000000e+00 7.490000000000e+02 0.000000000000e+00
     2.000000000000e+00 0.000000000000e+00-9.599999906130e-09-9.600000000000e-09
     3.852000000000e+05 1.000000000000e+00                                      
C30 2020 05 14 12 00 00 3.166972892360e-04 5.655920176650e-12 0.000000000000e+00
     1.000000000000e+00 3.125000000000e+01 3.584435020390e-09 2.140525881400e+00
     1.441687345500e-06 4.958887584510e-04 5.614478141070e-06 5.282621242520e+03
     3.888000000000e+05 1.303851604460e-08 2.589571988580e+00-1.816079020500e-08
     9.652553948760e-01 2.536406250000e+02 2.602182049840e-01-6.840999240790e-09
    -3.893019302740e-11 0.000000000000e+00 7.490000000000e+02 0.000000000000e+00
     2.000000000000e+00 0.000000000000e+00-9.599999906130e-09-9.600000000000e-09
     3.917100000000e+05 1.000000000000e+00                                      
C30 2020 05 14 13 00 00 3.167180111630e-04 5.700329097640e-12 0.000000000000e+00
     1.000000000000e+00 3.475000000000e+01 3.668724245660e-09 2.629036203580e+00
     1.519452780490e-06 4.967127460990e-04 5.757436156270e-06 5.282619403840e+03
     3.924000000000e+05-1.164153218270e-08 2.589547414480e+00 4.190951585770e-09
     9.652551198470e-01 2.474531250000e+02 2.592750382920e-01-6.869214701790e-09
    -4.464471677450e-11 0.000000000000e+00 7.490000000000e+02 0.000000000000e+00
     2.000000000000e+00 0.000000000000e+00-9.599999906130e-09-9.600000000000e-09
     3.924000000000e+05 1.000000000000e+00                                      
C30 2020 05 14 14 00 00 3.167386166750e-04 5.710987238670e-12 0.000000000000e+00
     1.000000000000e+00 3.446875000000e+01 3.746584631720e-09 3.116728214730e+00
     1.586042344570e-06 4.970019217580e-04 5.692243576050e-06 5.282618852620e+03
     3.960000000000e+05-4.703179001810e-08 2.589522616560e+00-2.607703208920e-08
     9.652547687470e-01 2.450312500000e+02 2.591511364450e-01-6.908859210290e-09
    -3.643008888800e-11 0.000000000000e+00 7.490000000000e+02 0.000000000000e+00
     2.000000000000e+00 0.000000000000e+00-9.599999906130e-09-9.600000000000e-09
     3.960000000000e+05 1.000000000000e+00                                      
C30 2020 05 14 15 00 00 3.167593386020e-04 5.735856234420e-12 0.000000000000e+00
     1.000000000000e+00 4.426562500000e+01 3.778728827790e-09-2.677649756940e+00
     2.208631485700e-06 4.957802593710e-04 5.607493221760e-06 5.282621534350e+03
     3.996000000000e+05-2.328306436540e-09 2.589497425110e+00-1.010484993460e-07
     9.652544059430e-01 2.461875000000e+02 2.579124208020e-01-6.967790236430e-09
     4.285892810350e-12 0.000000000000e+00 7.490000000000e+02 0.000000000000e+00
     2.000000000000e+00 0.000000000000e+00-9.599999906130e-09-9.600000000000e-09
     3.996000000000e+05 1.000000000000e+00                                      
C30 2020 05 14 16 00 00 3.167801769450e-04 5.755396159660e-12 0.000000000000e+00
     1.000000000000e+00 5.026562500000e+01 3.794800925830e-09-2.188410758200e+00
     2.582557499410e-06 4.950899165120e-04 5.940906703470e-06 5.282623640060e+03
     4.032000000000e+05 7.823109626770e-08 2.589471967410e+00-5.867332220080e-08
     9.652543371860e-01 2.412187500000e+02 2.562413250910e-01-6.996362855170e-09
     6.571702309210e-11 0.000000000000e+00 7.490000000000e+02 0.000000000000e+00
     2.000000000000e+00 0.000000000000e+00-9.599999906130e-09-9.600000000000e-09
     4.032000000000e+05 1.000000000000e+00                                      
C30 2020 05 14 17 00 00 3.167997347190e-04 5.642597500350e-12 0.000000000000e+00
     1.000000000000e+00 5.257812500000e+01 3.846945955030e-09-1.702683374340e+00
     2.665445208550e-06 4.951675655320e-04 5.751848220830e-06 5.282621870040e+03
     4.068000000000e+05 5.448237061500e-08 2.589446449730e+00 2.048909664150e-08
     9.652546049000e-01 2.477031250000e+02 2.580813527300e-01-6.989219700480e-09
     1.246480492340e-10 0.000000000000e+00 7.490000000000e+02 0.000000000000e+00
     2.000000000000e+00 0.000000000000e+00-9.599999906130e-09-9.600000000000e-09
     4.068000000000e+05 1.000000000000e+00                                      
C30 2020 05 14 18 00 00 3.168212715540e-04 5.805134151160e-12 0.000000000000e+00
     1.000000000000e+00 5.964062500000e+01 3.876947204700e-09-1.217167772750e+00
     2.949964255090e-06 4.948546411470e-04 5.615409463640e-06 5.282619810100e+03
     4.104000000000e+05 2.793967723850e-09 2.589421085660e+00 1.303851604460e-08
     9.652551447170e-01 2.511562500000e+02 2.601338984780e-01-6.964218659090e-09
     1.564350875780e-10 0.000000000000e+00 7.490000000000e+02 0.000000000000e+00
     2.000000000000e+00 0.000000000000e+00-9.599999906130e-09-9.600000000000e-09
     4.104000000000e+05 1.000000000000e+00                                      
C30 2020 05 14 19 00 00 3.168414114040e-04 5.698552740800e-12 0.000000000000e+00
     1.000000000000e+00 5.693750000000e+01 3.843374377680e-09-7.289763725630e-01
     2.837274223570e-06 4.952326416970e-04 5.517620593310e-06 5.282620754240e+03
     4.140000000000e+05 3.725290298460e-09 2.589395932240e+00-1.722946763040e-08
     9.652558161960e-01 2.535468750000e+02 2.595112044720e-01-6.940289090900e-09
     1.671498196040e-10 0.000000000000e+00 7.490000000000e+02 0.000000000000e+00
     2.000000000000e+00 0.000000000000e+00-9.599999906130e-09-9.600000000000e-09
     4.140000000000e+05 1.000000000000e+00                                      
C30 2020 05 14 20 00 00 3.168617840860e-04 5.685230064500e-12 0.000000000000e+00
     1.000000000000e+00 5.610937500000e+01 3.814801758950e-09-2.412218845680e-01
     2.801883965730e-06 4.953553434460e-04 5.505513399840e-06 5.282621026990e+03
     4.176000000000e+05 3.306195139880e-08 2.589370951450e+00-1.955777406690e-08
     9.652565476550e-01 2.546093750000e+02 2.593248740590e-01-6.914216576300e-09
     1.678641350720e-10 0.000000000000e+00 7.490000000000e+02 0.000000000000e+00
     2.000000000000e+00 0.000000000000e+00-9.599999906130e-09-9.600000000000e-09
     4.176000000000e+05 1.000000000000e+00                                      
C30 2020 05 14 21 00 00 3.168811090290e-04 5.537792446830e-12 0.000000000000e+00
     1.000000000000e+00 4.740625000000e+01 3.834802592060e-09 2.470478270820e-01
     2.359040081500e-06 4.940000362690e-04 5.783047527070e-06 5.282618303300e+03
     4.212000000000e+05 3.306195139880e-08 2.589346141830e+00 9.313225746150e-09
     9.652572498560e-01 2.492343750000e+02 2.586231722360e-01-6.892072796780e-09
     1.578637185150e-10 0.000000000000e+00 7.490000000000e+02 0.000000000000e+00
     2.000000000000e+00 0.000000000000e+00-9.599999906130e-09-9.600000000000e-09
     4.212000000000e+05 1.000000000000e+00                                      
C30 2020 05 14 22 00 00 3.169015981260e-04 5.611511255670e-12 0.000000000000e+00
     1.000000000000e+00 4.095312500000e+01 3.840517115810e-09 7.357497578790e-01
     1.979991793630e-06 4.932779120280e-04 5.668960511680e-06 5.282616521840e+03
     4.248000000000e+05 2.933666110040e-08 2.589321359990e+00 1.816079020500e-08
     9.652578247830e-01 2.509375000000e+02 2.574902124040e-01-6.887786903970e-09
     1.553636143750e-10 0.000000000000e+00 7.490000000000e+02 0.000000000000e+00
     2.000000000000e+00 0.000000000000e+00-9.599999906130e-09-9.600000000000e-09
     4.248000000000e+05 1.000000000000e+00                                      
C30 2020 05 14 23 00 00 3.169220872220e-04 5.652367462970e-12 0.000000000000e+00
     1.000000000000e+00 4.189062500000e+01 3.785514824740e-09 1.221331474590e+00
     2.003740519290e-06 4.936025943610e-04 5.923211574550e-06 5.282618524550e+03
     4.284000000000e+05 3.213062882420e-08 2.589296458200e+00 4.563480615620e-08
     9.652583748400e-01 2.433593750000e+02 2.594780006200e-01-6.888858377170e-09
     1.746501320220e-10 0.000000000000e+00 7.490000000000e+02 0.000000000000e+00
     2.000000000000e+00 0.000000000000e+00-9.599999906130e-09-9.600000000000e-09
     4.284000000000e+05 1.000000000000e+00                                      
C32 2020 05 14 00 00 00-8.941889973360e-04 7.739586749270e-12 0.000000000000e+00
     1.000000000000e+00-7.164062500000e+01 3.864803841740e-09 2.718852717370e+00
    -3.385823220010e-06 6.816008826720e-04 8.646398782730e-06 5.282624319080e+03
     3.456000000000e+05 6.426125764850e-08-1.591205991390e+00 4.749745130540e-08
     9.616942368020e-01 1.855937500000e+02-1.206565486090e+00-6.730994658660e-09
     5.643092200300e-11 0.000000000000e+00 7.490000000000e+02 0.000000000000e+00
     2.000000000000e+00 0.000000000000e+00-9.099999864760e-09-9.100000000000e-09
     3.456000000000e+05 1.000000000000e+00                                      
C32 2020 05 14 01 00 00-8.941604755820e-04 7.822187342300e-12 0.000000000000e+00
     1.000000000000e+00-8.121875000000e+01 3.815158916680e-09-3.076659761900e+00
    -3.898516297340e-06 6.797777023170e-04 9.139068424700e-06 5.282627883910e+03
     3.492000000000e+05-6.053596735000e-09-1.591230523060e+00 7.357448339460e-08
     9.616945264600e-01 1.764062500000e+02-1.206670867390e+00-6.704922144060e-09
     1.060758470560e-10 0.000000000000e+00 7.490000000000e+02 0.000000000000e+00
     2.000000000000e+00 0.000000000000e+00-9.099999864760e-09-9.100000000000e-09
     3.492000000000e+05 1.000000000000e+00                                      
C32 2020 05 14 02 00 00-8.941330015660e-04 7.745803998200e-12 0.000000000000e+00
     1.000000000000e+00-8.176562500000e+01 3.805515657860e-09-2.589192296970e+00
    -3.972556442020e-06 6.796953966840e-04 9.191222488880e-06 5.282627964020e+03
     3.528000000000e+05-3.259629011150e-08-1.591254830910e+00 2.980232238770e-08
     9.616950531110e-01 1.750000000000e+02-1.206572197960e+00-6.670277843850e-09
     1.300054152470e-10 0.000000000000e+00 7.490000000000e+02 0.000000000000e+00
     2.000000000000e+00 0.000000000000e+00-9.099999864760e-09-9.100000000000e-09
     3.528000000000e+05 1.000000000000e+00                                      
C32 2020 05 14 03 00 00-8.941041305660e-04 7.867484441700e-12 0.000000000000e+00
     1.000000000000e+00-7.642187500000e+01 3.863732368530e-09-2.104214863440e+00
    -3.724358975890e-06 6.807637400930e-04 9.855255484580e-06 5.282623954770e+03
     3.564000000000e+05-2.840533852580e-08-1.591278853480e+00 2.188608050350e-08
     9.616955607430e-01 1.608593750000e+02-1.203983478100e+00-6.662777531430e-09
     1.321483616530e-10 0.000000000000e+00 7.490000000000e+02 0.000000000000e+00
     2.000000000000e+00 0.000000000000e+00-9.099999864760e-09-9.100000000000e-09
     3.564000000000e+05 1.000000000000e+00                                      
C32 2020 05 14 04 00 00-8.940767729650e-04 7.736034035590e-12 0.000000000000e+00
     1.000000000000e+00-7.696875000000e+01 3.872661311890e-09-1.617273191750e+00
    -3.793276846410e-06 6.808899343010e-04 1.006526872520e-05 5.282623094560e+03
     3.600000000000e+05-4.144385457040e-08-1.591302889230e+00 0.000000000000e+00
     9.616959367130e-01 1.574843750000e+02-1.203357543730e+00-6.683849837750e-09
     1.385772008680e-10 0.000000000000e+00 7.490000000000e+02 0.000000000000e+00
     2.000000000000e+00 0.000000000000e+00-9.099999864760e-09-9.100000000000e-09
     3.600000000000e+05 1.000000000000e+00                                      
C32 2020 05 14 05 00 00-8.940484840420e-04 7.784883848670e-12 0.000000000000e+00
     1.000000000000e+00-6.628125000000e+01 3.820516282700e-09-1.127753172290e+00
    -3.372319042680e-06 6.814817897980e-04 1.006713137030e-05 5.282625938420e+03
     3.636000000000e+05-1.909211277960e-08-1.591327071260e+00-2.142041921620e-08
     9.616963638850e-01 1.574687500000e+02-1.205309844480e+00-6.703136355390e-09
     1.542921411730e-10 0.000000000000e+00 7.490000000000e+02 0.000000000000e+00
     2.000000000000e+00 0.000000000000e+00-9.099999864760e-09-9.100000000000e-09
     3.636000000000e+05 1.000000000000e+00                                      
C32 2020 05 14 06 00 00-8.940205443650e-04 7.779554778150e-12 0.000000000000e+00
     1.000000000000e+00-6.656250000000e+01 3.825516490970e-09-6.404000007620e-01
    -3.410968929530e-06 6.811390630900e-04 9.901821613310e-06 5.282625232700e+03
     3.672000000000e+05-1.024454832080e-08-1.591351244520e+00-1.629814505580e-08
     9.616969154050e-01 1.604687500000e+02-1.205096387180e+00-6.706350775000e-09
     1.610781381220e-10 0.000000000000e+00 7.490000000000e+02 0.000000000000e+00
     2.000000000000e+00 0.000000000000e+00-9.099999864760e-09-9.100000000000e-09
     3.672000000000e+05 1.000000000000e+00                                      
C32 2020 05 14 07 00 00-8.939927211030e-04 7.762679388180e-12 0.000000000000e+00
     1.000000000000e+00-6.098437500000e+01 3.879090151100e-09-1.533395269550e-01
    -3.133434802290e-06 6.791560444980e-04 9.228941053150e-06 5.282621303560e+03
     3.708000000000e+05-4.190951585770e-09-1.591375340240e+00-2.421438694000e-08
     9.616974903320e-01 1.740937500000e+02-1.204589895680e+00-6.708136563670e-09
     1.532206679700e-10 0.000000000000e+00 7.490000000000e+02 0.000000000000e+00
     2.000000000000e+00 0.000000000000e+00-9.099999864760e-09-9.100000000000e-09
     3.708000000000e+05 1.000000000000e+00                                      
C32 2020 05 14 08 00 00-8.939657127480e-04 7.642775301520e-12 0.000000000000e+00
     1.000000000000e+00-5.878125000000e+01 3.872661311890e-09 3.342709455320e-01
    -2.943910658360e-06 6.787952734160e-04 9.134877473120e-06 5.282620616910e+03
     3.744000000000e+05 8.381903171540e-09-1.591399435970e+00-1.862645149230e-08
     9.616980125940e-01 1.758437500000e+02-1.204632056980e+00-6.715279718350e-09
     1.453631978180e-10 0.000000000000e+00 7.490000000000e+02 0.000000000000e+00
     2.000000000000e+00 0.000000000000e+00-9.099999864760e-09-9.100000000000e-09
     3.744000000000e+05 1.000000000000e+00                                      
C32 2020 05 14 09 00 00-8.939377730710e-04 7.719158645610e-12 0.000000000000e+00
     1.000000000000e+00-6.762500000000e+01 3.800158291850e-09 8.199790276460e-01
    -3.300141543150e-06 6.799758411940e-04 8.760951459410e-06 5.282623979570e+03
     3.780000000000e+05 9.313225746150e-09-1.591423612150e+00-1.769512891770e-08
     9.616985377810e-01 1.850156250000e+02-1.202771757690e+00-6.714922560620e-09
     1.453631978180e-10 0.000000000000e+00 7.490000000000e+02 0.000000000000e+00
     2.000000000000e+00 0.000000000000e+00-9.099999864760e-09-9.100000000000e-09
     3.780000000000e+05 1.000000000000e+00                                      
C32 2020 05 14 10 00 00-8.939100662250e-04 7.689848757760e-12 0.000000000000e+00
     1.000000000000e+00-6.682812500000e+01 3.749441893590e-09 1.305774549840e+00
    -3.265682607890e-06 6.803857395430e-04 8.360482752320e-06 5.282626464840e+03
     3.816000000000e+05 1.583248376850e-08-1.591447782490e+00-1.629814505580e-08
     9.616990966160e-01 1.943281250000e+02-1.201000199000e+00-6.708493721410e-09
     1.450060400840e-10 0.000000000000e+00 7.490000000000e+02 0.000000000000e+00
     2.000000000000e+00 0.000000000000e+00-9.099999864760e-09-9.100000000000e-09
     3.816000000000e+05 1.000000000000e+00                                      
C32 2020 05 14 11 00 00-8.938825922090e-04 7.666756118850e-12 0.000000000000e+00
     1.000000000000e+00-7.070312500000e+01 3.747656104920e-09 1.794106227770e+00
    -3.503635525700e-06 6.805458106100e-04 8.429400622840e-06 5.282625400540e+03
     3.852000000000e+05 1.722946763040e-08-1.591471908930e+00-9.313225746150e-09
     9.616996393590e-01 1.934218750000e+02-1.201765621150e+00-6.702779197660e-09
     1.428630936780e-10 0.000000000000e+00 7.490000000000e+02 0.000000000000e+00
     2.000000000000e+00 0.000000000000e+00-9.099999864760e-09-9.100000000000e-09
     3.856500000000e+05 1.000000000000e+00                                      
C32 2020 05 14 12 00 00-8.938544197010e-04 7.744027641370e-12 0.000000000000e+00
     1.000000000000e+00-7.664062500000e+01 3.747298947190e-09 2.282744779110e+00
    -3.878492861990e-06 6.811231141910e-04 8.216127753260e-06 5.282623582840e+03
     3.888000000000e+05 1.117587089540e-08-1.591496011970e+00-7.450580596920e-09
     9.617001616200e-01 1.966718750000e+02-1.202837521710e+00-6.699921935780e-09
     1.389343586020e-10 0.000000000000e+00 7.490000000000e+02 0.000000000000e+00
     2.000000000000e+00 0.000000000000e+00-9.099999864760e-09-9.100000000000e-09
     3.888000000000e+05 1.000000000000e+00                                      
C32 2020 05 14 13 00 00-8.938264800240e-04 7.744027641370e-12 0.000000000000e+00
     1.000000000000e+00-7.729687500000e+01 3.704440019080e-09 2.770033318910e+00
    -3.912486135960e-06 6.805071607230e-04 8.341856300830e-06 5.282624822620e+03
     3.924000000000e+05 1.024454832080e-08-1.591520085750e+00-1.769512891770e-08
     9.617006619380e-01 1.918906250000e+02-1.202558910420e+00-6.699921935780e-09
     1.314340461840e-10 0.000000000000e+00 7.490000000000e+02 0.000000000000e+00
     2.000000000000e+00 0.000000000000e+00-9.099999864760e-09-9.100000000000e-09
     3.924000000000e+05 1.000000000000e+00                                      
C32 2020 05 14 14 00 00-8.937985403463e-04 7.757350317661e-12 0.000000000000e+00
     1.000000000000e+00-8.735937500000e+01 3.637294365053e-09-3.025359562415e+00
    -4.317611455917e-06 6.787858437747e-04 8.657108992338e-06 5.282628187180e+03
     3.960000000000e+05 3.306195139885e-08-1.591544109789e+00-2.002343535423e-08
     9.617011052026e-01 1.841093750000e+02-1.202784840565e+00-6.709208036873e-09
     1.164334213479e-10 0.000000000000e+00 7.490000000000e+02 0.000000000000e+00
     2.000000000000e+00 0.000000000000e+00-9.100000000000e-09-9.100000000000e-09
     3.960000000000e+05 0.000000000000e+00                                      
C32 2020 05 14 15 00 00-8.937710663304e-04 7.706724147738e-12 0.000000000000e+00
     1.000000000000e+00-8.782812500000e+01 3.623008055685e-09-2.537918134500e+00
    -4.234723746777e-06 6.787443999201e-04 8.750706911087e-06 5.282628160477e+03
     3.996000000000e+05 4.190951585770e-08-1.591568167477e+00 8.847564458847e-09
     9.617014343592e-01 1.827968750000e+02-1.202661007475e+00-6.730280343191e-09
     1.039329006511e-10 0.000000000000e+00 7.490000000000e+02 0.000000000000e+00
     2.000000000000e+00 0.000000000000e+00-9.100000000000e-09-9.100000000000e-09
     3.996000000000e+05 0.000000000000e+00                                      
C32 2020 05 14 16 00 00-8.937427774072e-04 7.791101097610e-12 0.000000000000e+00
     1.000000000000e+00-8.426562500000e+01 3.660152460041e-09-2.052845855601e+00
    -4.039611667395e-06 6.796625675634e-04 9.484123438597e-06 5.282624393463e+03
     4.032000000000e+05 3.725290298462e-08-1.591592390474e+00 1.583248376846e-08
     9.617017810708e-01 1.692343750000e+02-1.200167854208e+00-6.735637709204e-09
     1.021471119801e-10 0.000000000000e+00 7.490000000000e+02 0.000000000000e+00
     2.000000000000e+00 0.000000000000e+00-9.100000000000e-09-9.100000000000e-09
     4.032000000000e+05 0.000000000000e+00                                      
C32 2020 05 14 17 00 00-8.937154198065e-04 7.694289649862e-12 0.000000000000e+00
     1.000000000000e+00-8.478125000000e+01 3.638722995990e-09-1.565765891337e+00
    -4.095956683159e-06 6.797590758651e-04 9.647104889154e-06 5.282623746872e+03
     4.068000000000e+05 5.401670932770e-08-1.591616541789e+00 5.681067705154e-08
     9.617023135730e-01 1.665156250000e+02-1.199681167696e+00-6.700279093519e-09
     9.036090675161e-11 0.000000000000e+00 7.490000000000e+02 0.000000000000e+00
     2.000000000000e+00 0.000000000000e+00-9.100000000000e-09-9.100000000000e-09
     4.068000000000e+05 0.000000000000e+00                                      
C32 2020 05 14 18 00 00-8.936878293753e-04 7.685407865665e-12 0.000000000000e+00
     1.000000000000e+00-7.475000000000e+01 3.565862818214e-09-1.076384214192e+00
    -3.624241799116e-06 6.803841097280e-04 9.700655937195e-06 5.282626453400e+03
     4.104000000000e+05-2.468004822731e-08-1.591640290801e+00 1.089647412300e-07
     9.617028358347e-01 1.654218750000e+02-1.201496425206e+00-6.645276802452e-09
     3.857303529318e-11 0.000000000000e+00 7.490000000000e+02 0.000000000000e+00
     2.000000000000e+00 0.000000000000e+00-9.100000000000e-09-9.100000000000e-09
     4.104000000000e+05 0.000000000000e+00                                      
C32 2020 05 14 19 00 00-8.936604717750e-04 7.642775301520e-12 0.000000000000e+00
     1.000000000000e+00-7.471875000000e+01 3.568720080090e-09-5.889937572680e-01
    -3.614462912080e-06 6.800546543670e-04 9.594485163690e-06 5.282625791550e+03
     4.140000000000e+05-1.061707735060e-07-1.591663697490e+00 1.629814505580e-08
     9.617030362550e-01 1.683125000000e+02-1.201321622590e+00-6.619561445590e-09
    -4.893060958490e-11 0.000000000000e+00 7.490000000000e+02 0.000000000000e+00
     2.000000000000e+00 0.000000000000e+00-9.099999864760e-09-9.100000000000e-09
     4.140000000000e+05 1.000000000000e+00                                      
C32 2020 05 14 20 00 00-8.936328813430e-04 7.670308832530e-12 0.000000000000e+00
     1.000000000000e+00-6.787500000000e+01 3.657295198170e-09-1.017689348560e-01
    -3.327149897810e-06 6.781313568350e-04 9.065028280020e-06 5.282622018810e+03
     4.176000000000e+05-2.980232238770e-08-1.591687045660e+00-7.217749953270e-08
     9.617027729290e-01 1.808437500000e+02-1.200980812410e+00-6.643848171520e-09
    -1.317912039180e-10 0.000000000000e+00 7.490000000000e+02 0.000000000000e+00
     2.000000000000e+00 0.000000000000e+00-9.099999864760e-09-9.100000000000e-09
     4.176000000000e+05 1.000000000000e+00                                      
C32 2020 05 14 21 00 00-8.936051744970e-04 7.682743330410e-12 0.000000000000e+00
     1.000000000000e+00-6.456250000000e+01 3.725869483130e-09 3.859271841710e-01
    -3.291759639980e-06 6.776772206650e-04 9.006820619110e-06 5.282621145250e+03
     4.212000000000e+05 3.678724169730e-08-1.591710668860e+00-2.840533852580e-08
     9.617021160790e-01 1.823593750000e+02-1.201109751090e+00-6.689564361490e-09
    -1.753644474900e-10 0.000000000000e+00 7.490000000000e+02 0.000000000000e+00
     2.000000000000e+00 0.000000000000e+00-9.099999864760e-09-9.100000000000e-09
     4.212000000000e+05 1.000000000000e+00                                      
C32 2020 05 14 22 00 00-8.935771184040e-04 7.730704965070e-12 0.000000000000e+00
     1.000000000000e+00-7.121875000000e+01 3.743727369840e-09 8.717743780910e-01
    -3.720168024300e-06 6.786532467230e-04 8.455011993650e-06 5.282624118800e+03
     4.248000000000e+05 1.629814505580e-08-1.591734662180e+00 1.257285475730e-08
     9.617013085480e-01 1.911250000000e+02-1.199389276040e+00-6.727065923580e-09
    -1.871506527190e-10 0.000000000000e+00 7.490000000000e+02 0.000000000000e+00
     2.000000000000e+00 0.000000000000e+00-9.099999864760e-09-9.100000000000e-09
     4.248000000000e+05 1.000000000000e+00                                      
C32 2020 05 14 23 00 00-8.935494115580e-04 7.720046824030e-12 0.000000000000e+00
     1.000000000000e+00-6.975000000000e+01 3.782300405140e-09 1.357763600880e+00
    -3.586057573560e-06 6.789617473260e-04 7.872004061940e-06 5.282626302720e+03
     4.284000000000e+05-1.955777406690e-08-1.591758918830e+00-1.862645149230e-09
     9.617004702960e-01 1.989843750000e+02-1.197811615440e+00-6.760638750600e-09
    -1.832219176430e-10 0.000000000000e+00 7.490000000000e+02 0.000000000000e+00
     2.000000000000e+00 0.000000000000e+00-9.099999864760e-09-9.100000000000e-09
     4.311600000000e+05 1.000000000000e+00                                      
C33 2020 05 14 00 00 00-8.384608663620e-04 1.089262013920e-11 0.000000000000e+00
     1.000000000000e+00-7.864062500000e+01 3.760513783350e-09-2.428628216380e+00
    -4.010740667580e-06 5.778371123600e-04 9.950716048480e-06 5.282624177930e+03
     3.456000000000e+05-4.330649971960e-08-1.591364400540e+00 1.909211277960e-08
     9.617259762730e-01 1.567343750000e+02-7.679399740680e-01-6.655277219010e-09
     3.428714248280e-11 0.000000000000e+00 7.490000000000e+02 0.000000000000e+00
     2.000000000000e+00 0.000000000000e+00-4.250000174010e-08-4.250000000000e-08
     3.461100000000e+05 1.000000000000e+00                                      
C33 2020 05 14 01 00 00-8.384216343980e-04 1.088995560390e-11 0.000000000000e+00
     1.000000000000e+00-7.460937500000e+01 3.790515033020e-09-1.940061843960e+00
    -3.745779395100e-06 5.776997422800e-04 9.786803275350e-06 5.282625322340e+03
     3.492000000000e+05-5.494803190230e-08-1.591388483100e+00-2.887099981310e-08
     9.617259206820e-01 1.585937500000e+02-7.689391617450e-01-6.694207412040e-09
     4.964492505330e-11 0.000000000000e+00 7.490000000000e+02 0.000000000000e+00
     2.000000000000e+00 0.000000000000e+00-4.250000174010e-08-4.250000000000e-08
     3.492000000000e+05 1.000000000000e+00                                      
C33 2020 05 14 02 00 00-8.383824024350e-04 1.089350831760e-11 0.000000000000e+00
     1.000000000000e+00-6.359375000000e+01 3.793015137160e-09-1.449829390710e+00
    -3.104098141190e-06 5.778041668240e-04 9.907409548760e-06 5.282628345490e+03
     3.528000000000e+05-9.313225746150e-10-1.591412818740e+00-5.168840289120e-08
     9.617259879760e-01 1.567500000000e+02-7.716047974430e-01-6.725994450380e-09
     8.321775206770e-11 0.000000000000e+00 7.490000000000e+02 0.000000000000e+00
     2.000000000000e+00 0.000000000000e+00-4.250000174010e-08-4.250000000000e-08
     3.528000000000e+05 1.000000000000e+00                                      
C33 2020 05 14 03 00 00-8.383435197170e-04 1.086597478660e-11 0.000000000000e+00
     1.000000000000e+00-6.506250000000e+01 3.871232680950e-09-9.636683467350e-01
    -3.114808350800e-06 5.771496798840e-04 9.708572179080e-06 5.282626331330e+03
     3.564000000000e+05 2.514570951460e-08-1.591437227530e+00-1.210719347000e-08
     9.617262732450e-01 1.645312500000e+02-7.701998635840e-01-6.734209078270e-09
     1.164334213480e-10 0.000000000000e+00 7.490000000000e+02 0.000000000000e+00
     2.000000000000e+00 0.000000000000e+00-4.250000174010e-08-4.250000000000e-08
     3.564000000000e+05 1.000000000000e+00                                      
C33 2020 05 14 04 00 00-8.383035892620e-04 1.094235813070e-11 0.000000000000e+00
     1.000000000000e+00-5.646875000000e+01 3.959807799030e-09-4.778814396690e-01
    -2.773012965920e-06 5.753095028920e-04 9.201467037200e-06 5.282622232440e+03
     3.600000000000e+05 7.450580596920e-09-1.591461563170e+00 3.725290298460e-09
     9.617267135840e-01 1.775000000000e+02-7.684198199760e-01-6.728494554520e-09
     1.325055193870e-10 0.000000000000e+00 7.490000000000e+02 0.000000000000e+00
     2.000000000000e+00 0.000000000000e+00-4.250000174010e-08-4.250000000000e-08
     3.600000000000e+05 1.000000000000e+00                                      
C33 2020 05 14 05 00 00-8.382654050365e-04 1.080646683249e-11 0.000000000000e+00
     1.000000000000e+00-5.625000000000e+01 3.958379168095e-09 9.546816131783e-03
    -2.770218998194e-06 5.752855213359e-04 9.153503924608e-06 5.282622190475e+03
     3.636000000000e+05 4.656612873077e-10-1.591485816892e+00-1.862645149231e-09
     9.617272139016e-01 1.786875000000e+02-7.682796899786e-01-6.722780030773e-09
     1.371485699313e-10 0.000000000000e+00 7.490000000000e+02 0.000000000000e+00
     2.000000000000e+00 0.000000000000e+00-4.250000000000e-08-4.250000000000e-08
     3.666300000000e+05 0.000000000000e+00                                      
C33 2020 05 14 06 00 00-8.382262894884e-04 1.082778311456e-11 0.000000000000e+00
     1.000000000000e+00-6.245312500000e+01 3.898019511016e-09 4.958701211295e-01
    -3.039836883545e-06 5.766632966697e-04 8.737668395042e-06 5.282625209808e+03
     3.672000000000e+05 4.190951585770e-09-1.591510031112e+00-6.984919309616e-09
     9.617277361634e-01 1.882656250000e+02-7.670347627852e-01-6.717065507026e-09
     1.389343586023e-10 0.000000000000e+00 7.490000000000e+02 0.000000000000e+00
     2.000000000000e+00 0.000000000000e+00-4.250000000000e-08-4.250000000000e-08
     3.672000000000e+05 0.000000000000e+00                                      
C33 2020 05 14 07 00 00-8.381853112951e-04 1.110134206783e-11 0.000000000000e+00
     1.000000000000e+00-6.187500000000e+01 3.867303945875e-09 9.827629445242e-01
    -3.033317625523e-06 5.770168500021e-04 8.605420589447e-06 5.282626234055e+03
     3.708000000000e+05 7.916241884232e-09-1.591534205834e+00-6.519258022308e-09
     9.617282554993e-01 1.921875000000e+02-7.663604892133e-01-6.713493929684e-09
     1.389343586023e-10 0.000000000000e+00 7.490000000000e+02 0.000000000000e+00
     2.000000000000e+00 0.000000000000e+00-4.250000000000e-08-4.250000000000e-08
     3.708000000000e+05 0.000000000000e+00                                      
C33 2020 05 14 08 00 00-8.381516672671e-04 1.030819873904e-11 0.000000000000e+00
     1.000000000000e+00-7.042187500000e+01 3.876232889230e-09 1.472389357624e+00
    -3.559049218893e-06 5.769114941359e-04 8.685979992151e-06 5.282623899460e+03
     3.744000000000e+05 1.583248376846e-08-1.591558401036e+00-1.210719347000e-08
     9.617287338735e-01 1.909843750000e+02-7.684200920783e-01-6.718494137963e-09
     1.439345668810e-10 0.000000000000e+00 7.490000000000e+02 0.000000000000e+00
     2.000000000000e+00 0.000000000000e+00-4.250000000000e-08-4.250000000000e-08
     3.744000000000e+05 0.000000000000e+00                                      
C33 2020 05 14 09 00 00-8.381097577510e-04 1.097522073220e-11 0.000000000000e+00
     1.000000000000e+00-7.517187500000e+01 3.855517740650e-09 1.961328057320e+00
    -3.931112587450e-06 5.771681899200e-04 8.363276720050e-06 5.282622266770e+03
     3.780000000000e+05 3.771856427190e-08-1.591582685480e+00-4.656612873080e-10
     9.617292268770e-01 1.946250000000e+02-7.697911608460e-01-6.725994450380e-09
     1.600066649200e-10 0.000000000000e+00 7.490000000000e+02 0.000000000000e+00
     2.000000000000e+00 0.000000000000e+00-4.250000174010e-08-4.250000000000e-08
     3.802800000000e+05 1.000000000000e+00                                      
C33 2020 05 14 10 00 00-8.380711078644e-04 1.085442846716e-11 0.000000000000e+00
     1.000000000000e+00-7.762500000000e+01 3.765513991629e-09 2.447586091305e+00
    -4.006549715996e-06 5.762055516243e-04 8.562114089727e-06 5.282624629974e+03
     3.816000000000e+05 2.980232238770e-08-1.591607010878e+00 2.700835466385e-08
     9.617298120441e-01 1.858125000000e+02-7.684812215732e-01-6.723851503975e-09
     1.800074980348e-10 0.000000000000e+00 7.490000000000e+02 0.000000000000e+00
     2.000000000000e+00 0.000000000000e+00-4.250000000000e-08-4.250000000000e-08
     3.816000000000e+05 0.000000000000e+00                                      
C33 2020 05 14 11 00 00-8.380317594856e-04 1.089794920972e-11 0.000000000000e+00
     1.000000000000e+00-8.925000000000e+01 3.663366879649e-09 2.934401908155e+00
    -4.387460649014e-06 5.745079834014e-04 8.759088814259e-06 5.282628036499e+03
     3.852000000000e+05 9.313225746155e-09-1.591631298244e+00 2.468004822731e-08
     9.617304937639e-01 1.799843750000e+02-7.677302106334e-01-6.713851087418e-09
     1.925080187317e-10 0.000000000000e+00 7.490000000000e+02 0.000000000000e+00
     2.000000000000e+00 0.000000000000e+00-4.250000000000e-08-4.250000000000e-08
     3.852000000000e+05 0.000000000000e+00                                      
C33 2020 05 14 12 00 00-8.379927603528e-04 1.086952750029e-11 0.000000000000e+00
     1.000000000000e+00-8.671875000000e+01 3.636222891850e-09-2.861611856089e+00
    -4.130881279707e-06 5.750070558861e-04 8.986331522465e-06 5.282626972198e+03
     3.888000000000e+05 8.381903171539e-09-1.591655500760e+00 1.350417733192e-08
     9.617312296117e-01 1.768281250000e+02-7.673362716643e-01-6.704922144063e-09
     1.971510692762e-10 0.000000000000e+00 7.490000000000e+02 0.000000000000e+00
     2.000000000000e+00 0.000000000000e+00-4.250000000000e-08-4.250000000000e-08
     3.888000000000e+05 0.000000000000e+00                                      
C33 2020 05 14 13 00 00-8.379536448047e-04 1.088729106868e-11 0.000000000000e+00
     1.000000000000e+00-8.576562500000e+01 3.653009305358e-09-2.376046755199e+00
    -4.080124199390e-06 5.762954242527e-04 9.697396308184e-06 5.282623601913e+03
     3.924000000000e+05 2.095475792885e-08-1.591679638909e+00 1.396983861923e-08
     9.617319976437e-01 1.642656250000e+02-7.653355146790e-01-6.693493096569e-09
     1.971510692762e-10 0.000000000000e+00 7.490000000000e+02 0.000000000000e+00
     2.000000000000e+00 0.000000000000e+00-4.250000000000e-08-4.250000000000e-08
     3.924000000000e+05 0.000000000000e+00                                      
C33 2020 05 14 14 00 00-8.379152277485e-04 1.078781508568e-11 0.000000000000e+00
     1.000000000000e+00-8.190625000000e+01 3.599078487494e-09-1.887591296840e+00
    -3.960449248552e-06 5.762090440840e-04 9.683892130852e-06 5.282624589920e+03
     3.960000000000e+05 2.514570951462e-08-1.591703608821e+00 5.913898348808e-08
     9.617328622283e-01 1.655000000000e+02-7.662241730438e-01-6.658134480883e-09
     1.817932867058e-10 0.000000000000e+00 7.490000000000e+02 0.000000000000e+00
     2.000000000000e+00 0.000000000000e+00-4.250000000000e-08-4.250000000000e-08
     3.960000000000e+05 0.000000000000e+00                                      
C33 2020 05 14 15 00 00-8.378765778620e-04 1.075761701940e-11 0.000000000000e+00
     1.000000000000e+00-7.206250000000e+01 3.525503994250e-09-1.397621886500e+00
    -3.520399332050e-06 5.763756344090e-04 9.811483323570e-06 5.282627311710e+03
     3.996000000000e+05-6.472691893580e-08-1.591727199840e+00 8.195638656620e-08
     9.617336726850e-01 1.627187500000e+02-7.686275967670e-01-6.611346817700e-09
     1.260766801710e-10 0.000000000000e+00 7.490000000000e+02 0.000000000000e+00
     2.000000000000e+00 0.000000000000e+00-4.250000174010e-08-4.250000000000e-08
     4.022700000000e+05 1.000000000000e+00                                      
C33 2020 05 14 16 00 00-8.378378115590e-04 1.077804512310e-11 0.000000000000e+00
     1.000000000000e+00-7.259375000000e+01 3.551576508850e-09-9.112673686870e-01
    -3.544613718990e-06 5.757503677160e-04 9.507406502960e-06 5.282625488280e+03
     4.032000000000e+05-1.117587089540e-07-1.591750477790e+00-3.492459654810e-08
     9.617341539850e-01 1.697187500000e+02-7.674172193100e-01-6.597417666070e-09
     3.464430021700e-11 0.000000000000e+00 7.490000000000e+02 0.000000000000e+00
     2.000000000000e+00 0.000000000000e+00-4.250000174010e-08-4.250000000000e-08
     4.032000000000e+05 1.000000000000e+00                                      
C33 2020 05 14 17 00 00-8.377982303500e-04 1.087041567870e-11 0.000000000000e+00
     1.000000000000e+00-6.371875000000e+01 3.646223308410e-09-4.251518799790e-01
    -3.169290721420e-06 5.740586202590e-04 9.051989763980e-06 5.282621818540e+03
     4.068000000000e+05 2.793967723850e-09-1.591773691370e+00-9.872019290920e-08
     9.617341437450e-01 1.804062500000e+02-7.659670490990e-01-6.637776490030e-09
    -5.464513333200e-11 0.000000000000e+00 7.490000000000e+02 0.000000000000e+00
     2.000000000000e+00 0.000000000000e+00-4.250000174010e-08-4.250000000000e-08
     4.068000000000e+05 1.000000000000e+00                                      
C33 2020 05 14 18 00 00-8.377591148020e-04 1.084909939660e-11 0.000000000000e+00
     1.000000000000e+00-6.387500000000e+01 3.706225807750e-09 6.227215530240e-02
    -3.283377736810e-06 5.741103086620e-04 8.984003216030e-06 5.282621938710e+03
     4.104000000000e+05 6.239861249920e-08-1.591797241430e+00-1.955777406690e-08
     9.617336814620e-01 1.816250000000e+02-7.658239332860e-01-6.702064882190e-09
    -1.032185851830e-10 0.000000000000e+00 7.490000000000e+02 0.000000000000e+00
     2.000000000000e+00 0.000000000000e+00-4.250000174010e-08-4.250000000000e-08
     4.104000000000e+05 1.000000000000e+00                                      
C33 2020 05 14 19 00 00-8.377208141610e-04 1.075939337620e-11 0.000000000000e+00
     1.000000000000e+00-6.909375000000e+01 3.714083277910e-09 5.484004108950e-01
    -3.590714186430e-06 5.755069432780e-04 8.365139365200e-06 5.282625108720e+03
     4.140000000000e+05 2.700835466380e-08-1.591821302040e+00 1.676380634310e-08
     9.617331021470e-01 1.921718750000e+02-7.643848315140e-01-6.744923810290e-09
    -1.125046862720e-10 0.000000000000e+00 7.490000000000e+02 0.000000000000e+00
     2.000000000000e+00 0.000000000000e+00-4.250000174010e-08-4.250000000000e-08
     4.151700000000e+05 1.000000000000e+00                                      
C33 2020 05 14 20 00 00-8.376819314440e-04 1.077804512310e-11 0.000000000000e+00
     1.000000000000e+00-6.754687500000e+01 3.733012637820e-09 1.035012816300e+00
    -3.449153155090e-06 5.759245250370e-04 8.022412657740e-06 5.282626459120e+03
     4.176000000000e+05 1.490116119380e-08-1.591845606960e+00 9.313225746150e-09
     9.617326413280e-01 1.969218750000e+02-7.634307514520e-01-6.757067173260e-09
    -1.107188976010e-10 0.000000000000e+00 7.490000000000e+02 0.000000000000e+00
     2.000000000000e+00 0.000000000000e+00-4.250000174010e-08-4.250000000000e-08
     4.176000000000e+05 1.000000000000e+00                                      
C33 2020 05 14 21 00 00-8.376435143870e-04 1.072741895310e-11 0.000000000000e+00
     1.000000000000e+00-7.510937500000e+01 3.788014928880e-09 1.524338920110e+00
    -3.698281943800e-06 5.758961196990e-04 8.019618690010e-06 5.282624500270e+03
     4.212000000000e+05 1.350417733190e-08-1.591869920660e+00 1.210719347000e-08
     9.617322492660e-01 1.967968750000e+02-7.651906141060e-01-6.754924226850e-09
    -1.117903708030e-10 0.000000000000e+00 7.490000000000e+02 0.000000000000e+00
     2.000000000000e+00 0.000000000000e+00-4.250000174010e-08-4.250000000000e-08
     4.212000000000e+05 1.000000000000e+00                                      
C33 2020 05 14 22 00 00-8.376046316700e-04 1.076472244680e-11 0.000000000000e+00
     1.000000000000e+00-7.934375000000e+01 3.829802383780e-09 2.013190650800e+00
    -3.848224878310e-06 5.761811044070e-04 7.880851626400e-06 5.282622962950e+03
     4.248000000000e+05 1.303851604460e-08-1.591894237290e+00 1.443549990650e-08
     9.617318455000e-01 2.009531250000e+02-7.664752507480e-01-6.754567069120e-09
    -1.114332130690e-10 0.000000000000e+00 7.490000000000e+02 0.000000000000e+00
     2.000000000000e+00 0.000000000000e+00-4.250000174010e-08-4.250000000000e-08
     4.248000000000e+05 1.000000000000e+00                                      
C33 2020 05 14 23 00 00-8.375659817830e-04 1.075495248410e-11 0.000000000000e+00
     1.000000000000e+00-8.246875000000e+01 3.809444392940e-09 2.499615319930e+00
    -4.010275006290e-06 5.752459401260e-04 8.306000381710e-06 5.282625190730e+03
     4.284000000000e+05 3.725290298460e-09-1.591918616820e+00 2.840533852580e-08
     9.617314475870e-01 1.932500000000e+02-7.653322509090e-01-6.752066964980e-09
    -1.003613233090e-10 0.000000000000e+00 7.490000000000e+02 0.000000000000e+00
     2.000000000000e+00 0.000000000000e+00-4.250000174010e-08-4.250000000000e-08
     4.284000000000e+05 1.000000000000e+00                                      
C34 2020 05 14 00 00 00-7.166860159487e-04-3.383338054164e-11 0.000000000000e+00
     1.000000000000e+00 4.001562500000e+01 3.905876981168e-09-7.558927456698e-01
     2.068001776934e-06 5.833893083036e-04 3.614462912083e-06 5.282623531342e+03
     3.456000000000e+05 2.654269337654e-08 2.593375796489e+00-4.330649971962e-08
     9.633517083569e-01 2.918281250000e+02 4.276517143933e-01-7.049222199828e-09
     2.317953694933e-10 0.000000000000e+00 7.490000000000e+02 0.000000000000e+00
     2.000000000000e+00 0.000000000000e+00-5.900000000000e-09-5.900000000000e-09
     3.482400000000e+05 0.000000000000e+00                                      
C34 2020 05 14 01 00 00-7.168065058067e-04-3.365485667928e-11 0.000000000000e+00
     1.000000000000e+00 3.800000000000e+01 3.892304987269e-09-2.685350829812e-01
     1.961365342140e-06 5.827780114487e-04 3.867316991091e-06 5.282622316360e+03
     3.492000000000e+05 6.193295121193e-08 2.593350455822e+00-3.864988684654e-08
     9.633526958266e-01 2.877187500000e+02 4.278616680073e-01-7.018149476953e-09
     2.310810540249e-10 0.000000000000e+00 7.490000000000e+02 0.000000000000e+00
     2.000000000000e+00 0.000000000000e+00-5.900000000000e-09-5.900000000000e-09
     3.492000000000e+05 0.000000000000e+00                                      
C34 2020 05 14 02 00 00-7.169293239710e-04-3.391864566990e-11 0.000000000000e+00
     1.000000000000e+00 3.143750000000e+01 3.866232472670e-09 2.193205979830e-01
     1.555308699610e-06 5.818202625960e-04 4.015862941740e-06 5.282620420460e+03
     3.528000000000e+05 3.771856427190e-08 2.593325456010e+00 3.399327397350e-08
     9.633537535160e-01 2.851406250000e+02 4.275738842260e-01-6.963147185890e-09
     1.982225424790e-10 0.000000000000e+00 7.490000000000e+02 0.000000000000e+00
     2.000000000000e+00 0.000000000000e+00-5.900000044080e-09-5.900000000000e-09
     3.554700000000e+05 1.000000000000e+00                                      
C34 2020 05 14 03 00 00-7.170506287370e-04-3.381472879480e-11 0.000000000000e+00
     1.000000000000e+00 3.523437500000e+01 3.800158291850e-09 7.060164409220e-01
     1.597683876750e-06 5.823497194800e-04 4.095491021870e-06 5.282621835710e+03
     3.564000000000e+05 2.374872565270e-08 2.593300453280e+00 2.793967723850e-08
     9.633544864380e-01 2.811093750000e+02 4.284464797500e-01-6.958146977610e-09
     1.871506527190e-10 0.000000000000e+00 7.490000000000e+02 0.000000000000e+00
     2.000000000000e+00 0.000000000000e+00-5.900000044080e-09-5.900000000000e-09
     3.564000000000e+05 1.000000000000e+00                                      
C34 2020 05 14 04 00 00-7.171717006710e-04-3.371880552550e-11 0.000000000000e+00
     1.000000000000e+00 3.460937500000e+01 3.713368962440e-09 1.190949801120e+00
     1.575332134960e-06 5.830065347250e-04 4.523433744910e-06 5.282625080110e+03
     3.600000000000e+05 1.769512891770e-08 2.593275415440e+00 2.607703208920e-08
     9.633551549920e-01 2.688125000000e+02 4.310808382590e-01-6.956361188940e-09
     1.857220217820e-10 0.000000000000e+00 7.490000000000e+02 0.000000000000e+00
     2.000000000000e+00 0.000000000000e+00-5.900000044080e-09-5.900000000000e-09
     3.600000000000e+05 1.000000000000e+00                                      
C34 2020 05 14 05 00 00-7.172933546826e-04-3.376232626806e-11 0.000000000000e+00
     1.000000000000e+00 3.139062500000e+01 3.661223933244e-09 1.677524292077e+00
     1.524575054646e-06 5.830180598423e-04 4.601199179888e-06 5.282626199722e+03
     3.636000000000e+05-5.587935447693e-09 2.593250281043e+00 2.561137080193e-08
     9.633558571926e-01 2.658281250000e+02 4.320728722666e-01-6.945646456911e-09
     2.000083311498e-10 0.000000000000e+00 7.490000000000e+02 0.000000000000e+00
     2.000000000000e+00 0.000000000000e+00-5.900000000000e-09-5.900000000000e-09
     3.636000000000e+05 0.000000000000e+00                                      
C34 2020 05 14 06 00 00-7.174148922786e-04-3.375255630544e-11 0.000000000000e+00
     1.000000000000e+00 3.782812500000e+01 3.650509201218e-09 2.166531882052e+00
     1.952517777681e-06 5.836110794917e-04 4.834495484829e-06 5.282624187469e+03
     3.672000000000e+05-1.117587089539e-08 2.593225218331e+00 6.519258022308e-09
     9.633566413166e-01 2.621093750000e+02 4.306313669192e-01-6.931002989809e-09
     2.082229590363e-10 0.000000000000e+00 7.490000000000e+02 0.000000000000e+00
     2.000000000000e+00 0.000000000000e+00-5.900000000000e-09-5.900000000000e-09
     3.672000000000e+05 0.000000000000e+00                                      
C34 2020 05 14 07 00 00-7.175356149673e-04-3.366462664189e-11 0.000000000000e+00
     1.000000000000e+00 3.953125000000e+01 3.653009305358e-09 2.655128027780e+00
     2.053100615740e-06 5.846434505656e-04 5.357898771763e-06 5.282621847153e+03
     3.708000000000e+05-5.587935447693e-09 2.593200262411e+00 5.122274160385e-09
     9.633574210520e-01 2.536250000000e+02 4.296018836714e-01-6.925288466062e-09
     2.089372745047e-10 0.000000000000e+00 7.490000000000e+02 0.000000000000e+00
     2.000000000000e+00 0.000000000000e+00-5.900000000000e-09-5.900000000000e-09
     3.708000000000e+05 0.000000000000e+00                                      
C34 2020 05 14 08 00 00-7.176572689787e-04-3.378275437171e-11 0.000000000000e+00
     1.000000000000e+00 4.101562500000e+01 3.626936790761e-09-3.140409956006e+00
     2.085696905851e-06 5.844694096595e-04 5.380716174841e-06 5.282622186661e+03
     3.744000000000e+05 1.257285475731e-08 2.593175378175e+00 1.490116119385e-08
     9.633582373603e-01 2.539375000000e+02 4.295218488862e-01-6.910644998960e-09
     2.075086435679e-10 0.000000000000e+00 7.490000000000e+02 0.000000000000e+00
     2.000000000000e+00 0.000000000000e+00-5.900000000000e-09-5.900000000000e-09
     3.744000000000e+05 0.000000000000e+00                                      
C34 2020 05 14 09 00 00-7.177795050666e-04-3.385203228845e-11 0.000000000000e+00
     1.000000000000e+00 4.857812500000e+01 3.584435020392e-09-2.652035429201e+00
     2.460088580847e-06 5.835195770487e-04 5.463603883982e-06 5.282624258041e+03
     3.780000000000e+05-4.190951585770e-08 2.593150710450e+00 2.793967723846e-08
     9.633590902415e-01 2.523281250000e+02 4.287142303314e-01-6.883143853427e-09
     1.742929742877e-10 0.000000000000e+00 7.490000000000e+02 0.000000000000e+00
     2.000000000000e+00 0.000000000000e+00-5.900000000000e-09-5.900000000000e-09
     3.780000000000e+05 0.000000000000e+00                                      
C34 2020 05 14 10 00 00-7.179008098320e-04-3.378630708540e-11 0.000000000000e+00
     1.000000000000e+00 4.926562500000e+01 3.587649440000e-09-2.164604311930e+00
     2.499669790270e-06 5.835002521050e-04 5.456618964670e-06 5.282624151230e+03
     3.816000000000e+05-7.450580596920e-08 2.593126219740e+00-3.259629011150e-08
     9.633597470920e-01 2.530781250000e+02 4.288492093940e-01-6.873143436870e-09
     1.242908915000e-10 0.000000000000e+00 7.490000000000e+02 0.000000000000e+00
     2.000000000000e+00 0.000000000000e+00-5.900000044080e-09-5.900000000000e-09
     3.816000000000e+05 1.000000000000e+00                                      
C34 2020 05 14 11 00 00-7.180224638430e-04-3.377476076590e-11 0.000000000000e+00
     1.000000000000e+00 5.393750000000e+01 3.652294989890e-09-1.678910597140e+00
     2.678483724590e-06 5.836386699230e-04 5.197245627640e-06 5.282622015000e+03
     3.852000000000e+05 5.122274160390e-09 2.593101895800e+00-9.592622518540e-08
     9.633601055070e-01 2.597812500000e+02 4.307216655380e-01-6.899930266930e-09
     5.357366012940e-11 0.000000000000e+00 7.490000000000e+02 0.000000000000e+00
     2.000000000000e+00 0.000000000000e+00-5.900000044080e-09-5.900000000000e-09
     3.852000000000e+05 1.000000000000e+00                                      
C34 2020 05 14 12 00 00-7.181433029470e-04-3.369127199450e-11 0.000000000000e+00
     1.000000000000e+00 5.334375000000e+01 3.704440019080e-09-1.191224317700e+00
     2.539250999690e-06 5.837264470760e-04 5.157664418220e-06 5.282622215270e+03
     3.888000000000e+05 6.519258022310e-08 2.593077358270e+00-3.911554813390e-08
     9.633600938030e-01 2.606406250000e+02 4.306024991570e-01-6.950646665190e-09
     1.071473202590e-11 0.000000000000e+00 7.490000000000e+02 0.000000000000e+00
     2.000000000000e+00 0.000000000000e+00-5.900000044080e-09-5.900000000000e-09
     3.888000000000e+05 1.000000000000e+00                                      
C34 2020 05 14 13 00 00-7.182642584670e-04-3.366196210660e-11 0.000000000000e+00
     1.000000000000e+00 4.921875000000e+01 3.725155167670e-09-7.025192899030e-01
     2.264510840180e-06 5.844543920830e-04 4.759989678860e-06 5.282624143600e+03
     3.924000000000e+05 4.842877388000e-08 2.593052389190e+00-1.024454832080e-08
     9.633600031020e-01 2.664218750000e+02 4.294647351010e-01-6.977790652990e-09
     2.500104139370e-12 0.000000000000e+00 7.490000000000e+02 0.000000000000e+00
     2.000000000000e+00 0.000000000000e+00-5.900000044080e-09-5.900000000000e-09
     3.959700000000e+05 1.000000000000e+00                                      
C34 2020 05 14 14 00 00-7.183869602160e-04-3.384847957480e-11 0.000000000000e+00
     1.000000000000e+00 4.729687500000e+01 3.787657771150e-09-2.150079140230e-01
     2.251937985420e-06 5.840627709400e-04 4.697125405070e-06 5.282623401640e+03
     3.960000000000e+05 4.284083843230e-08 2.593027257720e+00-2.095475792880e-08
     9.633599723810e-01 2.639531250000e+02 4.295201811600e-01-6.986005280880e-09
     5.714523747140e-12 0.000000000000e+00 7.490000000000e+02 0.000000000000e+00
     2.000000000000e+00 0.000000000000e+00-5.900000044080e-09-5.900000000000e-09
     3.960000000000e+05 1.000000000000e+00                                      
C34 2020 05 14 15 00 00-7.185081485660e-04-3.374900359180e-11 0.000000000000e+00
     1.000000000000e+00 3.923437500000e+01 3.846588797290e-09 2.730160727410e-01
     2.044253051280e-06 5.829877918590e-04 4.747416824100e-06 5.282621259690e+03
     3.996000000000e+05 2.887099981310e-08 2.593002259380e+00 1.676380634310e-08
     9.633601055070e-01 2.620625000000e+02 4.290634727640e-01-6.957075504410e-09
    -1.214336296270e-11 0.000000000000e+00 7.490000000000e+02 0.000000000000e+00
     2.000000000000e+00 0.000000000000e+00-5.900000044080e-09-5.900000000000e-09
     3.996000000000e+05 1.000000000000e+00                                      
C34 2020 05 14 16 00 00-7.186293369160e-04-3.368860745920e-11 0.000000000000e+00
     1.000000000000e+00 4.014062500000e+01 3.876590046960e-09 7.601585314030e-01
     2.188608050350e-06 5.831749876960e-04 4.939269274470e-06 5.282621864320e+03
     4.032000000000e+05 5.494803190230e-08 2.592977103040e+00 2.374872565270e-08
     9.633600396750e-01 2.600156250000e+02 4.294892697010e-01-6.967075920960e-09
     5.000208278750e-12 0.000000000000e+00 7.490000000000e+02 0.000000000000e+00
     2.000000000000e+00 0.000000000000e+00-5.900000044080e-09-5.900000000000e-09
     4.032000000000e+05 1.000000000000e+00                                      
C34 2020 05 14 17 00 00-7.187512237580e-04-3.377120805230e-11 0.000000000000e+00
     1.000000000000e+00 3.818750000000e+01 3.860875106660e-09 1.245280985470e+00
     2.073124051090e-06 5.836811615150e-04 5.584210157390e-06 5.282624826430e+03
     4.068000000000e+05 3.213062882420e-08 2.592951766760e+00 8.288770914080e-08
     9.633600703970e-01 2.492656250000e+02 4.319349893120e-01-6.960647081750e-09
     5.000208278750e-11 0.000000000000e+00 7.490000000000e+02 0.000000000000e+00
     2.000000000000e+00 0.000000000000e+00-5.900000044080e-09-5.900000000000e-09
     4.068000000000e+05 1.000000000000e+00                                      
C34 2020 05 14 18 00 00-7.188726449390e-04-3.374989177020e-11 0.000000000000e+00
     1.000000000000e+00 3.345312500000e+01 3.839088484870e-09 1.731511951070e+00
     1.743435859680e-06 5.836276104670e-04 5.776528269050e-06 5.282626361850e+03
     4.104000000000e+05-5.867332220080e-08 2.592926344170e+00 6.798654794690e-08
     9.633604054050e-01 2.461875000000e+02 4.332713196270e-01-6.915645207240e-09
     1.060758470560e-10 0.000000000000e+00 7.490000000000e+02 0.000000000000e+00
     2.000000000000e+00 0.000000000000e+00-5.900000044080e-09-5.900000000000e-09
     4.104000000000e+05 1.000000000000e+00                                      
C34 2020 05 14 19 00 00-7.189945317800e-04-3.381028790270e-11 0.000000000000e+00
     1.000000000000e+00 3.890625000000e+01 3.846945955030e-09 2.220323286200e+00
     1.961831003430e-06 5.842202808710e-04 5.954876542090e-06 5.282624538420e+03
     4.140000000000e+05-6.146728992460e-08 2.592901255120e+00-1.862645149230e-09
     9.633610286080e-01 2.419062500000e+02 4.320267303670e-01-6.862428704840e-09
     1.317912039180e-10 0.000000000000e+00 7.490000000000e+02 0.000000000000e+00
     2.000000000000e+00 0.000000000000e+00-5.900000044080e-09-5.900000000000e-09
     4.140000000000e+05 1.000000000000e+00                                      
C34 2020 05 14 20 00 00-7.191159529610e-04-3.376943169540e-11 0.000000000000e+00
     1.000000000000e+00 3.959375000000e+01 3.876232889230e-09 2.708949667520e+00
     1.991633325820e-06 5.854575429110e-04 6.464309990410e-06 5.282621847150e+03
     4.176000000000e+05-5.308538675310e-08 2.592876549360e+00-6.053596735000e-09
     9.633615450180e-01 2.317812500000e+02 4.309676201030e-01-6.854571234690e-09
     1.328626771210e-10 0.000000000000e+00 7.490000000000e+02 0.000000000000e+00
     2.000000000000e+00 0.000000000000e+00-5.900000044080e-09-5.900000000000e-09
     4.176000000000e+05 1.000000000000e+00                                      
C34 2020 05 14 21 00 00-7.192370248960e-04-3.370193013550e-11 0.000000000000e+00
     1.000000000000e+00 4.034375000000e+01 3.881590255240e-09-3.086565294330e+00
     1.953449100260e-06 5.854347255080e-04 6.540678441520e-06 5.282621887210e+03
     4.212000000000e+05-4.423782229420e-08 2.592851701700e+00-7.310882210730e-08
     9.633618039550e-01 2.312500000000e+02 4.308655098840e-01-6.902430371070e-09
     1.582208762490e-10 0.000000000000e+00 7.490000000000e+02 0.000000000000e+00
     2.000000000000e+00 0.000000000000e+00-5.900000044080e-09-5.900000000000e-09
     4.212000000000e+05 1.000000000000e+00                                      
C34 2020 05 14 22 00 00-7.193587953220e-04-3.374989177020e-11 0.000000000000e+00
     1.000000000000e+00 4.873437500000e+01 3.843017219950e-09-2.597973500780e+00
     2.258922904730e-06 5.843917606400e-04 6.647314876320e-06 5.282624225620e+03
     4.248000000000e+05 1.676380634310e-08 2.592826586320e+00-9.499490261080e-08
     9.633622677000e-01 2.283437500000e+02 4.298419002520e-01-6.936360355820e-09
     1.957224383390e-10 0.000000000000e+00 7.490000000000e+02 0.000000000000e+00
     2.000000000000e+00 0.000000000000e+00-5.900000044080e-09-5.900000000000e-09
     4.248000000000e+05 1.000000000000e+00                                      
C34 2020 05 14 23 00 00-7.194802165030e-04-3.374189816440e-11 0.000000000000e+00
     1.000000000000e+00 4.995312500000e+01 3.821587755900e-09-2.110277409550e+00
     2.287793904540e-06 5.842662649230e-04 6.587244570260e-06 5.282624469760e+03
     4.284000000000e+05 4.982575774190e-08 2.592801315870e+00-2.933666110040e-08
     9.633629625860e-01 2.276406250000e+02 4.297131663870e-01-6.946360772380e-09
     2.475103097980e-10 0.000000000000e+00 7.490000000000e+02 0.000000000000e+00
     2.000000000000e+00 0.000000000000e+00-5.900000044080e-09-5.900000000000e-09
     4.284000000000e+05 1.000000000000e+00                                      
C35 2020 05 14 00 00 00-8.461767574770e-04 1.804156823940e-11 0.000000000000e+00
     1.000000000000e+00 3.410937500000e+01 3.875518573760e-09 1.109090024150e+00
     1.527369022370e-06 7.275544339790e-04 4.084315150980e-06 5.282617851260e+03
     3.456000000000e+05 4.423782229420e-08 2.593229819210e+00 2.980232238770e-08
     9.634220908090e-01 2.808593750000e+02 1.482964592000e-01-6.987433911810e-09
     1.632210845280e-10 0.000000000000e+00 7.490000000000e+02 0.000000000000e+00
     2.000000000000e+00 0.000000000000e+00-2.299999968260e-09-2.300000000000e-09
     3.478800000000e+05 1.000000000000e+00                                      
C35 2020 05 14 01 00 00-8.461121469740e-04 1.798650117730e-11 0.000000000000e+00
     1.000000000000e+00 3.087500000000e+01 3.784086193810e-09 1.594464300550e+00
     1.423526555300e-06 7.275716634470e-04 4.461035132410e-06 5.282620952610e+03
     3.492000000000e+05 1.955777406690e-08 2.593204472690e+00 7.124617695810e-08
     9.634226979200e-01 2.695000000000e+02 1.504913702840e-01-6.979576441660e-09
     1.971510692760e-10 0.000000000000e+00 7.490000000000e+02 0.000000000000e+00
     2.000000000000e+00 0.000000000000e+00-2.299999968260e-09-2.300000000000e-09
     3.502200000000e+05 1.000000000000e+00                                      
C35 2020 05 14 02 00 00-8.460505632684e-04 1.757616274745e-11 0.000000000000e+00
     1.000000000000e+00 2.970312500000e+01 3.729798218210e-09 2.081757631413e+00
     1.489184796810e-06 7.275347597897e-04 4.483852535486e-06 5.282621326447e+03
     3.528000000000e+05-3.585591912270e-08 2.593179118856e+00 5.122274160385e-08
     9.634235215425e-01 2.681875000000e+02 1.507660492454e-01-6.948503718785e-09
     2.310810540249e-10 0.000000000000e+00 7.490000000000e+02 0.000000000000e+00
     2.000000000000e+00 0.000000000000e+00-2.300000000000e-09-2.300000000000e-09
     3.528000000000e+05 0.000000000000e+00                                      
C35 2020 05 14 03 00 00-8.459814125672e-04 1.808686533877e-11 0.000000000000e+00
     1.000000000000e+00 3.557812500000e+01 3.714440435639e-09 2.570135528781e+00
     1.863576471806e-06 7.284468738362e-04 4.807952791452e-06 5.282619199753e+03
     3.564000000000e+05-3.213062882423e-08 2.593154009330e+00 1.210719347000e-08
     9.634244973088e-01 2.629843750000e+02 1.499558822873e-01-6.917788153644e-09
     2.446530479243e-10 0.000000000000e+00 7.490000000000e+02 0.000000000000e+00
     2.000000000000e+00 0.000000000000e+00-2.300000000000e-09-2.300000000000e-09
     3.564000000000e+05 0.000000000000e+00                                      
C35 2020 05 14 04 00 00-8.459168020636e-04 1.802202831414e-11 0.000000000000e+00
     1.000000000000e+00 3.581250000000e+01 3.700868441740e-09 3.057844536116e+00
     1.863576471806e-06 7.290424546227e-04 5.124602466822e-06 5.282618015289e+03
     3.600000000000e+05-2.281740307808e-08 2.593129109002e+00 1.722946763039e-08
     9.634254233360e-01 2.586250000000e+02 1.498151495680e-01-6.908859210289e-09
     2.435815747217e-10 0.000000000000e+00 7.490000000000e+02 0.000000000000e+00
     2.000000000000e+00 0.000000000000e+00-2.300000000000e-09-2.300000000000e-09
     3.600000000000e+05 0.000000000000e+00                                      
C35 2020 05 14 05 00 00-8.458521915600e-04 1.800426474570e-11 0.000000000000e+00
     1.000000000000e+00 4.176562500000e+01 3.674438769410e-09-2.737272070210e+00
     2.091750502590e-06 7.282432634380e-04 5.033332854510e-06 5.282619728090e+03
     3.636000000000e+05-1.350417733190e-08 2.593104134060e+00-1.676380634310e-08
     9.634261884420e-01 2.612031250000e+02 1.493150217640e-01-6.933860251680e-09
     2.582250418240e-10 0.000000000000e+00 7.490000000000e+02 0.000000000000e+00
     2.000000000000e+00 0.000000000000e+00-2.299999968260e-09-2.300000000000e-09
     3.636000000000e+05 1.000000000000e+00                                      
C35 2020 05 14 06 00 00-8.457879303020e-04 1.793587500740e-11 0.000000000000e+00
     1.000000000000e+00 4.878125000000e+01 3.629436894900e-09-2.248652131580e+00
     2.401880919930e-06 7.275476818900e-04 5.163718014960e-06 5.282621740340e+03
     3.672000000000e+05-4.842877388000e-08 2.593079320050e+00-1.257285475730e-08
     9.634271685970e-01 2.582968750000e+02 1.482628398800e-01-6.917430995910e-09
     2.364384200380e-10 0.000000000000e+00 7.490000000000e+02 0.000000000000e+00
     2.000000000000e+00 0.000000000000e+00-2.299999968260e-09-2.300000000000e-09
     3.684900000000e+05 1.000000000000e+00                                      
C35 2020 05 14 07 00 00-8.457226213070e-04 1.803179827680e-11 0.000000000000e+00
     1.000000000000e+00 4.914062500000e+01 3.642651731070e-09-1.761847564570e+00
     2.413056790830e-06 7.276064716280e-04 4.955567419530e-06 5.282620655060e+03
     3.708000000000e+05-5.215406417850e-08 2.593054637690e+00-6.658956408500e-08
     9.634280273300e-01 2.624687500000e+02 1.490252849870e-01-6.916359522710e-09
     1.971510692760e-10 0.000000000000e+00 7.490000000000e+02 0.000000000000e+00
     2.000000000000e+00 0.000000000000e+00-2.299999968260e-09-2.300000000000e-09
     3.708000000000e+05 1.000000000000e+00                                      
C35 2020 05 14 08 00 00-8.456580108030e-04 1.798206028520e-11 0.000000000000e+00
     1.000000000000e+00 5.465625000000e+01 3.695511075730e-09-1.275662783290e+00
     2.662185579540e-06 7.273463997990e-04 4.715751856570e-06 5.282618638990e+03
     3.744000000000e+05 3.306195139880e-08 2.593030104560e+00-9.266659617420e-08
     9.634286271270e-01 2.677812500000e+02 1.504079034930e-01-6.948860876520e-09
     1.378628854000e-10 0.000000000000e+00 7.490000000000e+02 0.000000000000e+00
     2.000000000000e+00 0.000000000000e+00-2.299999968260e-09-2.300000000000e-09
     3.744000000000e+05 1.000000000000e+00                                      
C35 2020 05 14 09 00 00-8.455929346380e-04 1.802824556310e-11 0.000000000000e+00
     1.000000000000e+00 5.215625000000e+01 3.718369170720e-09-7.877581940450e-01
     2.513639628890e-06 7.276393007490e-04 4.648696631190e-06 5.282619382860e+03
     3.780000000000e+05 6.426125764850e-08 2.593005316870e+00-2.980232238770e-08
     9.634289211730e-01 2.690781250000e+02 1.500715332760e-01-6.996362855170e-09
     1.064330047900e-10 0.000000000000e+00 7.490000000000e+02 0.000000000000e+00
     2.000000000000e+00 0.000000000000e+00-2.299999968260e-09-2.300000000000e-09
     3.798600000000e+05 1.000000000000e+00                                      
C35 2020 05 14 10 00 00-8.455282077190e-04 1.799804749680e-11 0.000000000000e+00
     1.000000000000e+00 5.032812500000e+01 3.708725911890e-09-2.999109658210e-01
     2.417713403700e-06 7.281200960280e-04 4.456844180820e-06 5.282620395660e+03
     3.816000000000e+05 7.171183824540e-08 2.592980126890e+00-2.281740307810e-08
     9.634293205500e-01 2.724375000000e+02 1.497924114320e-01-6.993148435560e-09
     1.046472161190e-10 0.000000000000e+00 7.490000000000e+02 0.000000000000e+00
     2.000000000000e+00 0.000000000000e+00-2.299999968260e-09-2.300000000000e-09
     3.816000000000e+05 1.000000000000e+00                                      
C35 2020 05 14 11 00 00-8.454640628770e-04 1.790478876270e-11 0.000000000000e+00
     1.000000000000e+00 4.562500000000e+01 3.729798218210e-09 1.879360224840e-01
     2.228654921050e-06 7.271777139980e-04 4.670582711700e-06 5.282618524550e+03
     3.852000000000e+05 8.940696716310e-08 2.592955037840e+00 1.583248376850e-08
     9.634298603670e-01 2.670781250000e+02 1.495132018140e-01-6.958504135340e-09
     9.357532635940e-11 0.000000000000e+00 7.490000000000e+02 0.000000000000e+00
     2.000000000000e+00 0.000000000000e+00-2.299999968260e-09-2.300000000000e-09
     3.852000000000e+05 1.000000000000e+00                                      
C35 2020 05 14 12 00 00-8.453994523730e-04 1.792166415270e-11 0.000000000000e+00
     1.000000000000e+00 3.857812500000e+01 3.731226849150e-09 6.762641074920e-01
     1.936685293910e-06 7.264001760630e-04 4.684086889030e-06 5.282616674420e+03
     3.888000000000e+05 2.235174179080e-08 2.592930392060e+00 9.313225746150e-08
     9.634304221270e-01 2.667968750000e+02 1.487534162910e-01-6.893858585450e-09
     4.285892810350e-11 0.000000000000e+00 7.490000000000e+02 0.000000000000e+00
     2.000000000000e+00 0.000000000000e+00-2.299999968260e-09-2.300000000000e-09
     3.888000000000e+05 1.000000000000e+00                                      
C35 2020 05 14 13 00 00-8.453337941320e-04 1.806910177040e-11 0.000000000000e+00
     1.000000000000e+00 4.098437500000e+01 3.710154542830e-09 1.162788908970e+00
     2.077315002680e-06 7.266862085090e-04 4.978850483890e-06 5.282618253710e+03
     3.924000000000e+05-2.607703208920e-08 2.592905847220e+00 4.982575774190e-08
     9.634306152320e-01 2.614062500000e+02 1.497974833690e-01-6.878143645150e-09
    -2.857261873570e-12 0.000000000000e+00 7.490000000000e+02 0.000000000000e+00
     2.000000000000e+00 0.000000000000e+00-2.299999968260e-09-2.300000000000e-09
     3.924000000000e+05 1.000000000000e+00                                      
C35 2020 05 14 14 00 00-8.452698821200e-04 1.790390058430e-11 0.000000000000e+00
     1.000000000000e+00 3.623437500000e+01 3.676224558080e-09 1.648069125590e+00
     1.823529601100e-06 7.266006432470e-04 5.566049367190e-06 5.282621505740e+03
     3.960000000000e+05-2.700835466380e-08 2.592881120980e+00 3.911554813390e-08
     9.634305932880e-01 2.502812500000e+02 1.520856437780e-01-6.877429329680e-09
    -9.286101089100e-12 0.000000000000e+00 7.490000000000e+02 0.000000000000e+00
     2.000000000000e+00 0.000000000000e+00-2.299999968260e-09-2.300000000000e-09
     3.960000000000e+05 1.000000000000e+00                                      
C35 2020 05 14 15 00 00-8.452046895400e-04 1.798472482050e-11 0.000000000000e+00
     1.000000000000e+00 3.318750000000e+01 3.672652980740e-09 2.135051599530e+00
     1.590233296160e-06 7.264178711920e-04 5.649868398900e-06 5.282622411730e+03
     3.996000000000e+05-5.401670932770e-08 2.592856238210e+00 2.142041921620e-08
     9.634306269360e-01 2.487656250000e+02 1.526705784050e-01-6.858499969770e-09
     8.214627886510e-12 0.000000000000e+00 7.490000000000e+02 0.000000000000e+00
     2.000000000000e+00 0.000000000000e+00-2.299999968260e-09-2.300000000000e-09
     3.996000000000e+05 1.000000000000e+00                                      
C35 2020 05 14 16 00 00-8.451399626210e-04 1.799005389100e-11 0.000000000000e+00
     1.000000000000e+00 3.882812500000e+01 3.723726536730e-09 2.623396689490e+00
     1.784414052960e-06 7.274291710930e-04 5.879439413550e-06 5.282620159150e+03
     4.032000000000e+05-5.261972546580e-08 2.592831510500e+00 3.259629011150e-09
     9.634307234880e-01 2.422812500000e+02 1.518926717170e-01-6.844570818130e-09
     1.428630936780e-11 0.000000000000e+00 7.490000000000e+02 0.000000000000e+00
     2.000000000000e+00 0.000000000000e+00-2.299999968260e-09-2.300000000000e-09
     4.032000000000e+05 1.000000000000e+00                                      
C35 2020 05 14 17 00 00-8.450751192870e-04 1.799538296150e-11 0.000000000000e+00
     1.000000000000e+00 3.807812500000e+01 3.783371878340e-09 3.111080938400e+00
     1.763924956320e-06 7.283303420990e-04 6.108544766900e-06 5.282618402480e+03
     4.068000000000e+05-7.543712854390e-08 2.592806851560e+00-2.793967723850e-09
     9.634306737490e-01 2.355781250000e+02 1.517764940770e-01-6.865285966720e-09
     1.607209803880e-11 0.000000000000e+00 7.490000000000e+02 0.000000000000e+00
     2.000000000000e+00 0.000000000000e+00-2.299999968260e-09-2.300000000000e-09
     4.077600000000e+05 1.000000000000e+00                                      
C35 2020 05 14 18 00 00-8.450100431220e-04 1.803357463360e-11 0.000000000000e+00
     1.000000000000e+00 4.331250000000e+01 3.833016803390e-09-2.684044132370e+00
     2.093147486450e-06 7.276725955310e-04 6.008427590130e-06 5.282619873050e+03
     4.104000000000e+05-4.190951585770e-08 2.592781736180e+00-1.210719347000e-07
     9.634303577590e-01 2.369687500000e+02 1.512852110760e-01-6.953861084800e-09
     6.750281176310e-11 0.000000000000e+00 7.490000000000e+02 0.000000000000e+00
     2.000000000000e+00 0.000000000000e+00-2.299999968260e-09-2.300000000000e-09
     4.104000000000e+05 1.000000000000e+00                                      
C35 2020 05 14 19 00 00-8.449463639410e-04 1.787636705330e-11 0.000000000000e+00
     1.000000000000e+00 4.995312500000e+01 3.858017844790e-09-2.195351302380e+00
     2.515967935320e-06 7.270089117810e-04 6.258953362700e-06 5.282621932980e+03
     4.140000000000e+05 6.193295121190e-08 2.592756272630e+00-1.033768057820e-07
     9.634304660150e-01 2.332968750000e+02 1.501610024200e-01-6.996005697430e-09
     1.353627812600e-10 0.000000000000e+00 7.490000000000e+02 0.000000000000e+00
     2.000000000000e+00 0.000000000000e+00-2.299999968260e-09-2.300000000000e-09
     4.140000000000e+05 1.000000000000e+00                                      
C35 2020 05 14 20 00 00-8.448803564530e-04 1.803712734730e-11 0.000000000000e+00
     1.000000000000e+00 5.087500000000e+01 3.911948662650e-09-1.708679522980e+00
     2.560205757620e-06 7.270441856240e-04 6.165355443950e-06 5.282620676040e+03
     4.176000000000e+05 7.078051567080e-08 2.592730690580e+00-5.587935447690e-09
     9.634309663330e-01 2.382187500000e+02 1.510573571970e-01-6.998505801570e-09
     2.057228548970e-10 0.000000000000e+00 7.490000000000e+02 0.000000000000e+00
     2.000000000000e+00 0.000000000000e+00-2.299999968260e-09-2.300000000000e-09
     4.176000000000e+05 1.000000000000e+00                                      
C35 2020 05 14 21 00 00-8.448151638730e-04 1.808153626830e-11 0.000000000000e+00
     1.000000000000e+00 5.829687500000e+01 3.951593171150e-09-1.222760982550e+00
     2.870801836250e-06 7.266588509080e-04 5.938578397040e-06 5.282618230820e+03
     4.212000000000e+05 2.514570951460e-08 2.592705313340e+00 4.656612873080e-09
     9.634317724000e-01 2.437968750000e+02 1.527075039200e-01-6.980290757130e-09
     2.360812623040e-10 0.000000000000e+00 7.490000000000e+02 0.000000000000e+00
     2.000000000000e+00 0.000000000000e+00-2.299999968260e-09-2.300000000000e-09
     4.212000000000e+05 1.000000000000e+00                                      
C35 2020 05 14 22 00 00-8.447503205389e-04 1.804156823937e-11 0.000000000000e+00
     1.000000000000e+00 5.581250000000e+01 3.917306028663e-09-7.348694820351e-01
     2.806074917316e-06 7.269846973941e-04 5.880836397409e-06 5.282619003296e+03
     4.248000000000e+05 1.909211277962e-08 2.592680123351e+00-1.350417733192e-08
     9.634326823355e-01 2.455937500000e+02 1.523854381166e-01-6.966004447760e-09
     2.442958901901e-10 0.000000000000e+00 7.490000000000e+02 0.000000000000e+00
     2.000000000000e+00 0.000000000000e+00-2.300000000000e-09-2.300000000000e-09
     4.252500000000e+05 0.000000000000e+00                                      
C35 2020 05 14 23 00 00-8.446860592812e-04 1.796074400318e-11 0.000000000000e+00
     1.000000000000e+00 5.393750000000e+01 3.854446267444e-09-2.469641232985e-01
     2.739485353231e-06 7.277242839336e-04 5.704816430807e-06 5.282620510101e+03
     4.284000000000e+05 5.494803190231e-08 2.592655022603e+00-2.235174179077e-08
     9.634337239332e-01 2.510625000000e+02 1.520490079201e-01-6.933503093949e-09
     2.464388365953e-10 0.000000000000e+00 7.490000000000e+02 0.000000000000e+00
     2.000000000000e+00 0.000000000000e+00-2.300000000000e-09-2.300000000000e-09
     4.284000000000e+05 0.000000000000e+00                                      
C36 2020 05 14 00 00 00-8.297947933900e-04-4.434674849560e-12 0.000000000000e+00
     1.000000000000e+00 2.785937500000e+01 3.924092025610e-09-3.593420683820e-01
     1.462176442150e-06 6.935660494490e-04 6.753019988540e-06 5.282619636540e+03
     3.456000000000e+05-5.774199962620e-08 5.217191345760e-01 5.122274160390e-08
     9.543897624840e-01 2.220000000000e+02-1.791152796590e+00-6.843856502670e-09
    -2.085801167710e-10 0.000000000000e+00 7.490000000000e+02 0.000000000000e+00
     2.000000000000e+00 0.000000000000e+00-1.819999972950e-08-1.820000000000e-08
     3.487800000000e+05 1.000000000000e+00                                      
C36 2020 05 14 01 00 00-8.298107422890e-04-4.427569422210e-12 0.000000000000e+00
     1.000000000000e+00 2.739062500000e+01 3.938021177250e-09 1.282612972490e-01
     1.450534909960e-06 6.933166878300e-04 6.710644811390e-06 5.282619148250e+03
     3.492000000000e+05-8.568167686460e-08 5.216948428210e-01-2.700835466380e-08
     9.543890251740e-01 2.238593750000e+02-1.791187505780e+00-6.835641874780e-09
    -2.689397738500e-10 0.000000000000e+00 7.490000000000e+02 0.000000000000e+00
     2.000000000000e+00 0.000000000000e+00-1.819999972950e-08-1.820000000000e-08
     3.492000000000e+05 1.000000000000e+00                                      
C36 2020 05 14 02 00 00-8.298270404340e-04-4.472866521610e-12 0.000000000000e+00
     1.000000000000e+00 2.971875000000e+01 3.994809256980e-09 6.161879926460e-01
     1.482665538790e-06 6.929563824090e-04 6.671994924550e-06 5.282618309020e+03
     3.528000000000e+05 1.303851604460e-08 5.216707075990e-01-1.029111444950e-07
     9.543879118930e-01 2.262500000000e+02-1.791545439410e+00-6.867786070860e-09
    -3.521575259170e-10 0.000000000000e+00 7.490000000000e+02 0.000000000000e+00
     2.000000000000e+00 0.000000000000e+00-1.819999972950e-08-1.820000000000e-08
     3.528000000000e+05 1.000000000000e+00                                      
C36 2020 05 14 03 00 00-8.298408938570e-04-4.206412995700e-12 0.000000000000e+00
     1.000000000000e+00 2.475000000000e+01 4.046597128440e-09 1.102911579830e+00
     1.146458089350e-06 6.933272816240e-04 6.649643182750e-06 5.282619672780e+03
     3.564000000000e+05-1.350417733190e-08 5.216463953630e-01 3.213062882420e-08
     9.543863699770e-01 2.262187500000e+02-1.790699891780e+00-6.951360980660e-09
    -3.814444601210e-10 0.000000000000e+00 7.490000000000e+02 0.000000000000e+00
     2.000000000000e+00 0.000000000000e+00-1.819999972950e-08-1.820000000000e-08
     3.564000000000e+05 1.000000000000e+00                                      
C36 2020 05 14 04 00 00-8.298573084180e-04-4.367173289670e-12 0.000000000000e+00
     1.000000000000e+00 2.834375000000e+01 4.068383750230e-09 1.591726073390e+00
     1.220498234030e-06 6.932681426410e-04 6.731133908030e-06 5.282618009570e+03
     3.600000000000e+05 9.220093488690e-08 5.216212390240e-01 1.210719347000e-08
     9.543854293210e-01 2.206875000000e+02-1.791944915530e+00-6.861357231640e-09
    -3.768014095770e-10 0.000000000000e+00 7.490000000000e+02 0.000000000000e+00
     2.000000000000e+00 0.000000000000e+00-1.819999972950e-08-1.820000000000e-08
     3.618900000000e+05 1.000000000000e+00                                      
C36 2020 05 14 05 00 00-8.298731409010e-04-4.383160501220e-12 0.000000000000e+00
     1.000000000000e+00 2.842187500000e+01 4.132314984650e-09 2.079106402530e+00
     1.306645572190e-06 6.932308897380e-04 6.550922989850e-06 5.282618270870e+03
     3.636000000000e+05 2.980232238770e-08 5.215964220820e-01-1.164153218270e-08
     9.543838201110e-01 2.216562500000e+02-1.791755401800e+00-6.915288049500e-09
    -3.714440435640e-10 0.000000000000e+00 7.490000000000e+02 0.000000000000e+00
     2.000000000000e+00 0.000000000000e+00-1.819999972950e-08-1.820000000000e-08
     3.636000000000e+05 1.000000000000e+00                                      
C36 2020 05 14 06 00 00-8.298899047080e-04-4.509281836820e-12 0.000000000000e+00
     1.000000000000e+00 2.837500000000e+01 4.160530445650e-09 2.566665484170e+00
     1.421198248860e-06 6.932220421730e-04 6.542541086670e-06 5.282618310930e+03
     3.672000000000e+05 3.399327397350e-08 5.215715246790e-01-1.024454832080e-08
     9.543824800780e-01 2.216562500000e+02-1.791744505990e+00-6.915645207240e-09
    -3.700154126270e-10 0.000000000000e+00 7.490000000000e+02 0.000000000000e+00
     2.000000000000e+00 0.000000000000e+00-1.819999972950e-08-1.820000000000e-08
     3.672000000000e+05 1.000000000000e+00                                      
C36 2020 05 14 07 00 00-8.299053879450e-04-4.403588604870e-12 0.000000000000e+00
     1.000000000000e+00 2.815625000000e+01 4.185888644780e-09 3.054227507740e+00
     1.457985490560e-06 6.932899123060e-04 6.575137376790e-06 5.282618185040e+03
     3.708000000000e+05 5.960464477540e-08 5.215464941510e-01 1.164153218270e-08
     9.543811210270e-01 2.222500000000e+02-1.791736401420e+00-6.924216992860e-09
    -3.471573176390e-10 0.000000000000e+00 7.490000000000e+02 0.000000000000e+00
     2.000000000000e+00 0.000000000000e+00-1.819999972950e-08-1.820000000000e-08
     3.708000000000e+05 1.000000000000e+00                                      
C36 2020 05 14 08 00 00-8.299220353360e-04-4.517275442590e-12 0.000000000000e+00
     1.000000000000e+00 2.912500000000e+01 4.205175162420e-09-2.741582388630e+00
     1.474283635620e-06 6.936015561220e-04 6.543006747960e-06 5.282617532730e+03
     3.744000000000e+05-4.190951585770e-09 5.215211681130e-01 8.661299943920e-08
     9.543798980280e-01 2.246718750000e+02-1.791541394440e+00-6.904216159740e-09
    -2.796545058760e-10 0.000000000000e+00 7.490000000000e+02 0.000000000000e+00
     2.000000000000e+00 0.000000000000e+00-1.819999972950e-08-1.820000000000e-08
     3.744000000000e+05 1.000000000000e+00                                      
C36 2020 05 14 09 00 00-8.299391483890e-04-4.611422355080e-12 0.000000000000e+00
     1.000000000000e+00 3.098437500000e+01 4.239105147170e-09-2.254293638160e+00
     1.521315425630e-06 6.937606958670e-04 6.535090506080e-06 5.282617052080e+03
     3.780000000000e+05 3.632158041000e-08 5.214965135540e-01 1.178123056890e-07
     9.543788023020e-01 2.251093750000e+02-1.791259820750e+00-6.933145936210e-09
    -3.053698627380e-10 0.000000000000e+00 7.490000000000e+02 0.000000000000e+00
     2.000000000000e+00 0.000000000000e+00-1.819999972950e-08-1.820000000000e-08
     3.780000000000e+05 1.000000000000e+00                                      
C36 2020 05 14 10 00 00-8.299532346430e-04-4.427569422210e-12 0.000000000000e+00
     1.000000000000e+00 2.990625000000e+01 4.200174954150e-09-1.766389060620e+00
     1.434702426200e-06 6.937322905290e-04 6.444286555050e-06 5.282617502210e+03
     3.816000000000e+05-4.190951585770e-09 5.214713279570e-01 4.656612873080e-09
     9.543780606030e-01 2.264375000000e+02-1.791593547470e+00-6.859928600700e-09
    -2.592965150260e-10 0.000000000000e+00 7.490000000000e+02 0.000000000000e+00
     2.000000000000e+00 0.000000000000e+00-1.819999972950e-08-1.820000000000e-08
     3.816000000000e+05 1.000000000000e+00                                      
C36 2020 05 14 11 00 00-8.299697656180e-04-4.508393658400e-12 0.000000000000e+00
     1.000000000000e+00 3.025000000000e+01 4.215889894450e-09-1.278167677930e+00
     1.444946974520e-06 6.938562728460e-04 6.290618330240e-06 5.282618427280e+03
     3.852000000000e+05-6.984919309620e-08 5.214466046410e-01 3.445893526080e-08
     9.543768653990e-01 2.297968750000e+02-1.792244496280e+00-6.913502260830e-09
    -2.660825119760e-10 0.000000000000e+00 7.490000000000e+02 0.000000000000e+00
     2.000000000000e+00 0.000000000000e+00-1.819999972950e-08-1.820000000000e-08
     3.852000000000e+05 1.000000000000e+00                                      
C36 2020 05 14 12 00 00-8.299872279170e-04-4.605205106150e-12 0.000000000000e+00
     1.000000000000e+00 3.201562500000e+01 4.245533986390e-09-7.902827824960e-01
     1.514796167610e-06 6.940414896230e-04 6.244052201510e-06 5.282618980410e+03
     3.888000000000e+05-6.332993507390e-08 5.214214117290e-01-6.239861249920e-08
     9.543755926600e-01 2.310156250000e+02-1.792559019280e+00-6.987076754080e-09
    -2.296524230880e-10 0.000000000000e+00 7.490000000000e+02 0.000000000000e+00
     2.000000000000e+00 0.000000000000e+00-1.819999972950e-08-1.820000000000e-08
     3.888000000000e+05 1.000000000000e+00                                      
C36 2020 05 14 13 00 00-8.300016634170e-04-4.392042285420e-12 0.000000000000e+00
     1.000000000000e+00 3.079687500000e+01 4.281606917540e-09-3.027807634400e-01
     1.471955329180e-06 6.938484730200e-04 6.212387233970e-06 5.282618597030e+03
     3.924000000000e+05 3.213062882420e-08 5.213958604020e-01-6.845220923420e-08
     9.543746315230e-01 2.319062500000e+02-1.792490642490e+00-7.031364313120e-09
    -1.707213969460e-10 0.000000000000e+00 7.490000000000e+02 0.000000000000e+00
     2.000000000000e+00 0.000000000000e+00-1.819999972950e-08-1.820000000000e-08
     3.924000000000e+05 1.000000000000e+00                                      
C36 2020 05 14 14 00 00-8.300184272230e-04-4.504840944720e-12 0.000000000000e+00
     1.000000000000e+00 3.053125000000e+01 4.302322066130e-09 1.848885242060e-01
     1.463573426010e-06 6.934582488610e-04 6.099697202440e-06 5.282617824550e+03
     3.960000000000e+05 4.563480615620e-08 5.213702169110e-01 1.164153218270e-08
     9.543740156340e-01 2.348593750000e+02-1.792589313390e+00-7.035293048190e-09
    -1.121475285380e-10 0.000000000000e+00 7.490000000000e+02 0.000000000000e+00
     2.000000000000e+00 0.000000000000e+00-1.819999972950e-08-1.820000000000e-08
     3.960000000000e+05 1.000000000000e+00                                      
C36 2020 05 14 15 00 00-8.300353074450e-04-4.589217894590e-12 0.000000000000e+00
     1.000000000000e+00 3.278125000000e+01 4.296250384640e-09 6.728213828770e-01
     1.569744199510e-06 6.930810632180e-04 5.986075848340e-06 5.282616949080e+03
     3.996000000000e+05-2.281740307810e-08 5.213446143820e-01-1.955777406690e-08
     9.543736542930e-01 2.373593750000e+02-1.792951253950e+00-7.001005905710e-09
    -7.857470152310e-11 0.000000000000e+00 7.490000000000e+02 0.000000000000e+00
     2.000000000000e+00 0.000000000000e+00-1.819999972950e-08-1.820000000000e-08
     3.996000000000e+05 1.000000000000e+00                                      
C36 2020 05 14 16 00 00-8.300504414360e-04-4.417799459590e-12 0.000000000000e+00
     1.000000000000e+00 2.717187500000e+01 4.284821337150e-09 1.159458927070e+00
     1.403968781230e-06 6.934655830260e-04 5.989335477350e-06 5.282618406300e+03
     4.032000000000e+05-7.776543498040e-08 5.213196877200e-01 7.264316082000e-08
     9.543731656790e-01 2.376562500000e+02-1.792018166760e+00-7.062437035990e-09
    -9.143237995420e-11 0.000000000000e+00 7.490000000000e+02 0.000000000000e+00
     2.000000000000e+00 0.000000000000e+00-1.819999972950e-08-1.820000000000e-08
     4.032000000000e+05 1.000000000000e+00                                      
C36 2020 05 14 17 00 00-8.300658082590e-04-4.353850613370e-12 0.000000000000e+00
     1.000000000000e+00 2.956250000000e+01 4.208389582030e-09 1.647836504060e+00
     1.518521457910e-06 6.934228586030e-04 6.194692105050e-06 5.282617328640e+03
     4.068000000000e+05 6.658956408500e-08 5.212941100610e-01-6.053596735000e-09
     9.543735445750e-01 2.341406250000e+02-1.792825050930e+00-6.917430995910e-09
    -7.107438910500e-11 0.000000000000e+00 7.490000000000e+02 0.000000000000e+00
     2.000000000000e+00 0.000000000000e+00-1.819999972950e-08-1.820000000000e-08
     4.068000000000e+05 1.000000000000e+00                                      
C36 2020 05 14 18 00 00-8.300832705572e-04-4.708233802830e-12 0.000000000000e+00
     1.000000000000e+00 2.945312500000e+01 4.206960951096e-09 2.135336192683e+00
     1.478474587202e-06 6.934264674783e-04 6.217043846846e-06 5.282617393494e+03
     4.104000000000e+05 3.166496753693e-08 5.212691424378e-01-1.443549990654e-08
     9.543731729934e-01 2.347031250000e+02-1.792754235456e+00-6.942789195038e-09
    -7.000291590243e-11 0.000000000000e+00 7.490000000000e+02 0.000000000000e+00
     2.000000000000e+00 0.000000000000e+00-1.820000000000e-08-1.820000000000e-08
     4.118100000000e+05 0.000000000000e+00                                      
C36 2020 05 14 19 00 00-8.300992194560e-04-4.581224288810e-12 0.000000000000e+00
     1.000000000000e+00 2.968750000000e+01 4.170530862210e-09 2.622894178600e+00
     1.358799636360e-06 6.934081902730e-04 6.210524588820e-06 5.282617431640e+03
     4.140000000000e+05 2.328306436540e-08 5.212442040730e-01-3.259629011150e-09
     9.543729506300e-01 2.346406250000e+02-1.792741769930e+00-6.933860251680e-09
    -7.678891285220e-11 0.000000000000e+00 7.490000000000e+02 0.000000000000e+00
     2.000000000000e+00 0.000000000000e+00-1.819999972950e-08-1.820000000000e-08
     4.140900000000e+05 1.000000000000e+00                                      
C36 2020 05 14 20 00 00-8.301143534480e-04-4.420463994850e-12 0.000000000000e+00
     1.000000000000e+00 3.001562500000e+01 4.128743407310e-09 3.110445060580e+00
     1.283828169110e-06 6.933804834260e-04 6.073620170350e-06 5.282617473600e+03
     4.176000000000e+05 2.002343535420e-08 5.212192613200e-01-4.656612873080e-09
     9.543726770640e-01 2.344531250000e+02-1.792722342380e+00-6.932788778480e-09
    -7.964617472570e-11 0.000000000000e+00 7.490000000000e+02 0.000000000000e+00
     2.000000000000e+00 0.000000000000e+00-1.819999972950e-08-1.820000000000e-08
     4.176000000000e+05 1.000000000000e+00                                      
C36 2020 05 14 21 00 00-8.301308844239e-04-4.499511874201e-12 0.000000000000e+00
     1.000000000000e+00 3.100000000000e+01 4.098742157634e-09-2.685354667046e+00
     1.376029103994e-06 6.936320569366e-04 5.881767719984e-06 5.282616916656e+03
     4.212000000000e+05-3.445893526077e-08 5.211940727966e-01 2.188608050346e-08
     9.543723991098e-01 2.362187500000e+02-1.792537621176e+00-6.914930891770e-09
    -4.285892810353e-11 0.000000000000e+00 7.490000000000e+02 0.000000000000e+00
     2.000000000000e+00 0.000000000000e+00-1.820000000000e-08-1.820000000000e-08
     4.212000000000e+05 0.000000000000e+00                                      
C36 2020 05 14 22 00 00-8.301470661536e-04-4.503952766299e-12 0.000000000000e+00
     1.000000000000e+00 3.268750000000e+01 4.105528154584e-09-2.198072738164e+00
     1.604668796062e-06 6.937788566574e-04 5.844980478287e-06 5.282616430283e+03
     4.248000000000e+05 7.916241884232e-08 5.211696171951e-01 5.820766091347e-08
     9.543719807152e-01 2.364375000000e+02-1.792249579920e+00-6.977076337521e-09
    -1.128618440060e-10 0.000000000000e+00 7.490000000000e+02 0.000000000000e+00
     2.000000000000e+00 0.000000000000e+00-1.820000000000e-08-1.820000000000e-08
     4.248000000000e+05 0.000000000000e+00                                      
C36 2020 05 14 23 00 00-8.301633642986e-04-4.523492691533e-12 0.000000000000e+00
     1.000000000000e+00 3.126562500000e+01 4.065169330620e-09-1.710061094040e+00
     1.621432602406e-06 6.937489379197e-04 5.840323865414e-06 5.282617013931e+03
     4.284000000000e+05 1.303851604462e-08 5.211444886512e-01 9.778887033463e-09
     9.543716149857e-01 2.383437500000e+02-1.792690819420e+00-6.972433286976e-09
    -9.071806448581e-11 0.000000000000e+00 7.490000000000e+02 0.000000000000e+00
     2.000000000000e+00 0.000000000000e+00-1.820000000000e-08-1.820000000000e-08
     4.284000000000e+05 0.000000000000e+00                                      
C37 2020 05 14 00 00 00-8.428867440670e-04-9.707790127320e-13 0.000000000000e+00
     1.000000000000e+00 2.960937500000e+01 4.081598586390e-09 6.326225942870e-01
     1.477077603340e-06 5.469876341520e-04 6.667338311670e-06 5.282617904660e+03
     3.456000000000e+05-5.448237061500e-08 5.215543953710e-01 7.729977369310e-08
     9.544013678140e-01 2.225156250000e+02-1.203708054520e+00-6.996720012900e-09
    -2.703684047860e-10 0.000000000000e+00 7.490000000000e+02 0.000000000000e+00
     2.000000000000e+00 0.000000000000e+00-1.300000018740e-08-1.300000000000e-08
     3.461700000000e+05 1.000000000000e+00                                      
C37 2020 05 14 01 00 00-8.428902365270e-04-9.716671911520e-13 0.000000000000e+00
     1.000000000000e+00 3.206250000000e+01 4.030167872670e-09 1.121275432480e+00
     1.582782715560e-06 5.465833237390e-04 6.914138793950e-06 5.282616527560e+03
     3.492000000000e+05 6.426125764850e-08 5.215291337020e-01-1.210719347000e-08
     9.544009845290e-01 2.176406250000e+02-1.204790808460e+00-6.877072171950e-09
    -2.482246252660e-10 0.000000000000e+00 7.490000000000e+02 0.000000000000e+00
     2.000000000000e+00 0.000000000000e+00-1.300000018740e-08-1.300000000000e-08
     3.492000000000e+05 1.000000000000e+00                                      
C37 2020 05 14 02 00 00-8.428948931400e-04-1.113775738300e-12 0.000000000000e+00
     1.000000000000e+00 3.093750000000e+01 4.011952828220e-09 1.609219429810e+00
     1.509208232160e-06 5.465971771630e-04 6.981659680600e-06 5.282616119380e+03
     3.528000000000e+05 6.565824151040e-08 5.215044630510e-01 2.840533852580e-08
     9.544002238120e-01 2.167031250000e+02-1.205164780060e+00-6.848142395480e-09
    -2.614394614320e-10 0.000000000000e+00 7.490000000000e+02 0.000000000000e+00
     2.000000000000e+00 0.000000000000e+00-1.300000018740e-08-1.300000000000e-08
     3.528000000000e+05 1.000000000000e+00                                      
C37 2020 05 14 03 00 00-8.428976871070e-04-9.663381206340e-13 0.000000000000e+00
     1.000000000000e+00 2.965625000000e+01 3.987308944570e-09 2.097069756490e+00
     1.428183168170e-06 5.466847214850e-04 6.968621164560e-06 5.282615781780e+03
     3.564000000000e+05 9.313225746150e-10 5.214801157060e-01 6.752088665960e-08
     9.543994309100e-01 2.169375000000e+02-1.205445149780e+00-6.804569151900e-09
    -3.032269163320e-10 0.000000000000e+00 7.490000000000e+02 0.000000000000e+00
     2.000000000000e+00 0.000000000000e+00-1.300000018740e-08-1.300000000000e-08
     3.564000000000e+05 1.000000000000e+00                                      
C37 2020 05 14 04 00 00-8.429019944740e-04-1.073807709420e-12 0.000000000000e+00
     1.000000000000e+00 2.903125000000e+01 3.990523364170e-09 2.584864839000e+00
     1.401640474800e-06 5.468848394230e-04 6.904825568200e-06 5.282615322110e+03
     3.600000000000e+05-4.144385457040e-08 5.214559088000e-01 1.350417733190e-08
     9.543983659060e-01 2.185937500000e+02-1.205670262150e+00-6.791354315740e-09
    -3.521575259170e-10 0.000000000000e+00 7.490000000000e+02 0.000000000000e+00
     2.000000000000e+00 0.000000000000e+00-1.300000018740e-08-1.300000000000e-08
     3.600000000000e+05 1.000000000000e+00                                      
C37 2020 05 14 05 00 00-8.429056033490e-04-9.867662242870e-13 0.000000000000e+00
     1.000000000000e+00 2.948437500000e+01 4.004452515810e-09 3.072473380440e+00
     1.388601958750e-06 5.470173200590e-04 6.914138793950e-06 5.282615070340e+03
     3.636000000000e+05-6.752088665960e-08 5.214313946820e-01 8.381903171540e-09
     9.543970902410e-01 2.195625000000e+02-1.205708470640e+00-6.781711056920e-09
    -3.435857402970e-10 0.000000000000e+00 7.490000000000e+02 0.000000000000e+00
     2.000000000000e+00 0.000000000000e+00-1.300000018740e-08-1.300000000000e-08
     3.636000000000e+05 1.000000000000e+00                                      
C37 2020 05 14 06 00 00-8.429096778850e-04-1.050715070510e-12 0.000000000000e+00
     1.000000000000e+00 2.787500000000e+01 4.038025342820e-09-2.722964525120e+00
     1.245178282260e-06 5.468090530480e-04 6.910879164930e-06 5.282615528110e+03
     3.672000000000e+05 4.470348358150e-08 5.214072814030e-01 1.629814505580e-08
     9.543956170830e-01 2.196093750000e+02-1.205885646110e+00-6.825641458220e-09
    -4.046597128440e-10 0.000000000000e+00 7.490000000000e+02 0.000000000000e+00
     2.000000000000e+00 0.000000000000e+00-1.300000018740e-08-1.300000000000e-08
     3.672000000000e+05 1.000000000000e+00                                      
C37 2020 05 14 07 00 00-8.429129375140e-04-9.885425811260e-13 0.000000000000e+00
     1.000000000000e+00 2.471875000000e+01 4.098384999900e-09-2.234313682350e+00
     9.988434612750e-07 5.463346606120e-04 6.564892828460e-06 5.282617008210e+03
     3.708000000000e+05-6.845220923420e-08 5.213828755410e-01 2.887099981310e-08
     9.543938235450e-01 2.240156250000e+02-1.206966201300e+00-6.900287424670e-09
    -4.032310819070e-10 0.000000000000e+00 7.490000000000e+02 0.000000000000e+00
     2.000000000000e+00 0.000000000000e+00-1.300000018740e-08-1.300000000000e-08
     3.708000000000e+05 1.000000000000e+00                                      
C37 2020 05 14 08 00 00-8.429170120510e-04-1.055155962600e-12 0.000000000000e+00
     1.000000000000e+00 2.659375000000e+01 4.129100565040e-09-1.745299771110e+00
     1.138076186180e-06 5.461749387910e-04 6.159301847220e-06 5.282618589400e+03
     3.744000000000e+05-9.220093488690e-08 5.213579927670e-01 2.328306436540e-09
     9.543922245760e-01 2.294375000000e+02-1.208409911260e+00-6.930288674340e-09
    -3.957307694890e-10 0.000000000000e+00 7.490000000000e+02 0.000000000000e+00
     2.000000000000e+00 0.000000000000e+00-1.300000018740e-08-1.300000000000e-08
     3.744000000000e+05 1.000000000000e+00                                      
C37 2020 05 14 09 00 00-8.429208537560e-04-1.059596854700e-12 0.000000000000e+00
     1.000000000000e+00 2.982812500000e+01 4.203746531490e-09-1.256852158380e+00
     1.460779458280e-06 5.462949629870e-04 6.060115993020e-06 5.282619573590e+03
     3.780000000000e+05-4.423782229420e-08 5.213326272310e-01-1.052394509320e-07
     9.543904705370e-01 2.306250000000e+02-1.209287452910e+00-7.012792110940e-09
    -3.432285825620e-10 0.000000000000e+00 7.490000000000e+02 0.000000000000e+00
     2.000000000000e+00 0.000000000000e+00-1.300000018740e-08-1.300000000000e-08
     3.780000000000e+05 1.000000000000e+00                                      
C37 2020 05 14 10 00 00-8.429242298010e-04-9.849898674470e-13 0.000000000000e+00
     1.000000000000e+00 2.903125000000e+01 4.282678390750e-09-7.694567231440e-01
     1.571141183380e-06 5.461686523630e-04 6.137415766720e-06 5.282619281770e+03
     3.816000000000e+05 7.590278983120e-08 5.213068579290e-01-6.845220923420e-08
     9.543891041710e-01 2.317656250000e+02-1.209112735140e+00-7.058865458650e-09
    -2.607251459630e-10 0.000000000000e+00 7.490000000000e+02 0.000000000000e+00
     2.000000000000e+00 0.000000000000e+00-1.300000018740e-08-1.300000000000e-08
     3.816000000000e+05 1.000000000000e+00                                      
C37 2020 05 14 11 00 00-8.429272565990e-04-9.254819133280e-13 0.000000000000e+00
     1.000000000000e+00 2.976562500000e+01 4.336609208610e-09-2.821436779940e-01
     1.588836312290e-06 5.456621292980e-04 6.118789315220e-06 5.282618268970e+03
     3.852000000000e+05 6.426125764850e-08 5.212810198700e-01 3.632158041000e-08
     9.543882000880e-01 2.357343750000e+02-1.208855303980e+00-7.055293881310e-09
    -1.850077063140e-10 0.000000000000e+00 7.490000000000e+02 0.000000000000e+00
     2.000000000000e+00 0.000000000000e+00-1.300000018740e-08-1.300000000000e-08
     3.852000000000e+05 1.000000000000e+00                                      
C37 2020 05 14 12 00 00-8.429322624579e-04-1.139532912475e-12 0.000000000000e+00
     1.000000000000e+00 3.101562500000e+01 4.309108063076e-09 2.053655386190e-01
     1.581385731697e-06 5.453797057271e-04 6.071757525206e-06 5.282617748261e+03
     3.888000000000e+05-9.778887033463e-08 5.212549067820e-01-5.075708031654e-08
     9.543877582867e-01 2.377812500000e+02-1.208793266017e+00-6.961004239482e-09
    -9.357532635937e-11 0.000000000000e+00 7.490000000000e+02 0.000000000000e+00
     2.000000000000e+00 0.000000000000e+00-1.300000000000e-08-1.300000000000e-08
     3.915300000000e+05 0.000000000000e+00                                      
C37 2020 05 14 13 00 00-8.429358713329e-04-1.072919530998e-12 0.000000000000e+00
     1.000000000000e+00 3.185937500000e+01 4.372324982028e-09 6.934106177355e-01
     1.639127731323e-06 5.452452460304e-04 6.182584911585e-06 5.282617223740e+03
     3.924000000000e+05-9.918585419655e-08 5.212302361315e-01 7.590278983116e-08
     9.543869683109e-01 2.353125000000e+02-1.209267978545e+00-7.063151351462e-09
    -1.414344627416e-10 0.000000000000e+00 7.490000000000e+02 0.000000000000e+00
     2.000000000000e+00 0.000000000000e+00-1.300000000000e-08-1.300000000000e-08
     3.924000000000e+05 0.000000000000e+00                                      
C37 2020 05 14 14 00 00-8.429408771917e-04-1.215916256569e-12 0.000000000000e+00
     1.000000000000e+00 3.331250000000e+01 4.309822378544e-09 1.181773919570e+00
     1.704320311546e-06 5.449790041894e-04 6.408430635929e-06 5.282616252899e+03
     3.960000000000e+05 1.862645149231e-08 5.212047872086e-01-2.095475792885e-08
     9.543870063468e-01 2.317187500000e+02-1.210060025800e+00-6.952075296127e-09
    -1.178620522847e-10 0.000000000000e+00 7.490000000000e+02 0.000000000000e+00
     2.000000000000e+00 0.000000000000e+00-1.300000000000e-08-1.300000000000e-08
     3.960000000000e+05 0.000000000000e+00                                      
C37 2020 05 14 15 00 00-8.429446024820e-04-1.127098414599e-12 0.000000000000e+00
     1.000000000000e+00 3.090625000000e+01 4.293750280505e-09 1.670130376411e+00
     1.516193151474e-06 5.450207972899e-04 6.554648280144e-06 5.282615402222e+03
     3.996000000000e+05 2.142041921616e-08 5.211797947161e-01-7.916241884232e-09
     9.543866274510e-01 2.298750000000e+02-1.210845330465e+00-6.941360564101e-09
    -1.221479450951e-10 0.000000000000e+00 7.490000000000e+02 0.000000000000e+00
     2.000000000000e+00 0.000000000000e+00-1.300000000000e-08-1.300000000000e-08
     3.996000000000e+05 0.000000000000e+00                                      
C37 2020 05 14 16 00 00-8.429482113570e-04-1.103117597268e-12 0.000000000000e+00
     1.000000000000e+00 2.948437500000e+01 4.258391664820e-09 2.158041554636e+00
     1.269392669201e-06 5.451355827972e-04 6.482470780611e-06 5.282614969254e+03
     4.032000000000e+05 3.213062882423e-08 5.211547715024e-01-6.519258022308e-09
     9.543861710206e-01 2.302187500000e+02-1.211185135614e+00-6.945289299177e-09
    -1.160762636137e-10 0.000000000000e+00 7.490000000000e+02 0.000000000000e+00
     2.000000000000e+00 0.000000000000e+00-1.300000000000e-08-1.300000000000e-08
     4.032000000000e+05 0.000000000000e+00                                      
C37 2020 05 14 17 00 00-8.429521694779e-04-1.097788526749e-12 0.000000000000e+00
     1.000000000000e+00 2.943750000000e+01 4.207675266564e-09 2.645687356595e+00
     1.193489879370e-06 5.452213808894e-04 6.232876330614e-06 5.282614767075e+03
     4.068000000000e+05 4.423782229424e-08 5.211296531990e-01 2.002343535423e-08
     9.543857453114e-01 2.307500000000e+02-1.211259545479e+00-6.949218034253e-09
    -9.571827276455e-11 0.000000000000e+00 7.490000000000e+02 0.000000000000e+00
     2.000000000000e+00 0.000000000000e+00-1.300000000000e-08-1.300000000000e-08
     4.068000000000e+05 0.000000000000e+00                                      
C37 2020 05 14 18 00 00-8.429557783529e-04-1.045385999987e-12 0.000000000000e+00
     1.000000000000e+00 3.007812500000e+01 4.154101606435e-09 3.133268253268e+00
     1.338310539722e-06 5.453843623400e-04 6.046146154404e-06 5.282614439011e+03
     4.104000000000e+05-2.747401595116e-08 5.211043066803e-01 6.379559636116e-08
     9.543854717457e-01 2.315781250000e+02-1.211269038355e+00-6.924574150594e-09
    -4.035882396416e-11 0.000000000000e+00 7.490000000000e+02 0.000000000000e+00
     2.000000000000e+00 0.000000000000e+00-1.300000000000e-08-1.300000000000e-08
     4.104000000000e+05 0.000000000000e+00                                      
C37 2020 05 14 19 00 00-8.429599693045e-04-1.103117597268e-12 0.000000000000e+00
     1.000000000000e+00 3.001562500000e+01 4.099813630837e-09-2.662331600249e+00
     1.516658812761e-06 5.453982157633e-04 6.046611815691e-06 5.282614412308e+03
     4.140000000000e+05 3.306195139885e-08 5.210793068733e-01 5.587935447693e-09
     9.543853269168e-01 2.317656250000e+02-1.211283332527e+00-6.906716263884e-09
    -5.393081786361e-11 0.000000000000e+00 7.490000000000e+02 0.000000000000e+00
     2.000000000000e+00 0.000000000000e+00-1.300000000000e-08-1.300000000000e-08
     4.140000000000e+05 0.000000000000e+00                                      
C37 2020 05 14 20 00 00-8.429641602561e-04-1.122657522501e-12 0.000000000000e+00
     1.000000000000e+00 2.771875000000e+01 4.098742157634e-09-2.173833497828e+00
     1.469161361456e-06 5.450393073261e-04 5.951151251793e-06 5.282615604401e+03
     4.176000000000e+05-7.171183824539e-08 5.210545835577e-01 1.396983861923e-08
     9.543847695450e-01 2.358281250000e+02-1.212210609003e+00-6.983862334470e-09
    -5.428797559780e-11 0.000000000000e+00 7.490000000000e+02 0.000000000000e+00
     2.000000000000e+00 0.000000000000e+00-1.300000000000e-08-1.300000000000e-08
     4.176000000000e+05 0.000000000000e+00                                      
C37 2020 05 14 21 00 00-8.429680019617e-04-1.085354028874e-12 0.000000000000e+00
     1.000000000000e+00 3.000000000000e+01 4.030167872669e-09-1.684959058268e+00
     1.538544893265e-06 5.449389573187e-04 5.813781172037e-06 5.282616998672e+03
     4.212000000000e+05-2.002343535423e-08 5.210295149935e-01 2.374872565269e-08
     9.543847710080e-01 2.406406250000e+02-1.213514531294e+00-6.942789195038e-09
    -5.571660653459e-11 0.000000000000e+00 7.490000000000e+02 0.000000000000e+00
     2.000000000000e+00 0.000000000000e+00-1.300000000000e-08-1.300000000000e-08
     4.212000000000e+05 0.000000000000e+00                                      
C37 2020 05 14 22 00 00-8.429718436670e-04-1.086242207290e-12 0.000000000000e+00
     1.000000000000e+00 3.298437500000e+01 4.016238721030e-09-1.196655853110e+00
     1.669861376290e-06 5.450688768180e-04 5.787704139950e-06 5.282617824550e+03
     4.248000000000e+05-2.188608050350e-08 5.210045151860e-01 2.142041921620e-08
     9.543845661990e-01 2.413125000000e+02-1.214247811670e+00-6.943860668240e-09
    -5.571660653460e-11 0.000000000000e+00 7.490000000000e+02 0.000000000000e+00
     2.000000000000e+00 0.000000000000e+00-1.300000018740e-08-1.300000000000e-08
     4.248000000000e+05 1.000000000000e+00                                      
C37 2020 05 14 23 00 00-8.429760346190e-04-1.120881165660e-12 0.000000000000e+00
     1.000000000000e+00 3.337500000000e+01 4.013381459160e-09-7.090000872140e-01
     1.699663698670e-06 5.451021716000e-04 5.808658897880e-06 5.282617935180e+03
     4.284000000000e+05-5.261972546580e-08 5.209796631340e-01 4.656612873080e-09
     9.543843979640e-01 2.411875000000e+02-1.214334000950e+00-6.933145936210e-09
    -8.000333245990e-11 0.000000000000e+00 7.490000000000e+02 0.000000000000e+00
     2.000000000000e+00 0.000000000000e+00-1.300000018740e-08-1.300000000000e-08
     4.289700000000e+05 1.000000000000e+00                                      
C38 2020 05 14 00 00 00 7.773283869030e-05 2.066791182640e-12 0.000000000000e+00
     1.000000000000e+00-3.394062500000e+02 1.385057693210e-09 1.652260688710e+00
    -1.085130497810e-05 1.275527989490e-03-2.287328243260e-06 6.493995307920e+03
     3.456000000000e+05-5.681067705150e-08-2.913908969880e+00 2.169981598850e-07
     9.682490182700e-01 3.026250000000e+02-3.027576646950e+00-2.541534436540e-09
     6.893144269980e-11 0.000000000000e+00 7.490000000000e+02 0.000000000000e+00
     2.000000000000e+00 0.000000000000e+00 5.299999994430e-09 5.300000000000e-09
     3.456000000000e+05 1.000000000000e+00                                      
C38 2020 05 14 01 00 00 7.774098776280e-05 2.143174526740e-12 0.000000000000e+00
     1.000000000000e+00-3.437031250000e+02 1.345413184720e-09 1.914378756140e+00
    -1.088157296180e-05 1.275354996320e-03-2.252403646710e-06 6.493996395110e+03
     3.492000000000e+05-1.695007085800e-07-2.913918648550e+00 1.997686922550e-07
     9.682494000910e-01 2.999218750000e+02-3.027246087440e+00-2.511533186870e-09
     1.075044779930e-10 0.000000000000e+00 7.490000000000e+02 0.000000000000e+00
     2.000000000000e+00 0.000000000000e+00 5.299999994430e-09 5.300000000000e-09
     3.492000000000e+05 1.000000000000e+00                                      
C38 2020 05 14 02 00 00 7.774995174260e-05 2.296829393340e-12 0.000000000000e+00
     1.000000000000e+00-3.233906250000e+02 1.331126875350e-09 2.177917811500e+00
    -1.010438427330e-05 1.276639290150e-03-2.145301550630e-06 6.493991830830e+03
     3.528000000000e+05-2.454034984110e-07-2.913928218960e+00 1.043081283570e-07
     9.682500671820e-01 2.969062500000e+02-3.028337158080e+00-2.467245627830e-09
     1.410773050070e-10 0.000000000000e+00 7.490000000000e+02 0.000000000000e+00
     2.000000000000e+00 0.000000000000e+00 5.299999994430e-09 5.300000000000e-09
     3.528000000000e+05 1.000000000000e+00                                      
C38 2020 05 14 03 00 00 7.775891572240e-05 2.405187160550e-12 0.000000000000e+00
     1.000000000000e+00-2.954218750000e+02 1.325055193870e-09 2.441737697390e+00
    -9.110197424890e-06 1.279336982410e-03-1.402106136080e-06 6.493984085080e+03
     3.564000000000e+05-2.249144017700e-07-2.913937622590e+00-4.284083843230e-08
     9.682510809840e-01 2.759218750000e+02-3.029708740330e+00-2.402600077940e-09
     1.685784505410e-10 0.000000000000e+00 7.490000000000e+02 0.000000000000e+00
     2.000000000000e+00 0.000000000000e+00 5.299999994430e-09 5.300000000000e-09
     3.564000000000e+05 1.000000000000e+00                                      
C38 2020 05 14 04 00 00 7.776590064170e-05 2.216893335570e-12 0.000000000000e+00
     1.000000000000e+00-2.831875000000e+02 1.301839941140e-09 2.704868184590e+00
    -8.672010153530e-06 1.281950622800e-03-4.163011908530e-07 6.493977447510e+03
     3.600000000000e+05-9.173527359960e-08-2.913946647330e+00-1.573935151100e-07
     9.682524297940e-01 2.486093750000e+02-3.030389978850e+00-2.318668010400e-09
     1.853648640480e-10 0.000000000000e+00 7.490000000000e+02 0.000000000000e+00
     2.000000000000e+00 0.000000000000e+00 5.299999994430e-09 5.300000000000e-09
     3.600000000000e+05 1.000000000000e+00                                      
C38 2020 05 14 05 00 00 7.777265273030e-05 2.047251257410e-12 0.000000000000e+00
     1.000000000000e+00-2.836093750000e+02 1.318626354650e-09 2.967378537900e+00
    -8.707400411370e-06 1.282830024140e-03 4.796311259270e-08 6.493975317000e+03
     3.636000000000e+05-1.820735633370e-07-2.913954955250e+00-1.699663698670e-07
     9.682526741020e-01 2.390937500000e+02-3.030450271560e+00-2.364027042640e-09
     1.871506527190e-10 0.000000000000e+00 7.490000000000e+02 0.000000000000e+00
     2.000000000000e+00 0.000000000000e+00 5.299999994430e-09 5.300000000000e-09
     3.636000000000e+05 1.000000000000e+00                                      
C38 2020 05 14 06 00 00 7.777975406500e-05 2.015276834300e-12 0.000000000000e+00
     1.000000000000e+00-2.729218750000e+02 1.212907665330e-09-3.053081539640e+00
    -8.471775799990e-06 1.281332108190e-03-2.370215952400e-07 6.493979007720e+03
     3.672000000000e+05-5.168840289120e-08-2.913963176850e+00 1.210719347000e-08
     9.682543315880e-01 2.522343750000e+02-3.030724874450e+00-2.259022668790e-09
     1.589351917170e-10 0.000000000000e+00 7.490000000000e+02 0.000000000000e+00
     2.000000000000e+00 0.000000000000e+00 5.299999994430e-09 5.300000000000e-09
     3.679500000000e+05 1.000000000000e+00                                      
C38 2020 05 14 07 00 00 7.778778672220e-05 2.121858244660e-12 0.000000000000e+00
     1.000000000000e+00-2.382968750000e+02 1.157191058800e-09-2.789400860650e+00
    -7.504131644960e-06 1.278275507500e-03-6.449408829210e-07 6.493987274170e+03
     3.708000000000e+05-2.933666110040e-08-2.913971484760e+00-5.308538675310e-08
     9.682546505040e-01 2.668593750000e+02-3.031955222200e+00-2.286166656590e-09
     1.753644474900e-10 0.000000000000e+00 7.490000000000e+02 0.000000000000e+00
     2.000000000000e+00 0.000000000000e+00 5.299999994430e-09 5.300000000000e-09
     3.708000000000e+05 1.000000000000e+00                                      
C38 2020 05 14 08 00 00 7.779628504070e-05 2.219557870830e-12 0.000000000000e+00
     1.000000000000e+00-1.945312500000e+02 1.080402145940e-09-2.524835812560e+00
    -6.241258233790e-06 1.275278744290e-03-5.010515451430e-07 6.493996978760e+03
     3.744000000000e+05-2.142041921620e-08-2.913979741470e+00-5.634501576420e-08
     9.682552576150e-01 2.619062500000e+02-3.034071163510e+00-2.288666760730e-09
     1.778645516300e-10 0.000000000000e+00 7.490000000000e+02 0.000000000000e+00
     2.000000000000e+00 0.000000000000e+00 5.299999994430e-09 5.300000000000e-09
     3.744000000000e+05 1.000000000000e+00                                      
C38 2020 05 14 09 00 00 7.780513260510e-05 2.334132886970e-12 0.000000000000e+00
     1.000000000000e+00-1.659375000000e+02 1.020399646600e-09-2.260265547720e+00
    -5.401205271480e-06 1.273511443290e-03 1.084990799430e-07 6.494004755020e+03
     3.780000000000e+05-2.002343535420e-08-2.913987985010e+00-5.261972546580e-08
     9.682558925220e-01 2.412812500000e+02-3.036193949800e+00-2.288309602990e-09
     1.785788670980e-10 0.000000000000e+00 7.490000000000e+02 0.000000000000e+00
     2.000000000000e+00 0.000000000000e+00 5.299999994430e-09 5.300000000000e-09
     3.780000000000e+05 1.000000000000e+00                                      
C38 2020 05 14 10 00 00 7.781188469380e-05 2.117417352570e-12 0.000000000000e+00
     1.000000000000e+00-1.592343750000e+02 9.964700784070e-10-1.996769633810e+00
    -5.200970917940e-06 1.273054047490e-03 5.299225449560e-07 6.494008155820e+03
     3.816000000000e+05-1.909211277960e-08-2.913996232940e+00-5.029141902920e-08
     9.682565347430e-01 2.274218750000e+02-3.037243853920e+00-2.288666760730e-09
     1.796503403010e-10 0.000000000000e+00 7.490000000000e+02 0.000000000000e+00
     2.000000000000e+00 0.000000000000e+00 5.299999994430e-09 5.300000000000e-09
     3.816000000000e+05 1.000000000000e+00                                      
C38 2020 05 14 11 00 00 7.781863678250e-05 2.012612299040e-12 0.000000000000e+00
     1.000000000000e+00-1.577343750000e+02 1.011470703240e-09-1.734873305260e+00
    -5.160458385940e-06 1.273058122020e-03 3.217719495300e-07 6.494006473540e+03
     3.852000000000e+05-1.676380634310e-08-2.914004436990e+00-5.774199962620e-08
     9.682571872040e-01 2.349375000000e+02-3.036695035820e+00-2.289023918460e-09
     1.764359206930e-10 0.000000000000e+00 7.490000000000e+02 0.000000000000e+00
     2.000000000000e+00 0.000000000000e+00 5.299999994430e-09 5.300000000000e-09
     3.852000000000e+05 1.000000000000e+00                                      
C38 2020 05 14 12 00 00 7.782643660900e-05 2.088995643130e-12 0.000000000000e+00
     1.000000000000e+00-1.420781250000e+02 1.058972681890e-09-1.474235844050e+00
    -4.707369953390e-06 1.272537978370e-03-2.691522240640e-07 6.494000787730e+03
     3.888000000000e+05 3.259629011150e-09-2.914012566420e+00-7.124617695810e-08
     9.682578162590e-01 2.553437500000e+02-3.034887389870e+00-2.292952653540e-09
     1.671498196040e-10 0.000000000000e+00 7.490000000000e+02 0.000000000000e+00
     2.000000000000e+00 0.000000000000e+00 5.299999994430e-09 5.300000000000e-09
     3.888000000000e+05 1.000000000000e+00                                      
C38 2020 05 14 13 00 00 7.783470209690e-05 2.176925306690e-12 0.000000000000e+00
     1.000000000000e+00-1.116250000000e+02 1.126118335920e-09-1.213914674500e+00
    -3.837049007420e-06 1.271144486960e-03-6.407499313350e-07 6.493993459700e+03
     3.924000000000e+05 4.796311259270e-08-2.914020608080e+00-6.286427378650e-08
     9.682583648530e-01 2.683906250000e+02-3.032762739820e+00-2.305096016500e-09
     1.517920370330e-10 0.000000000000e+00 7.490000000000e+02 0.000000000000e+00
     2.000000000000e+00 0.000000000000e+00 5.299999994430e-09 5.300000000000e-09
     3.924000000000e+05 1.000000000000e+00                                      
C38 2020 05 14 14 00 00 7.784226909280e-05 2.145839062000e-12 0.000000000000e+00
     1.000000000000e+00-8.370312500000e+01 1.198978513700e-09-9.529770122550e-01
    -3.089196980000e-06 1.269424450580e-03-5.583278834820e-07 6.493987249370e+03
     3.960000000000e+05 8.661299943920e-08-2.914028594150e+00-3.259629011150e-09
     9.682587481380e-01 2.653281250000e+02-3.031253422360e+00-2.331525688830e-09
     1.328626771210e-10 0.000000000000e+00 7.490000000000e+02 0.000000000000e+00
     2.000000000000e+00 0.000000000000e+00 5.299999994430e-09 5.300000000000e-09
     3.960000000000e+05 1.000000000000e+00                                      
C38 2020 05 14 15 00 00 7.784971967340e-05 2.114752817310e-12 0.000000000000e+00
     1.000000000000e+00-7.271875000000e+01 1.260409643980e-09-6.910651241050e-01
    -2.882909029720e-06 1.268410356720e-03-4.204921424390e-07 6.493984310150e+03
     3.996000000000e+05 7.217749953270e-08-2.914036717740e+00 7.217749953270e-08
     9.682589646500e-01 2.576718750000e+02-3.030717077100e+00-2.365455673580e-09
     1.192906832210e-10 0.000000000000e+00 7.490000000000e+02 0.000000000000e+00
     2.000000000000e+00 0.000000000000e+00 5.299999994430e-09 5.300000000000e-09
     4.011900000000e+05 1.000000000000e+00                                      
C38 2020 05 14 16 00 00 7.785786874592e-05 2.175148949846e-12 0.000000000000e+00
     1.000000000000e+00-7.407812500000e+01 1.286125000840e-09-4.285256221551e-01
    -3.010965883732e-06 1.268842141144e-03-7.599592208862e-07 6.493985397339e+03
     4.032000000000e+05 5.401670932770e-08-2.914045205588e+00 6.938353180885e-08
     9.682593376936e-01 2.622031250000e+02-3.030807377178e+00-2.371527355062e-09
     1.200049986899e-10 0.000000000000e+00 7.490000000000e+02 0.000000000000e+00
     2.000000000000e+00 0.000000000000e+00 5.300000000000e-09 5.300000000000e-09
     4.032000000000e+05 0.000000000000e+00                                      
C38 2020 05 14 17 00 00 7.786566857250e-05 2.181366198780e-12 0.000000000000e+00
     1.000000000000e+00-7.171875000000e+01 1.367914121970e-09-1.660238196040e-01
    -2.911314368250e-06 1.270434702750e-03-1.492910087110e-06 6.493989254000e+03
     4.068000000000e+05-2.272427082060e-07-2.914053634920e+00 1.583248376850e-08
     9.682584482390e-01 2.792343750000e+02-3.030859897400e+00-2.513318975540e-09
     1.271481533740e-10 0.000000000000e+00 7.490000000000e+02 0.000000000000e+00
     2.000000000000e+00 0.000000000000e+00 5.299999994430e-09 5.300000000000e-09
     4.068000000000e+05 1.000000000000e+00                                      
C38 2020 05 14 18 00 00 7.787335198370e-05 2.151168132510e-12 0.000000000000e+00
     1.000000000000e+00-6.096875000000e+01 1.342198765110e-09 9.615075011610e-02
    -2.461019903420e-06 1.272047869860e-03-2.084299921990e-06 6.493993247990e+03
     4.104000000000e+05-1.811422407630e-07-2.914062557260e+00 9.778887033460e-08
     9.682593230640e-01 2.934062500000e+02-3.030585372050e+00-2.469031416500e-09
     1.139333172090e-10 0.000000000000e+00 7.490000000000e+02 0.000000000000e+00
     2.000000000000e+00 0.000000000000e+00 5.299999994430e-09 5.300000000000e-09
     4.104000000000e+05 1.000000000000e+00                                      
C38 2020 05 14 19 00 00 7.788103539500e-05 2.146727240420e-12 0.000000000000e+00
     1.000000000000e+00-5.592187500000e+01 1.395058109770e-09 3.584216398260e-01
    -2.117361873390e-06 1.272530294950e-03-2.238899469380e-06 6.493994541170e+03
     4.140000000000e+05-1.434236764910e-07-2.914071845330e+00-4.842877388000e-08
     9.682591811610e-01 2.960000000000e+02-3.030407650910e+00-2.530105389050e-09
     1.489347751600e-10 0.000000000000e+00 7.490000000000e+02 0.000000000000e+00
     2.000000000000e+00 0.000000000000e+00 5.299999994430e-09 5.300000000000e-09
     4.140000000000e+05 1.000000000000e+00                                      
C38 2020 05 14 20 00 00 7.788871880620e-05 2.137845456220e-12 0.000000000000e+00
     1.000000000000e+00-6.771875000000e+01 1.452560504980e-09 6.214614641470e-01
    -2.306886017320e-06 1.271741930400e-03-2.278015017510e-06 6.493991920470e+03
     4.176000000000e+05-7.497146725650e-08-2.914081251890e+00-9.778887033460e-08
     9.682594869110e-01 2.981093750000e+02-3.030999143790e+00-2.557963692310e-09
     1.742929742880e-10 0.000000000000e+00 7.490000000000e+02 0.000000000000e+00
     2.000000000000e+00 0.000000000000e+00 5.299999994430e-09 5.300000000000e-09
     4.176000000000e+05 1.000000000000e+00                                      
C38 2020 05 14 21 00 00 7.789488881830e-05 1.941558025460e-12 0.000000000000e+00
     1.000000000000e+00-8.431250000000e+01 1.512563004320e-09 8.851985781310e-01
    -2.702698111530e-06 1.270710607060e-03-2.590939402580e-06 6.493987258910e+03
     4.212000000000e+05-1.117587089540e-08-2.914090716970e+00-8.288770914080e-08
     9.682599901550e-01 3.112187500000e+02-3.032287531360e+00-2.571892843950e-09
     1.982225424790e-10 0.000000000000e+00 7.490000000000e+02 0.000000000000e+00
     2.000000000000e+00 0.000000000000e+00 5.299999994430e-09 5.300000000000e-09
     4.212000000000e+05 1.000000000000e+00                                      
C38 2020 05 14 22 00 00 7.790490053590e-05 2.279065824950e-12 0.000000000000e+00
     1.000000000000e+00-8.990625000000e+01 1.551493197350e-09 1.148623174780e+00
    -2.835411578420e-06 1.270310953260e-03-2.900604158640e-06 6.493984127040e+03
     4.248000000000e+05 2.700835466380e-08-2.914100274210e+00-2.235174179080e-08
     9.682606206730e-01 3.243125000000e+02-3.033262458000e+00-2.578321683160e-09
     2.267951612150e-10 0.000000000000e+00 7.490000000000e+02 0.000000000000e+00
     2.000000000000e+00 0.000000000000e+00 5.299999994430e-09 5.300000000000e-09
     4.248000000000e+05 1.000000000000e+00                                      
C38 2020 05 14 23 00 00 7.791293319310e-05 2.260414078140e-12 0.000000000000e+00
     1.000000000000e+00-9.092187500000e+01 1.548278777740e-09 1.410788373040e+00
    -2.868007868530e-06 1.270303153430e-03-2.753455191850e-06 6.493985002520e+03
     4.284000000000e+05 1.071020960810e-08-2.914109904600e+00 5.587935447690e-08
     9.682613989450e-01 3.205156250000e+02-3.032977143630e+00-2.575821579020e-09
     2.589393572920e-10 0.000000000000e+00 7.490000000000e+02 0.000000000000e+00
     2.000000000000e+00 0.000000000000e+00 5.299999994430e-09 5.300000000000e-09
     4.284000000000e+05 1.000000000000e+00                                      
C39 2020 05 14 00 00 00 1.578114461150e-05 6.910028105270e-13 0.000000000000e+00
     1.000000000000e+00-9.468750000000e+00 1.280053319360e-09-6.453140801050e-01
    -6.891787052150e-07 1.301877899100e-03 1.801457256080e-05 6.493847171780e+03
     3.456000000000e+05 5.355104804040e-08-8.658386362600e-01 1.275911927220e-07
     9.607258172180e-01-3.137500000000e+02-2.877647717460e+00-1.775431096690e-09
     4.225175995540e-10 0.000000000000e+00 7.490000000000e+02 0.000000000000e+00
     2.000000000000e+00 0.000000000000e+00 4.499999928240e-09 4.500000000000e-09
     3.456000000000e+05 1.000000000000e+00                                      
C39 2020 05 14 01 00 00 1.578428782520e-05 7.727152251390e-13 0.000000000000e+00
     1.000000000000e+00-8.703125000000e+00 1.315411935040e-09-3.828985414440e-01
    -6.686896085740e-07 1.301767886620e-03 1.789443194870e-05 6.493846889500e+03
     3.492000000000e+05 1.536682248120e-08-8.658449970280e-01 1.224689185620e-07
     9.607271660280e-01-3.152187500000e+02-2.877597419410e+00-1.794003298870e-09
     4.232319150220e-10 0.000000000000e+00 7.490000000000e+02 0.000000000000e+00
     2.000000000000e+00 0.000000000000e+00 4.499999928240e-09 4.500000000000e-09
     3.492000000000e+05 1.000000000000e+00                                      
C39 2020 05 14 02 00 00 1.578661613170e-05 7.185363415370e-13 0.000000000000e+00
     1.000000000000e+00 3.484375000000e+00 1.305411518490e-09-1.204495970490e-01
    -2.179294824600e-07 1.303926110270e-03 1.714657992120e-05 6.493852106090e+03
     3.528000000000e+05 3.259629011150e-09-8.658514733660e-01 1.080334186550e-07
     9.607286055400e-01-2.953125000000e+02-2.877579982890e+00-1.802932242220e-09
     4.253748614280e-10 0.000000000000e+00 7.490000000000e+02 0.000000000000e+00
     2.000000000000e+00 0.000000000000e+00 4.499999928240e-09 4.500000000000e-09
     3.528000000000e+05 1.000000000000e+00                                      
C39 2020 05 14 03 00 00 1.579010859130e-05 8.277822871610e-13 0.000000000000e+00
     1.000000000000e+00 3.104687500000e+01 1.276838899750e-09 1.414349930490e-01
     7.543712854390e-07 1.306757330890e-03 1.659151166680e-05 6.493859184270e+03
     3.564000000000e+05 2.328306436540e-09-8.658579701860e-01 1.047737896440e-07
     9.607301269750e-01-2.795781250000e+02-2.876998775780e+00-1.804360873160e-09
     4.257320191620e-10 0.000000000000e+00 7.490000000000e+02 0.000000000000e+00
     2.000000000000e+00 0.000000000000e+00 4.499999928240e-09 4.500000000000e-09
     3.564000000000e+05 1.000000000000e+00                                      
C39 2020 05 14 04 00 00 1.579290255900e-05 8.082423619270e-13 0.000000000000e+00
     1.000000000000e+00 5.220312500000e+01 1.259695328510e-09 4.031646893820e-01
     1.536682248120e-06 1.308459439310e-03 1.658685505390e-05 6.493863914490e+03
     3.600000000000e+05-8.847564458850e-09-8.658644216540e-01 1.122243702410e-07
     9.607316996120e-01-2.793281250000e+02-2.876263846700e+00-1.799717822610e-09
     4.218032840860e-10 0.000000000000e+00 7.490000000000e+02 0.000000000000e+00
     2.000000000000e+00 0.000000000000e+00 4.499999928240e-09 4.500000000000e-09
     3.600000000000e+05 1.000000000000e+00                                      
C39 2020 05 14 05 00 00 1.579639501870e-05 8.784084570830e-13 0.000000000000e+00
     1.000000000000e+00 5.506250000000e+01 1.266124167730e-09 6.654837544470e-01
     1.722015440460e-06 1.308678765780e-03 1.668231561780e-05 6.493864618300e+03
     3.636000000000e+05-3.911554813390e-08-8.658707853480e-01 1.103617250920e-07
     9.607332824890e-01-2.804843750000e+02-2.876119228470e+00-1.792574667930e-09
     4.110885520600e-10 0.000000000000e+00 7.490000000000e+02 0.000000000000e+00
     2.000000000000e+00 0.000000000000e+00 4.499999928240e-09 4.500000000000e-09
     3.636000000000e+05 1.000000000000e+00                                      
C39 2020 05 14 06 00 00 1.579849049450e-05 7.309708394130e-13 0.000000000000e+00
     1.000000000000e+00 5.142187500000e+01 1.285410685370e-09 9.284177776070e-01
     1.647975295780e-06 1.308333827180e-03 1.654122024770e-05 6.493862918850e+03
     3.672000000000e+05-6.705522537230e-08-8.658770700440e-01 8.055940270420e-08
     9.607348170900e-01-2.736562500000e+02-2.876589795090e+00-1.787574459650e-09
     3.950164540210e-10 0.000000000000e+00 7.490000000000e+02 0.000000000000e+00
     2.000000000000e+00 0.000000000000e+00 4.499999928240e-09 4.500000000000e-09
     3.672000000000e+05 1.000000000000e+00                                      
C39 2020 05 14 07 00 00 1.579953823240e-05 6.377121053450e-13 0.000000000000e+00
     1.000000000000e+00 5.126562500000e+01 1.295768259660e-09 1.191165656150e+00
     1.643784344200e-06 1.308224978860e-03 1.643784344200e-05 6.493861986160e+03
     3.708000000000e+05-6.612390279770e-08-8.658833371850e-01 4.190951585770e-08
     9.607362653790e-01-2.694218750000e+02-2.876873851350e+00-1.787931617390e-09
     3.793015137160e-10 0.000000000000e+00 7.490000000000e+02 0.000000000000e+00
     2.000000000000e+00 0.000000000000e+00 4.499999928240e-09 4.500000000000e-09
     3.708000000000e+05 1.000000000000e+00                                      
C39 2020 05 14 08 00 00 1.580198295410e-05 6.323830348260e-13 0.000000000000e+00
     1.000000000000e+00 4.565625000000e+01 1.277910372950e-09 1.452918141820e+00
     1.488253474240e-06 1.308200182390e-03 1.667533069850e-05 6.493864227290e+03
     3.744000000000e+05-5.122274160390e-08-8.658896789350e-01 2.747401595120e-08
     9.607376302810e-01-2.778906250000e+02-2.876162084660e+00-1.790431721520e-09
     3.714440435640e-10 0.000000000000e+00 7.490000000000e+02 0.000000000000e+00
     2.000000000000e+00 0.000000000000e+00 4.499999928240e-09 4.500000000000e-09
     3.744000000000e+05 1.000000000000e+00                                      
C39 2020 05 14 09 00 00 1.580384559930e-05 5.702105454470e-13 0.000000000000e+00
     1.000000000000e+00 2.271875000000e+01 1.226836816960e-09 1.713629456990e+00
     8.526258170600e-07 1.307557802650e-03 1.701619476080e-05 6.493869958880e+03
     3.780000000000e+05-5.681067705150e-08-8.658961523480e-01 2.654269337650e-08
     9.607389717770e-01-2.901406250000e+02-2.874409170860e+00-1.789003090590e-09
     3.732298322350e-10 0.000000000000e+00 7.490000000000e+02 0.000000000000e+00
     2.000000000000e+00 0.000000000000e+00 4.499999928240e-09 4.500000000000e-09
     3.780000000000e+05 1.000000000000e+00                                      
C39 2020 05 14 10 00 00 1.580803655090e-05 8.224532166420e-13 0.000000000000e+00
     1.000000000000e+00-1.125000000000e+01 1.153619481450e-09 1.974036921140e+00
    -7.543712854390e-08 1.305992715060e-03 1.699663698670e-05 6.493877437590e+03
     3.816000000000e+05-7.450580596920e-08-8.659027193870e-01 5.587935447690e-09
     9.607403747160e-01-2.893906250000e+02-2.872353119960e+00-1.779002674030e-09
     3.810873023870e-10 0.000000000000e+00 7.490000000000e+02 0.000000000000e+00
     2.000000000000e+00 0.000000000000e+00 4.499999928240e-09 4.500000000000e-09
     3.816000000000e+05 1.000000000000e+00                                      
C39 2020 05 14 11 00 00 1.581187825650e-05 9.272582701670e-13 0.000000000000e+00
     1.000000000000e+00-3.653125000000e+01 1.079330672740e-09 2.235040777510e+00
    -7.282942533490e-07 1.304103294390e-03 1.661153510210e-05 6.493883880620e+03
     3.852000000000e+05-7.404014468190e-08-8.659092820370e-01-3.678724169730e-08
     9.607418829840e-01-2.744531250000e+02-2.870894701820e+00-1.760787629590e-09
     3.896590880080e-10 0.000000000000e+00 7.490000000000e+02 0.000000000000e+00
     2.000000000000e+00 0.000000000000e+00 4.499999928240e-09 4.500000000000e-09
     3.852000000000e+05 1.000000000000e+00                                      
C39 2020 05 14 12 00 00 1.581374090160e-05 7.567280135850e-13 0.000000000000e+00
     1.000000000000e+00-4.353125000000e+01 1.022542593000e-09 2.497014927450e+00
    -8.610077202320e-07 1.303053693850e-03 1.640152186160e-05 6.493886819840e+03
     3.888000000000e+05-3.958120942120e-08-8.659157437460e-01-7.310882210730e-08
     9.607434921940e-01-2.628750000000e+02-2.870407896810e+00-1.736858061400e-09
     3.950164540210e-10 0.000000000000e+00 7.490000000000e+02 0.000000000000e+00
     2.000000000000e+00 0.000000000000e+00 4.499999928240e-09 4.500000000000e-09
     3.888000000000e+05 1.000000000000e+00                                      
C39 2020 05 14 13 00 00 1.581630203870e-05 7.176481631180e-13 0.000000000000e+00
     1.000000000000e+00-4.426562500000e+01 9.921841855970e-10 2.759589306830e+00
    -8.847564458850e-07 1.303715747780e-03 1.681596040730e-05 6.493885175700e+03
     3.924000000000e+05 1.490116119380e-08-8.659220357570e-01-7.543712854390e-08
     9.607451643100e-01-2.701093750000e+02-2.870522232640e+00-1.709714073600e-09
     3.953736117550e-10 0.000000000000e+00 7.490000000000e+02 0.000000000000e+00
     2.000000000000e+00 0.000000000000e+00 4.499999928240e-09 4.500000000000e-09
     3.924000000000e+05 1.000000000000e+00                                      
C39 2020 05 14 14 00 00 1.581804826860e-05 5.986322548780e-13 0.000000000000e+00
     1.000000000000e+00-5.728125000000e+01 9.861125041150e-10 3.022034867490e+00
    -1.393258571620e-06 1.305981422770e-03 1.763831824060e-05 6.493879716870e+03
     3.960000000000e+05 5.401670932770e-08-8.659281375880e-01-3.725290298460e-08
     9.607468305730e-01-2.909218750000e+02-2.870507950170e+00-1.683641559000e-09
     3.896590880080e-10 0.000000000000e+00 7.490000000000e+02 0.000000000000e+00
     2.000000000000e+00 0.000000000000e+00 4.499999928240e-09 4.500000000000e-09
     3.964200000000e+05 1.000000000000e+00                                      
C39 2020 05 14 15 00 00 1.582130789760e-05 7.416289804500e-13 0.000000000000e+00
     1.000000000000e+00-8.475000000000e+01 9.943271320020e-10-2.999262628240e+00
    -2.422370016570e-06 1.308773760680e-03 1.820642501120e-05 6.493872756960e+03
     3.996000000000e+05 5.215406417850e-08-8.659340843500e-01 9.313225746150e-09
     9.607484134510e-01-3.060937500000e+02-2.869935385970e+00-1.663640725890e-09
     3.800158291850e-10 0.000000000000e+00 7.490000000000e+02 0.000000000000e+00
     2.000000000000e+00 0.000000000000e+00 4.499999928240e-09 4.500000000000e-09
     3.996000000000e+05 1.000000000000e+00                                      
C39 2020 05 14 16 00 00 1.582386903460e-05 7.229772336360e-13 0.000000000000e+00
     1.000000000000e+00-1.089531250000e+02 1.001470286690e-09-2.737638983230e+00
    -3.340188413860e-06 1.310715801080e-03 1.820037141440e-05 6.493867385860e+03
     4.032000000000e+05 2.700835466380e-08-8.659399608920e-01 3.119930624960e-08
     9.607498807570e-01-3.060781250000e+02-2.869097656180e+00-1.652211678390e-09
     3.703725703610e-10 0.000000000000e+00 7.490000000000e+02 0.000000000000e+00
     2.000000000000e+00 0.000000000000e+00 4.499999928240e-09 4.500000000000e-09
     4.032000000000e+05 1.000000000000e+00                                      
C39 2020 05 14 17 00 00 1.582771074030e-05 8.766321002440e-13 0.000000000000e+00
     1.000000000000e+00-1.130781250000e+02 9.914698701280e-10-2.475379075650e+00
    -3.556720912460e-06 1.311028259810e-03 1.809233799580e-05 6.493866399770e+03
     4.068000000000e+05 9.313225746150e-09-8.659458418230e-01 3.073364496230e-08
     9.607512500490e-01-3.044218750000e+02-2.868895192700e+00-1.648282943310e-09
     3.639437311460e-10 0.000000000000e+00 7.490000000000e+02 0.000000000000e+00
     2.000000000000e+00 0.000000000000e+00 4.499999928240e-09 4.500000000000e-09
     4.068000000000e+05 1.000000000000e+00                                      
C39 2020 05 14 18 00 00 1.583038829270e-05 8.215650382230e-13 0.000000000000e+00
     1.000000000000e+00-1.035937500000e+02 9.543254657720e-10-2.211638275110e+00
    -3.280118107800e-06 1.310098217800e-03 1.863390207290e-05 6.493871006010e+03
     4.104000000000e+05 3.259629011150e-09-8.659517417720e-01 2.561137080190e-08
     9.607525696010e-01-3.230625000000e+02-2.870173164290e+00-1.647211470110e-09
     3.610864692720e-10 0.000000000000e+00 7.490000000000e+02 0.000000000000e+00
     2.000000000000e+00 0.000000000000e+00 4.499999928240e-09 4.500000000000e-09
     4.104000000000e+05 1.000000000000e+00                                      
C39 2020 05 14 19 00 00 1.583260018380e-05 7.265299473150e-13 0.000000000000e+00
     1.000000000000e+00-1.046718750000e+02 8.968230705660e-10-1.946498632300e+00
    -3.313645720480e-06 1.309181214310e-03 1.986557617780e-05 6.493879730220e+03
     4.140000000000e+05 4.656612873080e-09-8.659576270910e-01 1.536682248120e-08
     9.607538774500e-01-3.625000000000e+02-2.872850441890e+00-1.647211470110e-09
     3.568005764620e-10 0.000000000000e+00 7.490000000000e+02 0.000000000000e+00
     2.000000000000e+00 0.000000000000e+00 4.499999928240e-09 4.500000000000e-09
     4.140000000000e+05 1.000000000000e+00                                      
C39 2020 05 14 20 00 00 1.583551056680e-05 7.593925488440e-13 0.000000000000e+00
     1.000000000000e+00-1.244375000000e+02 8.457495145760e-10-1.681315530590e+00
    -3.949739038940e-06 1.309185172430e-03 2.092914655800e-05 6.493888326640e+03
     4.176000000000e+05 2.095475792880e-08-8.659634670600e-01 5.587935447690e-09
     9.607551633550e-01-3.958125000000e+02-2.875572530130e+00-1.650425889720e-09
     3.496574217780e-10 0.000000000000e+00 7.490000000000e+02 0.000000000000e+00
     2.000000000000e+00 0.000000000000e+00 4.499999928240e-09 4.500000000000e-09
     4.176000000000e+05 1.000000000000e+00                                      
C39 2020 05 14 21 00 00 1.583783887330e-05 7.052136652420e-13 0.000000000000e+00
     1.000000000000e+00-1.368281250000e+02 8.375348866900e-10-1.417850399410e+00
    -4.394445568320e-06 1.309502986260e-03 2.120248973370e-05 6.493891588210e+03
     4.212000000000e+05 5.168840289120e-08-8.659692631410e-01 1.164153218270e-08
     9.607563936690e-01-4.037343750000e+02-2.876578300940e+00-1.658640517610e-09
     3.396570052200e-10 0.000000000000e+00 7.490000000000e+02 0.000000000000e+00
     2.000000000000e+00 0.000000000000e+00 4.499999928240e-09 4.500000000000e-09
     4.212000000000e+05 1.000000000000e+00                                      
C39 2020 05 14 22 00 00 1.584005076440e-05 6.776801342310e-13 0.000000000000e+00
     1.000000000000e+00-1.150468750000e+02 8.928943354900e-10-1.156691990140e+00
    -3.826804459100e-06 1.308449660430e-03 2.124113962050e-05 6.493886770250e+03
     4.248000000000e+05 8.009374141690e-08-8.659750504450e-01 4.144385457040e-08
     9.607575288930e-01-4.052187500000e+02-2.875278335840e+00-1.673283984710e-09
     3.278707999920e-10 0.000000000000e+00 7.490000000000e+02 0.000000000000e+00
     2.000000000000e+00 0.000000000000e+00 4.499999928240e-09 4.500000000000e-09
     4.248000000000e+05 1.000000000000e+00                                      
C39 2020 05 14 23 00 00 1.584296114740e-05 7.327471962530e-13 0.000000000000e+00
     1.000000000000e+00-7.543750000000e+01 9.961129206730e-10-8.965243260540e-01
    -2.731103450060e-06 1.305387006140e-03 2.192193642260e-05 6.493876438140e+03
     4.284000000000e+05 7.776543498040e-08-8.659808860260e-01 9.173527359960e-08
     9.607585470840e-01-4.298281250000e+02-2.872987177920e+00-1.695070606490e-09
     3.178703834350e-10 0.000000000000e+00 7.490000000000e+02 0.000000000000e+00
     2.000000000000e+00 0.000000000000e+00 4.499999928240e-09 4.500000000000e-09
     4.284000000000e+05 1.000000000000e+00                                      
C40 2020 05 14 00 00 00 4.316237755120e-05 3.313793683900e-12 0.000000000000e+00
     1.000000000000e+00 4.083906250000e+02 4.360895934530e-10-2.545350271830e+00
     1.316983252760e-05 2.290835254830e-03 1.506227999930e-05 6.493048610690e+03
     3.456000000000e+05-6.565824151040e-08 1.326298247430e+00-8.335337042810e-08
     1.019695026800e+00-1.915625000000e+02 3.135832959320e+00-1.675784088850e-09
    -4.400183285300e-10 0.000000000000e+00 7.490000000000e+02 0.000000000000e+00
     2.000000000000e+00 0.000000000000e+00 1.700000029640e-09 1.700000000000e-09
     3.456000000000e+05 1.000000000000e+00                                      
C40 2020 05 14 01 00 00 4.317541606720e-05 3.455902231050e-12 0.000000000000e+00
     1.000000000000e+00 3.655625000000e+02 4.900204113170e-10-2.284330895370e+00
     1.174351200460e-05 2.293187077160e-03 1.449137926100e-05 6.493038406370e+03
     3.492000000000e+05-7.497146725650e-08 1.326292239220e+00-8.754432201390e-08
     1.019693464410e+00-1.742968750000e+02 3.137372547470e+00-1.674712615650e-09
    -4.432327481370e-10 0.000000000000e+00 7.490000000000e+02 0.000000000000e+00
     2.000000000000e+00 0.000000000000e+00 1.700000029640e-09 1.700000000000e-09
     3.492000000000e+05 1.000000000000e+00                                      
C40 2020 05 14 02 00 00 4.318682476880e-05 3.328892717040e-12 0.000000000000e+00
     1.000000000000e+00 3.261250000000e+02 5.764525829920e-10-2.024130279050e+00
     1.049274578690e-05 2.295085694640e-03 1.294910907750e-05 6.493024597170e+03
     3.528000000000e+05-7.543712854390e-08 1.326286228090e+00-9.685754776000e-08
     1.019691884450e+00-1.258437500000e+02 3.139732140710e+00-1.674712615650e-09
    -4.457328522770e-10 0.000000000000e+00 7.490000000000e+02 0.000000000000e+00
     2.000000000000e+00 0.000000000000e+00 1.700000029640e-09 1.700000000000e-09
     3.528000000000e+05 1.000000000000e+00                                      
C40 2020 05 14 03 00 00 4.319928120820e-05 3.384847957480e-12 0.000000000000e+00
     1.000000000000e+00 3.178750000000e+02 6.460983411610e-10-1.763447742400e+00
     1.024222001430e-05 2.295455778950e-03 1.150416210290e-05 6.493014173510e+03
     3.564000000000e+05-7.776543498040e-08 1.326280284260e+00-1.178123056890e-07
     1.019690300110e+00-7.943750000000e+01-3.141573280170e+00-1.674355457910e-09
    -4.539474801630e-10 0.000000000000e+00 7.490000000000e+02 0.000000000000e+00
     2.000000000000e+00 0.000000000000e+00 1.700000029640e-09 1.700000000000e-09
     3.564000000000e+05 1.000000000000e+00                                      
C40 2020 05 14 04 00 00 4.321173764770e-05 3.423927807940e-12 0.000000000000e+00
     1.000000000000e+00 3.212812500000e+02 6.721708557570e-10-1.501371716310e+00
     1.033861190080e-05 2.295297104870e-03 1.117493957280e-05 6.493011442180e+03
     3.600000000000e+05-5.122274160390e-08 1.326274455990e+00-1.550652086730e-07
     1.019688676270e+00-6.751562500000e+01-3.141084921540e+00-1.678998508460e-09
    -4.721625246070e-10 0.000000000000e+00 7.490000000000e+02 0.000000000000e+00
     2.000000000000e+00 0.000000000000e+00 1.700000029640e-09 1.700000000000e-09
     3.600000000000e+05 1.000000000000e+00                                      
C40 2020 05 14 05 00 00 4.322326276450e-05 3.328004538620e-12 0.000000000000e+00
     1.000000000000e+00 3.022500000000e+02 6.593131773260e-10-1.237953354620e+00
     9.678769856690e-06 2.296280814330e-03 1.167366281150e-05 6.493016736980e+03
     3.636000000000e+05 3.771856427190e-08 1.326268823760e+00-1.667067408560e-07
     1.019686919310e+00-8.173437500000e+01 3.141247217670e+00-1.698642183840e-09
    -5.043067206850e-10 0.000000000000e+00 7.490000000000e+02 0.000000000000e+00
     2.000000000000e+00 0.000000000000e+00 1.700000029640e-09 1.700000000000e-09
     3.636000000000e+05 1.000000000000e+00                                      
C40 2020 05 14 06 00 00 4.323560278860e-05 3.367084389080e-12 0.000000000000e+00
     1.000000000000e+00 2.570781250000e+02 6.264546657800e-10-9.740046807360e-01
     8.132774382830e-06 2.299045212570e-03 1.189531758430e-05 6.493026922230e+03
     3.672000000000e+05 1.108273863790e-07 1.326263141780e+00-1.057051122190e-07
     1.019684939980e+00-8.823437500000e+01 3.139863311800e+00-1.729714906710e-09
    -5.321650239520e-10 0.000000000000e+00 7.490000000000e+02 0.000000000000e+00
     2.000000000000e+00 0.000000000000e+00 1.700000029640e-09 1.700000000000e-09
     3.672000000000e+05 1.000000000000e+00                                      
C40 2020 05 14 07 00 00 4.324782639740e-05 3.373301638020e-12 0.000000000000e+00
     1.000000000000e+00 2.135156250000e+02 6.000249934490e-10-7.103856242410e-01
     6.592832505700e-06 2.302622538990e-03 1.128856092690e-05 6.493037380220e+03
     3.708000000000e+05 1.136213541030e-07 1.326257221350e+00-2.840533852580e-08
     1.019682799730e+00-7.123437500000e+01 3.138807706680e+00-1.760787629590e-09
    -5.482371219910e-10 0.000000000000e+00 7.490000000000e+02 0.000000000000e+00
     2.000000000000e+00 0.000000000000e+00 1.700000029640e-09 1.700000000000e-09
     3.708000000000e+05 1.000000000000e+00                                      
C40 2020 05 14 08 00 00 4.325946792960e-05 3.312905505480e-12 0.000000000000e+00
     1.000000000000e+00 1.947968750000e+02 6.053823594620e-10-4.474279310660e-01
     5.861744284630e-06 2.305197995160e-03 1.038191840050e-05 6.493043994900e+03
     3.744000000000e+05 6.984919309620e-08 1.326251071250e+00 2.328306436540e-08
     1.019680562930e+00-4.843750000000e+01 3.138411879090e+00-1.791503194730e-09
    -5.557374344090e-10 0.000000000000e+00 7.490000000000e+02 0.000000000000e+00
     2.000000000000e+00 0.000000000000e+00 1.700000029640e-09 1.700000000000e-09
     3.744000000000e+05 1.000000000000e+00                                      
C40 2020 05 14 09 00 00 4.327180795370e-05 3.356426248050e-12 0.000000000000e+00
     1.000000000000e+00 1.936406250000e+02 6.510985494390e-10-1.848439212970e-01
     5.793757736680e-06 2.305470989090e-03 1.003593206410e-05 6.493044670100e+03
     3.780000000000e+05 1.117587089540e-08 1.326244692920e+00 3.166496753690e-08
     1.019678298330e+00-4.573437500000e+01 3.138388608450e+00-1.819718655730e-09
    -5.571660653460e-10 0.000000000000e+00 7.490000000000e+02 0.000000000000e+00
     2.000000000000e+00 0.000000000000e+00 1.700000029640e-09 1.700000000000e-09
     3.780000000000e+05 1.000000000000e+00                                      
C40 2020 05 14 10 00 00 4.328379873190e-05 3.356426248050e-12 0.000000000000e+00
     1.000000000000e+00 1.847343750000e+02 7.275303045570e-10 7.790031750090e-02
     5.611684173350e-06 2.303512184880e-03 1.043360680340e-05 6.493039834980e+03
     3.816000000000e+05-2.561137080190e-08 1.326238121500e+00 5.587935447690e-09
     1.019676089330e+00-6.570312500000e+01 3.138204889340e+00-1.840790962050e-09
    -5.532373302700e-10 0.000000000000e+00 7.490000000000e+02 0.000000000000e+00
     2.000000000000e+00 0.000000000000e+00 1.700000029640e-09 1.700000000000e-09
     3.816000000000e+05 1.000000000000e+00                                      
C40 2020 05 14 11 00 00 4.329567309470e-05 3.316458219160e-12 0.000000000000e+00
     1.000000000000e+00 1.562187500000e+02 8.136053184990e-10 3.411016626080e-01
     4.886649549010e-06 2.300585969350e-03 1.097749918700e-05 6.493031923290e+03
     3.852000000000e+05-2.840533852580e-08 1.326231443270e+00-2.142041921620e-08
     1.019673988580e+00-8.710937500000e+01 3.137564767600e+00-1.851862851810e-09
    -5.482371219910e-10 0.000000000000e+00 7.490000000000e+02 0.000000000000e+00
     2.000000000000e+00 0.000000000000e+00 1.700000029640e-09 1.700000000000e-09
     3.852000000000e+05 1.000000000000e+00                                      
C40 2020 05 14 12 00 00 4.330812953410e-05 3.375077994860e-12 0.000000000000e+00
     1.000000000000e+00 1.224531250000e+02 8.875369694770e-10 6.045658326510e-01
     3.999099135400e-06 2.298243693080e-03 1.109344884750e-05 6.493024374010e+03
     3.888000000000e+05-2.188608050350e-08 1.326224756280e+00-2.561137080190e-08
     1.019671993160e+00-9.148437500000e+01 3.136663133150e+00-1.854362955950e-09
    -5.460941755860e-10 0.000000000000e+00 7.490000000000e+02 0.000000000000e+00
     2.000000000000e+00 0.000000000000e+00 1.700000029640e-09 1.700000000000e-09
     3.888000000000e+05 1.000000000000e+00                                      
C40 2020 05 14 13 00 00 4.332023672760e-05 3.367972567500e-12 0.000000000000e+00
     1.000000000000e+00 1.058437500000e+02 9.303958975810e-10 8.677181539100e-01
     3.604684025050e-06 2.297328785060e-03 1.094117760660e-05 6.493020439150e+03
     3.924000000000e+05-3.119930624960e-08 1.326218117550e+00-2.328306436540e-08
     1.019670048940e+00-8.500000000000e+01 3.136074772370e+00-1.851505694070e-09
    -5.493085951940e-10 0.000000000000e+00 7.490000000000e+02 0.000000000000e+00
     2.000000000000e+00 0.000000000000e+00 1.700000029640e-09 1.700000000000e-09
     3.924000000000e+05 1.000000000000e+00                                      
C40 2020 05 14 14 00 00 4.333176184450e-05 3.324451824940e-12 0.000000000000e+00
     1.000000000000e+00 1.090781250000e+02 9.318245285180e-10 1.130036303190e+00
     3.763474524020e-06 2.297481987630e-03 1.118239015340e-05 6.493021856310e+03
     3.960000000000e+05-4.842877388000e-08 1.326211540270e+00-3.771856427190e-08
     1.019668107650e+00-9.045312500000e+01 3.136321566650e+00-1.848648432200e-09
    -5.582375385480e-10 0.000000000000e+00 7.490000000000e+02 0.000000000000e+00
     2.000000000000e+00 0.000000000000e+00 1.700000029640e-09 1.700000000000e-09
     3.960000000000e+05 1.000000000000e+00                                      
C40 2020 05 14 15 00 00 4.334340337660e-05 3.280931082370e-12 0.000000000000e+00
     1.000000000000e+00 1.117031250000e+02 8.975373860350e-10 1.391541576180e+00
     3.854278475050e-06 2.297594794070e-03 1.204200088980e-05 6.493027729030e+03
     3.996000000000e+05-5.215406417850e-08 1.326204977620e+00-5.960464477540e-08
     1.019666116620e+00-1.168125000000e+02 3.137381365940e+00-1.847934116730e-09
    -5.668093241690e-10 0.000000000000e+00 7.490000000000e+02 0.000000000000e+00
     2.000000000000e+00 0.000000000000e+00 1.700000029640e-09 1.700000000000e-09
     3.996000000000e+05 1.000000000000e+00                                      
C40 2020 05 14 16 00 00 4.335539415480e-05 3.296030115510e-12 0.000000000000e+00
     1.000000000000e+00 9.962500000000e+01 8.511068805890e-10 1.652906066720e+00
     3.485009074210e-06 2.297022147100e-03 1.290626823900e-05 6.493034507750e+03
     4.032000000000e+05-4.563480615620e-08 1.326198374010e+00-6.984919309620e-08
     1.019664077310e+00-1.449843750000e+02 3.138581169430e+00-1.849005589930e-09
    -5.714523747140e-10 0.000000000000e+00 7.490000000000e+02 0.000000000000e+00
     2.000000000000e+00 0.000000000000e+00 1.700000029640e-09 1.700000000000e-09
     4.032000000000e+05 1.000000000000e+00                                      
C40 2020 05 14 17 00 00 4.336808342490e-05 3.414157845330e-12 0.000000000000e+00
     1.000000000000e+00 8.857812500000e+01 8.243200505250e-10 1.914956191850e+00
     3.187451511620e-06 2.296461840160e-03 1.315074041490e-05 6.493037643430e+03
     4.068000000000e+05-2.514570951460e-08 1.326191812820e+00-7.217749953270e-08
     1.019662004350e+00-1.540312500000e+02 3.139094050950e+00-1.853291482740e-09
    -5.789526871320e-10 0.000000000000e+00 7.490000000000e+02 0.000000000000e+00
     2.000000000000e+00 0.000000000000e+00 1.700000029640e-09 1.700000000000e-09
     4.068000000000e+05 1.000000000000e+00                                      
C40 2020 05 14 18 00 00 4.338100552560e-05 3.483435762060e-12 0.000000000000e+00
     1.000000000000e+00 1.022812500000e+02 8.336061516140e-10 2.177916342730e+00
     3.693159669640e-06 2.297330996950e-03 1.311395317320e-05 6.493034612660e+03
     4.104000000000e+05-2.980232238770e-08 1.326185136070e+00-6.984919309620e-08
     1.019659924080e+00-1.532968750000e+02 3.138696062630e+00-1.853291482740e-09
    -5.778812139290e-10 0.000000000000e+00 7.490000000000e+02 0.000000000000e+00
     2.000000000000e+00 0.000000000000e+00 1.700000029640e-09 1.700000000000e-09
     4.104000000000e+05 1.000000000000e+00                                      
C40 2020 05 14 19 00 00 4.339346196500e-05 3.483435762060e-12 0.000000000000e+00
     2.000000000000e+00 1.326875000000e+02 8.657503476910e-10 2.441200003310e+00
     4.719477146860e-06 2.299898536880e-03 1.356750726700e-05 6.493027265550e+03
     4.140000000000e+05-4.377216100690e-08 1.326178365680e+00-9.499490261080e-08
     1.019657919890e+00-1.668437500000e+02 3.137974762090e+00-1.843291066190e-09
    -5.707380592450e-10 0.000000000000e+00 7.490000000000e+02 0.000000000000e+00
     2.000000000000e+00 0.000000000000e+00 1.700000029640e-09 1.700000000000e-09
     4.140000000000e+05 2.000000000000e+00                                      
C40 2020 05 14 20 00 00 4.340440500530e-05 3.315570040740e-12 0.000000000000e+00
     1.000000000000e+00 1.497187500000e+02 8.857511808060e-10 2.704118880880e+00
     5.310401320460e-06 2.302329172380e-03 1.434143632650e-05 6.493021101000e+03
     4.176000000000e+05-3.259629011150e-08 1.326171650890e+00-1.234002411370e-07
     1.019655980060e+00-1.889531250000e+02 3.137619376860e+00-1.830076230020e-09
    -5.660950087010e-10 0.000000000000e+00 7.490000000000e+02 0.000000000000e+00
     2.000000000000e+00 0.000000000000e+00 1.700000029640e-09 1.700000000000e-09
     4.176000000000e+05 1.000000000000e+00                                      
C40 2020 05 14 21 00 00 4.341767635200e-05 3.480771226800e-12 0.000000000000e+00
     1.000000000000e+00 1.505625000000e+02 8.596786662100e-10 2.966700769420e+00
     5.349516868590e-06 2.302303444590e-03 1.447834074500e-05 6.493021146770e+03
     4.212000000000e+05-1.303851604460e-08 1.326165038500e+00-1.303851604460e-07
     1.019654034370e+00-1.884687500000e+02 3.137602224150e+00-1.820432971200e-09
    -5.650235354980e-10 0.000000000000e+00 7.490000000000e+02 0.000000000000e+00
     2.000000000000e+00 0.000000000000e+00 1.700000029640e-09 1.700000000000e-09
     4.212000000000e+05 1.000000000000e+00                                      
C40 2020 05 14 22 00 00 4.342920146880e-05 3.342215393330e-12 0.000000000000e+00
     1.000000000000e+00 1.628750000000e+02 7.836040688260e-10-3.053665025980e+00
     5.649868398900e-06 2.299641957510e-03 1.381663605570e-05 6.493027679440e+03
     4.248000000000e+05 2.328306436540e-09 1.326158494860e+00-1.210719347000e-07
     1.019652082840e+00-1.611875000000e+02 3.137347751010e+00-1.811861185580e-09
    -5.664521664350e-10 0.000000000000e+00 7.490000000000e+02 0.000000000000e+00
     2.000000000000e+00 0.000000000000e+00 1.700000029640e-09 1.700000000000e-09
     4.261200000000e+05 1.000000000000e+00                                      
C40 2020 05 14 23 00 00 4.344142507760e-05 3.361755318560e-12 0.000000000000e+00
     1.000000000000e+00 1.923906250000e+02 6.950289507460e-10-2.790440793520e+00
     6.390735507010e-06 2.296623890290e-03 1.325411722060e-05 6.493035781860e+03
     4.284000000000e+05 1.024454832080e-08 1.326152012670e+00-1.024454832080e-07
     1.019650123990e+00-1.387656250000e+02 3.136687528770e+00-1.803289399960e-09
    -5.696665860430e-10 0.000000000000e+00 7.490000000000e+02 0.000000000000e+00
     2.000000000000e+00 0.000000000000e+00 1.700000029640e-09 1.700000000000e-09
     4.284000000000e+05 1.000000000000e+00                                      
C41 2020 05 14 00 00 00-1.376473810520e-04-2.253841557830e-11 0.000000000000e+00
     1.000000000000e+00-8.267187500000e+01 3.729083902740e-09-2.319594123130e+00
    -4.061032086610e-06 1.529150409620e-03 9.220559149980e-06 5.282627613070e+03
     3.456000000000e+05-9.778887033460e-09-1.586807150330e+00 3.818422555920e-08
     9.605734674660e-01 1.736250000000e+02-1.661881845950e+00-6.650991326200e-09
     8.607501394130e-11 0.000000000000e+00 7.490000000000e+02 0.000000000000e+00
     2.000000000000e+00 0.000000000000e+00-2.330000015150e-08-2.330000000000e-08
     3.456000000000e+05 1.000000000000e+00                                      
C41 2020 05 14 01 00 00-1.377289881930e-04-2.259881171090e-11 0.000000000000e+00
     1.000000000000e+00-7.546875000000e+01 3.791586506230e-09-1.833025454580e+00
    -3.756955266000e-06 1.529530272820e-03 9.607523679730e-06 5.282624553680e+03
     3.492000000000e+05-1.629814505580e-08-1.586831079280e+00 4.330649971960e-08
     9.605737512720e-01 1.645468750000e+02-1.660884630280e+00-6.656705849950e-09
     8.500354073870e-11 0.000000000000e+00 7.490000000000e+02 0.000000000000e+00
     2.000000000000e+00 0.000000000000e+00-2.330000015150e-08-2.330000000000e-08
     3.492000000000e+05 1.000000000000e+00                                      
C41 2020 05 14 02 00 00-1.378102460880e-04-2.257216635830e-11 0.000000000000e+00
     1.000000000000e+00-7.637500000000e+01 3.854446267440e-09-1.346273444370e+00
    -3.803055733440e-06 1.529352972280e-03 1.002801582220e-05 5.282622112270e+03
     3.528000000000e+05-5.681067705150e-08-1.586855081380e+00 2.747401595120e-08
     9.605738756200e-01 1.552812500000e+02-1.660069470390e+00-6.694564569770e-09
     8.928943354900e-11 0.000000000000e+00 7.490000000000e+02 0.000000000000e+00
     2.000000000000e+00 0.000000000000e+00-2.330000015150e-08-2.330000000000e-08
     3.528000000000e+05 1.000000000000e+00                                      
C41 2020 05 14 03 00 00-1.378910383210e-04-2.250644115520e-11 0.000000000000e+00
     1.000000000000e+00-6.771875000000e+01 3.839802800340e-09-8.581056205720e-01
    -3.392342478040e-06 1.530174748040e-03 9.906478226180e-06 5.282624511720e+03
     3.564000000000e+05-4.237517714500e-08-1.586879357040e+00-2.328306436540e-08
     9.605740394670e-01 1.578593750000e+02-1.660669253630e+00-6.732423289600e-09
     1.114332130690e-10 0.000000000000e+00 7.490000000000e+02 0.000000000000e+00
     2.000000000000e+00 0.000000000000e+00-2.330000015150e-08-2.330000000000e-08
     3.564000000000e+05 1.000000000000e+00                                      
C41 2020 05 14 04 00 00-1.379733439530e-04-2.269118226650e-11 0.000000000000e+00
     1.000000000000e+00-6.382812500000e+01 3.850160374630e-09-3.703517016520e-01
    -3.152526915070e-06 1.530639943670e-03 1.001032069330e-05 5.282625572200e+03
     3.600000000000e+05-7.916241884230e-09-1.586903739490e+00-2.002343535420e-08
     9.605743993450e-01 1.567187500000e+02-1.660856031700e+00-6.747066756700e-09
     1.332198348550e-10 0.000000000000e+00 7.490000000000e+02 0.000000000000e+00
     2.000000000000e+00 0.000000000000e+00-2.330000015150e-08-2.330000000000e-08
     3.600000000000e+05 1.000000000000e+00                                      
C41 2020 05 14 05 00 00-1.380549510940e-04-2.268851773120e-11 0.000000000000e+00
     1.000000000000e+00-6.289062500000e+01 3.932306653500e-09 1.173660773400e-01
    -3.110151737930e-06 1.528789405710e-03 9.470619261260e-06 5.282621934890e+03
     3.636000000000e+05-6.519258022310e-09-1.586928061970e+00-1.071020960810e-08
     9.605748821080e-01 1.704531250000e+02-1.661006868790e+00-6.747423914430e-09
     1.396486740710e-10 0.000000000000e+00 7.490000000000e+02 0.000000000000e+00
     2.000000000000e+00 0.000000000000e+00-2.330000015150e-08-2.330000000000e-08
     3.636000000000e+05 1.000000000000e+00                                      
C41 2020 05 14 06 00 00-1.381359761580e-04-2.262368070660e-11 0.000000000000e+00
     1.000000000000e+00-5.551562500000e+01 3.976951370270e-09 6.053633775520e-01
    -2.783257514240e-06 1.527680899020e-03 9.211245924230e-06 5.282619430540e+03
     3.672000000000e+05-7.916241884230e-09-1.586952356650e+00-1.071020960810e-08
     9.605753868150e-01 1.764531250000e+02-1.661435800760e+00-6.746709598960e-09
     1.403629895390e-10 0.000000000000e+00 7.490000000000e+02 0.000000000000e+00
     2.000000000000e+00 0.000000000000e+00-2.330000015150e-08-2.330000000000e-08
     3.672000000000e+05 1.000000000000e+00                                      
C41 2020 05 14 07 00 00-1.382174668830e-04-2.263877973970e-11 0.000000000000e+00
     1.000000000000e+00-6.281250000000e+01 3.926949287490e-09 1.092263059110e+00
    -3.091990947720e-06 1.528164837510e-03 9.038485586640e-06 5.282621633530e+03
     3.708000000000e+05-8.381903171540e-09-1.586976689370e+00-2.468004822730e-08
     9.605759368720e-01 1.805156250000e+02-1.660766310930e+00-6.735637709200e-09
     1.453631978180e-10 0.000000000000e+00 7.490000000000e+02 0.000000000000e+00
     2.000000000000e+00 0.000000000000e+00-2.330000015150e-08-2.330000000000e-08
     3.708000000000e+05 1.000000000000e+00                                      
C41 2020 05 14 08 00 00-1.382996561006e-04-2.268674137440e-11 0.000000000000e+00
     1.000000000000e+00-6.556250000000e+01 3.860517948925e-09 1.578778290179e+00
    -3.214459866285e-06 1.528213615529e-03 8.524861186743e-06 5.282624774933e+03
     3.744000000000e+05 1.303851604462e-08-1.587000948937e+00-3.026798367500e-08
     9.605765644639e-01 1.919843750000e+02-1.659713321516e+00-6.715279718355e-09
     1.471489864888e-10 0.000000000000e+00 7.490000000000e+02 0.000000000000e+00
     2.000000000000e+00 0.000000000000e+00-2.330000000000e-08-2.330000000000e-08
     3.747300000000e+05 0.000000000000e+00                                      
C41 2020 05 14 09 00 00-1.383814960718e-04-2.269118226650e-11 0.000000000000e+00
     1.000000000000e+00-6.675000000000e+01 3.846588797292e-09 2.066385655428e+00
    -3.301538527012e-06 1.528319902718e-03 8.549541234970e-06 5.282624563217e+03
     3.780000000000e+05 2.188608050346e-08-1.587025094400e+00-2.142041921616e-08
     9.605771364648e-01 1.921718750000e+02-1.659753597114e+00-6.705279301797e-09
     1.450060400836e-10 0.000000000000e+00 7.490000000000e+02 0.000000000000e+00
     2.000000000000e+00 0.000000000000e+00-2.330000000000e-08-2.330000000000e-08
     3.780000000000e+05 0.000000000000e+00                                      
C41 2020 05 14 10 00 00-1.384632196280e-04-2.269384680180e-11 0.000000000000e+00
     1.000000000000e+00-7.493750000000e+01 3.848731743700e-09 2.554379334920e+00
    -3.832858055830e-06 1.529268338340e-03 8.446630090480e-06 5.282622320180e+03
     3.816000000000e+05 3.213062882420e-08-1.587049267660e+00-2.188608050350e-08
     9.605776411720e-01 1.937187500000e+02-1.660180031880e+00-6.709565194610e-09
     1.510777215650e-10 0.000000000000e+00 7.490000000000e+02 0.000000000000e+00
     2.000000000000e+00 0.000000000000e+00-2.330000015150e-08-2.330000000000e-08
     3.835200000000e+05 1.000000000000e+00                                      
C41 2020 05 14 11 00 00-1.385448267680e-04-2.267075416280e-11 0.000000000000e+00
     1.000000000000e+00-7.567187500000e+01 3.801229765050e-09 3.041985210920e+00
    -3.949739038940e-06 1.529256929640e-03 8.278526365760e-06 5.282622310640e+03
     3.852000000000e+05 4.377216100690e-08-1.587073506750e+00-3.725290298460e-09
     9.605781751370e-01 1.932031250000e+02-1.660217953640e+00-6.713136771950e-09
     1.657211886670e-10 0.000000000000e+00 7.490000000000e+02 0.000000000000e+00
     2.000000000000e+00 0.000000000000e+00-2.330000015150e-08-2.330000000000e-08
     3.852000000000e+05 1.000000000000e+00                                      
C41 2020 05 14 12 00 00-1.386260846630e-04-2.262634524186e-11 0.000000000000e+00
     1.000000000000e+00-8.240625000000e+01 3.706582965487e-09-2.753230955761e+00
    -4.169531166553e-06 1.527724321932e-03 8.604023605585e-06 5.282625511169e+03
     3.888000000000e+05 3.585591912270e-08-1.587097719505e+00 5.587935447693e-09
     9.605787807847e-01 1.829531250000e+02-1.660619428105e+00-6.710636667810e-09
     1.739358165535e-10 0.000000000000e+00 7.490000000000e+02 0.000000000000e+00
     2.000000000000e+00 0.000000000000e+00-2.330000000000e-08-2.330000000000e-08
     3.888000000000e+05 0.000000000000e+00                                      
C41 2020 05 14 13 00 00-1.387071097270e-04-2.258193632088e-11 0.000000000000e+00
     1.000000000000e+00-8.898437500000e+01 3.641937415597e-09-2.265260611277e+00
    -4.308763891459e-06 1.527085434645e-03 8.660834282637e-06 5.282627227783e+03
     3.924000000000e+05 4.144385457039e-08-1.587121844487e+00 1.257285475731e-08
     9.605793864328e-01 1.815156250000e+02-1.661023491930e+00-6.715994033823e-09
     1.692927660089e-10 0.000000000000e+00 7.490000000000e+02 0.000000000000e+00
     2.000000000000e+00 0.000000000000e+00-2.330000000000e-08-2.330000000000e-08
     3.924000000000e+05 0.000000000000e+00                                      
C41 2020 05 14 14 00 00-1.387877855450e-04-2.249223030049e-11 0.000000000000e+00
     1.000000000000e+00-8.300000000000e+01 3.657295198168e-09-1.778680199890e+00
    -3.926921635866e-06 1.527381595224e-03 9.231735020876e-06 5.282624223709e+03
     3.960000000000e+05 3.399327397346e-08-1.587145988487e+00 3.119930624962e-08
     9.605799233238e-01 1.721562500000e+02-1.660038232696e+00-6.731351816394e-09
     1.642925577302e-10 0.000000000000e+00 7.490000000000e+02 0.000000000000e+00
     2.000000000000e+00 0.000000000000e+00-2.330000000000e-08-2.330000000000e-08
     3.960000000000e+05 0.000000000000e+00                                      
C41 2020 05 14 15 00 00-1.388713717461e-04-2.273825572274e-11 0.000000000000e+00
     1.000000000000e+00-8.470312500000e+01 3.659795302307e-09-1.291869661248e+00
    -4.047062247992e-06 1.527157146484e-03 9.739305824041e-06 5.282621925354e+03
     3.996000000000e+05 3.818422555923e-08-1.587170211484e+00 4.284083843231e-08
     9.605805509156e-01 1.637500000000e+02-1.659282034248e+00-6.724208661710e-09
     1.614352958566e-10 0.000000000000e+00 7.490000000000e+02 0.000000000000e+00
     2.000000000000e+00 0.000000000000e+00-2.330000000000e-08-2.330000000000e-08
     3.996000000000e+05 0.000000000000e+00                                      
C41 2020 05 14 16 00 00-1.389529788867e-04-2.270628129963e-11 0.000000000000e+00
     1.000000000000e+00-7.620312500000e+01 3.584077862658e-09-8.037562784866e-01
    -3.691297024488e-06 1.527987187728e-03 9.679701179266e-06 5.282624227524e+03
     4.032000000000e+05 3.725290298462e-09-1.587194156527e+00 1.098960638046e-07
     9.605813423543e-01 1.653125000000e+02-1.659828283470e+00-6.672420790251e-09
     1.271481533738e-10 0.000000000000e+00 7.490000000000e+02 0.000000000000e+00
     2.000000000000e+00 0.000000000000e+00-2.330000000000e-08-2.330000000000e-08
     4.032000000000e+05 0.000000000000e+00                                      
C41 2020 05 14 17 00 00-1.390344696120e-04-2.267785959020e-11 0.000000000000e+00
     1.000000000000e+00-7.246875000000e+01 3.545504827360e-09-3.160227775140e-01
    -3.505963832140e-06 1.528474269430e-03 9.776558727030e-06 5.282625291820e+03
     4.068000000000e+05-1.201406121250e-07-1.587217631970e+00 7.031485438350e-08
     9.605819348360e-01 1.636250000000e+02-1.659995873900e+00-6.625275969340e-09
     4.000166623000e-11 0.000000000000e+00 7.490000000000e+02 0.000000000000e+00
     2.000000000000e+00 0.000000000000e+00-2.330000015150e-08-2.330000000000e-08
     4.086600000000e+05 1.000000000000e+00                                      
C41 2020 05 14 18 00 00-1.391159603370e-04-2.265743148660e-11 0.000000000000e+00
     1.000000000000e+00-7.028125000000e+01 3.613007639130e-09 1.717355930650e-01
    -3.413762897250e-06 1.526858075520e-03 9.274575859310e-06 5.282622093200e+03
     4.104000000000e+05-9.499490261080e-08-1.587240871890e+00-7.497146725650e-08
     9.605820387030e-01 1.755156250000e+02-1.660188696750e+00-6.632776281760e-09
    -6.785996949730e-11 0.000000000000e+00 7.490000000000e+02 0.000000000000e+00
     2.000000000000e+00 0.000000000000e+00-2.330000015150e-08-2.330000000000e-08
     4.104300000000e+05 1.000000000000e+00                                      
C41 2020 05 14 19 00 00-1.391979167240e-04-2.271693944070e-11 0.000000000000e+00
     1.000000000000e+00-6.289062500000e+01 3.705511492280e-09 6.597320535620e-01
    -3.164634108540e-06 1.525865052830e-03 9.097624570130e-06 5.282619777680e+03
     4.140000000000e+05 2.235174179080e-08-1.587264288820e+00-7.124617695810e-08
     9.605816042170e-01 1.803750000000e+02-1.660618247530e+00-6.685278468680e-09
    -1.407201472730e-10 0.000000000000e+00 7.490000000000e+02 0.000000000000e+00
     2.000000000000e+00 0.000000000000e+00-2.330000015150e-08-2.330000000000e-08
     4.140000000000e+05 1.000000000000e+00                                      
C41 2020 05 14 20 00 00-1.392801059410e-04-2.275335475590e-11 0.000000000000e+00
     1.000000000000e+00-6.901562500000e+01 3.739084319300e-09 1.146660851580e+00
    -3.605615347620e-06 1.526257605290e-03 8.802860975270e-06 5.282621837620e+03
     4.176000000000e+05 3.213062882420e-08-1.587288192900e+00-1.257285475730e-08
     9.605809049420e-01 1.848437500000e+02-1.659979057660e+00-6.728137396790e-09
    -1.639353999960e-10 0.000000000000e+00 7.490000000000e+02 0.000000000000e+00
     2.000000000000e+00 0.000000000000e+00-2.330000015150e-08-2.330000000000e-08
     4.176000000000e+05 1.000000000000e+00                                      
C41 2020 05 14 21 00 00-1.393614802510e-04-2.268585319600e-11 0.000000000000e+00
     1.000000000000e+00-7.037500000000e+01 3.756942206010e-09 1.633200478270e+00
    -3.686640411620e-06 1.526214648040e-03 8.055008947850e-06 5.282624917980e+03
     4.212000000000e+05 7.916241884230e-09-1.587312411510e+00-2.793967723850e-09
     9.605802100560e-01 1.960468750000e+02-1.658951186550e+00-6.749924018570e-09
    -1.660783464010e-10 0.000000000000e+00 7.490000000000e+02 0.000000000000e+00
     2.000000000000e+00 0.000000000000e+00-2.330000015150e-08-2.330000000000e-08
     4.232700000000e+05 1.000000000000e+00                                      
C41 2020 05 14 22 00 00-1.394435530530e-04-2.275069022060e-11 0.000000000000e+00
     1.000000000000e+00-7.132812500000e+01 3.818730494020e-09 2.120768910880e+00
    -3.566965460780e-06 1.526289270260e-03 7.902737706900e-06 5.282624849320e+03
     4.248000000000e+05 2.328306436540e-09-1.587336776410e+00-2.561137080190e-08
     9.605795254100e-01 1.964843750000e+02-1.658952876220e+00-6.768853378480e-09
    -1.585780339830e-10 0.000000000000e+00 7.490000000000e+02 0.000000000000e+00
     2.000000000000e+00 0.000000000000e+00-2.330000015150e-08-2.330000000000e-08
     4.248000000000e+05 1.000000000000e+00                                      
C41 2020 05 14 23 00 00-1.395251601930e-04-2.269828769390e-11 0.000000000000e+00
     1.000000000000e+00-7.951562500000e+01 3.901948246090e-09 2.608725446880e+00
    -3.806781023740e-06 1.527267857450e-03 7.824972271920e-06 5.282622638700e+03
     4.284000000000e+05 4.237517714500e-08-1.587361309550e+00-3.678724169730e-08
     9.605788802630e-01 1.990156250000e+02-1.659342264050e+00-6.790282842540e-09
    -1.342913080580e-10 0.000000000000e+00 7.490000000000e+02 0.000000000000e+00
     2.000000000000e+00 0.000000000000e+00-2.330000015150e-08-2.330000000000e-08
     4.284000000000e+05 1.000000000000e+00                                      
C42 2020 05 14 00 00 00-3.353789215910e-04-4.536193642930e-11 0.000000000000e+00
     1.000000000000e+00-6.493750000000e+01 3.801586922780e-09-1.038059343200e+00
    -3.197696059940e-06 1.463505555880e-03 9.723007678990e-06 5.282627500530e+03
     3.456000000000e+05-2.235174179080e-08-1.586282411850e+00-3.632158041000e-08
     9.606133978150e-01 1.596718750000e+02-1.373569675860e+00-6.747781072170e-09
     4.678766317970e-11 0.000000000000e+00 7.490000000000e+02 0.000000000000e+00
     2.000000000000e+00 0.000000000000e+00-3.190000086310e-08-3.190000000000e-08
     3.456000000000e+05 1.000000000000e+00                                      
C42 2020 05 14 01 00 00-3.355423687030e-04-4.538680542510e-11 0.000000000000e+00
     1.000000000000e+00-6.270312500000e+01 3.840159958080e-09-5.503428018380e-01
    -2.986285835500e-06 1.463652006350e-03 9.851995855570e-06 5.282627983090e+03
     3.492000000000e+05 1.024454832080e-08-1.586306854290e+00-1.862645149230e-08
     9.606135338670e-01 1.595781250000e+02-1.373720050670e+00-6.759567277400e-09
     7.143154683920e-11 0.000000000000e+00 7.490000000000e+02 0.000000000000e+00
     2.000000000000e+00 0.000000000000e+00-3.190000086310e-08-3.190000000000e-08
     3.492000000000e+05 1.000000000000e+00                                      
C42 2020 05 14 02 00 00-3.357081441210e-04-4.567191069780e-11 0.000000000000e+00
     1.000000000000e+00-5.887500000000e+01 3.936235388580e-09-6.287153039450e-02
    -2.839136868720e-06 1.461625564840e-03 9.317416697740e-06 5.282624025340e+03
     3.528000000000e+05 1.862645149230e-09-1.586331295260e+00 6.519258022310e-09
     9.606138001180e-01 1.740937500000e+02-1.373625006340e+00-6.757067173260e-09
     9.036090675160e-11 0.000000000000e+00 7.490000000000e+02 0.000000000000e+00
     2.000000000000e+00 0.000000000000e+00-3.190000086310e-08-3.190000000000e-08
     3.528000000000e+05 1.000000000000e+00                                      
C42 2020 05 14 03 00 00-3.358697285876e-04-4.528200037157e-11 0.000000000000e+00
     1.000000000000e+00-5.251562500000e+01 3.974451266134e-09 4.249149867291e-01
    -2.597458660603e-06 1.460697618313e-03 9.179580956697e-06 5.282622125626e+03
     3.564000000000e+05-1.955777406693e-08-1.586355705511e+00 1.396983861923e-09
     9.606141643843e-01 1.776718750000e+02-1.373843670172e+00-6.745638125761e-09
     1.035757429169e-10 0.000000000000e+00 7.490000000000e+02 0.000000000000e+00
     2.000000000000e+00 0.000000000000e+00-3.190000000000e-08-3.190000000000e-08
     3.572400000000e+05 0.000000000000e+00                                      
C42 2020 05 14 04 00 00-3.360334085301e-04-4.540279263665e-11 0.000000000000e+00
     1.000000000000e+00-5.887500000000e+01 3.928020760689e-09 9.118684905028e-01
    -2.901069819927e-06 1.461368752643e-03 8.936505764723e-06 5.282624309540e+03
     3.600000000000e+05-1.536682248116e-08-1.586380063097e+00-2.514570951462e-08
     9.606146354440e-01 1.828750000000e+02-1.373228767667e+00-6.723851503975e-09
     1.125046862718e-10 0.000000000000e+00 7.490000000000e+02 0.000000000000e+00
     2.000000000000e+00 0.000000000000e+00-3.190000000000e-08-3.190000000000e-08
     3.600000000000e+05 0.000000000000e+00                                      
C42 2020 05 14 05 00 00-3.361966228113e-04-4.537081821354e-11 0.000000000000e+00
     1.000000000000e+00-5.945312500000e+01 3.884804674851e-09 1.398781804991e+00
    -2.927146852016e-06 1.461603445932e-03 8.611474186182e-06 5.282626234055e+03
     3.636000000000e+05 5.122274160385e-09-1.586404265614e+00-2.561137080193e-08
     9.606151342990e-01 1.900625000000e+02-1.372574612145e+00-6.705279301797e-09
     1.128618440060e-10 0.000000000000e+00 7.490000000000e+02 0.000000000000e+00
     2.000000000000e+00 0.000000000000e+00-3.190000000000e-08-3.190000000000e-08
     3.636000000000e+05 0.000000000000e+00                                      
C42 2020 05 14 06 00 00-3.363607684150e-04-4.546407694761e-11 0.000000000000e+00
     1.000000000000e+00-6.500000000000e+01 3.896590880079e-09 1.886883303006e+00
    -3.231689333916e-06 1.461904728785e-03 8.763279765844e-06 5.282624597549e+03
     3.672000000000e+05 1.117587089539e-08-1.586428400836e+00-2.561137080193e-08
     9.606155424532e-01 1.874687500000e+02-1.373109292611e+00-6.704207828595e-09
     1.139333172086e-10 0.000000000000e+00 7.490000000000e+02 0.000000000000e+00
     2.000000000000e+00 0.000000000000e+00-3.190000000000e-08-3.190000000000e-08
     3.672000000000e+05 0.000000000000e+00                                      
C42 2020 05 14 07 00 00-3.365238662809e-04-4.538858178194e-11 0.000000000000e+00
     1.000000000000e+00-7.440625000000e+01 3.916591713194e-09 2.375127969499e+00
    -3.789085894823e-06 1.462868764065e-03 8.542090654373e-06 5.282621904373e+03
     3.708000000000e+05 4.377216100693e-08-1.586452658944e+00-2.514570951462e-08
     9.606159023310e-01 1.910781250000e+02-1.373786458372e+00-6.718136980228e-09
     1.335769925893e-10 0.000000000000e+00 7.490000000000e+02 0.000000000000e+00
     2.000000000000e+00 0.000000000000e+00-3.190000000000e-08-3.190000000000e-08
     3.708000000000e+05 0.000000000000e+00                                      
C42 2020 05 14 08 00 00-3.366894088690e-04-4.560174460270e-11 0.000000000000e+00
     1.000000000000e+00-7.481250000000e+01 3.865518157200e-09 2.862659971060e+00
    -3.839842975140e-06 1.462450833060e-03 8.526723831890e-06 5.282622695920e+03
     3.744000000000e+05 5.867332220080e-08-1.586477070660e+00 2.887099981310e-08
     9.606163748540e-01 1.877656250000e+02-1.373750056580e+00-6.722780030770e-09
     1.735786588190e-10 0.000000000000e+00 7.490000000000e+02 0.000000000000e+00
     2.000000000000e+00 0.000000000000e+00-3.190000086310e-08-3.190000000000e-08
     3.751200000000e+05 1.000000000000e+00                                      
C42 2020 05 14 09 00 00-3.368535544720e-04-4.559552735370e-11 0.000000000000e+00
     1.000000000000e+00-8.495312500000e+01 3.760156625620e-09-2.932704228300e+00
    -4.206318408250e-06 1.460521598350e-03 8.901581168170e-06 5.282626510620e+03
     3.780000000000e+05 1.816079020500e-08-1.586501453110e+00 4.982575774190e-08
     9.606170492590e-01 1.773437500000e+02-1.374003330130e+00-6.708136563670e-09
     2.042942239600e-10 0.000000000000e+00 7.490000000000e+02 0.000000000000e+00
     2.000000000000e+00 0.000000000000e+00-3.190000086310e-08-3.190000000000e-08
     3.780000000000e+05 1.000000000000e+00                                      
C42 2020 05 14 10 00 00-3.370142076164e-04-4.526334862476e-11 0.000000000000e+00
     1.000000000000e+00-8.901562500000e+01 3.705511492284e-09-2.444966293220e+00
    -4.267320036888e-06 1.460064551793e-03 8.950475603342e-06 5.282627504349e+03
     3.816000000000e+05 6.519258022308e-09-1.586525668797e+00 3.445893526077e-08
     9.606178392345e-01 1.766875000000e+02-1.374175016728e+00-6.695278885240e-09
     2.135803250493e-10 0.000000000000e+00 7.490000000000e+02 0.000000000000e+00
     2.000000000000e+00 0.000000000000e+00-3.190000000000e-08-3.190000000000e-08
     3.816000000000e+05 0.000000000000e+00                                      
C42 2020 05 14 11 00 00-3.371780039740e-04-4.538680542510e-11 0.000000000000e+00
     1.000000000000e+00-8.451562500000e+01 3.725512325400e-09-1.958416328080e+00
    -4.004221409560e-06 1.460682484320e-03 9.567011147740e-06 5.282624359130e+03
     3.852000000000e+05 4.656612873080e-09-1.586549768910e+00 3.725290298460e-08
     9.606185999520e-01 1.659218750000e+02-1.373159096190e+00-6.697064673910e-09
     2.128660095810e-10 0.000000000000e+00 7.490000000000e+02 0.000000000000e+00
     2.000000000000e+00 0.000000000000e+00-3.190000086310e-08-3.190000000000e-08
     3.852000000000e+05 1.000000000000e+00                                      
C42 2020 05 14 12 00 00-3.373415675010e-04-4.541078624240e-11 0.000000000000e+00
     1.000000000000e+00-8.451562500000e+01 3.709797385090e-09-1.471070289740e+00
    -4.064757376910e-06 1.460747676900e-03 9.782146662470e-06 5.282623735430e+03
     3.888000000000e+05 1.396983861920e-09-1.586573882190e+00 3.864988684650e-08
     9.606193592060e-01 1.633125000000e+02-1.372938182400e+00-6.698493304850e-09
     2.125088518470e-10 0.000000000000e+00 7.490000000000e+02 0.000000000000e+00
     2.000000000000e+00 0.000000000000e+00-3.190000086310e-08-3.190000000000e-08
     3.888000000000e+05 1.000000000000e+00                                      
C42 2020 05 14 13 00 00-3.375051310290e-04-4.540012810140e-11 0.000000000000e+00
     1.000000000000e+00-7.242187500000e+01 3.626579633030e-09-9.825530201690e-01
    -3.572553396220e-06 1.461637555620e-03 9.767711162570e-06 5.282626958850e+03
     3.924000000000e+05-3.073364496230e-08-1.586597831620e+00 6.938353180890e-08
     9.606202311060e-01 1.637500000000e+02-1.373888650510e+00-6.670992159310e-09
     1.896507568580e-10 0.000000000000e+00 7.490000000000e+02 0.000000000000e+00
     2.000000000000e+00 0.000000000000e+00-3.190000086310e-08-3.190000000000e-08
     3.951000000000e+05 1.000000000000e+00                                      
C42 2020 05 14 14 00 00-3.376691602170e-04-4.546496512600e-11 0.000000000000e+00
     1.000000000000e+00-7.106250000000e+01 3.603007222570e-09-4.949134429260e-01
    -3.533437848090e-06 1.461631734860e-03 9.717419743540e-06 5.282627048490e+03
     3.960000000000e+05-1.057051122190e-07-1.586621457750e+00 1.350417733190e-08
     9.606209815830e-01 1.643437500000e+02-1.373962839480e+00-6.645991117920e-09
     1.246480492340e-10 0.000000000000e+00 7.490000000000e+02 0.000000000000e+00
     2.000000000000e+00 0.000000000000e+00-3.190000086310e-08-3.190000000000e-08
     3.960000000000e+05 1.000000000000e+00                                      
C42 2020 05 14 15 00 00-3.378322580830e-04-4.537881181930e-11 0.000000000000e+00
     1.000000000000e+00-6.598437500000e+01 3.669795718860e-09-7.369449824310e-03
    -3.293622285130e-06 1.459676190280e-03 9.078998118640e-06 5.282623228070e+03
     3.996000000000e+05-5.122274160390e-08-1.586644912710e+00-8.568167686460e-08
     9.606213707190e-01 1.777343750000e+02-1.373941444300e+00-6.662777531430e-09
     4.250177036930e-11 0.000000000000e+00 7.490000000000e+02 0.000000000000e+00
     2.000000000000e+00 0.000000000000e+00-3.190000086310e-08-3.190000000000e-08
     3.996000000000e+05 1.000000000000e+00                                      
C42 2020 05 14 16 00 00-3.379957051950e-04-4.539657538770e-11 0.000000000000e+00
     1.000000000000e+00-5.990625000000e+01 3.729441060480e-09 4.804250182590e-01
    -3.027729690070e-06 1.458844752050e-03 8.959788829090e-06 5.282621494290e+03
     4.032000000000e+05 3.585591912270e-08-1.586668540300e+00-5.308538675310e-08
     9.606213385350e-01 1.804218750000e+02-1.374169062650e+00-6.711708141010e-09
    -1.142904749430e-11 0.000000000000e+00 7.490000000000e+02 0.000000000000e+00
     2.000000000000e+00 0.000000000000e+00-3.190000086310e-08-3.190000000000e-08
     4.065000000000e+05 1.000000000000e+00                                      
C42 2020 05 14 17 00 00-3.381586866450e-04-4.533795561200e-11 0.000000000000e+00
     1.000000000000e+00-6.582812500000e+01 3.723369378990e-09 9.673289729970e-01
    -3.344845026730e-06 1.459485851230e-03 8.642673492430e-06 5.282623758320e+03
     4.068000000000e+05 3.119930624960e-08-1.586692611160e+00-1.257285475730e-08
     9.606211542070e-01 1.864843750000e+02-1.373505409860e+00-6.742780863890e-09
    -2.464388365950e-11 0.000000000000e+00 7.490000000000e+02 0.000000000000e+00
     2.000000000000e+00 0.000000000000e+00-3.190000086310e-08-3.190000000000e-08
     4.068000000000e+05 1.000000000000e+00                                      
C42 2020 05 14 18 00 00-3.383223665880e-04-4.540812170720e-11 0.000000000000e+00
     1.000000000000e+00-6.545312500000e+01 3.697296864400e-09 1.454145859240e+00
    -3.318767994640e-06 1.459680264820e-03 8.209608495240e-06 5.282625925060e+03
     4.104000000000e+05 3.911554813390e-08-1.586716879500e+00-5.587935447690e-09
     9.606211059310e-01 1.945937500000e+02-1.372755406880e+00-6.734566236000e-09
    -2.642967233050e-11 0.000000000000e+00 7.490000000000e+02 0.000000000000e+00
     2.000000000000e+00 0.000000000000e+00-3.190000086310e-08-3.190000000000e-08
     4.104000000000e+05 1.000000000000e+00                                      
C42 2020 05 14 19 00 00-3.384862793610e-04-4.546851783970e-11 0.000000000000e+00
     1.000000000000e+00-7.012500000000e+01 3.709440227360e-09 1.942115167980e+00
    -3.500841557980e-06 1.459960942160e-03 8.259899914260e-06 5.282624671940e+03
     4.140000000000e+05 3.492459654810e-08-1.586740995710e+00 3.445893526080e-08
     9.606211381150e-01 1.931875000000e+02-1.373158563690e+00-6.704564986330e-09
    -4.143029716670e-11 0.000000000000e+00 7.490000000000e+02 0.000000000000e+00
     2.000000000000e+00 0.000000000000e+00-3.190000086310e-08-3.190000000000e-08
     4.140000000000e+05 1.000000000000e+00                                      
C42 2020 05 14 20 00 00-3.386503085490e-04-4.551381493910e-11 0.000000000000e+00
     1.000000000000e+00-7.846875000000e+01 3.743370212110e-09 2.430271411310e+00
    -3.863126039510e-06 1.460896106440e-03 8.074101060630e-06 5.282622203830e+03
     4.176000000000e+05-1.490116119380e-08-1.586764923200e+00 3.771856427190e-08
     9.606210561910e-01 1.975000000000e+02-1.373748188430e+00-6.681706891340e-09
    -7.250302004180e-11 0.000000000000e+00 7.490000000000e+02 0.000000000000e+00
     2.000000000000e+00 0.000000000000e+00-3.190000086310e-08-3.190000000000e-08
     4.176000000000e+05 1.000000000000e+00                                      
C42 2020 05 14 21 00 00-3.388132900000e-04-4.539923992300e-11 0.000000000000e+00
     1.000000000000e+00-7.921875000000e+01 3.738012846100e-09 2.917813869810e+00
    -3.891997039320e-06 1.460456289350e-03 8.261762559410e-06 5.282623050690e+03
     4.212000000000e+05-2.235174179080e-08-1.586788803870e+00-2.793967723850e-09
     9.606207943290e-01 1.942968750000e+02-1.373723175460e+00-6.679563944940e-09
    -1.025042697140e-10 0.000000000000e+00 7.490000000000e+02 0.000000000000e+00
     2.000000000000e+00 0.000000000000e+00-3.190000086310e-08-3.190000000000e-08
     4.212000000000e+05 1.000000000000e+00                                      
C42 2020 05 14 22 00 00-3.389765042810e-04-4.548272869440e-11 0.000000000000e+00
     1.000000000000e+00-9.009375000000e+01 3.697654022130e-09-2.877485469610e+00
    -4.441011697050e-06 1.458582933990e-03 8.715316653250e-06 5.282626815800e+03
     4.248000000000e+05 4.656612873080e-09-1.586812731360e+00-1.071020960810e-08
     9.606203861750e-01 1.853125000000e+02-1.374042033090e+00-6.689921519230e-09
    -1.214336296270e-10 0.000000000000e+00 7.490000000000e+02 0.000000000000e+00
     2.000000000000e+00 0.000000000000e+00-3.190000086310e-08-3.190000000000e-08
     4.248000000000e+05 1.000000000000e+00                                      
C42 2020 05 14 23 00 00-3.391400678080e-04-4.545874787710e-11 0.000000000000e+00
     1.000000000000e+00-9.293750000000e+01 3.716583382040e-09-2.389802708490e+00
    -4.656147211790e-06 1.458251965230e-03 8.714385330680e-06 5.282627527240e+03
     4.284000000000e+05 1.210719347000e-08-1.586836734920e+00 1.257285475730e-08
     9.606198756170e-01 1.846718750000e+02-1.374158936330e+00-6.707065090470e-09
    -1.317912039180e-10 0.000000000000e+00 7.490000000000e+02 0.000000000000e+00
     2.000000000000e+00 0.000000000000e+00-3.190000086310e-08-3.190000000000e-08
     4.284000000000e+05 1.000000000000e+00                                      
C43 2020 05 14 00 00 00-1.924718962980e-04-1.676880856390e-11 0.000000000000e+00
     1.000000000000e+00 4.921875000000e+01 3.986237471360e-09-1.427122134280e+00
     2.346932888030e-06 5.407378776000e-04 3.850087523460e-06 5.282614431380e+03
     3.456000000000e+05 1.536682248120e-08 2.595354210330e+00-2.561137080190e-08
     9.603182175200e-01 2.809375000000e+02 3.303046440000e-01-7.087080919650e-09
     2.371527355060e-10 0.000000000000e+00 7.490000000000e+02 0.000000000000e+00
     2.000000000000e+00 0.000000000000e+00-3.200000042720e-09-3.200000000000e-09
     3.456000000000e+05 1.000000000000e+00                                      
C43 2020 05 14 01 00 00-1.925321994350e-04-1.676969674240e-11 0.000000000000e+00
     1.000000000000e+00 4.212500000000e+01 3.915520239990e-09-9.380369306490e-01
     2.149958163500e-06 5.413460312410e-04 3.768596798180e-06 5.282616411210e+03
     3.492000000000e+05 1.257285475730e-08 2.595328659000e+00-3.632158041000e-08
     9.603191055110e-01 2.836250000000e+02 3.287899766570e-01-7.078509134030e-09
     2.417957860510e-10 0.000000000000e+00 7.490000000000e+02 0.000000000000e+00
     2.000000000000e+00 0.000000000000e+00-3.200000042720e-09-3.200000000000e-09
     3.492000000000e+05 1.000000000000e+00                                      
C43 2020 05 14 02 00 00-1.925923861560e-04-1.672528782140e-11 0.000000000000e+00
     1.000000000000e+00 4.026562500000e+01 3.852303321040e-09-4.499601383940e-01
     2.097804099320e-06 5.417558131740e-04 3.711320459840e-06 5.282617355350e+03
     3.528000000000e+05 5.634501576420e-08 2.595303138390e+00-5.122274160390e-08
     9.603201792930e-01 2.869218750000e+02 3.282828151430e-01-7.037435994600e-09
     2.457245211270e-10 0.000000000000e+00 7.490000000000e+02 0.000000000000e+00
     2.000000000000e+00 0.000000000000e+00-3.200000042720e-09-3.200000000000e-09
     3.528000000000e+05 1.000000000000e+00                                      
C43 2020 05 14 03 00 00-1.926518743860e-04-1.665956261830e-11 0.000000000000e+00
     1.000000000000e+00 3.551562500000e+01 3.850160374630e-09 3.768576011750e-02
     1.839827746150e-06 5.407874705270e-04 4.000496119260e-06 5.282615467070e+03
     3.564000000000e+05 6.752088665960e-08 2.595277892820e+00-1.117587089540e-08
     9.603212135760e-01 2.817031250000e+02 3.282060748490e-01-7.005291798520e-09
     2.335811581640e-10 0.000000000000e+00 7.490000000000e+02 0.000000000000e+00
     2.000000000000e+00 0.000000000000e+00-3.200000042720e-09-3.200000000000e-09
     3.574500000000e+05 1.000000000000e+00                                      
C43 2020 05 14 04 00 00-1.927132252600e-04-1.684963280010e-11 0.000000000000e+00
     1.000000000000e+00 3.284375000000e+01 3.814444601210e-09 5.255018077050e-01
     1.622363924980e-06 5.404439289120e-04 4.012137651440e-06 5.282614753720e+03
     3.600000000000e+05 2.561137080190e-08 2.595252954450e+00 4.516914486890e-08
     9.603221951940e-01 2.811875000000e+02 3.279596755570e-01-6.961361397220e-09
     2.007226466180e-10 0.000000000000e+00 7.490000000000e+02 0.000000000000e+00
     2.000000000000e+00 0.000000000000e+00-3.200000042720e-09-3.200000000000e-09
     3.600000000000e+05 1.000000000000e+00                                      
C43 2020 05 14 05 00 00-1.927737612280e-04-1.683275741020e-11 0.000000000000e+00
     1.000000000000e+00 3.685937500000e+01 3.753727786400e-09 1.011077538160e+00
     1.776032149790e-06 5.411088932310e-04 4.344154149290e-06 5.282617216110e+03
     3.636000000000e+05-5.122274160390e-09 2.595228083380e+00 1.257285475730e-08
     9.603229412820e-01 2.727968750000e+02 3.299536460650e-01-6.951360980660e-09
     1.689356082750e-10 0.000000000000e+00 7.490000000000e+02 0.000000000000e+00
     2.000000000000e+00 0.000000000000e+00-3.200000042720e-09-3.200000000000e-09
     3.636000000000e+05 1.000000000000e+00                                      
C43 2020 05 14 06 00 00-1.928341807800e-04-1.680966477120e-11 0.000000000000e+00
     1.000000000000e+00 3.282812500000e+01 3.708011596420e-09 1.496176528480e+00
     1.596752554180e-06 5.412703612820e-04 4.742760211230e-06 5.282619840620e+03
     3.672000000000e+05 1.862645149230e-09 2.595203117220e+00 4.656612873080e-10
     9.603235381530e-01 2.637968750000e+02 3.324234365300e-01-6.953503927060e-09
     1.589351917170e-10 0.000000000000e+00 7.490000000000e+02 0.000000000000e+00
     2.000000000000e+00 0.000000000000e+00-3.200000042720e-09-3.200000000000e-09
     3.672000000000e+05 1.000000000000e+00                                      
C43 2020 05 14 07 00 00-1.928941346705e-04-1.673683414083e-11 0.000000000000e+00
     1.000000000000e+00 3.400000000000e+01 3.702654230411e-09 1.983955011255e+00
     1.696404069662e-06 5.413831677288e-04 4.773959517479e-06 5.282619554520e+03
     3.708000000000e+05 5.587935447693e-09 2.595178104248e+00 3.259629011154e-09
     9.603240969876e-01 2.630156250000e+02 3.322128728796e-01-6.956004031203e-09
     1.564350875779e-10 0.000000000000e+00 7.490000000000e+02 0.000000000000e+00
     2.000000000000e+00 0.000000000000e+00-3.200000000000e-09-3.200000000000e-09
     3.708000000000e+05 0.000000000000e+00                                      
C43 2020 05 14 08 00 00-1.929542049766e-04-1.671374150192e-11 0.000000000000e+00
     1.000000000000e+00 4.012500000000e+01 3.724440852197e-09 2.473050935149e+00
     2.040527760983e-06 5.424122791737e-04 5.186069756746e-06 5.282616971970e+03
     3.744000000000e+05 0.000000000000e+00 2.595153073719e+00 7.450580596924e-09
     9.603246382673e-01 2.556093750000e+02 3.306850261072e-01-6.961004239482e-09
     1.557207721095e-10 0.000000000000e+00 7.490000000000e+02 0.000000000000e+00
     2.000000000000e+00 0.000000000000e+00-3.200000000000e-09-3.200000000000e-09
     3.744000000000e+05 0.000000000000e+00                                      
C43 2020 05 14 09 00 00-1.930147409439e-04-1.677413763446e-11 0.000000000000e+00
     1.000000000000e+00 3.932812500000e+01 3.721226432589e-09 2.960973194979e+00
     1.988839358091e-06 5.431487224996e-04 5.501322448254e-06 5.282615488052e+03
     3.780000000000e+05 1.862645149231e-08 2.595128037339e+00 2.654269337654e-08
     9.603253009692e-01 2.501093750000e+02 3.303316889665e-01-6.939931933164e-09
     1.510777215649e-10 0.000000000000e+00 7.490000000000e+02 0.000000000000e+00
     2.000000000000e+00 0.000000000000e+00-3.200000000000e-09-3.200000000000e-09
     3.780000000000e+05 0.000000000000e+00                                      
C43 2020 05 14 10 00 00-1.930751604959e-04-1.677591399130e-11 0.000000000000e+00
     1.000000000000e+00 4.443750000000e+01 3.708725911892e-09-2.834200747494e+00
     2.242624759674e-06 5.424747942016e-04 5.444046109915e-06 5.282616888046e+03
     3.816000000000e+05 2.235174179077e-08 2.595103006811e+00 1.443549990654e-08
     9.603258042130e-01 2.512500000000e+02 3.298896463251e-01-6.949575191987e-09
     1.567922453121e-10 0.000000000000e+00 7.490000000000e+02 0.000000000000e+00
     2.000000000000e+00 0.000000000000e+00-3.200000000000e-09-3.200000000000e-09
     3.816000000000e+05 0.000000000000e+00                                      
C43 2020 05 14 11 00 00-1.931359292940e-04-1.684963280010e-11 0.000000000000e+00
     1.000000000000e+00 4.973437500000e+01 3.674795927140e-09-2.345589094840e+00
     2.515502274040e-06 5.418409127740e-04 5.613546818490e-06 5.282618541720e+03
     3.852000000000e+05-4.284083843230e-08 2.595078264480e+00 1.257285475730e-08
     9.603264376570e-01 2.480625000000e+02 3.288465915860e-01-6.922074046450e-09
     1.160762636140e-10 0.000000000000e+00 7.490000000000e+02 0.000000000000e+00
     2.000000000000e+00 0.000000000000e+00-3.200000042720e-09-3.200000000000e-09
     3.853200000000e+05 1.000000000000e+00                                      
C43 2020 05 14 12 00 00-1.931962324310e-04-1.679545391650e-11 0.000000000000e+00
     1.000000000000e+00 5.075000000000e+01 3.704440019080e-09-1.859224196150e+00
     2.557411789890e-06 5.419927183540e-04 5.416572093960e-06 5.282617242810e+03
     3.888000000000e+05-3.585591912270e-08 2.595053624550e+00-5.401670932770e-08
     9.603268487360e-01 2.529843750000e+02 3.300497290620e-01-6.924216992860e-09
     6.714565402890e-11 0.000000000000e+00 7.490000000000e+02 0.000000000000e+00
     2.000000000000e+00 0.000000000000e+00-3.200000042720e-09-3.200000000000e-09
     3.888000000000e+05 1.000000000000e+00                                      
C43 2020 05 14 13 00 00-1.932559534910e-04-1.671196514510e-11 0.000000000000e+00
     1.000000000000e+00 5.601562500000e+01 3.766228307100e-09-1.373258450280e+00
     2.738554030660e-06 5.418722284960e-04 5.276873707770e-06 5.282615547180e+03
     3.924000000000e+05 3.352761268620e-08 2.595028978770e+00-5.913898348810e-08
     9.603269862510e-01 2.568437500000e+02 3.316526103650e-01-6.953146769330e-09
     2.285809498850e-11 0.000000000000e+00 7.490000000000e+02 0.000000000000e+00
     2.000000000000e+00 0.000000000000e+00-3.200000042720e-09-3.200000000000e-09
     3.924000000000e+05 1.000000000000e+00                                      
C43 2020 05 14 14 00 00-1.933168387040e-04-1.679900663020e-11 0.000000000000e+00
     1.000000000000e+00 5.173437500000e+01 3.789086402090e-09-8.847309680700e-01
     2.434942871330e-06 5.423305556180e-04 5.111098289490e-06 5.282616903310e+03
     3.960000000000e+05 4.190951585770e-08 2.595004078440e+00-1.629814505580e-08
     9.603269291970e-01 2.594218750000e+02 3.306944999650e-01-6.984933807670e-09
     5.357366012940e-12 0.000000000000e+00 7.490000000000e+02 0.000000000000e+00
     2.000000000000e+00 0.000000000000e+00-3.200000042720e-09-3.200000000000e-09
     3.960000000000e+05 1.000000000000e+00                                      
C43 2020 05 14 15 00 00-1.933770254250e-04-1.676347949340e-11 0.000000000000e+00
     1.000000000000e+00 5.031250000000e+01 3.809444392940e-09-3.966555187740e-01
     2.346467226740e-06 5.428243894130e-04 4.775822162630e-06 5.282618007660e+03
     3.996000000000e+05 4.237517714500e-08 2.594978932340e+00-1.443549990650e-08
     9.603269496780e-01 2.632187500000e+02 3.301880845390e-01-6.984933807670e-09
     5.000208278750e-12 0.000000000000e+00 7.490000000000e+02 0.000000000000e+00
     2.000000000000e+00 0.000000000000e+00-3.200000042720e-09-3.200000000000e-09
     3.996000000000e+05 1.000000000000e+00                                      
C43 2020 05 14 16 00 00-1.934381434690e-04-1.685585004910e-11 0.000000000000e+00
     1.000000000000e+00 4.460937500000e+01 3.889447725400e-09 9.111375785950e-02
     2.221204340460e-06 5.418392829600e-04 4.864297807220e-06 5.282616096500e+03
     4.032000000000e+05 2.840533852580e-08 2.594953771610e+00-1.350417733190e-08
     9.603269467520e-01 2.584375000000e+02 3.299876823170e-01-6.989934015950e-09
     3.571577341960e-12 0.000000000000e+00 7.490000000000e+02 0.000000000000e+00
     2.000000000000e+00 0.000000000000e+00-3.200000042720e-09-3.200000000000e-09
     4.047000000000e+05 1.000000000000e+00                                      
C43 2020 05 14 17 00 00-1.934979809450e-04-1.674838046030e-11 0.000000000000e+00
     1.000000000000e+00 3.873437500000e+01 3.954093275280e-09 5.793771438520e-01
     2.104789018630e-06 5.411573220040e-04 4.868023097520e-06 5.282614595410e+03
     4.068000000000e+05 4.982575774190e-08 2.594928565530e+00-2.328306436540e-09
     9.603269277340e-01 2.590000000000e+02 3.292941070040e-01-6.993862751030e-09
     1.464346710200e-11 0.000000000000e+00 7.490000000000e+02 0.000000000000e+00
     2.000000000000e+00 0.000000000000e+00-3.200000042720e-09-3.200000000000e-09
     4.068000000000e+05 1.000000000000e+00                                      
C43 2020 05 14 18 00 00-1.935582840820e-04-1.676170313660e-11 0.000000000000e+00
     1.000000000000e+00 4.070312500000e+01 3.965165165040e-09 1.065372515280e+00
     2.257525920870e-06 5.415980704130e-04 5.318783223630e-06 5.282616472240e+03
     4.104000000000e+05 6.938353180890e-08 2.594903213160e+00 3.678724169730e-08
     9.603269613810e-01 2.524062500000e+02 3.308692279740e-01-6.999934432510e-09
     4.571618997710e-11 0.000000000000e+00 7.490000000000e+02 0.000000000000e+00
     2.000000000000e+00 0.000000000000e+00-3.200000042720e-09-3.200000000000e-09
     4.104000000000e+05 1.000000000000e+00                                      
C43 2020 05 14 19 00 00-1.936190528800e-04-1.681765837700e-11 0.000000000000e+00
     1.000000000000e+00 3.482812500000e+01 3.938378334980e-09 1.550104453600e+00
     1.903157681230e-06 5.416797939690e-04 5.880836397410e-06 5.282619487760e+03
     4.140000000000e+05-3.725290298460e-09 2.594877639890e+00 9.266659617420e-08
     9.603271983740e-01 2.429687500000e+02 3.337073080660e-01-6.975647706580e-09
     1.089331089300e-10 0.000000000000e+00 7.490000000000e+02 0.000000000000e+00
     2.000000000000e+00 0.000000000000e+00-3.200000042720e-09-3.200000000000e-09
     4.140000000000e+05 1.000000000000e+00                                      
C43 2020 05 14 20 00 00-1.936794724320e-04-1.679545391650e-11 0.000000000000e+00
     1.000000000000e+00 3.325000000000e+01 3.919091817330e-09 2.037241549210e+00
     1.742038875820e-06 5.416388157760e-04 5.928333848710e-06 5.282619943620e+03
     4.176000000000e+05-7.078051567080e-08 2.594852193900e+00 3.073364496230e-08
     9.603278113370e-01 2.419843750000e+02 3.341392536470e-01-6.918859626850e-09
     1.560779298440e-10 0.000000000000e+00 7.490000000000e+02 0.000000000000e+00
     2.000000000000e+00 0.000000000000e+00-3.200000042720e-09-3.200000000000e-09
     4.176000000000e+05 1.000000000000e+00                                      
C43 2020 05 14 21 00 00-1.937397755680e-04-1.677502581290e-11 0.000000000000e+00
     1.000000000000e+00 3.804687500000e+01 3.937306861780e-09 2.526120896860e+00
     1.962762326000e-06 5.426502320920e-04 6.285961717370e-06 5.282617530820e+03
     4.212000000000e+05-5.261972546580e-08 2.594827213110e+00-8.381903171540e-09
     9.603285427960e-01 2.342968750000e+02 3.328286882450e-01-6.884215326630e-09
     1.675069773380e-10 0.000000000000e+00 7.490000000000e+02 0.000000000000e+00
     2.000000000000e+00 0.000000000000e+00-3.200000042720e-09-3.200000000000e-09
     4.212000000000e+05 1.000000000000e+00                                      
C43 2020 05 14 22 00 00-1.937997294590e-04-1.672173510770e-11 0.000000000000e+00
     1.000000000000e+00 3.635937500000e+01 3.940521281390e-09 3.013991846300e+00
     1.849606633190e-06 5.434904014690e-04 6.641726940870e-06 5.282615859990e+03
     4.248000000000e+05-4.749745130540e-08 2.594802438590e+00-5.587935447690e-09
     9.603291718500e-01 2.282968750000e+02 3.325272832330e-01-6.878857960620e-09
     1.667926618700e-10 0.000000000000e+00 7.490000000000e+02 0.000000000000e+00
     2.000000000000e+00 0.000000000000e+00-3.200000042720e-09-3.200000000000e-09
     4.248000000000e+05 1.000000000000e+00                                      
C43 2020 05 14 23 00 00-1.938602654260e-04-1.676170313660e-11 0.000000000000e+00
     1.000000000000e+00 4.268750000000e+01 3.919448975070e-09-2.781021457530e+00
     2.012122422460e-06 5.427063442770e-04 6.635673344140e-06 5.282617511750e+03
     4.284000000000e+05-1.024454832080e-08 2.594777342230e+00-8.847564458850e-08
     9.603295185620e-01 2.290156250000e+02 3.319254548280e-01-6.942789195040e-09
     2.078658013020e-10 0.000000000000e+00 7.490000000000e+02 0.000000000000e+00
     2.000000000000e+00 0.000000000000e+00-3.200000042720e-09-3.200000000000e-09
     4.284000000000e+05 1.000000000000e+00                                      
C44 2020 05 14 00 00 00-2.201893366873e-04-1.930189341692e-11 0.000000000000e+00
     1.000000000000e+00 3.273437500000e+01 3.992666310578e-09 2.202278500368e-01
     1.659151166677e-06 7.374809356406e-04 3.973953425884e-06 5.282619300842e+03
     3.456000000000e+05 5.401670932770e-08 2.595222002031e+00 1.536682248116e-08
     9.607727695737e-01 2.858281250000e+02 2.498231626175e-01-7.014935057345e-09
     1.950081228711e-10 0.000000000000e+00 7.490000000000e+02 0.000000000000e+00
     2.000000000000e+00 0.000000000000e+00-1.200000000000e-09-1.200000000000e-09
     3.456000000000e+05 0.000000000000e+00                                      
C44 2020 05 14 01 00 00-2.202588366345e-04-1.928501802695e-11 0.000000000000e+00
     1.000000000000e+00 3.209375000000e+01 3.943021385525e-09 7.077884106854e-01
     1.451000571251e-06 7.373883854598e-04 3.949273377657e-06 5.282619159698e+03
     3.492000000000e+05 4.377216100693e-08 2.595196829599e+00 3.725290298462e-08
     9.607734951811e-01 2.850000000000e+02 2.498318289442e-01-7.002791694383e-09
     1.878649681871e-10 0.000000000000e+00 7.490000000000e+02 0.000000000000e+00
     2.000000000000e+00 0.000000000000e+00-1.200000000000e-09-1.200000000000e-09
     3.492000000000e+05 0.000000000000e+00                                      
C44 2020 05 14 02 00 00-2.203276380900e-04-1.919708836340e-11 0.000000000000e+00
     1.000000000000e+00 3.515625000000e+01 3.843374377680e-09 1.193371683940e+00
     1.533888280390e-06 7.379790768030e-04 4.275701940060e-06 5.282622222900e+03
     3.528000000000e+05 3.492459654810e-08 2.595171641080e+00 3.725290298460e-08
     9.607741666600e-01 2.737031250000e+02 2.518175661500e-01-6.999934432510e-09
     1.853648640480e-10 0.000000000000e+00 7.490000000000e+02 0.000000000000e+00
     2.000000000000e+00 0.000000000000e+00-1.199999988270e-09-1.200000000000e-09
     3.531000000000e+05 1.000000000000e+00                                      
C44 2020 05 14 03 00 00-2.203964395449e-04-1.914735037190e-11 0.000000000000e+00
     1.000000000000e+00 3.023437500000e+01 3.760156625616e-09 1.679347303053e+00
     1.407228410244e-06 7.379245944321e-04 4.481058567762e-06 5.282624505997e+03
     3.564000000000e+05 0.000000000000e+00 2.595146282854e+00 5.587935447693e-08
     9.607748688612e-01 2.664531250000e+02 2.534097681511e-01-6.987791069546e-09
     2.117945363783e-10 0.000000000000e+00 7.490000000000e+02 0.000000000000e+00
     2.000000000000e+00 0.000000000000e+00-1.200000000000e-09-1.200000000000e-09
     3.564000000000e+05 0.000000000000e+00                                      
C44 2020 05 14 04 00 00-2.204672200605e-04-1.938715854521e-11 0.000000000000e+00
     1.000000000000e+00 3.371875000000e+01 3.722297905792e-09 2.167449506195e+00
     1.723878085613e-06 7.382464827970e-04 4.545785486698e-06 5.282623512268e+03
     3.600000000000e+05-2.887099981308e-08 2.595120971445e+00 2.235174179077e-08
     9.607757480749e-01 2.653281250000e+02 2.528744937405e-01-6.958861293077e-09
     2.339383158984e-10 0.000000000000e+00 7.490000000000e+02 0.000000000000e+00
     2.000000000000e+00 0.000000000000e+00-1.200000000000e-09-1.200000000000e-09
     3.600000000000e+05 0.000000000000e+00                                      
C44 2020 05 14 05 00 00-2.205341588706e-04-1.905409163783e-11 0.000000000000e+00
     1.000000000000e+00 3.823437500000e+01 3.718726328450e-09 2.655852924169e+00
     2.008397132158e-06 7.393531268463e-04 5.048699676991e-06 5.282621028900e+03
     3.636000000000e+05-2.561137080193e-08 2.595095899955e+00 6.984919309616e-09
     9.607766448437e-01 2.573593750000e+02 2.520381668813e-01-6.947789403316e-09
     2.382242087088e-10 0.000000000000e+00 7.490000000000e+02 0.000000000000e+00
     2.000000000000e+00 0.000000000000e+00-1.200000000000e-09-1.200000000000e-09
     3.636000000000e+05 0.000000000000e+00                                      
C44 2020 05 14 06 00 00-2.206042408943e-04-1.926370174488e-11 0.000000000000e+00
     1.000000000000e+00 3.820312500000e+01 3.687653605575e-09-3.139693142239e+00
     1.962762326002e-06 7.395796710625e-04 5.220994353294e-06 5.282620582581e+03
     3.672000000000e+05-3.725290298462e-09 2.595070933795e+00 2.468004822731e-08
     9.607776191472e-01 2.555937500000e+02 2.519666843152e-01-6.923859835125e-09
     2.339383158984e-10 0.000000000000e+00 7.490000000000e+02 0.000000000000e+00
     2.000000000000e+00 0.000000000000e+00-1.200000000000e-09-1.200000000000e-09
     3.672000000000e+05 0.000000000000e+00                                      
C44 2020 05 14 07 00 00-2.206729259342e-04-1.918198933026e-11 0.000000000000e+00
     1.000000000000e+00 4.615625000000e+01 3.654795094029e-09-2.651436495910e+00
     2.320855855942e-06 7.386170327663e-04 5.191657692194e-06 5.282622707367e+03
     3.708000000000e+05-1.350417733192e-08 2.595045977876e+00 1.257285475731e-08
     9.607784471588e-01 2.563281250000e+02 2.512777800996e-01-6.929574358872e-09
     2.335811581642e-10 0.000000000000e+00 7.490000000000e+02 0.000000000000e+00
     2.000000000000e+00 0.000000000000e+00-1.200000000000e-09-1.200000000000e-09
     3.708000000000e+05 0.000000000000e+00                                      
C44 2020 05 14 08 00 00-2.207430079580e-04-1.931876880690e-11 0.000000000000e+00
     1.000000000000e+00 4.918750000000e+01 3.631222683570e-09-2.163355948340e+00
     2.472195774320e-06 7.382812909780e-04 5.307607352730e-06 5.282623685840e+03
     3.744000000000e+05-7.310882210730e-08 2.595021302840e+00-9.778887033460e-09
     9.607793351500e-01 2.541562500000e+02 2.507640149730e-01-6.907787737090e-09
     1.910793877950e-10 0.000000000000e+00 7.490000000000e+02 0.000000000000e+00
     2.000000000000e+00 0.000000000000e+00-1.199999988270e-09-1.200000000000e-09
     3.755400000000e+05 1.000000000000e+00                                      
C44 2020 05 14 09 00 00-2.208127407360e-04-1.934186144580e-11 0.000000000000e+00
     1.000000000000e+00 5.146875000000e+01 3.677296031280e-09-1.677111272270e+00
     2.565793693070e-06 7.383719785140e-04 5.022156983610e-06 5.282621782300e+03
     3.780000000000e+05-3.539025783540e-08 2.594996841380e+00-1.001171767710e-07
     9.607799846860e-01 2.610625000000e+02 2.520857585320e-01-6.919573942310e-09
     1.200049986900e-10 0.000000000000e+00 7.490000000000e+02 0.000000000000e+00
     2.000000000000e+00 0.000000000000e+00-1.199999988270e-09-1.200000000000e-09
     3.780000000000e+05 1.000000000000e+00                                      
C44 2020 05 14 10 00 00-2.208808436990e-04-1.912781044670e-11 0.000000000000e+00
     1.000000000000e+00 5.478125000000e+01 3.741227265700e-09-1.190207349710e+00
     2.644956111910e-06 7.382410112770e-04 4.958361387250e-06 5.282620811460e+03
     3.816000000000e+05 6.519258022310e-08 2.594972338970e+00-7.497146725650e-08
     9.607802260670e-01 2.630468750000e+02 2.527490455890e-01-6.971361813770e-09
     5.821671067400e-11 0.000000000000e+00 7.490000000000e+02 0.000000000000e+00
     2.000000000000e+00 0.000000000000e+00-1.199999988270e-09-1.200000000000e-09
     3.816000000000e+05 1.000000000000e+00                                      
C44 2020 05 14 11 00 00-2.209503436460e-04-1.921396375340e-11 0.000000000000e+00
     1.000000000000e+00 4.970312500000e+01 3.766228307100e-09-7.018546759790e-01
     2.319458872080e-06 7.389230886470e-04 4.706438630820e-06 5.282622562410e+03
     3.852000000000e+05 6.007030606270e-08 2.594947400600e+00-1.396983861920e-08
     9.607802202160e-01 2.670468750000e+02 2.519641432260e-01-7.018506634690e-09
     3.714440435640e-11 0.000000000000e+00 7.490000000000e+02 0.000000000000e+00
     2.000000000000e+00 0.000000000000e+00-1.199999988270e-09-1.200000000000e-09
     3.887400000000e+05 1.000000000000e+00                                      
C44 2020 05 14 12 00 00-2.210197271780e-04-1.924771453330e-11 0.000000000000e+00
     1.000000000000e+00 4.885937500000e+01 3.791586506230e-09-2.141624570920e-01
     2.289190888400e-06 7.390461396430e-04 4.528556019070e-06 5.282622844700e+03
     3.888000000000e+05 6.379559636120e-08 2.594922134550e+00-1.629814505580e-08
     9.607803723590e-01 2.679843750000e+02 2.518393065750e-01-7.015292215080e-09
     3.785871982480e-11 0.000000000000e+00 7.490000000000e+02 0.000000000000e+00
     2.000000000000e+00 0.000000000000e+00-1.199999988270e-09-1.200000000000e-09
     3.888000000000e+05 1.000000000000e+00                                      
C44 2020 05 14 13 00 00-2.210888778790e-04-1.922462189440e-11 0.000000000000e+00
     1.000000000000e+00 4.154687500000e+01 3.834445434330e-09 2.738166297900e-01
     2.062413841490e-06 7.379470625890e-04 4.657544195650e-06 5.282620635990e+03
     3.924000000000e+05 4.982575774190e-08 2.594897046960e+00 4.284083843230e-08
     9.607807000530e-01 2.636875000000e+02 2.514276150950e-01-6.972433286980e-09
     1.392915163360e-11 0.000000000000e+00 7.490000000000e+02 0.000000000000e+00
     2.000000000000e+00 0.000000000000e+00-1.199999988270e-09-1.200000000000e-09
     3.924000000000e+05 1.000000000000e+00                                      
C44 2020 05 14 14 00 00-2.211591927330e-04-1.935163140840e-11 0.000000000000e+00
     1.000000000000e+00 3.903125000000e+01 3.860160791190e-09 7.616110803190e-01
     2.033077180390e-06 7.376815192400e-04 4.684552550320e-06 5.282620042800e+03
     3.960000000000e+05 3.259629011150e-08 2.594872033990e+00 5.494803190230e-08
     9.607807775870e-01 2.638593750000e+02 2.512014494230e-01-6.961004239480e-09
     3.214419607760e-12 0.000000000000e+00 7.490000000000e+02 0.000000000000e+00
     2.000000000000e+00 0.000000000000e+00-1.199999988270e-09-1.200000000000e-09
     3.960000000000e+05 1.000000000000e+00                                      
C44 2020 05 14 15 00 00-2.212282270190e-04-1.926903081540e-11 0.000000000000e+00
     1.000000000000e+00 4.032812500000e+01 3.841588589010e-09 1.247465877020e+00
     2.112239599230e-06 7.381002651530e-04 5.228444933890e-06 5.282622646330e+03
     3.996000000000e+05 2.235174179080e-08 2.594846981520e+00 5.774199962620e-08
     9.607807790500e-01 2.543125000000e+02 2.529151614000e-01-6.958146977610e-09
     3.214419607760e-12 0.000000000000e+00 7.490000000000e+02 0.000000000000e+00
     2.000000000000e+00 0.000000000000e+00-1.199999988270e-09-1.200000000000e-09
     3.996000000000e+05 1.000000000000e+00                                      
C44 2020 05 14 16 00 00-2.212977269660e-04-1.927791259960e-11 0.000000000000e+00
     1.000000000000e+00 3.421875000000e+01 3.813373128010e-09 1.733322974900e+00
     1.753680408000e-06 7.379602175210e-04 5.620066076520e-06 5.282625133510e+03
     4.032000000000e+05-3.678724169730e-08 2.594821681810e+00 7.636845111850e-08
     9.607808565850e-01 2.474218750000e+02 2.546258319710e-01-6.935646040350e-09
     4.357324357190e-11 0.000000000000e+00 7.490000000000e+02 0.000000000000e+00
     2.000000000000e+00 0.000000000000e+00-1.199999988270e-09-1.200000000000e-09
     4.032000000000e+05 1.000000000000e+00                                      
C44 2020 05 14 17 00 00-2.213661791760e-04-1.929034709750e-11 0.000000000000e+00
     1.000000000000e+00 3.712500000000e+01 3.817301863090e-09 2.221300465740e+00
     1.815613359210e-06 7.382598705590e-04 5.676876753570e-06 5.282624319080e+03
     4.068000000000e+05-7.031485438350e-08 2.594796483050e+00 1.769512891770e-08
     9.607812047590e-01 2.458750000000e+02 2.542153283800e-01-6.889572692640e-09
     7.500312418120e-11 0.000000000000e+00 7.490000000000e+02 0.000000000000e+00
     2.000000000000e+00 0.000000000000e+00-1.199999988270e-09-1.200000000000e-09
     4.068000000000e+05 1.000000000000e+00                                      
C44 2020 05 14 18 00 00-2.214359119530e-04-1.933475601850e-11 0.000000000000e+00
     1.000000000000e+00 4.131250000000e+01 3.863732368530e-09 2.709746523390e+00
     1.998152583840e-06 7.396106375380e-04 6.127171218400e-06 5.282621397020e+03
     4.104000000000e+05-6.658956408500e-08 2.594771667570e+00 1.396983861920e-09
     9.607815280640e-01 2.356875000000e+02 2.533364774180e-01-6.879215118350e-09
     7.964617472570e-11 0.000000000000e+00 7.490000000000e+02 0.000000000000e+00
     2.000000000000e+00 0.000000000000e+00-1.199999988270e-09-1.200000000000e-09
     4.104000000000e+05 1.000000000000e+00                                      
C44 2020 05 14 19 00 00-2.215065760540e-04-1.947420003030e-11 0.000000000000e+00
     1.000000000000e+00 3.985937500000e+01 3.887661936720e-09-3.085828261570e+00
     1.918524503710e-06 7.401396287610e-04 6.312038749460e-06 5.282620374680e+03
     4.140000000000e+05-7.357448339460e-08 2.594746853550e+00-2.793967723850e-08
     9.607817138550e-01 2.320156250000e+02 2.532942034750e-01-6.900287424670e-09
     8.821796034640e-11 0.000000000000e+00 7.490000000000e+02 0.000000000000e+00
     2.000000000000e+00 0.000000000000e+00-1.199999988270e-09-1.200000000000e-09
     4.140000000000e+05 1.000000000000e+00                                      
C44 2020 05 14 20 00 00-2.215740969400e-04-1.919797654180e-11 0.000000000000e+00
     1.000000000000e+00 4.717187500000e+01 3.900876772890e-09-2.597553774950e+00
     2.268236130480e-06 7.392847910520e-04 6.325542926790e-06 5.282622331620e+03
     4.176000000000e+05-6.053596735000e-09 2.594721575790e+00-1.173466444020e-07
     9.607817709090e-01 2.317656250000e+02 2.525884830160e-01-6.972790444710e-09
     1.425059359440e-10 0.000000000000e+00 7.490000000000e+02 0.000000000000e+00
     2.000000000000e+00 0.000000000000e+00-1.199999988270e-09-1.200000000000e-09
     4.176000000000e+05 1.000000000000e+00                                      
C44 2020 05 14 21 00 00-2.216427819800e-04-1.913935676610e-11 0.000000000000e+00
     1.000000000000e+00 5.010937500000e+01 3.907305612110e-09-2.109404468770e+00
     2.425163984300e-06 7.389491656800e-04 6.484799087050e-06 5.282623388290e+03
     4.212000000000e+05 6.612390279770e-08 2.594696084440e+00-5.541369318960e-08
     9.607822170990e-01 2.290468750000e+02 2.520073271050e-01-6.997077170640e-09
     2.078658013020e-10 0.000000000000e+00 7.490000000000e+02 0.000000000000e+00
     2.000000000000e+00 0.000000000000e+00-1.199999988270e-09-1.200000000000e-09
     4.212000000000e+05 1.000000000000e+00                                      
C44 2020 05 14 22 00 00-2.217127475890e-04-1.927968895640e-11 0.000000000000e+00
     1.000000000000e+00 5.348437500000e+01 3.941949912320e-09-1.623297254330e+00
     2.574641257520e-06 7.389872334900e-04 6.169080734250e-06 5.282621288300e+03
     4.248000000000e+05 4.284083843230e-08 2.594670686720e+00-8.381903171540e-09
     9.607829968340e-01 2.362968750000e+02 2.534679557180e-01-6.989576858220e-09
     2.453673633930e-10 0.000000000000e+00 7.490000000000e+02 0.000000000000e+00
     2.000000000000e+00 0.000000000000e+00-1.199999988270e-09-1.200000000000e-09
     4.248000000000e+05 1.000000000000e+00                                      
C44 2020 05 14 23 00 00-2.217827131970e-04-1.936584226310e-11 0.000000000000e+00
     1.000000000000e+00 5.765625000000e+01 3.942307070060e-09-1.136520996250e+00
     2.824235707520e-06 7.387893274430e-04 6.078276783230e-06 5.282620090480e+03
     4.284000000000e+05 2.700835466380e-08 2.594645461630e+00-1.396983861920e-08
     9.607839126210e-01 2.381093750000e+02 2.542602780010e-01-6.980647914860e-09
     2.546534644820e-10 0.000000000000e+00 7.490000000000e+02 0.000000000000e+00
     2.000000000000e+00 0.000000000000e+00-1.199999988270e-09-1.200000000000e-09
     4.284000000000e+05 1.000000000000e+00                                      
C45 2020 05 14 00 00 00 1.310347579420e-04 8.971490217391e-12 0.000000000000e+00
     1.000000000000e+00 3.068750000000e+01 3.856589213849e-09-2.495593168570e+00
     1.556240022182e-06 2.959450939670e-04 6.756745278835e-06 5.282621467590e+03
     3.456000000000e+05 4.656612873077e-10 5.210696501510e-01 3.492459654808e-08
     9.582577091085e-01 2.236875000000e+02-4.391284632574e-01-6.835999032513e-09
    -2.089372745047e-10 0.000000000000e+00 7.490000000000e+02 0.000000000000e+00
     2.000000000000e+00 0.000000000000e+00-2.700000000000e-08-2.700000000000e-08
     3.456000000000e+05 0.000000000000e+00                                      
C45 2020 05 14 01 00 00 1.310664229095e-04 8.894218694877e-12 0.000000000000e+00
     1.000000000000e+00 2.973437500000e+01 3.858375002520e-09-2.008420377765e+00
     1.532956957817e-06 2.959812991321e-04 6.753951311111e-06 5.282621242523e+03
     3.492000000000e+05-1.117587089539e-08 5.210451097002e-01 5.168840289116e-08
     9.582570098337e-01 2.237343750000e+02-4.387332237541e-01-6.822784196348e-09
    -2.185805333280e-10 0.000000000000e+00 7.490000000000e+02 0.000000000000e+00
     2.000000000000e+00 0.000000000000e+00-2.700000000000e-08-2.700000000000e-08
     3.492000000000e+05 0.000000000000e+00                                      
C45 2020 05 14 02 00 00 1.310977386310e-04 8.800071782390e-12 0.000000000000e+00
     1.000000000000e+00 2.775000000000e+01 3.869089734550e-09-1.522077256080e+00
     1.475680619480e-06 2.959688426930e-04 6.698537617920e-06 5.282620536800e+03
     3.528000000000e+05-6.798654794690e-08 5.210208062420e-01 2.933666110040e-08
     9.582562856890e-01 2.256250000000e+02-4.375083224460e-01-6.801711890030e-09
    -2.600108304950e-10 0.000000000000e+00 7.490000000000e+02 0.000000000000e+00
     2.000000000000e+00 0.000000000000e+00-2.700000045760e-08-2.700000000000e-08
     3.546000000000e+05 1.000000000000e+00                                      
C45 2020 05 14 03 00 00 1.311308005820e-04 8.960832076350e-12 0.000000000000e+00
     1.000000000000e+00 2.826562500000e+01 3.896233722350e-09-1.035294824480e+00
     1.489184796810e-06 2.958236727860e-04 6.658025085930e-06 5.282620008470e+03
     3.564000000000e+05-3.678724169730e-08 5.209967251480e-01-6.239861249920e-08
     9.582553289410e-01 2.276718750000e+02-4.367225964610e-01-6.810997991120e-09
    -3.300137463970e-10 0.000000000000e+00 7.490000000000e+02 0.000000000000e+00
     2.000000000000e+00 0.000000000000e+00-2.700000045760e-08-2.700000000000e-08
     3.564000000000e+05 1.000000000000e+00                                      
C45 2020 05 14 04 00 00 1.311625819650e-04 8.903100479070e-12 0.000000000000e+00
     1.000000000000e+00 2.689062500000e+01 3.899090984220e-09-5.477691632070e-01
     1.327600330110e-06 2.959803678100e-04 6.670597940680e-06 5.282620262150e+03
     3.600000000000e+05-6.332993507390e-08 5.209720208500e-01-1.434236764910e-07
     9.582541556800e-01 2.285781250000e+02-4.366793789350e-01-6.776710848640e-09
    -3.210848030420e-10 0.000000000000e+00 7.490000000000e+02 0.000000000000e+00
     2.000000000000e+00 0.000000000000e+00-2.700000045760e-08-2.700000000000e-08
     3.600000000000e+05 1.000000000000e+00                                      
C45 2020 05 14 05 00 00 1.311949454250e-04 8.956391184260e-12 0.000000000000e+00
     1.000000000000e+00 2.746875000000e+01 4.046239970710e-09-5.985273310660e-02
     1.213978976010e-06 2.957519609480e-04 6.680376827720e-06 5.282619842530e+03
     3.636000000000e+05-4.936009645460e-08 5.209482645230e-01 8.055940270420e-08
     9.582522129250e-01 2.261406250000e+02-4.370277582460e-01-6.951003822920e-09
    -4.075169747180e-10 0.000000000000e+00 7.490000000000e+02 0.000000000000e+00
     2.000000000000e+00 0.000000000000e+00-2.700000045760e-08-2.700000000000e-08
     3.636000000000e+05 1.000000000000e+00                                      
C45 2020 05 14 06 00 00 1.312264939770e-04 8.868461520710e-12 0.000000000000e+00
     1.000000000000e+00 2.865625000000e+01 4.061240595540e-09 4.276959515730e-01
     1.253094524150e-06 2.955798991020e-04 6.553251296280e-06 5.282619562150e+03
     3.672000000000e+05 1.629814505580e-08 5.209232369210e-01-6.519258022310e-09
     9.582510484420e-01 2.248281250000e+02-4.370070989170e-01-6.889929850380e-09
    -3.864446684000e-10 0.000000000000e+00 7.490000000000e+02 0.000000000000e+00
     2.000000000000e+00 0.000000000000e+00-2.700000045760e-08-2.700000000000e-08
     3.698700000000e+05 1.000000000000e+00                                      
C45 2020 05 14 07 00 00 1.312589738520e-04 8.937739437440e-12 0.000000000000e+00
     1.000000000000e+00 2.798437500000e+01 4.116600044340e-09 9.155131621810e-01
     1.373700797560e-06 2.955255331470e-04 6.456393748520e-06 5.282619394300e+03
     3.708000000000e+05 1.303851604460e-08 5.208983877940e-01-2.188608050350e-08
     9.582496001540e-01 2.243750000000e+02-4.372549201650e-01-6.902787528810e-09
    -3.814444601210e-10 0.000000000000e+00 7.490000000000e+02 0.000000000000e+00
     2.000000000000e+00 0.000000000000e+00-2.700000045760e-08-2.700000000000e-08
     3.708000000000e+05 1.000000000000e+00                                      
C45 2020 05 14 08 00 00 1.312899403270e-04 8.794742711870e-12 0.000000000000e+00
     1.000000000000e+00 2.790625000000e+01 4.160887603380e-09 1.403058024260e+00
     1.500826328990e-06 2.955312374980e-04 6.494577974080e-06 5.282619424820e+03
     3.744000000000e+05 5.308538675310e-08 5.208733762840e-01-2.980232238770e-08
     9.582481591790e-01 2.244531250000e+02-4.372300812790e-01-6.922788361920e-09
    -3.571577341960e-10 0.000000000000e+00 7.490000000000e+02 0.000000000000e+00
     2.000000000000e+00 0.000000000000e+00-2.700000045760e-08-2.700000000000e-08
     3.744000000000e+05 1.000000000000e+00                                      
C45 2020 05 14 09 00 00 1.313223037870e-04 8.885336910680e-12 0.000000000000e+00
     1.000000000000e+00 2.776562500000e+01 4.198032007740e-09 1.891163971000e+00
     1.523643732070e-06 2.955958480020e-04 6.539747118950e-06 5.282619098660e+03
     3.780000000000e+05 7.776543498040e-08 5.208481775200e-01 3.352761268620e-08
     9.582468571820e-01 2.258593750000e+02-4.377661251850e-01-6.930645832080e-09
    -3.085842823450e-10 0.000000000000e+00 7.490000000000e+02 0.000000000000e+00
     2.000000000000e+00 0.000000000000e+00-2.700000045760e-08-2.700000000000e-08
     3.780000000000e+05 1.000000000000e+00                                      
C45 2020 05 14 10 00 00 1.313543180000e-04 8.880896018580e-12 0.000000000000e+00
     1.000000000000e+00 2.931250000000e+01 4.214461263510e-09 2.379484541000e+00
     1.523643732070e-06 2.958177356050e-04 6.544869393110e-06 5.282618499760e+03
     3.816000000000e+05-2.793967723850e-08 5.208227315230e-01 1.033768057820e-07
     9.582458711750e-01 2.277031250000e+02-4.385164149060e-01-6.894572900920e-09
    -2.235807416070e-10 0.000000000000e+00 7.490000000000e+02 0.000000000000e+00
     2.000000000000e+00 0.000000000000e+00-2.700000045760e-08-2.700000000000e-08
     3.816000000000e+05 1.000000000000e+00                                      
C45 2020 05 14 11 00 00 1.313860993830e-04 8.861356093350e-12 0.000000000000e+00
     1.000000000000e+00 3.029687500000e+01 4.192317483990e-09 2.867222026960e+00
     1.526903361080e-06 2.959336852650e-04 6.536953151230e-06 5.282618261340e+03
     3.852000000000e+05-4.656612873080e-10 5.207976059050e-01-5.587935447690e-09
     9.582452435840e-01 2.277968750000e+02-4.386834962430e-01-6.832784612910e-09
    -2.060800126310e-10 0.000000000000e+00 7.490000000000e+02 0.000000000000e+00
     2.000000000000e+00 0.000000000000e+00-2.700000045760e-08-2.700000000000e-08
     3.852000000000e+05 1.000000000000e+00                                      
C45 2020 05 14 12 00 00 1.314184628430e-04 8.922640404310e-12 0.000000000000e+00
     1.000000000000e+00 2.867187500000e+01 4.233033465690e-09-2.928107804060e+00
     1.436565071340e-06 2.954794326800e-04 6.372574716810e-06 5.282619165420e+03
     3.888000000000e+05-1.080334186550e-07 5.207731459150e-01 4.656612873080e-09
     9.582441112850e-01 2.307187500000e+02-4.389688779130e-01-6.915288049500e-09
    -2.071514858340e-10 0.000000000000e+00 7.490000000000e+02 0.000000000000e+00
     2.000000000000e+00 0.000000000000e+00-2.700000045760e-08-2.700000000000e-08
     3.888000000000e+05 1.000000000000e+00                                      
C45 2020 05 14 13 00 00 1.314509427170e-04 8.974154752650e-12 0.000000000000e+00
     1.000000000000e+00 3.040625000000e+01 4.190888853060e-09-2.439462028840e+00
     1.483596861360e-06 2.950836205860e-04 6.277579814200e-06 5.282620140080e+03
     3.924000000000e+05-7.357448339460e-08 5.207482806960e-01-1.024454832080e-08
     9.582434339540e-01 2.341250000000e+02-4.400446025380e-01-6.899573109200e-09
    -2.021512775550e-10 0.000000000000e+00 7.490000000000e+02 0.000000000000e+00
     2.000000000000e+00 0.000000000000e+00-2.700000045760e-08-2.700000000000e-08
     3.924000000000e+05 1.000000000000e+00                                      
C45 2020 05 14 14 00 00 1.314822584390e-04 8.847145238630e-12 0.000000000000e+00
     1.000000000000e+00 3.193750000000e+01 4.196960534540e-09-1.951274457110e+00
     1.469627022740e-06 2.949859481300e-04 6.268266588450e-06 5.282620546340e+03
     3.960000000000e+05-2.281740307810e-08 5.207231214310e-01-7.916241884230e-08
     9.582424903720e-01 2.345468750000e+02-4.406623591960e-01-6.956004031200e-09
    -1.607209803880e-10 0.000000000000e+00 7.490000000000e+02 0.000000000000e+00
     2.000000000000e+00 0.000000000000e+00-2.700000045760e-08-2.700000000000e-08
     3.960000000000e+05 1.000000000000e+00                                      
C45 2020 05 14 15 00 00 1.315138069910e-04 8.803624496070e-12 0.000000000000e+00
     1.000000000000e+00 3.125000000000e+01 4.194460430400e-09-1.464302162150e+00
     1.375563442710e-06 2.949584741150e-04 6.146263331170e-06 5.282620191570e+03
     3.996000000000e+05 4.703179001810e-08 5.206977471170e-01-4.097819328310e-08
     9.582418496140e-01 2.356250000000e+02-4.400649005270e-01-6.981005072600e-09
    -1.067901625250e-10 0.000000000000e+00 7.490000000000e+02 0.000000000000e+00
     2.000000000000e+00 0.000000000000e+00-2.700000045760e-08-2.700000000000e-08
     3.996000000000e+05 1.000000000000e+00                                      
C45 2020 05 14 16 00 00 1.315459376200e-04 8.855138844410e-12 0.000000000000e+00
     1.000000000000e+00 3.231250000000e+01 4.180531278770e-09-9.777584773250e-01
     1.455657184120e-06 2.947353059430e-04 5.917623639110e-06 5.282619453430e+03
     4.032000000000e+05 5.820766091350e-08 5.206725322610e-01-1.024454832080e-08
     9.582414955870e-01 2.381250000000e+02-4.390388960980e-01-6.984219492200e-09
    -8.964659128320e-11 0.000000000000e+00 7.490000000000e+02 0.000000000000e+00
     2.000000000000e+00 0.000000000000e+00-2.700000045760e-08-2.700000000000e-08
     4.032000000000e+05 1.000000000000e+00                                      
C45 2020 05 14 17 00 00 1.315784174950e-04 8.934186723760e-12 0.000000000000e+00
     1.000000000000e+00 2.871875000000e+01 4.077312693580e-09-4.897991442260e-01
     1.431442797180e-06 2.951571950690e-04 5.864072591070e-06 5.282620271680e+03
     4.068000000000e+05-9.080395102500e-08 5.206467059050e-01-1.010484993460e-07
     9.582414604770e-01 2.385312500000e+02-4.394278830890e-01-6.888144061710e-09
     1.071473202590e-12 0.000000000000e+00 7.490000000000e+02 0.000000000000e+00
     2.000000000000e+00 0.000000000000e+00-2.700000045760e-08-2.700000000000e-08
     4.068000000000e+05 1.000000000000e+00                                      
C45 2020 05 14 18 00 00 1.316085690630e-04 8.649969629460e-12 0.000000000000e+00
     1.000000000000e+00 3.001562500000e+01 4.125171829960e-09-1.876157326630e-03
     1.580920070410e-06 2.947386819870e-04 6.055459380150e-06 5.282619443890e+03
     4.104000000000e+05-6.053596735000e-08 5.206222444520e-01 4.190951585770e-08
     9.582409733260e-01 2.354531250000e+02-4.397819999660e-01-6.991362646890e-09
    -5.607376426880e-11 0.000000000000e+00 7.490000000000e+02 0.000000000000e+00
     2.000000000000e+00 0.000000000000e+00-2.700000045760e-08-2.700000000000e-08
     4.104000000000e+05 1.000000000000e+00                                      
C45 2020 05 14 19 00 00 1.316417474300e-04 8.930634010080e-12 0.000000000000e+00
     1.000000000000e+00 3.075000000000e+01 4.060526280080e-09 4.854486204260e-01
     1.609325408940e-06 2.947801258410e-04 6.130430847410e-06 5.282619583130e+03
     4.140000000000e+05 2.328306436540e-08 5.205970998160e-01-2.887099981310e-08
     9.582411137660e-01 2.359375000000e+02-4.395371133310e-01-6.922431204190e-09
    -3.893019302740e-11 0.000000000000e+00 7.490000000000e+02 0.000000000000e+00
     2.000000000000e+00 0.000000000000e+00-2.700000045760e-08-2.700000000000e-08
     4.164300000000e+05 1.000000000000e+00                                      
C45 2020 05 14 20 00 00 1.316741108890e-04 8.955503005840e-12 0.000000000000e+00
     1.000000000000e+00 3.015625000000e+01 4.028024926260e-09 9.733136026240e-01
     1.516658812760e-06 2.947171451520e-04 6.186775863170e-06 5.282619365690e+03
     4.176000000000e+05 2.654269337650e-08 5.205722975030e-01 9.313225746150e-09
     9.582411020620e-01 2.355625000000e+02-4.398328114990e-01-6.892429954520e-09
    -5.214502919260e-11 0.000000000000e+00 7.490000000000e+02 0.000000000000e+00
     2.000000000000e+00 0.000000000000e+00-2.700000045760e-08-2.700000000000e-08
     4.176000000000e+05 1.000000000000e+00                                      
C45 2020 05 14 21 00 00 1.317058922720e-04 8.915534976950e-12 0.000000000000e+00
     1.000000000000e+00 3.015625000000e+01 3.998380834330e-09 1.460917017990e+00
     1.436565071340e-06 2.947200555350e-04 6.149057298900e-06 5.282619342800e+03
     4.212000000000e+05-7.916241884230e-09 5.205476312410e-01 1.583248376850e-08
     9.582409660110e-01 2.356250000000e+02-4.398670247640e-01-6.875286383270e-09
    -7.357449324440e-11 0.000000000000e+00 7.490000000000e+02 0.000000000000e+00
     2.000000000000e+00 0.000000000000e+00-2.700000045760e-08-2.700000000000e-08
     4.212000000000e+05 1.000000000000e+00                                      
C45 2020 05 14 22 00 00 1.317387213930e-04 9.010570067860e-12 0.000000000000e+00
     1.000000000000e+00 3.010937500000e+01 3.993737783780e-09 1.949146174630e+00
     1.424457877870e-06 2.948077162730e-04 6.034504622220e-06 5.282618923190e+03
     4.248000000000e+05-1.722946763040e-08 5.205230615320e-01-2.654269337650e-08
     9.582407070750e-01 2.372031250000e+02-4.405271094940e-01-6.872786279140e-09
    -1.053615315880e-10 0.000000000000e+00 7.490000000000e+02 0.000000000000e+00
     2.000000000000e+00 0.000000000000e+00-2.700000045760e-08-2.700000000000e-08
     4.248000000000e+05 1.000000000000e+00                                      
C45 2020 05 14 23 00 00 1.317702699453e-04 8.888001445939e-12 0.000000000000e+00
     1.000000000000e+00 3.184375000000e+01 4.013738616896e-09 2.437449030153e+00
     1.512933522463e-06 2.950499765575e-04 5.956273525953e-06 5.282618295670e+03
     4.284000000000e+05 2.328306436539e-08 5.204984859712e-01-5.122274160385e-09
     9.582403091609e-01 2.388593750000e+02-4.412607541330e-01-6.892787112250e-09
    -1.242908915002e-10 0.000000000000e+00 7.490000000000e+02 0.000000000000e+00
     2.000000000000e+00 0.000000000000e+00-2.700000000000e-08-2.700000000000e-08
     4.284000000000e+05 0.000000000000e+00                                      
C46 2020 05 14 00 00 00 8.368118433280e-04-1.923350367860e-11 0.000000000000e+00
     1.000000000000e+00 2.923437500000e+01 3.913734451320e-09-9.772173805010e-01
     1.472886651750e-06 5.879667587580e-04 6.675720214840e-06 5.282625116350e+03
     3.456000000000e+05 2.793967723850e-08 5.215808420040e-01-1.098960638050e-07
     9.582906130620e-01 2.263281250000e+02-3.924689207970e-01-6.832070297440e-09
    -3.003696544590e-10 0.000000000000e+00 7.490000000000e+02 0.000000000000e+00
     2.000000000000e+00 0.000000000000e+00-2.089999995290e-08-2.090000000000e-08
     3.456000000000e+05 1.000000000000e+00                                      
C46 2020 05 14 01 00 00 8.367435075340e-04-1.911892866250e-11 0.000000000000e+00
     1.000000000000e+00 2.584375000000e+01 3.892662145000e-09-4.894120136780e-01
     1.269392669200e-06 5.883913254370e-04 6.676651537420e-06 5.282625978470e+03
     3.492000000000e+05-2.747401595120e-08 5.215560177470e-01-1.317821443080e-07
     9.582896548510e-01 2.267968750000e+02-3.927067532410e-01-6.799211785890e-09
    -2.657253542420e-10 0.000000000000e+00 7.490000000000e+02 0.000000000000e+00
     2.000000000000e+00 0.000000000000e+00-2.089999995290e-08-2.090000000000e-08
     3.492000000000e+05 1.000000000000e+00                                      
C46 2020 05 14 02 00 00 8.366749389100e-04-1.908073699040e-11 0.000000000000e+00
     1.000000000000e+00 3.020312500000e+01 4.008381250880e-09-1.734220625820e-03
     1.389998942610e-06 5.874232156200e-04 6.854068487880e-06 5.282624090190e+03
     3.528000000000e+05 1.769512891770e-08 5.215318327860e-01 2.793967723850e-08
     9.582882080250e-01 2.210625000000e+02-3.928178326110e-01-6.899215951470e-09
    -3.264421690550e-10 0.000000000000e+00 7.490000000000e+02 0.000000000000e+00
     2.000000000000e+00 0.000000000000e+00-2.089999995290e-08-2.090000000000e-08
     3.541200000000e+05 1.000000000000e+00                                      
C46 2020 05 14 03 00 00 8.366067195310e-04-1.902389357160e-11 0.000000000000e+00
     1.000000000000e+00 3.056250000000e+01 4.010881355020e-09 4.857765437540e-01
     1.415610313420e-06 5.874456837770e-04 6.788410246370e-06 5.282624172210e+03
     3.564000000000e+05 4.749745130540e-08 5.215070099920e-01-1.350417733190e-08
     9.582871327800e-01 2.211718750000e+02-3.927606617720e-01-6.879215118350e-09
    -3.167989102320e-10 0.000000000000e+00 7.490000000000e+02 0.000000000000e+00
     2.000000000000e+00 0.000000000000e+00-2.089999995290e-08-2.090000000000e-08
     3.564000000000e+05 1.000000000000e+00                                      
C46 2020 05 14 04 00 00 8.365372195840e-04-1.915800851290e-11 0.000000000000e+00
     1.000000000000e+00 2.954687500000e+01 4.008381250880e-09 9.735536982020e-01
     1.419801265000e-06 5.873540649190e-04 6.788410246370e-06 5.282623874660e+03
     3.600000000000e+05 4.423782229420e-08 5.214823993210e-01 3.352761268620e-08
     9.582861423840e-01 2.206250000000e+02-3.929699907200e-01-6.843142187200e-09
    -3.342996392080e-10 0.000000000000e+00 7.490000000000e+02 0.000000000000e+00
     2.000000000000e+00 0.000000000000e+00-2.089999995290e-08-2.090000000000e-08
     3.600000000000e+05 1.000000000000e+00                                      
C46 2020 05 14 05 00 00 8.364681852980e-04-1.915179126400e-11 0.000000000000e+00
     1.000000000000e+00 2.910937500000e+01 4.009095566350e-09 1.461235426500e+00
     1.425389200450e-06 5.873510381210e-04 6.787478923800e-06 5.282623748780e+03
     3.636000000000e+05 9.778887033460e-09 5.214579115350e-01 3.678724169730e-08
     9.582849822900e-01 2.209531250000e+02-3.930838320790e-01-6.827070089160e-09
    -3.557291032590e-10 0.000000000000e+00 7.490000000000e+02 0.000000000000e+00
     2.000000000000e+00 0.000000000000e+00-2.089999995290e-08-2.090000000000e-08
     3.636000000000e+05 1.000000000000e+00                                      
C46 2020 05 14 06 00 00 8.363992674280e-04-1.915090308560e-11 0.000000000000e+00
     1.000000000000e+00 2.915625000000e+01 4.022667560250e-09 1.949109761140e+00
     1.428648829460e-06 5.874288035560e-04 6.751623004670e-06 5.282623369220e+03
     3.672000000000e+05 6.053596735000e-09 5.214333827880e-01 2.607703208920e-08
     9.582836993110e-01 2.224687500000e+02-3.933901905320e-01-6.826355773690e-09
    -3.643008888800e-10 0.000000000000e+00 7.490000000000e+02 0.000000000000e+00
     2.000000000000e+00 0.000000000000e+00-2.089999995290e-08-2.090000000000e-08
     3.672000000000e+05 1.000000000000e+00                                      
C46 2020 05 14 07 00 00 8.363309316340e-04-1.903632806940e-11 0.000000000000e+00
     1.000000000000e+00 3.003125000000e+01 4.047668601640e-09 2.436847602590e+00
     1.430511474610e-06 5.875366041440e-04 6.753019988540e-06 5.282623092650e+03
     3.708000000000e+05 1.909211277960e-08 5.214088628180e-01 7.916241884230e-08
     9.582824148690e-01 2.232031250000e+02-3.935598831770e-01-6.840284925320e-09
    -3.600149960700e-10 0.000000000000e+00 7.490000000000e+02 0.000000000000e+00
     2.000000000000e+00 0.000000000000e+00-2.089999995290e-08-2.090000000000e-08
     3.708000000000e+05 1.000000000000e+00                                      
C46 2020 05 14 08 00 00 8.362613152710e-04-1.920508196920e-11 0.000000000000e+00
     1.000000000000e+00 2.943750000000e+01 4.001952411670e-09 2.924415211570e+00
     1.337379217150e-06 5.874240305270e-04 6.703194230790e-06 5.282623310090e+03
     3.744000000000e+05 3.306195139880e-08 5.213837825500e-01-5.774199962620e-08
     9.582815181000e-01 2.237812500000e+02-3.935588649860e-01-6.739209286550e-09
    -3.164417524980e-10 0.000000000000e+00 7.490000000000e+02 0.000000000000e+00
     2.000000000000e+00 0.000000000000e+00-2.089999995290e-08-2.090000000000e-08
     3.744000000000e+05 1.000000000000e+00                                      
C46 2020 05 14 09 00 00 8.361927466470e-04-1.914379765820e-11 0.000000000000e+00
     1.000000000000e+00 2.815625000000e+01 4.084098690530e-09-2.870969117540e+00
     1.245643943550e-06 5.868548760190e-04 6.410293281080e-06 5.282624462130e+03
     3.780000000000e+05-9.639188647270e-08 5.213596370870e-01 1.909211277960e-08
     9.582797552840e-01 2.277500000000e+02-3.937918259130e-01-6.867071755390e-09
    -3.353711124100e-10 0.000000000000e+00 7.490000000000e+02 0.000000000000e+00
     2.000000000000e+00 0.000000000000e+00-2.089999995290e-08-2.090000000000e-08
     3.780000000000e+05 1.000000000000e+00                                      
C46 2020 05 14 10 00 00 8.361234795300e-04-1.918909475760e-11 0.000000000000e+00
     1.000000000000e+00 3.082812500000e+01 4.104456681380e-09-2.382720018400e+00
     1.414678990840e-06 5.864005070180e-04 6.199814379220e-06 5.282625638960e+03
     3.816000000000e+05-9.965151548390e-08 5.213348055160e-01-4.097819328310e-08
     9.582783508830e-01 2.312500000000e+02-3.944728055010e-01-6.908502052550e-09
    -3.160845947640e-10 0.000000000000e+00 7.490000000000e+02 0.000000000000e+00
     2.000000000000e+00 0.000000000000e+00-2.089999995290e-08-2.090000000000e-08
     3.816000000000e+05 1.000000000000e+00                                      
C46 2020 05 14 11 00 00 8.360544452440e-04-1.917666025970e-11 0.000000000000e+00
     1.000000000000e+00 3.126562500000e+01 4.171602335410e-09-1.895050956040e+00
     1.547392457720e-06 5.863532423970e-04 6.199814379220e-06 5.282625793460e+03
     3.852000000000e+05-4.656612873080e-10 5.213094516830e-01-1.131556928160e-07
     9.582769494070e-01 2.315625000000e+02-3.945737921990e-01-6.981362230330e-09
    -2.500104139370e-10 0.000000000000e+00 7.490000000000e+02 0.000000000000e+00
     2.000000000000e+00 0.000000000000e+00-2.089999995290e-08-2.090000000000e-08
     3.852000000000e+05 1.000000000000e+00                                      
C46 2020 05 14 12 00 00 8.359854109590e-04-1.914468583660e-11 0.000000000000e+00
     1.000000000000e+00 2.976562500000e+01 4.235533569830e-09-1.408242992140e+00
     1.547392457720e-06 5.862759426240e-04 6.182119250300e-06 5.282624921800e+03
     3.888000000000e+05 8.009374141690e-08 5.212838374500e-01-2.933666110040e-08
     9.582759911960e-01 2.347031250000e+02-3.938134478420e-01-7.007434744930e-09
    -1.689356082750e-10 0.000000000000e+00 7.490000000000e+02 0.000000000000e+00
     2.000000000000e+00 0.000000000000e+00-2.089999995290e-08-2.090000000000e-08
     3.888000000000e+05 1.000000000000e+00                                      
C46 2020 05 14 13 00 00 8.359178900720e-04-1.897948465060e-11 0.000000000000e+00
     1.000000000000e+00 3.276562500000e+01 4.289821545430e-09-9.216790912450e-01
     1.639127731320e-06 5.858072545380e-04 6.054528057580e-06 5.282623466490e+03
     3.924000000000e+05 1.052394509320e-07 5.212586211310e-01-5.122274160390e-09
     9.582754133430e-01 2.395000000000e+02-3.928088707750e-01-7.016363688280e-09
    -1.653640309330e-10 0.000000000000e+00 7.490000000000e+02 0.000000000000e+00
     2.000000000000e+00 0.000000000000e+00-2.089999995290e-08-2.090000000000e-08
     3.924000000000e+05 1.000000000000e+00                                      
C46 2020 05 14 14 00 00 8.358480408788e-04-1.917666025975e-11 0.000000000000e+00
     1.000000000000e+00 2.746875000000e+01 4.210532528438e-09-4.336827346152e-01
     1.423992216587e-06 5.864750128239e-04 6.050802767277e-06 5.282624853134e+03
     3.960000000000e+05-6.193295121193e-08 5.212327699056e-01-4.982575774193e-08
     9.582752026829e-01 2.398437500000e+02-3.932357034569e-01-6.929574358872e-09
    -6.535986535788e-11 0.000000000000e+00 7.490000000000e+02 0.000000000000e+00
     2.000000000000e+00 0.000000000000e+00-2.090000000000e-08-2.090000000000e-08
     3.994500000000e+05 0.000000000000e+00                                      
C46 2020 05 14 15 00 00 8.357790065929e-04-1.917399572449e-11 0.000000000000e+00
     1.000000000000e+00 3.142187500000e+01 4.232319150224e-09 5.404165676621e-02
     1.620966941118e-06 5.855089984834e-04 6.330199539661e-06 5.282622949600e+03
     3.996000000000e+05 2.793967723846e-08 5.212078037457e-01 7.916241884232e-09
     9.582749788564e-01 2.340156250000e+02-3.933917075779e-01-6.922431204189e-09
    -9.036090675161e-11 0.000000000000e+00 7.490000000000e+02 0.000000000000e+00
     2.000000000000e+00 0.000000000000e+00-2.090000000000e-08-2.090000000000e-08
     3.996000000000e+05 0.000000000000e+00                                      
C46 2020 05 14 16 00 00 8.357102051377e-04-1.914557401506e-11 0.000000000000e+00
     1.000000000000e+00 3.139062500000e+01 4.212675474843e-09 5.415657834401e-01
     1.601874828339e-06 5.855869967490e-04 6.380025297403e-06 5.282623111725e+03
     4.032000000000e+05 2.933666110039e-08 5.211828800104e-01-1.722946763039e-08
     9.582746409224e-01 2.346718750000e+02-3.933468252513e-01-6.926002781530e-09
    -8.428922527028e-11 0.000000000000e+00 7.490000000000e+02 0.000000000000e+00
     2.000000000000e+00 0.000000000000e+00-2.090000000000e-08-2.090000000000e-08
     4.032000000000e+05 0.000000000000e+00                                      
C46 2020 05 14 17 00 00 8.356414036825e-04-1.913313951718e-11 0.000000000000e+00
     1.000000000000e+00 2.968750000000e+01 4.181245594234e-09 1.029517077804e+00
     1.400709152222e-06 5.854404298589e-04 6.450340151787e-06 5.282622579575e+03
     4.068000000000e+05 2.933666110039e-08 5.211580206434e-01 4.190951585770e-09
     9.582743980780e-01 2.340000000000e+02-3.937292276484e-01-6.909930683492e-09
    -9.178953768839e-11 0.000000000000e+00 7.490000000000e+02 0.000000000000e+00
     2.000000000000e+00 0.000000000000e+00-2.090000000000e-08-2.090000000000e-08
     4.068000000000e+05 0.000000000000e+00                                      
C46 2020 05 14 18 00 00 8.355729514730e-04-1.906652613570e-11 0.000000000000e+00
     1.000000000000e+00 2.989062500000e+01 4.127314776370e-09 1.517069593870e+00
     1.228880137210e-06 5.854425253350e-04 6.319489330050e-06 5.282622583390e+03
     4.104000000000e+05 3.026798367500e-08 5.211331407960e-01 7.916241884230e-09
     9.582740659960e-01 2.338593750000e+02-3.937127917640e-01-6.909930683490e-09
    -9.036090675160e-11 0.000000000000e+00 7.490000000000e+02 0.000000000000e+00
     2.000000000000e+00 0.000000000000e+00-2.089999995290e-08-2.090000000000e-08
     4.121100000000e+05 1.000000000000e+00                                      
C46 2020 05 14 19 00 00 8.355047320950e-04-1.901412360890e-11 0.000000000000e+00
     1.000000000000e+00 3.014062500000e+01 4.077312693580e-09 2.004797361660e+00
     1.246109604840e-06 5.854993360120e-04 6.066169589760e-06 5.282622358320e+03
     4.140000000000e+05 2.933666110040e-08 5.211082375410e-01 1.536682248120e-08
     9.582737397650e-01 2.345000000000e+02-3.938718109590e-01-6.909573525760e-09
    -8.536069847290e-11 0.000000000000e+00 7.490000000000e+02 0.000000000000e+00
     2.000000000000e+00 0.000000000000e+00-2.089999995290e-08-2.090000000000e-08
     4.140000000000e+05 1.000000000000e+00                                      
C46 2020 05 14 20 00 00 8.354349993169e-04-1.917754843817e-11 0.000000000000e+00
     1.000000000000e+00 3.142187500000e+01 4.059811964607e-09 2.492593956829e+00
     1.466367393732e-06 5.856745410711e-04 5.938112735748e-06 5.282621921539e+03
     4.176000000000e+05 7.264316082001e-08 5.210835742053e-01 8.754432201386e-08
     9.582734164599e-01 2.352031250000e+02-3.940998872022e-01-6.943860668240e-09
    -1.003613233091e-10 0.000000000000e+00 7.490000000000e+02 0.000000000000e+00
     2.000000000000e+00 0.000000000000e+00-2.090000000000e-08-2.090000000000e-08
     4.176000000000e+05 0.000000000000e+00                                      
C46 2020 05 14 21 00 00 8.353665471077e-04-1.908517788252e-11 0.000000000000e+00
     1.000000000000e+00 3.082812500000e+01 3.945878647398e-09 2.980188266998e+00
     1.592561602592e-06 5.855755880475e-04 5.970243364573e-06 5.282622091293e+03
     4.212000000000e+05 7.497146725655e-08 5.210580726173e-01-6.798654794693e-08
     9.582735759180e-01 2.359843750000e+02-3.941251752041e-01-6.821712723145e-09
    -4.357324357192e-11 0.000000000000e+00 7.490000000000e+02 0.000000000000e+00
     2.000000000000e+00 0.000000000000e+00-2.090000000000e-08-2.090000000000e-08
     4.212000000000e+05 0.000000000000e+00                                      
C46 2020 05 14 22 00 00 8.352971635759e-04-1.914912672873e-11 0.000000000000e+00
     1.000000000000e+00 3.003125000000e+01 3.955521906222e-09-2.815149735886e+00
     1.574866473675e-06 5.850375164300e-04 5.886424332857e-06 5.282623184204e+03
     4.248000000000e+05-1.816079020500e-08 5.210335614249e-01 1.816079020500e-08
     9.582729673441e-01 2.400937500000e+02-3.944042911961e-01-6.914216576302e-09
    -6.393123442110e-11 0.000000000000e+00 7.490000000000e+02 0.000000000000e+00
     2.000000000000e+00 0.000000000000e+00-2.090000000000e-08-2.090000000000e-08
     4.248000000000e+05 0.000000000000e+00                                      
C46 2020 05 14 23 00 00 8.352283621207e-04-1.913669223086e-11 0.000000000000e+00
     1.000000000000e+00 3.284375000000e+01 3.919448975068e-09-2.326930006295e+00
     1.672189682722e-06 5.846510175616e-04 5.793757736683e-06 5.282624231339e+03
     4.284000000000e+05-6.053596735001e-09 5.210087049838e-01 2.607703208923e-08
     9.582727830164e-01 2.430156250000e+02-3.950560972722e-01-6.903501844276e-09
    -6.571702309208e-11 0.000000000000e+00 7.490000000000e+02 0.000000000000e+00
     2.000000000000e+00 0.000000000000e+00-2.090000000000e-08-2.090000000000e-08
     4.284000000000e+05 0.000000000000e+00                                      
C59 2020 05 14 00 00 00-7.117632776500e-07-7.016609515630e-14 0.000000000000e+00
     1.000000000000e+00 4.601562500000e+01-1.022328298360e-08 1.873298278530e+00
     1.658685505390e-06 3.183748340230e-04-1.046620309350e-05 6.493373613360e+03
     3.456000000000e+05 9.313225746150e-09 2.975087396420e+00 2.123415470120e-07
     5.963232840580e-02 3.220781250000e+02-2.335979245950e+00 1.128475576970e-08
     1.092902666640e-10 0.000000000000e+00 7.490000000000e+02 0.000000000000e+00
     2.000000000000e+00 0.000000000000e+00 3.659999947560e-08 3.660000000000e-08
     3.456300000000e+05 1.000000000000e+00                                      
C59 2020 05 14 01 00 00-7.119961082940e-07-7.283063041540e-14 0.000000000000e+00
     1.000000000000e+00-1.528437500000e+02-8.708934190640e-09 2.147373613680e+00
    -4.915054887530e-06 3.214598400520e-04-7.606111466880e-06 6.493361995700e+03
     3.492000000000e+05 1.317821443080e-07-2.915038308990e+00 1.410953700540e-07
     5.569659893550e-02 2.291093750000e+02-2.740240200790e+00 9.844695785380e-09
     3.507288949810e-10 0.000000000000e+00 7.490000000000e+02 0.000000000000e+00
     2.000000000000e+00 0.000000000000e+00 3.659999947560e-08 3.660000000000e-08
     3.492600000000e+05 1.000000000000e+00                                      
C59 2020 05 14 02 00 00-7.122289389370e-07-7.194245199570e-14 0.000000000000e+00
     1.000000000000e+00-2.280781250000e+02-5.106641283540e-09 2.417409052280e+00
    -7.570255547760e-06 3.249216824770e-04-1.057516783480e-06 6.493351816180e+03
     3.528000000000e+05 1.504085958000e-07-2.499569883150e+00-3.818422555920e-08
     5.503859740140e-02 2.750000000000e+01 3.120334405810e+00 6.307405585900e-09
     5.382367054330e-10 0.000000000000e+00 7.490000000000e+02 0.000000000000e+00
     2.000000000000e+00 0.000000000000e+00 3.659999947560e-08 3.660000000000e-08
     3.528600000000e+05 1.000000000000e+00                                      
C59 2020 05 14 03 00 00-7.123453542590e-07-5.240252676230e-14 0.000000000000e+00
     1.000000000000e+00-1.604687500000e+02-4.278749655670e-10 2.681592738100e+00
    -5.486886948350e-06 3.263303078710e-04 4.745554178950e-06 6.493348211290e+03
     3.564000000000e+05 3.539025783540e-08-2.094781088450e+00-1.196749508380e-07
     5.781281673020e-02-1.457656250000e+02 2.714249088260e+00 1.650783047450e-09
     6.218116152350e-10 0.000000000000e+00 7.490000000000e+02 0.000000000000e+00
     2.000000000000e+00 0.000000000000e+00 3.659999947560e-08 3.660000000000e-08
     3.579900000000e+05 1.000000000000e+00                                      
C59 2020 05 14 04 00 00-7.126946002240e-07-7.727152251390e-14 0.000000000000e+00
     1.000000000000e+00-4.029687500000e+01 3.454072447410e-09 2.943813162980e+00
    -1.515727490190e-06 3.245368134230e-04 7.285736501220e-06 6.493352567670e+03
     3.600000000000e+05-6.100162863730e-08-1.726812768550e+00-6.984919309620e-08
     6.340258574930e-02-2.181406250000e+02 2.346915872290e+00-2.260451299730e-09
     6.039537285260e-10 0.000000000000e+00 7.490000000000e+02 0.000000000000e+00
     2.000000000000e+00 0.000000000000e+00 3.659999947560e-08 3.660000000000e-08
     3.600000000000e+05 1.000000000000e+00                                      
C59 2020 05 14 05 00 00-7.135095074770e-07-1.314504061160e-13 0.000000000000e+00
     1.000000000000e+00 5.501562500000e+01 5.766668776330e-09-3.074325594180e+00
     1.748558133840e-06 3.203487722200e-04 7.147435098890e-06 6.493362861630e+03
     3.636000000000e+05-9.639188647270e-08-1.402925166420e+00 1.769512891770e-08
     7.082073904230e-02-2.112812500000e+02 2.020781780990e+00-4.640193282680e-09
     5.278791311420e-10 0.000000000000e+00 7.490000000000e+02 0.000000000000e+00
     2.000000000000e+00 0.000000000000e+00 3.659999947560e-08 3.660000000000e-08
     3.636000000000e+05 1.000000000000e+00                                      
C59 2020 05 14 06 00 00-7.136259227990e-07-9.592326932760e-14 0.000000000000e+00
     1.000000000000e+00 1.089218750000e+02 6.791354315740e-09-2.804883649750e+00
     3.665219992400e-06 3.158292965960e-04 5.664303898810e-06 6.493374971390e+03
     3.672000000000e+05-1.033768057820e-07-1.117667481510e+00 8.894130587580e-08
     7.912803200010e-02-1.664843750000e+02 1.728806851700e+00-5.742382050400e-09
     4.325180161110e-10 0.000000000000e+00 7.490000000000e+02 0.000000000000e+00
     2.000000000000e+00 0.000000000000e+00 3.659999947560e-08 3.660000000000e-08
     3.672000000000e+05 1.000000000000e+00                                      
C59 2020 05 14 07 00 00-7.136259227990e-07-5.506706202140e-14 0.000000000000e+00
     1.000000000000e+00 1.361250000000e+02 7.022078212030e-09-2.534130774180e+00
     4.652887582780e-06 3.128626849500e-04 3.610737621780e-06 6.493384447100e+03
     3.708000000000e+05-1.112930476670e-07-8.620782653170e-01 1.266598701480e-07
     8.758775517010e-02-1.062812500000e+02 1.465099835790e+00-6.033108446040e-09
     3.371569010810e-10 0.000000000000e+00 7.490000000000e+02 0.000000000000e+00
     2.000000000000e+00 0.000000000000e+00 3.659999947560e-08 3.660000000000e-08
     3.708000000000e+05 1.000000000000e+00                                      
C59 2020 05 14 08 00 00-7.142079994080e-07-9.148237722910e-14 0.000000000000e+00
     1.000000000000e+00 1.538906250000e+02 6.845999449070e-09-2.267627277720e+00
     5.256384611130e-06 3.120047040280e-04 1.294072717430e-06 6.493388074870e+03
     3.744000000000e+05-1.238659024240e-07-6.280849047490e-01 1.313164830210e-07
     9.565607460800e-02-3.868750000000e+01 1.227140894910e+00-5.879530620340e-09
     2.471531520640e-10 0.000000000000e+00 7.490000000000e+02 0.000000000000e+00
     2.000000000000e+00 0.000000000000e+00 3.659999947560e-08 3.660000000000e-08
     3.744000000000e+05 1.000000000000e+00                                      
C59 2020 05 14 09 00 00-7.140915840860e-07-4.707345624410e-14 0.000000000000e+00
     1.000000000000e+00 1.701406250000e+02 6.510985494390e-09-2.009166243620e+00
     5.739741027360e-06 3.123813075940e-04-1.110136508940e-06 6.493384876250e+03
     3.780000000000e+05-1.275911927220e-07-4.094880810970e-01 1.108273863790e-07
     1.029335946600e-01 3.192187500000e+01 1.012523398610e+00-5.523087201610e-09
     1.592923494510e-10 0.000000000000e+00 7.490000000000e+02 0.000000000000e+00
     2.000000000000e+00 0.000000000000e+00 3.659999947560e-08 3.660000000000e-08
     3.780000000000e+05 1.000000000000e+00                                      
C59 2020 05 14 10 00 00-7.145572453740e-07-8.437694987150e-14 0.000000000000e+00
     1.000000000000e+00 1.810000000000e+02 6.157399337540e-09-1.757880004930e+00
     5.995389074090e-06 3.125761868430e-04-3.408640623090e-06 6.493376390460e+03
     3.816000000000e+05-1.084990799430e-07-2.017347866060e-01 8.288770914080e-08
     1.091247736910e-01 1.002812500000e+02 8.158332143620e-01-5.114498753690e-09
     6.821712723150e-11 0.000000000000e+00 7.490000000000e+02 0.000000000000e+00
     2.000000000000e+00 0.000000000000e+00 3.659999947560e-08 3.660000000000e-08
     3.816000000000e+05 1.000000000000e+00                                      
C59 2020 05 14 11 00 00-7.149064913390e-07-9.592326932760e-14 0.000000000000e+00
     1.000000000000e+00 1.733437500000e+02 5.845600635590e-09-1.508619385520e+00
     5.624722689390e-06 3.117880551140e-04-5.407724529500e-06 6.493366224290e+03
     3.852000000000e+05-6.658956408500e-08-1.466070667730e-03 6.705522537230e-08
     1.140116412940e-01 1.607500000000e+02 6.285749194000e-01-4.736625870910e-09
    -2.857261873570e-11 0.000000000000e+00 7.490000000000e+02 0.000000000000e+00
     2.000000000000e+00 0.000000000000e+00 3.659999947560e-08 3.660000000000e-08
     3.852000000000e+05 1.000000000000e+00                                      
C59 2020 05 14 12 00 00-7.151393219830e-07-8.082423619270e-14 0.000000000000e+00
     1.000000000000e+00 1.315156250000e+02 5.577018019470e-09-1.254943550600e+00
     4.151836037640e-06 3.105212235820e-04-6.972346454860e-06 6.493358915330e+03
     3.888000000000e+05-1.257285475730e-08 1.938777066880e-01 7.450580596920e-08
     1.174383279380e-01 2.092968750000e+02 4.417657505280e-01-4.419112645210e-09
    -1.310768884500e-10 0.000000000000e+00 7.490000000000e+02 0.000000000000e+00
     2.000000000000e+00 0.000000000000e+00 3.659999947560e-08 3.660000000000e-08
     3.888000000000e+05 1.000000000000e+00                                      
C59 2020 05 14 13 00 00-7.152557373050e-07-5.595524044110e-14 0.000000000000e+00
     1.000000000000e+00 4.639062500000e+01 5.296649198130e-09-9.931946944310e-01
     1.315027475360e-06 3.103726776320e-04-8.018221706150e-06 6.493358236310e+03
     3.924000000000e+05 3.818422555920e-08 3.863538427650e-01 9.359791874890e-08
     1.193023927840e-01 2.433281250000e+02 2.497118930680e-01-4.131600669180e-09
    -2.339383158980e-10 0.000000000000e+00 7.490000000000e+02 0.000000000000e+00
     2.000000000000e+00 0.000000000000e+00 3.659999947560e-08 3.660000000000e-08
     3.924000000000e+05 1.000000000000e+00                                      
C59 2020 05 14 14 00 00-7.153721526270e-07-4.884981308350e-14 0.000000000000e+00
     1.000000000000e+00-7.596875000000e+01 4.887346434740e-09-7.254078282160e-01
    -2.661719918250e-06 3.127900417890e-04-8.395407348870e-06 6.493365274430e+03
     3.960000000000e+05 7.590278983120e-08 5.777386580480e-01 8.800998330120e-08
     1.195502549940e-01 2.580000000000e+02 5.269539762630e-02-3.764799676160e-09
    -3.285851154600e-10 0.000000000000e+00 7.490000000000e+02 0.000000000000e+00
     2.000000000000e+00 0.000000000000e+00 3.659999947560e-08 3.660000000000e-08
     3.960000000000e+05 1.000000000000e+00                                      
C59 2020 05 14 15 00 00-7.159542292360e-07-9.414691248820e-14 0.000000000000e+00
     1.000000000000e+00-2.120156250000e+02 4.361967407740e-09-4.575801012360e-01
    -7.013790309430e-06 3.175419988110e-04-7.760711014270e-06 6.493377418520e+03
     3.996000000000e+05 9.732320904730e-08 7.697056752280e-01 6.565824151040e-08
     1.181749349860e-01 2.420468750000e+02-1.449360061720e-01-3.316209562010e-09
    -4.135886561990e-10 0.000000000000e+00 7.490000000000e+02 0.000000000000e+00
     2.000000000000e+00 0.000000000000e+00 3.659999947560e-08 3.660000000000e-08
     3.996000000000e+05 1.000000000000e+00                                      
C59 2020 05 14 16 00 00-7.163034752010e-07-9.769962616700e-14 0.000000000000e+00
     1.000000000000e+00-3.265000000000e+02 3.676938873550e-09-1.938643297650e-01
    -1.062545925380e-05 3.222904633730e-04-5.592592060570e-06 6.493388904570e+03
     4.032000000000e+05 1.098960638050e-07 9.639829882290e-01 1.909211277960e-08
     1.152159783620e-01 1.780781250000e+02-3.407339332790e-01-2.703326890130e-09
    -4.846630453040e-10 0.000000000000e+00 7.490000000000e+02 0.000000000000e+00
     2.000000000000e+00 0.000000000000e+00 3.659999947560e-08 3.660000000000e-08
     4.032000000000e+05 1.000000000000e+00                                      
C59 2020 05 14 17 00 00-7.157213985920e-07 2.220446049250e-14 0.000000000000e+00
     1.000000000000e+00-3.839375000000e+02 2.840832617800e-09 6.774338992120e-02
    -1.239450648430e-05 3.241415834050e-04-1.508742570880e-06 6.493393426900e+03
     4.068000000000e+05 1.033768057820e-07 1.162522682750e+00-4.470348358150e-08
     1.107607930140e-01 5.253125000000e+01-5.386322099080e-01-1.890078729370e-09
    -5.368080744970e-10 0.000000000000e+00 7.490000000000e+02 0.000000000000e+00
     2.000000000000e+00 0.000000000000e+00 3.659999947560e-08 3.660000000000e-08
     4.070700000000e+05 1.000000000000e+00                                      
C59 2020 05 14 18 00 00-7.154885679480e-07 4.174438572590e-14 0.000000000000e+00
     1.000000000000e+00-3.615468750000e+02 1.846148328060e-09 3.331570431340e-01
    -1.162244006990e-05 3.223356325180e-04 4.130415618420e-06 6.493388534550e+03
     4.104000000000e+05 6.426125764850e-08 1.367704639780e+00-1.126900315280e-07
     1.049484132140e-01-1.242343750000e+02-7.469051972680e-01-8.511068805890e-10
    -5.653806932320e-10 0.000000000000e+00 7.490000000000e+02 0.000000000000e+00
     2.000000000000e+00 0.000000000000e+00 3.659999947560e-08 3.660000000000e-08
     4.105800000000e+05 1.000000000000e+00                                      
C59 2020 05 14 19 00 00-7.161870598790e-07-6.128431095930e-14 0.000000000000e+00
     1.000000000000e+00-2.551875000000e+02 5.682379551060e-10 6.044122013830e-01
    -8.189585059880e-06 3.191628493370e-04 9.823590517040e-06 6.493378341670e+03
     4.140000000000e+05 2.793967723850e-09 1.582606452750e+00-1.718290150170e-07
     9.797682883100e-02-3.044375000000e+02-9.706508971520e-01 5.089497712290e-10
    -5.646663777640e-10 0.000000000000e+00 7.490000000000e+02 0.000000000000e+00
     2.000000000000e+00 0.000000000000e+00 3.659999947560e-08 3.660000000000e-08
     4.140300000000e+05 1.000000000000e+00                                      
C59 2020 05 14 20 00 00-7.166527211670e-07-8.348877145180e-14 0.000000000000e+00
     1.000000000000e+00-8.026562500000e+01-1.179334838320e-09 8.746882856150e-01
    -2.579763531680e-06 3.175045130770e-04 1.331418752670e-05 6.493371183400e+03
     4.176000000000e+05-5.168840289120e-08 1.811367297670e+00-1.969747245310e-07
     9.011597897220e-02-4.150781250000e+02-1.207179168520e+00 2.315810748530e-09
    -5.296649198130e-10 0.000000000000e+00 7.490000000000e+02 0.000000000000e+00
     2.000000000000e+00 0.000000000000e+00 3.659999947560e-08 3.660000000000e-08
     4.176600000000e+05 1.000000000000e+00                                      
C59 2020 05 14 21 00 00-7.167691364880e-07-7.194245199570e-14 0.000000000000e+00
     1.000000000000e+00 1.252968750000e+02-3.451929501010e-09 1.134980942890e+00
     4.022382199760e-06 3.176805330440e-04 1.271720975640e-05 6.493372940060e+03
     4.212000000000e+05-8.195638656620e-08 2.059634329450e+00-1.625157892700e-07
     8.173009951810e-02-3.955000000000e+02-1.453132090660e+00 4.580190783330e-09
    -4.546617956320e-10 0.000000000000e+00 7.490000000000e+02 0.000000000000e+00
     2.000000000000e+00 0.000000000000e+00 3.659999947560e-08 3.660000000000e-08
     4.212000000000e+05 1.000000000000e+00                                      
C59 2020 05 14 22 00 00-7.168855518100e-07-4.973799150320e-14 0.000000000000e+00
     1.000000000000e+00 2.977968750000e+02-5.964534161070e-09 1.385855115590e+00
     9.613577276470e-06 3.178764600310e-04 7.641501724720e-06 6.493381862640e+03
     4.248000000000e+05-9.359791874890e-08 2.334914515160e+00-6.798654794690e-08
     7.331369481540e-02-2.345625000000e+02-1.716588853950e+00 7.028864208980e-09
    -3.335853237390e-10 0.000000000000e+00 7.490000000000e+02 0.000000000000e+00
     2.000000000000e+00 0.000000000000e+00 3.659999947560e-08 3.660000000000e-08
     4.248300000000e+05 1.000000000000e+00                                      
C59 2020 05 14 23 00 00-7.173512130980e-07-8.526512829120e-14 0.000000000000e+00
     1.000000000000e+00 3.596718750000e+02-8.061407218540e-09 1.637643429230e+00
     1.171045005320e-05 3.172408323740e-04-3.515742719170e-07 6.493390193940e+03
     4.284000000000e+05-8.661299943920e-08 2.646129267570e+00 5.727633833890e-08
     6.553970425460e-02 1.540625000000e+01-2.016817082810e+00 9.061806032020e-09
    -1.642925577300e-10 0.000000000000e+00 7.490000000000e+02 0.000000000000e+00
     2.000000000000e+00 0.000000000000e+00 3.659999947560e-08 3.660000000000e-08
     4.284000000000e+05 1.000000000000e+00                                      
C60 2020 05 14 00 00 00-1.963926479220e-07-3.641531520770e-14 0.000000000000e+00
     1.000000000000e+00 3.142031250000e+02-3.437286033900e-09-2.069902971310e+00
     1.009600237010e-05 3.057854482900e-04-8.112285286190e-06 6.493408849720e+03
     3.456000000000e+05 1.722946763040e-08 2.691485146680e+00 2.160668373110e-07
     1.061516896670e-01 2.508906250000e+02 8.422970337610e-01 4.546260798580e-09
    -1.571494030460e-10 0.000000000000e+00 7.490000000000e+02 0.000000000000e+00
     2.000000000000e+00 1.000000000000e+00 4.740000036920e-08 4.740000000000e-08
     3.456000000000e+05 1.000000000000e+00                                      
C60 2020 05 14 01 00 00-1.962762326000e-07-1.776356839400e-15 0.000000000000e+00
     1.000000000000e+00 1.656562500000e+02-4.393754446080e-09-1.797280329910e+00
     5.397014319900e-06 3.054739208890e-04-1.086993142960e-05 6.493416334150e+03
     3.492000000000e+05 8.521601557730e-08 2.886048283150e+00 1.820735633370e-07
     9.411355769320e-02 3.354218750000e+02 6.376529756170e-01 5.442012395950e-09
    -4.357324357190e-11 0.000000000000e+00 7.490000000000e+02 0.000000000000e+00
     2.000000000000e+00 1.000000000000e+00 4.740000036920e-08 4.740000000000e-08
     3.492000000000e+05 1.000000000000e+00                                      
C60 2020 05 14 02 00 00-1.960434019570e-07 3.108624468950e-14 0.000000000000e+00
     1.000000000000e+00-2.650000000000e+01-5.428083244310e-09-1.522468711010e+00
    -7.119961082940e-07 3.060749731960e-04-1.163221895690e-05 6.493425518040e+03
     3.528000000000e+05 1.280568540100e-07 3.100417421310e+00 1.033768057820e-07
     8.095110295550e-02 3.568906250000e+02 4.111685175390e-01 6.400980912260e-09
     8.321775206770e-11 0.000000000000e+00 7.490000000000e+02 0.000000000000e+00
     2.000000000000e+00 1.000000000000e+00 4.740000036920e-08 4.740000000000e-08
     3.528000000000e+05 1.000000000000e+00                                      
C60 2020 05 14 03 00 00-1.952284947040e-07 1.234568003380e-13 0.000000000000e+00
     1.000000000000e+00-2.041406250000e+02-6.344907147990e-09-1.256465601290e+00
    -6.459653377530e-06 3.065160708500e-04-9.738374501470e-06 6.493428314210e+03
     3.564000000000e+05 1.275911927220e-07-2.934932172070e+00-1.350417733190e-08
     6.717868745060e-02 2.956406250000e+02 1.601674425430e-01 7.288517881740e-09
     2.200091642650e-10 0.000000000000e+00 7.490000000000e+02 0.000000000000e+00
     2.000000000000e+00 1.000000000000e+00 4.740000036920e-08 4.740000000000e-08
     3.568200000000e+05 1.000000000000e+00                                      
C60 2020 05 14 04 00 00-1.952284947040e-07 5.950795411990e-14 0.000000000000e+00
     1.000000000000e+00-3.101875000000e+02-6.494199080890e-09-1.000773458570e+00
    -1.004198566080e-05 3.047275822610e-04-4.632864147420e-06 6.493421705250e+03
     3.600000000000e+05 7.264316082000e-08-2.627251006110e+00-1.252628862860e-07
     5.363251515240e-02 1.364218750000e+02-1.402479915600e-01 7.474239903520e-09
     3.553719455250e-10 0.000000000000e+00 7.490000000000e+02 0.000000000000e+00
     2.000000000000e+00 1.000000000000e+00 4.740000036920e-08 4.740000000000e-08
     3.600000000000e+05 1.000000000000e+00                                      
C60 2020 05 14 05 00 00-1.951120793820e-07 5.950795411990e-14 0.000000000000e+00
     1.000000000000e+00-2.693281250000e+02-4.082312901860e-09-7.482958969330e-01
    -8.936971426010e-06 3.004870377480e-04 3.076158463950e-06 6.493409130100e+03
     3.636000000000e+05-4.144385457040e-08-2.210844350930e+00-1.583248376850e-07
     4.189525422550e-02-9.792187500000e+01-5.460828955730e-01 5.140214110550e-09
     4.600191616450e-10 0.000000000000e+00 7.490000000000e+02 0.000000000000e+00
     2.000000000000e+00 1.000000000000e+00 4.740000036920e-08 4.740000000000e-08
     3.636000000000e+05 1.000000000000e+00                                      
C60 2020 05 14 06 00 00-1.949956640600e-07 4.618527782440e-14 0.000000000000e+00
     1.000000000000e+00-1.218750000000e+01 3.142273745460e-09-4.917406149930e-01
    -5.825422704220e-07 2.959605772050e-04 7.820315659050e-06 6.493397375110e+03
     3.672000000000e+05-1.452863216400e-07-1.634261244560e+00-1.303851604460e-08
     3.501084220500e-02-2.342031250000e+02-1.116115702860e+00-2.012940989930e-09
     4.714482091390e-10 0.000000000000e+00 7.490000000000e+02 0.000000000000e+00
     2.000000000000e+00 1.000000000000e+00 4.740000036920e-08 4.740000000000e-08
     3.703500000000e+05 1.000000000000e+00                                      
C60 2020 05 14 07 00 00-1.951120793820e-07 9.769962616700e-15 0.000000000000e+00
     1.000000000000e+00 2.085000000000e+02 1.033935924720e-08-2.301767287220e-01
     6.959307938810e-06 2.938440302390e-04 2.115964889530e-06 6.493392185210e+03
     3.708000000000e+05-4.656612873080e-09-9.841748491870e-01 1.066364347930e-07
     3.638900612530e-02-5.668750000000e+01-1.764644059750e+00-9.181096715240e-09
     3.107272287510e-10 0.000000000000e+00 7.490000000000e+02 0.000000000000e+00
     2.000000000000e+00 1.000000000000e+00 4.740000036920e-08 4.740000000000e-08
     3.708000000000e+05 1.000000000000e+00                                      
C60 2020 05 14 08 00 00-1.955777406690e-07-6.128431095930e-14 0.000000000000e+00
     1.000000000000e+00 1.660468750000e+02 1.084152302150e-08 3.152206931790e-02
     5.737412720920e-06 2.951850183310e-04-4.751607775690e-06 6.493395463940e+03
     3.744000000000e+05 7.729977369310e-08-4.586904853170e-01 6.519258022310e-09
     4.520659709340e-02 1.454687500000e+02-2.288730960890e+00-9.705404269040e-09
     9.143237995420e-11 0.000000000000e+00 7.490000000000e+02 0.000000000000e+00
     2.000000000000e+00 1.000000000000e+00 4.740000036920e-08 4.740000000000e-08
     3.744000000000e+05 1.000000000000e+00                                      
C60 2020 05 14 09 00 00-1.953449100260e-07-1.776356839400e-15 0.000000000000e+00
     1.000000000000e+00 6.534375000000e+01 8.778222791070e-09 2.884991266320e-01
     2.346001565460e-06 2.989200875160e-04-7.066410034890e-06 6.493405332570e+03
     3.780000000000e+05 3.958120942120e-08-8.288235231410e-02-8.149072527890e-08
     5.774985127310e-02 2.096093750000e+02-2.658486217670e+00-7.703178011140e-09
    -7.464596644700e-11 0.000000000000e+00 7.490000000000e+02 0.000000000000e+00
     2.000000000000e+00 1.000000000000e+00 4.740000036920e-08 4.740000000000e-08
     3.780000000000e+05 1.000000000000e+00                                      
C60 2020 05 14 10 00 00-1.956941559910e-07-4.973799150320e-14 0.000000000000e+00
     1.000000000000e+00-3.859375000000e+00 6.918859626850e-09 5.406582578210e-01
    -8.614733815190e-08 3.028993960470e-04-6.913207471370e-06 6.493417547230e+03
     3.816000000000e+05 1.396983861920e-09 2.021584944960e-01-1.313164830210e-07
     7.148557971850e-02 2.024375000000e+02-2.932758640070e+00-5.918103655630e-09
    -1.810789712370e-10 0.000000000000e+00 7.490000000000e+02 0.000000000000e+00
     2.000000000000e+00 1.000000000000e+00 4.740000036920e-08 4.740000000000e-08
     3.838500000000e+05 1.000000000000e+00                                      
C60 2020 05 14 11 00 00-1.959269866350e-07-5.062616992290e-14 0.000000000000e+00
     1.000000000000e+00-5.167187500000e+01 5.604519165000e-09 7.925397417870e-01
    -1.795124262570e-06 3.054093103860e-04-5.811918526890e-06 6.493427440640e+03
     3.852000000000e+05-2.328306436540e-09 4.375299268210e-01-1.629814505580e-07
     8.513383005150e-02 1.692656250000e+02 3.125970329900e+00-4.662694219930e-09
    -2.442958901900e-10 0.000000000000e+00 7.490000000000e+02 0.000000000000e+00
     2.000000000000e+00 1.000000000000e+00 4.740000036920e-08 4.740000000000e-08
     3.852000000000e+05 1.000000000000e+00                                      
C60 2020 05 14 12 00 00-1.961598172780e-07-6.039613253960e-14 0.000000000000e+00
     1.000000000000e+00-9.773437500000e+01 4.678766317970e-09 1.050003893770e+00
    -3.391411155460e-06 3.061050083490e-04-4.414003342390e-06 6.493431539540e+03
     3.888000000000e+05 1.862645149230e-08 6.446570192270e-01-1.741573214530e-07
     9.798783143790e-02 1.288906250000e+02 2.924025624790e+00-3.759442310150e-09
    -2.803688213440e-10 0.000000000000e+00 7.490000000000e+02 0.000000000000e+00
     2.000000000000e+00 1.000000000000e+00 4.740000036920e-08 4.740000000000e-08
     3.888000000000e+05 1.000000000000e+00                                      
C60 2020 05 14 13 00 00-1.962762326000e-07-4.618527782440e-14 0.000000000000e+00
     1.000000000000e+00-1.498593750000e+02 3.987666102300e-09 1.316459457720e+00
    -5.124136805530e-06 3.059831215070e-04-3.038905560970e-06 6.493428634640e+03
     3.924000000000e+05 4.190951585770e-08 8.347786369320e-01-1.615844666960e-07
     1.095928986980e-01 9.021875000000e+01 2.729936639080e+00-3.046555472690e-09
    -3.028697585980e-10 0.000000000000e+00 7.490000000000e+02 0.000000000000e+00
     2.000000000000e+00 1.000000000000e+00 4.740000036920e-08 4.740000000000e-08
     3.924000000000e+05 1.000000000000e+00                                      
C60 2020 05 14 14 00 00-1.963926479220e-07-4.618527782440e-14 0.000000000000e+00
     1.000000000000e+00-2.024218750000e+02 3.433357298830e-09 1.590424026560e+00
    -6.815884262320e-06 3.064849879590e-04-1.776963472370e-06 6.493420110700e+03
     3.960000000000e+05 4.842877388000e-08 1.014176737420e+00-1.341104507450e-07
     1.196229430040e-01 5.539062500000e+01 2.538906634100e+00-2.434744274010e-09
    -3.214419607760e-10 0.000000000000e+00 7.490000000000e+02 0.000000000000e+00
     2.000000000000e+00 1.000000000000e+00 4.740000036920e-08 4.740000000000e-08
     3.973800000000e+05 2.000000000000e+00                                      
C60 2020 05 14 15 00 00-1.954613253470e-07 6.217248937900e-15 0.000000000000e+00
     1.000000000000e+00-2.415625000000e+02 2.952622988600e-09 1.866036650160e+00
    -8.029863238330e-06 3.082322655250e-04-4.614703357220e-07 6.493409547810e+03
     3.996000000000e+05 3.399327397350e-08 1.186627720840e+00-1.038424670700e-07
     1.278319805320e-01 1.860937500000e+01 2.353033593820e+00-1.883292732420e-09
    -3.407284784230e-10 0.000000000000e+00 7.490000000000e+02 0.000000000000e+00
     2.000000000000e+00 1.000000000000e+00 4.740000036920e-08 4.740000000000e-08
     3.996000000000e+05 3.000000000000e+00                                      
C60 2020 05 14 16 00 00-1.960434019570e-07 8.171241461240e-14 0.000000000000e+00
     1.000000000000e+00-2.536562500000e+02 2.494746773360e-09 2.136908013310e+00
    -8.341390639540e-06 3.102971240880e-04 1.270789653060e-06 6.493401588440e+03
     4.032000000000e+05 3.725290298460e-09 1.354578292790e+00-8.195638656620e-08
     1.340342675000e-01-3.207812500000e+01 2.176282980060e+00-1.370414226110e-09
    -3.625151002090e-10 0.000000000000e+00 7.490000000000e+02 0.000000000000e+00
     2.000000000000e+00 1.000000000000e+00 4.740000036920e-08 4.740000000000e-08
     4.032000000000e+05 1.000000000000e+00                                      
C60 2020 05 14 17 00 00-1.961598172780e-07 2.398081733190e-14 0.000000000000e+00
     1.000000000000e+00-2.325156250000e+02 2.016512567270e-09 2.400601949270e+00
    -7.566995918750e-06 3.107283264400e-04 3.747642040250e-06 6.493400236130e+03
     4.068000000000e+05-3.445893526080e-08 1.519745980550e+00-7.171183824540e-08
     1.380960010300e-01-1.075312500000e+02 2.009403919530e+00-8.793223415910e-10
    -3.868018261340e-10 0.000000000000e+00 7.490000000000e+02 0.000000000000e+00
     2.000000000000e+00 1.000000000000e+00 4.740000036920e-08 4.740000000000e-08
     4.068000000000e+05 1.000000000000e+00                                      
C60 2020 05 14 18 00 00-1.962762326000e-07 6.217248937900e-15 0.000000000000e+00
     1.000000000000e+00-1.813125000000e+02 1.498633852690e-09 2.660130095790e+00
    -5.822628736500e-06 3.081433242190e-04 6.909016519780e-06 6.493406848910e+03
     4.104000000000e+05-6.519258022310e-08 1.683450957960e+00-5.261972546580e-08
     1.399319178690e-01-2.064843750000e+02 1.848100557670e+00-4.018024509710e-10
    -4.035882396420e-10 0.000000000000e+00 7.490000000000e+02 0.000000000000e+00
     2.000000000000e+00 1.000000000000e+00 4.740000036920e-08 4.740000000000e-08
     4.116000000000e+05 1.000000000000e+00                                      
C60 2020 05 14 19 00 00-1.963926479220e-07-1.687538997430e-14 0.000000000000e+00
     1.000000000000e+00-1.071562500000e+02 9.439678914800e-10 2.921070028490e+00
    -3.347638994460e-06 3.031211672350e-04 1.011276617650e-05 6.493418996810e+03
     4.140000000000e+05-8.055940270420e-08 1.846822694340e+00-4.190951585770e-08
     1.395040786990e-01-3.088125000000e+02 1.685705090900e+00 7.464596644700e-11
    -4.182317067440e-10 0.000000000000e+00 7.490000000000e+02 0.000000000000e+00
     2.000000000000e+00 1.000000000000e+00 4.740000036920e-08 4.740000000000e-08
     4.140000000000e+05 1.000000000000e+00                                      
C60 2020 05 14 20 00 00-1.963926479220e-07-1.509903313490e-14 0.000000000000e+00
     1.000000000000e+00-1.303125000000e+01 3.693010971590e-10-3.096994658210e+00
    -2.528540790080e-07 2.982389414680e-04 1.226831227540e-05 6.493430898670e+03
     4.176000000000e+05-8.475035429000e-08 2.010947365400e+00-1.676380634310e-08
     1.368213619700e-01-3.795000000000e+02 1.518402686740e+00 5.718095324480e-10
    -4.182317067440e-10 0.000000000000e+00 7.490000000000e+02 0.000000000000e+00
     2.000000000000e+00 1.000000000000e+00 4.740000036920e-08 4.740000000000e-08
     4.176000000000e+05 1.000000000000e+00                                      
C60 2020 05 14 21 00 00-1.965090632440e-07-1.243449787580e-14 0.000000000000e+00
     1.000000000000e+00 1.036406250000e+02-2.103659054410e-10-2.831719275630e+00
     3.518536686900e-06 2.963128499690e-04 1.232977956530e-05 6.493435932160e+03
     4.212000000000e+05-9.033828973770e-08 2.177006651990e+00 3.632158041000e-08
     1.319396496900e-01-3.842500000000e+02 1.349076670440e+00 1.120403812170e-09
    -3.943021385520e-10 0.000000000000e+00 7.490000000000e+02 0.000000000000e+00
     2.000000000000e+00 1.000000000000e+00 4.740000036920e-08 4.740000000000e-08
     4.244100000000e+05 1.000000000000e+00                                      
C60 2020 05 14 22 00 00-1.966254785660e-07-3.019806626980e-14 0.000000000000e+00
     1.000000000000e+00 2.388593750000e+02-8.039620596750e-10-2.573574544900e+00
     7.817987352610e-06 2.978029660880e-04 9.936746209860e-06 6.493431169510e+03
     4.248000000000e+05-1.024454832080e-07 2.346442507110e+00 1.015141606330e-07
     1.249624535530e-01-3.106875000000e+02 1.183606130840e+00 1.752573001700e-09
    -3.453715289680e-10 0.000000000000e+00 7.490000000000e+02 0.000000000000e+00
     2.000000000000e+00 1.000000000000e+00 4.740000036920e-08 4.740000000000e-08
     4.248000000000e+05 1.000000000000e+00                                      
C60 2020 05 14 23 00 00-1.969747245310e-07-5.417888360170e-14 0.000000000000e+00
     1.000000000000e+00 3.650781250000e+02-1.450417558570e-09-2.323147286350e+00
     1.178635284300e-05 3.004049649460e-04 5.611218512060e-06 6.493420438770e+03
     4.284000000000e+05-1.038424670700e-07 2.521199590700e+00 1.559965312480e-07
     1.160427801620e-01-1.755312500000e+02 1.020662638860e+00 2.478674675320e-09
    -2.767972440020e-10 0.000000000000e+00 7.490000000000e+02 0.000000000000e+00
     2.000000000000e+00 1.000000000000e+00 4.740000036920e-08 4.740000000000e-08
     4.284000000000e+05 1.000000000000e+00                                      
